alert_id,state_id,district_id,prediction_id,alert_type,issued_datetime,valid_from,valid_until,severity_level,population_notified,evacuations_triggered,status,dissemination_channels,language,delivery_success_rate
1,5,41,1512,Emergency,2019-08-03 02:00:58,2018-04-01 16:44:00,2024-04-09 23:39:42,Red,322068,12931,Superseded,All,Assamese,0.57
2,5,46,1760,Drill,2019-10-02 08:24:11,2024-11-17 15:15:49,2024-10-09 02:39:45,Orange,32901,37837,Active,All,Hindi,0.56
3,2,13,3749,Drill,2018-12-21 01:05:54,2022-03-01 18:34:14,2022-06-28 13:17:00,Orange,335176,20539,Superseded,All,Assamese,0.71
4,3,23,2884,Drill,2021-11-23 12:33:34,2024-01-03 10:18:27,2024-10-23 10:03:39,Yellow,156046,40270,Active,Push Notification,Bengali,0.38
5,2,20,959,Drill,2019-07-23 16:47:19,2019-03-16 04:27:25,2022-05-07 01:51:46,Orange,203766,27409,Expired,All,Assamese,0.6
6,3,32,4403,All Clear,2023-11-25 10:06:23,2019-06-03 10:23:42,2022-03-02 06:21:21,Yellow,151532,9194,Expired,Radio,Mizo,0.62
7,1,4,2942,Watch,2018-01-30 18:35:35,2019-08-30 05:50:04,2024-12-07 18:54:22,Red,201397,36803,Superseded,Siren,Khasi,0.64
8,5,46,3637,Early Warning,2022-02-27 08:04:37,2022-10-23 15:06:56,2018-04-06 21:08:27,Yellow,417370,49876,Expired,Radio,English,0.49
9,4,35,2365,All Clear,2019-06-07 14:34:12,2024-04-25 22:10:25,2024-07-28 05:19:36,Red,401662,32460,Active,All,English,0.49
10,4,35,3006,Drill,2022-08-12 01:41:00,2021-10-03 06:40:39,2022-08-25 11:03:10,Green,114678,27862,Active,Push Notification,Bengali,0.91
11,1,3,3685,Early Warning,2020-03-27 12:55:24,2021-09-26 03:25:28,2018-12-31 16:56:11,Orange,406754,15528,Expired,All,Khasi,0.55
12,5,46,5000,Watch,2023-05-20 22:47:52,2023-03-30 07:33:48,2019-03-09 14:06:40,Red,411587,13541,Expired,SMS,Manipuri,0.55
13,2,18,4890,Advisory,2022-08-01 21:29:41,2023-12-28 10:03:12,2020-06-28 04:25:28,Yellow,151793,37534,Cancelled,All,Khasi,0.87
14,1,9,3372,Drill,2018-07-04 04:40:33,2019-01-30 05:28:02,2023-12-20 06:09:09,Orange,454174,8696,Expired,Push Notification,Khasi,0.53
15,2,16,3218,All Clear,2022-03-01 16:41:17,2023-05-19 19:18:34,2020-04-14 21:00:10,Yellow,329254,27146,Superseded,Siren,English,0.74
16,7,57,763,Drill,2021-06-05 14:43:51,2021-02-20 15:56:28,2021-11-13 16:33:52,Orange,498306,31984,Cancelled,All,English,0.91
17,7,55,764,Drill,2024-03-20 22:14:06,2023-08-26 10:09:08,2023-12-07 09:38:04,Red,187911,4150,Superseded,Push Notification,Assamese,0.88
18,3,32,2200,Advisory,2020-09-30 02:34:12,2022-08-28 10:25:52,2022-12-01 13:51:21,Orange,68568,37102,Superseded,Radio,Khasi,0.83
19,1,3,816,Early Warning,2023-04-30 11:19:45,2019-01-21 23:47:42,2019-05-06 20:06:17,Red,231460,29918,Active,Siren,Hindi,1.0
20,8,59,1081,Watch,2023-07-13 11:18:14,2020-05-01 08:22:19,2018-10-17 23:56:01,Orange,343292,23621,Cancelled,SMS,Bengali,0.77
21,5,42,1356,Drill,2018-06-10 21:32:20,2020-08-07 04:25:12,2024-03-05 13:36:56,Red,366808,49494,Expired,Siren,Khasi,0.36
22,1,7,9,Early Warning,2019-10-26 01:50:10,2019-02-17 06:48:48,2023-01-19 11:57:07,Red,118689,34042,Superseded,SMS,English,0.79
23,6,53,988,Emergency,2021-08-05 02:00:32,2018-08-09 01:20:29,2019-12-13 07:30:56,Yellow,200938,5854,Active,SMS,Bengali,0.56
24,2,20,1124,Drill,2021-04-04 01:44:59,2023-10-05 19:00:01,2019-03-20 19:53:48,Yellow,35967,34767,Active,All,Khasi,0.41
25,3,23,1746,Emergency,2023-05-06 09:02:31,2023-03-30 01:57:24,2023-11-04 02:05:03,Yellow,232036,14237,Active,SMS,Hindi,0.83
26,4,38,3146,Advisory,2020-12-28 04:23:49,2024-09-23 18:57:04,2019-03-11 10:29:40,Red,130011,18151,Active,Push Notification,Manipuri,0.72
27,6,47,4978,Drill,2020-06-04 05:14:07,2020-07-26 04:36:17,2019-10-01 07:08:35,Green,271549,39775,Expired,Siren,Bengali,0.75
28,6,51,1961,Early Warning,2022-03-18 13:30:10,2020-01-20 00:21:30,2022-04-02 03:34:26,Red,334638,38923,Active,All,English,0.99
29,8,60,2593,All Clear,2019-02-15 01:21:25,2021-07-31 13:51:34,2021-02-09 07:07:41,Red,286548,44757,Expired,Siren,Mizo,0.35
30,4,38,554,Watch,2018-02-12 20:30:44,2018-05-04 17:42:21,2018-07-07 20:53:04,Orange,497481,26081,Cancelled,All,Mizo,0.59
31,5,45,3296,Advisory,2018-09-14 02:15:47,2018-09-17 17:26:59,2020-08-20 20:19:57,Yellow,41530,33508,Expired,Push Notification,Manipuri,0.53
32,4,38,542,Drill,2020-08-21 15:54:48,2020-01-12 10:05:37,2018-06-29 21:46:49,Red,128277,5650,Superseded,SMS,Assamese,0.73
33,1,4,2534,Early Warning,2023-09-01 10:29:35,2018-02-09 08:22:07,2024-01-09 08:53:42,Yellow,72038,45973,Active,Push Notification,Assamese,0.97
34,4,34,4238,Watch,2024-08-29 15:44:59,2021-03-01 08:35:41,2019-01-30 08:37:55,Orange,393198,17613,Active,SMS,Bengali,0.86
35,2,18,4292,Drill,2018-07-18 10:38:26,2022-11-27 14:15:54,2023-05-04 16:14:22,Orange,40506,32515,Superseded,All,Bengali,0.34
36,7,55,4644,Watch,2019-06-03 11:34:43,2020-03-03 14:50:01,2024-07-30 15:35:11,Orange,54051,37611,Active,Push Notification,Khasi,0.66
37,1,3,101,Emergency,2020-01-30 19:04:40,2021-02-04 20:03:16,2021-04-04 21:01:09,Green,482563,9835,Expired,SMS,Manipuri,0.86
38,5,46,3436,Watch,2019-11-29 13:04:31,2021-07-17 06:20:28,2024-02-16 20:33:36,Orange,167838,17777,Active,All,Bengali,0.38
39,5,44,432,All Clear,2019-07-12 04:53:03,2018-05-23 16:41:02,2021-05-30 15:07:25,Yellow,36237,30480,Cancelled,Radio,Bengali,0.36
40,3,30,66,Advisory,2021-02-20 04:37:16,2022-10-18 16:28:38,2024-09-03 09:05:53,Yellow,159436,48468,Expired,Siren,Bengali,0.71
41,3,32,1601,Watch,2024-03-25 16:25:29,2018-01-20 19:34:08,2021-06-27 22:30:30,Yellow,12635,15269,Cancelled,SMS,Bengali,0.3
42,5,43,3083,Early Warning,2024-04-12 03:25:55,2019-09-30 12:24:04,2022-07-05 01:49:52,Orange,124968,27513,Superseded,SMS,Hindi,0.8
43,1,6,360,Drill,2019-12-21 03:50:44,2021-03-03 07:00:53,2021-11-25 09:06:28,Red,392214,5564,Active,All,Hindi,0.75
44,3,26,614,Emergency,2023-01-13 22:56:49,2023-08-21 03:23:56,2019-02-11 02:18:59,Green,124236,19115,Cancelled,Radio,Mizo,0.58
45,6,54,2673,Advisory,2020-09-15 04:06:08,2019-12-27 19:18:56,2018-08-21 01:05:54,Red,494794,13284,Expired,All,English,0.41
46,1,11,3683,Emergency,2021-12-18 23:35:17,2019-01-11 02:47:00,2022-07-24 01:25:51,Orange,187945,13607,Superseded,Radio,Assamese,0.49
47,1,8,741,Drill,2019-05-05 16:39:15,2023-12-06 02:59:18,2023-02-18 09:29:39,Orange,21244,14091,Cancelled,Push Notification,English,0.8
48,8,62,2915,Drill,2021-05-16 02:07:42,2020-07-17 11:10:43,2020-03-19 07:26:31,Green,430063,11394,Active,Siren,Mizo,0.62
49,6,48,4507,Emergency,2020-02-16 06:21:45,2018-11-13 14:45:44,2024-11-02 14:53:10,Green,416284,9161,Active,SMS,English,0.88
50,2,15,1071,Advisory,2019-09-08 13:52:10,2023-11-03 05:08:16,2023-05-13 06:23:29,Red,491659,42250,Active,All,Manipuri,0.48
51,6,53,615,Watch,2018-03-09 17:32:20,2023-07-01 00:16:27,2021-10-09 16:38:09,Green,424405,8440,Active,Radio,English,0.33
52,3,30,415,Drill,2019-06-06 22:10:58,2021-05-12 05:14:13,2022-03-22 09:51:55,Red,15557,25082,Superseded,Push Notification,Bengali,0.45
53,1,12,2253,Watch,2020-05-19 11:28:04,2018-04-18 15:38:58,2023-03-23 23:06:18,Red,324726,40434,Expired,Radio,Assamese,0.59
54,4,36,3925,Advisory,2018-07-09 10:55:44,2021-04-04 23:41:21,2019-03-03 09:03:32,Green,219899,13071,Expired,All,Mizo,0.31
55,3,25,2942,Advisory,2022-01-30 07:51:51,2022-10-24 10:00:14,2022-04-10 21:09:23,Red,168713,25452,Cancelled,Push Notification,English,0.52
56,2,15,241,Early Warning,2024-11-23 17:22:49,2024-11-17 09:36:12,2022-01-05 11:20:13,Orange,277674,23424,Expired,Push Notification,English,0.47
57,2,16,2184,Watch,2022-07-17 02:46:40,2022-11-24 14:42:53,2024-10-13 09:45:33,Green,203745,23252,Expired,Push Notification,Hindi,0.71
58,6,52,2940,Drill,2023-01-12 22:05:49,2023-12-17 13:35:59,2020-12-28 15:19:17,Green,496893,37201,Expired,All,Hindi,0.89
59,6,52,4033,Watch,2022-08-12 07:44:25,2022-03-04 17:35:25,2018-04-28 22:46:55,Orange,47420,3681,Expired,All,Hindi,0.31
60,3,31,6,Watch,2020-10-27 15:52:44,2020-11-24 16:50:09,2024-02-06 10:44:40,Yellow,93140,21206,Active,SMS,Hindi,0.71
61,8,59,1161,All Clear,2024-08-02 20:57:05,2021-02-07 16:09:32,2018-08-14 08:20:54,Green,195969,46172,Superseded,All,English,0.54
62,2,21,1118,Drill,2019-05-05 08:20:26,2022-02-22 16:15:59,2023-07-10 22:23:21,Red,166447,11416,Cancelled,Push Notification,Khasi,0.71
63,1,12,3100,Watch,2020-08-11 06:23:52,2019-07-07 02:53:24,2024-03-14 09:34:30,Orange,1042,46006,Superseded,All,English,0.43
64,2,21,1810,Emergency,2023-06-11 07:31:12,2019-03-13 23:07:46,2020-10-25 21:42:27,Green,390874,5099,Expired,Radio,Bengali,0.42
65,7,57,727,Emergency,2024-12-27 19:32:41,2018-02-05 09:43:09,2020-04-03 23:40:22,Orange,110034,16353,Active,Radio,Bengali,0.85
66,6,47,11,Emergency,2018-05-30 14:08:04,2024-03-26 01:27:32,2021-07-27 19:36:44,Red,87309,27133,Superseded,Siren,Bengali,0.68
67,1,7,3928,Watch,2024-09-16 11:58:14,2021-11-03 02:25:44,2018-08-18 00:10:13,Yellow,419108,2189,Cancelled,SMS,Bengali,0.48
68,1,7,608,Emergency,2020-11-27 23:04:01,2019-05-15 21:54:31,2024-03-24 04:45:51,Yellow,39422,35851,Active,Radio,Manipuri,0.99
69,7,58,3955,Emergency,2023-12-29 19:40:27,2023-07-24 18:34:17,2019-05-28 15:04:56,Green,318509,28455,Expired,SMS,English,0.53
70,2,13,3353,Drill,2023-12-07 02:45:15,2020-05-24 15:52:54,2020-07-12 23:47:59,Orange,124643,6285,Active,Siren,Manipuri,0.68
71,3,32,1259,Early Warning,2018-06-19 08:10:35,2021-08-21 12:36:41,2018-09-30 06:02:38,Orange,154528,43386,Superseded,Push Notification,English,0.32
72,1,11,2391,Early Warning,2018-09-12 13:35:53,2020-08-16 00:29:44,2024-09-04 12:38:21,Red,208487,30863,Superseded,Radio,English,0.75
73,3,25,1515,Advisory,2021-02-26 17:17:42,2019-08-03 16:37:56,2021-10-16 23:24:49,Red,23492,17255,Superseded,Siren,Bengali,0.46
74,2,18,4623,Drill,2018-07-11 12:09:53,2023-09-05 18:03:21,2018-10-28 10:40:13,Yellow,45035,43787,Cancelled,All,Assamese,0.98
75,4,38,1864,Emergency,2022-09-16 23:33:01,2024-12-17 16:42:56,2022-06-12 14:33:31,Green,219583,35095,Superseded,All,Hindi,0.63
76,1,6,3235,All Clear,2024-01-29 06:29:36,2022-11-10 17:14:42,2022-05-25 16:41:52,Green,419766,37452,Expired,SMS,Mizo,0.61
77,8,61,1370,Watch,2019-10-21 07:40:31,2018-05-13 14:08:44,2021-08-08 09:07:14,Yellow,41187,44769,Superseded,Push Notification,Mizo,0.74
78,6,54,4875,Drill,2020-03-12 05:24:03,2024-11-13 07:54:26,2018-07-28 04:46:24,Orange,45727,25434,Superseded,All,Bengali,0.9
79,4,34,3754,Early Warning,2018-02-08 09:54:41,2021-07-11 15:03:54,2019-04-10 22:08:25,Red,77799,37132,Active,SMS,Manipuri,0.85
80,6,51,2344,Emergency,2022-07-23 03:43:36,2020-03-31 15:27:16,2021-04-05 01:47:28,Orange,343397,31823,Superseded,SMS,Hindi,0.49
81,1,10,4987,Early Warning,2023-10-17 05:05:11,2021-05-14 16:26:45,2020-10-26 21:59:22,Red,362128,15569,Active,Siren,Bengali,0.93
82,1,2,2768,Advisory,2024-12-14 12:42:43,2020-05-21 00:09:41,2022-03-08 09:47:07,Orange,450062,45625,Active,Push Notification,Hindi,0.51
83,6,48,3630,Advisory,2024-08-01 19:55:36,2024-03-14 07:13:22,2021-07-18 20:49:37,Orange,317283,42307,Active,Push Notification,Assamese,0.45
84,6,53,3336,All Clear,2024-04-21 00:50:55,2021-03-07 16:45:56,2024-12-25 19:29:38,Red,29568,33768,Expired,SMS,Bengali,0.8
85,3,26,1112,Watch,2024-08-21 23:31:22,2019-08-22 21:29:03,2019-09-16 15:16:23,Green,438916,3776,Expired,SMS,Assamese,0.34
86,3,24,1632,Emergency,2020-05-01 05:14:34,2022-04-19 08:57:09,2021-05-18 06:09:41,Orange,333237,8118,Active,Push Notification,Bengali,0.64
87,3,29,1455,Advisory,2022-01-14 11:25:12,2019-05-24 00:27:31,2020-03-14 15:04:54,Orange,392771,45144,Active,Radio,English,0.57
88,1,11,4688,Watch,2024-08-19 20:20:56,2023-07-05 08:08:37,2019-12-01 09:34:12,Yellow,355407,13548,Cancelled,Siren,Manipuri,0.31
89,6,50,73,Drill,2022-01-12 23:14:58,2019-06-23 02:46:36,2023-02-11 16:23:32,Yellow,419983,554,Expired,Radio,Manipuri,0.86
90,2,20,2256,Advisory,2021-08-09 17:19:30,2021-11-27 01:22:22,2020-02-22 22:23:09,Red,114504,30585,Cancelled,All,Mizo,0.74
91,4,38,839,All Clear,2018-01-23 19:52:29,2023-07-05 05:19:37,2023-01-19 18:53:22,Orange,319417,18525,Cancelled,SMS,Assamese,0.34
92,2,18,2664,Drill,2020-05-10 06:02:12,2024-01-19 06:59:40,2023-07-18 00:51:39,Orange,156752,12344,Expired,All,Mizo,0.47
93,1,4,4916,Drill,2021-06-09 11:45:45,2019-03-11 17:54:00,2024-02-19 22:46:24,Orange,13445,42952,Superseded,Radio,Bengali,0.93
94,3,26,3181,All Clear,2024-04-07 22:43:37,2024-01-09 21:26:52,2022-11-13 06:34:30,Green,427926,12446,Cancelled,Push Notification,Khasi,0.67
95,6,51,3898,All Clear,2023-09-19 10:08:40,2020-07-21 16:08:54,2019-06-13 03:07:27,Orange,440836,43097,Expired,Radio,English,0.63
96,6,48,2119,Drill,2024-03-03 01:50:05,2020-11-08 18:34:12,2023-07-27 06:11:03,Yellow,46918,14565,Cancelled,Push Notification,Khasi,0.91
97,3,27,2715,All Clear,2021-02-28 18:39:02,2020-07-02 14:02:27,2021-12-11 20:29:55,Orange,446381,7718,Superseded,SMS,Mizo,0.74
98,4,38,584,All Clear,2022-01-07 03:15:05,2019-01-08 06:07:25,2023-10-16 20:30:14,Yellow,200204,34723,Cancelled,Siren,English,0.91
99,1,10,1126,Emergency,2019-09-15 07:11:47,2022-11-05 01:48:31,2021-11-22 14:59:56,Orange,75190,20734,Expired,SMS,Assamese,0.53
100,1,12,2568,Early Warning,2023-05-26 07:40:21,2021-11-05 11:31:54,2020-04-29 19:42:56,Green,109876,49885,Expired,All,Mizo,0.41
101,6,51,722,Drill,2019-02-07 01:12:27,2021-08-27 03:06:34,2021-06-07 07:11:53,Red,225032,31286,Superseded,SMS,English,0.67
102,6,47,3057,All Clear,2018-02-13 17:39:57,2019-08-16 02:25:47,2018-02-25 15:55:23,Orange,354910,270,Expired,Push Notification,Khasi,0.91
103,2,20,1057,All Clear,2018-11-16 02:28:48,2023-01-03 22:28:04,2020-08-09 01:35:45,Red,87666,4278,Active,Radio,Bengali,0.62
104,4,34,4886,Emergency,2022-06-17 09:02:39,2023-11-04 18:02:23,2019-02-20 16:03:47,Orange,179790,32124,Cancelled,Push Notification,Hindi,0.96
105,8,59,3305,Watch,2018-03-01 10:02:37,2024-03-09 05:38:14,2019-02-12 15:24:43,Yellow,110824,48108,Active,All,Manipuri,0.42
106,3,24,307,All Clear,2021-03-11 16:22:31,2023-04-21 00:17:49,2018-05-31 22:54:22,Orange,311487,3143,Active,SMS,English,0.78
107,3,27,3640,All Clear,2021-03-27 09:46:32,2020-02-25 05:31:59,2022-01-13 21:33:16,Green,368081,10035,Expired,SMS,Bengali,0.59
108,1,7,4263,Emergency,2020-04-18 18:57:19,2018-11-22 22:58:20,2022-05-09 10:31:34,Yellow,376940,40481,Active,Radio,English,0.85
109,3,32,1628,Advisory,2023-03-08 02:27:58,2022-06-14 08:36:02,2019-09-19 13:50:34,Yellow,187754,46100,Superseded,Radio,Hindi,0.33
110,3,32,1702,Advisory,2023-11-09 04:12:10,2019-12-30 13:58:49,2018-01-09 12:09:36,Red,6784,44016,Active,SMS,Mizo,0.7
111,3,32,1222,Drill,2018-10-07 21:03:03,2024-02-27 01:45:20,2018-11-11 16:45:55,Green,474464,16770,Expired,Siren,Bengali,0.48
112,1,4,818,Early Warning,2024-12-01 10:58:39,2020-06-21 18:15:33,2021-01-24 03:33:07,Yellow,420367,44352,Cancelled,Siren,Khasi,0.38
113,7,55,376,Drill,2018-01-31 01:13:14,2023-07-04 18:37:39,2019-06-14 18:19:01,Yellow,172412,23430,Superseded,All,Bengali,0.91
114,1,6,3053,Watch,2024-12-07 00:08:30,2018-12-20 15:55:45,2021-05-30 04:08:15,Orange,209946,29919,Cancelled,Siren,Khasi,0.9
115,6,52,3455,Early Warning,2023-07-09 21:30:00,2019-02-16 16:46:45,2023-12-03 22:11:17,Yellow,380948,3843,Expired,SMS,Assamese,0.94
116,3,31,4661,Watch,2023-10-09 16:39:30,2023-03-15 07:33:30,2021-03-25 20:16:12,Red,408606,23501,Active,Push Notification,Assamese,0.94
117,1,8,3370,Early Warning,2021-10-01 04:04:12,2020-03-23 19:16:09,2023-07-28 22:22:08,Green,164851,810,Expired,Radio,Manipuri,0.67
118,5,45,781,Emergency,2021-09-06 19:28:45,2020-12-10 04:57:01,2023-08-25 01:51:09,Yellow,354673,42035,Superseded,Push Notification,Mizo,0.88
119,7,58,448,All Clear,2018-02-06 04:18:14,2021-12-29 00:43:09,2022-03-21 12:07:54,Yellow,455924,10839,Active,Siren,Bengali,0.47
120,2,18,413,All Clear,2022-04-24 23:23:26,2023-06-22 17:12:56,2021-03-22 09:15:55,Yellow,211533,15400,Active,Siren,Assamese,0.86
121,3,29,722,Advisory,2022-03-29 15:35:03,2019-01-04 19:25:26,2022-03-26 06:50:40,Red,390819,42819,Active,SMS,Assamese,0.59
122,4,36,4499,All Clear,2018-01-01 12:39:17,2023-04-08 08:55:05,2023-06-04 18:17:16,Green,159797,33314,Expired,Siren,Bengali,0.55
123,1,4,1827,All Clear,2021-11-12 22:59:32,2024-07-12 06:42:51,2023-04-10 12:30:13,Orange,314647,31007,Cancelled,Siren,English,0.37
124,5,43,1817,Advisory,2018-01-07 19:48:59,2023-05-23 17:12:06,2024-10-21 05:48:55,Orange,153183,35893,Cancelled,SMS,English,0.93
125,3,32,1151,Early Warning,2024-12-28 08:43:55,2020-03-01 01:11:06,2023-03-13 20:24:33,Red,102819,12290,Active,Siren,Hindi,0.62
126,6,51,1562,Early Warning,2024-02-05 23:34:51,2024-06-10 09:08:49,2021-07-11 17:08:57,Orange,24479,41500,Active,Siren,Assamese,0.76
127,8,62,4131,Early Warning,2019-02-23 07:11:18,2022-07-06 18:49:54,2024-04-06 08:05:22,Red,25565,36256,Superseded,All,Assamese,0.95
128,6,50,1452,Drill,2023-11-20 09:40:02,2024-12-07 21:00:37,2019-02-03 20:50:23,Yellow,54392,25389,Cancelled,All,Assamese,0.59
129,4,39,2034,Advisory,2020-04-30 00:47:14,2020-07-02 23:10:08,2021-11-07 22:37:22,Red,422045,8740,Expired,Siren,Manipuri,0.79
130,6,48,4197,Drill,2020-07-17 16:34:43,2024-04-08 05:10:48,2022-09-16 22:01:59,Orange,331755,14243,Expired,Push Notification,Manipuri,0.8
131,5,44,2829,Drill,2023-09-20 23:49:05,2023-07-13 17:57:14,2019-07-07 10:40:33,Yellow,264285,35552,Cancelled,SMS,Mizo,0.55
132,3,31,4775,Drill,2022-11-08 21:52:03,2024-05-12 13:08:01,2022-07-17 18:40:43,Red,150008,27681,Active,All,English,0.32
133,1,10,435,Watch,2023-09-14 09:46:26,2020-04-09 11:20:32,2024-05-19 17:50:56,Green,411945,10547,Cancelled,Radio,Hindi,0.89
134,5,45,2418,Advisory,2019-09-26 19:24:34,2024-12-04 02:11:38,2021-11-07 03:53:32,Green,53829,40377,Expired,All,Assamese,0.47
135,6,51,2357,Emergency,2023-11-23 21:03:31,2021-04-19 02:10:09,2021-07-18 05:25:47,Green,413297,44901,Cancelled,All,English,0.31
136,2,17,1664,Watch,2023-04-13 00:26:00,2023-05-24 02:41:43,2023-12-30 04:57:05,Red,372106,42443,Cancelled,All,Manipuri,0.82
137,2,13,1586,Watch,2020-07-02 23:28:50,2023-10-22 22:44:01,2018-08-20 08:48:38,Red,98129,11389,Active,Siren,English,0.6
138,4,36,2165,All Clear,2019-02-09 02:27:48,2020-03-03 07:22:57,2018-01-18 12:55:54,Yellow,173410,30561,Expired,SMS,Hindi,0.95
139,4,39,417,Emergency,2024-07-31 16:20:29,2024-09-20 03:49:23,2022-11-15 05:53:28,Orange,288542,23467,Active,Radio,Manipuri,0.45
140,1,12,4265,Emergency,2018-07-31 19:36:21,2022-08-15 06:59:29,2022-07-27 12:18:11,Yellow,211606,6025,Cancelled,Push Notification,Hindi,0.76
141,2,22,2956,All Clear,2020-07-01 02:29:27,2022-07-07 04:51:53,2022-01-15 07:55:05,Yellow,294401,49291,Active,SMS,Khasi,0.54
142,2,16,1998,Emergency,2018-05-04 21:27:47,2024-10-09 17:27:56,2018-12-19 05:46:49,Orange,202410,16815,Cancelled,SMS,Manipuri,0.88
143,3,24,4214,Emergency,2024-10-30 06:21:16,2018-05-17 05:49:00,2020-07-09 23:43:06,Red,471058,42698,Expired,Radio,Manipuri,0.36
144,1,7,1372,Drill,2024-07-30 14:48:28,2018-07-23 09:55:58,2019-10-17 21:00:21,Green,351548,41255,Expired,Siren,Mizo,0.37
145,4,35,3566,Drill,2023-07-02 19:05:38,2023-11-02 11:06:51,2019-04-23 16:46:21,Green,12553,30095,Cancelled,SMS,English,0.35
146,1,12,2064,All Clear,2022-09-30 21:46:28,2024-12-27 16:22:37,2019-12-09 06:29:18,Green,477719,16950,Superseded,Siren,Assamese,0.74
147,3,28,2592,Drill,2018-02-22 11:28:55,2019-01-03 13:31:01,2022-07-20 16:08:29,Red,3192,42036,Active,All,English,0.79
148,1,5,2931,Advisory,2022-04-12 06:14:27,2024-09-10 18:54:45,2023-11-01 22:49:11,Green,158094,39751,Active,Radio,Mizo,0.95
149,3,25,3237,Emergency,2024-12-29 05:53:13,2019-05-01 16:19:22,2022-07-16 10:14:23,Green,115372,8937,Superseded,All,Bengali,0.97
150,1,10,2442,Early Warning,2023-10-06 06:19:53,2022-09-16 17:45:16,2022-09-21 13:00:00,Orange,74220,8076,Active,SMS,Manipuri,0.72
151,4,35,4486,Watch,2018-09-22 11:31:06,2024-05-13 21:02:14,2024-04-22 13:03:49,Orange,473818,47575,Cancelled,Push Notification,Assamese,0.93
152,7,55,4199,Watch,2019-03-19 14:13:24,2019-11-17 23:08:39,2023-04-01 14:16:24,Yellow,437748,16563,Expired,SMS,Hindi,0.77
153,4,37,446,Drill,2024-05-22 09:44:11,2022-09-04 17:57:51,2018-08-16 06:03:17,Red,152485,44019,Active,Radio,English,0.44
154,4,38,3992,Watch,2020-10-24 22:02:00,2023-09-17 15:25:31,2023-07-30 11:36:28,Orange,123062,6556,Cancelled,All,English,0.93
155,2,21,3981,All Clear,2021-11-01 02:35:59,2023-08-11 18:05:12,2020-08-07 16:48:59,Orange,363671,38284,Expired,All,Manipuri,0.56
156,2,21,3509,Advisory,2019-06-08 22:40:24,2020-02-04 20:08:55,2024-09-06 23:03:51,Green,116243,46674,Superseded,Radio,Mizo,0.55
157,5,44,2717,Emergency,2022-01-31 03:57:42,2021-01-19 13:42:44,2024-08-04 02:48:42,Red,160255,31914,Active,Push Notification,Khasi,0.72
158,6,54,2299,Advisory,2019-03-11 23:16:51,2024-03-29 01:03:03,2023-05-01 20:05:27,Yellow,40188,47672,Active,SMS,Mizo,0.66
159,1,2,4767,All Clear,2022-12-04 13:58:17,2019-10-24 00:35:10,2018-04-24 21:17:32,Red,289294,17079,Superseded,Push Notification,Bengali,0.57
160,7,58,4831,Watch,2024-03-28 01:21:16,2021-12-14 18:37:43,2022-04-06 22:27:07,Orange,267702,5934,Superseded,Radio,Manipuri,0.31
161,2,16,1359,Emergency,2024-06-10 13:22:37,2019-05-10 16:29:02,2019-07-11 14:01:58,Yellow,297034,37081,Expired,Siren,Bengali,0.33
162,6,49,3995,Advisory,2019-12-22 00:31:32,2021-02-21 19:05:02,2019-12-29 01:41:49,Green,22543,43816,Expired,All,Mizo,0.55
163,3,31,3725,Drill,2018-05-25 06:37:40,2020-10-03 20:29:37,2018-11-17 17:00:53,Green,369060,34168,Cancelled,Radio,Manipuri,0.68
164,1,12,3086,Advisory,2023-07-24 21:33:51,2022-12-31 20:30:33,2023-07-23 20:18:12,Red,471029,5101,Cancelled,Siren,Hindi,0.66
165,3,23,2827,All Clear,2022-02-21 15:01:44,2018-01-21 11:57:32,2022-04-09 03:40:38,Red,462539,9107,Superseded,Push Notification,Hindi,0.35
166,5,42,2301,Watch,2019-10-20 03:51:30,2019-05-04 21:24:52,2021-01-30 09:18:01,Yellow,315732,47009,Active,Push Notification,Assamese,0.87
167,6,47,929,Emergency,2022-02-05 00:29:01,2019-10-17 15:13:31,2023-01-10 12:33:45,Red,84639,42418,Superseded,SMS,Hindi,0.33
168,4,37,4853,Drill,2019-05-16 14:39:34,2022-05-12 17:25:09,2018-05-02 18:16:56,Yellow,467134,37504,Expired,SMS,Hindi,0.48
169,1,12,4233,Drill,2021-06-13 17:00:51,2024-03-11 17:41:57,2023-08-18 23:17:16,Green,430699,18576,Active,Push Notification,Assamese,0.72
170,3,31,3946,Emergency,2019-06-14 22:22:52,2023-02-10 17:46:55,2019-03-20 09:23:16,Yellow,416707,38184,Expired,All,Khasi,0.66
171,1,11,2808,Watch,2021-11-09 21:11:04,2021-03-21 01:28:57,2021-04-12 14:07:17,Green,69417,7115,Active,Push Notification,Manipuri,0.9
172,4,33,3439,Watch,2019-04-10 16:05:27,2022-01-18 11:22:40,2023-03-25 22:56:44,Green,314575,2558,Active,SMS,Assamese,0.76
173,7,58,4944,Drill,2022-08-03 12:04:39,2023-07-11 02:13:37,2021-09-02 14:44:06,Green,273801,27569,Cancelled,SMS,Khasi,0.67
174,2,15,3950,Advisory,2024-09-19 01:31:52,2023-01-05 02:36:31,2024-11-04 20:53:34,Red,388803,49908,Active,Siren,Hindi,0.48
175,6,50,1905,All Clear,2018-09-18 09:53:30,2022-08-17 07:31:25,2021-06-23 14:54:24,Orange,135264,12387,Active,SMS,Manipuri,0.67
176,4,34,59,Drill,2021-03-11 04:15:16,2024-11-03 19:59:49,2020-09-08 11:20:20,Yellow,214452,23741,Active,Push Notification,Assamese,0.76
177,2,17,2141,All Clear,2022-07-24 14:52:40,2021-02-10 00:23:59,2023-03-17 01:07:48,Red,144573,44604,Superseded,Push Notification,Assamese,0.69
178,4,36,3953,All Clear,2019-07-10 06:17:57,2022-09-21 01:11:23,2022-02-11 23:46:19,Orange,133152,20096,Cancelled,Siren,Khasi,0.4
179,7,56,976,Emergency,2024-05-12 09:04:04,2024-08-30 00:51:31,2023-12-13 16:26:24,Yellow,497777,10603,Active,Push Notification,Manipuri,0.58
180,2,22,4511,Watch,2023-03-23 17:02:58,2021-04-23 21:40:22,2023-05-30 14:23:50,Green,2873,5969,Expired,Siren,Manipuri,0.6
181,1,5,2156,Early Warning,2019-11-21 00:23:17,2023-03-08 04:29:00,2018-04-28 07:14:31,Orange,379943,25187,Superseded,All,Khasi,0.66
182,5,46,4895,Drill,2018-06-28 12:45:14,2022-03-16 22:46:41,2021-09-25 20:07:42,Yellow,5715,13219,Cancelled,Push Notification,English,0.85
183,4,33,4226,All Clear,2023-12-11 00:11:12,2019-06-11 13:33:37,2023-09-26 02:54:02,Yellow,19006,23575,Expired,SMS,Hindi,0.36
184,2,18,3273,Emergency,2021-01-02 03:06:25,2022-12-26 21:18:16,2019-09-15 08:13:29,Red,271546,1007,Active,SMS,Manipuri,0.5
185,6,54,4581,Advisory,2022-12-17 02:35:29,2024-12-08 17:11:49,2020-05-09 01:55:10,Orange,118744,39738,Expired,Siren,Assamese,0.7
186,2,17,1434,All Clear,2021-06-18 22:09:28,2018-08-13 21:29:21,2022-04-13 07:00:45,Green,154372,22280,Active,All,Bengali,0.91
187,6,53,4710,Emergency,2020-02-17 03:54:04,2022-10-16 16:53:41,2022-02-11 14:03:31,Red,403784,15943,Cancelled,Siren,Khasi,0.62
188,4,38,225,Advisory,2022-02-06 10:18:01,2018-07-29 21:12:39,2021-04-03 22:11:07,Green,332321,14442,Expired,Radio,Assamese,0.97
189,4,34,4389,Watch,2018-01-31 05:00:48,2020-06-11 13:51:50,2018-10-16 23:17:09,Orange,209254,44151,Cancelled,SMS,Manipuri,0.95
190,3,31,2572,All Clear,2021-01-03 09:41:54,2020-04-15 23:44:41,2019-07-22 21:23:46,Yellow,496662,48900,Expired,Siren,Khasi,0.44
191,6,48,1983,Watch,2020-04-04 14:03:33,2019-09-22 23:22:12,2020-02-15 18:38:27,Yellow,438580,40540,Cancelled,Push Notification,Mizo,0.37
192,8,59,643,All Clear,2023-10-01 16:12:15,2018-01-21 13:53:48,2024-07-02 10:10:43,Red,449461,35486,Active,Siren,Bengali,0.73
193,3,32,4707,Watch,2020-05-03 13:34:47,2024-07-02 11:31:44,2022-05-08 00:53:11,Red,147040,26075,Expired,All,Hindi,0.34
194,6,52,3467,All Clear,2022-01-26 02:07:47,2020-12-14 23:44:31,2021-05-08 05:39:40,Green,451197,44979,Expired,Siren,English,0.79
195,3,30,2586,Early Warning,2023-11-12 07:15:49,2023-09-26 08:46:03,2019-10-17 18:50:12,Green,199029,38076,Active,Radio,Bengali,0.73
196,2,17,1534,Watch,2022-09-01 07:51:06,2020-04-17 00:32:01,2022-01-04 10:03:26,Orange,321532,22485,Cancelled,Push Notification,Assamese,0.6
197,3,27,3050,Advisory,2021-02-08 06:11:15,2021-11-01 08:47:23,2019-07-13 21:30:46,Red,299683,8594,Expired,SMS,Khasi,0.49
198,2,16,4550,Watch,2021-09-04 20:33:56,2019-03-30 02:53:49,2024-10-21 15:06:59,Red,387308,9800,Superseded,SMS,Hindi,0.6
199,1,9,4236,Emergency,2022-07-18 00:37:38,2020-07-21 04:10:12,2020-02-19 17:58:48,Orange,294822,37213,Active,Siren,English,0.78
200,1,4,1766,Emergency,2024-12-03 10:40:25,2023-05-11 21:55:50,2018-10-27 04:47:21,Orange,235953,48797,Cancelled,Radio,Bengali,0.55
201,4,36,2112,Emergency,2020-12-05 04:57:32,2019-01-12 16:07:21,2020-12-26 19:12:14,Green,454850,44537,Expired,All,Manipuri,0.75
202,4,35,1430,Advisory,2024-08-21 08:03:48,2020-10-07 00:29:19,2023-09-23 12:53:46,Orange,267719,31948,Superseded,SMS,Assamese,0.73
203,3,30,1187,Emergency,2019-06-05 15:20:15,2023-05-16 07:09:24,2023-03-18 09:09:10,Orange,299802,26527,Active,SMS,Hindi,0.54
204,2,21,2596,Drill,2023-07-22 20:11:09,2020-04-11 00:11:13,2023-02-24 20:46:30,Orange,338079,25916,Cancelled,Siren,Mizo,0.9
205,3,24,4809,Emergency,2022-06-07 11:46:49,2019-06-04 20:08:32,2019-07-26 07:32:54,Red,447953,1513,Expired,Push Notification,Khasi,0.48
206,6,48,656,Emergency,2019-10-17 05:20:54,2018-11-17 00:55:53,2018-10-24 21:00:07,Yellow,33545,31010,Active,SMS,Mizo,0.58
207,6,49,682,All Clear,2018-11-19 21:27:48,2019-04-28 10:05:44,2018-09-19 22:42:12,Orange,343420,25548,Cancelled,Push Notification,Hindi,0.82
208,3,29,1036,Early Warning,2019-02-12 20:43:50,2018-04-20 05:20:43,2023-08-24 13:48:34,Yellow,187187,21312,Superseded,Siren,Mizo,0.68
209,2,18,4494,Drill,2021-10-14 02:02:33,2022-08-03 12:11:45,2019-07-05 00:48:31,Yellow,309865,39163,Superseded,All,Assamese,0.67
210,5,41,4373,Emergency,2020-08-20 02:01:19,2022-08-04 16:34:19,2019-12-07 15:55:27,Orange,421998,5869,Superseded,Radio,Bengali,0.59
211,1,10,2487,All Clear,2018-02-02 19:05:56,2024-12-08 07:07:25,2024-06-13 22:27:27,Green,444668,8932,Cancelled,Radio,Assamese,0.67
212,5,45,4030,Advisory,2024-06-05 04:07:39,2018-01-29 08:58:32,2024-07-07 11:20:48,Red,225772,19196,Expired,SMS,Manipuri,0.56
213,3,27,4593,Watch,2021-09-20 01:00:47,2019-05-23 06:15:20,2024-01-31 05:38:23,Red,386562,42335,Superseded,Siren,Hindi,0.48
214,3,28,1963,Advisory,2022-05-25 01:14:17,2023-07-08 16:27:40,2024-04-27 04:38:39,Orange,278991,17617,Superseded,Push Notification,Mizo,0.35
215,1,9,2373,All Clear,2018-12-09 20:45:56,2021-11-07 16:46:19,2020-04-25 11:47:28,Red,367349,40812,Superseded,Push Notification,Bengali,0.31
216,1,4,4383,Early Warning,2018-03-10 18:11:54,2020-05-26 11:59:04,2020-04-16 08:38:39,Yellow,65656,46871,Superseded,SMS,Hindi,0.36
217,1,1,4044,Emergency,2019-11-06 18:43:03,2020-08-26 00:50:28,2024-09-07 03:55:39,Orange,419248,32662,Cancelled,Siren,Khasi,0.85
218,2,22,658,Early Warning,2024-05-20 22:31:26,2020-04-07 23:56:48,2024-08-06 20:52:22,Yellow,205842,4678,Superseded,Push Notification,Hindi,0.93
219,2,17,3126,Drill,2018-02-09 04:40:45,2020-02-13 11:58:45,2021-04-10 12:36:38,Green,404444,29029,Expired,SMS,Hindi,0.62
220,6,50,770,Emergency,2022-06-08 02:56:57,2021-04-23 23:06:38,2023-10-19 04:01:18,Yellow,163735,21172,Expired,SMS,Khasi,0.96
221,4,34,1001,Drill,2020-02-27 00:22:00,2020-07-17 09:07:07,2019-09-10 09:54:28,Red,189067,3413,Expired,SMS,Hindi,0.74
222,2,21,124,All Clear,2019-06-04 23:17:32,2019-01-07 17:43:12,2021-05-14 17:36:21,Orange,413838,15931,Active,SMS,Manipuri,0.85
223,3,31,4885,Early Warning,2019-04-27 13:02:13,2020-02-12 18:04:33,2019-05-05 22:50:56,Orange,262201,5990,Cancelled,SMS,English,0.55
224,1,10,4394,Watch,2024-09-25 00:00:03,2022-02-24 16:12:06,2019-12-24 21:28:40,Green,166162,36592,Cancelled,Siren,Khasi,0.44
225,5,45,3095,Advisory,2021-01-17 18:54:15,2018-05-03 16:28:45,2022-02-16 18:44:59,Yellow,370575,28672,Cancelled,All,Khasi,0.64
226,4,37,1529,Advisory,2022-08-16 23:17:09,2024-03-25 11:52:55,2021-12-26 06:02:30,Orange,144449,39235,Expired,SMS,Manipuri,0.41
227,2,19,2158,Emergency,2022-08-10 17:04:00,2018-01-03 05:40:26,2024-08-07 16:37:56,Orange,334609,33158,Superseded,Push Notification,English,0.73
228,3,24,1957,Drill,2020-09-23 08:41:05,2022-08-02 11:30:38,2024-12-19 16:46:29,Green,203256,12443,Superseded,All,Hindi,0.73
229,2,21,3358,Early Warning,2023-06-15 05:15:38,2018-10-27 01:23:23,2022-06-14 12:39:34,Orange,345548,4369,Active,Push Notification,Hindi,0.91
230,2,13,877,Early Warning,2022-02-16 23:49:54,2018-04-09 20:27:31,2022-11-10 01:45:15,Yellow,336562,25467,Superseded,All,Manipuri,0.79
231,2,17,403,All Clear,2021-02-12 05:20:09,2024-02-09 06:25:02,2018-08-09 04:44:45,Yellow,6960,13679,Superseded,SMS,Assamese,0.86
232,1,4,2957,Advisory,2022-09-30 16:58:43,2024-10-03 15:32:27,2024-01-11 00:39:06,Red,30666,40431,Cancelled,All,English,0.81
233,6,54,2490,All Clear,2018-08-31 03:16:56,2018-10-29 17:44:11,2018-11-11 11:53:30,Yellow,380298,15139,Superseded,Push Notification,Hindi,0.67
234,2,16,4670,All Clear,2023-04-27 19:36:54,2024-05-16 15:58:48,2022-10-01 02:03:17,Yellow,217776,48896,Active,All,Bengali,0.77
235,5,45,3499,Watch,2018-11-20 10:26:15,2022-09-05 16:23:50,2021-06-01 14:16:23,Yellow,264704,22119,Expired,All,Manipuri,0.61
236,3,23,2582,Advisory,2022-09-06 01:02:14,2021-07-05 02:32:38,2024-07-02 05:42:58,Orange,332100,28219,Cancelled,All,Hindi,0.69
237,2,14,3073,Advisory,2024-07-06 23:20:34,2021-11-06 13:38:52,2021-10-22 08:00:09,Orange,208289,12,Active,Radio,Manipuri,0.31
238,1,9,2473,Watch,2018-01-21 09:48:27,2019-10-30 10:20:59,2020-09-05 08:59:40,Orange,11477,45201,Cancelled,All,Manipuri,0.69
239,8,60,4683,Early Warning,2019-04-26 16:22:15,2021-12-01 07:39:39,2021-01-09 23:36:55,Green,81945,9070,Cancelled,Radio,Manipuri,0.47
240,2,17,2461,All Clear,2018-10-13 12:56:33,2019-11-07 13:17:54,2024-03-31 06:50:17,Red,40575,47420,Cancelled,Siren,Hindi,0.64
241,7,58,4721,All Clear,2024-12-21 03:29:13,2023-06-19 09:58:33,2020-07-22 06:56:40,Green,19693,47893,Superseded,SMS,Mizo,0.34
242,6,50,2740,Emergency,2020-12-16 23:33:22,2019-01-10 12:09:11,2024-07-21 12:26:47,Red,118965,48999,Active,Siren,English,0.51
243,1,3,2616,Advisory,2022-08-05 12:04:42,2022-04-10 21:46:44,2023-12-08 21:24:07,Yellow,115861,10039,Active,Siren,Assamese,0.83
244,4,37,4135,Emergency,2018-10-07 21:04:19,2020-06-19 07:47:19,2024-09-09 03:52:13,Yellow,206838,9700,Expired,Radio,English,0.63
245,6,48,404,Advisory,2022-08-31 01:12:20,2018-09-22 07:56:56,2021-05-23 04:19:47,Red,263199,28474,Expired,Push Notification,Assamese,0.69
246,3,32,3239,All Clear,2023-07-20 11:10:06,2023-03-29 20:03:11,2024-04-04 15:21:48,Yellow,274956,16137,Expired,SMS,Bengali,0.84
247,2,21,4719,Drill,2018-10-06 08:39:41,2021-07-08 22:54:47,2021-08-08 21:28:34,Green,191605,22826,Expired,Radio,Bengali,0.72
248,1,2,2498,All Clear,2019-06-10 20:35:12,2024-12-27 13:44:49,2024-10-30 04:48:36,Orange,231945,40840,Expired,Siren,English,0.95
249,2,15,1636,Watch,2023-10-31 08:05:16,2024-06-12 04:43:33,2024-03-13 07:54:32,Orange,447194,5623,Active,SMS,Hindi,0.96
250,8,60,1210,Early Warning,2024-12-23 01:37:12,2020-12-02 12:10:07,2023-11-26 13:07:17,Orange,421774,7292,Cancelled,Siren,Assamese,0.32
251,2,14,4408,All Clear,2019-10-21 06:34:07,2022-06-14 17:31:54,2024-05-20 06:32:06,Yellow,135711,35966,Superseded,All,Khasi,0.99
252,5,45,151,Advisory,2021-03-16 01:49:42,2019-06-14 03:57:12,2018-07-06 18:07:48,Green,149004,13152,Cancelled,SMS,Assamese,0.76
253,1,1,546,Drill,2021-04-22 11:28:57,2023-08-13 20:39:05,2021-01-24 03:53:09,Orange,453232,7070,Active,Radio,Mizo,0.92
254,3,25,1894,Advisory,2021-03-28 19:08:21,2022-02-14 19:01:45,2023-01-30 03:28:51,Green,278790,5768,Expired,Push Notification,Manipuri,0.98
255,4,36,177,All Clear,2018-05-04 12:09:14,2020-08-05 09:02:38,2020-11-02 08:45:17,Yellow,256965,25781,Expired,SMS,Bengali,0.78
256,3,23,2477,Early Warning,2020-01-04 20:42:12,2023-04-29 06:27:38,2020-03-11 13:57:57,Orange,460779,25373,Active,All,Bengali,0.46
257,2,22,3219,Early Warning,2023-08-04 00:22:57,2024-03-17 16:31:05,2021-04-02 11:25:42,Yellow,273106,44433,Expired,Siren,Hindi,0.7
258,3,28,2560,Emergency,2023-02-24 19:34:33,2022-08-12 15:52:45,2019-02-14 09:38:32,Orange,108500,42760,Expired,All,Manipuri,0.78
259,2,13,1132,Emergency,2020-08-18 00:35:24,2024-07-20 11:05:22,2019-03-27 23:20:49,Yellow,344154,37017,Expired,Radio,English,0.69
260,8,61,970,Watch,2019-07-27 02:07:00,2024-03-08 22:58:46,2018-04-02 14:26:15,Orange,401408,20885,Superseded,Siren,Bengali,0.61
261,8,60,2243,Early Warning,2019-04-18 02:44:20,2019-02-13 16:46:19,2019-07-28 23:41:50,Yellow,13835,49967,Cancelled,All,Manipuri,0.73
262,4,39,1903,Advisory,2019-12-19 10:04:28,2018-09-04 22:07:02,2023-11-08 23:31:58,Green,408953,31234,Expired,All,Mizo,0.72
263,5,46,3064,Emergency,2019-07-26 14:16:49,2022-01-12 04:35:15,2019-03-04 05:41:31,Red,85971,12665,Expired,SMS,Assamese,0.84
264,1,1,2211,Drill,2021-07-07 06:47:41,2023-09-17 18:40:13,2019-09-23 04:22:03,Yellow,397393,13406,Active,Push Notification,Assamese,0.91
265,3,32,2662,Emergency,2021-11-22 13:01:21,2021-06-11 21:03:15,2024-08-08 14:45:52,Yellow,22029,39841,Superseded,Radio,Assamese,0.73
266,6,48,4686,All Clear,2023-01-19 21:22:10,2018-12-06 15:12:48,2021-11-04 02:27:06,Green,239647,2779,Expired,All,Manipuri,0.58
267,6,48,322,All Clear,2022-09-29 17:11:48,2024-07-05 06:27:19,2023-05-14 08:33:50,Red,25945,12442,Cancelled,Siren,Assamese,0.92
268,6,50,2343,Emergency,2021-12-04 08:32:17,2020-07-03 17:31:32,2023-03-20 22:36:19,Yellow,481937,3574,Expired,Siren,Mizo,0.75
269,1,6,4102,All Clear,2018-12-18 14:41:07,2023-12-03 18:01:56,2022-08-25 15:04:01,Yellow,71039,25760,Superseded,Radio,Assamese,0.32
270,3,30,4836,Emergency,2024-01-24 01:52:16,2018-10-08 04:16:59,2020-02-16 23:29:15,Yellow,170008,45332,Expired,SMS,English,0.38
271,3,29,2974,Drill,2018-09-23 00:55:01,2024-09-23 18:12:00,2022-05-09 16:36:57,Red,321002,10479,Superseded,All,Assamese,0.33
272,1,11,2746,Watch,2022-10-23 22:06:28,2019-03-26 06:42:26,2019-07-10 17:16:21,Yellow,403359,46664,Active,Siren,Bengali,0.52
273,6,50,3656,Early Warning,2020-06-16 05:02:14,2019-02-13 18:38:49,2019-09-23 05:43:10,Yellow,1952,40800,Cancelled,SMS,Assamese,0.65
274,3,32,4453,All Clear,2024-11-13 16:10:34,2022-03-14 03:33:04,2020-01-10 01:29:44,Green,113804,38591,Superseded,Siren,Assamese,0.61
275,4,39,4917,All Clear,2018-01-21 10:07:12,2020-05-14 01:36:12,2023-04-10 13:06:19,Yellow,329686,36539,Expired,SMS,Hindi,0.4
276,5,42,2860,Early Warning,2018-04-25 02:07:12,2023-09-04 06:52:01,2022-12-02 01:43:00,Yellow,439460,39536,Cancelled,Radio,English,0.33
277,3,27,1461,All Clear,2019-05-17 06:01:34,2023-08-16 10:06:38,2023-11-19 10:59:32,Orange,367021,38991,Expired,Siren,Khasi,0.71
278,8,60,294,Advisory,2018-10-17 07:59:56,2021-02-19 02:31:40,2021-03-23 07:45:57,Orange,430154,4434,Superseded,All,English,0.5
279,1,9,1000,Advisory,2023-11-29 02:34:45,2022-06-26 11:54:01,2021-07-09 12:01:33,Orange,275165,13752,Expired,All,English,0.38
280,6,47,4334,Drill,2018-09-30 09:07:47,2023-11-10 13:47:04,2023-02-22 23:31:03,Red,489728,46321,Cancelled,Siren,Manipuri,0.89
281,2,17,4305,Watch,2022-11-22 21:44:48,2023-03-24 12:46:50,2022-10-15 01:03:24,Orange,260354,34059,Superseded,Siren,Mizo,0.43
282,5,40,1907,Watch,2024-01-11 12:04:52,2018-01-05 21:52:54,2019-01-03 06:09:47,Orange,12675,30466,Active,Push Notification,Mizo,0.73
283,3,27,3392,Advisory,2018-05-22 08:08:37,2022-10-08 03:36:30,2024-11-09 06:57:38,Orange,334335,13915,Active,Push Notification,Khasi,0.5
284,6,51,556,All Clear,2020-08-14 05:11:05,2022-09-05 18:29:43,2020-10-03 09:30:42,Orange,402245,401,Active,Radio,Bengali,0.58
285,4,37,239,Advisory,2019-06-30 15:51:15,2020-11-15 22:23:52,2023-09-21 07:13:04,Yellow,251290,31096,Active,Push Notification,Assamese,0.41
286,3,30,4399,Emergency,2020-11-07 03:35:12,2024-04-26 03:07:28,2018-06-24 01:19:26,Red,437935,34149,Cancelled,All,Khasi,0.77
287,4,36,4390,All Clear,2018-02-28 03:44:51,2023-10-31 18:05:06,2020-10-27 14:46:58,Yellow,419286,23173,Active,Push Notification,Bengali,0.89
288,2,22,3074,All Clear,2023-05-01 12:02:04,2023-02-25 19:27:06,2021-04-25 08:10:00,Yellow,98340,39006,Active,Radio,Khasi,0.9
289,5,46,260,Early Warning,2020-04-23 12:18:52,2022-03-25 07:03:53,2020-01-09 07:53:25,Red,194916,29616,Cancelled,Push Notification,Manipuri,0.51
290,1,8,3066,Watch,2024-09-04 17:39:56,2018-10-15 17:03:49,2021-10-10 18:11:41,Green,265386,1634,Superseded,All,Hindi,0.43
291,8,60,3961,Advisory,2024-03-25 14:45:51,2019-03-22 04:51:10,2024-07-18 16:41:28,Orange,457173,6439,Expired,Push Notification,Khasi,0.33
292,3,25,4280,Advisory,2018-12-26 21:21:26,2018-05-17 19:06:42,2023-11-05 14:20:04,Green,444761,38947,Active,Radio,Assamese,0.92
293,1,7,4265,Early Warning,2024-07-08 10:32:07,2022-11-30 09:58:56,2024-06-14 13:23:54,Orange,163752,41867,Expired,Radio,Hindi,0.43
294,2,18,4361,Drill,2020-09-18 13:31:59,2019-01-01 12:40:57,2020-04-27 02:34:17,Red,78387,10321,Cancelled,SMS,English,0.97
295,4,36,4212,All Clear,2018-11-15 01:39:19,2020-12-24 09:36:48,2022-09-03 19:40:21,Yellow,167077,17763,Expired,Radio,Manipuri,0.47
296,1,5,2551,All Clear,2023-03-21 08:11:41,2021-10-10 08:45:56,2018-06-07 14:25:06,Orange,68296,1900,Superseded,SMS,English,0.57
297,1,6,3494,Drill,2021-05-02 15:25:54,2023-01-27 02:01:48,2023-01-16 15:06:27,Yellow,330123,45228,Superseded,All,Bengali,0.52
298,6,53,1624,Emergency,2024-01-24 21:34:43,2022-10-31 01:26:20,2019-02-14 11:22:06,Green,48814,45783,Superseded,SMS,Assamese,0.52
299,5,42,3813,Watch,2022-01-01 22:26:36,2019-03-23 12:39:55,2023-04-01 18:32:11,Yellow,135393,23819,Superseded,Push Notification,Khasi,0.94
300,2,22,2661,Early Warning,2021-11-09 07:14:06,2018-07-23 01:58:56,2022-01-16 19:29:56,Red,59285,23032,Superseded,Siren,Mizo,0.42
301,6,50,2856,All Clear,2023-02-21 22:19:49,2018-11-16 19:10:54,2021-06-14 10:08:20,Yellow,428733,46810,Active,Radio,Manipuri,0.75
302,6,51,2475,Emergency,2022-07-14 04:23:18,2023-01-09 17:33:09,2021-07-08 12:27:46,Red,125182,40689,Expired,All,Hindi,0.98
303,3,25,542,Drill,2020-11-24 13:29:20,2023-01-11 01:55:55,2021-09-01 12:45:43,Yellow,411306,28531,Cancelled,All,Khasi,0.47
304,5,43,639,Early Warning,2024-04-16 03:12:08,2023-01-14 18:53:00,2023-01-26 22:36:37,Red,242797,21323,Active,Siren,Hindi,0.52
305,3,26,571,Drill,2023-02-02 17:26:17,2024-12-04 05:12:50,2023-01-27 23:12:38,Green,404506,24832,Cancelled,Siren,Khasi,0.76
306,1,6,1783,All Clear,2024-12-13 10:26:25,2024-06-03 16:01:25,2023-05-31 09:30:03,Yellow,424689,12,Expired,Push Notification,Assamese,0.67
307,3,25,4735,Watch,2021-10-21 06:38:57,2023-10-19 09:34:28,2020-09-10 15:14:12,Yellow,157247,37373,Cancelled,Siren,Khasi,0.99
308,3,23,732,All Clear,2022-12-16 11:16:22,2022-05-05 19:57:46,2021-06-09 19:08:37,Green,444505,8359,Cancelled,SMS,Bengali,0.93
309,8,62,436,Early Warning,2018-01-03 14:52:55,2020-05-26 19:02:46,2018-04-07 21:18:10,Orange,123434,28292,Superseded,Radio,Khasi,0.57
310,3,25,3566,Drill,2022-08-21 15:00:11,2019-06-23 18:23:41,2022-01-15 08:58:45,Yellow,73012,12335,Superseded,Radio,Mizo,0.59
311,2,19,1029,Early Warning,2019-02-22 04:27:08,2023-07-08 11:24:23,2018-02-18 19:15:30,Green,75595,47273,Superseded,Siren,Hindi,0.36
312,5,42,3407,All Clear,2021-11-17 19:57:38,2019-07-13 14:39:50,2021-11-12 18:05:56,Red,267180,27795,Superseded,Siren,Bengali,0.46
313,3,28,4953,Drill,2018-01-24 02:01:13,2020-01-06 13:21:24,2024-01-22 12:15:40,Red,263150,17645,Superseded,All,Manipuri,0.56
314,1,3,4655,Early Warning,2022-02-10 11:05:01,2022-12-08 19:58:35,2022-02-05 01:41:45,Orange,362119,5247,Expired,All,Mizo,0.99
315,6,50,2290,All Clear,2021-12-15 12:09:55,2023-03-11 10:09:43,2018-10-02 19:02:16,Green,128671,30962,Active,All,Mizo,0.71
316,5,40,433,Emergency,2020-12-03 08:39:33,2021-11-11 15:17:11,2022-05-12 18:55:54,Green,475133,30751,Cancelled,Siren,Bengali,0.97
317,6,52,2414,Early Warning,2020-06-17 12:56:40,2023-11-30 10:46:14,2023-01-31 19:00:31,Yellow,393014,19927,Cancelled,SMS,Khasi,0.63
318,1,11,4693,Drill,2018-06-10 09:03:26,2023-04-24 16:27:00,2018-03-26 19:29:34,Orange,150474,31769,Active,Push Notification,Manipuri,0.35
319,6,51,2277,All Clear,2020-02-23 02:16:59,2020-05-22 22:47:09,2020-05-05 01:40:30,Yellow,449864,16839,Active,SMS,Manipuri,0.42
320,4,38,1239,Advisory,2023-08-10 22:12:24,2024-11-14 20:58:05,2019-06-29 22:43:28,Red,137071,45925,Expired,Siren,Hindi,0.86
321,7,56,272,Watch,2020-12-01 04:35:56,2023-01-25 06:59:08,2024-12-28 00:09:55,Green,80919,32502,Superseded,Siren,Hindi,0.76
322,6,47,1371,Early Warning,2019-10-18 02:37:06,2023-06-19 10:27:31,2020-04-01 10:45:24,Orange,396191,7601,Active,Push Notification,Assamese,0.58
323,2,20,3902,Emergency,2024-05-07 05:01:00,2023-10-25 14:11:47,2024-01-02 05:55:53,Yellow,204609,31102,Cancelled,Push Notification,Manipuri,0.91
324,1,1,2366,Emergency,2024-10-13 03:40:16,2023-10-10 00:08:07,2020-09-07 19:26:59,Red,278105,44752,Active,SMS,Manipuri,0.75
325,8,62,3538,Advisory,2023-03-12 17:06:11,2020-04-19 20:58:35,2020-04-09 19:30:38,Orange,420744,6440,Cancelled,All,Assamese,0.62
326,5,44,1981,All Clear,2024-03-31 10:22:46,2020-11-14 06:51:34,2023-10-07 14:19:43,Yellow,362004,11791,Cancelled,All,English,0.77
327,6,54,557,Early Warning,2018-02-07 03:54:27,2022-06-20 22:32:33,2018-11-19 19:53:18,Red,359499,29225,Cancelled,Push Notification,Khasi,0.5
328,2,13,279,Early Warning,2018-03-15 15:14:07,2023-01-20 22:11:00,2023-08-03 00:03:20,Green,468796,14209,Active,SMS,English,0.9
329,1,9,3080,Early Warning,2023-08-02 08:19:51,2023-12-02 07:41:41,2019-07-27 11:38:41,Yellow,132920,19304,Superseded,SMS,Khasi,0.62
330,2,18,3498,Advisory,2023-11-21 15:46:30,2019-05-19 05:03:44,2024-08-22 15:32:42,Orange,38895,18172,Active,Siren,Assamese,0.53
331,1,4,2116,Watch,2024-11-30 06:49:30,2021-09-30 19:38:27,2018-08-04 14:43:32,Orange,257903,13151,Superseded,Push Notification,Khasi,0.64
332,1,10,4429,Watch,2024-07-16 06:58:21,2023-03-23 12:38:41,2023-06-22 18:46:14,Red,55805,28939,Cancelled,SMS,English,0.35
333,4,37,2053,Early Warning,2024-08-11 19:00:12,2022-03-27 07:18:17,2019-04-08 11:22:44,Red,342389,41965,Active,SMS,Khasi,0.57
334,1,10,2702,All Clear,2021-04-30 19:42:25,2024-01-08 10:54:05,2024-07-23 09:13:40,Green,257357,31335,Superseded,Siren,Mizo,0.81
335,6,52,575,Early Warning,2022-08-06 02:54:58,2021-04-09 08:43:16,2023-11-12 11:02:53,Yellow,428955,31592,Active,All,Manipuri,0.95
336,3,23,2732,Emergency,2023-10-20 09:21:27,2018-06-21 11:36:46,2023-05-19 09:39:22,Orange,339353,5941,Cancelled,All,Mizo,0.97
337,1,6,3766,Drill,2024-06-20 15:29:29,2019-09-24 01:45:36,2019-07-03 17:36:55,Orange,290804,2577,Superseded,Push Notification,Bengali,0.79
338,7,58,875,Emergency,2023-05-14 06:12:56,2018-09-21 15:48:18,2023-05-21 00:20:12,Orange,229729,48190,Expired,Push Notification,English,0.44
339,6,47,4858,Emergency,2020-01-11 22:44:24,2018-07-15 17:04:14,2024-09-28 22:55:00,Red,283504,42166,Cancelled,Siren,Manipuri,0.98
340,6,52,3681,Advisory,2018-02-21 00:14:10,2018-06-24 03:43:22,2020-11-15 06:07:26,Green,413122,47252,Active,Siren,English,0.45
341,5,42,4286,Drill,2021-11-25 02:34:16,2022-12-05 23:08:50,2019-12-25 20:40:11,Yellow,484969,4720,Active,Push Notification,Assamese,0.76
342,3,31,376,Early Warning,2020-01-24 23:43:20,2019-06-20 03:49:00,2023-05-20 14:39:26,Yellow,26292,20141,Active,Siren,Manipuri,0.42
343,4,38,524,Early Warning,2024-12-15 19:36:03,2022-03-25 13:42:20,2023-01-23 12:43:51,Green,419097,40345,Expired,SMS,Mizo,0.44
344,2,22,3294,Drill,2020-10-04 08:42:35,2022-11-25 11:12:46,2022-08-24 00:07:15,Green,72100,21075,Expired,SMS,Manipuri,0.42
345,1,5,990,Emergency,2020-04-30 22:58:09,2019-06-07 02:46:46,2023-12-04 07:34:36,Yellow,194048,36268,Expired,Siren,Hindi,0.95
346,1,3,1093,Watch,2018-11-07 14:08:34,2018-02-18 13:28:52,2022-02-21 22:55:36,Red,42421,416,Active,Push Notification,English,0.79
347,4,38,2325,Drill,2021-07-17 03:46:47,2019-01-30 05:47:05,2019-10-03 12:25:13,Red,75119,41931,Cancelled,All,Assamese,0.59
348,8,61,1430,All Clear,2023-03-12 21:00:43,2019-07-14 05:48:27,2024-02-07 06:12:54,Green,262185,40111,Active,Radio,Bengali,0.59
349,4,36,1931,All Clear,2019-08-20 05:18:53,2018-10-25 06:42:18,2023-04-07 22:05:25,Green,189840,49881,Expired,Siren,Mizo,0.74
350,2,14,2265,Early Warning,2018-06-14 21:06:47,2024-10-10 23:46:06,2019-04-09 14:27:24,Yellow,359365,31091,Superseded,Push Notification,Hindi,0.77
351,1,3,443,Advisory,2023-06-27 12:18:32,2019-10-14 04:08:41,2021-09-12 11:28:01,Orange,131896,21908,Superseded,SMS,English,0.82
352,8,60,4403,Early Warning,2019-07-01 11:07:50,2022-02-16 00:47:56,2022-05-19 18:00:14,Yellow,60951,4643,Expired,Siren,Manipuri,0.71
353,3,27,1629,Watch,2024-05-10 02:49:32,2024-08-17 04:36:24,2018-12-09 04:06:07,Orange,171087,14927,Active,Push Notification,Khasi,0.59
354,2,13,3077,Emergency,2019-11-17 13:48:29,2022-12-23 19:38:26,2022-02-14 00:03:26,Green,28589,28564,Expired,Push Notification,Manipuri,0.62
355,3,25,3060,Drill,2019-02-28 19:03:55,2019-08-27 05:14:24,2023-05-18 14:54:37,Red,188104,17674,Expired,Radio,Hindi,0.32
356,4,37,489,Early Warning,2020-05-21 19:21:45,2021-12-17 08:45:10,2021-11-25 18:07:22,Yellow,219369,11219,Cancelled,Push Notification,Bengali,0.72
357,6,51,1393,Early Warning,2022-12-02 03:51:33,2021-07-03 02:17:21,2022-06-10 01:54:00,Yellow,256588,14184,Superseded,Siren,Bengali,0.31
358,3,28,2021,Emergency,2020-02-09 23:39:06,2022-12-06 08:11:36,2019-11-22 23:50:19,Orange,467671,38782,Expired,All,English,0.59
359,1,3,329,Emergency,2022-01-02 06:24:13,2022-07-09 03:18:23,2021-05-10 02:38:31,Green,251375,45655,Active,Siren,Assamese,0.47
360,4,36,102,Watch,2023-11-24 13:44:37,2019-02-17 07:43:26,2021-01-18 12:39:52,Red,155179,15667,Active,SMS,Assamese,0.77
361,1,11,3763,Emergency,2022-11-08 02:40:28,2021-12-11 20:29:59,2024-07-26 00:11:23,Green,72778,46080,Superseded,Push Notification,Mizo,0.91
362,5,41,3804,Drill,2023-12-27 22:44:30,2018-08-08 15:40:09,2021-04-10 18:40:41,Green,468516,45269,Cancelled,All,English,0.51
363,6,49,2211,Drill,2023-12-09 18:45:07,2018-09-09 12:44:36,2023-04-12 16:29:36,Yellow,461917,22000,Active,All,Khasi,0.55
364,1,4,910,Emergency,2021-04-04 19:11:38,2023-04-08 13:56:10,2018-05-07 23:48:41,Orange,191764,24014,Expired,All,Khasi,0.35
365,5,46,1678,Watch,2019-03-07 00:17:04,2022-08-04 14:00:53,2018-12-19 19:28:26,Orange,340383,31358,Expired,Push Notification,Bengali,0.55
366,2,18,4126,Advisory,2023-10-15 09:22:55,2018-06-19 04:49:54,2018-07-16 21:08:55,Red,195561,22624,Superseded,Siren,Manipuri,0.67
367,1,8,3852,Emergency,2024-01-15 08:24:34,2023-04-14 05:28:57,2021-02-17 18:56:38,Orange,419479,44125,Active,Push Notification,Assamese,0.36
368,3,26,1465,Early Warning,2020-06-14 22:37:32,2019-05-27 21:51:34,2020-05-07 07:46:54,Green,58833,45683,Expired,Siren,Hindi,0.91
369,4,34,186,Drill,2020-06-29 20:17:53,2022-08-10 04:18:58,2019-02-15 04:40:26,Red,248562,22721,Superseded,Siren,Khasi,0.75
370,2,19,1549,Watch,2018-07-15 13:51:21,2022-06-03 09:42:41,2023-06-26 22:13:51,Green,176196,26980,Cancelled,Radio,Assamese,0.72
371,5,45,4344,Emergency,2022-09-01 00:47:28,2020-08-02 18:01:21,2022-10-29 09:20:58,Red,69282,20086,Expired,Radio,Hindi,0.64
372,2,19,388,Advisory,2019-04-06 20:54:28,2021-11-17 12:20:46,2019-06-01 20:55:46,Orange,324440,10537,Cancelled,Push Notification,Hindi,0.89
373,5,45,1258,Early Warning,2019-05-17 00:01:22,2018-05-08 20:28:28,2020-09-10 17:20:01,Yellow,301316,8288,Superseded,Radio,Bengali,0.43
374,4,36,285,Advisory,2023-08-30 19:14:58,2019-04-05 15:31:12,2021-03-04 14:33:11,Orange,235205,35380,Expired,All,Bengali,0.39
375,1,2,3315,Emergency,2022-04-01 15:13:26,2020-09-21 21:10:47,2019-04-30 20:10:31,Yellow,2351,48398,Cancelled,Radio,Assamese,0.93
376,8,61,4700,All Clear,2023-09-03 22:45:12,2024-03-13 12:09:42,2021-10-05 13:46:40,Yellow,177668,45163,Active,Siren,English,0.4
377,4,36,958,Emergency,2020-08-15 04:16:27,2023-04-03 13:46:36,2019-11-16 15:35:24,Green,233918,23422,Active,Radio,English,0.73
378,2,13,4780,Advisory,2022-06-24 13:45:08,2019-09-01 01:37:07,2018-03-12 01:20:56,Yellow,43924,35285,Superseded,SMS,Manipuri,0.58
379,3,32,2604,Drill,2023-02-17 23:45:16,2021-01-26 18:56:53,2021-05-20 04:04:23,Green,77666,46921,Superseded,Radio,Assamese,0.56
380,2,19,2826,Emergency,2020-12-27 14:55:48,2022-10-10 01:39:13,2018-09-30 03:49:39,Orange,113186,47700,Superseded,Siren,Mizo,0.61
381,1,11,3473,Watch,2024-03-13 16:45:52,2022-12-30 07:19:08,2023-02-01 17:19:05,Red,45229,9413,Expired,Radio,Assamese,0.99
382,4,34,2748,Early Warning,2018-07-25 09:56:58,2018-01-21 13:32:18,2021-06-26 03:35:53,Red,335018,17912,Superseded,Push Notification,Manipuri,0.62
383,4,37,1122,Emergency,2019-09-12 01:43:15,2020-06-18 07:56:17,2022-09-17 19:18:40,Yellow,257308,2767,Cancelled,All,Bengali,0.65
384,6,48,3797,Early Warning,2019-11-29 13:26:28,2019-04-24 12:51:34,2020-03-27 02:37:06,Green,157475,41979,Superseded,SMS,Khasi,0.77
385,2,19,3418,Drill,2019-07-12 06:58:07,2023-06-27 06:43:02,2020-01-31 09:54:09,Red,15012,7822,Cancelled,Siren,English,0.72
386,3,24,4761,Advisory,2022-02-01 19:37:33,2023-05-06 02:46:44,2023-11-02 01:22:05,Red,249682,45498,Active,Radio,Manipuri,0.81
387,1,2,2127,Watch,2019-05-21 22:46:11,2020-09-20 05:09:05,2021-12-03 09:55:47,Green,460591,45434,Expired,Radio,Hindi,0.34
388,3,24,3437,Early Warning,2023-05-31 18:01:29,2020-06-19 13:14:41,2020-06-25 04:03:05,Orange,277769,41873,Active,All,Hindi,0.84
389,1,12,775,All Clear,2023-02-04 06:58:00,2020-09-29 07:18:39,2020-09-09 10:21:31,Yellow,433592,44890,Cancelled,Radio,Khasi,0.79
390,3,24,786,Watch,2022-07-19 09:16:03,2018-02-10 01:43:11,2019-03-02 11:41:26,Orange,271770,18442,Cancelled,Siren,Assamese,0.54
391,8,59,1336,Watch,2018-11-15 04:49:44,2022-04-13 22:56:56,2019-11-18 23:25:03,Yellow,436084,12348,Active,Siren,Assamese,0.94
392,1,8,1076,Advisory,2018-02-23 23:54:07,2020-08-26 00:36:05,2023-11-18 00:28:31,Red,190190,9110,Superseded,All,Manipuri,0.83
393,2,22,1411,Early Warning,2024-01-15 13:35:56,2024-05-01 22:58:36,2024-12-05 19:02:52,Orange,62278,14572,Expired,Push Notification,Khasi,0.46
394,1,9,1720,Emergency,2019-02-09 13:46:34,2023-11-17 07:08:01,2024-06-28 15:10:11,Green,411157,7321,Active,SMS,Mizo,0.64
395,3,28,349,Early Warning,2019-09-03 00:59:28,2024-09-29 22:28:49,2023-08-12 21:25:18,Green,269310,38874,Active,Siren,English,0.94
396,1,3,543,Early Warning,2020-07-26 04:20:29,2024-08-27 17:47:47,2019-01-20 14:42:59,Green,482496,39439,Expired,All,Hindi,0.43
397,3,23,240,Drill,2018-10-10 00:59:47,2020-05-11 18:37:41,2022-12-07 05:23:38,Yellow,182466,23081,Expired,All,Mizo,0.81
398,2,16,4137,Early Warning,2022-11-07 15:49:48,2024-12-21 08:47:56,2022-12-02 04:46:17,Green,400259,916,Expired,Push Notification,Bengali,0.42
399,6,49,4401,Watch,2018-01-14 10:47:16,2022-04-16 11:31:27,2024-01-08 22:07:08,Green,248987,24016,Expired,Siren,Khasi,0.97
400,1,12,2907,Watch,2021-03-25 10:09:00,2022-05-17 17:20:02,2019-12-08 23:40:19,Red,213788,7395,Cancelled,SMS,Assamese,0.38
401,1,9,4062,Drill,2024-06-26 07:14:43,2020-06-14 15:03:47,2022-09-27 22:46:55,Orange,378707,2661,Active,Radio,Assamese,0.38
402,2,19,3744,Drill,2023-02-09 08:17:11,2021-10-11 07:44:56,2019-12-03 18:20:36,Orange,290511,26691,Cancelled,Siren,Hindi,0.9
403,7,58,3897,Watch,2023-10-11 23:41:08,2018-02-09 17:22:53,2023-09-26 12:55:55,Orange,257865,44046,Active,Siren,Assamese,0.67
404,5,44,697,Emergency,2019-01-06 09:31:36,2021-05-29 16:42:43,2023-11-30 09:43:25,Yellow,309722,6666,Expired,SMS,Bengali,0.98
405,2,22,1641,Early Warning,2023-01-23 11:29:41,2019-12-25 12:01:07,2021-08-12 12:14:26,Red,380313,32709,Cancelled,All,Manipuri,0.49
406,6,51,3279,Drill,2021-01-11 08:32:23,2023-02-17 23:16:26,2021-06-10 13:30:01,Red,254134,33516,Cancelled,Push Notification,Mizo,0.62
407,1,8,2054,Watch,2022-03-01 07:56:16,2023-05-07 06:44:23,2019-02-23 05:07:42,Red,15683,6527,Active,SMS,Assamese,0.77
408,1,12,3135,Watch,2023-02-22 09:02:40,2020-07-29 14:52:15,2023-04-17 09:12:10,Orange,326853,6313,Active,All,Mizo,0.64
409,3,30,1655,Emergency,2020-07-01 01:38:18,2022-04-18 08:13:30,2020-03-23 23:10:37,Red,284493,22519,Active,SMS,Assamese,0.92
410,1,8,3143,Emergency,2021-10-30 11:02:44,2021-10-06 23:22:40,2021-11-29 02:27:13,Orange,18964,2153,Expired,All,Khasi,0.9
411,2,20,1345,Watch,2022-03-07 23:22:32,2020-08-28 18:40:55,2024-02-02 16:11:20,Red,204090,31945,Active,All,Khasi,0.64
412,4,36,4419,Emergency,2022-11-13 19:05:14,2022-10-13 20:48:07,2019-05-01 15:23:23,Red,265748,3652,Superseded,Radio,Assamese,0.71
413,3,25,2890,Advisory,2024-07-09 08:12:08,2018-07-10 20:06:13,2018-03-29 10:47:28,Orange,309672,2956,Expired,Radio,Bengali,0.87
414,4,38,221,Emergency,2024-07-05 09:00:04,2018-10-30 10:56:45,2021-08-23 05:02:35,Orange,181054,23420,Superseded,Radio,English,0.76
415,2,16,1923,All Clear,2023-07-07 12:33:29,2018-09-21 21:42:53,2023-11-08 12:20:49,Orange,34440,19982,Active,Radio,Hindi,0.31
416,2,21,307,All Clear,2021-12-02 23:53:41,2022-05-19 07:16:27,2021-08-01 12:54:26,Red,139885,1337,Superseded,All,English,0.99
417,3,25,4673,All Clear,2021-04-27 14:56:10,2018-10-31 14:57:14,2024-11-16 09:11:50,Orange,256140,6557,Expired,Radio,Assamese,0.65
418,6,49,2782,Advisory,2019-06-02 16:37:33,2021-09-16 13:51:19,2019-09-19 20:12:48,Orange,260645,41644,Active,All,Hindi,0.5
419,1,4,2436,Watch,2022-11-17 20:48:08,2023-04-25 11:29:06,2024-04-27 01:44:44,Red,48312,47035,Active,All,Bengali,0.49
420,4,37,4351,Watch,2022-01-16 14:34:41,2020-12-15 01:47:38,2024-10-08 00:05:40,Red,40292,42699,Cancelled,All,Mizo,0.51
421,5,43,4424,Emergency,2020-08-31 13:17:26,2021-06-03 21:44:01,2020-02-20 15:39:38,Yellow,327761,33775,Superseded,All,Hindi,0.92
422,5,41,4229,Watch,2019-08-03 13:21:04,2023-08-16 01:16:56,2024-04-24 23:02:24,Red,491936,30624,Cancelled,All,Mizo,0.73
423,6,50,3554,All Clear,2022-10-25 20:42:05,2019-09-16 09:24:04,2021-02-05 18:17:16,Green,242576,9682,Expired,Push Notification,Khasi,0.78
424,2,20,3567,Early Warning,2021-06-28 15:13:21,2023-05-24 13:03:34,2019-09-25 10:23:14,Orange,443630,27029,Cancelled,Radio,Khasi,0.41
425,5,44,4926,Watch,2020-01-04 15:06:59,2018-12-19 19:32:28,2019-04-11 21:59:45,Red,100719,1815,Expired,Radio,Assamese,0.64
426,3,28,3458,Watch,2023-07-03 22:00:14,2019-05-11 02:37:48,2020-04-27 06:52:40,Green,71628,1909,Cancelled,Radio,Khasi,0.69
427,5,42,346,Early Warning,2024-02-23 15:33:57,2018-06-21 21:30:01,2018-09-18 18:14:25,Red,164676,39426,Cancelled,SMS,Assamese,0.93
428,5,43,740,Watch,2021-05-18 02:38:23,2018-12-14 18:16:55,2022-11-09 22:51:39,Yellow,385179,32784,Active,All,Khasi,0.88
429,8,61,4303,Early Warning,2020-02-22 08:10:10,2020-01-10 16:17:49,2023-02-07 13:55:09,Red,64208,20539,Cancelled,All,Khasi,0.57
430,6,48,1933,Watch,2021-08-06 19:23:53,2018-11-28 20:37:48,2019-06-29 04:26:53,Yellow,112354,17992,Superseded,Siren,Bengali,0.9
431,1,4,4018,Drill,2022-07-16 10:24:15,2018-12-17 23:00:31,2020-09-10 07:12:03,Orange,286227,27772,Superseded,Push Notification,Bengali,0.92
432,8,60,1188,Drill,2021-02-01 19:05:37,2021-02-16 12:37:42,2024-12-26 21:26:27,Red,161670,1381,Active,SMS,Khasi,0.94
433,5,43,1964,Advisory,2020-02-25 23:46:19,2023-06-09 03:29:40,2023-12-17 17:46:31,Red,190340,44908,Active,All,Mizo,0.47
434,3,29,3183,Advisory,2018-01-25 10:32:20,2020-07-23 19:50:48,2018-10-08 09:33:07,Red,491002,49588,Expired,Radio,Hindi,0.9
435,1,11,3596,Drill,2023-05-16 13:04:10,2021-06-16 07:05:23,2024-09-18 07:46:17,Orange,17863,17959,Active,Siren,Assamese,0.82
436,8,60,2726,Early Warning,2024-02-07 20:10:43,2019-05-14 04:03:59,2023-12-11 02:36:24,Red,136923,33183,Active,Radio,Assamese,0.72
437,6,53,4487,Emergency,2024-04-11 05:16:32,2023-11-30 22:37:20,2018-03-26 23:25:48,Orange,399594,3414,Expired,Siren,Mizo,0.75
438,1,1,3283,Advisory,2019-09-14 14:41:49,2022-11-24 23:27:25,2018-09-13 11:39:58,Orange,58205,10343,Expired,All,Khasi,0.98
439,6,54,1066,Advisory,2023-01-20 13:03:08,2021-11-03 17:31:37,2022-01-26 05:30:54,Red,458068,48180,Expired,Radio,Hindi,0.78
440,6,53,2684,Watch,2024-10-20 01:10:42,2018-09-20 05:14:30,2021-07-11 19:05:37,Orange,192828,11920,Superseded,Siren,Mizo,0.92
441,2,15,170,Early Warning,2018-03-13 08:46:26,2021-12-07 16:53:55,2019-09-08 23:47:59,Yellow,137349,45957,Expired,SMS,Assamese,0.73
442,4,39,2132,Advisory,2019-04-09 16:58:35,2019-06-13 13:16:52,2022-10-29 08:41:46,Green,61625,925,Superseded,Siren,Mizo,0.77
443,1,8,1839,Watch,2024-01-26 23:10:00,2024-12-02 04:25:35,2024-08-26 23:14:21,Yellow,139666,18871,Superseded,Siren,Hindi,0.6
444,2,14,4916,Drill,2019-11-01 17:48:36,2023-10-05 22:50:44,2019-08-12 07:56:28,Orange,219425,11820,Superseded,Push Notification,English,0.5
445,2,17,1930,Watch,2023-04-04 01:34:36,2021-02-22 10:11:14,2022-12-17 00:24:12,Red,358853,42417,Superseded,SMS,English,0.63
446,7,56,2649,Drill,2023-11-24 03:34:54,2019-10-22 08:05:44,2024-01-26 06:11:00,Red,201162,46429,Superseded,All,Bengali,0.35
447,4,36,482,Watch,2018-06-11 21:47:52,2022-01-03 03:15:58,2021-01-05 18:38:52,Orange,318014,43960,Active,SMS,Bengali,0.65
448,3,25,2479,Watch,2021-05-11 06:43:38,2022-10-05 11:50:49,2018-05-08 18:30:04,Orange,304442,11755,Cancelled,Push Notification,Manipuri,0.64
449,2,22,3835,Advisory,2019-02-14 20:38:00,2024-01-16 16:29:38,2022-07-06 23:15:54,Green,227079,9292,Cancelled,SMS,Bengali,0.33
450,1,9,4090,Emergency,2020-05-23 00:55:36,2020-05-29 00:27:17,2020-03-28 18:50:10,Orange,321452,49909,Cancelled,All,Bengali,0.61
451,1,11,2585,Watch,2024-04-08 08:57:09,2022-09-23 10:06:33,2023-08-05 12:44:56,Red,333889,28835,Active,Push Notification,Hindi,0.34
452,1,12,294,Watch,2022-01-01 00:11:50,2024-01-03 08:24:23,2021-12-22 07:56:56,Orange,228914,7603,Superseded,SMS,Assamese,0.55
453,5,46,4595,Emergency,2022-02-16 11:05:52,2018-12-16 11:55:40,2024-02-15 05:29:27,Red,454594,9702,Active,Radio,English,0.44
454,2,19,1480,All Clear,2019-06-07 20:59:05,2023-08-23 07:07:44,2022-12-25 15:16:21,Orange,111456,38243,Active,All,Mizo,0.7
455,3,27,630,Drill,2020-02-04 18:49:43,2018-10-20 23:54:25,2020-10-18 02:30:01,Red,13711,18630,Active,Siren,Bengali,0.71
456,8,61,869,Early Warning,2020-10-02 04:46:01,2018-09-09 20:30:46,2021-11-30 21:28:23,Yellow,435625,46380,Superseded,Siren,Khasi,0.97
457,4,39,48,Drill,2020-10-20 11:51:05,2023-04-18 14:53:13,2021-11-08 17:44:01,Green,170449,47942,Expired,Push Notification,Mizo,0.33
458,5,42,2318,Drill,2020-10-01 01:21:52,2018-08-08 17:34:13,2022-08-27 22:55:28,Green,499169,39471,Superseded,SMS,Assamese,0.48
459,2,16,3268,Watch,2018-10-05 02:21:44,2019-05-22 05:44:17,2021-04-22 00:52:33,Green,408778,26371,Cancelled,Push Notification,English,0.51
460,6,52,3542,Drill,2024-04-05 07:52:54,2023-02-19 01:14:10,2019-02-12 21:26:36,Orange,188342,43615,Active,Radio,Manipuri,0.44
461,3,29,3180,All Clear,2022-01-20 05:55:04,2023-02-09 04:39:02,2021-08-07 10:25:44,Orange,47402,49577,Superseded,Radio,Manipuri,0.43
462,5,41,3490,All Clear,2018-10-16 18:39:55,2020-11-27 18:20:33,2021-12-11 02:55:11,Green,354749,14695,Expired,Siren,Manipuri,0.74
463,4,34,688,Emergency,2020-06-22 04:23:18,2018-09-04 00:19:19,2024-10-26 07:30:15,Red,250505,19686,Expired,Push Notification,Khasi,0.93
464,6,54,2037,Advisory,2022-06-14 04:34:14,2022-11-02 09:05:37,2018-05-29 06:52:40,Red,288979,5015,Active,All,English,0.66
465,3,27,775,Advisory,2021-12-14 15:17:57,2020-03-02 19:45:15,2022-12-25 07:06:22,Orange,42970,32993,Active,SMS,Khasi,0.76
466,1,12,1493,Early Warning,2021-05-05 21:01:23,2021-07-17 05:57:57,2023-12-29 10:16:19,Green,156153,20574,Superseded,Siren,Manipuri,0.87
467,2,22,1534,Early Warning,2019-10-18 18:23:55,2024-05-09 22:32:34,2023-02-20 17:26:48,Yellow,136057,44132,Active,Siren,Manipuri,0.31
468,3,26,956,Drill,2018-02-11 08:03:46,2022-01-22 08:38:10,2021-11-30 16:14:29,Yellow,362805,26548,Superseded,Radio,Manipuri,0.87
469,5,40,2956,Advisory,2023-11-16 19:30:47,2018-09-30 06:32:57,2019-01-24 15:20:55,Red,70938,909,Expired,SMS,Mizo,0.31
470,2,13,220,Drill,2019-10-13 01:16:51,2019-03-27 23:28:50,2023-07-12 16:06:46,Red,126862,28559,Expired,SMS,Bengali,0.84
471,1,10,3883,Early Warning,2021-08-03 17:35:43,2019-06-01 01:43:23,2019-04-19 13:25:32,Green,387434,46045,Superseded,Siren,Assamese,0.31
472,3,29,4795,Advisory,2020-01-24 19:46:41,2022-11-05 03:48:44,2021-05-02 01:45:33,Yellow,26797,21879,Active,SMS,Khasi,0.89
473,3,28,3406,Early Warning,2022-03-21 02:18:37,2022-02-23 14:22:29,2021-05-26 18:19:43,Orange,254956,33643,Superseded,Push Notification,Khasi,0.34
474,1,2,3458,All Clear,2022-11-26 19:44:57,2018-07-17 07:41:28,2020-04-12 04:15:32,Orange,468224,42487,Superseded,Siren,English,0.65
475,8,61,2841,Early Warning,2021-10-24 21:33:50,2019-05-17 05:53:35,2020-06-13 19:38:25,Red,380842,12596,Superseded,Radio,Assamese,0.46
476,2,15,4815,All Clear,2023-10-30 03:22:11,2024-02-01 01:06:52,2023-08-04 02:20:56,Orange,245711,8595,Cancelled,Siren,Assamese,0.88
477,5,44,2952,Watch,2024-10-09 00:01:24,2023-04-16 23:55:43,2019-10-06 18:35:33,Red,148188,45265,Active,Siren,Hindi,0.42
478,1,11,4963,Emergency,2022-03-10 04:01:43,2022-03-14 22:48:36,2020-08-01 09:55:35,Green,123160,13725,Active,SMS,Bengali,0.92
479,3,23,1300,Early Warning,2019-06-27 19:40:44,2020-11-15 07:19:43,2021-08-30 21:23:21,Green,59852,40472,Expired,SMS,Manipuri,0.46
480,2,17,2788,Early Warning,2024-09-04 13:19:39,2024-07-20 14:26:12,2022-09-27 14:35:49,Orange,140342,9907,Active,SMS,Assamese,0.86
481,8,62,909,All Clear,2018-11-25 23:52:09,2018-05-11 09:28:05,2022-04-26 03:27:25,Green,55365,10947,Active,Push Notification,Bengali,0.41
482,2,19,3617,Drill,2024-06-25 08:12:18,2018-11-05 11:54:55,2019-04-25 09:07:24,Red,339363,23837,Cancelled,Push Notification,English,0.89
483,3,29,3406,Watch,2024-07-17 21:08:53,2024-11-18 22:14:25,2022-01-11 14:53:52,Green,179050,18792,Expired,SMS,Bengali,0.56
484,6,49,3400,Watch,2021-01-25 11:31:16,2024-05-29 03:07:45,2024-05-30 01:34:00,Yellow,277789,27637,Expired,Push Notification,Mizo,0.6
485,8,59,3354,Early Warning,2021-11-26 07:06:27,2021-10-07 01:03:33,2019-03-29 07:33:08,Orange,403881,651,Active,SMS,Bengali,0.52
486,6,50,1347,Emergency,2021-09-10 14:46:30,2024-06-16 17:29:15,2018-04-26 05:54:32,Green,346222,42039,Expired,All,English,0.98
487,5,46,4259,Emergency,2020-07-07 18:48:40,2023-10-17 09:23:45,2023-12-18 06:43:09,Red,290351,19944,Cancelled,Radio,English,0.88
488,7,58,4324,Drill,2023-03-12 10:48:06,2021-06-08 23:48:20,2021-10-18 06:16:00,Yellow,337678,13443,Superseded,Radio,Mizo,0.85
489,3,26,1617,Early Warning,2020-07-25 19:48:43,2022-07-28 17:56:45,2020-11-05 05:36:01,Green,204568,47520,Expired,All,Manipuri,0.5
490,1,6,4192,All Clear,2022-09-11 08:08:06,2020-11-24 13:05:43,2024-06-10 01:27:54,Orange,333382,10487,Active,SMS,Mizo,0.68
491,2,17,1978,Drill,2024-08-02 05:23:18,2021-08-06 10:13:02,2022-04-19 20:00:14,Orange,58003,47971,Active,Radio,Bengali,0.74
492,3,23,1015,Emergency,2018-05-29 07:13:14,2020-07-14 17:35:26,2022-11-14 11:52:04,Green,386426,341,Superseded,Radio,Hindi,0.86
493,4,38,4634,Advisory,2024-01-30 07:57:04,2020-07-18 14:05:21,2020-06-03 00:30:14,Yellow,349759,46848,Expired,Siren,Manipuri,0.82
494,1,7,2686,Advisory,2022-05-24 13:26:20,2021-11-12 11:46:43,2018-11-01 10:30:09,Yellow,76936,46638,Superseded,Siren,English,0.36
495,3,28,1066,Emergency,2022-01-19 16:00:11,2018-08-31 13:31:19,2021-02-21 08:34:21,Yellow,354949,34488,Superseded,All,Manipuri,0.66
496,3,26,2161,Drill,2022-12-21 08:50:50,2021-08-08 12:38:49,2021-09-29 06:44:23,Red,361343,32082,Superseded,Push Notification,Hindi,0.65
497,3,32,3750,Drill,2019-02-06 23:39:30,2019-10-23 15:46:37,2021-11-15 23:29:57,Green,248274,2136,Expired,All,Bengali,0.95
498,1,8,4929,Early Warning,2021-06-23 12:54:19,2021-02-22 06:19:36,2022-11-12 09:52:12,Green,151928,2639,Expired,SMS,Bengali,0.51
499,3,24,2485,Early Warning,2020-07-02 08:50:03,2024-09-24 04:25:26,2019-03-20 21:06:51,Red,74622,38641,Superseded,SMS,Bengali,0.92
500,2,14,1500,Early Warning,2024-12-19 22:23:31,2019-01-16 01:25:46,2022-08-29 03:20:24,Red,182892,4427,Active,Siren,Assamese,0.7
501,4,37,3706,Emergency,2020-11-15 13:55:36,2024-02-16 01:35:18,2023-02-25 20:59:22,Red,69730,49935,Expired,All,Khasi,0.62
502,3,29,3679,Early Warning,2019-04-08 20:56:49,2024-10-20 22:16:36,2023-04-26 02:15:34,Orange,348490,40867,Superseded,Siren,Hindi,0.93
503,2,22,4432,Drill,2018-05-23 08:33:54,2020-05-11 18:35:10,2023-06-30 19:01:38,Red,46515,10853,Active,All,Khasi,0.86
504,5,46,2531,Drill,2022-10-10 02:29:56,2022-10-04 20:22:10,2018-09-22 13:23:45,Green,100987,40547,Active,All,Manipuri,0.43
505,3,31,4118,Drill,2018-02-27 23:41:38,2022-07-11 10:18:51,2019-07-13 10:38:20,Green,10047,18019,Expired,Push Notification,Mizo,0.79
506,7,57,4748,All Clear,2021-10-12 04:09:00,2023-03-01 10:22:31,2020-09-22 13:04:44,Green,210757,38593,Active,Siren,Mizo,0.95
507,2,22,3581,Early Warning,2019-07-15 19:39:08,2022-06-29 03:12:28,2020-09-13 01:44:58,Red,200383,16854,Active,SMS,English,0.68
508,2,19,1180,Early Warning,2019-07-22 12:46:57,2019-04-25 04:01:34,2020-08-11 04:14:04,Orange,499308,26691,Expired,SMS,Manipuri,0.97
509,1,12,223,Advisory,2024-01-26 03:32:58,2021-04-26 12:00:44,2018-11-03 18:54:09,Green,167893,9336,Superseded,Radio,Bengali,0.56
510,6,53,991,Watch,2018-06-11 04:18:46,2024-05-25 19:09:23,2023-01-29 19:53:27,Yellow,307348,15498,Superseded,All,Mizo,0.65
511,8,61,943,Advisory,2020-04-16 15:32:01,2021-12-15 03:45:17,2022-09-15 11:41:51,Green,213525,4289,Superseded,SMS,Assamese,0.74
512,8,59,153,Watch,2020-04-16 06:00:16,2024-06-28 11:47:06,2022-09-20 09:59:07,Green,341700,8229,Cancelled,All,Assamese,0.61
513,7,55,4100,Advisory,2019-09-25 02:50:47,2022-08-07 02:06:31,2019-06-07 13:01:51,Yellow,410105,16066,Superseded,All,Assamese,0.33
514,6,53,3807,Drill,2023-04-13 12:58:39,2019-06-05 00:52:56,2018-01-02 16:29:02,Orange,31649,31600,Cancelled,All,Bengali,0.89
515,3,25,2879,All Clear,2023-05-19 04:45:59,2022-05-05 12:50:42,2020-05-24 00:05:24,Yellow,23947,10578,Active,Radio,English,0.58
516,1,8,1145,Emergency,2024-03-02 17:25:11,2019-10-18 02:07:43,2023-03-12 14:06:05,Orange,264771,20860,Cancelled,Radio,Mizo,0.8
517,2,18,2015,Advisory,2023-08-20 14:57:15,2019-10-17 09:15:20,2021-11-29 13:07:25,Orange,314417,21525,Active,Push Notification,Khasi,0.95
518,4,39,3904,Drill,2018-01-14 07:05:00,2019-06-24 03:47:01,2021-07-07 15:40:06,Green,291494,45645,Superseded,Siren,Manipuri,0.36
519,7,57,636,Drill,2022-08-01 12:36:18,2021-10-15 02:47:09,2023-09-20 14:17:19,Green,64805,23133,Superseded,All,Bengali,0.57
520,6,54,70,Advisory,2019-01-23 15:04:04,2019-08-23 14:26:28,2021-10-13 06:06:47,Red,5009,14517,Active,Radio,Khasi,0.94
521,3,23,1569,Drill,2018-10-07 12:23:23,2019-11-19 01:57:58,2019-12-29 19:32:16,Orange,258997,23789,Active,Radio,Assamese,0.93
522,5,46,4965,Watch,2019-10-12 14:36:22,2024-12-26 03:24:13,2023-06-07 13:14:47,Green,207763,7270,Cancelled,All,Manipuri,0.65
523,4,36,1588,Early Warning,2023-08-13 01:07:06,2023-01-02 08:43:49,2019-02-03 10:44:38,Yellow,391204,4263,Expired,Radio,Manipuri,0.9
524,7,57,4286,Watch,2024-03-14 14:38:18,2023-10-08 09:45:26,2018-03-13 19:45:56,Orange,363424,44416,Cancelled,All,Assamese,0.3
525,3,28,425,Emergency,2020-09-30 12:34:15,2020-05-01 09:34:31,2019-01-14 03:55:45,Red,356706,33966,Superseded,Siren,Bengali,0.66
526,1,3,1840,Emergency,2018-05-26 21:56:16,2022-07-13 03:23:17,2021-10-26 13:32:21,Orange,165901,338,Superseded,Push Notification,Bengali,0.36
527,4,37,208,Drill,2024-04-10 03:49:25,2021-08-09 18:19:42,2018-08-20 06:40:33,Yellow,480869,16382,Expired,Push Notification,Bengali,0.52
528,5,41,793,Emergency,2018-03-28 14:20:35,2024-11-15 13:15:07,2018-03-16 15:19:27,Red,310756,41045,Cancelled,Radio,Hindi,0.38
529,2,16,2792,All Clear,2018-06-19 02:48:29,2024-10-03 05:13:00,2020-01-06 12:53:12,Orange,494790,4778,Superseded,SMS,Khasi,0.61
530,1,8,701,Emergency,2018-07-08 13:08:47,2020-08-31 07:48:27,2023-11-25 04:56:32,Green,34193,8358,Active,Siren,English,0.51
531,5,41,3538,Drill,2018-07-24 09:40:38,2018-06-23 08:00:03,2022-10-04 13:18:10,Green,27469,19327,Superseded,Siren,English,0.73
532,3,27,1910,Emergency,2023-02-06 19:36:57,2021-04-07 19:09:07,2021-12-13 05:56:18,Green,416995,28056,Active,Radio,Khasi,0.96
533,6,51,213,All Clear,2021-11-11 18:25:02,2019-08-22 00:26:50,2018-12-02 13:33:18,Orange,53938,805,Active,All,Mizo,0.89
534,7,58,4696,Advisory,2019-01-27 09:52:15,2021-08-01 00:33:27,2022-02-04 15:44:01,Orange,380011,40688,Superseded,Push Notification,Hindi,0.4
535,1,3,496,All Clear,2019-02-01 16:34:01,2021-09-16 03:11:30,2022-05-14 05:25:40,Orange,341781,49438,Cancelled,Radio,Manipuri,0.92
536,6,50,1193,Advisory,2019-04-03 23:36:58,2023-02-18 11:30:26,2020-12-01 08:30:03,Red,152701,24171,Active,All,Manipuri,0.76
537,1,10,470,Emergency,2020-01-08 12:53:03,2020-12-04 04:47:12,2019-08-31 02:36:40,Green,105152,41979,Expired,SMS,Bengali,0.43
538,3,31,3829,All Clear,2023-02-07 09:31:06,2022-10-25 19:14:41,2020-11-08 20:39:34,Orange,323115,19636,Superseded,Radio,Hindi,0.37
539,7,57,346,Early Warning,2022-03-21 19:16:17,2023-06-08 13:55:25,2019-11-24 21:57:21,Yellow,363547,15091,Superseded,All,Hindi,0.47
540,6,48,2716,Watch,2024-11-13 02:30:41,2021-05-28 17:28:07,2019-07-27 10:15:58,Red,433206,440,Cancelled,SMS,English,0.55
541,4,36,944,Emergency,2019-03-19 10:15:39,2019-08-27 23:46:17,2023-05-16 11:43:04,Orange,307168,23587,Active,SMS,Hindi,0.44
542,1,12,1794,Advisory,2020-03-25 00:03:01,2022-09-19 18:53:11,2020-02-04 04:25:29,Yellow,93707,12844,Active,Push Notification,Mizo,0.48
543,1,7,172,Emergency,2023-10-06 18:30:38,2023-07-28 14:35:10,2024-09-12 09:50:57,Yellow,464100,7272,Cancelled,Push Notification,Bengali,0.62
544,3,24,3051,All Clear,2023-08-16 08:55:32,2024-10-18 11:27:37,2023-04-21 05:26:30,Yellow,462345,28424,Active,SMS,Hindi,0.92
545,1,9,1554,Drill,2019-08-19 12:47:35,2021-03-08 18:29:53,2020-09-14 20:11:24,Red,314436,28150,Expired,SMS,Mizo,0.73
546,2,13,4387,Advisory,2020-07-02 23:51:19,2020-02-07 22:27:15,2018-06-15 11:16:37,Yellow,330117,18354,Expired,All,Manipuri,0.92
547,2,14,667,Drill,2024-09-03 20:52:47,2023-03-26 09:15:24,2018-07-21 13:17:05,Red,87883,33332,Superseded,All,Bengali,0.65
548,3,30,1467,All Clear,2020-09-26 20:52:18,2023-11-28 18:23:41,2022-02-10 13:14:24,Orange,375306,32426,Superseded,Radio,Manipuri,0.58
549,8,59,4784,Watch,2023-07-12 15:55:19,2019-11-14 01:03:56,2019-09-23 16:48:50,Green,237120,15360,Superseded,Push Notification,Bengali,0.6
550,3,25,4681,Advisory,2019-05-04 10:22:38,2022-09-07 12:07:51,2018-09-21 08:04:59,Orange,70527,49258,Active,Radio,Assamese,0.66
551,2,15,4784,All Clear,2018-05-08 19:50:18,2023-04-14 18:29:53,2020-11-11 01:51:43,Red,223500,29566,Superseded,Siren,Assamese,0.56
552,3,32,2598,Early Warning,2020-04-28 05:48:25,2019-07-12 21:23:28,2021-10-04 06:40:52,Red,122673,17407,Active,Radio,English,0.51
553,4,33,4201,Advisory,2022-08-26 09:19:09,2019-12-09 13:38:39,2018-11-02 17:54:55,Green,62274,4675,Cancelled,SMS,Manipuri,0.44
554,2,13,2698,Drill,2020-02-16 19:06:51,2024-12-08 20:55:02,2024-07-15 14:14:04,Orange,358471,17987,Expired,All,Hindi,1.0
555,6,49,4450,Advisory,2020-03-22 07:40:13,2020-05-25 15:54:23,2024-12-29 19:47:32,Green,181835,26464,Superseded,All,Mizo,0.76
556,3,31,4200,Emergency,2024-06-22 20:14:34,2019-12-09 01:28:56,2019-12-07 00:51:05,Yellow,379336,49095,Expired,Siren,Hindi,0.66
557,6,51,4528,Drill,2024-06-11 20:20:19,2024-12-05 05:53:41,2021-12-04 12:33:44,Red,178703,5627,Cancelled,Push Notification,Assamese,0.84
558,5,45,3422,Emergency,2019-10-14 03:46:18,2022-10-02 00:48:46,2018-04-04 12:43:20,Red,196550,9106,Expired,Radio,Khasi,0.31
559,6,52,2906,Emergency,2020-11-21 18:58:58,2021-08-15 15:56:07,2023-11-01 14:10:51,Yellow,394692,26435,Cancelled,Radio,Manipuri,0.32
560,6,51,264,Advisory,2019-03-09 06:38:17,2022-11-01 07:22:59,2023-05-11 20:13:20,Yellow,419082,39518,Superseded,Siren,Hindi,0.96
561,1,5,4379,Emergency,2021-04-15 14:35:44,2018-12-04 12:39:46,2020-10-18 16:11:21,Yellow,298689,29591,Cancelled,SMS,Hindi,0.37
562,4,36,1456,Early Warning,2018-04-10 14:30:13,2019-08-04 00:46:20,2019-09-11 06:25:17,Red,36533,25289,Cancelled,Push Notification,Hindi,0.5
563,4,34,574,Advisory,2021-11-13 14:10:55,2022-05-31 00:31:29,2018-02-04 07:43:51,Green,90186,21415,Superseded,Siren,Hindi,0.99
564,1,9,4395,Drill,2021-07-23 23:08:59,2018-08-02 15:20:25,2021-04-23 13:24:44,Red,473840,13531,Expired,Push Notification,Bengali,0.6
565,5,46,3890,All Clear,2019-05-09 07:35:16,2019-09-23 14:45:07,2022-04-11 03:15:10,Orange,375894,44881,Superseded,Radio,Hindi,0.31
566,1,10,3652,All Clear,2018-07-18 17:57:07,2024-11-14 00:28:22,2020-02-06 21:44:01,Red,275800,21554,Superseded,Siren,Assamese,0.7
567,6,48,747,Advisory,2020-06-13 12:15:30,2023-12-16 19:23:09,2024-01-21 00:18:56,Red,415517,19493,Superseded,All,Mizo,0.87
568,1,12,3401,All Clear,2020-02-14 00:50:19,2024-03-28 02:37:55,2021-09-04 09:58:03,Yellow,240133,25209,Expired,All,English,0.58
569,8,61,358,Advisory,2020-01-15 16:58:24,2023-05-06 09:16:40,2022-07-29 16:37:03,Yellow,153134,43690,Active,Push Notification,Assamese,0.59
570,6,49,4529,Early Warning,2019-01-12 15:36:37,2024-06-04 22:28:22,2018-11-23 22:06:42,Orange,264548,21365,Superseded,Siren,Hindi,0.48
571,4,33,366,Early Warning,2021-12-06 21:42:20,2023-06-08 21:20:53,2023-11-28 16:36:29,Green,354320,49134,Superseded,Siren,Bengali,0.82
572,7,55,1593,Early Warning,2021-05-17 10:10:54,2020-02-18 14:31:04,2018-12-23 07:21:47,Green,371872,8944,Cancelled,Siren,Assamese,0.62
573,1,6,4493,Drill,2023-08-04 07:09:22,2021-09-21 23:02:28,2019-03-12 18:13:38,Yellow,246928,18293,Expired,Push Notification,Mizo,0.31
574,1,7,1452,All Clear,2020-07-02 21:00:55,2024-04-22 14:15:25,2021-04-29 07:51:04,Green,88418,5084,Active,Radio,Hindi,0.61
575,1,12,1775,Drill,2024-01-29 14:26:25,2022-07-12 19:04:32,2019-11-03 14:32:32,Green,231865,45661,Active,All,Khasi,0.76
576,5,43,843,Emergency,2021-04-28 14:37:04,2018-06-12 20:21:52,2023-02-02 13:25:27,Orange,2546,3189,Superseded,Push Notification,Hindi,0.56
577,2,16,1639,Emergency,2018-10-11 22:15:58,2018-03-28 19:40:04,2018-02-15 05:40:10,Green,176846,12592,Active,Push Notification,English,0.86
578,6,54,1376,Early Warning,2024-02-28 10:12:37,2021-07-15 11:20:52,2022-05-12 06:46:39,Yellow,56557,21439,Cancelled,All,Khasi,0.43
579,2,14,4438,Early Warning,2021-05-12 10:06:03,2019-12-24 01:36:25,2019-10-27 04:35:29,Red,55614,23368,Cancelled,Push Notification,English,0.58
580,2,21,99,Emergency,2021-04-24 03:51:38,2019-11-15 19:33:42,2018-07-25 02:31:51,Yellow,345061,18248,Cancelled,SMS,English,0.92
581,3,27,2471,Early Warning,2024-07-12 16:18:47,2024-01-23 18:10:13,2022-07-24 20:35:32,Red,414948,37303,Expired,Radio,English,0.72
582,5,41,3184,Advisory,2023-10-08 03:55:34,2019-06-29 17:37:48,2023-05-28 23:23:13,Yellow,399458,45064,Cancelled,Siren,English,0.53
583,4,39,4793,All Clear,2021-10-26 17:16:20,2023-06-14 05:59:53,2024-04-23 17:39:19,Red,121957,32992,Active,Push Notification,English,0.73
584,7,58,1017,Drill,2020-08-17 13:25:22,2021-08-24 07:07:00,2024-06-10 16:20:07,Yellow,127788,40616,Active,SMS,Hindi,0.56
585,2,19,1655,Watch,2019-04-17 05:22:42,2023-06-18 17:53:24,2018-04-28 18:31:47,Red,124914,47533,Superseded,Radio,Hindi,0.49
586,5,42,325,Drill,2022-06-07 07:05:42,2024-11-30 00:05:24,2020-06-15 04:46:16,Red,393604,1552,Expired,Radio,Bengali,0.47
587,4,35,443,Drill,2023-08-29 02:26:32,2023-12-04 06:15:15,2024-02-14 09:58:26,Yellow,116724,39850,Superseded,All,Bengali,0.43
588,5,41,50,Early Warning,2018-07-20 18:11:01,2019-08-21 23:15:50,2018-06-11 21:22:08,Red,332690,9275,Expired,Push Notification,English,0.42
589,4,36,1675,Emergency,2020-01-05 04:33:36,2024-03-02 11:06:21,2021-12-22 03:34:49,Green,163396,10758,Expired,Push Notification,Assamese,0.42
590,2,16,2484,Drill,2020-06-05 13:27:13,2019-09-18 17:32:51,2020-04-24 15:24:33,Red,452259,31534,Active,Radio,Assamese,0.56
591,3,31,3616,Watch,2021-08-06 06:35:31,2024-12-21 10:05:20,2024-10-01 12:01:04,Red,252807,1298,Superseded,Siren,Mizo,0.36
592,8,59,2460,All Clear,2023-01-24 04:05:16,2024-03-07 14:49:10,2019-06-30 21:05:27,Yellow,134994,24933,Superseded,Radio,Assamese,0.5
593,4,36,4965,Advisory,2022-02-02 22:21:09,2019-03-01 13:50:08,2024-01-31 00:04:34,Green,246126,12826,Expired,Push Notification,English,0.31
594,4,33,3066,Emergency,2022-03-07 21:26:42,2021-05-11 03:12:50,2024-04-24 21:59:40,Red,195735,25168,Superseded,Radio,Khasi,0.99
595,1,5,3349,Emergency,2018-05-01 15:08:34,2022-10-24 06:50:00,2019-05-20 10:37:00,Green,101931,50000,Superseded,Radio,Mizo,0.94
596,6,47,2856,Drill,2022-05-03 07:09:12,2023-11-10 01:29:25,2021-02-17 21:31:51,Red,365243,3781,Superseded,Siren,Khasi,0.47
597,3,31,283,Drill,2024-12-01 07:05:58,2024-01-05 04:51:15,2023-10-03 13:56:55,Orange,14914,45709,Expired,Radio,Manipuri,0.62
598,5,44,1208,All Clear,2020-03-01 01:05:25,2022-12-02 20:17:22,2023-08-21 15:23:04,Yellow,441296,10579,Active,SMS,Mizo,0.36
599,5,46,3149,All Clear,2021-05-20 12:11:41,2019-08-10 15:40:55,2021-08-07 01:03:16,Green,87039,27975,Cancelled,Radio,Manipuri,0.98
600,5,43,3136,Drill,2022-12-26 21:16:30,2021-07-02 19:47:27,2024-05-26 19:39:07,Orange,459586,47687,Active,SMS,Khasi,0.7
601,6,52,2822,Advisory,2024-12-04 17:14:31,2024-05-15 05:21:39,2019-10-13 23:21:26,Yellow,487696,49039,Superseded,Radio,English,0.99
602,6,53,4029,Early Warning,2018-01-05 21:42:27,2024-07-31 22:30:25,2023-12-04 09:08:13,Green,219168,34403,Superseded,Radio,Khasi,0.6
603,1,12,3070,Watch,2019-08-03 02:59:39,2022-02-20 09:55:35,2019-07-20 09:44:06,Yellow,263614,7224,Superseded,All,Mizo,0.45
604,2,13,484,Watch,2024-05-18 21:46:12,2020-03-16 18:40:49,2021-06-24 01:46:15,Yellow,231169,41080,Active,Push Notification,English,0.51
605,3,25,1022,Advisory,2020-05-09 20:53:08,2018-04-03 04:06:20,2022-12-25 12:57:38,Green,123192,31319,Superseded,SMS,English,0.34
606,6,49,60,Early Warning,2023-08-30 02:01:28,2019-10-18 18:23:51,2022-06-11 20:05:11,Green,415224,475,Superseded,All,Manipuri,0.99
607,6,49,2178,Advisory,2022-02-18 17:16:48,2023-02-21 17:12:32,2021-08-27 06:22:59,Red,176549,24299,Cancelled,Radio,Mizo,0.47
608,3,24,3265,Advisory,2021-03-21 18:12:39,2020-10-23 01:36:59,2024-11-09 23:51:50,Green,52621,202,Superseded,Siren,Khasi,0.88
609,8,60,1138,All Clear,2018-03-21 18:52:16,2020-05-18 06:36:32,2023-12-13 12:56:56,Green,394070,16288,Cancelled,Siren,Manipuri,0.78
610,7,56,3893,Drill,2022-05-19 18:46:15,2019-08-07 21:26:40,2018-01-10 17:19:22,Red,334634,21114,Active,Radio,Mizo,0.33
611,6,52,2667,Watch,2023-10-08 06:04:53,2023-03-01 03:31:46,2022-02-14 09:38:01,Red,209901,48444,Active,Radio,Assamese,0.96
612,8,61,3901,Drill,2023-08-08 09:18:50,2021-04-10 17:07:59,2020-07-02 00:00:40,Green,318433,12784,Expired,All,Manipuri,0.85
613,5,46,4134,Emergency,2018-04-09 15:08:04,2024-10-11 15:15:45,2018-09-28 13:53:35,Yellow,158093,44109,Superseded,Push Notification,Assamese,0.97
614,3,31,4430,Watch,2020-01-19 10:55:34,2019-06-14 12:24:23,2024-05-29 06:34:42,Yellow,495137,43237,Active,SMS,Assamese,1.0
615,1,2,1313,Advisory,2020-10-11 09:39:49,2019-11-16 16:25:41,2024-02-13 09:34:25,Red,135171,43642,Superseded,SMS,Khasi,0.4
616,4,35,4031,Watch,2018-10-08 23:49:33,2022-11-25 11:35:28,2024-07-08 22:15:24,Orange,484462,39366,Active,Radio,Assamese,0.94
617,6,48,3127,Watch,2023-07-25 15:46:58,2019-11-26 13:09:30,2020-03-15 23:26:42,Red,60754,19069,Active,SMS,English,0.54
618,4,38,1542,All Clear,2024-05-02 10:43:24,2021-02-16 12:27:36,2019-01-31 20:56:04,Green,447490,20537,Superseded,All,Khasi,0.3
619,1,4,4834,Emergency,2022-07-23 01:27:27,2021-08-09 09:14:59,2020-09-20 02:18:31,Yellow,404473,23922,Expired,All,Khasi,0.72
620,2,15,874,All Clear,2021-05-13 04:37:40,2021-12-02 01:01:54,2020-09-08 13:10:00,Green,75964,19452,Expired,Siren,Khasi,0.62
621,4,39,2322,All Clear,2019-03-30 04:54:26,2020-09-21 15:19:14,2020-08-17 16:36:51,Green,263490,45128,Active,Radio,Mizo,0.79
622,3,31,1768,Drill,2022-03-18 23:46:42,2021-03-16 09:25:53,2018-07-02 17:23:02,Orange,424883,21832,Expired,Push Notification,Mizo,0.81
623,6,52,1844,Watch,2023-12-17 02:09:42,2022-02-23 14:58:52,2024-03-09 22:32:12,Green,205520,19601,Expired,SMS,Manipuri,0.57
624,3,28,3879,Emergency,2020-12-18 03:39:51,2018-08-12 03:31:38,2022-06-28 22:56:00,Red,381128,18549,Cancelled,Push Notification,Khasi,0.9
625,3,26,798,All Clear,2019-02-11 16:39:45,2024-11-06 06:30:13,2018-06-18 03:43:33,Orange,445645,46503,Cancelled,Siren,Khasi,0.41
626,1,9,3620,Advisory,2023-12-03 06:12:18,2019-03-26 22:46:37,2019-10-14 17:18:45,Red,114466,49045,Expired,SMS,Bengali,0.81
627,4,37,836,Emergency,2023-10-09 11:02:28,2021-08-19 23:42:33,2023-10-12 23:06:38,Yellow,441372,11024,Active,SMS,Bengali,0.98
628,1,12,430,All Clear,2018-12-31 14:00:53,2021-09-09 20:04:14,2019-04-07 14:03:25,Orange,328814,47353,Superseded,Push Notification,English,0.38
629,3,26,4003,Drill,2020-07-29 10:10:23,2024-05-04 06:09:25,2021-03-12 05:44:17,Yellow,406868,45337,Active,Siren,Mizo,0.87
630,3,25,2255,Advisory,2023-05-19 14:12:15,2018-02-06 01:08:20,2019-01-08 19:52:38,Red,61246,5415,Active,Siren,Khasi,0.77
631,4,33,1843,Advisory,2018-03-13 12:59:59,2023-11-26 07:56:55,2024-05-04 18:01:02,Red,49673,38854,Expired,Siren,Assamese,1.0
632,5,45,3553,Early Warning,2020-07-15 23:35:00,2020-10-07 10:49:48,2018-07-17 06:46:35,Yellow,374320,35226,Expired,Siren,Mizo,0.79
633,3,26,4556,Early Warning,2024-12-14 18:26:51,2022-06-01 04:04:16,2022-12-22 15:59:52,Red,282681,46776,Active,Push Notification,Khasi,0.93
634,1,12,4908,Early Warning,2023-11-30 23:03:15,2022-09-20 11:03:11,2021-10-21 12:06:00,Yellow,419799,20597,Active,SMS,Hindi,0.7
635,5,42,1321,Early Warning,2018-09-30 20:24:10,2018-09-20 21:00:11,2019-01-23 11:34:56,Orange,265467,19567,Cancelled,All,Hindi,0.6
636,8,61,1,Early Warning,2020-02-11 13:21:19,2022-06-02 20:28:56,2024-08-29 01:56:05,Orange,153924,43198,Superseded,Push Notification,Manipuri,0.64
637,2,21,4282,Drill,2020-12-29 23:45:21,2018-11-04 14:39:20,2023-08-21 16:18:15,Yellow,429892,2931,Expired,SMS,Hindi,0.4
638,7,55,1764,All Clear,2019-02-21 23:16:26,2021-01-20 13:50:20,2020-05-11 20:07:27,Yellow,67466,47782,Superseded,SMS,Manipuri,0.48
639,3,25,1338,Early Warning,2021-05-27 22:35:20,2020-02-29 16:59:20,2023-10-03 21:24:36,Red,223102,45515,Expired,All,Hindi,0.35
640,6,47,2207,Drill,2023-05-22 00:50:13,2021-03-02 04:56:17,2022-10-18 04:12:19,Yellow,344723,42452,Expired,Siren,Mizo,0.41
641,6,51,3553,All Clear,2021-03-23 07:57:23,2020-02-08 22:45:54,2018-08-29 20:39:10,Green,141723,8167,Active,All,Assamese,0.35
642,5,41,729,Advisory,2021-02-01 05:46:52,2019-03-31 15:07:41,2024-10-15 14:27:10,Orange,118466,17933,Active,SMS,Assamese,0.99
643,2,15,3102,Watch,2018-11-23 05:34:14,2022-06-24 16:52:17,2024-03-12 20:01:40,Green,459120,20090,Superseded,SMS,Manipuri,0.54
644,4,37,2311,All Clear,2022-09-10 13:58:11,2018-11-04 18:54:27,2018-05-30 00:24:06,Orange,89620,20840,Superseded,Push Notification,Bengali,0.86
645,5,44,4356,Emergency,2022-09-10 23:37:22,2023-01-15 05:50:39,2019-02-01 08:28:22,Red,135922,622,Expired,Push Notification,Hindi,0.57
646,6,48,2191,Drill,2018-06-14 05:52:19,2024-08-12 16:42:06,2020-02-13 23:06:32,Orange,355680,39891,Superseded,Siren,Hindi,0.61
647,3,23,3840,Advisory,2022-04-10 08:55:37,2021-08-22 00:28:35,2022-06-06 10:21:05,Orange,493809,47085,Expired,Radio,Khasi,0.9
648,8,61,2504,Early Warning,2021-06-16 23:56:21,2023-05-26 20:55:25,2018-09-04 22:04:33,Orange,40309,47838,Expired,SMS,Hindi,0.7
649,1,6,2342,Early Warning,2022-09-18 17:08:51,2021-08-10 06:30:36,2023-10-05 11:14:38,Red,266796,47893,Expired,Siren,Assamese,0.66
650,5,44,4362,Emergency,2023-12-09 05:51:01,2018-02-13 04:28:42,2023-03-30 17:39:36,Green,99811,48884,Active,Siren,Khasi,0.67
651,3,23,2001,All Clear,2024-04-14 22:34:39,2021-10-25 21:55:14,2019-06-08 14:40:54,Green,353743,34309,Expired,Push Notification,English,0.56
652,1,9,4209,Emergency,2021-01-02 15:19:32,2022-03-20 11:44:38,2021-03-23 19:21:17,Green,89482,24463,Active,Radio,Khasi,0.47
653,4,35,966,Emergency,2020-06-20 04:47:41,2020-07-01 00:18:16,2020-04-02 13:14:59,Orange,111807,146,Superseded,Push Notification,Bengali,0.95
654,8,62,4224,All Clear,2018-04-21 01:47:13,2022-02-25 23:47:10,2018-06-28 15:16:01,Red,186612,386,Superseded,Radio,Bengali,0.55
655,1,1,2865,Emergency,2024-02-23 12:33:10,2021-01-06 11:50:47,2018-01-28 12:55:41,Yellow,53230,28233,Superseded,Push Notification,English,0.67
656,7,58,1260,Emergency,2021-06-30 01:25:56,2018-01-22 11:16:50,2019-04-29 12:38:36,Green,403512,43033,Cancelled,Push Notification,Assamese,0.58
657,2,20,2986,All Clear,2021-08-23 19:27:17,2024-11-26 09:05:44,2020-04-17 06:00:37,Yellow,57087,28742,Superseded,Push Notification,Hindi,0.55
658,3,28,48,Early Warning,2021-01-21 02:37:58,2019-08-12 23:08:43,2020-06-04 03:39:59,Yellow,21205,8760,Superseded,Siren,Khasi,0.53
659,1,3,1314,Emergency,2023-09-01 19:49:54,2023-08-29 20:06:19,2020-04-05 19:27:22,Yellow,62381,27596,Superseded,All,Assamese,0.86
660,5,46,1044,All Clear,2020-10-06 09:22:56,2024-03-05 14:04:39,2024-04-23 23:33:59,Red,442107,25483,Expired,SMS,English,0.85
661,1,9,1275,Drill,2020-12-05 03:29:16,2020-01-05 19:05:10,2018-06-11 16:22:16,Green,355729,22422,Superseded,All,Khasi,0.31
662,3,31,2372,Early Warning,2020-05-26 20:05:59,2024-06-22 00:48:30,2021-08-25 16:58:29,Red,129990,40475,Expired,All,Hindi,0.47
663,6,50,943,Drill,2020-03-29 18:16:31,2024-12-24 13:04:22,2021-08-26 08:24:32,Yellow,104125,31057,Active,All,Manipuri,0.43
664,7,55,4844,Watch,2023-05-08 22:46:20,2019-01-10 06:14:15,2019-02-16 00:41:26,Yellow,210487,2514,Cancelled,Push Notification,Hindi,0.6
665,5,40,1636,Emergency,2018-10-10 12:38:13,2021-06-19 10:16:46,2022-06-20 00:41:18,Green,160765,45885,Expired,Push Notification,Bengali,0.6
666,1,4,4177,Advisory,2021-08-19 20:51:28,2018-12-08 22:17:31,2020-04-16 12:26:37,Green,190718,18386,Cancelled,Siren,Hindi,0.52
667,1,4,1489,Early Warning,2018-05-08 00:54:52,2023-08-14 21:17:10,2024-05-02 20:56:09,Green,168731,13892,Cancelled,Siren,Bengali,0.94
668,1,7,3530,Emergency,2019-07-29 06:40:10,2021-02-03 14:34:56,2020-11-04 13:53:00,Orange,159670,7309,Active,SMS,Khasi,0.69
669,7,56,1068,Drill,2020-10-26 00:56:13,2024-11-21 16:36:20,2021-01-27 18:48:56,Orange,389610,38594,Cancelled,Push Notification,Khasi,0.49
670,4,38,3147,Watch,2018-09-29 00:25:39,2023-05-10 23:17:37,2024-04-26 03:19:56,Green,315634,7887,Active,All,Khasi,0.87
671,2,13,3652,All Clear,2018-11-03 10:56:18,2023-04-08 04:45:30,2020-12-01 08:19:32,Green,158160,47536,Superseded,Push Notification,Manipuri,0.8
672,1,3,1048,All Clear,2019-08-19 14:41:23,2024-01-20 20:58:30,2020-02-24 13:39:59,Red,467548,49765,Cancelled,Radio,Assamese,0.74
673,1,8,3573,Emergency,2018-07-30 08:42:41,2022-06-16 06:34:55,2022-04-15 11:13:39,Red,414751,1433,Expired,All,Bengali,0.79
674,1,9,2373,Drill,2018-05-22 04:38:28,2019-08-14 21:39:44,2024-04-20 07:43:41,Green,427150,26050,Superseded,All,Mizo,0.66
675,1,5,1356,All Clear,2021-09-22 00:37:43,2024-08-18 10:12:04,2021-04-27 10:55:05,Red,210260,39794,Cancelled,Push Notification,Hindi,0.3
676,4,37,1785,All Clear,2023-01-14 15:07:36,2021-11-16 00:08:29,2022-04-15 07:22:30,Green,371166,47223,Cancelled,Radio,Mizo,0.45
677,5,46,2200,Watch,2022-09-12 11:21:24,2019-11-27 17:23:24,2018-05-22 17:06:43,Green,279842,15611,Cancelled,SMS,Khasi,0.4
678,7,57,2276,Early Warning,2019-02-18 03:03:57,2023-06-19 21:47:38,2020-02-13 15:23:15,Orange,431804,13760,Active,SMS,Khasi,0.54
679,4,39,3024,Drill,2020-10-05 09:05:15,2022-09-03 12:55:04,2020-03-31 08:06:48,Green,378677,8756,Superseded,All,Bengali,0.53
680,1,4,86,Drill,2021-01-09 10:44:42,2020-05-18 23:11:00,2019-07-04 02:20:04,Yellow,134311,1024,Active,Siren,Khasi,0.48
681,5,41,4951,Emergency,2022-09-08 12:25:34,2019-11-17 12:02:21,2020-10-04 10:48:14,Yellow,141025,13364,Superseded,Push Notification,Assamese,0.46
682,6,47,3555,Emergency,2021-02-19 07:47:28,2018-10-19 02:06:43,2022-03-21 21:32:45,Yellow,95265,30106,Expired,Push Notification,Hindi,0.7
683,8,61,1478,Early Warning,2023-07-05 21:53:30,2020-08-21 15:13:21,2019-05-22 04:05:40,Orange,464227,11647,Superseded,All,Hindi,0.35
684,1,5,3494,Drill,2020-02-01 23:27:04,2021-06-04 12:53:44,2018-11-08 09:58:25,Red,379845,34522,Expired,SMS,Manipuri,0.37
685,3,25,170,Drill,2018-12-08 20:50:32,2018-05-16 21:29:38,2019-02-15 15:59:03,Green,130303,5478,Cancelled,Push Notification,Khasi,0.72
686,6,51,77,All Clear,2024-09-25 14:30:00,2024-04-06 01:56:36,2024-12-17 05:32:30,Green,177513,46363,Active,Push Notification,Hindi,0.64
687,4,37,3640,Advisory,2024-12-08 13:28:18,2020-10-27 17:32:39,2022-01-27 21:59:51,Yellow,81109,15978,Active,All,Khasi,0.49
688,4,35,1009,Early Warning,2018-03-07 21:22:33,2022-08-20 03:27:30,2020-07-10 22:25:32,Green,53874,33524,Superseded,Push Notification,English,0.94
689,1,2,1857,Watch,2021-08-20 01:31:34,2021-01-02 16:41:46,2023-07-30 03:31:34,Red,150490,14803,Superseded,SMS,Assamese,0.42
690,1,8,1840,Advisory,2018-11-13 02:00:17,2018-08-26 00:35:25,2023-03-28 21:40:42,Orange,175067,7756,Cancelled,SMS,English,0.72
691,1,12,3512,All Clear,2022-07-07 03:30:12,2019-07-18 11:35:26,2023-10-12 22:13:11,Orange,223050,9844,Cancelled,All,Mizo,0.5
692,7,57,852,Drill,2020-04-22 06:10:47,2021-02-20 19:01:21,2020-04-04 13:43:51,Red,425150,46616,Active,SMS,Mizo,0.95
693,1,10,1201,Emergency,2020-09-22 00:01:06,2021-10-19 20:01:20,2024-02-20 03:16:00,Yellow,417879,31354,Active,SMS,Manipuri,0.6
694,6,47,2282,Advisory,2019-03-26 11:12:53,2019-02-01 05:45:17,2019-07-20 01:23:03,Green,402509,25232,Cancelled,Radio,Assamese,0.6
695,5,45,3392,Watch,2023-02-13 13:13:07,2024-10-28 03:57:44,2023-07-25 18:21:38,Orange,483286,16115,Superseded,Siren,Manipuri,0.65
696,4,35,4036,Emergency,2022-07-13 08:10:17,2018-09-17 18:59:20,2022-12-10 23:48:39,Yellow,374924,27645,Expired,SMS,Hindi,0.55
697,2,14,141,Watch,2021-01-30 22:23:10,2018-12-09 05:51:01,2018-07-05 02:24:42,Red,477916,22894,Cancelled,Push Notification,Bengali,0.62
698,6,54,4518,Watch,2021-08-01 05:46:28,2019-11-29 18:26:07,2018-06-23 13:38:44,Yellow,391740,9030,Active,Push Notification,Assamese,0.81
699,5,45,3480,Drill,2021-02-28 18:47:06,2018-11-26 08:39:57,2023-08-22 02:01:19,Green,305029,4834,Superseded,All,Mizo,0.41
700,1,10,2993,Watch,2019-03-15 22:24:48,2018-08-28 10:24:18,2018-02-08 18:24:16,Green,298515,27295,Expired,Push Notification,Assamese,0.82
701,6,48,4321,Emergency,2023-12-11 08:42:05,2021-07-02 13:20:24,2024-02-23 21:47:11,Orange,176961,29096,Active,Radio,English,0.41
702,7,57,264,All Clear,2023-02-21 02:26:55,2019-05-14 04:28:21,2018-02-03 18:20:43,Yellow,207922,27762,Superseded,All,Khasi,0.88
703,8,59,4687,Drill,2022-04-09 06:19:17,2019-12-08 05:49:26,2021-08-09 07:08:38,Orange,488448,10276,Cancelled,SMS,Manipuri,0.56
704,8,61,1026,Emergency,2024-04-27 20:08:32,2023-04-08 07:14:55,2018-06-23 23:25:33,Yellow,114870,25709,Expired,All,Manipuri,0.89
705,6,53,3838,Drill,2022-01-23 06:44:13,2023-06-18 06:50:59,2021-06-12 14:26:09,Orange,433819,24934,Expired,SMS,Mizo,0.56
706,3,28,1596,Early Warning,2020-04-18 14:39:40,2018-08-30 17:49:41,2021-01-31 20:59:36,Green,316345,21985,Active,Push Notification,Bengali,0.41
707,1,7,536,Advisory,2019-10-21 09:09:02,2019-08-07 07:11:34,2022-09-11 01:05:27,Green,105862,41837,Active,Push Notification,Bengali,0.36
708,4,37,4627,Early Warning,2018-05-20 10:05:16,2018-05-30 06:47:09,2020-09-04 08:48:24,Red,48969,20224,Active,Radio,Mizo,0.5
709,3,26,4098,Emergency,2019-08-29 11:34:56,2024-03-04 15:13:42,2021-01-10 13:09:05,Orange,68004,46049,Active,Radio,Assamese,0.93
710,4,33,828,Early Warning,2022-04-10 05:02:23,2022-12-30 06:58:44,2024-10-09 07:13:45,Yellow,200436,31257,Active,Radio,Hindi,0.41
711,3,30,646,Drill,2023-04-29 18:25:04,2019-12-21 11:06:58,2019-11-01 23:49:12,Green,423449,44660,Expired,Push Notification,Manipuri,0.66
712,6,47,4987,Emergency,2023-07-17 19:31:31,2024-09-06 00:04:45,2019-02-12 14:48:01,Orange,177844,19060,Cancelled,All,Mizo,0.96
713,1,3,3176,All Clear,2020-01-13 21:22:51,2023-03-01 12:01:57,2018-08-22 00:16:39,Yellow,80002,37152,Superseded,SMS,Mizo,0.31
714,6,50,2536,Emergency,2022-08-27 21:25:14,2018-10-20 09:38:52,2021-11-14 00:55:54,Green,164578,11122,Cancelled,Push Notification,English,0.5
715,3,24,2895,Watch,2018-10-05 05:24:53,2024-01-17 22:16:46,2024-07-26 08:03:22,Green,241661,16904,Superseded,Radio,Mizo,0.91
716,5,42,1151,Early Warning,2019-01-21 03:35:28,2021-02-03 06:26:40,2020-06-09 12:18:51,Red,210307,26806,Expired,Siren,Bengali,0.66
717,5,40,2570,Drill,2021-03-06 23:49:53,2021-07-07 17:59:42,2022-04-21 21:48:06,Green,236077,17224,Active,All,Khasi,0.34
718,6,51,2006,Watch,2023-12-15 00:47:27,2018-11-24 03:35:19,2020-06-22 01:13:30,Green,197138,10368,Superseded,SMS,Hindi,0.57
719,3,30,766,Emergency,2020-12-20 02:42:01,2023-06-20 03:06:54,2022-07-21 13:07:21,Red,472025,30464,Active,SMS,Hindi,0.81
720,8,59,3252,Watch,2024-07-14 18:23:06,2021-06-01 11:32:10,2020-10-18 07:11:14,Red,33901,20793,Cancelled,All,Assamese,0.45
721,6,48,3902,Emergency,2018-12-22 04:47:48,2018-04-29 22:32:16,2022-08-21 12:12:06,Orange,81753,30799,Expired,Push Notification,Bengali,0.7
722,4,39,3116,Emergency,2018-07-13 20:54:01,2022-01-10 19:58:52,2019-10-26 01:48:38,Orange,28452,13860,Active,Siren,Bengali,0.48
723,1,12,685,Advisory,2019-03-17 08:44:36,2021-06-12 12:05:42,2018-09-11 20:40:23,Green,156514,46675,Superseded,Siren,Manipuri,0.45
724,7,58,2126,Early Warning,2019-07-26 21:52:19,2021-08-24 09:49:59,2020-11-28 14:47:45,Green,394981,19457,Expired,Push Notification,Bengali,0.96
725,3,31,3896,Drill,2022-07-22 18:14:35,2021-09-19 00:58:28,2021-01-06 23:46:49,Yellow,478564,45409,Superseded,SMS,Manipuri,0.85
726,4,39,1627,Advisory,2018-08-30 17:50:17,2023-08-26 04:07:17,2024-03-31 13:35:45,Yellow,389560,48281,Cancelled,SMS,Hindi,0.93
727,8,60,1209,Early Warning,2022-04-01 17:22:04,2024-09-26 17:03:14,2023-09-25 21:00:17,Orange,213163,17223,Active,Siren,Mizo,0.9
728,5,41,3681,Early Warning,2023-06-09 01:03:33,2019-11-11 05:41:42,2024-05-05 19:59:02,Green,98486,27536,Expired,All,Assamese,0.45
729,2,14,1566,Advisory,2023-10-13 12:45:16,2024-12-03 07:47:11,2021-02-04 06:28:51,Green,8588,19788,Cancelled,All,Mizo,0.91
730,5,45,4089,Emergency,2023-07-10 02:21:41,2021-06-29 00:39:31,2020-12-28 18:48:49,Red,184760,35551,Superseded,All,Mizo,0.54
731,8,60,1441,Advisory,2021-11-26 12:21:52,2019-07-04 14:15:33,2022-09-14 08:17:37,Red,311994,10659,Superseded,Siren,Bengali,0.89
732,5,45,3584,Drill,2023-05-25 02:27:45,2023-04-12 10:37:25,2018-11-05 06:45:24,Orange,46038,6803,Active,SMS,Manipuri,0.95
733,1,7,4067,Drill,2024-05-18 23:51:12,2021-10-11 18:44:47,2022-04-13 21:21:19,Green,304833,2138,Cancelled,Siren,Hindi,0.46
734,3,30,4519,Watch,2021-03-29 23:22:18,2021-12-29 21:59:35,2019-01-22 14:57:39,Green,183922,30405,Superseded,Siren,English,0.96
735,6,51,1835,Advisory,2022-04-26 22:28:38,2023-08-09 10:52:41,2020-04-01 18:28:49,Orange,161264,27178,Expired,SMS,Assamese,0.32
736,1,2,1257,All Clear,2024-09-22 00:42:27,2024-12-22 18:11:45,2024-04-21 23:15:54,Orange,314644,20805,Cancelled,Push Notification,Manipuri,0.99
737,2,16,4553,All Clear,2021-04-30 22:05:43,2023-06-26 04:30:31,2021-05-06 23:53:46,Yellow,434498,3380,Superseded,Push Notification,Khasi,0.57
738,6,47,1424,All Clear,2021-06-06 10:43:56,2019-05-08 06:24:54,2021-09-20 23:01:35,Orange,121194,6525,Expired,All,English,0.74
739,6,51,3212,All Clear,2024-06-25 23:39:13,2019-05-10 03:51:48,2020-09-28 16:13:55,Orange,106930,6111,Active,SMS,Assamese,0.31
740,6,50,4861,All Clear,2019-04-21 12:07:55,2024-01-08 08:41:03,2022-08-17 03:09:31,Green,482756,5162,Superseded,SMS,Khasi,0.81
741,3,30,2934,Drill,2019-08-03 14:33:43,2019-11-20 23:16:04,2020-07-11 12:08:49,Yellow,101722,35089,Expired,Siren,Mizo,0.48
742,1,4,2253,Drill,2018-09-15 18:11:49,2018-03-13 21:30:17,2023-06-07 09:33:09,Yellow,303848,6777,Active,Siren,Manipuri,0.39
743,1,10,2314,Early Warning,2020-03-24 23:44:19,2018-08-29 09:58:39,2022-03-16 13:34:55,Yellow,442926,23684,Expired,Siren,English,0.64
744,1,2,3390,Drill,2018-08-17 14:13:18,2018-08-26 02:17:11,2019-10-16 08:48:14,Red,360462,27519,Superseded,Radio,Khasi,0.94
745,6,52,1320,Early Warning,2019-07-13 15:20:22,2019-07-10 03:07:40,2023-08-12 12:17:29,Orange,297525,41367,Active,SMS,Bengali,1.0
746,3,31,4916,Watch,2022-08-25 20:42:33,2022-06-10 00:23:31,2024-04-23 08:55:26,Green,133531,7968,Expired,All,English,0.68
747,4,34,4193,Watch,2024-06-22 05:21:47,2021-02-07 16:13:07,2018-12-23 15:14:51,Yellow,471210,14218,Active,Radio,Hindi,0.45
748,6,47,1037,Emergency,2020-04-11 08:59:46,2019-09-12 00:13:36,2018-10-13 17:46:06,Orange,182842,46404,Cancelled,Siren,Khasi,0.87
749,3,28,4200,Advisory,2021-05-27 13:50:53,2019-06-22 08:47:47,2019-09-07 18:44:12,Yellow,360315,47015,Cancelled,Siren,English,0.71
750,6,50,4814,Watch,2020-08-26 01:28:16,2024-02-22 08:43:19,2022-02-24 15:22:29,Yellow,227363,29239,Superseded,All,Khasi,0.49
751,2,21,882,Emergency,2023-03-02 19:14:44,2019-09-13 12:15:36,2022-10-29 01:10:31,Red,185129,24507,Active,Siren,Hindi,0.92
752,8,62,4190,Advisory,2020-02-26 05:47:38,2023-02-20 04:42:45,2023-06-28 05:59:26,Red,498371,34766,Cancelled,Siren,English,0.38
753,6,52,2644,Advisory,2021-08-27 01:24:00,2020-02-02 04:14:48,2018-08-14 16:27:21,Yellow,112918,43054,Cancelled,Radio,Hindi,0.85
754,1,8,79,Drill,2020-09-16 19:43:41,2020-10-18 18:16:44,2019-10-27 04:01:39,Green,244091,37189,Cancelled,Push Notification,Manipuri,0.35
755,2,19,4930,Early Warning,2019-10-22 04:55:37,2022-10-09 20:06:45,2020-05-13 20:47:47,Yellow,375629,39839,Active,All,Khasi,0.6
756,6,49,3566,Watch,2020-09-14 07:38:22,2019-09-05 10:34:31,2018-06-04 06:53:54,Orange,420959,32370,Superseded,SMS,Bengali,0.59
757,1,8,3710,All Clear,2019-06-16 17:06:11,2021-04-04 11:55:33,2020-01-05 12:53:44,Orange,302306,1393,Cancelled,SMS,Khasi,0.85
758,4,37,39,Watch,2021-12-05 16:12:17,2021-06-05 11:44:59,2018-04-25 23:31:51,Orange,469772,34961,Active,Radio,Khasi,0.31
759,3,31,780,Drill,2024-10-29 07:43:39,2020-07-24 04:03:29,2020-05-03 09:08:39,Red,166398,49393,Cancelled,Siren,English,0.69
760,2,21,4046,Emergency,2023-03-18 09:56:13,2020-07-16 05:35:00,2023-12-04 19:35:35,Green,238431,32331,Active,Radio,Manipuri,0.37
761,2,15,392,Early Warning,2018-02-02 07:11:02,2020-09-30 02:06:53,2023-11-07 07:05:26,Yellow,379817,28552,Expired,Push Notification,English,0.43
762,7,58,3022,Drill,2024-12-10 16:22:37,2018-06-13 02:00:40,2020-03-17 19:43:03,Green,463213,2823,Active,SMS,Bengali,0.35
763,2,22,3110,Watch,2020-04-18 14:06:04,2022-12-18 17:25:27,2021-12-02 07:49:00,Yellow,62962,8276,Cancelled,Push Notification,Mizo,0.71
764,7,55,3386,Drill,2023-06-02 18:58:40,2019-01-16 04:48:54,2022-06-10 01:31:17,Red,276708,15762,Superseded,Siren,Bengali,0.53
765,6,47,3955,Advisory,2019-12-03 15:08:38,2024-07-08 12:09:38,2020-07-09 08:49:18,Green,373068,5426,Cancelled,All,Mizo,0.91
766,5,43,1687,Early Warning,2023-11-30 04:21:05,2022-03-17 16:28:40,2018-07-07 05:49:41,Green,111498,860,Expired,Siren,Mizo,0.57
767,3,32,857,All Clear,2020-11-23 17:48:08,2024-06-24 05:12:02,2022-06-28 08:02:09,Yellow,269545,20536,Cancelled,Siren,Khasi,0.41
768,4,33,866,Advisory,2019-02-09 02:00:52,2021-04-12 22:36:40,2021-11-06 15:46:01,Yellow,455107,40663,Expired,Siren,Hindi,0.35
769,3,28,1346,All Clear,2023-11-03 03:42:06,2023-07-08 10:56:16,2018-11-14 02:28:11,Orange,77322,30209,Active,SMS,Hindi,0.31
770,3,30,1533,Emergency,2020-04-08 18:49:08,2023-08-19 09:45:36,2022-07-08 09:41:06,Green,237414,23065,Cancelled,SMS,Manipuri,0.36
771,3,28,1738,All Clear,2019-04-13 23:02:40,2021-08-31 14:23:12,2022-04-28 01:46:08,Red,175075,3483,Superseded,Radio,Bengali,0.37
772,5,42,3134,Watch,2024-03-24 05:59:45,2020-07-02 10:40:07,2019-08-12 14:23:19,Red,211226,11576,Cancelled,All,Manipuri,0.65
773,3,28,895,Drill,2023-10-18 07:00:36,2020-02-13 10:37:41,2018-12-12 02:56:00,Green,115223,7548,Active,SMS,Manipuri,0.49
774,1,5,4360,Watch,2018-11-10 21:29:29,2023-04-11 23:00:37,2023-12-14 07:24:56,Orange,375397,26513,Superseded,Siren,English,0.45
775,6,53,2198,Watch,2022-03-19 10:40:30,2024-09-07 04:06:00,2019-09-25 11:41:16,Yellow,182359,41739,Cancelled,All,Bengali,0.81
776,1,7,1517,Drill,2022-04-13 12:18:19,2020-08-06 14:37:17,2023-11-08 08:13:13,Red,125205,11156,Cancelled,SMS,Hindi,0.43
777,7,58,3730,Drill,2019-03-17 15:53:00,2022-01-14 12:47:32,2021-08-22 12:13:04,Green,175240,1364,Expired,Radio,English,0.42
778,6,49,80,Emergency,2023-01-20 12:14:04,2022-12-17 19:28:35,2018-01-04 03:02:53,Orange,256113,16220,Superseded,SMS,English,0.87
779,4,37,2382,Watch,2019-12-11 06:21:45,2024-08-05 15:19:07,2018-10-19 18:26:40,Yellow,52524,19962,Cancelled,Siren,Assamese,0.81
780,4,35,2109,Advisory,2023-08-24 03:19:28,2021-02-05 19:22:53,2021-11-26 06:56:10,Red,7209,23109,Cancelled,Radio,Manipuri,0.84
781,7,55,4881,Advisory,2022-02-13 20:06:53,2023-11-01 15:46:23,2022-06-02 10:28:41,Green,381894,41929,Active,Push Notification,Assamese,0.9
782,5,43,1161,Early Warning,2021-01-14 18:20:43,2020-01-30 05:23:02,2022-11-30 11:47:58,Red,388603,45600,Superseded,Radio,Hindi,0.82
783,2,13,3095,Advisory,2023-06-08 11:26:26,2023-05-02 16:26:01,2023-10-10 23:06:36,Green,285793,29443,Expired,Radio,Khasi,0.54
784,2,22,3204,Advisory,2023-01-05 10:02:48,2020-08-19 00:49:01,2019-08-16 02:07:40,Red,21648,37979,Cancelled,All,English,0.6
785,3,30,4643,Advisory,2024-09-28 06:59:20,2018-12-09 08:24:16,2018-01-26 21:29:37,Orange,261681,44926,Expired,Siren,Khasi,0.41
786,8,62,2374,Advisory,2023-04-23 01:32:10,2022-02-21 12:17:17,2020-06-14 14:13:13,Yellow,33977,19315,Active,Siren,English,0.45
787,6,53,4859,Emergency,2019-01-19 12:02:16,2020-08-08 03:42:14,2018-01-16 19:33:22,Green,225713,23085,Active,SMS,Bengali,0.4
788,7,57,2321,Early Warning,2024-09-05 17:28:30,2024-01-25 19:49:48,2020-04-20 22:32:08,Yellow,74886,48041,Expired,Siren,Manipuri,0.94
789,2,19,1793,Advisory,2018-04-10 20:17:06,2020-02-12 18:32:28,2024-11-26 21:24:59,Red,355829,41749,Superseded,Siren,Assamese,0.98
790,1,7,2141,Watch,2020-07-27 08:26:29,2022-10-18 23:59:57,2021-09-16 00:48:59,Orange,356051,21134,Expired,Push Notification,Bengali,0.39
791,4,36,1635,Early Warning,2020-07-24 08:49:47,2020-07-12 18:50:26,2022-10-27 13:36:41,Orange,486177,41177,Superseded,All,Hindi,0.56
792,7,57,3580,All Clear,2018-10-26 09:25:58,2021-10-04 22:33:05,2023-11-27 14:20:12,Yellow,164338,33018,Cancelled,Siren,Bengali,0.6
793,3,27,3361,All Clear,2021-12-04 03:49:36,2018-03-24 02:10:32,2024-07-10 06:29:34,Green,220782,5795,Expired,All,Bengali,0.85
794,4,38,4196,All Clear,2021-03-05 05:11:02,2022-08-15 21:06:48,2022-10-24 04:17:55,Yellow,460322,19224,Active,Siren,Hindi,0.58
795,1,1,3792,Early Warning,2024-11-13 18:08:56,2018-09-21 00:38:23,2018-06-19 22:11:15,Red,141749,42590,Active,Radio,Manipuri,0.37
796,2,19,4633,Early Warning,2022-02-04 20:50:54,2019-01-13 07:25:21,2024-04-19 13:39:50,Orange,306607,44198,Active,Push Notification,Manipuri,0.4
797,6,48,4058,Drill,2019-02-28 18:55:35,2023-06-11 09:06:45,2019-04-26 20:53:51,Yellow,157854,41172,Cancelled,SMS,Mizo,0.64
798,5,45,1645,Early Warning,2018-12-23 09:18:46,2019-04-21 10:09:12,2023-02-19 21:53:41,Green,461420,7932,Active,Push Notification,Hindi,0.37
799,1,2,4144,Early Warning,2021-10-10 21:18:37,2019-01-14 10:55:03,2020-07-20 19:56:10,Red,212204,31701,Expired,Push Notification,Mizo,0.89
800,2,17,3598,Emergency,2023-08-07 19:54:56,2019-03-31 08:55:10,2023-05-31 14:17:57,Green,11454,12111,Expired,Push Notification,Hindi,0.66
801,5,45,4479,Emergency,2019-09-15 11:15:22,2020-06-20 02:39:57,2020-06-18 06:53:02,Red,350080,6554,Superseded,Radio,Khasi,0.49
802,3,25,880,Emergency,2021-12-12 11:38:27,2019-04-06 08:05:51,2018-03-28 21:38:36,Red,148694,29955,Active,All,Assamese,0.31
803,2,20,280,Early Warning,2023-06-28 06:48:45,2021-01-07 02:21:08,2019-03-09 19:13:24,Red,245418,47386,Superseded,Radio,English,0.99
804,3,23,4102,Advisory,2022-04-13 09:43:51,2024-01-04 03:55:27,2022-06-20 06:59:12,Yellow,204899,33622,Active,Push Notification,Khasi,0.41
805,5,42,4614,Drill,2020-11-20 03:22:34,2024-09-10 04:22:12,2019-03-12 02:05:13,Red,146030,49978,Cancelled,Siren,English,0.94
806,5,42,3963,All Clear,2021-03-15 19:34:11,2023-08-10 08:29:59,2019-07-15 09:42:00,Red,302110,46432,Cancelled,Push Notification,Khasi,0.53
807,8,62,4758,Early Warning,2020-12-17 11:51:39,2018-05-20 14:09:33,2018-04-02 17:18:28,Red,446809,48029,Expired,Push Notification,English,0.77
808,3,32,3903,Drill,2020-10-02 13:47:33,2024-10-07 20:36:12,2020-01-06 03:27:22,Yellow,55376,11403,Superseded,Siren,English,0.34
809,2,17,938,Emergency,2018-04-27 06:06:31,2024-06-29 15:38:49,2021-03-08 23:28:46,Green,318098,41372,Active,Push Notification,Bengali,0.38
810,3,29,3094,Watch,2019-02-18 21:21:08,2020-02-24 11:23:15,2022-03-06 19:17:43,Yellow,229483,44489,Cancelled,Push Notification,Hindi,0.82
811,3,28,4330,Early Warning,2024-11-17 10:58:14,2022-12-14 13:06:53,2018-03-17 07:41:35,Yellow,329937,43821,Active,Push Notification,English,0.87
812,7,58,43,All Clear,2021-01-22 02:48:41,2022-08-26 04:01:16,2018-08-12 14:06:29,Red,178730,12144,Superseded,Push Notification,Mizo,0.45
813,6,53,3881,Advisory,2022-04-06 02:06:14,2023-04-06 13:07:35,2022-10-02 19:29:26,Orange,447538,9035,Active,Siren,Assamese,0.74
814,7,56,581,Watch,2022-11-04 07:04:50,2024-08-27 19:01:47,2022-05-27 00:43:19,Green,156456,6613,Active,Siren,Hindi,0.34
815,4,35,2711,Advisory,2018-03-12 00:53:21,2020-02-21 00:23:21,2021-04-28 00:18:10,Yellow,368817,23455,Active,Push Notification,Bengali,0.35
816,4,37,1978,Emergency,2022-05-28 14:57:54,2023-04-07 01:30:31,2018-06-25 23:59:44,Orange,286330,45712,Active,All,Assamese,0.96
817,2,17,246,Emergency,2018-04-11 06:34:40,2020-03-21 12:42:18,2019-09-15 23:12:11,Orange,175495,3892,Expired,Push Notification,Manipuri,0.87
818,2,22,511,Early Warning,2020-01-03 00:53:31,2024-11-08 02:31:05,2022-10-18 20:09:54,Red,474226,39977,Active,Radio,English,0.96
819,4,39,661,Watch,2022-09-10 05:14:48,2020-04-20 10:34:07,2024-02-26 07:22:38,Red,21984,6819,Active,Siren,Manipuri,0.46
820,3,23,3535,Watch,2022-01-23 19:53:05,2018-03-08 14:55:30,2018-06-21 23:41:00,Orange,13916,12856,Superseded,SMS,Manipuri,0.64
821,3,25,3091,Emergency,2023-12-01 15:48:17,2023-12-19 23:32:08,2021-08-19 03:01:06,Yellow,288219,9028,Active,Siren,English,0.93
822,7,58,3013,Advisory,2020-12-28 23:17:47,2021-09-18 05:39:00,2018-06-29 23:00:54,Yellow,124969,15206,Active,All,English,0.46
823,6,48,4393,Early Warning,2022-10-31 20:46:29,2024-02-15 10:10:49,2020-02-16 11:33:53,Green,426147,3727,Active,SMS,Hindi,0.61
824,2,19,359,All Clear,2020-09-02 22:55:25,2023-07-29 15:55:13,2020-01-29 20:10:41,Orange,153408,8501,Superseded,Siren,Khasi,0.39
825,1,5,626,Emergency,2020-02-17 08:10:43,2024-01-01 03:38:16,2024-04-03 05:52:27,Yellow,426568,23393,Expired,Siren,Khasi,0.51
826,3,24,4518,All Clear,2020-06-28 08:03:24,2020-04-11 04:52:27,2020-09-17 15:50:47,Yellow,365933,35482,Active,SMS,Bengali,0.93
827,5,46,3984,Watch,2020-05-19 06:11:45,2019-03-03 01:15:52,2022-06-07 16:11:56,Green,120967,19984,Expired,SMS,Bengali,0.81
828,6,51,1163,Drill,2018-04-22 10:29:14,2021-09-29 21:27:46,2023-07-13 04:39:32,Yellow,400756,29737,Active,SMS,Assamese,0.89
829,2,18,2278,Advisory,2023-01-02 14:21:55,2018-09-20 12:16:37,2018-07-05 13:02:57,Red,146424,39960,Superseded,Siren,English,0.9
830,3,25,3638,Watch,2018-05-18 23:51:48,2021-03-24 12:40:10,2019-07-27 23:51:31,Yellow,346091,28251,Active,Radio,English,0.68
831,3,23,213,Advisory,2023-03-07 06:53:29,2024-11-22 08:08:52,2024-05-29 11:29:18,Orange,309932,14191,Active,Radio,Khasi,0.88
832,3,28,3503,Early Warning,2024-08-28 11:49:51,2022-09-16 00:36:11,2021-04-20 19:37:15,Green,499470,47270,Cancelled,All,Assamese,0.6
833,6,47,4656,Watch,2024-07-17 05:43:01,2021-03-30 15:07:12,2021-12-22 22:50:04,Orange,391026,15612,Expired,SMS,Bengali,0.86
834,8,61,2248,All Clear,2018-09-23 18:05:27,2020-07-08 02:18:17,2020-11-14 16:14:11,Yellow,299511,25860,Active,All,Bengali,0.55
835,5,43,2053,Early Warning,2024-08-27 21:55:56,2020-08-11 11:45:40,2022-11-02 02:02:19,Green,346537,21036,Cancelled,Push Notification,Assamese,0.62
836,3,29,73,Advisory,2021-12-20 04:15:00,2022-01-31 22:53:49,2023-06-05 09:34:19,Green,442769,36477,Expired,Siren,English,0.71
837,1,6,2265,Early Warning,2023-03-12 05:23:35,2021-09-30 09:33:03,2019-07-13 15:09:05,Orange,135369,18097,Cancelled,Siren,Hindi,0.46
838,1,12,1204,Watch,2023-04-04 21:38:23,2018-12-22 13:45:15,2023-07-27 18:34:32,Green,20286,12075,Superseded,All,Bengali,0.33
839,5,46,1868,Advisory,2018-07-08 22:32:09,2018-02-20 01:51:29,2023-10-09 16:15:43,Orange,443087,23156,Active,All,Hindi,0.54
840,1,5,4153,All Clear,2021-10-10 21:04:20,2018-08-29 15:06:26,2020-01-07 06:24:49,Green,107076,21350,Cancelled,Siren,English,0.75
841,7,57,2320,Advisory,2019-03-21 12:46:46,2023-03-01 18:43:12,2024-09-14 17:48:06,Green,188994,21953,Superseded,Radio,Assamese,0.96
842,2,19,256,Early Warning,2019-05-14 01:47:25,2020-06-22 17:02:06,2019-04-12 05:31:37,Orange,478183,38746,Active,SMS,Manipuri,0.45
843,2,21,4185,Watch,2024-02-02 19:31:40,2021-03-23 00:20:04,2022-12-16 08:14:08,Orange,17191,43061,Expired,Siren,Mizo,1.0
844,1,6,634,All Clear,2019-11-29 17:58:25,2024-03-27 11:50:46,2019-01-12 16:29:10,Red,444483,34587,Active,All,Assamese,0.76
845,4,34,3613,Watch,2020-09-11 16:42:40,2022-11-23 05:16:55,2020-06-29 12:31:58,Orange,477762,15992,Cancelled,Push Notification,Mizo,0.84
846,3,24,1892,Drill,2021-11-17 04:29:24,2018-12-25 14:06:33,2023-11-24 07:16:42,Orange,126477,29164,Superseded,Radio,English,0.55
847,4,33,627,All Clear,2021-01-30 14:49:18,2019-12-17 16:07:43,2021-10-26 21:28:55,Red,412349,27449,Expired,All,Mizo,0.88
848,1,9,4405,Drill,2020-02-01 00:20:34,2022-12-22 18:31:04,2023-08-31 21:18:02,Red,72525,39685,Cancelled,Radio,Bengali,0.52
849,1,6,3347,All Clear,2021-08-01 01:43:11,2022-03-16 10:14:25,2023-05-20 12:17:38,Yellow,462229,12982,Expired,Siren,English,0.42
850,3,27,2158,Drill,2024-07-06 08:31:46,2018-11-10 18:45:39,2019-01-28 16:54:51,Red,455946,2233,Superseded,SMS,Khasi,0.42
851,1,5,1085,Emergency,2022-05-19 17:30:34,2021-01-05 23:34:35,2019-01-31 23:35:00,Red,211030,45673,Expired,Radio,English,0.54
852,6,53,2758,Drill,2023-01-12 15:47:47,2018-05-21 13:10:02,2018-08-18 03:23:17,Green,387416,23262,Superseded,Siren,Khasi,0.61
853,6,54,3570,Drill,2020-06-17 19:06:38,2019-02-23 04:54:59,2024-03-28 17:29:02,Red,96281,47428,Active,Push Notification,English,0.72
854,3,24,3716,Emergency,2021-03-24 16:13:09,2019-07-04 01:22:00,2022-04-30 08:58:29,Orange,378915,38540,Cancelled,SMS,Hindi,0.51
855,2,22,396,Advisory,2022-10-19 16:40:53,2020-09-29 21:43:05,2021-04-08 06:10:01,Red,167126,49630,Expired,Push Notification,English,0.87
856,6,48,1726,All Clear,2021-08-30 15:12:50,2023-03-28 05:19:42,2020-09-03 16:55:54,Orange,52249,22763,Cancelled,Push Notification,English,0.5
857,3,32,3596,Advisory,2019-11-26 19:18:43,2020-03-17 00:25:45,2023-02-27 07:19:28,Yellow,395134,6954,Expired,Radio,Hindi,0.37
858,4,36,4168,Early Warning,2024-06-03 06:47:41,2023-02-03 03:18:24,2018-05-04 11:36:17,Yellow,467054,35378,Expired,SMS,Assamese,0.88
859,1,2,3028,All Clear,2019-09-24 03:17:10,2021-08-18 02:20:08,2024-03-24 12:32:36,Orange,233316,34137,Expired,Siren,Bengali,0.94
860,5,46,983,Emergency,2021-10-12 17:14:35,2020-03-28 06:55:01,2018-09-27 21:02:10,Red,453348,8966,Cancelled,SMS,Bengali,0.86
861,6,48,1823,Advisory,2024-03-09 20:00:40,2019-05-02 22:25:35,2022-04-25 09:08:48,Green,175913,18095,Superseded,All,Khasi,0.84
862,5,46,2579,Early Warning,2018-04-30 04:05:37,2023-12-31 16:20:29,2024-10-03 11:39:00,Red,273409,20809,Expired,All,Khasi,0.89
863,5,41,292,Watch,2023-05-26 07:32:13,2019-03-02 06:06:54,2022-12-27 16:55:50,Green,197341,14431,Expired,Radio,Assamese,0.41
864,6,53,1533,Advisory,2024-03-29 02:14:57,2019-02-14 11:07:07,2019-09-09 22:40:24,Red,332903,5813,Expired,SMS,Assamese,0.35
865,4,36,1709,Early Warning,2024-01-15 20:43:46,2021-07-23 04:13:14,2023-11-08 11:37:50,Yellow,138026,40198,Superseded,All,Hindi,0.75
866,3,31,4346,Advisory,2023-08-04 01:04:07,2019-12-22 11:13:13,2020-06-26 13:44:29,Yellow,350311,31788,Superseded,Siren,Manipuri,0.55
867,3,31,2421,Early Warning,2018-10-27 22:02:23,2024-06-03 13:58:47,2024-07-01 11:14:35,Yellow,150712,27498,Superseded,Radio,Hindi,0.76
868,1,8,1444,Drill,2021-12-14 21:13:21,2018-12-19 17:52:47,2020-12-15 21:20:12,Orange,365512,26089,Expired,Siren,Mizo,0.86
869,3,32,4924,Early Warning,2021-07-04 01:09:50,2020-06-22 21:19:51,2020-04-12 09:51:04,Yellow,266169,14097,Superseded,SMS,Manipuri,0.84
870,2,17,2602,Emergency,2021-07-01 15:27:47,2021-08-14 01:09:23,2021-05-23 15:41:56,Red,136781,3580,Cancelled,Siren,Khasi,0.45
871,5,41,374,Emergency,2020-08-16 12:13:16,2019-11-19 14:04:23,2022-11-14 17:07:06,Red,459178,10914,Expired,SMS,Manipuri,0.73
872,1,9,4956,Drill,2022-08-04 23:58:05,2018-03-07 14:38:57,2024-10-29 00:14:27,Green,198903,5914,Cancelled,Radio,Mizo,0.84
873,1,5,404,Advisory,2022-05-31 09:16:20,2022-07-22 15:44:09,2019-09-09 12:44:41,Yellow,82409,35107,Superseded,Push Notification,Bengali,0.86
874,8,59,3063,Watch,2020-10-26 22:35:20,2022-09-14 23:01:38,2024-03-28 09:22:20,Red,130492,893,Active,SMS,Mizo,0.96
875,1,7,4109,Early Warning,2021-05-21 08:21:48,2019-05-03 14:42:18,2020-05-29 12:41:59,Red,158155,1588,Expired,Push Notification,English,0.49
876,1,8,3096,Watch,2023-07-29 20:55:01,2024-12-17 08:33:48,2024-04-19 17:36:03,Red,459702,17694,Active,SMS,English,0.65
877,5,46,3403,Drill,2018-03-04 14:48:16,2022-08-10 23:55:36,2023-02-23 06:30:52,Green,481907,9951,Active,All,Mizo,0.57
878,6,54,4962,Emergency,2020-08-27 22:33:04,2022-05-11 20:00:17,2024-04-28 22:08:14,Orange,12385,19801,Cancelled,Siren,Hindi,0.37
879,5,42,4721,Advisory,2022-01-04 14:09:28,2021-08-27 12:25:08,2018-10-17 03:14:06,Red,116624,26629,Cancelled,Siren,Bengali,0.94
880,4,35,4151,Early Warning,2020-01-30 23:44:41,2022-03-25 05:36:27,2024-03-10 10:36:56,Red,206483,24427,Active,Siren,Hindi,0.7
881,1,2,3256,Emergency,2024-07-24 01:16:18,2021-02-22 23:53:57,2022-01-21 09:15:20,Yellow,295354,7140,Cancelled,Radio,Hindi,0.87
882,1,6,782,Watch,2022-10-09 14:38:55,2022-03-02 18:59:23,2023-01-18 15:49:18,Yellow,131155,5497,Expired,Siren,Manipuri,0.89
883,4,34,4642,Early Warning,2024-06-21 01:04:28,2024-07-12 06:07:24,2022-03-13 23:53:36,Yellow,132233,26991,Cancelled,Radio,Mizo,0.41
884,2,21,4632,Early Warning,2023-02-04 04:33:05,2020-04-13 02:19:57,2023-11-15 23:45:24,Red,109793,49482,Superseded,All,Assamese,0.52
885,5,42,1932,Drill,2020-09-26 21:58:38,2022-02-09 14:49:01,2022-05-18 06:45:50,Red,290978,48475,Active,SMS,Assamese,0.79
886,3,25,1043,Watch,2024-06-09 13:33:48,2022-06-04 09:27:47,2024-05-13 10:00:54,Green,63789,10891,Expired,Siren,Mizo,0.98
887,1,3,3475,Drill,2022-03-19 11:38:05,2024-10-31 07:28:31,2022-06-18 20:11:53,Yellow,255529,9166,Superseded,Siren,English,0.51
888,3,28,2411,All Clear,2024-02-15 18:50:25,2020-09-28 14:51:11,2023-03-27 01:12:59,Orange,466477,24355,Expired,Push Notification,Bengali,0.67
889,2,14,3042,Emergency,2022-06-02 15:45:49,2021-12-09 02:50:49,2019-10-17 08:45:04,Orange,490939,21638,Expired,Push Notification,Manipuri,0.8
890,3,31,81,Watch,2020-09-14 00:32:10,2019-04-13 02:50:22,2022-01-01 18:32:00,Red,35252,367,Cancelled,Push Notification,Hindi,0.79
891,4,35,3757,Early Warning,2020-10-25 11:46:06,2023-04-26 17:20:48,2021-12-27 04:21:54,Green,311765,10253,Active,Radio,Khasi,0.69
892,2,15,2826,Watch,2023-05-08 16:20:54,2020-05-03 02:12:52,2020-06-01 22:33:41,Green,430411,27929,Cancelled,Radio,Manipuri,0.84
893,8,60,2087,Early Warning,2022-10-10 07:33:55,2023-01-16 06:22:35,2019-04-19 13:23:37,Yellow,54089,47884,Expired,Radio,Hindi,0.48
894,1,7,1038,Advisory,2024-10-11 20:00:48,2022-11-24 12:00:02,2024-07-26 10:54:08,Red,447527,38808,Cancelled,All,Khasi,0.94
895,2,14,1378,Watch,2018-01-09 07:08:53,2018-10-11 18:40:28,2024-10-31 22:24:11,Yellow,322497,9600,Expired,Push Notification,Assamese,0.91
896,2,21,638,All Clear,2018-06-12 03:30:28,2024-11-12 23:45:31,2021-09-28 01:35:22,Yellow,223135,43571,Superseded,Radio,Bengali,0.65
897,1,8,1973,Emergency,2022-10-07 07:26:55,2024-08-01 11:37:47,2021-04-12 19:11:22,Red,370375,31095,Cancelled,Radio,Mizo,0.67
898,4,34,641,Watch,2023-02-24 20:28:43,2023-05-24 01:18:27,2020-05-12 21:33:14,Yellow,373051,9364,Superseded,All,Assamese,0.64
899,6,51,2053,All Clear,2023-10-31 08:42:40,2021-09-14 18:46:26,2023-07-19 23:30:47,Green,182646,11666,Active,Radio,Mizo,0.63
900,5,43,2835,Watch,2024-03-13 08:15:49,2023-04-01 20:55:49,2022-10-06 05:16:02,Red,459530,12516,Superseded,Radio,Hindi,0.95
901,1,1,1605,All Clear,2021-10-05 11:54:58,2019-08-29 11:56:53,2018-01-18 10:39:00,Orange,307431,20341,Cancelled,SMS,Bengali,0.94
902,4,33,107,Early Warning,2023-03-01 04:22:47,2023-07-04 20:04:51,2020-05-04 05:51:49,Orange,336522,31374,Superseded,SMS,Khasi,0.79
903,2,18,469,Drill,2022-11-13 16:54:05,2022-01-02 18:05:04,2023-03-03 13:55:58,Green,331575,29784,Superseded,Push Notification,Assamese,0.82
904,5,42,4470,Early Warning,2024-11-13 14:23:44,2021-02-22 02:26:30,2018-03-31 14:14:24,Green,321446,46747,Expired,Push Notification,Mizo,0.9
905,1,6,3438,Emergency,2019-01-07 01:06:18,2023-06-04 13:48:59,2024-01-17 17:29:45,Green,32776,20593,Active,All,Bengali,0.99
906,2,13,137,Drill,2020-10-30 13:17:57,2019-06-10 17:28:34,2022-12-29 06:31:13,Orange,378706,24002,Active,Siren,Assamese,0.89
907,5,43,504,All Clear,2018-07-21 19:23:18,2019-04-04 07:26:12,2024-03-14 18:58:43,Yellow,139894,5502,Expired,Siren,English,0.49
908,2,13,4141,Drill,2021-06-25 12:00:17,2024-05-09 07:33:48,2018-01-11 00:25:38,Yellow,163239,17941,Cancelled,SMS,Bengali,0.63
909,6,54,706,Early Warning,2022-10-26 02:07:58,2018-12-28 05:05:58,2018-10-09 08:46:17,Red,95783,47811,Active,Push Notification,Bengali,0.71
910,8,62,165,Early Warning,2024-07-10 02:58:43,2019-11-07 19:54:11,2023-06-06 00:40:22,Yellow,196461,30169,Active,Push Notification,Bengali,0.89
911,5,42,1566,Advisory,2024-05-11 02:48:43,2018-06-15 16:58:07,2021-03-24 11:26:15,Yellow,370202,18813,Expired,Radio,Hindi,0.7
912,3,27,1852,Watch,2019-08-08 20:35:11,2019-07-05 06:26:02,2020-07-05 07:44:58,Orange,136076,45715,Superseded,Radio,English,0.64
913,4,38,2979,Drill,2020-12-19 20:49:37,2023-11-05 13:24:20,2019-06-14 15:30:38,Red,19357,38353,Superseded,Push Notification,Manipuri,0.7
914,5,45,3555,Watch,2020-12-13 20:20:38,2020-11-29 02:52:36,2023-12-14 17:58:12,Orange,264218,36150,Cancelled,SMS,Manipuri,0.84
915,2,17,1788,Early Warning,2021-12-24 01:21:35,2018-12-25 05:15:20,2022-05-26 08:32:14,Orange,345255,41360,Expired,Siren,Hindi,0.63
916,2,21,3050,Drill,2022-10-18 13:41:43,2023-01-03 01:35:46,2018-04-16 04:01:22,Red,169115,45959,Active,Radio,Mizo,0.93
917,1,11,3453,Advisory,2022-01-17 07:32:45,2023-07-06 21:31:54,2018-11-08 08:01:37,Orange,98200,23462,Cancelled,Push Notification,Assamese,0.68
918,6,49,179,All Clear,2021-09-25 22:51:43,2022-11-25 11:04:40,2023-11-28 17:33:24,Red,228148,47903,Superseded,Siren,Mizo,0.47
919,6,47,3058,Emergency,2023-02-11 01:28:39,2023-10-10 04:47:26,2021-05-31 08:08:37,Orange,157477,2629,Expired,All,English,0.59
920,6,50,2207,All Clear,2022-11-30 04:37:32,2018-03-30 17:13:41,2019-05-25 14:39:44,Red,268642,10904,Cancelled,All,Khasi,0.96
921,2,13,4653,Watch,2024-05-24 22:00:22,2023-08-24 03:10:05,2020-11-01 01:14:56,Yellow,413537,3525,Active,Radio,Mizo,0.84
922,6,52,2836,Watch,2021-11-26 04:09:33,2021-12-01 23:54:37,2018-01-03 14:52:26,Red,345400,9665,Expired,Push Notification,Bengali,0.52
923,1,12,1935,Early Warning,2019-09-24 16:47:08,2024-02-28 19:22:25,2020-01-31 08:34:46,Red,80912,44873,Cancelled,SMS,Assamese,0.41
924,1,7,3857,Drill,2022-09-05 06:13:37,2019-10-23 04:32:33,2022-01-07 09:41:02,Red,350553,24660,Superseded,Push Notification,Mizo,0.94
925,3,25,1053,Emergency,2020-09-16 02:23:45,2024-07-30 10:28:38,2020-10-13 07:13:35,Yellow,470921,18559,Superseded,All,Assamese,0.67
926,3,23,4001,Watch,2023-09-13 05:37:31,2023-03-06 14:42:50,2019-07-08 12:34:28,Green,402671,15411,Cancelled,Radio,Bengali,0.65
927,1,1,4909,Early Warning,2024-05-24 09:39:20,2023-06-29 17:43:49,2019-12-16 19:31:18,Red,72493,32764,Expired,SMS,Hindi,0.51
928,1,6,2782,Emergency,2021-04-08 06:04:34,2019-04-14 08:33:13,2020-06-04 08:27:55,Yellow,163201,25350,Superseded,SMS,Bengali,0.97
929,3,27,1471,Drill,2019-05-24 02:38:26,2022-05-27 08:18:18,2018-11-27 16:02:14,Red,243853,5415,Cancelled,SMS,Khasi,0.9
930,6,52,101,Watch,2019-05-15 20:21:51,2022-11-21 11:24:40,2022-04-25 02:27:18,Orange,201421,44977,Superseded,SMS,Assamese,0.76
931,5,43,3291,Advisory,2021-08-05 12:40:55,2021-08-13 08:53:42,2020-03-14 14:16:15,Green,389155,41557,Active,All,Mizo,0.86
932,3,29,4113,Drill,2021-03-04 07:52:12,2020-11-07 00:08:45,2022-07-21 06:17:35,Red,191392,7318,Expired,Siren,Manipuri,0.83
933,7,56,656,Advisory,2019-04-13 05:41:02,2024-01-08 07:50:57,2023-01-08 12:59:55,Green,135280,12950,Superseded,Siren,English,0.63
934,1,3,996,Advisory,2022-03-02 04:49:06,2018-06-05 13:45:04,2023-02-06 01:09:04,Red,359964,24202,Cancelled,Siren,Bengali,0.77
935,6,50,193,Watch,2022-08-14 06:15:40,2020-06-30 01:32:08,2021-01-13 19:18:04,Orange,218759,1148,Superseded,Radio,Bengali,0.75
936,4,39,915,All Clear,2021-01-14 22:04:45,2024-04-13 23:59:44,2021-05-15 23:53:59,Green,130452,11484,Active,All,English,0.39
937,1,10,4043,Advisory,2021-09-01 09:11:10,2021-11-24 01:15:26,2023-11-11 14:57:51,Orange,323712,15997,Superseded,SMS,English,0.53
938,1,3,1203,Emergency,2023-03-09 04:41:20,2022-05-12 16:37:59,2024-03-03 17:40:30,Green,41395,22136,Cancelled,Siren,Assamese,0.32
939,8,61,2105,Emergency,2024-02-20 21:56:43,2018-12-28 17:18:32,2024-10-01 18:26:42,Green,100576,37414,Cancelled,Radio,Manipuri,0.66
940,7,55,1997,Advisory,2023-11-27 23:33:50,2022-11-17 07:01:55,2022-01-09 07:21:06,Green,112931,49854,Superseded,Radio,Khasi,0.78
941,1,12,2268,All Clear,2022-04-08 07:15:15,2021-05-23 15:02:13,2019-07-18 03:45:21,Green,355676,18672,Cancelled,SMS,Assamese,0.44
942,6,51,3395,Advisory,2023-08-04 21:20:14,2020-04-09 16:56:08,2021-12-07 18:07:00,Yellow,314190,41605,Cancelled,SMS,Hindi,0.46
943,5,46,2660,All Clear,2019-11-18 19:15:29,2020-06-13 06:15:28,2024-03-12 07:50:26,Green,373410,39932,Superseded,All,Assamese,0.74
944,2,22,4436,All Clear,2021-04-23 16:53:18,2018-02-09 01:04:48,2020-12-01 12:15:33,Red,178670,20948,Cancelled,Siren,Hindi,0.62
945,6,48,4088,Drill,2019-10-17 10:15:45,2021-04-26 21:04:30,2020-03-05 09:49:19,Yellow,211355,2114,Active,Siren,Manipuri,0.99
946,1,6,1701,Advisory,2024-05-12 23:44:05,2020-06-25 15:54:10,2024-05-21 19:59:41,Orange,165427,29589,Superseded,SMS,Hindi,0.74
947,1,11,2881,Emergency,2022-10-22 01:25:58,2024-07-04 14:04:21,2018-03-14 17:27:09,Red,394043,18604,Superseded,Push Notification,Assamese,0.94
948,1,9,3101,Early Warning,2023-03-02 06:16:41,2021-05-14 13:14:11,2019-11-10 06:01:44,Green,110884,7250,Cancelled,Push Notification,Mizo,0.41
949,6,50,3286,Advisory,2022-09-06 00:13:06,2024-05-23 03:33:57,2019-11-08 12:48:38,Red,219346,39272,Cancelled,Radio,Mizo,0.55
950,1,7,2604,Watch,2022-04-10 14:33:03,2021-06-09 01:53:08,2022-03-18 09:26:19,Red,396895,30403,Cancelled,Siren,Hindi,0.95
951,1,12,3278,All Clear,2020-06-15 01:14:42,2020-11-03 20:56:05,2024-06-28 08:32:58,Green,243380,43004,Expired,SMS,Assamese,0.71
952,3,27,3427,Drill,2021-06-28 17:43:24,2018-04-01 05:27:12,2023-04-07 18:44:13,Yellow,117641,9081,Active,All,Manipuri,0.81
953,8,61,188,Watch,2020-10-06 19:16:15,2022-11-04 18:32:34,2023-04-28 08:17:49,Yellow,247518,44850,Active,Radio,English,0.82
954,7,57,3190,Watch,2022-09-12 04:22:49,2021-11-23 05:43:23,2021-02-20 15:25:48,Yellow,379191,15683,Expired,Siren,Khasi,0.94
955,2,21,1087,Early Warning,2020-06-29 06:18:55,2019-10-06 03:34:50,2022-11-30 13:08:42,Green,241890,30093,Expired,All,Assamese,0.99
956,6,51,1449,All Clear,2021-12-04 12:56:30,2020-10-26 04:28:43,2019-05-10 19:46:38,Green,128478,30291,Active,SMS,Khasi,0.32
957,5,44,3329,Emergency,2022-06-03 20:40:29,2018-08-07 14:50:24,2024-08-29 19:53:52,Red,218775,17041,Active,All,Khasi,0.99
958,5,46,195,Drill,2021-09-24 10:30:17,2018-07-05 17:59:14,2020-06-29 04:54:34,Red,425644,26109,Active,Radio,Assamese,0.8
959,4,33,3605,Early Warning,2021-08-24 13:52:39,2019-03-30 13:20:11,2020-03-26 13:21:04,Green,397479,37998,Active,Push Notification,Bengali,0.59
960,2,22,1163,Watch,2020-01-26 04:30:49,2020-04-01 19:07:26,2018-10-29 18:13:02,Red,173128,42076,Active,Siren,Khasi,0.64
961,2,16,2130,Drill,2020-11-29 22:23:36,2021-10-13 13:09:08,2020-10-24 07:53:12,Orange,412910,29515,Cancelled,All,Bengali,0.72
962,6,49,1148,Early Warning,2019-04-05 21:28:03,2019-11-18 16:33:36,2021-02-26 04:39:49,Orange,295556,23771,Cancelled,Radio,Khasi,0.41
963,5,41,2497,Drill,2022-01-16 15:48:22,2020-07-05 03:49:04,2019-04-25 19:58:36,Red,390030,45552,Expired,Push Notification,Manipuri,0.5
964,3,25,2108,Early Warning,2023-06-02 08:26:26,2019-10-20 14:39:56,2022-12-18 00:48:31,Yellow,158936,9723,Active,Radio,Bengali,0.8
965,6,48,4234,All Clear,2021-06-14 21:58:09,2019-06-14 10:41:58,2020-12-05 10:25:18,Red,337663,10215,Cancelled,All,Bengali,0.56
966,8,60,3976,All Clear,2023-07-08 10:27:23,2022-02-06 16:26:19,2019-06-29 21:49:45,Yellow,253854,24895,Active,SMS,Bengali,0.46
967,2,14,1838,All Clear,2019-04-12 07:24:41,2024-08-14 04:57:18,2024-03-14 04:25:11,Orange,413907,7837,Expired,Radio,Assamese,0.62
968,8,59,100,Drill,2024-05-07 12:55:25,2019-09-22 05:43:48,2021-02-03 13:01:22,Yellow,348355,2152,Superseded,SMS,Bengali,0.66
969,2,18,4533,Early Warning,2022-07-20 10:08:19,2021-10-19 15:21:32,2022-10-27 16:22:33,Green,274275,16251,Expired,Radio,Mizo,0.82
970,5,45,2008,Watch,2019-12-11 10:15:32,2018-05-05 23:58:27,2023-03-08 12:35:58,Red,139436,36174,Cancelled,SMS,Khasi,0.43
971,6,54,522,Early Warning,2019-02-16 19:33:55,2019-10-08 09:37:27,2019-12-09 02:03:38,Orange,127995,38382,Superseded,Siren,English,0.68
972,6,51,419,Watch,2020-09-17 15:48:03,2022-01-26 00:33:43,2018-12-28 15:53:22,Green,231781,5464,Superseded,Push Notification,English,0.68
973,2,14,4902,All Clear,2022-02-22 18:33:06,2018-01-30 20:00:44,2022-12-13 07:42:21,Orange,225415,7308,Superseded,Push Notification,Manipuri,0.86
974,5,40,3738,Emergency,2018-01-02 12:55:08,2023-02-12 08:12:55,2020-04-21 04:04:34,Orange,258366,41361,Expired,Radio,Manipuri,0.64
975,2,19,2455,Advisory,2020-03-31 20:10:20,2020-05-05 06:59:13,2023-10-07 23:36:14,Yellow,294364,32968,Cancelled,Siren,English,0.98
976,8,61,1493,Advisory,2022-02-23 20:37:58,2022-05-03 02:38:51,2022-01-01 19:29:40,Green,260035,10690,Expired,SMS,Mizo,0.6
977,2,20,775,Drill,2021-10-08 23:15:46,2023-11-05 07:22:13,2022-08-01 08:11:17,Orange,431357,11970,Expired,SMS,Mizo,0.46
978,2,20,4111,All Clear,2020-08-06 19:04:05,2022-01-06 01:35:52,2018-11-16 18:03:22,Orange,359104,19664,Expired,All,Khasi,0.41
979,1,11,1573,Watch,2024-07-09 02:43:51,2019-05-06 17:05:45,2023-03-11 14:05:07,Red,347488,10297,Cancelled,All,Assamese,0.76
980,6,51,3416,Watch,2024-08-19 14:44:25,2020-03-27 15:55:13,2022-01-06 09:30:14,Orange,489957,19897,Cancelled,Push Notification,Bengali,0.53
981,3,23,2584,Emergency,2021-10-29 04:38:59,2022-10-17 01:40:43,2021-05-07 16:38:00,Orange,399971,27336,Active,Siren,English,0.98
982,3,23,1147,Early Warning,2021-11-20 12:09:59,2024-12-18 02:14:57,2023-12-29 07:18:57,Orange,106117,13671,Cancelled,Radio,Mizo,0.56
983,2,21,3503,Advisory,2024-09-23 07:16:03,2022-09-30 20:34:42,2022-10-06 18:33:28,Red,387557,13071,Expired,All,Manipuri,0.61
984,2,18,876,Watch,2018-08-20 05:40:23,2020-10-08 05:46:27,2024-02-24 19:32:20,Yellow,251591,47268,Superseded,SMS,Mizo,0.76
985,5,45,3990,All Clear,2020-02-16 05:52:39,2022-12-26 23:51:16,2021-03-11 03:26:27,Orange,31199,6647,Active,Radio,Bengali,0.68
986,3,29,2329,Watch,2018-12-11 23:03:20,2024-05-18 15:05:40,2018-08-18 21:00:07,Red,170255,48001,Superseded,Push Notification,Mizo,0.41
987,2,20,4703,Emergency,2019-09-14 08:39:22,2020-02-01 21:25:32,2020-10-15 13:40:47,Green,300377,35821,Cancelled,All,Manipuri,0.87
988,5,45,180,Drill,2019-03-13 10:01:14,2024-01-20 06:01:44,2024-04-15 04:10:37,Green,164706,23673,Superseded,Push Notification,Hindi,0.52
989,2,15,3775,Watch,2021-01-30 07:52:21,2023-10-07 10:38:52,2023-12-28 10:32:31,Orange,135904,16735,Active,Push Notification,English,0.75
990,3,28,3247,Early Warning,2024-11-09 08:32:55,2022-06-30 16:09:52,2018-07-07 07:16:35,Red,478765,33571,Cancelled,SMS,Manipuri,0.61
991,1,3,4131,All Clear,2024-10-16 03:56:24,2022-03-09 14:53:07,2020-05-28 03:38:41,Orange,301468,21872,Active,SMS,Manipuri,0.36
992,4,36,921,All Clear,2022-07-11 03:04:52,2018-09-30 13:38:31,2022-11-19 02:58:03,Yellow,483754,30700,Expired,SMS,Mizo,0.78
993,6,53,2269,Drill,2021-12-17 22:14:22,2019-04-18 21:15:02,2023-07-14 20:35:51,Red,173340,4785,Expired,All,Bengali,0.62
994,6,50,3543,All Clear,2018-03-08 17:55:41,2020-07-01 20:20:39,2018-01-20 17:47:06,Red,327093,25555,Active,SMS,Hindi,0.53
995,1,10,2121,All Clear,2019-11-24 11:52:54,2021-11-23 04:33:40,2023-07-24 16:53:43,Orange,348962,13128,Cancelled,All,Hindi,0.43
996,1,10,1689,Early Warning,2020-08-16 10:03:36,2018-03-23 11:26:23,2022-07-16 06:49:50,Yellow,315680,2585,Expired,All,Bengali,0.97
997,2,21,2584,Watch,2019-12-16 21:47:12,2020-07-30 04:03:40,2019-05-23 07:42:13,Yellow,222546,17765,Expired,Push Notification,Mizo,0.55
998,1,9,3602,Early Warning,2019-01-18 11:45:15,2021-10-11 07:29:40,2024-04-30 08:21:50,Red,447940,48490,Expired,Siren,English,0.61
999,3,26,1628,All Clear,2019-10-01 21:03:10,2024-12-05 13:28:43,2019-01-23 06:31:36,Red,48781,11475,Active,Push Notification,Mizo,0.45
1000,8,61,4007,Drill,2024-04-20 02:16:13,2020-09-11 12:15:15,2021-07-13 18:10:38,Orange,100229,13784,Active,All,Bengali,0.63
1001,4,33,918,Early Warning,2021-11-20 16:56:29,2021-03-26 17:01:33,2024-11-01 02:42:58,Green,220308,26234,Active,Radio,Bengali,0.96
1002,6,54,535,Watch,2021-09-10 20:29:12,2023-12-19 14:18:02,2018-09-20 09:09:29,Orange,341114,42177,Superseded,Siren,English,0.97
1003,2,18,2649,Watch,2018-05-21 22:59:40,2019-07-06 00:47:58,2022-10-21 02:04:48,Yellow,4962,8385,Expired,Push Notification,Khasi,0.63
1004,1,3,502,Drill,2023-01-27 08:13:42,2023-08-16 12:10:02,2020-06-29 13:58:13,Yellow,194979,40472,Superseded,Push Notification,Assamese,0.42
1005,8,60,4249,Advisory,2019-04-16 07:44:53,2018-12-06 20:49:36,2024-09-09 17:55:29,Yellow,85230,1964,Superseded,Push Notification,Bengali,0.58
1006,3,24,2173,Early Warning,2023-04-17 05:14:12,2024-08-30 12:45:44,2018-03-22 06:01:36,Orange,173944,1867,Superseded,SMS,Khasi,0.91
1007,8,59,3340,All Clear,2018-05-25 11:15:01,2024-02-23 19:11:54,2022-06-20 18:05:36,Red,89092,10365,Active,SMS,Bengali,0.93
1008,1,6,3440,Emergency,2018-07-26 01:36:16,2021-12-13 22:39:29,2021-07-13 14:22:20,Green,448964,35174,Superseded,Push Notification,Mizo,0.72
1009,5,41,6,Emergency,2020-08-25 13:58:11,2020-03-09 00:59:26,2019-02-03 07:10:52,Red,169380,43016,Cancelled,All,Khasi,0.8
1010,3,31,4038,Watch,2024-05-15 04:31:43,2019-11-13 09:01:22,2022-05-19 05:21:05,Yellow,68156,9345,Expired,SMS,Khasi,0.37
1011,3,26,2313,Watch,2023-03-26 18:48:32,2019-12-04 20:26:22,2020-02-18 19:21:45,Green,96897,47843,Cancelled,Radio,Khasi,0.98
1012,5,43,4840,Watch,2022-06-04 07:48:57,2020-10-15 21:16:40,2021-08-04 04:09:47,Orange,196587,43332,Expired,All,Khasi,0.95
1013,1,3,3155,Watch,2023-05-18 04:24:16,2019-07-20 23:45:50,2018-02-14 11:54:21,Green,75049,41591,Active,Push Notification,Hindi,0.58
1014,1,1,4687,Advisory,2022-02-02 17:17:05,2019-08-07 07:31:30,2023-05-08 08:13:59,Red,455981,37827,Superseded,Siren,Hindi,0.62
1015,2,17,4472,Drill,2021-09-28 14:33:45,2020-05-17 18:30:16,2023-07-30 10:40:39,Green,403021,33717,Cancelled,Radio,Hindi,0.48
1016,6,52,3993,Drill,2024-07-26 13:04:23,2018-10-27 19:48:57,2023-09-07 10:38:08,Red,449002,22437,Cancelled,SMS,Mizo,0.56
1017,5,42,209,Early Warning,2022-08-16 00:47:06,2019-12-07 15:40:17,2021-11-22 04:42:33,Yellow,435299,7283,Active,All,Khasi,0.51
1018,7,56,2848,Emergency,2020-08-11 21:50:47,2022-09-16 00:55:45,2018-09-15 18:29:09,Red,454640,33077,Expired,Siren,Mizo,0.96
1019,4,33,1597,Early Warning,2019-03-17 06:32:44,2019-09-10 06:26:22,2024-03-28 15:11:10,Yellow,390482,23195,Expired,All,Mizo,0.67
1020,1,4,4368,Drill,2021-01-31 17:36:09,2022-07-08 08:32:30,2019-06-03 02:02:23,Yellow,196431,10403,Active,Push Notification,Khasi,0.74
1021,5,40,1854,All Clear,2024-05-22 14:23:12,2023-03-10 03:57:30,2021-08-10 08:54:18,Yellow,450093,13251,Cancelled,SMS,Assamese,0.51
1022,7,58,4275,Emergency,2021-08-01 19:43:50,2020-09-27 04:11:26,2019-02-27 21:50:00,Red,378398,19660,Active,SMS,Bengali,0.8
1023,5,43,2553,Early Warning,2019-10-11 13:53:08,2024-06-04 05:31:27,2021-06-28 23:49:02,Green,73659,9423,Superseded,Push Notification,Mizo,0.98
1024,8,61,1987,Drill,2021-04-30 12:50:23,2021-07-25 19:35:46,2021-04-29 19:02:53,Yellow,310172,12672,Expired,Radio,English,0.46
1025,8,61,2263,Early Warning,2019-03-13 07:59:24,2024-03-05 12:54:53,2024-04-17 00:40:22,Red,307295,44060,Expired,Push Notification,Assamese,0.4
1026,2,18,2683,All Clear,2018-02-03 10:59:50,2020-08-24 17:48:55,2022-06-17 18:14:20,Green,53898,41192,Superseded,Push Notification,Khasi,0.61
1027,6,53,1023,Watch,2022-08-09 15:13:54,2018-08-07 17:36:28,2024-06-01 08:58:31,Red,477467,47186,Cancelled,Radio,English,0.57
1028,7,58,2093,Emergency,2018-12-17 13:46:45,2022-12-23 11:09:50,2019-06-08 08:59:24,Red,459503,46514,Superseded,Radio,Hindi,0.67
1029,1,6,4943,Watch,2023-02-05 04:10:48,2023-08-28 19:19:43,2022-03-17 10:57:48,Orange,438776,45979,Superseded,Siren,English,0.75
1030,7,56,2296,Advisory,2024-02-28 13:15:27,2023-06-13 05:39:00,2022-04-27 18:04:07,Orange,172501,27501,Cancelled,Radio,English,0.31
1031,5,46,3978,Watch,2020-01-25 04:19:14,2023-01-11 10:27:00,2021-09-09 16:00:50,Red,349081,17416,Active,Siren,Manipuri,0.72
1032,4,37,3079,Early Warning,2023-02-28 17:26:59,2023-02-13 07:11:37,2018-12-01 21:58:38,Red,309609,42118,Active,All,English,0.38
1033,6,49,1955,Emergency,2021-01-25 15:48:10,2024-02-10 15:30:34,2024-05-01 11:45:35,Red,21000,22760,Superseded,Siren,Manipuri,0.9
1034,1,3,3267,Drill,2024-12-01 09:39:15,2018-03-21 15:53:58,2019-11-03 05:04:31,Red,297334,11844,Active,Radio,English,0.5
1035,3,27,233,Advisory,2024-03-15 02:27:27,2021-01-19 02:19:43,2024-12-17 13:58:23,Red,358194,22547,Cancelled,Push Notification,Bengali,0.61
1036,1,4,2659,Watch,2021-11-24 14:12:33,2019-10-13 12:34:49,2022-10-02 03:07:13,Orange,404225,35866,Cancelled,Siren,Mizo,0.54
1037,6,53,1410,Advisory,2022-04-02 22:30:13,2020-12-29 00:27:34,2023-03-31 02:19:07,Green,282290,48487,Expired,Radio,Mizo,0.51
1038,8,59,741,Advisory,2023-06-10 16:58:38,2023-04-16 20:44:52,2022-03-25 17:22:27,Red,335369,12202,Superseded,Push Notification,Bengali,0.9
1039,3,32,2873,Advisory,2020-11-13 00:38:03,2024-06-02 23:47:36,2019-05-10 16:06:27,Red,88465,21152,Active,SMS,Hindi,0.71
1040,8,59,4147,All Clear,2023-12-16 12:48:22,2022-07-31 07:09:14,2019-07-07 17:47:23,Orange,208751,40532,Active,Push Notification,English,0.36
1041,4,39,3315,Drill,2020-03-29 06:17:38,2020-11-22 20:27:44,2022-07-14 10:31:00,Yellow,185592,26001,Expired,Siren,English,0.89
1042,6,48,2408,Advisory,2023-03-21 19:54:45,2019-11-30 12:09:23,2021-10-06 21:52:46,Green,433232,2672,Expired,All,Hindi,0.77
1043,2,18,216,Drill,2022-03-17 08:03:54,2019-11-12 07:58:17,2020-02-02 06:45:04,Yellow,458923,14800,Superseded,Push Notification,Hindi,0.31
1044,2,16,171,Emergency,2023-03-18 02:28:12,2021-07-11 21:17:13,2022-09-25 10:24:03,Red,289101,37230,Expired,Siren,Hindi,0.89
1045,4,38,3274,Drill,2023-05-03 19:31:50,2020-03-23 10:16:39,2024-01-05 18:47:45,Red,417851,23853,Cancelled,Siren,Bengali,0.56
1046,8,60,1923,Early Warning,2020-09-21 16:27:59,2023-11-24 16:40:07,2019-02-22 20:30:36,Orange,168743,46034,Expired,All,Manipuri,0.39
1047,8,59,4158,All Clear,2024-01-10 18:41:46,2020-08-31 23:07:11,2018-11-22 15:01:21,Red,423333,39589,Expired,Radio,Khasi,0.79
1048,4,36,1835,All Clear,2021-12-16 14:16:16,2018-06-15 06:59:16,2021-11-30 21:53:50,Orange,324532,28696,Superseded,All,Assamese,0.35
1049,1,11,182,All Clear,2022-10-06 17:32:56,2023-07-14 08:12:37,2018-06-28 18:55:22,Red,469779,22780,Superseded,Push Notification,English,0.78
1050,1,5,2262,Drill,2022-11-06 03:54:35,2018-03-27 16:17:16,2024-01-27 02:46:53,Orange,313487,32165,Superseded,Push Notification,Assamese,0.45
1051,3,29,2539,Advisory,2022-07-31 17:41:34,2019-12-24 13:15:16,2022-11-06 11:38:41,Orange,418700,33289,Superseded,Push Notification,Mizo,0.68
1052,5,44,4808,All Clear,2020-09-03 23:43:55,2018-06-14 13:47:52,2024-01-22 11:02:48,Green,395657,23484,Active,SMS,Manipuri,0.34
1053,3,27,1321,Watch,2024-03-25 23:21:34,2023-02-12 20:59:22,2024-07-31 21:48:12,Yellow,397940,11753,Expired,SMS,Khasi,0.95
1054,6,47,979,Early Warning,2020-10-27 20:03:51,2021-06-07 19:15:47,2022-11-19 08:45:26,Green,367588,44915,Superseded,Siren,Assamese,0.79
1055,1,9,2813,Advisory,2019-07-23 12:41:36,2021-01-08 10:25:19,2019-07-06 04:43:09,Green,370909,28204,Cancelled,Siren,English,0.43
1056,3,26,1644,Drill,2019-12-06 03:31:07,2023-05-21 16:26:51,2018-09-11 10:10:51,Orange,178211,29604,Active,All,Bengali,0.31
1057,4,39,499,Drill,2022-09-27 22:30:12,2021-03-05 07:51:20,2018-10-24 16:16:28,Green,88449,113,Active,SMS,Bengali,0.57
1058,1,2,4654,Early Warning,2022-10-17 07:31:00,2019-06-20 14:33:02,2019-08-09 14:14:36,Orange,333799,40689,Superseded,Push Notification,Manipuri,0.45
1059,3,23,795,All Clear,2023-10-24 13:40:24,2021-03-08 12:00:38,2022-11-19 07:25:28,Yellow,92861,28881,Expired,All,Hindi,0.87
1060,3,29,249,All Clear,2023-04-17 17:50:30,2024-10-01 18:38:41,2019-01-09 16:57:22,Green,423307,20425,Cancelled,SMS,Bengali,0.78
1061,4,38,4248,Emergency,2019-06-05 01:09:10,2019-08-24 03:01:51,2023-02-19 00:28:22,Green,81497,40186,Cancelled,Siren,Khasi,0.68
1062,3,25,3670,Advisory,2018-12-28 14:02:35,2020-02-04 23:39:21,2021-02-10 04:05:05,Green,74224,15692,Superseded,Push Notification,Mizo,0.58
1063,3,23,481,All Clear,2022-02-01 14:57:53,2018-10-10 13:58:56,2023-08-24 11:05:06,Green,343405,21007,Superseded,All,Khasi,0.44
1064,2,21,1110,Advisory,2021-10-23 14:11:06,2023-04-30 23:14:29,2021-08-17 12:39:49,Yellow,212037,28517,Superseded,SMS,Assamese,0.32
1065,1,7,2634,All Clear,2022-10-10 18:03:22,2021-04-22 23:40:29,2020-08-08 09:22:37,Red,260993,18821,Active,All,Mizo,0.33
1066,8,61,731,Drill,2020-08-12 04:30:50,2020-09-01 11:42:35,2024-04-15 19:00:05,Yellow,25242,35015,Active,SMS,Bengali,0.57
1067,3,23,4406,Drill,2018-06-12 21:51:21,2022-04-29 11:10:29,2022-06-16 23:06:41,Red,445336,11684,Cancelled,SMS,Hindi,0.37
1068,8,61,1522,Early Warning,2019-11-20 09:14:36,2024-01-28 10:16:36,2019-09-25 14:07:48,Orange,259766,13548,Active,SMS,Assamese,0.44
1069,5,45,953,Watch,2020-06-21 08:54:05,2023-08-12 06:54:26,2024-12-02 21:13:38,Green,479951,21676,Expired,Siren,Mizo,0.46
1070,8,59,3293,Watch,2018-05-20 01:18:28,2023-02-04 06:09:28,2020-02-04 20:00:04,Yellow,326083,43812,Cancelled,Siren,Khasi,0.7
1071,7,56,2538,Emergency,2019-09-29 12:40:57,2023-11-15 15:06:05,2018-02-01 18:36:37,Orange,218144,27108,Superseded,Radio,Mizo,0.93
1072,6,53,4000,Drill,2020-02-27 08:46:24,2023-11-22 14:16:04,2021-05-13 16:16:01,Green,22014,45613,Superseded,Push Notification,Khasi,0.78
1073,1,5,938,Emergency,2018-12-25 03:46:50,2018-07-26 14:37:23,2019-07-24 16:12:19,Yellow,281611,21455,Expired,Radio,Khasi,0.8
1074,5,45,3263,Advisory,2020-06-03 20:43:59,2022-11-07 06:21:30,2020-03-23 10:47:35,Orange,56981,49872,Active,Siren,Mizo,0.92
1075,2,13,709,Watch,2022-09-20 13:09:24,2019-01-30 22:23:00,2022-05-30 01:41:53,Red,18814,30733,Superseded,SMS,English,0.46
1076,6,54,3180,Drill,2019-07-28 03:42:04,2024-11-10 10:13:19,2018-07-29 09:44:10,Green,126847,28570,Cancelled,Siren,Khasi,0.4
1077,4,39,337,Watch,2023-08-22 11:40:25,2024-03-02 05:13:09,2020-09-14 17:55:53,Yellow,23041,37276,Active,Push Notification,Bengali,0.9
1078,2,17,1438,Watch,2020-12-23 18:37:54,2023-06-25 06:11:59,2018-06-25 07:35:18,Red,205260,24905,Expired,Radio,Manipuri,0.34
1079,1,12,1593,Early Warning,2020-11-09 13:40:17,2021-09-30 16:20:04,2018-08-04 13:33:44,Red,442296,16107,Cancelled,All,Hindi,0.4
1080,8,62,2602,Drill,2018-06-26 04:50:15,2018-07-22 08:32:43,2021-06-27 14:09:41,Green,271705,35014,Active,All,Khasi,0.42
1081,8,60,2636,Watch,2021-02-24 16:56:56,2018-11-19 11:20:13,2023-10-28 02:20:40,Green,122606,386,Superseded,SMS,Manipuri,0.34
1082,3,25,4645,Drill,2019-01-07 17:09:38,2018-04-20 08:20:45,2022-10-18 03:57:07,Yellow,286142,4844,Active,Siren,Manipuri,0.75
1083,2,19,3169,Drill,2021-10-29 01:54:54,2022-03-05 02:58:44,2023-03-19 07:24:03,Yellow,131194,22619,Superseded,Siren,Hindi,0.62
1084,7,57,2951,Advisory,2019-11-27 10:42:29,2023-06-03 09:06:46,2024-03-21 01:42:36,Yellow,91511,25457,Cancelled,Push Notification,Bengali,0.82
1085,3,28,2457,Emergency,2019-03-24 08:12:30,2021-06-28 23:30:47,2024-01-18 00:34:32,Green,461371,35487,Expired,Siren,Hindi,0.89
1086,3,23,1705,Emergency,2021-06-14 18:04:16,2021-12-01 23:26:55,2024-03-28 17:56:35,Red,237241,29090,Superseded,Siren,Bengali,0.54
1087,5,43,3268,Watch,2019-02-18 13:44:58,2019-11-06 01:39:30,2024-01-23 22:33:04,Yellow,100220,37249,Expired,All,Bengali,0.93
1088,4,36,3345,Watch,2021-03-10 12:21:15,2021-05-05 11:29:42,2019-03-16 02:26:23,Orange,246637,7120,Superseded,Radio,Mizo,0.97
1089,7,56,3377,Watch,2018-06-08 02:18:49,2020-11-15 03:28:51,2022-09-11 01:13:01,Yellow,466676,10270,Superseded,All,Assamese,0.43
1090,3,29,196,Emergency,2023-11-27 02:07:28,2022-10-29 19:52:53,2023-09-04 06:38:35,Yellow,90456,17912,Expired,Siren,Manipuri,0.85
1091,2,13,1235,Emergency,2021-07-01 19:59:07,2020-02-03 08:36:23,2024-04-13 07:59:33,Orange,68548,49979,Superseded,Radio,Manipuri,0.95
1092,5,40,4347,Drill,2024-04-03 13:15:20,2018-10-29 13:39:42,2024-09-11 00:09:33,Green,34366,5619,Active,SMS,Mizo,0.91
1093,2,22,737,Watch,2020-08-31 08:53:05,2024-04-29 05:39:53,2019-04-13 21:46:07,Orange,111779,20156,Active,Radio,Manipuri,0.94
1094,4,38,3659,Drill,2022-01-16 01:04:44,2019-06-29 09:12:02,2020-06-19 04:39:31,Orange,159085,6651,Expired,Push Notification,Hindi,0.59
1095,4,35,3357,Drill,2019-05-07 18:14:37,2020-05-23 18:22:21,2023-11-14 15:25:22,Red,444693,16344,Active,Push Notification,Assamese,0.37
1096,1,3,1111,Emergency,2021-03-29 13:37:37,2022-01-21 14:45:13,2019-06-14 14:15:58,Red,402301,1307,Cancelled,Siren,Manipuri,0.7
1097,3,29,163,Advisory,2022-03-08 20:48:27,2018-09-22 02:50:34,2021-02-23 10:49:32,Orange,36218,11615,Expired,All,Bengali,0.77
1098,8,59,1225,Drill,2018-12-11 18:39:29,2020-09-23 09:01:10,2020-06-27 07:09:20,Yellow,373082,5444,Cancelled,All,Mizo,0.65
1099,5,40,4836,Advisory,2021-07-21 20:51:07,2020-02-25 03:51:14,2019-08-20 14:17:00,Yellow,269281,18366,Active,Siren,Bengali,0.93
1100,1,4,1957,Advisory,2023-12-17 10:10:33,2021-10-26 18:43:35,2021-09-07 03:04:03,Orange,177056,2651,Cancelled,Siren,Khasi,0.36
1101,4,36,258,Drill,2019-02-10 21:57:32,2022-11-18 06:38:18,2018-03-01 16:33:45,Green,158807,24947,Expired,Siren,Assamese,0.57
1102,5,45,2215,Advisory,2023-12-06 01:21:23,2021-02-13 14:08:06,2024-10-31 06:54:30,Red,268841,27820,Superseded,Radio,Hindi,0.96
1103,6,47,2143,Emergency,2022-09-13 04:38:09,2020-05-25 00:41:07,2020-04-08 12:32:43,Yellow,43776,29482,Active,Radio,Mizo,0.66
1104,1,8,189,Early Warning,2024-11-23 22:16:50,2020-01-25 20:29:15,2018-08-20 04:45:25,Yellow,92955,24470,Active,Push Notification,Manipuri,0.86
1105,6,50,716,Drill,2018-08-23 07:05:33,2018-02-11 18:41:51,2024-04-07 05:40:59,Green,423193,22356,Active,Push Notification,Manipuri,0.74
1106,7,56,3775,Drill,2023-05-15 10:59:14,2018-11-25 19:27:39,2023-03-19 04:10:14,Orange,64051,3680,Expired,Push Notification,Khasi,0.95
1107,1,12,752,Early Warning,2024-02-10 12:55:46,2021-09-07 04:32:09,2024-09-25 09:25:54,Green,359552,15274,Expired,SMS,Khasi,0.36
1108,2,21,4337,Watch,2019-08-22 12:10:26,2024-01-10 10:01:28,2022-03-19 20:16:23,Red,317534,46286,Expired,Siren,Bengali,0.81
1109,4,38,502,All Clear,2021-10-06 20:24:32,2018-01-20 14:45:38,2018-09-05 04:17:48,Yellow,92296,12957,Cancelled,Push Notification,Manipuri,0.7
1110,2,13,1016,Watch,2023-12-24 17:38:37,2019-08-05 03:18:48,2020-09-25 13:43:37,Green,396611,14923,Expired,Siren,Khasi,0.89
1111,2,19,4928,Watch,2021-07-04 21:58:23,2021-08-18 03:52:59,2020-02-19 16:10:22,Orange,432358,22594,Expired,All,English,0.76
1112,8,62,2062,Early Warning,2020-05-24 10:22:07,2018-07-11 10:41:19,2018-07-15 01:26:17,Yellow,259057,22559,Active,All,Mizo,0.87
1113,1,6,3654,Advisory,2018-02-07 06:42:21,2023-01-02 06:47:39,2024-07-24 14:43:01,Green,480522,23689,Active,All,Bengali,0.81
1114,2,21,3693,Advisory,2021-01-17 14:48:19,2022-04-02 11:57:17,2020-07-21 20:03:06,Red,400348,32052,Cancelled,All,Khasi,0.43
1115,4,38,1398,Emergency,2018-05-13 15:54:14,2021-12-15 12:47:53,2021-12-05 06:23:22,Orange,170162,26426,Superseded,Siren,Assamese,0.41
1116,6,48,3159,Watch,2021-07-27 15:25:54,2024-09-15 01:19:16,2020-09-11 00:36:57,Green,200093,41431,Expired,Siren,Bengali,0.31
1117,6,51,1416,Watch,2019-04-15 06:15:28,2018-10-22 16:14:45,2018-02-20 22:04:46,Yellow,205249,30951,Expired,Radio,Bengali,0.44
1118,3,32,3214,All Clear,2019-05-07 20:55:19,2020-05-12 16:32:45,2019-12-09 13:28:21,Orange,99686,31885,Superseded,Siren,Assamese,0.96
1119,1,11,3993,Advisory,2023-08-31 12:50:29,2018-11-26 08:47:27,2018-07-27 20:52:43,Green,499720,21186,Superseded,All,Bengali,0.4
1120,4,34,4049,Emergency,2024-11-01 18:24:10,2022-03-04 22:50:36,2018-02-10 06:56:00,Yellow,161584,41386,Expired,Radio,Khasi,0.52
1121,5,40,3515,All Clear,2023-03-16 06:11:48,2019-02-07 02:51:25,2022-07-04 12:34:35,Green,147895,22354,Cancelled,Push Notification,Bengali,0.7
1122,3,31,518,Advisory,2018-02-25 00:32:14,2021-07-19 13:49:00,2020-02-04 15:16:50,Red,109915,21377,Expired,Radio,Khasi,0.94
1123,3,31,2299,All Clear,2022-09-21 07:28:56,2024-10-02 07:21:41,2020-10-25 13:40:34,Orange,366225,12738,Expired,Radio,Mizo,0.74
1124,8,59,1876,Watch,2024-01-10 00:07:37,2022-02-26 23:45:20,2022-10-17 02:32:40,Yellow,246385,1271,Cancelled,All,English,0.57
1125,1,10,2635,Emergency,2018-09-10 14:44:21,2023-02-16 05:05:45,2024-03-11 06:42:07,Red,139564,4386,Superseded,Siren,Mizo,0.44
1126,6,50,2263,Advisory,2024-01-21 19:40:47,2024-08-13 09:56:06,2018-07-03 08:56:37,Yellow,248479,16160,Expired,SMS,Bengali,0.55
1127,5,40,3954,Advisory,2022-10-12 16:39:11,2020-09-21 07:35:20,2022-02-14 21:40:50,Yellow,164814,39634,Expired,Push Notification,Manipuri,0.72
1128,2,19,497,All Clear,2024-04-04 02:28:22,2024-10-17 22:27:41,2022-04-16 06:36:04,Yellow,148188,16267,Superseded,Siren,Khasi,0.87
1129,1,1,2443,Watch,2020-03-21 20:40:00,2020-07-08 23:04:04,2018-03-20 13:17:21,Yellow,15210,42705,Superseded,SMS,Bengali,0.63
1130,8,59,1210,All Clear,2021-10-19 19:15:17,2019-05-03 17:09:32,2023-01-20 00:17:51,Red,232956,49706,Cancelled,SMS,Bengali,0.62
1131,2,13,4969,Watch,2021-11-09 10:59:41,2022-12-28 03:08:36,2019-02-04 08:18:54,Orange,169342,1111,Active,SMS,Mizo,0.53
1132,3,31,3022,Drill,2019-03-17 09:51:28,2021-03-11 04:11:33,2022-09-06 04:27:05,Orange,13451,41214,Superseded,Radio,Assamese,0.42
1133,5,40,283,Advisory,2023-06-23 15:51:30,2022-10-24 07:27:06,2024-06-08 08:05:07,Orange,298173,2580,Active,Push Notification,Assamese,0.34
1134,1,5,1147,All Clear,2019-04-16 21:52:23,2019-05-23 14:37:29,2024-01-27 20:47:49,Green,123314,6020,Cancelled,Radio,Bengali,0.36
1135,2,22,570,All Clear,2022-03-11 00:09:30,2018-07-13 02:16:24,2022-06-19 02:55:38,Red,218388,42062,Superseded,Push Notification,Manipuri,0.88
1136,6,53,1698,Early Warning,2021-10-25 10:26:44,2024-06-27 19:48:41,2020-03-21 03:16:44,Yellow,119321,15680,Active,All,English,0.34
1137,6,54,1848,Early Warning,2022-01-27 05:57:16,2019-11-12 09:53:27,2024-06-14 15:55:40,Green,122083,10002,Expired,All,Bengali,0.53
1138,6,49,3243,Emergency,2018-03-01 19:48:40,2018-03-15 01:15:58,2023-09-12 12:07:54,Orange,374830,45686,Superseded,All,English,0.33
1139,4,38,295,All Clear,2019-10-11 19:59:11,2022-03-07 22:17:24,2018-01-23 05:19:11,Yellow,183276,45994,Active,All,Bengali,0.66
1140,6,54,1345,Watch,2021-05-18 23:59:54,2022-07-25 00:12:21,2018-01-23 20:03:04,Yellow,479928,41135,Cancelled,Radio,Manipuri,0.56
1141,3,25,1310,Advisory,2019-09-19 07:20:07,2019-09-01 05:51:02,2020-10-13 03:13:04,Orange,470872,17061,Superseded,SMS,Khasi,0.5
1142,1,2,3650,Watch,2023-02-18 14:22:05,2019-07-29 06:04:32,2018-12-17 03:02:09,Red,21941,25392,Active,Push Notification,Hindi,0.83
1143,6,48,2447,All Clear,2023-11-13 23:28:27,2024-12-16 00:05:00,2020-07-31 12:57:07,Yellow,189335,30394,Active,Push Notification,Manipuri,0.92
1144,6,54,2068,Advisory,2019-11-05 14:13:52,2018-02-08 09:39:12,2019-11-04 09:42:34,Green,435042,11856,Cancelled,Push Notification,Assamese,0.96
1145,3,25,2682,All Clear,2021-11-23 14:19:49,2024-05-31 03:46:28,2019-05-29 10:28:34,Red,482874,32222,Superseded,All,Manipuri,0.5
1146,5,43,2036,Early Warning,2018-08-30 07:48:08,2018-04-07 22:26:08,2023-04-09 00:37:14,Green,26329,734,Cancelled,SMS,Bengali,0.61
1147,6,47,4654,Early Warning,2019-05-11 12:13:38,2021-02-17 11:46:47,2019-10-31 22:34:32,Green,338670,12503,Superseded,Radio,English,0.5
1148,5,42,184,Early Warning,2020-07-13 04:57:54,2020-07-27 10:29:20,2019-03-17 16:12:50,Green,137843,29945,Expired,SMS,Khasi,0.82
1149,5,44,249,Early Warning,2022-01-20 10:46:27,2018-12-16 19:04:41,2018-09-25 11:43:42,Yellow,380108,15388,Superseded,All,Khasi,0.69
1150,2,18,185,Early Warning,2023-12-24 18:17:14,2024-03-22 11:40:25,2023-11-20 08:27:36,Red,80470,14121,Active,Siren,Khasi,0.56
1151,1,3,4075,Emergency,2021-09-05 16:36:24,2019-06-28 18:39:08,2018-02-11 05:24:47,Red,302488,2885,Active,Radio,Khasi,0.5
1152,3,31,1661,Early Warning,2024-10-27 13:03:23,2023-09-17 11:28:23,2020-04-24 22:59:21,Orange,457274,12325,Expired,Siren,Mizo,0.3
1153,5,42,362,All Clear,2022-10-16 20:07:40,2023-12-24 23:31:20,2022-02-26 19:15:35,Red,415317,15172,Active,Radio,Bengali,0.36
1154,3,24,3738,All Clear,2024-12-24 20:53:11,2019-05-25 04:52:32,2021-03-05 16:50:21,Red,345396,24331,Expired,Radio,Khasi,0.75
1155,3,27,1426,Advisory,2022-12-08 15:43:36,2021-12-23 10:08:47,2020-12-15 10:47:21,Red,402393,19165,Expired,Siren,Khasi,0.68
1156,3,24,3537,Watch,2018-09-26 13:50:53,2020-10-30 23:40:12,2021-01-19 08:16:33,Orange,338509,30576,Superseded,All,Mizo,0.78
1157,7,57,351,All Clear,2020-12-03 01:46:07,2020-11-27 11:15:40,2022-08-06 09:03:17,Yellow,331815,48810,Expired,All,Hindi,0.98
1158,6,51,1687,Early Warning,2023-11-24 17:50:32,2021-07-25 17:07:11,2018-12-14 14:22:27,Red,262969,35651,Active,All,English,0.7
1159,2,17,4510,Drill,2023-08-27 22:55:19,2019-12-06 14:06:57,2023-10-27 03:32:01,Yellow,372214,21947,Superseded,SMS,Bengali,0.81
1160,6,52,3059,All Clear,2022-08-31 23:26:54,2023-08-03 21:24:35,2024-12-20 15:58:37,Red,206040,14357,Cancelled,Siren,Khasi,0.83
1161,1,7,1850,Watch,2023-06-13 20:51:20,2023-11-27 00:07:40,2024-05-29 11:31:51,Red,98839,46937,Active,All,Mizo,0.38
1162,1,10,592,Watch,2023-11-30 02:17:15,2024-06-06 04:34:31,2021-06-15 18:29:33,Orange,158884,13713,Active,Push Notification,English,0.31
1163,2,19,992,Drill,2019-10-06 09:33:20,2018-08-10 15:12:33,2018-07-28 05:30:40,Yellow,132972,29661,Active,Siren,Bengali,0.76
1164,1,1,4896,Emergency,2020-07-21 17:41:19,2021-03-10 19:45:31,2019-10-10 15:02:23,Orange,159371,28083,Superseded,All,Manipuri,0.33
1165,3,32,259,Advisory,2022-04-03 10:19:04,2018-04-07 10:32:02,2020-03-05 16:30:04,Orange,367432,31037,Superseded,All,Mizo,0.37
1166,5,45,4810,Drill,2023-04-11 23:49:45,2022-03-04 08:02:54,2018-03-26 21:43:58,Orange,199312,2534,Superseded,SMS,Assamese,0.48
1167,1,6,680,Emergency,2020-02-02 09:34:07,2021-03-26 03:45:07,2024-05-16 05:22:55,Green,176985,15818,Superseded,SMS,Bengali,0.52
1168,6,50,3697,Early Warning,2019-11-04 19:32:14,2018-02-01 23:34:20,2023-10-26 13:35:48,Red,67410,38890,Active,All,Assamese,0.35
1169,1,12,3795,All Clear,2020-05-03 14:11:05,2023-07-24 23:34:39,2024-02-29 10:01:43,Red,25640,16593,Active,All,Assamese,0.42
1170,3,29,2404,Advisory,2019-05-21 15:14:07,2023-02-11 14:46:54,2020-10-26 16:08:18,Green,223830,7187,Expired,SMS,Hindi,0.64
1171,2,16,47,Emergency,2021-04-18 07:27:18,2018-05-17 07:31:59,2020-07-28 03:22:45,Yellow,95875,14642,Cancelled,All,Mizo,0.65
1172,5,46,3643,Early Warning,2024-11-16 16:03:11,2019-05-26 21:02:03,2019-03-09 11:54:01,Green,69305,48519,Active,Siren,Assamese,0.56
1173,5,45,3523,Drill,2018-03-05 19:23:40,2022-08-16 13:09:05,2018-11-27 08:23:54,Orange,219579,31041,Active,Radio,Assamese,0.69
1174,3,28,549,Advisory,2018-07-22 11:49:32,2023-08-28 03:47:48,2021-01-16 03:45:51,Green,248940,26301,Expired,Push Notification,English,0.32
1175,1,6,4673,Emergency,2019-08-04 08:07:31,2023-08-13 02:52:26,2022-08-24 02:39:47,Yellow,195825,36527,Cancelled,Siren,English,0.98
1176,5,43,1520,Early Warning,2022-12-14 14:03:05,2022-10-05 19:45:55,2018-05-04 12:24:16,Red,121864,13267,Expired,Radio,Hindi,0.82
1177,3,26,92,All Clear,2021-03-01 07:47:02,2024-09-14 12:01:59,2018-02-07 19:07:11,Green,59214,34377,Cancelled,All,Manipuri,0.31
1178,7,57,1123,Emergency,2020-09-19 17:49:24,2024-10-25 07:41:17,2019-10-26 12:15:59,Yellow,99015,43518,Superseded,Siren,Assamese,0.45
1179,1,12,3178,Watch,2022-09-15 05:05:43,2023-09-04 13:15:54,2019-01-30 10:29:39,Green,449858,33414,Expired,SMS,Assamese,0.66
1180,1,5,4638,Drill,2019-05-27 19:21:42,2024-05-29 18:36:02,2021-07-08 17:26:14,Yellow,440381,41000,Cancelled,Push Notification,Mizo,0.48
1181,1,4,3538,Emergency,2018-05-14 07:31:11,2018-03-27 22:52:11,2019-08-22 09:43:16,Orange,352241,47611,Cancelled,Siren,Assamese,0.72
1182,7,56,1841,Emergency,2024-05-14 20:17:44,2023-03-26 09:57:07,2024-09-21 21:32:09,Yellow,267249,26642,Expired,Push Notification,Manipuri,0.66
1183,3,32,615,Emergency,2021-09-06 11:32:49,2018-07-26 02:13:10,2022-10-12 02:23:38,Green,44581,46168,Expired,SMS,Bengali,0.49
1184,2,18,3806,Advisory,2023-07-13 23:57:16,2022-07-22 02:11:11,2023-02-24 14:07:52,Orange,171588,20194,Superseded,All,Assamese,0.57
1185,7,56,4830,Emergency,2023-12-01 01:33:53,2020-11-13 06:09:10,2018-10-10 16:32:02,Yellow,362605,32091,Cancelled,All,Manipuri,0.73
1186,1,5,2062,Advisory,2023-05-09 14:41:23,2020-06-16 17:26:49,2023-01-21 20:11:52,Orange,269331,14931,Cancelled,Radio,Hindi,0.7
1187,3,23,2510,All Clear,2019-08-20 01:06:53,2023-10-02 13:40:43,2021-07-02 14:35:25,Orange,146125,17295,Superseded,Push Notification,Mizo,0.73
1188,6,51,1141,Watch,2024-10-28 11:40:47,2023-11-05 18:08:28,2023-11-02 06:21:03,Orange,189623,46702,Cancelled,Push Notification,Mizo,0.62
1189,4,34,1421,Drill,2018-12-31 03:52:04,2020-02-07 11:40:40,2019-10-02 04:37:33,Orange,313693,41513,Cancelled,Push Notification,Khasi,0.87
1190,3,24,2013,Drill,2021-05-01 18:04:01,2020-04-21 03:52:27,2022-11-01 07:16:16,Red,240789,35219,Cancelled,Push Notification,Bengali,0.72
1191,2,17,1020,Early Warning,2021-03-15 22:29:57,2018-07-26 18:03:35,2019-08-10 23:29:56,Red,425817,16699,Superseded,Siren,Manipuri,0.71
1192,2,18,4188,Watch,2022-10-30 00:24:36,2020-04-05 12:07:05,2018-06-08 10:18:59,Red,224341,41163,Superseded,All,English,0.63
1193,3,25,2566,Watch,2019-01-07 02:26:53,2019-01-17 21:19:33,2021-01-27 15:05:06,Yellow,398624,3571,Active,SMS,Bengali,0.38
1194,4,35,2199,Drill,2019-01-31 21:16:52,2023-11-04 13:52:22,2021-08-08 00:50:33,Green,107522,2617,Active,SMS,English,0.54
1195,5,40,2271,Watch,2020-06-01 22:36:03,2019-12-18 02:27:21,2019-11-16 21:01:09,Red,324273,39561,Cancelled,All,Bengali,0.89
1196,1,10,189,Watch,2022-09-17 07:37:43,2019-06-18 21:29:35,2024-11-08 06:06:52,Orange,432700,25118,Expired,All,Manipuri,0.31
1197,1,11,747,Emergency,2022-11-10 18:45:42,2019-01-23 00:06:41,2018-10-25 06:41:27,Orange,129176,26633,Expired,Push Notification,Assamese,0.73
1198,7,58,1422,Early Warning,2019-11-16 13:51:42,2018-01-10 20:15:00,2020-01-12 20:02:12,Orange,351981,20217,Superseded,All,Mizo,0.72
1199,3,25,3655,Early Warning,2019-10-25 23:20:55,2018-09-12 18:08:58,2021-06-23 06:32:54,Yellow,373615,29106,Superseded,Push Notification,Khasi,0.92
1200,7,55,3115,Watch,2018-03-13 12:59:12,2023-09-23 21:43:08,2022-03-08 02:22:29,Orange,229030,34336,Cancelled,Radio,English,0.65
1201,5,40,3178,Advisory,2021-10-05 20:02:12,2019-03-25 23:52:27,2023-12-26 13:30:36,Yellow,40657,39384,Superseded,Push Notification,Mizo,0.58
1202,2,14,2575,Advisory,2021-01-02 13:23:02,2020-02-12 21:18:43,2024-01-31 05:19:37,Red,152499,15131,Superseded,All,Assamese,0.97
1203,5,44,4615,Emergency,2020-01-29 07:23:39,2024-01-25 10:19:40,2024-10-21 19:49:40,Green,11571,25484,Cancelled,Radio,Assamese,0.31
1204,3,28,3649,Emergency,2021-08-10 18:00:28,2020-03-03 00:38:24,2020-12-17 21:54:52,Green,119929,17637,Cancelled,Radio,Assamese,0.41
1205,2,15,4797,Early Warning,2023-06-27 23:21:11,2021-03-31 02:31:56,2021-02-06 16:26:49,Yellow,25254,49853,Expired,SMS,Khasi,0.94
1206,1,6,4529,Early Warning,2018-06-05 13:07:20,2022-06-20 21:46:00,2020-03-03 17:00:52,Orange,237655,9766,Cancelled,Push Notification,Mizo,0.61
1207,7,56,1524,Advisory,2019-12-13 18:05:21,2019-06-02 16:44:36,2022-06-06 03:53:15,Red,35111,15192,Active,All,English,0.7
1208,6,51,1442,Emergency,2020-06-14 12:57:18,2019-06-06 17:29:10,2020-01-04 23:43:14,Red,9108,12804,Active,SMS,Mizo,0.37
1209,6,53,1465,Emergency,2022-07-17 22:26:44,2022-09-16 11:22:37,2024-06-21 21:51:16,Green,193525,47396,Expired,Push Notification,Manipuri,0.95
1210,2,16,72,Advisory,2020-10-08 05:23:16,2022-05-14 14:23:18,2024-12-01 20:28:24,Yellow,10962,32827,Active,Siren,Hindi,0.42
1211,3,31,1278,All Clear,2019-02-16 00:19:51,2021-02-14 19:44:02,2022-11-18 22:26:19,Yellow,410700,18302,Superseded,Push Notification,Assamese,0.42
1212,1,8,2034,Early Warning,2019-05-19 14:04:31,2021-03-18 14:51:19,2019-02-27 05:45:20,Green,400,18822,Superseded,All,Mizo,0.64
1213,6,49,3236,All Clear,2022-09-06 18:30:59,2021-12-20 17:43:28,2023-07-05 06:09:25,Red,494653,34056,Cancelled,All,Manipuri,0.8
1214,6,48,3320,All Clear,2024-05-24 05:41:21,2021-06-20 14:41:48,2019-06-03 12:37:57,Orange,263896,32750,Expired,SMS,Hindi,0.35
1215,3,24,2445,Emergency,2018-12-25 23:00:11,2021-03-14 00:25:58,2020-07-19 13:40:41,Red,195986,1564,Cancelled,Siren,Hindi,0.83
1216,2,14,3568,Emergency,2024-08-05 01:33:41,2023-01-09 09:38:42,2024-09-22 01:45:51,Yellow,397906,49101,Expired,Radio,Assamese,0.47
1217,1,2,1861,Emergency,2021-09-26 00:09:15,2021-05-25 09:25:53,2021-12-19 21:30:19,Orange,373859,30487,Cancelled,Push Notification,Assamese,0.39
1218,8,62,421,Drill,2020-02-02 07:48:54,2018-11-11 16:20:43,2020-07-06 19:58:08,Yellow,196202,3481,Cancelled,Siren,Assamese,0.92
1219,7,56,3551,Advisory,2018-08-31 17:18:30,2024-12-26 01:13:21,2022-05-12 11:21:20,Orange,289300,31267,Active,Siren,English,0.55
1220,2,13,2543,Early Warning,2022-04-24 07:35:58,2018-11-11 17:40:45,2019-03-30 10:00:09,Yellow,390347,46602,Cancelled,SMS,English,0.66
1221,5,41,4269,Emergency,2021-02-27 11:37:55,2021-06-07 08:34:59,2020-11-03 19:53:49,Green,418749,40168,Superseded,Radio,Manipuri,0.53
1222,3,24,418,Emergency,2024-10-25 07:35:18,2024-06-14 13:17:55,2022-02-23 15:53:21,Green,227330,33683,Active,All,Khasi,0.82
1223,4,33,552,Advisory,2019-04-22 09:06:49,2023-08-15 11:07:06,2024-01-29 03:55:07,Red,230714,47936,Cancelled,Push Notification,Hindi,0.83
1224,2,13,764,Advisory,2023-04-01 13:29:08,2021-05-10 08:33:05,2019-11-16 06:06:06,Red,22063,2884,Cancelled,SMS,Hindi,0.44
1225,4,37,1587,Emergency,2021-07-21 09:41:47,2022-08-27 15:26:59,2022-11-01 07:04:51,Yellow,133870,13802,Active,SMS,Hindi,0.9
1226,2,17,3954,Watch,2024-09-11 03:52:46,2021-12-25 23:28:18,2019-05-30 12:19:26,Green,484972,44080,Superseded,SMS,English,0.77
1227,6,52,2808,Emergency,2023-04-01 07:49:06,2020-03-12 20:05:25,2022-11-28 19:28:42,Orange,292950,35908,Cancelled,Radio,Manipuri,0.41
1228,5,44,4832,All Clear,2022-06-04 17:36:37,2024-08-15 01:57:50,2020-02-02 02:38:08,Orange,118693,1456,Superseded,Siren,Bengali,0.53
1229,4,33,2463,Early Warning,2022-03-30 22:46:09,2023-01-13 07:48:58,2020-07-22 03:09:33,Red,420407,16884,Active,Push Notification,Manipuri,0.46
1230,6,51,1794,Watch,2020-02-12 19:15:03,2018-11-03 07:56:33,2023-12-07 16:33:01,Red,284373,33150,Cancelled,Siren,Khasi,0.58
1231,4,37,2714,Watch,2020-07-18 05:21:32,2019-05-20 16:48:45,2023-04-20 18:34:57,Green,252373,43442,Active,Radio,English,0.6
1232,6,53,3541,Emergency,2019-04-24 14:29:52,2018-04-06 01:22:01,2020-11-03 00:52:36,Red,491669,24273,Active,Radio,Hindi,0.64
1233,3,32,3247,Emergency,2023-01-03 04:00:57,2021-08-29 07:00:00,2020-01-01 11:10:17,Yellow,150291,15940,Expired,Radio,Hindi,0.72
1234,4,38,3088,Early Warning,2018-09-15 11:51:34,2018-09-13 17:29:50,2024-10-09 16:32:58,Green,386725,556,Expired,All,Assamese,0.64
1235,1,6,1245,Emergency,2018-06-09 13:30:53,2019-07-06 16:48:29,2018-04-12 13:08:33,Green,70083,19098,Cancelled,Radio,Khasi,0.7
1236,1,3,1354,Early Warning,2020-08-20 09:55:51,2018-05-01 23:44:38,2022-12-16 21:27:10,Orange,43272,2589,Active,Push Notification,Mizo,0.42
1237,3,26,4018,All Clear,2018-12-01 02:38:58,2020-06-24 10:28:44,2023-03-28 02:09:57,Orange,438850,34477,Active,All,Bengali,0.4
1238,3,30,4966,Drill,2020-03-18 17:40:46,2024-08-08 04:21:30,2023-12-15 15:30:45,Yellow,270051,6299,Superseded,All,Hindi,0.78
1239,1,3,3223,Drill,2020-11-18 04:08:28,2022-01-08 12:06:24,2024-11-22 10:10:08,Yellow,237344,23511,Cancelled,Radio,Khasi,0.79
1240,3,26,3425,Advisory,2024-11-12 03:44:08,2023-09-01 23:36:02,2020-10-11 17:46:51,Yellow,110487,15773,Superseded,Push Notification,Khasi,0.41
1241,1,6,482,Watch,2022-12-31 20:49:39,2018-12-01 12:47:31,2021-10-26 17:54:56,Green,66217,9786,Active,Radio,Mizo,0.53
1242,2,21,4746,Emergency,2020-01-14 08:04:30,2021-06-27 10:54:37,2019-01-16 23:05:53,Red,487621,42225,Cancelled,Push Notification,Assamese,0.76
1243,3,24,1283,Advisory,2021-04-29 03:44:01,2018-07-25 05:26:39,2018-06-01 23:09:25,Yellow,16551,16526,Superseded,Push Notification,Mizo,0.65
1244,5,43,3257,Emergency,2024-08-31 22:45:18,2019-02-17 21:59:05,2024-12-09 13:03:17,Orange,171494,48842,Superseded,Radio,Mizo,0.7
1245,5,45,1508,Advisory,2018-01-24 02:40:10,2021-07-15 20:22:21,2018-10-17 14:42:49,Yellow,255372,21925,Expired,SMS,Hindi,0.47
1246,4,39,4058,Drill,2020-05-13 06:54:54,2019-07-15 20:01:08,2021-07-22 06:39:36,Yellow,20258,604,Cancelled,Radio,Mizo,0.73
1247,2,22,23,All Clear,2018-11-21 23:20:11,2019-09-19 16:49:43,2019-10-18 17:54:21,Red,77592,21791,Cancelled,All,Assamese,0.92
1248,4,38,1612,Emergency,2021-09-13 07:18:09,2024-02-13 04:31:11,2023-01-11 02:18:02,Green,286950,19018,Superseded,SMS,Bengali,0.53
1249,3,27,4828,Emergency,2023-05-03 03:41:40,2021-07-20 08:03:02,2021-12-11 04:16:36,Green,479354,39895,Expired,Radio,Mizo,0.71
1250,3,29,2169,Watch,2020-07-21 22:41:10,2023-09-08 17:55:08,2022-12-06 15:24:12,Green,133343,25874,Cancelled,SMS,Manipuri,0.46
1251,2,15,3681,Early Warning,2020-01-13 11:38:16,2021-08-28 23:55:35,2018-05-29 09:31:25,Red,40001,17932,Superseded,SMS,Manipuri,0.91
1252,6,47,2509,Emergency,2024-07-16 21:24:12,2022-12-08 13:04:35,2019-10-26 01:20:32,Green,280116,43338,Cancelled,SMS,Mizo,0.46
1253,3,25,4594,Watch,2024-03-04 17:41:49,2022-08-21 10:51:43,2023-08-01 10:33:03,Orange,105092,931,Superseded,SMS,Bengali,0.75
1254,8,61,3932,Watch,2018-03-06 06:49:31,2024-05-17 08:04:41,2024-03-21 04:32:49,Green,135467,11077,Cancelled,Radio,Assamese,0.41
1255,3,28,1672,Advisory,2024-03-15 10:14:39,2018-10-31 05:54:17,2024-07-05 01:26:46,Yellow,488600,18925,Cancelled,All,Khasi,0.68
1256,1,5,625,Early Warning,2019-04-29 08:02:12,2020-01-15 06:14:54,2018-07-24 23:59:40,Green,408344,49705,Cancelled,Push Notification,English,0.84
1257,2,22,995,All Clear,2022-04-04 21:13:52,2019-01-15 08:15:01,2022-02-04 03:59:41,Red,350323,40263,Cancelled,SMS,Bengali,0.85
1258,3,23,1446,All Clear,2021-04-20 02:28:46,2020-02-17 13:55:29,2024-03-03 11:25:29,Yellow,9656,40654,Active,SMS,Hindi,0.4
1259,1,11,4277,Emergency,2024-12-07 19:03:21,2024-06-10 21:27:04,2023-05-17 05:17:30,Yellow,184325,1952,Cancelled,Siren,Mizo,0.83
1260,1,7,4198,Watch,2024-08-07 12:28:35,2019-06-05 11:25:17,2019-08-14 18:08:27,Red,325722,41778,Superseded,All,Khasi,0.79
1261,6,48,1858,All Clear,2023-08-04 07:23:17,2024-07-22 21:55:23,2021-11-23 12:00:28,Red,203143,21116,Cancelled,Push Notification,English,0.33
1262,2,13,31,Early Warning,2022-11-09 20:19:11,2023-08-27 18:41:39,2021-03-03 10:24:05,Orange,340214,22198,Superseded,SMS,Bengali,0.9
1263,1,6,1099,All Clear,2018-10-26 04:35:24,2019-02-26 19:46:02,2022-01-10 21:29:07,Green,259279,36279,Cancelled,SMS,Manipuri,0.87
1264,6,51,2598,All Clear,2020-02-04 09:53:29,2024-12-29 09:02:02,2021-08-15 10:03:51,Orange,153953,2551,Active,SMS,Bengali,0.77
1265,1,9,2116,Watch,2024-12-09 06:30:16,2020-05-22 00:07:45,2020-11-22 03:51:08,Red,445606,27002,Active,All,Bengali,0.35
1266,2,20,2457,Early Warning,2021-06-18 02:29:31,2020-06-04 22:42:50,2020-10-15 07:05:52,Green,96975,46648,Active,Push Notification,Manipuri,0.72
1267,7,55,821,Early Warning,2021-01-31 08:21:27,2020-03-31 20:10:06,2024-07-14 02:08:23,Green,175099,20860,Active,Push Notification,Manipuri,0.45
1268,6,52,646,Advisory,2019-12-21 07:20:11,2020-08-25 18:16:02,2024-06-21 05:00:44,Green,288567,49469,Active,All,Manipuri,0.91
1269,4,35,2435,Early Warning,2022-09-13 03:26:58,2021-06-08 02:18:32,2024-05-26 07:41:50,Orange,488100,2669,Cancelled,Siren,English,0.76
1270,2,18,427,Early Warning,2019-03-02 07:22:49,2023-01-02 19:08:42,2018-01-13 10:57:59,Green,56109,31259,Active,Siren,Mizo,0.55
1271,4,35,876,All Clear,2020-04-01 02:18:47,2022-10-10 13:23:38,2024-10-03 04:55:06,Yellow,129901,5374,Cancelled,Push Notification,Hindi,0.75
1272,4,37,851,Emergency,2023-05-14 22:45:21,2019-11-10 14:25:02,2024-03-14 03:26:17,Green,371380,8300,Expired,All,Hindi,0.99
1273,1,1,4285,Emergency,2020-04-29 03:47:59,2022-08-29 05:18:50,2020-01-10 03:58:56,Yellow,31227,28162,Expired,All,Khasi,0.57
1274,6,53,4324,Watch,2020-06-28 09:45:50,2021-06-10 19:14:29,2023-01-10 11:00:49,Orange,215867,37901,Cancelled,Radio,Hindi,0.73
1275,7,57,1022,Advisory,2024-01-06 06:36:35,2023-07-08 07:33:23,2023-02-24 11:09:09,Red,261026,95,Active,Siren,Manipuri,0.43
1276,2,17,1051,Drill,2022-11-27 11:36:22,2022-12-08 15:09:16,2019-01-08 18:09:03,Yellow,351909,16304,Expired,SMS,Hindi,1.0
1277,6,48,382,Drill,2024-03-21 22:08:15,2021-05-11 08:21:52,2019-02-18 02:22:13,Green,114465,18123,Active,All,English,0.76
1278,5,46,908,Emergency,2023-12-04 02:14:00,2018-11-29 07:02:32,2020-11-26 13:25:18,Green,108278,29299,Expired,Push Notification,Khasi,0.75
1279,1,8,3021,Emergency,2020-10-07 02:04:43,2023-08-12 01:23:32,2022-06-01 01:26:53,Red,356780,18026,Superseded,Push Notification,Mizo,0.74
1280,2,14,3189,Drill,2021-01-02 06:52:28,2023-08-20 16:55:56,2020-01-25 06:07:54,Yellow,256955,32041,Cancelled,Siren,English,0.48
1281,3,28,3798,Early Warning,2019-05-08 18:27:12,2024-05-13 23:06:18,2021-11-26 06:42:05,Green,274974,18944,Expired,Siren,English,0.92
1282,1,10,2322,Emergency,2020-05-17 20:12:41,2024-07-17 08:47:24,2018-02-12 18:35:16,Yellow,248210,49979,Active,All,Assamese,0.54
1283,5,42,1838,Drill,2021-10-28 01:26:53,2020-05-06 07:23:11,2022-01-21 11:24:39,Yellow,204884,17671,Expired,Siren,Hindi,0.61
1284,1,9,141,Drill,2024-08-23 12:09:48,2022-02-18 15:31:17,2021-04-09 20:29:10,Yellow,114852,36159,Expired,SMS,Bengali,0.8
1285,4,34,2088,Advisory,2023-11-14 11:15:29,2023-08-08 05:56:41,2022-05-24 15:34:45,Green,419247,20330,Superseded,SMS,English,0.7
1286,7,57,878,Advisory,2020-01-20 11:05:48,2024-11-20 16:21:54,2020-01-29 23:53:43,Orange,397372,43807,Expired,Siren,Manipuri,0.3
1287,8,62,161,All Clear,2020-10-14 02:58:26,2020-11-26 08:53:36,2018-01-05 12:54:14,Red,252292,12675,Expired,SMS,Khasi,0.51
1288,6,49,3481,All Clear,2020-02-20 08:25:19,2019-09-12 17:18:57,2023-05-08 18:14:02,Orange,210839,43898,Cancelled,SMS,Assamese,0.63
1289,2,13,2007,Advisory,2020-10-05 20:30:34,2021-01-13 18:57:00,2022-01-04 12:55:33,Green,397996,15805,Cancelled,Siren,Hindi,0.6
1290,4,36,135,Early Warning,2023-11-13 21:56:39,2022-10-22 21:18:22,2019-03-02 15:08:33,Green,121370,26917,Active,Push Notification,Assamese,0.59
1291,6,48,595,Drill,2018-11-15 19:32:26,2019-02-26 16:06:35,2019-11-17 18:58:57,Red,387037,14059,Expired,Radio,English,0.33
1292,1,1,4813,Advisory,2021-06-25 03:33:14,2023-06-21 18:59:19,2023-01-03 19:09:10,Green,466612,29480,Expired,SMS,Bengali,0.95
1293,5,40,974,All Clear,2018-10-18 12:37:20,2022-07-27 01:30:03,2024-05-08 00:56:25,Orange,329933,49867,Expired,SMS,Assamese,0.78
1294,4,35,1369,Emergency,2023-08-05 03:37:04,2024-12-13 12:48:46,2019-11-04 04:51:44,Green,417287,26988,Cancelled,SMS,English,0.65
1295,2,15,4716,Emergency,2020-05-12 16:34:22,2023-12-04 13:47:17,2020-12-20 04:15:16,Green,490128,23389,Superseded,All,Khasi,0.42
1296,6,48,799,Drill,2023-05-03 15:54:09,2020-05-05 04:43:09,2019-08-22 05:10:04,Green,90313,10286,Expired,SMS,Khasi,0.43
1297,6,53,1713,Advisory,2019-09-07 01:27:17,2021-12-02 19:50:55,2018-07-10 09:00:24,Yellow,347001,29456,Expired,All,Hindi,0.32
1298,6,47,1673,Drill,2021-02-13 02:50:23,2021-09-03 15:01:17,2019-04-24 05:48:48,Orange,360766,4146,Expired,Siren,Assamese,0.31
1299,3,24,288,Drill,2022-07-15 01:34:20,2021-07-30 00:03:50,2018-12-04 04:10:03,Yellow,44573,10324,Expired,SMS,Hindi,0.59
1300,3,28,1879,Advisory,2023-12-14 20:29:03,2024-01-27 09:06:22,2022-06-05 09:32:11,Yellow,374296,36372,Cancelled,Siren,Hindi,0.88
1301,4,39,4366,Emergency,2023-08-15 03:41:20,2021-08-13 01:49:13,2019-06-19 19:19:00,Yellow,320413,29168,Cancelled,Radio,Bengali,0.72
1302,8,60,165,Advisory,2019-09-02 18:55:32,2021-03-12 17:15:27,2024-07-28 06:06:16,Red,280828,30465,Active,All,English,0.86
1303,1,9,441,All Clear,2019-12-15 18:29:36,2022-01-29 04:48:53,2021-05-11 00:02:02,Green,476852,42575,Expired,SMS,Manipuri,0.43
1304,7,57,1899,Watch,2024-10-18 05:30:00,2018-06-07 16:48:13,2022-04-29 14:14:34,Yellow,450098,39773,Active,Push Notification,Manipuri,0.69
1305,2,22,4302,Advisory,2022-07-29 03:51:41,2020-03-22 08:01:27,2020-10-28 17:22:14,Green,287885,8924,Expired,SMS,Assamese,0.64
1306,6,54,1682,Drill,2019-03-11 01:42:48,2023-05-31 18:11:35,2018-10-05 16:53:10,Yellow,271657,9687,Superseded,SMS,Assamese,0.8
1307,4,35,657,Emergency,2024-04-11 01:57:50,2019-05-27 12:02:52,2023-10-18 20:18:49,Orange,144966,22130,Active,SMS,Mizo,0.31
1308,1,2,199,Early Warning,2024-11-20 07:57:48,2020-09-28 23:05:24,2019-05-28 09:37:10,Green,397278,48640,Active,SMS,Khasi,0.43
1309,8,61,805,Early Warning,2021-09-25 20:39:02,2024-09-12 13:42:16,2023-05-14 23:17:21,Orange,392514,39640,Active,Push Notification,Bengali,0.52
1310,5,44,944,Advisory,2024-10-05 00:20:55,2020-03-21 06:57:39,2019-05-10 20:21:51,Orange,44685,35767,Expired,All,Khasi,0.7
1311,3,31,2353,Watch,2022-03-06 21:59:29,2019-06-30 23:00:11,2024-06-29 06:27:12,Green,151607,32860,Active,Radio,Assamese,0.63
1312,4,33,3561,Early Warning,2021-12-22 21:21:59,2023-02-05 16:27:32,2018-06-01 18:45:16,Green,1565,43387,Cancelled,Push Notification,Assamese,0.54
1313,2,22,727,All Clear,2021-01-28 00:54:48,2019-04-11 21:43:27,2021-06-12 20:39:37,Orange,198134,36896,Active,Push Notification,Assamese,0.4
1314,2,18,4192,Advisory,2019-12-09 21:20:09,2023-08-17 15:53:05,2018-06-02 05:32:56,Orange,192099,20324,Expired,All,Assamese,0.81
1315,4,36,323,Early Warning,2023-04-26 20:38:18,2021-06-17 16:07:45,2019-10-08 23:22:44,Red,126133,26881,Superseded,All,Bengali,0.85
1316,1,2,4308,Early Warning,2019-07-29 01:11:01,2018-07-08 14:59:51,2020-04-12 01:24:43,Yellow,420575,3079,Active,Siren,Bengali,0.88
1317,1,8,4554,Advisory,2022-07-03 10:41:43,2023-04-28 14:30:24,2024-03-28 05:41:33,Green,135713,42190,Expired,All,Assamese,0.65
1318,8,60,2040,Emergency,2022-05-22 02:38:47,2024-02-10 07:29:10,2024-07-01 04:59:41,Yellow,98500,34624,Active,Siren,Bengali,0.47
1319,5,44,537,All Clear,2019-03-16 15:04:32,2023-10-08 04:06:53,2020-07-06 00:03:43,Red,380727,11198,Cancelled,Siren,Bengali,0.41
1320,2,16,3439,Advisory,2024-06-08 07:11:47,2024-02-22 22:49:27,2024-03-03 04:57:35,Yellow,443144,34624,Superseded,Push Notification,English,0.52
1321,6,50,2064,Early Warning,2018-09-13 06:54:38,2024-12-28 23:30:55,2021-04-27 06:14:04,Red,152995,41394,Superseded,Push Notification,Bengali,0.96
1322,3,24,2381,Emergency,2018-05-12 11:32:53,2024-09-16 06:40:43,2019-12-13 17:22:21,Yellow,378176,44286,Cancelled,Radio,Manipuri,0.78
1323,2,19,1571,Drill,2024-03-15 16:32:40,2018-09-20 20:44:41,2021-12-30 17:13:00,Green,197898,20167,Superseded,Radio,Mizo,0.5
1324,4,37,4345,Watch,2022-04-19 15:39:36,2024-03-20 10:54:42,2018-12-05 13:01:59,Green,193232,15823,Expired,Radio,Bengali,0.81
1325,1,9,3815,Drill,2023-03-11 11:59:52,2023-11-09 08:11:03,2020-11-22 02:56:39,Green,19782,18985,Active,Radio,Hindi,0.44
1326,2,14,1712,Watch,2024-07-04 21:59:46,2022-06-23 21:15:00,2020-03-11 16:46:44,Orange,307920,20648,Active,Siren,Khasi,0.46
1327,1,10,838,Drill,2018-10-07 19:11:00,2023-02-07 16:26:40,2021-11-13 20:09:49,Green,275986,30569,Active,All,English,0.72
1328,2,13,1976,Drill,2023-01-18 08:58:28,2023-10-10 21:43:34,2019-09-08 03:12:57,Green,258354,14207,Expired,Siren,Khasi,0.53
1329,2,15,322,Drill,2021-06-17 09:47:33,2018-08-27 17:39:05,2018-09-18 13:26:56,Green,481464,49154,Superseded,Radio,Assamese,0.37
1330,8,62,4102,Early Warning,2021-06-19 02:50:45,2019-07-29 05:50:07,2019-10-11 10:03:53,Green,430199,1741,Active,All,English,0.53
1331,3,27,918,All Clear,2022-09-04 23:37:04,2022-06-16 14:33:33,2018-02-10 18:18:47,Yellow,128228,45114,Superseded,Radio,Assamese,0.75
1332,3,32,2162,All Clear,2024-03-15 17:39:10,2019-01-07 21:32:57,2024-03-01 19:20:15,Orange,476120,27230,Active,All,Khasi,0.45
1333,3,24,4996,Watch,2024-09-26 21:57:16,2018-06-30 00:41:44,2018-08-25 21:45:24,Orange,163273,39563,Active,SMS,Mizo,0.67
1334,6,50,4711,All Clear,2020-06-10 04:03:18,2020-06-26 23:15:15,2019-12-03 16:09:20,Green,121393,26017,Superseded,Radio,Mizo,0.32
1335,1,9,3337,Drill,2019-08-28 22:19:35,2019-05-05 21:19:53,2019-11-01 19:13:38,Yellow,318116,39450,Expired,SMS,Hindi,0.62
1336,2,22,2767,Early Warning,2021-07-23 12:23:44,2020-03-03 17:09:49,2018-04-24 08:21:34,Green,364698,48890,Cancelled,Push Notification,Manipuri,0.68
1337,8,61,352,Advisory,2021-02-13 17:16:18,2020-01-09 08:22:04,2022-03-10 18:10:48,Green,490619,25919,Superseded,Siren,Mizo,0.82
1338,4,34,787,Emergency,2018-12-28 23:48:45,2024-08-21 07:53:21,2018-02-25 19:51:10,Yellow,492325,2762,Expired,SMS,Manipuri,0.92
1339,3,24,3200,Early Warning,2021-05-21 00:22:40,2021-04-15 03:25:54,2019-04-24 10:27:43,Green,359189,29860,Active,Radio,Khasi,0.45
1340,8,61,1438,Advisory,2024-07-12 20:00:17,2020-11-24 00:00:39,2021-01-10 10:01:24,Yellow,27390,28166,Expired,Siren,Manipuri,0.38
1341,5,41,3976,All Clear,2021-08-11 19:02:32,2019-10-18 02:45:27,2022-06-18 12:58:05,Yellow,435988,17287,Cancelled,SMS,English,0.47
1342,7,58,4543,Watch,2018-01-16 09:46:14,2020-11-30 10:47:58,2020-07-16 05:19:06,Red,124579,31253,Expired,Siren,English,0.45
1343,5,42,3067,Early Warning,2023-03-25 05:04:40,2018-11-15 09:04:13,2023-09-04 09:02:40,Green,194381,29591,Active,All,Mizo,0.33
1344,3,24,4625,Advisory,2022-12-10 14:50:23,2020-06-06 20:08:20,2022-11-19 15:03:58,Green,95404,1033,Superseded,Radio,Manipuri,0.87
1345,3,26,4898,All Clear,2024-01-03 23:13:40,2022-11-15 08:44:40,2024-11-15 14:04:14,Red,197163,43042,Cancelled,All,Khasi,0.72
1346,4,39,3738,Watch,2018-10-06 13:08:14,2022-07-22 00:13:17,2024-08-31 08:17:17,Orange,192084,37963,Superseded,All,Hindi,0.4
1347,4,37,844,All Clear,2020-07-03 16:36:52,2020-08-19 20:56:57,2022-11-05 07:37:15,Green,324520,12743,Expired,Push Notification,English,0.43
1348,6,50,1828,Emergency,2020-07-03 18:24:55,2021-06-09 20:14:39,2022-10-19 00:33:36,Yellow,293621,3589,Superseded,All,Khasi,0.32
1349,4,36,3875,Drill,2019-04-27 13:41:54,2019-01-01 17:35:26,2021-11-21 09:55:23,Red,400546,27374,Active,Siren,Hindi,0.82
1350,2,20,4602,All Clear,2024-02-29 15:16:26,2023-03-01 01:08:52,2019-11-16 18:01:03,Yellow,170901,43918,Cancelled,Push Notification,Manipuri,0.4
1351,7,58,4597,Advisory,2024-06-09 22:55:18,2018-01-10 13:04:56,2020-12-06 21:25:07,Green,213732,43488,Active,Push Notification,Khasi,0.7
1352,3,28,2797,Emergency,2018-04-04 00:28:48,2023-01-09 15:46:32,2024-06-28 21:15:10,Yellow,188173,35684,Expired,Siren,Khasi,0.49
1353,6,51,4511,Advisory,2021-04-03 04:20:15,2021-06-18 06:31:23,2023-05-13 10:30:51,Red,38270,14197,Active,All,Assamese,0.87
1354,1,7,1194,All Clear,2024-07-09 09:42:42,2020-09-01 14:46:14,2022-11-11 14:39:07,Yellow,176707,49179,Active,Radio,Mizo,0.43
1355,2,18,3266,Watch,2022-08-10 06:47:12,2022-12-31 15:28:02,2024-10-09 23:12:20,Yellow,405450,20364,Cancelled,SMS,Mizo,0.32
1356,8,62,1346,Early Warning,2022-01-26 09:22:53,2018-01-21 05:40:08,2023-09-06 12:32:18,Yellow,446902,33678,Superseded,All,Assamese,0.94
1357,3,25,513,Emergency,2018-06-21 08:20:59,2022-04-15 13:27:26,2019-09-20 18:35:13,Green,39451,5322,Expired,All,Bengali,0.88
1358,6,53,209,Emergency,2018-05-29 20:53:12,2022-06-28 20:32:37,2018-06-23 22:38:15,Green,320999,42486,Cancelled,SMS,Bengali,0.74
1359,1,5,2633,Emergency,2018-06-18 18:39:23,2024-07-31 15:50:51,2019-07-05 12:11:04,Red,452507,41257,Expired,All,Assamese,0.75
1360,5,41,1177,Watch,2018-06-06 06:34:41,2023-06-04 15:39:37,2020-05-19 07:25:01,Orange,141721,1102,Superseded,Siren,Assamese,0.72
1361,3,26,1330,Watch,2018-06-30 18:21:50,2024-03-05 16:03:54,2021-06-06 18:12:17,Red,400114,26977,Expired,All,Hindi,0.54
1362,4,36,755,Drill,2024-05-06 07:34:39,2023-04-28 00:26:05,2022-01-13 02:23:33,Red,483928,25196,Active,Push Notification,Manipuri,0.79
1363,4,39,548,Early Warning,2024-07-17 13:13:54,2021-05-19 07:15:42,2022-06-16 22:53:16,Orange,353801,34965,Cancelled,SMS,Hindi,0.44
1364,3,30,1902,Advisory,2018-10-05 02:15:11,2021-01-16 21:23:14,2024-01-31 04:13:02,Yellow,488008,11222,Expired,Radio,Assamese,0.38
1365,4,35,649,Watch,2021-12-13 09:21:53,2019-05-26 09:04:23,2023-10-08 13:46:57,Green,53397,5150,Expired,SMS,Assamese,0.38
1366,6,49,3457,Watch,2020-01-10 08:33:05,2021-12-24 04:18:21,2022-03-21 05:39:22,Orange,286420,37580,Cancelled,Siren,English,0.43
1367,3,29,609,Advisory,2023-09-07 00:27:15,2020-04-02 01:54:25,2023-01-16 00:06:19,Orange,25886,47578,Expired,All,Bengali,0.33
1368,7,56,3241,Early Warning,2020-07-02 11:27:35,2021-09-01 13:36:02,2020-05-05 14:41:59,Green,149396,3466,Expired,Siren,Hindi,0.78
1369,6,54,833,All Clear,2021-05-22 15:50:34,2018-12-03 10:08:13,2019-03-17 11:22:45,Red,474603,30356,Superseded,All,Hindi,0.94
1370,1,5,115,Emergency,2019-05-17 16:35:35,2024-12-24 14:58:15,2023-01-04 22:30:24,Green,281246,11953,Active,Push Notification,Bengali,0.66
1371,3,27,1406,Drill,2022-11-14 18:10:11,2022-03-07 10:25:09,2024-09-03 00:41:47,Orange,383474,45008,Superseded,Push Notification,Mizo,0.6
1372,6,53,1898,Early Warning,2024-12-30 13:20:07,2022-05-20 23:34:35,2019-07-05 14:13:40,Yellow,285056,44664,Cancelled,Siren,English,0.54
1373,4,37,3684,Emergency,2024-04-14 07:50:15,2024-09-06 19:09:16,2023-12-24 14:00:24,Green,308701,35690,Superseded,Siren,Khasi,0.95
1374,1,8,3716,Emergency,2022-01-26 02:13:03,2022-03-23 11:04:08,2020-01-04 01:42:03,Green,472123,26547,Expired,SMS,Bengali,0.84
1375,3,25,4429,Drill,2019-03-23 05:47:24,2019-06-16 02:13:49,2019-07-15 15:15:03,Green,117492,41233,Cancelled,Radio,Khasi,0.41
1376,3,26,2999,All Clear,2018-02-16 01:57:55,2021-10-21 15:47:14,2018-11-22 21:58:45,Orange,360153,17361,Superseded,All,Hindi,0.81
1377,4,34,1428,Advisory,2018-08-15 00:52:38,2022-10-31 07:14:07,2021-05-21 07:50:38,Yellow,239555,49477,Active,All,Manipuri,0.67
1378,5,44,2200,All Clear,2020-01-01 19:12:49,2023-03-07 23:26:34,2022-08-11 11:50:03,Red,151516,35830,Active,Push Notification,Hindi,0.92
1379,1,3,2711,All Clear,2024-10-16 11:54:28,2023-11-20 07:50:41,2024-03-16 21:39:44,Green,120580,43405,Superseded,All,Khasi,0.78
1380,4,33,2391,Advisory,2023-07-08 10:01:13,2023-02-25 12:37:57,2020-11-15 06:17:59,Yellow,443718,48196,Active,SMS,Bengali,0.54
1381,5,41,4471,Early Warning,2022-04-26 20:32:43,2023-12-01 03:51:41,2023-07-28 11:52:40,Red,231523,6007,Cancelled,Push Notification,Hindi,0.93
1382,3,26,3667,Watch,2021-04-28 05:30:21,2022-08-03 10:53:35,2024-07-17 12:47:49,Red,344413,12239,Active,All,Assamese,0.49
1383,6,50,639,Drill,2023-03-23 16:57:51,2023-05-05 13:34:35,2023-08-25 00:28:36,Green,242009,32433,Superseded,Siren,Manipuri,0.4
1384,5,40,4708,Drill,2021-09-18 01:09:26,2019-04-24 04:45:29,2019-02-07 07:17:20,Red,167933,33824,Expired,Siren,Khasi,0.33
1385,5,42,4360,Emergency,2020-09-15 18:43:39,2023-06-23 10:31:32,2019-08-02 14:51:03,Green,357842,40973,Expired,Radio,English,0.79
1386,7,57,245,Emergency,2023-08-24 15:22:25,2021-03-29 12:53:05,2024-03-10 20:23:41,Orange,324916,21749,Superseded,All,English,0.32
1387,1,8,1376,Drill,2020-05-18 16:16:11,2020-11-30 12:27:19,2021-03-09 14:55:45,Yellow,140778,16463,Expired,All,Assamese,0.62
1388,3,26,1607,All Clear,2019-03-13 01:33:53,2020-07-02 22:26:55,2019-07-31 21:58:01,Orange,334753,16162,Expired,All,Khasi,0.7
1389,2,18,3207,All Clear,2019-11-22 08:13:13,2022-11-14 23:44:17,2018-11-17 07:53:17,Yellow,178455,26535,Expired,Radio,English,0.78
1390,8,59,2686,Drill,2019-08-03 18:02:17,2022-02-10 13:40:18,2019-07-07 17:04:44,Orange,479275,22501,Superseded,Push Notification,Manipuri,0.42
1391,8,61,4827,Advisory,2019-11-20 15:34:48,2022-07-04 20:20:44,2023-03-04 19:06:38,Yellow,409926,44986,Cancelled,SMS,Hindi,0.9
1392,8,61,4133,Advisory,2018-11-26 23:38:17,2021-02-10 12:20:23,2018-03-21 17:17:37,Red,499027,42324,Superseded,All,Bengali,0.97
1393,8,61,4577,All Clear,2020-10-04 19:15:14,2020-09-22 13:50:37,2024-06-06 18:32:37,Green,255831,44571,Cancelled,Radio,Hindi,0.31
1394,2,20,983,Early Warning,2023-09-30 11:27:57,2022-02-04 02:09:57,2023-02-05 00:45:18,Green,253985,10801,Active,Push Notification,Manipuri,0.88
1395,2,22,4768,Early Warning,2020-01-04 06:46:43,2018-09-25 05:22:59,2021-02-05 14:29:11,Orange,110297,25855,Cancelled,SMS,Bengali,0.51
1396,1,7,2677,Early Warning,2020-10-15 08:00:55,2019-11-04 22:33:30,2024-03-14 17:08:41,Yellow,91069,23993,Expired,Siren,Assamese,0.81
1397,8,61,4297,Emergency,2018-10-30 13:01:18,2021-10-21 19:06:29,2020-09-12 21:06:42,Yellow,24108,1052,Cancelled,Push Notification,Khasi,0.9
1398,6,52,894,Early Warning,2020-05-30 17:42:41,2024-08-08 23:38:12,2021-01-04 09:40:38,Green,93069,29925,Superseded,All,Manipuri,0.96
1399,1,8,4848,All Clear,2022-06-16 03:28:04,2018-07-06 20:32:12,2023-02-23 21:25:15,Red,384141,8626,Superseded,SMS,Bengali,0.55
1400,2,16,4213,Emergency,2022-06-25 15:47:39,2019-05-21 18:27:59,2019-03-02 04:15:29,Orange,490400,21685,Superseded,Siren,English,0.97
1401,7,56,4781,Emergency,2022-04-23 10:51:41,2022-08-02 08:24:26,2021-10-05 20:55:58,Red,146658,19572,Expired,Push Notification,Assamese,0.79
1402,4,33,2764,All Clear,2024-04-20 14:11:28,2023-05-19 02:11:27,2020-11-20 21:39:15,Orange,384344,38556,Superseded,Radio,Mizo,0.91
1403,6,51,2360,Advisory,2019-07-07 07:52:22,2023-03-24 19:40:52,2019-01-04 15:45:53,Yellow,43604,45428,Superseded,Radio,English,0.4
1404,7,55,52,Watch,2018-05-03 10:02:24,2024-10-26 13:13:50,2020-08-11 07:44:37,Green,195399,41888,Expired,All,Khasi,0.91
1405,1,5,1937,Advisory,2019-02-12 09:36:16,2020-09-13 01:20:16,2018-08-04 03:06:03,Green,109332,365,Cancelled,Radio,Assamese,0.32
1406,2,14,3488,Drill,2022-09-23 00:30:56,2018-11-08 20:05:00,2020-06-01 01:49:31,Yellow,159096,18636,Superseded,Siren,Manipuri,0.73
1407,5,46,4020,Drill,2019-03-24 14:48:55,2019-11-21 23:53:47,2021-08-07 10:33:35,Red,235507,41767,Superseded,Radio,Khasi,0.59
1408,6,48,53,All Clear,2019-02-08 01:51:32,2024-04-14 05:04:39,2023-12-27 06:30:18,Orange,88027,24171,Cancelled,Push Notification,English,0.67
1409,6,52,1417,Drill,2024-01-08 07:55:46,2019-02-20 11:19:03,2019-08-15 15:01:17,Green,438582,4123,Expired,Push Notification,Manipuri,0.4
1410,6,54,59,All Clear,2023-05-02 17:56:38,2018-10-15 17:03:41,2018-07-03 06:12:09,Orange,197838,48384,Active,SMS,Manipuri,0.47
1411,2,17,4011,Drill,2019-05-13 13:42:33,2022-09-14 07:43:43,2021-12-10 01:39:29,Yellow,180983,1587,Expired,Siren,Assamese,0.66
1412,1,6,3736,Advisory,2019-07-04 17:41:21,2022-01-31 13:19:40,2021-12-13 09:50:28,Yellow,168317,17061,Cancelled,All,Khasi,0.49
1413,1,9,3105,Advisory,2019-04-26 19:21:50,2019-03-19 13:31:34,2023-04-06 23:01:05,Green,47408,33484,Superseded,Siren,Khasi,0.69
1414,6,47,838,All Clear,2021-05-04 10:35:26,2019-07-19 08:59:32,2024-02-10 15:30:58,Green,230543,7925,Superseded,Push Notification,English,0.62
1415,2,14,1625,All Clear,2021-10-08 00:53:28,2023-07-30 05:52:27,2022-12-15 22:24:22,Yellow,97695,1918,Cancelled,Push Notification,Hindi,0.41
1416,8,62,4644,Drill,2023-03-26 03:29:48,2021-07-03 20:29:34,2019-06-16 21:02:36,Yellow,52953,48025,Superseded,Radio,Khasi,0.9
1417,1,5,2484,Watch,2020-01-05 01:43:19,2019-06-02 11:53:57,2020-10-07 01:24:01,Yellow,342627,23834,Expired,All,Mizo,0.93
1418,2,14,2624,Advisory,2022-09-24 06:11:57,2021-07-22 07:02:52,2019-01-15 12:39:09,Orange,256530,47499,Superseded,Siren,Hindi,0.41
1419,3,26,2375,All Clear,2020-02-07 19:44:36,2020-10-30 10:15:20,2020-03-22 00:23:54,Green,453836,16639,Superseded,All,Khasi,0.81
1420,1,12,3661,Early Warning,2023-02-19 08:13:52,2019-08-04 08:25:27,2022-11-10 04:04:05,Red,91499,28845,Active,Push Notification,English,0.53
1421,5,43,4882,Drill,2021-12-26 14:42:47,2018-12-16 13:35:03,2019-10-28 14:40:58,Red,257172,46394,Cancelled,Push Notification,Manipuri,0.97
1422,8,61,4252,Watch,2020-01-26 01:25:17,2018-03-29 05:40:30,2024-11-28 19:01:34,Yellow,354110,49332,Active,Push Notification,Mizo,0.56
1423,6,47,445,Watch,2022-08-30 12:18:41,2018-04-27 23:55:03,2018-05-19 03:35:46,Yellow,139199,49872,Superseded,All,Mizo,0.96
1424,7,57,3815,Advisory,2022-05-31 07:24:28,2023-10-25 20:42:33,2019-10-17 06:24:36,Red,363599,48495,Cancelled,All,Bengali,0.43
1425,5,41,4383,Early Warning,2021-05-10 04:33:04,2019-09-20 13:51:13,2018-02-23 20:44:31,Green,145920,19798,Expired,Siren,Khasi,0.36
1426,4,37,4701,Emergency,2020-09-23 11:40:14,2018-07-26 07:46:19,2020-12-13 17:48:15,Green,437976,10682,Expired,All,Mizo,0.37
1427,6,50,1223,Drill,2023-06-21 10:58:07,2022-12-29 08:54:29,2024-05-16 22:14:16,Yellow,182682,43516,Active,SMS,Bengali,0.44
1428,2,18,4190,All Clear,2019-08-23 04:02:01,2019-09-02 23:37:15,2018-01-16 06:18:02,Green,302377,27235,Superseded,SMS,Hindi,0.78
1429,3,32,762,Watch,2023-03-07 03:45:11,2021-05-20 23:34:20,2018-05-31 10:11:35,Green,332126,9891,Expired,SMS,Hindi,0.41
1430,7,56,3772,Drill,2021-06-28 04:07:51,2019-03-10 19:56:39,2018-06-16 05:30:26,Red,60480,39704,Active,SMS,English,0.57
1431,1,7,1061,Early Warning,2019-07-16 10:29:21,2023-04-03 12:43:50,2024-02-21 03:40:00,Green,16833,29261,Expired,Radio,Khasi,0.82
1432,4,34,3586,All Clear,2020-02-12 14:27:59,2024-05-09 03:26:15,2024-03-17 00:57:14,Yellow,112344,2426,Cancelled,All,Hindi,0.6
1433,2,22,1708,Drill,2022-07-24 18:07:37,2019-07-10 15:06:16,2021-11-15 16:51:13,Green,341215,43590,Cancelled,All,English,0.4
1434,6,51,2311,Early Warning,2019-07-02 05:44:20,2020-06-02 18:09:43,2018-03-12 13:20:16,Green,414202,36594,Superseded,All,Hindi,0.95
1435,7,56,72,Watch,2022-11-26 21:42:09,2019-04-12 10:21:38,2023-01-27 17:05:06,Orange,150420,24613,Expired,SMS,Mizo,0.88
1436,2,13,3005,Early Warning,2020-12-23 08:03:07,2024-11-23 00:37:17,2024-04-24 15:53:06,Red,385967,42936,Active,Push Notification,Khasi,0.77
1437,4,39,2829,Early Warning,2019-02-03 07:31:59,2024-08-09 01:49:12,2018-10-29 21:22:32,Red,120090,29735,Active,Push Notification,Bengali,0.43
1438,8,60,2942,All Clear,2022-09-04 20:13:41,2021-02-13 06:26:00,2021-04-18 12:18:26,Orange,161027,49975,Expired,Push Notification,Mizo,0.32
1439,8,61,614,Early Warning,2024-04-26 07:39:17,2019-03-14 14:13:32,2022-02-06 01:31:22,Yellow,487784,3526,Superseded,SMS,Bengali,0.73
1440,3,31,1891,Advisory,2022-09-29 04:19:51,2018-07-07 08:57:45,2019-06-01 20:05:31,Red,314183,40594,Active,Siren,Khasi,0.81
1441,1,6,3533,Emergency,2021-08-17 03:41:29,2019-12-10 23:55:06,2019-02-08 20:34:43,Green,66413,18441,Active,Radio,Bengali,0.48
1442,7,56,1300,Watch,2023-10-28 12:11:37,2023-12-19 13:20:11,2024-01-16 22:10:18,Green,454371,18707,Active,Push Notification,English,0.39
1443,5,40,2976,All Clear,2021-06-13 23:15:15,2024-07-15 08:59:16,2023-06-11 21:49:48,Red,236802,24154,Superseded,Radio,Manipuri,0.35
1444,3,29,4835,Advisory,2023-10-05 13:53:02,2020-06-04 14:23:31,2021-08-13 22:58:50,Orange,442339,11303,Expired,Radio,Assamese,0.89
1445,1,9,2058,Early Warning,2021-12-05 14:16:04,2018-12-10 11:58:07,2018-05-18 02:05:38,Red,291049,3892,Active,All,English,0.33
1446,1,2,3380,Early Warning,2022-09-17 17:33:13,2021-10-28 00:09:29,2021-05-23 12:37:45,Yellow,144892,5896,Superseded,Push Notification,Assamese,0.66
1447,4,35,108,Drill,2022-05-25 19:16:22,2023-09-14 05:19:19,2021-02-11 21:07:25,Green,234855,7038,Expired,All,English,0.91
1448,1,7,2808,Emergency,2023-12-29 04:41:44,2018-09-20 07:55:44,2019-08-31 08:28:27,Green,266628,2782,Superseded,Siren,English,0.47
1449,3,30,1878,Early Warning,2020-10-28 22:06:02,2024-11-30 21:27:41,2020-06-12 22:21:13,Green,189431,34779,Cancelled,Siren,Bengali,0.44
1450,3,26,1434,Early Warning,2018-12-21 19:48:21,2018-02-24 03:38:44,2022-10-22 19:14:14,Yellow,228215,11909,Cancelled,All,Mizo,0.67
1451,3,23,3661,All Clear,2021-08-16 06:01:52,2020-02-28 09:45:56,2022-03-22 13:25:32,Red,15662,13406,Active,All,English,0.53
1452,5,43,1642,Watch,2023-03-01 18:25:06,2024-12-30 16:24:58,2024-11-21 03:59:20,Red,482159,28801,Cancelled,Siren,Assamese,0.61
1453,1,10,647,All Clear,2021-01-02 11:00:59,2020-01-18 08:32:47,2019-03-06 10:34:51,Green,366827,31129,Active,SMS,English,0.99
1454,3,26,3399,Advisory,2021-08-15 04:19:05,2020-10-23 07:19:12,2023-05-02 12:24:08,Green,309070,1634,Active,SMS,English,0.61
1455,3,32,3829,Early Warning,2019-01-22 06:13:33,2018-03-03 01:03:01,2024-05-16 03:10:41,Orange,343562,17215,Expired,All,Mizo,0.96
1456,1,5,4612,All Clear,2024-06-10 19:25:42,2018-01-10 09:42:04,2020-09-05 19:36:18,Orange,130800,43759,Active,Radio,Mizo,0.42
1457,2,17,4988,All Clear,2022-04-09 03:36:25,2020-07-13 16:48:59,2023-07-02 20:48:07,Green,435327,39186,Superseded,Siren,Mizo,0.72
1458,3,32,1833,Watch,2023-07-07 08:23:20,2021-12-10 06:15:23,2023-01-09 01:14:15,Green,230271,44902,Active,Siren,Assamese,0.72
1459,6,48,2398,Emergency,2018-11-14 01:48:12,2018-11-06 08:58:54,2019-04-07 04:28:42,Red,113494,31782,Cancelled,SMS,Assamese,0.64
1460,2,18,2034,Advisory,2019-12-26 20:01:31,2021-09-19 09:09:20,2019-07-23 14:36:45,Yellow,110690,48297,Cancelled,All,Manipuri,0.94
1461,5,40,3655,Early Warning,2024-11-12 07:16:52,2024-01-20 12:18:27,2024-12-30 13:28:23,Green,477763,17308,Expired,Siren,Mizo,0.99
1462,5,43,1144,Emergency,2018-03-23 17:35:19,2018-06-08 09:24:13,2022-05-21 19:46:42,Yellow,241661,35425,Expired,SMS,English,0.59
1463,6,54,1298,Drill,2023-08-15 21:32:04,2024-10-31 14:37:26,2023-08-14 21:59:07,Green,329232,17006,Active,All,Mizo,0.36
1464,3,24,4683,Watch,2022-05-13 16:42:53,2018-12-14 20:05:49,2018-09-17 10:16:12,Red,233123,1468,Cancelled,All,English,0.87
1465,7,55,579,Advisory,2022-08-26 06:48:14,2020-08-02 20:23:20,2022-07-21 12:14:33,Red,72577,10532,Active,Siren,Bengali,0.67
1466,6,48,1910,All Clear,2022-11-10 07:22:46,2021-03-07 08:29:41,2021-09-21 18:52:47,Red,489002,755,Expired,SMS,Mizo,0.32
1467,4,35,384,Advisory,2021-07-25 03:03:55,2022-01-10 09:57:39,2023-09-03 00:06:29,Red,49224,11785,Expired,Siren,Manipuri,0.36
1468,4,39,3304,Watch,2018-10-12 07:00:39,2022-05-07 07:20:12,2022-04-02 11:09:54,Green,353648,38694,Cancelled,Push Notification,Manipuri,0.77
1469,4,36,4135,Drill,2019-04-13 09:23:48,2024-05-25 20:51:29,2021-05-03 05:25:58,Red,303450,43927,Superseded,SMS,Bengali,0.33
1470,3,23,1879,Advisory,2024-01-26 09:37:02,2024-09-21 21:46:44,2018-10-02 18:20:20,Green,414348,38074,Superseded,SMS,Bengali,0.6
1471,3,32,4521,Watch,2023-06-19 15:21:31,2022-02-23 15:08:27,2020-06-01 17:20:01,Yellow,353571,45280,Expired,Radio,Khasi,0.56
1472,1,7,3771,Watch,2022-12-11 05:00:59,2020-06-28 20:28:09,2023-06-12 09:45:23,Red,23780,39632,Superseded,Radio,Mizo,0.73
1473,3,25,4480,All Clear,2020-02-12 13:03:17,2021-08-26 19:32:35,2018-03-21 14:26:35,Orange,139374,29691,Cancelled,Push Notification,English,0.61
1474,1,10,4595,Emergency,2020-11-16 04:26:33,2019-03-19 05:37:00,2019-05-12 12:05:29,Green,489479,23302,Expired,Siren,Bengali,0.68
1475,1,9,3,Advisory,2022-04-11 07:33:52,2022-07-20 00:18:40,2021-05-28 03:53:45,Yellow,279390,45658,Expired,All,English,0.92
1476,1,9,2118,Watch,2021-05-12 19:23:30,2024-05-28 03:56:26,2022-06-26 23:34:28,Red,233499,39448,Active,Siren,English,0.74
1477,1,5,731,Watch,2020-07-20 18:08:28,2018-12-17 21:52:44,2022-12-28 04:27:21,Green,469893,49590,Expired,Radio,Khasi,0.83
1478,4,39,1338,Drill,2024-12-24 23:26:26,2021-06-19 16:25:01,2018-12-02 10:06:57,Yellow,122075,13981,Superseded,Siren,English,0.54
1479,2,16,359,All Clear,2020-03-01 17:49:47,2022-05-07 18:10:12,2018-10-21 06:38:34,Orange,210134,21787,Active,Push Notification,Bengali,0.93
1480,2,18,2475,Advisory,2022-03-20 18:00:54,2019-01-23 00:33:45,2023-03-30 17:08:21,Yellow,51145,28109,Cancelled,SMS,Mizo,0.44
1481,2,19,2242,Emergency,2018-03-29 18:50:32,2018-07-16 07:00:43,2021-12-31 09:11:08,Red,396254,48518,Superseded,SMS,Mizo,0.66
1482,5,45,2120,All Clear,2023-01-22 04:39:06,2022-08-08 23:00:07,2024-03-16 10:24:04,Green,1595,26260,Superseded,All,Hindi,0.37
1483,1,6,3628,All Clear,2020-04-21 13:32:12,2018-11-21 22:31:02,2024-09-11 23:37:04,Red,118837,21394,Expired,Siren,Khasi,0.56
1484,2,17,4473,Drill,2021-08-04 16:24:11,2022-12-13 11:53:04,2021-05-14 19:02:32,Yellow,365255,40536,Superseded,Radio,Manipuri,0.57
1485,2,20,740,All Clear,2020-10-13 23:14:30,2020-03-22 13:53:26,2020-09-01 04:24:18,Orange,421406,43247,Active,SMS,English,0.73
1486,6,47,4908,Early Warning,2023-10-13 04:54:39,2023-11-06 20:10:59,2024-08-23 15:00:39,Yellow,250582,23679,Expired,Siren,Khasi,0.33
1487,1,8,577,Emergency,2022-01-14 03:51:18,2023-10-23 06:43:37,2024-03-12 10:21:09,Green,32536,14881,Superseded,Push Notification,Assamese,0.52
1488,3,27,1031,Advisory,2018-11-07 17:09:36,2021-03-02 23:17:22,2023-02-06 13:30:04,Orange,29361,24837,Superseded,SMS,English,0.32
1489,5,42,4690,Advisory,2020-07-24 14:05:08,2022-07-06 17:58:29,2022-12-09 03:04:06,Yellow,131286,11726,Active,Radio,Assamese,1.0
1490,5,44,2245,Emergency,2024-09-06 12:24:08,2022-03-26 16:32:44,2021-06-29 06:08:19,Red,26315,21422,Superseded,Radio,Hindi,0.31
1491,6,51,2546,Advisory,2020-09-04 21:16:56,2022-03-03 11:13:59,2024-06-07 15:18:08,Red,232409,22276,Active,All,Assamese,0.85
1492,2,20,2613,All Clear,2019-11-17 19:01:17,2024-11-06 20:52:56,2023-03-06 21:18:16,Yellow,15247,27862,Expired,Push Notification,Mizo,0.85
1493,2,17,3314,Drill,2021-03-30 12:50:08,2019-07-27 16:17:41,2024-07-21 15:01:46,Yellow,219637,22053,Cancelled,SMS,English,0.58
1494,2,22,4946,Watch,2023-03-05 17:40:21,2018-06-16 20:05:34,2018-01-29 10:43:40,Orange,364371,44254,Superseded,Push Notification,Mizo,0.43
1495,1,12,1247,Emergency,2020-07-02 18:36:16,2021-08-23 07:33:45,2022-01-26 05:28:19,Yellow,363929,43033,Superseded,Radio,Assamese,0.39
1496,2,21,552,Early Warning,2021-04-27 03:12:32,2018-09-03 15:31:11,2019-07-04 12:56:36,Green,147388,46474,Active,SMS,Bengali,0.94
1497,7,55,4124,All Clear,2024-12-08 00:05:36,2024-10-11 19:49:29,2022-05-26 11:29:47,Orange,335339,25444,Active,SMS,Mizo,0.93
1498,4,35,123,All Clear,2018-12-03 15:00:04,2022-05-23 23:54:33,2021-05-15 13:56:12,Red,252387,46593,Superseded,All,Hindi,0.44
1499,1,6,1417,Emergency,2022-12-01 06:50:29,2024-09-06 18:05:42,2018-02-12 07:34:43,Orange,488204,17904,Superseded,Push Notification,Khasi,0.59
1500,2,17,1345,Early Warning,2023-06-08 01:01:25,2019-04-03 13:36:02,2024-03-19 10:03:57,Red,58247,10788,Active,Push Notification,Manipuri,0.48
1501,6,48,3922,Emergency,2020-11-29 00:34:38,2020-12-10 02:41:38,2023-12-04 17:54:16,Yellow,308770,47808,Superseded,All,English,0.62
1502,3,23,1383,All Clear,2021-02-18 21:02:12,2019-06-28 04:09:08,2020-08-20 09:35:58,Orange,67165,8087,Expired,All,Bengali,0.92
1503,3,24,2199,Drill,2018-05-27 11:41:24,2021-08-26 14:14:58,2020-03-01 14:15:43,Green,160271,42783,Cancelled,Radio,Khasi,0.63
1504,6,48,1194,Early Warning,2019-09-04 11:10:00,2019-03-11 18:57:31,2019-08-25 08:03:58,Green,80926,46722,Superseded,Radio,Mizo,0.68
1505,6,49,4025,Emergency,2023-10-21 10:26:17,2021-09-24 00:36:18,2024-07-31 08:20:27,Green,208842,13518,Expired,Radio,Khasi,0.75
1506,6,48,1363,Early Warning,2022-03-01 03:44:58,2019-08-19 08:49:50,2022-09-21 14:25:27,Yellow,282636,24871,Expired,SMS,Assamese,0.55
1507,1,1,4448,All Clear,2018-07-08 19:57:07,2024-09-01 22:07:22,2021-04-17 10:39:56,Green,129566,2733,Cancelled,Radio,Khasi,0.74
1508,1,3,3168,Advisory,2023-03-07 17:26:30,2024-02-13 10:26:24,2022-08-22 05:54:25,Yellow,263838,9491,Cancelled,All,Hindi,0.53
1509,2,15,2504,Drill,2018-02-06 17:00:46,2024-09-13 17:33:08,2023-05-25 21:59:43,Green,388233,6805,Active,Siren,Assamese,0.63
1510,2,19,4213,Advisory,2018-07-28 00:57:50,2019-06-20 03:53:20,2020-05-16 08:52:18,Red,133322,16671,Cancelled,Radio,Bengali,0.6
1511,6,53,4356,Drill,2019-10-16 06:34:13,2018-07-24 22:08:21,2022-01-16 02:52:34,Orange,316123,40602,Expired,Siren,Khasi,0.85
1512,1,7,128,Watch,2023-06-17 23:06:21,2023-06-23 17:58:36,2023-01-25 22:49:07,Orange,64761,9639,Superseded,All,Manipuri,0.76
1513,7,56,4415,All Clear,2024-04-03 15:00:34,2022-10-31 09:35:02,2022-12-05 18:13:36,Red,223229,38425,Expired,All,English,0.51
1514,2,21,3943,Emergency,2022-12-04 04:36:16,2018-11-22 03:34:39,2020-05-02 00:52:47,Yellow,440368,29452,Expired,Radio,Assamese,0.46
1515,6,52,734,Drill,2024-03-14 14:40:39,2020-02-24 21:41:56,2019-06-28 19:08:56,Red,140504,8663,Expired,All,Khasi,0.46
1516,3,29,1334,Watch,2022-06-09 03:08:01,2022-10-31 18:07:55,2024-09-27 17:48:27,Yellow,54208,9892,Active,All,Assamese,0.32
1517,8,59,1288,Watch,2022-10-27 07:21:35,2022-05-26 12:21:41,2022-05-19 01:36:57,Yellow,484622,3235,Expired,Push Notification,Hindi,0.38
1518,6,53,959,Watch,2018-02-16 07:14:09,2019-06-30 23:18:53,2018-01-07 13:31:36,Yellow,8634,4130,Superseded,Siren,Assamese,0.57
1519,1,3,245,Drill,2022-04-28 01:29:50,2021-04-14 23:40:54,2019-01-14 02:48:43,Red,5974,35896,Active,Radio,Hindi,0.56
1520,6,51,762,Drill,2020-06-16 03:47:47,2020-01-01 20:09:14,2022-09-15 05:05:37,Green,151809,20927,Expired,SMS,Manipuri,0.66
1521,1,4,3954,All Clear,2020-05-08 15:09:44,2023-06-17 02:47:25,2019-03-06 12:52:06,Red,102329,20634,Cancelled,Siren,Mizo,0.99
1522,2,21,801,Watch,2018-04-19 08:02:12,2024-03-28 09:26:21,2024-07-29 22:07:02,Green,8961,29952,Superseded,Push Notification,English,0.56
1523,6,53,2286,Emergency,2020-10-20 11:37:55,2018-08-20 13:34:26,2020-10-26 15:31:48,Red,10347,45156,Active,Siren,Assamese,0.98
1524,5,43,3195,Early Warning,2021-08-04 08:42:01,2018-08-18 08:50:49,2018-02-10 12:28:31,Orange,474573,42421,Superseded,Radio,Bengali,0.91
1525,5,46,740,Advisory,2023-12-28 11:59:02,2018-01-05 22:14:02,2024-11-14 15:09:51,Yellow,234467,35497,Cancelled,SMS,Assamese,0.73
1526,8,60,4846,Early Warning,2020-04-15 07:59:40,2022-06-13 06:15:09,2023-03-27 06:48:44,Red,7987,24070,Expired,Siren,Assamese,0.68
1527,2,19,4539,All Clear,2019-03-14 12:48:03,2024-03-04 09:49:15,2022-10-30 01:29:05,Red,296113,40752,Superseded,Push Notification,Assamese,0.72
1528,6,51,127,All Clear,2022-06-29 07:08:22,2021-09-08 16:18:09,2022-09-30 17:44:15,Yellow,291300,34081,Active,Siren,Manipuri,1.0
1529,5,43,3976,Advisory,2024-08-25 07:31:14,2018-04-06 04:18:06,2021-02-26 15:26:52,Green,421025,38755,Superseded,Push Notification,Bengali,0.62
1530,1,5,4665,Early Warning,2021-11-12 23:47:25,2023-11-24 17:44:31,2023-01-22 16:09:55,Red,124223,8290,Active,SMS,Hindi,0.6
1531,5,45,2937,Emergency,2021-11-13 05:51:46,2018-02-15 15:33:18,2020-07-29 12:51:43,Yellow,41340,36260,Active,All,Bengali,0.95
1532,8,61,597,Advisory,2024-09-01 16:40:24,2020-11-08 17:13:25,2022-05-06 01:23:50,Red,164912,7718,Superseded,Siren,Assamese,0.5
1533,1,6,1131,Emergency,2022-02-26 00:37:40,2023-02-14 17:33:31,2019-07-29 09:31:08,Orange,411172,4890,Active,All,Khasi,0.86
1534,5,42,4518,Early Warning,2019-03-26 10:08:28,2023-03-06 16:54:04,2024-01-24 11:59:27,Orange,310594,26398,Expired,Siren,Bengali,0.42
1535,1,10,4942,All Clear,2022-01-23 15:03:51,2022-12-31 17:13:56,2018-08-20 07:15:19,Orange,235651,3499,Cancelled,Radio,Bengali,0.94
1536,1,7,4535,Advisory,2020-12-12 21:13:21,2022-02-19 06:43:57,2018-05-21 23:08:21,Orange,167327,28515,Expired,SMS,Mizo,0.7
1537,1,9,3008,Drill,2022-03-24 22:54:07,2022-11-20 23:30:40,2018-02-26 02:47:11,Green,491932,48124,Active,SMS,Khasi,0.58
1538,8,60,2804,Early Warning,2021-06-27 20:28:05,2021-11-28 04:13:37,2019-06-18 09:10:12,Orange,110867,8913,Cancelled,Siren,Hindi,0.65
1539,8,59,4588,Drill,2023-03-14 09:26:28,2024-09-12 19:47:43,2020-05-19 22:12:21,Orange,2751,3828,Active,Siren,Manipuri,0.76
1540,8,59,4233,Drill,2019-07-22 20:11:11,2020-03-24 10:31:57,2024-02-06 21:07:06,Yellow,237405,15752,Active,Push Notification,Assamese,0.35
1541,8,61,4443,Early Warning,2024-10-05 11:39:47,2022-02-04 21:01:46,2018-07-24 18:41:13,Orange,30989,23031,Active,SMS,English,0.7
1542,1,1,1459,Drill,2021-12-12 01:03:51,2018-09-25 17:34:23,2020-09-05 14:51:45,Green,97580,28010,Active,SMS,Khasi,0.55
1543,8,61,3610,Watch,2018-06-15 09:52:12,2018-05-17 05:42:14,2018-04-12 23:50:10,Yellow,242517,4645,Superseded,All,Bengali,0.78
1544,1,1,3964,All Clear,2020-03-07 16:29:05,2022-11-19 08:43:41,2024-09-05 13:19:16,Green,163813,36816,Cancelled,Radio,Hindi,0.87
1545,1,10,4649,Emergency,2022-06-10 11:54:22,2023-01-17 16:35:52,2022-09-22 08:37:25,Red,300561,13981,Superseded,Radio,Hindi,0.72
1546,2,18,3869,Emergency,2024-07-07 20:26:13,2024-03-26 10:15:19,2018-10-01 16:31:26,Green,327468,47248,Expired,Siren,Hindi,0.86
1547,6,52,4411,Drill,2018-09-14 18:16:07,2024-07-31 00:19:28,2018-08-08 17:30:25,Yellow,18723,16896,Cancelled,SMS,Hindi,0.55
1548,4,36,3304,Early Warning,2019-11-21 01:02:37,2021-12-25 20:53:44,2020-07-11 00:46:08,Yellow,111949,47734,Cancelled,Siren,Bengali,0.67
1549,7,57,1983,Emergency,2020-11-14 06:00:08,2022-07-05 11:10:00,2018-07-07 21:22:44,Yellow,212767,17891,Superseded,SMS,Khasi,0.6
1550,2,13,4820,Drill,2022-08-30 10:23:19,2020-02-20 23:34:28,2020-07-19 17:59:04,Yellow,488185,35516,Expired,All,Bengali,0.98
1551,2,21,1867,Emergency,2021-04-03 18:35:36,2019-03-05 10:33:00,2022-08-06 07:38:38,Orange,24968,21682,Cancelled,SMS,Assamese,0.87
1552,8,60,2267,Emergency,2023-12-30 09:20:25,2021-01-23 19:27:21,2021-10-26 22:47:44,Green,325092,21991,Cancelled,SMS,Bengali,0.97
1553,1,11,1688,Drill,2022-10-21 01:28:07,2018-01-31 05:45:27,2023-01-20 16:49:04,Yellow,17933,35444,Cancelled,Radio,English,0.33
1554,5,41,2536,Drill,2024-03-19 22:57:58,2023-02-08 09:50:06,2018-11-13 00:32:47,Green,466445,15307,Active,SMS,English,0.62
1555,4,33,3178,Watch,2018-10-22 09:25:27,2020-10-17 17:16:02,2024-11-07 10:03:24,Green,154729,46147,Superseded,Siren,English,0.78
1556,1,12,1378,Emergency,2023-05-24 06:58:34,2024-02-06 21:51:50,2023-04-14 07:48:42,Green,194584,15322,Cancelled,Radio,Khasi,0.96
1557,5,44,1452,Drill,2018-01-03 00:28:11,2019-02-25 03:42:56,2019-07-21 04:51:54,Green,229600,20561,Cancelled,SMS,English,0.41
1558,3,27,416,Early Warning,2018-09-03 06:11:10,2020-11-13 19:58:23,2019-10-29 17:38:40,Orange,452468,47151,Expired,Radio,Mizo,0.76
1559,5,44,4819,Drill,2020-03-17 15:23:29,2023-04-03 22:13:08,2020-11-21 16:09:11,Red,16872,28708,Cancelled,SMS,Mizo,0.64
1560,6,49,3629,Watch,2023-12-28 19:48:00,2021-12-11 15:38:57,2023-01-23 11:28:01,Yellow,288848,3245,Cancelled,All,Khasi,0.56
1561,1,2,1890,Early Warning,2023-09-02 12:24:12,2018-01-31 04:58:49,2021-05-04 23:37:43,Green,151014,44403,Expired,Radio,Mizo,0.8
1562,2,14,4743,Advisory,2019-01-04 05:18:16,2020-12-17 20:24:19,2019-01-27 15:27:14,Green,491718,2059,Expired,Siren,English,0.65
1563,5,45,2329,All Clear,2018-07-20 02:43:04,2020-07-20 17:33:36,2023-05-02 14:08:37,Green,321714,6146,Expired,Radio,Manipuri,0.73
1564,1,12,4469,Watch,2021-01-20 21:58:02,2021-03-07 08:32:04,2023-11-02 09:42:28,Orange,297414,22312,Expired,SMS,Bengali,0.57
1565,1,3,486,All Clear,2021-06-20 05:39:28,2022-11-30 13:39:05,2018-02-10 12:56:45,Red,337807,1259,Superseded,All,Assamese,0.96
1566,8,59,4486,All Clear,2018-07-02 15:41:11,2021-04-16 22:10:38,2024-02-07 01:00:02,Green,230384,31293,Cancelled,SMS,Mizo,0.79
1567,2,16,3924,Drill,2022-04-06 09:49:33,2023-10-15 08:44:11,2019-01-25 07:31:17,Orange,375834,14274,Expired,All,Mizo,0.5
1568,4,38,3072,Early Warning,2019-12-01 03:19:35,2021-05-04 20:39:08,2022-03-05 18:56:56,Green,240473,24705,Expired,Radio,Bengali,0.31
1569,1,11,2851,Emergency,2018-02-04 08:15:37,2019-10-23 06:23:00,2021-03-25 00:17:56,Green,164256,16718,Expired,Siren,Hindi,0.5
1570,3,30,4402,All Clear,2020-03-02 13:06:54,2018-07-09 23:32:53,2023-05-05 07:24:51,Yellow,98021,43351,Expired,Push Notification,Mizo,0.45
1571,2,22,781,Drill,2018-08-05 16:29:25,2024-09-12 12:53:40,2018-04-10 06:14:15,Green,299635,2610,Superseded,SMS,Bengali,0.47
1572,5,41,4432,All Clear,2022-09-23 18:23:51,2020-02-26 21:41:30,2020-01-25 21:34:59,Red,7410,9926,Active,SMS,Assamese,0.57
1573,2,15,1115,Advisory,2023-03-30 16:08:44,2023-10-09 12:34:07,2020-11-05 07:00:09,Green,484295,29919,Cancelled,All,Manipuri,0.85
1574,4,35,3696,Early Warning,2020-10-01 09:19:34,2019-06-16 06:04:54,2023-01-18 16:32:02,Yellow,386472,38901,Superseded,Radio,Hindi,0.58
1575,2,15,1969,Early Warning,2021-07-26 00:53:23,2023-11-27 20:24:38,2019-03-16 12:25:02,Yellow,240000,24251,Cancelled,All,Hindi,0.35
1576,3,30,3796,Early Warning,2018-03-18 15:05:21,2021-10-14 07:27:57,2018-12-22 20:18:24,Yellow,47723,22560,Expired,Push Notification,Khasi,0.83
1577,1,1,1483,Drill,2019-08-11 08:13:34,2019-06-07 17:31:01,2018-11-04 12:05:07,Red,339332,39845,Expired,SMS,Bengali,0.93
1578,4,34,1020,Drill,2022-06-11 14:04:42,2018-01-14 06:50:08,2023-11-03 13:21:17,Red,192011,37063,Active,Siren,English,0.84
1579,4,33,3577,Advisory,2019-10-19 21:48:39,2022-09-06 12:43:29,2022-09-07 15:47:41,Orange,42857,47862,Cancelled,All,Khasi,0.62
1580,3,31,1372,Emergency,2023-12-28 04:22:56,2022-09-24 11:19:54,2022-05-25 12:43:08,Green,23408,46453,Active,Radio,Hindi,0.64
1581,6,49,4947,All Clear,2019-11-02 22:11:32,2021-03-12 10:39:52,2023-03-07 00:43:00,Green,494296,10130,Superseded,Push Notification,Mizo,0.66
1582,2,22,2548,All Clear,2018-06-15 23:19:00,2019-03-06 01:38:22,2019-06-07 08:02:13,Green,378836,49413,Superseded,Push Notification,English,0.34
1583,4,36,1752,All Clear,2023-03-26 20:50:55,2019-02-01 00:10:04,2023-04-27 15:39:48,Orange,485916,14984,Expired,Push Notification,English,0.48
1584,2,18,2284,Drill,2022-02-22 21:50:03,2019-10-19 20:48:18,2024-03-21 13:55:08,Orange,69137,49106,Active,SMS,Assamese,0.98
1585,8,62,2949,Drill,2022-11-29 12:41:37,2018-02-01 17:09:17,2023-09-23 07:55:55,Yellow,66439,48216,Active,Push Notification,English,0.74
1586,1,4,2270,Watch,2024-01-29 13:05:11,2019-02-12 15:01:18,2019-02-10 17:05:11,Yellow,375982,28764,Superseded,Radio,Mizo,0.95
1587,5,45,846,Drill,2020-01-28 03:32:01,2019-08-26 14:57:07,2018-05-09 17:09:27,Orange,471178,49761,Expired,All,English,0.59
1588,7,57,386,Emergency,2021-06-18 23:54:03,2019-09-05 04:28:32,2018-01-09 23:11:00,Orange,357759,3764,Cancelled,All,Hindi,0.95
1589,3,29,3744,Emergency,2021-11-28 22:10:31,2022-12-22 04:07:00,2018-10-26 02:50:03,Orange,320495,35210,Expired,Push Notification,Mizo,0.35
1590,1,2,1327,Emergency,2023-02-02 14:08:24,2023-10-22 21:02:46,2024-11-30 18:17:38,Green,359650,48647,Active,Siren,Bengali,0.56
1591,4,39,335,Early Warning,2019-05-10 08:56:53,2024-09-05 09:38:19,2018-04-01 15:11:41,Yellow,138339,16249,Cancelled,SMS,Manipuri,0.57
1592,1,11,1236,Watch,2022-10-30 03:03:12,2019-01-04 05:09:06,2021-07-28 06:31:26,Green,255348,916,Active,Radio,Assamese,0.69
1593,3,24,3422,Early Warning,2021-05-06 19:18:34,2021-04-05 10:49:55,2019-12-28 14:27:11,Red,367325,25821,Expired,SMS,Manipuri,0.66
1594,3,26,2966,Advisory,2021-01-28 16:06:27,2022-12-11 18:25:17,2020-06-10 11:46:35,Green,408417,16694,Cancelled,SMS,Assamese,0.98
1595,3,26,1609,All Clear,2023-10-29 18:41:59,2024-07-20 23:02:17,2019-08-09 20:23:20,Orange,376161,14727,Superseded,Radio,English,0.51
1596,4,39,3088,Watch,2019-06-04 16:54:55,2019-02-07 06:24:47,2019-06-09 21:19:33,Red,202129,8827,Superseded,SMS,English,0.51
1597,1,10,2095,Drill,2019-11-04 11:05:44,2019-03-04 00:40:27,2024-04-14 12:12:01,Red,180204,42896,Cancelled,Radio,Khasi,0.41
1598,5,44,4217,All Clear,2022-05-14 13:48:27,2024-04-02 10:00:27,2022-03-12 16:10:15,Green,497724,38936,Active,All,Assamese,0.4
1599,2,16,2549,Drill,2024-12-24 16:53:25,2023-02-10 13:47:11,2022-11-09 16:54:51,Green,358030,24921,Cancelled,Push Notification,Hindi,0.69
1600,6,52,1962,Emergency,2019-02-21 06:06:59,2019-08-03 22:18:11,2021-02-09 23:35:40,Orange,349648,3775,Cancelled,All,Hindi,0.46
1601,2,17,1658,Drill,2024-12-07 20:26:29,2020-01-19 09:44:05,2018-08-29 22:25:20,Green,41353,46295,Cancelled,All,Assamese,0.58
1602,3,24,2188,Drill,2021-02-22 21:54:31,2021-04-27 22:39:17,2023-11-14 05:22:31,Red,295649,44245,Cancelled,Siren,Bengali,0.86
1603,3,26,4808,Drill,2024-01-22 10:29:50,2024-07-26 19:06:17,2023-05-30 03:18:11,Orange,176000,13065,Cancelled,Push Notification,Assamese,0.56
1604,3,31,2219,Drill,2021-05-06 02:15:06,2023-01-22 12:06:41,2024-08-10 19:24:34,Red,263706,25054,Active,Siren,Hindi,0.93
1605,1,9,648,Advisory,2019-07-05 04:16:49,2021-02-23 08:39:28,2018-03-10 17:50:05,Orange,280849,45727,Active,All,Bengali,0.95
1606,8,60,2510,Advisory,2022-04-28 10:37:24,2019-07-30 21:47:57,2024-06-20 12:51:44,Green,209343,39055,Expired,Radio,Mizo,0.96
1607,4,37,3124,Emergency,2021-05-18 16:02:59,2019-07-19 14:18:46,2018-12-17 14:05:05,Orange,447552,15697,Active,Siren,Mizo,0.99
1608,1,9,1963,Advisory,2021-02-17 03:47:52,2019-07-19 04:31:47,2021-04-10 13:12:45,Green,64346,18737,Active,Radio,Khasi,0.68
1609,2,13,2031,Emergency,2024-09-28 15:24:47,2024-12-12 00:28:12,2018-12-28 11:13:56,Yellow,157909,20757,Cancelled,Push Notification,Khasi,0.87
1610,3,29,4642,Drill,2021-07-06 01:21:28,2024-07-21 07:12:50,2021-11-23 15:19:52,Yellow,118591,6832,Active,SMS,Manipuri,0.75
1611,6,47,1000,Watch,2022-03-21 00:45:35,2019-03-18 10:54:17,2019-01-09 14:17:07,Orange,41728,24140,Superseded,SMS,Manipuri,0.5
1612,1,11,1714,Drill,2021-02-01 00:27:32,2019-07-02 11:46:51,2021-09-07 02:45:41,Orange,466286,33127,Superseded,Radio,Bengali,0.89
1613,5,42,4081,Emergency,2018-06-01 00:34:54,2019-08-26 17:21:24,2023-06-21 03:49:15,Green,85873,42474,Active,All,Assamese,0.86
1614,7,57,1210,Emergency,2019-11-23 11:36:14,2021-11-08 07:37:08,2019-02-15 06:52:29,Red,302773,28178,Superseded,Radio,Assamese,0.43
1615,3,30,28,Early Warning,2018-12-13 08:11:15,2023-06-30 03:17:28,2018-05-25 21:49:49,Orange,485066,41241,Cancelled,Push Notification,Mizo,0.61
1616,4,35,516,Advisory,2018-03-18 09:18:37,2023-07-10 14:42:03,2022-06-01 22:10:55,Orange,345231,2990,Active,SMS,Hindi,0.64
1617,5,44,1460,Early Warning,2024-03-16 10:35:05,2020-08-18 14:47:09,2019-08-02 20:10:28,Yellow,167761,30350,Expired,SMS,Assamese,0.32
1618,2,20,1858,Watch,2022-11-18 07:30:29,2024-06-28 18:09:46,2021-05-21 12:44:01,Green,277493,41126,Active,Siren,Hindi,0.94
1619,2,13,997,All Clear,2019-09-08 12:34:13,2020-12-10 13:25:50,2020-12-26 17:15:39,Red,371918,10103,Superseded,Push Notification,Khasi,0.32
1620,5,42,1528,Watch,2022-11-24 08:51:07,2020-12-04 16:13:02,2019-02-02 02:59:18,Red,377134,24479,Cancelled,Push Notification,Hindi,0.4
1621,1,10,3627,All Clear,2019-12-06 18:22:27,2023-02-18 16:00:01,2023-03-04 18:04:41,Yellow,91486,93,Cancelled,Radio,Mizo,0.63
1622,5,45,1820,Watch,2024-08-26 03:36:36,2019-02-06 10:02:54,2019-12-06 03:17:33,Orange,221992,27972,Active,All,Bengali,0.98
1623,3,31,3254,All Clear,2018-10-12 17:01:37,2021-11-27 10:04:26,2018-05-22 13:19:29,Green,268247,12283,Superseded,All,Assamese,0.85
1624,1,8,4143,Watch,2024-11-12 00:44:50,2021-03-30 03:20:06,2018-04-30 20:18:55,Yellow,51831,927,Superseded,SMS,Hindi,0.58
1625,3,23,4536,Drill,2019-11-22 13:00:33,2018-10-06 12:05:05,2022-03-12 16:22:52,Yellow,349391,41305,Superseded,Radio,Manipuri,0.9
1626,6,50,3298,Advisory,2022-01-26 13:47:03,2021-10-07 03:51:26,2024-05-30 19:47:48,Yellow,137807,8586,Expired,Push Notification,Hindi,0.99
1627,1,10,1161,Drill,2019-05-17 09:47:55,2018-11-26 17:40:08,2024-06-01 18:44:52,Green,318567,19138,Cancelled,Push Notification,Bengali,0.69
1628,5,43,4638,Watch,2019-04-25 08:10:26,2024-03-31 05:49:57,2021-01-04 00:41:19,Yellow,212450,3746,Superseded,Push Notification,Mizo,0.92
1629,2,22,1730,Emergency,2021-02-28 11:48:19,2020-01-23 14:57:34,2023-05-29 05:13:21,Green,414474,47320,Superseded,Push Notification,English,0.9
1630,1,8,4355,Emergency,2018-06-22 04:33:15,2023-10-26 02:26:37,2024-09-29 17:04:59,Orange,257932,18073,Active,Push Notification,English,0.64
1631,2,21,1877,Early Warning,2022-10-03 09:53:47,2023-07-23 10:12:30,2022-10-12 02:14:26,Orange,169947,9731,Active,SMS,Hindi,0.84
1632,1,12,3288,All Clear,2023-08-16 23:04:25,2024-09-03 11:55:17,2020-06-10 03:07:53,Green,348211,26168,Expired,All,Mizo,0.8
1633,5,43,2994,Advisory,2021-04-14 14:55:10,2024-03-19 13:50:49,2020-05-10 03:20:47,Green,414682,31204,Active,Radio,Bengali,0.48
1634,1,5,1428,Advisory,2023-04-30 13:32:37,2018-09-26 16:15:48,2021-08-23 02:52:15,Green,377786,17541,Active,SMS,Manipuri,0.84
1635,5,44,2804,Advisory,2020-10-22 02:43:47,2018-02-22 12:40:34,2022-11-05 14:37:23,Red,489441,43943,Active,All,Khasi,0.56
1636,2,14,4841,All Clear,2020-09-24 10:31:07,2022-03-24 00:59:39,2021-01-16 11:58:29,Red,422075,12115,Active,Siren,Mizo,0.3
1637,1,9,149,Emergency,2020-02-27 23:20:53,2019-05-07 19:23:01,2023-09-03 06:02:08,Yellow,7916,4660,Superseded,SMS,Hindi,0.81
1638,1,6,1227,Watch,2020-08-13 07:26:42,2022-11-11 19:37:06,2020-01-27 23:55:43,Green,394310,46953,Superseded,All,Assamese,0.62
1639,4,37,3719,All Clear,2021-06-15 08:19:11,2022-06-14 14:05:56,2022-01-14 10:14:26,Green,113146,4862,Expired,Siren,Assamese,0.93
1640,2,15,655,Watch,2024-10-14 22:58:52,2021-09-22 08:23:44,2023-07-19 19:12:08,Yellow,204259,44233,Active,Siren,Bengali,0.79
1641,8,62,4346,Drill,2022-07-20 10:58:49,2022-08-20 07:31:26,2021-07-30 00:03:35,Red,184867,15547,Expired,All,Khasi,0.79
1642,2,13,945,Drill,2023-02-16 06:26:52,2024-07-20 04:37:54,2021-04-02 13:13:37,Green,172494,20235,Expired,SMS,Manipuri,0.77
1643,6,51,4737,Watch,2023-06-02 21:15:21,2019-12-26 10:46:41,2019-01-23 09:30:06,Orange,75981,2993,Expired,SMS,Manipuri,0.35
1644,6,54,193,Emergency,2024-08-03 14:02:41,2024-11-13 23:36:25,2021-03-20 19:51:30,Orange,142857,18532,Superseded,Radio,Assamese,0.3
1645,1,4,10,All Clear,2019-03-12 20:04:08,2021-12-13 10:16:20,2021-05-14 05:17:48,Red,160621,20262,Superseded,Siren,Assamese,0.51
1646,3,29,4859,Early Warning,2021-10-30 12:47:26,2021-07-28 05:46:48,2024-12-10 21:27:24,Orange,105642,25274,Cancelled,Siren,Khasi,0.99
1647,2,17,2709,Emergency,2018-04-13 14:36:56,2020-01-29 21:38:17,2021-01-01 17:50:09,Green,165111,45811,Expired,Siren,Hindi,0.33
1648,6,48,3164,All Clear,2020-04-26 07:35:12,2019-08-03 08:19:15,2021-12-13 20:24:08,Red,231509,5182,Active,All,Khasi,0.55
1649,4,37,3115,Watch,2019-11-24 00:42:36,2018-06-03 22:22:12,2023-11-29 10:11:20,Orange,194590,38899,Superseded,SMS,Hindi,0.56
1650,1,8,1324,Emergency,2022-07-02 14:18:25,2021-07-08 18:41:37,2023-09-27 08:29:08,Yellow,108297,27955,Cancelled,Push Notification,English,0.9
1651,5,40,2376,All Clear,2022-06-18 15:03:56,2021-05-07 11:19:07,2020-12-19 07:32:07,Orange,483809,18461,Superseded,Siren,Hindi,0.51
1652,2,22,2145,Advisory,2020-06-26 17:01:11,2024-01-12 21:36:25,2020-03-10 16:58:33,Yellow,411962,4783,Cancelled,All,English,0.58
1653,8,60,4944,All Clear,2023-01-05 05:36:17,2020-01-24 06:58:59,2024-01-02 11:51:05,Yellow,495421,16939,Cancelled,All,Assamese,0.5
1654,4,37,2209,Early Warning,2021-06-27 13:41:26,2022-06-22 16:19:09,2024-06-16 08:23:48,Orange,354530,43082,Expired,Push Notification,Hindi,0.33
1655,2,22,4101,All Clear,2021-07-29 07:01:56,2024-02-25 03:03:42,2022-01-22 01:47:19,Yellow,379446,14321,Cancelled,SMS,Hindi,0.41
1656,8,62,66,Watch,2024-06-20 00:15:36,2018-07-10 03:41:47,2023-11-18 16:58:21,Red,90978,7546,Superseded,SMS,Assamese,0.53
1657,7,58,4249,Advisory,2020-12-16 09:56:40,2023-05-13 06:22:11,2024-01-15 03:11:46,Yellow,411335,27053,Cancelled,Radio,Assamese,0.86
1658,1,9,1030,Early Warning,2018-04-26 20:43:11,2018-05-14 07:39:23,2020-07-26 13:41:40,Yellow,145924,37138,Superseded,Radio,Assamese,0.95
1659,1,10,1831,Early Warning,2022-10-27 06:47:05,2019-03-16 10:10:06,2024-04-09 16:49:39,Green,458664,23315,Active,Push Notification,Mizo,0.38
1660,6,47,3781,Advisory,2020-11-01 14:01:31,2022-07-01 19:34:36,2024-01-06 12:09:33,Red,312001,25664,Expired,Radio,Manipuri,0.54
1661,5,44,3862,Early Warning,2018-01-08 04:45:19,2022-11-18 07:29:41,2023-03-09 14:25:00,Red,114604,4507,Cancelled,Radio,Manipuri,0.51
1662,2,17,2681,Watch,2021-05-17 00:49:11,2018-09-20 23:22:12,2018-08-14 04:25:28,Red,116923,35523,Cancelled,SMS,Hindi,0.51
1663,1,12,1561,Drill,2021-06-19 17:37:26,2024-04-20 18:39:04,2019-02-26 16:54:05,Yellow,17656,16296,Expired,Radio,Assamese,0.5
1664,2,17,3331,Early Warning,2019-10-08 23:03:46,2020-07-24 23:24:41,2019-12-22 18:28:48,Green,347852,29541,Superseded,All,Khasi,0.79
1665,6,52,3247,Early Warning,2024-08-24 19:42:53,2022-09-12 12:41:54,2024-09-25 00:15:36,Green,472801,42672,Cancelled,Push Notification,Manipuri,0.9
1666,3,25,4773,Drill,2018-06-05 17:26:41,2018-10-06 14:19:23,2023-07-03 00:27:45,Yellow,347526,31935,Superseded,Radio,English,0.63
1667,2,13,308,Advisory,2020-07-27 14:03:54,2018-07-01 14:00:05,2019-04-28 01:59:51,Yellow,119837,35164,Cancelled,SMS,Hindi,0.41
1668,4,36,4994,Emergency,2020-05-20 22:59:18,2020-11-17 04:29:34,2019-07-17 21:18:53,Red,235219,49257,Cancelled,Push Notification,Hindi,0.44
1669,4,34,1256,Early Warning,2023-04-22 11:37:06,2019-02-28 10:40:53,2018-02-20 11:04:13,Yellow,70586,21639,Superseded,All,English,0.45
1670,7,57,82,Watch,2019-12-15 17:18:03,2019-09-05 21:24:37,2020-02-28 00:41:10,Green,214162,30700,Superseded,SMS,Khasi,0.78
1671,5,43,3505,Advisory,2024-08-30 16:03:58,2024-12-09 13:20:42,2018-02-03 06:18:34,Red,229496,27975,Expired,Siren,Manipuri,0.73
1672,6,49,2583,Watch,2020-02-13 23:59:29,2020-05-13 16:44:09,2023-06-17 20:43:01,Green,194188,13802,Active,SMS,Hindi,0.94
1673,6,48,4766,Emergency,2022-09-24 19:57:16,2019-06-15 02:53:43,2020-01-01 01:57:39,Orange,15327,14207,Cancelled,Push Notification,English,0.39
1674,2,19,3756,Early Warning,2018-07-31 14:00:22,2021-11-12 05:00:53,2024-02-08 19:32:26,Green,85582,10709,Expired,Radio,English,0.92
1675,1,4,3600,Advisory,2024-12-05 00:24:49,2023-08-15 06:27:52,2022-08-25 19:20:57,Red,242619,47818,Active,Siren,Khasi,0.75
1676,3,32,2631,Early Warning,2020-03-20 04:34:03,2023-04-18 09:56:45,2024-09-10 01:36:05,Red,436519,39368,Expired,Radio,English,0.57
1677,5,41,4437,Watch,2019-12-08 11:25:39,2024-09-16 03:45:13,2023-10-07 08:22:15,Red,246075,41217,Expired,Radio,Manipuri,0.91
1678,1,5,1474,All Clear,2019-04-29 06:47:08,2018-05-05 14:18:53,2024-10-29 18:59:56,Orange,306773,45094,Cancelled,Siren,Assamese,0.83
1679,2,19,2087,Watch,2022-04-25 14:35:40,2022-02-17 07:06:07,2020-02-13 22:31:24,Yellow,328933,12296,Superseded,All,Mizo,0.96
1680,6,51,1527,Early Warning,2018-11-06 20:23:03,2018-09-25 01:05:45,2018-05-27 11:28:52,Yellow,62608,34794,Superseded,All,English,0.46
1681,3,23,4529,Drill,2021-07-16 05:53:18,2018-08-18 16:54:43,2021-11-12 19:36:30,Green,448396,3242,Superseded,Radio,Khasi,0.33
1682,5,41,1848,Advisory,2023-02-02 17:48:53,2018-11-18 18:39:53,2023-01-01 02:20:04,Yellow,324857,40452,Cancelled,Radio,Hindi,0.72
1683,6,48,897,Watch,2022-03-15 18:41:41,2019-06-30 06:26:39,2019-03-18 12:06:53,Green,474746,32258,Superseded,Radio,Hindi,0.45
1684,3,30,1490,Advisory,2019-05-24 03:09:18,2020-06-17 16:53:30,2019-04-10 22:58:31,Green,75776,7404,Superseded,Push Notification,Assamese,0.78
1685,5,44,2136,Watch,2023-01-11 11:48:16,2019-08-30 18:31:43,2024-04-18 05:13:32,Red,385944,98,Expired,Push Notification,Bengali,0.51
1686,3,29,152,All Clear,2020-08-04 18:33:31,2023-02-05 17:06:19,2022-12-08 08:10:54,Red,483728,21665,Active,Radio,Assamese,0.31
1687,1,11,85,All Clear,2021-03-08 13:42:16,2023-10-28 05:11:10,2020-12-21 10:14:04,Red,37519,40113,Cancelled,Push Notification,Mizo,0.78
1688,3,32,2109,Emergency,2023-04-23 10:24:11,2021-08-20 01:46:06,2023-05-26 19:44:31,Yellow,345046,13710,Expired,All,Khasi,0.52
1689,2,15,2196,Emergency,2019-07-29 17:35:43,2022-01-13 04:19:38,2020-09-17 19:24:46,Red,416799,11173,Expired,Radio,Manipuri,0.41
1690,3,27,660,All Clear,2021-05-25 18:59:49,2018-09-18 02:14:23,2019-03-17 10:22:59,Orange,424522,39622,Expired,SMS,Khasi,0.56
1691,6,47,1292,Early Warning,2019-04-14 20:37:06,2018-08-10 15:11:17,2020-09-29 05:19:55,Orange,484573,26903,Expired,SMS,Hindi,0.71
1692,2,21,4765,Emergency,2021-06-03 15:56:07,2020-01-30 05:04:54,2021-12-10 08:05:24,Yellow,350521,47199,Expired,Siren,Hindi,0.88
1693,6,47,2431,Early Warning,2023-08-26 05:24:59,2021-09-02 12:19:17,2021-03-17 05:54:21,Yellow,39944,21969,Cancelled,All,Manipuri,0.32
1694,5,43,4516,Watch,2020-11-21 05:34:33,2019-09-29 04:12:52,2024-02-27 22:16:11,Green,56182,14616,Active,SMS,Bengali,0.7
1695,7,55,1839,Early Warning,2023-12-29 09:49:06,2024-12-19 07:15:12,2023-06-19 18:17:46,Yellow,43987,11585,Expired,SMS,Mizo,0.42
1696,1,5,3049,All Clear,2024-05-16 15:09:17,2023-08-22 01:56:39,2018-12-16 23:59:44,Orange,372988,24411,Expired,Siren,Manipuri,0.59
1697,3,32,3289,Early Warning,2020-07-14 17:04:45,2024-06-30 08:20:49,2022-12-16 20:22:52,Green,57632,34789,Cancelled,Radio,Manipuri,0.68
1698,3,25,2534,Drill,2020-08-07 10:47:32,2018-01-03 23:34:56,2018-05-13 07:00:45,Yellow,416705,25445,Expired,All,Manipuri,0.94
1699,3,32,3623,Watch,2023-06-07 01:40:37,2020-09-01 13:33:18,2022-06-07 00:14:38,Red,171695,48283,Superseded,Siren,Bengali,0.96
1700,3,26,2547,All Clear,2024-08-05 01:28:00,2021-09-14 13:37:55,2024-02-29 01:47:33,Green,67891,14267,Cancelled,Push Notification,English,0.73
1701,5,46,3573,Watch,2024-11-17 10:18:27,2018-08-22 08:08:20,2019-08-24 14:05:04,Yellow,96056,1121,Cancelled,SMS,English,0.5
1702,5,40,2073,Early Warning,2022-07-11 13:09:19,2020-05-24 07:02:26,2024-03-26 12:58:27,Yellow,254692,33494,Active,SMS,Assamese,0.9
1703,3,29,1257,All Clear,2024-06-20 07:54:37,2023-03-09 08:55:48,2023-01-20 16:25:59,Red,321470,18198,Active,Push Notification,Manipuri,0.79
1704,1,8,4502,Watch,2018-03-03 20:01:49,2021-09-04 03:34:57,2021-08-04 21:07:04,Green,214964,1372,Expired,SMS,English,0.3
1705,8,60,1612,All Clear,2024-05-12 22:36:18,2020-11-11 23:13:50,2019-08-24 20:20:13,Yellow,285297,25954,Expired,SMS,English,0.53
1706,1,3,2676,Advisory,2024-11-20 09:07:44,2020-01-29 22:13:29,2022-07-03 23:24:38,Yellow,471510,15397,Active,Radio,Manipuri,0.78
1707,8,60,3424,Drill,2024-11-22 13:35:36,2024-08-15 06:14:13,2022-10-21 00:17:22,Yellow,402389,40072,Active,SMS,Assamese,0.58
1708,5,45,3541,Emergency,2019-05-25 13:46:38,2020-01-29 06:51:06,2019-12-07 16:40:04,Red,93061,36425,Expired,All,Manipuri,0.93
1709,5,44,1670,Emergency,2019-10-29 09:32:43,2024-05-09 19:09:04,2018-09-16 19:25:53,Red,265210,22034,Active,All,Mizo,0.83
1710,6,50,3298,Emergency,2019-07-05 00:32:49,2018-11-22 11:05:17,2020-02-09 23:42:18,Red,227669,36185,Cancelled,SMS,English,0.98
1711,2,13,1271,Watch,2023-08-25 10:18:20,2019-12-02 22:36:49,2024-02-06 07:39:32,Yellow,319272,9984,Active,All,Mizo,0.66
1712,2,15,2862,Drill,2019-08-04 11:25:28,2023-02-08 09:42:06,2024-03-12 19:41:31,Red,448963,4148,Superseded,Radio,Khasi,0.96
1713,6,48,163,Emergency,2021-06-15 14:04:27,2021-04-13 03:36:27,2018-10-23 01:37:11,Red,341224,2847,Superseded,Radio,Mizo,0.71
1714,1,1,4410,Drill,2022-06-12 19:21:38,2024-12-01 13:58:40,2020-04-07 16:18:05,Green,129789,4919,Expired,Siren,Manipuri,0.61
1715,3,27,957,Advisory,2021-12-02 04:07:45,2023-01-18 16:39:49,2021-07-25 18:50:55,Green,303953,34946,Expired,All,Khasi,0.51
1716,5,43,4076,Drill,2019-07-08 15:11:16,2024-12-28 13:57:01,2024-03-23 21:15:04,Green,79097,45973,Superseded,Siren,Bengali,0.79
1717,6,53,3271,Watch,2022-07-17 15:58:39,2023-03-16 06:51:09,2021-01-04 12:50:09,Red,301432,6173,Expired,Radio,Assamese,0.44
1718,5,40,4156,Advisory,2023-01-17 22:27:14,2020-10-10 07:31:42,2019-11-26 10:32:18,Yellow,315901,17880,Superseded,SMS,Mizo,0.61
1719,2,20,1119,Emergency,2022-12-05 22:05:35,2020-04-13 00:15:29,2023-05-04 06:27:09,Green,249230,9353,Superseded,Siren,Manipuri,0.99
1720,2,20,516,All Clear,2024-07-03 03:00:10,2023-04-07 08:17:30,2021-05-16 10:32:26,Red,254081,1415,Active,All,Mizo,0.72
1721,2,20,4080,Drill,2020-03-02 23:28:28,2023-04-04 11:01:24,2022-11-09 23:14:55,Orange,149116,26583,Cancelled,SMS,Manipuri,0.44
1722,4,39,4130,Emergency,2020-07-28 02:48:31,2021-12-06 12:26:53,2020-01-24 12:29:12,Green,151606,30037,Cancelled,Push Notification,Assamese,0.81
1723,4,35,4369,Advisory,2018-11-28 20:54:55,2024-08-09 05:00:26,2022-12-21 07:03:59,Red,279914,1832,Cancelled,Radio,Bengali,0.31
1724,4,39,1366,Early Warning,2023-08-22 12:00:55,2020-10-11 22:03:28,2019-06-15 23:19:42,Red,62106,2057,Expired,Siren,Hindi,0.97
1725,1,3,3250,All Clear,2021-05-28 10:10:32,2023-02-13 19:38:45,2018-07-10 03:53:29,Orange,9578,35675,Expired,Radio,Manipuri,0.88
1726,3,23,4261,Early Warning,2018-11-21 06:44:17,2022-09-25 07:23:20,2022-08-04 13:16:46,Yellow,300587,36408,Expired,SMS,Bengali,0.64
1727,5,43,4431,All Clear,2022-09-09 02:24:06,2023-01-23 14:44:35,2024-04-08 10:45:00,Yellow,248469,17164,Active,All,Bengali,0.59
1728,7,56,1938,Emergency,2018-02-15 06:20:06,2024-09-15 04:06:58,2021-02-25 06:48:27,Yellow,479927,833,Active,SMS,Hindi,0.33
1729,3,23,3198,Early Warning,2024-06-18 12:43:41,2023-01-14 19:41:02,2024-08-15 21:12:53,Red,312806,23323,Expired,SMS,Bengali,0.57
1730,1,7,4571,Emergency,2020-03-22 01:59:15,2022-08-09 22:53:57,2023-08-28 23:29:31,Yellow,442950,19280,Superseded,Siren,Manipuri,0.34
1731,6,49,3931,Drill,2024-02-19 02:39:12,2019-01-03 14:13:02,2022-07-08 04:46:13,Green,247618,10616,Superseded,SMS,English,0.38
1732,6,49,1672,Drill,2021-08-21 21:37:16,2019-01-17 18:14:33,2018-05-28 21:43:09,Orange,121171,17785,Cancelled,Radio,Bengali,0.39
1733,4,39,355,Advisory,2021-05-07 05:37:55,2023-08-29 21:45:55,2020-12-01 11:45:54,Red,221317,36610,Superseded,Radio,Hindi,0.51
1734,1,3,3096,Early Warning,2019-03-17 10:38:36,2020-10-02 09:54:27,2020-12-05 08:53:22,Yellow,320587,39148,Superseded,Siren,Hindi,0.52
1735,3,28,1461,Early Warning,2019-07-27 09:41:29,2023-03-08 01:28:02,2018-01-25 14:08:25,Yellow,174051,15460,Expired,Radio,Assamese,0.86
1736,2,17,4088,Emergency,2020-08-12 18:11:09,2020-08-01 04:07:02,2022-08-09 09:35:35,Red,151395,44874,Cancelled,Radio,Manipuri,0.46
1737,3,28,2673,Watch,2019-06-15 09:59:20,2022-07-19 06:04:42,2019-12-01 17:55:52,Green,163960,400,Superseded,SMS,Hindi,0.5
1738,6,47,2849,Watch,2019-11-09 19:17:25,2023-12-20 12:52:56,2023-01-26 11:54:50,Green,29647,217,Expired,Siren,Hindi,0.76
1739,8,61,749,Watch,2018-07-31 05:39:41,2024-08-16 15:36:25,2023-06-12 16:45:24,Red,75170,41504,Superseded,Siren,Hindi,0.6
1740,2,18,4392,All Clear,2023-06-20 07:06:35,2020-12-12 13:17:21,2022-09-23 10:52:50,Yellow,168388,46685,Cancelled,All,Bengali,0.42
1741,4,38,2501,Watch,2019-06-14 03:19:18,2024-01-24 14:25:04,2020-08-29 07:13:10,Orange,53264,26612,Active,All,Bengali,0.64
1742,5,40,689,Early Warning,2021-10-25 20:01:46,2020-11-09 21:05:56,2018-06-12 06:12:39,Green,277497,41728,Active,Radio,Bengali,0.72
1743,2,17,3672,Advisory,2021-11-11 20:44:53,2022-01-05 06:13:57,2019-12-17 13:59:03,Orange,401015,23994,Expired,Radio,Mizo,0.4
1744,3,29,4333,Early Warning,2024-03-23 14:58:22,2024-09-18 19:12:11,2021-12-04 00:51:11,Orange,62533,23357,Cancelled,All,Assamese,0.44
1745,2,19,4941,Advisory,2019-09-24 05:47:28,2019-12-20 20:02:56,2022-02-26 04:33:11,Green,267772,35016,Active,Push Notification,Hindi,0.39
1746,2,14,3452,Drill,2018-09-16 07:48:23,2019-09-17 14:34:21,2020-01-15 13:17:43,Green,432898,42225,Expired,Siren,English,0.66
1747,4,33,4383,Advisory,2019-06-28 23:06:10,2024-10-04 03:02:50,2019-06-25 20:57:49,Green,251715,35606,Superseded,Push Notification,English,0.5
1748,4,36,3562,Drill,2019-07-26 12:38:27,2018-07-14 11:24:44,2020-08-31 21:20:28,Orange,95278,8010,Superseded,Radio,Assamese,0.53
1749,5,43,1743,Emergency,2020-10-14 07:31:04,2024-11-28 07:37:12,2024-11-08 11:05:17,Yellow,411272,33545,Active,SMS,Manipuri,0.7
1750,1,7,2919,Watch,2021-08-12 23:32:34,2020-06-27 21:10:01,2020-05-17 11:52:40,Red,455893,25003,Superseded,SMS,Khasi,0.64
1751,6,48,3104,All Clear,2019-05-21 03:14:12,2018-07-22 21:26:56,2020-08-22 08:28:41,Red,117794,13756,Superseded,Push Notification,Manipuri,0.72
1752,2,17,3081,Advisory,2023-05-09 13:28:02,2020-11-26 20:44:03,2018-06-13 14:29:10,Red,319701,38505,Active,SMS,English,0.33
1753,4,39,4540,Watch,2020-11-23 05:26:19,2022-11-30 01:00:21,2018-02-22 16:46:14,Red,278649,15332,Cancelled,Push Notification,English,0.79
1754,4,35,4870,Advisory,2021-06-26 13:53:47,2019-06-13 19:07:12,2023-07-15 04:36:21,Orange,154664,25550,Cancelled,All,Mizo,0.66
1755,5,40,3751,Emergency,2022-12-16 19:37:13,2019-06-15 08:03:29,2022-10-10 02:10:28,Orange,477641,24309,Superseded,Radio,Khasi,0.8
1756,3,23,4260,All Clear,2019-01-28 18:26:22,2018-06-09 12:20:49,2019-07-11 14:24:02,Green,75313,4683,Superseded,All,Assamese,0.81
1757,4,39,607,Advisory,2024-12-22 15:45:27,2022-07-01 23:23:58,2022-08-07 02:43:00,Yellow,98420,41897,Superseded,SMS,Assamese,0.31
1758,2,22,4757,Advisory,2022-07-02 22:06:50,2020-10-18 07:59:40,2024-11-24 07:58:55,Orange,51942,17424,Expired,Siren,Assamese,0.83
1759,1,11,4286,Early Warning,2021-04-30 11:22:24,2019-07-21 03:41:46,2024-03-05 23:23:26,Green,114204,41824,Active,Push Notification,Manipuri,0.65
1760,6,49,3559,Early Warning,2022-07-25 11:05:53,2022-12-02 03:55:10,2020-02-03 13:19:11,Green,319787,32223,Active,Radio,Bengali,0.7
1761,7,57,186,Early Warning,2024-04-11 12:57:14,2021-10-15 11:35:36,2021-12-25 01:22:45,Yellow,302662,3079,Cancelled,Radio,Hindi,0.69
1762,3,28,3465,Watch,2022-12-24 03:45:28,2024-09-18 07:51:48,2021-03-06 22:46:00,Yellow,46987,41156,Cancelled,All,Manipuri,0.83
1763,6,49,3807,Drill,2024-05-16 01:39:22,2020-09-16 06:53:08,2019-08-30 08:06:00,Green,66441,44127,Superseded,SMS,Khasi,0.82
1764,1,8,4716,Early Warning,2020-01-20 04:02:21,2020-02-12 10:26:05,2022-07-13 20:23:15,Green,65976,37585,Superseded,Radio,Hindi,0.75
1765,2,21,2864,Drill,2019-01-12 17:59:37,2021-08-18 08:59:55,2018-05-12 07:19:23,Yellow,301024,3871,Cancelled,All,Mizo,0.37
1766,4,33,1008,Advisory,2018-05-13 17:10:22,2018-07-09 12:13:53,2019-02-26 09:13:54,Orange,157038,13905,Superseded,Push Notification,Assamese,0.35
1767,2,22,4350,Emergency,2022-03-22 14:33:34,2024-06-11 13:13:56,2021-06-03 03:32:30,Yellow,73427,28827,Active,Push Notification,Khasi,0.54
1768,6,47,4912,Watch,2021-05-30 16:29:38,2021-01-02 10:43:37,2020-01-22 20:25:01,Yellow,418733,40545,Active,SMS,Khasi,0.53
1769,2,21,3525,Drill,2018-10-08 16:48:12,2020-06-25 21:33:01,2021-10-31 05:28:52,Orange,349097,16142,Active,Radio,Mizo,0.57
1770,3,25,1962,All Clear,2022-12-22 20:35:37,2019-08-01 16:29:48,2021-01-14 08:56:46,Red,181879,7581,Active,Siren,Bengali,0.47
1771,8,62,349,All Clear,2023-08-13 15:00:14,2020-01-16 14:31:06,2022-01-05 00:19:53,Yellow,254987,11908,Superseded,SMS,Mizo,0.41
1772,4,39,3456,Emergency,2024-07-06 23:25:31,2018-01-15 13:24:45,2020-12-02 00:32:24,Red,479358,16342,Cancelled,Push Notification,Manipuri,0.36
1773,6,52,2089,Drill,2020-03-07 16:24:54,2023-10-23 21:00:48,2021-07-04 16:30:21,Green,40230,2291,Active,All,Khasi,0.62
1774,8,61,2649,Advisory,2023-05-26 15:39:08,2022-07-22 11:18:08,2024-12-16 20:35:16,Yellow,332925,19635,Superseded,Radio,English,0.98
1775,8,62,1020,Drill,2018-04-27 10:13:13,2022-10-07 12:46:15,2022-08-27 01:03:23,Yellow,740,8871,Superseded,Push Notification,English,0.48
1776,3,32,3439,Watch,2019-10-10 21:10:12,2022-05-01 18:00:09,2018-11-15 07:07:15,Red,138143,41534,Cancelled,Radio,Assamese,0.38
1777,6,49,4744,Watch,2019-12-16 07:50:03,2018-03-09 03:11:23,2022-11-23 12:47:34,Orange,215981,37691,Active,Siren,Assamese,0.58
1778,5,45,4972,All Clear,2023-05-02 01:51:13,2019-06-24 16:02:26,2019-06-22 21:44:53,Green,265209,35165,Cancelled,All,Manipuri,0.62
1779,2,18,2621,Early Warning,2024-06-01 20:03:04,2024-01-06 07:10:09,2020-01-07 17:39:20,Orange,435866,21538,Superseded,Push Notification,Mizo,0.64
1780,3,30,2179,Drill,2019-09-03 15:31:53,2021-08-12 20:44:37,2024-11-09 07:00:15,Green,289924,36696,Active,SMS,Mizo,0.57
1781,6,54,2220,Watch,2024-08-06 21:22:34,2020-08-05 19:26:04,2019-10-10 01:19:59,Green,309769,33022,Active,All,Assamese,0.44
1782,3,31,3631,All Clear,2023-07-19 09:09:19,2019-11-23 02:40:43,2024-03-25 04:06:12,Orange,122802,14054,Superseded,Radio,Mizo,0.63
1783,1,1,2057,Drill,2018-10-20 23:00:09,2018-01-27 04:29:32,2023-02-23 19:15:55,Yellow,6630,40808,Active,Radio,Hindi,0.66
1784,5,41,3434,All Clear,2018-03-14 01:19:30,2019-02-01 19:13:00,2021-05-15 00:17:41,Yellow,69956,22851,Cancelled,Push Notification,English,0.95
1785,1,5,1396,All Clear,2019-12-24 19:10:33,2018-04-19 06:37:11,2024-02-28 21:22:14,Green,342131,23337,Superseded,Siren,Hindi,0.31
1786,6,49,2290,Early Warning,2018-07-25 22:32:58,2024-01-07 10:19:40,2023-11-15 04:39:48,Green,259490,45184,Cancelled,SMS,Manipuri,0.45
1787,2,18,3042,All Clear,2024-08-22 19:24:30,2023-06-22 11:56:21,2018-08-22 21:32:02,Yellow,31293,40723,Superseded,All,Bengali,0.37
1788,5,41,1184,All Clear,2019-03-25 00:12:39,2021-12-17 14:51:08,2018-03-29 11:51:25,Orange,308057,47853,Superseded,Push Notification,Khasi,0.57
1789,2,17,4705,Watch,2021-06-18 02:42:45,2019-07-06 08:05:00,2021-03-05 11:23:04,Yellow,41061,32506,Cancelled,Push Notification,Hindi,0.5
1790,2,17,1753,Early Warning,2019-06-20 14:25:48,2018-12-02 04:17:12,2022-07-16 17:49:04,Red,434439,40754,Active,SMS,Hindi,0.51
1791,4,34,3536,Watch,2018-11-05 06:08:16,2018-06-06 03:41:45,2022-01-15 10:27:01,Red,6391,9785,Superseded,Siren,Khasi,0.76
1792,1,4,1241,Early Warning,2024-08-17 09:08:12,2023-01-22 05:22:10,2020-11-07 11:54:07,Green,408747,15495,Superseded,Siren,Khasi,0.39
1793,4,37,2953,All Clear,2019-09-03 19:06:07,2022-12-18 12:53:23,2018-04-07 20:44:45,Red,5330,22214,Superseded,Siren,Manipuri,0.52
1794,1,4,785,Watch,2022-03-18 16:51:58,2020-11-02 06:25:19,2024-10-15 02:49:04,Yellow,295319,807,Active,Siren,Hindi,0.73
1795,1,6,1553,Drill,2024-05-27 08:33:02,2021-11-03 16:07:04,2019-06-18 08:17:00,Green,84115,6129,Active,Push Notification,Manipuri,0.87
1796,4,37,338,Early Warning,2024-04-28 04:19:11,2023-07-29 06:45:03,2021-04-26 05:08:27,Red,259944,9341,Expired,SMS,English,0.86
1797,2,17,2591,Drill,2024-01-15 17:21:09,2021-06-20 02:20:51,2024-09-27 17:41:17,Orange,58754,32504,Active,All,Hindi,0.68
1798,8,62,561,Emergency,2022-01-12 13:05:35,2020-03-08 23:01:47,2020-08-09 22:20:13,Green,128486,26677,Active,Push Notification,Mizo,0.46
1799,2,20,2402,Watch,2024-09-09 15:04:05,2021-01-25 04:15:07,2019-03-25 02:10:21,Yellow,48776,42463,Superseded,SMS,Hindi,0.54
1800,2,14,4815,Watch,2020-04-18 11:34:11,2024-03-26 00:15:27,2023-08-26 23:12:40,Green,383053,1115,Cancelled,Radio,Khasi,0.88
1801,6,52,3887,All Clear,2019-07-15 03:44:03,2018-03-12 05:28:21,2019-10-09 23:48:26,Red,353681,11968,Superseded,Radio,Bengali,0.37
1802,8,60,1070,Early Warning,2022-01-01 05:57:20,2023-07-18 06:46:00,2021-12-17 15:02:44,Red,316076,19667,Active,Push Notification,Bengali,0.96
1803,6,53,2942,Early Warning,2022-12-21 12:00:16,2021-04-02 15:44:21,2018-04-26 03:02:59,Orange,68998,6931,Active,All,Khasi,0.38
1804,8,62,4400,Watch,2022-12-12 11:28:17,2024-11-07 08:42:23,2021-08-28 13:12:37,Green,283473,26516,Cancelled,All,Mizo,0.68
1805,3,27,2092,All Clear,2022-01-28 02:33:14,2023-09-27 11:43:09,2021-08-01 22:28:51,Red,66633,14017,Superseded,Siren,English,0.94
1806,4,33,4306,Emergency,2020-04-16 11:33:47,2020-03-15 02:51:42,2018-03-15 10:23:54,Orange,268101,49099,Expired,Siren,Mizo,0.76
1807,1,6,4625,Emergency,2018-12-07 07:33:21,2020-06-24 21:28:35,2023-04-10 09:01:05,Green,443842,37175,Expired,SMS,Assamese,0.51
1808,1,4,3307,Emergency,2022-11-10 21:46:08,2023-03-04 18:30:18,2024-03-19 03:45:25,Yellow,327951,8379,Expired,Radio,Hindi,0.5
1809,2,18,4177,Emergency,2021-09-19 20:31:55,2018-05-02 09:28:16,2022-04-16 09:36:58,Orange,82790,7685,Expired,All,Manipuri,0.59
1810,2,18,3537,Drill,2019-08-06 12:23:28,2018-01-31 05:23:52,2019-06-07 11:51:13,Yellow,34660,10911,Expired,Siren,Khasi,0.96
1811,1,10,120,Early Warning,2021-01-21 05:49:46,2019-10-09 15:50:37,2024-06-23 11:18:08,Orange,114292,129,Active,SMS,English,0.68
1812,3,25,2038,Drill,2024-09-30 15:12:09,2024-01-29 07:21:18,2021-06-07 00:41:02,Orange,237831,15680,Active,All,English,0.3
1813,4,34,4684,Early Warning,2024-07-14 11:01:30,2020-02-23 07:37:16,2019-01-06 01:33:22,Green,213062,173,Active,All,Mizo,0.9
1814,3,25,4651,Watch,2024-05-28 09:24:20,2019-03-08 10:25:45,2023-10-31 19:24:13,Yellow,259345,13208,Superseded,All,Khasi,0.67
1815,6,50,4729,Drill,2024-03-07 22:49:55,2024-02-04 15:44:14,2023-04-04 08:42:41,Red,23551,25441,Active,All,Mizo,0.81
1816,2,20,4451,Emergency,2018-09-13 09:18:46,2020-03-12 14:51:37,2021-04-22 01:14:48,Red,128521,2662,Active,SMS,Manipuri,0.87
1817,4,38,4220,Watch,2020-05-11 15:13:31,2021-09-12 03:17:39,2019-01-04 21:56:53,Yellow,466883,6342,Expired,Siren,English,0.95
1818,4,34,698,Drill,2020-09-16 01:12:28,2023-02-20 23:07:39,2022-09-22 05:52:04,Green,338665,24207,Cancelled,Radio,Manipuri,0.4
1819,4,37,2532,Watch,2019-04-12 06:52:03,2023-05-30 17:46:45,2020-03-18 02:10:14,Green,422109,43563,Active,SMS,Bengali,0.44
1820,6,49,1960,Emergency,2020-05-12 21:21:16,2018-04-04 02:49:27,2021-10-19 03:47:25,Red,168738,24580,Cancelled,Radio,Manipuri,0.92
1821,2,18,3314,Watch,2021-09-03 23:57:44,2024-02-03 21:19:59,2018-06-16 17:48:52,Red,50164,3837,Expired,Radio,Khasi,0.8
1822,6,52,1141,Drill,2024-01-04 12:31:30,2022-04-25 04:20:03,2019-04-18 21:25:00,Green,482786,9029,Expired,All,Assamese,0.72
1823,6,50,2368,Emergency,2018-01-04 12:09:15,2019-03-14 06:13:01,2018-04-15 15:24:52,Yellow,278433,22718,Active,Siren,Bengali,0.78
1824,7,58,1114,Advisory,2021-12-23 16:28:14,2023-06-03 15:05:53,2019-08-22 13:16:41,Yellow,215889,20419,Expired,Push Notification,Bengali,1.0
1825,1,2,69,Watch,2020-07-04 11:23:09,2023-04-10 12:16:40,2018-10-22 05:26:10,Green,404635,36701,Expired,All,Khasi,0.53
1826,4,36,952,Early Warning,2023-11-04 05:59:47,2023-05-07 04:33:35,2019-07-03 22:54:56,Red,412348,41389,Cancelled,Radio,Manipuri,0.31
1827,5,43,3257,Early Warning,2018-12-22 11:56:31,2021-12-14 14:41:08,2023-02-13 03:40:08,Green,90745,14356,Active,Radio,Assamese,0.59
1828,1,4,699,All Clear,2019-02-02 00:28:35,2019-03-22 07:01:54,2021-11-24 19:55:32,Yellow,45537,1941,Active,Push Notification,Hindi,0.99
1829,1,9,4652,Early Warning,2024-04-02 14:10:32,2020-12-26 01:05:05,2018-10-06 06:55:13,Red,65684,1924,Cancelled,All,Khasi,0.56
1830,3,32,3518,Watch,2021-09-14 04:49:02,2024-12-06 19:06:14,2024-07-26 05:19:26,Orange,467348,47874,Cancelled,Radio,Assamese,0.81
1831,7,57,2503,Watch,2023-07-29 07:10:03,2021-09-28 10:18:44,2021-07-25 16:03:52,Yellow,114794,41550,Cancelled,Siren,Mizo,0.98
1832,1,7,722,Early Warning,2020-10-31 06:32:48,2021-02-10 23:16:48,2022-04-01 00:35:05,Yellow,377156,48727,Expired,Radio,Assamese,0.89
1833,2,17,1925,Early Warning,2020-12-22 13:11:13,2022-03-07 00:13:03,2021-06-27 07:18:43,Red,280467,11080,Expired,Radio,Mizo,0.37
1834,5,44,1034,Emergency,2021-11-26 14:08:05,2021-11-08 14:50:25,2018-01-12 18:51:09,Yellow,267165,25689,Superseded,Siren,Bengali,0.95
1835,6,51,3279,Advisory,2019-04-20 05:52:07,2018-08-26 22:50:41,2023-04-15 15:01:42,Yellow,461117,28962,Superseded,All,Assamese,0.66
1836,7,55,2209,Emergency,2024-09-20 18:38:28,2021-12-22 04:07:20,2018-09-08 03:58:35,Orange,347383,10462,Active,Push Notification,Bengali,0.31
1837,3,27,892,All Clear,2024-11-10 00:19:28,2022-10-24 08:04:46,2022-02-10 18:52:31,Orange,158087,9540,Expired,Push Notification,Bengali,0.9
1838,6,52,1717,Advisory,2020-08-13 16:17:00,2024-03-05 18:49:24,2021-07-26 15:29:40,Green,460794,48425,Superseded,All,Hindi,0.96
1839,1,10,712,Advisory,2020-11-10 18:44:10,2023-02-22 10:20:10,2024-04-12 16:16:00,Red,393950,23349,Expired,Radio,Bengali,0.7
1840,1,12,141,Advisory,2021-05-26 17:30:42,2023-06-21 03:59:26,2024-12-17 13:22:09,Orange,46206,8108,Active,All,Assamese,0.84
1841,4,35,4510,Emergency,2018-09-07 12:11:15,2020-02-13 20:34:28,2018-01-08 20:00:46,Yellow,449506,43823,Superseded,Push Notification,Bengali,0.46
1842,5,44,4807,All Clear,2024-09-17 04:45:01,2022-04-11 19:17:55,2024-11-10 01:27:21,Orange,93827,47449,Active,All,Manipuri,0.49
1843,6,52,3439,Emergency,2022-07-26 21:43:03,2021-06-12 18:17:37,2020-03-17 18:25:32,Green,454223,1198,Cancelled,SMS,Mizo,0.37
1844,1,3,1489,Advisory,2018-10-11 01:30:24,2020-08-24 05:59:46,2019-09-02 04:17:10,Yellow,344301,49135,Cancelled,SMS,Mizo,0.81
1845,2,16,241,Early Warning,2019-01-04 01:18:21,2020-08-24 02:30:42,2023-03-15 05:53:20,Red,390156,34595,Superseded,SMS,Mizo,0.96
1846,3,32,1166,Early Warning,2018-11-09 04:20:25,2018-07-01 14:39:30,2019-09-22 13:37:03,Red,85640,4094,Expired,SMS,Manipuri,0.61
1847,6,53,4852,Early Warning,2023-04-20 06:36:53,2018-10-05 23:01:36,2024-11-14 02:06:20,Green,144815,2125,Active,Push Notification,Bengali,0.94
1848,3,31,957,Drill,2020-01-18 20:01:55,2022-03-23 04:55:24,2024-05-11 12:30:48,Green,51952,38646,Superseded,All,Assamese,0.33
1849,6,48,860,Watch,2023-05-13 09:37:41,2024-06-20 23:26:07,2021-01-07 06:12:18,Red,358578,46877,Active,All,Bengali,0.37
1850,5,42,2334,All Clear,2023-05-31 09:28:48,2020-10-18 02:25:25,2021-02-06 22:54:50,Red,483107,617,Active,SMS,Hindi,0.97
1851,2,22,1831,Drill,2020-11-15 04:31:24,2019-01-06 21:36:26,2018-03-12 07:41:58,Yellow,247851,10909,Superseded,All,Khasi,0.3
1852,1,9,3834,Drill,2023-02-04 05:36:39,2019-12-06 07:47:54,2021-12-24 20:45:05,Green,58794,27230,Active,Siren,English,0.69
1853,4,33,910,Watch,2024-08-17 21:09:24,2019-02-08 04:59:04,2019-09-23 02:03:30,Red,354962,39041,Superseded,Radio,Assamese,0.64
1854,1,8,4387,Advisory,2019-09-08 01:22:34,2019-12-06 06:51:41,2018-05-06 06:21:23,Red,234671,27474,Active,SMS,Hindi,0.86
1855,4,36,123,Advisory,2023-09-25 05:25:41,2021-12-17 07:50:33,2022-04-05 00:04:54,Orange,16603,965,Expired,Radio,Khasi,0.91
1856,2,13,1106,Watch,2019-10-25 15:51:07,2019-05-20 03:40:22,2019-01-13 14:48:14,Red,204940,38343,Active,Siren,Manipuri,0.77
1857,3,25,4518,Advisory,2020-12-30 21:42:40,2021-05-22 19:39:41,2023-09-02 09:01:41,Red,247647,1305,Superseded,Siren,Khasi,0.78
1858,1,5,3580,Watch,2023-04-10 11:26:35,2022-12-01 23:35:23,2021-02-07 00:17:49,Green,365519,49058,Expired,SMS,Bengali,0.34
1859,1,8,3331,Emergency,2020-07-15 10:47:29,2018-08-14 20:52:39,2018-01-14 16:58:09,Yellow,251937,632,Expired,Push Notification,Bengali,0.33
1860,8,61,4282,Watch,2024-07-10 12:00:53,2020-05-26 08:36:41,2019-10-21 07:00:55,Orange,368578,49024,Active,All,Manipuri,0.91
1861,4,37,1122,All Clear,2020-06-15 12:28:25,2018-07-24 22:12:57,2019-11-16 17:31:05,Orange,12465,669,Cancelled,SMS,Khasi,0.6
1862,6,52,612,Advisory,2024-12-04 03:46:33,2019-12-12 08:07:26,2018-05-26 13:26:34,Green,77359,6614,Cancelled,SMS,Assamese,0.63
1863,3,24,4507,Emergency,2021-04-20 21:25:29,2024-01-24 22:48:19,2024-10-03 10:56:37,Orange,128586,15144,Cancelled,Push Notification,Bengali,0.68
1864,1,6,26,Early Warning,2020-10-09 09:15:33,2024-06-22 12:18:13,2020-05-07 22:17:17,Green,478294,32680,Superseded,Radio,Mizo,1.0
1865,3,32,4142,Early Warning,2024-12-23 11:14:02,2020-09-21 09:12:07,2022-01-07 21:04:14,Red,129484,36163,Cancelled,Radio,Khasi,0.84
1866,7,56,911,Emergency,2019-03-02 01:43:15,2022-03-11 16:49:51,2020-10-20 18:28:43,Green,423294,6454,Expired,Push Notification,Manipuri,0.56
1867,4,37,4078,Advisory,2022-04-24 05:31:08,2021-01-30 13:35:55,2020-03-17 12:58:48,Green,81241,24666,Active,All,Assamese,0.41
1868,6,47,3141,Advisory,2018-02-28 14:21:42,2024-09-10 09:39:57,2020-06-28 10:41:38,Yellow,228234,49701,Cancelled,Radio,Assamese,0.84
1869,3,30,1158,Early Warning,2018-04-24 22:56:41,2021-10-03 19:49:42,2018-11-13 02:42:12,Orange,14421,30191,Expired,SMS,Mizo,0.65
1870,1,8,2963,Drill,2021-04-08 21:33:06,2022-02-02 10:25:20,2022-07-10 11:53:05,Orange,336282,49324,Expired,Siren,Khasi,0.81
1871,2,14,801,Advisory,2022-02-21 01:11:28,2019-12-11 05:06:46,2022-07-05 21:21:08,Orange,8460,12170,Superseded,Radio,Mizo,0.35
1872,2,20,4123,Drill,2020-10-04 14:52:29,2019-07-17 13:24:03,2021-04-05 22:36:28,Red,26215,10616,Expired,Radio,Bengali,0.84
1873,3,26,4327,Emergency,2021-06-05 12:55:53,2019-08-01 16:25:46,2022-09-21 07:50:21,Yellow,270734,19677,Active,Siren,Assamese,0.6
1874,1,9,85,Drill,2021-10-15 13:25:57,2019-10-05 17:40:30,2019-03-23 19:45:39,Red,250832,4430,Expired,Radio,Hindi,0.81
1875,8,62,3285,Drill,2022-01-18 12:46:50,2019-03-06 21:06:17,2021-01-17 16:26:47,Red,316634,8216,Expired,All,Assamese,0.81
1876,6,54,3893,Emergency,2023-03-03 01:38:40,2023-09-19 06:40:24,2023-11-27 10:33:04,Green,15938,17252,Superseded,All,Khasi,0.46
1877,1,4,2742,Watch,2024-08-20 21:50:53,2020-03-17 21:15:01,2018-01-19 17:21:49,Orange,181950,1664,Expired,Siren,Hindi,0.7
1878,6,48,687,Emergency,2020-10-14 02:37:00,2020-03-10 15:04:30,2024-08-09 12:54:22,Red,4731,20596,Expired,Radio,Assamese,0.62
1879,6,48,3881,Emergency,2022-04-04 00:59:27,2024-01-18 00:08:14,2020-11-19 05:44:28,Red,180592,16691,Expired,Siren,Mizo,0.35
1880,5,46,227,Watch,2020-01-20 12:09:44,2019-07-17 02:56:43,2022-01-21 13:01:33,Orange,110230,26374,Expired,Siren,Khasi,0.44
1881,1,4,1443,Emergency,2019-06-30 01:50:36,2018-11-17 21:40:13,2018-11-27 15:00:55,Yellow,399385,4915,Superseded,Radio,Khasi,0.92
1882,3,28,4971,Early Warning,2019-01-10 23:26:54,2021-08-07 00:16:25,2019-05-26 17:11:11,Red,30092,19302,Expired,All,Manipuri,0.56
1883,2,19,2198,All Clear,2022-09-13 12:25:49,2022-09-16 12:53:29,2019-12-24 22:32:47,Red,17077,24562,Expired,SMS,Mizo,0.6
1884,4,38,65,Watch,2019-10-07 03:40:14,2018-04-02 22:14:21,2019-07-14 19:24:22,Yellow,391678,27080,Active,SMS,Bengali,0.43
1885,3,26,2201,Early Warning,2022-03-20 07:51:04,2021-08-05 01:11:07,2022-08-25 12:05:24,Green,13350,4682,Superseded,Siren,Mizo,0.31
1886,2,14,659,Emergency,2021-05-27 22:47:34,2024-08-15 19:34:54,2018-05-03 05:13:43,Yellow,465758,22441,Active,SMS,Bengali,0.71
1887,2,14,1514,Watch,2021-07-07 23:33:24,2020-02-28 13:05:09,2020-05-18 21:10:57,Red,197617,37851,Expired,SMS,Mizo,0.87
1888,1,11,4614,Emergency,2020-05-15 16:41:04,2020-01-21 19:55:16,2022-09-21 23:14:10,Red,2894,35384,Expired,All,English,0.82
1889,6,49,2664,Watch,2020-03-19 03:10:28,2020-12-22 18:32:04,2023-03-29 04:03:03,Green,382058,40157,Cancelled,SMS,Khasi,0.72
1890,6,48,4954,Emergency,2019-11-30 15:14:57,2023-12-18 01:02:52,2019-05-06 21:36:28,Yellow,397568,32326,Expired,All,Mizo,0.36
1891,7,58,4691,Watch,2019-01-02 05:14:36,2020-12-17 09:21:34,2023-07-20 08:51:17,Red,25138,19560,Superseded,SMS,Hindi,0.88
1892,5,46,3439,Drill,2021-11-07 01:30:21,2020-10-25 18:40:11,2019-06-18 06:48:51,Red,237926,10892,Cancelled,Radio,Hindi,0.71
1893,2,17,4804,Emergency,2021-03-06 20:13:35,2024-02-24 14:49:39,2018-01-02 18:32:33,Green,265214,35791,Superseded,Radio,Mizo,0.3
1894,6,48,4057,Early Warning,2021-02-03 00:10:04,2019-06-12 01:44:05,2018-05-19 13:13:58,Red,286172,670,Active,All,Mizo,0.89
1895,4,39,381,Early Warning,2019-05-31 10:41:43,2021-02-27 21:51:45,2024-08-09 21:41:35,Yellow,432784,19614,Expired,All,English,0.5
1896,4,35,4690,Watch,2018-04-18 11:34:26,2019-05-03 09:37:50,2020-12-18 17:44:17,Yellow,100987,16204,Expired,Push Notification,English,0.97
1897,2,16,2929,Watch,2018-07-28 21:27:15,2024-11-20 07:13:09,2021-03-08 17:19:20,Green,475035,42727,Cancelled,Radio,Mizo,0.98
1898,1,8,1854,Advisory,2020-11-15 00:36:29,2024-10-09 18:03:57,2024-02-09 11:30:41,Orange,358162,2188,Expired,Siren,Manipuri,0.65
1899,4,36,4590,All Clear,2020-06-03 22:59:22,2019-08-25 14:55:20,2024-06-03 20:49:58,Yellow,406824,16095,Expired,Push Notification,Bengali,0.89
1900,3,26,1338,Watch,2023-01-14 13:50:25,2018-01-23 12:02:12,2024-11-27 07:36:17,Red,281854,1746,Cancelled,All,Khasi,0.82
1901,5,42,1889,Advisory,2019-01-16 10:26:52,2024-05-27 10:17:30,2020-04-19 13:16:31,Yellow,47530,10596,Active,Siren,Mizo,0.53
1902,4,39,3218,Early Warning,2020-08-30 15:12:57,2019-01-02 07:35:21,2019-03-20 04:13:43,Yellow,127358,32532,Superseded,Push Notification,English,0.64
1903,2,20,4817,Watch,2021-02-28 19:36:26,2018-07-23 16:59:40,2018-02-16 06:05:24,Orange,201390,11944,Cancelled,SMS,Manipuri,0.44
1904,3,29,2801,All Clear,2023-04-17 21:40:55,2019-02-16 11:22:27,2019-07-16 18:16:48,Green,207468,29251,Active,Push Notification,English,0.64
1905,2,15,3284,Advisory,2019-02-03 00:29:13,2022-01-10 23:10:51,2020-09-16 13:13:29,Red,79343,43763,Superseded,Radio,Assamese,0.37
1906,7,58,1163,All Clear,2023-12-19 14:43:02,2021-08-15 16:14:27,2019-01-10 06:33:39,Green,235279,14979,Active,SMS,Manipuri,0.72
1907,5,43,4367,Watch,2020-04-14 10:45:12,2020-04-20 08:36:30,2018-07-09 18:47:05,Orange,100266,10893,Active,SMS,Bengali,0.78
1908,7,56,2719,Advisory,2021-01-06 18:48:40,2018-10-20 07:38:46,2020-04-21 16:11:57,Green,110139,47172,Expired,SMS,Manipuri,0.75
1909,2,20,1948,All Clear,2023-09-01 18:45:18,2021-10-04 01:19:13,2022-02-16 04:45:21,Green,481042,38750,Superseded,Push Notification,Bengali,0.63
1910,1,9,3067,Watch,2023-11-22 06:53:08,2019-04-22 08:46:18,2018-10-18 06:13:19,Orange,263144,35733,Expired,Radio,Khasi,0.86
1911,2,21,4422,All Clear,2024-09-24 05:24:36,2019-07-15 06:34:45,2024-04-05 12:41:24,Green,486466,486,Cancelled,All,Assamese,0.64
1912,3,28,4037,All Clear,2023-05-24 21:59:51,2019-09-09 00:24:02,2019-10-12 05:54:08,Red,461802,15366,Expired,All,Manipuri,0.99
1913,3,28,2903,All Clear,2018-10-24 00:13:09,2018-06-27 14:08:36,2019-05-31 12:34:29,Orange,178511,30623,Cancelled,Siren,Bengali,0.34
1914,4,34,2733,Drill,2023-06-01 15:50:54,2022-06-27 05:43:08,2022-07-06 21:50:56,Orange,100818,48419,Expired,Radio,Khasi,0.61
1915,6,51,3915,Watch,2019-02-24 08:30:58,2018-02-25 21:23:28,2024-04-17 00:45:15,Red,266393,17440,Superseded,Siren,Hindi,0.76
1916,6,50,1379,Watch,2021-01-30 23:26:31,2024-08-20 19:24:51,2023-06-05 02:28:38,Orange,458797,20898,Cancelled,SMS,Mizo,0.71
1917,1,11,4551,Watch,2019-05-10 01:41:14,2020-12-24 12:57:48,2018-01-27 18:57:56,Yellow,395927,6965,Expired,Radio,Khasi,0.86
1918,8,60,3324,Emergency,2019-06-06 23:11:06,2019-06-19 16:57:16,2022-09-13 11:11:47,Orange,215681,12366,Cancelled,Push Notification,Khasi,0.31
1919,7,55,1389,Watch,2024-09-29 12:19:12,2020-04-29 19:38:57,2018-09-28 21:19:16,Yellow,150818,37337,Expired,All,English,0.85
1920,4,39,3421,Drill,2021-05-10 10:00:43,2021-10-09 13:06:33,2018-05-04 12:31:50,Yellow,70553,26863,Superseded,SMS,Bengali,0.94
1921,7,58,2808,Emergency,2018-06-13 11:17:23,2019-08-27 08:59:51,2019-07-30 02:55:03,Orange,35097,31274,Cancelled,SMS,English,0.8
1922,5,40,614,All Clear,2018-06-05 00:58:52,2019-11-14 07:00:43,2020-02-03 02:01:58,Green,194472,13159,Expired,Push Notification,Hindi,0.51
1923,3,30,768,Emergency,2018-09-27 19:31:12,2018-01-18 23:39:38,2023-11-29 18:07:06,Yellow,24624,27516,Active,All,Hindi,0.62
1924,5,43,306,Advisory,2020-09-22 08:34:41,2021-05-28 11:33:23,2018-12-11 13:06:01,Red,484263,44897,Superseded,SMS,Assamese,0.98
1925,7,56,1064,Watch,2021-04-29 13:16:50,2024-01-11 21:21:45,2022-06-22 08:38:31,Orange,374036,23198,Active,SMS,Manipuri,0.53
1926,3,30,1422,Emergency,2019-09-14 00:31:12,2018-10-08 00:42:28,2021-10-13 14:42:19,Orange,433247,27892,Expired,Push Notification,Khasi,0.38
1927,7,56,1624,Early Warning,2024-09-09 13:44:36,2018-02-08 14:54:29,2023-06-21 11:09:04,Red,491282,40450,Cancelled,Radio,Khasi,0.37
1928,3,28,2455,Drill,2019-03-03 07:37:58,2018-11-05 00:32:48,2021-04-23 20:36:33,Yellow,183058,18089,Cancelled,SMS,Khasi,0.44
1929,1,12,3801,All Clear,2021-12-30 19:55:26,2021-01-29 17:35:22,2022-01-20 18:31:37,Red,498709,27539,Active,Siren,Mizo,0.78
1930,6,51,2057,Watch,2023-02-21 19:42:56,2023-04-22 16:37:47,2018-05-20 19:39:33,Orange,429381,18182,Superseded,SMS,Assamese,0.53
1931,2,22,820,Early Warning,2022-05-09 11:26:29,2018-09-26 21:05:18,2022-03-17 02:11:56,Red,325013,40337,Expired,Push Notification,Bengali,0.79
1932,1,3,1382,Emergency,2020-06-10 18:35:32,2020-08-13 20:13:47,2020-04-08 07:47:09,Yellow,404585,17519,Active,Siren,Hindi,0.45
1933,3,23,3510,Watch,2024-08-23 04:28:55,2022-04-06 12:00:42,2021-04-22 17:09:06,Orange,300307,16746,Superseded,All,Mizo,1.0
1934,1,11,2941,Drill,2020-06-30 15:07:21,2019-12-02 06:37:54,2021-03-21 23:01:47,Orange,441585,49877,Expired,Siren,Manipuri,0.7
1935,2,18,3831,All Clear,2019-06-22 08:34:45,2021-09-09 23:56:54,2024-03-30 06:41:51,Yellow,370298,17447,Active,SMS,English,0.72
1936,2,15,4104,Emergency,2020-11-13 16:39:32,2024-04-24 01:27:15,2020-04-12 09:19:52,Orange,91525,5988,Superseded,Radio,Hindi,0.52
1937,4,38,4944,All Clear,2018-02-19 17:18:10,2024-08-23 12:30:54,2019-11-16 16:18:51,Green,250162,34972,Active,Radio,Khasi,0.6
1938,2,20,4004,Drill,2023-07-05 20:20:07,2018-10-19 14:57:03,2020-07-01 04:24:14,Red,116559,29858,Cancelled,Radio,Hindi,0.62
1939,3,26,3074,Drill,2018-09-13 20:47:19,2020-12-27 18:29:04,2021-07-15 08:11:59,Red,134531,27138,Superseded,Push Notification,Khasi,0.91
1940,6,49,1916,Advisory,2021-06-09 14:16:40,2023-08-10 19:39:59,2020-07-11 13:03:03,Green,462662,45482,Active,All,Bengali,0.87
1941,6,48,4989,Early Warning,2022-11-10 19:44:21,2019-04-09 09:37:57,2021-11-07 20:04:12,Green,249334,45598,Expired,All,Mizo,0.38
1942,6,50,4236,Early Warning,2020-08-15 03:01:25,2023-12-08 01:41:26,2021-11-12 20:09:44,Orange,340788,36837,Superseded,SMS,Bengali,0.98
1943,3,24,3375,Early Warning,2024-05-28 04:12:03,2020-11-14 10:54:37,2018-04-24 10:00:31,Red,119581,46261,Expired,Siren,Bengali,0.94
1944,4,38,4172,Early Warning,2020-02-03 04:46:38,2021-05-16 10:35:53,2022-02-09 18:35:36,Yellow,338062,28837,Expired,SMS,Mizo,0.58
1945,5,45,986,Watch,2022-08-30 13:22:03,2024-04-02 05:47:05,2019-07-24 20:02:32,Yellow,220631,26890,Superseded,All,Khasi,0.5
1946,1,6,133,All Clear,2024-07-23 17:11:11,2023-07-04 07:00:08,2022-04-25 09:38:00,Red,226019,21567,Expired,All,Mizo,0.53
1947,4,39,383,Watch,2021-04-18 00:31:54,2022-11-15 03:13:02,2021-07-12 11:01:19,Red,107238,19967,Expired,All,Khasi,0.73
1948,7,55,4127,Emergency,2024-06-06 14:53:21,2018-03-16 18:49:06,2024-04-23 23:24:04,Red,442512,20638,Cancelled,SMS,Mizo,0.77
1949,2,20,4678,Early Warning,2019-03-05 21:46:48,2023-11-28 15:23:07,2021-11-15 21:55:32,Yellow,30866,17194,Superseded,SMS,Manipuri,0.91
1950,5,44,3628,Emergency,2018-04-03 09:32:29,2019-10-02 19:27:30,2019-08-04 10:14:09,Red,439944,4010,Active,Siren,Mizo,0.41
1951,8,60,122,All Clear,2022-01-14 10:14:52,2022-12-12 04:55:13,2019-07-05 21:17:33,Yellow,402091,33355,Active,All,Mizo,0.68
1952,1,11,4019,Emergency,2019-01-08 19:42:07,2023-12-23 08:49:20,2020-09-30 02:02:57,Yellow,463344,13374,Expired,Siren,English,0.62
1953,8,59,50,Advisory,2022-07-17 17:58:54,2023-03-13 12:31:10,2020-03-26 07:02:43,Red,90076,26556,Cancelled,Push Notification,English,0.44
1954,5,45,4845,Early Warning,2022-07-22 22:24:53,2023-09-27 19:43:10,2024-07-23 16:05:40,Yellow,124568,21419,Cancelled,All,Khasi,0.31
1955,2,19,2940,Emergency,2024-08-05 02:42:24,2018-03-25 05:09:49,2021-03-27 19:17:23,Red,314051,11772,Active,All,Bengali,0.87
1956,3,29,1556,Advisory,2018-01-07 04:30:58,2023-03-02 16:27:05,2022-07-07 05:05:30,Orange,85247,17796,Expired,All,Manipuri,0.82
1957,2,18,2010,Drill,2024-11-26 22:27:31,2019-04-01 18:36:06,2024-08-29 02:32:38,Green,457051,45464,Active,Siren,Khasi,0.68
1958,3,27,3863,Emergency,2022-04-09 15:40:45,2023-05-24 19:47:06,2021-03-17 00:05:08,Green,336112,17765,Expired,SMS,Bengali,0.92
1959,4,34,4751,Early Warning,2024-06-05 14:00:36,2021-03-25 10:02:48,2023-07-15 00:09:10,Green,446224,16554,Expired,All,English,0.53
1960,2,13,3677,Early Warning,2024-08-03 22:36:53,2022-01-18 17:42:06,2018-06-19 00:17:56,Green,491313,39261,Expired,Siren,Khasi,0.51
1961,3,29,393,All Clear,2019-09-25 12:33:13,2023-05-09 13:23:05,2022-08-03 22:09:45,Green,16586,33920,Active,Siren,Hindi,0.58
1962,4,34,1357,All Clear,2023-02-10 02:50:09,2019-06-25 03:26:14,2023-07-17 11:06:16,Red,456292,19397,Cancelled,All,Bengali,0.83
1963,1,2,158,All Clear,2021-11-22 20:21:22,2022-04-27 04:33:27,2023-08-12 20:05:51,Yellow,303900,22208,Expired,Siren,Khasi,0.49
1964,1,5,3433,Emergency,2022-08-05 05:09:25,2023-01-15 07:47:48,2023-10-31 12:50:26,Green,58994,47135,Superseded,SMS,Hindi,0.86
1965,3,26,3211,All Clear,2019-02-16 10:49:25,2018-04-13 19:38:19,2022-07-06 20:16:51,Green,70076,1097,Expired,All,English,0.62
1966,5,41,1436,Drill,2021-08-01 20:51:22,2020-04-01 23:13:03,2020-05-21 19:52:30,Yellow,141303,14309,Cancelled,All,Assamese,0.74
1967,1,12,2074,Early Warning,2020-11-03 17:25:56,2018-09-10 08:25:30,2019-07-10 00:33:57,Red,5842,48220,Cancelled,Push Notification,Bengali,0.41
1968,7,57,3064,All Clear,2019-10-30 19:48:20,2018-02-27 16:28:56,2022-12-25 07:01:53,Red,47298,10237,Expired,Siren,Bengali,0.47
1969,1,12,4517,Emergency,2020-04-07 05:47:38,2024-12-11 08:23:31,2023-12-28 22:08:53,Red,30927,16379,Superseded,Siren,English,0.39
1970,6,49,2406,Advisory,2020-01-23 17:56:01,2019-02-18 02:02:16,2024-07-04 07:43:50,Red,467448,45200,Cancelled,SMS,Bengali,0.55
1971,5,45,3481,Drill,2020-03-05 20:58:34,2022-07-14 07:35:14,2024-12-07 14:10:40,Green,230585,24065,Cancelled,SMS,Hindi,0.91
1972,6,53,2229,Early Warning,2022-05-04 13:54:25,2020-12-30 11:45:51,2024-02-06 04:10:52,Yellow,298920,29607,Superseded,Push Notification,Manipuri,0.56
1973,8,61,3278,Watch,2021-07-01 06:52:21,2019-01-31 02:42:55,2019-12-19 03:16:02,Yellow,224436,2519,Superseded,Siren,Mizo,0.62
1974,6,50,4334,All Clear,2021-06-20 20:14:22,2018-08-17 22:44:11,2019-02-06 20:52:06,Orange,195571,38107,Cancelled,All,Mizo,0.64
1975,8,59,1427,Advisory,2019-02-24 02:00:40,2019-08-01 20:48:40,2023-02-23 03:33:27,Green,275054,25359,Expired,Push Notification,Assamese,0.69
1976,1,9,91,Emergency,2021-04-07 12:33:44,2018-08-14 18:46:34,2021-11-10 14:41:20,Red,497454,37302,Superseded,Push Notification,Hindi,0.92
1977,3,25,5000,All Clear,2023-01-08 02:13:31,2024-04-09 12:22:17,2023-02-18 02:02:10,Yellow,414877,48104,Expired,Push Notification,Bengali,0.83
1978,6,48,3912,Drill,2021-05-27 04:32:04,2022-03-20 06:06:12,2021-11-02 00:30:33,Red,320395,12274,Cancelled,Siren,English,0.51
1979,2,16,2088,Early Warning,2022-06-20 17:08:38,2022-06-14 16:53:35,2024-11-13 18:01:45,Yellow,131942,39846,Expired,SMS,Bengali,0.44
1980,4,34,1554,Watch,2024-07-03 00:27:57,2019-01-27 15:19:19,2021-06-04 08:55:01,Green,5260,1922,Active,SMS,Bengali,0.51
1981,5,42,3821,All Clear,2021-05-24 07:51:12,2024-02-29 13:26:29,2024-05-09 19:49:54,Yellow,494972,4413,Cancelled,Push Notification,Mizo,0.32
1982,2,19,4621,Advisory,2018-08-08 17:02:21,2019-01-03 06:17:06,2018-02-21 19:57:02,Yellow,107120,33854,Superseded,Radio,Hindi,0.93
1983,6,54,4453,Early Warning,2021-12-31 11:30:19,2023-01-12 12:43:07,2023-03-20 04:57:15,Yellow,283292,28493,Cancelled,Siren,Bengali,0.41
1984,6,51,1110,Advisory,2020-07-11 06:50:59,2023-04-14 15:26:01,2024-01-14 02:15:36,Green,340344,9917,Active,All,Hindi,0.46
1985,6,54,1902,Emergency,2018-04-07 06:03:14,2021-08-23 01:58:57,2023-03-06 22:49:55,Red,494193,6704,Cancelled,All,Manipuri,0.58
1986,8,59,4657,Drill,2024-08-10 09:30:21,2021-02-23 14:48:29,2021-06-03 21:31:50,Green,280042,8631,Active,SMS,Assamese,0.76
1987,2,16,23,Emergency,2021-10-25 15:47:46,2018-11-09 06:07:27,2022-06-23 19:44:23,Red,225865,37478,Cancelled,Siren,Hindi,0.83
1988,5,42,2379,Watch,2018-01-21 21:38:36,2024-10-07 05:31:22,2020-08-12 21:56:48,Orange,257395,16883,Active,Push Notification,Bengali,0.46
1989,1,5,1591,Emergency,2022-02-07 00:35:41,2018-10-29 03:51:30,2018-02-09 13:25:17,Orange,27273,32519,Superseded,Siren,Hindi,0.75
1990,1,5,4066,Watch,2020-12-22 04:56:59,2021-07-25 22:09:51,2018-09-25 16:37:44,Green,397284,37722,Expired,SMS,Hindi,0.79
1991,6,54,4783,All Clear,2023-01-31 17:47:39,2019-09-09 00:31:36,2022-05-22 00:38:14,Green,254001,12673,Expired,Siren,English,0.43
1992,6,47,1507,Advisory,2024-11-22 17:11:58,2020-05-04 14:05:04,2021-10-25 14:36:25,Orange,150366,36041,Active,Radio,Assamese,0.6
1993,3,29,4379,Watch,2021-07-16 09:55:32,2020-09-06 08:00:09,2018-07-24 02:07:14,Yellow,484020,336,Superseded,Siren,Bengali,0.35
1994,6,49,4984,Drill,2018-08-10 11:56:59,2018-04-16 23:52:31,2023-11-08 17:33:30,Red,292318,23414,Active,Siren,Khasi,0.47
1995,5,43,1364,Early Warning,2022-07-31 04:03:45,2020-04-12 14:22:32,2020-12-28 14:48:26,Orange,201178,12621,Cancelled,SMS,Manipuri,0.87
1996,4,36,2901,Advisory,2022-05-01 01:06:10,2020-12-11 23:14:48,2022-08-20 00:59:35,Green,389115,5180,Active,Radio,Mizo,0.62
1997,2,18,3215,Watch,2023-09-10 17:59:19,2023-02-15 05:03:12,2023-09-02 10:47:33,Orange,61427,26107,Active,Siren,Mizo,0.63
1998,1,4,2336,Early Warning,2018-02-05 03:10:44,2024-02-06 02:18:28,2020-08-25 17:48:35,Yellow,167312,20431,Active,All,Bengali,0.99
1999,6,49,2037,Watch,2023-02-21 04:56:16,2018-09-11 00:13:34,2024-11-03 18:51:34,Yellow,283020,1581,Expired,All,Assamese,0.58
2000,1,11,327,All Clear,2020-01-12 03:23:00,2022-09-20 08:09:24,2021-05-25 16:57:47,Orange,358971,18264,Active,Siren,Manipuri,0.68
2001,1,10,3210,All Clear,2020-09-26 11:23:19,2023-12-09 00:49:18,2020-11-15 23:05:26,Yellow,47570,25043,Cancelled,Siren,Khasi,0.72
2002,7,56,1669,Advisory,2024-02-23 08:10:38,2024-02-18 13:12:04,2021-07-21 04:49:19,Yellow,69385,13112,Active,Push Notification,Manipuri,0.99
2003,2,20,2160,Emergency,2018-03-06 04:53:45,2022-02-23 05:50:12,2018-05-13 06:21:39,Green,265174,47175,Superseded,SMS,Manipuri,0.42
2004,5,44,963,All Clear,2023-02-06 12:51:23,2024-02-24 22:16:17,2024-12-29 20:58:34,Green,363303,41235,Cancelled,Push Notification,English,0.36
2005,5,44,1190,Emergency,2024-11-23 22:24:50,2018-11-08 11:55:33,2018-10-27 00:48:33,Red,175886,35200,Cancelled,All,Bengali,0.69
2006,2,22,1336,Watch,2024-10-22 13:51:43,2019-08-03 08:15:53,2023-08-07 18:26:42,Red,62650,7303,Superseded,SMS,Bengali,1.0
2007,6,52,1302,Advisory,2019-04-01 21:43:54,2019-12-03 19:36:03,2023-02-10 01:27:00,Green,474572,30827,Active,Siren,Assamese,0.97
2008,3,24,2282,Drill,2020-07-09 11:11:06,2023-12-10 07:20:54,2024-09-20 07:38:15,Red,29829,34853,Expired,Push Notification,English,0.61
2009,1,5,2370,All Clear,2021-04-27 22:26:46,2022-11-14 01:24:13,2020-11-19 02:34:35,Green,382408,15982,Cancelled,Siren,Mizo,0.64
2010,3,25,3344,Watch,2019-02-15 22:48:17,2020-02-11 02:55:22,2020-10-12 01:46:28,Red,368738,49738,Superseded,SMS,Bengali,0.46
2011,1,1,1130,Early Warning,2024-05-16 04:29:35,2024-04-17 16:11:37,2022-07-20 00:11:57,Red,158019,1077,Expired,Radio,Assamese,0.87
2012,8,59,3674,Emergency,2018-01-19 10:44:38,2022-05-26 01:35:10,2021-05-31 17:57:40,Yellow,25485,21669,Active,Siren,Hindi,0.33
2013,3,26,1956,Advisory,2021-09-10 07:21:02,2018-05-17 18:07:48,2019-02-06 14:44:57,Green,383319,34793,Active,Siren,Bengali,0.89
2014,5,40,4465,Early Warning,2023-01-01 03:11:04,2019-11-04 04:38:35,2022-12-28 15:10:23,Green,23064,38821,Active,Push Notification,English,0.86
2015,2,16,237,Watch,2019-03-21 18:57:42,2018-03-14 09:46:57,2023-03-05 22:53:04,Orange,137616,22214,Expired,Push Notification,Mizo,0.96
2016,6,49,3040,Drill,2022-11-02 00:44:35,2023-01-31 05:32:03,2021-02-13 04:45:17,Red,121349,7347,Expired,Siren,English,0.33
2017,5,46,4370,Watch,2021-08-30 03:40:56,2021-12-10 22:43:07,2020-12-19 17:40:16,Green,480993,32309,Cancelled,Radio,Bengali,0.87
2018,5,41,4838,Advisory,2019-03-02 20:05:54,2020-06-07 01:01:41,2024-05-10 08:46:50,Green,292042,39647,Cancelled,Radio,Bengali,0.46
2019,1,6,1019,Drill,2022-09-28 21:35:08,2022-10-10 03:39:05,2019-01-11 05:40:57,Green,376730,35915,Superseded,Radio,Khasi,0.55
2020,2,14,2322,Emergency,2020-05-29 05:16:25,2021-06-15 20:19:27,2019-05-03 11:19:53,Orange,454634,11001,Cancelled,Push Notification,English,0.65
2021,3,32,429,Emergency,2020-09-05 08:26:47,2018-02-07 12:07:29,2019-12-31 07:00:59,Red,425621,26764,Active,Siren,Mizo,0.4
2022,4,35,3466,Early Warning,2018-04-05 17:00:14,2020-07-09 16:10:01,2021-10-26 17:08:08,Red,452923,41965,Expired,Siren,Assamese,0.31
2023,2,13,2895,Advisory,2024-10-20 19:41:41,2022-04-15 18:34:07,2021-02-08 12:44:43,Green,14346,4653,Cancelled,Push Notification,Khasi,0.3
2024,3,29,1888,Emergency,2023-10-12 19:02:43,2022-03-25 06:45:56,2024-11-18 08:40:35,Green,49325,20711,Superseded,SMS,Bengali,0.67
2025,4,37,507,Watch,2021-03-06 04:11:23,2020-03-05 07:23:45,2020-07-27 23:18:53,Yellow,39449,13709,Expired,All,Bengali,0.52
2026,4,37,2174,Advisory,2018-06-25 21:28:33,2024-03-24 00:07:43,2024-05-04 16:23:32,Red,191657,14011,Active,Radio,Khasi,0.96
2027,8,59,3831,Advisory,2022-12-18 22:45:02,2024-02-24 07:04:12,2021-11-30 21:36:35,Green,64644,37530,Active,All,Khasi,0.7
2028,3,26,3562,Drill,2024-04-29 06:24:43,2021-06-11 02:20:08,2022-12-10 06:50:54,Orange,112721,28159,Cancelled,Siren,English,0.69
2029,2,13,2641,Advisory,2024-01-26 17:09:12,2023-05-03 15:30:59,2023-09-15 08:01:45,Red,293473,30146,Superseded,All,English,0.56
2030,3,30,403,Watch,2024-07-26 12:14:57,2024-05-07 00:39:15,2023-11-27 09:14:07,Yellow,250850,31067,Active,All,Bengali,0.47
2031,1,1,822,Watch,2022-10-18 05:40:52,2018-03-21 07:54:38,2023-02-18 21:59:03,Yellow,188781,28343,Superseded,Push Notification,Hindi,0.43
2032,6,53,1177,Watch,2023-11-15 09:16:58,2024-09-08 10:23:52,2023-10-22 19:15:59,Red,69967,13784,Superseded,Radio,Bengali,0.33
2033,7,56,4594,Watch,2019-02-19 08:53:33,2024-06-28 19:51:31,2019-05-25 02:42:20,Orange,427644,25872,Superseded,Siren,Manipuri,0.9
2034,5,42,1531,Emergency,2020-03-13 11:17:50,2022-01-10 19:05:42,2020-01-06 13:53:17,Yellow,326180,46472,Expired,Push Notification,Khasi,0.67
2035,2,22,1153,Watch,2018-05-26 04:44:49,2023-11-02 08:39:06,2019-07-21 13:48:49,Yellow,11472,37698,Active,Radio,Khasi,0.99
2036,1,5,3468,Watch,2023-04-01 11:28:17,2024-06-22 19:06:47,2024-10-16 11:14:53,Yellow,91948,33833,Cancelled,Radio,Hindi,0.45
2037,2,20,4053,All Clear,2023-08-13 01:27:12,2023-01-11 03:22:53,2022-06-20 23:03:44,Green,78402,39852,Active,Siren,Bengali,0.87
2038,7,56,689,Drill,2020-10-16 20:31:02,2020-11-28 20:33:53,2019-01-30 01:42:22,Orange,470228,25493,Active,Siren,Bengali,0.61
2039,5,45,4992,Watch,2023-04-18 12:42:57,2022-09-09 06:02:53,2019-11-19 01:11:12,Green,65277,1930,Active,Siren,Mizo,0.5
2040,2,16,1749,Watch,2023-09-24 06:55:32,2024-07-31 01:07:13,2024-06-14 04:01:16,Yellow,226852,40987,Expired,Push Notification,Assamese,0.61
2041,3,30,1789,Emergency,2019-09-26 00:51:09,2024-03-05 12:44:11,2022-04-22 19:23:45,Green,367019,2213,Superseded,Siren,Bengali,0.81
2042,1,2,3629,All Clear,2018-01-11 17:10:37,2021-01-28 03:51:28,2018-06-12 16:14:26,Yellow,124901,24802,Active,Radio,Manipuri,0.52
2043,5,40,4125,Watch,2024-10-09 13:09:49,2023-05-12 21:12:58,2020-06-12 17:46:42,Orange,44567,47705,Active,Siren,Mizo,0.8
2044,6,47,440,Advisory,2019-02-15 23:14:41,2018-02-27 11:39:21,2023-09-30 09:17:16,Red,339840,28464,Superseded,Radio,Manipuri,0.42
2045,3,30,3443,All Clear,2019-03-04 21:09:19,2018-01-08 12:28:29,2021-08-28 00:44:54,Orange,435472,10479,Active,SMS,Hindi,0.79
2046,2,13,4165,Drill,2023-08-20 21:07:16,2024-10-02 10:30:49,2024-11-20 06:06:32,Orange,494942,26446,Cancelled,Siren,Khasi,0.35
2047,4,37,3669,All Clear,2020-04-10 08:46:54,2022-02-18 00:30:25,2023-06-30 02:03:07,Orange,307436,13688,Active,All,Hindi,0.99
2048,5,45,4676,Drill,2023-10-12 19:04:29,2022-11-20 08:03:39,2022-08-10 22:50:40,Red,371331,18205,Active,Radio,Manipuri,0.94
2049,4,33,3501,Advisory,2018-04-17 19:41:06,2018-02-14 03:16:45,2020-05-26 10:34:33,Orange,313212,46019,Expired,Push Notification,Mizo,0.59
2050,7,56,3576,Watch,2020-07-10 12:00:48,2019-02-14 10:49:51,2024-05-04 13:42:44,Yellow,116718,38697,Cancelled,Siren,English,0.39
2051,1,11,4490,Drill,2022-12-25 18:44:02,2018-11-21 03:21:49,2020-10-20 20:36:15,Green,323018,18895,Cancelled,Push Notification,Bengali,0.31
2052,5,45,600,Emergency,2019-07-21 20:38:39,2024-04-22 04:16:00,2023-12-12 18:05:48,Red,482028,10705,Expired,Push Notification,Mizo,0.71
2053,4,34,2492,Watch,2022-03-27 07:46:37,2023-06-03 00:17:38,2019-05-18 02:55:05,Orange,178886,26063,Superseded,All,Khasi,0.64
2054,7,55,4206,Watch,2024-08-02 19:48:49,2019-09-30 00:06:39,2021-10-30 21:09:53,Yellow,275801,42137,Superseded,SMS,Bengali,0.76
2055,7,55,2377,All Clear,2018-07-29 09:09:06,2018-06-03 17:11:24,2021-04-09 08:24:30,Red,365805,5048,Expired,Radio,Manipuri,0.75
2056,3,26,2507,Emergency,2021-12-23 14:12:24,2018-03-18 02:57:29,2024-05-28 14:36:30,Orange,356326,21270,Superseded,Siren,Manipuri,0.49
2057,6,50,3169,Early Warning,2019-08-23 00:02:31,2023-04-14 01:19:22,2021-10-13 20:45:18,Yellow,80927,13194,Superseded,SMS,English,0.89
2058,1,4,4702,Early Warning,2019-03-14 04:00:50,2021-04-08 15:21:48,2021-05-30 04:01:51,Red,69520,485,Active,Siren,Bengali,0.55
2059,2,21,3684,Advisory,2023-10-28 07:21:22,2020-10-23 23:08:42,2022-04-01 03:41:27,Red,349018,34258,Superseded,Radio,Bengali,0.83
2060,3,23,4044,Watch,2020-12-29 19:52:27,2020-03-02 12:42:26,2022-01-01 01:08:55,Green,226043,17996,Active,SMS,English,0.57
2061,3,29,2766,All Clear,2022-06-07 18:01:50,2019-02-17 13:43:12,2020-06-23 15:13:09,Red,358342,3767,Cancelled,SMS,Assamese,0.57
2062,2,17,2664,Watch,2018-11-27 22:03:50,2020-03-08 12:01:49,2020-07-28 22:45:47,Yellow,136421,4503,Superseded,Radio,English,0.4
2063,7,55,1653,All Clear,2019-09-19 07:42:30,2021-08-15 21:59:41,2018-02-22 18:45:32,Red,268828,15294,Cancelled,Siren,Mizo,0.33
2064,1,5,3708,Emergency,2018-03-03 18:20:57,2019-08-26 16:38:04,2018-05-22 14:49:49,Yellow,462467,40777,Cancelled,Radio,Hindi,0.94
2065,4,33,3369,Early Warning,2018-07-08 18:49:40,2024-10-13 04:00:43,2023-11-26 05:00:54,Yellow,174574,47927,Active,All,Manipuri,0.82
2066,2,15,250,Drill,2023-03-07 04:57:19,2018-08-03 21:10:36,2019-10-23 11:56:47,Orange,141193,43776,Active,All,Mizo,0.6
2067,1,5,4976,All Clear,2022-01-17 17:34:21,2022-02-21 23:45:41,2019-02-24 05:04:13,Red,440868,17874,Cancelled,Push Notification,Manipuri,0.49
2068,2,14,2971,All Clear,2021-04-24 07:52:57,2018-02-10 22:57:34,2020-07-17 09:56:26,Orange,166704,2768,Superseded,Push Notification,Bengali,0.83
2069,3,25,4032,All Clear,2020-07-18 10:37:21,2020-09-27 00:13:22,2022-03-29 01:21:29,Green,335759,41887,Expired,All,Bengali,0.77
2070,7,57,2759,Watch,2022-12-21 21:50:13,2023-08-06 21:40:41,2021-09-04 18:53:57,Green,671,11048,Cancelled,Radio,Hindi,0.76
2071,6,52,363,Early Warning,2024-10-25 23:00:37,2021-01-04 03:19:07,2022-07-07 00:56:00,Yellow,314916,49984,Expired,Radio,Manipuri,0.5
2072,6,54,144,Advisory,2021-12-27 00:37:01,2019-04-23 02:37:33,2018-05-07 23:24:55,Yellow,119300,6315,Superseded,Siren,Assamese,0.5
2073,3,28,3771,Early Warning,2021-01-31 11:29:26,2023-08-02 01:43:27,2020-08-17 07:00:20,Orange,35066,33651,Superseded,Radio,Khasi,0.67
2074,1,11,1651,All Clear,2018-01-12 11:24:39,2020-09-21 04:55:46,2024-09-10 05:11:22,Yellow,336371,34078,Superseded,All,Mizo,0.96
2075,1,7,4674,Watch,2021-07-29 18:41:37,2023-07-03 05:39:30,2024-07-09 06:53:03,Yellow,115329,11030,Superseded,SMS,Khasi,0.75
2076,6,47,4495,Watch,2021-03-16 12:03:33,2021-11-27 19:54:34,2021-07-28 20:43:27,Orange,439790,31494,Cancelled,All,Hindi,0.37
2077,3,29,1577,Emergency,2023-12-15 04:24:42,2021-06-05 15:03:19,2019-07-19 19:29:27,Green,442297,38689,Expired,SMS,Bengali,0.36
2078,6,52,4339,Emergency,2024-10-16 00:16:11,2022-08-08 11:06:44,2022-04-05 11:22:25,Green,78523,19326,Expired,Siren,Mizo,0.55
2079,2,22,4614,All Clear,2020-08-28 14:55:25,2022-09-01 22:27:50,2023-01-19 14:57:24,Red,438391,1533,Superseded,Push Notification,Hindi,0.39
2080,6,47,1184,Early Warning,2019-11-15 17:07:51,2021-10-31 01:32:43,2023-04-25 19:03:17,Red,263600,37963,Active,Push Notification,Hindi,0.46
2081,5,44,4696,Drill,2018-06-25 21:26:51,2024-11-29 12:13:23,2024-10-10 21:00:50,Green,400084,28076,Cancelled,Radio,Mizo,0.86
2082,4,35,3671,Emergency,2018-06-22 19:59:07,2021-10-19 15:00:33,2022-12-10 20:54:18,Orange,169424,46089,Cancelled,SMS,Khasi,0.85
2083,3,27,4067,Watch,2020-09-02 10:34:08,2023-01-18 11:15:52,2022-06-19 14:15:35,Orange,40676,35693,Active,Siren,Khasi,0.45
2084,4,33,544,Advisory,2020-12-31 22:22:36,2022-03-16 03:41:54,2023-02-15 23:45:23,Green,30549,36557,Cancelled,Radio,Manipuri,0.99
2085,6,49,3200,All Clear,2019-06-05 20:45:38,2019-10-15 18:02:01,2022-04-20 14:53:46,Red,138288,36077,Superseded,Siren,Hindi,0.67
2086,7,56,1275,Emergency,2018-02-22 11:43:16,2018-09-04 07:03:54,2019-04-14 22:43:44,Red,124773,38907,Superseded,SMS,Hindi,0.38
2087,5,41,4937,Drill,2018-03-28 13:11:29,2018-10-02 01:50:38,2022-08-28 00:50:58,Orange,460683,35836,Active,Push Notification,Manipuri,0.75
2088,4,35,4285,Drill,2023-06-23 12:27:36,2024-09-02 05:33:56,2024-06-26 18:00:09,Red,51633,33472,Expired,SMS,Khasi,0.88
2089,1,1,3292,Early Warning,2021-04-20 13:09:51,2018-05-27 06:11:25,2021-11-13 15:31:00,Green,307404,8647,Expired,Siren,Mizo,0.4
2090,4,36,1180,Watch,2021-04-19 07:12:31,2020-05-04 02:06:03,2024-01-04 19:59:30,Yellow,268210,43434,Superseded,Radio,Manipuri,0.93
2091,8,59,379,Early Warning,2020-01-24 18:20:35,2021-07-31 03:23:24,2022-03-05 22:55:20,Orange,172015,30162,Superseded,All,Mizo,0.81
2092,2,15,1565,Drill,2020-11-17 02:54:35,2021-10-17 22:57:36,2018-02-11 05:27:38,Orange,419722,31905,Superseded,Push Notification,Khasi,0.37
2093,1,11,1787,Advisory,2018-11-08 03:43:42,2020-11-23 03:53:36,2023-05-18 22:42:08,Orange,22491,44652,Cancelled,Siren,Khasi,0.93
2094,3,23,1041,All Clear,2023-06-23 22:18:25,2022-01-26 11:09:26,2023-04-04 15:31:33,Green,316509,44269,Expired,All,Bengali,0.8
2095,2,18,2158,Advisory,2018-05-19 22:00:14,2022-05-01 17:18:33,2022-07-28 15:04:09,Orange,109800,6859,Active,Radio,English,0.52
2096,3,31,422,Watch,2023-07-17 19:57:25,2019-12-06 17:03:12,2023-07-07 19:32:56,Green,416006,21148,Active,Push Notification,Assamese,0.68
2097,3,29,933,All Clear,2020-10-04 13:30:42,2023-02-13 13:01:23,2018-08-20 22:08:31,Red,389989,2455,Superseded,Siren,Manipuri,0.61
2098,1,4,1165,Drill,2019-12-23 04:10:43,2020-04-09 13:40:44,2021-01-14 15:49:01,Orange,223631,33579,Cancelled,Radio,Assamese,0.98
2099,4,37,2404,Emergency,2018-03-18 20:43:38,2024-03-04 10:50:13,2021-08-20 11:46:51,Yellow,156423,1418,Active,Siren,Hindi,0.96
2100,5,40,2616,Emergency,2022-01-30 13:56:00,2022-04-22 04:28:29,2023-08-19 11:13:37,Yellow,109315,7800,Cancelled,All,Assamese,0.56
2101,5,46,1313,Drill,2023-02-12 13:07:21,2021-09-26 11:48:07,2019-12-27 12:37:10,Yellow,54867,33360,Superseded,All,Mizo,0.82
2102,5,46,310,Advisory,2019-03-01 17:28:30,2022-10-04 09:45:49,2021-02-18 05:36:00,Green,483371,46217,Cancelled,Push Notification,Mizo,0.46
2103,1,12,2459,Drill,2018-10-09 01:56:58,2021-03-04 09:35:00,2018-08-03 06:58:02,Red,288453,22738,Cancelled,All,Hindi,0.71
2104,6,52,3188,Watch,2018-03-16 11:02:01,2020-07-20 17:30:06,2020-06-25 02:01:39,Red,416756,25185,Superseded,Radio,Assamese,0.42
2105,1,8,2830,All Clear,2024-04-27 10:52:33,2020-05-30 14:28:42,2023-07-14 10:00:44,Orange,43265,41098,Superseded,Radio,Khasi,0.95
2106,8,60,4996,Early Warning,2018-12-23 23:54:21,2021-10-05 02:26:16,2018-01-10 03:01:38,Red,176612,860,Expired,Push Notification,English,0.66
2107,1,7,3314,Drill,2022-10-20 23:27:23,2020-06-09 16:21:17,2018-11-04 05:10:00,Green,119599,19651,Cancelled,Siren,Assamese,0.79
2108,1,4,4840,Drill,2020-03-03 17:01:48,2022-02-21 14:25:15,2024-11-24 06:12:07,Yellow,235897,18861,Active,Push Notification,Manipuri,0.87
2109,7,56,1028,Advisory,2022-07-24 08:08:27,2023-08-27 08:04:55,2023-06-02 20:20:25,Red,126644,13191,Active,Push Notification,Assamese,0.97
2110,5,41,2850,All Clear,2024-05-16 09:02:27,2024-03-05 15:09:19,2023-06-30 11:03:26,Green,306883,25196,Expired,SMS,Manipuri,0.92
2111,3,27,3090,Early Warning,2021-11-06 14:52:18,2023-02-07 11:04:33,2024-05-07 12:47:50,Red,198046,27229,Superseded,Siren,English,0.3
2112,2,21,3229,Watch,2020-01-18 05:44:55,2024-11-25 15:29:18,2018-04-10 15:26:01,Orange,70578,8388,Expired,Push Notification,Bengali,0.73
2113,4,35,325,Drill,2018-08-13 20:20:15,2021-09-21 22:37:42,2021-08-08 09:15:22,Yellow,290412,14464,Superseded,Siren,Bengali,0.73
2114,1,2,769,All Clear,2022-01-13 18:19:18,2018-08-13 05:08:52,2020-10-14 04:33:06,Red,78596,41658,Cancelled,Radio,Mizo,0.58
2115,2,18,2407,Watch,2018-03-25 13:56:31,2020-02-02 03:52:48,2024-08-10 15:10:59,Yellow,450120,22967,Active,Siren,Bengali,0.9
2116,8,59,2954,Watch,2021-09-11 06:20:17,2024-11-18 11:42:17,2021-03-16 23:15:48,Orange,426637,3443,Active,All,Assamese,0.47
2117,6,49,1051,Early Warning,2021-03-25 09:46:36,2022-10-30 12:11:32,2022-12-22 03:41:35,Yellow,410247,49180,Cancelled,Siren,Manipuri,0.74
2118,3,23,4774,Drill,2024-06-12 19:37:35,2019-07-22 15:40:24,2022-02-18 20:22:15,Yellow,359399,28748,Superseded,Radio,Mizo,0.36
2119,4,39,369,All Clear,2018-03-23 18:59:40,2020-10-01 16:41:25,2018-01-08 16:55:57,Yellow,93895,48690,Cancelled,Radio,English,0.81
2120,2,14,2221,Drill,2024-08-18 18:48:16,2020-03-05 19:10:16,2022-09-03 16:45:09,Orange,209464,31530,Expired,Push Notification,Manipuri,0.94
2121,2,15,4692,Emergency,2018-01-03 11:10:36,2024-06-03 18:59:24,2020-01-20 09:12:01,Orange,122482,4332,Cancelled,Radio,Bengali,0.56
2122,6,48,686,Advisory,2021-03-07 07:54:15,2022-12-08 19:17:40,2019-09-08 01:56:27,Red,78122,23435,Active,SMS,Bengali,0.79
2123,4,38,3752,All Clear,2022-06-23 04:08:43,2020-09-11 07:27:05,2019-10-26 19:21:56,Red,33406,8782,Active,Radio,English,0.71
2124,2,19,1998,Drill,2021-10-01 13:20:39,2021-09-14 21:15:40,2021-08-13 04:46:13,Red,49780,33674,Expired,SMS,Khasi,0.67
2125,3,24,4113,Early Warning,2018-06-10 07:26:52,2024-02-25 13:14:57,2023-12-05 14:28:54,Green,281073,31485,Expired,SMS,Bengali,0.44
2126,1,6,2659,Advisory,2018-10-14 03:24:53,2019-12-12 23:32:38,2021-09-07 16:49:24,Green,252482,35052,Superseded,Push Notification,Khasi,0.37
2127,6,52,122,All Clear,2022-02-18 14:13:45,2021-11-18 01:50:52,2018-10-30 08:32:31,Green,23869,40313,Superseded,All,Bengali,0.6
2128,1,9,2709,Early Warning,2024-06-22 07:14:08,2021-06-17 02:16:40,2023-06-19 14:27:50,Red,287365,42709,Active,Push Notification,Mizo,0.6
2129,4,38,1622,Advisory,2020-01-30 07:07:20,2020-03-28 23:25:36,2019-07-11 18:33:25,Green,370629,48696,Expired,SMS,Assamese,0.32
2130,1,12,1600,All Clear,2018-06-18 11:40:11,2021-09-03 08:39:34,2020-11-07 13:21:10,Yellow,339331,45310,Cancelled,SMS,Khasi,0.53
2131,6,54,1132,Drill,2019-06-07 13:52:37,2018-10-24 22:41:44,2018-10-25 18:10:19,Orange,151763,10053,Active,Siren,Assamese,0.64
2132,1,7,2581,Advisory,2018-08-23 05:19:36,2024-04-13 13:11:11,2023-01-04 09:51:20,Orange,297051,9284,Active,SMS,Mizo,0.58
2133,7,58,2047,Watch,2019-10-02 10:03:24,2019-02-26 13:17:26,2019-03-01 11:52:36,Yellow,145786,2448,Active,Radio,Hindi,0.91
2134,4,38,1069,Early Warning,2019-07-27 06:08:39,2021-03-03 03:00:28,2021-03-19 17:22:20,Yellow,73415,42927,Active,SMS,Khasi,0.82
2135,6,49,380,Watch,2018-08-23 15:36:02,2020-03-06 10:40:50,2022-07-18 15:43:36,Green,160923,13701,Expired,All,English,0.43
2136,5,42,1428,All Clear,2021-02-03 17:15:49,2021-03-22 23:47:36,2018-12-29 17:02:32,Yellow,417751,14069,Expired,Push Notification,Khasi,0.72
2137,2,22,3373,Advisory,2023-10-12 10:24:31,2019-01-28 05:10:04,2019-11-04 21:15:04,Orange,159629,12168,Superseded,Radio,Mizo,0.86
2138,5,40,3627,Watch,2021-08-23 08:40:00,2020-03-30 07:33:32,2022-12-19 08:05:09,Green,268534,28183,Superseded,Push Notification,Bengali,0.42
2139,1,4,4779,Emergency,2021-01-12 22:42:44,2024-05-20 06:27:51,2021-11-10 23:03:10,Yellow,333891,43910,Superseded,Push Notification,Bengali,0.76
2140,4,36,2954,Watch,2019-07-05 23:56:46,2021-01-11 17:02:44,2021-06-11 13:31:46,Red,437796,6036,Cancelled,Push Notification,Assamese,0.99
2141,3,26,3039,All Clear,2024-12-04 05:45:59,2018-07-26 02:20:53,2020-04-11 03:04:16,Orange,255913,25564,Expired,Radio,Mizo,0.47
2142,5,41,4186,Emergency,2018-07-08 05:04:23,2020-07-21 12:31:51,2018-11-23 22:14:53,Red,139875,30980,Cancelled,Push Notification,Hindi,0.58
2143,4,38,3039,Emergency,2019-05-10 18:50:08,2024-08-12 11:13:24,2020-04-21 07:55:57,Orange,484439,25808,Superseded,Radio,Khasi,0.46
2144,2,14,4598,Watch,2022-12-09 17:42:26,2024-06-25 02:35:07,2023-05-24 02:50:05,Red,461838,37787,Cancelled,Push Notification,Hindi,0.5
2145,7,57,3181,Advisory,2022-03-15 08:26:03,2018-11-17 19:27:22,2020-11-18 11:23:08,Yellow,249042,5360,Expired,Siren,Mizo,0.75
2146,8,60,3428,Advisory,2019-09-03 13:16:26,2020-04-23 09:02:10,2019-10-23 05:20:01,Yellow,493028,43211,Cancelled,Siren,Manipuri,0.53
2147,6,48,3516,Emergency,2020-02-05 09:15:44,2024-09-04 06:21:07,2018-11-11 15:05:46,Green,206300,47889,Expired,Radio,Manipuri,0.63
2148,5,41,1937,Emergency,2023-03-29 13:39:40,2018-10-26 19:48:47,2021-01-06 08:17:22,Green,451220,14719,Active,SMS,Assamese,0.93
2149,4,33,1612,Early Warning,2023-11-29 03:58:42,2018-04-01 19:19:05,2020-01-31 16:49:37,Red,12222,32578,Expired,Siren,Hindi,0.57
2150,3,31,1361,Early Warning,2024-08-04 21:20:48,2020-04-30 21:12:12,2022-07-25 05:50:02,Green,321774,27761,Superseded,All,Khasi,0.31
2151,7,58,1147,All Clear,2021-04-16 02:47:53,2019-10-09 06:05:00,2019-01-02 01:38:29,Orange,69208,8027,Cancelled,Siren,Mizo,0.44
2152,6,50,2440,Emergency,2024-08-29 16:30:16,2019-07-26 11:49:27,2020-10-01 12:05:36,Red,336925,18217,Expired,All,Mizo,0.74
2153,3,25,2430,Watch,2020-12-06 05:44:38,2024-12-10 01:14:49,2019-08-18 05:00:01,Red,313544,7135,Superseded,Push Notification,Khasi,0.95
2154,7,56,4823,Early Warning,2023-05-14 05:37:38,2019-10-31 16:49:41,2021-05-13 12:01:35,Orange,430361,37529,Cancelled,All,Mizo,0.77
2155,5,43,900,Drill,2019-07-18 23:15:59,2021-04-05 18:30:41,2024-02-11 15:05:36,Red,153261,37169,Superseded,SMS,Manipuri,0.59
2156,5,44,210,Watch,2021-07-03 02:07:23,2020-10-18 00:55:07,2019-11-17 14:37:08,Yellow,314715,7270,Active,SMS,Assamese,0.38
2157,3,23,4680,Emergency,2018-03-27 13:31:24,2024-08-08 04:01:21,2024-02-11 00:55:41,Green,129545,37203,Cancelled,All,English,0.83
2158,1,6,1595,Advisory,2019-12-05 11:12:15,2020-04-24 18:05:54,2019-11-01 08:40:54,Yellow,249785,43639,Superseded,Siren,Khasi,0.86
2159,8,62,2242,Advisory,2022-07-16 11:05:05,2018-05-22 15:28:19,2022-10-17 06:33:05,Green,286096,45308,Cancelled,SMS,Khasi,0.34
2160,1,5,3557,Early Warning,2022-03-14 15:15:30,2018-08-18 15:23:05,2020-02-19 23:18:07,Yellow,476525,35678,Active,SMS,Assamese,0.31
2161,2,19,4738,Early Warning,2023-07-27 07:32:16,2018-05-28 18:22:43,2020-08-25 22:53:26,Green,344115,10587,Active,Push Notification,Manipuri,0.69
2162,7,57,3418,Emergency,2021-07-19 13:18:29,2022-08-19 01:17:47,2018-04-13 11:11:42,Green,392262,4741,Active,Push Notification,Bengali,0.4
2163,8,62,1644,Advisory,2020-03-12 00:13:32,2022-09-16 17:14:08,2020-03-22 07:29:51,Orange,465749,10219,Active,Push Notification,Bengali,0.44
2164,3,28,503,All Clear,2023-12-01 09:43:14,2023-09-17 15:44:32,2018-10-26 18:49:58,Red,254727,38776,Active,Push Notification,Manipuri,0.57
2165,1,6,2654,Early Warning,2024-09-11 18:13:03,2023-12-21 16:43:06,2018-09-26 11:13:35,Red,414662,32473,Active,Push Notification,Hindi,0.85
2166,1,7,4776,Early Warning,2023-10-20 10:03:39,2019-02-25 13:04:50,2020-07-31 19:15:10,Orange,475216,30404,Active,Push Notification,Manipuri,0.69
2167,5,42,724,Early Warning,2020-06-17 21:52:22,2019-02-16 17:24:29,2022-07-16 21:25:10,Green,240945,41418,Cancelled,Radio,Hindi,0.94
2168,8,60,616,Emergency,2024-07-28 09:45:26,2022-01-20 05:42:24,2022-05-04 18:03:15,Yellow,193301,32168,Superseded,Radio,Mizo,0.6
2169,4,39,588,Early Warning,2020-01-13 01:21:32,2023-06-03 13:30:30,2022-04-01 07:46:34,Green,158259,40282,Active,Siren,English,0.85
2170,2,19,1388,Early Warning,2020-02-15 04:20:10,2020-12-18 06:56:25,2020-06-01 05:30:32,Yellow,459889,3138,Active,Push Notification,English,0.94
2171,2,14,2716,All Clear,2018-06-09 16:35:58,2023-08-24 07:07:18,2021-09-08 08:21:22,Red,347120,12159,Superseded,SMS,Assamese,0.68
2172,6,53,2822,Advisory,2020-11-13 10:37:11,2019-06-30 06:15:18,2024-06-11 23:13:06,Yellow,344026,32561,Cancelled,SMS,English,0.4
2173,3,24,2319,Drill,2022-02-20 16:27:13,2021-12-20 12:05:35,2022-12-19 15:30:58,Green,284685,39138,Cancelled,All,Manipuri,0.94
2174,3,23,3490,All Clear,2021-04-28 00:19:38,2022-11-07 14:10:09,2023-02-01 13:29:02,Orange,115918,3824,Active,Radio,English,0.71
2175,5,41,2792,Advisory,2021-09-06 07:23:55,2023-08-24 03:17:16,2021-06-02 15:07:21,Red,109260,23961,Cancelled,All,Bengali,0.92
2176,7,55,1510,Emergency,2021-10-24 16:18:10,2019-04-30 20:50:56,2021-04-25 19:21:06,Green,212021,8733,Cancelled,Siren,Bengali,0.32
2177,3,25,66,Drill,2022-01-20 03:46:29,2018-05-14 01:53:30,2018-09-15 21:09:37,Green,154272,42854,Cancelled,SMS,Mizo,0.46
2178,6,53,3098,Watch,2022-05-02 03:59:10,2020-03-20 21:29:12,2018-05-06 21:46:55,Red,412952,45903,Superseded,SMS,English,0.3
2179,5,41,3374,Drill,2021-06-25 06:31:43,2020-04-24 21:33:53,2024-11-03 14:01:03,Green,398399,6572,Superseded,Push Notification,Manipuri,0.4
2180,3,31,3340,All Clear,2019-06-08 12:18:36,2024-02-16 07:40:11,2018-12-12 20:40:17,Yellow,63913,23014,Expired,Push Notification,Hindi,0.4
2181,1,10,1483,Advisory,2019-06-28 16:08:33,2018-02-10 22:05:52,2022-07-24 10:47:16,Yellow,145704,30870,Cancelled,Push Notification,Manipuri,0.43
2182,4,39,4842,Early Warning,2023-01-25 03:21:39,2018-01-05 00:06:07,2020-04-27 22:21:20,Orange,48475,2556,Cancelled,Siren,Manipuri,0.86
2183,2,15,3056,Drill,2024-08-25 19:54:03,2018-12-25 17:24:43,2020-02-05 03:34:21,Green,182043,43713,Active,Radio,Hindi,0.52
2184,6,50,3630,Drill,2019-03-29 10:07:56,2022-07-07 13:20:37,2023-01-14 10:20:56,Yellow,68913,501,Superseded,Radio,English,0.75
2185,8,60,2945,All Clear,2022-03-01 10:27:00,2024-06-16 15:52:59,2021-12-13 17:17:07,Green,274926,15745,Active,Push Notification,Manipuri,0.31
2186,1,5,195,All Clear,2020-07-21 09:13:20,2020-06-12 20:21:00,2024-01-23 00:34:02,Green,494620,21589,Expired,Radio,English,0.73
2187,7,56,1035,Drill,2024-09-10 00:22:41,2020-03-26 23:38:06,2020-06-13 12:12:57,Green,246269,36416,Superseded,Siren,Bengali,0.81
2188,5,41,1056,Watch,2022-09-07 15:54:41,2018-09-22 02:14:31,2023-06-17 06:08:12,Green,267455,44180,Expired,SMS,Assamese,0.46
2189,3,23,4078,Drill,2022-10-04 12:21:32,2019-12-08 08:02:02,2021-12-14 15:29:50,Green,292815,38350,Active,Push Notification,English,0.46
2190,5,43,3643,Drill,2020-02-18 12:40:27,2021-06-04 12:23:08,2023-01-27 12:27:57,Yellow,301937,900,Cancelled,Radio,Manipuri,0.53
2191,3,23,4039,All Clear,2024-09-02 13:45:26,2022-11-13 15:43:10,2020-08-08 21:33:58,Orange,365986,1366,Cancelled,Push Notification,Manipuri,0.93
2192,1,1,3434,All Clear,2023-02-16 15:45:46,2023-06-05 01:20:44,2018-06-01 17:41:42,Red,361581,19532,Cancelled,Push Notification,Manipuri,0.73
2193,4,35,3516,Early Warning,2018-02-15 21:31:51,2024-03-11 11:14:35,2018-05-31 14:15:18,Red,203789,21729,Superseded,Siren,Hindi,0.46
2194,6,49,2240,Early Warning,2021-02-27 10:45:11,2018-09-15 20:30:26,2021-05-24 21:03:14,Red,167005,9430,Superseded,Siren,English,0.95
2195,3,27,4589,All Clear,2018-08-03 17:22:23,2022-09-11 11:57:12,2018-07-02 00:30:17,Orange,73507,23443,Expired,SMS,Manipuri,0.5
2196,3,31,3265,Drill,2023-03-29 17:41:42,2023-03-20 02:52:14,2021-05-20 19:51:23,Yellow,155163,17652,Cancelled,Siren,Mizo,0.89
2197,7,56,1478,All Clear,2020-09-30 20:43:35,2020-05-26 02:15:55,2023-09-30 02:55:17,Green,96666,15754,Expired,Radio,Hindi,0.45
2198,4,33,40,Advisory,2024-07-10 08:10:57,2018-09-06 14:27:49,2021-11-12 16:13:22,Green,372049,8258,Cancelled,SMS,Khasi,0.53
2199,2,16,3264,Advisory,2023-02-09 05:32:01,2022-07-19 20:57:50,2020-11-16 05:50:01,Green,165421,30050,Cancelled,All,English,0.57
2200,6,54,4088,Early Warning,2022-10-16 11:44:54,2019-05-19 18:53:41,2020-05-12 07:39:32,Red,86367,24177,Superseded,SMS,Hindi,1.0
2201,2,14,1816,All Clear,2023-08-04 17:19:29,2024-10-05 10:41:15,2020-11-15 22:25:03,Yellow,354338,39307,Cancelled,Radio,Hindi,0.95
2202,7,55,677,All Clear,2020-09-27 21:52:46,2021-04-16 23:28:53,2019-12-05 06:36:42,Yellow,24264,18319,Active,Push Notification,Manipuri,0.6
2203,1,12,4916,Watch,2018-10-09 15:02:47,2018-11-05 05:32:31,2022-02-17 00:01:47,Red,155022,10287,Expired,Push Notification,English,0.51
2204,3,27,3802,Early Warning,2022-08-10 14:41:31,2021-01-20 22:35:45,2023-10-28 15:47:55,Yellow,126316,38688,Expired,Siren,Assamese,0.72
2205,3,31,41,Watch,2021-05-15 23:56:17,2024-12-20 19:23:35,2021-01-07 19:05:01,Yellow,394115,2163,Expired,SMS,Mizo,0.46
2206,1,11,4097,All Clear,2018-05-21 07:12:03,2024-08-21 02:32:22,2024-12-26 18:19:38,Orange,187948,497,Expired,Push Notification,English,0.59
2207,5,43,4793,All Clear,2018-06-01 10:59:05,2020-01-14 15:56:23,2023-06-21 16:34:56,Green,127773,13870,Cancelled,All,Hindi,0.64
2208,3,32,695,Early Warning,2023-02-19 15:20:41,2018-06-30 14:50:49,2023-07-01 10:46:11,Green,11465,12045,Cancelled,Siren,English,0.56
2209,1,12,2790,Drill,2021-03-15 23:18:44,2022-03-10 07:17:06,2018-07-18 19:27:55,Orange,269648,48494,Cancelled,Radio,Manipuri,0.52
2210,6,47,3683,Watch,2022-12-06 00:44:34,2018-01-02 11:04:50,2020-06-06 11:57:20,Yellow,416343,22552,Expired,Push Notification,Khasi,0.46
2211,8,62,3155,Emergency,2023-07-16 05:50:37,2024-08-26 02:12:43,2022-07-19 13:18:58,Red,402952,4945,Cancelled,Radio,Assamese,0.5
2212,6,47,2359,Early Warning,2020-02-01 09:12:36,2024-08-27 17:50:04,2024-04-18 09:06:47,Red,62107,40300,Cancelled,Radio,Hindi,0.77
2213,5,45,856,Emergency,2018-09-07 10:04:10,2021-08-22 11:08:51,2021-07-31 03:10:10,Red,373130,28050,Cancelled,SMS,Bengali,0.42
2214,3,31,3425,Early Warning,2018-07-27 20:09:45,2024-09-01 00:53:51,2022-11-24 00:17:21,Yellow,84049,36292,Active,Radio,Assamese,0.68
2215,3,27,608,Watch,2024-10-12 16:04:42,2019-02-15 06:01:15,2020-02-04 00:06:58,Green,36405,44248,Active,Siren,Assamese,0.74
2216,5,44,3620,Drill,2018-03-16 16:34:58,2022-01-24 13:05:33,2023-05-20 10:54:06,Red,224274,13401,Cancelled,Push Notification,Hindi,0.41
2217,5,44,3984,All Clear,2019-01-18 11:18:48,2019-04-28 12:55:44,2018-08-11 11:48:05,Orange,455708,9047,Superseded,All,Khasi,0.5
2218,4,33,3012,Emergency,2021-07-10 12:25:15,2018-09-18 07:41:23,2018-09-16 06:21:17,Yellow,150081,9976,Cancelled,Push Notification,English,0.33
2219,8,61,2006,Watch,2021-11-10 03:34:37,2022-11-06 07:11:15,2024-05-26 10:38:49,Orange,282100,37001,Expired,Push Notification,Khasi,0.79
2220,2,14,1174,Advisory,2020-03-17 17:08:16,2023-02-06 09:21:08,2023-08-09 12:38:55,Red,328497,32912,Superseded,Siren,Manipuri,0.45
2221,3,31,4386,Early Warning,2024-01-27 02:17:29,2022-03-06 03:19:07,2023-08-10 18:52:14,Orange,290421,13218,Superseded,Siren,Bengali,0.7
2222,7,57,2793,Early Warning,2019-10-16 09:47:55,2018-10-20 19:36:32,2018-11-02 14:23:24,Yellow,408490,18008,Active,Siren,Mizo,0.55
2223,5,45,3506,Watch,2021-05-05 18:11:22,2021-09-01 07:50:49,2021-10-14 22:17:14,Orange,454027,14439,Cancelled,SMS,Mizo,0.4
2224,1,12,2291,Watch,2020-09-08 12:54:07,2024-11-14 17:49:19,2020-02-13 07:51:40,Orange,256481,23948,Superseded,Radio,Mizo,0.57
2225,3,31,3365,All Clear,2020-03-19 08:15:22,2020-06-30 21:19:54,2023-01-03 23:12:19,Red,223373,10468,Expired,Radio,Mizo,0.86
2226,2,19,3012,Advisory,2019-01-09 19:14:32,2021-06-17 20:54:30,2023-04-28 06:44:36,Green,72498,20637,Active,Siren,Manipuri,0.39
2227,4,37,3431,All Clear,2020-10-12 22:13:09,2020-11-03 02:08:37,2018-12-08 07:32:25,Red,75070,44051,Active,Siren,Mizo,0.39
2228,3,29,3424,Watch,2024-01-18 21:09:50,2023-01-30 16:12:14,2019-12-20 23:33:22,Red,387913,20943,Active,All,Assamese,0.71
2229,2,14,2109,Watch,2023-10-29 15:29:37,2018-08-15 15:29:19,2019-02-11 23:21:10,Orange,301842,7225,Cancelled,Siren,Mizo,0.85
2230,3,24,36,Watch,2019-08-02 00:37:47,2020-06-28 09:50:47,2022-03-14 00:38:09,Yellow,242042,36051,Active,Radio,Bengali,0.98
2231,6,47,4647,Advisory,2021-12-11 11:34:56,2018-12-28 01:47:49,2022-06-03 19:32:51,Yellow,152828,45751,Active,Siren,English,0.44
2232,5,42,4340,Advisory,2019-02-21 04:21:43,2021-11-07 17:59:18,2022-09-22 21:07:28,Green,356948,9438,Expired,Push Notification,Assamese,0.75
2233,7,57,1279,All Clear,2023-11-25 08:48:31,2023-12-11 20:05:57,2023-12-25 15:25:29,Green,141514,20752,Active,Siren,Assamese,0.58
2234,6,47,3648,Watch,2018-02-06 12:11:48,2021-06-18 11:49:55,2023-05-12 18:39:25,Red,115291,43968,Expired,All,Assamese,0.44
2235,1,8,552,Early Warning,2019-03-06 17:45:32,2024-12-27 22:50:39,2018-06-02 06:28:37,Yellow,467419,47188,Cancelled,All,Bengali,0.39
2236,6,53,2074,Watch,2024-07-30 08:34:02,2024-05-27 16:13:07,2019-10-23 06:21:42,Yellow,221800,29580,Superseded,SMS,Mizo,0.66
2237,8,61,4426,Emergency,2023-02-24 10:51:43,2024-02-27 17:04:18,2024-04-18 07:19:57,Red,334667,5622,Expired,Siren,English,0.9
2238,5,41,2075,Emergency,2023-02-28 14:35:54,2023-02-06 06:03:12,2019-02-18 11:13:22,Orange,12696,36850,Cancelled,Siren,Bengali,0.7
2239,6,54,426,Watch,2018-12-20 07:55:22,2020-03-23 14:39:12,2023-04-16 08:12:51,Yellow,193872,6132,Expired,Radio,English,0.88
2240,7,57,8,Advisory,2018-08-29 14:44:19,2020-06-25 12:12:37,2021-05-01 08:41:13,Green,57627,31142,Cancelled,All,Khasi,0.78
2241,5,46,492,Watch,2022-08-08 11:55:56,2022-06-16 18:30:18,2024-03-29 16:14:43,Green,267262,37819,Active,Radio,Bengali,0.75
2242,1,4,2309,Watch,2018-07-10 20:59:16,2018-07-18 10:49:08,2020-12-18 23:20:03,Orange,212786,25228,Cancelled,SMS,Khasi,0.45
2243,2,22,1565,Advisory,2022-06-12 04:00:02,2022-05-20 05:01:48,2023-06-30 04:50:15,Green,113997,31281,Cancelled,Siren,Bengali,0.55
2244,1,4,1615,Early Warning,2018-05-11 16:25:43,2021-06-07 01:24:43,2022-05-24 03:34:52,Green,488420,20824,Superseded,Radio,Assamese,0.38
2245,6,54,3693,Early Warning,2022-09-02 10:03:31,2018-10-11 09:08:46,2023-03-05 14:33:40,Orange,19604,10142,Superseded,SMS,Assamese,0.93
2246,4,34,4578,Emergency,2023-06-30 13:10:28,2023-12-21 04:32:17,2018-11-16 11:36:47,Yellow,228653,6121,Active,Radio,Manipuri,0.95
2247,3,28,4239,Early Warning,2021-08-05 08:03:51,2022-11-03 01:05:25,2022-11-10 22:11:25,Green,246527,25256,Superseded,Radio,Manipuri,0.82
2248,4,34,1655,Watch,2023-08-25 23:05:59,2021-07-09 16:53:43,2018-07-24 00:55:31,Yellow,249918,2731,Cancelled,SMS,Bengali,0.98
2249,4,35,1699,Advisory,2021-03-10 20:21:25,2021-01-12 17:19:50,2023-06-23 16:04:13,Yellow,282753,4389,Cancelled,Siren,Bengali,0.61
2250,1,10,4469,Advisory,2021-02-22 08:40:47,2020-01-14 20:06:30,2020-02-08 20:20:10,Yellow,303401,43000,Expired,Radio,Hindi,0.57
2251,5,43,1164,Drill,2018-10-20 20:51:33,2022-02-06 10:52:18,2020-11-07 06:40:34,Red,293469,2838,Active,Radio,Manipuri,0.87
2252,8,60,3485,All Clear,2021-08-21 23:52:22,2019-10-09 06:54:30,2018-01-14 08:39:57,Red,427283,13264,Active,Push Notification,Mizo,0.66
2253,2,14,1291,Emergency,2021-12-06 11:08:55,2024-05-31 10:34:14,2021-04-08 19:39:22,Yellow,225542,38831,Expired,Radio,Bengali,0.35
2254,3,24,502,Watch,2019-05-27 09:57:05,2022-05-28 22:21:48,2021-02-25 11:10:59,Orange,494706,19649,Superseded,SMS,Hindi,0.3
2255,4,35,3827,Early Warning,2024-12-17 00:15:13,2022-07-21 17:13:56,2022-10-20 05:28:27,Yellow,484467,30926,Expired,SMS,Khasi,0.62
2256,6,54,1834,Emergency,2022-09-23 02:17:34,2024-09-30 21:04:13,2022-01-16 03:12:11,Yellow,246065,29876,Active,SMS,Mizo,0.65
2257,1,9,2614,Drill,2019-02-03 12:37:43,2022-04-15 17:33:25,2021-04-26 11:43:47,Red,104128,71,Active,SMS,Assamese,0.94
2258,1,10,600,Drill,2018-05-30 06:51:51,2020-05-15 18:15:04,2019-03-14 11:43:30,Yellow,101529,19346,Cancelled,Siren,Hindi,0.92
2259,8,62,425,Drill,2020-12-19 16:19:12,2023-08-20 10:20:21,2021-10-20 21:21:52,Red,246332,6156,Superseded,SMS,Khasi,0.71
2260,5,41,3890,Advisory,2018-12-03 14:08:58,2024-01-15 04:47:07,2023-03-10 22:28:35,Red,227904,22928,Superseded,Siren,Mizo,0.62
2261,2,19,334,All Clear,2023-03-02 16:15:48,2019-12-30 15:43:40,2019-08-29 03:12:21,Red,150870,17433,Active,SMS,Manipuri,0.8
2262,1,10,1323,Drill,2020-05-24 17:48:35,2021-03-26 04:33:13,2023-10-21 08:50:53,Yellow,373731,23889,Expired,Siren,Manipuri,0.44
2263,5,45,1494,All Clear,2019-01-31 03:32:09,2018-08-24 22:24:24,2024-06-19 23:31:56,Green,135561,15982,Active,Siren,English,0.55
2264,2,19,3918,Emergency,2023-09-19 02:11:49,2018-06-05 13:24:12,2024-06-26 06:27:06,Yellow,59878,21926,Superseded,All,English,0.36
2265,8,61,2694,Early Warning,2018-04-26 09:29:53,2018-08-04 03:07:02,2021-05-18 07:53:15,Green,371735,9921,Superseded,SMS,English,0.65
2266,1,9,3288,Drill,2020-12-19 05:09:29,2020-03-23 22:20:58,2021-12-27 06:46:13,Yellow,477063,22037,Superseded,All,Mizo,0.44
2267,2,21,2368,Advisory,2022-04-27 01:24:22,2022-03-09 13:55:32,2018-10-05 07:37:13,Yellow,314737,12248,Active,Radio,Manipuri,0.58
2268,4,37,748,Emergency,2024-12-17 01:34:14,2020-01-24 07:34:24,2024-01-18 15:05:44,Orange,265052,27077,Superseded,Radio,Khasi,0.88
2269,6,52,1277,Early Warning,2018-03-13 06:57:31,2022-03-18 11:04:35,2023-11-23 01:27:46,Yellow,72823,43083,Superseded,Siren,Bengali,0.4
2270,4,34,1164,All Clear,2020-08-22 07:27:24,2020-10-31 19:41:35,2020-03-30 19:32:45,Red,450102,38813,Expired,Siren,Khasi,0.39
2271,1,1,323,Drill,2024-11-24 04:54:40,2024-04-01 10:32:16,2023-09-30 02:06:48,Green,344991,9256,Active,All,Assamese,0.76
2272,1,6,2492,Early Warning,2023-09-02 20:48:06,2020-09-20 01:18:22,2018-09-25 05:51:09,Red,309025,1578,Cancelled,Radio,Hindi,0.88
2273,3,32,939,Drill,2021-05-29 18:12:39,2018-06-27 03:43:23,2023-06-27 20:03:06,Yellow,365043,47545,Expired,Push Notification,Bengali,0.93
2274,7,55,1779,Early Warning,2021-03-30 22:27:22,2018-10-05 18:49:48,2018-06-30 20:37:53,Yellow,29913,47342,Active,All,English,0.67
2275,4,39,4823,All Clear,2019-12-31 11:40:09,2021-10-09 11:51:36,2022-06-07 19:38:34,Green,59846,47652,Active,Radio,Mizo,0.88
2276,8,62,368,Advisory,2019-06-24 00:21:53,2023-12-12 18:43:55,2020-05-15 19:48:57,Yellow,33900,21961,Expired,All,Khasi,0.34
2277,6,48,1886,Drill,2018-06-03 09:12:52,2019-11-17 10:59:57,2023-05-22 18:32:14,Orange,232612,27338,Superseded,SMS,Hindi,0.84
2278,3,26,1396,All Clear,2022-07-17 10:14:11,2024-09-16 22:23:05,2024-11-23 23:43:43,Green,43273,9196,Expired,Siren,Manipuri,0.35
2279,7,55,4687,Drill,2020-07-30 16:45:41,2020-03-07 17:09:03,2024-07-17 12:31:02,Red,240223,245,Cancelled,Push Notification,English,1.0
2280,7,56,724,Drill,2018-04-23 21:23:55,2022-09-01 01:38:37,2019-10-21 22:38:49,Orange,353650,48606,Expired,SMS,Mizo,0.73
2281,3,32,1662,All Clear,2023-02-22 14:44:19,2022-04-15 08:53:50,2020-06-20 16:04:00,Red,73242,6203,Active,Radio,Hindi,0.77
2282,4,39,1907,Drill,2022-01-13 19:39:07,2021-01-10 23:39:45,2023-07-06 03:27:02,Red,15189,49641,Active,Siren,Mizo,0.64
2283,3,31,806,Emergency,2022-05-01 16:17:11,2021-05-21 22:36:39,2019-01-25 04:27:22,Red,345187,34784,Expired,Siren,Hindi,0.6
2284,4,34,2929,Drill,2018-03-18 08:25:46,2023-07-28 04:58:50,2021-05-16 22:05:49,Green,461000,41935,Expired,Siren,Assamese,0.42
2285,1,11,1508,Emergency,2021-08-13 18:48:48,2021-10-11 00:05:42,2022-05-19 04:32:47,Red,435679,45293,Active,All,Khasi,0.78
2286,3,29,3253,Advisory,2018-09-24 00:40:58,2019-06-10 02:09:21,2019-08-05 19:12:55,Red,288614,41997,Active,Siren,Bengali,0.71
2287,2,16,2605,Watch,2022-10-24 06:14:08,2020-10-01 22:50:22,2020-11-26 16:30:35,Green,326462,31235,Superseded,Siren,Hindi,0.6
2288,4,39,4064,Early Warning,2021-03-27 04:25:08,2022-09-02 19:44:02,2019-08-07 23:23:08,Orange,478321,36506,Cancelled,All,English,0.52
2289,8,60,594,Early Warning,2024-01-17 16:52:13,2024-07-30 06:28:11,2021-10-01 13:40:45,Orange,57436,25397,Cancelled,Siren,Manipuri,0.71
2290,4,37,574,Emergency,2019-03-09 02:11:32,2020-12-26 06:24:27,2024-10-25 23:07:49,Orange,48760,35021,Superseded,SMS,Khasi,0.38
2291,2,20,4306,Early Warning,2021-08-24 09:33:06,2023-07-18 02:29:18,2021-01-26 18:39:28,Green,405829,2856,Active,All,Hindi,0.48
2292,4,39,1483,All Clear,2022-06-13 10:44:43,2022-03-07 08:08:29,2020-12-22 02:37:52,Red,335357,30346,Active,Push Notification,Khasi,0.31
2293,1,10,4831,Early Warning,2019-09-02 12:00:48,2018-11-12 21:27:51,2024-03-21 09:45:10,Green,459999,9825,Cancelled,SMS,English,0.75
2294,3,26,296,Watch,2022-03-13 23:08:16,2022-11-11 23:07:32,2024-06-01 07:51:39,Orange,12136,26312,Cancelled,Push Notification,Hindi,0.41
2295,7,55,1549,Early Warning,2021-06-21 20:13:32,2023-05-24 17:33:56,2022-10-09 07:47:31,Yellow,8319,25194,Expired,SMS,English,0.85
2296,3,32,1603,Advisory,2018-03-03 13:21:41,2024-09-06 10:51:15,2019-06-21 17:59:58,Yellow,474422,25224,Superseded,Push Notification,Bengali,0.79
2297,4,37,3697,Emergency,2021-02-03 07:02:10,2024-09-28 12:54:50,2024-04-01 20:56:49,Yellow,333052,18892,Active,Radio,Assamese,0.92
2298,5,45,754,Advisory,2024-11-11 12:21:25,2021-04-29 21:10:48,2023-08-23 22:36:39,Orange,313394,24083,Superseded,Siren,Bengali,0.33
2299,3,25,4447,Advisory,2022-03-12 12:46:45,2023-06-30 20:52:11,2020-08-02 06:34:48,Yellow,132824,24423,Expired,Radio,Bengali,0.81
2300,2,18,3120,All Clear,2023-07-29 23:55:52,2022-07-25 17:17:44,2023-08-21 19:30:43,Red,431442,27448,Cancelled,All,Hindi,0.77
2301,7,56,2193,Advisory,2022-04-24 04:32:23,2022-10-11 17:16:18,2024-04-22 11:29:14,Yellow,448968,14984,Cancelled,All,Assamese,0.74
2302,7,55,3412,Emergency,2022-03-17 10:20:21,2021-05-01 18:34:24,2020-07-20 04:15:42,Yellow,271463,20525,Expired,Push Notification,English,0.9
2303,6,52,3775,All Clear,2022-01-08 19:42:35,2022-01-03 08:16:18,2018-01-15 05:10:05,Orange,484705,33285,Cancelled,Push Notification,Hindi,0.84
2304,5,42,3347,Drill,2024-07-24 19:44:36,2023-07-09 20:06:53,2020-02-22 09:13:40,Yellow,157788,15981,Superseded,All,Khasi,0.54
2305,4,35,260,Drill,2021-01-11 03:36:02,2024-09-21 19:53:37,2020-08-07 11:18:19,Green,167414,3904,Cancelled,SMS,Manipuri,0.42
2306,2,18,3285,Drill,2021-12-10 23:39:16,2018-01-26 10:43:54,2018-06-08 21:01:22,Yellow,240163,12915,Cancelled,Push Notification,Mizo,0.72
2307,2,13,4647,Emergency,2018-05-22 22:01:42,2019-12-08 02:57:57,2024-04-12 19:56:21,Red,257012,9298,Cancelled,Radio,Khasi,0.85
2308,3,23,40,Early Warning,2020-01-21 21:38:48,2021-08-03 04:59:11,2019-03-04 20:11:53,Green,175779,36640,Cancelled,SMS,Bengali,0.33
2309,1,9,40,Early Warning,2020-07-20 17:58:07,2023-08-07 03:05:12,2019-07-29 17:57:34,Orange,294921,6174,Cancelled,Push Notification,Bengali,0.46
2310,1,5,1141,Drill,2021-12-12 13:59:26,2023-11-04 09:25:14,2023-09-20 20:58:45,Orange,358999,15239,Expired,Siren,Manipuri,0.9
2311,6,49,2709,Drill,2019-08-08 09:03:34,2024-03-02 03:13:34,2018-11-09 11:04:13,Green,58650,9321,Expired,Radio,Manipuri,0.32
2312,7,56,1367,Watch,2021-05-31 04:33:25,2021-12-02 09:42:19,2024-12-13 16:30:50,Orange,138612,9764,Superseded,Siren,Hindi,0.86
2313,3,23,910,All Clear,2023-11-20 15:51:25,2021-02-03 06:50:15,2022-03-21 17:44:36,Green,117249,34637,Expired,All,Khasi,0.77
2314,3,23,2397,Advisory,2020-11-29 05:53:06,2023-05-18 07:25:33,2024-06-08 16:06:32,Green,226272,2685,Active,All,Hindi,0.53
2315,1,6,3905,Advisory,2023-08-30 19:54:54,2021-01-15 15:34:34,2020-08-29 09:57:15,Orange,396356,44843,Expired,Siren,Khasi,0.32
2316,6,49,3424,Watch,2019-02-26 15:27:15,2022-08-17 13:52:46,2018-12-01 11:13:50,Red,218063,29860,Expired,Push Notification,Assamese,0.48
2317,1,7,1151,Emergency,2018-09-27 21:25:06,2021-03-09 16:36:23,2021-08-07 18:28:08,Orange,377137,47311,Expired,Siren,Bengali,0.92
2318,1,12,3476,All Clear,2018-03-31 07:33:29,2019-01-04 06:06:35,2022-05-08 03:09:01,Orange,410898,42926,Superseded,Siren,Hindi,0.31
2319,5,40,486,Early Warning,2021-08-10 00:00:32,2023-02-19 00:46:08,2021-09-02 14:01:46,Yellow,126190,1322,Expired,All,Manipuri,0.54
2320,1,5,3571,Early Warning,2024-05-02 19:12:54,2020-08-23 12:17:34,2020-11-08 15:10:06,Red,17132,46679,Cancelled,All,Mizo,0.71
2321,1,10,1025,Emergency,2023-10-05 22:10:21,2019-12-09 00:24:11,2023-10-04 10:19:03,Red,421537,6550,Expired,Push Notification,Bengali,0.85
2322,6,53,4351,Advisory,2022-09-24 14:20:57,2022-04-09 21:56:01,2020-12-05 06:09:12,Green,445854,5927,Cancelled,Push Notification,English,0.4
2323,4,39,1985,Advisory,2021-05-30 01:10:50,2018-05-24 12:46:04,2023-10-13 04:49:28,Orange,75992,36239,Expired,Push Notification,English,0.47
2324,1,9,3862,Emergency,2021-01-29 02:38:58,2021-03-22 06:13:05,2021-12-20 13:06:21,Orange,96991,39739,Active,SMS,Khasi,0.53
2325,4,38,199,Drill,2024-05-14 11:13:57,2020-03-14 22:36:12,2019-08-26 23:50:25,Orange,469495,5575,Expired,Radio,Hindi,0.61
2326,5,40,3052,Early Warning,2019-12-01 02:59:43,2023-11-01 07:42:25,2023-07-23 08:10:43,Green,448761,10274,Superseded,Siren,English,0.77
2327,1,7,2628,Watch,2018-02-19 02:06:27,2023-10-25 00:01:38,2022-12-22 02:57:05,Red,60231,44115,Superseded,All,Hindi,0.57
2328,6,51,2784,Emergency,2024-11-18 03:47:44,2019-10-26 17:22:02,2019-05-18 10:59:35,Green,267085,7310,Superseded,Push Notification,Khasi,0.73
2329,6,48,439,Watch,2024-03-21 14:48:51,2024-12-22 22:51:35,2023-04-06 18:39:49,Red,81689,10271,Active,All,Manipuri,0.47
2330,4,37,619,Emergency,2024-09-10 15:30:28,2019-11-08 18:40:15,2023-10-12 19:32:29,Orange,241539,28517,Superseded,SMS,Mizo,0.32
2331,1,9,4628,Emergency,2022-05-16 11:02:35,2018-01-04 00:59:10,2021-10-05 11:11:48,Red,337463,19137,Cancelled,All,Khasi,0.73
2332,6,47,664,Early Warning,2021-03-05 08:50:02,2020-03-01 01:38:58,2020-05-01 19:09:10,Yellow,166716,3350,Active,Push Notification,English,0.39
2333,5,42,3091,All Clear,2024-04-25 13:26:59,2022-03-16 22:41:39,2022-09-21 04:11:12,Yellow,321445,2242,Expired,Radio,Khasi,0.54
2334,1,4,1394,All Clear,2023-01-21 21:03:24,2021-05-27 00:38:35,2021-11-07 03:29:18,Orange,399205,25991,Active,Push Notification,Khasi,0.85
2335,2,18,70,Advisory,2023-02-22 09:16:20,2021-06-21 21:10:04,2023-10-29 17:40:37,Yellow,361740,30096,Cancelled,Radio,Khasi,0.35
2336,5,46,1198,All Clear,2020-01-16 22:40:37,2022-04-18 22:40:50,2018-10-27 01:32:12,Red,23511,4949,Expired,All,Khasi,0.39
2337,1,12,588,Early Warning,2018-05-31 14:02:59,2020-01-28 02:25:26,2020-01-30 20:15:05,Orange,147329,24595,Active,SMS,Manipuri,0.52
2338,1,10,24,All Clear,2018-11-03 03:40:46,2023-08-05 21:17:01,2022-08-27 04:11:08,Yellow,88735,23701,Expired,Push Notification,English,0.84
2339,6,48,1614,Drill,2023-10-30 15:50:22,2021-04-16 13:05:43,2022-06-13 19:36:35,Green,63831,47426,Superseded,Push Notification,Assamese,0.89
2340,2,16,4403,Drill,2022-10-23 10:49:37,2023-12-20 05:12:01,2022-01-27 20:11:15,Green,128830,48383,Superseded,All,English,0.63
2341,4,33,4854,Drill,2024-01-04 19:18:04,2022-02-19 05:38:32,2021-08-24 00:36:55,Orange,252881,12070,Active,SMS,English,0.55
2342,1,6,2106,Early Warning,2023-12-11 22:31:46,2022-01-12 07:44:17,2018-01-28 10:47:03,Green,239569,7480,Superseded,Push Notification,Bengali,0.69
2343,7,56,226,Early Warning,2024-10-04 06:55:18,2019-07-15 04:23:35,2019-11-05 05:41:44,Orange,240631,420,Cancelled,SMS,Mizo,0.38
2344,6,50,4786,All Clear,2024-05-29 23:09:26,2020-04-02 19:15:36,2024-10-17 00:01:11,Green,336998,19918,Cancelled,Radio,Bengali,0.59
2345,3,31,1162,Advisory,2023-04-01 10:34:19,2020-11-17 11:17:03,2021-04-25 02:07:44,Red,431433,7529,Expired,Siren,Assamese,0.65
2346,2,16,3598,Drill,2021-10-18 03:08:54,2024-06-04 11:25:38,2023-10-01 10:03:14,Green,262781,32799,Superseded,Push Notification,Mizo,0.6
2347,4,38,2904,Watch,2021-05-30 05:13:04,2024-04-24 21:20:28,2021-06-02 02:47:15,Green,401134,25013,Superseded,All,Hindi,0.96
2348,3,24,2978,Emergency,2022-03-17 02:32:37,2018-11-02 20:38:05,2019-08-31 16:46:59,Yellow,285559,34390,Superseded,Radio,Mizo,0.99
2349,1,11,1146,Drill,2019-11-07 11:40:03,2021-03-29 01:04:15,2018-08-02 21:38:40,Orange,158396,19472,Superseded,Siren,Hindi,0.65
2350,2,14,1790,Drill,2018-01-03 15:16:00,2018-12-10 03:44:52,2018-08-11 12:15:11,Orange,422432,29955,Superseded,SMS,Khasi,0.51
2351,5,41,838,Advisory,2021-03-09 19:41:53,2022-05-08 17:40:05,2019-12-06 12:45:57,Yellow,59184,39384,Superseded,All,Khasi,0.6
2352,7,57,3406,Early Warning,2020-03-24 19:03:23,2020-02-17 12:08:10,2021-04-21 09:36:29,Red,164303,24714,Superseded,All,Manipuri,0.93
2353,8,60,179,All Clear,2019-11-04 11:43:39,2022-10-02 22:07:40,2024-08-18 12:59:57,Red,121381,195,Active,Radio,Manipuri,0.45
2354,5,44,4943,Emergency,2023-06-14 13:47:26,2024-03-14 17:26:43,2019-12-07 07:19:45,Yellow,361908,5161,Cancelled,All,Hindi,0.82
2355,1,10,4865,Emergency,2018-12-19 23:44:00,2018-06-29 02:46:37,2021-04-05 21:03:07,Yellow,173026,39210,Expired,Radio,English,0.33
2356,2,17,409,All Clear,2021-03-17 16:07:58,2018-10-20 15:09:10,2018-09-12 15:04:59,Yellow,284901,29600,Expired,Push Notification,Manipuri,0.41
2357,3,31,1017,Early Warning,2022-05-31 05:09:46,2018-09-29 20:51:14,2022-07-25 18:22:05,Yellow,59980,29251,Superseded,SMS,Mizo,0.88
2358,2,22,3672,All Clear,2022-06-22 16:00:07,2022-01-22 04:29:34,2020-06-04 00:39:40,Orange,305044,40258,Superseded,All,Manipuri,0.34
2359,1,11,1105,Early Warning,2018-11-27 17:54:06,2018-12-09 22:26:36,2020-05-17 07:37:47,Red,286510,26818,Cancelled,Siren,Bengali,0.66
2360,1,7,4530,Early Warning,2023-04-10 16:27:43,2021-09-06 06:06:23,2018-08-28 03:15:39,Green,258320,13845,Cancelled,Siren,Mizo,0.47
2361,3,27,1640,All Clear,2018-10-20 09:58:30,2021-12-03 06:31:42,2021-02-12 17:57:43,Yellow,436728,23094,Superseded,Push Notification,Khasi,0.91
2362,3,27,847,All Clear,2021-07-24 09:31:46,2021-06-29 10:38:38,2019-11-09 01:11:18,Orange,255954,36736,Active,SMS,Manipuri,0.89
2363,2,14,4306,Emergency,2023-11-13 22:51:09,2022-07-06 21:35:07,2019-06-02 21:16:55,Green,365895,3103,Active,Push Notification,Khasi,0.88
2364,3,32,630,Advisory,2021-08-16 14:13:21,2019-08-09 17:27:08,2024-10-07 01:11:32,Red,358329,45587,Expired,SMS,Assamese,0.46
2365,5,45,1594,Watch,2021-08-02 20:09:19,2018-08-27 20:43:04,2021-12-31 21:08:01,Green,321971,34529,Cancelled,Radio,Manipuri,0.33
2366,7,55,372,Watch,2020-08-22 14:29:30,2022-01-19 13:39:28,2023-09-21 13:21:50,Green,85738,39411,Cancelled,Radio,Bengali,0.66
2367,2,22,4125,Drill,2019-11-30 18:18:55,2021-08-01 07:20:25,2024-12-23 16:09:20,Orange,454959,15362,Active,Push Notification,Assamese,0.9
2368,6,47,1785,Watch,2023-02-19 19:21:29,2020-09-27 21:44:24,2024-08-11 15:54:45,Yellow,467752,22414,Active,Siren,Mizo,0.49
2369,6,54,4917,Advisory,2023-12-17 13:49:45,2022-09-29 13:30:24,2018-07-27 10:38:50,Yellow,330060,48434,Cancelled,Siren,Mizo,0.59
2370,1,12,871,Drill,2024-12-19 05:38:45,2019-08-07 16:34:26,2021-06-14 19:50:20,Yellow,425348,2445,Active,All,Assamese,0.46
2371,4,39,2140,Early Warning,2021-01-17 06:58:26,2019-10-08 22:49:58,2024-02-26 07:14:11,Orange,405144,36363,Cancelled,Radio,Hindi,0.37
2372,3,25,1783,All Clear,2024-08-07 21:19:39,2020-01-23 23:46:42,2018-01-27 23:00:02,Green,469209,30821,Superseded,All,Khasi,0.82
2373,6,50,378,Drill,2023-07-15 09:09:37,2023-08-18 12:36:30,2020-08-08 06:06:56,Red,190082,37964,Superseded,Push Notification,Khasi,0.49
2374,6,47,264,Drill,2022-10-14 07:49:58,2018-12-01 08:04:04,2021-12-02 23:21:46,Yellow,253569,41684,Expired,Radio,Khasi,0.96
2375,8,60,762,All Clear,2021-07-24 08:23:03,2018-07-19 23:55:04,2018-07-26 17:46:20,Red,460081,13513,Expired,All,Assamese,0.43
2376,3,28,3710,Drill,2018-03-31 10:12:18,2019-02-27 19:15:56,2019-01-12 00:11:40,Red,251140,43048,Expired,Radio,English,0.79
2377,1,12,2504,Drill,2019-02-16 23:40:47,2019-06-15 10:59:56,2024-04-02 11:43:45,Yellow,446260,17719,Active,All,Manipuri,0.92
2378,6,54,1881,Emergency,2024-11-23 22:31:41,2023-09-25 03:24:36,2020-02-03 03:45:54,Green,97002,48071,Expired,Siren,Bengali,0.52
2379,1,1,772,Drill,2022-08-19 00:19:10,2024-09-23 05:58:38,2020-08-21 03:33:55,Green,152242,17593,Expired,Radio,Mizo,0.98
2380,7,56,2218,Watch,2019-04-28 12:06:27,2023-11-24 11:18:51,2020-05-18 09:49:12,Green,128367,49410,Cancelled,SMS,Khasi,0.72
2381,3,29,3370,Early Warning,2020-12-26 15:14:13,2023-09-08 08:37:51,2024-04-05 04:06:14,Green,269979,27905,Active,Radio,Assamese,0.99
2382,1,1,4719,Advisory,2020-06-04 11:40:25,2022-03-18 21:20:16,2020-12-28 05:41:33,Green,100975,40697,Active,Push Notification,Assamese,0.33
2383,2,20,1100,Early Warning,2020-07-21 07:43:49,2023-10-28 06:51:45,2023-05-23 00:32:19,Orange,327040,3657,Expired,Siren,Mizo,0.35
2384,7,58,579,Advisory,2018-03-26 09:17:53,2021-04-05 23:13:13,2020-09-19 17:30:33,Yellow,323325,17509,Expired,All,Manipuri,0.99
2385,1,3,1430,Emergency,2020-01-22 10:31:56,2024-01-19 09:19:20,2021-03-31 14:30:25,Red,227002,38213,Superseded,All,Hindi,0.84
2386,4,37,2843,All Clear,2019-12-28 03:59:46,2021-04-07 04:29:16,2018-10-17 18:45:16,Yellow,298252,16387,Active,SMS,Khasi,0.88
2387,6,51,1572,All Clear,2023-03-07 13:38:22,2024-09-29 22:03:35,2019-12-18 02:58:32,Green,410849,20024,Expired,Radio,Khasi,0.74
2388,1,10,2409,Emergency,2018-01-07 20:05:21,2023-09-24 00:25:56,2019-07-07 00:23:01,Red,268738,48803,Expired,Radio,Assamese,0.43
2389,6,52,2457,Watch,2023-09-27 17:46:55,2020-03-10 13:43:31,2019-10-11 08:49:36,Yellow,247899,24309,Active,All,Assamese,0.61
2390,5,40,2085,All Clear,2024-03-23 04:07:53,2021-09-12 10:25:49,2024-08-08 02:11:27,Green,423920,23722,Cancelled,Push Notification,Bengali,0.47
2391,4,36,1447,All Clear,2021-04-07 04:09:52,2020-10-21 13:23:28,2020-12-03 07:06:40,Yellow,11017,29475,Cancelled,Push Notification,Bengali,0.87
2392,1,2,4732,All Clear,2020-12-15 07:43:56,2023-05-23 12:45:26,2022-06-14 02:18:47,Yellow,423179,40728,Cancelled,All,Bengali,0.92
2393,8,59,3929,Watch,2023-05-17 04:10:26,2022-11-04 19:26:36,2021-08-19 09:27:45,Green,423026,39652,Superseded,Radio,Bengali,0.45
2394,4,39,788,Advisory,2022-01-01 05:54:24,2018-05-20 04:38:51,2020-03-14 11:40:39,Red,240175,8165,Expired,SMS,English,0.83
2395,6,52,4823,Watch,2020-11-23 00:51:44,2022-09-07 06:40:16,2022-04-30 08:20:41,Orange,497932,29840,Expired,Radio,Bengali,0.82
2396,5,40,3293,All Clear,2023-09-04 04:17:30,2021-09-09 06:24:48,2021-08-28 00:42:56,Red,236015,38603,Cancelled,Siren,English,0.59
2397,1,7,3749,Emergency,2023-12-16 16:40:01,2022-12-21 04:14:44,2018-06-09 23:23:31,Green,44666,17095,Superseded,SMS,English,0.32
2398,6,49,1761,Drill,2024-10-16 14:34:13,2021-10-23 23:36:14,2018-11-15 20:34:30,Orange,176639,25702,Superseded,Radio,Assamese,0.6
2399,2,21,1,Early Warning,2023-07-21 14:49:03,2022-08-14 11:33:30,2024-03-11 17:28:35,Orange,264961,27680,Active,SMS,Assamese,0.64
2400,2,19,2137,Watch,2022-10-16 02:28:02,2020-06-01 15:01:55,2023-11-28 02:19:53,Yellow,108883,24113,Superseded,All,Manipuri,0.53
2401,7,57,2280,Drill,2020-10-04 06:29:12,2020-11-07 04:38:10,2024-08-25 03:50:02,Green,214513,26773,Expired,Siren,Bengali,0.52
2402,1,9,2166,Early Warning,2019-07-07 20:44:24,2022-01-05 07:11:49,2023-12-25 04:04:09,Red,281673,38523,Expired,Radio,Mizo,0.61
2403,2,20,273,Early Warning,2019-02-09 01:27:34,2023-10-22 10:03:34,2020-01-18 21:11:41,Orange,282647,21215,Superseded,Siren,Khasi,0.42
2404,3,25,2465,Drill,2022-05-17 10:42:54,2021-07-01 18:40:14,2024-06-21 01:47:11,Green,396396,16342,Cancelled,All,Hindi,0.83
2405,3,27,4582,Watch,2018-06-10 20:18:02,2020-09-30 18:18:46,2022-05-11 04:35:31,Red,184017,14466,Active,SMS,English,0.84
2406,7,55,1158,All Clear,2021-09-26 18:42:50,2020-11-02 00:50:34,2018-09-19 03:54:19,Red,422944,40002,Expired,SMS,Mizo,0.51
2407,8,59,4127,Drill,2021-02-20 01:12:00,2022-03-02 12:35:00,2021-11-29 03:12:55,Yellow,183746,34352,Superseded,Siren,English,0.92
2408,3,25,2684,Early Warning,2021-07-13 05:12:18,2019-08-27 16:17:01,2024-05-10 23:02:44,Yellow,221591,14131,Cancelled,Radio,Khasi,0.5
2409,5,41,4876,All Clear,2020-03-13 02:10:33,2024-08-23 02:51:29,2023-02-01 03:25:30,Red,198029,48969,Expired,Push Notification,English,0.68
2410,5,44,1234,Advisory,2019-09-02 11:57:44,2021-09-28 05:43:14,2023-10-13 12:42:07,Yellow,221181,5818,Superseded,SMS,Assamese,0.92
2411,6,54,1017,Advisory,2021-10-19 05:29:53,2021-01-15 04:18:36,2021-12-03 05:27:52,Orange,242085,28049,Expired,Siren,Hindi,0.57
2412,8,61,3215,Drill,2021-10-13 00:02:17,2018-05-08 19:37:55,2022-05-02 18:37:05,Orange,322145,36324,Superseded,Siren,Bengali,0.85
2413,8,62,3067,Drill,2023-03-21 09:09:11,2020-06-10 05:24:30,2023-07-13 16:13:41,Orange,125628,18694,Cancelled,Push Notification,Manipuri,0.55
2414,2,13,3655,Advisory,2024-05-18 20:56:17,2018-03-27 10:16:38,2024-05-29 05:27:11,Red,411146,15730,Superseded,Siren,Assamese,0.59
2415,3,31,2306,Watch,2018-03-19 17:47:22,2018-03-11 23:45:48,2022-01-31 08:46:16,Orange,220956,30621,Cancelled,SMS,Bengali,0.72
2416,3,23,1637,Early Warning,2020-07-15 00:02:18,2020-09-12 03:56:53,2024-06-01 18:43:57,Green,247136,13611,Expired,SMS,Manipuri,0.71
2417,6,51,265,All Clear,2023-06-22 19:37:56,2020-05-12 23:31:35,2024-04-13 08:40:29,Green,17662,26806,Cancelled,Siren,Bengali,0.81
2418,1,10,1984,Drill,2024-05-03 05:10:29,2020-03-29 07:53:52,2020-12-02 22:09:11,Orange,128113,34428,Cancelled,Siren,Bengali,0.47
2419,8,62,1477,Emergency,2019-09-15 06:19:02,2021-08-28 10:59:30,2018-04-10 02:00:55,Yellow,331081,44796,Active,SMS,Bengali,0.63
2420,7,55,4675,Early Warning,2024-04-08 08:27:05,2018-07-06 04:42:16,2024-04-04 11:13:38,Green,128820,20163,Cancelled,Siren,English,0.36
2421,5,45,4898,Advisory,2022-04-09 05:42:29,2018-09-07 15:18:55,2018-09-27 13:33:56,Red,287209,6671,Cancelled,All,Hindi,0.82
2422,3,29,2267,Early Warning,2021-06-02 07:51:33,2020-08-27 05:20:44,2024-03-18 13:08:26,Red,160748,30827,Superseded,Siren,English,0.66
2423,6,49,3346,Drill,2022-05-07 23:59:54,2018-01-01 04:28:06,2020-05-21 23:50:04,Red,377874,30248,Superseded,Siren,Khasi,0.76
2424,6,51,3141,Drill,2022-08-29 05:02:22,2023-03-23 23:22:04,2018-02-19 03:49:36,Yellow,388269,24436,Expired,Radio,Assamese,0.54
2425,4,39,4802,All Clear,2021-03-10 20:36:07,2023-06-18 07:49:17,2023-04-07 14:52:29,Green,35646,18102,Expired,Push Notification,Khasi,0.46
2426,6,47,1479,Emergency,2022-11-20 03:17:55,2021-08-06 15:13:38,2020-06-06 20:45:08,Yellow,448557,1136,Cancelled,Radio,Mizo,0.64
2427,2,16,4383,Watch,2021-08-05 03:17:03,2018-07-28 10:14:42,2020-02-27 05:08:48,Yellow,28828,23236,Active,Push Notification,English,0.67
2428,3,25,265,Advisory,2020-08-15 22:31:36,2021-11-02 10:00:36,2020-01-27 22:48:57,Red,111885,36160,Active,Radio,Assamese,0.81
2429,4,33,2782,Emergency,2019-06-05 21:36:25,2020-07-18 16:22:33,2020-07-28 15:58:32,Orange,434007,8401,Active,Push Notification,Bengali,0.72
2430,2,19,845,Drill,2018-02-21 20:16:25,2019-12-03 22:34:23,2024-08-29 23:30:02,Yellow,264628,31513,Expired,Radio,English,0.68
2431,6,48,3329,Emergency,2021-07-09 01:43:39,2022-01-28 09:44:56,2020-07-28 16:02:00,Orange,50175,13355,Active,Push Notification,Bengali,0.35
2432,5,44,1540,Advisory,2018-01-27 21:56:10,2022-05-17 07:19:19,2021-03-07 15:06:49,Yellow,102648,17533,Superseded,Radio,Manipuri,0.87
2433,3,23,1721,Drill,2023-04-17 11:44:19,2019-06-06 07:08:42,2023-11-26 10:58:37,Orange,62452,32044,Cancelled,Radio,Manipuri,0.86
2434,1,4,4730,Drill,2022-06-12 09:30:10,2023-10-06 15:50:44,2024-10-01 19:04:03,Orange,39933,11194,Superseded,Radio,Bengali,0.87
2435,6,54,907,Advisory,2021-03-16 15:29:00,2024-06-12 17:00:00,2023-04-13 20:42:47,Red,93326,14098,Expired,SMS,Manipuri,0.45
2436,4,35,4686,Drill,2018-10-12 21:38:12,2018-06-22 09:25:21,2019-09-02 04:38:06,Green,279477,4261,Cancelled,Siren,Hindi,0.48
2437,5,46,4971,Advisory,2024-12-11 13:27:05,2019-05-03 17:44:20,2018-11-16 09:03:02,Yellow,361406,39863,Cancelled,All,Assamese,0.82
2438,2,16,427,Watch,2022-12-31 16:48:03,2018-07-16 17:03:00,2022-05-20 01:57:36,Green,164933,10140,Superseded,Push Notification,Bengali,0.36
2439,1,6,2423,Early Warning,2024-02-27 13:09:05,2019-09-03 22:40:41,2020-02-15 00:58:48,Red,44060,21780,Cancelled,Radio,Hindi,0.89
2440,8,61,515,Early Warning,2020-09-23 11:11:47,2019-08-13 17:12:29,2018-07-02 22:51:44,Yellow,423969,20139,Cancelled,SMS,Assamese,0.61
2441,1,6,818,Advisory,2018-05-28 10:19:28,2023-03-23 08:33:01,2022-09-02 18:36:45,Red,159000,43492,Cancelled,Radio,Assamese,0.58
2442,6,54,3541,Advisory,2020-01-08 12:24:03,2020-08-01 04:15:17,2019-01-07 19:56:21,Orange,410662,36592,Expired,All,Manipuri,0.37
2443,3,27,4899,Watch,2020-04-09 05:33:25,2018-06-21 02:47:36,2021-07-19 11:59:15,Orange,160944,44855,Active,All,Khasi,0.86
2444,1,2,3436,Drill,2018-11-22 02:38:21,2021-03-28 06:46:28,2023-11-14 19:44:54,Red,322987,6113,Active,SMS,Mizo,0.92
2445,7,55,4313,Watch,2023-06-01 09:01:13,2023-08-26 10:53:49,2020-02-16 21:43:46,Yellow,70353,48500,Active,Siren,Manipuri,0.4
2446,6,53,4125,Drill,2019-01-27 07:12:07,2018-09-18 02:31:00,2023-05-21 02:27:15,Yellow,425062,32716,Cancelled,Siren,Hindi,0.76
2447,3,25,4657,Watch,2024-08-17 13:39:55,2018-04-05 16:31:44,2022-07-02 18:55:31,Red,101577,41381,Cancelled,Siren,Manipuri,0.86
2448,5,46,708,Early Warning,2024-05-05 23:32:48,2020-12-08 16:39:05,2022-11-02 21:34:27,Green,120893,9119,Cancelled,Siren,Hindi,0.83
2449,4,36,3735,Watch,2018-06-02 17:21:37,2019-03-29 21:11:40,2018-04-05 18:39:28,Yellow,24545,42296,Superseded,Radio,Manipuri,0.54
2450,3,32,1056,All Clear,2020-02-29 10:13:17,2021-12-09 17:47:41,2019-01-15 08:11:04,Yellow,75989,39980,Cancelled,SMS,Bengali,0.53
2451,7,58,367,Drill,2020-10-25 22:46:11,2019-04-04 00:25:14,2023-05-17 18:51:33,Green,496980,33817,Superseded,SMS,Mizo,0.57
2452,2,19,4526,Watch,2018-03-31 02:31:46,2020-03-25 11:07:39,2018-02-09 17:58:08,Yellow,219519,23502,Cancelled,Siren,Bengali,0.62
2453,6,52,3270,Early Warning,2023-11-22 19:15:24,2024-02-09 19:14:08,2022-12-06 16:00:25,Orange,12312,16854,Active,All,Khasi,0.71
2454,2,22,3569,Watch,2021-05-03 08:16:08,2018-04-20 14:27:21,2018-10-19 07:52:31,Orange,472263,25488,Cancelled,Radio,Assamese,0.86
2455,2,15,4218,All Clear,2022-10-03 07:55:12,2022-04-30 08:22:21,2022-05-05 21:56:29,Red,232253,47710,Superseded,Radio,Assamese,0.79
2456,8,59,1947,Emergency,2018-08-19 02:58:36,2023-08-10 10:44:34,2018-06-13 00:12:33,Yellow,218565,42411,Expired,Push Notification,Mizo,0.71
2457,7,57,723,All Clear,2018-10-31 12:03:51,2021-04-02 10:11:39,2018-01-29 08:08:57,Yellow,483548,18313,Superseded,All,Bengali,0.77
2458,3,29,653,Watch,2024-05-30 13:21:39,2022-05-01 05:17:50,2018-02-21 19:28:36,Green,108792,21579,Active,Radio,Mizo,1.0
2459,4,38,2644,All Clear,2024-03-17 13:45:30,2019-06-08 11:24:31,2024-02-10 13:12:24,Yellow,298701,18995,Cancelled,SMS,Manipuri,0.8
2460,1,8,2127,Advisory,2021-11-28 22:22:02,2019-12-27 00:27:58,2020-08-13 18:13:06,Green,231048,8398,Expired,All,Bengali,0.92
2461,8,62,3350,Drill,2022-01-13 09:18:35,2018-06-24 21:41:34,2024-12-22 21:06:35,Yellow,296007,21717,Expired,Push Notification,Khasi,0.81
2462,3,32,65,All Clear,2024-11-14 20:03:02,2024-06-16 13:31:14,2022-05-26 11:22:28,Orange,211918,41077,Superseded,Radio,Assamese,0.78
2463,1,10,4858,Drill,2019-06-03 05:26:09,2023-08-21 02:11:40,2022-07-20 13:17:24,Orange,347991,12161,Expired,All,Hindi,0.8
2464,7,58,14,All Clear,2024-06-19 15:53:22,2019-11-10 08:08:50,2019-04-25 06:38:20,Green,128796,24478,Expired,SMS,Assamese,0.93
2465,4,33,2809,Drill,2021-08-19 22:25:49,2021-08-05 08:49:21,2022-02-15 17:07:26,Orange,475444,26837,Superseded,All,English,0.73
2466,3,26,2282,Emergency,2020-10-03 11:17:47,2020-04-15 03:14:30,2024-03-30 15:55:48,Yellow,147281,37652,Cancelled,All,Assamese,0.53
2467,1,6,1893,Early Warning,2021-01-15 10:44:06,2022-01-23 18:38:27,2020-09-28 14:11:15,Yellow,470503,22584,Cancelled,All,Khasi,0.41
2468,4,33,4003,Advisory,2020-05-02 23:02:08,2018-09-28 06:06:56,2023-11-01 19:16:58,Red,33848,46252,Cancelled,All,Assamese,0.78
2469,8,60,1282,Advisory,2021-08-24 10:26:03,2024-06-21 03:24:43,2019-01-09 18:14:34,Red,439993,49033,Active,All,Manipuri,0.65
2470,2,17,2742,All Clear,2019-11-28 00:07:23,2021-06-16 04:52:43,2021-01-09 18:54:50,Orange,412783,20859,Active,Radio,Mizo,0.75
2471,2,20,915,Emergency,2023-03-15 11:35:55,2022-07-03 18:03:40,2023-02-04 13:37:24,Red,223849,15570,Active,SMS,Manipuri,0.97
2472,3,23,4132,Early Warning,2024-12-16 23:39:41,2018-12-09 13:22:42,2021-05-15 08:05:32,Yellow,411290,12561,Active,SMS,Mizo,0.82
2473,4,37,3895,Watch,2023-07-20 08:07:44,2020-05-22 08:36:46,2019-03-26 04:55:41,Yellow,66292,34362,Cancelled,All,Mizo,0.82
2474,2,20,4917,Emergency,2019-06-05 01:43:32,2021-06-28 11:27:39,2022-09-16 00:49:50,Red,25695,37206,Cancelled,Siren,Khasi,0.79
2475,8,62,679,Advisory,2024-11-04 09:12:42,2018-01-26 04:28:34,2024-10-01 17:37:52,Green,107044,12880,Cancelled,All,English,0.35
2476,7,55,2734,Drill,2019-11-12 22:45:55,2020-01-22 21:38:05,2021-03-10 05:44:28,Red,416678,34536,Superseded,Siren,Khasi,0.64
2477,8,60,2834,Advisory,2020-10-10 18:23:37,2021-07-19 01:00:47,2018-02-19 00:05:02,Orange,181005,16059,Expired,Siren,English,0.73
2478,3,28,3970,Drill,2020-04-10 13:05:01,2023-12-17 10:11:43,2019-03-05 02:04:40,Red,260027,8915,Active,Radio,Khasi,0.44
2479,8,60,2449,Early Warning,2023-04-23 20:36:22,2023-02-05 23:06:23,2023-11-17 11:17:42,Green,80398,46569,Cancelled,Siren,Assamese,0.82
2480,8,60,1258,Drill,2024-10-30 21:28:43,2018-05-13 06:31:42,2019-06-15 09:14:45,Orange,44922,23423,Cancelled,Push Notification,Manipuri,0.47
2481,1,2,4073,Advisory,2021-11-11 11:51:15,2022-09-02 18:05:17,2019-03-08 02:40:34,Orange,46940,10401,Superseded,Push Notification,Assamese,0.48
2482,8,61,4976,Emergency,2021-02-25 23:23:55,2023-06-16 14:21:11,2022-05-10 17:22:31,Red,140082,18911,Superseded,SMS,Assamese,0.69
2483,6,50,184,Early Warning,2022-02-01 20:30:04,2023-09-02 03:12:29,2024-08-24 08:12:20,Orange,468661,36869,Active,All,Manipuri,0.35
2484,3,31,3070,Watch,2021-02-24 13:27:18,2022-11-14 23:09:10,2023-10-07 04:29:15,Green,360806,18175,Cancelled,SMS,Mizo,0.51
2485,6,50,1354,Drill,2020-11-19 09:38:24,2018-11-08 15:40:28,2021-08-27 05:40:04,Yellow,481214,18061,Expired,All,Mizo,0.77
2486,2,16,4239,Drill,2024-08-22 07:30:32,2022-11-08 01:27:39,2022-01-18 11:20:41,Orange,142765,28834,Superseded,Siren,Bengali,0.57
2487,2,21,4771,Early Warning,2018-04-25 00:34:51,2021-01-28 14:11:12,2020-10-10 07:01:57,Red,158955,47532,Cancelled,Push Notification,Khasi,0.88
2488,2,15,3539,Drill,2022-07-27 12:51:46,2022-03-11 13:05:43,2018-11-13 10:22:52,Red,176410,26904,Expired,Push Notification,Khasi,0.3
2489,4,38,2177,Emergency,2024-07-13 02:29:59,2021-06-12 00:40:30,2023-11-26 23:26:21,Green,126448,19559,Active,Radio,Hindi,0.55
2490,3,30,3823,Drill,2019-01-24 07:52:56,2018-05-29 07:39:14,2018-12-08 02:31:25,Green,64623,21825,Cancelled,Siren,Assamese,0.9
2491,6,50,2358,Watch,2023-03-25 09:01:51,2023-08-23 12:41:42,2018-08-11 22:33:23,Orange,429306,43205,Cancelled,All,Assamese,0.39
2492,3,23,2993,Emergency,2021-12-25 22:51:38,2020-03-01 21:32:47,2018-11-19 16:32:29,Orange,117147,22453,Cancelled,Siren,Bengali,0.37
2493,4,35,2694,Emergency,2023-07-09 10:40:28,2019-10-27 20:44:54,2023-04-09 22:49:22,Orange,348851,20583,Expired,Push Notification,Mizo,0.4
2494,3,24,3055,Drill,2020-12-21 21:57:32,2024-05-18 18:51:33,2022-12-14 10:30:34,Green,412062,22545,Superseded,All,Bengali,0.88
2495,3,24,4109,Emergency,2018-10-31 14:36:35,2018-05-18 16:05:27,2019-04-28 18:16:01,Red,412932,34793,Cancelled,SMS,Mizo,0.44
2496,1,11,1953,Emergency,2019-10-26 00:37:35,2018-01-06 20:15:15,2020-07-22 21:05:39,Orange,9664,30475,Active,Radio,Assamese,0.86
2497,3,29,787,Drill,2020-03-01 15:48:30,2023-01-07 15:41:14,2022-02-28 16:54:20,Red,377778,45451,Expired,Radio,English,0.69
2498,5,46,2617,Early Warning,2022-11-12 20:22:29,2022-05-29 23:54:26,2024-01-24 19:17:00,Orange,113740,32723,Cancelled,Radio,Khasi,0.84
2499,1,3,1005,Watch,2021-12-04 18:24:16,2023-03-06 11:47:22,2021-04-21 10:02:33,Green,52934,1264,Active,Siren,Bengali,0.73
2500,1,2,323,Emergency,2024-06-12 22:58:23,2024-05-18 06:01:55,2018-04-20 13:36:54,Green,492992,25114,Superseded,All,Mizo,0.75
2501,4,37,274,Drill,2022-02-27 21:37:29,2023-01-31 00:03:49,2019-07-08 07:56:51,Red,495111,34668,Cancelled,Radio,Khasi,0.37
2502,7,58,1279,All Clear,2018-12-08 06:24:37,2024-11-22 21:27:56,2024-08-22 05:16:11,Orange,124015,43554,Superseded,Siren,Assamese,0.77
2503,3,23,1622,Emergency,2024-09-22 06:25:05,2020-01-17 03:05:14,2021-02-17 09:08:38,Red,461049,44158,Cancelled,All,Manipuri,0.59
2504,3,32,474,Watch,2021-11-12 22:35:20,2022-07-18 00:19:12,2022-07-31 12:51:34,Yellow,112506,17700,Active,Push Notification,Hindi,0.86
2505,6,53,873,All Clear,2024-05-29 08:44:40,2018-01-23 16:25:40,2018-08-20 04:27:39,Yellow,142761,12423,Active,All,Assamese,0.94
2506,2,20,1352,All Clear,2022-03-11 03:22:46,2019-12-06 08:47:47,2021-09-04 20:09:25,Orange,212535,44064,Expired,Radio,Assamese,0.8
2507,6,47,4652,Early Warning,2021-07-10 09:32:06,2023-11-28 17:58:40,2020-04-12 17:46:28,Red,272813,1464,Expired,SMS,Khasi,0.34
2508,3,30,1871,Drill,2024-11-04 18:46:53,2021-09-19 13:34:13,2021-02-07 06:17:05,Orange,294078,10051,Superseded,SMS,Manipuri,0.42
2509,7,55,2808,Watch,2019-07-18 19:44:14,2024-03-16 08:27:42,2022-01-02 23:01:32,Red,424656,38751,Cancelled,SMS,Hindi,0.92
2510,7,56,4286,All Clear,2021-04-27 17:52:35,2018-11-19 03:24:20,2018-10-02 20:06:15,Red,424903,8274,Expired,Push Notification,Mizo,0.86
2511,1,5,2162,Advisory,2023-05-01 20:23:47,2019-05-10 04:52:20,2024-11-06 08:54:23,Yellow,198076,5413,Active,All,Assamese,0.85
2512,4,35,4650,Advisory,2024-11-09 05:51:35,2024-11-21 14:52:13,2023-04-07 05:20:17,Yellow,453686,20062,Superseded,Radio,Assamese,0.97
2513,5,41,2236,Drill,2021-03-18 23:36:03,2019-10-30 06:25:21,2019-07-16 22:09:28,Orange,196595,44986,Cancelled,Radio,Bengali,0.95
2514,1,8,4267,Early Warning,2018-10-31 02:16:58,2019-10-27 08:15:30,2021-04-01 23:27:12,Orange,483161,29500,Expired,All,English,0.78
2515,1,10,475,Drill,2019-10-03 06:15:16,2023-01-17 17:38:15,2019-11-04 07:02:29,Green,233177,47335,Superseded,All,Bengali,0.85
2516,4,35,2290,Advisory,2022-03-24 01:17:12,2021-04-01 20:07:18,2023-09-15 23:32:34,Green,70658,10866,Active,SMS,Bengali,0.76
2517,2,16,1625,Advisory,2020-01-25 18:28:37,2018-07-05 08:56:46,2018-10-30 18:05:43,Orange,58449,12096,Superseded,Push Notification,Manipuri,0.44
2518,3,25,94,All Clear,2019-08-31 16:37:32,2022-02-05 12:54:41,2024-08-13 06:18:55,Green,207137,19076,Superseded,Siren,English,0.81
2519,1,1,3456,Emergency,2023-08-17 21:34:37,2018-12-03 19:26:23,2022-08-16 11:32:40,Red,124481,30476,Superseded,Push Notification,Khasi,0.72
2520,1,1,3959,Drill,2021-08-01 05:05:07,2018-07-24 01:29:18,2023-06-01 13:31:21,Red,218222,12159,Active,Siren,Hindi,0.33
2521,4,35,4289,All Clear,2022-05-23 14:36:03,2018-06-03 05:59:36,2023-08-03 12:22:18,Red,157283,6748,Superseded,All,Hindi,0.33
2522,7,57,1326,Drill,2021-04-17 17:57:20,2020-10-17 15:13:05,2024-10-08 14:31:28,Orange,210132,16823,Superseded,Siren,Bengali,0.38
2523,5,40,683,Advisory,2021-05-31 17:27:33,2024-02-09 12:17:47,2023-10-29 05:54:40,Green,394748,15118,Active,Siren,Mizo,0.94
2524,6,51,4663,Drill,2018-04-14 02:51:09,2018-02-18 01:12:52,2019-12-14 22:22:42,Red,156530,8564,Cancelled,SMS,Khasi,0.97
2525,3,29,435,Drill,2019-01-19 08:05:25,2021-03-07 05:50:27,2022-10-02 16:12:18,Green,300972,6543,Expired,Siren,Manipuri,0.4
2526,3,26,3806,Advisory,2018-02-03 11:24:57,2019-06-29 04:14:41,2019-01-02 04:42:11,Red,174223,16161,Active,All,Hindi,0.75
2527,3,26,1135,Watch,2024-08-23 08:30:45,2021-06-01 12:10:49,2024-10-08 17:52:58,Orange,1907,9214,Expired,SMS,Assamese,0.7
2528,8,60,206,Advisory,2022-09-07 01:01:04,2024-09-28 17:33:23,2020-05-08 13:43:56,Red,269793,685,Expired,All,Hindi,0.44
2529,3,24,4467,Watch,2019-12-19 00:58:49,2023-10-22 06:38:07,2023-04-16 02:41:37,Orange,335003,5418,Active,Siren,Bengali,0.61
2530,7,57,2673,Advisory,2018-09-20 09:52:15,2020-11-16 08:28:13,2020-02-28 06:49:13,Red,197956,37611,Expired,Radio,English,0.32
2531,1,11,668,Early Warning,2020-08-03 07:08:06,2019-04-13 17:12:42,2022-08-15 06:57:57,Green,128311,12412,Active,All,Bengali,0.56
2532,8,61,4776,All Clear,2024-01-05 02:58:17,2022-12-02 08:52:07,2018-02-07 01:53:47,Red,488595,14453,Cancelled,All,Assamese,0.37
2533,8,60,4039,Drill,2018-09-11 01:02:49,2018-03-25 08:16:09,2019-08-21 06:52:11,Red,17222,22636,Superseded,All,Assamese,0.94
2534,7,58,4696,Watch,2020-07-31 19:58:27,2020-02-28 01:27:18,2023-12-11 14:53:58,Green,200371,315,Cancelled,SMS,Assamese,0.48
2535,6,52,1900,Watch,2024-06-21 14:50:13,2020-01-13 18:11:13,2021-10-24 13:33:32,Orange,202047,36609,Cancelled,SMS,Mizo,0.69
2536,6,49,3308,Drill,2021-11-22 10:03:09,2021-09-15 07:26:12,2018-07-08 09:43:18,Red,5023,25413,Cancelled,Push Notification,Bengali,0.53
2537,8,62,4810,Drill,2024-10-18 12:35:54,2023-05-27 22:42:02,2023-09-08 07:47:38,Red,441568,15281,Active,Siren,Mizo,0.47
2538,2,15,1850,All Clear,2019-07-05 01:35:12,2024-09-24 07:30:43,2021-07-29 12:17:55,Orange,392485,47353,Superseded,Radio,Mizo,0.99
2539,7,58,2163,Early Warning,2020-11-23 05:33:10,2020-07-27 21:16:04,2022-08-14 13:28:05,Green,147375,34952,Active,All,Bengali,0.79
2540,3,29,1780,Advisory,2018-12-30 17:11:46,2021-04-17 10:03:29,2018-03-02 16:32:22,Green,449124,22341,Cancelled,Push Notification,Assamese,0.34
2541,4,39,4782,Emergency,2021-01-23 02:29:44,2021-07-08 21:00:41,2018-12-31 15:31:06,Orange,55247,7045,Active,Siren,Manipuri,0.63
2542,2,20,3683,Drill,2021-01-29 20:57:04,2024-04-27 23:29:49,2020-12-26 19:24:48,Orange,219424,22375,Superseded,Push Notification,Manipuri,0.7
2543,3,30,1243,Drill,2019-06-02 01:07:46,2022-11-27 11:32:46,2019-10-15 17:19:12,Red,155311,33220,Cancelled,Radio,Khasi,0.32
2544,2,14,4752,Drill,2018-02-02 08:42:43,2021-03-27 07:40:27,2022-06-30 18:12:12,Orange,450081,22863,Superseded,SMS,Mizo,0.6
2545,6,47,4835,Drill,2024-03-14 15:45:29,2024-02-09 05:11:20,2021-06-20 18:04:35,Yellow,35583,14318,Expired,Siren,Mizo,0.68
2546,1,3,3628,Emergency,2021-10-01 05:30:54,2023-01-27 03:40:23,2021-03-09 19:05:57,Red,245669,2679,Expired,All,Manipuri,0.93
2547,3,27,1183,Emergency,2021-03-14 23:07:22,2021-12-26 09:06:33,2023-01-05 18:22:40,Yellow,96431,48852,Superseded,SMS,Khasi,0.85
2548,1,4,3587,Advisory,2024-06-17 00:43:12,2019-01-18 18:39:35,2019-02-08 22:43:43,Yellow,290502,39129,Superseded,Push Notification,Hindi,0.76
2549,1,3,3334,Advisory,2022-08-04 14:24:52,2019-09-19 17:03:10,2019-05-25 10:00:04,Yellow,121644,12621,Expired,SMS,Mizo,0.4
2550,5,40,4829,Advisory,2019-12-15 22:01:46,2021-03-23 18:38:35,2018-03-12 02:01:16,Orange,412975,26288,Active,Siren,Manipuri,0.99
2551,2,17,1857,Emergency,2023-10-14 20:16:25,2023-03-17 07:56:41,2020-12-04 02:49:41,Green,343176,8553,Expired,Radio,Assamese,0.68
2552,3,26,2647,All Clear,2024-08-15 19:15:21,2020-08-07 05:15:54,2018-10-08 16:32:02,Yellow,71686,33151,Cancelled,Push Notification,Assamese,0.8
2553,1,4,271,Advisory,2024-09-06 08:52:44,2020-02-28 13:19:34,2022-07-08 22:53:27,Red,464504,36417,Cancelled,Radio,Manipuri,0.64
2554,8,61,2791,Early Warning,2020-02-02 11:00:59,2022-12-03 19:48:53,2023-05-17 18:46:54,Green,395121,34097,Active,Radio,Hindi,0.55
2555,8,62,2548,Advisory,2019-03-21 19:43:17,2020-02-09 04:59:54,2021-10-11 15:59:23,Green,215161,49816,Cancelled,Push Notification,Bengali,0.53
2556,1,2,3930,All Clear,2022-09-27 22:41:04,2022-07-05 18:11:51,2023-06-04 18:32:59,Red,234262,35674,Superseded,SMS,Khasi,0.43
2557,2,15,4835,Early Warning,2019-02-09 02:04:47,2020-02-13 22:43:19,2018-08-22 12:23:29,Yellow,480899,31492,Active,SMS,Manipuri,0.98
2558,7,58,2671,Emergency,2022-10-07 10:14:46,2019-10-11 20:47:59,2023-01-13 20:45:57,Red,406782,37793,Expired,All,Mizo,0.63
2559,4,34,3966,Watch,2019-05-11 11:39:28,2024-10-13 23:57:10,2023-12-14 19:00:50,Red,40097,16488,Expired,Radio,Manipuri,0.55
2560,3,27,1423,Emergency,2022-11-26 10:20:47,2023-09-02 20:18:15,2022-11-30 00:51:27,Green,205779,20297,Cancelled,SMS,Assamese,0.31
2561,2,13,1498,Emergency,2022-08-11 15:08:24,2018-01-14 22:43:49,2018-03-02 05:32:06,Green,170064,5149,Active,Push Notification,Manipuri,0.64
2562,2,22,650,Watch,2019-04-12 05:30:27,2023-10-18 02:54:56,2019-05-10 15:37:28,Green,383156,46092,Active,SMS,Khasi,0.92
2563,3,24,2438,Early Warning,2021-02-12 21:44:24,2021-05-22 15:02:33,2020-05-05 17:18:32,Orange,277882,32655,Expired,SMS,English,0.91
2564,2,18,3325,Emergency,2021-07-13 12:33:07,2020-09-19 18:28:40,2023-07-14 04:57:27,Yellow,387927,1173,Active,Radio,Hindi,0.58
2565,5,44,4679,Advisory,2021-10-21 18:20:05,2019-06-15 16:31:48,2018-06-07 19:58:51,Orange,120587,47271,Superseded,SMS,Assamese,0.67
2566,6,50,2799,Watch,2020-06-27 07:32:33,2018-02-11 14:56:22,2022-11-15 19:54:08,Yellow,195377,33271,Superseded,Push Notification,Hindi,0.78
2567,2,14,3260,Emergency,2022-07-20 21:41:03,2018-06-02 03:47:34,2024-10-07 21:47:56,Green,46197,17014,Cancelled,Siren,Manipuri,0.41
2568,1,9,3288,Advisory,2022-02-17 04:01:41,2024-04-22 20:13:54,2023-08-24 22:03:32,Green,278772,22429,Active,All,Khasi,0.62
2569,1,7,2990,All Clear,2018-05-18 14:06:53,2021-09-05 01:32:27,2022-03-23 02:38:47,Green,319550,31679,Expired,SMS,Manipuri,0.39
2570,1,5,4682,Early Warning,2019-02-11 01:23:10,2022-10-14 03:56:07,2019-04-26 18:03:27,Green,288305,47436,Cancelled,Push Notification,Hindi,0.46
2571,1,10,4630,Advisory,2021-10-29 23:41:36,2022-11-23 13:08:21,2023-07-05 13:00:50,Green,446267,12956,Superseded,All,Bengali,0.65
2572,4,38,845,Advisory,2020-12-03 17:58:02,2024-11-23 07:17:36,2019-01-24 00:41:37,Orange,40640,28138,Expired,All,Khasi,0.61
2573,2,19,4928,Emergency,2019-05-28 05:52:21,2020-11-04 11:15:06,2021-11-28 14:05:21,Green,158804,45612,Active,Radio,Hindi,0.51
2574,6,52,3832,Watch,2020-01-11 03:15:25,2021-04-12 15:23:07,2019-02-09 18:49:55,Red,181412,39406,Active,All,Manipuri,0.47
2575,1,5,1457,Drill,2020-07-22 05:53:37,2021-10-28 15:31:00,2020-01-03 02:10:36,Red,398414,42320,Superseded,Siren,Assamese,0.42
2576,6,49,2113,Drill,2020-07-11 22:55:10,2020-08-07 19:52:56,2019-09-06 18:37:01,Yellow,330225,22453,Cancelled,All,Assamese,0.66
2577,1,11,4945,Emergency,2021-03-15 09:48:11,2018-12-09 17:52:47,2020-11-14 18:10:54,Orange,474058,26614,Cancelled,Push Notification,Manipuri,0.91
2578,5,42,353,Watch,2019-05-02 19:46:47,2020-04-19 12:21:55,2022-07-17 21:31:22,Green,339458,1229,Cancelled,Push Notification,Bengali,0.63
2579,7,56,3431,Drill,2018-06-07 02:22:27,2018-06-04 20:17:14,2022-10-30 13:07:28,Green,150612,621,Active,Siren,Khasi,0.55
2580,2,15,3915,Advisory,2021-07-13 23:31:51,2019-06-06 07:31:27,2021-06-13 21:34:50,Yellow,200348,45516,Expired,Push Notification,Bengali,0.48
2581,1,10,271,All Clear,2019-11-18 01:48:49,2019-12-19 11:18:21,2018-06-14 19:47:40,Red,312278,49838,Active,Radio,Mizo,0.74
2582,1,4,822,Watch,2023-10-10 20:45:10,2021-12-21 04:13:17,2020-01-22 00:27:27,Orange,57107,46579,Active,Siren,Hindi,0.87
2583,3,26,2546,Emergency,2018-07-24 12:54:26,2020-10-16 20:45:04,2021-08-01 07:48:10,Orange,299771,835,Active,SMS,Manipuri,0.49
2584,8,59,1825,All Clear,2019-11-07 12:34:49,2022-06-27 20:22:09,2024-04-08 15:51:00,Orange,143176,29384,Cancelled,Push Notification,Hindi,0.7
2585,5,41,1986,All Clear,2024-10-02 16:06:14,2021-07-20 08:53:04,2023-10-28 07:57:29,Orange,217909,45451,Superseded,Siren,Mizo,0.95
2586,3,23,2042,Watch,2023-01-23 23:59:44,2019-06-01 06:05:33,2021-09-01 22:17:04,Green,403355,10716,Cancelled,Siren,Khasi,0.85
2587,3,26,2658,Drill,2018-02-02 22:13:38,2019-09-23 01:17:42,2019-03-22 01:27:34,Green,317353,36881,Active,All,English,0.79
2588,5,41,456,Emergency,2021-09-05 04:24:38,2021-06-17 04:44:43,2018-07-29 21:10:02,Orange,453433,42265,Cancelled,Radio,Hindi,0.62
2589,3,32,2044,Advisory,2024-04-10 11:23:27,2020-03-18 04:39:33,2023-08-09 09:09:12,Orange,492060,3440,Cancelled,Push Notification,Khasi,0.47
2590,3,26,4037,Drill,2023-02-04 01:38:12,2024-01-01 09:10:35,2024-05-18 22:27:47,Yellow,32168,48149,Superseded,Siren,Bengali,0.87
2591,2,18,4677,Advisory,2019-11-29 21:54:49,2019-12-20 07:20:50,2023-10-26 20:01:04,Yellow,301339,26230,Active,Radio,Bengali,0.9
2592,6,48,4833,Watch,2019-07-24 06:13:26,2022-05-15 00:41:50,2021-12-27 12:59:51,Orange,292619,45476,Expired,Radio,Assamese,0.44
2593,6,53,4186,Watch,2018-11-03 08:44:41,2018-03-03 04:28:39,2022-02-04 15:55:37,Yellow,121967,18168,Cancelled,Push Notification,Khasi,0.93
2594,5,44,1706,Watch,2018-06-06 19:35:11,2021-08-07 12:40:00,2020-08-21 20:08:20,Yellow,53299,11712,Expired,Radio,Mizo,0.63
2595,2,17,178,Watch,2023-05-23 08:14:37,2024-01-30 02:53:58,2024-12-19 07:58:52,Orange,240557,10307,Active,Push Notification,Hindi,0.54
2596,2,21,595,Watch,2021-05-27 00:21:00,2020-02-12 04:20:40,2024-12-27 07:26:02,Green,69342,21407,Active,SMS,Assamese,0.8
2597,3,24,2921,Early Warning,2020-10-04 11:02:21,2024-11-02 20:29:01,2023-01-01 02:27:31,Red,139965,41553,Active,Radio,Hindi,0.41
2598,5,42,2451,Advisory,2020-11-25 02:31:24,2018-08-10 05:32:08,2018-09-02 12:00:59,Red,311386,40674,Expired,Radio,Mizo,0.56
2599,1,6,1079,All Clear,2020-09-23 12:14:58,2024-10-23 22:48:40,2024-11-29 20:25:52,Yellow,18761,31871,Active,All,English,0.89
2600,6,53,2829,Drill,2018-03-08 05:50:52,2024-04-27 04:19:11,2019-11-25 12:01:37,Orange,382424,45127,Cancelled,All,Bengali,0.95
2601,1,5,3854,Drill,2018-12-08 23:48:02,2022-03-25 18:50:32,2024-06-08 05:02:07,Orange,164757,23458,Superseded,SMS,Assamese,0.6
2602,2,15,1423,Advisory,2022-05-19 20:02:43,2021-06-26 12:28:00,2020-02-04 09:25:42,Yellow,9248,28218,Active,Siren,Hindi,0.89
2603,1,5,4395,Drill,2023-08-04 15:23:50,2021-09-05 23:08:58,2020-01-08 17:17:50,Orange,165744,8612,Active,SMS,Assamese,0.61
2604,1,5,2562,Watch,2018-05-10 01:06:53,2018-06-20 01:20:03,2020-09-03 18:47:20,Orange,318402,36855,Superseded,All,Mizo,0.55
2605,5,42,3441,Emergency,2023-01-25 14:37:01,2018-08-29 07:22:15,2020-08-08 22:22:40,Red,99634,44947,Expired,Siren,English,0.94
2606,4,33,345,Early Warning,2024-05-04 03:22:24,2018-05-18 02:40:12,2018-09-02 08:21:49,Green,480589,18646,Superseded,SMS,Mizo,0.34
2607,2,14,4915,All Clear,2019-04-08 07:17:34,2022-06-18 09:27:12,2022-04-06 01:05:01,Red,292268,6433,Expired,SMS,Bengali,0.86
2608,7,58,3201,Emergency,2023-08-02 11:59:05,2020-01-26 04:50:08,2022-09-20 21:33:13,Green,274304,7463,Superseded,All,Assamese,0.8
2609,6,47,2887,Emergency,2018-10-03 06:07:15,2023-01-26 08:22:12,2018-05-23 03:03:48,Orange,183872,41137,Active,All,Assamese,0.53
2610,3,26,4562,Emergency,2022-07-25 05:38:13,2022-01-27 01:27:35,2019-07-02 02:45:34,Yellow,274829,2246,Active,Siren,Hindi,0.8
2611,1,11,15,Drill,2024-02-28 09:32:07,2023-09-09 18:41:47,2020-06-21 04:32:09,Green,234681,10114,Expired,Siren,Hindi,0.55
2612,2,19,146,Drill,2021-12-19 03:40:54,2024-02-29 17:25:15,2024-01-21 20:39:52,Yellow,409604,1886,Expired,SMS,Mizo,0.58
2613,3,29,4264,Early Warning,2024-06-19 23:14:02,2023-06-17 04:55:51,2020-03-04 04:47:22,Orange,181859,18615,Expired,Siren,Assamese,0.92
2614,2,17,3175,All Clear,2022-02-02 19:29:30,2018-04-20 17:32:44,2021-09-12 19:39:33,Orange,198762,34527,Superseded,Siren,Bengali,0.35
2615,4,36,2766,Early Warning,2024-06-28 03:04:29,2018-09-18 23:34:28,2021-08-13 09:17:44,Red,159652,23220,Superseded,SMS,Bengali,0.77
2616,6,51,2994,Watch,2024-12-25 20:11:45,2020-08-01 11:17:30,2020-02-13 10:35:41,Red,485657,49184,Active,All,English,0.94
2617,5,42,3596,Early Warning,2019-10-13 22:07:43,2024-02-15 05:08:01,2018-04-11 13:51:44,Yellow,70723,22904,Cancelled,Siren,Bengali,0.83
2618,2,14,1968,Drill,2024-07-21 22:54:31,2022-01-21 10:05:58,2022-02-06 20:47:56,Red,416700,15856,Active,Push Notification,English,0.56
2619,5,45,4565,All Clear,2022-02-03 12:17:52,2024-08-28 23:10:11,2019-05-15 20:41:57,Green,440318,27242,Active,Radio,Bengali,0.68
2620,5,44,1260,Watch,2018-02-09 04:39:36,2020-03-26 22:27:16,2023-08-28 10:03:48,Green,30286,9076,Cancelled,Radio,Bengali,0.52
2621,5,43,474,All Clear,2020-11-28 20:56:16,2018-04-08 09:40:40,2022-04-26 01:35:59,Orange,390367,47180,Active,All,Manipuri,0.94
2622,6,54,1711,Emergency,2022-10-31 19:16:27,2023-05-15 18:01:58,2021-11-24 17:25:17,Red,124304,34106,Superseded,Push Notification,Bengali,0.56
2623,3,26,1758,Advisory,2018-02-10 23:29:14,2020-02-12 18:42:02,2022-06-23 16:43:48,Yellow,115317,43991,Active,SMS,English,0.71
2624,2,19,1831,All Clear,2020-08-30 01:22:42,2020-08-12 11:29:29,2023-04-06 11:49:07,Yellow,491273,14812,Active,Siren,Khasi,0.98
2625,2,18,872,Advisory,2021-09-21 20:00:09,2020-04-23 10:15:43,2021-07-08 02:47:54,Red,395725,25394,Expired,All,Manipuri,0.65
2626,2,13,2943,Watch,2018-11-06 23:50:40,2019-03-28 08:16:31,2020-11-12 11:23:59,Red,81471,29644,Cancelled,Siren,English,0.3
2627,1,9,2047,Watch,2018-04-27 01:23:22,2020-06-10 14:01:55,2018-05-02 00:32:37,Yellow,195282,25050,Superseded,Siren,Mizo,0.89
2628,8,62,837,Early Warning,2019-07-28 01:45:10,2023-08-11 08:36:38,2021-02-20 07:50:29,Orange,272025,36953,Active,Radio,English,0.95
2629,7,55,1360,Advisory,2024-07-27 03:36:51,2018-08-04 18:32:51,2021-07-06 13:55:19,Green,211150,28269,Active,All,Mizo,0.38
2630,1,12,1782,Emergency,2022-12-05 05:55:26,2022-06-26 23:12:32,2022-09-16 02:55:19,Yellow,154194,18049,Superseded,All,English,0.71
2631,3,25,1587,Advisory,2021-07-17 08:23:58,2019-03-13 15:03:14,2022-01-11 12:48:39,Green,205048,40075,Cancelled,All,Mizo,0.87
2632,7,55,2309,Watch,2020-07-29 14:23:12,2018-02-16 00:32:59,2019-03-26 17:09:55,Orange,84023,17008,Expired,Radio,Manipuri,0.68
2633,3,26,1568,Watch,2024-02-28 23:17:22,2021-12-04 19:08:55,2019-12-31 04:54:28,Green,242333,5033,Cancelled,Radio,English,0.46
2634,1,5,901,Drill,2022-07-15 00:22:21,2019-04-19 19:11:35,2021-03-27 10:10:07,Green,356112,24946,Active,Radio,Mizo,0.39
2635,6,49,2037,Early Warning,2023-09-12 04:14:06,2021-04-05 16:03:23,2018-09-22 22:10:31,Red,12948,17281,Superseded,SMS,Mizo,0.65
2636,6,54,1017,Drill,2018-11-13 16:52:35,2020-09-06 16:35:26,2021-03-21 12:56:43,Yellow,344964,44337,Expired,Radio,Khasi,0.64
2637,4,36,4524,Advisory,2023-09-10 18:16:18,2018-07-16 22:44:27,2018-05-21 15:18:49,Yellow,115676,17159,Active,Radio,English,0.44
2638,1,5,4225,All Clear,2018-11-19 00:18:06,2023-05-23 04:17:44,2018-11-18 18:38:26,Green,163704,636,Cancelled,SMS,Khasi,0.79
2639,1,11,2580,Emergency,2023-05-31 13:05:07,2022-12-30 12:15:48,2023-09-09 00:12:03,Green,1267,20297,Cancelled,Siren,English,0.65
2640,3,27,12,Early Warning,2022-11-14 18:31:50,2024-11-11 05:50:06,2021-04-15 11:28:17,Orange,237725,6559,Cancelled,All,Assamese,0.67
2641,1,5,179,Advisory,2019-09-07 22:55:06,2024-11-19 11:35:14,2024-11-13 00:11:04,Green,185534,49999,Superseded,Radio,Bengali,0.63
2642,8,61,1250,Drill,2021-11-23 02:25:22,2022-01-07 16:26:15,2023-02-07 00:39:39,Orange,141025,3581,Superseded,Radio,English,0.46
2643,7,55,3685,All Clear,2020-04-04 22:57:09,2023-05-04 05:24:41,2022-12-09 22:29:49,Orange,321717,34423,Superseded,SMS,Manipuri,0.96
2644,2,16,4985,Emergency,2018-11-28 00:23:36,2024-05-12 07:33:32,2023-03-26 08:04:37,Yellow,151582,5830,Expired,Siren,Bengali,0.35
2645,6,54,3157,Watch,2018-02-22 13:44:58,2021-08-18 11:38:13,2024-06-16 08:55:24,Yellow,424282,29551,Cancelled,Push Notification,English,0.79
2646,4,36,373,Emergency,2020-12-16 05:07:08,2020-01-21 02:45:52,2018-09-30 03:07:03,Red,359470,2372,Active,SMS,Manipuri,0.72
2647,5,42,2723,Early Warning,2020-07-06 12:51:23,2019-05-30 22:44:23,2020-09-27 18:56:45,Red,118515,25963,Active,Siren,Bengali,0.31
2648,2,18,3612,Emergency,2020-06-21 20:11:24,2023-02-06 10:00:56,2020-07-22 01:00:23,Red,459803,36793,Superseded,All,Mizo,0.66
2649,2,18,4168,Emergency,2020-02-23 22:45:45,2018-02-07 15:30:44,2023-07-12 08:01:45,Green,129314,26560,Active,SMS,English,0.94
2650,3,30,3839,Emergency,2018-01-13 04:56:46,2022-02-19 20:09:21,2024-07-05 10:51:46,Green,451838,14543,Superseded,Radio,Manipuri,0.94
2651,4,39,1617,Early Warning,2024-11-18 07:17:25,2021-10-11 22:18:53,2022-06-28 20:00:15,Yellow,54239,7251,Active,Siren,English,0.7
2652,6,49,3467,Advisory,2018-06-11 18:40:55,2023-03-30 02:48:23,2018-03-15 09:41:10,Green,89344,6083,Cancelled,Radio,Bengali,0.36
2653,6,52,2922,Emergency,2020-11-04 06:49:59,2020-05-17 19:18:55,2019-12-08 15:52:22,Red,121924,15289,Cancelled,All,Khasi,0.59
2654,5,45,2806,Watch,2021-03-08 01:22:12,2022-10-30 07:21:53,2018-12-05 08:01:18,Yellow,251781,44545,Active,Push Notification,Khasi,0.46
2655,2,16,11,Advisory,2024-06-10 07:48:00,2023-04-02 12:55:59,2023-11-29 10:57:22,Green,417940,38382,Expired,Siren,Khasi,0.58
2656,3,23,1757,Drill,2024-02-13 21:56:49,2018-12-13 22:34:52,2024-04-17 03:58:09,Red,321710,31301,Superseded,Push Notification,English,1.0
2657,2,14,4653,Drill,2020-07-31 18:01:13,2019-04-26 20:30:48,2020-04-28 07:48:26,Red,265686,32460,Expired,Push Notification,Mizo,0.82
2658,4,36,2859,Advisory,2022-06-23 09:17:24,2023-08-17 10:40:21,2020-01-27 20:13:53,Red,438191,40745,Expired,Siren,Khasi,0.87
2659,4,36,3713,Advisory,2023-08-25 07:07:51,2023-12-19 20:22:25,2018-09-01 02:03:47,Green,485270,15822,Cancelled,All,Hindi,0.85
2660,7,58,3946,Emergency,2023-03-07 23:12:11,2018-04-14 16:51:19,2021-08-30 06:31:22,Red,3174,23939,Cancelled,All,Khasi,0.37
2661,7,56,1876,All Clear,2020-09-19 10:25:39,2019-01-25 06:42:06,2019-01-03 23:42:06,Red,461911,46995,Active,Siren,Hindi,0.54
2662,3,26,4813,Advisory,2022-09-28 10:43:13,2024-05-19 12:39:21,2020-03-28 00:43:27,Yellow,206221,19808,Superseded,Push Notification,Mizo,0.71
2663,5,45,4883,Early Warning,2021-10-23 10:53:36,2020-07-08 13:10:12,2023-08-21 16:39:04,Green,329558,42328,Cancelled,Radio,Assamese,0.3
2664,7,56,1891,Advisory,2023-02-05 23:01:49,2023-08-17 22:27:11,2019-02-16 02:30:52,Yellow,249365,45587,Active,All,Assamese,0.58
2665,6,48,4778,Advisory,2019-04-14 21:04:13,2019-01-27 21:55:03,2023-02-21 14:36:49,Orange,437225,42496,Active,Radio,English,0.73
2666,1,12,3191,Early Warning,2018-06-16 12:24:16,2023-09-03 16:53:46,2018-09-07 04:28:12,Green,411022,7280,Active,SMS,Mizo,0.53
2667,1,5,3402,Watch,2018-08-07 18:23:16,2022-10-12 14:25:53,2020-03-12 08:08:04,Red,413124,16539,Active,Push Notification,English,0.9
2668,1,1,385,Drill,2023-09-21 15:38:35,2024-06-30 23:40:39,2019-08-24 07:19:37,Yellow,278421,19854,Superseded,All,Manipuri,0.34
2669,5,44,4594,Watch,2021-06-11 21:58:01,2019-09-03 22:42:05,2023-09-25 14:10:49,Red,488824,14290,Active,SMS,Bengali,0.77
2670,4,34,1023,Drill,2022-03-15 03:40:05,2020-02-01 05:25:16,2023-05-06 12:44:27,Red,216469,23776,Cancelled,Siren,English,0.72
2671,1,9,589,Watch,2024-07-26 19:57:16,2018-03-07 05:13:19,2021-06-29 21:04:53,Yellow,111942,49194,Active,All,Khasi,0.99
2672,6,53,2355,Emergency,2019-01-13 16:29:14,2018-07-16 03:21:04,2023-06-06 10:19:12,Red,330240,41115,Expired,SMS,Hindi,0.43
2673,2,17,954,All Clear,2023-11-15 14:51:04,2020-01-12 17:26:02,2021-08-08 22:57:53,Red,265779,12404,Cancelled,All,Manipuri,0.35
2674,7,55,3789,Early Warning,2021-09-12 02:03:16,2020-01-28 12:24:13,2019-04-03 18:36:38,Orange,118236,37840,Active,All,Khasi,0.46
2675,1,12,2813,Drill,2019-03-11 16:35:38,2024-11-06 04:13:43,2021-06-03 23:03:31,Yellow,422174,29767,Active,Push Notification,Assamese,0.92
2676,2,16,3778,All Clear,2022-12-17 20:33:26,2023-04-25 14:51:59,2022-10-30 16:34:41,Orange,168332,10840,Expired,Radio,Hindi,0.93
2677,3,27,2108,Drill,2020-03-13 00:10:45,2022-06-05 07:37:08,2020-05-15 00:34:58,Orange,398622,16273,Superseded,All,Assamese,0.66
2678,7,56,952,Watch,2018-08-20 02:35:09,2019-11-17 23:01:51,2018-05-24 22:46:38,Orange,223491,16875,Active,All,Khasi,0.66
2679,2,21,4604,Early Warning,2022-04-02 11:00:04,2020-11-03 12:38:44,2020-09-12 16:55:13,Red,368402,22788,Active,Siren,Khasi,0.92
2680,6,50,3945,All Clear,2022-07-07 15:52:55,2018-06-11 23:07:51,2019-06-18 13:08:56,Red,483647,23352,Active,Push Notification,English,0.8
2681,2,18,3197,Watch,2020-01-02 07:14:48,2018-12-28 02:43:31,2021-07-05 10:58:17,Red,93726,47479,Superseded,Siren,Khasi,0.32
2682,1,10,1559,Early Warning,2020-10-03 15:15:24,2022-07-21 18:27:53,2024-10-10 00:43:59,Orange,3619,11482,Cancelled,Radio,Khasi,0.73
2683,4,37,4012,Drill,2021-12-26 06:57:55,2021-11-15 19:03:57,2024-10-11 02:56:14,Yellow,299599,12816,Cancelled,Siren,Mizo,0.71
2684,6,49,2837,Advisory,2018-07-29 13:17:22,2024-02-15 09:02:50,2021-11-03 13:43:54,Yellow,141360,44707,Active,SMS,English,0.64
2685,2,14,3208,Watch,2021-11-17 21:31:25,2024-01-17 09:31:36,2022-06-28 12:36:54,Green,223287,9726,Cancelled,Siren,Khasi,0.62
2686,3,28,853,Advisory,2018-11-18 06:48:50,2022-09-23 05:21:29,2020-06-25 04:01:02,Yellow,382978,10509,Expired,Push Notification,English,0.86
2687,4,35,352,Watch,2021-01-28 02:55:38,2018-04-10 15:33:51,2024-04-27 18:42:02,Red,496985,33303,Expired,All,Hindi,0.74
2688,5,41,4577,Watch,2019-03-09 20:06:29,2019-06-17 03:49:39,2024-10-19 13:25:24,Red,58102,2576,Superseded,All,Manipuri,0.44
2689,1,11,3616,Advisory,2019-12-15 02:49:42,2024-06-26 23:52:26,2020-06-21 21:18:16,Red,285715,22867,Expired,Push Notification,English,0.63
2690,1,1,525,Early Warning,2023-04-02 12:28:47,2022-09-07 01:46:55,2020-07-05 07:19:35,Red,72308,35702,Superseded,Radio,Mizo,0.77
2691,3,28,1313,Watch,2022-03-03 13:16:40,2023-05-09 22:50:14,2021-05-13 23:05:12,Red,171147,4339,Expired,All,Khasi,0.81
2692,3,23,2720,Early Warning,2018-10-11 21:22:11,2021-02-03 03:28:00,2018-09-08 22:12:17,Green,17066,33637,Active,All,Bengali,0.78
2693,6,50,2097,Watch,2024-01-15 21:49:55,2021-08-26 17:01:15,2019-06-22 05:43:01,Yellow,109147,45225,Active,SMS,Hindi,0.59
2694,3,29,1103,Advisory,2019-02-05 19:04:50,2018-04-29 22:50:08,2019-04-23 00:49:36,Yellow,391125,42873,Expired,SMS,Khasi,0.93
2695,5,43,2226,Drill,2023-10-23 09:28:14,2020-05-03 07:59:13,2019-09-06 14:01:29,Yellow,239645,21685,Expired,All,English,0.99
2696,6,50,4696,All Clear,2019-03-16 18:25:14,2018-12-14 12:40:43,2021-07-15 01:07:13,Green,372063,25978,Expired,SMS,Assamese,0.89
2697,6,51,3493,All Clear,2023-03-18 02:09:24,2022-01-04 02:36:24,2024-03-08 08:20:41,Red,354550,20024,Active,Push Notification,Hindi,0.9
2698,2,17,3063,Early Warning,2020-05-15 02:36:00,2018-02-28 14:17:42,2021-04-25 05:49:06,Orange,52313,28566,Superseded,Radio,Manipuri,0.63
2699,1,2,4478,Drill,2020-06-11 21:40:18,2020-10-26 06:36:41,2022-09-12 23:53:33,Orange,14501,6543,Cancelled,SMS,Assamese,0.59
2700,1,10,4753,All Clear,2021-07-06 18:07:43,2018-01-12 03:54:30,2022-12-27 17:18:57,Yellow,68044,19380,Active,SMS,Bengali,0.3
2701,6,53,149,All Clear,2023-07-26 12:27:34,2022-11-16 16:50:31,2023-12-31 14:30:47,Red,218047,6469,Expired,SMS,Bengali,0.89
2702,5,46,2715,Drill,2021-03-03 05:57:45,2020-01-30 18:23:29,2023-12-04 08:56:42,Yellow,85372,8726,Active,Radio,Manipuri,0.89
2703,2,13,3736,Drill,2023-07-07 00:32:21,2020-08-02 23:51:47,2020-01-01 03:44:18,Red,183517,17761,Active,Radio,Assamese,1.0
2704,1,12,2785,All Clear,2024-05-07 05:07:38,2021-02-05 07:40:48,2018-05-26 03:54:30,Yellow,404634,6980,Active,SMS,Bengali,0.84
2705,6,53,2660,Watch,2020-09-19 03:48:46,2021-12-09 12:17:32,2021-10-15 13:34:08,Red,369263,35605,Expired,Siren,English,0.45
2706,3,29,2264,Watch,2022-07-10 09:19:05,2018-03-03 17:46:03,2020-03-02 09:49:42,Green,476403,23510,Active,All,Assamese,0.38
2707,4,35,3538,Watch,2018-07-29 10:13:38,2019-07-08 07:25:05,2023-03-08 13:40:48,Orange,468222,14430,Cancelled,Radio,Khasi,0.84
2708,5,43,2986,Early Warning,2023-01-27 12:09:51,2020-10-09 19:12:07,2024-04-07 01:51:28,Yellow,416097,23109,Superseded,Siren,Bengali,0.61
2709,4,39,4975,Drill,2018-10-02 05:23:23,2019-08-09 05:39:17,2024-09-05 16:49:09,Green,235616,38824,Expired,SMS,Khasi,0.51
2710,2,22,3832,Emergency,2021-07-03 00:52:27,2020-02-17 01:51:39,2020-10-07 04:04:59,Yellow,402257,44749,Active,SMS,Assamese,0.3
2711,4,37,2922,Early Warning,2022-07-07 12:55:07,2024-10-15 06:36:25,2024-06-08 09:40:17,Red,57262,22847,Expired,Push Notification,English,0.84
2712,2,13,3105,Early Warning,2024-01-13 18:43:32,2018-01-25 02:48:23,2022-05-16 23:57:05,Red,102733,17845,Superseded,Siren,Khasi,0.82
2713,1,9,4159,Early Warning,2023-05-29 19:14:57,2023-11-04 23:55:38,2022-03-21 12:39:48,Yellow,147300,25586,Active,SMS,Khasi,0.47
2714,6,54,4688,All Clear,2023-02-21 11:43:14,2023-01-21 17:13:59,2019-01-29 11:23:49,Red,244702,6889,Cancelled,Siren,English,0.94
2715,7,55,1805,Drill,2019-10-19 07:28:10,2022-08-08 20:07:10,2022-06-01 15:05:43,Red,354846,23118,Expired,All,Bengali,0.81
2716,8,62,4595,All Clear,2023-03-26 00:32:31,2023-07-19 13:44:43,2018-11-22 22:54:33,Red,286412,16921,Expired,All,Assamese,0.58
2717,2,16,420,Drill,2024-01-21 08:59:25,2018-01-13 15:41:32,2022-01-01 01:25:22,Green,124467,32534,Cancelled,All,Manipuri,0.99
2718,7,55,2435,Advisory,2024-08-26 01:45:09,2021-12-08 02:35:08,2023-10-27 02:04:05,Orange,472302,42111,Cancelled,Radio,Bengali,0.38
2719,8,62,355,All Clear,2021-11-05 00:04:02,2019-06-14 06:41:34,2024-04-29 23:02:27,Red,223469,8876,Superseded,Radio,Bengali,0.76
2720,2,20,3703,Drill,2021-01-06 21:06:08,2021-04-29 19:00:49,2018-04-07 06:58:23,Green,491191,48078,Cancelled,Push Notification,Bengali,0.71
2721,8,59,4223,Drill,2019-10-13 06:23:14,2023-06-02 13:31:01,2024-01-17 21:02:34,Orange,452150,37204,Active,Siren,Mizo,0.72
2722,6,51,4689,All Clear,2021-08-26 10:58:18,2020-09-03 06:22:10,2021-10-31 11:12:03,Orange,266114,49566,Expired,Siren,Bengali,0.59
2723,6,52,4524,Emergency,2018-08-12 19:56:32,2022-06-23 23:52:03,2020-08-19 08:46:31,Red,432014,14292,Cancelled,SMS,Assamese,0.89
2724,5,45,1725,Drill,2018-06-26 10:30:29,2023-09-13 09:09:06,2018-11-01 01:05:44,Red,422870,45004,Superseded,Siren,Assamese,0.37
2725,8,59,1584,Drill,2020-09-09 17:15:25,2023-05-01 05:07:06,2018-01-09 02:55:02,Green,258012,33283,Expired,Siren,Manipuri,0.41
2726,2,13,1617,Advisory,2024-02-01 23:17:22,2018-02-12 10:07:09,2020-01-05 03:31:49,Orange,474155,12392,Superseded,All,Manipuri,0.72
2727,1,9,4542,Drill,2020-10-31 16:33:56,2019-08-05 21:08:04,2019-11-28 14:11:03,Green,45712,9059,Superseded,Radio,Hindi,0.41
2728,2,16,2569,Early Warning,2023-11-28 06:55:03,2020-06-03 16:00:45,2023-04-20 19:23:14,Orange,236286,10215,Cancelled,All,Khasi,0.34
2729,1,9,1049,Emergency,2020-02-03 06:15:54,2022-02-22 23:38:12,2018-08-21 12:13:11,Orange,153202,27779,Cancelled,SMS,Manipuri,0.47
2730,3,23,2572,Drill,2021-02-17 18:50:22,2021-11-03 17:07:46,2018-05-11 04:24:47,Orange,478904,9751,Active,SMS,Assamese,0.38
2731,2,17,604,Advisory,2019-08-28 11:33:44,2020-04-04 18:47:59,2024-09-29 15:53:55,Red,189080,36936,Cancelled,Siren,Mizo,0.57
2732,6,50,1312,Drill,2018-12-01 20:10:42,2023-01-30 00:25:35,2018-10-17 16:45:39,Yellow,332953,9664,Superseded,SMS,Mizo,0.59
2733,1,2,3585,Early Warning,2024-04-02 09:18:56,2019-04-23 21:45:12,2019-06-09 15:06:35,Red,455865,9792,Expired,SMS,Bengali,0.57
2734,2,19,3435,Watch,2022-09-28 23:01:28,2023-09-17 08:03:05,2018-01-14 13:55:19,Orange,491258,16821,Cancelled,Radio,Bengali,0.87
2735,2,22,4757,Watch,2020-10-31 11:49:29,2021-06-21 06:28:39,2019-10-22 10:12:26,Green,370086,21812,Superseded,SMS,Assamese,0.65
2736,6,50,4415,Watch,2023-02-25 21:23:38,2019-12-23 01:38:48,2023-07-01 13:37:46,Orange,71874,31991,Superseded,Push Notification,Manipuri,0.81
2737,1,4,2154,Early Warning,2023-10-09 15:14:45,2018-04-01 19:40:41,2022-06-03 04:21:02,Red,93393,45500,Expired,Siren,Manipuri,0.56
2738,5,43,1165,Watch,2021-08-10 14:21:27,2023-11-01 05:54:44,2019-07-25 22:15:21,Green,78568,4067,Superseded,Radio,Bengali,0.77
2739,3,26,854,Emergency,2021-11-23 16:21:36,2023-06-22 17:02:30,2021-12-07 02:09:41,Green,12555,47271,Active,Radio,Khasi,0.38
2740,1,3,458,Advisory,2019-10-06 18:25:39,2020-08-19 01:57:58,2023-03-16 04:18:22,Yellow,17487,29956,Superseded,All,Assamese,0.93
2741,8,59,939,Drill,2021-04-03 01:15:18,2018-08-18 13:19:03,2022-09-09 14:54:46,Yellow,340390,12690,Expired,Push Notification,Manipuri,0.81
2742,7,55,595,All Clear,2024-04-20 01:34:13,2021-03-20 04:05:25,2024-08-30 07:22:25,Yellow,340257,39937,Expired,SMS,English,0.9
2743,2,15,204,Watch,2022-02-01 12:01:22,2019-06-23 12:53:34,2021-07-22 09:06:27,Green,22184,3647,Expired,Push Notification,Manipuri,0.46
2744,3,30,3642,Watch,2024-05-14 19:29:17,2021-11-11 14:55:48,2024-08-18 12:33:37,Orange,28485,20680,Cancelled,All,Manipuri,0.53
2745,6,48,4436,Watch,2022-07-22 13:53:05,2022-08-29 00:42:53,2019-03-28 09:51:25,Red,32678,26229,Expired,Push Notification,Hindi,0.79
2746,4,34,212,Emergency,2018-09-03 21:52:20,2022-11-28 10:22:56,2022-09-16 08:57:48,Yellow,27895,19079,Cancelled,Siren,Khasi,0.59
2747,4,33,4749,Drill,2020-10-03 18:28:11,2020-04-21 04:42:45,2022-03-06 16:48:10,Yellow,214193,861,Superseded,SMS,Khasi,0.6
2748,6,54,2174,Drill,2021-09-28 21:50:54,2023-05-04 23:16:29,2020-03-09 16:30:01,Yellow,480775,22455,Expired,Radio,Assamese,0.45
2749,4,36,3816,Emergency,2023-11-29 21:46:27,2022-03-18 08:18:26,2022-08-28 21:12:05,Orange,475178,35149,Cancelled,SMS,Assamese,0.3
2750,5,45,4965,Advisory,2020-04-26 21:22:55,2022-01-26 19:22:08,2021-12-25 08:16:06,Red,240301,3464,Superseded,SMS,Hindi,0.93
2751,4,33,4098,Watch,2023-02-28 20:07:23,2022-08-23 14:30:29,2020-08-09 16:29:43,Red,81397,26141,Active,All,Hindi,0.66
2752,1,10,3286,Drill,2023-11-05 11:43:50,2023-06-24 12:45:06,2024-06-06 11:12:08,Green,198100,16853,Active,Siren,English,0.3
2753,2,13,4037,Early Warning,2018-08-20 13:29:43,2020-11-05 20:12:38,2021-04-17 23:10:10,Red,382115,47004,Superseded,All,Manipuri,0.31
2754,2,13,609,Emergency,2023-11-14 16:10:05,2020-08-07 12:15:34,2022-01-06 07:08:45,Red,456201,37829,Cancelled,SMS,Hindi,0.63
2755,4,34,1564,Advisory,2019-01-18 19:15:14,2019-02-19 21:10:38,2022-09-26 10:24:51,Yellow,359086,23656,Expired,Radio,Khasi,0.78
2756,1,6,3268,Early Warning,2024-09-26 01:07:49,2022-11-28 01:23:28,2023-02-20 08:18:16,Green,44979,40422,Cancelled,All,English,0.67
2757,1,1,971,Drill,2022-01-04 05:15:58,2022-05-18 07:09:37,2024-08-18 15:35:31,Green,379648,44902,Superseded,Siren,Mizo,0.93
2758,3,24,1398,Emergency,2018-05-03 10:35:30,2023-07-09 22:49:28,2018-11-18 10:34:47,Red,379962,3592,Superseded,Radio,English,0.5
2759,2,15,3479,Drill,2022-08-30 11:44:28,2021-10-07 05:13:35,2023-01-30 03:11:46,Orange,198966,29688,Expired,Radio,Assamese,0.36
2760,1,4,2684,Early Warning,2018-07-29 07:44:32,2022-11-08 22:44:28,2018-01-02 13:33:52,Green,26965,44321,Superseded,SMS,Mizo,0.37
2761,4,36,2967,Early Warning,2018-03-29 05:34:35,2021-03-02 11:02:00,2018-05-30 08:00:14,Yellow,78007,22807,Cancelled,All,Assamese,0.41
2762,6,49,1882,Early Warning,2023-12-26 04:02:53,2018-09-12 11:31:56,2018-02-07 03:26:32,Yellow,353774,11281,Superseded,Radio,Manipuri,0.85
2763,3,31,2204,Drill,2023-07-08 13:51:56,2023-11-23 12:18:40,2023-07-25 18:15:18,Red,348023,21873,Expired,All,Assamese,0.52
2764,7,56,3698,Advisory,2024-05-13 11:18:26,2024-06-19 11:58:08,2019-06-03 20:17:42,Orange,181791,9918,Superseded,All,Mizo,0.82
2765,5,43,1358,Early Warning,2018-06-24 11:19:11,2021-06-10 14:59:14,2020-06-02 00:29:26,Orange,59347,22886,Expired,Siren,Bengali,0.33
2766,6,51,3002,Watch,2018-10-16 16:17:36,2021-11-25 18:38:48,2024-08-23 09:50:32,Yellow,321283,15058,Superseded,Siren,Mizo,0.83
2767,6,48,4698,Emergency,2024-07-24 19:12:40,2022-07-16 18:06:06,2018-12-24 22:50:58,Red,389930,44306,Superseded,SMS,Mizo,0.67
2768,2,22,4067,Emergency,2024-07-10 10:22:32,2020-07-24 17:30:23,2023-02-04 03:10:43,Green,344714,3042,Cancelled,All,Bengali,0.73
2769,3,26,4229,Advisory,2022-05-01 20:13:30,2020-04-27 18:40:24,2023-01-02 13:39:53,Green,321108,2284,Active,Push Notification,Mizo,0.86
2770,4,33,3284,Drill,2019-06-16 00:22:42,2018-05-21 05:20:32,2023-09-25 13:11:09,Orange,186476,29111,Cancelled,Radio,Bengali,0.32
2771,5,40,4732,Watch,2022-09-30 03:38:45,2019-07-22 11:55:09,2020-03-13 22:27:48,Red,196123,15957,Cancelled,Push Notification,Assamese,0.82
2772,1,7,797,Drill,2018-12-29 03:20:37,2018-06-26 07:51:56,2023-12-19 08:22:50,Green,271722,24375,Active,All,Bengali,0.59
2773,3,28,4192,All Clear,2023-03-10 05:38:15,2019-11-22 21:17:42,2024-12-18 00:15:47,Orange,87102,5005,Expired,Radio,Mizo,0.7
2774,1,8,4097,Early Warning,2023-09-01 05:11:21,2024-12-18 17:15:03,2023-08-10 16:32:04,Yellow,238105,47396,Expired,Radio,Khasi,0.96
2775,4,35,69,Watch,2024-06-17 05:57:15,2019-04-05 04:31:16,2023-08-03 02:42:08,Green,450162,27432,Cancelled,Push Notification,Bengali,0.73
2776,8,61,4058,Early Warning,2023-08-21 22:19:42,2020-11-06 15:25:09,2020-10-28 02:56:06,Yellow,155554,35825,Expired,All,Manipuri,0.91
2777,8,60,3968,Drill,2024-09-25 16:18:05,2023-03-10 10:49:23,2019-03-14 18:44:10,Green,33779,49721,Cancelled,Siren,Khasi,0.48
2778,6,47,4423,Advisory,2020-05-20 01:21:34,2021-04-16 02:43:15,2018-01-16 06:51:06,Red,154601,11436,Expired,Siren,English,0.64
2779,4,36,2065,Watch,2023-10-21 11:59:28,2018-09-08 10:16:28,2020-03-25 18:48:49,Red,225428,5146,Superseded,Push Notification,Assamese,0.54
2780,1,4,2224,All Clear,2020-12-05 04:43:20,2019-07-17 03:03:31,2021-08-09 18:33:15,Yellow,233939,28040,Superseded,All,Manipuri,0.67
2781,8,61,3856,Advisory,2020-10-24 06:31:13,2020-10-20 09:03:18,2022-05-12 23:15:09,Orange,135357,29616,Cancelled,SMS,Hindi,0.49
2782,1,8,1116,Emergency,2024-02-22 07:28:45,2018-01-11 03:09:51,2023-11-18 15:46:10,Yellow,172220,39457,Superseded,Push Notification,Khasi,0.62
2783,5,43,525,Advisory,2023-12-10 12:35:13,2021-03-16 21:58:41,2020-02-14 05:22:48,Yellow,270597,39505,Active,SMS,Hindi,0.89
2784,6,54,4326,Emergency,2020-06-08 15:15:48,2023-02-20 16:41:50,2020-01-24 02:44:18,Orange,221314,47105,Cancelled,Siren,English,0.94
2785,1,5,2951,Watch,2021-06-26 13:12:27,2024-01-01 03:19:32,2019-02-16 01:57:55,Red,367746,15728,Active,Siren,English,0.76
2786,2,22,2068,Advisory,2022-05-30 19:11:01,2019-12-23 00:03:52,2018-11-14 07:58:08,Green,198683,2301,Expired,Push Notification,Assamese,0.74
2787,2,20,1977,Watch,2020-02-10 17:52:17,2021-09-29 00:13:41,2023-09-29 17:36:42,Green,92511,42635,Superseded,SMS,Manipuri,0.59
2788,5,42,1327,Emergency,2020-06-02 04:37:09,2020-12-30 01:45:12,2021-07-23 19:54:51,Orange,98693,4104,Active,Push Notification,Khasi,0.35
2789,4,35,118,All Clear,2022-03-08 04:04:56,2022-02-26 00:03:08,2022-08-04 10:28:08,Yellow,397665,3112,Superseded,Siren,English,0.52
2790,7,57,2448,All Clear,2020-12-13 05:04:54,2021-05-31 22:04:13,2021-03-16 09:27:27,Orange,121549,23176,Superseded,Radio,Khasi,0.88
2791,1,6,4284,Drill,2018-03-31 05:41:31,2022-09-08 19:41:52,2023-10-16 17:50:13,Yellow,273911,11535,Cancelled,Push Notification,English,0.96
2792,8,59,4287,Emergency,2023-12-31 00:37:31,2022-12-20 10:10:23,2018-05-09 22:44:02,Red,477900,20715,Cancelled,Siren,Manipuri,0.95
2793,4,39,4309,Watch,2024-06-22 21:40:59,2022-07-26 22:56:59,2022-04-08 02:39:51,Orange,467010,10244,Cancelled,Siren,English,0.53
2794,1,3,1987,Drill,2018-09-04 04:44:46,2019-06-05 14:18:46,2024-12-05 12:52:20,Yellow,323530,35415,Superseded,SMS,Mizo,0.81
2795,7,56,1373,Early Warning,2019-10-14 05:31:07,2019-10-09 04:29:50,2021-09-06 00:18:20,Yellow,495366,25010,Superseded,Radio,Hindi,0.85
2796,8,60,3937,Watch,2022-08-21 16:35:20,2021-08-21 02:54:16,2022-08-10 15:01:22,Red,368372,43476,Cancelled,Push Notification,Assamese,0.4
2797,3,30,3103,Watch,2018-04-01 06:53:20,2018-01-20 13:10:40,2022-04-21 12:35:44,Yellow,478653,31661,Superseded,All,Hindi,0.88
2798,3,29,656,Emergency,2024-04-28 14:24:12,2019-07-20 10:39:28,2023-08-31 16:29:09,Green,281613,14913,Expired,Radio,Khasi,0.74
2799,6,53,3017,Advisory,2022-02-01 08:38:46,2021-08-14 07:23:11,2019-06-23 23:55:27,Yellow,101223,42622,Expired,Siren,Assamese,0.75
2800,6,50,300,Advisory,2018-06-23 18:47:29,2019-10-24 15:51:40,2020-11-21 06:39:11,Orange,278360,23360,Superseded,Push Notification,English,0.96
2801,6,50,3788,Watch,2019-11-17 11:05:37,2022-09-08 02:57:37,2020-12-05 23:38:55,Yellow,427821,29370,Active,Radio,Khasi,0.41
2802,2,17,343,Advisory,2024-06-29 11:56:09,2020-11-29 03:00:39,2020-11-15 08:33:04,Yellow,152328,26905,Expired,All,Mizo,0.61
2803,8,59,3754,Advisory,2023-07-11 02:46:13,2018-11-20 22:16:37,2018-11-20 02:43:26,Green,217977,31239,Active,Radio,Mizo,0.71
2804,5,41,2339,Watch,2021-05-26 22:05:49,2022-06-28 07:56:45,2021-04-29 17:08:48,Red,441240,22496,Superseded,All,English,0.51
2805,8,62,2282,Drill,2022-05-19 17:40:19,2023-09-17 03:00:36,2021-09-01 19:09:41,Orange,261961,48897,Expired,Push Notification,Hindi,0.8
2806,5,40,578,Advisory,2023-11-14 01:59:46,2022-08-19 06:38:56,2023-02-15 05:49:22,Yellow,173269,23085,Superseded,Siren,English,0.31
2807,7,55,3468,Drill,2019-05-18 07:48:02,2023-03-26 14:45:02,2020-03-24 07:00:52,Yellow,492939,20498,Cancelled,Push Notification,Assamese,0.49
2808,3,32,3380,Watch,2018-03-16 15:45:55,2018-07-03 19:03:28,2018-09-22 12:44:29,Orange,67614,47081,Active,Push Notification,Mizo,0.97
2809,4,37,4192,Watch,2018-03-31 21:36:48,2024-02-20 03:03:31,2022-04-17 14:18:48,Green,261614,5971,Superseded,Push Notification,Manipuri,0.46
2810,3,23,3476,Advisory,2022-09-04 22:22:35,2022-08-30 22:22:24,2024-08-05 00:42:46,Green,39786,2502,Active,SMS,Bengali,0.87
2811,2,14,3745,Advisory,2020-05-20 13:29:18,2021-06-08 06:04:03,2021-11-25 03:36:12,Yellow,11202,8473,Superseded,Siren,Hindi,0.66
2812,3,30,581,Advisory,2020-09-17 09:13:24,2023-03-05 11:10:10,2021-09-02 14:28:46,Red,346156,40697,Cancelled,Siren,Khasi,0.94
2813,5,43,2424,Advisory,2021-01-03 03:22:57,2022-11-01 18:56:49,2020-12-02 11:17:55,Red,320757,37358,Cancelled,Radio,English,0.92
2814,2,21,1967,Watch,2023-11-09 13:31:31,2022-10-16 15:08:09,2024-01-16 02:55:28,Red,331209,5438,Superseded,SMS,Bengali,0.66
2815,7,57,2345,All Clear,2018-08-19 20:42:24,2020-12-07 19:07:44,2019-05-14 12:17:35,Yellow,361690,20509,Expired,Radio,Hindi,0.87
2816,1,4,3713,Early Warning,2023-09-09 16:29:54,2021-05-10 05:25:59,2023-07-13 19:48:52,Yellow,164377,6309,Active,All,Khasi,0.8
2817,1,6,2453,Advisory,2021-03-08 18:54:46,2024-01-17 13:08:47,2020-07-08 04:17:20,Red,167698,9760,Active,Push Notification,English,0.85
2818,5,43,1111,All Clear,2022-01-11 09:00:13,2020-03-25 05:52:56,2021-12-10 04:53:17,Red,106258,1685,Expired,Radio,English,0.43
2819,6,47,2969,Watch,2023-10-24 15:13:59,2024-02-26 19:43:47,2018-10-12 11:21:04,Yellow,412071,11044,Cancelled,Radio,English,0.82
2820,1,12,4774,Watch,2019-09-15 05:35:14,2020-06-18 15:16:16,2023-06-24 19:03:27,Red,438140,1445,Cancelled,SMS,Hindi,0.86
2821,1,6,4520,Drill,2018-05-01 12:02:03,2023-08-13 15:44:46,2019-05-27 21:50:31,Orange,185478,31339,Cancelled,All,Manipuri,0.34
2822,1,2,2313,All Clear,2024-12-14 06:15:49,2020-02-25 16:08:55,2018-10-03 02:04:05,Red,71558,42952,Expired,Push Notification,Bengali,0.51
2823,1,1,708,Early Warning,2022-09-17 05:58:54,2019-09-26 15:20:33,2024-10-21 06:04:33,Green,158751,48563,Expired,Radio,Mizo,0.65
2824,3,24,3875,Watch,2018-08-02 07:27:48,2023-02-10 16:52:42,2024-07-11 09:53:20,Yellow,359561,40855,Superseded,Push Notification,Assamese,0.6
2825,3,27,715,Watch,2019-07-31 18:17:01,2020-06-21 02:22:23,2024-12-20 17:53:26,Red,67430,7600,Active,Push Notification,English,0.84
2826,5,40,708,All Clear,2023-12-02 19:01:07,2018-09-17 16:24:01,2019-11-27 06:52:01,Yellow,20774,6046,Cancelled,All,Mizo,0.51
2827,1,3,1334,All Clear,2023-04-05 06:34:10,2022-08-21 08:48:32,2023-06-27 02:10:13,Green,277077,46622,Active,All,Assamese,0.77
2828,2,20,2953,Early Warning,2019-05-06 05:10:28,2022-11-14 00:13:30,2018-12-01 14:07:36,Yellow,354571,37730,Active,All,Hindi,0.35
2829,2,14,1575,All Clear,2020-09-24 02:31:54,2024-03-08 21:31:37,2024-12-12 05:08:36,Red,365104,13559,Active,Siren,Hindi,0.46
2830,3,28,3267,Advisory,2022-02-28 10:39:58,2024-01-20 15:08:09,2023-12-02 16:33:52,Green,36383,31736,Active,SMS,Mizo,0.76
2831,5,45,4489,All Clear,2022-10-16 18:06:23,2018-12-24 18:19:04,2022-04-22 15:20:26,Green,415956,49986,Superseded,Radio,English,0.52
2832,7,56,248,Drill,2018-12-15 00:24:26,2019-10-02 20:18:58,2024-08-25 17:23:03,Yellow,83403,1502,Expired,Radio,Mizo,0.48
2833,3,24,3522,Early Warning,2018-03-28 10:06:24,2020-03-06 16:20:01,2022-06-02 05:14:18,Red,249005,25614,Cancelled,SMS,Mizo,0.8
2834,3,30,2841,Advisory,2024-05-22 16:15:08,2024-01-08 01:59:49,2023-07-22 20:36:37,Yellow,240868,9963,Expired,SMS,Mizo,0.56
2835,6,48,1712,Early Warning,2019-01-01 14:15:12,2019-09-01 11:21:15,2023-08-20 04:30:52,Red,260913,42106,Active,SMS,Khasi,0.98
2836,5,43,450,Early Warning,2020-09-07 02:11:49,2019-08-07 23:33:46,2024-06-18 06:45:09,Red,449362,37573,Superseded,Push Notification,English,0.6
2837,7,56,3782,Advisory,2018-03-12 13:22:26,2023-01-19 21:31:54,2023-03-03 13:07:42,Green,147391,26384,Superseded,Siren,Khasi,0.72
2838,7,56,1122,Watch,2024-07-07 11:15:06,2023-11-14 19:45:12,2021-12-03 22:29:54,Yellow,31172,1918,Superseded,SMS,Khasi,0.78
2839,4,34,73,All Clear,2024-08-24 13:44:45,2022-03-20 09:28:25,2018-07-24 03:02:57,Green,143937,42989,Active,All,Assamese,0.44
2840,1,12,1772,Early Warning,2020-07-15 14:43:16,2024-10-18 15:49:49,2024-05-27 08:37:11,Yellow,213076,22127,Superseded,Radio,Bengali,0.92
2841,4,35,4311,All Clear,2022-09-12 04:32:00,2023-07-16 20:50:08,2019-06-16 14:06:16,Yellow,127714,30678,Cancelled,All,Khasi,0.3
2842,4,37,4038,All Clear,2019-08-03 10:45:27,2020-10-06 19:26:01,2022-08-11 03:00:29,Yellow,439698,45380,Expired,Radio,Manipuri,0.96
2843,6,48,2248,Early Warning,2021-01-11 06:33:27,2019-10-20 08:01:18,2023-04-11 21:55:14,Orange,403432,7492,Superseded,SMS,Hindi,0.94
2844,4,34,1353,Emergency,2024-08-15 01:10:21,2022-03-20 19:17:19,2022-08-13 23:44:06,Yellow,294117,13512,Superseded,Push Notification,Assamese,0.91
2845,6,54,1578,All Clear,2019-03-28 15:34:59,2018-02-22 19:09:43,2018-04-12 02:28:28,Yellow,135417,45538,Expired,Siren,Bengali,0.61
2846,4,34,2550,Advisory,2021-07-08 01:31:29,2022-05-27 01:45:00,2021-08-31 05:22:36,Red,387052,31431,Cancelled,SMS,Assamese,0.46
2847,6,50,724,Emergency,2019-02-09 17:35:31,2019-12-10 07:47:24,2018-11-25 05:46:20,Green,239892,21818,Cancelled,Push Notification,Manipuri,0.61
2848,3,26,306,Advisory,2019-01-14 12:10:28,2022-05-15 00:48:15,2020-07-27 00:00:57,Orange,2653,33611,Active,SMS,Khasi,0.84
2849,2,17,652,Watch,2021-02-23 03:36:53,2022-08-18 07:19:05,2018-12-17 06:29:29,Red,370631,20421,Expired,Siren,English,0.35
2850,4,35,3123,Advisory,2019-01-03 10:18:34,2021-04-16 11:13:19,2018-04-07 11:05:02,Green,450855,12992,Superseded,SMS,English,0.66
2851,1,11,3275,Advisory,2024-05-14 13:22:40,2020-11-27 14:38:05,2020-11-21 16:13:09,Green,371965,41326,Cancelled,Siren,Bengali,0.94
2852,1,12,3263,Emergency,2022-04-05 20:34:54,2022-04-23 19:38:27,2024-05-28 16:11:34,Yellow,134049,15169,Superseded,Siren,English,0.99
2853,6,52,224,Drill,2019-09-09 10:07:08,2020-04-27 05:19:29,2023-05-18 04:38:12,Orange,359754,20628,Cancelled,Radio,Mizo,0.7
2854,5,44,3361,Early Warning,2024-09-14 00:15:55,2018-01-28 13:08:59,2019-12-19 06:43:05,Red,3741,5651,Active,All,Assamese,0.75
2855,1,9,1247,Watch,2022-03-23 16:55:55,2022-06-12 20:18:18,2021-03-15 10:57:33,Yellow,419457,38472,Superseded,Radio,Khasi,0.39
2856,1,7,3646,Emergency,2024-04-29 17:37:04,2024-10-14 19:27:01,2022-07-06 19:46:23,Yellow,121605,35066,Cancelled,SMS,Manipuri,0.53
2857,5,44,3695,Advisory,2018-03-08 17:22:18,2018-04-02 06:28:56,2024-08-23 03:33:40,Yellow,375561,39620,Active,Siren,Khasi,0.94
2858,3,24,272,Early Warning,2022-08-16 21:26:25,2019-08-11 03:03:51,2021-07-03 14:45:01,Green,421380,45427,Cancelled,SMS,Hindi,0.49
2859,4,34,2064,Watch,2022-10-12 23:44:17,2024-05-05 04:53:27,2022-01-12 05:39:06,Orange,426320,30369,Active,SMS,Khasi,0.59
2860,6,52,3990,Drill,2022-11-08 05:02:13,2023-08-15 22:19:00,2022-11-26 19:37:13,Orange,175937,46519,Active,Radio,Mizo,0.43
2861,8,62,2912,All Clear,2020-03-03 12:22:12,2024-05-15 14:02:55,2021-04-17 23:34:21,Orange,224362,37753,Cancelled,Radio,Hindi,0.88
2862,6,48,3900,Emergency,2023-12-01 06:17:12,2019-02-10 05:36:41,2022-01-14 16:31:06,Orange,179823,11046,Active,SMS,English,0.59
2863,8,60,548,Watch,2023-07-08 09:17:55,2020-04-21 15:55:33,2020-08-08 19:28:21,Red,241774,38008,Cancelled,Radio,Manipuri,0.43
2864,2,21,963,Drill,2024-12-10 13:55:16,2019-10-24 07:53:10,2022-09-08 06:50:03,Red,119613,10636,Superseded,Radio,Khasi,0.66
2865,3,32,747,Early Warning,2023-11-04 23:21:50,2018-10-09 03:58:38,2021-10-14 10:19:33,Green,6789,30482,Active,Push Notification,Khasi,0.8
2866,2,19,2768,Early Warning,2021-10-25 08:27:59,2024-04-10 20:26:02,2024-04-13 05:46:33,Red,125618,2683,Cancelled,All,Bengali,0.69
2867,1,6,2363,Advisory,2019-06-24 18:15:50,2024-01-27 04:20:02,2020-12-25 06:58:25,Yellow,405829,9814,Expired,Push Notification,Assamese,0.42
2868,4,35,3866,Emergency,2024-01-25 00:47:37,2023-08-08 16:28:01,2022-03-09 09:54:23,Orange,300925,36359,Active,Push Notification,English,0.94
2869,3,27,2669,Drill,2021-03-21 12:21:05,2021-11-18 19:31:35,2024-01-18 22:09:45,Orange,247749,6282,Active,Radio,Manipuri,0.69
2870,7,57,531,Early Warning,2022-06-19 03:24:53,2023-09-29 13:46:19,2022-06-09 23:47:51,Red,414495,38962,Cancelled,SMS,Khasi,0.96
2871,3,32,4726,Emergency,2019-01-11 09:05:01,2019-01-06 12:41:25,2018-08-25 07:56:09,Green,157751,26301,Cancelled,Radio,Assamese,0.8
2872,1,6,845,Early Warning,2022-12-15 20:06:22,2024-06-13 19:06:24,2022-11-27 07:36:20,Yellow,239949,23805,Cancelled,Push Notification,Khasi,0.84
2873,7,56,4010,Drill,2019-10-24 09:54:28,2019-07-28 22:04:10,2020-01-20 07:20:35,Orange,260692,47291,Superseded,Radio,Manipuri,0.77
2874,6,47,4060,Early Warning,2021-11-25 11:34:53,2021-12-27 08:59:40,2022-10-07 20:17:59,Green,293968,7929,Expired,Radio,Hindi,0.42
2875,8,60,777,Drill,2019-05-03 05:39:16,2024-03-08 22:33:03,2024-07-23 02:03:27,Green,291041,2018,Expired,Push Notification,Assamese,0.64
2876,4,38,495,Drill,2023-03-25 04:47:34,2021-06-14 23:34:56,2021-07-03 20:04:48,Red,381788,1279,Expired,All,Assamese,0.55
2877,6,47,1666,All Clear,2022-09-03 15:48:20,2023-07-02 21:02:15,2021-01-26 14:38:27,Yellow,240944,4140,Superseded,Radio,Assamese,0.83
2878,5,43,4339,Drill,2019-02-20 01:43:45,2018-01-04 14:46:56,2018-02-13 02:21:42,Green,99144,44752,Superseded,SMS,Mizo,0.83
2879,4,38,174,Watch,2021-10-20 20:04:34,2022-02-23 08:31:54,2022-06-05 03:57:47,Green,407320,3982,Superseded,Siren,Mizo,0.87
2880,4,38,1842,Emergency,2019-05-26 05:13:59,2024-10-23 05:13:08,2024-10-04 08:21:51,Green,394606,46288,Active,All,Manipuri,0.46
2881,4,33,2223,Drill,2023-01-20 01:59:41,2023-12-01 01:10:43,2023-11-19 14:47:21,Yellow,228267,32224,Cancelled,All,Assamese,0.91
2882,8,60,1442,Advisory,2023-03-28 21:13:36,2018-07-04 03:07:55,2022-01-15 01:33:43,Red,418714,18769,Cancelled,Radio,Assamese,0.52
2883,1,9,3499,Advisory,2022-01-03 00:11:01,2023-10-05 07:25:00,2020-05-08 01:13:30,Red,47187,39195,Expired,All,English,0.61
2884,4,38,2224,All Clear,2022-03-29 12:17:01,2020-12-23 11:45:14,2018-01-11 20:24:43,Red,450518,2644,Expired,Radio,Bengali,0.84
2885,6,49,1222,Emergency,2018-07-09 13:14:41,2019-07-12 20:18:36,2021-05-19 01:31:16,Yellow,320679,14795,Active,Push Notification,Hindi,0.89
2886,3,25,2095,Advisory,2020-12-08 20:25:24,2021-10-09 06:56:57,2019-11-23 20:15:59,Yellow,126727,662,Active,Siren,Mizo,0.84
2887,2,17,322,Watch,2024-03-25 14:44:35,2020-11-06 20:15:36,2018-09-26 20:59:32,Red,226949,33747,Cancelled,Push Notification,Khasi,0.4
2888,3,30,3275,Advisory,2024-05-02 11:45:35,2019-01-15 13:46:45,2019-01-24 19:26:28,Red,179720,46405,Expired,Siren,Mizo,0.74
2889,4,38,203,Watch,2018-07-12 03:46:42,2021-05-26 00:26:16,2024-02-26 07:22:16,Orange,484620,26751,Expired,Push Notification,Hindi,0.64
2890,2,15,1779,Watch,2020-03-12 04:19:41,2022-07-14 07:43:02,2021-01-07 19:10:08,Yellow,365608,26230,Expired,All,Hindi,0.63
2891,7,58,1795,Watch,2022-03-26 00:48:46,2020-11-13 01:55:38,2024-05-22 00:17:45,Yellow,304045,13624,Active,SMS,Hindi,0.87
2892,5,46,3863,Early Warning,2024-07-10 10:27:09,2022-08-15 17:17:27,2023-11-23 20:20:01,Green,306319,20459,Expired,Push Notification,Bengali,0.95
2893,1,3,1675,Early Warning,2024-04-27 14:50:15,2020-04-09 20:15:25,2019-09-06 15:41:15,Red,100284,15284,Expired,SMS,Khasi,0.74
2894,7,57,4216,Advisory,2019-10-17 03:09:28,2021-05-23 11:32:06,2023-05-26 16:29:53,Orange,401727,5406,Expired,Radio,Khasi,0.64
2895,4,36,104,Watch,2020-04-16 22:35:35,2021-09-28 16:26:20,2018-11-10 21:10:02,Red,310710,34325,Cancelled,SMS,Assamese,0.96
2896,4,37,3160,Drill,2022-08-06 19:41:49,2023-05-05 14:39:56,2021-04-14 18:22:10,Green,155180,24217,Cancelled,Radio,Bengali,0.81
2897,5,45,1181,Emergency,2018-10-25 19:46:17,2023-08-31 05:16:47,2023-12-05 15:49:32,Orange,282890,14578,Superseded,All,Khasi,0.41
2898,2,19,247,Drill,2020-10-01 04:11:51,2019-03-28 22:59:57,2023-05-09 23:27:33,Yellow,432064,29511,Expired,All,Assamese,0.67
2899,3,24,1673,All Clear,2020-03-28 08:12:56,2022-09-24 17:16:31,2019-10-25 23:06:56,Yellow,333368,37497,Active,Push Notification,Manipuri,0.62
2900,8,59,4975,Drill,2021-12-27 08:27:59,2019-10-19 06:13:06,2018-09-07 11:48:00,Yellow,363633,24398,Active,Push Notification,Hindi,0.37
2901,4,33,3065,Advisory,2024-06-11 15:50:11,2024-10-14 21:20:10,2021-02-01 04:42:58,Red,408718,5288,Active,Push Notification,Bengali,0.31
2902,3,28,3559,Drill,2024-04-07 01:01:51,2023-09-17 00:25:34,2024-07-12 06:28:17,Red,19406,26428,Superseded,Push Notification,Bengali,0.65
2903,3,31,767,Watch,2020-07-14 08:46:48,2019-03-19 04:35:17,2022-10-05 08:22:46,Red,306061,23486,Active,SMS,Hindi,0.67
2904,1,12,2543,Emergency,2019-04-01 14:00:01,2019-06-09 17:49:23,2019-04-20 10:25:55,Red,54187,21315,Cancelled,All,Mizo,0.58
2905,8,59,3619,All Clear,2020-07-05 09:32:33,2023-10-04 07:45:09,2021-07-12 05:12:51,Yellow,119560,39096,Cancelled,All,Bengali,0.94
2906,2,19,60,Advisory,2019-09-17 16:18:52,2024-09-13 20:14:07,2024-04-30 20:02:09,Orange,150044,27181,Cancelled,Siren,Mizo,0.76
2907,3,24,1626,Early Warning,2018-08-20 10:06:35,2022-05-15 12:53:28,2022-03-05 05:48:37,Red,113975,2052,Active,Push Notification,Khasi,0.9
2908,1,2,1200,Watch,2024-04-06 14:36:23,2021-03-27 03:29:10,2023-09-18 05:15:00,Red,197254,14512,Expired,Radio,Khasi,0.57
2909,6,51,3779,Watch,2019-09-29 13:32:18,2024-03-17 03:24:30,2019-09-28 09:00:19,Yellow,149564,33095,Superseded,Radio,Manipuri,0.45
2910,1,5,3491,Early Warning,2023-09-05 22:46:34,2024-10-12 00:46:14,2018-10-26 09:07:41,Red,304323,8116,Active,All,English,0.51
2911,4,34,3530,Drill,2021-05-16 08:32:10,2021-10-06 09:08:10,2019-10-08 20:06:44,Green,450388,48882,Expired,Siren,Bengali,0.51
2912,6,49,3665,Drill,2024-07-31 08:01:36,2021-12-28 05:18:19,2022-05-17 05:55:41,Yellow,187482,40241,Cancelled,Radio,English,0.64
2913,3,28,478,All Clear,2024-09-10 18:55:16,2019-09-07 15:05:21,2022-03-20 22:15:22,Green,50813,27186,Cancelled,Radio,Khasi,0.96
2914,1,7,119,Emergency,2020-06-06 05:12:16,2024-12-05 21:41:54,2020-02-07 04:02:53,Orange,375370,17819,Superseded,Siren,Manipuri,0.88
2915,2,17,4045,Drill,2024-09-29 01:35:39,2019-12-28 10:04:56,2022-08-04 08:39:00,Yellow,231038,35985,Active,Radio,Hindi,0.65
2916,4,37,246,Emergency,2023-08-11 00:05:25,2021-09-18 21:55:50,2020-12-07 03:57:11,Orange,481601,5759,Expired,Siren,Manipuri,0.86
2917,2,20,3682,All Clear,2021-10-06 22:22:10,2022-07-01 12:07:50,2024-05-30 12:20:07,Green,283082,32929,Expired,Siren,Bengali,0.47
2918,2,17,2907,All Clear,2018-05-15 19:50:41,2020-09-17 19:45:18,2023-04-08 01:43:18,Red,112466,32988,Active,Siren,Hindi,0.82
2919,1,4,1228,All Clear,2020-01-15 20:34:56,2022-11-08 22:37:51,2023-06-27 17:02:54,Green,310317,44110,Superseded,Radio,Assamese,0.86
2920,8,61,1355,Advisory,2020-04-04 00:03:56,2024-08-03 09:01:43,2019-12-23 09:40:02,Yellow,187966,16458,Superseded,All,Bengali,0.42
2921,1,8,1530,Drill,2024-12-23 10:06:14,2021-01-10 00:37:22,2021-04-23 04:41:19,Green,16978,15409,Superseded,SMS,English,0.66
2922,1,3,1717,Emergency,2020-10-22 15:20:34,2023-04-17 04:03:32,2020-06-22 06:57:05,Orange,200252,27994,Active,Radio,Manipuri,0.86
2923,2,14,3908,Emergency,2021-06-04 02:13:32,2020-05-08 03:18:45,2021-11-28 18:58:07,Orange,225707,48146,Active,SMS,Assamese,0.36
2924,1,12,949,Early Warning,2024-11-29 07:37:16,2024-06-02 07:58:43,2020-01-09 15:09:37,Orange,381270,37653,Superseded,Radio,Bengali,0.69
2925,3,27,4119,Drill,2024-01-18 20:47:56,2022-10-16 06:28:59,2023-06-08 18:39:19,Green,23385,2779,Cancelled,SMS,Bengali,0.66
2926,2,15,1761,Watch,2019-11-05 04:27:37,2022-08-17 13:16:01,2021-07-16 10:00:18,Orange,374781,46866,Superseded,SMS,English,0.87
2927,4,33,2571,Early Warning,2020-09-07 16:49:31,2019-06-04 22:32:27,2022-12-27 00:20:44,Green,177695,31583,Expired,All,English,0.37
2928,7,57,256,Advisory,2018-08-02 01:41:20,2024-11-23 14:12:17,2021-01-04 06:47:26,Yellow,448969,30519,Active,All,English,0.94
2929,4,36,449,All Clear,2021-04-10 10:18:00,2020-07-06 03:58:36,2023-03-03 16:51:25,Green,298002,37905,Active,Push Notification,Assamese,0.74
2930,6,47,3062,Advisory,2018-04-23 09:55:42,2019-01-11 08:33:19,2022-11-24 06:51:45,Orange,49849,44029,Expired,All,Assamese,0.67
2931,1,6,4110,Early Warning,2021-09-07 14:14:18,2022-02-09 17:06:58,2018-01-25 04:37:39,Red,281258,751,Cancelled,All,Hindi,0.72
2932,2,14,1335,Early Warning,2024-05-22 22:32:37,2022-03-04 14:33:13,2023-12-22 00:31:08,Orange,53269,39332,Superseded,SMS,Hindi,0.97
2933,2,15,1701,Early Warning,2024-11-30 05:18:02,2024-06-26 17:07:29,2019-08-28 22:52:25,Yellow,146611,37780,Cancelled,Push Notification,Hindi,0.33
2934,7,56,2173,Watch,2018-05-09 11:10:22,2022-01-25 02:17:57,2023-10-02 22:48:09,Green,38394,30879,Superseded,Radio,Manipuri,0.69
2935,3,25,1266,Advisory,2024-02-04 14:46:47,2022-08-08 12:31:27,2018-01-22 10:52:40,Red,203869,26176,Active,SMS,Khasi,0.94
2936,8,61,1486,Drill,2021-07-11 20:23:59,2018-04-12 23:36:28,2023-07-12 10:38:55,Yellow,120451,3902,Superseded,All,Mizo,0.56
2937,1,5,3518,Drill,2020-09-14 23:51:54,2018-10-17 21:07:53,2019-06-07 00:21:18,Red,57859,7725,Superseded,SMS,Mizo,0.75
2938,4,35,671,Drill,2019-01-13 07:08:01,2024-01-17 07:24:32,2023-06-28 03:53:23,Yellow,408999,15074,Expired,Push Notification,English,0.43
2939,3,23,4782,All Clear,2024-05-05 07:29:21,2024-02-17 23:03:30,2019-02-26 11:23:48,Red,31330,28127,Expired,Push Notification,English,0.85
2940,6,53,2793,All Clear,2023-02-08 05:41:44,2023-08-07 15:53:42,2023-11-07 01:30:13,Red,264810,45948,Active,SMS,Manipuri,0.79
2941,5,41,883,All Clear,2022-11-09 04:00:28,2018-05-31 09:08:07,2020-06-14 10:17:27,Red,188482,2021,Cancelled,Push Notification,English,0.35
2942,6,49,402,Early Warning,2019-11-06 16:03:10,2022-06-01 01:30:36,2019-01-16 10:28:12,Red,212409,17962,Active,All,Mizo,0.31
2943,2,17,3335,Drill,2018-05-13 01:06:53,2023-03-14 21:14:28,2022-04-02 02:07:46,Green,475648,6698,Cancelled,SMS,Mizo,0.84
2944,6,54,1935,All Clear,2020-04-28 17:24:52,2020-10-08 20:42:20,2020-03-30 00:20:30,Red,147157,37095,Cancelled,SMS,Mizo,0.58
2945,4,38,2724,Emergency,2022-04-08 02:43:07,2019-02-14 04:28:56,2023-11-21 22:26:10,Green,495376,29932,Cancelled,Radio,Assamese,0.6
2946,4,36,1806,All Clear,2023-10-27 21:54:00,2023-07-25 11:25:41,2018-05-07 04:57:54,Orange,255486,16901,Expired,All,Bengali,0.35
2947,1,10,132,Emergency,2020-06-21 02:30:13,2023-07-15 03:57:38,2021-10-08 13:08:29,Orange,475996,28251,Expired,Radio,Mizo,0.43
2948,6,49,4372,Emergency,2020-06-12 17:05:38,2024-05-27 17:03:19,2021-04-28 08:21:23,Red,317199,5608,Cancelled,Push Notification,English,0.37
2949,8,61,2341,All Clear,2022-03-20 01:23:41,2023-05-12 09:18:16,2021-05-30 09:51:26,Yellow,64830,30763,Cancelled,Siren,Manipuri,0.52
2950,8,59,118,Watch,2019-02-23 15:44:21,2023-03-07 07:42:46,2024-11-11 03:17:41,Red,233927,25433,Active,SMS,Mizo,0.57
2951,1,9,4425,Early Warning,2021-05-24 16:54:02,2024-07-14 01:45:33,2019-08-13 04:39:23,Red,161812,39109,Expired,Radio,Mizo,0.96
2952,7,57,4493,Emergency,2023-01-22 00:50:11,2023-07-14 22:19:42,2018-05-23 19:58:50,Red,65602,25941,Cancelled,Siren,Hindi,0.89
2953,6,48,4023,Early Warning,2024-12-27 08:58:29,2019-05-07 07:33:20,2018-07-15 10:34:23,Orange,470305,23850,Superseded,Push Notification,Hindi,0.36
2954,8,61,1209,Advisory,2020-09-28 07:38:20,2019-07-12 02:25:45,2019-09-23 22:40:23,Yellow,178464,9920,Cancelled,Siren,Mizo,0.32
2955,4,34,2630,All Clear,2024-05-04 00:32:07,2021-04-28 04:13:11,2018-07-14 05:44:36,Orange,237401,11780,Active,Radio,Mizo,0.34
2956,6,50,1231,Drill,2018-01-26 15:30:52,2019-12-09 07:41:45,2020-10-23 16:43:50,Orange,104547,5744,Expired,SMS,Manipuri,0.49
2957,8,59,3390,All Clear,2018-02-21 18:07:50,2023-04-22 16:40:27,2019-12-16 09:14:10,Orange,151176,43508,Expired,Push Notification,Hindi,0.39
2958,5,46,1013,Watch,2018-01-21 14:16:30,2022-12-03 19:26:15,2020-04-21 13:20:26,Green,480566,16917,Expired,SMS,Mizo,0.87
2959,8,59,616,All Clear,2020-05-23 03:40:05,2024-09-20 12:01:07,2022-02-17 07:49:39,Green,268532,14578,Cancelled,Push Notification,Khasi,0.89
2960,3,30,3947,Drill,2023-01-13 11:23:51,2020-08-01 16:15:50,2018-05-21 05:19:03,Yellow,396632,9737,Active,SMS,Assamese,0.95
2961,1,10,1869,Emergency,2018-10-16 02:24:54,2023-04-19 16:32:04,2022-10-25 00:47:59,Yellow,453868,44659,Active,All,English,0.76
2962,8,62,350,Watch,2024-11-02 23:57:43,2020-08-23 09:52:39,2019-05-21 06:11:16,Red,214219,22531,Superseded,All,Mizo,0.73
2963,6,52,3566,Drill,2024-11-23 23:16:15,2020-10-30 00:42:14,2021-01-28 12:28:56,Yellow,264306,31029,Superseded,Radio,Mizo,0.96
2964,3,23,1045,Drill,2021-07-19 14:37:55,2020-07-22 15:28:34,2022-04-10 11:51:51,Yellow,274134,34942,Expired,Push Notification,Khasi,0.83
2965,3,32,1222,Advisory,2020-09-04 07:49:54,2024-05-12 11:53:18,2019-07-31 21:15:39,Orange,67345,41903,Cancelled,Push Notification,Bengali,0.38
2966,7,58,3817,All Clear,2022-06-24 10:13:58,2018-03-20 10:12:01,2020-10-25 18:00:01,Yellow,24249,16353,Cancelled,Radio,Bengali,0.46
2967,6,48,4320,Watch,2019-08-04 00:27:32,2018-01-23 02:33:30,2020-03-24 23:49:18,Red,231510,25998,Superseded,Siren,Assamese,0.94
2968,5,46,363,All Clear,2022-07-12 17:26:35,2022-08-24 07:21:55,2022-03-19 08:36:20,Yellow,156981,21033,Superseded,SMS,Khasi,0.77
2969,1,4,3872,Early Warning,2020-08-31 17:14:27,2023-10-27 03:48:27,2024-12-27 11:16:25,Yellow,112899,46975,Superseded,All,Bengali,0.72
2970,1,7,3043,Emergency,2024-08-11 11:25:45,2019-02-03 21:47:40,2018-10-24 00:43:28,Yellow,344382,42915,Active,Siren,Mizo,0.51
2971,7,58,674,Watch,2020-03-09 05:41:09,2018-01-12 18:48:01,2023-05-29 15:33:34,Orange,429512,7981,Active,Siren,English,0.49
2972,2,19,2913,Advisory,2019-03-19 05:23:14,2020-12-31 06:20:05,2024-01-09 03:25:42,Red,241985,20439,Cancelled,Push Notification,Hindi,0.35
2973,6,51,3923,Drill,2018-10-28 09:19:57,2021-01-31 00:20:13,2019-12-06 14:03:55,Green,119156,15927,Cancelled,All,Assamese,0.42
2974,3,28,3829,Early Warning,2018-03-30 12:23:58,2024-05-19 04:26:49,2018-05-23 00:14:37,Green,391382,13501,Cancelled,Push Notification,Bengali,0.51
2975,4,39,4066,All Clear,2021-02-05 19:55:16,2024-02-06 11:00:27,2021-07-08 06:02:15,Orange,328775,4510,Active,Siren,Manipuri,0.58
2976,8,61,1072,All Clear,2018-12-26 04:01:50,2023-01-10 10:30:51,2019-04-22 17:47:31,Orange,261793,39780,Cancelled,Push Notification,Assamese,0.61
2977,8,59,1799,Emergency,2022-05-19 22:52:38,2020-06-15 05:35:10,2022-12-18 11:19:53,Yellow,454912,2951,Expired,Push Notification,English,0.41
2978,1,12,1877,Advisory,2023-02-14 14:29:03,2022-09-26 18:07:35,2018-05-08 05:59:33,Orange,487362,28768,Active,Radio,Assamese,0.44
2979,1,8,2558,Emergency,2024-03-23 17:38:05,2022-09-23 02:42:56,2021-12-10 11:55:03,Yellow,162447,30135,Superseded,Siren,Bengali,0.3
2980,1,2,1812,Emergency,2021-06-05 02:41:32,2024-06-26 10:42:47,2021-01-02 12:23:46,Red,210977,820,Active,Siren,Assamese,0.97
2981,1,9,1328,Early Warning,2022-09-04 14:57:24,2019-07-17 07:14:56,2024-09-12 12:03:21,Yellow,360516,42271,Expired,SMS,Manipuri,0.88
2982,2,14,4125,Emergency,2021-07-14 09:51:12,2022-09-23 04:18:53,2024-09-20 20:49:30,Yellow,137248,49974,Superseded,Push Notification,Assamese,0.48
2983,6,51,1766,Watch,2023-02-04 02:03:55,2018-02-04 11:11:05,2020-07-19 02:13:24,Yellow,378595,23602,Superseded,All,Hindi,0.76
2984,1,3,3296,Early Warning,2021-05-30 12:16:38,2020-04-28 16:35:39,2022-08-15 07:01:24,Red,184814,15178,Active,Push Notification,Hindi,0.48
2985,8,59,2168,All Clear,2019-10-01 17:27:06,2024-11-25 20:18:58,2024-03-08 17:21:47,Orange,145389,37898,Active,SMS,Manipuri,0.76
2986,7,56,3548,Watch,2020-12-28 00:33:30,2020-03-23 02:31:22,2019-07-18 07:52:15,Green,62150,1906,Superseded,Push Notification,Assamese,0.69
2987,1,6,3882,Advisory,2024-06-10 08:36:45,2022-10-04 02:21:02,2024-01-16 21:23:52,Green,380648,14779,Superseded,Radio,Khasi,0.96
2988,1,7,682,Drill,2023-11-12 13:44:29,2020-11-16 06:52:38,2022-12-06 02:01:02,Red,183397,23686,Cancelled,All,Bengali,0.42
2989,5,40,2022,Early Warning,2022-04-02 07:54:24,2019-10-11 00:23:18,2024-06-28 18:03:16,Yellow,447408,26877,Expired,Siren,Bengali,0.7
2990,1,12,4005,Emergency,2021-05-26 23:27:11,2022-06-03 13:09:40,2022-03-10 17:50:06,Red,249787,31989,Cancelled,All,Hindi,0.55
2991,4,36,3483,Advisory,2018-08-12 09:26:48,2018-10-05 10:36:14,2022-02-17 11:27:47,Yellow,134757,39034,Active,All,Bengali,0.45
2992,6,53,4550,Watch,2018-03-14 23:18:19,2021-09-05 06:34:40,2024-09-09 22:51:04,Orange,257729,8537,Expired,Push Notification,Manipuri,0.72
2993,5,44,4015,Advisory,2021-06-15 12:42:32,2018-03-27 15:38:59,2018-04-14 00:25:50,Green,49370,4914,Active,Push Notification,Manipuri,0.37
2994,2,20,4307,Advisory,2018-01-01 16:35:54,2019-07-24 21:26:00,2024-05-17 06:06:13,Orange,104333,27046,Cancelled,Siren,Manipuri,0.41
2995,1,5,2143,Early Warning,2022-12-23 14:42:23,2018-01-08 21:04:55,2024-03-05 23:35:52,Green,275128,25806,Active,Siren,Mizo,0.87
2996,6,53,2049,Advisory,2021-12-01 00:09:55,2023-05-08 17:45:02,2024-10-23 18:53:36,Green,345434,39504,Active,Radio,Assamese,0.46
2997,5,43,220,All Clear,2021-03-31 00:45:40,2022-11-14 01:28:16,2021-03-29 09:13:16,Red,242210,43667,Expired,Siren,Assamese,0.43
2998,1,3,4785,Early Warning,2023-09-30 23:13:56,2018-05-20 23:30:29,2024-10-24 12:10:00,Red,95114,49917,Expired,Siren,Hindi,0.6
2999,2,15,1421,All Clear,2018-06-27 12:16:59,2024-10-16 15:54:01,2021-04-17 05:22:30,Orange,297693,37087,Superseded,Push Notification,Bengali,0.94
3000,5,40,3842,Advisory,2018-11-18 17:52:03,2023-10-20 23:24:13,2021-10-11 05:55:28,Orange,324142,12810,Expired,Siren,Assamese,0.3
