anomaly_id,sensor_id,slope_id,state_id,district_id,anomaly_type,detected_datetime,anomaly_score,severity,magnitude,duration_minutes,status,investigation_start,resolution_datetime,detection_method
1,109,323,6,50,Ground Cracking,2023-11-07 20:25:19,0.868,Critical,18.72,871.5,Investigating,2022-04-30 16:23:55,2024-11-14 07:15:40,Rule-Based
2,263,68,7,58,Seismic Signal,2019-12-11 05:03:54,0.627,Medium,319.15,2979.0,False Alarm,2021-04-28 13:06:59,2022-09-05 12:34:28,Statistical
3,240,27,5,45,Ground Cracking,2020-05-08 12:59:37,0.994,Medium,183.46,339.2,Resolved,2022-01-09 12:48:35,2021-04-28 02:20:45,Isolation Forest
4,208,328,1,8,Seismic Signal,2020-06-09 05:44:25,0.972,Medium,22.18,2271.8,Resolved,2020-09-26 05:35:47,2021-07-14 00:07:04,Statistical
5,21,83,1,11,Vegetation Loss,2021-04-26 11:09:55,0.985,High,450.63,2043.4,Investigating,2018-08-03 05:26:59,2021-03-02 04:45:45,Isolation Forest
6,282,7,2,21,Ground Cracking,2020-01-17 20:03:09,0.685,High,215.37,2492.9,Investigating,2020-08-02 12:30:18,2022-07-14 11:28:16,Rule-Based
7,190,209,2,16,Seismic Signal,2024-03-18 00:52:47,0.715,Low,291.76,4445.5,False Alarm,2022-09-25 17:30:44,2021-03-15 06:31:15,LSTM Autoencoder
8,88,439,6,54,Seismic Signal,2018-04-11 07:46:10,0.905,Critical,452.2,2510.2,False Alarm,2021-04-18 21:21:33,2021-03-05 17:35:21,Rule-Based
9,272,243,3,27,Sensor Outlier,2020-09-07 13:48:57,0.579,Medium,164.14,96.8,Resolved,2023-01-09 06:07:12,2018-09-16 15:40:38,Statistical
10,231,83,6,47,Sensor Outlier,2020-11-06 19:16:21,0.519,High,137.87,2331.3,Resolved,2022-11-08 09:52:15,2024-07-27 23:54:52,LSTM Autoencoder
11,28,410,7,56,Pore Pressure Spike,2023-07-06 10:34:08,0.581,Medium,453.72,4547.2,Investigating,2023-09-28 13:57:39,2019-07-09 18:19:09,Rule-Based
12,286,185,3,27,Seismic Signal,2020-10-24 01:49:23,0.718,Medium,86.5,384.3,False Alarm,2020-12-05 07:58:55,2024-01-17 23:46:23,LSTM Autoencoder
13,168,467,5,44,Sudden Displacement,2020-01-01 16:45:15,0.945,Medium,64.32,3893.1,Resolved,2018-02-02 20:25:51,2018-08-11 10:32:23,Rule-Based
14,72,414,1,5,Seismic Signal,2023-12-31 18:51:44,0.817,Critical,81.09,3825.2,False Alarm,2023-09-20 19:25:52,2024-08-14 23:07:33,LSTM Autoencoder
15,163,273,6,50,Seismic Signal,2021-03-30 23:55:32,0.914,Critical,182.76,1382.6,Investigating,2023-12-25 12:10:55,2022-05-28 17:50:22,Isolation Forest
16,150,261,3,32,Vegetation Loss,2020-06-24 00:08:42,0.815,Low,182.74,4272.5,Resolved,2020-09-02 04:22:41,2018-02-05 04:01:58,LSTM Autoencoder
17,119,276,1,3,Seismic Signal,2024-09-03 05:29:39,0.949,Low,40.52,4393.9,Resolved,2022-06-12 23:10:22,2021-10-25 00:37:34,Statistical
18,72,414,1,5,Vegetation Loss,2018-09-08 04:17:01,0.564,Low,316.81,2384.5,False Alarm,2024-12-30 10:23:31,2024-08-20 20:25:35,Rule-Based
19,123,323,7,56,Rainfall Anomaly,2019-11-14 00:20:07,0.76,Low,364.71,1518.9,Open,2019-02-23 06:15:15,2022-10-05 10:31:12,LSTM Autoencoder
20,211,464,6,50,Sudden Displacement,2019-07-25 03:33:25,0.769,Low,316.93,4621.7,False Alarm,2021-07-27 14:02:38,2018-06-26 00:39:30,Statistical
21,88,439,6,54,Sudden Displacement,2021-02-19 05:16:08,0.569,High,335.36,1910.0,Resolved,2021-10-18 07:48:06,2018-05-19 20:47:19,Isolation Forest
22,289,212,4,37,Pore Pressure Spike,2021-02-25 06:28:31,0.76,High,452.21,779.4,Investigating,2023-02-20 23:50:56,2019-04-22 18:32:46,Rule-Based
23,183,186,2,16,Seismic Signal,2022-05-25 21:14:58,0.834,High,203.67,3822.2,Resolved,2019-02-07 22:16:29,2019-06-28 06:41:10,Rule-Based
24,198,18,3,29,Vegetation Loss,2024-07-03 09:05:44,0.659,Medium,316.56,2939.2,Resolved,2024-05-14 05:31:22,2023-09-14 10:22:25,Rule-Based
25,230,436,6,47,Rainfall Anomaly,2020-03-15 03:10:18,0.814,Critical,204.9,2426.1,Investigating,2021-04-21 10:00:00,2020-08-10 07:50:07,Statistical
26,150,261,3,32,Pore Pressure Spike,2022-08-22 23:06:06,0.563,Low,337.58,310.5,Open,2020-07-06 10:00:51,2024-04-14 06:25:26,Statistical
27,116,432,4,34,Rainfall Anomaly,2024-01-24 19:11:59,0.906,Low,414.57,4915.8,Investigating,2021-04-24 16:31:55,2020-07-25 01:04:23,Isolation Forest
28,256,147,5,41,Rainfall Anomaly,2018-12-07 02:45:12,0.78,Medium,148.05,1285.7,Resolved,2022-11-04 21:35:10,2019-01-28 14:26:59,Statistical
29,163,273,6,50,Sensor Outlier,2018-06-05 06:16:47,0.946,Critical,412.24,1789.3,Open,2023-03-03 00:46:19,2018-05-05 05:14:15,Isolation Forest
30,207,168,4,39,Pore Pressure Spike,2020-06-13 07:53:42,0.948,Medium,450.28,1992.8,False Alarm,2021-05-21 14:29:35,2023-12-21 16:24:14,LSTM Autoencoder
31,185,138,5,46,Sensor Outlier,2022-10-04 20:10:01,0.953,Medium,415.49,4619.2,Open,2018-09-24 16:49:00,2021-09-23 23:06:39,Rule-Based
32,38,69,1,3,Vegetation Loss,2024-08-13 22:02:37,0.865,Low,405.04,4491.4,False Alarm,2022-04-08 23:37:03,2022-07-27 17:22:35,Isolation Forest
33,168,467,5,44,Sudden Displacement,2020-09-06 15:16:51,0.6,Low,423.71,4396.6,Open,2019-06-25 07:33:51,2024-12-04 15:56:49,Rule-Based
34,288,45,2,14,Ground Cracking,2021-11-28 08:28:28,0.528,Critical,163.57,4420.8,Open,2024-06-05 11:21:48,2018-06-07 02:20:50,Rule-Based
35,174,411,1,6,Sudden Displacement,2020-11-02 09:26:23,0.68,High,362.48,2702.6,Resolved,2023-03-05 06:00:13,2018-02-26 18:14:53,LSTM Autoencoder
36,54,93,1,11,Seismic Signal,2022-03-14 16:11:31,0.605,Medium,369.89,879.4,False Alarm,2021-07-02 05:32:42,2018-12-01 16:37:34,Isolation Forest
37,36,212,3,25,Seismic Signal,2020-08-30 12:08:05,0.599,Low,421.87,1749.7,Open,2018-04-17 15:19:47,2021-11-21 04:29:36,LSTM Autoencoder
38,257,95,1,11,Pore Pressure Spike,2022-04-12 20:22:09,0.697,Low,446.42,188.2,Investigating,2021-02-09 22:13:25,2023-12-18 02:13:13,Isolation Forest
39,262,401,6,51,Seismic Signal,2019-06-02 01:09:12,0.975,Medium,197.78,427.3,False Alarm,2018-11-17 07:01:43,2020-05-22 08:02:01,LSTM Autoencoder
40,214,299,1,3,Ground Cracking,2022-08-26 02:40:41,0.501,Medium,198.32,3905.9,False Alarm,2021-01-27 23:22:42,2021-02-13 09:56:38,Rule-Based
41,20,360,7,56,Sensor Outlier,2020-04-17 16:29:58,0.905,Medium,152.07,3219.9,False Alarm,2021-11-01 18:45:51,2022-01-31 17:21:38,Rule-Based
42,128,79,3,23,Pore Pressure Spike,2018-05-03 21:14:32,0.872,High,329.3,3076.4,Open,2020-03-01 06:25:54,2023-02-10 00:12:30,LSTM Autoencoder
43,97,237,2,21,Rainfall Anomaly,2021-08-30 19:27:20,0.954,Critical,357.47,4091.0,Investigating,2024-11-27 10:19:43,2020-06-04 01:05:31,LSTM Autoencoder
44,216,309,2,13,Seismic Signal,2024-02-23 00:07:50,0.621,Medium,393.17,3188.8,Investigating,2022-09-28 10:52:20,2023-12-15 09:49:52,LSTM Autoencoder
45,61,71,5,46,Ground Cracking,2020-10-14 00:07:26,0.731,Low,309.17,373.6,Resolved,2024-01-16 22:19:49,2018-08-22 21:26:57,Statistical
46,212,445,6,50,Sensor Outlier,2021-08-23 20:12:46,0.75,Medium,237.34,1732.0,False Alarm,2019-05-17 17:00:50,2021-04-16 08:07:26,Rule-Based
47,26,401,1,5,Vegetation Loss,2024-03-22 07:43:23,0.836,Low,79.01,977.2,Investigating,2023-06-26 01:25:25,2018-12-24 02:08:37,Statistical
48,215,306,2,22,Vegetation Loss,2020-12-13 22:47:28,0.96,Medium,333.13,679.8,Investigating,2024-07-16 22:57:00,2024-02-25 02:02:44,LSTM Autoencoder
49,100,42,1,5,Vegetation Loss,2021-09-06 09:44:39,0.687,Critical,47.4,1739.0,Investigating,2024-07-06 18:14:13,2023-03-20 00:39:01,Statistical
50,65,307,3,32,Sudden Displacement,2024-11-05 22:46:01,0.612,High,396.37,4892.1,False Alarm,2020-08-26 18:04:19,2020-07-03 11:28:48,LSTM Autoencoder
51,86,90,6,50,Sensor Outlier,2023-08-23 12:12:21,0.533,Low,468.8,4110.2,Open,2024-10-18 02:34:08,2020-01-03 20:44:13,Isolation Forest
52,214,299,1,3,Seismic Signal,2023-11-29 10:35:15,0.977,Low,214.96,2480.8,Investigating,2023-10-29 06:13:30,2019-12-17 03:42:30,Isolation Forest
53,44,34,5,41,Sensor Outlier,2024-01-19 08:03:32,0.954,Low,409.4,4845.7,Investigating,2022-01-30 08:02:21,2021-02-25 23:29:06,Statistical
54,77,322,2,15,Ground Cracking,2023-09-11 23:59:59,0.974,Low,359.44,4049.6,Investigating,2023-03-02 17:40:28,2023-06-05 09:22:37,Isolation Forest
55,115,410,1,10,Ground Cracking,2021-04-30 13:05:05,0.584,High,396.42,1991.6,Investigating,2023-01-19 01:11:11,2018-04-04 22:10:36,Isolation Forest
56,225,266,7,57,Rainfall Anomaly,2019-05-28 23:17:39,0.865,High,376.66,3535.9,Investigating,2021-10-20 13:43:31,2023-03-06 00:16:07,Isolation Forest
57,151,194,5,45,Slope Deformation,2020-11-04 17:24:41,0.509,Low,73.38,4880.1,Resolved,2018-06-09 14:23:46,2021-03-22 10:40:15,Isolation Forest
58,166,70,4,36,Slope Deformation,2020-12-19 21:03:47,0.828,Medium,418.92,2943.7,Open,2019-09-21 01:15:52,2021-04-06 04:31:51,Statistical
59,160,420,1,4,Seismic Signal,2024-11-17 09:42:24,0.715,Critical,366.97,542.6,Resolved,2018-07-27 20:57:47,2021-02-01 22:43:39,Statistical
60,276,300,3,30,Rainfall Anomaly,2021-09-15 11:11:19,0.519,High,427.7,1296.0,Resolved,2024-10-21 18:13:58,2024-05-18 04:27:41,LSTM Autoencoder
61,141,77,3,23,Ground Cracking,2023-08-27 05:58:40,0.731,High,38.83,3244.1,Open,2024-10-16 14:41:27,2018-05-26 11:03:04,Statistical
62,295,340,2,16,Ground Cracking,2018-09-08 12:41:18,0.607,Low,365.82,2123.7,Investigating,2023-08-26 16:51:38,2019-10-25 18:24:28,Statistical
63,26,401,1,5,Pore Pressure Spike,2024-09-28 02:40:40,0.516,High,475.5,1763.3,Investigating,2019-06-16 02:27:00,2018-07-25 10:11:00,Isolation Forest
64,74,191,2,19,Seismic Signal,2021-08-09 13:18:42,0.774,Medium,122.7,1995.6,False Alarm,2021-05-30 22:11:13,2019-06-28 09:25:33,Statistical
65,20,360,7,56,Sensor Outlier,2022-09-02 02:34:46,0.799,Medium,445.87,3306.7,Investigating,2022-04-07 16:07:30,2021-02-06 23:39:49,Rule-Based
66,230,436,6,47,Vegetation Loss,2018-02-14 19:37:21,0.721,High,231.52,2619.0,False Alarm,2019-01-12 02:09:59,2020-10-24 23:11:12,Isolation Forest
67,128,79,3,23,Pore Pressure Spike,2023-10-26 07:15:11,0.669,Medium,140.04,3378.0,Resolved,2024-09-16 14:48:52,2021-10-03 17:58:34,Statistical
68,16,291,3,23,Ground Cracking,2019-09-12 07:46:25,0.951,High,379.41,2191.9,Open,2019-12-17 22:46:50,2024-02-23 19:21:26,Statistical
69,278,468,3,28,Rainfall Anomaly,2022-10-15 10:08:32,0.704,Critical,405.27,643.3,Resolved,2018-03-12 14:06:38,2018-11-03 07:33:14,Statistical
70,284,199,1,5,Ground Cracking,2022-04-29 19:39:59,0.659,Low,302.35,1511.1,Resolved,2023-09-07 16:43:32,2018-08-21 16:48:38,LSTM Autoencoder
71,241,369,2,16,Vegetation Loss,2020-02-21 18:00:01,0.663,High,24.51,3678.6,False Alarm,2022-02-07 04:32:06,2022-06-08 07:34:13,Isolation Forest
72,31,7,7,56,Rainfall Anomaly,2023-04-04 14:28:51,0.554,High,281.44,4751.4,False Alarm,2023-05-28 07:17:46,2020-02-17 05:27:35,Statistical
73,102,305,5,43,Pore Pressure Spike,2018-02-10 22:23:18,0.623,Critical,20.85,3303.1,Resolved,2020-06-18 00:42:03,2021-07-13 19:57:08,LSTM Autoencoder
74,234,450,4,33,Sensor Outlier,2021-02-11 19:06:39,0.704,Low,170.56,3120.6,Resolved,2024-11-06 10:43:10,2021-12-19 08:40:26,LSTM Autoencoder
75,84,9,6,50,Sudden Displacement,2020-07-11 05:02:57,0.946,High,280.44,2289.3,Resolved,2024-08-12 05:10:43,2018-05-17 02:25:48,Rule-Based
76,94,201,3,30,Seismic Signal,2021-06-10 17:32:10,0.98,High,494.65,805.5,Open,2020-08-19 05:36:19,2023-04-30 17:02:44,Statistical
77,113,360,4,34,Sudden Displacement,2020-03-05 12:18:48,0.665,High,361.34,2299.6,False Alarm,2021-03-11 16:49:03,2021-03-15 10:04:30,LSTM Autoencoder
78,242,432,2,17,Ground Cracking,2019-07-13 13:13:58,0.644,High,307.28,2655.0,Open,2021-01-02 22:16:48,2019-10-31 08:50:20,Rule-Based
79,119,276,1,3,Seismic Signal,2020-04-10 16:46:03,0.997,Low,321.42,2115.3,Investigating,2021-03-29 20:29:11,2020-12-02 06:43:05,Statistical
80,249,202,1,8,Rainfall Anomaly,2019-12-09 10:18:45,0.65,Low,260.33,1322.3,Investigating,2023-07-17 21:49:44,2019-06-19 12:34:43,Rule-Based
81,218,313,3,29,Slope Deformation,2023-01-05 20:45:28,0.703,Medium,359.03,3199.2,Investigating,2020-03-20 14:14:41,2024-11-26 13:17:55,Statistical
82,80,242,2,22,Slope Deformation,2021-03-09 01:33:16,0.677,Critical,338.28,2939.4,False Alarm,2021-11-22 08:19:22,2018-09-23 15:06:42,Rule-Based
83,38,69,1,3,Sudden Displacement,2021-09-02 09:25:06,0.839,Critical,465.79,2067.7,Resolved,2021-11-06 14:18:35,2024-07-23 10:02:12,LSTM Autoencoder
84,62,298,6,47,Seismic Signal,2021-05-21 04:49:50,0.745,Medium,463.1,2240.8,Resolved,2018-10-03 15:21:49,2022-07-25 21:05:32,Statistical
85,225,266,7,57,Pore Pressure Spike,2019-12-13 06:46:24,0.772,Low,33.1,4760.1,False Alarm,2022-12-06 12:06:17,2020-09-10 09:51:28,Statistical
86,174,411,1,6,Sudden Displacement,2022-12-03 23:41:58,0.679,Low,356.09,4797.2,Resolved,2021-11-19 12:25:35,2022-03-27 03:53:20,Statistical
87,16,291,3,23,Ground Cracking,2021-04-30 00:20:00,0.989,Critical,152.29,1650.8,False Alarm,2024-04-21 07:01:07,2023-12-11 04:33:19,Rule-Based
88,161,402,3,26,Pore Pressure Spike,2021-08-28 08:18:32,0.537,Medium,301.21,3926.6,False Alarm,2024-04-04 22:06:33,2019-09-21 17:04:05,Isolation Forest
89,17,292,7,56,Vegetation Loss,2018-06-12 12:34:14,0.771,High,497.37,4408.2,Investigating,2020-08-20 15:28:49,2019-08-27 17:45:22,Isolation Forest
90,71,473,4,33,Ground Cracking,2023-04-09 21:48:12,0.789,High,162.78,1673.4,Resolved,2021-01-09 06:58:52,2021-07-09 10:20:24,Statistical
91,298,154,6,50,Sudden Displacement,2023-01-18 10:33:05,0.593,Low,171.38,125.5,Investigating,2019-02-26 14:55:26,2022-12-01 14:21:06,Statistical
92,17,292,7,56,Sensor Outlier,2022-07-14 04:21:02,0.752,Low,472.8,2996.5,Investigating,2020-04-10 07:16:07,2022-07-21 12:01:53,Statistical
93,43,483,5,46,Vegetation Loss,2018-09-06 04:35:42,0.605,Medium,492.29,2638.1,False Alarm,2024-04-17 21:56:32,2022-02-28 12:42:37,Rule-Based
94,262,401,6,51,Ground Cracking,2024-11-12 03:30:16,0.705,High,67.44,1083.7,Investigating,2022-11-07 02:06:59,2022-07-13 05:06:44,LSTM Autoencoder
95,186,183,5,40,Vegetation Loss,2018-01-06 13:12:23,0.756,Critical,486.19,677.5,Investigating,2019-01-26 10:31:39,2021-11-16 21:51:59,Statistical
96,110,305,3,28,Sudden Displacement,2019-09-27 02:30:17,0.998,High,92.67,132.0,Investigating,2021-05-17 07:00:10,2020-01-26 17:14:38,Rule-Based
97,242,432,2,17,Ground Cracking,2020-01-11 02:28:32,0.638,Critical,493.82,3359.6,Resolved,2023-10-23 21:00:22,2024-07-24 00:29:37,Statistical
98,119,276,1,3,Vegetation Loss,2021-10-01 11:28:45,0.765,Critical,379.64,446.1,Investigating,2018-02-13 21:12:36,2018-12-11 07:26:38,Statistical
99,188,486,4,39,Ground Cracking,2021-01-30 22:47:56,0.524,Low,139.72,3858.6,Resolved,2023-03-29 10:04:47,2021-10-23 19:32:53,Isolation Forest
100,297,202,3,31,Sensor Outlier,2024-06-22 06:17:02,0.792,Medium,341.18,3013.4,False Alarm,2021-08-05 03:03:16,2018-02-17 03:49:22,Statistical
101,5,236,2,20,Sudden Displacement,2024-04-12 00:56:03,0.892,Low,19.5,2125.2,False Alarm,2023-12-14 01:31:18,2018-07-19 11:46:08,Isolation Forest
102,66,272,3,28,Rainfall Anomaly,2024-10-12 01:56:45,0.563,Medium,462.44,1663.3,Investigating,2023-06-03 18:14:10,2022-10-28 00:58:15,Rule-Based
103,29,399,7,56,Seismic Signal,2021-11-06 09:05:22,0.918,Low,132.32,1898.2,Resolved,2022-09-28 20:37:51,2018-08-19 05:34:44,Isolation Forest
104,90,14,6,51,Rainfall Anomaly,2018-12-16 19:40:22,0.56,High,207.65,44.5,Resolved,2019-02-13 18:56:46,2018-01-15 07:29:22,Statistical
105,266,241,3,31,Seismic Signal,2021-03-31 09:44:40,0.742,High,488.93,13.8,False Alarm,2024-04-17 08:19:14,2021-08-16 00:29:05,Rule-Based
106,9,292,3,30,Sensor Outlier,2024-02-04 16:44:09,0.564,Medium,473.53,320.0,Investigating,2024-01-20 02:25:20,2023-06-22 08:07:28,LSTM Autoencoder
107,240,27,5,45,Vegetation Loss,2021-02-18 18:27:18,0.808,High,129.8,2996.3,False Alarm,2020-07-22 16:26:53,2022-09-12 07:39:18,Statistical
108,300,18,6,52,Rainfall Anomaly,2023-04-16 12:09:31,0.662,Low,312.26,2993.4,Open,2020-03-17 23:18:05,2022-11-13 00:51:35,Rule-Based
109,189,164,6,51,Vegetation Loss,2020-02-21 23:13:32,0.863,Critical,225.6,2072.8,Resolved,2020-08-10 14:58:49,2024-01-21 19:39:29,Isolation Forest
110,227,215,2,16,Vegetation Loss,2019-08-06 10:57:25,0.761,Low,376.82,1216.4,Open,2020-10-22 22:29:49,2021-10-18 01:19:18,LSTM Autoencoder
111,291,171,7,56,Seismic Signal,2024-11-13 02:50:11,0.936,Critical,74.34,3183.5,Open,2022-02-13 21:17:53,2024-04-15 12:14:49,LSTM Autoencoder
112,138,138,6,53,Seismic Signal,2019-12-20 06:21:18,0.67,Medium,7.54,1304.1,Resolved,2024-08-24 04:21:40,2020-12-23 01:33:13,Rule-Based
113,158,493,8,61,Sensor Outlier,2022-04-04 22:40:13,0.711,Medium,150.58,4890.2,Open,2022-09-23 15:38:46,2023-06-26 23:10:12,LSTM Autoencoder
114,123,323,7,56,Ground Cracking,2019-06-14 10:08:56,0.81,Medium,330.92,2278.8,Open,2024-02-23 13:05:50,2022-12-06 19:36:22,LSTM Autoencoder
115,14,405,5,46,Rainfall Anomaly,2023-10-03 06:40:45,0.754,Critical,201.34,2612.8,False Alarm,2022-04-25 00:40:24,2019-03-07 04:15:38,Isolation Forest
116,280,453,1,11,Rainfall Anomaly,2021-08-10 08:49:03,0.861,Low,482.07,2061.0,False Alarm,2019-09-05 15:30:20,2024-08-25 09:42:57,Isolation Forest
117,25,363,1,9,Sudden Displacement,2020-05-10 13:24:57,0.828,High,450.52,1351.8,Resolved,2019-07-05 09:37:01,2024-04-02 06:45:29,LSTM Autoencoder
118,246,262,1,5,Rainfall Anomaly,2019-04-11 01:59:36,0.971,Low,485.59,4196.0,Investigating,2019-09-11 05:32:14,2021-02-26 05:52:14,Statistical
119,146,161,1,8,Vegetation Loss,2019-02-16 22:47:45,0.964,Critical,179.78,2301.2,Open,2019-02-25 22:11:37,2019-02-07 19:21:33,LSTM Autoencoder
120,51,383,3,24,Ground Cracking,2024-05-15 02:23:29,0.892,Critical,102.42,4335.7,False Alarm,2019-02-24 19:33:41,2020-01-28 03:00:04,Rule-Based
121,108,218,5,46,Sensor Outlier,2023-04-26 02:50:23,0.744,High,253.38,2996.3,Open,2021-09-13 11:02:36,2019-08-01 04:47:22,Isolation Forest
122,63,342,1,6,Vegetation Loss,2019-09-10 07:50:34,0.512,Medium,201.76,932.8,False Alarm,2023-01-27 14:24:17,2018-04-04 05:47:41,Rule-Based
123,179,374,4,39,Rainfall Anomaly,2022-09-23 01:34:16,0.778,Low,147.07,2709.5,Open,2024-09-14 12:40:51,2020-11-24 01:30:20,Isolation Forest
124,223,79,7,56,Seismic Signal,2024-04-11 13:30:08,0.821,Medium,168.62,1023.0,Investigating,2019-11-28 10:33:38,2023-01-17 22:30:25,Statistical
125,287,429,6,52,Sensor Outlier,2020-11-24 09:22:52,0.573,Low,89.47,4902.7,False Alarm,2023-08-08 06:04:16,2018-01-11 01:26:18,LSTM Autoencoder
126,174,411,1,6,Sensor Outlier,2024-06-10 06:18:36,0.53,Medium,280.98,3932.7,Resolved,2021-03-24 05:17:21,2022-11-13 12:04:48,Isolation Forest
127,173,435,2,18,Seismic Signal,2024-12-22 16:14:30,0.556,Low,71.45,3497.6,Investigating,2018-02-06 20:31:57,2023-01-09 00:44:49,Isolation Forest
128,162,340,5,45,Vegetation Loss,2019-07-08 23:45:35,0.974,High,258.57,327.2,Resolved,2019-03-04 04:43:11,2024-07-17 18:55:08,Statistical
129,199,55,3,24,Slope Deformation,2018-08-20 08:58:36,0.735,High,486.37,3754.6,Open,2021-08-11 18:48:17,2020-05-19 03:49:44,Isolation Forest
130,207,168,4,39,Ground Cracking,2024-06-07 06:11:16,0.679,Medium,441.67,2822.3,Open,2024-06-27 02:49:20,2024-10-19 10:05:56,LSTM Autoencoder
131,148,408,2,22,Rainfall Anomaly,2018-10-08 01:41:10,0.881,Critical,122.12,2498.1,Open,2022-04-25 11:55:07,2020-10-31 01:04:40,Isolation Forest
132,272,243,3,27,Seismic Signal,2020-01-06 13:13:23,0.7,Critical,457.38,3277.8,Resolved,2021-04-14 03:40:15,2020-04-16 09:47:22,Rule-Based
133,156,18,6,51,Pore Pressure Spike,2020-09-26 18:27:22,0.728,Critical,125.8,2646.7,Open,2023-03-19 12:15:58,2020-11-12 04:54:26,Isolation Forest
134,45,323,1,5,Pore Pressure Spike,2021-06-13 09:34:49,0.651,High,12.05,1245.1,Investigating,2018-02-28 14:01:27,2021-01-11 04:04:50,Isolation Forest
135,69,467,5,42,Ground Cracking,2022-04-04 10:06:09,0.737,Medium,335.34,4285.7,Investigating,2022-06-16 21:06:12,2020-03-09 16:35:14,LSTM Autoencoder
136,62,298,6,47,Rainfall Anomaly,2024-07-27 22:34:58,0.928,High,153.96,111.4,Investigating,2021-09-18 06:52:14,2023-01-01 22:13:14,Statistical
137,46,477,2,17,Seismic Signal,2018-07-19 12:29:41,0.788,Critical,333.95,3151.0,Resolved,2022-04-08 06:21:40,2021-10-16 10:34:53,Statistical
138,48,202,3,30,Seismic Signal,2023-10-26 20:11:08,0.814,Low,431.17,3726.8,Investigating,2020-04-27 01:30:09,2024-11-28 15:59:14,Statistical
139,111,195,2,15,Slope Deformation,2024-05-05 16:18:54,0.993,High,143.02,2727.5,Resolved,2021-02-27 20:54:14,2018-05-28 05:53:30,Rule-Based
140,99,43,3,30,Sudden Displacement,2018-11-09 07:03:32,0.629,High,95.56,105.8,Open,2019-09-30 04:03:28,2019-05-27 06:24:31,LSTM Autoencoder
141,208,328,1,8,Seismic Signal,2024-11-29 09:53:22,0.8,Medium,182.14,1234.0,Investigating,2019-01-01 22:24:08,2022-11-10 01:18:32,Statistical
142,140,432,1,6,Ground Cracking,2022-06-10 13:20:26,0.667,Low,245.43,1732.2,Open,2020-09-24 09:42:33,2020-07-28 10:01:10,Rule-Based
143,6,186,7,55,Seismic Signal,2018-07-13 08:51:27,0.716,High,162.7,767.4,Investigating,2019-01-01 06:23:33,2018-04-26 04:48:44,LSTM Autoencoder
144,164,18,2,17,Pore Pressure Spike,2022-05-26 13:14:29,0.869,Medium,356.71,861.4,Resolved,2018-08-26 10:14:44,2024-09-27 00:05:05,Statistical
145,44,34,5,41,Rainfall Anomaly,2022-10-31 13:00:23,0.884,High,71.27,3793.9,Resolved,2020-12-26 00:43:05,2021-05-21 12:03:19,Rule-Based
146,120,461,2,19,Sensor Outlier,2022-11-12 22:37:49,0.51,Critical,61.26,1006.3,Open,2019-01-05 07:57:16,2022-04-14 03:00:04,LSTM Autoencoder
147,67,62,1,4,Slope Deformation,2024-10-27 12:47:06,0.699,Critical,1.8,2080.5,Open,2023-11-07 20:10:13,2024-08-30 12:39:45,LSTM Autoencoder
148,121,286,3,24,Sensor Outlier,2020-07-01 12:17:45,0.916,High,39.62,2550.0,False Alarm,2019-03-01 18:23:53,2018-06-12 10:38:00,Isolation Forest
149,154,195,1,8,Ground Cracking,2023-12-03 12:07:35,0.679,Critical,352.21,608.2,Resolved,2024-01-04 23:36:01,2018-02-21 13:19:32,Statistical
150,184,40,5,46,Pore Pressure Spike,2022-05-18 01:35:13,0.703,Medium,187.26,15.6,False Alarm,2019-06-28 06:52:58,2022-01-21 18:03:48,Isolation Forest
151,90,14,6,51,Rainfall Anomaly,2018-06-17 03:12:05,0.96,Low,70.78,2362.4,Investigating,2019-08-21 17:53:46,2021-07-28 00:03:15,Isolation Forest
152,45,323,1,5,Slope Deformation,2020-02-26 00:01:53,0.76,Critical,319.89,738.4,False Alarm,2019-11-02 00:59:22,2022-02-11 15:37:38,Statistical
153,88,439,6,54,Seismic Signal,2019-10-31 10:22:53,0.566,High,4.84,4889.7,Resolved,2021-04-18 01:25:41,2022-09-14 17:52:56,Rule-Based
154,284,199,1,5,Vegetation Loss,2019-09-07 16:32:16,0.551,High,389.95,210.8,Open,2021-04-10 00:57:25,2019-08-20 15:00:23,Isolation Forest
155,247,22,2,14,Sensor Outlier,2019-08-01 19:27:14,0.566,Medium,345.15,1921.3,Investigating,2019-05-23 22:18:24,2018-08-05 06:38:24,Statistical
156,142,58,2,22,Rainfall Anomaly,2020-08-13 22:41:16,0.962,Low,283.2,2356.4,False Alarm,2021-02-23 15:44:11,2024-12-19 22:10:21,Rule-Based
157,14,405,5,46,Pore Pressure Spike,2018-07-22 17:39:23,0.578,Critical,435.41,1428.5,Investigating,2021-08-05 04:30:27,2023-10-22 23:01:30,Isolation Forest
158,75,134,1,8,Ground Cracking,2018-04-03 15:22:50,0.766,Low,138.24,1464.1,Open,2022-02-14 21:26:59,2022-03-22 09:52:49,LSTM Autoencoder
159,212,445,6,50,Ground Cracking,2022-03-26 18:10:23,0.589,Medium,154.75,789.7,False Alarm,2019-07-22 10:31:05,2020-05-27 23:47:40,Rule-Based
160,186,183,5,40,Rainfall Anomaly,2022-11-02 00:32:38,0.736,Medium,107.31,493.1,False Alarm,2023-12-29 16:21:08,2024-06-18 00:20:37,LSTM Autoencoder
161,293,235,7,55,Pore Pressure Spike,2022-04-30 03:24:08,0.898,Critical,66.56,4431.1,False Alarm,2021-03-10 03:33:27,2024-12-07 17:52:20,Statistical
162,210,418,1,9,Ground Cracking,2023-02-03 20:24:11,0.888,Low,390.48,4758.1,False Alarm,2022-12-19 08:06:42,2021-02-27 08:38:05,Isolation Forest
163,131,244,2,20,Ground Cracking,2021-08-03 12:10:40,0.654,Low,212.97,477.4,Resolved,2022-07-30 10:40:30,2020-10-01 00:38:38,Statistical
164,262,401,6,51,Seismic Signal,2023-11-10 19:45:38,0.863,Medium,209.53,147.3,Open,2018-05-07 19:57:30,2024-12-02 08:51:05,Statistical
165,219,492,6,49,Rainfall Anomaly,2020-12-10 18:44:42,0.601,Critical,368.52,1119.7,Investigating,2023-06-18 13:50:42,2018-11-17 02:41:58,Isolation Forest
166,64,444,8,59,Slope Deformation,2019-07-27 19:35:49,0.636,Low,214.01,3533.4,Resolved,2022-11-26 20:54:39,2023-08-28 16:38:22,Isolation Forest
167,82,201,3,30,Vegetation Loss,2019-01-27 07:31:35,0.633,Low,270.39,3671.5,Open,2020-10-12 13:11:16,2018-08-27 13:38:36,LSTM Autoencoder
168,284,199,1,5,Sudden Displacement,2023-04-15 08:37:56,0.965,Medium,1.6,853.3,Open,2020-08-18 21:24:25,2022-11-19 11:14:39,Rule-Based
169,176,386,1,5,Sudden Displacement,2020-09-23 13:57:57,0.874,High,332.71,1825.5,Resolved,2020-09-07 15:03:39,2021-08-17 22:27:13,LSTM Autoencoder
170,126,299,3,23,Vegetation Loss,2019-08-18 15:30:16,0.951,Low,247.26,3480.2,False Alarm,2019-01-06 12:19:17,2024-07-13 06:07:58,Isolation Forest
171,50,278,2,20,Sensor Outlier,2019-08-10 10:58:08,0.973,Critical,432.19,2581.8,Open,2021-06-27 11:42:08,2024-05-06 11:49:54,Isolation Forest
172,135,170,6,49,Pore Pressure Spike,2021-10-04 01:23:05,0.899,Critical,82.79,3692.9,Open,2018-01-23 08:52:33,2022-12-21 04:24:26,LSTM Autoencoder
173,77,322,2,15,Ground Cracking,2021-01-14 19:47:34,0.518,High,414.83,1333.5,Investigating,2023-02-14 16:20:18,2022-06-27 08:02:13,Isolation Forest
174,47,499,6,51,Sensor Outlier,2021-11-30 11:54:09,0.907,Critical,231.79,187.5,Open,2024-01-25 04:39:04,2018-03-21 23:10:01,LSTM Autoencoder
175,197,117,8,61,Vegetation Loss,2018-03-30 09:53:18,0.631,Low,256.14,3970.6,Open,2023-07-16 13:20:30,2018-03-10 01:01:51,LSTM Autoencoder
176,237,330,3,29,Vegetation Loss,2020-01-04 04:04:50,0.58,High,406.12,481.0,Resolved,2021-10-11 14:45:17,2020-07-25 11:44:16,Isolation Forest
177,147,227,3,27,Ground Cracking,2022-09-14 07:29:20,0.65,Low,326.77,457.2,Investigating,2020-10-12 00:01:50,2018-10-02 11:21:04,Statistical
178,24,189,1,5,Seismic Signal,2021-06-18 14:35:22,0.529,Low,93.29,4004.7,Open,2020-09-25 23:25:47,2022-01-29 07:40:26,LSTM Autoencoder
179,297,202,3,31,Pore Pressure Spike,2022-11-03 04:51:36,0.552,High,28.13,4334.0,Resolved,2019-03-26 12:31:38,2021-12-23 14:43:22,Isolation Forest
180,192,379,3,30,Vegetation Loss,2022-01-22 21:56:51,0.55,Critical,410.78,2744.2,Open,2021-06-04 11:41:25,2020-09-19 16:04:29,Statistical
181,36,212,3,25,Slope Deformation,2020-03-26 08:36:14,0.814,Low,268.63,3126.8,Open,2020-12-17 18:49:48,2018-10-12 22:19:42,Rule-Based
182,115,410,1,10,Vegetation Loss,2020-10-16 06:22:32,0.996,Critical,444.23,1044.4,Open,2020-05-18 20:23:12,2024-12-28 03:10:53,Rule-Based
183,169,494,3,29,Pore Pressure Spike,2020-12-31 08:01:09,0.583,High,322.83,3782.8,Investigating,2019-07-27 05:04:03,2021-09-01 03:41:51,Rule-Based
184,43,483,5,46,Sudden Displacement,2018-04-06 02:32:03,0.563,High,264.18,699.8,Resolved,2023-07-31 07:58:29,2023-06-01 20:33:17,LSTM Autoencoder
185,258,487,7,56,Vegetation Loss,2018-01-11 12:03:44,0.635,Medium,151.95,467.5,Investigating,2024-09-07 01:11:24,2019-08-06 06:07:50,Rule-Based
186,66,272,3,28,Sudden Displacement,2021-04-12 09:17:56,0.87,Medium,356.47,1701.6,Investigating,2018-12-20 18:18:42,2022-01-25 00:57:21,Rule-Based
187,157,445,4,39,Ground Cracking,2018-12-02 09:01:59,0.995,High,114.35,690.6,Investigating,2024-09-28 09:12:20,2024-07-20 13:33:30,Isolation Forest
188,245,391,6,50,Sensor Outlier,2019-10-30 08:17:04,0.945,Medium,80.26,358.9,Open,2023-05-13 01:05:24,2021-04-07 13:37:44,Isolation Forest
189,15,343,5,40,Sensor Outlier,2024-11-14 21:06:55,0.881,High,115.35,1164.6,Resolved,2018-03-05 11:13:48,2019-09-22 04:45:51,LSTM Autoencoder
190,89,267,1,11,Sensor Outlier,2024-05-29 13:55:39,0.958,High,178.09,2280.4,False Alarm,2022-11-27 09:06:17,2018-03-13 06:53:28,LSTM Autoencoder
191,195,72,1,8,Seismic Signal,2019-03-23 07:33:36,0.691,High,7.72,2068.7,Investigating,2024-12-28 19:49:48,2023-07-27 09:22:06,Statistical
192,38,69,1,3,Rainfall Anomaly,2020-02-01 05:38:49,0.72,Medium,273.95,1619.7,False Alarm,2021-03-09 18:51:49,2021-01-10 00:24:53,Statistical
193,2,46,6,49,Sensor Outlier,2020-08-02 01:39:17,0.93,High,207.99,456.1,Open,2022-07-04 03:23:11,2024-07-10 01:01:57,Isolation Forest
194,120,461,2,19,Pore Pressure Spike,2024-02-29 03:50:39,0.952,Medium,27.07,3205.5,Investigating,2023-01-10 04:11:41,2019-10-18 06:50:17,Rule-Based
195,282,7,2,21,Rainfall Anomaly,2018-06-26 15:52:43,0.805,High,235.87,993.9,Investigating,2019-07-18 13:45:11,2020-03-04 16:33:43,Isolation Forest
196,127,439,3,30,Rainfall Anomaly,2023-09-28 10:16:45,0.759,High,194.09,2544.1,False Alarm,2024-10-04 03:50:46,2020-09-12 03:12:11,LSTM Autoencoder
197,91,161,7,55,Rainfall Anomaly,2020-10-10 10:52:43,0.936,Medium,383.19,2432.3,Resolved,2019-03-12 17:45:58,2023-04-13 07:40:08,Statistical
198,167,358,2,22,Sensor Outlier,2022-05-07 00:31:58,0.667,Critical,433.29,536.6,Open,2018-02-27 23:38:07,2024-02-21 13:39:34,Isolation Forest
199,183,186,2,16,Sudden Displacement,2024-07-27 11:09:37,0.615,Critical,28.45,2895.9,Resolved,2021-07-12 14:56:56,2024-07-18 05:39:48,Isolation Forest
200,133,455,5,43,Sudden Displacement,2022-11-11 19:40:02,0.63,Low,256.93,4177.4,False Alarm,2021-11-16 04:34:02,2023-03-18 03:34:04,Rule-Based
201,217,436,2,15,Slope Deformation,2022-05-25 11:32:01,0.565,High,421.05,4905.2,Open,2020-05-28 08:49:55,2018-10-01 21:39:46,Rule-Based
202,118,158,1,3,Slope Deformation,2021-10-25 17:35:38,0.794,Critical,340.41,3997.1,Investigating,2023-11-02 01:08:00,2020-06-23 23:08:55,Isolation Forest
203,281,435,8,59,Pore Pressure Spike,2018-09-06 02:18:28,0.848,High,212.13,3577.0,Resolved,2018-10-21 15:04:18,2019-06-09 04:45:33,Rule-Based
204,126,299,3,23,Vegetation Loss,2022-03-09 00:53:21,0.711,Low,416.98,710.8,False Alarm,2024-10-07 17:08:55,2018-10-19 16:55:46,Isolation Forest
205,295,340,2,16,Seismic Signal,2018-07-26 02:57:46,0.771,Medium,11.21,74.5,Investigating,2024-03-13 15:26:52,2021-06-05 15:43:51,Isolation Forest
206,298,154,6,50,Sudden Displacement,2024-07-19 10:29:43,0.753,Low,438.85,430.7,Investigating,2024-12-09 20:34:19,2023-04-26 12:34:45,LSTM Autoencoder
207,47,499,6,51,Slope Deformation,2019-08-19 21:59:39,0.543,Low,115.54,434.3,Investigating,2023-01-20 15:13:45,2023-03-27 13:08:03,Isolation Forest
208,62,298,6,47,Slope Deformation,2019-07-21 19:33:33,0.983,High,317.68,3395.1,False Alarm,2023-03-24 16:37:58,2019-11-12 04:23:35,Isolation Forest
209,208,328,1,8,Seismic Signal,2024-10-11 18:32:24,0.583,High,349.04,1635.7,Resolved,2022-04-27 05:47:34,2018-07-17 15:41:04,Statistical
210,25,363,1,9,Slope Deformation,2020-08-14 06:40:27,0.89,Low,89.6,301.8,False Alarm,2019-12-25 16:52:35,2018-10-27 14:02:52,Isolation Forest
211,74,191,2,19,Ground Cracking,2018-06-18 00:21:57,0.979,High,197.97,3252.3,False Alarm,2020-02-21 22:55:54,2022-09-23 06:03:27,Statistical
212,240,27,5,45,Rainfall Anomaly,2018-10-21 10:52:03,0.844,Medium,418.62,4394.9,Investigating,2019-05-09 23:52:41,2018-08-17 18:00:18,Isolation Forest
213,159,178,1,12,Ground Cracking,2021-06-16 15:36:10,0.971,High,247.18,4805.1,Resolved,2020-01-08 20:06:48,2023-06-01 00:25:21,Rule-Based
214,268,41,5,43,Sensor Outlier,2020-05-05 02:21:35,0.648,Low,118.82,336.3,False Alarm,2022-01-08 06:47:18,2023-02-02 20:10:21,Isolation Forest
215,49,5,4,35,Seismic Signal,2023-01-24 19:36:35,0.83,High,441.17,797.8,Open,2022-05-19 23:08:44,2024-11-05 15:18:06,Rule-Based
216,214,299,1,3,Rainfall Anomaly,2021-08-24 17:16:55,0.786,Medium,318.31,2374.6,Resolved,2023-08-27 03:14:47,2019-10-13 21:17:07,LSTM Autoencoder
217,154,195,1,8,Ground Cracking,2022-01-26 17:25:51,0.682,Low,458.17,469.4,Investigating,2021-04-14 12:52:57,2020-03-24 01:45:20,Rule-Based
218,177,75,3,26,Seismic Signal,2019-08-08 18:50:56,0.943,Medium,356.59,14.9,False Alarm,2024-06-06 08:22:59,2020-04-08 14:49:29,Statistical
219,73,405,2,19,Sensor Outlier,2018-01-22 03:27:09,0.892,Medium,280.33,3699.7,Open,2021-03-17 00:05:29,2019-02-15 13:02:09,Isolation Forest
220,181,115,8,59,Pore Pressure Spike,2019-03-02 01:22:08,0.823,High,414.86,807.6,Open,2018-11-15 14:50:03,2024-12-24 01:03:03,Statistical
221,223,79,7,56,Slope Deformation,2020-08-18 23:03:26,0.787,Low,476.62,3528.2,False Alarm,2020-10-10 00:40:51,2024-10-20 21:50:06,Isolation Forest
222,219,492,6,49,Sensor Outlier,2021-05-17 23:44:57,0.776,Low,266.52,651.4,Investigating,2021-05-22 09:23:52,2018-08-24 11:37:34,Rule-Based
223,39,80,1,3,Slope Deformation,2023-05-24 02:43:13,0.522,Critical,104.33,1340.2,Investigating,2022-05-26 23:07:11,2018-07-21 08:41:45,Rule-Based
224,242,432,2,17,Rainfall Anomaly,2022-08-08 01:54:15,0.645,High,159.01,3691.9,Investigating,2022-09-28 16:51:01,2023-04-17 09:00:50,Statistical
225,152,301,5,43,Vegetation Loss,2023-10-28 03:12:51,0.517,Low,275.63,2635.9,Resolved,2023-01-05 19:41:47,2021-09-30 02:37:28,Statistical
226,116,432,4,34,Rainfall Anomaly,2018-01-26 19:16:12,0.642,Low,349.12,2272.3,Open,2024-07-26 22:45:54,2022-04-21 05:38:38,Isolation Forest
227,27,383,2,19,Sudden Displacement,2019-03-10 18:49:53,0.8,Medium,101.65,590.4,Resolved,2018-12-03 21:46:09,2023-08-24 03:31:08,Statistical
228,137,66,2,17,Ground Cracking,2023-04-01 02:12:14,0.721,Medium,373.11,3946.2,False Alarm,2024-10-13 18:05:51,2023-06-29 16:55:26,Isolation Forest
229,59,172,3,23,Rainfall Anomaly,2020-07-13 16:09:15,0.843,Medium,362.92,2612.8,Resolved,2020-06-10 16:22:23,2020-01-10 04:40:40,Rule-Based
230,73,405,2,19,Sensor Outlier,2024-11-16 18:56:09,0.81,Medium,169.42,240.5,False Alarm,2024-02-23 03:30:40,2024-06-26 18:54:22,Isolation Forest
231,271,247,7,56,Pore Pressure Spike,2020-01-19 21:12:05,0.872,Low,436.31,1713.2,False Alarm,2023-11-27 15:41:50,2024-04-22 17:30:13,Rule-Based
232,157,445,4,39,Ground Cracking,2019-07-02 23:07:29,0.722,Low,16.49,3390.5,Resolved,2020-02-11 23:17:57,2021-02-19 01:29:49,Rule-Based
233,68,217,3,30,Seismic Signal,2020-07-29 12:00:19,0.96,Low,118.71,1809.9,False Alarm,2019-03-02 13:20:12,2019-05-08 13:56:03,LSTM Autoencoder
234,69,467,5,42,Pore Pressure Spike,2023-05-28 23:13:53,0.652,High,163.16,2318.4,Open,2020-03-25 20:24:10,2020-01-10 18:55:37,Isolation Forest
235,278,468,3,28,Seismic Signal,2021-04-22 14:36:55,0.683,Low,301.44,4596.3,Open,2019-01-12 19:19:49,2020-03-28 05:04:34,Isolation Forest
236,206,186,7,55,Pore Pressure Spike,2020-07-01 08:15:59,0.561,Medium,167.53,3342.9,Investigating,2023-03-17 14:33:53,2022-10-22 19:41:35,LSTM Autoencoder
237,134,410,1,3,Sensor Outlier,2024-01-07 04:44:35,0.956,Critical,184.42,718.5,Investigating,2021-02-06 18:43:25,2021-11-28 12:21:47,Rule-Based
238,121,286,3,24,Vegetation Loss,2018-07-17 15:22:14,0.844,High,355.01,2929.8,Resolved,2019-04-30 02:32:54,2019-06-13 12:47:26,Statistical
239,10,76,2,17,Ground Cracking,2019-10-11 03:21:10,0.623,Medium,169.88,2894.0,Investigating,2022-12-22 08:08:24,2021-08-16 02:49:44,Statistical
240,185,138,5,46,Sudden Displacement,2023-11-20 00:24:50,0.764,Medium,367.94,498.1,Resolved,2023-09-02 15:42:07,2021-11-05 01:09:37,LSTM Autoencoder
241,232,29,2,22,Seismic Signal,2023-01-29 09:46:43,0.715,High,93.3,3945.1,Resolved,2024-11-11 04:58:15,2023-06-25 23:18:28,Rule-Based
242,180,204,3,25,Ground Cracking,2024-12-09 10:45:18,0.943,Medium,221.85,3570.8,Open,2018-07-17 06:03:33,2020-12-12 06:15:12,Statistical
243,282,7,2,21,Pore Pressure Spike,2022-02-05 09:34:28,0.983,Medium,411.62,2934.8,Resolved,2023-10-16 07:12:19,2018-11-02 04:07:43,Statistical
244,268,41,5,43,Seismic Signal,2021-04-03 22:49:29,0.517,Low,300.32,1890.1,Open,2023-06-09 04:47:36,2024-05-24 06:45:44,LSTM Autoencoder
245,198,18,3,29,Sensor Outlier,2018-12-17 05:56:25,0.528,High,225.25,1035.1,Investigating,2023-02-01 14:35:55,2019-06-03 22:12:28,Rule-Based
246,164,18,2,17,Ground Cracking,2024-06-30 16:32:51,0.824,Low,424.94,2988.2,Resolved,2019-03-14 04:17:10,2020-09-09 12:23:46,Statistical
247,148,408,2,22,Seismic Signal,2021-09-19 06:25:19,0.855,Low,476.29,3705.7,Investigating,2019-09-10 02:27:47,2019-10-24 17:29:48,LSTM Autoencoder
248,56,415,6,50,Sudden Displacement,2023-08-30 22:53:45,0.879,Critical,129.12,1214.1,Open,2023-03-10 16:22:40,2021-04-04 22:50:49,LSTM Autoencoder
249,159,178,1,12,Sensor Outlier,2022-09-04 05:01:14,0.62,High,143.47,731.7,False Alarm,2022-07-03 15:02:19,2020-04-15 18:23:56,Isolation Forest
250,124,278,6,52,Seismic Signal,2018-03-07 08:35:22,0.639,High,122.84,2731.6,False Alarm,2019-10-19 03:45:23,2021-01-14 12:23:20,Isolation Forest
251,190,209,2,16,Pore Pressure Spike,2018-09-12 06:55:54,0.812,Critical,496.21,50.8,Open,2019-10-29 02:26:43,2022-09-09 23:37:30,Isolation Forest
252,256,147,5,41,Pore Pressure Spike,2021-11-09 19:48:19,0.666,Critical,252.54,2072.0,False Alarm,2022-12-05 03:06:51,2019-01-22 23:14:54,Rule-Based
253,114,274,3,30,Pore Pressure Spike,2019-07-13 06:06:55,0.829,Low,204.98,1676.3,Open,2019-01-24 04:34:59,2021-09-13 02:48:47,Statistical
254,60,207,1,11,Ground Cracking,2024-12-16 08:45:08,0.974,Low,120.27,4170.0,Resolved,2024-07-16 13:47:10,2024-11-05 19:18:54,LSTM Autoencoder
255,265,356,5,43,Slope Deformation,2021-04-26 06:45:00,0.886,Medium,134.35,2386.2,Resolved,2018-02-23 10:15:17,2021-09-17 08:55:29,Statistical
256,289,212,4,37,Pore Pressure Spike,2020-12-09 13:10:27,0.911,Critical,105.83,399.8,Open,2022-02-18 01:32:30,2022-05-24 08:35:44,Rule-Based
257,232,29,2,22,Sensor Outlier,2020-06-21 04:18:50,0.615,Medium,386.82,3818.7,Open,2020-01-02 04:49:13,2018-11-30 16:05:09,Isolation Forest
258,179,374,4,39,Slope Deformation,2023-09-15 09:53:03,0.715,Critical,383.93,2441.0,False Alarm,2021-02-04 07:04:38,2024-01-24 13:59:33,Isolation Forest
259,169,494,3,29,Sensor Outlier,2023-04-22 12:47:27,0.738,Low,209.51,4676.7,False Alarm,2023-07-21 19:06:42,2021-10-02 02:24:15,Statistical
260,292,466,2,15,Pore Pressure Spike,2024-01-13 15:04:33,0.628,Low,343.38,3431.6,False Alarm,2021-08-20 22:56:58,2024-09-11 18:56:34,LSTM Autoencoder
261,122,327,5,46,Seismic Signal,2019-03-09 19:01:38,0.658,Low,163.24,1322.6,Investigating,2022-11-06 07:27:34,2019-01-12 21:50:46,Statistical
262,277,258,3,31,Slope Deformation,2024-01-30 17:30:22,0.952,High,63.08,4048.3,Resolved,2021-05-29 19:19:56,2020-07-03 18:08:34,Statistical
263,265,356,5,43,Slope Deformation,2024-02-09 23:30:16,0.598,Critical,186.01,2020.5,Resolved,2022-04-03 01:47:50,2019-09-28 18:44:45,Isolation Forest
264,192,379,3,30,Vegetation Loss,2023-10-13 07:36:36,0.715,Critical,171.24,508.1,False Alarm,2020-11-03 23:04:34,2022-10-24 23:36:10,Rule-Based
265,48,202,3,30,Ground Cracking,2018-04-21 08:33:56,0.768,Low,262.72,3689.6,Investigating,2018-04-03 12:36:57,2018-08-25 16:34:37,Rule-Based
266,72,414,1,5,Rainfall Anomaly,2024-11-15 02:23:23,0.593,High,416.22,3615.3,Investigating,2018-03-12 14:17:08,2019-10-11 19:49:20,Isolation Forest
267,178,262,1,11,Seismic Signal,2022-02-16 21:55:17,0.996,Critical,96.68,328.7,False Alarm,2021-01-03 15:39:06,2023-03-23 12:59:43,Statistical
268,287,429,6,52,Rainfall Anomaly,2019-10-07 12:48:49,0.603,Medium,165.94,2295.0,Investigating,2024-02-15 10:10:26,2018-11-14 01:26:37,Isolation Forest
269,176,386,1,5,Slope Deformation,2022-12-21 22:55:22,0.786,Low,479.4,3592.1,False Alarm,2023-06-24 02:26:40,2021-09-04 00:05:51,Rule-Based
270,48,202,3,30,Rainfall Anomaly,2024-01-13 01:53:46,0.987,Critical,482.59,969.0,Open,2019-01-02 22:05:34,2020-11-16 22:36:43,Statistical
271,179,374,4,39,Seismic Signal,2020-05-20 15:00:12,0.793,Critical,449.34,4200.7,Open,2020-09-09 21:20:20,2019-01-25 18:48:47,LSTM Autoencoder
272,73,405,2,19,Sensor Outlier,2020-06-27 04:34:01,0.899,Medium,350.44,1179.3,False Alarm,2024-11-27 17:26:22,2019-03-28 11:15:25,Isolation Forest
273,196,140,7,55,Vegetation Loss,2022-10-11 02:16:52,0.689,High,291.56,4497.0,Resolved,2020-03-16 17:30:51,2019-04-18 03:19:12,LSTM Autoencoder
274,237,330,3,29,Vegetation Loss,2021-05-15 03:57:35,0.962,High,43.88,3752.3,Resolved,2019-04-21 23:30:22,2021-01-09 09:26:51,LSTM Autoencoder
275,44,34,5,41,Slope Deformation,2020-12-08 23:38:31,0.672,Critical,5.19,87.5,Resolved,2022-04-02 11:20:40,2018-03-18 09:47:59,Isolation Forest
276,6,186,7,55,Ground Cracking,2022-11-14 14:20:58,0.967,Medium,268.21,4386.6,Investigating,2021-04-26 16:39:24,2021-12-07 17:16:20,Statistical
277,122,327,5,46,Slope Deformation,2020-10-16 10:05:21,0.577,Medium,259.75,806.6,Investigating,2019-01-05 16:39:35,2022-07-11 22:27:37,Isolation Forest
278,222,73,6,50,Rainfall Anomaly,2023-07-22 12:57:17,0.522,Low,353.09,4381.1,Open,2021-09-27 09:19:35,2022-01-16 13:00:19,LSTM Autoencoder
279,297,202,3,31,Sensor Outlier,2018-10-06 09:53:59,0.695,High,472.85,4221.6,Investigating,2021-07-21 04:23:48,2021-07-25 15:24:06,Rule-Based
280,27,383,2,19,Sensor Outlier,2019-01-12 09:59:19,0.719,High,281.09,1770.5,Resolved,2023-12-12 14:59:06,2023-11-04 04:10:43,Rule-Based
281,175,236,6,54,Sensor Outlier,2023-10-31 04:55:31,0.846,High,194.28,4534.7,False Alarm,2018-09-20 01:33:51,2019-07-02 19:48:06,Rule-Based
282,4,456,7,56,Slope Deformation,2018-03-26 10:04:26,0.638,Medium,60.9,2796.0,Open,2019-08-28 05:38:50,2023-11-27 09:09:54,Isolation Forest
283,10,76,2,17,Vegetation Loss,2023-07-20 14:26:22,0.994,Low,376.64,3193.2,False Alarm,2022-05-28 01:34:13,2019-11-19 05:34:10,Isolation Forest
284,207,168,4,39,Pore Pressure Spike,2020-02-08 01:53:29,0.97,Low,179.03,1228.4,False Alarm,2020-06-28 08:57:40,2022-03-08 21:48:14,Isolation Forest
285,71,473,4,33,Ground Cracking,2024-05-24 10:35:04,0.875,Low,165.57,2138.4,Open,2019-05-10 12:14:57,2022-08-21 17:31:54,LSTM Autoencoder
286,198,18,3,29,Pore Pressure Spike,2021-11-03 13:14:22,0.992,Low,177.4,4948.1,False Alarm,2020-12-03 10:16:30,2021-11-23 04:31:59,Statistical
287,158,493,8,61,Ground Cracking,2024-03-19 10:13:18,0.691,Low,150.14,2356.1,Investigating,2021-10-27 01:05:36,2024-04-03 10:53:51,Rule-Based
288,180,204,3,25,Pore Pressure Spike,2023-12-31 06:21:31,0.827,Medium,62.41,964.3,Resolved,2022-02-13 16:46:59,2024-07-23 14:02:14,LSTM Autoencoder
289,275,453,3,25,Sensor Outlier,2023-12-16 22:26:20,0.589,Critical,61.31,266.8,Open,2023-12-23 02:08:12,2021-06-07 10:16:14,LSTM Autoencoder
290,53,467,4,34,Vegetation Loss,2022-03-05 14:36:27,0.658,Medium,163.86,2778.2,Resolved,2020-02-14 15:19:55,2023-11-09 12:59:16,Rule-Based
291,172,47,2,16,Ground Cracking,2022-12-20 23:59:56,0.762,Critical,419.74,1700.6,False Alarm,2022-09-01 04:07:30,2019-08-15 03:49:44,Rule-Based
292,245,391,6,50,Ground Cracking,2024-10-09 23:37:14,0.793,Low,423.93,4974.7,False Alarm,2018-05-27 00:54:36,2022-12-16 20:14:11,Statistical
293,279,318,1,3,Sensor Outlier,2024-03-06 19:52:06,0.519,Critical,73.35,291.1,Investigating,2024-02-09 14:17:16,2019-08-29 04:34:49,Statistical
294,240,27,5,45,Slope Deformation,2021-02-21 15:10:34,0.649,Medium,445.1,2133.5,False Alarm,2022-06-29 14:26:52,2021-10-30 12:56:11,Statistical
295,9,292,3,30,Ground Cracking,2018-06-26 12:19:06,0.938,Critical,429.15,3804.5,Resolved,2020-03-03 16:21:55,2023-12-24 15:09:40,Isolation Forest
296,6,186,7,55,Sensor Outlier,2021-10-16 15:16:14,0.944,Critical,270.38,3834.4,Resolved,2018-05-26 08:28:22,2024-11-05 04:58:24,Isolation Forest
297,161,402,3,26,Pore Pressure Spike,2024-08-25 12:52:38,0.737,Critical,383.96,693.2,False Alarm,2023-10-24 16:44:50,2022-09-24 20:32:03,Rule-Based
298,24,189,1,5,Vegetation Loss,2020-12-23 05:55:32,0.827,Medium,192.06,3566.9,Investigating,2022-05-08 21:36:16,2019-02-04 03:12:51,Statistical
299,64,444,8,59,Pore Pressure Spike,2020-03-04 18:47:42,0.823,Low,160.18,2239.9,Investigating,2024-04-23 14:42:58,2020-10-09 16:55:43,Rule-Based
300,178,262,1,11,Vegetation Loss,2019-05-19 19:17:47,0.67,Medium,31.93,3941.6,Investigating,2024-01-10 01:09:28,2018-01-25 03:18:58,Isolation Forest
301,26,401,1,5,Ground Cracking,2023-02-10 22:45:46,0.974,Critical,209.11,518.4,Open,2022-06-16 09:04:07,2019-03-03 11:49:48,Rule-Based
302,38,69,1,3,Sensor Outlier,2021-10-16 21:33:34,0.676,Critical,144.86,3679.8,Open,2023-02-12 08:37:02,2020-09-20 19:58:24,Rule-Based
303,297,202,3,31,Sudden Displacement,2024-04-10 14:20:35,0.816,Critical,423.98,1661.9,Open,2024-05-25 18:54:12,2022-05-31 06:53:13,Statistical
304,127,439,3,30,Sensor Outlier,2023-06-02 14:39:35,0.606,Medium,481.5,1520.6,False Alarm,2021-02-10 03:01:06,2022-07-11 08:50:02,Isolation Forest
305,205,354,1,1,Slope Deformation,2018-02-20 00:52:42,0.823,High,132.61,1500.2,Resolved,2018-10-26 02:37:05,2018-08-15 23:23:32,Statistical
306,69,467,5,42,Pore Pressure Spike,2024-03-23 18:36:51,0.567,Medium,84.99,3727.6,Resolved,2022-10-19 12:59:42,2020-04-20 12:31:45,Isolation Forest
307,223,79,7,56,Pore Pressure Spike,2021-09-19 15:24:00,0.512,Critical,275.6,1895.1,False Alarm,2018-07-27 04:32:11,2021-04-12 08:33:33,LSTM Autoencoder
308,87,194,4,37,Rainfall Anomaly,2023-03-15 01:18:18,0.959,Low,240.35,1293.8,Investigating,2024-02-13 06:36:43,2023-06-17 22:08:05,LSTM Autoencoder
309,123,323,7,56,Vegetation Loss,2019-11-15 21:10:35,0.566,Low,421.54,1415.3,Investigating,2023-07-17 16:45:59,2020-01-22 15:29:54,Isolation Forest
310,219,492,6,49,Vegetation Loss,2019-04-10 16:33:11,0.501,Critical,487.75,4195.9,Resolved,2021-02-10 16:57:42,2019-11-10 15:44:11,LSTM Autoencoder
311,180,204,3,25,Sensor Outlier,2023-09-21 13:36:01,0.503,Low,447.15,3184.0,Resolved,2024-07-23 09:34:10,2018-11-17 20:10:41,Statistical
312,244,246,5,45,Vegetation Loss,2018-08-04 21:15:03,0.561,Medium,499.32,1845.6,Investigating,2020-10-14 01:26:11,2024-12-08 10:34:15,Isolation Forest
313,162,340,5,45,Sensor Outlier,2023-03-13 20:35:08,0.911,Low,87.88,3839.5,Investigating,2024-09-21 04:30:55,2019-10-03 16:52:07,Rule-Based
314,195,72,1,8,Pore Pressure Spike,2023-11-22 06:40:16,0.806,High,177.49,192.4,Open,2019-12-20 11:46:03,2019-10-24 05:13:50,Isolation Forest
315,167,358,2,22,Slope Deformation,2022-07-28 06:28:28,0.807,Low,122.45,43.9,Open,2024-02-21 07:27:10,2024-06-22 00:18:03,Statistical
316,276,300,3,30,Rainfall Anomaly,2024-02-11 15:45:13,0.714,High,169.84,4172.2,Resolved,2019-08-05 14:26:43,2021-02-19 01:58:09,Isolation Forest
317,193,186,6,54,Ground Cracking,2018-02-25 13:31:15,0.801,High,62.66,3625.3,False Alarm,2023-03-24 07:01:52,2019-11-19 00:51:35,LSTM Autoencoder
318,10,76,2,17,Sudden Displacement,2019-05-28 00:32:35,0.674,Critical,259.36,3924.0,Investigating,2022-03-06 00:35:05,2024-09-24 19:49:54,Rule-Based
319,101,316,5,46,Ground Cracking,2019-12-22 03:31:06,0.672,High,292.08,2928.5,Resolved,2024-09-03 02:20:25,2024-08-06 10:37:06,Rule-Based
320,299,420,2,16,Pore Pressure Spike,2021-06-27 18:44:55,0.5,Low,158.59,2038.9,Resolved,2020-01-28 03:52:21,2022-04-05 08:52:52,Rule-Based
321,245,391,6,50,Pore Pressure Spike,2022-12-27 17:47:42,0.921,Medium,301.66,3927.9,Resolved,2022-03-08 19:36:31,2020-03-08 00:50:03,Isolation Forest
322,42,189,7,58,Ground Cracking,2018-07-13 15:05:49,0.898,High,151.77,4069.5,Open,2022-01-18 00:59:18,2019-11-06 15:24:10,Rule-Based
323,200,334,1,1,Pore Pressure Spike,2020-11-22 09:55:48,0.606,Critical,52.76,4731.3,Resolved,2024-01-02 01:34:41,2020-11-26 17:58:01,Rule-Based
324,167,358,2,22,Seismic Signal,2018-05-30 04:42:23,0.723,Medium,219.49,523.7,Investigating,2021-04-13 00:51:22,2018-07-27 05:17:16,Isolation Forest
325,237,330,3,29,Seismic Signal,2019-12-18 02:37:23,0.973,Critical,20.67,1309.0,Resolved,2019-07-13 10:16:42,2021-10-06 16:33:56,Isolation Forest
326,115,410,1,10,Rainfall Anomaly,2020-10-20 09:23:45,0.543,Critical,414.01,1466.4,Resolved,2020-08-23 04:33:18,2018-09-15 08:54:40,Statistical
327,63,342,1,6,Slope Deformation,2019-02-25 13:29:38,0.833,Medium,65.77,2106.1,Open,2024-10-01 22:39:34,2020-12-23 15:25:31,Rule-Based
328,11,84,1,2,Vegetation Loss,2024-12-22 19:19:50,0.687,Critical,16.34,4686.0,Investigating,2019-11-08 09:24:58,2024-04-07 22:54:07,Statistical
329,272,243,3,27,Sudden Displacement,2021-09-11 20:49:16,0.767,Medium,273.09,610.9,Open,2021-08-05 21:03:22,2023-11-13 09:27:15,LSTM Autoencoder
330,187,85,3,28,Ground Cracking,2020-11-04 13:18:12,0.856,Critical,396.28,4827.0,Open,2023-03-13 14:32:48,2019-05-24 16:31:23,Rule-Based
331,89,267,1,11,Seismic Signal,2024-08-27 02:00:19,0.725,Critical,331.33,4235.3,Resolved,2018-09-06 08:56:49,2024-07-02 23:00:12,Statistical
332,108,218,5,46,Rainfall Anomaly,2020-06-15 21:54:39,0.61,High,198.18,1930.8,Resolved,2019-04-07 18:35:53,2023-10-20 13:31:36,Rule-Based
333,147,227,3,27,Seismic Signal,2024-11-21 18:51:40,0.583,Medium,119.47,3394.4,Investigating,2019-01-28 13:13:15,2023-10-07 19:09:45,Statistical
334,39,80,1,3,Pore Pressure Spike,2020-03-29 21:11:49,0.944,High,190.88,3623.9,Open,2024-10-07 17:32:30,2018-01-09 13:21:34,LSTM Autoencoder
335,101,316,5,46,Vegetation Loss,2022-02-22 18:22:36,0.869,Medium,45.1,3990.9,Open,2018-02-03 05:17:50,2019-12-10 14:40:03,LSTM Autoencoder
336,20,360,7,56,Rainfall Anomaly,2022-03-23 00:47:52,0.632,Critical,165.66,428.5,Investigating,2018-02-20 11:37:54,2020-03-10 14:39:51,Statistical
337,277,258,3,31,Ground Cracking,2021-09-05 17:47:54,0.907,Medium,62.79,3646.0,Open,2023-09-15 06:10:39,2021-08-02 01:06:49,Isolation Forest
338,122,327,5,46,Seismic Signal,2024-10-06 13:24:08,0.969,High,490.68,4138.0,Open,2024-09-20 06:57:38,2022-11-10 05:05:55,Isolation Forest
339,191,352,3,25,Pore Pressure Spike,2020-09-11 15:28:14,0.796,Medium,26.95,3847.8,Open,2019-08-11 01:48:29,2018-09-17 06:29:57,Rule-Based
340,74,191,2,19,Seismic Signal,2023-10-07 05:36:40,0.812,Critical,163.96,980.6,Resolved,2019-07-08 20:11:17,2022-12-25 03:19:54,Isolation Forest
341,47,499,6,51,Seismic Signal,2023-09-10 01:48:34,0.627,Critical,481.68,2069.6,Open,2021-12-13 17:03:07,2021-11-15 18:44:49,Isolation Forest
342,166,70,4,36,Slope Deformation,2018-03-11 05:40:29,0.939,Critical,62.24,985.5,Resolved,2019-01-26 23:29:57,2022-02-19 14:43:20,LSTM Autoencoder
343,88,439,6,54,Rainfall Anomaly,2024-05-23 10:07:22,0.958,Medium,471.13,4711.7,Open,2023-02-25 11:32:22,2018-11-25 08:34:57,Statistical
344,139,440,8,61,Vegetation Loss,2023-07-21 22:09:20,0.626,Low,115.96,56.4,Open,2018-10-27 22:41:15,2023-07-09 20:11:45,Rule-Based
345,74,191,2,19,Seismic Signal,2021-07-03 14:11:47,0.509,Low,295.77,1691.8,Resolved,2023-08-20 23:07:36,2024-10-10 19:07:44,Rule-Based
346,195,72,1,8,Rainfall Anomaly,2018-06-14 00:27:15,0.91,High,348.56,2655.1,Investigating,2023-07-16 17:59:37,2023-10-06 08:14:19,LSTM Autoencoder
347,50,278,2,20,Ground Cracking,2020-06-30 14:15:45,0.781,High,206.11,3436.3,Open,2023-07-02 18:01:00,2020-08-28 10:12:10,Isolation Forest
348,236,133,4,35,Slope Deformation,2023-09-13 12:55:36,0.817,Low,21.4,1993.2,Resolved,2021-04-13 19:30:01,2021-08-11 22:51:55,Rule-Based
349,163,273,6,50,Seismic Signal,2020-08-03 14:53:22,0.718,Low,388.86,1930.9,Open,2024-11-10 12:45:49,2023-02-09 22:56:02,Rule-Based
350,83,421,1,12,Sudden Displacement,2022-02-07 12:23:34,0.942,Medium,93.33,1810.6,Investigating,2020-02-26 22:24:31,2024-07-27 02:35:32,LSTM Autoencoder
351,171,142,8,61,Vegetation Loss,2018-06-01 12:22:51,0.759,High,84.28,4899.4,Resolved,2024-12-03 09:42:57,2020-02-21 20:12:18,Rule-Based
352,16,291,3,23,Vegetation Loss,2022-11-11 15:48:09,0.885,Medium,398.71,2425.0,False Alarm,2021-11-29 04:03:25,2023-08-02 23:35:14,Isolation Forest
353,130,291,6,51,Pore Pressure Spike,2024-06-02 21:44:08,0.724,Critical,321.74,648.6,Open,2023-04-08 12:32:00,2018-10-28 00:54:11,LSTM Autoencoder
354,183,186,2,16,Ground Cracking,2019-04-05 00:35:51,0.917,Medium,176.88,2393.5,Open,2024-04-15 22:37:12,2018-08-09 09:37:20,Isolation Forest
355,208,328,1,8,Sensor Outlier,2018-09-02 18:34:47,0.898,Low,389.92,444.6,Investigating,2023-04-07 10:53:00,2020-04-09 14:57:10,Statistical
356,91,161,7,55,Slope Deformation,2023-06-26 12:56:11,0.969,Critical,116.41,1526.4,Open,2019-09-28 12:17:07,2022-12-24 15:26:50,LSTM Autoencoder
357,48,202,3,30,Rainfall Anomaly,2023-11-29 22:32:25,0.644,Critical,252.24,1993.3,Investigating,2022-02-11 04:25:11,2024-09-03 04:03:39,LSTM Autoencoder
358,118,158,1,3,Vegetation Loss,2019-02-26 17:56:31,0.844,High,441.74,762.6,Open,2022-01-09 19:11:11,2018-11-06 20:14:37,Isolation Forest
359,119,276,1,3,Sudden Displacement,2023-09-24 21:18:46,0.673,Low,37.5,2224.8,Resolved,2021-08-01 09:56:42,2024-07-15 20:21:35,LSTM Autoencoder
360,38,69,1,3,Seismic Signal,2024-01-31 20:28:53,0.843,Low,93.58,3926.0,Open,2021-12-09 20:12:31,2021-02-28 02:41:33,Statistical
361,227,215,2,16,Seismic Signal,2020-12-01 15:58:44,0.641,Low,86.34,3391.9,Investigating,2019-11-16 01:56:38,2021-07-16 05:09:44,Statistical
362,217,436,2,15,Pore Pressure Spike,2022-03-06 12:17:57,0.713,Critical,2.44,2435.3,Investigating,2022-04-12 05:12:41,2024-08-20 04:40:38,Rule-Based
363,4,456,7,56,Slope Deformation,2020-03-28 20:39:54,0.799,Critical,73.22,2187.2,Investigating,2018-05-23 21:04:22,2018-12-14 08:20:18,Rule-Based
364,298,154,6,50,Seismic Signal,2022-01-29 10:57:01,0.79,High,493.87,949.8,Investigating,2024-03-23 09:06:17,2018-04-03 08:20:20,Rule-Based
365,111,195,2,15,Pore Pressure Spike,2018-03-12 09:15:50,0.636,Low,186.77,3063.3,Investigating,2019-03-15 16:59:57,2018-10-13 20:40:45,LSTM Autoencoder
366,143,33,3,24,Rainfall Anomaly,2023-07-01 09:14:19,0.745,Medium,394.1,2968.1,Open,2024-02-18 02:23:07,2020-02-29 19:53:07,Rule-Based
367,289,212,4,37,Sensor Outlier,2022-04-24 06:19:16,0.884,Critical,102.22,1131.9,Open,2021-04-24 04:16:54,2019-05-23 16:12:28,Rule-Based
368,119,276,1,3,Slope Deformation,2024-06-13 14:13:15,0.777,Medium,1.23,214.8,Resolved,2021-10-27 07:57:01,2021-12-29 03:19:23,Statistical
369,101,316,5,46,Sudden Displacement,2019-06-24 01:45:55,0.552,Critical,161.33,3348.2,Investigating,2018-03-01 20:50:41,2023-09-27 05:09:25,Statistical
370,281,435,8,59,Vegetation Loss,2022-09-25 17:16:08,0.521,Medium,8.43,4312.7,Investigating,2023-09-15 03:08:44,2023-06-23 15:52:21,Rule-Based
371,59,172,3,23,Slope Deformation,2020-12-24 07:08:33,0.999,High,337.45,2908.0,Open,2022-08-07 04:17:56,2021-05-30 18:31:16,Rule-Based
372,269,165,3,30,Slope Deformation,2021-11-19 04:38:53,0.729,Low,157.58,1627.7,Resolved,2020-01-06 01:43:12,2022-10-01 17:29:45,Rule-Based
373,216,309,2,13,Seismic Signal,2020-01-25 12:05:55,0.799,Critical,375.25,749.8,Resolved,2021-08-07 22:02:57,2020-09-16 01:53:58,LSTM Autoencoder
374,207,168,4,39,Rainfall Anomaly,2022-06-04 17:33:01,0.838,Medium,291.42,2807.6,Investigating,2021-06-04 23:25:05,2020-08-01 18:08:14,LSTM Autoencoder
375,58,483,6,54,Vegetation Loss,2023-06-25 07:34:00,0.622,High,249.18,1595.1,Open,2021-02-06 20:01:32,2019-10-08 23:44:16,Isolation Forest
376,92,468,3,28,Sudden Displacement,2020-07-01 02:10:59,0.788,Medium,218.63,4429.5,False Alarm,2020-02-22 21:38:10,2024-06-23 15:42:31,LSTM Autoencoder
377,168,467,5,44,Sensor Outlier,2023-08-12 11:12:20,0.616,Low,291.73,2961.4,Investigating,2023-01-30 22:10:00,2018-09-22 01:14:44,LSTM Autoencoder
378,64,444,8,59,Pore Pressure Spike,2023-01-08 11:17:47,0.678,Medium,440.69,959.5,Investigating,2020-09-11 16:46:38,2020-12-10 06:03:55,Rule-Based
379,37,149,7,56,Seismic Signal,2024-05-31 18:49:49,0.699,High,27.8,4442.6,False Alarm,2022-11-06 14:46:07,2019-03-15 19:46:16,Statistical
380,128,79,3,23,Slope Deformation,2022-04-18 02:11:14,0.981,Low,298.19,290.5,Open,2020-07-16 15:41:23,2023-05-25 15:04:17,Rule-Based
381,49,5,4,35,Ground Cracking,2023-07-29 22:40:38,0.933,High,354.21,898.0,Open,2024-10-10 09:31:08,2018-04-17 05:04:00,Isolation Forest
382,87,194,4,37,Ground Cracking,2021-10-27 17:13:12,0.704,Low,351.32,3469.3,Open,2023-05-01 02:57:16,2018-10-29 21:14:49,LSTM Autoencoder
383,9,292,3,30,Slope Deformation,2018-07-19 03:49:17,0.916,Critical,199.2,2027.9,Open,2023-07-11 11:03:11,2020-12-06 04:39:15,Rule-Based
384,69,467,5,42,Rainfall Anomaly,2020-11-30 05:01:00,0.876,High,7.88,2236.4,Open,2022-03-01 10:50:25,2021-02-19 05:59:01,Isolation Forest
385,261,149,2,20,Sensor Outlier,2019-06-14 20:21:17,0.644,Medium,139.89,1402.3,Investigating,2023-11-05 09:49:09,2021-09-28 03:30:52,LSTM Autoencoder
386,104,448,2,18,Pore Pressure Spike,2024-05-31 08:48:22,0.943,Medium,268.63,431.7,Open,2021-06-25 09:24:22,2020-07-09 08:14:57,Rule-Based
387,288,45,2,14,Sudden Displacement,2024-09-16 03:23:51,0.56,Low,273.88,4137.2,Open,2018-08-21 09:06:49,2024-03-15 17:17:21,Isolation Forest
388,265,356,5,43,Sensor Outlier,2018-12-05 02:25:55,0.88,Low,404.12,2819.6,Resolved,2021-06-24 21:57:05,2023-05-10 20:15:13,Statistical
389,120,461,2,19,Sudden Displacement,2021-11-28 18:59:39,0.669,Critical,319.2,2588.7,Resolved,2020-01-18 02:28:41,2020-12-25 15:44:18,LSTM Autoencoder
390,38,69,1,3,Ground Cracking,2020-09-15 19:00:32,0.516,Medium,172.06,4976.9,False Alarm,2020-01-03 04:55:31,2018-10-01 09:57:19,Isolation Forest
391,57,447,2,16,Pore Pressure Spike,2021-01-12 01:58:28,0.821,Low,298.98,4688.1,False Alarm,2018-06-06 08:44:07,2024-06-23 12:31:18,Rule-Based
392,235,119,2,17,Sudden Displacement,2018-06-04 13:47:32,0.539,High,273.32,4465.6,Resolved,2021-06-14 19:29:52,2023-09-28 20:08:16,Rule-Based
393,198,18,3,29,Seismic Signal,2023-10-03 06:59:11,0.5,Medium,180.52,3823.9,Open,2019-12-09 15:32:02,2018-10-29 07:05:15,Isolation Forest
394,234,450,4,33,Slope Deformation,2024-02-10 23:46:52,0.874,Critical,401.16,1857.8,Open,2018-12-31 15:36:55,2021-02-20 15:33:05,Statistical
395,200,334,1,1,Pore Pressure Spike,2019-03-28 13:25:30,0.893,Low,84.53,2224.5,Open,2024-05-06 23:02:44,2019-07-13 15:21:22,LSTM Autoencoder
396,295,340,2,16,Vegetation Loss,2018-09-15 10:24:25,0.851,Low,105.48,3436.6,False Alarm,2019-01-23 03:15:57,2020-06-20 10:33:39,Rule-Based
397,99,43,3,30,Slope Deformation,2020-11-16 03:31:11,0.817,High,134.03,3221.9,Resolved,2023-06-24 02:44:03,2021-07-07 06:24:26,LSTM Autoencoder
398,190,209,2,16,Seismic Signal,2022-10-13 04:45:09,0.605,High,182.79,959.1,Open,2023-10-22 18:40:47,2022-08-14 14:28:09,Statistical
399,296,490,2,15,Ground Cracking,2019-03-09 23:02:31,0.876,Medium,470.34,603.4,Investigating,2024-04-25 17:56:08,2023-03-26 05:22:00,Isolation Forest
400,49,5,4,35,Sensor Outlier,2024-02-04 01:06:11,0.767,Low,306.67,1768.5,False Alarm,2019-08-01 16:23:08,2022-10-29 18:09:58,Rule-Based
401,116,432,4,34,Pore Pressure Spike,2018-06-09 21:55:31,0.948,Medium,6.4,1505.7,Open,2021-12-21 08:57:48,2023-12-22 09:34:49,LSTM Autoencoder
402,237,330,3,29,Vegetation Loss,2021-03-22 17:21:05,0.739,Critical,486.15,4868.5,False Alarm,2021-01-05 20:07:50,2019-03-08 11:14:50,LSTM Autoencoder
403,254,154,2,16,Sudden Displacement,2021-07-01 03:49:39,0.986,Critical,139.15,4605.9,Open,2019-05-26 22:06:39,2022-04-28 10:11:44,Statistical
404,165,72,6,51,Pore Pressure Spike,2024-08-04 11:22:45,0.591,Medium,174.02,4356.9,False Alarm,2024-10-19 10:42:04,2024-01-06 05:41:09,LSTM Autoencoder
405,75,134,1,8,Pore Pressure Spike,2024-10-15 09:41:48,0.887,Low,15.59,2231.8,False Alarm,2024-06-22 09:54:19,2023-09-02 12:56:47,Isolation Forest
406,49,5,4,35,Rainfall Anomaly,2018-01-25 17:11:06,0.53,High,123.33,1455.6,False Alarm,2021-08-18 00:02:31,2018-10-19 12:03:45,Rule-Based
407,128,79,3,23,Seismic Signal,2023-07-23 23:42:43,0.566,Low,400.44,2660.7,Investigating,2019-05-30 07:59:48,2021-04-26 13:26:38,Isolation Forest
408,175,236,6,54,Sudden Displacement,2020-06-02 09:08:28,0.597,Critical,114.17,1798.2,Resolved,2019-06-06 03:06:23,2024-04-19 04:09:48,Isolation Forest
409,44,34,5,41,Rainfall Anomaly,2021-12-24 19:23:59,0.818,High,291.0,1015.5,Investigating,2019-06-20 16:22:52,2020-05-03 21:12:11,Isolation Forest
410,296,490,2,15,Slope Deformation,2018-11-25 01:25:42,0.774,Low,113.68,1191.3,Investigating,2018-03-08 14:42:07,2019-05-03 09:32:28,Rule-Based
411,161,402,3,26,Sensor Outlier,2021-05-05 06:47:41,0.921,Medium,12.95,1279.0,Open,2018-12-27 02:03:43,2018-04-23 19:45:25,LSTM Autoencoder
412,217,436,2,15,Slope Deformation,2018-01-07 14:16:00,0.692,Low,303.77,4487.5,Resolved,2022-12-17 19:02:41,2022-02-09 05:03:06,Rule-Based
413,69,467,5,42,Sudden Displacement,2020-11-02 10:52:48,0.867,Medium,313.3,781.1,False Alarm,2018-12-11 04:00:58,2020-08-18 21:27:45,Statistical
414,168,467,5,44,Rainfall Anomaly,2024-08-20 20:53:41,0.661,Low,463.57,2694.2,Resolved,2021-12-10 23:16:05,2022-12-17 14:47:54,Isolation Forest
415,42,189,7,58,Sensor Outlier,2023-04-24 13:01:18,0.941,High,153.8,2011.8,Resolved,2022-05-29 12:35:26,2021-09-19 12:05:38,Statistical
416,20,360,7,56,Sensor Outlier,2018-12-29 13:07:50,0.591,Low,181.91,38.6,Open,2024-09-14 14:54:34,2024-12-24 03:21:30,Rule-Based
417,174,411,1,6,Sensor Outlier,2021-07-16 14:54:40,0.772,Critical,196.24,2536.4,Investigating,2018-03-05 21:35:50,2019-01-15 21:00:16,Statistical
418,295,340,2,16,Slope Deformation,2019-01-05 07:58:46,0.949,Medium,298.88,4271.1,Open,2021-09-05 15:57:22,2022-04-19 03:25:19,Statistical
419,178,262,1,11,Slope Deformation,2022-05-11 22:30:00,0.863,Critical,195.97,3603.9,Open,2021-03-12 03:22:23,2020-07-13 10:11:30,LSTM Autoencoder
420,201,469,6,52,Pore Pressure Spike,2022-07-28 16:47:18,0.589,High,443.91,2021.2,Open,2019-06-13 20:23:00,2019-12-31 16:19:01,Statistical
421,176,386,1,5,Sudden Displacement,2018-02-11 13:12:34,0.665,Medium,180.01,1887.6,Open,2021-10-01 10:29:55,2024-01-20 11:38:18,Isolation Forest
422,148,408,2,22,Seismic Signal,2019-12-04 05:45:27,0.633,High,485.67,1651.0,Investigating,2023-01-31 00:22:00,2024-08-20 03:55:44,Statistical
423,291,171,7,56,Sensor Outlier,2019-09-12 14:23:05,0.83,Medium,293.91,1103.4,Resolved,2020-10-20 00:48:22,2019-06-14 13:56:13,Isolation Forest
424,260,53,3,26,Rainfall Anomaly,2022-10-01 22:25:35,0.716,Medium,365.4,487.6,Open,2022-06-21 15:55:44,2023-05-31 12:38:28,Rule-Based
425,156,18,6,51,Sudden Displacement,2021-11-30 18:21:45,0.947,High,309.57,2136.4,Open,2018-09-11 07:01:45,2020-12-22 03:49:16,Rule-Based
426,258,487,7,56,Slope Deformation,2023-10-01 12:33:51,0.667,High,249.41,4121.5,Open,2020-01-07 21:20:57,2020-08-08 14:13:50,Isolation Forest
427,31,7,7,56,Vegetation Loss,2019-04-08 06:15:00,0.701,Medium,92.31,3470.8,Open,2019-10-17 00:26:52,2024-04-07 13:39:25,Isolation Forest
428,98,440,1,4,Rainfall Anomaly,2019-10-13 13:09:32,0.508,High,353.16,2790.3,False Alarm,2018-05-14 15:31:05,2023-02-13 06:37:10,Rule-Based
429,102,305,5,43,Pore Pressure Spike,2022-12-10 02:20:21,0.836,High,271.84,275.8,False Alarm,2022-12-27 15:19:38,2018-03-04 17:43:38,Isolation Forest
430,46,477,2,17,Sensor Outlier,2023-10-16 22:17:02,0.755,Critical,458.77,1680.4,Open,2021-09-21 23:41:52,2024-09-24 23:31:50,LSTM Autoencoder
431,126,299,3,23,Ground Cracking,2023-06-29 11:25:08,0.56,Medium,184.75,1983.9,Investigating,2018-06-07 11:16:13,2020-02-20 07:57:04,LSTM Autoencoder
432,49,5,4,35,Vegetation Loss,2020-11-25 22:24:25,0.675,Low,314.91,1598.7,Open,2022-06-13 16:55:36,2024-08-04 13:08:21,LSTM Autoencoder
433,186,183,5,40,Ground Cracking,2019-11-02 18:50:24,0.898,Critical,294.53,4616.9,Open,2023-06-07 16:49:46,2020-04-21 13:28:00,Statistical
434,291,171,7,56,Ground Cracking,2022-01-09 09:30:24,0.69,Low,476.58,1520.0,False Alarm,2021-12-21 23:26:11,2018-11-26 06:06:00,LSTM Autoencoder
435,131,244,2,20,Seismic Signal,2024-01-03 02:11:26,0.516,Medium,373.48,3393.4,Open,2023-09-23 15:21:49,2023-09-15 05:27:20,LSTM Autoencoder
436,69,467,5,42,Sensor Outlier,2022-08-10 23:41:04,0.62,High,46.74,2778.1,False Alarm,2021-01-09 15:49:24,2021-02-26 14:59:27,Statistical
437,10,76,2,17,Sudden Displacement,2022-04-14 07:12:42,0.976,Medium,299.49,262.9,Open,2021-03-29 10:31:26,2021-11-19 11:20:23,Isolation Forest
438,120,461,2,19,Slope Deformation,2022-07-07 01:07:54,0.818,Low,338.56,473.0,Investigating,2024-11-06 03:01:17,2020-04-19 15:48:50,Isolation Forest
439,116,432,4,34,Sudden Displacement,2024-02-08 17:34:11,0.909,High,58.52,718.4,Investigating,2024-11-21 23:41:51,2019-08-13 02:40:03,Isolation Forest
440,86,90,6,50,Slope Deformation,2018-07-11 21:45:04,0.735,Low,223.38,1232.1,Open,2019-12-30 06:20:45,2024-01-24 14:19:22,Statistical
441,297,202,3,31,Slope Deformation,2020-03-08 18:11:15,0.851,High,434.92,3028.4,Investigating,2021-08-17 15:51:09,2024-06-05 05:54:27,LSTM Autoencoder
442,160,420,1,4,Ground Cracking,2024-03-03 02:24:08,0.712,Medium,355.56,1566.4,Resolved,2022-03-22 12:35:26,2018-09-04 15:45:53,Rule-Based
443,154,195,1,8,Rainfall Anomaly,2020-04-20 02:34:05,0.645,Medium,182.22,3049.5,Open,2023-01-09 11:15:32,2018-03-27 03:27:53,LSTM Autoencoder
444,122,327,5,46,Sensor Outlier,2024-08-03 07:40:41,0.703,Low,53.46,4559.1,Investigating,2021-08-31 17:26:34,2024-01-15 12:46:21,Statistical
445,76,287,1,11,Vegetation Loss,2021-11-21 19:04:05,0.985,Medium,302.42,1821.8,Resolved,2020-09-07 09:38:51,2022-03-09 20:59:50,Isolation Forest
446,35,123,4,39,Slope Deformation,2024-09-15 06:27:22,0.557,Critical,426.35,3675.0,False Alarm,2018-04-08 13:47:52,2020-08-15 04:37:30,LSTM Autoencoder
447,1,242,6,54,Sudden Displacement,2021-01-14 04:39:18,0.985,Medium,496.6,648.5,False Alarm,2022-08-14 20:00:13,2018-11-08 10:53:29,LSTM Autoencoder
448,224,490,3,24,Pore Pressure Spike,2018-08-29 09:25:04,0.543,Low,494.57,1031.5,False Alarm,2018-10-17 01:17:57,2019-11-23 16:40:30,Rule-Based
449,217,436,2,15,Ground Cracking,2019-07-19 04:23:09,0.863,Medium,71.4,3907.5,Open,2018-11-30 19:30:50,2018-03-23 23:39:02,LSTM Autoencoder
450,69,467,5,42,Pore Pressure Spike,2020-05-23 21:50:06,0.988,Low,419.54,2578.2,Resolved,2018-10-27 18:43:48,2022-08-28 15:47:23,Rule-Based
451,244,246,5,45,Rainfall Anomaly,2020-05-22 11:28:10,0.521,High,197.73,846.0,Open,2023-10-20 19:10:51,2022-04-20 21:40:45,Statistical
452,96,134,3,30,Ground Cracking,2024-01-08 01:07:22,0.889,Medium,404.9,3001.3,Open,2024-06-18 04:57:52,2024-10-20 19:51:23,LSTM Autoencoder
453,35,123,4,39,Seismic Signal,2022-11-06 16:19:33,0.739,High,228.87,2633.4,Resolved,2021-05-30 14:33:28,2022-12-17 18:37:49,Rule-Based
454,53,467,4,34,Pore Pressure Spike,2023-06-26 18:49:17,0.941,Medium,480.18,3389.2,Investigating,2021-12-01 00:51:17,2018-10-11 17:56:58,Rule-Based
455,6,186,7,55,Seismic Signal,2022-06-26 19:54:22,0.527,High,162.98,2351.8,Resolved,2023-07-16 08:18:24,2021-02-16 02:42:21,Isolation Forest
456,101,316,5,46,Vegetation Loss,2023-12-30 00:47:52,0.746,Critical,161.88,4006.6,False Alarm,2024-03-09 03:10:01,2020-10-22 02:32:51,LSTM Autoencoder
457,135,170,6,49,Pore Pressure Spike,2018-07-17 03:21:16,0.659,Low,208.02,440.6,Open,2018-08-31 23:00:05,2018-05-07 15:55:53,Isolation Forest
458,295,340,2,16,Pore Pressure Spike,2019-04-25 17:17:30,0.785,Critical,44.2,3332.3,Investigating,2021-05-28 02:35:45,2023-07-20 05:08:21,Rule-Based
459,5,236,2,20,Sudden Displacement,2020-06-07 05:17:37,0.744,Critical,53.83,3344.4,Open,2022-03-28 02:04:39,2019-12-16 22:13:34,Rule-Based
460,270,131,4,39,Rainfall Anomaly,2024-12-03 05:18:49,0.634,Critical,35.48,4191.5,Resolved,2022-10-16 14:40:03,2018-08-27 22:00:45,Isolation Forest
461,287,429,6,52,Sensor Outlier,2019-05-30 22:02:21,0.705,High,405.51,4777.4,Open,2022-04-20 20:56:56,2020-11-19 00:42:12,Statistical
462,93,271,5,44,Seismic Signal,2019-11-30 06:36:16,0.725,Medium,478.86,3817.7,Investigating,2024-02-18 20:19:31,2021-11-15 19:46:03,LSTM Autoencoder
463,3,442,3,29,Pore Pressure Spike,2022-03-10 06:18:37,0.6,High,234.07,448.2,Open,2020-09-28 06:04:02,2021-06-01 04:10:54,LSTM Autoencoder
464,131,244,2,20,Sudden Displacement,2024-01-27 16:50:43,0.93,Medium,181.49,1648.1,Resolved,2018-10-21 06:10:42,2019-09-17 03:02:14,Isolation Forest
465,50,278,2,20,Seismic Signal,2018-01-27 07:05:39,0.55,Low,401.74,897.5,Open,2023-09-03 23:01:39,2020-08-11 00:37:16,Isolation Forest
466,117,121,5,40,Slope Deformation,2022-12-31 09:53:37,0.996,Medium,288.26,1155.2,Open,2022-08-27 14:53:12,2023-04-03 12:07:51,Statistical
467,146,161,1,8,Seismic Signal,2019-06-01 04:31:10,0.9,Low,477.58,2513.4,Open,2021-08-30 20:39:48,2019-08-19 14:12:31,Rule-Based
468,27,383,2,19,Sudden Displacement,2022-11-28 20:40:20,0.555,Medium,5.68,2343.0,Resolved,2020-10-28 21:20:27,2024-04-23 04:02:28,Statistical
469,240,27,5,45,Rainfall Anomaly,2019-01-16 03:45:54,0.756,Critical,303.34,4378.4,Investigating,2018-08-03 01:59:51,2021-06-17 18:07:35,Isolation Forest
470,161,402,3,26,Rainfall Anomaly,2022-12-25 12:00:27,0.968,High,218.95,1932.8,Open,2024-02-07 05:49:51,2022-01-06 14:17:23,LSTM Autoencoder
471,291,171,7,56,Ground Cracking,2018-01-13 11:50:24,0.661,Medium,323.39,244.9,Resolved,2022-03-19 11:20:36,2021-03-24 19:56:06,Isolation Forest
472,241,369,2,16,Ground Cracking,2019-01-03 07:09:59,0.694,Low,48.44,2748.2,Open,2022-06-18 08:32:04,2021-03-06 15:52:49,LSTM Autoencoder
473,256,147,5,41,Vegetation Loss,2021-09-01 20:05:42,0.977,Medium,184.16,1283.7,False Alarm,2022-12-20 00:46:35,2021-01-02 00:19:41,Isolation Forest
474,270,131,4,39,Slope Deformation,2019-07-21 13:55:04,0.564,Medium,189.44,1471.7,Resolved,2019-12-11 11:20:05,2018-12-23 11:13:56,Statistical
475,220,36,6,54,Vegetation Loss,2023-07-12 20:38:07,0.527,Critical,274.49,1383.2,Investigating,2018-04-24 01:22:20,2022-06-10 14:41:40,Rule-Based
476,238,362,4,39,Rainfall Anomaly,2018-08-24 19:20:56,0.506,High,272.61,554.6,Investigating,2019-03-30 23:59:50,2021-06-06 11:51:43,Isolation Forest
477,179,374,4,39,Rainfall Anomaly,2018-11-25 14:10:42,0.663,Low,56.14,1544.3,Resolved,2019-02-01 19:07:55,2022-02-16 23:18:57,Isolation Forest
478,294,2,1,5,Rainfall Anomaly,2020-07-13 15:24:25,0.922,Low,186.92,2923.3,False Alarm,2021-12-15 17:13:59,2018-12-29 01:56:24,LSTM Autoencoder
479,141,77,3,23,Rainfall Anomaly,2024-03-14 04:43:16,0.925,High,349.13,2636.5,Investigating,2018-05-23 12:45:37,2021-08-05 04:27:03,Isolation Forest
480,162,340,5,45,Slope Deformation,2024-07-12 08:41:38,0.791,Low,209.4,4303.1,Investigating,2023-05-06 17:56:23,2019-10-24 08:24:23,LSTM Autoencoder
481,219,492,6,49,Slope Deformation,2022-09-11 16:13:30,0.715,Low,423.39,2303.2,Resolved,2020-01-25 16:01:16,2023-10-31 21:29:34,LSTM Autoencoder
482,154,195,1,8,Slope Deformation,2020-08-12 21:07:08,0.804,Medium,334.39,1910.6,Open,2024-08-17 14:24:04,2020-10-09 10:07:43,Isolation Forest
483,261,149,2,20,Rainfall Anomaly,2020-12-03 11:46:26,0.655,Medium,459.78,1164.6,Resolved,2021-05-01 08:45:58,2024-08-31 12:37:43,Rule-Based
484,120,461,2,19,Sudden Displacement,2021-12-02 03:59:20,0.919,High,375.82,2738.1,False Alarm,2023-01-30 21:01:33,2020-06-09 08:06:23,Statistical
485,176,386,1,5,Pore Pressure Spike,2019-11-27 21:34:37,0.812,Low,110.11,3051.6,False Alarm,2019-01-12 02:00:35,2023-08-10 14:30:20,Rule-Based
486,232,29,2,22,Sudden Displacement,2021-12-02 19:28:56,0.934,Low,13.11,545.2,Open,2020-01-08 18:59:03,2024-10-11 10:44:56,Rule-Based
487,14,405,5,46,Rainfall Anomaly,2018-05-23 17:12:26,0.747,Low,257.99,1201.3,Open,2020-10-28 05:00:39,2018-10-30 06:48:58,Isolation Forest
488,23,15,7,56,Ground Cracking,2022-08-07 16:18:24,0.717,High,388.62,3667.8,False Alarm,2023-10-28 12:01:50,2019-10-18 17:03:28,LSTM Autoencoder
489,241,369,2,16,Pore Pressure Spike,2024-12-27 03:33:55,0.99,Low,416.15,539.2,Resolved,2018-05-18 04:17:42,2019-11-13 12:20:25,Statistical
490,34,350,4,35,Sensor Outlier,2023-02-28 15:01:07,0.691,High,83.64,736.6,Investigating,2024-06-11 18:11:41,2018-03-14 05:02:53,Statistical
491,102,305,5,43,Slope Deformation,2024-09-15 12:58:09,0.553,High,97.16,3444.8,False Alarm,2024-05-20 22:01:46,2018-10-02 12:57:28,Rule-Based
492,120,461,2,19,Ground Cracking,2018-04-24 10:17:03,0.67,Low,374.11,1143.1,Open,2023-05-14 02:24:25,2024-03-25 16:37:43,Isolation Forest
493,282,7,2,21,Ground Cracking,2021-05-06 08:46:11,0.81,Medium,42.3,1700.5,Open,2021-07-16 21:09:52,2019-01-11 00:55:25,LSTM Autoencoder
494,13,265,3,23,Slope Deformation,2021-12-14 00:30:35,0.827,High,290.41,4271.5,False Alarm,2019-08-23 21:45:53,2019-03-08 05:18:33,Rule-Based
495,121,286,3,24,Pore Pressure Spike,2018-05-29 11:56:33,0.641,Critical,433.0,4282.8,Open,2021-05-05 14:18:52,2021-02-03 00:00:48,Rule-Based
496,104,448,2,18,Pore Pressure Spike,2018-11-30 08:34:29,0.563,Medium,488.47,4437.6,Resolved,2021-08-13 13:33:53,2024-12-05 12:58:29,Statistical
497,138,138,6,53,Seismic Signal,2019-10-21 08:07:26,0.68,Low,99.37,4018.5,False Alarm,2018-09-10 19:49:40,2022-08-28 03:32:39,Rule-Based
498,236,133,4,35,Slope Deformation,2021-10-21 06:02:20,0.658,Low,61.61,3903.8,Open,2021-11-15 10:58:54,2021-04-11 11:19:28,Rule-Based
499,297,202,3,31,Vegetation Loss,2018-10-06 21:41:58,0.679,Low,390.34,3566.7,Open,2018-03-12 07:20:25,2024-12-26 23:22:04,Rule-Based
500,92,468,3,28,Ground Cracking,2018-10-05 07:09:46,0.699,Medium,64.75,4349.1,False Alarm,2021-05-04 06:02:03,2019-01-29 17:23:55,Rule-Based
501,142,58,2,22,Slope Deformation,2022-12-10 15:05:51,0.937,Medium,369.22,2559.4,False Alarm,2023-05-20 22:23:57,2019-12-24 00:10:48,Statistical
502,52,103,3,32,Vegetation Loss,2019-11-22 00:48:41,0.681,Medium,281.69,457.7,Open,2022-10-24 00:10:54,2019-08-01 08:02:50,Isolation Forest
503,65,307,3,32,Vegetation Loss,2018-09-07 07:11:48,0.555,Critical,239.0,1957.4,Investigating,2020-05-31 15:02:18,2024-10-04 16:09:46,Statistical
504,140,432,1,6,Sensor Outlier,2024-09-07 08:58:38,0.74,Low,310.9,4596.4,False Alarm,2022-01-14 07:17:20,2024-09-22 06:22:49,LSTM Autoencoder
505,141,77,3,23,Sudden Displacement,2021-08-11 17:26:16,0.997,Low,170.48,1454.8,Investigating,2019-03-14 03:33:18,2018-04-14 02:02:25,LSTM Autoencoder
506,13,265,3,23,Sensor Outlier,2019-01-31 09:26:40,0.853,High,118.17,2807.9,Investigating,2023-03-02 13:35:04,2021-06-27 01:17:03,Rule-Based
507,199,55,3,24,Pore Pressure Spike,2018-10-13 17:56:49,0.566,Critical,362.63,1722.3,Open,2023-07-13 07:38:55,2018-12-19 07:04:41,Statistical
508,173,435,2,18,Sensor Outlier,2021-09-21 04:45:24,0.917,Low,467.55,4401.8,Open,2019-09-24 12:19:40,2024-12-13 05:19:48,Statistical
509,226,28,3,26,Sensor Outlier,2020-08-18 11:52:27,0.835,Medium,48.51,2548.5,Open,2022-07-31 12:02:46,2020-02-14 09:12:44,Statistical
510,240,27,5,45,Slope Deformation,2023-07-12 02:20:26,0.54,High,480.99,1022.5,Open,2021-08-28 11:17:09,2022-01-18 17:50:32,Isolation Forest
511,86,90,6,50,Sudden Displacement,2022-11-21 21:23:47,0.641,Low,97.79,3088.3,Resolved,2018-05-29 17:25:32,2022-10-15 10:31:15,Statistical
512,51,383,3,24,Vegetation Loss,2023-07-18 15:22:12,0.937,Medium,117.77,2833.6,False Alarm,2020-04-20 16:01:15,2022-09-26 23:19:09,Statistical
513,6,186,7,55,Seismic Signal,2020-01-13 23:53:59,0.764,Low,260.74,2999.8,Resolved,2018-04-20 00:08:46,2023-02-06 10:51:06,Statistical
514,84,9,6,50,Rainfall Anomaly,2018-09-10 10:23:18,0.545,Critical,343.69,2146.9,Resolved,2018-12-15 10:20:55,2024-05-17 09:20:13,Rule-Based
515,153,220,3,27,Rainfall Anomaly,2018-12-02 15:27:23,0.787,Medium,223.5,2220.3,Investigating,2023-01-19 20:45:57,2022-12-09 01:40:41,LSTM Autoencoder
516,88,439,6,54,Sudden Displacement,2018-11-04 16:44:05,0.692,Critical,73.01,1519.8,Open,2023-11-14 04:33:08,2022-05-28 23:41:07,Statistical
517,15,343,5,40,Seismic Signal,2022-09-13 21:53:35,0.768,Medium,484.43,8.0,False Alarm,2019-08-06 09:08:27,2023-11-09 05:54:09,Statistical
518,273,164,2,22,Sensor Outlier,2018-06-30 03:57:09,0.952,Low,130.76,1560.2,Open,2018-07-26 22:58:33,2024-01-28 00:46:32,Statistical
519,298,154,6,50,Seismic Signal,2023-06-30 10:11:04,0.527,Medium,220.35,2421.8,Open,2020-06-19 05:35:28,2019-02-25 15:43:07,LSTM Autoencoder
520,267,412,1,3,Vegetation Loss,2020-03-08 16:31:34,0.829,Critical,438.72,4545.1,Investigating,2023-02-05 01:56:32,2020-02-05 07:02:20,LSTM Autoencoder
521,86,90,6,50,Rainfall Anomaly,2021-08-10 16:59:47,0.915,High,453.78,3931.7,Investigating,2024-02-11 07:00:28,2020-12-20 00:05:31,Rule-Based
522,200,334,1,1,Pore Pressure Spike,2019-05-21 09:19:05,0.997,Low,491.83,3048.0,Resolved,2024-02-10 16:56:13,2019-04-26 23:14:40,LSTM Autoencoder
523,218,313,3,29,Vegetation Loss,2019-03-25 03:15:47,0.644,Low,200.38,1240.2,Investigating,2018-06-24 22:56:29,2024-02-16 07:33:00,Statistical
524,82,201,3,30,Ground Cracking,2019-02-12 14:57:58,0.676,Medium,256.96,2860.6,False Alarm,2021-04-21 21:06:16,2018-02-03 04:47:24,Isolation Forest
525,223,79,7,56,Sudden Displacement,2023-06-24 21:17:42,0.943,High,199.84,2751.1,Investigating,2018-04-07 03:58:46,2019-01-25 02:00:09,Statistical
526,236,133,4,35,Sudden Displacement,2018-05-29 00:47:49,0.992,High,80.25,1267.7,Open,2021-07-24 12:57:49,2019-06-25 11:14:35,Statistical
527,120,461,2,19,Sudden Displacement,2019-07-22 01:39:51,0.74,Critical,394.79,2337.6,False Alarm,2022-03-04 11:24:30,2018-03-03 00:51:58,Statistical
528,129,214,2,14,Vegetation Loss,2024-12-02 22:30:36,0.982,Low,485.0,82.9,Investigating,2020-11-03 04:28:16,2021-05-23 05:08:59,Isolation Forest
529,258,487,7,56,Ground Cracking,2024-08-11 12:11:38,0.867,Low,297.97,389.5,False Alarm,2024-04-05 15:00:38,2022-05-24 20:52:42,Rule-Based
530,252,210,5,45,Vegetation Loss,2023-10-15 22:52:02,0.913,Critical,293.73,1959.6,Investigating,2018-07-27 02:42:31,2024-07-30 04:50:13,Statistical
531,27,383,2,19,Sensor Outlier,2022-09-20 10:47:00,0.702,Low,129.18,4871.5,Resolved,2021-06-05 21:17:21,2022-07-04 07:26:48,LSTM Autoencoder
532,138,138,6,53,Ground Cracking,2018-02-21 12:32:19,0.872,Low,57.7,3076.9,Resolved,2019-11-02 02:08:18,2021-11-08 08:40:22,Statistical
533,198,18,3,29,Sensor Outlier,2018-05-03 05:27:39,0.964,High,181.49,4820.7,False Alarm,2021-11-17 03:00:44,2022-03-15 18:37:54,Isolation Forest
534,30,103,2,19,Slope Deformation,2023-11-20 21:40:52,0.929,Critical,497.82,2075.2,Resolved,2024-11-30 10:49:30,2023-06-29 02:05:26,Rule-Based
535,295,340,2,16,Vegetation Loss,2018-05-01 13:19:40,0.936,Critical,190.37,694.1,Investigating,2024-02-27 21:45:20,2024-02-24 17:59:23,LSTM Autoencoder
536,41,53,3,23,Ground Cracking,2018-05-11 15:48:06,0.848,Low,494.66,876.4,Resolved,2023-10-21 19:34:47,2021-08-03 05:17:39,Isolation Forest
537,22,124,4,36,Sensor Outlier,2019-06-05 15:26:32,0.609,Medium,387.04,202.5,Open,2022-06-09 17:40:21,2019-12-21 05:38:23,Rule-Based
538,152,301,5,43,Ground Cracking,2020-11-08 00:32:50,0.765,Low,118.78,4746.1,False Alarm,2018-05-24 17:32:04,2021-10-20 18:24:25,Statistical
539,185,138,5,46,Seismic Signal,2024-12-10 12:45:17,0.857,Critical,442.16,1003.8,False Alarm,2023-06-04 06:50:25,2021-01-12 22:44:07,Statistical
540,264,191,3,31,Sudden Displacement,2023-06-12 06:19:52,0.801,Medium,346.67,2175.4,Investigating,2024-08-06 05:45:08,2024-01-08 22:45:42,Statistical
541,37,149,7,56,Vegetation Loss,2020-03-12 23:54:47,0.6,Critical,393.66,4422.6,Resolved,2024-07-08 00:53:25,2020-11-28 16:19:39,LSTM Autoencoder
542,50,278,2,20,Vegetation Loss,2019-10-02 15:17:14,0.703,High,16.09,1518.5,Open,2023-12-21 19:40:58,2022-12-06 21:28:57,Statistical
543,223,79,7,56,Slope Deformation,2022-11-16 07:57:13,0.636,Medium,33.38,3688.2,False Alarm,2020-12-12 01:13:52,2018-03-19 18:20:30,Rule-Based
544,168,467,5,44,Slope Deformation,2019-10-07 06:44:30,0.905,Medium,442.79,540.9,Open,2021-05-26 19:57:57,2024-11-04 20:48:55,Rule-Based
545,72,414,1,5,Ground Cracking,2020-07-09 10:50:38,0.783,Medium,369.67,409.8,Investigating,2020-03-22 12:46:04,2023-12-23 23:26:21,Statistical
546,240,27,5,45,Vegetation Loss,2020-10-27 17:28:19,0.626,Critical,220.23,1454.8,Resolved,2021-04-24 19:30:16,2018-10-28 16:42:19,LSTM Autoencoder
547,296,490,2,15,Ground Cracking,2024-02-23 22:07:52,0.739,Critical,399.28,3472.3,Resolved,2020-04-11 15:46:19,2022-07-25 20:16:42,Statistical
548,5,236,2,20,Vegetation Loss,2018-03-29 06:50:44,0.625,Medium,63.3,2281.9,False Alarm,2021-02-13 10:03:15,2021-12-28 09:08:57,Statistical
549,168,467,5,44,Sensor Outlier,2023-10-14 14:55:22,0.995,Critical,394.44,1622.5,Investigating,2023-10-04 05:10:23,2021-01-19 11:27:30,LSTM Autoencoder
550,299,420,2,16,Sensor Outlier,2021-06-03 16:32:54,0.922,Medium,328.39,1583.0,Open,2019-01-23 06:27:46,2023-11-29 15:34:12,Statistical
551,250,373,6,51,Sudden Displacement,2018-02-09 15:03:01,0.524,Low,386.19,3945.6,Open,2019-05-15 10:46:19,2018-08-13 03:55:02,Statistical
552,192,379,3,30,Sensor Outlier,2019-06-16 04:59:45,0.66,Critical,183.01,3912.3,Investigating,2018-12-06 02:38:04,2021-09-10 02:56:16,Rule-Based
553,250,373,6,51,Seismic Signal,2019-01-05 08:49:13,0.915,Medium,30.28,4481.3,Investigating,2020-02-09 19:34:48,2023-07-21 07:39:28,Isolation Forest
554,24,189,1,5,Sudden Displacement,2018-12-18 11:08:30,0.702,Medium,430.77,1347.6,Resolved,2021-01-04 23:29:25,2018-03-22 12:28:36,LSTM Autoencoder
555,59,172,3,23,Slope Deformation,2021-06-29 19:24:31,0.757,Low,88.67,1190.4,Open,2020-11-17 16:48:39,2020-11-20 00:22:34,Statistical
556,129,214,2,14,Pore Pressure Spike,2019-12-19 04:58:51,0.768,High,379.46,1476.2,Investigating,2023-08-27 15:03:59,2023-07-29 20:47:56,Isolation Forest
557,113,360,4,34,Sudden Displacement,2020-02-21 14:33:16,0.816,High,393.71,2434.1,False Alarm,2021-11-24 07:32:48,2019-07-06 11:58:37,Statistical
558,19,246,2,22,Slope Deformation,2020-06-22 17:22:08,0.998,Low,334.71,405.7,Investigating,2024-02-27 11:45:48,2023-08-17 07:50:30,Rule-Based
559,185,138,5,46,Vegetation Loss,2024-09-03 19:32:55,0.988,High,413.13,4749.1,Investigating,2022-05-18 15:25:53,2024-05-12 03:20:29,LSTM Autoencoder
560,53,467,4,34,Sudden Displacement,2020-07-27 13:24:20,0.692,Low,114.7,4668.4,Open,2018-11-23 13:20:56,2018-09-07 06:21:12,Statistical
561,87,194,4,37,Vegetation Loss,2021-10-09 03:38:38,0.613,Medium,241.98,1660.8,Resolved,2023-06-19 03:48:24,2020-11-13 15:30:10,Rule-Based
562,260,53,3,26,Seismic Signal,2023-11-09 07:26:42,0.983,High,341.74,989.1,Open,2019-02-18 06:28:53,2022-10-13 12:36:19,Statistical
563,98,440,1,4,Vegetation Loss,2018-07-19 10:03:57,0.847,Low,275.36,2155.7,False Alarm,2022-10-06 17:42:34,2019-10-08 03:12:33,LSTM Autoencoder
564,145,265,3,28,Rainfall Anomaly,2020-01-14 00:53:28,0.816,Critical,96.92,790.1,Resolved,2018-05-30 07:22:12,2024-11-21 05:59:19,LSTM Autoencoder
565,135,170,6,49,Sudden Displacement,2018-10-18 19:55:22,0.561,Critical,20.05,4250.1,Investigating,2021-09-16 16:22:26,2020-03-16 19:34:22,Statistical
566,246,262,1,5,Ground Cracking,2021-10-02 16:52:40,0.857,Critical,352.15,3842.2,Open,2023-11-04 16:53:47,2023-01-17 15:19:31,Isolation Forest
567,40,134,6,48,Sudden Displacement,2018-01-24 16:12:45,0.998,Critical,387.89,1050.0,Open,2020-07-23 17:18:44,2021-02-16 08:11:07,Isolation Forest
568,280,453,1,11,Rainfall Anomaly,2023-04-05 06:02:54,0.927,Critical,86.34,4747.5,Open,2019-03-11 19:51:56,2023-10-14 22:13:23,LSTM Autoencoder
569,298,154,6,50,Ground Cracking,2024-12-18 01:10:15,0.668,High,494.56,4223.9,Resolved,2019-12-16 02:33:05,2020-08-03 11:41:59,Isolation Forest
570,235,119,2,17,Pore Pressure Spike,2021-07-14 21:34:01,0.941,Medium,364.24,829.0,Investigating,2020-07-02 20:00:32,2018-12-23 13:08:40,LSTM Autoencoder
571,95,76,2,16,Sensor Outlier,2018-02-12 06:16:46,0.979,Critical,347.91,1538.8,Open,2018-01-19 18:18:57,2020-10-10 17:42:12,LSTM Autoencoder
572,60,207,1,11,Sensor Outlier,2018-09-18 12:24:53,0.662,High,333.43,516.6,Open,2019-07-08 12:46:32,2024-05-29 13:30:44,Statistical
573,151,194,5,45,Pore Pressure Spike,2022-08-20 15:54:57,0.93,High,476.59,3551.1,False Alarm,2018-01-12 02:22:25,2021-10-09 05:25:50,Statistical
574,156,18,6,51,Slope Deformation,2022-06-12 12:33:32,0.562,Critical,356.12,1924.4,Resolved,2022-01-03 19:51:35,2021-02-09 16:26:07,Rule-Based
575,93,271,5,44,Ground Cracking,2022-03-21 19:11:59,0.508,Medium,359.78,3229.1,False Alarm,2019-06-30 02:03:30,2023-07-29 20:41:50,Rule-Based
576,253,358,7,56,Sensor Outlier,2019-05-14 12:39:53,0.918,Low,125.32,606.2,Resolved,2019-10-17 02:18:55,2023-02-26 21:41:02,Statistical
577,41,53,3,23,Sensor Outlier,2023-01-12 13:14:54,0.651,Low,201.61,173.0,Investigating,2021-12-30 08:58:21,2021-04-11 15:32:59,Rule-Based
578,126,299,3,23,Sudden Displacement,2023-01-20 19:31:59,0.512,Medium,117.68,1545.8,Resolved,2018-05-03 20:37:11,2018-04-11 21:56:30,LSTM Autoencoder
579,57,447,2,16,Rainfall Anomaly,2019-10-14 23:35:07,0.985,Critical,375.93,2971.7,Investigating,2024-03-03 11:59:32,2020-12-01 04:32:05,Rule-Based
580,90,14,6,51,Seismic Signal,2024-02-29 09:02:33,0.775,Critical,76.83,3238.1,False Alarm,2024-01-27 16:16:17,2019-07-04 01:29:19,Rule-Based
581,275,453,3,25,Pore Pressure Spike,2023-04-04 11:14:27,0.525,Critical,147.73,1800.2,Resolved,2024-09-05 17:50:24,2019-10-22 20:57:09,Isolation Forest
582,21,83,1,11,Seismic Signal,2024-12-07 20:17:57,0.94,Medium,385.37,4057.3,Investigating,2019-04-30 18:52:15,2019-12-25 00:48:08,LSTM Autoencoder
583,92,468,3,28,Ground Cracking,2022-01-12 15:56:15,0.536,Low,114.8,3484.6,Investigating,2022-02-23 11:58:23,2019-02-27 15:40:50,LSTM Autoencoder
584,75,134,1,8,Rainfall Anomaly,2024-08-31 01:22:27,0.706,Medium,77.98,4462.5,Open,2024-09-07 13:57:52,2022-11-02 17:16:21,Statistical
585,257,95,1,11,Sensor Outlier,2023-11-06 06:02:18,0.654,Medium,93.49,4221.9,Investigating,2022-02-14 19:16:31,2024-07-31 06:26:23,Rule-Based
586,199,55,3,24,Slope Deformation,2024-07-06 20:49:04,0.664,Low,349.57,623.8,False Alarm,2020-08-09 06:15:40,2024-08-04 22:16:49,LSTM Autoencoder
587,22,124,4,36,Vegetation Loss,2022-10-22 03:26:34,0.778,Medium,331.01,1839.0,False Alarm,2020-12-30 17:59:26,2019-04-12 05:21:23,Rule-Based
588,247,22,2,14,Sudden Displacement,2023-12-26 08:28:58,0.848,High,337.43,3817.1,Resolved,2021-04-13 00:51:14,2024-11-08 20:27:29,Statistical
589,42,189,7,58,Ground Cracking,2020-12-11 22:39:15,0.74,Medium,267.75,97.5,False Alarm,2020-10-03 21:28:23,2024-03-28 00:56:06,Rule-Based
590,45,323,1,5,Seismic Signal,2023-07-06 04:38:39,0.62,High,453.23,2931.5,Open,2018-06-23 23:23:39,2020-11-04 22:23:59,Rule-Based
591,69,467,5,42,Pore Pressure Spike,2024-03-28 17:35:26,0.825,Medium,159.93,2760.6,Resolved,2022-11-13 11:56:49,2024-02-29 05:15:06,Isolation Forest
592,21,83,1,11,Rainfall Anomaly,2023-05-14 11:23:50,0.664,High,480.89,792.2,Investigating,2023-01-16 15:05:11,2024-01-19 18:48:20,LSTM Autoencoder
593,221,488,2,15,Slope Deformation,2023-08-27 18:19:14,0.602,High,35.33,4713.5,False Alarm,2022-03-15 16:37:17,2019-07-11 15:40:46,Statistical
594,91,161,7,55,Rainfall Anomaly,2020-06-21 11:44:11,0.694,Medium,170.03,3036.3,Investigating,2023-01-14 15:33:29,2020-09-18 00:08:28,Statistical
595,193,186,6,54,Sensor Outlier,2022-08-24 09:11:28,0.857,Low,43.78,3073.6,Resolved,2019-09-28 00:38:46,2022-05-15 03:19:08,LSTM Autoencoder
596,109,323,6,50,Vegetation Loss,2019-04-27 04:47:13,0.771,Critical,315.31,3077.3,Open,2019-07-02 06:52:46,2019-05-16 19:15:34,LSTM Autoencoder
597,136,86,4,33,Ground Cracking,2019-04-25 04:18:05,0.81,Critical,37.94,2947.6,Resolved,2018-05-26 06:58:12,2024-12-02 05:29:33,Rule-Based
598,232,29,2,22,Sensor Outlier,2024-08-24 17:04:32,0.994,Critical,59.21,2079.1,Resolved,2022-07-25 09:28:58,2020-02-27 21:28:12,LSTM Autoencoder
599,166,70,4,36,Sudden Displacement,2021-05-22 13:08:15,0.905,High,77.26,3646.7,Resolved,2022-07-02 17:06:26,2022-03-16 06:51:23,LSTM Autoencoder
600,157,445,4,39,Ground Cracking,2020-06-28 19:52:58,0.614,Low,151.49,2477.8,False Alarm,2021-08-21 10:21:57,2022-09-14 07:19:08,LSTM Autoencoder
601,188,486,4,39,Pore Pressure Spike,2022-03-27 17:20:44,0.688,Low,195.26,3415.9,Investigating,2019-07-27 10:01:37,2022-09-23 03:25:33,LSTM Autoencoder
602,51,383,3,24,Seismic Signal,2020-01-06 01:25:42,0.881,High,286.16,2844.9,False Alarm,2024-03-12 01:19:20,2023-04-17 15:25:46,Rule-Based
603,254,154,2,16,Sensor Outlier,2024-04-30 01:43:31,0.767,High,362.58,1477.0,Open,2019-06-08 19:52:53,2021-08-06 22:00:54,Statistical
604,159,178,1,12,Sensor Outlier,2018-08-03 03:55:06,0.969,High,188.32,45.8,Open,2019-11-16 22:14:43,2018-06-14 23:09:50,Statistical
605,245,391,6,50,Sensor Outlier,2022-03-20 06:02:59,0.52,Low,323.6,2092.9,False Alarm,2024-02-28 23:33:38,2020-02-12 17:46:26,Rule-Based
606,217,436,2,15,Slope Deformation,2024-02-20 19:23:59,0.934,Medium,303.5,1736.6,Investigating,2021-03-12 20:46:28,2023-10-11 05:52:21,Statistical
607,13,265,3,23,Sensor Outlier,2020-01-28 17:32:00,0.747,High,32.91,3375.6,False Alarm,2019-07-28 02:57:42,2023-11-11 06:45:15,Rule-Based
608,55,443,4,36,Ground Cracking,2021-01-05 15:27:41,0.605,Critical,460.42,4320.8,Investigating,2018-12-24 10:49:41,2020-10-11 12:05:01,Isolation Forest
609,111,195,2,15,Rainfall Anomaly,2021-02-24 01:02:52,0.527,Medium,164.32,1275.6,Investigating,2020-01-30 13:41:05,2018-11-14 11:06:21,LSTM Autoencoder
610,172,47,2,16,Seismic Signal,2020-10-11 09:58:17,0.601,High,94.84,3907.1,Resolved,2019-03-23 00:11:50,2024-06-05 22:20:19,Isolation Forest
611,104,448,2,18,Seismic Signal,2021-09-19 12:47:15,0.845,Low,274.82,2595.5,False Alarm,2023-07-03 04:50:12,2021-05-04 13:00:42,Isolation Forest
612,106,268,8,62,Slope Deformation,2023-09-21 10:48:47,0.606,Low,9.18,373.4,Resolved,2019-10-31 23:02:54,2021-12-21 16:59:48,Rule-Based
613,55,443,4,36,Ground Cracking,2024-07-15 06:48:36,0.827,Low,407.88,2684.6,False Alarm,2020-08-15 18:40:51,2018-11-04 00:01:27,Statistical
614,239,441,8,61,Vegetation Loss,2024-10-07 04:44:07,0.533,High,9.11,2307.3,False Alarm,2019-01-25 16:27:15,2024-07-02 23:33:26,Statistical
615,69,467,5,42,Rainfall Anomaly,2019-06-02 21:24:58,0.955,Critical,381.59,4008.8,Open,2022-05-10 13:07:14,2022-06-25 13:41:21,Statistical
616,213,409,1,5,Ground Cracking,2022-04-02 00:55:38,0.72,Low,261.64,4914.6,False Alarm,2022-06-25 03:40:09,2020-04-17 00:04:04,Statistical
617,173,435,2,18,Vegetation Loss,2022-10-11 19:31:25,0.693,Critical,60.99,1545.4,Resolved,2018-04-20 02:56:40,2024-02-12 09:11:17,LSTM Autoencoder
618,281,435,8,59,Seismic Signal,2023-04-19 10:00:17,0.822,Critical,473.44,640.3,Investigating,2018-06-23 14:27:12,2021-03-15 15:08:01,Isolation Forest
619,265,356,5,43,Sensor Outlier,2024-07-07 03:45:55,0.747,Low,318.57,4438.7,False Alarm,2018-04-30 00:09:14,2018-10-18 22:31:23,Rule-Based
620,9,292,3,30,Slope Deformation,2021-11-13 21:23:05,0.629,High,499.26,2082.6,False Alarm,2023-10-16 13:13:48,2020-03-10 05:46:04,LSTM Autoencoder
621,156,18,6,51,Sensor Outlier,2022-10-18 02:47:04,0.734,Critical,435.61,1117.3,False Alarm,2020-01-16 20:24:49,2022-09-13 03:38:05,LSTM Autoencoder
622,44,34,5,41,Slope Deformation,2018-01-30 10:10:51,0.642,Medium,331.29,1638.8,Investigating,2019-09-17 03:13:41,2024-12-27 21:59:06,Rule-Based
623,141,77,3,23,Vegetation Loss,2021-06-16 05:55:16,0.754,Low,295.39,4840.4,Resolved,2020-11-12 06:07:47,2021-06-19 03:49:08,Rule-Based
624,182,298,3,23,Rainfall Anomaly,2024-04-17 14:26:17,0.511,Medium,56.61,2912.4,False Alarm,2024-09-29 02:51:08,2022-08-14 00:23:39,Isolation Forest
625,57,447,2,16,Sudden Displacement,2024-05-03 06:20:01,0.743,High,99.18,2520.5,Investigating,2022-03-20 18:49:17,2020-05-05 00:41:57,LSTM Autoencoder
626,22,124,4,36,Sudden Displacement,2018-05-25 04:33:46,0.622,Medium,92.21,536.3,False Alarm,2021-04-04 00:41:10,2024-09-05 13:33:28,LSTM Autoencoder
627,67,62,1,4,Vegetation Loss,2021-04-23 23:08:17,0.599,Critical,70.85,1538.9,False Alarm,2021-10-21 23:33:22,2023-11-22 13:59:12,Rule-Based
628,211,464,6,50,Pore Pressure Spike,2021-07-16 19:42:00,0.63,Low,63.77,2588.4,False Alarm,2020-11-23 16:31:41,2021-12-22 01:09:20,Isolation Forest
629,255,45,5,44,Vegetation Loss,2024-04-14 21:17:38,0.543,High,81.94,3943.8,Open,2024-07-28 14:52:29,2023-02-12 21:39:57,LSTM Autoencoder
630,206,186,7,55,Pore Pressure Spike,2024-01-30 01:13:15,0.744,Critical,70.56,3853.9,Resolved,2019-02-12 08:59:53,2023-12-05 17:27:06,LSTM Autoencoder
631,264,191,3,31,Rainfall Anomaly,2024-11-29 00:43:27,0.611,High,342.24,623.5,False Alarm,2022-12-14 05:16:40,2018-12-31 02:38:28,Statistical
632,5,236,2,20,Rainfall Anomaly,2022-05-26 23:52:45,0.874,Critical,102.42,333.9,Resolved,2024-01-20 04:57:03,2019-06-05 04:59:23,Isolation Forest
633,149,170,8,61,Sensor Outlier,2021-07-11 17:34:35,0.683,Critical,341.41,4998.9,Open,2021-07-25 16:53:28,2019-11-12 03:20:39,Rule-Based
634,118,158,1,3,Rainfall Anomaly,2021-01-29 00:57:39,0.666,High,109.59,3762.2,Investigating,2022-01-01 07:47:52,2019-04-21 01:07:05,Rule-Based
635,268,41,5,43,Pore Pressure Spike,2024-08-26 09:03:23,0.767,Critical,423.31,368.8,Investigating,2020-02-05 08:42:05,2019-01-02 05:57:31,LSTM Autoencoder
636,96,134,3,30,Slope Deformation,2019-04-06 23:13:32,0.911,High,200.94,396.3,Resolved,2023-01-19 22:36:51,2024-04-29 08:19:42,Statistical
637,192,379,3,30,Ground Cracking,2024-08-13 11:51:30,0.508,Medium,395.41,1206.6,False Alarm,2021-05-10 12:42:09,2024-06-21 03:22:15,LSTM Autoencoder
638,250,373,6,51,Ground Cracking,2018-01-17 12:51:17,0.941,Medium,199.06,3769.2,Resolved,2020-09-20 10:28:00,2022-12-15 14:53:25,Isolation Forest
639,75,134,1,8,Seismic Signal,2018-10-28 15:07:11,0.669,Critical,197.16,4050.6,Investigating,2019-11-19 21:41:19,2022-06-01 22:13:30,Statistical
640,204,380,3,31,Sudden Displacement,2022-12-12 11:06:31,0.68,Critical,137.47,4439.7,Resolved,2019-02-15 03:24:32,2020-05-17 11:06:05,Isolation Forest
641,250,373,6,51,Rainfall Anomaly,2018-04-30 04:50:25,0.93,Low,25.96,3983.1,False Alarm,2023-08-14 02:23:48,2019-08-14 04:54:13,Rule-Based
642,103,405,2,17,Pore Pressure Spike,2018-02-04 07:31:25,0.709,Low,392.7,4567.3,Open,2020-11-14 22:36:09,2018-09-08 02:21:31,Isolation Forest
643,56,415,6,50,Slope Deformation,2020-10-24 22:38:22,0.75,Critical,167.11,359.8,False Alarm,2020-12-29 05:40:22,2022-11-26 16:04:48,Statistical
644,222,73,6,50,Vegetation Loss,2022-02-22 06:16:34,0.76,Low,68.67,3598.4,False Alarm,2019-07-05 08:00:18,2023-03-16 03:54:20,Isolation Forest
645,112,42,1,8,Sudden Displacement,2023-06-15 10:27:29,0.641,Medium,222.9,303.0,Investigating,2020-10-22 12:46:35,2024-07-11 20:38:48,Statistical
646,209,478,5,42,Vegetation Loss,2023-04-16 16:40:32,0.908,Critical,415.73,3664.6,Investigating,2023-07-26 11:58:43,2020-07-24 09:09:35,Statistical
647,114,274,3,30,Sensor Outlier,2021-03-26 16:42:17,0.651,Low,428.58,3036.9,False Alarm,2024-12-27 11:45:33,2020-12-11 18:44:59,Isolation Forest
648,159,178,1,12,Sudden Displacement,2019-11-15 18:27:27,0.705,Low,465.24,4354.3,False Alarm,2021-01-02 07:10:41,2018-04-08 19:41:06,Statistical
649,66,272,3,28,Pore Pressure Spike,2023-02-17 10:50:27,0.557,Critical,120.76,974.9,False Alarm,2021-05-25 08:08:31,2023-04-21 01:21:29,Statistical
650,60,207,1,11,Seismic Signal,2021-04-25 10:00:04,0.554,Low,93.06,1298.9,Open,2023-12-17 00:27:39,2018-08-21 07:48:38,Isolation Forest
651,198,18,3,29,Rainfall Anomaly,2018-01-07 06:13:29,0.782,High,246.39,4693.3,Open,2022-10-03 07:26:48,2023-01-15 21:44:21,Isolation Forest
652,277,258,3,31,Ground Cracking,2018-02-02 17:04:44,0.95,Medium,404.91,2254.8,False Alarm,2019-01-22 03:26:18,2020-07-17 07:27:32,Isolation Forest
653,163,273,6,50,Sensor Outlier,2020-02-16 14:57:55,0.809,Low,103.3,3981.2,Open,2023-03-24 07:18:06,2023-05-09 12:11:12,Rule-Based
654,255,45,5,44,Rainfall Anomaly,2020-01-13 18:37:26,0.852,Low,187.73,2525.9,Investigating,2023-08-02 20:14:25,2019-10-03 03:33:26,Rule-Based
655,42,189,7,58,Rainfall Anomaly,2021-01-12 23:00:56,0.534,High,296.0,3620.0,Investigating,2021-09-04 17:38:53,2018-03-28 00:02:36,Statistical
656,287,429,6,52,Seismic Signal,2020-11-10 10:14:27,0.796,Critical,303.02,4406.4,Investigating,2019-09-09 03:15:21,2024-08-22 20:48:21,Isolation Forest
657,193,186,6,54,Seismic Signal,2021-04-30 18:46:54,0.561,Low,267.57,2472.9,False Alarm,2018-07-25 10:03:32,2023-12-04 10:09:07,Rule-Based
658,85,247,7,56,Rainfall Anomaly,2024-10-20 01:32:27,0.635,Critical,474.53,1571.1,Investigating,2020-07-09 20:19:52,2024-08-09 09:05:42,Isolation Forest
659,212,445,6,50,Ground Cracking,2020-08-03 18:30:37,0.614,Critical,170.08,4418.1,Investigating,2022-06-03 05:26:43,2019-01-01 15:33:58,Isolation Forest
660,36,212,3,25,Seismic Signal,2023-08-27 08:29:15,0.733,Low,324.42,1959.1,False Alarm,2024-01-01 15:48:06,2020-01-17 23:15:12,Isolation Forest
661,268,41,5,43,Sudden Displacement,2018-04-07 07:22:30,0.565,Critical,115.5,436.6,Open,2022-05-01 22:55:32,2021-05-09 07:45:03,Statistical
662,47,499,6,51,Pore Pressure Spike,2022-07-23 20:29:24,0.918,High,111.51,1274.0,False Alarm,2020-12-21 20:48:03,2018-01-13 02:54:59,Statistical
663,288,45,2,14,Rainfall Anomaly,2021-12-29 05:28:45,0.625,Critical,499.5,433.1,Investigating,2022-05-28 18:03:20,2021-04-03 13:40:59,Isolation Forest
664,220,36,6,54,Sensor Outlier,2018-11-09 02:22:58,0.705,Critical,315.23,2833.0,Open,2021-05-28 17:02:36,2018-01-26 19:44:52,Rule-Based
665,100,42,1,5,Ground Cracking,2023-02-08 23:29:15,0.731,Critical,345.39,4332.8,Investigating,2024-05-17 03:41:49,2020-11-25 20:43:12,LSTM Autoencoder
666,10,76,2,17,Slope Deformation,2024-09-21 12:47:41,0.977,Low,331.4,1851.7,False Alarm,2021-06-14 16:10:26,2020-12-18 14:07:40,Rule-Based
667,87,194,4,37,Rainfall Anomaly,2018-05-22 23:54:29,0.985,Low,293.4,2891.1,Investigating,2024-03-02 09:28:52,2020-03-10 10:53:06,Statistical
668,141,77,3,23,Vegetation Loss,2018-07-20 00:18:23,0.823,Critical,85.95,4331.0,Resolved,2024-09-19 15:28:23,2020-07-15 18:30:18,LSTM Autoencoder
669,135,170,6,49,Sensor Outlier,2022-03-14 14:59:11,0.911,High,397.96,4378.4,Open,2024-02-13 05:06:30,2021-05-10 11:35:55,Rule-Based
670,42,189,7,58,Slope Deformation,2023-09-29 00:45:19,0.849,Low,44.39,1223.8,Open,2022-03-29 10:03:39,2018-06-28 07:05:32,Statistical
671,49,5,4,35,Rainfall Anomaly,2023-07-12 11:53:39,0.994,Low,40.27,3682.7,False Alarm,2022-06-20 14:09:41,2024-06-20 03:50:27,Rule-Based
672,246,262,1,5,Sensor Outlier,2020-10-09 14:54:52,0.578,Medium,359.26,2144.4,Resolved,2024-06-09 00:24:24,2021-11-23 12:12:26,Isolation Forest
673,199,55,3,24,Slope Deformation,2023-11-08 20:54:37,0.968,Critical,278.51,4211.3,Open,2022-01-06 21:17:16,2020-07-13 16:21:44,Isolation Forest
674,105,220,1,8,Ground Cracking,2020-07-31 18:28:35,0.79,High,69.43,959.8,Resolved,2019-07-23 08:23:12,2018-08-30 11:52:27,Statistical
675,231,83,6,47,Rainfall Anomaly,2021-10-26 11:42:02,0.578,High,86.06,1285.2,Open,2022-02-18 09:43:30,2021-02-18 18:34:02,Rule-Based
676,101,316,5,46,Ground Cracking,2021-06-06 05:42:20,0.619,High,460.15,4660.8,Open,2019-08-06 04:20:37,2020-11-21 11:24:51,LSTM Autoencoder
677,276,300,3,30,Ground Cracking,2018-10-05 02:28:30,0.71,Low,298.89,1076.0,Resolved,2020-08-29 12:05:46,2024-06-12 17:26:41,Isolation Forest
678,230,436,6,47,Sensor Outlier,2021-11-03 09:01:19,0.654,Low,334.45,3797.3,Resolved,2023-02-21 03:05:32,2021-06-13 10:18:15,LSTM Autoencoder
679,171,142,8,61,Sensor Outlier,2024-04-17 07:25:49,0.805,High,267.33,1420.8,Open,2023-10-31 16:50:45,2023-06-04 10:13:35,LSTM Autoencoder
680,99,43,3,30,Rainfall Anomaly,2020-10-31 21:40:20,0.716,Medium,254.09,4602.6,Open,2022-02-18 18:13:10,2023-10-06 05:46:14,LSTM Autoencoder
681,43,483,5,46,Rainfall Anomaly,2018-11-08 20:57:53,0.943,Low,198.25,2842.1,Resolved,2019-03-17 11:26:09,2018-05-31 06:46:32,Statistical
682,266,241,3,31,Ground Cracking,2020-05-19 04:07:52,0.916,Critical,215.18,2314.8,Resolved,2023-03-24 18:52:49,2019-10-04 16:58:24,Rule-Based
683,137,66,2,17,Slope Deformation,2024-08-20 03:39:24,0.92,High,78.32,346.9,Investigating,2024-11-14 01:44:33,2023-02-15 11:00:13,Isolation Forest
684,295,340,2,16,Sudden Displacement,2024-07-31 10:58:35,0.9,Medium,39.43,586.5,Investigating,2021-01-06 07:05:27,2019-11-12 22:35:58,Rule-Based
685,62,298,6,47,Vegetation Loss,2018-06-11 23:50:48,0.978,Low,349.01,3527.5,Open,2020-10-14 09:02:55,2021-04-21 00:30:01,Isolation Forest
686,257,95,1,11,Ground Cracking,2018-02-09 14:14:24,0.822,Low,168.51,4745.2,Open,2024-07-06 23:12:58,2018-02-14 09:15:57,LSTM Autoencoder
687,27,383,2,19,Ground Cracking,2018-02-10 17:58:16,0.511,Critical,155.9,2118.2,Investigating,2021-10-12 10:14:11,2023-03-22 06:41:55,Rule-Based
688,134,410,1,3,Slope Deformation,2018-11-10 04:35:38,0.837,Medium,152.31,1808.7,Investigating,2021-11-19 17:18:53,2024-02-17 08:10:29,Rule-Based
689,280,453,1,11,Sensor Outlier,2021-11-01 20:49:58,0.707,High,122.45,343.8,False Alarm,2020-08-03 22:54:06,2020-12-07 20:44:32,Rule-Based
690,226,28,3,26,Rainfall Anomaly,2022-11-16 03:17:36,0.892,Medium,446.08,1434.2,Investigating,2024-09-07 14:54:15,2022-06-05 22:40:36,Rule-Based
691,285,61,6,50,Pore Pressure Spike,2019-02-18 00:13:06,0.992,High,312.4,235.2,Investigating,2021-09-05 10:29:46,2023-07-22 20:59:59,Statistical
692,36,212,3,25,Pore Pressure Spike,2024-09-09 23:25:16,0.675,Low,5.44,1052.9,Resolved,2019-12-23 07:19:48,2020-08-18 09:02:48,LSTM Autoencoder
693,294,2,1,5,Slope Deformation,2024-04-06 13:53:09,0.991,High,118.9,1456.2,False Alarm,2020-07-05 10:53:43,2019-05-19 15:25:10,Isolation Forest
694,67,62,1,4,Sudden Displacement,2021-10-16 10:05:17,0.68,Critical,289.89,548.5,Open,2023-09-12 05:37:56,2022-06-09 19:08:05,Statistical
695,219,492,6,49,Slope Deformation,2021-11-23 00:34:40,0.974,Low,8.33,4103.4,Open,2020-07-02 06:42:10,2022-10-06 20:23:16,Isolation Forest
696,276,300,3,30,Ground Cracking,2023-05-16 17:46:36,0.688,Critical,431.11,1065.2,Resolved,2021-07-27 21:28:51,2018-07-20 18:36:09,Statistical
697,33,74,2,18,Ground Cracking,2024-01-04 23:53:55,0.548,Low,472.76,3707.7,Resolved,2022-04-07 11:47:02,2019-05-14 02:17:14,Rule-Based
698,27,383,2,19,Vegetation Loss,2024-12-15 23:54:00,0.659,Low,421.44,1460.9,Open,2018-02-23 17:39:07,2021-05-29 22:36:04,Isolation Forest
699,245,391,6,50,Sudden Displacement,2023-05-14 12:49:29,0.661,Medium,476.89,3764.9,Resolved,2018-12-11 16:36:16,2020-01-23 04:28:19,Statistical
700,72,414,1,5,Ground Cracking,2019-04-04 18:14:40,0.815,Critical,256.96,2144.8,False Alarm,2022-06-13 21:38:29,2018-07-14 15:54:34,Isolation Forest
701,71,473,4,33,Ground Cracking,2024-12-28 11:26:02,0.584,Low,81.37,3428.7,False Alarm,2022-07-28 22:55:05,2023-08-08 04:08:45,Rule-Based
702,190,209,2,16,Slope Deformation,2021-09-08 17:49:47,0.681,Low,325.53,510.6,Resolved,2021-10-28 16:07:16,2020-07-11 04:21:30,Rule-Based
703,292,466,2,15,Sudden Displacement,2020-10-08 15:33:27,0.681,Medium,281.81,3208.8,Investigating,2019-10-05 09:19:21,2019-03-25 11:26:40,LSTM Autoencoder
704,117,121,5,40,Slope Deformation,2018-08-23 20:19:58,0.814,Medium,470.39,4609.8,Open,2019-09-04 13:02:22,2023-06-16 18:21:24,Rule-Based
705,131,244,2,20,Slope Deformation,2019-01-31 17:50:45,0.839,High,57.74,4370.5,Investigating,2023-09-21 04:11:11,2022-02-24 13:04:35,Statistical
706,105,220,1,8,Seismic Signal,2023-09-13 03:26:51,0.884,Medium,204.05,2206.6,Investigating,2019-02-08 07:44:09,2021-08-17 10:04:20,Rule-Based
707,77,322,2,15,Rainfall Anomaly,2020-08-18 14:24:27,0.577,Medium,433.63,2502.5,False Alarm,2020-11-05 21:35:02,2022-12-20 12:41:00,LSTM Autoencoder
708,101,316,5,46,Pore Pressure Spike,2019-05-06 08:09:18,0.63,Critical,473.22,4410.2,Resolved,2018-01-05 03:06:57,2020-09-15 10:58:45,Rule-Based
709,240,27,5,45,Sensor Outlier,2022-02-25 22:51:45,0.977,Low,73.27,3477.5,Open,2021-05-30 03:04:57,2020-05-07 11:40:05,Rule-Based
710,14,405,5,46,Ground Cracking,2022-02-03 12:17:02,0.986,Low,211.04,3424.0,Open,2019-05-08 00:41:18,2024-07-05 07:12:22,Isolation Forest
711,276,300,3,30,Vegetation Loss,2021-04-25 01:30:17,0.607,Low,383.81,3174.4,Open,2020-05-09 14:40:05,2020-11-14 10:18:23,Isolation Forest
712,131,244,2,20,Rainfall Anomaly,2023-01-21 16:54:23,0.801,Medium,180.93,3486.6,False Alarm,2021-03-16 04:53:42,2018-07-15 17:33:25,Statistical
713,154,195,1,8,Seismic Signal,2022-05-02 08:10:32,0.581,High,261.84,4655.2,False Alarm,2021-09-09 02:35:04,2023-07-18 03:47:33,Isolation Forest
714,267,412,1,3,Seismic Signal,2018-05-17 03:31:07,0.79,Critical,312.78,2138.1,Resolved,2018-01-12 00:27:10,2020-11-30 17:28:37,LSTM Autoencoder
715,243,103,7,56,Rainfall Anomaly,2021-05-29 05:40:18,0.633,Critical,41.73,1160.1,Open,2021-06-13 03:43:10,2023-09-22 12:37:27,LSTM Autoencoder
716,121,286,3,24,Rainfall Anomaly,2019-05-26 08:37:41,0.745,Medium,443.2,832.1,Resolved,2019-04-20 21:31:01,2021-03-19 09:09:46,Isolation Forest
717,44,34,5,41,Slope Deformation,2019-03-25 09:26:24,0.999,Critical,440.84,4186.2,Investigating,2023-08-19 12:36:50,2020-08-23 13:30:03,Rule-Based
718,193,186,6,54,Rainfall Anomaly,2020-09-05 17:05:23,0.521,Critical,213.16,2850.5,False Alarm,2022-04-16 05:37:47,2020-08-26 16:01:23,LSTM Autoencoder
719,32,161,3,23,Vegetation Loss,2018-05-06 13:27:55,0.802,Medium,171.26,2208.7,Resolved,2022-04-26 20:13:02,2024-10-02 09:43:40,Statistical
720,182,298,3,23,Vegetation Loss,2021-08-01 04:04:25,0.862,Critical,341.99,2779.4,Resolved,2024-12-13 17:55:52,2022-07-29 06:55:04,Rule-Based
721,63,342,1,6,Pore Pressure Spike,2022-12-12 00:14:18,0.764,High,95.34,4562.6,Resolved,2023-09-13 14:58:08,2020-01-07 01:24:05,LSTM Autoencoder
722,192,379,3,30,Ground Cracking,2018-02-13 18:14:54,0.971,Low,487.24,713.2,Open,2018-04-10 12:13:24,2019-03-20 20:35:29,LSTM Autoencoder
723,94,201,3,30,Pore Pressure Spike,2021-11-20 06:29:33,0.996,Low,441.11,3634.9,Investigating,2019-03-27 21:07:34,2019-10-15 00:27:47,Rule-Based
724,299,420,2,16,Pore Pressure Spike,2023-09-24 18:18:27,0.666,Low,454.01,2952.9,Investigating,2024-04-13 18:23:03,2021-01-07 23:40:51,LSTM Autoencoder
725,226,28,3,26,Slope Deformation,2019-01-16 23:47:02,0.617,Critical,238.04,526.6,Resolved,2020-06-29 18:12:15,2019-06-03 15:40:43,Rule-Based
726,177,75,3,26,Vegetation Loss,2020-08-10 18:40:22,0.802,Critical,24.7,4780.8,Resolved,2021-02-02 15:35:59,2022-09-16 22:18:13,Statistical
727,275,453,3,25,Pore Pressure Spike,2022-05-20 11:17:12,0.934,Low,206.21,2586.9,Open,2021-01-19 13:28:47,2024-03-06 07:58:08,Rule-Based
728,115,410,1,10,Ground Cracking,2024-12-26 14:37:20,0.968,Critical,283.31,1881.1,Investigating,2020-01-03 23:06:50,2018-03-20 18:19:24,LSTM Autoencoder
729,179,374,4,39,Rainfall Anomaly,2024-09-19 14:08:08,0.578,Medium,304.98,1517.5,Open,2021-09-22 10:32:08,2024-06-02 23:43:15,Statistical
730,236,133,4,35,Pore Pressure Spike,2022-06-02 00:25:10,0.717,Low,10.44,1761.3,Open,2021-07-15 04:32:46,2024-03-22 22:59:56,LSTM Autoencoder
731,6,186,7,55,Vegetation Loss,2023-10-05 01:29:51,0.762,High,91.67,1309.5,Open,2018-07-30 20:11:30,2021-02-15 03:13:37,Rule-Based
732,231,83,6,47,Pore Pressure Spike,2023-11-07 21:36:02,0.584,Low,277.44,3583.4,Investigating,2020-10-12 13:52:59,2024-02-28 11:21:51,Statistical
733,118,158,1,3,Pore Pressure Spike,2019-09-07 06:17:53,0.571,High,465.1,3267.2,Open,2018-01-01 09:11:31,2023-11-03 00:56:54,Rule-Based
734,269,165,3,30,Pore Pressure Spike,2021-06-25 14:03:57,0.716,High,187.71,4004.5,Resolved,2020-09-06 01:54:32,2018-05-20 00:51:10,Statistical
735,102,305,5,43,Seismic Signal,2022-01-18 18:30:12,0.522,Medium,263.53,587.8,False Alarm,2019-04-24 11:22:19,2018-08-30 20:01:37,LSTM Autoencoder
736,209,478,5,42,Pore Pressure Spike,2023-12-17 08:14:48,0.553,Critical,227.18,2746.1,False Alarm,2020-03-11 12:58:41,2019-05-20 23:30:39,Statistical
737,136,86,4,33,Rainfall Anomaly,2021-07-04 08:10:21,0.849,Low,332.01,2503.0,Open,2019-08-14 16:12:26,2021-06-06 20:25:22,Isolation Forest
738,57,447,2,16,Vegetation Loss,2024-01-14 16:33:17,0.804,Medium,33.95,1229.5,Open,2019-05-28 13:22:44,2019-11-05 14:11:26,Isolation Forest
739,1,242,6,54,Slope Deformation,2023-09-17 19:29:05,0.826,Low,448.32,3554.3,False Alarm,2019-12-10 18:16:40,2024-03-23 04:37:41,Rule-Based
740,6,186,7,55,Ground Cracking,2018-11-17 14:23:16,0.793,Critical,132.96,3457.3,Resolved,2019-06-16 10:29:17,2021-05-10 12:30:47,Isolation Forest
741,276,300,3,30,Ground Cracking,2018-05-10 01:48:27,0.664,Medium,191.9,2807.2,Resolved,2019-11-09 08:11:20,2020-09-28 01:04:49,Isolation Forest
742,84,9,6,50,Ground Cracking,2022-06-23 14:16:08,0.799,Medium,137.76,2468.0,Investigating,2019-06-13 07:06:29,2022-05-22 06:50:31,Statistical
743,211,464,6,50,Sensor Outlier,2023-10-22 08:24:50,0.686,High,440.91,3650.2,Investigating,2019-06-05 14:08:58,2023-07-07 06:00:53,Statistical
744,277,258,3,31,Seismic Signal,2018-05-17 18:07:51,0.724,Low,453.69,2528.7,Investigating,2022-07-15 18:51:34,2021-01-14 18:54:26,Statistical
745,235,119,2,17,Vegetation Loss,2024-08-15 11:41:41,0.619,High,44.13,1022.2,Open,2021-02-22 05:49:37,2019-06-04 20:10:40,Rule-Based
746,193,186,6,54,Sensor Outlier,2021-02-23 01:49:16,0.577,High,7.32,2624.5,Investigating,2020-04-25 23:59:42,2020-04-16 17:59:24,Statistical
747,145,265,3,28,Vegetation Loss,2020-01-10 17:57:37,0.585,High,438.77,1666.5,Investigating,2021-09-06 01:27:08,2023-12-19 18:24:10,LSTM Autoencoder
748,237,330,3,29,Sudden Displacement,2022-02-23 20:37:43,0.633,Low,201.13,4511.2,Resolved,2022-12-09 16:49:42,2020-05-27 15:24:03,Isolation Forest
749,273,164,2,22,Slope Deformation,2020-06-28 03:00:29,0.68,Low,472.19,9.4,Investigating,2024-04-03 00:30:15,2019-10-07 00:45:33,LSTM Autoencoder
750,287,429,6,52,Sudden Displacement,2023-01-26 12:27:22,0.749,Medium,118.38,53.0,False Alarm,2022-06-22 01:52:02,2021-06-22 07:11:59,Rule-Based
751,52,103,3,32,Slope Deformation,2018-03-28 05:26:01,0.555,High,79.19,1011.7,Open,2022-05-27 08:32:13,2020-01-24 02:33:12,Statistical
752,223,79,7,56,Vegetation Loss,2022-07-04 04:33:40,0.952,High,297.26,3440.3,Investigating,2019-05-25 14:55:18,2023-11-17 05:07:10,LSTM Autoencoder
753,237,330,3,29,Seismic Signal,2020-01-22 12:55:44,0.629,Critical,387.11,3306.4,Investigating,2018-11-04 10:53:37,2023-03-26 16:38:12,Rule-Based
754,276,300,3,30,Slope Deformation,2020-10-11 15:40:12,0.795,High,211.25,3362.0,Investigating,2022-05-04 01:02:53,2018-07-09 13:45:53,Isolation Forest
755,271,247,7,56,Pore Pressure Spike,2023-07-01 01:19:30,0.764,Critical,485.13,4195.9,False Alarm,2023-08-07 19:41:46,2021-06-06 06:26:05,Rule-Based
756,180,204,3,25,Seismic Signal,2021-07-24 06:28:45,0.946,Low,476.08,2980.0,False Alarm,2022-05-17 10:48:19,2024-09-07 00:51:21,Isolation Forest
757,84,9,6,50,Slope Deformation,2018-09-26 23:40:24,0.614,High,394.25,274.1,Resolved,2022-04-15 17:27:56,2022-12-31 19:22:12,LSTM Autoencoder
758,118,158,1,3,Rainfall Anomaly,2021-02-18 21:18:47,0.954,Critical,357.38,993.4,Investigating,2022-04-20 01:59:17,2023-03-15 10:08:01,Isolation Forest
759,274,371,6,54,Ground Cracking,2024-01-01 12:20:53,0.935,Medium,279.91,3127.1,Resolved,2021-10-18 21:42:32,2021-05-11 09:15:33,Isolation Forest
760,153,220,3,27,Pore Pressure Spike,2019-06-18 23:46:18,0.933,Critical,270.16,2209.3,False Alarm,2021-10-04 11:09:42,2024-08-24 23:37:10,LSTM Autoencoder
761,33,74,2,18,Sensor Outlier,2021-09-20 12:43:17,0.509,Critical,241.86,111.1,Resolved,2023-05-26 11:45:19,2023-08-25 19:36:48,Isolation Forest
762,28,410,7,56,Vegetation Loss,2021-06-01 15:44:34,0.63,Critical,360.34,28.7,False Alarm,2020-06-18 06:13:51,2018-06-25 12:13:47,LSTM Autoencoder
763,134,410,1,3,Slope Deformation,2021-05-01 21:37:41,0.734,Critical,446.18,295.0,Resolved,2018-09-26 15:15:25,2021-02-17 23:52:02,Rule-Based
764,114,274,3,30,Pore Pressure Spike,2023-05-23 05:04:49,0.832,Critical,280.11,4023.8,Open,2018-04-15 11:52:32,2023-10-24 20:42:53,LSTM Autoencoder
765,140,432,1,6,Rainfall Anomaly,2024-06-11 00:21:33,0.922,Medium,497.12,4677.2,Open,2023-12-20 17:43:37,2020-08-03 07:28:13,Isolation Forest
766,183,186,2,16,Vegetation Loss,2023-01-31 20:13:45,0.5,Low,25.79,4990.0,Investigating,2022-10-21 17:47:21,2020-05-14 19:20:11,Isolation Forest
767,56,415,6,50,Sensor Outlier,2018-12-16 00:18:18,0.676,Medium,251.22,2376.1,Resolved,2019-12-13 10:22:46,2023-10-01 20:54:03,Statistical
768,144,156,2,17,Seismic Signal,2019-02-14 00:59:46,0.638,Medium,122.0,4577.9,Resolved,2023-02-19 22:05:11,2024-02-28 16:59:09,LSTM Autoencoder
769,130,291,6,51,Sensor Outlier,2022-03-24 03:44:16,0.644,Medium,122.69,4255.5,Resolved,2022-06-06 04:02:14,2018-07-18 05:37:03,Isolation Forest
770,227,215,2,16,Rainfall Anomaly,2023-04-24 02:11:10,0.737,Low,147.32,2237.2,Investigating,2020-08-22 01:01:51,2021-06-17 11:34:30,Statistical
771,147,227,3,27,Vegetation Loss,2024-06-04 01:27:03,0.643,Low,65.54,2551.9,Resolved,2019-03-16 06:56:54,2023-07-11 18:39:57,LSTM Autoencoder
772,287,429,6,52,Rainfall Anomaly,2021-04-15 18:36:30,0.69,Low,430.02,4665.1,Investigating,2024-05-01 23:58:22,2021-01-22 15:51:20,Rule-Based
773,101,316,5,46,Sensor Outlier,2019-12-06 13:25:16,0.604,High,279.24,4426.9,Investigating,2019-05-06 13:24:38,2021-10-10 14:20:58,Rule-Based
774,130,291,6,51,Seismic Signal,2018-08-17 22:39:51,0.945,Critical,285.35,2019.5,Investigating,2020-06-02 05:40:58,2023-11-15 09:04:57,LSTM Autoencoder
775,187,85,3,28,Ground Cracking,2019-11-30 16:45:26,0.778,High,272.74,2967.6,Investigating,2021-08-21 05:33:39,2019-03-15 07:37:02,Statistical
776,84,9,6,50,Sudden Displacement,2018-06-17 20:29:56,0.835,Low,114.82,1834.4,False Alarm,2019-07-18 22:35:40,2020-08-12 05:31:45,Statistical
777,21,83,1,11,Rainfall Anomaly,2023-07-24 14:03:46,0.964,Critical,81.26,3308.5,False Alarm,2024-03-09 06:22:17,2022-10-05 22:26:22,Rule-Based
778,220,36,6,54,Sudden Displacement,2021-11-11 22:41:54,0.781,Low,327.47,1050.9,Open,2024-10-25 14:39:10,2023-05-29 21:32:02,Isolation Forest
779,37,149,7,56,Pore Pressure Spike,2021-06-17 23:34:32,0.852,Medium,172.29,2645.9,False Alarm,2024-12-27 02:05:56,2020-05-17 15:17:47,LSTM Autoencoder
780,153,220,3,27,Pore Pressure Spike,2024-07-30 14:32:23,0.517,Critical,266.16,1261.3,Investigating,2024-07-09 08:38:36,2020-09-18 02:55:43,Rule-Based
781,187,85,3,28,Sudden Displacement,2022-07-04 18:38:50,0.621,Medium,232.35,413.6,False Alarm,2019-09-09 09:25:00,2020-11-10 13:55:03,Isolation Forest
782,205,354,1,1,Sudden Displacement,2020-12-06 21:24:04,0.546,Critical,385.14,1919.6,Investigating,2019-05-08 19:02:17,2021-04-23 22:38:19,Rule-Based
783,247,22,2,14,Sudden Displacement,2022-08-15 13:33:42,0.568,Medium,234.69,4137.8,Open,2020-08-13 08:05:46,2024-05-31 13:29:48,Statistical
784,167,358,2,22,Pore Pressure Spike,2020-05-26 02:39:43,0.538,Critical,230.95,374.8,Resolved,2023-06-04 16:23:22,2019-04-21 14:04:01,Isolation Forest
785,235,119,2,17,Ground Cracking,2024-04-23 02:45:43,0.964,Medium,368.37,1005.8,False Alarm,2019-08-20 15:59:56,2023-08-02 18:52:38,Rule-Based
786,111,195,2,15,Vegetation Loss,2020-12-07 00:12:05,0.701,Low,256.74,1466.5,False Alarm,2023-09-21 09:17:36,2024-02-08 11:09:21,Rule-Based
787,89,267,1,11,Seismic Signal,2019-08-31 12:38:59,0.776,Low,144.96,1660.0,Open,2024-08-26 10:36:02,2019-12-28 05:18:17,LSTM Autoencoder
788,95,76,2,16,Seismic Signal,2019-06-27 08:04:35,0.617,Medium,171.48,349.5,False Alarm,2020-12-03 14:58:25,2019-10-17 11:36:48,Rule-Based
789,251,133,7,56,Ground Cracking,2022-04-17 19:35:44,0.689,Critical,391.93,1926.6,Investigating,2018-07-30 10:43:35,2021-12-31 08:22:08,Statistical
790,145,265,3,28,Sudden Displacement,2019-09-04 06:04:39,0.696,Low,159.4,4079.7,Investigating,2023-08-27 19:48:24,2021-10-26 21:36:08,Rule-Based
791,66,272,3,28,Pore Pressure Spike,2022-02-09 02:36:51,0.986,Critical,92.38,1452.6,Resolved,2020-12-05 16:57:45,2022-10-15 12:21:12,Isolation Forest
792,196,140,7,55,Sudden Displacement,2024-05-07 14:39:39,0.976,Low,231.03,3057.6,Investigating,2021-10-01 13:28:27,2020-01-08 07:26:14,LSTM Autoencoder
793,145,265,3,28,Ground Cracking,2022-07-13 03:09:54,0.643,Critical,77.01,2816.5,Open,2018-12-06 12:33:03,2018-05-17 23:51:00,Rule-Based
794,23,15,7,56,Vegetation Loss,2024-07-12 20:37:21,0.967,Low,435.32,3789.7,False Alarm,2023-11-25 22:14:57,2018-06-28 06:08:58,Isolation Forest
795,137,66,2,17,Slope Deformation,2021-11-08 19:11:45,0.572,Low,463.64,4344.9,Open,2023-05-19 14:32:46,2019-09-12 10:53:38,LSTM Autoencoder
796,178,262,1,11,Sudden Displacement,2020-04-28 18:18:33,0.769,Critical,80.56,1584.0,Investigating,2024-10-10 14:06:21,2024-04-30 16:44:58,Rule-Based
797,295,340,2,16,Ground Cracking,2020-11-05 20:23:40,0.741,Medium,390.35,827.7,Open,2020-11-06 14:53:50,2024-07-12 09:00:34,Isolation Forest
798,53,467,4,34,Seismic Signal,2023-08-28 17:41:35,0.962,Medium,331.88,1197.5,False Alarm,2020-02-19 09:05:46,2022-09-11 13:57:16,LSTM Autoencoder
799,142,58,2,22,Vegetation Loss,2019-08-13 13:51:28,0.951,Medium,495.68,3869.5,Open,2021-03-27 18:28:14,2023-09-15 16:54:54,Rule-Based
800,14,405,5,46,Sensor Outlier,2021-06-17 02:21:23,0.739,Critical,295.77,4562.4,False Alarm,2019-03-18 08:50:27,2023-01-10 01:56:31,Isolation Forest
801,279,318,1,3,Sudden Displacement,2020-01-22 00:05:42,0.737,Low,360.38,3880.1,Investigating,2024-04-05 15:45:57,2023-03-07 11:17:08,Statistical
802,234,450,4,33,Ground Cracking,2024-08-20 07:28:44,0.963,Medium,2.64,3312.0,Resolved,2024-11-20 18:38:03,2019-01-21 16:29:17,Isolation Forest
803,214,299,1,3,Rainfall Anomaly,2024-04-20 20:43:20,0.807,High,45.81,3281.5,False Alarm,2020-05-12 18:55:52,2022-09-21 07:47:35,Isolation Forest
804,194,232,4,34,Slope Deformation,2023-08-09 23:52:48,0.669,High,313.53,2538.2,Resolved,2021-03-13 06:43:49,2021-07-19 01:57:07,Rule-Based
805,15,343,5,40,Pore Pressure Spike,2019-10-13 03:43:07,0.803,Medium,496.32,852.6,Open,2020-06-04 15:49:04,2022-04-19 04:29:23,Rule-Based
806,82,201,3,30,Sudden Displacement,2024-03-21 06:42:44,0.973,Critical,93.34,1072.1,Resolved,2021-08-10 03:45:33,2018-08-04 23:12:19,Isolation Forest
807,103,405,2,17,Ground Cracking,2023-07-28 09:13:00,0.851,Low,323.03,3334.0,Resolved,2021-07-30 06:16:58,2023-11-18 08:18:04,Rule-Based
808,56,415,6,50,Ground Cracking,2019-07-30 16:27:32,0.615,Low,216.19,4131.4,Open,2022-03-20 17:25:37,2019-08-07 12:11:54,Isolation Forest
809,59,172,3,23,Ground Cracking,2019-10-10 00:16:22,0.539,High,422.62,3661.2,Investigating,2019-10-26 21:45:05,2021-01-19 03:49:05,Statistical
810,239,441,8,61,Vegetation Loss,2023-02-06 07:05:13,0.711,Low,476.1,2487.8,Open,2021-05-01 19:30:12,2024-02-16 05:52:59,Rule-Based
811,158,493,8,61,Sensor Outlier,2023-03-26 06:18:34,0.673,High,330.65,4022.1,Resolved,2020-03-28 22:38:36,2021-02-12 05:58:43,LSTM Autoencoder
812,41,53,3,23,Vegetation Loss,2022-09-18 13:42:21,0.989,Medium,352.72,751.8,False Alarm,2022-10-03 17:35:59,2024-02-11 01:07:50,Isolation Forest
813,171,142,8,61,Sensor Outlier,2019-01-21 06:33:01,0.6,Medium,11.0,773.8,Open,2019-08-15 03:18:04,2020-08-14 14:50:44,Statistical
814,244,246,5,45,Vegetation Loss,2019-01-19 21:45:46,0.696,Medium,8.98,4744.5,Open,2019-06-17 04:25:07,2022-10-10 11:29:01,LSTM Autoencoder
815,171,142,8,61,Rainfall Anomaly,2024-12-30 12:34:22,0.604,Critical,195.15,1851.7,Resolved,2022-12-01 13:52:03,2019-08-10 01:28:28,Rule-Based
816,101,316,5,46,Rainfall Anomaly,2019-05-07 06:25:05,0.975,Medium,152.79,4243.3,Resolved,2024-03-28 12:40:40,2024-12-03 15:12:28,Isolation Forest
817,250,373,6,51,Ground Cracking,2018-06-15 23:11:07,0.866,Critical,192.23,571.1,Resolved,2019-02-19 17:23:47,2021-11-29 04:42:02,Statistical
818,287,429,6,52,Vegetation Loss,2020-01-18 06:07:35,0.996,High,375.44,842.8,False Alarm,2024-08-21 18:33:15,2023-08-24 11:18:32,Isolation Forest
819,50,278,2,20,Rainfall Anomaly,2019-07-27 13:38:08,0.566,Critical,69.02,2636.5,Open,2023-10-04 23:35:01,2022-06-27 12:43:36,Statistical
820,136,86,4,33,Sudden Displacement,2020-02-08 21:20:31,0.503,High,274.75,3664.7,Resolved,2024-11-01 19:32:48,2020-01-04 13:51:33,Statistical
821,135,170,6,49,Sensor Outlier,2019-10-06 06:37:36,0.943,Critical,207.22,2597.2,Resolved,2022-03-02 11:52:09,2022-11-03 03:16:44,LSTM Autoencoder
822,296,490,2,15,Vegetation Loss,2020-01-20 18:07:37,0.509,Low,79.66,3683.5,Resolved,2023-03-13 01:46:42,2021-04-12 19:49:59,Statistical
823,262,401,6,51,Seismic Signal,2022-07-19 05:39:29,0.869,Low,308.9,3130.6,False Alarm,2022-07-06 06:04:34,2018-09-21 08:21:06,Rule-Based
824,188,486,4,39,Slope Deformation,2023-04-20 03:55:02,0.902,Low,110.79,1121.0,Open,2022-04-21 04:18:58,2024-07-25 14:50:10,Statistical
825,133,455,5,43,Sudden Displacement,2022-10-05 16:25:39,0.962,Low,337.98,3386.0,Open,2024-03-23 17:36:07,2020-03-19 05:36:40,Isolation Forest
826,208,328,1,8,Rainfall Anomaly,2023-06-14 07:40:23,0.884,Medium,476.58,2547.1,Investigating,2018-09-29 06:19:57,2018-09-16 03:46:45,LSTM Autoencoder
827,5,236,2,20,Ground Cracking,2019-03-09 02:32:41,0.526,Low,362.32,4045.0,False Alarm,2023-09-01 11:22:49,2020-04-24 15:00:23,Statistical
828,235,119,2,17,Sensor Outlier,2023-09-20 13:27:07,0.904,Medium,376.04,1691.8,Resolved,2019-01-08 11:01:41,2019-12-21 21:27:40,Rule-Based
829,112,42,1,8,Sensor Outlier,2021-12-14 01:59:20,0.728,Critical,444.79,2061.0,Resolved,2019-12-21 13:14:14,2024-04-22 08:54:36,Rule-Based
830,210,418,1,9,Seismic Signal,2024-10-17 10:23:08,0.916,Low,441.66,2837.4,Investigating,2024-10-18 05:56:26,2018-01-14 21:29:16,Statistical
831,169,494,3,29,Pore Pressure Spike,2024-12-26 02:42:01,0.588,Critical,18.8,4947.0,Open,2020-06-13 21:37:06,2023-07-29 02:55:07,Statistical
832,236,133,4,35,Vegetation Loss,2021-07-30 16:12:34,0.545,Critical,182.81,1213.6,Resolved,2018-05-10 15:58:11,2019-10-06 06:26:58,Isolation Forest
833,270,131,4,39,Ground Cracking,2019-12-23 14:56:59,0.557,Critical,122.54,1423.5,Investigating,2024-10-08 06:41:06,2024-09-16 11:03:39,Isolation Forest
834,66,272,3,28,Slope Deformation,2018-09-03 19:27:55,0.556,High,106.15,4075.2,Investigating,2018-04-06 04:48:20,2021-05-31 14:58:07,Statistical
835,165,72,6,51,Ground Cracking,2024-04-02 05:49:54,0.519,Critical,318.64,4557.2,Resolved,2022-05-05 23:17:13,2023-08-05 11:18:44,Rule-Based
836,19,246,2,22,Sudden Displacement,2021-06-30 13:36:44,0.79,Medium,334.76,4544.1,Open,2023-07-10 17:18:35,2024-10-09 10:23:53,Isolation Forest
837,206,186,7,55,Sudden Displacement,2020-05-11 23:23:32,0.528,Low,427.43,4278.0,Investigating,2023-12-20 02:50:35,2023-04-07 15:59:56,Statistical
838,28,410,7,56,Rainfall Anomaly,2023-05-06 18:00:51,0.586,High,481.0,3041.9,Resolved,2018-06-12 09:21:37,2019-05-23 01:24:36,Isolation Forest
839,298,154,6,50,Pore Pressure Spike,2019-12-13 07:29:36,0.988,Medium,27.17,3171.5,False Alarm,2021-01-27 10:32:00,2022-09-29 17:05:16,Statistical
840,167,358,2,22,Sensor Outlier,2018-08-26 23:50:38,0.87,Low,95.64,1887.8,Resolved,2018-12-12 17:16:59,2024-12-27 09:11:21,Statistical
841,145,265,3,28,Slope Deformation,2024-05-03 02:48:48,0.729,High,181.46,4461.2,Open,2021-02-24 09:09:20,2023-06-16 14:58:00,Statistical
842,206,186,7,55,Slope Deformation,2023-11-11 09:27:09,0.553,Critical,453.56,1562.2,False Alarm,2021-11-19 00:32:59,2021-01-23 09:49:08,LSTM Autoencoder
843,133,455,5,43,Pore Pressure Spike,2020-12-29 01:33:42,0.968,High,172.13,1169.1,Resolved,2020-06-13 13:47:46,2018-01-07 18:41:59,Isolation Forest
844,287,429,6,52,Ground Cracking,2021-09-09 01:58:19,0.985,Low,270.52,1257.1,Open,2018-02-26 02:12:39,2019-04-20 20:59:08,Statistical
845,238,362,4,39,Sensor Outlier,2018-05-31 17:47:19,0.612,Medium,443.19,4558.4,Resolved,2019-06-07 03:06:59,2021-10-11 01:12:44,Statistical
846,187,85,3,28,Vegetation Loss,2020-10-07 21:46:20,0.65,Medium,212.28,3021.4,Resolved,2024-08-26 16:30:38,2021-03-01 14:22:00,Statistical
847,254,154,2,16,Seismic Signal,2020-05-25 05:34:54,0.633,Medium,340.23,2765.4,Investigating,2024-01-04 08:53:43,2022-04-15 18:14:09,Isolation Forest
848,78,354,3,30,Vegetation Loss,2024-02-21 13:06:46,0.951,Low,435.53,2141.3,Open,2024-04-17 00:53:34,2024-12-04 05:01:21,LSTM Autoencoder
849,41,53,3,23,Slope Deformation,2024-05-07 00:57:56,0.615,Critical,383.44,2419.4,Open,2020-10-14 22:43:43,2022-08-26 23:49:58,Isolation Forest
850,293,235,7,55,Sudden Displacement,2020-05-27 04:31:51,0.623,Critical,448.1,2946.4,Open,2024-11-26 10:33:30,2018-02-21 15:53:16,LSTM Autoencoder
851,237,330,3,29,Sensor Outlier,2024-04-17 18:17:12,0.501,High,414.68,3417.5,Open,2023-10-29 03:42:37,2021-11-28 13:04:20,LSTM Autoencoder
852,229,95,5,43,Sudden Displacement,2023-12-29 07:37:05,0.652,Low,259.17,4701.4,Investigating,2023-10-21 05:38:16,2020-09-14 09:16:51,Rule-Based
853,233,348,8,62,Pore Pressure Spike,2020-03-11 17:26:10,0.779,Medium,190.05,2262.7,False Alarm,2022-03-20 23:46:36,2020-04-12 15:40:01,Statistical
854,51,383,3,24,Ground Cracking,2022-09-25 23:22:34,0.649,Medium,199.7,3264.0,Resolved,2019-07-07 19:48:34,2023-12-11 14:30:52,Rule-Based
855,127,439,3,30,Ground Cracking,2019-03-19 10:45:52,0.677,Low,12.47,558.3,Open,2023-09-15 09:03:06,2020-01-24 16:20:22,Statistical
856,226,28,3,26,Pore Pressure Spike,2023-09-02 02:31:11,0.987,Critical,375.68,2091.3,Investigating,2024-09-07 12:33:53,2024-05-05 04:04:21,Isolation Forest
857,76,287,1,11,Sensor Outlier,2021-10-09 06:21:11,0.755,Medium,143.05,4313.0,Open,2024-02-04 05:02:03,2019-01-06 23:28:56,LSTM Autoencoder
858,36,212,3,25,Sudden Displacement,2021-04-23 01:57:42,0.617,Low,374.25,253.6,False Alarm,2023-07-16 13:00:59,2023-11-15 03:40:19,Isolation Forest
859,17,292,7,56,Pore Pressure Spike,2020-05-17 22:54:05,0.525,Medium,260.62,2579.9,Open,2021-11-29 01:43:23,2023-10-04 00:40:19,LSTM Autoencoder
860,176,386,1,5,Rainfall Anomaly,2018-05-29 10:57:25,0.63,Critical,439.76,3615.3,Resolved,2023-04-07 14:56:15,2018-08-28 17:25:36,Isolation Forest
861,172,47,2,16,Sudden Displacement,2024-02-18 01:35:43,0.926,Critical,414.47,4525.5,Investigating,2018-12-10 13:19:11,2020-02-23 15:51:17,Statistical
862,286,185,3,27,Sudden Displacement,2022-12-06 21:55:42,0.939,High,1.75,1476.9,Investigating,2023-08-21 05:01:36,2019-11-14 22:39:33,LSTM Autoencoder
863,229,95,5,43,Pore Pressure Spike,2020-08-03 07:08:07,0.713,Critical,343.12,58.8,Investigating,2024-05-22 13:08:16,2023-10-17 00:15:39,Statistical
864,255,45,5,44,Sudden Displacement,2022-12-26 01:39:28,0.581,High,241.35,3184.5,False Alarm,2020-07-18 00:21:09,2018-03-06 01:46:04,LSTM Autoencoder
865,199,55,3,24,Pore Pressure Spike,2020-10-20 04:23:23,0.919,Medium,64.16,1264.8,False Alarm,2021-03-20 07:33:31,2024-02-04 07:39:49,LSTM Autoencoder
866,180,204,3,25,Pore Pressure Spike,2024-04-24 07:24:53,0.742,High,83.37,3538.7,False Alarm,2022-06-28 02:15:07,2023-05-01 23:19:08,LSTM Autoencoder
867,227,215,2,16,Rainfall Anomaly,2020-01-27 22:16:53,0.783,Medium,219.11,2316.4,Investigating,2020-10-13 03:08:42,2020-12-25 21:49:04,Isolation Forest
868,124,278,6,52,Sudden Displacement,2021-06-12 06:20:01,0.728,Low,244.43,1953.2,Open,2024-09-11 08:39:55,2019-08-09 09:45:02,LSTM Autoencoder
869,297,202,3,31,Pore Pressure Spike,2019-12-20 22:37:14,0.51,Critical,90.82,3834.8,Open,2023-06-30 09:15:26,2020-08-22 03:04:07,Isolation Forest
870,282,7,2,21,Slope Deformation,2020-09-30 23:34:40,0.633,Low,409.36,1529.0,Investigating,2018-08-13 10:49:59,2020-02-13 12:47:07,Isolation Forest
871,26,401,1,5,Slope Deformation,2024-02-28 08:13:16,0.553,Medium,265.41,4197.5,Investigating,2022-10-12 19:37:44,2023-09-15 14:56:12,LSTM Autoencoder
872,147,227,3,27,Slope Deformation,2022-01-13 01:06:14,0.871,Low,48.73,2930.8,False Alarm,2021-07-18 17:40:14,2023-09-04 11:24:18,LSTM Autoencoder
873,3,442,3,29,Seismic Signal,2022-09-30 02:01:07,0.593,Critical,330.33,1849.8,False Alarm,2022-05-31 17:54:40,2022-07-29 13:58:32,Isolation Forest
874,191,352,3,25,Ground Cracking,2018-12-07 05:25:52,0.766,Medium,192.81,2767.4,Investigating,2020-04-19 04:25:00,2018-02-03 19:52:12,Statistical
875,127,439,3,30,Slope Deformation,2024-01-15 00:32:09,0.752,Medium,295.82,3029.4,Resolved,2020-12-20 03:51:51,2018-04-23 14:13:25,Isolation Forest
876,77,322,2,15,Sudden Displacement,2024-04-20 12:32:43,0.846,Medium,295.9,2154.9,Resolved,2021-02-21 06:14:39,2019-10-05 03:24:53,Isolation Forest
877,114,274,3,30,Ground Cracking,2018-01-10 15:24:02,0.545,Critical,342.35,4767.1,False Alarm,2022-03-16 09:44:59,2018-05-22 18:51:53,Rule-Based
878,149,170,8,61,Slope Deformation,2022-02-26 06:07:18,0.81,Low,46.53,3298.5,Open,2018-07-17 13:46:37,2018-05-09 04:20:36,Statistical
879,152,301,5,43,Slope Deformation,2020-08-03 05:56:52,0.707,High,66.53,3304.5,Open,2021-08-29 23:03:48,2024-10-09 11:01:05,LSTM Autoencoder
880,62,298,6,47,Rainfall Anomaly,2020-07-15 18:17:06,0.766,Low,122.89,178.0,Resolved,2024-02-08 04:27:07,2022-03-07 22:43:00,LSTM Autoencoder
881,98,440,1,4,Sensor Outlier,2023-07-28 13:41:28,0.563,Critical,325.44,3235.7,False Alarm,2024-11-05 12:25:02,2022-11-18 02:24:39,Rule-Based
882,72,414,1,5,Vegetation Loss,2019-03-27 17:58:09,0.551,High,494.49,65.1,Investigating,2021-05-05 19:35:31,2021-12-25 11:51:30,LSTM Autoencoder
883,190,209,2,16,Slope Deformation,2018-09-22 09:30:36,0.768,High,487.84,368.5,Open,2024-04-08 03:42:29,2024-09-12 06:20:51,Isolation Forest
884,182,298,3,23,Sudden Displacement,2023-02-24 14:55:30,0.805,Low,286.18,3912.4,Investigating,2022-08-31 02:16:33,2020-11-27 05:49:19,Rule-Based
885,125,84,5,46,Ground Cracking,2023-08-02 10:13:36,0.852,Low,384.52,3731.4,False Alarm,2018-11-10 15:36:37,2022-03-09 02:33:59,Isolation Forest
886,239,441,8,61,Sudden Displacement,2018-01-17 01:41:26,0.527,Medium,360.19,4132.9,Open,2018-03-16 00:39:40,2024-07-08 21:33:00,Rule-Based
887,160,420,1,4,Rainfall Anomaly,2018-09-16 21:53:09,0.809,High,451.4,1566.8,Resolved,2022-10-11 02:10:54,2024-04-25 16:55:20,LSTM Autoencoder
888,269,165,3,30,Sudden Displacement,2023-12-30 18:22:04,0.939,Low,292.61,2352.5,Resolved,2019-05-31 04:22:54,2019-12-04 21:21:44,LSTM Autoencoder
889,248,71,2,18,Seismic Signal,2021-07-06 14:08:48,0.67,High,5.75,1352.5,Resolved,2018-08-27 23:40:13,2024-09-02 13:16:07,LSTM Autoencoder
890,253,358,7,56,Slope Deformation,2023-01-18 05:08:25,0.777,High,57.7,4392.9,Open,2022-04-28 19:32:40,2023-01-29 00:28:09,Isolation Forest
891,92,468,3,28,Sudden Displacement,2023-09-06 09:57:27,0.592,High,196.9,1773.1,Investigating,2021-10-09 06:40:17,2023-08-18 12:21:44,LSTM Autoencoder
892,177,75,3,26,Ground Cracking,2020-09-18 06:15:27,0.531,High,165.44,1181.1,Open,2023-03-10 05:48:09,2022-09-19 22:29:13,LSTM Autoencoder
893,26,401,1,5,Vegetation Loss,2022-11-16 03:39:38,0.528,Medium,4.57,2266.0,Investigating,2019-01-09 04:19:20,2022-11-13 09:02:57,Rule-Based
894,96,134,3,30,Seismic Signal,2019-06-18 07:03:40,0.519,Low,208.42,4537.6,Resolved,2018-01-13 20:34:44,2024-06-13 07:18:44,LSTM Autoencoder
895,242,432,2,17,Pore Pressure Spike,2022-03-10 03:30:06,0.878,Medium,308.99,4757.8,Resolved,2024-07-22 20:43:54,2021-06-03 16:10:19,Isolation Forest
896,182,298,3,23,Slope Deformation,2024-01-11 12:14:08,0.792,Medium,3.7,1009.0,False Alarm,2024-05-24 07:03:38,2024-07-16 00:05:38,Rule-Based
897,296,490,2,15,Slope Deformation,2019-10-29 23:18:35,0.815,Low,469.42,2350.7,Investigating,2018-04-19 09:24:45,2023-09-17 13:24:43,Statistical
898,102,305,5,43,Sudden Displacement,2021-06-09 07:15:53,0.995,High,302.34,433.9,Investigating,2020-04-15 02:14:45,2022-08-20 08:01:19,LSTM Autoencoder
899,122,327,5,46,Rainfall Anomaly,2022-12-17 19:35:56,0.932,Medium,482.87,1725.3,False Alarm,2023-05-29 06:02:53,2018-06-20 16:55:04,Rule-Based
900,23,15,7,56,Seismic Signal,2018-02-24 17:50:08,0.854,Critical,488.02,2258.4,Open,2023-06-28 23:42:57,2019-02-11 14:05:26,Statistical
901,165,72,6,51,Sensor Outlier,2018-12-13 21:11:04,0.957,Medium,408.82,4769.1,Resolved,2019-09-17 08:15:56,2022-01-12 12:47:50,Rule-Based
902,50,278,2,20,Sudden Displacement,2021-07-19 04:03:11,0.635,Critical,329.22,4094.1,Open,2021-08-16 18:32:01,2020-02-12 07:20:59,Isolation Forest
903,142,58,2,22,Sensor Outlier,2021-08-30 13:04:54,0.721,Medium,458.71,3091.3,Investigating,2020-04-07 14:27:14,2020-10-25 21:30:10,Rule-Based
904,78,354,3,30,Seismic Signal,2023-08-30 01:56:26,0.67,High,404.23,428.6,Resolved,2020-11-18 22:44:10,2021-06-13 18:47:08,LSTM Autoencoder
905,282,7,2,21,Sudden Displacement,2020-02-23 13:14:20,0.721,High,252.72,3397.5,Investigating,2022-09-12 13:59:33,2019-08-20 00:59:42,Statistical
906,26,401,1,5,Seismic Signal,2021-06-27 02:54:50,0.761,Medium,194.16,4530.9,Open,2023-04-17 12:02:45,2023-01-21 22:40:44,Statistical
907,153,220,3,27,Rainfall Anomaly,2019-03-31 14:14:31,0.591,Low,228.44,4033.3,Resolved,2024-01-16 23:44:23,2020-10-17 01:47:19,Isolation Forest
908,289,212,4,37,Vegetation Loss,2019-04-01 02:57:39,0.787,Low,87.22,4280.1,Resolved,2020-01-22 16:42:42,2018-07-05 22:22:56,Isolation Forest
909,128,79,3,23,Sensor Outlier,2022-03-30 09:37:42,0.879,Critical,25.88,266.5,False Alarm,2018-10-02 15:17:40,2024-01-12 05:30:50,Statistical
910,160,420,1,4,Sensor Outlier,2022-12-12 08:00:52,0.647,Medium,325.58,2234.2,Open,2019-02-08 01:34:35,2024-02-10 00:51:18,Isolation Forest
911,154,195,1,8,Sensor Outlier,2021-12-11 22:10:18,0.836,Critical,443.61,2062.4,False Alarm,2024-12-15 20:22:46,2022-01-29 07:16:25,LSTM Autoencoder
912,28,410,7,56,Vegetation Loss,2020-02-12 18:27:34,0.847,Critical,274.42,4777.8,Open,2018-10-15 18:47:26,2018-11-22 09:33:12,Rule-Based
913,149,170,8,61,Pore Pressure Spike,2019-10-04 03:59:05,0.875,Critical,397.4,848.6,Investigating,2018-01-17 22:32:13,2022-03-02 17:19:18,Rule-Based
914,123,323,7,56,Sudden Displacement,2018-01-14 12:43:22,0.607,Low,461.2,2488.7,Resolved,2018-04-26 03:13:54,2023-04-25 13:27:36,Rule-Based
915,47,499,6,51,Ground Cracking,2019-02-01 14:22:56,0.658,High,220.42,720.0,Resolved,2021-05-22 04:01:05,2018-04-19 17:18:09,LSTM Autoencoder
916,113,360,4,34,Ground Cracking,2024-01-07 06:04:41,0.79,High,392.99,1923.5,Investigating,2018-11-21 13:12:36,2020-10-11 03:46:11,Isolation Forest
917,36,212,3,25,Vegetation Loss,2023-06-08 16:43:22,0.82,Medium,260.05,86.7,Resolved,2021-07-23 12:15:37,2019-03-27 19:57:46,Rule-Based
918,158,493,8,61,Vegetation Loss,2024-03-21 00:41:54,0.985,Critical,415.62,907.2,Open,2022-03-24 03:51:01,2018-09-14 11:16:31,Statistical
919,211,464,6,50,Rainfall Anomaly,2021-09-02 23:14:55,0.995,Low,220.0,3407.5,Resolved,2022-12-12 20:43:45,2021-03-24 16:48:35,LSTM Autoencoder
920,154,195,1,8,Rainfall Anomaly,2021-11-15 17:59:48,0.506,High,153.83,2439.0,Investigating,2019-03-30 20:34:41,2023-09-20 12:43:07,LSTM Autoencoder
921,241,369,2,16,Vegetation Loss,2021-05-24 15:29:59,0.952,Low,356.63,2462.9,Open,2023-08-23 23:09:21,2018-09-14 03:59:43,Isolation Forest
922,228,74,8,61,Slope Deformation,2019-03-24 16:27:43,0.536,Medium,392.09,3724.7,Open,2018-02-11 12:04:47,2023-05-02 14:56:32,Statistical
923,159,178,1,12,Pore Pressure Spike,2024-10-07 10:39:23,0.838,High,373.79,4552.6,Open,2018-11-26 18:18:39,2024-11-27 04:33:00,Isolation Forest
924,81,203,3,29,Ground Cracking,2023-01-29 18:56:16,0.636,High,474.8,2514.4,Resolved,2023-03-02 10:24:16,2019-01-06 00:28:04,LSTM Autoencoder
925,272,243,3,27,Seismic Signal,2021-12-14 17:03:17,0.673,High,275.37,3049.5,Open,2022-10-25 19:13:50,2021-06-29 10:40:18,Rule-Based
926,30,103,2,19,Rainfall Anomaly,2024-05-10 16:30:04,0.923,Critical,132.2,4068.0,Open,2019-08-21 19:53:52,2018-11-14 04:50:09,Statistical
927,54,93,1,11,Vegetation Loss,2019-11-14 11:34:09,0.816,Low,481.82,2220.8,Investigating,2018-06-13 22:22:14,2020-03-23 12:22:42,Rule-Based
928,82,201,3,30,Ground Cracking,2019-01-14 23:14:43,0.939,Medium,41.09,1238.9,False Alarm,2018-08-17 12:20:47,2020-04-23 17:12:14,LSTM Autoencoder
929,282,7,2,21,Vegetation Loss,2023-02-22 20:31:40,0.661,High,354.56,4046.5,Open,2018-05-14 23:59:30,2018-05-15 06:06:54,Rule-Based
930,121,286,3,24,Slope Deformation,2019-12-26 20:03:03,0.898,Low,112.63,4723.1,Open,2019-07-27 21:35:40,2022-09-23 11:42:47,LSTM Autoencoder
931,159,178,1,12,Sudden Displacement,2020-12-26 00:11:51,0.87,Medium,312.59,585.8,Open,2023-11-15 16:57:19,2024-06-23 18:31:36,Rule-Based
932,202,12,1,3,Pore Pressure Spike,2024-06-22 09:44:55,0.987,Low,449.44,397.4,Resolved,2019-10-26 01:41:18,2023-12-14 02:43:20,LSTM Autoencoder
933,86,90,6,50,Slope Deformation,2021-03-20 16:23:47,0.955,Low,249.05,1553.4,Open,2019-07-07 06:15:23,2023-03-16 17:25:00,LSTM Autoencoder
934,129,214,2,14,Pore Pressure Spike,2020-06-06 10:36:58,0.951,Critical,311.15,4493.6,False Alarm,2023-08-19 11:40:13,2020-01-05 23:53:13,Isolation Forest
935,53,467,4,34,Seismic Signal,2023-03-22 19:55:13,0.812,Low,196.38,1249.4,False Alarm,2024-05-07 05:37:46,2020-01-29 14:58:54,Rule-Based
936,253,358,7,56,Sensor Outlier,2020-02-17 09:34:17,0.746,High,466.96,4900.6,Open,2023-07-20 17:43:43,2020-06-14 22:12:21,Statistical
937,99,43,3,30,Slope Deformation,2020-09-09 17:18:41,0.939,Critical,167.14,3914.9,False Alarm,2019-10-31 13:11:35,2019-04-28 20:35:37,Rule-Based
938,73,405,2,19,Pore Pressure Spike,2023-02-09 03:13:52,0.567,Low,193.51,450.5,Resolved,2023-05-15 09:35:21,2021-11-17 15:39:50,Statistical
939,50,278,2,20,Seismic Signal,2020-10-22 00:41:23,0.671,Low,241.21,4662.6,Open,2021-03-27 11:38:34,2019-10-26 17:57:42,Isolation Forest
940,75,134,1,8,Slope Deformation,2020-01-04 07:54:32,0.687,High,380.11,480.5,Investigating,2024-12-06 20:27:03,2020-02-15 11:50:50,Statistical
941,273,164,2,22,Sensor Outlier,2024-10-25 09:06:55,0.78,Critical,65.29,327.6,False Alarm,2018-11-12 19:22:12,2022-11-23 15:33:49,Statistical
942,80,242,2,22,Slope Deformation,2020-06-17 03:50:14,0.511,Critical,21.84,3156.8,Resolved,2020-08-15 21:21:42,2020-03-14 03:12:49,Statistical
943,79,52,1,12,Ground Cracking,2023-12-28 15:45:16,0.806,Low,120.88,3577.2,Investigating,2023-01-29 02:42:08,2020-11-18 02:20:21,Statistical
944,66,272,3,28,Sudden Displacement,2023-11-04 05:53:48,0.982,Medium,386.97,1493.8,Resolved,2023-02-12 16:02:10,2023-10-11 07:09:04,Isolation Forest
945,231,83,6,47,Rainfall Anomaly,2022-05-19 21:37:53,0.68,Critical,394.06,3899.9,Open,2019-03-05 18:04:44,2021-09-25 14:12:56,Rule-Based
946,290,191,2,18,Rainfall Anomaly,2024-04-16 09:05:39,0.969,Critical,336.28,889.1,Investigating,2020-05-03 04:26:12,2024-09-18 21:45:01,Statistical
947,63,342,1,6,Sudden Displacement,2018-10-07 20:47:55,0.686,Low,421.71,4596.6,Resolved,2024-07-15 01:53:27,2023-02-22 22:41:35,Isolation Forest
948,59,172,3,23,Rainfall Anomaly,2021-05-07 21:18:52,0.94,High,129.34,2927.2,Resolved,2022-10-27 20:07:44,2021-12-22 06:17:32,Statistical
949,172,47,2,16,Seismic Signal,2020-08-05 22:34:21,0.711,High,466.73,3057.8,Resolved,2022-09-25 09:40:04,2019-05-13 10:41:45,Isolation Forest
950,3,442,3,29,Pore Pressure Spike,2021-04-24 02:06:30,0.578,Critical,430.49,3733.2,Investigating,2024-10-24 11:12:05,2020-05-01 15:52:11,Statistical
951,79,52,1,12,Slope Deformation,2023-02-09 12:13:06,0.93,Low,17.18,3813.7,Open,2020-08-25 02:04:05,2022-09-23 04:35:36,Rule-Based
952,87,194,4,37,Ground Cracking,2020-04-22 18:55:07,0.639,Low,498.05,3329.6,Resolved,2022-11-11 18:03:44,2022-05-04 04:38:43,Statistical
953,133,455,5,43,Seismic Signal,2020-02-15 13:01:59,0.811,High,238.15,4636.6,Investigating,2021-02-14 22:24:26,2024-09-07 08:53:33,Isolation Forest
954,227,215,2,16,Sudden Displacement,2020-09-05 06:23:35,0.766,Low,59.6,1947.1,False Alarm,2019-08-03 16:08:49,2022-03-12 06:37:15,Statistical
955,234,450,4,33,Ground Cracking,2021-06-29 13:41:45,0.506,Critical,93.64,1213.3,Investigating,2023-05-06 07:07:59,2019-04-04 01:30:46,LSTM Autoencoder
956,133,455,5,43,Rainfall Anomaly,2023-06-30 06:38:38,0.916,Low,280.61,2913.4,Resolved,2023-07-28 02:29:03,2020-05-17 17:55:30,Isolation Forest
957,242,432,2,17,Rainfall Anomaly,2022-10-14 00:24:07,0.94,Critical,253.26,2570.9,Open,2018-02-03 16:17:14,2018-02-26 16:35:49,Rule-Based
958,37,149,7,56,Seismic Signal,2023-01-18 06:18:47,0.675,Critical,25.9,2750.0,False Alarm,2023-06-12 01:13:57,2020-04-29 00:41:56,Isolation Forest
959,18,370,1,6,Sudden Displacement,2022-09-16 23:26:54,0.859,Critical,38.84,1513.7,Resolved,2023-04-29 06:23:21,2023-09-28 19:25:55,Isolation Forest
960,70,288,3,30,Slope Deformation,2018-10-04 18:10:30,0.573,High,236.18,4848.2,False Alarm,2023-12-29 02:51:19,2024-12-19 06:24:08,Isolation Forest
961,51,383,3,24,Seismic Signal,2019-07-21 11:09:27,0.561,High,443.89,1266.5,False Alarm,2019-11-07 19:58:27,2022-01-25 07:10:53,Statistical
962,249,202,1,8,Ground Cracking,2023-10-12 12:11:49,0.858,Medium,284.4,4158.0,Investigating,2022-06-11 04:28:04,2019-01-06 17:48:31,LSTM Autoencoder
963,80,242,2,22,Pore Pressure Spike,2021-09-10 13:40:24,0.922,Low,160.76,835.5,Resolved,2021-04-11 03:37:34,2020-07-02 02:59:17,Rule-Based
964,172,47,2,16,Rainfall Anomaly,2021-06-05 11:00:52,0.503,Critical,114.11,2893.1,Investigating,2024-06-23 20:42:36,2019-01-22 00:27:50,Rule-Based
965,24,189,1,5,Sudden Displacement,2019-05-09 09:10:04,0.8,Medium,63.31,4877.5,False Alarm,2024-03-09 01:07:29,2020-08-04 01:05:41,LSTM Autoencoder
966,276,300,3,30,Sensor Outlier,2019-02-13 02:24:43,0.8,High,340.29,421.9,Open,2021-05-06 21:55:19,2019-09-21 02:56:04,LSTM Autoencoder
967,44,34,5,41,Pore Pressure Spike,2023-05-19 22:42:49,0.966,Critical,130.93,2738.7,Resolved,2022-10-24 09:32:39,2019-04-11 23:16:53,Isolation Forest
968,165,72,6,51,Sudden Displacement,2019-04-29 16:47:45,0.765,High,334.81,3485.2,False Alarm,2018-02-27 05:13:38,2020-11-21 15:24:40,Isolation Forest
969,98,440,1,4,Seismic Signal,2023-07-14 09:00:26,0.699,Medium,55.75,1912.9,Investigating,2019-03-28 15:10:24,2023-09-11 17:29:36,Rule-Based
970,98,440,1,4,Slope Deformation,2021-07-05 04:35:53,0.617,Critical,153.32,1082.2,False Alarm,2020-12-13 21:07:50,2022-05-09 13:19:16,LSTM Autoencoder
971,281,435,8,59,Seismic Signal,2022-07-12 23:19:43,0.673,Critical,340.6,549.4,False Alarm,2022-06-22 22:54:10,2023-09-18 09:31:34,LSTM Autoencoder
972,218,313,3,29,Seismic Signal,2023-08-06 07:49:13,0.849,Critical,49.2,3842.7,Resolved,2024-01-26 14:33:24,2022-03-15 13:10:46,Isolation Forest
973,283,82,3,30,Slope Deformation,2022-06-21 15:57:42,0.538,Medium,499.67,1163.6,Resolved,2021-11-17 09:45:25,2019-08-07 00:20:09,Rule-Based
974,118,158,1,3,Pore Pressure Spike,2023-06-10 04:16:27,0.594,Low,196.26,3811.1,Open,2019-05-29 02:50:35,2020-06-21 23:26:34,Isolation Forest
975,143,33,3,24,Seismic Signal,2018-04-29 21:12:06,0.884,Low,391.86,4916.4,Investigating,2022-04-26 11:04:10,2019-09-21 00:01:12,Rule-Based
976,139,440,8,61,Sensor Outlier,2024-12-28 10:45:34,0.557,High,92.95,2503.3,Resolved,2022-12-23 14:29:18,2019-08-30 09:26:59,Rule-Based
977,202,12,1,3,Slope Deformation,2018-01-01 09:41:54,0.714,Critical,195.21,3990.6,Open,2020-02-14 10:31:34,2023-03-08 18:12:58,Isolation Forest
978,7,21,2,22,Slope Deformation,2022-02-11 21:09:16,0.873,High,294.92,641.8,Resolved,2019-05-28 14:45:28,2019-12-22 00:00:32,LSTM Autoencoder
979,279,318,1,3,Ground Cracking,2018-11-21 19:25:38,0.776,Critical,204.26,2137.1,Investigating,2021-05-27 21:18:49,2024-01-07 04:23:09,Rule-Based
980,34,350,4,35,Pore Pressure Spike,2021-06-08 03:03:17,0.791,High,174.24,581.4,False Alarm,2023-06-19 19:11:18,2023-09-01 16:54:47,Statistical
981,267,412,1,3,Rainfall Anomaly,2022-03-11 10:24:40,0.778,Low,273.57,1065.6,Investigating,2024-09-15 17:10:04,2019-05-30 14:38:14,Statistical
982,251,133,7,56,Slope Deformation,2024-04-19 09:58:29,0.724,Low,148.84,4648.5,Investigating,2024-09-21 20:08:34,2024-02-21 20:05:26,Statistical
983,224,490,3,24,Slope Deformation,2023-08-08 14:46:52,0.573,Low,496.91,1912.5,Resolved,2024-04-30 20:04:33,2019-12-28 10:22:38,LSTM Autoencoder
984,268,41,5,43,Sudden Displacement,2018-03-03 02:24:17,0.937,Low,398.17,295.9,Investigating,2024-05-25 21:28:51,2018-03-08 18:37:56,LSTM Autoencoder
985,175,236,6,54,Ground Cracking,2022-08-27 04:22:27,0.927,Medium,212.08,4584.2,Open,2018-09-12 10:45:14,2019-06-07 17:08:47,LSTM Autoencoder
986,251,133,7,56,Ground Cracking,2022-05-12 06:57:27,0.742,Low,289.46,4389.2,Resolved,2022-06-18 04:08:29,2024-01-03 11:47:46,Isolation Forest
987,212,445,6,50,Vegetation Loss,2024-09-21 21:30:46,0.572,Medium,273.48,1352.3,Resolved,2023-08-30 10:38:34,2020-04-25 10:12:44,Statistical
988,290,191,2,18,Pore Pressure Spike,2018-08-22 06:08:31,0.552,Low,452.81,3385.9,Investigating,2023-04-23 00:41:44,2020-10-19 07:47:43,Statistical
989,87,194,4,37,Rainfall Anomaly,2024-03-07 06:30:35,0.917,Critical,28.56,1832.1,Investigating,2019-02-24 08:42:04,2022-11-01 22:15:45,LSTM Autoencoder
990,52,103,3,32,Ground Cracking,2024-12-17 06:38:17,0.916,Critical,122.06,1157.1,Investigating,2018-02-09 10:08:42,2024-07-30 02:00:37,Rule-Based
991,132,31,1,8,Seismic Signal,2019-03-09 11:04:34,0.885,Medium,202.55,1341.9,False Alarm,2023-08-29 10:53:46,2020-10-25 11:53:28,Statistical
992,26,401,1,5,Pore Pressure Spike,2024-03-27 09:22:31,0.808,Low,31.43,1756.6,Investigating,2024-03-01 16:09:17,2024-03-28 07:46:04,Isolation Forest
993,28,410,7,56,Sudden Displacement,2021-02-08 20:59:53,0.53,Low,455.55,4628.6,Open,2023-07-24 21:03:45,2022-01-20 00:20:39,Isolation Forest
994,111,195,2,15,Ground Cracking,2022-06-16 15:10:09,0.719,Low,153.72,4921.1,Resolved,2020-05-16 12:01:21,2020-04-02 00:06:05,Rule-Based
995,291,171,7,56,Rainfall Anomaly,2022-10-11 12:12:49,0.957,High,53.33,663.0,Resolved,2023-07-06 07:30:44,2022-03-22 19:26:16,Isolation Forest
996,209,478,5,42,Ground Cracking,2021-12-28 05:25:16,0.642,Critical,172.12,1726.3,False Alarm,2022-12-18 03:04:21,2022-03-10 16:01:42,LSTM Autoencoder
997,51,383,3,24,Slope Deformation,2024-04-02 22:20:39,0.935,Critical,1.03,2550.1,Resolved,2024-11-30 14:02:58,2020-07-21 04:55:04,LSTM Autoencoder
998,78,354,3,30,Vegetation Loss,2021-07-15 11:12:37,0.709,Medium,443.6,1605.3,False Alarm,2021-11-20 07:41:49,2019-02-03 13:26:05,Statistical
999,234,450,4,33,Pore Pressure Spike,2018-11-01 18:24:11,0.885,Critical,310.93,264.4,Resolved,2024-12-31 13:13:13,2023-08-26 16:43:11,Isolation Forest
1000,52,103,3,32,Slope Deformation,2021-07-29 10:37:18,0.72,Medium,110.63,4317.5,False Alarm,2021-09-14 14:09:47,2021-01-03 13:42:35,Statistical
1001,78,354,3,30,Slope Deformation,2024-12-12 16:23:48,0.514,Critical,126.59,2162.7,Investigating,2021-11-16 18:17:06,2020-09-16 15:20:30,Isolation Forest
1002,123,323,7,56,Seismic Signal,2020-06-15 14:50:09,0.583,Medium,119.81,4572.7,Open,2021-09-11 22:38:22,2024-06-18 21:56:03,LSTM Autoencoder
1003,37,149,7,56,Sensor Outlier,2024-06-26 05:30:37,0.717,Critical,209.33,271.1,Resolved,2019-06-18 20:20:39,2022-05-09 07:27:35,Isolation Forest
1004,223,79,7,56,Rainfall Anomaly,2020-01-17 05:04:57,0.549,Low,77.86,1015.5,False Alarm,2020-10-21 08:11:56,2023-07-03 08:49:10,LSTM Autoencoder
1005,154,195,1,8,Slope Deformation,2018-01-31 18:09:11,0.882,Critical,327.77,530.1,False Alarm,2022-03-02 20:12:53,2021-12-09 00:37:48,LSTM Autoencoder
1006,114,274,3,30,Ground Cracking,2024-12-03 05:33:38,0.52,Medium,99.54,2402.9,Open,2018-01-05 16:17:56,2022-11-28 21:46:14,Isolation Forest
1007,209,478,5,42,Rainfall Anomaly,2023-03-10 08:28:26,0.943,Low,186.7,3881.0,Investigating,2019-10-14 21:13:42,2018-10-17 02:27:55,Rule-Based
1008,111,195,2,15,Ground Cracking,2024-12-06 16:41:07,0.557,Medium,449.43,2216.5,False Alarm,2018-05-14 10:38:43,2021-09-08 16:29:43,LSTM Autoencoder
1009,242,432,2,17,Vegetation Loss,2024-04-10 00:59:26,0.669,Critical,321.74,1357.1,Open,2024-09-03 13:13:42,2021-06-26 15:04:04,Isolation Forest
1010,20,360,7,56,Vegetation Loss,2024-10-12 20:09:52,0.639,Low,209.11,412.1,Open,2024-06-08 17:06:00,2019-06-23 11:19:37,LSTM Autoencoder
1011,84,9,6,50,Vegetation Loss,2024-01-18 14:43:55,0.78,Low,426.69,342.8,False Alarm,2024-06-15 21:05:13,2024-04-05 18:45:26,Statistical
1012,51,383,3,24,Rainfall Anomaly,2022-10-21 05:15:53,0.924,Low,125.07,2241.0,Investigating,2018-02-16 12:10:10,2018-04-24 09:16:05,Isolation Forest
1013,237,330,3,29,Seismic Signal,2022-05-25 01:18:04,0.966,High,327.36,2410.7,Open,2018-11-17 03:12:52,2019-01-27 17:52:04,Statistical
1014,174,411,1,6,Pore Pressure Spike,2022-10-06 11:20:39,0.54,High,368.86,2261.5,Open,2021-02-17 23:27:40,2019-03-01 08:13:11,LSTM Autoencoder
1015,188,486,4,39,Rainfall Anomaly,2022-07-18 08:30:39,0.994,Medium,491.8,3458.5,False Alarm,2024-10-17 03:20:34,2019-01-10 21:18:23,LSTM Autoencoder
1016,200,334,1,1,Ground Cracking,2023-04-30 21:32:26,0.82,High,479.46,1019.6,Investigating,2020-12-05 22:52:19,2020-11-05 23:13:31,Statistical
1017,191,352,3,25,Vegetation Loss,2019-12-20 05:06:51,0.686,Critical,327.53,3299.3,Resolved,2021-05-21 18:49:52,2024-06-05 16:23:12,Rule-Based
1018,6,186,7,55,Sensor Outlier,2018-05-11 07:21:13,0.546,Critical,180.39,2767.5,Resolved,2021-09-20 06:07:07,2023-01-27 22:40:24,Statistical
1019,94,201,3,30,Sensor Outlier,2021-01-22 04:09:45,0.735,Low,496.25,2954.9,False Alarm,2018-02-10 17:37:03,2019-11-16 06:29:35,LSTM Autoencoder
1020,60,207,1,11,Sensor Outlier,2024-09-03 09:55:20,0.691,Low,259.64,3126.8,False Alarm,2024-06-04 02:43:20,2019-02-12 08:17:41,Statistical
1021,57,447,2,16,Sensor Outlier,2023-05-11 00:43:32,0.957,Medium,91.3,4138.4,Resolved,2022-03-14 19:25:05,2021-11-09 22:03:14,Isolation Forest
1022,82,201,3,30,Sudden Displacement,2018-05-25 20:01:01,0.643,Low,315.98,1540.7,Resolved,2019-03-22 15:19:22,2022-06-23 19:52:20,Statistical
1023,214,299,1,3,Pore Pressure Spike,2018-03-24 18:29:19,0.711,Critical,233.8,3956.9,False Alarm,2023-07-27 00:23:13,2018-10-06 17:14:26,Statistical
1024,281,435,8,59,Pore Pressure Spike,2021-10-31 09:42:03,0.861,High,426.54,2125.8,Open,2023-02-05 19:09:19,2019-08-30 17:01:37,Statistical
1025,63,342,1,6,Vegetation Loss,2021-12-09 09:17:35,0.785,Medium,266.08,3313.2,Investigating,2023-06-15 17:11:24,2018-10-23 18:39:08,Statistical
1026,1,242,6,54,Slope Deformation,2023-02-25 16:53:06,0.907,High,120.6,1074.2,Open,2024-12-21 04:43:14,2020-09-09 23:54:15,Isolation Forest
1027,257,95,1,11,Pore Pressure Spike,2018-03-04 14:25:36,0.91,Medium,71.72,3621.9,False Alarm,2019-06-09 13:52:40,2018-01-31 11:14:40,LSTM Autoencoder
1028,292,466,2,15,Seismic Signal,2020-11-28 06:36:38,0.838,Low,108.6,4523.7,Open,2024-11-18 21:35:45,2020-11-15 09:43:09,Isolation Forest
1029,139,440,8,61,Rainfall Anomaly,2022-08-06 11:04:22,0.525,Low,170.87,4802.1,Open,2019-12-20 18:35:09,2019-11-20 20:45:19,Rule-Based
1030,266,241,3,31,Slope Deformation,2022-12-23 05:32:23,0.891,Low,297.43,2814.9,Open,2024-03-01 06:00:38,2021-01-30 19:08:26,Statistical
1031,295,340,2,16,Ground Cracking,2022-03-25 00:15:50,0.959,High,493.97,2616.7,Open,2023-08-30 18:58:02,2018-01-05 15:51:43,LSTM Autoencoder
1032,108,218,5,46,Seismic Signal,2020-04-29 04:26:10,0.956,High,254.49,4434.5,Open,2023-10-27 13:05:11,2022-01-26 17:48:46,Statistical
1033,233,348,8,62,Rainfall Anomaly,2024-11-21 22:15:30,0.648,High,252.48,4224.3,Resolved,2022-12-23 22:28:05,2021-01-20 15:50:07,Isolation Forest
1034,228,74,8,61,Sudden Displacement,2021-01-11 07:54:39,0.563,Medium,255.31,4690.0,Resolved,2021-03-04 02:40:13,2018-02-27 03:19:59,Statistical
1035,140,432,1,6,Seismic Signal,2019-06-11 12:50:50,0.836,High,345.87,1863.1,Investigating,2024-11-18 16:07:08,2020-06-28 18:47:38,Isolation Forest
1036,241,369,2,16,Rainfall Anomaly,2024-12-23 02:23:52,0.542,Medium,173.71,1976.2,Resolved,2023-12-09 13:38:25,2018-09-20 04:41:03,Isolation Forest
1037,54,93,1,11,Rainfall Anomaly,2021-12-19 03:55:27,0.658,Low,192.33,2084.5,False Alarm,2020-09-12 16:16:08,2022-10-07 22:16:37,Rule-Based
1038,196,140,7,55,Sudden Displacement,2021-10-18 21:20:36,0.598,Low,266.89,244.3,False Alarm,2022-04-30 03:22:23,2019-05-21 04:10:05,Statistical
1039,5,236,2,20,Rainfall Anomaly,2019-10-22 11:47:53,0.792,Low,158.79,2054.8,Open,2019-09-18 16:42:58,2024-08-27 04:19:54,LSTM Autoencoder
1040,15,343,5,40,Sensor Outlier,2023-03-27 11:45:50,0.561,High,4.83,1928.6,Open,2021-12-11 11:31:20,2024-07-04 02:46:48,Rule-Based
1041,10,76,2,17,Pore Pressure Spike,2018-11-28 16:15:46,0.593,Low,371.43,3527.1,False Alarm,2019-06-28 16:02:00,2024-08-15 23:07:22,LSTM Autoencoder
1042,199,55,3,24,Pore Pressure Spike,2021-08-04 13:08:16,0.725,Medium,438.6,4751.4,Investigating,2023-01-24 00:31:38,2019-01-08 01:25:37,Rule-Based
1043,70,288,3,30,Sensor Outlier,2024-12-11 05:59:55,0.66,High,300.87,1782.5,False Alarm,2023-01-30 17:27:04,2020-11-01 13:56:33,Rule-Based
1044,103,405,2,17,Rainfall Anomaly,2020-12-02 14:03:34,0.859,Critical,139.79,1366.6,Resolved,2023-08-08 18:02:29,2021-03-22 19:38:09,LSTM Autoencoder
1045,246,262,1,5,Ground Cracking,2022-01-15 16:35:22,0.887,Medium,475.74,237.7,Open,2023-04-28 14:09:46,2024-10-18 11:07:43,Isolation Forest
1046,53,467,4,34,Sensor Outlier,2019-07-16 22:34:34,0.689,Critical,12.85,348.6,Resolved,2022-06-07 12:28:38,2018-05-17 17:50:12,Isolation Forest
1047,168,467,5,44,Rainfall Anomaly,2020-02-27 08:56:31,0.598,Medium,198.13,3118.6,Open,2024-08-28 08:52:49,2021-06-25 19:25:23,Statistical
1048,191,352,3,25,Pore Pressure Spike,2019-07-24 08:03:43,0.885,Critical,76.74,3993.4,Resolved,2019-06-26 21:32:11,2022-04-28 16:48:39,LSTM Autoencoder
1049,61,71,5,46,Sensor Outlier,2019-01-17 22:59:04,0.522,Medium,368.62,2155.2,False Alarm,2018-04-09 06:23:32,2019-01-11 16:26:39,Statistical
1050,64,444,8,59,Rainfall Anomaly,2018-10-05 17:40:00,0.811,Critical,135.03,2169.5,Open,2022-11-08 03:39:12,2020-10-19 04:01:50,LSTM Autoencoder
1051,298,154,6,50,Rainfall Anomaly,2020-04-10 23:02:04,0.875,Low,406.14,1789.6,Investigating,2021-06-19 21:43:31,2024-02-23 14:53:11,Isolation Forest
1052,160,420,1,4,Sudden Displacement,2022-01-01 04:55:36,0.685,Low,455.57,3704.8,Open,2021-12-26 20:28:54,2019-12-13 00:11:03,LSTM Autoencoder
1053,70,288,3,30,Slope Deformation,2019-09-11 17:18:34,0.878,Medium,70.01,4294.0,False Alarm,2019-09-21 07:42:04,2024-02-15 03:56:10,Isolation Forest
1054,71,473,4,33,Vegetation Loss,2022-09-06 16:11:40,0.964,Medium,391.31,2296.2,Resolved,2019-12-15 07:04:58,2022-03-10 17:30:56,Isolation Forest
1055,207,168,4,39,Vegetation Loss,2018-01-04 19:47:49,0.905,Low,418.04,3586.7,Open,2020-10-05 05:42:13,2018-04-12 12:05:14,Isolation Forest
1056,151,194,5,45,Sensor Outlier,2022-09-29 10:56:02,0.638,Medium,317.66,1969.1,Investigating,2024-05-16 20:08:15,2022-10-25 14:23:21,Rule-Based
1057,91,161,7,55,Sensor Outlier,2024-03-23 22:02:07,0.569,Critical,208.33,2425.8,False Alarm,2022-01-14 05:48:25,2020-01-09 07:43:41,Rule-Based
1058,110,305,3,28,Sensor Outlier,2021-06-15 11:50:50,0.6,High,202.2,922.3,Investigating,2023-01-31 02:40:34,2020-06-26 09:37:44,LSTM Autoencoder
1059,90,14,6,51,Rainfall Anomaly,2020-08-07 01:40:53,0.573,High,186.56,3440.9,Open,2022-11-28 22:21:39,2021-10-17 02:04:09,Rule-Based
1060,274,371,6,54,Pore Pressure Spike,2022-04-14 15:30:37,0.648,Medium,64.91,4014.1,Open,2020-03-01 11:48:48,2023-10-22 19:40:24,Rule-Based
1061,66,272,3,28,Pore Pressure Spike,2022-09-12 06:43:49,0.854,Low,332.3,2230.5,Open,2020-02-06 22:04:16,2022-04-24 09:59:20,Isolation Forest
1062,77,322,2,15,Ground Cracking,2018-03-26 09:09:15,0.58,Low,323.34,525.3,Open,2020-08-12 17:22:34,2023-01-12 05:59:36,Isolation Forest
1063,139,440,8,61,Vegetation Loss,2024-11-10 14:55:25,0.647,Critical,102.45,3587.2,Investigating,2024-07-05 07:22:03,2024-04-03 05:19:56,Rule-Based
1064,270,131,4,39,Seismic Signal,2018-05-02 22:22:41,0.793,Low,61.59,4736.2,Investigating,2019-08-28 06:13:00,2020-07-31 00:06:32,Isolation Forest
1065,31,7,7,56,Sensor Outlier,2024-09-26 08:57:47,0.602,Low,499.92,1520.2,Open,2020-09-04 10:12:29,2020-07-31 00:53:47,LSTM Autoencoder
1066,113,360,4,34,Vegetation Loss,2023-06-23 20:34:01,0.772,Low,406.05,821.6,Investigating,2019-01-17 15:51:40,2020-05-09 14:50:40,Rule-Based
1067,181,115,8,59,Sudden Displacement,2019-09-29 21:27:35,0.974,Medium,294.54,2266.3,Investigating,2022-06-09 08:32:31,2020-10-23 18:09:27,Isolation Forest
1068,43,483,5,46,Sensor Outlier,2023-07-26 16:28:49,0.841,Critical,237.71,3860.4,False Alarm,2024-03-14 06:23:53,2018-11-26 11:54:55,LSTM Autoencoder
1069,8,253,6,50,Vegetation Loss,2018-04-11 02:02:20,0.61,High,171.95,2002.6,Open,2024-09-05 09:38:17,2018-11-17 12:44:58,Statistical
1070,19,246,2,22,Seismic Signal,2023-07-13 11:10:59,0.703,High,380.95,488.4,Investigating,2024-11-24 02:40:05,2019-04-25 19:03:12,LSTM Autoencoder
1071,134,410,1,3,Ground Cracking,2021-06-14 06:48:59,0.763,Medium,440.36,2586.6,False Alarm,2018-07-13 12:17:12,2019-03-25 23:39:06,Isolation Forest
1072,88,439,6,54,Ground Cracking,2020-02-06 12:36:32,0.549,Critical,402.2,1487.9,Open,2018-08-09 16:06:14,2023-08-02 08:48:38,LSTM Autoencoder
1073,147,227,3,27,Rainfall Anomaly,2020-11-19 08:44:18,0.961,Critical,123.29,4662.9,False Alarm,2023-08-25 06:16:11,2024-09-05 10:43:03,Rule-Based
1074,2,46,6,49,Rainfall Anomaly,2020-02-19 03:21:50,0.773,Critical,376.85,3868.1,Resolved,2023-12-12 23:14:35,2022-02-02 01:06:03,Statistical
1075,31,7,7,56,Seismic Signal,2024-03-07 20:44:27,0.859,Medium,1.35,621.6,Investigating,2022-02-08 10:48:21,2022-06-08 09:11:16,Isolation Forest
1076,123,323,7,56,Sudden Displacement,2021-04-08 20:31:48,0.841,Medium,489.97,4489.6,False Alarm,2018-11-08 10:14:56,2019-11-23 05:18:39,LSTM Autoencoder
1077,71,473,4,33,Sensor Outlier,2019-03-11 16:33:04,0.907,Critical,78.58,4573.1,Open,2018-04-17 09:38:11,2018-07-18 14:14:30,Rule-Based
1078,39,80,1,3,Seismic Signal,2024-11-28 02:59:35,0.509,Medium,292.81,816.8,False Alarm,2020-05-21 04:04:08,2018-06-29 17:52:31,Statistical
1079,71,473,4,33,Sudden Displacement,2023-06-20 16:03:43,0.934,Medium,310.65,3056.9,Resolved,2024-08-10 16:29:27,2018-10-31 06:26:35,Isolation Forest
1080,292,466,2,15,Pore Pressure Spike,2022-06-21 10:19:31,0.895,Medium,442.41,4403.7,False Alarm,2024-02-04 00:53:21,2021-10-16 20:56:21,Isolation Forest
1081,198,18,3,29,Sensor Outlier,2024-10-17 17:16:18,0.678,Medium,95.97,3408.2,Investigating,2021-12-19 00:13:37,2019-07-15 09:38:47,LSTM Autoencoder
1082,14,405,5,46,Vegetation Loss,2018-07-08 08:58:57,0.797,Medium,25.55,491.1,Investigating,2020-03-05 02:38:29,2021-11-20 15:00:38,Statistical
1083,242,432,2,17,Seismic Signal,2023-06-06 21:17:58,0.652,Low,140.41,228.0,False Alarm,2021-11-07 08:27:53,2020-05-06 08:41:40,LSTM Autoencoder
1084,136,86,4,33,Vegetation Loss,2018-06-26 22:56:15,0.583,High,122.98,3434.3,Resolved,2018-08-26 14:02:13,2020-11-14 23:04:09,Rule-Based
1085,108,218,5,46,Vegetation Loss,2021-08-03 10:50:53,0.947,Low,207.15,1326.3,False Alarm,2020-02-03 21:43:14,2018-05-21 17:16:03,Isolation Forest
1086,73,405,2,19,Sudden Displacement,2019-08-11 02:54:23,0.565,High,128.34,907.4,Investigating,2019-02-16 21:56:03,2021-04-12 08:54:52,Rule-Based
1087,175,236,6,54,Pore Pressure Spike,2021-12-05 00:52:25,0.995,Medium,195.02,1848.7,Open,2022-12-04 05:28:45,2024-06-27 15:02:29,Rule-Based
1088,21,83,1,11,Sudden Displacement,2018-04-12 08:47:49,0.912,Critical,123.87,1655.9,False Alarm,2024-08-29 02:46:32,2018-06-01 18:53:02,Isolation Forest
1089,74,191,2,19,Slope Deformation,2022-10-27 10:00:55,0.742,Medium,21.0,3327.8,False Alarm,2023-03-04 06:54:35,2018-10-15 08:39:57,Rule-Based
1090,259,162,8,59,Pore Pressure Spike,2020-04-12 16:43:05,0.892,Critical,161.73,4688.6,Resolved,2018-01-05 19:46:42,2018-09-23 21:44:11,Isolation Forest
1091,265,356,5,43,Pore Pressure Spike,2021-10-24 03:21:59,0.762,Medium,125.56,2576.1,Resolved,2019-05-24 19:59:02,2018-05-05 12:53:08,LSTM Autoencoder
1092,282,7,2,21,Sudden Displacement,2021-07-09 19:01:50,0.683,Critical,416.49,452.4,Open,2019-04-15 03:00:18,2022-08-19 09:49:29,Statistical
1093,82,201,3,30,Ground Cracking,2018-02-11 14:57:35,0.746,High,398.88,4221.9,Open,2024-08-29 22:27:59,2019-10-27 21:18:06,Statistical
1094,244,246,5,45,Rainfall Anomaly,2019-05-07 08:26:47,0.919,High,18.12,2905.3,Investigating,2022-03-06 12:05:37,2022-08-24 20:32:05,Rule-Based
1095,281,435,8,59,Pore Pressure Spike,2020-06-21 08:54:57,0.539,Low,162.44,87.1,Investigating,2023-08-06 23:07:12,2021-02-17 05:15:22,Isolation Forest
1096,237,330,3,29,Slope Deformation,2019-11-24 20:42:29,0.56,Medium,100.43,339.7,Open,2019-08-05 06:47:53,2018-01-15 10:01:05,Isolation Forest
1097,85,247,7,56,Pore Pressure Spike,2021-03-23 10:40:23,0.51,Critical,80.12,270.7,Investigating,2019-11-30 00:36:07,2019-03-08 16:43:35,Rule-Based
1098,57,447,2,16,Seismic Signal,2023-01-10 07:43:00,0.54,High,153.44,3874.8,Resolved,2021-05-07 00:08:30,2020-01-23 08:48:25,LSTM Autoencoder
1099,204,380,3,31,Sudden Displacement,2022-10-07 15:43:17,0.944,Medium,207.88,1610.0,Resolved,2022-10-17 13:16:22,2018-04-02 14:15:57,LSTM Autoencoder
1100,83,421,1,12,Vegetation Loss,2020-12-08 14:46:28,0.971,High,279.4,2038.8,False Alarm,2024-07-30 13:13:34,2019-03-30 03:32:06,Statistical
1101,290,191,2,18,Ground Cracking,2022-12-10 10:50:17,0.746,Critical,498.33,3337.7,False Alarm,2022-05-16 20:08:04,2022-07-11 18:41:21,Isolation Forest
1102,124,278,6,52,Rainfall Anomaly,2020-11-04 03:31:28,0.536,Medium,380.13,1429.3,False Alarm,2020-07-31 08:20:07,2019-08-18 04:37:15,Rule-Based
1103,76,287,1,11,Seismic Signal,2020-12-25 21:35:36,0.506,Medium,226.41,2756.8,Open,2019-05-31 01:32:02,2023-04-14 11:51:35,Isolation Forest
1104,103,405,2,17,Sensor Outlier,2023-07-01 01:13:57,0.507,Critical,457.47,614.4,False Alarm,2021-09-07 22:33:53,2021-05-08 08:54:47,LSTM Autoencoder
1105,154,195,1,8,Slope Deformation,2018-02-01 00:12:28,0.618,High,117.71,4605.5,False Alarm,2022-03-26 01:20:50,2021-01-07 03:45:54,LSTM Autoencoder
1106,82,201,3,30,Rainfall Anomaly,2022-03-19 23:38:46,0.9,High,175.58,2223.1,Investigating,2023-11-28 07:05:23,2024-12-20 10:31:46,Isolation Forest
1107,65,307,3,32,Rainfall Anomaly,2018-01-02 01:15:32,0.505,Low,459.01,4998.3,Open,2023-09-24 08:22:20,2019-12-11 12:17:29,Statistical
1108,206,186,7,55,Pore Pressure Spike,2024-02-03 19:51:03,0.598,Critical,239.9,382.4,Open,2022-02-12 09:42:40,2019-09-13 07:08:02,Isolation Forest
1109,226,28,3,26,Sudden Displacement,2023-10-04 15:04:44,0.539,High,195.51,4730.9,Open,2023-12-30 23:59:09,2019-10-16 02:33:03,Isolation Forest
1110,158,493,8,61,Rainfall Anomaly,2021-02-11 22:56:27,0.654,Critical,49.97,3273.2,Resolved,2024-01-22 13:37:25,2019-12-21 12:56:34,Isolation Forest
1111,180,204,3,25,Sensor Outlier,2023-09-25 07:46:48,0.848,Medium,167.41,3089.0,Investigating,2022-12-11 22:47:27,2023-02-13 19:03:08,Statistical
1112,186,183,5,40,Ground Cracking,2024-07-06 11:44:07,0.938,Low,328.67,2667.2,Investigating,2023-07-16 02:03:33,2019-12-05 00:51:50,LSTM Autoencoder
1113,293,235,7,55,Rainfall Anomaly,2021-04-19 01:04:35,0.655,Critical,41.54,152.2,Resolved,2024-03-07 04:41:22,2018-09-17 04:22:07,Statistical
1114,282,7,2,21,Slope Deformation,2021-01-16 11:14:04,0.678,High,78.2,492.2,Investigating,2021-01-27 04:58:18,2024-10-07 19:10:54,Statistical
1115,95,76,2,16,Ground Cracking,2023-01-28 20:14:02,0.644,Medium,441.15,3524.0,Open,2018-11-13 17:19:41,2020-08-06 08:53:22,Statistical
1116,55,443,4,36,Sudden Displacement,2023-11-18 14:38:13,0.878,High,420.99,4849.9,Open,2021-02-18 20:50:06,2024-03-05 02:02:27,Isolation Forest
1117,123,323,7,56,Rainfall Anomaly,2020-08-31 02:03:36,0.976,Critical,446.68,3209.6,Investigating,2023-04-29 23:13:55,2019-10-26 19:01:55,Isolation Forest
1118,165,72,6,51,Slope Deformation,2023-10-22 12:12:17,0.866,High,347.53,679.5,False Alarm,2018-11-08 10:40:38,2022-12-31 15:54:38,Statistical
1119,169,494,3,29,Sudden Displacement,2021-11-08 17:50:37,0.516,Critical,313.51,1009.6,Open,2023-11-30 23:59:52,2023-02-27 17:06:04,Isolation Forest
1120,26,401,1,5,Ground Cracking,2021-05-24 04:56:11,0.667,Critical,486.22,1270.6,Investigating,2024-03-01 20:45:01,2022-08-10 17:20:26,Rule-Based
1121,189,164,6,51,Ground Cracking,2022-03-16 02:24:31,0.908,Critical,4.12,2100.6,Investigating,2024-03-28 16:37:28,2020-01-18 17:48:48,Rule-Based
1122,1,242,6,54,Slope Deformation,2021-04-03 09:19:28,0.695,High,341.63,196.3,Open,2022-02-20 02:09:58,2023-07-13 21:27:28,Rule-Based
1123,208,328,1,8,Seismic Signal,2020-01-10 09:33:48,0.863,Low,415.18,1802.1,Investigating,2022-07-18 20:03:11,2018-08-25 09:37:22,Rule-Based
1124,197,117,8,61,Ground Cracking,2022-08-29 11:45:55,0.815,Medium,333.42,0.9,False Alarm,2024-12-25 16:50:57,2023-07-24 19:25:15,Rule-Based
1125,132,31,1,8,Sudden Displacement,2019-04-19 03:35:45,0.655,Critical,409.31,3937.0,Investigating,2024-10-31 20:04:10,2022-02-08 13:44:32,Rule-Based
1126,63,342,1,6,Rainfall Anomaly,2018-04-18 10:08:17,0.958,Medium,170.63,2169.4,Resolved,2024-09-24 09:49:07,2022-08-01 06:59:39,Rule-Based
1127,82,201,3,30,Pore Pressure Spike,2021-10-02 08:21:20,0.502,Medium,470.1,4049.4,Resolved,2023-10-02 17:07:47,2021-02-20 23:27:34,Isolation Forest
1128,90,14,6,51,Sudden Displacement,2024-09-02 10:07:46,0.634,Critical,69.91,4720.5,Open,2020-07-20 01:58:51,2024-07-17 00:25:39,Statistical
1129,34,350,4,35,Vegetation Loss,2019-11-21 09:58:41,0.52,High,338.19,2225.9,False Alarm,2024-10-23 06:03:54,2023-10-13 16:21:37,Rule-Based
1130,136,86,4,33,Sudden Displacement,2018-12-14 19:26:45,0.501,Medium,304.07,261.2,Open,2020-07-18 09:01:54,2020-06-18 16:44:51,Statistical
1131,213,409,1,5,Vegetation Loss,2023-09-19 00:17:00,0.95,Medium,451.48,1489.0,False Alarm,2024-02-20 06:54:20,2020-11-21 09:37:29,Isolation Forest
1132,297,202,3,31,Vegetation Loss,2024-07-08 01:08:56,0.944,Medium,395.37,2633.5,False Alarm,2020-11-30 12:50:36,2021-07-08 18:18:48,LSTM Autoencoder
1133,118,158,1,3,Vegetation Loss,2018-08-09 19:00:13,0.799,Medium,236.51,501.8,Resolved,2023-10-11 12:05:14,2022-08-18 20:52:33,Rule-Based
1134,270,131,4,39,Seismic Signal,2022-08-06 13:54:52,0.882,High,488.99,2716.0,Investigating,2020-02-27 12:53:21,2021-11-27 02:54:04,LSTM Autoencoder
1135,229,95,5,43,Sensor Outlier,2023-01-22 13:50:12,0.787,Low,431.27,1740.0,False Alarm,2019-02-15 16:51:00,2019-06-23 14:16:20,Statistical
1136,155,136,8,59,Sensor Outlier,2020-02-29 14:17:15,0.623,High,304.76,4482.0,Investigating,2020-06-02 08:38:26,2024-09-09 13:48:12,LSTM Autoencoder
1137,235,119,2,17,Sudden Displacement,2018-09-02 23:25:11,0.826,High,233.59,4287.7,False Alarm,2023-09-04 10:47:24,2019-12-27 17:20:25,Statistical
1138,80,242,2,22,Sensor Outlier,2019-04-21 13:25:49,0.651,Critical,58.84,26.0,False Alarm,2019-05-19 17:01:56,2021-10-24 18:52:46,Statistical
1139,277,258,3,31,Sudden Displacement,2020-02-24 20:48:18,0.606,High,456.14,832.1,False Alarm,2023-09-08 09:04:04,2023-07-21 23:41:23,Statistical
1140,279,318,1,3,Slope Deformation,2020-08-29 14:19:19,0.759,Medium,275.92,3746.7,Open,2023-06-24 09:27:13,2023-06-25 22:22:22,LSTM Autoencoder
1141,187,85,3,28,Ground Cracking,2021-06-07 03:06:30,0.97,Low,462.62,805.0,Open,2024-07-08 15:14:17,2024-11-29 16:10:50,Statistical
1142,95,76,2,16,Vegetation Loss,2020-07-27 03:55:35,0.628,High,331.85,1839.4,Resolved,2023-07-12 09:46:33,2024-08-21 16:38:36,Statistical
1143,131,244,2,20,Sudden Displacement,2022-06-16 13:48:10,0.578,Medium,113.57,2651.3,Investigating,2018-04-17 06:44:07,2024-07-24 14:49:24,Isolation Forest
1144,242,432,2,17,Sensor Outlier,2024-10-06 14:16:30,0.954,Critical,11.15,4584.9,Open,2022-04-27 00:13:06,2022-02-16 22:19:42,LSTM Autoencoder
1145,229,95,5,43,Pore Pressure Spike,2020-01-08 18:47:30,0.811,Medium,118.23,2255.3,Resolved,2020-05-13 01:59:22,2019-09-03 02:41:50,Statistical
1146,208,328,1,8,Sudden Displacement,2022-01-10 15:56:37,0.688,Medium,317.89,2806.4,False Alarm,2023-11-06 19:07:17,2024-10-28 23:10:13,Isolation Forest
1147,216,309,2,13,Ground Cracking,2024-09-15 22:00:35,0.993,Low,489.24,1611.1,False Alarm,2019-06-01 04:16:58,2023-12-22 03:29:35,LSTM Autoencoder
1148,17,292,7,56,Sensor Outlier,2022-10-27 06:15:32,0.701,High,305.21,1057.0,Open,2024-07-08 10:21:56,2022-10-19 00:05:11,Rule-Based
1149,29,399,7,56,Sensor Outlier,2021-09-07 16:34:12,0.939,Critical,89.47,3773.0,False Alarm,2021-08-16 02:22:30,2023-04-03 16:38:45,Rule-Based
1150,28,410,7,56,Ground Cracking,2021-01-25 03:54:06,0.721,Low,428.8,2456.2,False Alarm,2022-06-02 09:47:08,2024-12-21 03:41:51,Statistical
1151,36,212,3,25,Rainfall Anomaly,2022-07-06 04:13:16,0.749,Medium,333.52,495.6,Open,2019-03-17 14:04:47,2023-04-28 04:01:52,LSTM Autoencoder
1152,17,292,7,56,Sensor Outlier,2020-05-20 10:07:57,0.635,Low,6.34,3553.3,Resolved,2018-10-05 18:36:03,2024-11-08 06:18:51,Isolation Forest
1153,95,76,2,16,Ground Cracking,2020-10-13 20:55:10,0.947,High,229.92,4663.7,False Alarm,2020-05-10 00:22:39,2023-03-29 20:27:00,LSTM Autoencoder
1154,72,414,1,5,Sensor Outlier,2024-12-01 02:46:51,0.549,Low,441.58,1721.0,Investigating,2019-08-26 17:21:35,2023-11-11 12:44:50,Statistical
1155,80,242,2,22,Rainfall Anomaly,2024-08-23 18:35:46,0.96,High,174.21,1756.5,Open,2018-04-29 21:16:30,2024-10-28 22:40:49,Isolation Forest
1156,77,322,2,15,Rainfall Anomaly,2021-02-26 22:03:46,0.608,High,356.7,229.0,Investigating,2021-11-30 05:12:18,2020-09-18 19:47:06,Isolation Forest
1157,135,170,6,49,Sensor Outlier,2019-05-11 16:15:32,0.878,Low,183.23,4182.1,Resolved,2024-03-14 15:39:24,2019-01-20 16:48:03,Rule-Based
1158,243,103,7,56,Vegetation Loss,2024-02-23 21:59:09,0.736,Critical,96.51,4427.8,Investigating,2022-11-22 08:28:12,2021-11-26 13:02:47,Statistical
1159,230,436,6,47,Sudden Displacement,2023-03-30 04:29:50,0.603,High,208.04,4821.0,False Alarm,2018-01-31 19:41:37,2024-04-17 11:12:00,LSTM Autoencoder
1160,258,487,7,56,Vegetation Loss,2020-09-02 22:34:26,0.827,High,498.51,3473.1,Open,2021-06-20 11:04:40,2023-12-02 12:59:48,Statistical
1161,226,28,3,26,Sudden Displacement,2021-07-05 10:27:06,0.92,Medium,251.64,1594.0,False Alarm,2023-09-16 20:39:42,2019-04-06 18:19:46,Isolation Forest
1162,276,300,3,30,Ground Cracking,2021-01-20 06:42:05,0.507,High,439.35,129.7,Resolved,2019-02-16 14:16:40,2021-12-30 18:24:11,Rule-Based
1163,40,134,6,48,Sensor Outlier,2020-02-23 03:17:08,0.796,Critical,310.17,151.5,Resolved,2021-12-02 07:10:21,2020-05-06 20:31:32,Statistical
1164,54,93,1,11,Slope Deformation,2021-06-11 10:03:31,0.636,Critical,42.5,1266.5,Open,2024-01-15 21:46:59,2022-01-20 16:37:08,LSTM Autoencoder
1165,129,214,2,14,Sudden Displacement,2020-07-05 00:20:27,0.845,Low,273.87,1528.7,Open,2019-10-09 11:37:32,2023-09-15 04:54:36,Statistical
1166,117,121,5,40,Slope Deformation,2023-02-18 08:38:54,0.822,Low,321.08,1096.2,Investigating,2020-05-26 13:00:50,2022-12-22 03:13:43,Statistical
1167,144,156,2,17,Rainfall Anomaly,2023-01-22 08:46:15,0.864,Medium,414.68,1938.4,Investigating,2024-02-28 22:25:33,2023-09-15 12:48:37,Rule-Based
1168,138,138,6,53,Rainfall Anomaly,2018-03-16 09:38:10,0.787,High,126.16,1470.6,Open,2018-08-18 21:56:35,2022-07-14 20:02:34,Isolation Forest
1169,153,220,3,27,Sudden Displacement,2021-04-24 14:33:36,0.611,Critical,38.21,1689.4,Open,2019-11-07 21:05:40,2020-06-13 22:06:23,LSTM Autoencoder
1170,99,43,3,30,Sensor Outlier,2021-06-09 17:50:27,0.823,Low,300.89,2041.7,Resolved,2021-08-05 23:19:57,2019-01-03 03:17:11,Rule-Based
1171,173,435,2,18,Slope Deformation,2023-05-14 21:26:31,0.541,High,471.8,604.3,Resolved,2022-06-27 23:24:53,2021-11-26 18:18:53,Statistical
1172,221,488,2,15,Seismic Signal,2018-01-03 15:31:51,0.796,Critical,488.23,3127.5,False Alarm,2019-07-06 01:14:32,2022-08-13 22:29:11,LSTM Autoencoder
1173,166,70,4,36,Seismic Signal,2021-12-09 22:46:20,0.97,Critical,177.84,659.7,Investigating,2018-01-09 15:16:59,2024-09-26 03:46:53,Isolation Forest
1174,222,73,6,50,Sensor Outlier,2023-01-11 19:47:09,0.903,Medium,82.41,498.5,False Alarm,2022-11-19 11:18:29,2020-11-23 00:08:53,Rule-Based
1175,59,172,3,23,Rainfall Anomaly,2021-08-05 19:55:42,0.738,High,179.59,1327.7,Open,2022-10-30 05:25:09,2021-08-06 19:59:03,Rule-Based
1176,120,461,2,19,Ground Cracking,2019-06-19 22:14:12,0.72,High,217.27,4094.2,Resolved,2021-08-26 02:10:53,2023-11-02 23:02:57,Isolation Forest
1177,172,47,2,16,Sensor Outlier,2022-09-19 23:10:25,0.613,Critical,23.67,2874.3,Investigating,2024-04-27 07:36:29,2019-05-11 09:51:29,LSTM Autoencoder
1178,191,352,3,25,Ground Cracking,2019-09-12 12:54:53,0.565,High,251.97,3110.3,Investigating,2018-11-18 09:14:29,2024-12-01 07:09:33,Rule-Based
1179,29,399,7,56,Slope Deformation,2024-01-14 01:17:32,0.838,Low,359.6,3823.9,Resolved,2023-01-29 05:16:29,2023-05-05 13:48:35,Statistical
1180,200,334,1,1,Rainfall Anomaly,2021-03-20 17:06:52,0.857,Low,231.7,3830.3,False Alarm,2022-04-16 08:47:37,2020-06-23 14:09:03,LSTM Autoencoder
1181,261,149,2,20,Slope Deformation,2022-09-29 19:44:56,0.699,Low,248.0,2472.1,False Alarm,2020-09-25 22:22:32,2022-08-21 13:11:24,LSTM Autoencoder
1182,106,268,8,62,Vegetation Loss,2019-03-22 22:08:32,0.549,High,374.18,2905.8,Open,2020-03-13 05:36:30,2022-08-23 21:41:58,Statistical
1183,55,443,4,36,Ground Cracking,2020-06-24 17:34:35,0.707,Medium,433.11,2180.6,Investigating,2021-08-01 09:02:51,2018-11-23 03:47:25,LSTM Autoencoder
1184,12,106,5,40,Slope Deformation,2018-02-03 15:28:27,0.753,High,156.32,2215.0,Investigating,2024-04-17 08:28:20,2018-02-11 04:36:22,Rule-Based
1185,221,488,2,15,Sudden Displacement,2021-06-15 10:07:21,0.62,Medium,424.02,3359.7,False Alarm,2018-03-26 04:32:12,2023-07-04 08:59:18,Statistical
1186,260,53,3,26,Pore Pressure Spike,2021-05-13 20:25:31,0.776,Medium,193.25,431.3,Open,2023-10-09 10:30:06,2019-09-11 17:25:46,LSTM Autoencoder
1187,128,79,3,23,Slope Deformation,2023-03-18 14:21:41,0.984,High,419.02,379.1,Investigating,2024-05-02 21:33:11,2018-02-26 05:29:10,Isolation Forest
1188,75,134,1,8,Ground Cracking,2021-12-05 01:56:49,0.794,Critical,341.04,34.3,Investigating,2021-04-04 11:58:28,2022-03-14 20:39:14,LSTM Autoencoder
1189,276,300,3,30,Ground Cracking,2024-09-13 13:02:52,0.701,Critical,448.25,2936.2,Investigating,2022-01-12 17:22:12,2022-03-15 18:21:20,Isolation Forest
1190,142,58,2,22,Vegetation Loss,2019-07-10 08:48:07,0.592,Low,180.48,1512.6,False Alarm,2022-12-22 12:32:42,2021-07-22 11:29:31,Rule-Based
1191,208,328,1,8,Seismic Signal,2024-05-01 14:13:51,0.508,High,48.28,1780.4,Resolved,2024-08-02 11:14:14,2022-04-13 11:20:59,Statistical
1192,144,156,2,17,Pore Pressure Spike,2021-01-15 08:16:11,0.593,Critical,353.11,4649.4,False Alarm,2018-06-10 06:30:43,2023-07-26 15:59:49,Isolation Forest
1193,138,138,6,53,Pore Pressure Spike,2018-06-17 17:27:39,0.998,Medium,411.1,1705.8,Resolved,2024-04-05 16:13:00,2021-10-22 08:27:19,Statistical
1194,121,286,3,24,Pore Pressure Spike,2020-11-27 21:10:02,0.887,High,169.93,4698.1,Resolved,2023-11-22 12:34:10,2022-05-25 08:42:00,LSTM Autoencoder
1195,49,5,4,35,Sensor Outlier,2023-04-01 14:07:57,0.806,High,223.23,3310.6,Open,2023-10-18 15:22:53,2019-11-04 04:40:58,Isolation Forest
1196,82,201,3,30,Sudden Displacement,2020-07-05 22:35:01,0.768,Medium,186.08,4796.1,Open,2021-01-29 16:00:19,2024-11-29 23:49:25,Isolation Forest
1197,253,358,7,56,Slope Deformation,2018-10-27 07:41:39,0.891,High,121.49,3554.4,Resolved,2020-02-23 07:44:07,2023-10-26 18:54:10,Isolation Forest
1198,99,43,3,30,Vegetation Loss,2018-07-29 11:15:29,0.853,High,386.96,4076.9,Resolved,2021-01-10 20:52:04,2018-02-19 22:14:53,Isolation Forest
1199,212,445,6,50,Rainfall Anomaly,2021-02-14 19:42:33,0.797,Low,457.18,4716.9,Resolved,2018-05-23 05:54:12,2024-03-22 20:52:20,Isolation Forest
1200,249,202,1,8,Sudden Displacement,2024-04-10 23:44:56,0.633,Low,403.13,3966.3,Resolved,2023-03-30 15:28:48,2021-02-15 21:42:05,Statistical
1201,187,85,3,28,Seismic Signal,2024-05-17 10:31:50,0.74,High,163.48,1438.2,Investigating,2024-02-21 08:59:23,2023-07-12 03:39:48,Rule-Based
1202,273,164,2,22,Seismic Signal,2020-08-26 13:20:33,0.893,Low,306.85,1717.6,Resolved,2021-12-20 02:34:38,2022-12-12 12:33:37,Statistical
1203,246,262,1,5,Sensor Outlier,2023-01-01 13:00:39,0.682,Low,102.65,3283.0,False Alarm,2024-12-01 23:06:40,2020-07-16 22:09:52,Statistical
1204,51,383,3,24,Vegetation Loss,2022-03-25 13:33:48,0.893,Medium,342.03,4157.6,Resolved,2019-05-25 16:16:27,2022-07-12 04:53:22,LSTM Autoencoder
1205,27,383,2,19,Ground Cracking,2023-07-06 13:56:36,0.978,Low,217.57,4879.6,Investigating,2022-12-16 21:26:06,2019-07-19 23:02:21,Rule-Based
1206,148,408,2,22,Vegetation Loss,2019-12-09 14:01:09,0.834,Medium,417.29,4181.6,Open,2018-06-20 20:18:07,2022-10-05 16:52:33,Statistical
1207,77,322,2,15,Sensor Outlier,2020-02-23 20:21:29,0.93,Critical,7.78,4279.6,Resolved,2022-10-07 11:36:47,2023-01-26 18:38:39,LSTM Autoencoder
1208,228,74,8,61,Seismic Signal,2019-03-19 13:33:57,0.912,Low,384.86,2669.2,Open,2023-11-28 21:04:55,2020-08-06 15:17:36,Statistical
1209,276,300,3,30,Pore Pressure Spike,2022-03-18 05:17:35,0.915,Low,310.15,1302.7,Resolved,2023-01-28 11:33:32,2019-07-12 22:00:36,Statistical
1210,197,117,8,61,Rainfall Anomaly,2020-11-02 17:19:47,0.772,Critical,130.56,1023.9,Open,2021-03-28 13:22:17,2022-04-19 18:33:35,Isolation Forest
1211,108,218,5,46,Pore Pressure Spike,2018-09-01 10:15:10,0.881,Low,231.99,4858.4,Open,2020-10-22 01:57:05,2018-08-27 06:49:49,LSTM Autoencoder
1212,281,435,8,59,Pore Pressure Spike,2024-02-26 22:58:43,0.517,High,420.94,1627.5,Resolved,2023-06-15 09:07:10,2023-03-12 07:40:02,Statistical
1213,38,69,1,3,Vegetation Loss,2020-10-27 17:25:29,0.66,Critical,435.76,3898.3,False Alarm,2023-03-11 15:33:38,2020-10-01 02:00:07,LSTM Autoencoder
1214,130,291,6,51,Sensor Outlier,2022-03-02 18:05:47,0.97,Critical,360.83,4394.0,Investigating,2021-09-06 19:01:26,2023-12-17 16:26:01,Isolation Forest
1215,232,29,2,22,Sensor Outlier,2020-02-04 07:50:11,0.544,Critical,136.5,3321.2,False Alarm,2023-11-09 05:49:37,2020-03-10 18:32:20,LSTM Autoencoder
1216,245,391,6,50,Sensor Outlier,2020-01-21 21:38:10,0.739,Medium,137.24,4790.0,Open,2022-02-08 21:54:24,2023-04-13 23:24:26,Isolation Forest
1217,87,194,4,37,Sudden Displacement,2021-10-25 01:59:40,0.573,High,100.66,516.0,Resolved,2024-08-31 03:50:23,2021-10-15 17:52:54,Rule-Based
1218,73,405,2,19,Rainfall Anomaly,2024-05-10 02:42:34,0.689,Critical,265.87,2525.0,Resolved,2022-02-11 06:37:13,2021-04-29 05:52:46,Isolation Forest
1219,97,237,2,21,Sensor Outlier,2019-03-14 10:10:22,0.626,Low,214.93,2809.3,Resolved,2024-12-11 18:32:55,2023-05-20 16:06:43,Rule-Based
1220,147,227,3,27,Vegetation Loss,2018-05-21 09:00:23,0.784,Critical,323.26,49.9,Open,2019-02-18 15:23:14,2021-08-15 12:11:35,Isolation Forest
1221,80,242,2,22,Pore Pressure Spike,2021-02-24 19:38:31,0.663,Critical,425.12,30.2,Open,2022-10-01 10:10:05,2021-06-04 12:19:07,Statistical
1222,173,435,2,18,Sensor Outlier,2023-04-28 20:59:20,0.787,High,210.25,3292.7,Open,2019-04-30 20:17:58,2023-06-18 11:30:49,Isolation Forest
1223,82,201,3,30,Vegetation Loss,2018-01-09 16:11:58,0.521,Low,53.64,3386.7,Open,2021-12-09 04:45:35,2021-07-26 12:32:22,Statistical
1224,61,71,5,46,Rainfall Anomaly,2020-08-11 15:49:49,0.814,Low,69.84,4598.9,Open,2020-11-27 15:32:02,2021-03-14 09:51:38,LSTM Autoencoder
1225,245,391,6,50,Rainfall Anomaly,2024-03-23 02:36:07,0.738,High,403.94,1253.8,False Alarm,2019-09-02 00:36:11,2019-03-08 19:14:34,LSTM Autoencoder
1226,193,186,6,54,Seismic Signal,2024-07-10 16:30:22,0.95,Low,357.98,2207.3,Investigating,2022-03-17 08:38:56,2019-03-26 22:11:48,LSTM Autoencoder
1227,153,220,3,27,Rainfall Anomaly,2019-12-23 12:45:43,0.713,High,235.51,4566.3,Resolved,2022-01-13 15:26:56,2022-07-12 04:13:19,Rule-Based
1228,229,95,5,43,Sudden Displacement,2023-03-05 19:48:47,0.815,High,283.8,1197.7,False Alarm,2018-10-20 19:15:27,2019-12-12 02:17:23,LSTM Autoencoder
1229,277,258,3,31,Rainfall Anomaly,2021-07-17 06:38:29,0.657,Medium,498.6,2306.9,Investigating,2021-12-07 19:38:30,2023-10-25 21:56:48,Isolation Forest
1230,253,358,7,56,Pore Pressure Spike,2022-12-19 02:30:59,0.554,Critical,127.49,3227.9,False Alarm,2020-11-01 00:47:32,2018-08-01 13:10:55,LSTM Autoencoder
1231,206,186,7,55,Vegetation Loss,2024-08-20 12:38:34,0.932,Medium,281.69,1737.1,Investigating,2024-12-08 17:29:11,2022-01-07 23:01:16,LSTM Autoencoder
1232,137,66,2,17,Pore Pressure Spike,2019-07-01 02:25:29,0.665,Low,489.07,2830.8,Open,2023-02-03 01:10:00,2020-01-27 20:31:59,Isolation Forest
1233,94,201,3,30,Slope Deformation,2023-02-26 17:16:58,0.869,Low,95.28,2250.3,Resolved,2022-12-23 09:51:31,2019-10-13 11:14:03,Rule-Based
1234,77,322,2,15,Slope Deformation,2022-12-22 04:12:23,0.874,Low,425.65,4386.6,Open,2018-11-18 01:15:56,2024-12-27 07:31:43,Isolation Forest
1235,54,93,1,11,Rainfall Anomaly,2022-10-20 13:42:28,0.952,Low,223.88,570.9,Investigating,2018-07-16 17:19:25,2021-02-01 14:56:49,Statistical
1236,84,9,6,50,Vegetation Loss,2024-12-30 02:39:11,0.755,Medium,74.93,3704.8,Resolved,2019-08-04 21:40:59,2018-10-28 07:33:23,Rule-Based
1237,101,316,5,46,Seismic Signal,2020-12-02 11:14:22,0.736,High,9.11,3395.5,False Alarm,2020-01-24 19:03:20,2018-11-17 05:09:38,Isolation Forest
1238,61,71,5,46,Sudden Displacement,2018-07-26 21:10:08,0.724,Medium,25.7,440.5,False Alarm,2022-04-23 17:55:29,2018-04-27 05:54:30,Rule-Based
1239,42,189,7,58,Slope Deformation,2018-03-27 04:20:07,0.513,Critical,219.2,3697.8,False Alarm,2023-01-16 19:52:26,2022-07-30 14:06:42,Isolation Forest
1240,228,74,8,61,Vegetation Loss,2018-09-30 06:40:37,0.878,High,162.42,1893.7,Resolved,2020-03-22 20:44:41,2018-07-06 20:48:08,Rule-Based
1241,109,323,6,50,Vegetation Loss,2021-09-11 01:09:10,0.544,Medium,212.16,4799.3,Investigating,2024-09-14 14:07:04,2018-06-19 11:39:05,LSTM Autoencoder
1242,149,170,8,61,Seismic Signal,2024-02-04 12:49:53,0.547,Low,486.16,4497.9,Investigating,2022-01-24 16:18:16,2019-10-05 17:06:50,Rule-Based
1243,114,274,3,30,Sudden Displacement,2020-07-14 00:44:38,0.591,Low,258.68,3457.7,Open,2023-06-02 05:46:48,2019-02-03 13:18:00,Statistical
1244,58,483,6,54,Pore Pressure Spike,2021-03-03 00:43:36,0.585,Low,5.5,675.1,Open,2022-10-17 05:42:04,2018-07-02 02:52:07,Statistical
1245,250,373,6,51,Rainfall Anomaly,2022-08-16 16:53:43,0.718,Critical,160.35,2696.8,Open,2023-07-16 12:00:43,2021-04-22 10:07:55,LSTM Autoencoder
1246,211,464,6,50,Ground Cracking,2024-09-19 14:42:57,0.617,Low,153.31,2270.3,Resolved,2018-09-08 21:57:42,2021-12-14 22:29:45,Isolation Forest
1247,199,55,3,24,Pore Pressure Spike,2020-01-30 21:24:26,0.673,Medium,146.93,2858.8,False Alarm,2023-03-09 04:47:19,2024-04-29 11:04:25,Rule-Based
1248,101,316,5,46,Ground Cracking,2023-08-10 04:55:00,0.999,Medium,195.89,3777.7,Investigating,2022-07-02 18:02:12,2021-07-27 21:34:39,Statistical
1249,146,161,1,8,Rainfall Anomaly,2023-12-23 11:53:14,0.564,Medium,414.84,1079.7,Open,2024-09-24 23:22:56,2019-06-07 02:52:31,Statistical
1250,83,421,1,12,Ground Cracking,2022-06-27 14:21:02,0.583,Low,231.71,2464.1,False Alarm,2023-12-12 15:33:15,2018-01-10 19:01:31,LSTM Autoencoder
1251,20,360,7,56,Sensor Outlier,2021-10-03 12:21:07,0.634,Medium,459.99,4893.4,Investigating,2019-08-01 07:24:16,2024-08-29 12:42:33,Isolation Forest
1252,287,429,6,52,Rainfall Anomaly,2018-10-04 23:45:01,0.972,Low,161.46,1648.2,False Alarm,2018-05-26 15:04:41,2021-03-09 04:40:56,Isolation Forest
1253,59,172,3,23,Slope Deformation,2018-01-11 11:35:23,0.742,High,327.58,2072.2,Resolved,2024-05-15 22:39:41,2023-08-10 22:10:23,Statistical
1254,196,140,7,55,Vegetation Loss,2019-06-10 03:15:05,0.821,High,426.26,2785.3,False Alarm,2024-07-17 03:40:55,2022-01-09 17:56:31,Isolation Forest
1255,242,432,2,17,Sensor Outlier,2023-03-18 06:40:19,0.799,Critical,296.38,1981.5,False Alarm,2021-08-19 07:55:25,2018-01-19 23:12:34,Isolation Forest
1256,158,493,8,61,Seismic Signal,2020-10-14 04:31:29,0.774,Critical,94.94,4833.6,Investigating,2023-05-07 22:28:39,2021-12-05 02:19:06,Statistical
1257,49,5,4,35,Sudden Displacement,2022-03-14 19:45:11,0.997,Low,302.96,4715.2,Investigating,2023-07-14 11:02:03,2021-05-14 11:04:20,Statistical
1258,79,52,1,12,Sensor Outlier,2023-06-10 00:49:31,0.632,Low,205.62,2790.5,Investigating,2022-03-27 13:08:34,2024-08-26 08:44:03,Statistical
1259,234,450,4,33,Ground Cracking,2024-05-02 02:11:31,0.682,Critical,401.08,4442.6,Open,2023-08-22 21:02:37,2022-08-26 07:28:13,Rule-Based
1260,253,358,7,56,Ground Cracking,2021-08-20 03:35:20,0.591,Low,72.91,2181.3,Open,2024-12-31 11:20:07,2020-05-27 06:27:04,Statistical
1261,253,358,7,56,Sudden Displacement,2019-12-11 06:18:24,0.698,High,191.9,2705.8,Investigating,2020-12-11 06:08:11,2023-09-14 16:37:58,LSTM Autoencoder
1262,246,262,1,5,Rainfall Anomaly,2018-01-09 12:55:19,0.952,Critical,481.49,4277.5,Open,2024-07-13 00:23:10,2022-05-10 05:15:22,Rule-Based
1263,150,261,3,32,Seismic Signal,2020-07-20 02:38:56,0.813,Critical,10.35,3901.2,Investigating,2018-10-03 01:13:17,2022-06-12 23:20:47,Statistical
1264,267,412,1,3,Seismic Signal,2023-07-29 05:46:19,0.787,High,286.01,2087.4,False Alarm,2023-11-07 02:29:09,2023-07-05 08:28:11,Statistical
1265,97,237,2,21,Ground Cracking,2022-01-24 09:56:52,0.789,Medium,158.91,1640.7,False Alarm,2021-12-11 06:54:33,2023-08-04 03:30:54,LSTM Autoencoder
1266,3,442,3,29,Sudden Displacement,2018-09-18 06:45:34,0.672,Medium,14.57,4545.8,Resolved,2024-04-07 21:04:30,2023-09-21 04:21:19,Isolation Forest
1267,214,299,1,3,Pore Pressure Spike,2024-11-01 03:41:47,0.853,Medium,248.66,3552.7,False Alarm,2021-07-15 03:33:48,2023-11-30 21:00:03,Isolation Forest
1268,249,202,1,8,Vegetation Loss,2024-03-25 23:10:39,0.977,High,351.22,661.8,Resolved,2023-06-05 18:25:30,2018-10-06 17:34:43,LSTM Autoencoder
1269,131,244,2,20,Vegetation Loss,2019-07-10 08:13:31,0.555,Low,319.83,697.4,Resolved,2022-03-20 01:27:55,2024-09-26 13:05:22,Statistical
1270,288,45,2,14,Rainfall Anomaly,2018-10-24 01:00:36,0.787,High,166.9,1464.9,False Alarm,2019-08-12 21:38:56,2022-01-12 09:40:31,Rule-Based
1271,135,170,6,49,Seismic Signal,2023-11-12 17:42:36,0.938,Medium,13.9,3923.6,False Alarm,2024-10-20 01:20:10,2018-02-28 23:47:18,Isolation Forest
1272,116,432,4,34,Ground Cracking,2018-12-20 13:07:14,0.76,High,364.66,846.1,False Alarm,2020-05-23 20:31:26,2018-06-17 16:12:55,Rule-Based
1273,23,15,7,56,Pore Pressure Spike,2020-10-28 11:27:22,0.767,Medium,474.49,555.8,Investigating,2022-01-01 08:50:34,2018-11-25 20:00:48,Rule-Based
1274,127,439,3,30,Sudden Displacement,2018-09-20 17:41:27,0.84,Medium,433.06,734.5,Investigating,2018-10-08 15:43:23,2020-07-01 11:45:43,Isolation Forest
1275,26,401,1,5,Sudden Displacement,2020-04-23 22:05:25,0.535,Critical,301.93,1469.0,Resolved,2019-08-18 22:16:05,2024-05-30 18:04:09,Statistical
1276,17,292,7,56,Ground Cracking,2024-03-31 13:22:46,0.541,Low,244.99,4849.1,Open,2018-02-10 23:49:05,2022-03-26 11:18:57,Statistical
1277,213,409,1,5,Slope Deformation,2021-11-18 00:09:26,0.755,Medium,470.39,1730.9,False Alarm,2023-11-21 00:02:29,2024-07-21 08:26:04,Rule-Based
1278,116,432,4,34,Ground Cracking,2020-06-12 00:35:04,0.637,Critical,185.72,2358.7,Open,2019-07-09 14:27:50,2021-08-19 08:11:09,Isolation Forest
1279,98,440,1,4,Sudden Displacement,2019-03-22 12:34:35,0.765,Low,345.16,4491.0,Resolved,2021-08-08 21:54:55,2021-03-26 01:06:51,Statistical
1280,73,405,2,19,Seismic Signal,2018-12-14 08:23:57,0.976,Medium,305.31,3399.4,Investigating,2023-04-09 16:59:44,2020-05-07 19:38:37,Rule-Based
1281,41,53,3,23,Slope Deformation,2019-08-17 11:35:45,0.92,Medium,93.1,4132.7,Investigating,2018-11-20 01:05:44,2018-11-04 02:52:30,Isolation Forest
1282,294,2,1,5,Vegetation Loss,2023-12-10 14:31:21,0.818,High,497.57,1473.2,Investigating,2023-07-25 12:11:29,2018-04-16 15:08:34,Rule-Based
1283,190,209,2,16,Slope Deformation,2019-10-21 19:17:56,0.875,Low,207.13,3525.3,False Alarm,2020-01-10 15:23:28,2021-07-16 19:51:23,Isolation Forest
1284,183,186,2,16,Ground Cracking,2021-01-19 11:31:58,0.997,High,279.5,4795.1,Investigating,2024-05-10 23:35:30,2019-01-08 16:53:53,Rule-Based
1285,68,217,3,30,Sensor Outlier,2018-01-03 22:28:47,0.918,Medium,106.69,1830.8,False Alarm,2021-01-18 12:19:21,2019-01-09 11:09:15,Isolation Forest
1286,79,52,1,12,Sudden Displacement,2020-11-18 22:03:33,0.537,Medium,495.78,1347.4,Resolved,2021-11-14 22:00:22,2022-12-10 07:39:37,Rule-Based
1287,174,411,1,6,Rainfall Anomaly,2024-02-24 14:49:39,0.773,Critical,450.0,106.1,False Alarm,2020-08-13 23:39:59,2020-08-27 18:31:50,Rule-Based
1288,113,360,4,34,Vegetation Loss,2020-05-09 13:34:10,0.516,Low,46.32,3899.7,False Alarm,2018-01-31 00:08:24,2020-02-05 04:23:50,Isolation Forest
1289,5,236,2,20,Rainfall Anomaly,2020-11-27 21:22:45,0.841,Medium,210.85,1690.1,Resolved,2024-11-19 13:04:09,2022-02-09 05:49:14,Rule-Based
1290,278,468,3,28,Rainfall Anomaly,2018-09-12 13:06:15,0.678,Medium,358.48,3330.9,Investigating,2019-12-03 01:23:28,2019-03-14 08:13:07,Statistical
1291,125,84,5,46,Sensor Outlier,2024-04-19 20:54:25,0.555,Critical,280.88,1762.9,Resolved,2023-05-01 19:35:52,2022-03-10 18:55:24,Rule-Based
1292,21,83,1,11,Sensor Outlier,2019-08-20 20:18:14,0.961,Low,194.01,2645.1,Resolved,2024-06-04 21:55:02,2018-09-01 00:08:07,Statistical
1293,87,194,4,37,Pore Pressure Spike,2024-04-08 16:21:20,0.757,Critical,139.32,1631.3,Open,2024-11-26 05:47:34,2024-04-06 01:21:39,Statistical
1294,21,83,1,11,Sudden Displacement,2020-04-24 17:42:23,0.8,Low,164.37,4660.8,Investigating,2024-08-29 09:15:46,2023-09-23 16:36:26,Isolation Forest
1295,187,85,3,28,Sensor Outlier,2019-10-21 02:58:09,0.755,Low,187.3,3181.0,Open,2022-09-04 20:40:08,2023-10-29 18:24:43,Rule-Based
1296,199,55,3,24,Seismic Signal,2018-04-29 16:46:38,0.587,High,310.52,2604.7,Open,2020-11-27 12:10:10,2021-12-08 23:56:31,Statistical
1297,82,201,3,30,Vegetation Loss,2024-09-14 18:47:24,0.502,High,256.06,4207.5,Resolved,2020-10-20 12:33:47,2019-08-23 17:43:48,LSTM Autoencoder
1298,201,469,6,52,Rainfall Anomaly,2024-06-11 21:25:31,0.999,Critical,371.59,3327.0,Open,2021-01-12 10:23:22,2024-02-18 05:02:06,LSTM Autoencoder
1299,9,292,3,30,Rainfall Anomaly,2019-07-13 18:13:52,0.634,Medium,243.68,2012.5,False Alarm,2024-10-02 22:54:16,2020-05-27 07:13:35,LSTM Autoencoder
1300,239,441,8,61,Pore Pressure Spike,2022-04-24 00:06:23,0.962,Low,287.72,593.8,Investigating,2021-12-17 19:22:25,2019-08-25 01:47:35,Isolation Forest
1301,66,272,3,28,Pore Pressure Spike,2024-07-31 04:35:51,0.926,Critical,5.98,1179.6,False Alarm,2018-05-13 05:01:07,2024-11-29 03:55:03,LSTM Autoencoder
1302,142,58,2,22,Slope Deformation,2018-12-13 02:03:33,0.528,Medium,398.9,4716.2,Investigating,2022-11-18 12:21:41,2022-09-20 10:24:28,LSTM Autoencoder
1303,60,207,1,11,Slope Deformation,2018-04-03 10:34:29,0.944,Critical,441.56,811.2,Open,2022-03-23 10:20:29,2021-02-03 08:39:32,Statistical
1304,241,369,2,16,Vegetation Loss,2023-07-09 14:50:41,0.833,High,179.95,89.3,False Alarm,2023-01-13 09:57:56,2022-07-05 17:03:57,Rule-Based
1305,258,487,7,56,Rainfall Anomaly,2022-10-12 16:43:00,0.811,Critical,269.84,4623.7,False Alarm,2021-02-01 15:00:38,2023-05-27 09:47:50,Rule-Based
1306,20,360,7,56,Sudden Displacement,2021-11-29 05:20:52,0.876,Medium,392.56,1768.5,False Alarm,2018-02-05 05:52:25,2020-03-18 14:52:01,Statistical
1307,177,75,3,26,Pore Pressure Spike,2019-04-23 20:04:42,0.615,Medium,270.07,622.8,Resolved,2023-05-26 21:32:19,2018-12-14 00:37:57,Rule-Based
1308,21,83,1,11,Sudden Displacement,2021-10-22 23:08:56,0.794,Low,189.51,1459.5,Resolved,2020-08-28 17:41:04,2020-02-15 16:10:42,Rule-Based
1309,217,436,2,15,Vegetation Loss,2023-01-20 20:31:28,0.561,Low,134.56,4063.3,Resolved,2021-08-11 23:40:49,2018-07-06 15:02:29,Statistical
1310,135,170,6,49,Pore Pressure Spike,2020-04-17 00:24:31,0.555,Low,295.34,2972.8,Open,2024-09-09 19:03:57,2024-05-10 13:14:06,Rule-Based
1311,72,414,1,5,Slope Deformation,2018-02-08 08:15:22,0.583,High,185.3,1605.6,Resolved,2019-08-10 21:20:38,2020-06-11 09:43:23,Isolation Forest
1312,65,307,3,32,Ground Cracking,2018-06-16 03:41:55,0.989,Low,458.66,877.2,Resolved,2020-03-10 20:31:56,2024-05-20 06:12:24,Rule-Based
1313,181,115,8,59,Slope Deformation,2018-05-17 16:55:22,0.582,Low,476.98,1256.0,Investigating,2021-08-03 11:57:39,2023-03-14 17:39:12,LSTM Autoencoder
1314,190,209,2,16,Rainfall Anomaly,2023-03-30 12:58:19,0.653,High,265.39,2547.1,Investigating,2019-04-07 23:02:47,2018-10-27 09:51:08,LSTM Autoencoder
1315,137,66,2,17,Ground Cracking,2022-01-13 07:18:10,0.527,Medium,259.62,4863.9,Investigating,2020-10-19 14:53:07,2021-04-25 02:54:32,Rule-Based
1316,150,261,3,32,Sensor Outlier,2023-05-05 15:51:46,0.683,Medium,325.04,16.3,Resolved,2022-02-22 05:30:44,2020-10-30 10:46:40,Statistical
1317,109,323,6,50,Rainfall Anomaly,2018-12-09 10:28:42,0.935,Medium,291.03,4178.0,False Alarm,2024-11-15 15:38:44,2023-04-23 14:23:24,LSTM Autoencoder
1318,204,380,3,31,Rainfall Anomaly,2024-08-19 13:01:25,0.619,Medium,1.84,3959.4,Investigating,2023-01-23 11:20:12,2022-09-14 11:46:57,LSTM Autoencoder
1319,254,154,2,16,Vegetation Loss,2019-03-17 20:02:19,0.884,Medium,394.99,115.6,Open,2020-03-12 18:51:41,2023-05-11 13:49:11,Isolation Forest
1320,102,305,5,43,Slope Deformation,2019-01-24 04:49:25,0.886,High,447.62,3248.7,Resolved,2021-12-21 07:15:26,2024-01-05 00:07:04,Isolation Forest
1321,132,31,1,8,Slope Deformation,2022-12-14 06:06:29,0.536,Medium,251.76,2275.5,Investigating,2018-07-06 23:01:25,2019-01-02 04:26:27,Rule-Based
1322,176,386,1,5,Pore Pressure Spike,2024-07-17 00:24:31,0.874,Medium,484.37,1675.0,False Alarm,2018-06-01 04:13:47,2024-12-20 02:23:44,Rule-Based
1323,53,467,4,34,Sensor Outlier,2018-05-28 21:20:57,0.98,Low,300.99,345.6,False Alarm,2019-12-29 04:51:28,2022-01-29 10:55:22,Statistical
1324,169,494,3,29,Rainfall Anomaly,2018-03-28 14:46:30,0.751,High,259.84,1202.1,False Alarm,2020-09-30 01:06:03,2022-07-08 21:53:11,Rule-Based
1325,133,455,5,43,Slope Deformation,2024-02-17 01:26:01,0.881,Medium,225.39,4430.1,False Alarm,2021-04-23 11:30:03,2022-12-27 15:57:16,Rule-Based
1326,209,478,5,42,Sensor Outlier,2022-05-17 02:50:06,0.667,Medium,252.02,4124.4,Resolved,2019-11-05 23:41:54,2021-12-07 20:53:33,LSTM Autoencoder
1327,133,455,5,43,Ground Cracking,2021-10-30 13:28:49,0.545,Medium,324.81,1217.9,False Alarm,2024-06-21 05:39:00,2023-08-20 11:54:45,LSTM Autoencoder
1328,76,287,1,11,Pore Pressure Spike,2023-09-07 12:25:11,0.742,Critical,338.66,2511.2,Resolved,2018-12-01 00:11:32,2022-04-18 09:39:11,Statistical
1329,147,227,3,27,Rainfall Anomaly,2018-11-22 17:29:33,0.895,Low,412.12,1895.3,Open,2023-10-22 22:52:46,2021-11-05 06:07:12,Statistical
1330,243,103,7,56,Sudden Displacement,2022-02-10 10:57:52,0.715,High,203.23,2813.5,Resolved,2024-04-01 22:47:00,2019-06-28 20:00:52,Isolation Forest
1331,222,73,6,50,Rainfall Anomaly,2024-11-25 22:45:11,0.754,Medium,340.15,3692.7,Investigating,2022-01-04 07:12:05,2018-01-27 17:49:04,Rule-Based
1332,181,115,8,59,Slope Deformation,2024-10-25 02:23:37,0.911,Critical,187.8,1274.8,Investigating,2019-12-21 15:36:38,2023-11-15 16:23:48,Statistical
1333,185,138,5,46,Rainfall Anomaly,2019-05-13 11:26:23,0.679,Low,234.17,1712.2,Investigating,2019-10-17 07:11:16,2021-05-03 21:23:43,LSTM Autoencoder
1334,142,58,2,22,Pore Pressure Spike,2022-06-18 11:35:03,0.788,Low,19.77,3386.0,Resolved,2023-09-02 19:03:00,2024-08-09 12:07:46,Isolation Forest
1335,73,405,2,19,Pore Pressure Spike,2019-09-27 15:39:26,0.583,Medium,351.97,12.5,Resolved,2018-02-28 06:05:20,2024-07-19 10:50:24,Statistical
1336,205,354,1,1,Slope Deformation,2024-03-12 10:57:43,0.815,High,435.76,2879.5,Resolved,2021-07-26 11:39:54,2020-08-21 10:31:17,Statistical
1337,74,191,2,19,Rainfall Anomaly,2021-03-13 09:55:38,0.919,Low,476.83,1997.8,False Alarm,2020-11-08 23:16:32,2021-08-27 09:35:02,LSTM Autoencoder
1338,272,243,3,27,Rainfall Anomaly,2019-07-30 08:08:21,0.665,Low,139.94,1998.1,False Alarm,2020-05-15 03:49:29,2020-12-23 12:04:50,Isolation Forest
1339,141,77,3,23,Sudden Displacement,2021-01-09 22:38:54,0.842,High,51.53,2480.9,Open,2022-04-20 23:28:50,2022-09-23 05:30:23,Isolation Forest
1340,25,363,1,9,Ground Cracking,2024-11-07 19:58:33,0.525,Critical,5.41,3039.3,Resolved,2019-06-17 14:25:28,2024-01-24 05:49:56,LSTM Autoencoder
1341,3,442,3,29,Sensor Outlier,2022-01-16 08:27:55,0.903,Medium,266.14,44.1,Resolved,2022-07-11 19:45:04,2019-01-09 07:46:47,Isolation Forest
1342,242,432,2,17,Sensor Outlier,2018-02-06 23:39:30,0.809,Critical,353.32,4039.3,Investigating,2018-07-16 11:46:40,2021-01-12 07:37:29,Isolation Forest
1343,106,268,8,62,Ground Cracking,2024-09-20 01:44:49,0.717,Low,260.36,2891.7,Open,2020-05-05 04:18:43,2024-10-21 00:09:11,Isolation Forest
1344,288,45,2,14,Pore Pressure Spike,2024-05-24 09:28:19,0.928,High,370.17,863.3,False Alarm,2018-12-30 16:10:59,2024-07-21 23:01:25,Rule-Based
1345,231,83,6,47,Slope Deformation,2018-11-17 11:33:18,0.941,Critical,215.27,700.5,Investigating,2019-12-22 17:26:45,2024-07-20 18:01:50,Rule-Based
1346,256,147,5,41,Sudden Displacement,2021-01-23 12:10:07,0.855,Low,148.98,3224.2,Resolved,2024-05-05 02:54:48,2020-02-24 18:01:46,LSTM Autoencoder
1347,101,316,5,46,Ground Cracking,2021-11-24 06:07:24,0.586,Low,308.39,3060.0,Open,2018-05-27 01:55:41,2018-05-12 21:42:30,Rule-Based
1348,106,268,8,62,Ground Cracking,2018-08-04 02:21:02,0.735,High,496.81,2811.2,False Alarm,2018-09-18 15:32:41,2020-04-23 09:59:41,Statistical
1349,210,418,1,9,Seismic Signal,2023-12-16 14:48:12,0.941,Critical,18.4,4733.9,Open,2020-09-09 17:19:03,2021-09-27 11:38:40,Rule-Based
1350,87,194,4,37,Rainfall Anomaly,2022-12-13 10:28:56,0.592,Critical,135.85,137.5,Investigating,2024-03-07 10:22:57,2024-12-03 16:51:02,Isolation Forest
1351,225,266,7,57,Rainfall Anomaly,2020-08-28 00:35:47,0.789,Low,246.14,2737.4,Open,2023-10-01 07:32:57,2021-07-17 22:09:52,Isolation Forest
1352,98,440,1,4,Pore Pressure Spike,2020-01-02 15:31:47,0.69,Critical,92.0,4065.1,Open,2023-10-19 12:36:39,2018-10-31 15:28:32,Rule-Based
1353,99,43,3,30,Slope Deformation,2018-06-12 01:46:35,0.616,Low,464.99,4862.5,Open,2020-05-10 13:28:36,2021-05-03 16:00:10,Rule-Based
1354,160,420,1,4,Pore Pressure Spike,2024-04-02 12:49:20,0.588,Medium,439.04,1356.6,Open,2022-09-22 22:17:02,2021-02-12 13:06:52,Rule-Based
1355,135,170,6,49,Seismic Signal,2024-08-20 05:36:47,0.737,Low,219.31,4596.6,Investigating,2020-03-27 10:22:10,2020-07-06 10:18:08,Rule-Based
1356,268,41,5,43,Sudden Displacement,2022-05-04 23:16:55,0.518,Medium,279.67,1980.3,False Alarm,2022-11-24 11:01:15,2024-05-29 17:41:44,Statistical
1357,93,271,5,44,Sudden Displacement,2018-02-01 05:06:05,0.971,Medium,55.87,211.0,Investigating,2022-04-14 00:15:13,2024-07-02 06:31:53,LSTM Autoencoder
1358,19,246,2,22,Sudden Displacement,2020-03-28 09:31:16,0.805,Medium,298.69,47.2,False Alarm,2023-05-06 19:59:26,2020-07-18 21:45:20,Isolation Forest
1359,192,379,3,30,Slope Deformation,2024-08-04 04:48:49,0.968,Low,472.72,2940.8,Investigating,2023-06-16 14:08:38,2024-05-25 13:19:11,Statistical
1360,132,31,1,8,Sensor Outlier,2018-07-26 14:05:53,0.649,Critical,12.26,1166.5,False Alarm,2018-10-05 05:41:43,2024-02-15 09:27:47,Statistical
1361,275,453,3,25,Sudden Displacement,2022-09-03 10:02:54,0.533,High,242.13,543.4,False Alarm,2021-04-07 16:39:10,2018-03-21 04:28:51,Rule-Based
1362,290,191,2,18,Ground Cracking,2019-08-30 22:16:24,0.846,Low,467.81,4214.3,Resolved,2021-01-11 23:20:37,2023-10-22 19:23:26,Isolation Forest
1363,16,291,3,23,Seismic Signal,2022-11-15 17:20:02,0.599,Low,10.39,3329.0,False Alarm,2024-12-05 08:16:33,2022-07-18 03:17:00,Rule-Based
1364,154,195,1,8,Sudden Displacement,2023-08-05 21:42:59,0.512,Critical,35.44,121.5,Resolved,2018-08-05 07:29:31,2024-03-28 20:30:30,Isolation Forest
1365,215,306,2,22,Ground Cracking,2018-12-04 09:08:15,0.754,Medium,409.04,23.3,Resolved,2022-03-09 00:51:32,2024-07-25 07:53:29,Isolation Forest
1366,242,432,2,17,Ground Cracking,2023-11-05 16:12:44,0.582,Medium,36.65,979.9,Resolved,2020-03-09 00:11:56,2018-04-18 04:28:24,Rule-Based
1367,244,246,5,45,Sudden Displacement,2024-08-11 04:11:24,0.62,Low,263.14,2206.2,Resolved,2021-02-24 13:45:31,2018-01-04 23:04:17,Isolation Forest
1368,25,363,1,9,Seismic Signal,2023-07-16 22:50:02,0.534,Medium,71.56,3114.3,Open,2019-05-04 07:54:46,2018-11-25 08:37:05,Statistical
1369,110,305,3,28,Vegetation Loss,2021-05-14 03:17:19,0.568,Critical,61.33,2466.5,Investigating,2021-12-23 19:22:42,2020-11-10 19:24:33,Statistical
1370,189,164,6,51,Rainfall Anomaly,2023-07-07 06:33:06,0.982,Critical,256.0,2507.2,Resolved,2023-09-05 10:17:20,2021-02-28 19:37:57,LSTM Autoencoder
1371,224,490,3,24,Sudden Displacement,2020-12-25 10:49:07,0.863,Low,291.74,1308.0,False Alarm,2021-05-28 04:07:18,2018-09-25 19:53:10,LSTM Autoencoder
1372,281,435,8,59,Pore Pressure Spike,2018-11-15 03:48:14,0.812,Critical,457.09,4757.1,Investigating,2024-06-18 07:31:59,2024-11-19 19:28:10,LSTM Autoencoder
1373,4,456,7,56,Ground Cracking,2021-03-06 09:22:00,0.771,High,194.56,1806.1,Open,2021-09-17 10:37:18,2023-01-30 04:16:25,Isolation Forest
1374,126,299,3,23,Seismic Signal,2019-05-12 14:05:39,0.519,High,448.03,3476.5,Investigating,2018-03-25 08:47:04,2020-08-25 11:00:13,Isolation Forest
1375,98,440,1,4,Seismic Signal,2021-06-04 09:11:10,0.539,Medium,422.37,4074.1,Investigating,2020-04-23 21:19:14,2021-11-29 11:45:00,Rule-Based
1376,202,12,1,3,Slope Deformation,2021-01-24 19:14:40,0.638,Low,162.61,3687.1,Investigating,2021-01-15 01:12:17,2018-05-25 00:17:18,Statistical
1377,195,72,1,8,Vegetation Loss,2019-05-20 10:08:38,0.711,Critical,147.76,2546.5,Open,2019-04-29 10:22:11,2023-08-16 06:28:08,Isolation Forest
1378,290,191,2,18,Ground Cracking,2020-07-11 23:52:02,0.761,Medium,63.09,117.4,Investigating,2018-02-12 18:14:49,2019-03-22 20:19:38,Isolation Forest
1379,154,195,1,8,Rainfall Anomaly,2019-01-05 05:07:18,0.816,Critical,240.21,2504.4,Resolved,2021-08-01 05:33:51,2018-09-10 17:58:27,Statistical
1380,261,149,2,20,Ground Cracking,2022-01-19 13:25:25,0.742,Medium,34.2,2082.8,Open,2024-06-27 10:13:28,2023-12-30 07:47:16,Isolation Forest
1381,40,134,6,48,Sudden Displacement,2024-03-18 17:54:11,0.572,Medium,343.21,1849.4,False Alarm,2022-05-22 06:57:32,2024-02-14 23:49:13,LSTM Autoencoder
1382,156,18,6,51,Vegetation Loss,2024-12-19 15:17:54,0.744,Low,491.34,348.2,Open,2021-09-26 22:39:44,2019-09-20 16:11:48,Statistical
1383,183,186,2,16,Vegetation Loss,2018-08-01 03:07:25,0.956,High,443.55,1854.2,False Alarm,2019-02-14 12:26:45,2022-06-01 09:16:56,Statistical
1384,75,134,1,8,Slope Deformation,2023-10-06 10:17:17,0.628,High,294.73,2891.5,Resolved,2024-09-22 20:29:16,2021-01-08 05:02:10,Statistical
1385,159,178,1,12,Seismic Signal,2018-02-23 03:59:56,0.709,Critical,35.06,2640.3,Investigating,2022-06-26 23:07:17,2018-05-08 20:33:33,Rule-Based
1386,135,170,6,49,Pore Pressure Spike,2023-01-17 20:11:32,0.619,High,365.15,2598.0,Resolved,2019-03-01 22:29:22,2019-06-04 16:42:36,Isolation Forest
1387,32,161,3,23,Slope Deformation,2022-04-13 16:12:38,0.545,Medium,133.36,2277.6,False Alarm,2019-09-18 01:28:01,2022-06-25 04:38:02,Isolation Forest
1388,281,435,8,59,Vegetation Loss,2023-11-18 19:07:29,0.511,High,272.89,894.4,Resolved,2020-04-04 13:56:16,2023-11-15 02:10:29,LSTM Autoencoder
1389,46,477,2,17,Slope Deformation,2021-05-28 03:59:18,0.704,Low,423.31,55.4,False Alarm,2018-09-17 21:15:49,2024-09-06 15:04:36,LSTM Autoencoder
1390,205,354,1,1,Seismic Signal,2019-02-20 21:43:51,0.964,High,163.35,1891.5,Open,2024-07-03 01:28:50,2019-03-13 10:33:25,Rule-Based
1391,256,147,5,41,Sensor Outlier,2022-07-05 21:13:42,0.748,Critical,305.25,4775.4,Open,2020-10-14 06:33:45,2020-04-08 01:15:59,Isolation Forest
1392,256,147,5,41,Rainfall Anomaly,2020-11-12 01:10:48,0.862,Critical,11.92,1056.6,Investigating,2018-06-15 17:38:49,2020-02-02 00:52:07,LSTM Autoencoder
1393,117,121,5,40,Rainfall Anomaly,2024-06-06 15:07:26,0.545,Medium,485.33,4571.5,Open,2023-09-27 19:10:29,2021-03-29 09:22:44,Statistical
1394,200,334,1,1,Pore Pressure Spike,2023-05-01 17:55:33,0.581,Medium,165.8,2995.9,False Alarm,2019-01-14 13:56:31,2024-02-24 21:01:49,Rule-Based
1395,72,414,1,5,Sensor Outlier,2018-02-11 06:13:29,0.995,Critical,147.33,2891.6,Investigating,2020-01-07 03:44:30,2018-02-28 14:22:16,Rule-Based
1396,69,467,5,42,Ground Cracking,2019-06-15 17:17:17,0.913,Critical,196.82,3302.1,Resolved,2024-08-04 10:16:16,2020-08-05 19:18:01,Statistical
1397,288,45,2,14,Sudden Displacement,2019-08-01 21:14:02,0.738,High,1.81,4360.9,False Alarm,2024-05-11 01:14:22,2020-09-22 15:17:41,LSTM Autoencoder
1398,193,186,6,54,Vegetation Loss,2018-08-08 18:51:03,0.689,Medium,220.83,726.7,Open,2020-06-02 00:35:25,2018-03-12 12:03:32,Rule-Based
1399,286,185,3,27,Rainfall Anomaly,2019-12-08 23:13:31,0.947,High,216.98,4489.5,Investigating,2019-04-27 09:55:06,2024-06-08 00:39:24,Isolation Forest
1400,188,486,4,39,Sudden Displacement,2019-09-26 16:27:57,0.647,Medium,94.28,3647.7,Open,2018-09-14 04:37:52,2023-08-27 16:15:03,LSTM Autoencoder
1401,223,79,7,56,Ground Cracking,2021-08-23 14:43:15,0.522,High,338.68,766.8,Investigating,2023-06-15 23:48:46,2020-12-12 10:13:40,Rule-Based
1402,50,278,2,20,Seismic Signal,2021-08-29 09:00:49,0.748,Critical,369.97,621.8,False Alarm,2024-03-27 17:53:51,2018-12-07 09:47:21,Statistical
1403,71,473,4,33,Rainfall Anomaly,2018-10-23 17:17:50,0.775,High,363.13,2478.9,False Alarm,2024-02-19 17:52:58,2020-02-25 03:42:39,Statistical
1404,116,432,4,34,Ground Cracking,2018-01-22 07:27:44,0.659,High,87.33,1587.5,False Alarm,2021-08-25 15:26:14,2018-11-23 05:13:44,Rule-Based
1405,51,383,3,24,Sensor Outlier,2023-10-06 14:29:21,0.564,Low,233.72,4666.5,Resolved,2020-07-10 21:13:33,2018-01-21 22:39:54,LSTM Autoencoder
1406,277,258,3,31,Ground Cracking,2018-09-18 19:20:11,0.702,Low,457.71,350.4,Resolved,2018-04-28 04:36:25,2021-06-25 09:22:30,LSTM Autoencoder
1407,253,358,7,56,Sudden Displacement,2023-05-10 23:19:34,0.595,Medium,95.67,2017.2,Resolved,2023-02-08 09:55:09,2023-12-05 00:24:08,Rule-Based
1408,54,93,1,11,Sensor Outlier,2022-02-05 08:49:27,0.978,Critical,334.55,2167.4,Resolved,2024-05-30 00:54:35,2021-03-08 07:24:20,Isolation Forest
1409,67,62,1,4,Vegetation Loss,2021-09-27 03:12:09,0.887,Medium,295.65,2103.9,Investigating,2020-06-01 07:48:18,2018-11-13 03:44:31,Isolation Forest
1410,53,467,4,34,Seismic Signal,2021-02-11 05:01:39,0.648,Critical,365.27,1838.9,Resolved,2021-09-25 09:30:52,2021-11-18 07:54:19,LSTM Autoencoder
1411,132,31,1,8,Ground Cracking,2024-06-04 13:20:25,0.694,High,316.65,313.4,Resolved,2020-03-11 07:06:31,2018-07-30 05:58:34,Rule-Based
1412,244,246,5,45,Slope Deformation,2023-03-14 09:11:21,0.868,Medium,186.52,1168.0,Resolved,2023-04-01 13:32:35,2018-05-19 05:37:51,LSTM Autoencoder
1413,278,468,3,28,Pore Pressure Spike,2023-05-21 10:08:45,0.502,Low,330.64,4210.7,False Alarm,2022-06-16 08:58:54,2020-07-11 03:48:33,Isolation Forest
1414,87,194,4,37,Sensor Outlier,2022-05-25 00:48:26,0.796,Medium,459.49,4841.3,Resolved,2018-07-24 14:53:14,2019-04-07 20:47:42,LSTM Autoencoder
1415,162,340,5,45,Ground Cracking,2020-11-18 03:52:35,0.797,Low,291.44,1159.1,False Alarm,2018-01-05 08:31:27,2023-04-06 22:59:08,Statistical
1416,230,436,6,47,Seismic Signal,2019-12-01 02:16:52,0.536,Medium,392.72,2524.9,Open,2024-01-30 20:23:26,2023-04-11 14:59:53,LSTM Autoencoder
1417,107,409,7,56,Seismic Signal,2019-09-21 02:47:33,0.9,Low,115.07,4986.3,False Alarm,2024-02-06 12:20:26,2020-01-05 17:43:46,Statistical
1418,123,323,7,56,Sudden Displacement,2018-12-13 00:05:21,0.801,Low,388.57,2935.9,Resolved,2019-02-02 10:35:15,2020-12-28 03:25:45,Isolation Forest
1419,186,183,5,40,Sensor Outlier,2024-03-24 20:44:57,0.73,Medium,214.87,4501.7,Open,2020-11-01 13:42:51,2019-08-29 10:10:51,Isolation Forest
1420,181,115,8,59,Slope Deformation,2021-02-06 18:22:36,0.723,Critical,264.84,1423.6,Open,2023-12-01 17:11:05,2024-07-07 00:17:47,Rule-Based
1421,296,490,2,15,Rainfall Anomaly,2024-03-16 17:22:45,0.521,Medium,366.86,1107.1,False Alarm,2020-02-13 11:14:35,2022-07-24 16:51:02,Rule-Based
1422,279,318,1,3,Sensor Outlier,2022-03-27 03:58:07,0.512,High,291.4,4130.3,Open,2021-05-21 19:47:47,2018-08-29 15:54:24,LSTM Autoencoder
1423,20,360,7,56,Slope Deformation,2018-02-05 05:43:53,0.552,High,209.93,1668.3,Open,2024-02-14 17:48:46,2018-03-20 00:50:48,Statistical
1424,219,492,6,49,Ground Cracking,2021-03-06 11:38:10,0.983,Critical,76.77,1571.7,Resolved,2021-01-19 23:53:31,2019-11-29 16:00:48,Isolation Forest
1425,168,467,5,44,Pore Pressure Spike,2023-05-16 04:37:03,0.565,High,60.08,1517.4,Resolved,2020-10-16 03:45:53,2024-09-18 10:51:44,Statistical
1426,268,41,5,43,Rainfall Anomaly,2023-03-16 14:21:16,0.637,Low,87.54,378.6,Resolved,2018-08-12 19:34:02,2019-10-28 01:11:06,Statistical
1427,240,27,5,45,Sensor Outlier,2023-06-15 03:54:41,0.926,High,383.63,454.2,Investigating,2022-03-06 14:51:59,2024-01-16 21:18:32,Statistical
1428,14,405,5,46,Sudden Displacement,2024-11-09 17:02:50,0.664,Critical,411.08,4609.6,Open,2018-02-23 12:02:14,2022-09-04 08:13:53,LSTM Autoencoder
1429,158,493,8,61,Vegetation Loss,2023-01-21 02:10:55,0.835,Low,129.35,2837.3,Resolved,2022-05-19 09:38:24,2022-09-14 23:38:27,LSTM Autoencoder
1430,50,278,2,20,Rainfall Anomaly,2019-08-16 21:13:16,0.789,Medium,274.55,4592.0,Resolved,2021-10-05 01:43:18,2022-01-11 03:42:04,Statistical
1431,105,220,1,8,Sensor Outlier,2019-02-20 12:42:33,0.643,Medium,64.46,4719.7,Open,2021-09-13 22:01:21,2019-09-03 16:33:54,LSTM Autoencoder
1432,227,215,2,16,Pore Pressure Spike,2020-03-31 10:35:40,0.54,Critical,134.41,1427.8,Investigating,2022-02-26 02:38:34,2021-07-12 10:08:36,Statistical
1433,183,186,2,16,Seismic Signal,2018-12-24 21:42:14,0.818,High,171.17,2786.1,Investigating,2023-08-31 17:14:02,2019-10-17 17:33:13,Isolation Forest
1434,46,477,2,17,Pore Pressure Spike,2018-06-27 17:35:32,0.611,Low,164.93,2865.1,Resolved,2021-08-13 21:39:09,2022-05-18 18:17:13,Rule-Based
1435,164,18,2,17,Pore Pressure Spike,2018-06-03 05:50:16,0.817,Medium,432.7,642.6,False Alarm,2023-08-14 12:43:00,2023-04-16 09:38:34,Rule-Based
1436,177,75,3,26,Rainfall Anomaly,2021-10-23 22:37:49,0.956,Low,467.88,4065.2,Investigating,2019-03-18 09:40:56,2021-05-06 06:03:05,LSTM Autoencoder
1437,176,386,1,5,Sudden Displacement,2024-02-16 05:51:48,0.779,Critical,50.88,120.0,Resolved,2022-08-04 23:24:59,2022-11-15 00:28:07,LSTM Autoencoder
1438,203,207,3,26,Rainfall Anomaly,2019-08-11 18:15:55,0.775,Medium,312.91,2710.6,Open,2024-10-18 09:36:46,2018-05-23 11:33:47,Statistical
1439,235,119,2,17,Seismic Signal,2019-10-17 23:03:26,0.567,Critical,418.57,4523.6,False Alarm,2022-03-03 19:19:45,2021-01-16 01:11:57,Rule-Based
1440,18,370,1,6,Seismic Signal,2023-11-07 05:22:09,0.509,Low,319.92,47.4,Open,2022-06-24 23:20:06,2021-11-29 00:35:45,LSTM Autoencoder
1441,223,79,7,56,Rainfall Anomaly,2019-09-04 18:07:56,0.884,Low,62.39,335.0,Open,2023-06-20 23:48:47,2024-07-29 20:00:39,Rule-Based
1442,84,9,6,50,Sensor Outlier,2020-11-26 00:57:20,0.977,Low,441.61,556.4,False Alarm,2021-01-24 05:33:07,2024-06-12 00:02:19,Rule-Based
1443,181,115,8,59,Seismic Signal,2020-06-24 02:23:25,0.763,High,253.72,858.6,Investigating,2018-04-06 04:03:08,2023-03-21 17:26:29,LSTM Autoencoder
1444,269,165,3,30,Vegetation Loss,2020-12-09 09:29:38,0.53,Critical,68.22,3139.2,False Alarm,2023-04-26 03:40:17,2019-01-24 19:43:21,Rule-Based
1445,64,444,8,59,Ground Cracking,2019-08-16 21:56:26,0.57,Critical,232.04,3590.5,Open,2021-06-19 19:41:47,2022-01-20 07:24:15,Statistical
1446,36,212,3,25,Rainfall Anomaly,2018-01-29 13:06:19,0.691,Low,339.47,3863.1,Investigating,2021-08-22 20:24:52,2020-11-06 21:04:11,LSTM Autoencoder
1447,197,117,8,61,Vegetation Loss,2021-09-05 03:38:47,0.524,Critical,113.75,2270.9,False Alarm,2024-03-24 12:56:05,2021-03-14 04:44:17,Statistical
1448,12,106,5,40,Pore Pressure Spike,2024-10-01 16:11:00,0.817,Medium,401.81,3397.4,Investigating,2019-06-30 18:43:01,2018-08-10 04:17:22,LSTM Autoencoder
1449,123,323,7,56,Slope Deformation,2023-10-18 20:01:55,0.773,High,301.9,1376.3,False Alarm,2024-02-27 16:37:25,2019-08-02 00:30:04,Statistical
1450,234,450,4,33,Sensor Outlier,2024-11-26 21:45:43,0.744,Critical,284.99,800.0,Investigating,2023-03-30 01:54:33,2020-08-15 07:43:57,Isolation Forest
1451,9,292,3,30,Pore Pressure Spike,2021-11-12 13:21:02,0.616,Low,475.03,4217.7,Resolved,2018-06-16 12:22:43,2024-07-26 17:16:10,Rule-Based
1452,240,27,5,45,Seismic Signal,2021-12-12 12:52:45,0.825,High,328.03,492.0,Investigating,2021-10-16 09:08:30,2018-08-14 15:05:02,Statistical
1453,19,246,2,22,Rainfall Anomaly,2021-12-08 14:59:28,0.984,Medium,177.33,23.3,False Alarm,2024-03-19 15:07:36,2024-03-28 01:01:51,Isolation Forest
1454,111,195,2,15,Seismic Signal,2023-04-12 12:05:57,0.713,High,412.99,2957.6,Open,2020-03-13 02:30:41,2022-04-13 16:13:29,Statistical
1455,110,305,3,28,Rainfall Anomaly,2020-12-25 18:02:27,0.827,Medium,239.4,2338.3,False Alarm,2023-06-24 09:47:50,2020-06-07 07:24:33,Rule-Based
1456,91,161,7,55,Slope Deformation,2022-09-22 08:49:18,0.878,Critical,244.68,861.2,Open,2019-04-03 11:49:17,2020-08-11 23:41:19,Rule-Based
1457,273,164,2,22,Sudden Displacement,2020-12-27 23:08:16,0.606,Medium,427.69,4809.6,Open,2021-03-22 14:32:37,2023-11-05 11:44:09,Isolation Forest
1458,18,370,1,6,Rainfall Anomaly,2019-04-20 05:14:28,0.835,Medium,256.65,4435.5,Investigating,2024-03-16 21:47:05,2019-10-21 01:47:54,LSTM Autoencoder
1459,65,307,3,32,Slope Deformation,2022-03-17 18:02:30,0.505,Critical,122.92,4494.4,False Alarm,2020-03-25 07:18:57,2023-05-13 14:28:06,Isolation Forest
1460,282,7,2,21,Rainfall Anomaly,2024-10-14 15:53:33,0.686,Low,324.74,3197.8,False Alarm,2023-01-19 18:47:37,2018-11-16 01:43:32,Rule-Based
1461,135,170,6,49,Seismic Signal,2021-04-18 08:58:51,0.742,Low,226.51,1692.8,Open,2022-07-31 11:39:28,2021-07-15 06:11:45,Rule-Based
1462,114,274,3,30,Sudden Displacement,2019-12-13 23:57:25,0.571,Critical,231.78,3562.6,False Alarm,2018-07-25 15:15:39,2019-07-17 18:30:22,Rule-Based
1463,11,84,1,2,Sudden Displacement,2021-05-23 19:29:44,0.791,Critical,390.14,3109.9,False Alarm,2024-03-01 16:44:14,2024-07-28 00:49:54,Rule-Based
1464,105,220,1,8,Slope Deformation,2023-04-29 13:15:19,0.816,Low,404.57,4816.7,Investigating,2018-09-30 19:15:38,2019-01-06 09:26:09,Rule-Based
1465,148,408,2,22,Vegetation Loss,2020-10-12 23:55:31,0.84,High,377.66,1908.9,Resolved,2024-05-31 08:44:05,2019-04-05 06:54:26,Statistical
1466,104,448,2,18,Rainfall Anomaly,2020-05-25 10:26:56,0.832,Critical,103.85,3246.3,Resolved,2024-02-10 07:37:41,2021-09-26 10:59:58,Statistical
1467,267,412,1,3,Pore Pressure Spike,2019-08-14 02:31:42,0.557,Critical,417.61,302.4,Investigating,2022-04-17 08:53:15,2021-11-24 08:26:55,LSTM Autoencoder
1468,215,306,2,22,Ground Cracking,2018-01-29 07:16:43,0.98,High,105.95,2095.0,Resolved,2019-08-18 09:49:13,2024-12-30 17:01:40,Isolation Forest
1469,6,186,7,55,Sudden Displacement,2024-04-24 14:03:30,0.543,Critical,58.1,4677.8,False Alarm,2018-07-15 07:10:38,2023-08-31 20:33:05,Rule-Based
1470,34,350,4,35,Sudden Displacement,2024-11-14 19:58:54,0.955,Critical,221.8,1176.3,Investigating,2019-01-14 16:35:35,2021-06-05 02:50:03,Statistical
1471,198,18,3,29,Ground Cracking,2024-09-02 21:11:14,0.576,Medium,31.32,3847.5,Open,2021-11-24 11:56:03,2023-01-18 13:40:56,Statistical
1472,30,103,2,19,Slope Deformation,2022-06-10 22:28:51,0.585,Critical,28.68,2583.2,Investigating,2020-11-30 23:42:13,2019-05-11 01:13:34,Rule-Based
1473,236,133,4,35,Sudden Displacement,2024-12-03 20:18:50,0.85,Critical,112.48,1542.9,Investigating,2024-01-26 19:06:56,2023-09-14 00:04:56,Isolation Forest
1474,181,115,8,59,Rainfall Anomaly,2018-11-06 23:35:16,0.843,Low,59.61,2812.2,False Alarm,2023-04-17 12:09:12,2022-06-20 10:06:02,LSTM Autoencoder
1475,198,18,3,29,Pore Pressure Spike,2020-03-21 14:36:34,0.995,Critical,107.85,1849.9,False Alarm,2020-03-17 04:39:27,2023-11-18 19:27:49,LSTM Autoencoder
1476,206,186,7,55,Rainfall Anomaly,2021-06-01 00:46:11,0.6,High,292.8,2815.5,Investigating,2021-06-26 21:56:21,2022-09-25 15:38:35,LSTM Autoencoder
1477,110,305,3,28,Pore Pressure Spike,2019-10-23 07:54:07,0.552,High,273.85,2924.0,Resolved,2020-02-07 15:02:20,2019-11-07 04:37:39,LSTM Autoencoder
1478,299,420,2,16,Sensor Outlier,2020-02-18 05:39:07,0.924,Medium,475.2,1010.5,False Alarm,2021-04-02 05:43:02,2019-07-15 13:13:56,Rule-Based
1479,3,442,3,29,Slope Deformation,2024-10-02 03:58:33,0.925,Critical,391.78,3280.4,Open,2024-12-26 11:49:30,2022-05-15 20:48:38,Statistical
1480,164,18,2,17,Slope Deformation,2024-11-24 03:33:09,0.955,Critical,175.16,1831.7,Open,2024-09-03 10:16:59,2019-12-12 11:38:04,Isolation Forest
1481,16,291,3,23,Seismic Signal,2022-01-04 15:52:34,0.785,Low,466.0,4064.4,Investigating,2024-02-08 08:04:49,2022-07-02 23:39:15,Statistical
1482,291,171,7,56,Pore Pressure Spike,2020-06-17 18:21:14,0.802,Medium,48.73,826.2,False Alarm,2021-07-05 22:16:05,2019-10-30 07:37:48,LSTM Autoencoder
1483,197,117,8,61,Vegetation Loss,2019-06-01 20:45:57,0.586,High,327.3,4554.4,Resolved,2024-07-27 09:43:15,2020-04-23 08:52:34,Statistical
1484,251,133,7,56,Ground Cracking,2020-09-26 09:42:47,0.839,Critical,445.99,4153.5,Resolved,2018-06-14 20:14:49,2023-12-21 21:25:32,Statistical
1485,23,15,7,56,Sensor Outlier,2018-01-23 19:09:21,0.9,Medium,110.24,3502.3,Investigating,2023-09-27 06:33:14,2024-04-29 09:20:56,LSTM Autoencoder
1486,184,40,5,46,Sudden Displacement,2020-02-03 20:34:53,0.673,High,180.92,2310.6,False Alarm,2023-10-22 02:03:41,2021-03-30 12:36:24,Statistical
1487,72,414,1,5,Slope Deformation,2020-02-16 15:07:49,0.983,Low,71.39,3160.1,Resolved,2023-08-10 20:57:36,2020-11-02 17:28:32,Statistical
1488,91,161,7,55,Ground Cracking,2018-02-12 16:17:00,0.791,High,110.06,2305.2,Investigating,2021-06-30 16:13:47,2024-04-25 02:43:51,Statistical
1489,76,287,1,11,Sudden Displacement,2019-10-16 05:36:36,0.66,Low,258.51,3382.0,Investigating,2020-09-23 12:31:18,2021-02-05 19:23:11,Isolation Forest
1490,226,28,3,26,Sudden Displacement,2019-03-07 14:42:28,0.752,Critical,9.34,1235.8,False Alarm,2024-03-23 18:05:00,2019-03-07 11:12:18,Rule-Based
1491,227,215,2,16,Sensor Outlier,2020-12-06 09:24:33,0.618,Critical,356.75,4212.3,Open,2022-05-22 09:23:41,2020-01-06 19:11:12,Statistical
1492,104,448,2,18,Sudden Displacement,2022-01-23 22:15:33,0.814,Medium,435.52,3993.5,Investigating,2018-01-21 07:11:15,2019-07-19 23:42:01,LSTM Autoencoder
1493,267,412,1,3,Sensor Outlier,2019-01-31 00:32:39,0.809,High,19.87,3718.2,Resolved,2021-10-05 21:00:15,2022-10-05 11:47:03,Rule-Based
1494,178,262,1,11,Rainfall Anomaly,2022-05-31 02:33:10,0.722,Low,318.64,4358.0,Investigating,2022-10-23 20:34:50,2023-11-11 15:00:26,Rule-Based
1495,268,41,5,43,Sensor Outlier,2024-07-05 08:15:29,0.573,Medium,128.35,1639.2,False Alarm,2018-06-08 15:44:03,2019-02-21 11:25:42,LSTM Autoencoder
1496,95,76,2,16,Vegetation Loss,2023-04-04 14:11:45,0.503,Low,26.56,4287.9,Open,2022-12-29 22:34:30,2022-01-03 05:02:46,Statistical
1497,279,318,1,3,Sudden Displacement,2022-02-27 07:02:04,0.698,Low,316.88,218.2,False Alarm,2020-02-18 00:54:20,2022-01-17 01:07:32,LSTM Autoencoder
1498,168,467,5,44,Seismic Signal,2022-05-13 07:15:46,0.519,High,215.3,4934.2,Investigating,2018-04-19 18:29:09,2022-09-23 21:34:58,Isolation Forest
1499,240,27,5,45,Vegetation Loss,2024-04-09 07:41:34,0.703,Low,6.88,3645.6,Resolved,2022-02-16 17:02:39,2024-10-23 18:16:39,Statistical
1500,162,340,5,45,Pore Pressure Spike,2020-11-12 19:26:23,0.925,High,426.78,4763.0,Investigating,2021-06-06 11:26:45,2024-06-15 05:07:36,Rule-Based
1501,170,181,8,59,Rainfall Anomaly,2019-10-20 21:56:41,0.593,Medium,77.95,884.3,Investigating,2018-09-22 05:24:12,2019-12-29 08:28:16,Isolation Forest
1502,182,298,3,23,Rainfall Anomaly,2024-04-10 22:23:41,0.806,Medium,403.73,735.7,Open,2019-07-02 17:47:42,2022-11-15 05:31:24,Statistical
1503,36,212,3,25,Sensor Outlier,2021-05-13 12:09:31,0.607,Critical,403.46,1475.6,Open,2023-05-14 14:32:33,2022-10-21 07:26:51,Statistical
1504,162,340,5,45,Slope Deformation,2018-12-27 20:23:06,0.846,High,116.47,1262.7,Open,2023-08-19 17:21:59,2020-07-14 23:50:52,Rule-Based
1505,56,415,6,50,Slope Deformation,2021-09-19 15:24:31,0.544,Low,379.56,529.4,Resolved,2020-11-15 21:50:17,2018-05-25 22:24:26,Statistical
1506,258,487,7,56,Sensor Outlier,2018-06-13 15:28:38,0.621,Critical,141.26,4901.1,Investigating,2021-01-29 09:58:12,2021-04-05 13:13:25,LSTM Autoencoder
1507,16,291,3,23,Sensor Outlier,2022-07-05 06:20:03,0.95,Critical,173.36,3779.2,False Alarm,2024-10-23 04:34:37,2020-04-01 22:33:48,LSTM Autoencoder
1508,88,439,6,54,Rainfall Anomaly,2023-01-08 08:55:49,0.607,Low,256.04,1027.5,Resolved,2019-07-26 12:33:33,2021-03-11 20:56:10,Isolation Forest
1509,53,467,4,34,Vegetation Loss,2022-01-06 18:22:20,0.945,Low,26.03,4443.5,False Alarm,2021-04-26 14:18:15,2019-08-28 21:08:31,LSTM Autoencoder
1510,150,261,3,32,Vegetation Loss,2022-10-05 16:44:43,0.549,High,393.3,4806.6,False Alarm,2019-11-18 09:11:27,2019-08-16 18:04:38,Rule-Based
1511,284,199,1,5,Sensor Outlier,2020-05-31 16:43:59,0.718,High,298.19,267.4,Open,2020-02-25 01:43:52,2020-09-17 11:10:52,Rule-Based
1512,177,75,3,26,Sensor Outlier,2018-02-01 23:52:53,0.601,Medium,298.15,2538.1,False Alarm,2023-02-25 12:15:10,2021-02-12 10:28:51,Statistical
1513,227,215,2,16,Seismic Signal,2024-03-14 04:16:56,0.872,Medium,372.33,2054.7,Investigating,2020-07-22 19:58:01,2022-04-27 21:11:24,Isolation Forest
1514,217,436,2,15,Pore Pressure Spike,2019-03-05 20:31:28,0.5,Medium,484.46,1586.6,Resolved,2021-12-17 08:42:36,2022-12-09 14:47:07,LSTM Autoencoder
1515,55,443,4,36,Slope Deformation,2020-05-07 21:43:08,0.752,High,97.67,2391.1,Open,2018-12-07 16:21:11,2019-08-19 15:17:52,Rule-Based
1516,176,386,1,5,Sensor Outlier,2021-06-18 18:15:33,0.728,High,88.57,3223.0,False Alarm,2021-11-11 07:41:46,2019-01-19 00:06:35,Statistical
1517,125,84,5,46,Ground Cracking,2023-05-31 14:42:40,0.788,Low,48.76,28.2,Resolved,2023-10-14 03:32:47,2023-11-11 03:56:59,Isolation Forest
1518,96,134,3,30,Slope Deformation,2018-04-15 19:20:37,0.995,Medium,497.46,2972.8,Open,2021-09-11 07:56:56,2019-01-24 03:48:13,Statistical
1519,223,79,7,56,Vegetation Loss,2023-08-09 16:26:58,0.772,Medium,368.62,1572.8,False Alarm,2021-04-05 02:31:42,2020-03-20 03:35:08,LSTM Autoencoder
1520,60,207,1,11,Pore Pressure Spike,2019-10-27 10:39:30,0.728,High,171.87,4745.9,False Alarm,2024-01-17 16:25:40,2023-08-12 11:39:29,LSTM Autoencoder
1521,271,247,7,56,Ground Cracking,2022-07-04 04:56:27,0.918,Medium,196.83,1776.4,Resolved,2018-05-14 15:42:16,2022-04-27 23:25:21,Statistical
1522,293,235,7,55,Ground Cracking,2021-05-21 13:35:43,0.863,Low,288.69,3648.6,False Alarm,2022-09-01 17:40:46,2019-01-31 17:53:51,Statistical
1523,158,493,8,61,Rainfall Anomaly,2020-04-07 21:40:25,0.882,Low,460.11,660.6,Investigating,2023-05-09 09:42:47,2019-09-22 14:44:01,Statistical
1524,9,292,3,30,Pore Pressure Spike,2024-12-26 01:53:50,0.74,High,171.31,4072.0,False Alarm,2018-08-09 12:02:12,2023-09-06 16:04:04,Isolation Forest
1525,185,138,5,46,Rainfall Anomaly,2024-11-19 16:36:19,0.826,Critical,367.37,4994.6,Investigating,2018-05-28 23:24:53,2022-08-01 09:29:29,LSTM Autoencoder
1526,130,291,6,51,Seismic Signal,2023-10-14 23:32:04,0.564,High,393.39,3475.7,Open,2023-08-30 14:32:25,2023-05-30 23:04:07,LSTM Autoencoder
1527,268,41,5,43,Sudden Displacement,2019-08-02 02:11:10,0.99,Medium,243.26,865.4,Resolved,2023-07-12 08:19:26,2023-11-16 12:12:48,Rule-Based
1528,28,410,7,56,Rainfall Anomaly,2020-01-26 23:34:09,0.812,High,331.45,3339.3,Resolved,2024-08-04 19:49:34,2022-12-06 07:09:34,Isolation Forest
1529,63,342,1,6,Vegetation Loss,2023-02-06 18:35:26,0.544,Low,376.32,1760.1,Open,2018-09-05 17:27:17,2024-03-21 21:24:29,Rule-Based
1530,128,79,3,23,Ground Cracking,2024-07-16 21:49:21,0.554,Critical,447.96,2364.3,False Alarm,2019-06-02 02:40:13,2024-11-17 16:07:08,LSTM Autoencoder
1531,15,343,5,40,Pore Pressure Spike,2024-03-15 10:14:41,0.729,Critical,414.25,1196.5,Open,2019-07-21 14:33:25,2023-12-10 22:16:12,Isolation Forest
1532,165,72,6,51,Rainfall Anomaly,2023-11-03 11:48:40,0.577,Critical,3.47,537.6,Investigating,2020-01-23 00:31:21,2023-10-03 20:18:13,Isolation Forest
1533,292,466,2,15,Vegetation Loss,2019-10-29 23:52:14,0.674,Low,271.14,2772.0,Investigating,2024-08-04 14:25:28,2020-10-27 09:34:01,Isolation Forest
1534,193,186,6,54,Slope Deformation,2021-11-04 02:55:22,0.57,Critical,188.84,4492.0,Resolved,2024-12-24 21:23:08,2024-09-24 11:42:11,LSTM Autoencoder
1535,78,354,3,30,Ground Cracking,2018-05-15 05:48:39,0.868,Low,449.19,694.4,Open,2022-10-13 11:12:29,2018-07-27 19:42:29,Rule-Based
1536,75,134,1,8,Ground Cracking,2018-11-09 07:50:22,0.698,Critical,27.57,2646.1,Investigating,2022-09-20 03:20:48,2021-10-04 11:55:06,Rule-Based
1537,148,408,2,22,Sensor Outlier,2021-08-04 13:19:39,0.84,Critical,171.83,1887.0,Investigating,2021-01-07 08:24:09,2018-12-10 18:59:17,LSTM Autoencoder
1538,143,33,3,24,Vegetation Loss,2024-08-08 22:07:06,0.748,Low,313.59,3762.8,Resolved,2023-01-02 09:34:56,2018-09-12 08:54:20,LSTM Autoencoder
1539,21,83,1,11,Ground Cracking,2022-03-18 20:50:23,0.588,Medium,494.83,4616.1,Investigating,2022-05-13 23:11:21,2021-02-11 00:48:18,Rule-Based
1540,290,191,2,18,Ground Cracking,2023-12-01 06:27:00,0.925,Low,469.67,2916.2,Resolved,2020-02-01 14:18:23,2022-12-29 16:38:38,Isolation Forest
1541,168,467,5,44,Rainfall Anomaly,2020-12-06 10:57:46,0.579,Critical,382.04,629.4,False Alarm,2019-02-17 13:08:37,2018-08-09 07:35:13,Rule-Based
1542,298,154,6,50,Ground Cracking,2022-09-27 19:47:50,0.585,Critical,146.87,3205.1,Open,2020-11-28 09:24:31,2023-01-17 03:30:15,Rule-Based
1543,239,441,8,61,Rainfall Anomaly,2021-06-20 10:17:37,0.818,High,178.04,203.2,False Alarm,2021-03-25 11:02:10,2018-02-21 20:55:06,Rule-Based
1544,250,373,6,51,Ground Cracking,2021-10-23 16:15:11,0.889,Medium,69.5,867.7,Investigating,2021-01-17 06:57:07,2019-10-26 05:33:00,Statistical
1545,158,493,8,61,Sensor Outlier,2021-05-12 20:18:11,0.65,Medium,369.67,1064.4,Open,2018-02-16 05:42:37,2022-09-05 13:19:52,Rule-Based
1546,113,360,4,34,Pore Pressure Spike,2022-08-26 23:06:36,0.847,Medium,440.98,2031.6,Investigating,2020-07-26 23:12:31,2024-08-28 01:03:10,LSTM Autoencoder
1547,230,436,6,47,Vegetation Loss,2020-11-05 04:37:15,0.863,Critical,452.48,4360.3,False Alarm,2023-08-03 17:12:46,2022-09-09 01:20:26,Rule-Based
1548,51,383,3,24,Sudden Displacement,2024-12-12 21:55:01,0.852,Low,401.53,4349.3,Resolved,2024-03-16 01:44:47,2020-03-18 06:37:10,LSTM Autoencoder
1549,284,199,1,5,Seismic Signal,2023-06-26 21:49:58,0.768,Medium,53.45,1259.6,Investigating,2019-02-23 03:07:35,2022-12-22 18:16:20,Rule-Based
1550,182,298,3,23,Vegetation Loss,2021-04-24 01:57:03,0.899,Low,477.54,199.8,Investigating,2024-02-19 10:40:31,2018-08-03 06:16:29,Statistical
1551,97,237,2,21,Pore Pressure Spike,2020-02-06 00:42:46,0.852,High,479.66,1600.5,False Alarm,2021-06-02 23:04:53,2020-04-20 13:27:44,Isolation Forest
1552,49,5,4,35,Vegetation Loss,2022-03-01 02:31:40,0.624,Critical,356.74,3432.6,Resolved,2021-08-24 04:44:55,2024-12-30 12:10:50,LSTM Autoencoder
1553,50,278,2,20,Pore Pressure Spike,2018-06-16 12:38:49,0.5,High,53.55,1715.2,Open,2021-06-08 22:29:23,2019-08-08 13:52:27,LSTM Autoencoder
1554,258,487,7,56,Pore Pressure Spike,2022-05-10 14:11:38,0.799,High,79.11,4392.4,Resolved,2018-09-07 17:06:14,2019-10-26 23:25:03,Isolation Forest
1555,85,247,7,56,Sensor Outlier,2021-07-23 05:01:09,0.707,Low,89.38,4001.3,Open,2022-05-26 15:20:43,2021-05-27 23:03:28,Rule-Based
1556,53,467,4,34,Vegetation Loss,2024-12-26 00:51:23,0.556,High,269.98,1757.6,Open,2021-06-10 05:51:29,2023-02-28 10:01:55,Rule-Based
1557,98,440,1,4,Pore Pressure Spike,2018-07-07 21:56:21,0.857,Low,287.12,2244.6,Investigating,2020-05-01 08:21:57,2019-10-20 18:47:54,Rule-Based
1558,20,360,7,56,Sudden Displacement,2022-01-24 13:59:00,0.859,High,166.77,2910.9,False Alarm,2020-07-23 07:24:09,2022-01-15 12:45:55,LSTM Autoencoder
1559,259,162,8,59,Rainfall Anomaly,2024-04-29 18:10:59,0.686,Critical,379.43,4181.9,Open,2020-11-19 23:03:29,2021-04-30 11:25:44,Rule-Based
1560,22,124,4,36,Sudden Displacement,2022-02-19 12:38:35,0.779,Critical,134.13,169.3,Resolved,2023-11-02 04:34:09,2020-12-08 22:17:28,LSTM Autoencoder
1561,265,356,5,43,Slope Deformation,2024-12-25 18:46:20,0.939,Critical,151.4,4557.8,Open,2020-04-11 04:04:04,2021-06-15 19:00:05,Rule-Based
1562,175,236,6,54,Pore Pressure Spike,2021-07-01 02:57:02,0.898,Medium,464.8,269.1,Investigating,2023-02-26 02:17:04,2020-03-18 04:37:21,LSTM Autoencoder
1563,47,499,6,51,Ground Cracking,2024-06-05 16:23:29,0.522,High,339.62,916.6,Investigating,2023-04-15 06:51:33,2023-07-26 21:20:09,Isolation Forest
1564,106,268,8,62,Seismic Signal,2024-12-27 23:34:50,0.736,Critical,489.0,1499.8,Investigating,2018-09-12 04:28:32,2022-04-14 04:04:19,Isolation Forest
1565,201,469,6,52,Vegetation Loss,2020-01-18 12:47:58,0.769,Low,166.55,1768.7,Investigating,2024-02-22 06:44:49,2018-04-13 16:24:55,Statistical
1566,4,456,7,56,Rainfall Anomaly,2020-02-07 19:34:21,0.572,Medium,80.6,3790.6,Investigating,2023-08-24 19:56:49,2020-01-03 02:08:41,Isolation Forest
1567,10,76,2,17,Sudden Displacement,2024-01-14 07:24:23,0.964,High,413.52,138.9,False Alarm,2019-04-21 16:42:42,2022-01-28 22:44:41,Rule-Based
1568,82,201,3,30,Pore Pressure Spike,2019-11-06 13:47:03,0.989,Critical,190.78,3396.2,Resolved,2022-01-01 17:44:24,2018-02-27 01:46:10,Rule-Based
1569,193,186,6,54,Rainfall Anomaly,2024-06-07 08:40:38,0.779,Medium,182.12,3304.3,False Alarm,2018-03-23 13:51:20,2021-07-24 02:28:39,Rule-Based
1570,34,350,4,35,Vegetation Loss,2023-07-23 11:11:02,0.923,Medium,473.42,4553.9,Investigating,2018-01-11 02:07:31,2024-11-22 19:25:59,Statistical
1571,129,214,2,14,Vegetation Loss,2021-03-01 21:29:57,0.541,Low,156.86,4193.2,Investigating,2024-09-19 18:08:07,2024-04-15 18:55:38,Statistical
1572,109,323,6,50,Pore Pressure Spike,2019-07-15 23:26:40,0.681,Low,443.1,3448.5,Open,2021-12-26 14:16:37,2018-08-02 12:41:27,Isolation Forest
1573,2,46,6,49,Rainfall Anomaly,2020-12-26 04:40:42,0.675,High,298.94,3193.1,False Alarm,2018-05-02 05:50:08,2019-04-19 17:28:57,Isolation Forest
1574,268,41,5,43,Rainfall Anomaly,2021-09-07 16:02:12,0.703,Low,254.75,1844.8,Open,2018-01-23 23:31:31,2021-08-09 03:36:57,Isolation Forest
1575,236,133,4,35,Slope Deformation,2018-04-13 04:53:38,0.863,Medium,133.14,3715.3,Open,2023-11-05 16:23:02,2021-12-17 15:25:33,Rule-Based
1576,1,242,6,54,Sensor Outlier,2024-07-14 19:30:43,0.813,High,442.07,4613.8,Resolved,2018-04-03 18:07:35,2024-12-28 03:30:56,Isolation Forest
1577,230,436,6,47,Sensor Outlier,2022-05-23 01:15:23,0.847,Low,150.64,897.7,Investigating,2024-12-12 06:32:43,2019-10-13 09:55:04,Statistical
1578,218,313,3,29,Seismic Signal,2024-08-03 12:37:19,0.559,Critical,492.15,784.4,Resolved,2018-07-29 02:12:06,2024-02-22 19:20:30,Isolation Forest
1579,116,432,4,34,Sudden Displacement,2020-11-09 09:23:57,0.554,Low,349.15,4051.4,Resolved,2022-06-26 07:39:55,2018-01-26 20:56:20,Isolation Forest
1580,233,348,8,62,Pore Pressure Spike,2018-02-10 21:52:44,0.97,Critical,88.28,2475.2,Resolved,2023-02-02 14:50:58,2024-01-06 13:45:31,Isolation Forest
1581,50,278,2,20,Seismic Signal,2022-09-10 08:04:51,0.973,Medium,229.77,1070.3,False Alarm,2018-03-07 08:46:10,2018-12-04 00:11:35,Isolation Forest
1582,5,236,2,20,Sudden Displacement,2021-06-23 14:56:12,0.518,Critical,16.19,3076.6,Resolved,2024-05-25 08:53:05,2023-04-01 06:42:30,Statistical
1583,273,164,2,22,Pore Pressure Spike,2024-06-08 19:15:25,0.746,Critical,338.27,4568.8,Resolved,2019-08-27 10:55:44,2018-06-16 07:08:24,Isolation Forest
1584,254,154,2,16,Slope Deformation,2020-05-03 01:18:24,0.533,Medium,144.41,2983.7,Resolved,2021-09-25 01:56:42,2021-11-22 14:31:23,Statistical
1585,184,40,5,46,Pore Pressure Spike,2022-07-01 16:44:09,0.509,Low,361.1,811.3,False Alarm,2019-11-25 08:41:37,2018-02-20 20:20:44,Isolation Forest
1586,120,461,2,19,Sensor Outlier,2024-09-28 17:04:16,0.621,Low,321.3,2572.2,Resolved,2018-11-11 18:29:15,2019-08-15 11:30:31,Statistical
1587,40,134,6,48,Pore Pressure Spike,2024-10-07 01:47:18,0.506,Critical,425.24,3721.7,False Alarm,2020-09-27 20:44:53,2021-06-17 10:32:42,LSTM Autoencoder
1588,89,267,1,11,Slope Deformation,2023-04-11 05:04:04,0.649,Low,200.5,3765.9,False Alarm,2019-07-28 04:24:49,2021-02-17 22:36:41,Statistical
1589,6,186,7,55,Sensor Outlier,2022-05-17 04:24:14,0.756,Low,397.23,664.3,Open,2024-09-01 13:14:07,2021-07-21 16:46:17,LSTM Autoencoder
1590,181,115,8,59,Seismic Signal,2020-07-16 13:17:28,0.904,Low,463.13,1957.0,False Alarm,2019-10-04 08:18:59,2018-11-02 04:18:38,LSTM Autoencoder
1591,63,342,1,6,Sensor Outlier,2023-11-14 01:46:01,0.554,Medium,421.97,3692.9,False Alarm,2021-07-26 02:38:16,2023-03-16 14:34:17,LSTM Autoencoder
1592,198,18,3,29,Ground Cracking,2024-07-09 22:24:43,0.681,Low,116.0,1255.9,Open,2020-11-09 07:01:27,2019-09-19 16:12:01,Statistical
1593,113,360,4,34,Sudden Displacement,2020-09-03 02:00:18,0.863,High,425.37,3080.4,False Alarm,2018-07-28 22:06:47,2024-02-09 06:36:57,Statistical
1594,46,477,2,17,Slope Deformation,2021-04-18 04:04:57,0.994,Medium,368.3,804.0,Investigating,2018-11-30 19:17:35,2020-10-03 19:08:46,Rule-Based
1595,162,340,5,45,Rainfall Anomaly,2020-05-21 14:22:11,0.894,Low,365.92,3354.0,Investigating,2019-12-01 06:44:24,2018-10-20 20:24:39,Isolation Forest
1596,81,203,3,29,Vegetation Loss,2019-04-21 11:00:50,0.577,High,296.62,663.3,Investigating,2020-08-13 18:17:39,2019-12-02 05:17:02,Isolation Forest
1597,253,358,7,56,Seismic Signal,2021-08-18 22:09:49,0.542,High,469.73,2988.0,Investigating,2023-09-27 22:31:37,2023-03-25 02:46:16,Statistical
1598,272,243,3,27,Ground Cracking,2019-10-01 15:42:19,0.626,Critical,103.83,475.9,False Alarm,2023-09-03 19:30:17,2022-04-28 00:57:14,Isolation Forest
1599,183,186,2,16,Vegetation Loss,2020-11-03 10:23:29,0.965,Critical,307.14,3920.2,Investigating,2018-03-18 22:07:22,2019-02-07 17:20:54,Isolation Forest
1600,137,66,2,17,Ground Cracking,2018-09-23 18:08:35,0.964,Low,189.49,4110.2,Resolved,2018-04-22 16:53:21,2023-12-10 19:33:15,Isolation Forest
1601,15,343,5,40,Sudden Displacement,2019-04-14 08:46:50,0.707,High,394.71,1440.7,False Alarm,2018-10-02 04:39:02,2024-04-29 11:00:11,Isolation Forest
1602,264,191,3,31,Vegetation Loss,2022-01-29 08:44:35,0.526,Critical,418.02,3044.6,Investigating,2018-06-12 20:58:50,2021-01-31 07:42:33,LSTM Autoencoder
1603,233,348,8,62,Seismic Signal,2020-10-27 06:07:46,0.541,Low,475.98,2821.2,Investigating,2023-03-08 15:13:13,2018-08-15 10:49:11,LSTM Autoencoder
1604,218,313,3,29,Ground Cracking,2020-06-11 04:42:12,0.683,Low,497.31,2889.4,Resolved,2019-12-12 06:16:29,2023-12-13 07:28:54,Isolation Forest
1605,29,399,7,56,Sudden Displacement,2022-03-04 05:42:42,0.534,Low,377.07,937.3,Investigating,2023-10-18 01:07:57,2021-03-19 09:36:37,Isolation Forest
1606,210,418,1,9,Vegetation Loss,2024-06-01 22:36:51,0.756,High,20.9,1290.6,Investigating,2019-07-26 19:49:32,2022-04-18 21:31:10,Statistical
1607,239,441,8,61,Vegetation Loss,2024-01-30 03:48:37,0.872,Low,286.36,3055.6,Investigating,2023-12-18 15:39:14,2018-03-25 04:14:35,Isolation Forest
1608,30,103,2,19,Slope Deformation,2020-11-02 18:45:55,0.794,Low,346.26,3854.1,Investigating,2024-11-10 09:45:18,2024-06-02 09:42:11,LSTM Autoencoder
1609,4,456,7,56,Seismic Signal,2019-06-27 06:20:01,0.538,Low,489.99,817.2,False Alarm,2022-11-06 06:19:00,2022-04-14 21:48:07,LSTM Autoencoder
1610,107,409,7,56,Sensor Outlier,2023-09-27 14:08:57,0.879,Medium,328.52,398.2,False Alarm,2021-11-22 11:53:15,2022-03-20 11:53:26,Rule-Based
1611,211,464,6,50,Sensor Outlier,2020-09-15 14:23:33,0.7,Low,262.23,4545.1,Open,2019-10-01 19:56:11,2019-08-16 19:49:41,Statistical
1612,207,168,4,39,Ground Cracking,2021-12-22 09:59:21,0.524,Low,129.9,932.2,Investigating,2021-04-27 15:37:19,2019-02-26 01:48:22,Rule-Based
1613,257,95,1,11,Sudden Displacement,2024-09-09 12:13:21,0.911,Low,75.24,2601.4,Open,2018-08-13 04:16:31,2022-05-31 01:34:18,Rule-Based
1614,281,435,8,59,Ground Cracking,2020-04-13 11:21:16,0.731,Low,401.11,151.8,Open,2024-10-24 03:18:44,2021-05-06 20:56:47,LSTM Autoencoder
1615,262,401,6,51,Sudden Displacement,2023-07-04 04:40:34,0.846,High,311.11,2251.9,Resolved,2020-10-17 12:28:08,2023-10-21 21:26:02,Rule-Based
1616,178,262,1,11,Ground Cracking,2021-10-20 04:46:58,0.522,Medium,253.42,3435.7,Resolved,2018-12-01 22:47:57,2023-09-01 01:27:14,Isolation Forest
1617,283,82,3,30,Sensor Outlier,2019-11-15 04:46:04,0.697,Low,462.81,1128.2,Resolved,2023-02-26 01:23:53,2020-10-08 21:49:17,Isolation Forest
1618,224,490,3,24,Sudden Displacement,2023-09-16 15:41:27,0.995,Low,228.55,119.5,Open,2019-11-06 04:17:18,2022-09-03 18:37:33,Statistical
1619,16,291,3,23,Ground Cracking,2018-10-30 16:00:41,0.873,High,209.33,215.6,Investigating,2023-10-30 21:49:04,2023-02-10 03:04:41,Isolation Forest
1620,35,123,4,39,Rainfall Anomaly,2022-10-07 04:38:43,0.596,High,409.32,4313.0,Investigating,2020-01-27 02:14:38,2019-07-02 05:03:44,Rule-Based
1621,168,467,5,44,Sudden Displacement,2020-11-26 00:03:17,0.668,High,101.15,4873.3,Open,2018-09-09 14:49:22,2019-07-19 08:10:47,Statistical
1622,298,154,6,50,Sensor Outlier,2019-10-19 10:48:04,0.77,Critical,55.84,1225.2,False Alarm,2019-02-07 22:43:58,2022-12-20 06:40:35,LSTM Autoencoder
1623,202,12,1,3,Sudden Displacement,2021-09-25 20:23:37,0.903,Low,352.08,2770.3,Resolved,2021-01-06 15:03:38,2022-06-11 15:04:04,LSTM Autoencoder
1624,13,265,3,23,Pore Pressure Spike,2019-04-06 03:21:44,0.867,Low,144.84,1905.8,Resolved,2023-01-01 04:18:36,2018-12-21 02:26:51,LSTM Autoencoder
1625,21,83,1,11,Ground Cracking,2020-07-28 01:53:39,0.664,Low,96.66,1817.7,Resolved,2022-06-11 07:27:16,2021-01-01 07:09:45,LSTM Autoencoder
1626,153,220,3,27,Ground Cracking,2021-11-06 15:49:15,0.764,Low,289.85,1854.8,Open,2024-09-10 22:50:14,2018-03-27 10:05:02,Statistical
1627,167,358,2,22,Ground Cracking,2023-07-04 07:30:44,0.959,Low,493.65,4375.3,Resolved,2020-08-02 20:38:58,2021-04-18 03:25:45,LSTM Autoencoder
1628,5,236,2,20,Seismic Signal,2021-12-01 03:25:00,0.978,Low,17.18,4486.9,Investigating,2021-09-10 03:00:55,2021-03-12 03:11:01,Statistical
1629,14,405,5,46,Rainfall Anomaly,2023-08-18 17:06:32,0.92,High,277.3,3298.0,False Alarm,2018-04-18 17:40:09,2024-03-08 02:18:43,LSTM Autoencoder
1630,211,464,6,50,Seismic Signal,2019-02-26 23:52:07,0.913,Medium,115.69,130.6,Resolved,2021-07-13 07:45:14,2021-09-21 04:42:33,Statistical
1631,38,69,1,3,Sudden Displacement,2019-05-14 16:39:59,0.761,Critical,422.55,2952.8,Resolved,2020-04-30 05:02:39,2019-05-06 08:48:17,Statistical
1632,286,185,3,27,Sudden Displacement,2021-12-20 18:17:43,0.732,Low,461.86,4721.1,Resolved,2018-02-01 07:26:51,2020-02-14 09:24:18,Isolation Forest
1633,91,161,7,55,Ground Cracking,2024-12-17 21:31:20,0.83,High,112.89,3162.0,Resolved,2018-05-01 15:38:25,2024-01-10 15:53:10,Rule-Based
1634,255,45,5,44,Slope Deformation,2018-06-19 16:59:20,0.512,Medium,122.24,2890.9,Resolved,2021-07-08 05:15:20,2024-05-09 00:24:38,LSTM Autoencoder
1635,137,66,2,17,Seismic Signal,2021-06-25 09:05:42,0.554,Medium,269.41,2911.1,Resolved,2020-12-13 05:50:31,2023-08-18 16:30:34,Isolation Forest
1636,132,31,1,8,Seismic Signal,2018-01-20 20:56:52,0.894,Low,33.43,3036.5,Open,2024-05-24 01:25:24,2018-06-02 14:46:32,Statistical
1637,93,271,5,44,Pore Pressure Spike,2018-03-04 22:54:36,0.921,High,406.74,1521.4,Investigating,2022-08-27 23:29:59,2023-10-06 10:42:36,Rule-Based
1638,56,415,6,50,Seismic Signal,2024-03-15 02:56:42,0.542,Low,179.76,31.9,Open,2024-10-09 20:53:44,2021-02-21 05:53:35,Statistical
1639,163,273,6,50,Pore Pressure Spike,2023-03-24 03:37:36,0.513,Low,223.44,3605.9,Open,2023-12-22 12:33:10,2022-02-10 18:30:16,LSTM Autoencoder
1640,231,83,6,47,Rainfall Anomaly,2018-08-05 04:36:23,0.732,Critical,66.28,2184.8,Investigating,2023-12-09 23:05:14,2021-10-01 14:01:38,Statistical
1641,16,291,3,23,Rainfall Anomaly,2019-11-28 06:08:15,0.894,High,88.37,1572.1,Resolved,2021-09-20 06:13:04,2024-02-21 16:51:00,Rule-Based
1642,89,267,1,11,Slope Deformation,2023-04-26 14:08:29,0.711,Critical,453.63,3899.4,False Alarm,2021-05-04 05:11:54,2024-09-14 19:35:46,Statistical
1643,177,75,3,26,Ground Cracking,2022-05-20 10:43:12,0.901,Low,185.8,3396.4,Resolved,2019-04-02 17:18:58,2019-09-09 06:08:47,Statistical
1644,138,138,6,53,Pore Pressure Spike,2024-08-03 14:36:39,0.838,Low,143.99,324.9,False Alarm,2019-11-22 10:12:33,2019-01-18 21:55:47,Statistical
1645,50,278,2,20,Seismic Signal,2018-05-14 01:24:15,0.879,Critical,340.65,2792.8,Investigating,2019-06-05 22:54:14,2021-11-02 23:09:34,Isolation Forest
1646,97,237,2,21,Sensor Outlier,2018-01-30 20:42:11,0.509,Critical,277.79,3687.3,False Alarm,2020-04-08 18:21:42,2023-06-08 00:01:51,Isolation Forest
1647,119,276,1,3,Seismic Signal,2024-12-21 19:06:49,0.74,Low,230.26,909.3,Resolved,2024-08-18 21:16:27,2021-08-02 09:48:53,Rule-Based
1648,143,33,3,24,Pore Pressure Spike,2023-04-02 04:00:08,0.617,Low,360.32,1790.1,Open,2024-03-28 18:55:11,2024-01-09 09:14:22,Statistical
1649,173,435,2,18,Pore Pressure Spike,2023-08-27 22:28:38,0.775,High,218.95,2086.8,False Alarm,2023-08-17 21:55:43,2021-12-02 13:35:01,Rule-Based
1650,100,42,1,5,Rainfall Anomaly,2020-08-12 04:54:42,0.869,High,21.3,4757.2,Resolved,2023-10-11 13:31:43,2023-03-09 18:36:16,Statistical
1651,16,291,3,23,Ground Cracking,2023-08-26 10:28:12,0.802,High,51.83,3740.7,Open,2023-05-09 09:43:09,2019-02-14 16:43:23,Statistical
1652,21,83,1,11,Pore Pressure Spike,2024-03-16 10:43:33,0.597,Critical,34.86,401.8,Investigating,2020-09-18 21:50:02,2021-05-05 20:15:18,Isolation Forest
1653,253,358,7,56,Vegetation Loss,2018-09-02 10:20:36,0.899,Critical,143.96,265.9,Investigating,2020-11-15 09:48:39,2023-01-19 11:07:56,LSTM Autoencoder
1654,92,468,3,28,Pore Pressure Spike,2021-08-09 11:18:35,0.555,Low,228.35,4854.8,Resolved,2018-04-06 14:29:19,2021-07-19 18:14:54,LSTM Autoencoder
1655,75,134,1,8,Vegetation Loss,2023-11-07 15:23:42,0.69,Low,340.37,4736.3,Resolved,2020-11-26 04:14:01,2020-03-12 15:55:04,LSTM Autoencoder
1656,179,374,4,39,Pore Pressure Spike,2019-04-09 23:43:41,0.764,Low,326.25,1444.6,Resolved,2021-12-17 08:48:18,2018-10-15 12:04:33,Rule-Based
1657,129,214,2,14,Slope Deformation,2023-03-22 14:18:54,0.528,Low,31.02,4430.7,Open,2024-04-02 22:52:12,2023-07-23 08:38:06,LSTM Autoencoder
1658,42,189,7,58,Ground Cracking,2019-04-17 15:39:02,0.916,Critical,374.78,3931.1,Investigating,2021-02-17 02:42:46,2022-05-18 03:38:54,Rule-Based
1659,79,52,1,12,Pore Pressure Spike,2022-08-20 18:40:15,0.808,Low,438.94,4234.4,False Alarm,2021-11-30 14:39:57,2018-04-10 19:14:22,LSTM Autoencoder
1660,19,246,2,22,Pore Pressure Spike,2024-02-05 05:30:00,0.572,Critical,342.75,2494.9,Investigating,2024-12-22 14:21:57,2022-11-13 05:28:24,Rule-Based
1661,241,369,2,16,Sensor Outlier,2020-03-05 10:31:28,0.893,Low,284.24,623.4,Investigating,2018-08-06 22:44:47,2019-02-15 23:42:46,LSTM Autoencoder
1662,106,268,8,62,Sensor Outlier,2022-01-05 03:01:57,0.533,High,222.82,3415.2,Resolved,2023-08-04 19:33:51,2022-07-22 20:47:17,LSTM Autoencoder
1663,210,418,1,9,Slope Deformation,2018-06-04 05:01:02,0.555,High,90.12,2604.2,Investigating,2024-03-29 13:48:24,2023-05-01 14:46:31,Statistical
1664,25,363,1,9,Sudden Displacement,2024-11-23 08:03:42,0.512,Critical,406.95,4543.2,Investigating,2020-09-14 20:06:34,2023-06-12 05:14:06,Isolation Forest
1665,138,138,6,53,Pore Pressure Spike,2021-12-20 17:00:22,0.701,Medium,468.69,320.9,Open,2022-09-03 06:01:02,2024-06-24 23:42:23,Rule-Based
1666,129,214,2,14,Ground Cracking,2024-03-25 11:23:59,0.63,Medium,37.93,2607.9,Resolved,2021-10-08 08:23:08,2018-01-23 00:25:55,Isolation Forest
1667,196,140,7,55,Ground Cracking,2024-11-01 18:59:16,0.625,Low,323.96,1094.0,False Alarm,2023-05-12 05:04:12,2022-05-12 20:13:00,Statistical
1668,57,447,2,16,Sudden Displacement,2022-12-04 19:56:59,0.833,Critical,288.2,2330.3,Resolved,2022-09-24 15:40:19,2019-05-18 17:59:59,Rule-Based
1669,133,455,5,43,Slope Deformation,2023-05-22 21:17:56,0.648,Critical,40.36,3807.9,Open,2024-01-12 02:35:35,2023-08-16 10:46:00,Rule-Based
1670,272,243,3,27,Seismic Signal,2023-01-26 23:27:58,0.614,Medium,59.4,426.0,Open,2022-08-23 01:13:22,2022-06-16 13:19:52,Statistical
1671,271,247,7,56,Sudden Displacement,2021-04-10 13:35:27,0.758,Critical,278.14,2407.3,False Alarm,2023-03-30 01:22:50,2022-10-13 21:24:08,Rule-Based
1672,140,432,1,6,Slope Deformation,2024-02-08 08:20:55,0.985,High,266.05,1571.2,False Alarm,2018-09-19 22:56:02,2022-08-16 05:40:10,LSTM Autoencoder
1673,259,162,8,59,Pore Pressure Spike,2024-06-13 17:31:40,0.906,Low,180.23,3113.9,Investigating,2022-01-16 18:13:48,2021-02-26 16:35:49,Rule-Based
1674,227,215,2,16,Slope Deformation,2022-04-23 11:17:03,0.595,Medium,176.75,4140.1,Resolved,2020-10-15 02:38:21,2020-03-16 22:16:43,LSTM Autoencoder
1675,203,207,3,26,Seismic Signal,2022-06-02 05:39:09,0.795,Low,384.34,4047.1,Investigating,2022-05-09 13:26:09,2018-06-26 06:20:59,Statistical
1676,82,201,3,30,Sudden Displacement,2023-03-11 09:50:41,0.506,Low,279.44,955.5,Resolved,2019-01-11 22:34:24,2018-09-09 12:49:12,LSTM Autoencoder
1677,180,204,3,25,Sudden Displacement,2022-09-28 10:40:16,0.76,Low,100.95,2389.2,Investigating,2023-06-21 09:01:32,2018-11-15 05:24:07,Statistical
1678,73,405,2,19,Pore Pressure Spike,2022-08-25 05:27:01,0.633,Low,429.67,3299.4,Open,2022-08-19 19:06:08,2024-06-25 05:58:41,Rule-Based
1679,254,154,2,16,Ground Cracking,2023-08-23 17:58:29,0.949,High,356.64,4941.5,False Alarm,2022-12-04 22:11:19,2019-03-14 20:05:43,Statistical
1680,220,36,6,54,Rainfall Anomaly,2023-12-16 22:28:51,0.632,Critical,263.51,2667.0,Investigating,2022-07-22 14:58:57,2022-03-06 16:14:52,LSTM Autoencoder
1681,19,246,2,22,Sensor Outlier,2024-11-04 23:12:21,0.916,High,122.99,67.9,False Alarm,2018-01-06 22:25:50,2020-08-09 23:42:29,Rule-Based
1682,292,466,2,15,Slope Deformation,2020-11-14 23:02:29,0.626,Medium,125.36,1761.4,Investigating,2022-04-04 09:06:45,2021-11-20 12:27:15,Isolation Forest
1683,96,134,3,30,Vegetation Loss,2022-01-30 01:49:00,0.81,Low,418.78,47.1,Investigating,2023-06-19 10:38:01,2020-09-28 12:48:36,LSTM Autoencoder
1684,297,202,3,31,Seismic Signal,2020-06-19 19:43:53,0.688,Critical,9.72,1665.5,Investigating,2020-11-30 04:12:44,2019-08-11 13:23:51,LSTM Autoencoder
1685,191,352,3,25,Pore Pressure Spike,2020-07-05 16:29:01,0.938,High,275.26,4453.9,Investigating,2021-03-29 15:50:37,2020-07-20 12:58:51,LSTM Autoencoder
1686,30,103,2,19,Ground Cracking,2021-04-01 06:48:09,0.845,Critical,51.35,1168.1,False Alarm,2023-07-10 11:47:11,2023-03-05 23:49:44,Statistical
1687,3,442,3,29,Rainfall Anomaly,2020-05-14 09:30:08,0.909,Low,173.88,2650.3,Open,2024-12-27 07:58:38,2019-02-28 15:48:38,Isolation Forest
1688,133,455,5,43,Sudden Displacement,2018-02-15 12:03:45,0.792,Medium,176.54,2105.3,Investigating,2023-12-28 09:03:28,2018-05-11 17:30:12,LSTM Autoencoder
1689,83,421,1,12,Rainfall Anomaly,2018-08-23 16:59:41,0.653,Low,385.56,4444.2,Investigating,2020-12-15 17:52:23,2019-03-03 17:19:22,Isolation Forest
1690,143,33,3,24,Seismic Signal,2018-10-25 03:12:47,0.779,Medium,384.65,2899.6,False Alarm,2018-01-28 23:12:07,2024-06-15 06:53:50,Rule-Based
1691,157,445,4,39,Sensor Outlier,2023-12-22 20:24:49,0.529,High,246.46,1301.7,Resolved,2024-05-10 21:08:48,2023-12-14 18:59:09,LSTM Autoencoder
1692,128,79,3,23,Sudden Displacement,2018-02-15 14:01:54,0.562,Medium,473.04,1488.4,Investigating,2020-04-13 23:07:32,2023-04-21 12:39:00,Rule-Based
1693,65,307,3,32,Pore Pressure Spike,2018-08-09 22:10:53,0.782,Medium,191.42,4198.7,Investigating,2019-11-10 10:32:40,2021-07-03 20:55:31,LSTM Autoencoder
1694,298,154,6,50,Rainfall Anomaly,2021-01-09 18:11:39,0.882,High,97.82,3404.3,Open,2018-06-19 21:34:36,2018-09-26 17:14:48,Isolation Forest
1695,94,201,3,30,Rainfall Anomaly,2024-01-25 00:26:49,0.834,High,349.03,1644.3,Open,2020-10-21 00:19:03,2024-08-23 15:25:49,LSTM Autoencoder
1696,170,181,8,59,Pore Pressure Spike,2021-06-27 21:16:02,0.615,Critical,125.74,3430.2,False Alarm,2022-07-30 13:01:58,2023-12-09 02:12:32,LSTM Autoencoder
1697,267,412,1,3,Seismic Signal,2018-10-09 07:12:40,0.696,Critical,447.87,3993.4,Resolved,2021-06-28 12:10:07,2018-08-11 10:18:36,Rule-Based
1698,156,18,6,51,Pore Pressure Spike,2019-05-18 08:59:13,0.679,High,365.6,3767.6,Resolved,2023-04-20 14:53:39,2018-10-13 15:29:01,LSTM Autoencoder
1699,145,265,3,28,Vegetation Loss,2019-06-25 14:30:15,0.974,Critical,177.37,2139.3,Open,2024-01-07 21:10:15,2023-10-05 09:10:32,Statistical
1700,80,242,2,22,Seismic Signal,2022-04-05 17:04:00,0.674,High,157.74,4880.7,Investigating,2023-02-01 09:59:20,2018-08-28 08:43:22,LSTM Autoencoder
1701,244,246,5,45,Pore Pressure Spike,2024-01-08 21:56:32,0.837,Low,268.69,167.6,Investigating,2024-10-04 21:34:47,2022-02-23 15:55:35,Isolation Forest
1702,47,499,6,51,Rainfall Anomaly,2021-01-28 14:57:11,0.744,High,29.65,1135.5,Open,2021-08-03 09:45:17,2023-11-24 11:38:15,Isolation Forest
1703,64,444,8,59,Ground Cracking,2019-11-09 19:03:11,0.779,Critical,63.09,872.5,False Alarm,2024-11-26 16:07:55,2024-11-27 03:16:31,LSTM Autoencoder
1704,62,298,6,47,Vegetation Loss,2022-06-24 04:57:51,0.853,High,201.88,4769.9,False Alarm,2019-03-14 14:52:29,2023-02-11 06:29:11,Statistical
1705,266,241,3,31,Slope Deformation,2024-01-05 07:09:06,0.995,Low,445.06,4691.9,False Alarm,2023-11-18 05:49:06,2018-03-19 02:25:28,Isolation Forest
1706,138,138,6,53,Vegetation Loss,2020-06-12 07:03:30,0.694,Critical,137.69,2321.8,Investigating,2022-03-13 10:52:31,2021-12-01 06:29:46,LSTM Autoencoder
1707,227,215,2,16,Pore Pressure Spike,2019-03-29 19:46:44,0.792,High,405.8,4607.6,Open,2024-01-15 13:35:08,2019-02-19 09:24:31,Rule-Based
1708,167,358,2,22,Seismic Signal,2022-05-23 22:10:36,0.572,Low,203.34,1310.1,Resolved,2021-10-07 06:09:45,2019-05-02 11:10:12,LSTM Autoencoder
1709,235,119,2,17,Slope Deformation,2020-10-30 08:38:59,0.895,High,197.0,4063.0,Resolved,2020-05-09 06:04:21,2023-05-28 14:53:49,Isolation Forest
1710,100,42,1,5,Vegetation Loss,2020-11-22 17:57:27,0.641,Medium,113.0,3331.9,False Alarm,2023-11-21 15:54:03,2023-01-30 13:27:11,Rule-Based
1711,275,453,3,25,Pore Pressure Spike,2022-12-23 10:42:04,0.639,Low,305.0,1576.7,Investigating,2023-11-22 15:51:20,2020-12-02 07:45:02,Statistical
1712,61,71,5,46,Ground Cracking,2018-04-03 02:47:49,0.843,Low,298.41,2453.8,False Alarm,2024-04-18 10:33:47,2024-12-16 03:40:50,LSTM Autoencoder
1713,135,170,6,49,Vegetation Loss,2018-12-25 03:14:19,0.532,Low,27.8,1409.7,Resolved,2019-01-09 03:34:40,2023-04-22 19:01:34,Rule-Based
1714,18,370,1,6,Rainfall Anomaly,2020-01-14 08:01:14,0.718,Low,164.23,2537.9,Open,2018-10-16 20:04:11,2024-04-17 21:59:55,Statistical
1715,153,220,3,27,Pore Pressure Spike,2023-11-12 22:07:41,0.634,Low,193.53,263.1,Investigating,2022-08-01 03:01:29,2019-06-07 01:01:00,Statistical
1716,72,414,1,5,Slope Deformation,2022-12-15 04:41:37,0.591,Medium,51.72,56.6,False Alarm,2023-06-08 05:38:49,2024-07-30 14:26:47,Rule-Based
1717,132,31,1,8,Rainfall Anomaly,2020-07-20 12:50:51,0.791,Low,108.22,1105.8,Open,2019-09-19 11:11:20,2019-01-21 16:49:57,LSTM Autoencoder
1718,242,432,2,17,Seismic Signal,2018-01-23 07:33:13,0.972,Low,125.17,289.9,Open,2021-12-22 09:25:37,2024-05-12 13:55:48,LSTM Autoencoder
1719,146,161,1,8,Seismic Signal,2018-10-10 19:33:22,0.852,High,181.64,4939.7,Investigating,2021-09-27 16:46:04,2024-09-16 18:45:49,LSTM Autoencoder
1720,15,343,5,40,Vegetation Loss,2024-10-15 02:12:24,0.504,Low,89.27,3378.0,Investigating,2023-11-16 23:57:49,2021-06-15 21:19:42,Rule-Based
1721,186,183,5,40,Pore Pressure Spike,2022-07-16 10:36:20,0.627,Critical,269.95,3810.4,Open,2021-06-29 17:59:26,2023-08-13 05:27:18,Statistical
1722,245,391,6,50,Pore Pressure Spike,2020-03-03 00:46:24,0.728,Medium,457.79,4662.5,Open,2021-08-11 10:39:30,2019-05-09 20:58:50,Statistical
1723,184,40,5,46,Sudden Displacement,2021-10-07 02:28:47,0.9,High,9.42,4299.8,Resolved,2019-11-16 12:51:33,2023-08-23 06:08:30,Statistical
1724,178,262,1,11,Rainfall Anomaly,2021-12-17 16:42:15,0.89,High,266.15,3984.6,Open,2019-08-13 18:48:11,2019-12-02 13:48:19,LSTM Autoencoder
1725,243,103,7,56,Seismic Signal,2021-10-18 20:07:45,0.754,Critical,288.92,2316.6,Resolved,2020-04-20 06:22:15,2021-05-18 00:57:15,Isolation Forest
1726,227,215,2,16,Seismic Signal,2019-08-12 02:14:15,0.597,Critical,466.2,1956.7,Investigating,2018-08-24 10:22:59,2023-04-23 15:34:16,Rule-Based
1727,216,309,2,13,Sensor Outlier,2023-01-04 00:03:12,0.721,High,216.78,3658.9,Investigating,2024-07-09 04:51:02,2024-10-08 07:45:14,Isolation Forest
1728,8,253,6,50,Vegetation Loss,2021-01-12 15:55:13,0.716,High,435.99,4909.3,False Alarm,2019-09-08 15:16:44,2023-07-28 05:50:48,Isolation Forest
1729,98,440,1,4,Pore Pressure Spike,2022-12-17 12:50:19,0.853,High,319.2,4835.6,Resolved,2023-07-29 18:22:57,2021-03-08 01:52:23,Isolation Forest
1730,1,242,6,54,Sensor Outlier,2018-12-27 00:42:52,0.563,Low,457.43,727.1,False Alarm,2020-12-08 02:52:46,2024-10-26 03:12:05,Isolation Forest
1731,189,164,6,51,Rainfall Anomaly,2021-07-09 22:13:40,0.604,Low,490.63,4733.9,False Alarm,2021-11-16 10:04:25,2020-07-11 13:26:27,Isolation Forest
1732,167,358,2,22,Pore Pressure Spike,2024-04-11 20:53:13,0.521,High,204.95,1436.1,Resolved,2024-07-24 00:18:45,2024-05-05 19:43:45,LSTM Autoencoder
1733,262,401,6,51,Sensor Outlier,2021-02-11 15:47:22,0.999,Medium,201.58,406.7,Investigating,2022-05-31 15:05:33,2019-11-20 10:57:05,LSTM Autoencoder
1734,119,276,1,3,Rainfall Anomaly,2020-12-17 04:56:44,0.913,Low,384.62,1457.3,Resolved,2019-03-09 15:08:41,2024-10-15 19:57:56,Statistical
1735,65,307,3,32,Slope Deformation,2018-04-20 06:39:28,0.55,Medium,346.71,1581.4,False Alarm,2018-10-24 04:29:28,2023-07-31 19:04:17,Isolation Forest
1736,60,207,1,11,Sensor Outlier,2018-05-08 02:58:24,0.874,High,241.58,2597.9,Resolved,2020-04-16 18:37:00,2022-05-28 10:17:14,Rule-Based
1737,236,133,4,35,Vegetation Loss,2019-12-01 21:45:55,0.619,Low,143.61,2176.0,Investigating,2019-06-14 12:56:58,2021-12-30 14:07:25,Rule-Based
1738,82,201,3,30,Sensor Outlier,2022-09-07 00:52:48,0.824,Medium,494.91,1595.1,Investigating,2021-08-30 04:29:26,2022-08-10 11:04:13,Isolation Forest
1739,25,363,1,9,Sensor Outlier,2024-02-15 08:09:27,0.554,Critical,141.51,204.6,Resolved,2021-02-13 01:17:59,2019-11-19 03:04:44,Isolation Forest
1740,245,391,6,50,Slope Deformation,2022-11-20 22:33:47,0.893,Low,219.46,1889.4,Open,2024-12-22 10:00:52,2019-02-06 15:27:45,LSTM Autoencoder
1741,97,237,2,21,Pore Pressure Spike,2019-03-17 12:17:00,0.723,Critical,447.47,2836.4,Resolved,2019-08-13 07:28:05,2020-08-13 21:09:11,Rule-Based
1742,108,218,5,46,Slope Deformation,2019-07-31 18:42:22,0.812,Low,379.41,3521.9,False Alarm,2018-05-09 23:39:20,2021-04-18 13:32:20,Isolation Forest
1743,128,79,3,23,Rainfall Anomaly,2019-10-07 14:52:32,0.911,Medium,129.78,4213.8,Resolved,2024-01-16 07:08:42,2020-10-08 05:28:58,Rule-Based
1744,222,73,6,50,Vegetation Loss,2021-09-07 23:29:36,0.646,Low,320.12,537.1,False Alarm,2021-12-03 14:59:54,2023-07-11 05:43:22,Isolation Forest
1745,8,253,6,50,Sensor Outlier,2024-06-27 19:13:23,0.95,Critical,454.73,4158.9,Investigating,2018-03-01 06:01:13,2024-06-18 02:03:45,Isolation Forest
1746,259,162,8,59,Vegetation Loss,2024-11-28 16:24:20,0.712,Critical,269.07,712.9,False Alarm,2023-08-14 02:21:11,2019-05-20 07:46:09,LSTM Autoencoder
1747,185,138,5,46,Sudden Displacement,2023-06-19 15:48:59,0.777,Low,416.54,184.8,Open,2024-07-17 17:54:07,2019-12-05 04:11:50,Rule-Based
1748,83,421,1,12,Rainfall Anomaly,2024-01-31 23:22:29,0.519,Critical,319.06,2494.8,Resolved,2021-10-18 06:47:13,2020-08-03 13:16:07,LSTM Autoencoder
1749,141,77,3,23,Seismic Signal,2018-11-16 15:29:00,0.715,High,471.86,4131.9,Investigating,2023-07-22 15:19:04,2019-12-02 11:22:57,LSTM Autoencoder
1750,260,53,3,26,Seismic Signal,2018-08-09 22:40:08,0.839,Critical,127.94,3579.1,Open,2021-05-24 03:37:38,2024-03-14 07:46:22,Rule-Based
1751,262,401,6,51,Rainfall Anomaly,2018-04-07 21:18:00,0.667,Low,474.9,1223.7,Resolved,2022-02-17 20:40:15,2024-09-23 08:42:56,Rule-Based
1752,172,47,2,16,Sudden Displacement,2020-03-09 10:16:01,0.711,Medium,273.32,3763.1,Investigating,2023-01-23 21:15:19,2019-12-17 09:14:02,LSTM Autoencoder
1753,278,468,3,28,Slope Deformation,2020-10-30 12:12:28,0.754,Critical,348.74,4171.9,Open,2019-04-06 14:28:31,2022-01-03 23:26:37,LSTM Autoencoder
1754,132,31,1,8,Rainfall Anomaly,2023-07-07 01:15:26,0.605,Low,120.09,1361.5,Open,2022-09-08 05:58:08,2024-05-02 11:54:39,LSTM Autoencoder
1755,238,362,4,39,Sudden Displacement,2019-02-23 04:13:25,0.923,Critical,200.84,4108.2,Open,2021-08-13 14:24:10,2018-05-15 18:19:52,Rule-Based
1756,231,83,6,47,Sensor Outlier,2018-03-22 12:09:46,0.66,Medium,1.67,718.7,Investigating,2018-11-25 10:59:21,2022-04-21 09:12:03,Statistical
1757,251,133,7,56,Sudden Displacement,2021-03-10 22:42:58,0.627,Medium,298.94,1560.0,Open,2019-11-25 12:56:47,2019-10-06 20:13:16,Isolation Forest
1758,104,448,2,18,Sudden Displacement,2021-05-02 11:00:42,0.747,Critical,168.03,2713.2,False Alarm,2024-09-13 10:22:25,2019-10-09 22:04:42,Isolation Forest
1759,186,183,5,40,Pore Pressure Spike,2024-06-10 08:46:25,0.762,Critical,409.77,1749.8,False Alarm,2023-02-25 03:01:39,2023-03-19 15:40:17,LSTM Autoencoder
1760,126,299,3,23,Seismic Signal,2024-03-20 00:42:54,0.84,Medium,408.83,621.6,Investigating,2024-06-29 12:53:30,2024-09-01 18:15:23,Rule-Based
1761,245,391,6,50,Ground Cracking,2022-05-04 11:05:28,0.898,Low,300.7,1014.4,Investigating,2024-02-09 17:06:25,2020-01-18 12:49:10,Rule-Based
1762,193,186,6,54,Sudden Displacement,2018-06-09 22:04:43,0.568,High,488.07,1984.2,Resolved,2020-10-11 03:00:41,2024-08-27 13:31:37,Rule-Based
1763,55,443,4,36,Ground Cracking,2024-02-25 22:26:42,0.869,Critical,55.16,4415.1,False Alarm,2023-03-23 06:10:27,2018-03-28 21:01:31,Isolation Forest
1764,177,75,3,26,Vegetation Loss,2018-08-03 23:51:18,0.67,High,308.33,2093.2,Resolved,2023-03-04 02:17:27,2023-04-04 11:06:50,Isolation Forest
1765,43,483,5,46,Sudden Displacement,2022-07-21 20:46:44,0.806,Low,326.37,2190.8,False Alarm,2018-06-18 17:27:51,2022-04-25 19:26:58,Statistical
1766,265,356,5,43,Vegetation Loss,2019-10-21 00:33:13,0.681,Low,211.24,174.3,Open,2022-10-22 07:42:48,2022-05-24 18:45:30,Statistical
1767,233,348,8,62,Vegetation Loss,2018-03-29 11:30:56,0.838,Critical,376.41,73.4,False Alarm,2022-10-03 16:42:18,2024-07-29 00:42:37,Rule-Based
1768,28,410,7,56,Seismic Signal,2024-03-01 01:57:03,0.821,Medium,417.43,4788.1,Investigating,2019-11-23 13:53:24,2023-12-27 15:09:13,Rule-Based
1769,189,164,6,51,Pore Pressure Spike,2019-04-14 01:24:13,0.528,Critical,106.92,4303.5,False Alarm,2018-05-27 00:24:31,2018-07-10 21:18:08,Rule-Based
1770,170,181,8,59,Pore Pressure Spike,2019-03-12 05:54:59,0.816,Medium,486.37,2672.5,Resolved,2021-05-12 04:14:11,2021-09-28 06:42:48,Isolation Forest
1771,281,435,8,59,Slope Deformation,2024-04-16 06:01:30,0.989,Low,84.58,577.1,Investigating,2024-07-27 14:12:16,2018-04-29 07:58:04,Isolation Forest
1772,152,301,5,43,Seismic Signal,2021-11-18 15:03:46,0.721,High,197.61,2371.0,False Alarm,2020-01-21 17:47:55,2024-08-21 10:56:36,Isolation Forest
1773,194,232,4,34,Rainfall Anomaly,2022-01-20 10:31:58,0.87,Low,194.66,4591.0,Investigating,2024-03-06 22:15:41,2023-04-10 05:26:18,LSTM Autoencoder
1774,267,412,1,3,Rainfall Anomaly,2019-01-18 08:51:38,0.91,High,379.72,2758.6,False Alarm,2018-01-22 04:11:22,2023-11-07 22:32:20,Statistical
1775,91,161,7,55,Slope Deformation,2024-02-25 03:08:53,0.603,Critical,427.11,1548.2,False Alarm,2021-06-16 05:31:10,2018-11-08 20:20:26,Rule-Based
1776,177,75,3,26,Sudden Displacement,2018-05-02 23:44:03,0.767,Critical,267.82,1299.4,Open,2022-11-02 08:27:24,2019-05-21 08:13:30,Isolation Forest
1777,123,323,7,56,Sensor Outlier,2018-03-31 03:41:24,0.618,Low,157.75,2124.3,False Alarm,2018-06-28 21:41:59,2020-07-27 14:04:28,Statistical
1778,150,261,3,32,Sensor Outlier,2018-06-15 14:55:36,0.923,Medium,404.19,401.5,Resolved,2018-07-26 15:32:18,2020-07-02 08:03:47,Isolation Forest
1779,250,373,6,51,Slope Deformation,2021-04-04 04:51:49,0.907,Low,337.32,4085.9,Open,2019-08-31 09:24:57,2022-07-15 07:06:31,Isolation Forest
1780,2,46,6,49,Slope Deformation,2023-01-12 10:58:39,0.543,Critical,52.89,4200.4,Investigating,2019-03-23 14:52:26,2019-08-23 13:09:19,Rule-Based
1781,35,123,4,39,Sudden Displacement,2021-01-01 13:44:02,0.787,Medium,306.92,3606.2,False Alarm,2024-08-10 09:48:45,2023-03-23 09:53:12,LSTM Autoencoder
1782,250,373,6,51,Seismic Signal,2021-03-12 23:31:41,0.901,Critical,175.48,3965.1,False Alarm,2022-08-24 11:20:17,2022-08-10 04:58:58,Statistical
1783,143,33,3,24,Seismic Signal,2022-04-24 07:27:56,0.797,Low,366.85,3969.0,Resolved,2021-10-19 14:51:40,2020-02-21 13:31:53,Rule-Based
1784,132,31,1,8,Seismic Signal,2021-12-08 08:41:42,0.711,Critical,257.7,1841.8,Open,2019-07-21 09:56:45,2022-11-09 03:02:31,Rule-Based
1785,117,121,5,40,Slope Deformation,2023-08-28 02:27:23,0.875,High,414.46,534.6,Resolved,2020-11-09 08:17:48,2024-12-16 08:24:08,Rule-Based
1786,14,405,5,46,Seismic Signal,2023-11-30 00:28:54,0.55,Low,48.56,791.3,Investigating,2024-11-16 05:25:19,2023-09-25 22:55:05,Isolation Forest
1787,204,380,3,31,Ground Cracking,2020-05-25 08:13:23,0.572,High,41.91,381.5,Open,2023-04-13 03:27:10,2020-12-09 22:12:51,Isolation Forest
1788,146,161,1,8,Seismic Signal,2022-09-04 08:04:56,0.871,Medium,88.26,2883.3,Open,2023-02-07 08:47:44,2023-09-01 19:45:00,LSTM Autoencoder
1789,82,201,3,30,Sensor Outlier,2024-09-17 12:45:42,0.973,High,83.17,3673.7,Open,2019-12-15 08:16:04,2024-12-01 04:15:49,Rule-Based
1790,137,66,2,17,Slope Deformation,2024-11-04 06:53:47,0.71,High,187.99,2459.6,False Alarm,2022-11-21 16:32:03,2020-06-03 17:56:46,LSTM Autoencoder
1791,141,77,3,23,Ground Cracking,2019-03-17 21:03:41,0.703,High,283.61,98.8,Resolved,2018-03-06 20:02:13,2024-11-23 11:15:46,Rule-Based
1792,100,42,1,5,Sudden Displacement,2023-08-21 15:23:50,0.511,High,220.1,1917.7,Open,2023-03-05 16:15:22,2020-08-14 00:04:16,Isolation Forest
1793,174,411,1,6,Ground Cracking,2018-06-27 13:00:48,0.845,Critical,107.36,2336.8,Open,2024-12-03 06:12:58,2020-06-14 00:41:03,Statistical
1794,253,358,7,56,Ground Cracking,2018-02-21 02:38:03,0.696,High,180.39,890.9,Investigating,2022-02-05 00:43:27,2018-12-21 01:15:29,Isolation Forest
1795,102,305,5,43,Ground Cracking,2021-08-08 01:40:26,0.885,Medium,174.46,2027.6,Open,2022-03-15 08:52:31,2022-02-16 01:52:20,LSTM Autoencoder
1796,171,142,8,61,Rainfall Anomaly,2022-01-27 02:56:02,0.86,Low,261.14,1009.5,False Alarm,2024-05-23 10:49:20,2021-12-20 18:22:08,Rule-Based
1797,273,164,2,22,Seismic Signal,2018-04-13 00:20:32,0.77,Medium,479.81,166.1,Resolved,2021-07-14 22:28:51,2022-02-13 23:48:42,LSTM Autoencoder
1798,180,204,3,25,Rainfall Anomaly,2022-11-08 05:50:45,0.983,Low,405.2,400.6,Investigating,2020-02-10 03:47:45,2022-10-23 12:03:10,Statistical
1799,97,237,2,21,Vegetation Loss,2023-10-03 15:56:03,0.977,Low,498.2,1435.1,Resolved,2023-11-27 11:08:43,2021-08-18 08:09:44,Statistical
1800,34,350,4,35,Sensor Outlier,2018-12-25 05:54:17,0.567,Low,255.71,678.4,Resolved,2018-11-26 23:10:08,2023-10-07 07:11:55,Isolation Forest
1801,157,445,4,39,Slope Deformation,2022-11-26 03:36:02,0.748,Low,41.56,1491.1,False Alarm,2024-08-05 19:36:20,2020-04-17 11:54:22,Statistical
1802,166,70,4,36,Sensor Outlier,2021-02-22 00:54:57,0.599,Low,368.9,2364.5,Investigating,2020-05-24 14:31:12,2020-09-03 19:03:59,Rule-Based
1803,28,410,7,56,Seismic Signal,2021-09-07 11:30:08,0.79,Low,323.56,1503.3,False Alarm,2022-08-23 14:06:18,2019-05-04 21:32:37,Statistical
1804,8,253,6,50,Vegetation Loss,2024-12-07 18:44:04,0.884,Low,316.51,1429.4,Open,2020-10-22 19:29:41,2018-09-17 14:32:24,Rule-Based
1805,288,45,2,14,Sensor Outlier,2019-02-09 06:33:06,0.744,Critical,18.72,1792.6,False Alarm,2021-12-24 14:50:47,2019-01-04 19:28:38,Rule-Based
1806,131,244,2,20,Slope Deformation,2021-01-31 02:42:28,0.893,Critical,27.26,4622.9,False Alarm,2018-04-16 11:31:11,2020-09-21 19:08:15,LSTM Autoencoder
1807,225,266,7,57,Slope Deformation,2021-01-12 04:58:19,0.953,Low,357.98,660.7,Investigating,2021-09-18 05:31:01,2022-04-24 08:58:49,Isolation Forest
1808,126,299,3,23,Seismic Signal,2024-09-19 16:07:41,0.788,Low,64.94,2392.5,False Alarm,2021-12-05 06:34:47,2021-08-25 16:22:47,LSTM Autoencoder
1809,264,191,3,31,Sudden Displacement,2023-05-12 01:53:29,0.597,Low,410.7,951.8,Investigating,2023-07-24 12:06:04,2024-06-14 07:21:17,Isolation Forest
1810,215,306,2,22,Slope Deformation,2021-11-08 18:31:56,0.941,Critical,33.72,4115.9,Resolved,2022-07-21 11:13:52,2023-07-19 16:12:28,Statistical
1811,56,415,6,50,Sudden Displacement,2021-08-09 03:34:11,0.985,Medium,295.18,411.3,Open,2020-11-22 21:10:18,2020-04-28 03:29:29,Rule-Based
1812,209,478,5,42,Pore Pressure Spike,2020-01-19 12:08:28,0.791,High,212.89,339.3,Investigating,2018-04-03 16:58:21,2020-06-26 23:50:35,Isolation Forest
1813,90,14,6,51,Sudden Displacement,2021-09-21 11:39:03,0.634,Critical,13.67,2033.8,False Alarm,2021-05-07 20:24:08,2018-12-10 03:53:15,Rule-Based
1814,12,106,5,40,Ground Cracking,2021-04-12 07:15:18,0.64,Low,491.14,1776.0,False Alarm,2020-08-29 21:31:20,2018-11-20 21:47:54,Rule-Based
1815,48,202,3,30,Slope Deformation,2019-07-04 12:34:46,0.79,High,448.33,1182.2,Investigating,2024-06-18 03:53:36,2018-01-06 10:29:07,Rule-Based
1816,202,12,1,3,Seismic Signal,2018-12-08 16:04:26,0.866,Critical,305.26,3416.8,Open,2018-07-10 20:43:33,2023-03-19 16:00:13,LSTM Autoencoder
1817,195,72,1,8,Sudden Displacement,2023-01-30 01:11:38,0.799,Critical,263.99,1035.8,Investigating,2023-02-13 05:32:41,2022-12-28 02:27:40,Rule-Based
1818,51,383,3,24,Pore Pressure Spike,2021-02-05 22:44:37,0.574,High,172.71,1175.7,Investigating,2020-11-18 03:34:21,2024-06-21 15:22:45,Rule-Based
1819,165,72,6,51,Sudden Displacement,2024-06-29 14:42:10,0.979,Critical,362.32,250.9,Open,2023-12-15 01:50:49,2020-08-24 02:08:24,Rule-Based
1820,109,323,6,50,Seismic Signal,2020-10-10 05:55:31,0.803,High,72.33,4345.2,Investigating,2023-11-14 21:53:41,2023-03-03 01:54:54,Rule-Based
1821,234,450,4,33,Sudden Displacement,2023-12-19 19:02:43,0.736,Medium,109.0,1202.4,False Alarm,2018-11-22 05:37:39,2020-03-09 11:22:48,Statistical
1822,114,274,3,30,Slope Deformation,2021-05-05 18:44:01,0.604,High,430.39,2459.0,Open,2023-03-16 07:05:18,2022-05-16 21:32:41,LSTM Autoencoder
1823,107,409,7,56,Seismic Signal,2021-04-22 05:01:29,0.636,Medium,109.33,2872.3,Resolved,2020-12-01 17:09:39,2020-08-30 14:09:27,Statistical
1824,187,85,3,28,Seismic Signal,2024-04-11 21:58:52,0.534,High,480.47,2278.0,Investigating,2020-07-01 13:52:39,2023-07-10 19:24:57,Isolation Forest
1825,14,405,5,46,Sensor Outlier,2022-02-17 03:17:00,0.81,High,319.42,3640.1,False Alarm,2019-08-23 13:23:09,2018-02-11 23:56:19,Rule-Based
1826,288,45,2,14,Pore Pressure Spike,2022-09-08 17:48:37,0.811,Low,474.91,2563.1,Open,2023-08-27 19:42:23,2021-01-10 08:33:44,Statistical
1827,256,147,5,41,Ground Cracking,2023-10-28 02:38:57,0.802,Medium,443.44,2338.7,False Alarm,2018-07-13 12:15:29,2018-01-08 19:52:12,Rule-Based
1828,122,327,5,46,Sensor Outlier,2019-12-14 16:44:38,0.847,Medium,132.1,2050.4,False Alarm,2023-11-10 12:48:15,2021-10-24 11:23:03,Isolation Forest
1829,46,477,2,17,Rainfall Anomaly,2024-12-29 14:35:49,0.794,Medium,140.75,1669.4,Resolved,2020-11-25 21:50:12,2022-06-10 12:16:43,Rule-Based
1830,52,103,3,32,Seismic Signal,2018-05-07 19:55:40,0.945,Medium,45.83,852.4,Resolved,2020-09-03 20:44:49,2024-09-08 14:09:41,Statistical
1831,102,305,5,43,Seismic Signal,2019-04-12 19:36:17,0.548,Low,412.89,1681.2,False Alarm,2018-01-15 23:45:51,2019-02-13 14:54:59,Rule-Based
1832,43,483,5,46,Slope Deformation,2018-08-08 15:21:20,0.504,Critical,33.03,1821.4,False Alarm,2022-06-20 08:18:29,2023-12-03 01:49:43,LSTM Autoencoder
1833,24,189,1,5,Vegetation Loss,2024-10-18 22:08:54,0.897,Low,91.97,1983.8,Resolved,2020-01-26 01:36:47,2019-04-20 11:59:38,Isolation Forest
1834,136,86,4,33,Sudden Displacement,2020-08-30 11:24:43,0.564,High,320.11,2646.8,Open,2018-02-04 13:21:33,2022-04-07 06:25:15,Rule-Based
1835,215,306,2,22,Slope Deformation,2019-02-19 11:01:40,0.882,Medium,173.54,1101.6,Open,2021-12-24 05:50:00,2020-05-05 14:35:56,Rule-Based
1836,169,494,3,29,Sensor Outlier,2020-01-23 13:32:34,0.583,Medium,124.64,844.9,False Alarm,2024-09-15 11:54:22,2018-08-22 13:44:05,LSTM Autoencoder
1837,270,131,4,39,Ground Cracking,2024-10-19 17:08:49,0.743,High,92.85,2040.2,Investigating,2023-09-22 15:22:12,2019-03-18 14:26:49,Statistical
1838,231,83,6,47,Slope Deformation,2021-05-20 12:26:13,0.619,Critical,463.24,1370.2,Resolved,2023-06-26 20:17:46,2021-08-16 13:56:38,Statistical
1839,48,202,3,30,Vegetation Loss,2024-03-24 05:00:01,0.545,Medium,429.89,4665.0,Resolved,2019-06-29 07:53:12,2019-07-20 09:26:34,Rule-Based
1840,90,14,6,51,Rainfall Anomaly,2022-01-03 06:20:54,0.651,High,284.68,1370.1,Open,2018-02-18 14:25:22,2020-03-04 06:35:14,LSTM Autoencoder
1841,25,363,1,9,Seismic Signal,2023-03-21 18:06:29,0.554,Low,277.84,166.4,Investigating,2021-07-17 00:34:47,2022-12-27 19:28:31,Isolation Forest
1842,280,453,1,11,Pore Pressure Spike,2021-10-10 02:04:51,0.665,Low,183.68,4404.6,Investigating,2022-09-30 16:28:34,2021-04-03 01:45:38,Rule-Based
1843,75,134,1,8,Sudden Displacement,2023-09-04 21:07:42,0.631,Critical,71.02,4341.3,Investigating,2021-06-26 05:45:21,2021-08-04 04:55:34,Rule-Based
1844,86,90,6,50,Slope Deformation,2021-07-12 11:06:22,0.679,Critical,65.08,4987.5,False Alarm,2021-10-03 08:25:47,2022-04-09 02:00:21,LSTM Autoencoder
1845,53,467,4,34,Seismic Signal,2019-02-01 23:51:24,0.888,Medium,9.23,3508.1,Investigating,2018-05-17 23:19:20,2024-08-18 21:52:08,Statistical
1846,171,142,8,61,Sudden Displacement,2022-04-08 01:48:50,0.502,High,119.78,1477.3,False Alarm,2024-07-14 08:41:19,2019-05-31 00:13:13,Rule-Based
1847,254,154,2,16,Seismic Signal,2018-01-18 17:40:10,0.578,High,305.74,1535.0,Open,2021-10-28 15:40:51,2021-09-02 08:02:09,Statistical
1848,156,18,6,51,Sudden Displacement,2021-10-23 18:14:56,0.978,Medium,369.51,2888.4,False Alarm,2019-05-23 15:05:35,2019-08-25 09:56:44,Statistical
1849,50,278,2,20,Ground Cracking,2022-02-26 00:12:00,0.892,Critical,441.82,1974.6,False Alarm,2018-03-02 19:21:44,2023-09-22 04:17:28,Rule-Based
1850,154,195,1,8,Seismic Signal,2020-11-19 05:18:58,0.536,High,475.17,2606.1,False Alarm,2019-08-16 10:18:11,2019-11-12 07:30:52,Isolation Forest
1851,262,401,6,51,Vegetation Loss,2023-05-09 09:43:54,0.558,Low,377.49,3086.2,False Alarm,2024-06-17 05:40:59,2021-09-26 12:59:16,Rule-Based
1852,166,70,4,36,Vegetation Loss,2020-05-03 21:19:57,0.899,Critical,301.17,1446.9,Investigating,2024-12-09 08:24:38,2024-10-16 03:54:44,Statistical
1853,295,340,2,16,Vegetation Loss,2022-07-20 01:46:53,0.646,Low,171.01,2873.1,Resolved,2019-01-10 00:51:34,2022-09-12 10:25:08,LSTM Autoencoder
1854,17,292,7,56,Ground Cracking,2022-04-07 07:27:55,0.842,High,495.5,1439.0,Investigating,2024-06-26 13:31:39,2024-10-11 20:42:34,LSTM Autoencoder
1855,273,164,2,22,Seismic Signal,2018-01-31 23:40:06,0.624,Low,257.41,3983.7,Investigating,2019-01-10 05:04:46,2019-05-05 05:07:29,Statistical
1856,300,18,6,52,Sudden Displacement,2022-05-24 10:13:44,0.767,Medium,80.06,3301.3,Resolved,2020-08-24 20:10:05,2018-08-25 06:41:02,Statistical
1857,191,352,3,25,Vegetation Loss,2020-06-12 11:28:49,0.834,High,29.67,2241.0,Investigating,2021-09-22 08:59:06,2020-04-22 06:41:06,Statistical
1858,217,436,2,15,Sudden Displacement,2024-02-14 05:36:27,0.59,High,325.39,204.9,Resolved,2024-08-07 17:52:20,2021-05-10 22:39:25,Statistical
1859,218,313,3,29,Slope Deformation,2021-02-19 18:41:24,0.568,Low,132.69,4000.6,False Alarm,2023-03-13 11:42:09,2018-02-26 15:40:33,Rule-Based
1860,246,262,1,5,Seismic Signal,2023-10-10 11:07:48,0.788,High,293.6,341.2,False Alarm,2019-05-11 15:20:57,2022-08-23 19:38:26,LSTM Autoencoder
1861,225,266,7,57,Slope Deformation,2022-08-07 21:52:48,0.891,Medium,486.92,999.7,Open,2018-01-01 14:51:26,2023-08-06 13:40:48,Statistical
1862,54,93,1,11,Ground Cracking,2024-11-24 13:30:22,0.904,Medium,54.1,3749.4,Open,2018-03-07 10:37:28,2019-12-27 01:26:46,Isolation Forest
1863,105,220,1,8,Pore Pressure Spike,2021-09-04 17:41:33,0.908,Medium,35.14,2671.8,Open,2018-06-11 03:12:43,2024-08-17 10:07:37,Isolation Forest
1864,169,494,3,29,Seismic Signal,2020-04-15 21:02:57,0.785,Low,333.9,4418.0,Open,2023-11-21 17:14:27,2019-06-30 03:56:50,Statistical
1865,236,133,4,35,Sensor Outlier,2019-05-15 04:45:52,0.933,Critical,111.97,4665.0,Open,2022-04-03 13:33:13,2022-03-08 11:38:16,Statistical
1866,4,456,7,56,Sensor Outlier,2024-05-21 01:09:40,0.539,Medium,140.13,1049.8,Resolved,2024-07-19 11:32:57,2022-08-05 13:48:59,Rule-Based
1867,86,90,6,50,Ground Cracking,2024-07-01 09:55:25,0.52,Medium,99.42,1650.4,False Alarm,2024-05-29 17:28:37,2021-04-19 19:08:14,Isolation Forest
1868,6,186,7,55,Vegetation Loss,2024-11-19 09:36:50,0.6,Medium,374.29,1687.9,Investigating,2019-10-05 23:00:43,2018-07-11 09:04:54,LSTM Autoencoder
1869,241,369,2,16,Slope Deformation,2018-08-25 00:37:55,0.703,Medium,435.49,3846.0,Investigating,2022-04-28 17:25:55,2023-11-29 00:50:53,Statistical
1870,165,72,6,51,Slope Deformation,2024-09-11 23:05:30,0.903,Medium,159.66,992.0,False Alarm,2018-02-25 00:27:39,2024-07-09 15:50:19,Statistical
1871,249,202,1,8,Pore Pressure Spike,2018-07-28 16:15:04,0.829,Low,287.72,4148.4,Open,2018-09-29 22:34:01,2024-02-16 14:44:58,LSTM Autoencoder
1872,19,246,2,22,Ground Cracking,2020-02-07 09:49:04,0.57,Low,125.62,214.1,Resolved,2023-08-16 15:27:52,2020-06-09 21:27:04,Rule-Based
1873,74,191,2,19,Sensor Outlier,2018-06-29 00:13:45,0.81,Low,273.49,428.6,False Alarm,2023-06-26 19:30:02,2022-07-16 00:50:22,LSTM Autoencoder
1874,69,467,5,42,Slope Deformation,2018-02-24 05:44:52,0.512,High,350.82,1807.5,Investigating,2018-03-16 14:03:52,2019-02-05 16:54:24,Statistical
1875,286,185,3,27,Slope Deformation,2018-11-07 01:27:28,0.949,Low,152.75,825.7,Resolved,2023-08-25 07:08:11,2020-12-25 13:26:52,LSTM Autoencoder
1876,112,42,1,8,Sensor Outlier,2020-08-03 12:55:06,0.948,High,371.53,3229.6,False Alarm,2020-01-22 22:50:40,2023-09-16 10:35:57,Statistical
1877,115,410,1,10,Sensor Outlier,2023-06-23 22:19:02,0.774,Medium,396.52,2125.8,Open,2020-09-03 14:19:05,2023-11-03 00:03:38,Statistical
1878,6,186,7,55,Sudden Displacement,2023-02-23 20:31:59,0.875,High,159.69,1644.0,False Alarm,2021-05-02 02:49:34,2021-12-07 14:53:45,LSTM Autoencoder
1879,20,360,7,56,Seismic Signal,2024-11-15 20:07:47,0.957,High,134.56,1111.3,Resolved,2020-04-02 10:37:51,2020-02-16 01:41:22,Statistical
1880,183,186,2,16,Pore Pressure Spike,2022-01-23 11:36:30,0.982,High,289.37,4010.4,Resolved,2021-04-15 01:58:51,2018-10-31 22:43:26,Statistical
1881,15,343,5,40,Ground Cracking,2018-10-14 00:45:28,0.836,High,16.68,2886.0,Investigating,2020-05-13 09:17:15,2018-09-23 18:34:33,LSTM Autoencoder
1882,170,181,8,59,Ground Cracking,2018-11-21 10:59:08,0.573,Medium,494.21,1683.4,Open,2020-04-06 21:50:28,2024-12-10 03:41:30,Isolation Forest
1883,164,18,2,17,Seismic Signal,2020-09-23 10:20:00,0.595,High,259.28,2088.7,Resolved,2021-04-13 08:25:25,2020-07-01 12:30:10,Isolation Forest
1884,204,380,3,31,Slope Deformation,2019-10-25 06:36:01,0.581,High,252.35,3792.9,Resolved,2021-02-01 03:32:41,2020-07-13 21:20:55,Rule-Based
1885,21,83,1,11,Rainfall Anomaly,2020-09-14 20:43:07,0.839,High,354.78,3566.1,Open,2023-05-24 16:22:14,2019-04-02 01:47:01,Statistical
1886,196,140,7,55,Sudden Displacement,2020-01-08 15:58:48,0.58,Low,488.22,1407.8,Open,2020-06-03 00:55:14,2022-08-14 23:36:42,Rule-Based
1887,194,232,4,34,Rainfall Anomaly,2024-09-29 11:46:02,0.761,Critical,96.38,431.6,Open,2023-03-24 14:25:31,2019-06-18 13:13:30,Statistical
1888,4,456,7,56,Rainfall Anomaly,2022-05-24 22:22:17,0.644,High,334.77,2377.4,False Alarm,2018-08-16 17:15:09,2022-03-19 11:08:36,Statistical
1889,249,202,1,8,Vegetation Loss,2018-11-06 22:42:23,0.582,Medium,88.85,4211.7,Resolved,2024-11-25 13:14:29,2024-11-17 13:08:37,LSTM Autoencoder
1890,117,121,5,40,Sensor Outlier,2022-01-14 11:16:33,0.554,Low,83.06,3363.1,Resolved,2024-09-07 00:37:24,2021-05-12 00:02:10,LSTM Autoencoder
1891,52,103,3,32,Pore Pressure Spike,2023-04-20 21:52:30,0.864,Low,278.23,3116.3,False Alarm,2019-11-07 23:58:56,2018-04-04 07:34:00,Isolation Forest
1892,239,441,8,61,Rainfall Anomaly,2023-05-06 03:45:42,0.876,Low,48.03,3369.3,Investigating,2019-07-31 04:11:26,2018-01-05 07:41:27,Isolation Forest
1893,90,14,6,51,Rainfall Anomaly,2018-11-07 14:40:07,0.832,High,209.27,1937.7,Investigating,2018-12-05 22:39:43,2023-10-19 03:03:13,LSTM Autoencoder
1894,253,358,7,56,Sensor Outlier,2019-01-06 02:36:49,0.991,Low,135.7,1818.8,Investigating,2019-07-05 06:06:19,2018-10-20 09:29:52,LSTM Autoencoder
1895,216,309,2,13,Pore Pressure Spike,2022-10-17 13:47:18,0.763,Low,372.22,4338.5,False Alarm,2024-11-21 06:43:02,2022-11-30 03:33:58,Statistical
1896,47,499,6,51,Rainfall Anomaly,2022-12-31 07:53:15,0.889,Critical,320.44,459.6,Resolved,2018-12-22 16:28:37,2022-09-26 20:05:49,Rule-Based
1897,21,83,1,11,Slope Deformation,2021-07-03 03:29:52,0.723,High,406.67,4297.3,Resolved,2022-11-14 21:46:58,2022-09-25 08:17:29,Isolation Forest
1898,153,220,3,27,Pore Pressure Spike,2023-07-13 07:59:41,0.871,High,275.0,813.1,Resolved,2024-08-10 15:05:51,2022-06-22 11:41:41,Rule-Based
1899,4,456,7,56,Rainfall Anomaly,2018-10-19 18:16:07,0.914,Low,39.91,895.3,Open,2023-03-13 09:55:45,2024-11-14 01:55:04,Isolation Forest
1900,109,323,6,50,Rainfall Anomaly,2018-04-10 20:52:38,0.927,Medium,336.96,3751.7,Resolved,2022-12-12 05:29:03,2024-10-02 00:49:03,LSTM Autoencoder
1901,279,318,1,3,Slope Deformation,2019-08-02 10:32:54,0.557,Critical,100.79,655.5,Resolved,2018-08-03 19:35:22,2018-01-31 09:05:40,LSTM Autoencoder
1902,125,84,5,46,Seismic Signal,2019-06-17 19:09:50,0.885,Medium,404.44,4289.2,Resolved,2024-04-19 16:02:29,2020-05-22 06:02:24,Rule-Based
1903,269,165,3,30,Ground Cracking,2023-08-28 02:06:55,0.634,Medium,331.51,1632.3,Investigating,2020-10-10 00:45:56,2024-07-21 03:45:02,LSTM Autoencoder
1904,143,33,3,24,Pore Pressure Spike,2019-03-26 21:41:47,0.62,Medium,311.74,3242.3,False Alarm,2024-06-12 05:30:57,2023-04-04 19:40:58,LSTM Autoencoder
1905,159,178,1,12,Vegetation Loss,2023-07-26 02:02:41,0.87,Low,175.22,1359.1,Investigating,2018-01-17 19:28:55,2022-06-11 17:54:19,Statistical
1906,292,466,2,15,Pore Pressure Spike,2022-05-26 01:45:20,0.609,Medium,320.04,929.7,Investigating,2018-07-22 22:33:52,2019-09-15 07:50:09,Statistical
1907,224,490,3,24,Vegetation Loss,2022-07-23 12:22:52,0.814,Critical,401.33,3716.3,Resolved,2018-03-20 00:36:28,2018-03-11 23:48:03,LSTM Autoencoder
1908,240,27,5,45,Pore Pressure Spike,2024-12-08 16:23:24,0.552,Medium,293.86,2216.1,Resolved,2023-07-18 11:24:15,2018-02-03 18:22:44,Rule-Based
1909,100,42,1,5,Vegetation Loss,2021-07-26 06:53:36,0.531,High,9.63,3781.0,False Alarm,2021-03-17 01:30:47,2023-11-30 06:00:26,LSTM Autoencoder
1910,125,84,5,46,Vegetation Loss,2020-10-03 08:07:26,0.541,High,364.92,848.0,Open,2020-10-04 13:50:14,2021-08-12 12:23:20,LSTM Autoencoder
1911,241,369,2,16,Sudden Displacement,2020-11-25 00:36:07,0.618,High,186.79,4668.1,Open,2021-08-27 04:18:50,2023-06-03 23:08:02,LSTM Autoencoder
1912,237,330,3,29,Slope Deformation,2023-09-23 02:32:04,0.621,Low,101.75,4560.6,Investigating,2021-03-14 12:08:54,2021-06-25 14:59:14,Isolation Forest
1913,297,202,3,31,Sudden Displacement,2020-05-06 10:49:13,0.659,Medium,102.62,2724.9,False Alarm,2023-04-20 10:29:36,2018-03-24 17:40:48,LSTM Autoencoder
1914,61,71,5,46,Ground Cracking,2024-02-01 21:38:59,0.643,High,379.78,3165.7,Resolved,2023-06-23 06:34:41,2021-07-15 09:38:50,Rule-Based
1915,284,199,1,5,Rainfall Anomaly,2019-04-05 13:42:04,0.631,High,219.34,3131.8,Investigating,2023-05-19 09:01:34,2022-01-19 02:47:15,LSTM Autoencoder
1916,30,103,2,19,Sensor Outlier,2021-11-03 05:23:15,0.698,High,444.89,4293.6,Investigating,2018-09-22 04:42:57,2018-05-23 15:43:14,Statistical
1917,123,323,7,56,Seismic Signal,2018-07-05 17:26:10,0.629,Critical,90.86,3618.2,Investigating,2019-08-06 17:58:59,2023-10-24 05:04:06,Statistical
1918,193,186,6,54,Slope Deformation,2018-08-25 22:56:06,0.801,Medium,202.8,4086.5,Open,2020-11-10 11:05:07,2022-02-10 16:55:00,Isolation Forest
1919,110,305,3,28,Slope Deformation,2024-03-04 03:54:59,0.89,Low,428.06,1123.2,False Alarm,2021-08-13 18:09:10,2019-08-27 18:18:27,Statistical
1920,2,46,6,49,Seismic Signal,2018-06-02 05:09:49,0.982,Medium,391.19,2371.1,Open,2019-06-20 22:59:22,2022-01-15 00:56:28,Statistical
1921,285,61,6,50,Rainfall Anomaly,2022-12-24 02:24:32,0.952,Critical,246.37,3579.7,Resolved,2022-11-07 01:35:18,2024-10-18 18:59:12,Isolation Forest
1922,174,411,1,6,Seismic Signal,2020-10-06 12:33:21,0.879,Medium,129.23,129.4,False Alarm,2023-05-10 21:04:00,2021-02-28 18:16:03,LSTM Autoencoder
1923,45,323,1,5,Sudden Displacement,2024-02-26 18:42:11,0.833,High,376.53,165.1,Resolved,2019-03-05 18:14:27,2020-07-24 06:05:06,Statistical
1924,286,185,3,27,Sudden Displacement,2024-03-13 18:45:42,0.596,Medium,206.78,462.2,Resolved,2018-05-22 00:30:05,2022-08-09 06:26:32,Statistical
1925,282,7,2,21,Sensor Outlier,2023-11-09 10:51:05,0.741,Critical,138.39,2952.2,Investigating,2024-11-27 02:00:29,2021-05-23 17:31:09,Isolation Forest
1926,199,55,3,24,Sensor Outlier,2020-06-25 09:01:43,0.771,Low,97.08,1232.4,False Alarm,2021-08-10 00:06:20,2022-12-20 15:00:04,Statistical
1927,43,483,5,46,Seismic Signal,2024-09-08 13:41:50,0.966,High,42.68,3399.8,Open,2021-07-18 14:44:33,2019-03-27 16:41:24,Statistical
1928,285,61,6,50,Vegetation Loss,2022-06-10 13:47:36,0.92,Medium,100.74,4526.2,False Alarm,2021-06-04 11:03:36,2018-04-15 23:10:42,LSTM Autoencoder
1929,230,436,6,47,Seismic Signal,2019-09-26 05:14:49,0.504,Critical,86.28,4021.5,Open,2020-12-04 21:49:42,2021-11-08 01:36:21,Rule-Based
1930,3,442,3,29,Seismic Signal,2021-10-01 00:32:49,0.542,High,91.57,4006.0,Open,2022-07-20 08:52:19,2021-07-13 23:57:03,Isolation Forest
1931,290,191,2,18,Rainfall Anomaly,2021-06-08 21:37:16,0.745,Medium,464.45,4746.3,Investigating,2020-03-11 10:06:12,2019-06-17 23:47:00,Rule-Based
1932,6,186,7,55,Ground Cracking,2020-02-18 10:29:57,0.607,High,221.56,1509.4,False Alarm,2023-08-01 01:30:22,2022-12-30 17:37:46,Statistical
1933,290,191,2,18,Pore Pressure Spike,2023-11-12 20:20:40,0.61,High,478.35,1014.8,Resolved,2019-08-14 09:20:14,2018-10-22 12:25:25,Isolation Forest
1934,242,432,2,17,Seismic Signal,2018-03-21 07:34:34,0.55,Medium,426.15,4643.8,False Alarm,2020-07-04 10:26:45,2023-04-16 21:08:44,Isolation Forest
1935,69,467,5,42,Pore Pressure Spike,2021-04-19 17:35:44,0.726,Medium,231.75,4609.4,Open,2018-09-07 13:41:31,2022-05-01 06:16:10,LSTM Autoencoder
1936,12,106,5,40,Slope Deformation,2019-04-14 22:26:11,0.717,Medium,285.31,1876.3,Open,2023-06-18 08:20:06,2019-10-30 09:22:57,LSTM Autoencoder
1937,39,80,1,3,Pore Pressure Spike,2018-04-02 22:55:41,0.798,Medium,95.83,3544.9,False Alarm,2019-01-04 15:02:04,2023-08-04 03:58:57,Isolation Forest
1938,70,288,3,30,Pore Pressure Spike,2018-07-11 11:32:23,0.714,Critical,255.89,3967.6,False Alarm,2019-12-26 20:09:07,2022-08-18 02:34:24,LSTM Autoencoder
1939,219,492,6,49,Seismic Signal,2018-08-07 14:20:36,0.933,Critical,213.74,883.1,Open,2020-05-15 17:56:03,2019-11-18 10:03:04,Isolation Forest
1940,253,358,7,56,Seismic Signal,2022-11-13 00:53:03,0.806,High,144.05,2143.6,Resolved,2022-07-02 14:52:06,2021-03-06 22:11:02,Statistical
1941,216,309,2,13,Seismic Signal,2020-04-15 01:11:02,0.946,Critical,156.41,4589.9,Investigating,2018-08-30 04:21:39,2024-11-26 09:11:31,Rule-Based
1942,1,242,6,54,Seismic Signal,2023-08-09 10:09:07,0.925,High,213.05,2737.5,Open,2022-06-28 03:44:40,2024-01-06 20:49:34,LSTM Autoencoder
1943,222,73,6,50,Sudden Displacement,2018-02-28 05:32:03,0.922,Low,476.67,3053.2,False Alarm,2019-03-04 22:47:49,2019-07-07 19:45:08,Statistical
1944,298,154,6,50,Rainfall Anomaly,2018-07-22 04:56:11,0.515,Low,310.78,1393.9,False Alarm,2021-12-06 07:52:38,2024-12-25 23:47:34,Statistical
1945,137,66,2,17,Sensor Outlier,2022-06-28 06:23:30,0.821,Medium,68.83,1357.9,False Alarm,2022-09-18 22:58:31,2022-05-04 07:21:58,Statistical
1946,30,103,2,19,Sensor Outlier,2024-03-30 19:35:03,0.778,Low,149.69,4198.2,Investigating,2024-08-05 08:18:26,2021-08-13 07:59:44,Rule-Based
1947,5,236,2,20,Ground Cracking,2018-10-16 08:06:00,0.828,Medium,52.52,1059.3,Investigating,2022-06-08 20:50:32,2019-05-23 02:05:03,LSTM Autoencoder
1948,18,370,1,6,Sensor Outlier,2024-11-13 08:29:53,0.759,High,320.37,3300.4,Open,2020-06-12 11:52:03,2019-04-20 12:05:06,Statistical
1949,94,201,3,30,Sensor Outlier,2021-03-11 18:11:45,0.849,Critical,490.56,507.3,Open,2021-02-27 20:44:16,2019-10-24 01:14:55,Isolation Forest
1950,56,415,6,50,Vegetation Loss,2022-08-31 15:40:49,0.577,Low,291.65,4268.2,Resolved,2018-04-08 04:12:35,2018-05-06 12:57:44,Rule-Based
1951,193,186,6,54,Slope Deformation,2023-09-28 20:18:34,0.859,Low,301.88,522.1,Investigating,2022-06-13 02:58:43,2023-07-24 08:27:39,Statistical
1952,162,340,5,45,Vegetation Loss,2024-12-25 11:19:01,0.536,Medium,329.07,4844.2,Open,2018-07-22 01:51:43,2020-07-03 03:59:08,Isolation Forest
1953,82,201,3,30,Ground Cracking,2021-08-19 03:09:13,0.7,Medium,126.63,3115.5,Investigating,2018-01-29 20:32:55,2024-12-22 17:24:41,Statistical
1954,150,261,3,32,Sensor Outlier,2024-03-09 02:26:23,0.586,Medium,472.76,4032.0,Resolved,2023-12-30 01:44:43,2018-09-10 08:19:10,Statistical
1955,46,477,2,17,Sudden Displacement,2023-03-03 14:04:35,0.565,Low,125.45,1275.7,False Alarm,2023-03-25 23:40:35,2022-06-30 07:32:19,LSTM Autoencoder
1956,242,432,2,17,Sudden Displacement,2019-10-20 05:22:34,0.534,Medium,15.84,149.0,Investigating,2018-08-17 10:28:18,2022-07-22 23:40:07,Statistical
1957,59,172,3,23,Ground Cracking,2022-12-01 07:18:21,0.86,Low,237.67,1338.9,Investigating,2022-06-19 03:48:58,2024-12-21 13:37:09,LSTM Autoencoder
1958,102,305,5,43,Vegetation Loss,2024-12-25 19:23:59,0.677,High,150.93,2047.4,False Alarm,2018-05-24 17:23:01,2021-06-18 15:48:51,LSTM Autoencoder
1959,16,291,3,23,Ground Cracking,2023-01-09 13:45:09,0.813,Low,445.16,3018.7,Resolved,2020-10-14 07:01:17,2023-09-20 23:26:23,Isolation Forest
1960,9,292,3,30,Rainfall Anomaly,2022-12-20 22:22:02,0.66,High,65.38,4681.2,False Alarm,2024-06-14 02:59:10,2023-01-21 21:30:44,Rule-Based
1961,187,85,3,28,Sudden Displacement,2019-12-03 11:42:45,0.991,Low,496.51,3069.4,Open,2021-09-13 01:02:27,2018-04-08 20:32:58,Rule-Based
1962,141,77,3,23,Slope Deformation,2023-08-21 01:43:57,0.98,Critical,481.35,4292.7,Resolved,2020-01-23 18:35:37,2019-08-29 16:56:06,Statistical
1963,150,261,3,32,Rainfall Anomaly,2020-05-19 12:04:24,0.96,Medium,134.31,2077.6,Investigating,2020-09-04 16:35:15,2023-05-29 14:38:55,Rule-Based
1964,284,199,1,5,Vegetation Loss,2020-01-27 07:30:51,0.75,Low,88.61,2438.3,Open,2021-01-30 15:51:41,2019-11-28 19:08:09,Isolation Forest
1965,57,447,2,16,Slope Deformation,2023-09-07 00:34:45,0.655,Critical,487.19,4445.3,Investigating,2019-12-29 05:42:01,2020-02-17 21:56:48,Statistical
1966,180,204,3,25,Rainfall Anomaly,2022-03-15 19:38:34,0.626,Low,383.99,4769.4,False Alarm,2021-10-27 14:33:14,2019-01-25 20:39:44,Rule-Based
1967,121,286,3,24,Vegetation Loss,2024-01-03 03:32:12,0.552,Critical,215.84,1402.7,False Alarm,2023-03-02 18:14:56,2021-07-29 04:16:31,Statistical
1968,133,455,5,43,Ground Cracking,2020-03-21 03:11:23,0.921,Low,267.71,3090.3,False Alarm,2021-06-09 02:06:07,2021-11-13 00:44:36,Isolation Forest
1969,188,486,4,39,Pore Pressure Spike,2024-12-26 09:22:31,0.816,Critical,224.06,2721.8,Resolved,2024-12-28 09:14:14,2019-10-03 17:03:53,Statistical
1970,46,477,2,17,Pore Pressure Spike,2023-07-22 23:54:07,0.876,Critical,124.29,1321.5,False Alarm,2019-09-02 05:07:46,2019-11-03 12:42:20,Rule-Based
1971,216,309,2,13,Ground Cracking,2021-11-27 00:50:19,0.508,Low,432.26,3728.8,Resolved,2024-10-23 23:59:18,2024-07-06 16:46:38,LSTM Autoencoder
1972,185,138,5,46,Ground Cracking,2023-03-20 12:47:37,0.999,Medium,133.35,2213.4,Resolved,2018-10-24 18:49:00,2018-12-08 20:04:54,Rule-Based
1973,300,18,6,52,Vegetation Loss,2023-09-11 20:24:40,0.598,High,66.69,1206.3,False Alarm,2024-03-17 14:57:45,2022-05-01 07:03:44,Isolation Forest
1974,183,186,2,16,Sensor Outlier,2018-04-02 17:46:33,0.646,Low,330.51,1631.9,Open,2020-08-22 05:37:14,2019-02-28 02:48:01,LSTM Autoencoder
1975,290,191,2,18,Seismic Signal,2020-03-22 13:24:36,0.688,High,275.08,3330.8,False Alarm,2022-05-04 07:59:27,2022-01-14 04:01:52,Isolation Forest
1976,202,12,1,3,Pore Pressure Spike,2018-02-12 10:54:06,0.771,Critical,248.14,1287.3,False Alarm,2018-10-25 23:08:50,2022-11-24 00:36:05,Statistical
1977,96,134,3,30,Pore Pressure Spike,2018-04-17 08:01:51,0.863,Medium,213.17,2177.7,False Alarm,2024-12-26 05:46:24,2021-06-07 20:11:13,Statistical
1978,296,490,2,15,Vegetation Loss,2020-02-14 10:09:09,0.837,High,469.93,2326.6,Investigating,2022-04-08 04:13:18,2022-05-16 11:59:04,Isolation Forest
1979,223,79,7,56,Sensor Outlier,2020-07-22 11:29:10,0.739,High,201.35,2310.5,Investigating,2024-04-23 16:24:20,2019-11-30 13:02:33,LSTM Autoencoder
1980,192,379,3,30,Vegetation Loss,2022-06-13 15:59:12,0.827,Critical,220.33,2433.6,False Alarm,2018-06-02 22:48:09,2019-08-28 01:16:37,Statistical
1981,244,246,5,45,Pore Pressure Spike,2021-11-28 14:54:58,0.591,Low,287.64,2787.2,Open,2024-04-02 13:34:15,2022-05-07 03:14:15,Statistical
1982,88,439,6,54,Vegetation Loss,2018-04-25 15:17:05,0.59,Low,239.37,4435.3,Open,2022-12-02 17:42:06,2022-04-14 05:20:38,Isolation Forest
1983,281,435,8,59,Sensor Outlier,2018-03-16 07:14:51,0.861,High,407.09,2872.4,Open,2024-10-07 02:48:49,2023-12-05 16:49:20,LSTM Autoencoder
1984,16,291,3,23,Sensor Outlier,2023-11-14 23:39:02,0.702,High,39.27,3216.6,Investigating,2022-12-13 15:59:10,2020-10-10 05:29:50,Isolation Forest
1985,293,235,7,55,Pore Pressure Spike,2021-01-01 16:09:43,0.96,High,231.74,1244.0,Open,2024-09-29 00:00:02,2018-10-21 14:32:18,LSTM Autoencoder
1986,87,194,4,37,Sudden Displacement,2018-04-23 22:08:13,0.979,Critical,276.29,3785.4,Open,2021-06-24 08:19:54,2020-11-16 18:31:40,Rule-Based
1987,140,432,1,6,Rainfall Anomaly,2022-06-10 05:44:29,0.568,Low,72.56,3003.5,Open,2022-08-18 19:55:36,2023-03-22 19:01:19,Isolation Forest
1988,263,68,7,58,Sensor Outlier,2018-06-03 19:51:24,0.638,Medium,350.68,4139.9,Resolved,2021-05-29 02:33:53,2018-02-28 22:35:31,LSTM Autoencoder
1989,234,450,4,33,Pore Pressure Spike,2020-09-10 05:13:14,0.639,Critical,233.9,3765.4,Open,2022-12-04 18:49:24,2022-07-03 10:45:11,Statistical
1990,40,134,6,48,Seismic Signal,2023-05-18 05:16:57,0.608,High,439.2,4982.2,Resolved,2018-09-07 13:54:32,2023-04-08 10:21:48,LSTM Autoencoder
1991,155,136,8,59,Seismic Signal,2018-06-15 13:03:52,0.647,Critical,379.46,633.9,False Alarm,2023-12-25 00:12:39,2020-12-14 03:28:01,Isolation Forest
1992,232,29,2,22,Seismic Signal,2024-05-23 01:39:06,0.557,Medium,173.87,572.1,Investigating,2018-11-11 18:53:57,2018-01-08 18:29:11,Rule-Based
1993,4,456,7,56,Rainfall Anomaly,2019-07-01 17:12:41,0.673,Critical,64.23,4315.5,Investigating,2021-04-09 12:43:38,2022-04-10 07:55:58,Isolation Forest
1994,125,84,5,46,Ground Cracking,2024-04-11 18:40:42,0.909,Critical,42.15,1073.5,Open,2020-02-13 14:00:40,2019-12-04 23:07:09,Rule-Based
1995,48,202,3,30,Sensor Outlier,2022-11-02 18:38:23,0.618,Low,374.44,2340.2,Open,2023-01-26 16:53:25,2021-07-28 12:25:46,Rule-Based
1996,132,31,1,8,Sudden Displacement,2021-09-15 04:27:32,0.543,Medium,159.79,1175.0,False Alarm,2018-03-26 21:25:59,2019-02-28 16:36:29,Statistical
1997,208,328,1,8,Vegetation Loss,2020-07-15 08:09:56,0.602,Critical,467.64,1532.1,Investigating,2019-08-11 12:28:55,2019-10-13 13:06:11,Rule-Based
1998,69,467,5,42,Sensor Outlier,2023-08-27 22:14:24,0.608,Critical,27.43,3504.1,Investigating,2021-02-10 03:09:00,2020-06-12 06:39:43,Rule-Based
1999,145,265,3,28,Seismic Signal,2019-05-16 21:27:18,0.898,Critical,125.73,2504.9,Resolved,2021-04-01 12:18:46,2018-12-03 03:55:40,Statistical
2000,82,201,3,30,Vegetation Loss,2024-03-23 18:12:25,0.659,Low,59.74,1433.5,Open,2024-02-07 02:47:09,2018-06-27 05:52:13,Statistical
