building_id,state_id,district_id,lat,lon,use_type,construction_type,num_floors,construction_year,occupancy,footprint_sqm,structural_condition,landslide_exposure,replacement_value_inr
1,5,1,23.55649,95.20922,Residential,Kutcha,6,1957,47,183.2,Good,High,4944416.0
2,41,5,22.74051,94.3934,Commercial,Reinforced Concrete,3,1960,14,354.4,Good,Low,4373204.0
3,26,3,23.92523,90.39671,Residential,Kutcha,6,1977,23,389.6,Poor,High,1438699.0
4,38,4,29.83537,98.52634,Institutional,Reinforced Concrete,4,2013,1,85.0,Fair,Low,4069272.0
5,56,7,29.25102,97.7167,Industrial,Reinforced Concrete,5,1991,18,463.8,Good,High,1541113.0
6,52,6,28.32942,99.91277,Industrial,Kutcha,3,1952,12,428.8,Fair,Negligible,1889601.0
7,25,3,26.5069,96.84799,Industrial,Reinforced Concrete,6,1970,42,403.4,Fair,Negligible,1769925.0
8,49,6,29.62234,98.66172,Mixed,Kutcha,2,1999,40,48.4,Poor,High,1967058.0
9,60,8,24.80733,95.96936,Commercial,Steel,2,1996,27,493.2,Dilapidated,Low,2889277.0
10,48,6,26.80391,95.04859,Institutional,Masonry,6,1974,41,467.1,Good,Medium,1591139.0
11,30,3,25.54308,92.60661,Institutional,Timber,4,1998,9,308.2,Fair,Medium,4263643.0
12,12,1,27.02724,97.89219,Institutional,Masonry,5,2005,23,403.3,Good,Medium,4419458.0
13,30,3,25.79253,92.69123,Residential,Timber,3,1955,34,85.8,Good,Medium,4081270.0
14,55,7,29.16654,94.30584,Residential,Steel,6,1994,29,477.2,Good,High,2580604.0
15,26,3,23.88415,90.31997,Residential,Reinforced Concrete,6,1967,12,229.0,Poor,Negligible,1527028.0
16,6,1,26.3804,97.31596,Institutional,Masonry,5,1950,13,62.0,Good,High,3938819.0
17,14,2,22.694,92.84883,Residential,Kutcha,5,1966,35,388.7,Dilapidated,Low,4716611.0
18,61,8,26.61623,89.9398,Industrial,Reinforced Concrete,4,2013,18,293.0,Poor,Negligible,4687561.0
19,28,3,29.19493,93.08643,Institutional,Masonry,5,2010,11,260.8,Fair,Medium,4559229.0
20,40,5,27.86654,97.58355,Industrial,Kutcha,6,1966,25,118.1,Poor,Negligible,2539165.0
21,8,1,24.33526,98.8853,Commercial,Timber,5,2011,37,171.3,Good,Negligible,2785334.0
22,22,2,22.72426,96.21867,Industrial,Kutcha,5,1969,43,375.8,Poor,Low,3476457.0
23,23,3,27.77449,91.6964,Industrial,Masonry,6,1959,39,284.3,Poor,Negligible,3066882.0
24,31,3,27.79163,95.54748,Institutional,Masonry,5,1989,28,345.9,Good,Negligible,4629134.0
25,29,3,26.04116,98.83444,Commercial,Steel,6,1976,42,412.9,Good,Negligible,1675052.0
26,7,1,26.2457,92.01785,Industrial,Steel,1,2022,23,19.0,Fair,Medium,2804336.0
27,54,6,29.69887,91.45629,Mixed,Masonry,5,1964,15,100.8,Poor,Negligible,4916652.0
28,36,4,25.20735,90.70254,Institutional,Steel,5,2003,18,292.7,Good,High,747074.0
29,46,5,23.23157,97.78832,Industrial,Reinforced Concrete,1,1973,27,439.5,Good,Medium,3754343.0
30,44,5,29.22862,98.60268,Residential,Reinforced Concrete,3,1976,14,493.8,Dilapidated,High,2959368.0
31,12,1,26.82515,98.09233,Institutional,Timber,2,1960,5,201.8,Fair,Negligible,545606.0
32,18,2,28.66023,98.6337,Institutional,Steel,1,1998,28,470.9,Dilapidated,High,3776476.0
33,16,2,23.46826,90.75704,Residential,Masonry,1,1988,34,48.1,Dilapidated,Low,1954973.0
34,4,1,26.52703,90.44266,Commercial,Kutcha,4,2015,15,375.6,Poor,High,1108614.0
35,49,6,29.39686,98.76082,Mixed,Masonry,2,2006,44,239.1,Poor,High,974015.0
36,53,6,28.02085,91.13258,Commercial,Steel,1,1996,46,25.9,Good,Negligible,686692.0
37,53,6,28.12109,91.28971,Institutional,Masonry,6,2023,21,45.9,Dilapidated,Medium,4577688.0
38,26,3,23.7086,90.4352,Institutional,Timber,4,1992,5,411.5,Poor,Low,3391980.0
39,11,1,22.74489,90.7992,Mixed,Masonry,2,2020,12,333.1,Good,High,505094.0
40,51,6,29.51623,91.0344,Commercial,Kutcha,5,1994,3,284.2,Fair,High,639448.0
41,40,5,27.86279,97.86746,Commercial,Steel,5,2001,43,10.2,Poor,High,2905342.0
42,55,7,28.84409,94.28739,Commercial,Kutcha,5,1966,47,51.6,Poor,Low,4231466.0
43,19,2,24.31831,96.22364,Industrial,Reinforced Concrete,4,1978,26,462.1,Dilapidated,Low,681510.0
44,7,1,26.30724,92.39013,Industrial,Timber,3,2005,10,476.4,Poor,Low,3826427.0
45,43,5,29.83835,97.6068,Residential,Masonry,5,1953,35,287.1,Poor,Medium,1729645.0
46,36,4,25.17787,90.75435,Institutional,Steel,3,1963,45,146.6,Fair,Low,687963.0
47,41,5,22.77721,94.23947,Residential,Steel,1,2002,4,252.8,Good,High,1310206.0
48,62,8,26.86894,92.27516,Mixed,Timber,1,2011,21,364.1,Fair,Negligible,2031753.0
49,6,1,26.60544,96.98514,Residential,Steel,4,1989,13,86.6,Good,Medium,4603888.0
50,35,4,23.25255,91.75451,Commercial,Kutcha,5,1954,12,492.8,Good,Medium,4623721.0
51,19,2,24.15682,96.37472,Mixed,Reinforced Concrete,3,1993,39,472.8,Good,High,3534680.0
52,46,5,23.15075,97.54289,Industrial,Kutcha,2,1981,12,308.5,Dilapidated,High,400484.0
53,57,7,23.64871,93.27235,Commercial,Kutcha,5,1980,40,118.1,Fair,Negligible,3156121.0
54,53,6,27.95236,91.31209,Institutional,Kutcha,2,2000,12,35.7,Fair,Negligible,1143081.0
55,45,5,28.79065,94.94461,Mixed,Kutcha,6,2023,30,58.1,Fair,Medium,2221577.0
56,54,6,29.67619,91.65254,Residential,Reinforced Concrete,3,1971,42,103.2,Good,Low,2131664.0
57,54,6,29.59537,91.5802,Mixed,Steel,3,2007,33,389.1,Poor,Negligible,976062.0
58,19,2,24.381,96.24583,Industrial,Masonry,4,1967,24,312.4,Good,Low,3374599.0
59,39,4,27.57548,91.02867,Institutional,Timber,6,2002,18,207.1,Dilapidated,Low,2769793.0
60,47,6,29.51721,99.40353,Mixed,Reinforced Concrete,5,1965,2,212.3,Poor,Negligible,4718152.0
61,23,3,27.99735,91.70529,Mixed,Kutcha,2,1988,5,73.7,Good,Medium,3557823.0
62,36,4,25.21521,90.79332,Residential,Timber,3,1980,20,377.2,Poor,Medium,4700705.0
63,32,3,25.3314,95.97893,Residential,Kutcha,4,2007,40,274.6,Poor,High,2411034.0
64,48,6,26.6415,94.96215,Institutional,Masonry,3,2022,33,65.7,Fair,Medium,871403.0
65,27,3,25.32797,90.74131,Commercial,Timber,2,1954,37,387.3,Good,Low,3388822.0
66,18,2,28.68837,98.58738,Commercial,Timber,1,2014,47,463.2,Fair,Negligible,3735625.0
67,51,6,29.68524,90.87267,Commercial,Reinforced Concrete,6,2009,37,435.2,Good,Negligible,4978010.0
68,45,5,28.72433,94.92831,Industrial,Steel,5,1999,6,133.3,Poor,Negligible,835936.0
69,19,2,24.29782,96.3669,Industrial,Timber,2,2014,8,310.7,Fair,Medium,1695402.0
70,16,2,23.49411,90.88513,Residential,Kutcha,5,1976,10,436.8,Good,Negligible,948638.0
71,58,7,27.16611,94.42828,Institutional,Timber,3,1950,20,180.1,Poor,Medium,4545236.0
72,30,3,25.54694,92.70426,Residential,Reinforced Concrete,3,1999,44,467.2,Dilapidated,High,3032676.0
73,25,3,26.38467,96.73127,Residential,Steel,6,1996,47,217.5,Poor,High,2024437.0
74,7,1,26.23003,92.26126,Institutional,Reinforced Concrete,6,2006,21,202.2,Fair,Negligible,4277279.0
75,6,1,26.39981,97.21171,Residential,Steel,5,1986,24,18.6,Poor,Low,2507218.0
76,16,2,23.43131,90.52086,Institutional,Masonry,3,1960,38,488.4,Poor,Negligible,4011450.0
77,14,2,22.82567,92.97546,Industrial,Masonry,3,1986,43,399.7,Poor,Medium,2053958.0
78,2,1,24.06029,91.58834,Industrial,Reinforced Concrete,4,1995,33,421.3,Fair,Low,3540195.0
79,14,2,22.68952,92.73333,Mixed,Timber,6,1950,14,271.6,Good,Medium,4070868.0
80,2,1,24.02979,91.39647,Commercial,Steel,4,1963,15,273.7,Dilapidated,Negligible,3421912.0
81,37,4,26.87877,94.61399,Residential,Reinforced Concrete,3,1984,39,253.9,Dilapidated,Negligible,2781399.0
82,12,1,26.87928,97.99595,Commercial,Steel,3,1968,45,379.3,Fair,Negligible,1865204.0
83,26,3,24.0306,90.28063,Commercial,Reinforced Concrete,1,1989,33,495.4,Fair,Low,1807824.0
84,32,3,25.59794,95.95617,Residential,Kutcha,2,1973,44,246.5,Poor,Low,849609.0
85,39,4,27.46981,91.02379,Residential,Kutcha,6,1979,43,166.7,Dilapidated,High,1073781.0
86,43,5,29.85656,97.5333,Institutional,Steel,5,1952,29,175.8,Dilapidated,Low,3436591.0
87,3,1,27.56217,98.93472,Residential,Kutcha,1,1974,35,137.2,Poor,Low,175958.0
88,30,3,25.66234,92.69412,Mixed,Kutcha,6,2021,18,366.2,Dilapidated,High,3136494.0
89,3,1,27.29971,98.79712,Institutional,Masonry,1,2008,44,272.4,Fair,Negligible,4849118.0
90,21,2,24.07403,99.52929,Residential,Steel,3,1997,43,137.4,Good,Negligible,1478537.0
91,4,1,26.5362,90.43967,Residential,Masonry,1,1955,32,398.4,Fair,Low,4602593.0
92,11,1,22.7499,91.11563,Industrial,Timber,4,2006,44,342.5,Poor,Medium,2624554.0
93,18,2,28.70089,98.5638,Institutional,Steel,5,1975,38,257.4,Good,Medium,4495174.0
94,53,6,28.30357,91.47088,Residential,Timber,1,2006,10,394.5,Fair,Negligible,4587305.0
95,34,4,25.87582,97.37521,Commercial,Timber,6,1999,47,226.1,Good,Medium,394835.0
96,10,1,23.80839,97.4428,Residential,Kutcha,5,1966,22,489.7,Dilapidated,Medium,3543863.0
97,37,4,26.94886,94.72708,Industrial,Timber,2,2013,38,291.9,Dilapidated,Negligible,4092769.0
98,20,2,23.22724,93.35383,Residential,Steel,6,1967,14,322.9,Poor,Negligible,3490036.0
99,4,1,26.77973,90.29028,Mixed,Masonry,5,1959,42,161.6,Good,High,4787027.0
100,18,2,28.80976,98.55548,Residential,Masonry,5,1967,22,360.6,Good,Medium,2931133.0
101,7,1,26.48153,92.347,Commercial,Kutcha,5,1989,15,233.5,Good,High,2413125.0
102,4,1,26.79084,90.43083,Residential,Timber,4,2016,21,48.1,Good,Medium,3366133.0
103,62,8,27.01081,92.36603,Institutional,Timber,4,1954,20,467.2,Dilapidated,Low,3645237.0
104,12,1,26.9761,98.07875,Industrial,Reinforced Concrete,5,1973,28,456.7,Dilapidated,Negligible,2220168.0
105,15,2,26.98193,98.47291,Industrial,Reinforced Concrete,2,1969,50,59.8,Fair,Medium,2353763.0
106,57,7,23.56562,93.20607,Mixed,Steel,5,2023,17,85.2,Poor,Negligible,2872865.0
107,58,7,27.39632,94.33098,Residential,Steel,6,2013,47,282.0,Poor,Negligible,4570505.0
108,60,8,24.53473,96.00191,Mixed,Timber,1,1993,50,81.5,Dilapidated,Low,2453982.0
109,23,3,27.77765,91.52994,Commercial,Reinforced Concrete,5,2013,3,196.5,Dilapidated,Low,18998.0
110,49,6,29.51592,98.82914,Mixed,Kutcha,4,2021,30,193.1,Fair,Medium,4370765.0
111,18,2,28.88674,98.62013,Industrial,Timber,3,1999,34,27.5,Fair,Medium,4649302.0
112,1,1,27.08585,90.27604,Mixed,Masonry,5,2023,38,116.0,Fair,Low,4473325.0
113,28,3,28.84444,93.08212,Institutional,Timber,5,1961,4,140.1,Fair,Negligible,398665.0
114,12,1,26.76651,98.05316,Commercial,Kutcha,6,2017,50,264.7,Dilapidated,Low,3676843.0
115,19,2,24.17722,96.28422,Industrial,Steel,1,2014,44,236.2,Good,Negligible,14402.0
116,52,6,28.38171,99.84103,Commercial,Kutcha,3,1982,31,167.7,Poor,Medium,1333575.0
117,9,1,27.51573,93.43912,Commercial,Masonry,6,1961,42,52.1,Poor,High,2203646.0
118,45,5,28.7806,94.89417,Mixed,Masonry,2,2002,8,308.1,Fair,Negligible,2009061.0
119,30,3,25.62949,92.61996,Industrial,Reinforced Concrete,1,1979,23,26.6,Dilapidated,Medium,1356499.0
120,62,8,27.00676,92.38446,Mixed,Reinforced Concrete,4,1997,43,143.4,Dilapidated,Medium,2721873.0
121,34,4,25.96248,97.74682,Mixed,Steel,1,1984,49,276.1,Poor,Negligible,4270439.0
122,49,6,29.3828,98.89699,Industrial,Reinforced Concrete,4,1971,41,332.9,Good,Medium,4030051.0
123,1,1,27.115,90.42358,Mixed,Masonry,1,1977,11,39.4,Good,Low,132315.0
124,9,1,27.50392,93.21805,Industrial,Timber,6,2021,42,32.7,Good,Medium,2635660.0
125,9,1,27.48865,93.24293,Residential,Reinforced Concrete,2,1977,32,57.2,Dilapidated,Negligible,1803658.0
126,36,4,25.41539,90.72107,Institutional,Kutcha,5,2018,47,416.3,Poor,Negligible,4265554.0
127,13,2,26.3626,99.7492,Institutional,Steel,1,1980,1,38.2,Dilapidated,High,460768.0
128,62,8,26.92929,92.22491,Commercial,Masonry,2,2011,32,208.1,Dilapidated,Medium,1210860.0
129,3,1,27.41404,98.79403,Industrial,Reinforced Concrete,6,2016,23,339.3,Poor,Low,3539453.0
130,26,3,23.88492,90.43411,Commercial,Steel,2,1976,39,393.5,Fair,Negligible,486297.0
131,43,5,29.62449,97.70875,Commercial,Masonry,2,1990,37,392.7,Poor,Negligible,2579277.0
132,20,2,23.31937,93.67676,Industrial,Timber,2,2008,29,250.5,Dilapidated,Low,430904.0
133,39,4,27.4451,91.07604,Industrial,Steel,1,1996,28,45.1,Fair,Negligible,2210370.0
134,29,3,25.94371,98.84057,Commercial,Masonry,3,1953,18,249.0,Fair,Medium,4930580.0
135,25,3,26.62724,96.83714,Mixed,Steel,3,2008,12,118.2,Poor,Negligible,1681785.0
136,14,2,22.5953,92.77314,Mixed,Reinforced Concrete,5,2000,9,469.5,Fair,Medium,571229.0
137,35,4,23.04498,91.7089,Institutional,Masonry,6,1977,45,341.6,Poor,High,4294119.0
138,30,3,25.60531,92.71546,Industrial,Masonry,3,1963,7,318.5,Good,High,2138165.0
139,43,5,29.68436,97.4276,Residential,Masonry,6,1955,2,151.8,Good,High,4063977.0
140,4,1,26.86796,90.16634,Residential,Timber,3,1973,8,153.8,Poor,High,4349325.0
141,57,7,23.7923,93.17409,Industrial,Masonry,1,1969,8,359.9,Dilapidated,Low,773356.0
142,60,8,24.61529,96.02729,Residential,Kutcha,4,2016,32,387.0,Good,Medium,3876681.0
143,51,6,29.43887,90.86853,Industrial,Masonry,4,1985,4,27.9,Poor,Low,1046969.0
144,16,2,23.43277,90.72948,Mixed,Reinforced Concrete,6,1967,8,489.4,Dilapidated,Negligible,2798602.0
145,35,4,23.13429,91.67601,Industrial,Reinforced Concrete,5,1997,6,140.0,Poor,High,3236015.0
146,18,2,28.64379,98.69599,Industrial,Reinforced Concrete,4,1991,16,372.2,Fair,Medium,874651.0
147,26,3,23.89234,90.19916,Commercial,Masonry,1,1970,43,171.1,Poor,Medium,2874043.0
148,22,2,22.64961,96.2693,Mixed,Timber,1,1967,37,152.6,Fair,High,4130042.0
149,6,1,26.5923,97.00427,Residential,Steel,1,1989,45,194.0,Good,Medium,1405744.0
150,26,3,23.63854,90.12161,Residential,Kutcha,3,1956,40,476.8,Good,High,1762515.0
151,50,6,24.01659,92.47546,Institutional,Timber,3,2018,30,153.5,Poor,Medium,597082.0
152,18,2,28.70293,98.74066,Commercial,Timber,2,1973,4,67.8,Good,Medium,393142.0
153,40,5,28.0383,97.59219,Commercial,Kutcha,5,1994,6,475.1,Dilapidated,Negligible,2929248.0
154,11,1,22.76567,90.94346,Industrial,Kutcha,4,1985,38,154.4,Poor,Negligible,907309.0
155,53,6,27.94305,91.15303,Institutional,Timber,2,1978,30,117.1,Good,Low,3207210.0
156,13,2,26.11689,99.59355,Residential,Masonry,1,1981,13,73.7,Good,High,1865033.0
157,58,7,27.26434,94.52489,Industrial,Timber,6,2012,41,125.2,Good,Negligible,360206.0
158,51,6,29.56003,90.99584,Residential,Steel,1,1984,49,325.6,Poor,Low,392088.0
159,2,1,23.94226,91.4918,Residential,Reinforced Concrete,2,2007,30,283.5,Good,Negligible,835365.0
160,27,3,25.12155,90.72862,Institutional,Steel,2,1975,11,190.7,Good,High,3866694.0
161,56,7,29.51907,97.63163,Residential,Kutcha,6,2010,25,186.0,Poor,Negligible,2719075.0
162,18,2,28.69666,98.68591,Industrial,Timber,2,1964,13,341.8,Dilapidated,High,465066.0
163,1,1,27.20819,90.28825,Industrial,Kutcha,5,1974,21,150.6,Poor,Negligible,2725603.0
164,1,1,27.24524,90.31036,Industrial,Reinforced Concrete,5,1968,7,222.7,Poor,Medium,184311.0
165,61,8,26.89987,90.25254,Mixed,Masonry,5,2008,11,182.6,Dilapidated,Medium,4229400.0
166,9,1,27.73121,93.49663,Mixed,Kutcha,6,2014,24,297.8,Fair,Low,2651236.0
167,30,3,25.57424,92.77976,Mixed,Masonry,1,1994,35,22.3,Good,High,4175465.0
168,41,5,22.9629,94.19534,Mixed,Kutcha,1,1971,27,153.7,Good,Medium,3098808.0
169,35,4,23.14958,91.78756,Industrial,Reinforced Concrete,5,2003,17,340.0,Fair,Negligible,3665176.0
170,55,7,28.99775,94.18778,Residential,Masonry,5,1952,50,64.4,Fair,Low,461552.0
171,3,1,27.47154,98.82966,Industrial,Masonry,6,1952,4,158.8,Fair,Medium,1261700.0
172,38,4,29.77949,98.45138,Industrial,Masonry,6,2021,19,358.3,Good,Medium,3298025.0
173,45,5,28.89734,95.05161,Commercial,Reinforced Concrete,1,2022,47,369.6,Dilapidated,Medium,43266.0
174,7,1,26.45243,92.37563,Residential,Timber,2,1959,27,453.9,Fair,Low,4208278.0
175,4,1,26.80485,90.24344,Commercial,Timber,4,1965,27,281.4,Fair,Medium,1994652.0
176,56,7,29.62493,97.45833,Mixed,Timber,3,2006,3,58.8,Good,Low,511471.0
177,28,3,29.1563,93.02334,Commercial,Kutcha,4,2011,12,334.5,Good,Negligible,1233376.0
178,18,2,28.87652,98.52182,Commercial,Kutcha,2,1984,50,99.5,Good,Medium,1289792.0
179,42,5,22.01786,97.39401,Commercial,Reinforced Concrete,3,1958,4,194.7,Fair,High,2901295.0
180,57,7,23.44685,92.95924,Commercial,Timber,2,1972,34,76.6,Poor,Negligible,872066.0
181,21,2,24.09978,99.29613,Industrial,Steel,5,1975,47,149.4,Poor,High,4363699.0
182,31,3,28.00841,95.57031,Commercial,Reinforced Concrete,1,2000,31,20.0,Fair,Medium,4012053.0
183,52,6,28.33467,99.87855,Residential,Reinforced Concrete,6,1960,15,41.5,Good,Medium,2148341.0
184,6,1,26.40071,97.07002,Industrial,Timber,4,2015,18,131.3,Poor,Low,2173584.0
185,28,3,28.9151,93.24087,Commercial,Kutcha,6,1972,23,46.1,Fair,Low,3527952.0
186,57,7,23.7309,93.12401,Institutional,Steel,3,1974,46,85.4,Poor,Negligible,3604539.0
187,23,3,27.82018,91.66158,Commercial,Timber,6,2014,43,199.3,Poor,High,135296.0
188,8,1,24.23181,98.7816,Residential,Steel,3,1950,15,222.5,Good,Negligible,690880.0
189,61,8,26.73367,90.13142,Mixed,Kutcha,5,1990,47,292.7,Poor,Low,3128045.0
190,29,3,26.16418,98.64832,Mixed,Masonry,1,1995,37,416.6,Poor,High,1378553.0
191,55,7,28.93151,94.37276,Industrial,Kutcha,5,2023,34,93.5,Poor,Medium,4676619.0
192,3,1,27.22903,98.82885,Commercial,Steel,1,1968,28,93.5,Fair,Medium,2401210.0
193,32,3,25.26903,95.87073,Institutional,Masonry,3,2015,6,459.2,Dilapidated,Medium,260717.0
194,27,3,25.33006,90.55374,Commercial,Masonry,4,1996,24,469.0,Fair,Negligible,2948698.0
195,14,2,22.4471,92.9011,Institutional,Timber,6,1966,13,266.8,Dilapidated,Low,2772996.0
196,41,5,22.91698,94.1712,Industrial,Reinforced Concrete,3,1956,34,267.4,Dilapidated,Low,4026756.0
197,1,1,26.95535,90.36238,Institutional,Timber,1,2020,32,386.7,Poor,Negligible,649043.0
198,51,6,29.6702,91.00558,Residential,Timber,2,1954,42,410.5,Dilapidated,Low,688038.0
199,39,4,27.50038,91.13088,Commercial,Steel,2,2022,26,398.7,Dilapidated,High,1772876.0
200,20,2,23.26499,93.45291,Mixed,Reinforced Concrete,6,2003,10,412.6,Fair,Negligible,1065439.0
201,59,8,25.41281,92.50728,Industrial,Masonry,3,1989,33,145.6,Dilapidated,Low,2758346.0
202,36,4,25.3387,90.59033,Industrial,Masonry,4,1959,36,16.3,Poor,Negligible,836267.0
203,40,5,27.81488,97.827,Residential,Masonry,4,1950,46,446.5,Fair,High,2902150.0
204,7,1,26.43655,92.18265,Residential,Reinforced Concrete,1,2012,29,218.4,Poor,High,2643166.0
205,47,6,29.67563,99.24601,Institutional,Reinforced Concrete,3,1983,20,484.8,Dilapidated,Medium,2132654.0
206,8,1,24.09163,98.54496,Commercial,Reinforced Concrete,2,2005,6,424.3,Poor,Medium,4113029.0
207,14,2,22.61943,92.78778,Residential,Steel,1,1995,26,192.5,Good,High,345639.0
208,56,7,29.43612,97.53506,Industrial,Masonry,3,1976,28,451.2,Poor,High,2846499.0
209,39,4,27.41789,91.08037,Mixed,Kutcha,6,1988,30,434.0,Poor,Negligible,1980186.0
210,55,7,29.10975,94.14247,Residential,Masonry,6,1977,4,470.9,Poor,High,1274196.0
211,22,2,22.4624,96.27864,Industrial,Reinforced Concrete,1,1988,13,164.1,Poor,Medium,2234287.0
212,21,2,24.13903,99.32732,Industrial,Kutcha,6,2000,49,304.5,Good,Medium,2477979.0
213,62,8,27.04002,92.39333,Commercial,Reinforced Concrete,5,1958,25,249.3,Dilapidated,Negligible,3540607.0
214,18,2,28.7613,98.67558,Commercial,Masonry,2,2019,5,456.0,Dilapidated,Medium,1206914.0
215,34,4,25.95171,97.66511,Commercial,Steel,2,2021,35,126.7,Dilapidated,Medium,475106.0
216,22,2,22.76253,96.21467,Residential,Kutcha,6,1976,36,427.7,Poor,Low,2176701.0
217,2,1,23.89209,91.26967,Residential,Masonry,1,1958,50,458.6,Fair,Low,3714702.0
218,28,3,29.15131,93.04756,Commercial,Kutcha,3,1957,36,493.5,Fair,Medium,889511.0
219,51,6,29.44601,90.67634,Institutional,Steel,2,2004,36,319.6,Fair,Low,4154142.0
220,49,6,29.62677,98.8437,Mixed,Steel,6,1969,12,36.8,Dilapidated,Negligible,2201943.0
221,1,1,26.9498,90.10134,Industrial,Kutcha,4,1994,16,380.5,Good,Low,21699.0
222,32,3,25.32212,95.71256,Commercial,Masonry,2,1966,45,59.1,Poor,High,578574.0
223,11,1,22.68321,90.90901,Residential,Masonry,5,1962,2,497.0,Poor,High,3553811.0
224,30,3,25.55319,92.64325,Institutional,Masonry,4,1956,3,276.4,Dilapidated,High,286544.0
225,6,1,26.66416,97.08749,Institutional,Timber,6,1997,6,312.3,Poor,Low,2674740.0
226,33,4,23.64702,99.91,Residential,Kutcha,2,1956,11,448.0,Dilapidated,Medium,133682.0
227,48,6,26.93384,94.76379,Institutional,Reinforced Concrete,2,1955,24,282.3,Good,High,678818.0
228,8,1,24.17322,98.876,Residential,Reinforced Concrete,4,1995,31,256.7,Poor,Medium,835905.0
229,31,3,27.8002,95.22012,Commercial,Steel,6,1978,37,313.2,Dilapidated,Negligible,1339366.0
230,20,2,23.22067,93.70031,Mixed,Timber,2,1956,41,287.7,Poor,Negligible,3382243.0
231,15,2,26.7983,98.45309,Commercial,Masonry,4,2020,11,186.0,Dilapidated,High,4515422.0
232,55,7,28.93908,94.38344,Industrial,Steel,1,2012,47,281.4,Poor,Medium,134581.0
233,32,3,25.27445,95.9395,Mixed,Steel,2,1996,30,443.5,Good,Negligible,3924874.0
234,14,2,22.64672,92.81102,Institutional,Reinforced Concrete,6,1998,1,65.0,Good,Medium,2002128.0
235,44,5,29.45922,98.80727,Residential,Reinforced Concrete,6,1959,4,442.0,Good,High,2733063.0
236,26,3,23.90998,90.21915,Mixed,Masonry,5,2021,26,227.8,Dilapidated,High,1732036.0
237,6,1,26.67951,97.10211,Mixed,Steel,1,2022,30,421.5,Good,Medium,1051679.0
238,33,4,23.83829,100.05576,Residential,Timber,5,1979,35,161.0,Poor,High,2295246.0
239,30,3,25.82243,92.5528,Residential,Kutcha,1,1964,2,484.5,Good,High,1628567.0
240,21,2,24.24869,99.52296,Residential,Reinforced Concrete,2,1989,43,12.1,Fair,Low,2793436.0
241,32,3,25.59855,95.90991,Institutional,Reinforced Concrete,4,1999,33,439.7,Poor,High,1873123.0
242,50,6,23.78006,92.23976,Residential,Kutcha,3,1951,5,213.6,Good,High,2475174.0
243,2,1,23.8132,91.24458,Industrial,Kutcha,1,2005,42,323.4,Good,Negligible,2701030.0
244,22,2,22.617,96.47836,Institutional,Kutcha,5,2004,47,447.2,Poor,Negligible,2056880.0
245,61,8,26.86496,90.2458,Commercial,Kutcha,4,1989,30,127.7,Dilapidated,Low,550397.0
246,45,5,28.65748,95.15363,Institutional,Reinforced Concrete,2,1972,50,66.6,Fair,Low,3268702.0
247,19,2,24.07305,96.27703,Commercial,Reinforced Concrete,6,1991,10,227.2,Dilapidated,Low,69059.0
248,31,3,28.11989,95.47332,Commercial,Steel,2,1956,23,100.0,Fair,Low,4892409.0
249,39,4,27.40879,90.99805,Commercial,Timber,6,2023,46,239.4,Good,Negligible,3359797.0
250,15,2,26.91847,98.57546,Institutional,Kutcha,1,2001,39,319.4,Good,Negligible,4909922.0
251,10,1,23.75203,97.65959,Residential,Masonry,5,1961,4,483.6,Good,High,986590.0
252,28,3,28.96702,92.99519,Institutional,Reinforced Concrete,5,1962,41,238.1,Good,Low,3307483.0
253,9,1,27.75737,93.57818,Industrial,Masonry,6,1968,5,420.6,Good,Negligible,2918095.0
254,11,1,22.9406,91.06922,Residential,Steel,2,1972,14,419.2,Good,Low,1116204.0
255,44,5,29.4357,98.60415,Mixed,Reinforced Concrete,4,2002,13,171.3,Fair,Negligible,3077278.0
256,24,3,24.19587,99.39739,Residential,Kutcha,4,1950,37,75.9,Poor,Negligible,1877833.0
257,48,6,26.8505,94.89762,Industrial,Timber,3,2021,32,427.6,Dilapidated,Medium,2336668.0
258,20,2,23.31379,93.36885,Residential,Masonry,6,1997,16,347.3,Dilapidated,Low,2683424.0
259,42,5,21.98094,97.10358,Industrial,Reinforced Concrete,3,2005,1,213.3,Fair,High,2424555.0
260,21,2,24.21344,99.32914,Commercial,Masonry,6,1993,19,356.0,Good,Medium,547612.0
261,38,4,29.78443,98.79195,Commercial,Masonry,2,1993,29,165.1,Fair,Low,1481128.0
262,41,5,22.95301,94.17116,Institutional,Timber,5,1998,23,315.1,Good,Medium,3377940.0
263,55,7,29.06239,94.08279,Industrial,Kutcha,4,1986,24,265.5,Dilapidated,Medium,2728799.0
264,39,4,27.6042,91.25108,Residential,Steel,4,1965,13,467.9,Poor,Medium,4428028.0
265,55,7,29.06794,94.33553,Mixed,Kutcha,2,2006,25,358.7,Poor,High,102286.0
266,49,6,29.25207,98.93856,Industrial,Steel,4,1989,36,475.8,Good,High,1706967.0
267,52,6,28.60768,99.8096,Commercial,Kutcha,2,1960,35,499.9,Poor,Medium,4571958.0
268,28,3,29.1887,93.00008,Mixed,Steel,1,1988,33,490.6,Dilapidated,Negligible,4193321.0
269,20,2,23.44205,93.39559,Commercial,Steel,2,1983,10,305.8,Good,Medium,3955906.0
270,35,4,23.14177,91.68595,Commercial,Timber,5,1987,27,211.2,Good,High,644182.0
271,49,6,29.35641,98.92852,Institutional,Reinforced Concrete,1,1974,33,31.1,Dilapidated,Negligible,828761.0
272,27,3,25.14168,90.58863,Mixed,Reinforced Concrete,5,1981,47,10.7,Dilapidated,Low,4488286.0
273,9,1,27.66839,93.37273,Residential,Timber,5,1967,28,403.2,Dilapidated,Negligible,2251581.0
274,6,1,26.48224,97.04053,Institutional,Reinforced Concrete,2,1959,29,308.2,Dilapidated,Medium,1179536.0
275,32,3,25.47308,95.85756,Mixed,Masonry,2,1979,35,81.6,Dilapidated,Low,1436611.0
276,53,6,28.06556,91.33403,Mixed,Timber,3,2012,22,398.7,Poor,High,4863064.0
277,22,2,22.38093,96.51565,Industrial,Steel,1,1966,17,245.5,Poor,Medium,1597284.0
278,52,6,28.36731,99.92353,Mixed,Steel,1,1970,14,248.1,Poor,Low,2236905.0
279,36,4,25.20919,90.71462,Mixed,Kutcha,3,2003,40,318.6,Poor,Low,4055595.0
280,41,5,23.07033,94.26332,Mixed,Steel,4,1955,19,203.0,Dilapidated,Low,3982959.0
281,51,6,29.69803,90.93851,Institutional,Masonry,6,2017,13,30.1,Dilapidated,Negligible,2641223.0
282,7,1,26.18285,92.24987,Residential,Kutcha,4,2001,14,203.8,Fair,Negligible,3798262.0
283,52,6,28.46071,99.58802,Institutional,Steel,5,2005,14,237.7,Poor,High,1782728.0
284,11,1,22.84889,90.9645,Commercial,Masonry,6,1962,38,355.5,Fair,Negligible,1359983.0
285,47,6,29.61816,99.37056,Institutional,Kutcha,5,1973,49,77.3,Good,Low,125630.0
286,6,1,26.67029,97.19479,Institutional,Kutcha,2,1968,10,394.8,Good,High,4017097.0
287,50,6,23.73508,92.59649,Residential,Masonry,5,2022,32,269.6,Poor,High,2019907.0
288,56,7,29.26399,97.61402,Residential,Kutcha,1,1987,4,284.9,Poor,Medium,2104357.0
289,19,2,24.38739,96.27836,Residential,Timber,2,1962,50,286.2,Fair,Low,3152905.0
290,50,6,23.99055,92.42394,Commercial,Masonry,4,1970,31,223.8,Dilapidated,Low,2054024.0
291,21,2,24.31157,99.55496,Industrial,Steel,5,1953,16,157.1,Good,High,864746.0
292,11,1,22.56852,90.7875,Residential,Masonry,1,1988,11,248.7,Good,Negligible,2682896.0
293,34,4,25.9818,97.4593,Industrial,Kutcha,3,1981,43,231.5,Fair,Low,1887517.0
294,57,7,23.60973,93.13076,Residential,Masonry,6,1951,6,206.9,Poor,Medium,4880049.0
295,30,3,25.49325,92.53528,Commercial,Kutcha,1,1994,31,435.8,Fair,Medium,2965588.0
296,8,1,24.05861,98.61679,Industrial,Reinforced Concrete,3,2018,5,342.3,Dilapidated,Low,3021640.0
297,30,3,25.60883,92.7018,Mixed,Kutcha,4,2005,40,453.3,Good,Medium,3605692.0
298,41,5,22.77459,94.23876,Mixed,Steel,1,2010,1,90.2,Dilapidated,Medium,1172687.0
299,35,4,23.30208,91.42666,Residential,Kutcha,4,1969,24,260.8,Fair,Low,4122278.0
300,13,2,26.30962,99.80606,Residential,Steel,5,1965,5,442.7,Poor,Medium,4175038.0
301,19,2,24.19955,96.50683,Institutional,Steel,1,1959,17,145.0,Fair,Negligible,1708323.0
302,11,1,22.55904,90.78195,Commercial,Masonry,5,1967,8,376.4,Fair,Negligible,4666489.0
303,52,6,28.45538,99.75389,Industrial,Masonry,2,1982,33,398.4,Good,Low,4737131.0
304,31,3,27.87999,95.39706,Institutional,Reinforced Concrete,2,1967,4,31.3,Dilapidated,High,2006852.0
305,62,8,27.18,92.13656,Industrial,Masonry,1,2002,28,215.2,Poor,Negligible,3088530.0
306,22,2,22.54219,96.31647,Mixed,Masonry,6,1978,32,453.9,Good,Low,1256398.0
307,31,3,28.04718,95.19476,Institutional,Masonry,4,1955,35,214.9,Dilapidated,High,749147.0
308,42,5,21.94328,97.21584,Mixed,Kutcha,1,2014,47,315.2,Dilapidated,High,2972541.0
309,4,1,26.69821,90.29581,Mixed,Timber,2,2019,6,357.8,Dilapidated,Negligible,2635580.0
310,7,1,26.28061,92.34109,Mixed,Steel,4,1975,49,369.6,Fair,Low,912835.0
311,20,2,23.27657,93.47151,Commercial,Kutcha,5,2022,33,271.3,Dilapidated,Low,2994720.0
312,14,2,22.75417,93.12848,Industrial,Kutcha,3,1972,17,254.3,Fair,High,2049388.0
313,33,4,23.7719,100.10286,Industrial,Masonry,4,1955,9,458.5,Poor,Medium,2716543.0
314,56,7,29.55138,97.67219,Mixed,Kutcha,3,1969,8,346.4,Dilapidated,Negligible,2638993.0
315,53,6,28.23267,91.41131,Mixed,Timber,4,1971,25,21.4,Poor,Medium,80286.0
316,9,1,27.49425,93.59243,Industrial,Reinforced Concrete,6,2000,25,185.5,Dilapidated,Low,3415578.0
317,26,3,23.87336,90.1624,Mixed,Steel,6,2008,42,319.4,Good,Negligible,632414.0
318,45,5,28.54368,95.19036,Industrial,Timber,6,2019,2,256.8,Dilapidated,Low,4426175.0
319,40,5,28.08968,97.54535,Institutional,Timber,1,1991,21,41.6,Good,Negligible,1457716.0
320,53,6,27.99247,91.27826,Commercial,Timber,1,2011,43,109.7,Fair,Low,723885.0
321,62,8,27.20831,92.1389,Mixed,Kutcha,4,1951,21,81.8,Good,Medium,2491623.0
322,45,5,28.84068,95.07388,Commercial,Reinforced Concrete,1,1966,30,61.0,Poor,Negligible,2098396.0
323,11,1,22.54441,91.09445,Institutional,Kutcha,1,1980,24,427.1,Dilapidated,Medium,1258023.0
324,36,4,25.30372,90.62103,Mixed,Steel,5,1970,46,150.6,Poor,High,3996456.0
325,22,2,22.60008,96.23194,Mixed,Timber,4,2002,40,238.5,Poor,High,2198641.0
326,23,3,27.80733,91.51852,Residential,Masonry,1,1954,12,73.1,Good,Medium,1431689.0
327,19,2,24.19642,96.48317,Mixed,Masonry,4,2012,23,18.9,Good,Medium,541347.0
328,45,5,28.63143,95.19907,Mixed,Kutcha,6,1990,50,18.9,Good,Negligible,312540.0
329,4,1,26.78793,90.3345,Institutional,Steel,3,1957,32,89.6,Fair,Low,4357770.0
330,32,3,25.37123,95.70297,Mixed,Kutcha,4,2006,23,94.3,Good,High,3623751.0
331,55,7,28.84012,94.41535,Institutional,Timber,5,1984,23,187.3,Dilapidated,Negligible,96306.0
332,50,6,24.03405,92.38044,Commercial,Timber,1,1972,42,115.2,Fair,Medium,1806314.0
333,6,1,26.39815,97.17246,Industrial,Masonry,2,1994,20,201.2,Fair,Low,3239461.0
334,58,7,27.04024,94.48006,Commercial,Timber,5,1955,50,205.7,Fair,Low,3534839.0
335,23,3,27.6768,91.73237,Mixed,Kutcha,2,2000,10,71.6,Poor,Low,3858060.0
336,32,3,25.30546,95.90559,Mixed,Kutcha,3,2011,34,400.0,Dilapidated,Medium,3481414.0
337,19,2,24.2096,96.41706,Institutional,Reinforced Concrete,5,2009,21,231.0,Good,Negligible,4279793.0
338,44,5,29.46361,98.63145,Institutional,Reinforced Concrete,5,2014,20,231.2,Good,Low,1511559.0
339,53,6,28.06931,91.45775,Residential,Reinforced Concrete,5,1950,31,246.1,Dilapidated,Medium,2617277.0
340,11,1,22.92704,90.88086,Industrial,Reinforced Concrete,4,1975,31,345.5,Poor,Negligible,206472.0
341,14,2,22.67825,92.92392,Industrial,Kutcha,6,1969,1,109.2,Dilapidated,Negligible,645631.0
342,58,7,27.19436,94.2387,Mixed,Steel,5,1978,50,431.6,Poor,Negligible,1843.0
343,29,3,25.89295,98.88029,Commercial,Reinforced Concrete,4,1975,46,345.6,Fair,High,3205626.0
344,44,5,29.24682,98.58269,Industrial,Kutcha,3,1968,37,175.5,Fair,High,2243815.0
345,59,8,25.75706,92.54715,Commercial,Reinforced Concrete,2,2006,8,57.0,Fair,Medium,4987983.0
346,41,5,22.97947,94.42648,Mixed,Masonry,4,1953,45,201.4,Dilapidated,Medium,2987648.0
347,39,4,27.41764,91.04783,Institutional,Steel,4,1973,38,499.9,Poor,Negligible,3994880.0
348,11,1,22.80153,90.83538,Industrial,Reinforced Concrete,4,1998,50,26.2,Good,Negligible,1195115.0
349,31,3,27.76742,95.22136,Residential,Masonry,5,1955,9,380.3,Good,Medium,762045.0
350,54,6,29.57794,91.62464,Industrial,Steel,3,1986,46,116.1,Good,Low,1048355.0
351,24,3,24.2845,99.36553,Residential,Reinforced Concrete,4,1987,40,340.7,Dilapidated,High,4340691.0
352,36,4,25.33794,90.71078,Institutional,Timber,4,1960,13,33.4,Poor,Negligible,2100162.0
353,47,6,29.77104,99.18703,Mixed,Timber,3,2007,23,483.6,Dilapidated,Low,4561140.0
354,46,5,23.28232,97.48285,Industrial,Steel,1,1991,20,69.4,Poor,Medium,3638806.0
355,5,1,23.59309,94.93883,Industrial,Steel,2,2004,32,297.0,Good,Low,4434445.0
356,27,3,25.23943,90.50052,Institutional,Kutcha,1,2005,49,490.5,Fair,Medium,3348874.0
357,9,1,27.444,93.39522,Mixed,Masonry,6,1965,45,243.5,Poor,Medium,4775880.0
358,4,1,26.722,90.26662,Institutional,Kutcha,6,1965,32,497.4,Good,Negligible,4786491.0
359,38,4,29.86256,98.55476,Commercial,Steel,4,1954,39,422.4,Poor,High,446992.0
360,24,3,24.20789,99.181,Institutional,Timber,5,2006,5,137.0,Poor,Low,2329681.0
361,41,5,22.92804,94.50888,Industrial,Timber,5,1988,2,36.9,Good,Medium,811714.0
362,47,6,29.53973,99.19213,Mixed,Masonry,3,1983,47,437.4,Poor,Negligible,3558862.0
363,17,2,23.8481,92.96333,Commercial,Kutcha,6,1973,42,469.5,Fair,Negligible,3956403.0
364,39,4,27.30756,91.13178,Commercial,Masonry,2,2012,15,159.5,Good,Medium,3412315.0
365,57,7,23.58157,93.01635,Mixed,Reinforced Concrete,5,1958,35,24.6,Poor,Low,3700081.0
366,53,6,27.96269,91.4585,Mixed,Reinforced Concrete,6,2012,13,199.9,Dilapidated,Medium,1404980.0
367,46,5,23.30825,97.62278,Residential,Timber,3,1998,32,123.2,Poor,High,2518746.0
368,6,1,26.5995,97.26677,Mixed,Kutcha,2,1984,38,394.2,Fair,Medium,346711.0
369,53,6,27.99832,91.32239,Industrial,Masonry,2,1987,48,442.9,Good,Negligible,2596538.0
370,55,7,29.10772,94.24092,Commercial,Kutcha,3,1958,9,454.7,Dilapidated,High,1742071.0
371,18,2,28.92821,98.58592,Mixed,Masonry,5,1969,28,135.3,Good,Medium,1039274.0
372,42,5,22.0219,97.40305,Institutional,Masonry,2,2017,20,464.8,Good,Low,1486337.0
373,18,2,28.98693,98.71301,Residential,Reinforced Concrete,6,2022,49,181.9,Dilapidated,Medium,4923010.0
374,45,5,28.74088,95.05191,Mixed,Steel,2,1959,26,280.8,Dilapidated,Medium,4352021.0
375,26,3,23.64102,90.16947,Commercial,Steel,2,1990,21,364.7,Fair,Medium,4237159.0
376,2,1,23.8496,91.42451,Residential,Steel,5,2019,14,66.5,Fair,Low,3384811.0
377,30,3,25.71976,92.58344,Mixed,Timber,1,2023,46,387.3,Fair,Low,3189912.0
378,2,1,24.03407,91.52587,Commercial,Reinforced Concrete,5,1966,43,37.5,Poor,High,2729352.0
379,58,7,27.26628,94.25718,Commercial,Timber,4,1983,11,186.6,Dilapidated,Low,4630798.0
380,43,5,29.64955,97.62455,Commercial,Steel,4,1971,37,403.8,Poor,High,1104410.0
381,18,2,29.00872,98.78012,Mixed,Masonry,3,1961,3,316.0,Poor,Medium,4396761.0
382,25,3,26.27861,96.75185,Residential,Timber,6,1956,36,350.1,Poor,High,396685.0
383,40,5,27.98055,97.7698,Institutional,Steel,5,1964,8,347.6,Fair,High,4721432.0
384,35,4,23.41165,91.79927,Commercial,Steel,5,1994,47,168.3,Good,Medium,3926440.0
385,32,3,25.45496,95.89971,Residential,Timber,6,2017,41,240.0,Good,Low,2703652.0
386,51,6,29.39308,90.73418,Institutional,Steel,1,1980,40,254.4,Good,Low,3260573.0
387,41,5,23.01732,94.16974,Institutional,Timber,3,1983,1,407.5,Poor,Medium,2869321.0
388,32,3,25.49413,95.83608,Industrial,Reinforced Concrete,5,1956,38,160.1,Dilapidated,High,4512027.0
389,17,2,23.7082,92.86345,Industrial,Masonry,4,1978,15,202.0,Fair,High,4105915.0
390,21,2,24.31893,99.44715,Residential,Steel,4,2021,43,485.5,Fair,High,2110384.0
391,28,3,28.98449,92.95191,Mixed,Reinforced Concrete,5,2018,41,408.8,Good,Low,4167505.0
392,52,6,28.49748,99.88495,Mixed,Reinforced Concrete,6,2011,38,208.1,Poor,Negligible,2503638.0
393,21,2,24.00106,99.45503,Commercial,Steel,1,1975,13,61.2,Dilapidated,Medium,1673948.0
394,37,4,26.85636,94.5944,Mixed,Kutcha,2,1984,50,218.1,Poor,High,4864046.0
395,41,5,23.03215,94.3347,Mixed,Timber,4,2013,1,349.8,Good,Negligible,3606022.0
396,20,2,23.48155,93.41894,Residential,Reinforced Concrete,4,2007,2,195.6,Dilapidated,Low,3635586.0
397,1,1,27.23217,90.33698,Mixed,Reinforced Concrete,6,1968,18,238.4,Good,Negligible,259868.0
398,6,1,26.3652,97.23124,Mixed,Reinforced Concrete,6,2004,10,124.4,Dilapidated,Low,1502846.0
399,46,5,23.18667,97.60411,Commercial,Masonry,2,1981,26,253.9,Poor,High,3512264.0
400,47,6,29.58429,99.083,Commercial,Steel,2,1980,38,126.5,Poor,High,18469.0
401,27,3,25.3526,90.58965,Residential,Timber,2,1999,2,105.1,Dilapidated,Negligible,3954781.0
402,19,2,24.15932,96.35503,Institutional,Steel,6,1974,30,401.9,Fair,Negligible,1835671.0
403,39,4,27.34855,91.07312,Institutional,Masonry,1,1952,9,398.5,Poor,Low,4200466.0
404,5,1,23.79555,95.14372,Residential,Kutcha,4,2013,47,111.0,Dilapidated,Low,2654397.0
405,41,5,23.06313,94.34789,Mixed,Kutcha,1,2021,48,429.4,Fair,Medium,2517778.0
406,13,2,26.28619,99.6213,Mixed,Timber,5,1988,8,188.7,Fair,High,186447.0
407,42,5,22.12102,97.17371,Residential,Masonry,2,1965,12,322.6,Fair,Medium,663611.0
408,32,3,25.25597,96.03338,Commercial,Reinforced Concrete,1,1965,41,257.1,Poor,Low,622847.0
409,36,4,25.49672,90.82234,Residential,Masonry,5,1957,29,218.7,Fair,Negligible,996930.0
410,11,1,22.66388,90.89689,Mixed,Reinforced Concrete,1,1956,30,325.3,Dilapidated,High,3635379.0
411,14,2,22.44246,93.09576,Commercial,Reinforced Concrete,4,1977,34,26.5,Dilapidated,Medium,3805204.0
412,35,4,23.10232,91.41316,Residential,Reinforced Concrete,6,1978,1,140.7,Poor,High,1510728.0
413,49,6,29.58056,98.78115,Mixed,Kutcha,2,2002,8,211.9,Poor,Low,3666846.0
414,59,8,25.7949,92.30193,Institutional,Steel,4,1992,44,444.3,Dilapidated,Negligible,1782580.0
415,13,2,26.09141,99.61382,Commercial,Timber,5,2002,34,81.7,Poor,Negligible,2738754.0
416,46,5,23.27276,97.75655,Industrial,Timber,5,1975,34,50.1,Good,Low,445111.0
417,11,1,22.59956,90.9394,Residential,Timber,2,1964,12,429.5,Dilapidated,Negligible,4690555.0
418,23,3,27.70436,91.73097,Commercial,Reinforced Concrete,1,1975,14,455.7,Poor,Medium,631031.0
419,57,7,23.53099,93.02216,Mixed,Masonry,4,1985,10,355.7,Dilapidated,Medium,1283884.0
420,57,7,23.80325,93.1703,Industrial,Timber,4,1977,47,46.3,Dilapidated,Low,3805251.0
421,58,7,27.17552,94.25547,Institutional,Steel,3,1959,28,463.7,Good,Medium,1443956.0
422,16,2,23.45622,90.76527,Institutional,Timber,6,1968,21,139.0,Good,High,505502.0
423,32,3,25.2583,95.75849,Mixed,Kutcha,6,1986,34,68.8,Poor,Negligible,3287891.0
424,17,2,23.78529,92.70913,Institutional,Masonry,2,1953,43,227.6,Dilapidated,High,286381.0
425,27,3,25.2407,90.62238,Residential,Masonry,6,1956,27,462.5,Good,Low,3938293.0
426,48,6,26.62526,94.85414,Industrial,Timber,4,1958,14,456.8,Good,Medium,2003548.0
427,22,2,22.38365,96.39623,Residential,Timber,3,2016,31,365.6,Poor,Low,2387227.0
428,7,1,26.29205,92.02284,Industrial,Timber,2,1972,19,203.0,Fair,Medium,3253291.0
429,55,7,28.9932,94.32416,Residential,Timber,4,2006,5,215.6,Poor,High,599948.0
430,20,2,23.49608,93.55601,Residential,Steel,6,2021,18,419.5,Fair,Low,2422725.0
431,49,6,29.53483,98.80565,Institutional,Kutcha,5,1971,23,143.6,Good,Negligible,1240637.0
432,47,6,29.74419,99.29215,Commercial,Masonry,4,2004,12,452.6,Good,High,1901830.0
433,31,3,28.06477,95.52929,Institutional,Steel,6,1996,10,164.3,Fair,High,3589047.0
434,2,1,23.79654,91.35925,Industrial,Steel,2,1989,37,11.4,Good,High,992084.0
435,20,2,23.45624,93.68068,Residential,Steel,4,2021,39,373.4,Dilapidated,High,561050.0
436,52,6,28.60314,99.92355,Residential,Steel,2,1955,36,363.6,Poor,Negligible,2296981.0
437,54,6,29.71193,91.84796,Residential,Steel,6,1999,31,97.9,Good,Negligible,3188925.0
438,35,4,23.28582,91.47721,Industrial,Kutcha,6,1972,9,69.3,Dilapidated,Medium,1386751.0
439,45,5,28.55824,95.21206,Mixed,Timber,2,2016,16,288.5,Poor,Negligible,825364.0
440,27,3,25.18819,90.78267,Residential,Reinforced Concrete,4,1962,38,283.6,Fair,High,4495905.0
441,56,7,29.47676,97.58549,Industrial,Steel,3,1992,29,495.8,Good,Medium,4410008.0
442,35,4,23.40419,91.43947,Industrial,Timber,3,1967,9,121.7,Poor,Medium,392784.0
443,42,5,22.0115,97.11585,Mixed,Masonry,6,1960,27,258.0,Good,Low,4274181.0
444,31,3,28.12358,95.4771,Institutional,Timber,5,2008,20,222.4,Poor,Medium,1201835.0
445,59,8,25.42448,92.66666,Residential,Masonry,3,1963,11,438.6,Fair,High,1881433.0
446,45,5,28.70764,95.11271,Institutional,Kutcha,2,1968,38,89.3,Good,High,118548.0
447,55,7,28.94334,94.0376,Commercial,Steel,1,2018,24,330.2,Dilapidated,High,1394231.0
448,7,1,26.2341,92.38038,Mixed,Kutcha,2,1952,20,308.7,Fair,High,529309.0
449,28,3,28.96636,93.18098,Mixed,Timber,6,1974,34,301.5,Good,Negligible,3113148.0
450,18,2,28.77926,98.47064,Institutional,Kutcha,3,1992,42,27.0,Poor,Low,494137.0
451,50,6,23.80483,92.45376,Residential,Reinforced Concrete,4,1966,40,297.4,Poor,Medium,1701821.0
452,32,3,25.54423,95.84221,Commercial,Timber,1,2009,1,485.8,Good,Medium,1107141.0
453,4,1,26.85919,90.16425,Mixed,Kutcha,2,2009,47,289.6,Fair,High,3765624.0
454,22,2,22.4025,96.21033,Institutional,Masonry,4,2007,47,392.0,Fair,High,1468593.0
455,17,2,23.69467,92.75702,Industrial,Reinforced Concrete,5,1966,35,285.4,Good,Negligible,1374910.0
456,12,1,26.87746,98.05017,Commercial,Timber,6,1967,5,247.7,Dilapidated,Negligible,98378.0
457,9,1,27.61618,93.31579,Industrial,Steel,2,1998,13,256.7,Good,Medium,2415014.0
458,59,8,25.62475,92.66131,Industrial,Masonry,2,1960,24,86.7,Poor,High,1049913.0
459,41,5,23.02685,94.19789,Commercial,Timber,5,1993,50,429.9,Poor,Medium,4365856.0
460,3,1,27.32573,98.93041,Commercial,Reinforced Concrete,2,1982,37,282.0,Poor,High,684591.0
461,5,1,23.68506,95.11601,Industrial,Reinforced Concrete,4,2007,11,46.5,Fair,Medium,4195045.0
462,42,5,21.86739,97.30582,Mixed,Masonry,4,2011,38,120.4,Poor,Medium,1238687.0
463,20,2,23.23895,93.71401,Mixed,Steel,6,1951,45,249.6,Dilapidated,Low,4386169.0
464,2,1,24.0001,91.37091,Mixed,Timber,4,2021,23,188.9,Dilapidated,High,1413990.0
465,48,6,26.6234,94.9164,Commercial,Steel,6,2008,39,60.8,Fair,High,4351454.0
466,53,6,28.05001,91.20253,Industrial,Masonry,2,1997,42,381.0,Fair,Medium,1024803.0
467,4,1,26.5339,90.51376,Residential,Reinforced Concrete,1,1951,47,37.5,Good,Medium,2072082.0
468,47,6,29.74605,99.41454,Institutional,Kutcha,1,1972,41,196.2,Fair,Low,2144360.0
469,38,4,29.58182,98.70899,Commercial,Steel,2,1964,31,48.3,Fair,Low,2068416.0
470,48,6,26.86971,94.81207,Industrial,Kutcha,3,1965,40,310.2,Fair,Negligible,1583307.0
471,51,6,29.41634,90.80145,Institutional,Kutcha,4,1955,47,50.3,Good,Low,4609958.0
472,28,3,28.87189,93.13107,Mixed,Masonry,1,1978,29,399.4,Dilapidated,Medium,3363265.0
473,7,1,26.47867,92.16433,Institutional,Reinforced Concrete,5,1990,34,405.3,Dilapidated,Negligible,2517422.0
474,53,6,28.19077,91.26762,Residential,Kutcha,3,1968,4,228.2,Fair,Medium,1514910.0
475,43,5,29.6522,97.73373,Commercial,Masonry,5,1956,29,333.7,Poor,Medium,3914582.0
476,18,2,28.84124,98.75218,Residential,Kutcha,4,2009,29,226.2,Good,Low,2116724.0
477,26,3,23.91746,90.47573,Institutional,Steel,1,1995,9,167.5,Fair,Low,2803149.0
478,14,2,22.45675,93.12847,Commercial,Reinforced Concrete,4,1996,14,129.8,Poor,Medium,296846.0
479,30,3,25.49936,92.63202,Institutional,Steel,2,2013,40,352.8,Fair,Negligible,1601859.0
480,18,2,28.64574,98.65897,Institutional,Kutcha,1,1964,24,332.2,Poor,Medium,2912022.0
481,17,2,23.89706,92.71899,Commercial,Steel,6,1989,6,272.0,Poor,Medium,500755.0
482,11,1,22.82419,90.81038,Residential,Reinforced Concrete,2,1954,22,322.8,Dilapidated,Medium,2654411.0
483,14,2,22.70438,92.79983,Mixed,Kutcha,3,1992,50,329.5,Fair,Low,4034082.0
484,1,1,27.07863,90.31914,Industrial,Kutcha,6,1951,8,332.0,Good,Negligible,2849081.0
485,48,6,26.60074,94.97804,Commercial,Steel,4,1953,18,458.0,Poor,High,3947066.0
486,54,6,29.61436,91.49762,Institutional,Masonry,6,1950,6,64.8,Fair,Negligible,4139009.0
487,20,2,23.13292,93.62736,Industrial,Timber,2,1977,36,321.2,Dilapidated,Negligible,4808740.0
488,28,3,29.03566,93.08453,Industrial,Reinforced Concrete,6,1977,2,192.3,Poor,Low,1660246.0
489,19,2,24.05719,96.49138,Industrial,Reinforced Concrete,5,1957,41,247.5,Fair,Negligible,3019218.0
490,28,3,29.18447,93.15492,Industrial,Kutcha,6,1959,42,335.3,Fair,High,2290334.0
491,21,2,24.05066,99.2318,Institutional,Timber,4,1974,8,428.4,Poor,High,2960225.0
492,21,2,24.26421,99.45412,Commercial,Reinforced Concrete,6,2009,33,389.6,Dilapidated,Low,3520331.0
493,60,8,24.62042,95.73122,Industrial,Timber,2,2019,42,327.1,Fair,Negligible,2057484.0
494,56,7,29.30695,97.74587,Institutional,Timber,5,1980,10,152.9,Poor,Negligible,1946766.0
495,47,6,29.73211,99.28209,Mixed,Kutcha,2,1997,6,411.7,Poor,High,2705815.0
496,53,6,28.30024,91.3402,Commercial,Kutcha,6,2019,31,353.3,Good,High,3116579.0
497,38,4,29.87229,98.71522,Institutional,Masonry,4,1976,10,498.6,Poor,Medium,2750432.0
498,23,3,27.77076,91.49472,Institutional,Steel,6,1975,41,132.0,Fair,Low,2054912.0
499,33,4,23.85954,99.83234,Residential,Timber,3,1993,35,498.3,Dilapidated,Medium,3289289.0
500,50,6,23.84813,92.31587,Commercial,Kutcha,3,2012,38,371.4,Dilapidated,Medium,4864250.0
501,25,3,26.60259,96.95049,Mixed,Masonry,1,1970,33,249.7,Good,Medium,1754308.0
502,52,6,28.49334,99.95965,Residential,Masonry,4,1988,14,131.9,Good,Medium,4197470.0
503,42,5,21.99881,97.19865,Residential,Masonry,4,1998,27,163.1,Good,Negligible,3354518.0
504,14,2,22.81158,93.095,Institutional,Timber,2,1979,43,228.7,Fair,Negligible,2044574.0
505,42,5,21.88532,97.25908,Industrial,Reinforced Concrete,5,1986,41,440.9,Good,Negligible,2475561.0
506,25,3,26.36908,96.72043,Commercial,Kutcha,2,2022,14,117.2,Dilapidated,High,3732534.0
507,8,1,24.11399,98.80118,Industrial,Timber,6,1961,20,264.4,Poor,High,1548798.0
508,36,4,25.3353,90.81596,Mixed,Timber,2,2001,48,440.8,Fair,Low,1745430.0
509,44,5,29.31816,98.64397,Residential,Masonry,6,2012,40,15.5,Fair,Low,3014216.0
510,31,3,28.14163,95.23624,Mixed,Timber,2,2001,35,470.4,Dilapidated,High,1369566.0
511,34,4,26.13712,97.56027,Institutional,Masonry,4,1965,27,484.1,Good,High,2080297.0
512,52,6,28.71016,99.94638,Mixed,Reinforced Concrete,6,1985,27,205.4,Dilapidated,High,1870736.0
513,5,1,23.93409,94.85434,Industrial,Masonry,5,1980,32,49.2,Fair,Negligible,3323162.0
514,21,2,24.08304,99.27711,Mixed,Reinforced Concrete,2,1974,9,404.8,Dilapidated,Medium,643671.0
515,21,2,24.02182,99.34048,Industrial,Reinforced Concrete,4,2010,7,448.5,Poor,Medium,647561.0
516,46,5,23.32769,97.5756,Commercial,Masonry,4,2016,35,164.9,Poor,Low,311318.0
517,8,1,24.0504,98.63977,Institutional,Timber,1,1995,17,84.2,Poor,Negligible,3424371.0
518,54,6,29.57649,91.70346,Institutional,Reinforced Concrete,1,1986,25,292.1,Fair,High,2113653.0
519,46,5,23.21087,97.71012,Mixed,Reinforced Concrete,6,1978,38,413.7,Good,Low,3972846.0
520,17,2,24.01007,92.99483,Residential,Timber,1,1989,43,46.4,Good,Negligible,1508181.0
521,36,4,25.46036,90.44387,Commercial,Masonry,4,1980,45,14.9,Dilapidated,Medium,3445881.0
522,51,6,29.49818,91.04758,Commercial,Masonry,4,1961,41,145.6,Fair,Negligible,2254780.0
523,14,2,22.64014,93.12146,Industrial,Masonry,4,1951,10,369.4,Good,Low,2274822.0
524,46,5,23.31105,97.81799,Industrial,Timber,4,1965,14,360.2,Good,Negligible,1614681.0
525,58,7,27.12364,94.37582,Commercial,Reinforced Concrete,1,2006,7,209.4,Good,Negligible,1491162.0
526,54,6,29.46133,91.81018,Mixed,Reinforced Concrete,4,1983,17,15.2,Fair,High,2711632.0
527,11,1,22.70624,90.94224,Residential,Steel,1,1961,2,433.1,Good,Negligible,2810448.0
528,60,8,24.84176,95.84663,Commercial,Reinforced Concrete,2,1980,31,199.5,Poor,Medium,4462257.0
529,31,3,28.124,95.55503,Commercial,Timber,2,1954,49,409.3,Fair,Low,178630.0
530,1,1,27.28979,90.15379,Industrial,Timber,2,1975,38,399.4,Good,High,842158.0
531,10,1,23.77427,97.53755,Mixed,Steel,4,2013,30,207.4,Good,Medium,1201158.0
532,30,3,25.52888,92.64607,Mixed,Steel,6,1962,50,193.6,Fair,High,2065918.0
533,9,1,27.75497,93.53388,Commercial,Masonry,1,2011,35,73.9,Dilapidated,High,1662493.0
534,26,3,23.83365,90.318,Industrial,Timber,6,1978,9,174.2,Good,Medium,4423273.0
535,12,1,26.94237,98.06902,Commercial,Reinforced Concrete,3,1993,1,135.2,Good,Low,3860198.0
536,30,3,25.50179,92.72844,Institutional,Timber,3,1978,18,377.9,Fair,Negligible,3277675.0
537,46,5,23.24571,97.81942,Industrial,Kutcha,4,1990,40,21.3,Good,High,717053.0
538,22,2,22.3918,96.42728,Residential,Steel,2,1969,38,100.3,Poor,Negligible,1384129.0
539,54,6,29.45244,91.47276,Residential,Kutcha,6,1955,16,261.0,Poor,Low,3679649.0
540,41,5,22.9768,94.28283,Commercial,Steel,4,2008,49,99.1,Good,High,3089150.0
541,40,5,27.95893,97.77225,Residential,Timber,3,1963,40,363.7,Dilapidated,Negligible,1384179.0
542,36,4,25.5609,90.49894,Commercial,Masonry,5,2007,7,172.7,Fair,Medium,991766.0
543,7,1,26.2186,92.2476,Residential,Steel,2,1951,30,297.6,Fair,High,1531317.0
544,45,5,28.79923,95.00541,Institutional,Reinforced Concrete,4,1968,1,227.3,Poor,Low,3920562.0
545,16,2,23.44376,90.7123,Commercial,Masonry,4,2021,15,340.9,Poor,Negligible,4582933.0
546,21,2,24.2718,99.54306,Residential,Kutcha,1,2012,1,476.4,Dilapidated,High,1676976.0
547,37,4,26.61425,94.4953,Commercial,Reinforced Concrete,5,2019,9,247.8,Good,Medium,1582973.0
548,46,5,23.27967,97.80702,Residential,Masonry,3,2016,34,35.0,Dilapidated,High,4912842.0
549,4,1,26.61692,90.42493,Industrial,Reinforced Concrete,3,1984,28,255.2,Poor,Medium,4893980.0
550,10,1,23.88704,97.69426,Commercial,Reinforced Concrete,4,2010,3,123.9,Dilapidated,Medium,252700.0
551,6,1,26.59885,97.23867,Institutional,Kutcha,2,2018,21,415.3,Good,Medium,3607147.0
552,57,7,23.6738,93.05333,Industrial,Reinforced Concrete,6,1974,18,60.6,Dilapidated,High,149256.0
553,56,7,29.6212,97.71372,Commercial,Kutcha,5,1998,39,448.7,Good,High,876588.0
554,62,8,27.20896,92.32041,Commercial,Masonry,5,1956,18,400.3,Good,Medium,2676119.0
555,39,4,27.55872,91.24397,Institutional,Reinforced Concrete,4,1952,32,426.9,Fair,Low,3334566.0
556,39,4,27.57358,90.99321,Institutional,Reinforced Concrete,1,2015,12,439.3,Poor,Low,4441519.0
557,12,1,26.94737,97.96112,Mixed,Masonry,6,2006,6,382.6,Dilapidated,Low,1405752.0
558,4,1,26.89084,90.3749,Industrial,Kutcha,2,1999,17,277.3,Dilapidated,Negligible,2678009.0
559,6,1,26.61369,97.34099,Institutional,Reinforced Concrete,3,1979,27,376.8,Good,Medium,172937.0
560,20,2,23.28521,93.46659,Residential,Kutcha,1,2018,9,95.6,Fair,Medium,1172621.0
561,61,8,26.53783,90.02693,Industrial,Masonry,1,2005,40,334.8,Dilapidated,High,4536214.0
562,47,6,29.45269,99.32796,Institutional,Masonry,6,1997,24,32.6,Dilapidated,High,141865.0
563,14,2,22.74055,93.01803,Industrial,Timber,3,2006,40,450.7,Good,Negligible,4824454.0
564,52,6,28.65734,99.92516,Institutional,Masonry,4,1956,47,432.9,Fair,High,346905.0
565,58,7,27.28353,94.29522,Residential,Masonry,2,2022,27,223.2,Dilapidated,High,1889323.0
566,39,4,27.2504,91.12801,Commercial,Timber,4,2016,4,280.8,Good,Negligible,2353219.0
567,6,1,26.49639,97.09718,Industrial,Timber,3,2022,10,226.0,Fair,High,4708142.0
568,16,2,23.54952,90.77112,Industrial,Steel,6,1982,23,352.2,Good,Negligible,1225344.0
569,18,2,28.79934,98.66313,Mixed,Steel,3,1990,25,87.8,Fair,Medium,3804063.0
570,46,5,23.04924,97.47108,Residential,Masonry,5,2004,3,124.6,Good,High,1528629.0
571,20,2,23.1728,93.43936,Institutional,Timber,4,2007,35,356.1,Poor,High,3196933.0
572,45,5,28.54936,95.06495,Residential,Timber,5,2019,24,425.5,Dilapidated,Low,4904661.0
573,38,4,29.62895,98.59815,Industrial,Timber,4,1950,9,242.6,Good,High,820092.0
574,46,5,23.30808,97.78494,Institutional,Steel,4,1982,50,337.0,Dilapidated,High,1291346.0
575,2,1,23.85713,91.4855,Commercial,Reinforced Concrete,2,2019,39,215.5,Poor,Negligible,907667.0
576,5,1,23.88193,95.22443,Commercial,Masonry,4,1955,13,478.1,Good,High,3445569.0
577,11,1,22.55139,91.0416,Commercial,Kutcha,1,2004,38,278.5,Good,Low,1500058.0
578,55,7,28.97943,94.33332,Industrial,Masonry,3,1991,40,426.0,Poor,Negligible,1758777.0
579,3,1,27.60719,98.85624,Institutional,Masonry,3,2016,13,407.3,Dilapidated,High,2948095.0
580,11,1,22.89695,90.8857,Mixed,Steel,1,1997,18,203.3,Poor,Medium,3467604.0
581,29,3,25.83417,99.03404,Industrial,Masonry,6,2001,42,61.2,Dilapidated,High,2881988.0
582,8,1,24.37729,98.6432,Commercial,Masonry,3,1954,26,356.8,Good,High,2185732.0
583,12,1,26.64903,98.17759,Residential,Reinforced Concrete,3,1993,17,205.3,Fair,Negligible,365280.0
584,9,1,27.61382,93.4186,Commercial,Masonry,4,1955,23,461.1,Dilapidated,Negligible,481992.0
585,10,1,23.67489,97.50683,Commercial,Masonry,4,1998,39,488.2,Good,Negligible,4246873.0
586,33,4,23.64066,100.04153,Institutional,Kutcha,2,2011,26,362.0,Poor,High,3333505.0
587,48,6,26.77304,94.99617,Mixed,Masonry,5,2021,28,314.1,Poor,Negligible,498325.0
588,16,2,23.35398,90.72343,Industrial,Masonry,4,2003,8,330.5,Fair,High,3970501.0
589,16,2,23.48488,90.56902,Institutional,Masonry,1,2018,37,424.1,Good,Medium,108146.0
590,8,1,24.24236,98.74207,Commercial,Masonry,2,1983,13,380.9,Poor,Negligible,1411102.0
591,58,7,27.39346,94.24991,Industrial,Reinforced Concrete,1,1978,20,231.6,Poor,Low,516847.0
592,1,1,27.22338,90.37787,Commercial,Timber,4,2000,28,178.0,Good,Medium,3305232.0
593,21,2,23.98785,99.23777,Industrial,Steel,4,2010,48,172.6,Good,High,1544953.0
594,40,5,28.07313,97.84161,Commercial,Reinforced Concrete,6,1971,1,429.0,Fair,Negligible,3417916.0
595,6,1,26.50401,97.00076,Commercial,Timber,4,2007,28,97.0,Dilapidated,Low,2593344.0
596,3,1,27.31513,98.77619,Institutional,Steel,6,2000,25,341.4,Good,Medium,4020618.0
597,5,1,23.91411,94.90402,Industrial,Steel,1,2014,13,307.2,Poor,Low,41324.0
598,37,4,26.71763,94.67522,Commercial,Reinforced Concrete,5,1991,23,413.7,Good,High,4027058.0
599,43,5,29.71716,97.4932,Commercial,Timber,6,1964,39,216.6,Dilapidated,Low,516167.0
600,22,2,22.44168,96.32996,Residential,Masonry,6,1962,9,414.4,Dilapidated,High,2288621.0
601,53,6,28.32307,91.16454,Industrial,Reinforced Concrete,3,1975,16,361.3,Good,Low,1180062.0
602,50,6,23.98689,92.31767,Mixed,Masonry,1,2022,46,239.9,Poor,Medium,2940137.0
603,21,2,24.31554,99.19043,Industrial,Kutcha,3,1991,23,269.3,Fair,Low,423071.0
604,59,8,25.70708,92.49676,Commercial,Reinforced Concrete,6,2009,1,61.4,Fair,Negligible,4781453.0
605,32,3,25.2877,95.72705,Residential,Kutcha,1,1951,21,385.3,Fair,Low,1126167.0
606,6,1,26.61042,97.19508,Industrial,Masonry,6,1994,45,247.2,Dilapidated,Low,3502842.0
607,41,5,22.78465,94.53543,Mixed,Timber,4,1982,44,431.7,Good,Low,2568566.0
608,7,1,26.47955,92.34807,Industrial,Kutcha,5,1971,5,237.7,Good,Negligible,1288853.0
609,8,1,24.03324,98.60438,Commercial,Masonry,3,1992,50,391.6,Good,Medium,2331837.0
610,60,8,24.63149,95.90766,Institutional,Reinforced Concrete,4,1990,5,165.6,Poor,Low,3100215.0
611,56,7,29.51404,97.46873,Residential,Steel,1,1992,50,238.1,Good,Low,3353945.0
612,53,6,27.9754,91.10612,Commercial,Masonry,4,1994,36,300.0,Dilapidated,Low,2121266.0
613,5,1,23.71136,94.95128,Industrial,Timber,2,1996,47,60.6,Good,Medium,1677853.0
614,53,6,28.31354,91.28898,Industrial,Steel,2,1959,17,346.9,Good,Negligible,1846607.0
615,37,4,26.62436,94.85736,Residential,Timber,5,1998,7,376.8,Dilapidated,High,2623215.0
616,7,1,26.39325,92.08485,Industrial,Steel,3,2006,46,477.9,Good,Negligible,3525841.0
617,21,2,24.30117,99.47098,Residential,Timber,6,2000,44,290.4,Poor,Low,2107981.0
618,50,6,23.85692,92.21996,Industrial,Steel,4,1951,15,261.4,Good,Low,3226469.0
619,48,6,26.95333,94.72315,Commercial,Timber,4,1971,9,106.6,Good,Low,3096288.0
620,24,3,24.29275,99.07308,Mixed,Steel,3,1985,20,246.3,Good,High,4369585.0
621,56,7,29.24961,97.40774,Mixed,Kutcha,4,1996,28,214.2,Fair,Negligible,1376162.0
622,39,4,27.40032,91.17036,Mixed,Masonry,2,2020,26,454.4,Fair,Medium,469646.0
623,7,1,26.19326,92.37933,Residential,Timber,3,1993,49,24.0,Dilapidated,Medium,3399872.0
624,44,5,29.35623,98.67964,Industrial,Timber,3,1996,49,16.3,Poor,Low,3791497.0
625,39,4,27.35471,91.01049,Commercial,Masonry,6,1953,9,333.5,Poor,Medium,2833022.0
626,62,8,27.04331,92.39293,Industrial,Reinforced Concrete,3,2006,22,67.5,Fair,Negligible,2553078.0
627,10,1,23.8408,97.64279,Industrial,Steel,6,2004,33,328.8,Poor,High,2105623.0
628,32,3,25.51037,95.75102,Residential,Timber,3,1969,7,291.2,Fair,High,163271.0
629,3,1,27.59383,98.94846,Residential,Masonry,4,1978,29,59.4,Fair,Low,4181669.0
630,46,5,23.40173,97.65665,Mixed,Kutcha,4,1979,13,373.3,Good,High,2625373.0
631,35,4,23.36852,91.44234,Mixed,Masonry,4,2018,31,201.6,Dilapidated,Low,1123737.0
632,42,5,21.94669,97.36187,Commercial,Timber,1,1967,1,493.7,Poor,Negligible,2859998.0
633,31,3,28.06252,95.39565,Mixed,Kutcha,5,1993,45,392.1,Poor,Medium,4934292.0
634,46,5,23.12768,97.75527,Residential,Masonry,4,2003,46,385.2,Poor,High,3165908.0
635,24,3,24.14129,99.15598,Institutional,Timber,3,1997,21,55.7,Fair,Medium,3948280.0
636,2,1,24.04657,91.54505,Commercial,Kutcha,3,2012,21,236.0,Fair,High,3239956.0
637,27,3,25.07899,90.59437,Industrial,Steel,4,1961,34,150.6,Poor,Medium,2071153.0
638,27,3,25.10016,90.58574,Residential,Reinforced Concrete,5,2008,18,302.8,Good,High,2786246.0
639,44,5,29.48352,98.68941,Mixed,Reinforced Concrete,1,2002,45,267.4,Dilapidated,Medium,372044.0
640,24,3,24.26741,99.11875,Mixed,Timber,2,2013,6,178.3,Poor,Low,1310896.0
641,58,7,27.27995,94.44513,Residential,Reinforced Concrete,1,1994,34,55.2,Poor,Low,4159002.0
642,47,6,29.68095,99.07586,Residential,Reinforced Concrete,6,1974,50,427.4,Good,Medium,43192.0
643,52,6,28.69698,99.94604,Residential,Timber,3,1979,43,383.0,Fair,Negligible,3276893.0
644,58,7,27.35063,94.55485,Institutional,Reinforced Concrete,4,1979,6,386.6,Good,Low,3096656.0
645,13,2,26.35447,99.56323,Residential,Kutcha,2,1997,7,206.6,Fair,Negligible,752012.0
646,48,6,26.95067,94.93491,Mixed,Timber,1,1957,45,496.2,Poor,Low,2721249.0
647,55,7,29.08654,94.38551,Mixed,Steel,5,2009,31,419.9,Good,Medium,4575455.0
648,22,2,22.71761,96.2622,Commercial,Steel,2,1960,3,81.9,Dilapidated,High,4989856.0
649,52,6,28.38517,99.78223,Industrial,Timber,1,1996,45,440.3,Poor,High,1204437.0
650,5,1,23.91818,95.18429,Mixed,Kutcha,4,2004,26,294.8,Dilapidated,Low,1927671.0
651,40,5,28.02019,97.84104,Institutional,Reinforced Concrete,5,2016,6,392.5,Dilapidated,High,3692624.0
652,28,3,29.07549,93.31161,Institutional,Reinforced Concrete,3,1999,31,66.4,Good,Medium,4882618.0
653,11,1,22.67199,91.11458,Commercial,Reinforced Concrete,4,2009,24,403.1,Good,High,3490407.0
654,55,7,28.96183,94.37957,Mixed,Reinforced Concrete,2,1994,19,422.0,Dilapidated,Negligible,2398686.0
655,19,2,24.08362,96.38029,Mixed,Kutcha,5,2010,49,84.9,Good,Negligible,2464243.0
656,33,4,23.86155,99.88079,Industrial,Kutcha,1,1954,22,440.7,Poor,Low,3442238.0
657,54,6,29.52235,91.51821,Industrial,Reinforced Concrete,1,1975,29,389.2,Dilapidated,Low,2949038.0
658,60,8,24.78721,95.69658,Institutional,Timber,4,1986,11,433.7,Dilapidated,Medium,1144485.0
659,62,8,27.20132,92.26331,Commercial,Masonry,2,1965,27,411.6,Fair,Low,3894495.0
660,54,6,29.73179,91.73895,Residential,Reinforced Concrete,1,2018,42,390.9,Fair,Negligible,4901955.0
661,52,6,28.5986,99.71884,Mixed,Reinforced Concrete,1,1950,31,225.4,Dilapidated,Low,2535945.0
662,31,3,27.76139,95.35546,Commercial,Steel,5,1960,43,73.9,Poor,Negligible,648107.0
663,17,2,23.85107,93.03772,Institutional,Kutcha,2,2017,34,452.2,Good,Low,1929509.0
664,46,5,23.35622,97.78952,Mixed,Kutcha,2,2019,4,196.2,Fair,Low,1275475.0
665,9,1,27.59077,93.33984,Institutional,Masonry,4,2020,32,205.2,Good,Low,2978396.0
666,50,6,24.03096,92.46481,Mixed,Masonry,2,1979,6,180.8,Good,Medium,4754821.0
667,16,2,23.47945,90.69937,Residential,Kutcha,6,2011,23,290.2,Dilapidated,Negligible,2847767.0
668,55,7,28.95053,94.2531,Residential,Masonry,1,1995,30,465.7,Dilapidated,Medium,242423.0
669,51,6,29.60429,91.04446,Industrial,Masonry,2,1971,21,335.0,Dilapidated,Negligible,4965653.0
670,36,4,25.3384,90.57448,Industrial,Reinforced Concrete,6,1981,24,349.8,Fair,High,3834328.0
671,54,6,29.5034,91.55095,Industrial,Masonry,6,1978,28,408.3,Good,High,4125999.0
672,16,2,23.65189,90.84162,Commercial,Timber,4,1992,17,398.5,Poor,Negligible,1835806.0
673,19,2,24.25037,96.17394,Industrial,Kutcha,5,1956,8,372.7,Dilapidated,Low,4568209.0
674,37,4,26.76408,94.70313,Institutional,Masonry,2,2016,45,167.0,Good,Negligible,3053887.0
675,12,1,26.83645,98.05076,Commercial,Timber,2,2006,1,447.0,Dilapidated,High,1349735.0
676,57,7,23.63357,92.95903,Institutional,Kutcha,4,1951,29,371.6,Fair,Medium,2645065.0
677,56,7,29.44348,97.50428,Commercial,Timber,3,1974,20,344.7,Dilapidated,Negligible,110213.0
678,5,1,23.56217,95.16542,Mixed,Timber,4,1999,15,318.1,Dilapidated,Negligible,528657.0
679,36,4,25.27777,90.68262,Industrial,Reinforced Concrete,3,2017,4,163.7,Fair,Low,1681833.0
680,26,3,23.86159,90.33648,Institutional,Timber,1,1967,19,30.5,Fair,High,2355542.0
681,47,6,29.59999,99.28773,Institutional,Steel,3,1975,27,102.6,Good,High,4548548.0
682,48,6,26.89494,94.81511,Residential,Steel,5,1953,41,446.1,Dilapidated,Negligible,1993848.0
683,56,7,29.50762,97.42791,Industrial,Reinforced Concrete,5,2021,24,303.6,Poor,Medium,3089052.0
684,16,2,23.65611,90.53251,Commercial,Kutcha,4,1963,43,378.6,Poor,High,1165246.0
685,10,1,23.83405,97.80928,Residential,Masonry,1,1982,5,315.4,Fair,Medium,1462208.0
686,58,7,27.11707,94.49529,Mixed,Kutcha,5,1961,38,191.2,Good,High,3186810.0
687,18,2,28.92557,98.7791,Residential,Kutcha,2,2002,37,75.0,Poor,Low,72174.0
688,18,2,29.00345,98.61794,Institutional,Kutcha,1,2000,47,323.0,Fair,Negligible,2056357.0
689,46,5,23.39642,97.50667,Institutional,Kutcha,5,2004,47,238.4,Good,Low,2874120.0
690,35,4,23.2852,91.57693,Residential,Steel,2,1963,30,55.9,Poor,Negligible,3246400.0
691,29,3,25.86647,98.84996,Mixed,Kutcha,4,1955,14,310.8,Poor,Medium,4726916.0
692,37,4,26.65424,94.57907,Institutional,Reinforced Concrete,3,1950,9,316.3,Fair,High,2871395.0
693,12,1,26.76929,97.88992,Residential,Reinforced Concrete,4,1974,6,141.4,Poor,Low,4853625.0
694,7,1,26.38372,92.30441,Commercial,Steel,6,1994,7,46.7,Good,Low,1005082.0
695,37,4,26.66157,94.72109,Mixed,Steel,2,1959,47,252.7,Fair,Low,1571827.0
696,25,3,26.63891,96.82275,Industrial,Steel,5,1994,13,132.8,Fair,High,3541345.0
697,27,3,25.01386,90.66566,Commercial,Steel,5,1961,15,397.8,Fair,Low,2162378.0
698,9,1,27.69106,93.50259,Institutional,Steel,6,1967,9,427.8,Good,Medium,3720271.0
699,22,2,22.43801,96.37001,Industrial,Masonry,4,1975,44,114.4,Poor,Medium,1737950.0
700,8,1,24.20346,98.83817,Institutional,Timber,2,1998,36,367.8,Fair,Low,1948483.0
701,4,1,26.80385,90.17703,Industrial,Timber,3,2008,15,241.4,Good,Low,4049882.0
702,8,1,24.29471,98.53359,Mixed,Timber,1,1979,16,479.1,Fair,Negligible,4819345.0
703,53,6,28.1576,91.22681,Institutional,Kutcha,3,1950,3,138.3,Dilapidated,High,4154329.0
704,40,5,28.12514,97.51342,Commercial,Timber,3,1976,35,424.4,Poor,Low,1296763.0
705,37,4,26.94864,94.49668,Institutional,Kutcha,6,1983,49,206.2,Poor,Low,4335205.0
706,23,3,27.6462,91.76092,Industrial,Steel,2,1960,46,454.1,Poor,Negligible,4526386.0
707,44,5,29.38568,98.53031,Commercial,Masonry,4,1995,20,456.4,Poor,Low,4067753.0
708,3,1,27.40533,98.93243,Residential,Steel,1,2003,43,333.0,Dilapidated,Negligible,3465171.0
709,34,4,25.75872,97.60618,Commercial,Reinforced Concrete,3,1970,23,462.1,Poor,Low,1184258.0
710,14,2,22.58507,92.902,Institutional,Steel,5,1975,43,494.0,Good,Medium,3963741.0
711,30,3,25.48243,92.52401,Industrial,Kutcha,3,2007,34,344.8,Dilapidated,Low,976882.0
712,27,3,25.16189,90.55854,Mixed,Reinforced Concrete,3,2008,18,482.8,Dilapidated,Low,606862.0
713,52,6,28.46727,99.81679,Mixed,Timber,4,1975,10,298.4,Dilapidated,High,4873658.0
714,27,3,25.06752,90.63327,Industrial,Reinforced Concrete,2,1963,9,494.0,Fair,Medium,766559.0
715,3,1,27.2336,98.77821,Mixed,Masonry,3,1998,29,473.5,Poor,High,1841295.0
716,1,1,27.30008,90.18141,Institutional,Steel,2,1982,5,192.6,Fair,Negligible,714209.0
717,11,1,22.87951,90.77856,Commercial,Steel,2,1991,39,219.8,Poor,Medium,4730082.0
718,57,7,23.43486,93.12033,Institutional,Kutcha,6,1986,11,96.4,Dilapidated,High,4585282.0
719,57,7,23.79531,93.2924,Institutional,Masonry,1,1950,31,307.3,Fair,Negligible,1998028.0
720,57,7,23.64995,93.02066,Institutional,Kutcha,4,1966,6,374.8,Good,Medium,592384.0
721,4,1,26.75903,90.26337,Institutional,Timber,1,1999,42,255.8,Good,Medium,3260518.0
722,24,3,24.07197,99.42798,Mixed,Masonry,4,1966,15,334.5,Good,Medium,3811279.0
723,54,6,29.55238,91.45877,Industrial,Steel,3,2000,14,198.1,Good,Low,1942957.0
724,59,8,25.45023,92.47491,Commercial,Steel,3,1970,26,363.5,Fair,Low,2388148.0
725,58,7,27.07747,94.44023,Industrial,Timber,6,1955,39,231.9,Dilapidated,Medium,1793019.0
726,48,6,26.67125,94.73609,Commercial,Timber,5,1958,37,414.6,Good,Medium,2476584.0
727,7,1,26.47138,92.28269,Residential,Kutcha,5,1960,46,214.0,Fair,Negligible,2700729.0
728,16,2,23.66442,90.613,Mixed,Timber,4,2008,30,54.2,Dilapidated,Low,528674.0
729,17,2,23.69506,92.95669,Mixed,Steel,1,2008,5,98.1,Good,High,3573884.0
730,60,8,24.65275,95.86327,Industrial,Steel,5,1987,23,271.1,Dilapidated,Medium,3814918.0
731,4,1,26.7917,90.46763,Mixed,Timber,1,1972,42,489.4,Good,Low,748367.0
732,44,5,29.29626,98.68535,Mixed,Steel,4,1977,33,241.5,Good,High,3946248.0
733,24,3,24.11663,99.38101,Institutional,Kutcha,2,1996,45,419.2,Good,Low,3908009.0
734,23,3,28.03297,91.60101,Residential,Timber,5,1971,23,407.7,Dilapidated,Negligible,1983272.0
735,62,8,27.18977,92.18939,Commercial,Masonry,4,2019,12,485.1,Dilapidated,Medium,4742540.0
736,59,8,25.80243,92.31804,Commercial,Kutcha,4,2010,24,178.7,Poor,High,2597316.0
737,26,3,23.92397,90.3159,Institutional,Timber,3,2002,7,102.2,Good,Negligible,3526573.0
738,19,2,24.2044,96.28471,Residential,Steel,6,1976,19,444.8,Poor,Negligible,3915561.0
739,31,3,27.92157,95.27882,Industrial,Masonry,2,1955,6,369.4,Fair,High,4554678.0
740,41,5,23.05844,94.1801,Commercial,Steel,2,1996,14,84.6,Fair,High,4695266.0
741,10,1,23.69009,97.62408,Mixed,Masonry,1,1965,14,399.9,Poor,High,138448.0
742,30,3,25.80831,92.48734,Residential,Reinforced Concrete,3,1992,3,91.3,Dilapidated,Negligible,319549.0
743,21,2,23.94401,99.28023,Institutional,Timber,4,1957,13,319.7,Poor,Medium,2678261.0
744,59,8,25.51089,92.63077,Commercial,Reinforced Concrete,3,1969,24,165.1,Good,Negligible,3603825.0
745,20,2,23.25607,93.54127,Mixed,Kutcha,4,1996,6,304.7,Poor,Medium,2665344.0
746,44,5,29.33108,98.6404,Institutional,Kutcha,1,1991,18,355.5,Fair,High,3483054.0
747,13,2,26.18021,99.92752,Industrial,Reinforced Concrete,3,1964,6,106.1,Fair,Negligible,3409880.0
748,5,1,23.89506,94.93575,Residential,Masonry,3,2006,47,416.4,Dilapidated,Medium,1931606.0
749,15,2,27.04227,98.58512,Mixed,Steel,5,1999,49,409.9,Poor,Medium,1042232.0
750,7,1,26.23893,92.39511,Residential,Timber,2,1954,31,147.2,Dilapidated,Low,2281517.0
751,62,8,27.13631,92.48529,Institutional,Kutcha,3,2008,10,129.0,Fair,Medium,322020.0
752,44,5,29.19161,98.83426,Industrial,Kutcha,6,1960,6,49.0,Fair,Low,4519389.0
753,4,1,26.82153,90.35948,Mixed,Steel,2,1954,10,400.5,Poor,High,681705.0
754,6,1,26.6136,97.11042,Institutional,Reinforced Concrete,6,1987,28,354.4,Poor,Medium,1488339.0
755,43,5,29.91936,97.46244,Mixed,Masonry,3,1961,15,399.4,Good,High,3891713.0
756,46,5,23.12579,97.65432,Commercial,Timber,5,1984,37,92.0,Poor,High,4960052.0
757,15,2,26.95941,98.56927,Institutional,Masonry,3,1955,14,178.1,Fair,Negligible,307645.0
758,5,1,23.69205,95.2146,Industrial,Timber,2,1963,3,229.1,Dilapidated,Low,1066414.0
759,13,2,26.27509,99.66514,Residential,Masonry,4,1964,3,300.6,Poor,Medium,4419190.0
760,9,1,27.57443,93.38932,Industrial,Kutcha,2,2007,2,170.3,Good,Medium,178622.0
761,18,2,28.96787,98.7746,Commercial,Steel,6,1972,19,484.6,Poor,High,2099868.0
762,32,3,25.34671,95.86651,Residential,Masonry,6,2008,25,234.5,Fair,Low,3753410.0
763,49,6,29.39645,98.96353,Mixed,Steel,6,1970,14,433.7,Poor,High,3513190.0
764,19,2,24.12599,96.5158,Residential,Steel,2,1966,2,305.0,Fair,High,957182.0
765,3,1,27.52132,98.76329,Commercial,Masonry,4,2004,38,70.2,Poor,Negligible,4936004.0
766,50,6,23.91338,92.36551,Industrial,Timber,1,1963,28,337.4,Poor,Low,3341678.0
767,22,2,22.52825,96.16617,Mixed,Reinforced Concrete,3,1989,30,284.5,Fair,Low,1339373.0
768,41,5,22.9648,94.24601,Residential,Timber,6,2001,37,147.3,Fair,Low,740423.0
769,25,3,26.50373,96.86999,Residential,Reinforced Concrete,2,2017,48,161.0,Fair,High,1199707.0
770,24,3,24.00489,99.44925,Mixed,Timber,6,2021,40,290.3,Poor,Low,403720.0
771,56,7,29.40502,97.51857,Commercial,Reinforced Concrete,2,1973,46,292.9,Fair,Low,260279.0
772,59,8,25.50652,92.47111,Residential,Steel,6,1953,45,151.0,Good,Medium,4541908.0
773,12,1,26.83493,98.06349,Industrial,Masonry,4,2008,29,260.1,Fair,High,1610731.0
774,49,6,29.45067,98.71215,Residential,Steel,2,1962,16,490.2,Fair,High,3887834.0
775,23,3,27.85764,91.83303,Mixed,Reinforced Concrete,5,1967,22,390.3,Fair,Medium,3722050.0
776,19,2,24.30175,96.1966,Residential,Timber,5,1990,30,93.5,Dilapidated,Low,4942984.0
777,60,8,24.63582,95.7611,Mixed,Kutcha,2,2007,22,210.4,Dilapidated,Low,1646412.0
778,47,6,29.567,99.15096,Residential,Steel,2,1997,3,472.1,Dilapidated,Negligible,3364811.0
779,23,3,27.86754,91.74747,Industrial,Kutcha,3,1959,3,325.6,Dilapidated,Low,3038467.0
780,37,4,26.7873,94.71086,Institutional,Timber,1,1985,5,135.1,Good,Low,3790795.0
781,38,4,29.61778,98.73171,Commercial,Steel,1,2011,18,115.7,Dilapidated,Medium,3797364.0
782,41,5,22.7624,94.22218,Institutional,Reinforced Concrete,2,1967,38,347.6,Poor,Medium,419992.0
783,17,2,23.63852,92.73616,Industrial,Steel,3,1960,27,70.2,Good,High,2161746.0
784,52,6,28.37021,99.97397,Commercial,Kutcha,5,1972,25,50.6,Fair,Medium,4345784.0
785,57,7,23.69076,93.03153,Residential,Steel,6,1993,43,373.9,Good,High,4152682.0
786,51,6,29.59891,90.89847,Institutional,Steel,1,1984,1,380.6,Poor,High,3517344.0
787,23,3,27.88918,91.58686,Mixed,Steel,3,1986,13,121.6,Poor,High,1934475.0
788,44,5,29.43997,98.56867,Residential,Reinforced Concrete,4,1967,25,64.3,Poor,Negligible,968126.0
789,17,2,23.91191,92.76205,Mixed,Kutcha,3,2014,24,199.6,Fair,Low,3100552.0
790,54,6,29.57551,91.57372,Commercial,Masonry,5,2017,2,453.4,Fair,Negligible,1539285.0
791,28,3,28.84512,92.96195,Mixed,Reinforced Concrete,6,1969,3,412.1,Poor,High,2729571.0
792,56,7,29.39111,97.39946,Commercial,Masonry,5,1986,17,381.5,Fair,High,2963812.0
793,20,2,23.42895,93.68102,Residential,Reinforced Concrete,1,1973,16,44.4,Good,High,1694405.0
794,28,3,29.16893,92.98759,Residential,Kutcha,1,2000,44,150.8,Fair,High,1284802.0
795,22,2,22.65849,96.22764,Mixed,Timber,6,1999,15,170.3,Poor,Medium,2169574.0
796,33,4,23.82004,99.83288,Residential,Kutcha,4,1972,22,315.9,Dilapidated,High,4518080.0
797,25,3,26.42987,96.99406,Institutional,Masonry,6,1965,22,433.2,Dilapidated,Low,1510995.0
798,43,5,29.70934,97.47534,Commercial,Masonry,2,2016,50,357.5,Dilapidated,High,1401811.0
799,1,1,27.27835,90.2677,Institutional,Steel,1,1972,10,227.5,Good,High,2571824.0
800,9,1,27.58779,93.25715,Mixed,Kutcha,3,1955,37,322.3,Fair,Medium,4309825.0
801,46,5,23.40462,97.61419,Residential,Masonry,2,1999,14,458.2,Dilapidated,High,3511380.0
802,60,8,24.7603,95.8229,Commercial,Timber,2,1978,21,118.3,Poor,High,3993725.0
803,28,3,28.97246,93.11913,Commercial,Steel,4,1971,15,246.0,Good,High,1739470.0
804,31,3,27.93832,95.57499,Industrial,Kutcha,2,1955,23,152.8,Poor,High,2139159.0
805,38,4,29.79806,98.76148,Commercial,Reinforced Concrete,1,1990,28,374.1,Fair,High,3818317.0
806,45,5,28.77862,95.05009,Industrial,Kutcha,6,2018,23,290.8,Good,Medium,3409452.0
807,49,6,29.40578,98.96562,Institutional,Kutcha,6,1965,48,334.0,Fair,Low,248270.0
808,29,3,25.83991,98.88692,Institutional,Kutcha,4,1984,42,257.9,Poor,Low,84214.0
809,14,2,22.55277,93.04951,Industrial,Kutcha,5,1970,49,97.6,Dilapidated,Negligible,1448532.0
810,48,6,26.90473,95.07624,Institutional,Kutcha,4,2017,47,307.8,Fair,Low,4547714.0
811,12,1,26.87201,98.18078,Residential,Steel,4,1959,42,185.1,Good,Negligible,4631696.0
812,19,2,24.14245,96.33613,Residential,Reinforced Concrete,2,2000,43,459.9,Fair,Low,4540898.0
813,57,7,23.6112,93.13717,Mixed,Masonry,4,1975,9,262.2,Good,Negligible,4712503.0
814,2,1,23.79134,91.55126,Residential,Kutcha,1,1976,46,427.5,Fair,Medium,1276815.0
815,21,2,24.14232,99.19153,Commercial,Masonry,1,1956,23,418.0,Good,Low,3034751.0
816,23,3,27.64263,91.71677,Commercial,Masonry,6,1964,3,379.2,Poor,High,1097894.0
817,36,4,25.53504,90.7564,Commercial,Masonry,2,2008,1,135.0,Dilapidated,Low,4278479.0
818,6,1,26.67168,97.05456,Mixed,Masonry,3,2011,4,218.8,Poor,Low,1026066.0
819,33,4,23.7652,99.85995,Residential,Timber,1,1962,27,101.1,Dilapidated,Negligible,1628399.0
820,15,2,27.0302,98.74284,Commercial,Masonry,4,1962,38,360.2,Good,Medium,531477.0
821,33,4,23.77678,100.01009,Mixed,Reinforced Concrete,4,2005,17,356.7,Dilapidated,High,3443991.0
822,8,1,24.23503,98.67963,Industrial,Timber,3,2016,13,152.7,Good,Medium,369783.0
823,36,4,25.51567,90.50972,Commercial,Timber,2,1978,37,320.2,Poor,Negligible,2751233.0
824,42,5,22.21838,97.25503,Residential,Reinforced Concrete,3,2014,37,398.8,Poor,Medium,4453520.0
825,59,8,25.74302,92.62333,Commercial,Timber,3,2000,35,173.4,Good,Negligible,528858.0
826,20,2,23.34027,93.46389,Commercial,Masonry,2,1988,50,22.0,Fair,Negligible,2297910.0
827,8,1,24.35828,98.79838,Mixed,Steel,6,1975,21,11.2,Poor,High,1324119.0
828,3,1,27.31326,98.89756,Commercial,Reinforced Concrete,1,1990,15,348.6,Dilapidated,Medium,2099708.0
829,27,3,25.26954,90.7569,Commercial,Kutcha,5,2022,27,243.2,Poor,Negligible,2115628.0
830,10,1,23.69801,97.74988,Residential,Kutcha,4,1973,38,341.9,Good,Low,3251389.0
831,31,3,27.85814,95.31595,Industrial,Masonry,5,1962,32,55.8,Dilapidated,Negligible,4660365.0
832,12,1,26.96788,98.20982,Industrial,Kutcha,1,2017,10,16.3,Dilapidated,Low,433771.0
833,7,1,26.16007,92.11047,Residential,Reinforced Concrete,5,1952,49,361.4,Dilapidated,Medium,3863071.0
834,35,4,23.09356,91.50275,Commercial,Steel,3,1995,18,360.5,Dilapidated,Medium,1606551.0
835,31,3,28.14773,95.53282,Industrial,Reinforced Concrete,2,1974,15,96.0,Fair,Medium,3873830.0
836,35,4,23.30566,91.49848,Industrial,Kutcha,4,1998,3,406.8,Dilapidated,Negligible,944478.0
837,50,6,23.7957,92.25888,Residential,Reinforced Concrete,3,1980,50,117.7,Good,Negligible,1561730.0
838,32,3,25.44621,95.99005,Commercial,Masonry,6,1957,40,287.6,Dilapidated,Low,1168615.0
839,5,1,23.79608,94.97586,Mixed,Kutcha,4,2019,43,108.0,Good,Low,1135909.0
840,33,4,23.59319,99.80168,Institutional,Timber,5,1988,7,375.5,Dilapidated,High,95355.0
841,18,2,28.71133,98.61708,Mixed,Timber,1,1955,16,413.5,Dilapidated,Medium,1926131.0
842,7,1,26.43751,92.36493,Commercial,Reinforced Concrete,6,1956,16,208.6,Good,Low,269610.0
843,51,6,29.61166,91.03244,Residential,Timber,2,1999,11,269.8,Dilapidated,High,101657.0
844,7,1,26.47084,92.32294,Commercial,Masonry,2,1983,30,462.9,Good,Low,4468075.0
845,47,6,29.4385,99.35549,Commercial,Timber,1,1981,38,37.5,Good,Low,3024272.0
846,39,4,27.33388,91.21036,Industrial,Kutcha,6,1958,50,309.4,Poor,High,2601421.0
847,27,3,25.1859,90.53521,Institutional,Kutcha,6,1966,7,387.2,Good,Negligible,3521565.0
848,19,2,24.08401,96.55545,Residential,Masonry,4,1962,22,239.0,Good,Medium,1410064.0
849,55,7,29.11309,94.06213,Industrial,Timber,6,2005,49,483.3,Poor,Low,1057303.0
850,4,1,26.87062,90.44122,Institutional,Kutcha,3,1995,37,359.6,Fair,Negligible,567561.0
851,60,8,24.73546,95.81471,Mixed,Timber,1,1965,34,227.2,Dilapidated,High,3805524.0
852,19,2,24.33472,96.30823,Residential,Reinforced Concrete,6,2021,36,407.5,Good,Low,2918704.0
853,7,1,26.34006,92.21445,Commercial,Timber,4,1982,41,217.9,Good,Negligible,4130205.0
854,53,6,28.1366,91.20672,Residential,Masonry,2,1955,49,338.7,Fair,High,1482633.0
855,30,3,25.78427,92.72966,Commercial,Timber,5,1982,48,330.2,Dilapidated,Negligible,2675960.0
856,45,5,28.59871,95.25407,Industrial,Timber,4,1993,15,496.4,Poor,Negligible,3274043.0
857,38,4,29.94323,98.66414,Residential,Steel,2,1990,10,338.7,Dilapidated,Medium,3146912.0
858,53,6,27.99686,91.1323,Institutional,Timber,2,2023,16,286.0,Fair,High,4962520.0
859,29,3,25.93902,98.70327,Mixed,Steel,1,1970,10,441.2,Fair,Medium,646400.0
860,20,2,23.37775,93.42803,Institutional,Masonry,1,2010,22,179.7,Fair,Low,4069227.0
861,58,7,27.39561,94.23455,Mixed,Kutcha,5,1973,39,309.6,Good,High,2700829.0
862,30,3,25.73577,92.546,Residential,Kutcha,2,2023,1,392.2,Poor,Negligible,3454610.0
863,5,1,23.66926,95.24927,Residential,Kutcha,5,2012,42,269.7,Dilapidated,Low,841444.0
864,44,5,29.34471,98.76704,Industrial,Reinforced Concrete,6,1976,21,119.6,Dilapidated,Negligible,4211344.0
865,3,1,27.25711,99.10819,Commercial,Steel,6,1956,6,186.2,Poor,Low,62719.0
866,40,5,27.82139,97.7677,Mixed,Masonry,6,1967,30,52.3,Fair,High,2024918.0
867,60,8,24.66855,95.93972,Commercial,Steel,2,1952,4,126.4,Dilapidated,Negligible,4351588.0
868,10,1,23.76014,97.69697,Residential,Reinforced Concrete,2,1999,45,62.7,Dilapidated,Low,4332393.0
869,43,5,29.93083,97.74249,Mixed,Steel,6,1972,34,394.3,Good,Low,2088173.0
870,50,6,23.90487,92.26874,Residential,Steel,1,1966,35,463.6,Poor,Negligible,2982818.0
871,14,2,22.69,93.09163,Mixed,Steel,4,1986,29,111.6,Fair,Medium,3101032.0
872,36,4,25.17822,90.62194,Mixed,Steel,1,1954,16,240.9,Fair,Low,2107909.0
873,5,1,23.91617,94.88797,Residential,Kutcha,6,2009,24,98.1,Fair,Low,2964593.0
874,29,3,26.06458,98.77499,Institutional,Masonry,6,1969,8,65.3,Poor,Negligible,4766038.0
875,6,1,26.48229,97.31815,Commercial,Steel,1,1968,26,51.1,Fair,Medium,3792510.0
876,26,3,23.95025,90.40293,Mixed,Steel,6,2015,33,232.0,Dilapidated,Low,2221335.0
877,12,1,26.79677,98.13565,Institutional,Masonry,2,1970,3,467.0,Good,Low,77855.0
878,23,3,27.73523,91.45399,Industrial,Kutcha,1,1968,6,425.3,Poor,Medium,3804182.0
879,32,3,25.62596,95.8722,Mixed,Reinforced Concrete,1,2015,2,130.4,Fair,Low,4451998.0
880,24,3,24.34234,99.22914,Industrial,Steel,6,1951,24,394.6,Fair,Negligible,3842430.0
881,53,6,28.05648,91.1904,Institutional,Kutcha,5,1992,6,374.0,Good,High,3473783.0
882,20,2,23.18256,93.69077,Mixed,Reinforced Concrete,2,1959,39,153.2,Poor,Low,4259206.0
883,20,2,23.26574,93.67586,Institutional,Reinforced Concrete,4,2018,35,167.7,Fair,High,3553410.0
884,14,2,22.54207,92.97712,Commercial,Kutcha,2,1960,41,104.4,Dilapidated,Negligible,4754809.0
885,32,3,25.54239,95.78261,Residential,Masonry,3,2012,50,343.2,Fair,Low,2614225.0
886,28,3,29.12731,93.31896,Institutional,Steel,4,1990,22,352.4,Dilapidated,Negligible,383359.0
887,53,6,28.02387,91.26068,Mixed,Kutcha,4,1984,2,272.2,Poor,Medium,2650357.0
888,59,8,25.58678,92.49961,Institutional,Masonry,2,1964,37,158.5,Fair,Negligible,1527128.0
889,26,3,23.9205,90.31661,Mixed,Masonry,6,1982,28,408.3,Fair,High,1545062.0
890,42,5,22.14722,97.32249,Industrial,Timber,2,2017,13,330.1,Good,Medium,443279.0
891,57,7,23.78601,93.18515,Mixed,Masonry,5,2003,15,80.3,Good,Medium,3868449.0
892,41,5,22.97272,94.39183,Institutional,Kutcha,1,2004,18,258.1,Good,Medium,1976713.0
893,4,1,26.83017,90.49769,Residential,Steel,1,1956,20,399.9,Dilapidated,Low,2919818.0
894,8,1,24.3792,98.81583,Residential,Masonry,4,1989,44,433.1,Good,Negligible,3928888.0
895,59,8,25.66724,92.36016,Institutional,Kutcha,6,2004,27,334.1,Dilapidated,Low,4463029.0
896,25,3,26.46946,96.95321,Institutional,Masonry,6,1968,1,136.3,Fair,Negligible,3568851.0
897,25,3,26.57379,96.76942,Residential,Steel,1,1981,4,290.6,Poor,Negligible,3481633.0
898,60,8,24.82222,95.83679,Commercial,Masonry,2,2013,22,161.4,Fair,Medium,810486.0
899,46,5,23.41684,97.73558,Mixed,Kutcha,4,1999,29,205.4,Dilapidated,Negligible,4675348.0
900,23,3,27.70509,91.67652,Industrial,Kutcha,3,2019,44,433.0,Poor,Negligible,989493.0
901,29,3,26.02,98.8346,Industrial,Steel,5,2009,26,215.1,Good,Low,4834689.0
902,8,1,24.24879,98.86492,Industrial,Masonry,6,1975,20,255.6,Good,Negligible,2446144.0
903,52,6,28.66145,99.73983,Mixed,Reinforced Concrete,2,2004,17,490.5,Fair,Negligible,3891655.0
904,12,1,26.7005,98.0092,Commercial,Reinforced Concrete,3,2011,40,75.8,Good,Negligible,3606386.0
905,17,2,23.86428,93.00884,Commercial,Steel,2,1991,28,224.5,Fair,Low,630129.0
906,11,1,22.64572,91.00414,Industrial,Steel,1,1985,4,31.9,Fair,High,63495.0
907,24,3,24.16876,99.38865,Mixed,Kutcha,4,1973,24,244.6,Dilapidated,Negligible,2764955.0
908,59,8,25.7325,92.62992,Institutional,Steel,5,1982,22,229.9,Poor,High,2733344.0
909,42,5,22.04234,97.05492,Mixed,Masonry,2,1978,49,455.3,Good,Medium,2055396.0
910,21,2,24.10537,99.33152,Commercial,Timber,4,2018,49,425.3,Good,Medium,4872497.0
911,27,3,25.39493,90.46662,Institutional,Kutcha,3,2010,10,199.1,Dilapidated,Low,3250583.0
912,38,4,29.58993,98.44031,Residential,Steel,4,1995,4,473.7,Dilapidated,High,1585967.0
913,43,5,29.88935,97.56721,Residential,Timber,3,1991,23,195.9,Dilapidated,Medium,2397645.0
914,30,3,25.85578,92.59092,Mixed,Timber,2,2014,9,211.6,Fair,Medium,3491917.0
915,50,6,23.78726,92.2545,Residential,Reinforced Concrete,3,2003,24,169.7,Poor,High,1876122.0
916,1,1,27.0378,90.33138,Industrial,Kutcha,6,2010,43,181.4,Dilapidated,Low,2607732.0
917,34,4,26.14596,97.69288,Institutional,Kutcha,4,1999,4,479.6,Dilapidated,Low,556822.0
918,54,6,29.42709,91.72088,Residential,Steel,4,1953,12,345.1,Fair,High,4150229.0
919,2,1,24.09453,91.4683,Institutional,Kutcha,4,1957,48,345.6,Poor,Negligible,4610014.0
920,46,5,23.34237,97.47565,Commercial,Reinforced Concrete,5,2010,15,21.5,Good,Medium,1434006.0
921,41,5,22.79282,94.38644,Industrial,Reinforced Concrete,3,1957,36,154.1,Dilapidated,Low,2820582.0
922,60,8,24.82316,95.68531,Mixed,Kutcha,5,1954,33,85.7,Good,Negligible,2173128.0
923,60,8,24.86886,95.82995,Commercial,Kutcha,4,1964,13,26.5,Dilapidated,Negligible,3768474.0
924,19,2,24.06793,96.49731,Industrial,Steel,6,1992,32,174.9,Fair,High,3297470.0
925,58,7,27.06911,94.19651,Institutional,Kutcha,5,1952,38,149.8,Dilapidated,High,3007640.0
926,28,3,29.00943,93.31061,Commercial,Steel,5,1975,21,17.9,Dilapidated,Low,3821552.0
927,44,5,29.115,98.58469,Commercial,Masonry,5,2001,44,36.1,Good,High,1837419.0
928,48,6,26.64865,94.80087,Residential,Timber,3,1967,6,204.1,Dilapidated,Low,2190345.0
929,17,2,23.93524,92.73764,Mixed,Timber,3,1988,9,141.0,Poor,High,648535.0
930,24,3,23.97324,99.40141,Residential,Kutcha,3,1954,29,237.0,Dilapidated,Negligible,787004.0
931,25,3,26.635,97.01476,Commercial,Kutcha,2,2020,43,492.8,Good,High,1476830.0
932,12,1,26.67767,97.94026,Residential,Reinforced Concrete,2,2004,8,188.6,Good,Low,2521703.0
933,50,6,23.8017,92.28016,Mixed,Timber,6,1958,9,420.6,Good,Medium,444322.0
934,9,1,27.57519,93.4579,Industrial,Reinforced Concrete,5,2005,22,125.4,Poor,Negligible,3393451.0
935,6,1,26.47246,97.18636,Residential,Masonry,2,1954,27,239.1,Fair,Negligible,1676336.0
936,42,5,21.94315,97.2563,Residential,Steel,1,1993,30,171.6,Poor,Low,2463533.0
937,14,2,22.44187,92.99012,Residential,Kutcha,1,1973,13,128.9,Poor,Negligible,4459313.0
938,32,3,25.55605,95.73467,Industrial,Masonry,4,1967,9,80.8,Fair,High,1008611.0
939,30,3,25.65425,92.79488,Commercial,Kutcha,3,1953,46,385.9,Fair,Medium,2131105.0
940,3,1,27.48734,98.97334,Mixed,Reinforced Concrete,5,1950,36,415.5,Dilapidated,Medium,287779.0
941,35,4,23.09189,91.44981,Residential,Timber,2,1995,24,310.1,Dilapidated,Medium,2331408.0
942,15,2,26.99625,98.4767,Mixed,Timber,2,1973,33,362.0,Fair,High,129023.0
943,38,4,29.64792,98.43952,Commercial,Steel,2,1966,48,453.6,Good,Low,3520794.0
944,57,7,23.6409,93.18254,Residential,Timber,5,1996,23,125.0,Good,Medium,2693797.0
945,22,2,22.63797,96.31332,Residential,Steel,6,1994,29,436.9,Good,Negligible,4416839.0
946,11,1,22.88978,91.08352,Residential,Reinforced Concrete,5,1956,8,72.8,Fair,Medium,314251.0
947,60,8,24.87583,95.76097,Industrial,Masonry,5,1960,30,435.0,Good,High,2104699.0
948,33,4,23.694,100.12189,Residential,Masonry,4,2015,48,201.0,Poor,Negligible,3362084.0
949,23,3,27.9504,91.52689,Industrial,Reinforced Concrete,1,1969,13,367.7,Good,Medium,4006045.0
950,31,3,27.90895,95.49031,Industrial,Timber,6,1971,48,358.9,Poor,High,3969000.0
951,27,3,25.24305,90.66936,Mixed,Masonry,1,1988,42,369.3,Dilapidated,High,1041975.0
952,57,7,23.7434,92.92085,Commercial,Steel,3,1973,6,204.2,Poor,Low,4220213.0
953,58,7,27.10694,94.20994,Institutional,Masonry,6,1970,32,366.2,Fair,Negligible,2881232.0
954,32,3,25.44222,95.82341,Institutional,Steel,6,1988,39,177.2,Dilapidated,Low,390897.0
955,50,6,23.87024,92.55249,Mixed,Reinforced Concrete,6,1978,12,136.9,Fair,High,1200009.0
956,39,4,27.63615,91.23494,Mixed,Masonry,4,2010,41,176.6,Fair,Negligible,1625124.0
957,37,4,26.9603,94.83392,Mixed,Steel,2,2008,32,331.4,Poor,High,1810330.0
958,14,2,22.59965,93.10379,Institutional,Reinforced Concrete,4,1970,45,319.7,Poor,Negligible,3086373.0
959,5,1,23.78229,95.02655,Institutional,Timber,1,1962,2,27.3,Dilapidated,Negligible,2088061.0
960,52,6,28.61982,99.59177,Industrial,Masonry,5,1993,49,489.1,Good,Negligible,1898118.0
961,30,3,25.53991,92.71527,Institutional,Kutcha,2,1975,47,72.0,Dilapidated,Low,2031368.0
962,17,2,23.97631,93.06602,Industrial,Steel,5,1973,50,107.1,Dilapidated,Negligible,4552977.0
963,12,1,26.89695,98.04192,Mixed,Reinforced Concrete,5,1997,33,209.8,Poor,Negligible,720963.0
964,46,5,23.0375,97.63653,Mixed,Timber,1,2021,1,100.0,Poor,Negligible,2560051.0
965,42,5,22.19341,97.22197,Mixed,Timber,2,2002,48,35.8,Dilapidated,Negligible,4960830.0
966,2,1,24.05575,91.29134,Institutional,Masonry,4,1951,11,72.6,Good,Negligible,2496621.0
967,37,4,26.67306,94.63591,Residential,Masonry,4,2010,17,346.6,Fair,High,4525079.0
968,47,6,29.53594,99.31102,Commercial,Reinforced Concrete,2,1998,6,18.0,Poor,Medium,4939181.0
969,57,7,23.74949,93.17738,Mixed,Steel,3,1977,33,122.5,Good,Negligible,4056614.0
970,36,4,25.39298,90.63599,Residential,Steel,6,1956,35,17.6,Dilapidated,High,1690034.0
971,19,2,24.23023,96.17123,Residential,Kutcha,1,1956,1,209.2,Good,Negligible,4095287.0
972,59,8,25.53491,92.3758,Mixed,Steel,2,1997,18,469.6,Poor,Medium,2941472.0
973,2,1,24.13094,91.23863,Mixed,Masonry,5,1955,46,88.9,Poor,Negligible,3130344.0
974,48,6,26.69862,94.89926,Industrial,Timber,1,1997,11,277.1,Good,Medium,2950389.0
975,48,6,26.604,94.98684,Mixed,Masonry,4,1961,48,388.0,Fair,Negligible,557763.0
976,3,1,27.6029,99.11082,Residential,Timber,3,1996,13,75.1,Dilapidated,Negligible,4872721.0
977,29,3,26.10949,98.98298,Industrial,Timber,3,1976,20,284.2,Dilapidated,Medium,878731.0
978,29,3,26.0336,98.95793,Mixed,Steel,1,1973,7,119.8,Poor,High,746749.0
979,17,2,23.93835,92.73684,Industrial,Masonry,3,2012,50,156.6,Dilapidated,Negligible,3614881.0
980,6,1,26.34262,96.97245,Residential,Steel,3,1966,49,346.2,Good,Medium,1640448.0
981,53,6,28.14101,91.09837,Commercial,Timber,3,1986,17,88.9,Dilapidated,Negligible,3437349.0
982,40,5,27.96518,97.50287,Industrial,Timber,1,2000,47,35.6,Dilapidated,Low,1508215.0
983,48,6,26.76777,94.82231,Mixed,Timber,2,1950,49,385.9,Poor,Medium,3175570.0
984,19,2,24.28163,96.50615,Industrial,Timber,1,1987,14,84.8,Dilapidated,High,3127839.0
985,2,1,24.13693,91.20296,Institutional,Kutcha,2,1999,39,28.5,Good,Medium,352375.0
986,35,4,23.06709,91.62056,Industrial,Steel,3,1977,37,112.0,Dilapidated,Negligible,1022791.0
987,59,8,25.51333,92.44545,Industrial,Timber,6,2008,10,163.8,Good,High,2384706.0
988,40,5,28.16392,97.56112,Residential,Timber,4,1965,43,11.7,Good,Negligible,522015.0
989,56,7,29.23531,97.44143,Commercial,Masonry,2,2019,16,61.2,Fair,Medium,3012724.0
990,37,4,26.76121,94.8769,Commercial,Masonry,6,1986,47,162.4,Poor,Negligible,1924812.0
991,13,2,26.26309,99.54606,Industrial,Reinforced Concrete,1,2022,1,305.9,Fair,Medium,3912336.0
992,44,5,29.44495,98.54125,Industrial,Kutcha,2,1996,11,272.5,Poor,Medium,3836550.0
993,44,5,29.39264,98.57175,Industrial,Reinforced Concrete,1,1991,28,234.5,Good,High,2020203.0
994,45,5,28.64799,95.13148,Commercial,Timber,5,1956,13,134.0,Good,Negligible,689570.0
995,6,1,26.56804,97.24131,Commercial,Masonry,1,1972,9,479.7,Good,Low,131597.0
996,35,4,23.24353,91.61616,Industrial,Reinforced Concrete,6,2012,23,112.0,Poor,Negligible,1828451.0
997,10,1,23.54222,97.62784,Institutional,Steel,3,1977,1,236.8,Fair,High,2436013.0
998,32,3,25.54079,95.99106,Industrial,Masonry,5,2015,17,218.6,Poor,Low,476796.0
999,27,3,25.12618,90.71731,Mixed,Masonry,4,2014,46,344.2,Fair,Negligible,1556525.0
1000,33,4,23.85791,99.79736,Commercial,Masonry,4,2020,16,93.9,Good,High,426046.0
1001,30,3,25.7465,92.46928,Industrial,Steel,6,2000,1,66.9,Good,High,1125808.0
1002,3,1,27.36296,99.02634,Mixed,Reinforced Concrete,3,1954,11,234.9,Poor,Negligible,2484776.0
1003,49,6,29.44713,98.74077,Industrial,Masonry,6,1998,42,246.2,Dilapidated,High,979368.0
1004,25,3,26.64971,96.66827,Institutional,Reinforced Concrete,4,2009,21,79.4,Fair,Medium,881983.0
1005,56,7,29.41877,97.57011,Industrial,Steel,2,2005,1,439.0,Good,Medium,1887397.0
1006,46,5,23.38879,97.43712,Institutional,Kutcha,3,1982,30,312.5,Dilapidated,High,192002.0
1007,55,7,28.8333,94.34837,Industrial,Kutcha,2,2003,36,92.8,Good,High,1647587.0
1008,43,5,29.87389,97.61397,Industrial,Steel,6,1991,17,144.8,Dilapidated,Medium,405802.0
1009,23,3,27.74239,91.55386,Commercial,Kutcha,6,1953,34,454.3,Fair,High,2609180.0
1010,59,8,25.72003,92.38592,Commercial,Timber,5,2002,14,389.2,Fair,Medium,2365442.0
1011,24,3,24.02668,99.41699,Commercial,Kutcha,6,1973,21,163.5,Poor,High,11580.0
1012,27,3,25.10477,90.67037,Residential,Kutcha,1,2016,17,460.8,Fair,High,2488197.0
1013,56,7,29.4226,97.37579,Industrial,Masonry,2,1962,20,211.3,Fair,Negligible,172203.0
1014,33,4,23.70351,100.07214,Institutional,Steel,2,1961,43,68.3,Good,Negligible,2158930.0
1015,61,8,26.51801,90.19834,Industrial,Kutcha,3,2001,35,44.7,Good,Medium,2405768.0
1016,45,5,28.66899,95.10611,Institutional,Masonry,2,1993,32,23.0,Fair,Low,2459099.0
1017,61,8,26.7955,90.04932,Residential,Reinforced Concrete,4,2021,17,227.2,Good,High,4151079.0
1018,16,2,23.56729,90.80558,Institutional,Steel,2,1994,36,398.4,Good,Medium,3780443.0
1019,5,1,23.8024,95.05363,Institutional,Kutcha,6,1970,39,120.2,Poor,Low,3836203.0
1020,58,7,27.27537,94.38966,Commercial,Kutcha,4,1981,39,358.7,Good,Negligible,2371885.0
1021,5,1,23.64418,95.18232,Mixed,Timber,6,2018,47,17.4,Fair,Negligible,2282024.0
1022,14,2,22.61097,93.1238,Institutional,Reinforced Concrete,4,1983,9,402.1,Dilapidated,Low,3159846.0
1023,50,6,24.07026,92.393,Residential,Timber,1,1998,20,125.7,Good,Negligible,4246058.0
1024,46,5,23.18909,97.68,Industrial,Steel,5,1989,1,465.3,Dilapidated,Low,244466.0
1025,40,5,28.17007,97.70936,Industrial,Timber,6,2014,19,160.7,Good,Negligible,2597670.0
1026,11,1,22.78089,91.14824,Industrial,Reinforced Concrete,1,1957,25,227.0,Dilapidated,Medium,3234705.0
1027,14,2,22.46408,93.08951,Residential,Masonry,2,1965,12,485.3,Good,Negligible,4066283.0
1028,32,3,25.55357,95.86838,Commercial,Timber,1,2010,48,335.6,Dilapidated,Medium,4765993.0
1029,24,3,24.04615,99.10208,Commercial,Reinforced Concrete,3,1991,20,463.4,Fair,Medium,2741182.0
1030,14,2,22.4577,92.94358,Industrial,Kutcha,5,2018,10,430.3,Fair,Low,2743684.0
1031,17,2,23.87415,92.75249,Institutional,Timber,2,1997,20,26.7,Poor,Medium,4589312.0
1032,53,6,28.15801,91.4252,Mixed,Timber,4,1987,13,437.5,Dilapidated,High,1798898.0
1033,15,2,26.89593,98.76112,Institutional,Timber,6,1990,46,438.8,Good,Negligible,2168642.0
1034,62,8,27.13584,92.22145,Industrial,Reinforced Concrete,4,2017,9,224.9,Poor,Negligible,2578214.0
1035,39,4,27.6158,91.16137,Residential,Reinforced Concrete,6,2017,4,283.5,Poor,Medium,1919394.0
1036,60,8,24.76858,96.07129,Institutional,Reinforced Concrete,3,2009,45,468.8,Poor,Negligible,1368624.0
1037,35,4,23.33988,91.51887,Institutional,Kutcha,2,1985,49,298.0,Poor,Low,773891.0
1038,38,4,29.90726,98.47374,Industrial,Reinforced Concrete,1,1954,26,63.3,Poor,Medium,137165.0
1039,44,5,29.25301,98.61117,Mixed,Masonry,4,2000,33,308.2,Dilapidated,Medium,578972.0
1040,28,3,28.88854,93.1674,Institutional,Timber,5,1986,3,357.5,Good,Low,4591435.0
1041,43,5,29.70285,97.73857,Mixed,Masonry,1,1984,1,29.1,Dilapidated,Medium,4355957.0
1042,6,1,26.56405,97.34549,Residential,Timber,2,1982,47,369.8,Fair,Medium,3947858.0
1043,29,3,25.99119,98.80379,Residential,Masonry,1,2006,5,430.1,Dilapidated,High,2922596.0
1044,12,1,26.78888,98.2013,Residential,Steel,1,1962,8,193.8,Dilapidated,High,4781183.0
1045,41,5,23.06753,94.22137,Mixed,Masonry,5,1974,4,165.9,Poor,Negligible,4329132.0
1046,50,6,24.06071,92.28393,Industrial,Steel,3,2002,42,115.4,Good,Negligible,1784163.0
1047,47,6,29.70674,99.38433,Commercial,Steel,6,1959,21,211.8,Good,High,525096.0
1048,60,8,24.83115,95.86369,Residential,Steel,1,1997,11,316.0,Fair,High,2531366.0
1049,48,6,26.96464,94.86136,Industrial,Timber,4,1957,48,407.2,Fair,Negligible,1814749.0
1050,35,4,23.15835,91.47943,Commercial,Reinforced Concrete,6,1984,16,392.0,Fair,Low,2099396.0
1051,14,2,22.79323,92.78174,Industrial,Masonry,6,1950,32,491.6,Dilapidated,Low,3179893.0
1052,32,3,25.37972,95.99324,Industrial,Steel,4,1962,23,396.5,Good,Negligible,4724117.0
1053,53,6,28.27985,91.11643,Institutional,Timber,5,2013,13,449.1,Fair,Medium,3163883.0
1054,6,1,26.61201,97.27075,Commercial,Timber,1,1968,13,148.8,Good,High,4106245.0
1055,26,3,23.94047,90.33428,Industrial,Timber,2,2010,34,300.7,Dilapidated,High,4747139.0
1056,50,6,24.10414,92.25426,Industrial,Steel,5,1967,43,139.4,Fair,Medium,1908604.0
1057,37,4,26.61157,94.64801,Commercial,Timber,6,1988,25,219.7,Fair,Low,2524382.0
1058,13,2,26.40979,99.61146,Institutional,Masonry,6,1974,5,324.1,Dilapidated,Medium,3187144.0
1059,10,1,23.84548,97.49312,Residential,Kutcha,2,2010,49,106.7,Poor,Medium,2967211.0
1060,49,6,29.44076,98.96256,Institutional,Kutcha,5,1986,40,143.4,Dilapidated,Low,3429268.0
1061,33,4,23.63515,99.94423,Residential,Kutcha,4,2014,21,126.6,Good,Low,1887640.0
1062,52,6,28.64497,99.95063,Commercial,Steel,2,1987,38,211.0,Poor,Low,4092763.0
1063,10,1,23.71356,97.7732,Residential,Timber,2,1983,30,321.6,Good,High,2070396.0
1064,9,1,27.55503,93.37992,Commercial,Reinforced Concrete,5,1995,42,348.4,Poor,Medium,3910211.0
1065,30,3,25.47744,92.48268,Institutional,Steel,1,2005,31,352.4,Fair,Medium,2788028.0
1066,13,2,26.29301,99.74935,Residential,Reinforced Concrete,5,1997,25,136.7,Fair,Negligible,2641698.0
1067,5,1,23.68799,94.89869,Mixed,Steel,1,1979,37,175.1,Good,Negligible,3201217.0
1068,6,1,26.45306,97.23913,Mixed,Steel,2,2016,46,273.6,Good,Negligible,2471464.0
1069,9,1,27.75962,93.50662,Industrial,Reinforced Concrete,4,2013,26,230.4,Poor,Medium,1491909.0
1070,52,6,28.46315,99.72791,Industrial,Timber,2,2011,48,370.1,Fair,Negligible,348550.0
1071,41,5,22.96679,94.53395,Residential,Masonry,6,1991,47,78.7,Good,Low,37565.0
1072,27,3,25.37533,90.71303,Industrial,Steel,5,2020,16,262.9,Dilapidated,Medium,3658809.0
1073,2,1,24.01789,91.50307,Institutional,Masonry,3,1953,23,53.8,Good,Medium,3249333.0
1074,44,5,29.1877,98.63838,Industrial,Timber,2,2006,29,377.7,Good,Medium,4739990.0
1075,41,5,22.80216,94.26153,Industrial,Reinforced Concrete,1,1972,3,294.2,Fair,Medium,4225236.0
1076,5,1,23.85801,95.00264,Institutional,Masonry,5,2011,36,253.0,Poor,High,3381504.0
1077,21,2,24.21705,99.29327,Commercial,Reinforced Concrete,2,2006,48,159.8,Fair,Low,1536841.0
1078,42,5,21.94205,97.15591,Residential,Steel,6,1971,23,319.1,Fair,High,3445429.0
1079,5,1,23.84645,94.89642,Mixed,Timber,2,2023,29,301.3,Poor,Low,3707075.0
1080,58,7,27.27974,94.29683,Institutional,Timber,3,2006,15,339.8,Dilapidated,Low,4699056.0
1081,7,1,26.53915,92.38477,Residential,Kutcha,4,1959,18,66.8,Poor,High,1400706.0
1082,8,1,24.16828,98.85297,Commercial,Steel,1,1999,15,295.3,Good,High,2512054.0
1083,22,2,22.59062,96.51827,Mixed,Steel,5,1980,40,498.6,Poor,High,3478816.0
1084,24,3,24.31811,99.43466,Commercial,Kutcha,3,1996,3,137.3,Good,Negligible,1861193.0
1085,25,3,26.44477,96.64863,Commercial,Steel,6,2000,41,386.1,Fair,High,4208621.0
1086,35,4,23.27643,91.45012,Commercial,Steel,6,1970,40,24.9,Good,Negligible,1573350.0
1087,43,5,29.65644,97.74007,Residential,Reinforced Concrete,3,1986,48,329.2,Good,Medium,2948229.0
1088,56,7,29.55551,97.67283,Mixed,Reinforced Concrete,6,1960,28,112.3,Good,Medium,526916.0
1089,32,3,25.50515,95.87829,Institutional,Kutcha,2,2006,10,228.9,Dilapidated,Negligible,832546.0
1090,1,1,27.25008,90.19963,Institutional,Kutcha,2,1994,11,263.7,Fair,Medium,3612338.0
1091,51,6,29.43438,91.01008,Mixed,Kutcha,2,1954,45,133.6,Fair,Medium,4483643.0
1092,4,1,26.8747,90.38981,Commercial,Steel,4,1972,7,261.3,Dilapidated,Medium,2749618.0
1093,15,2,26.89229,98.63115,Mixed,Kutcha,2,2021,16,380.5,Good,Negligible,3624741.0
1094,47,6,29.82575,99.14213,Institutional,Timber,5,1967,47,319.2,Fair,Low,1458701.0
1095,16,2,23.41166,90.7795,Industrial,Masonry,1,1963,31,313.4,Poor,Low,2598057.0
1096,55,7,28.98583,94.16608,Commercial,Reinforced Concrete,6,1985,3,181.6,Poor,Medium,1044325.0
1097,50,6,23.83908,92.3485,Residential,Timber,3,1974,42,115.0,Fair,Low,52139.0
1098,33,4,23.88712,100.15688,Commercial,Steel,3,2018,30,359.7,Good,High,4873546.0
1099,7,1,26.4804,92.36304,Mixed,Steel,1,2022,6,271.2,Poor,High,1070991.0
1100,14,2,22.53264,92.95056,Institutional,Kutcha,6,1981,34,398.6,Dilapidated,Medium,4817970.0
1101,26,3,23.84571,90.51546,Institutional,Reinforced Concrete,3,1956,11,156.1,Fair,Negligible,2089665.0
1102,10,1,23.70049,97.46795,Industrial,Timber,1,1955,43,180.2,Dilapidated,Low,950616.0
1103,6,1,26.37484,97.22103,Commercial,Timber,1,2016,28,82.4,Good,High,1448906.0
1104,13,2,26.14205,99.7028,Industrial,Steel,6,1953,42,412.7,Fair,Low,2879432.0
1105,28,3,28.85989,92.95426,Industrial,Reinforced Concrete,2,1961,11,270.6,Dilapidated,Medium,3066896.0
1106,38,4,29.59259,98.79362,Residential,Kutcha,4,1956,6,95.9,Good,Low,4165912.0
1107,34,4,25.77154,97.71846,Mixed,Reinforced Concrete,6,2023,33,400.2,Dilapidated,Negligible,515376.0
1108,18,2,29.00126,98.80003,Institutional,Masonry,6,1993,39,387.3,Poor,High,819934.0
1109,56,7,29.60819,97.57939,Industrial,Steel,6,2023,4,292.7,Fair,Medium,4551606.0
1110,62,8,27.00329,92.2461,Industrial,Timber,6,1973,20,161.1,Poor,High,701556.0
1111,40,5,27.81437,97.84406,Industrial,Reinforced Concrete,5,1951,11,295.3,Poor,High,699480.0
1112,34,4,26.09001,97.68869,Commercial,Masonry,2,1970,2,423.0,Dilapidated,Negligible,2089038.0
1113,58,7,27.0752,94.32091,Residential,Masonry,2,1975,42,160.0,Dilapidated,Medium,2921854.0
1114,60,8,24.83495,95.74713,Mixed,Masonry,2,1997,2,451.4,Good,Negligible,4409945.0
1115,8,1,24.195,98.7199,Mixed,Reinforced Concrete,2,1972,21,126.7,Fair,Low,1331399.0
1116,9,1,27.56003,93.24771,Industrial,Timber,2,2005,49,178.5,Fair,Low,1147150.0
1117,49,6,29.39893,98.78752,Institutional,Reinforced Concrete,5,1950,45,314.6,Good,Low,4765713.0
1118,20,2,23.46142,93.50203,Industrial,Steel,1,1963,10,469.8,Good,Medium,2681212.0
1119,36,4,25.18812,90.57476,Mixed,Reinforced Concrete,5,1952,4,232.2,Good,Medium,1473158.0
1120,45,5,28.71212,94.87863,Industrial,Kutcha,4,1996,4,358.1,Poor,Low,1230696.0
1121,19,2,24.1705,96.45092,Institutional,Masonry,4,1950,20,378.3,Fair,Medium,4995329.0
1122,14,2,22.76836,92.93354,Mixed,Kutcha,2,1996,39,11.8,Fair,Negligible,1385827.0
1123,40,5,27.85544,97.79836,Commercial,Steel,2,2007,14,490.0,Fair,High,1704660.0
1124,1,1,27.14888,90.39977,Institutional,Kutcha,3,1995,1,247.8,Poor,Medium,3270310.0
1125,30,3,25.57499,92.52294,Residential,Timber,5,1974,6,179.4,Dilapidated,Low,3937776.0
1126,22,2,22.38782,96.33274,Industrial,Steel,3,1954,12,297.3,Good,Medium,1980304.0
1127,17,2,23.77769,92.78116,Commercial,Kutcha,6,1982,18,286.7,Dilapidated,Negligible,930133.0
1128,35,4,23.25254,91.60647,Residential,Masonry,5,2023,48,141.9,Poor,Medium,4588976.0
1129,55,7,29.03658,94.1773,Mixed,Masonry,6,1973,2,405.3,Poor,High,2295069.0
1130,54,6,29.74295,91.59579,Industrial,Kutcha,5,1992,40,471.7,Poor,High,3158376.0
1131,22,2,22.48194,96.523,Residential,Masonry,4,1973,29,10.1,Fair,Negligible,484471.0
1132,11,1,22.77291,91.16557,Industrial,Masonry,2,1987,35,319.3,Dilapidated,Negligible,3276874.0
1133,29,3,25.87594,98.78565,Mixed,Masonry,3,2023,42,21.3,Dilapidated,Negligible,1787665.0
1134,58,7,27.04871,94.42403,Institutional,Timber,4,2010,8,272.4,Dilapidated,Low,3470586.0
1135,46,5,23.27132,97.63894,Residential,Reinforced Concrete,1,2013,50,59.3,Poor,Negligible,4892527.0
1136,24,3,24.11942,99.24518,Residential,Kutcha,4,1971,43,68.7,Dilapidated,Medium,3853063.0
1137,7,1,26.46967,92.39238,Industrial,Timber,4,1983,13,187.6,Dilapidated,Low,2826171.0
1138,16,2,23.68422,90.83031,Mixed,Kutcha,1,1953,31,383.1,Fair,Negligible,1989332.0
1139,12,1,26.83571,98.12883,Institutional,Reinforced Concrete,4,1985,17,127.2,Fair,High,76777.0
1140,6,1,26.40681,97.24556,Industrial,Masonry,5,1994,4,156.4,Good,Medium,220654.0
1141,59,8,25.71337,92.35538,Mixed,Kutcha,6,2017,37,344.9,Dilapidated,Negligible,2848886.0
1142,58,7,27.1755,94.33689,Commercial,Kutcha,2,1993,25,59.9,Good,Medium,343506.0
1143,18,2,28.67468,98.47653,Residential,Reinforced Concrete,5,2001,31,329.3,Poor,Medium,736529.0
1144,25,3,26.41706,96.6679,Commercial,Steel,1,2013,39,208.2,Fair,Medium,4972555.0
1145,8,1,24.37572,98.71339,Residential,Reinforced Concrete,3,2006,10,470.6,Fair,Medium,2007201.0
1146,50,6,23.89224,92.514,Commercial,Steel,1,1950,33,67.3,Good,Medium,3256439.0
1147,26,3,23.69577,90.2847,Institutional,Reinforced Concrete,3,2003,29,367.6,Good,Medium,2494572.0
1148,59,8,25.70692,92.54769,Residential,Masonry,2,1988,34,413.4,Good,Negligible,4370258.0
1149,18,2,28.95999,98.57061,Commercial,Kutcha,1,1997,45,139.6,Fair,Medium,4930706.0
1150,10,1,23.81676,97.51016,Residential,Kutcha,6,2003,24,127.8,Dilapidated,High,1296045.0
1151,10,1,23.83501,97.61151,Mixed,Steel,4,1959,27,430.0,Poor,High,3371656.0
1152,10,1,23.83294,97.76649,Institutional,Masonry,2,1975,3,138.2,Good,High,4183388.0
1153,57,7,23.70175,92.95426,Institutional,Steel,6,2008,30,190.9,Good,Low,4020873.0
1154,14,2,22.77521,92.93549,Commercial,Steel,4,2021,44,258.7,Poor,Low,730699.0
1155,41,5,22.96801,94.42181,Residential,Steel,3,1965,44,457.5,Fair,Negligible,3379402.0
1156,56,7,29.42611,97.52898,Residential,Timber,2,2017,21,455.5,Fair,Medium,2985951.0
1157,36,4,25.51161,90.82848,Residential,Reinforced Concrete,6,1955,12,237.8,Dilapidated,Medium,1357817.0
1158,47,6,29.47013,99.37462,Institutional,Reinforced Concrete,6,1978,28,143.0,Good,Low,1749883.0
1159,54,6,29.43099,91.52969,Residential,Steel,6,2005,48,42.4,Poor,High,2123275.0
1160,25,3,26.42444,96.64726,Residential,Timber,1,2008,48,467.1,Poor,Negligible,2493257.0
1161,36,4,25.36499,90.55383,Institutional,Kutcha,5,2013,38,86.9,Good,High,1727186.0
1162,21,2,24.03784,99.39288,Industrial,Kutcha,4,2022,1,177.1,Poor,High,3758234.0
1163,29,3,26.04119,98.72472,Industrial,Masonry,5,1985,23,39.2,Good,Negligible,1295288.0
1164,33,4,23.78456,99.96532,Mixed,Kutcha,3,2015,33,120.2,Good,Medium,819544.0
1165,56,7,29.43762,97.44072,Institutional,Masonry,3,1998,29,423.3,Fair,Negligible,1309000.0
1166,1,1,27.07333,90.25002,Residential,Timber,4,2001,18,410.8,Good,Low,145841.0
1167,56,7,29.23679,97.47451,Institutional,Timber,6,2014,18,491.6,Fair,Medium,1135172.0
1168,21,2,24.13211,99.41764,Mixed,Reinforced Concrete,2,2001,45,155.6,Good,Low,4044853.0
1169,39,4,27.57537,91.20202,Industrial,Reinforced Concrete,6,2006,43,475.8,Poor,High,4824438.0
1170,10,1,23.69894,97.61337,Institutional,Steel,6,2020,18,94.2,Poor,Medium,3606803.0
1171,18,2,28.69532,98.78037,Residential,Timber,2,1999,1,300.0,Poor,High,4627633.0
1172,35,4,23.17696,91.6119,Industrial,Steel,6,1957,31,90.5,Dilapidated,High,3838098.0
1173,7,1,26.2725,92.04673,Commercial,Masonry,2,1997,25,487.7,Fair,Low,2204627.0
1174,34,4,25.79392,97.41261,Industrial,Steel,5,2006,28,184.9,Fair,Medium,4998938.0
1175,51,6,29.60539,90.9713,Institutional,Masonry,1,1967,29,418.5,Good,Medium,216398.0
1176,1,1,27.18714,90.40298,Industrial,Reinforced Concrete,4,1978,33,147.9,Poor,Low,6220.0
1177,22,2,22.68831,96.25711,Mixed,Timber,4,1971,47,454.2,Good,Negligible,4777237.0
1178,18,2,28.71249,98.67596,Commercial,Reinforced Concrete,4,2022,42,419.9,Poor,Low,989334.0
1179,58,7,27.1634,94.33725,Residential,Masonry,6,1993,48,264.9,Fair,Medium,4342161.0
1180,43,5,29.61632,97.69516,Mixed,Reinforced Concrete,5,1977,3,484.1,Good,High,2380152.0
1181,18,2,28.90705,98.51092,Industrial,Timber,6,1998,4,477.3,Good,Medium,4976905.0
1182,44,5,29.49511,98.71266,Mixed,Masonry,3,1973,36,77.1,Poor,High,1909577.0
1183,49,6,29.55799,98.65062,Residential,Kutcha,2,1967,14,62.1,Fair,Low,4092997.0
1184,5,1,23.74798,95.1125,Commercial,Reinforced Concrete,1,1951,36,253.3,Fair,Low,2084331.0
1185,13,2,26.11703,99.59165,Industrial,Timber,1,1960,27,433.6,Poor,High,241796.0
1186,34,4,25.8962,97.69462,Industrial,Kutcha,1,1980,2,316.7,Dilapidated,Medium,2652664.0
1187,55,7,29.09867,94.15479,Residential,Reinforced Concrete,3,1979,27,129.5,Dilapidated,Low,168918.0
1188,41,5,22.94486,94.39753,Commercial,Steel,4,1957,42,75.2,Poor,Low,2332312.0
1189,21,2,24.13821,99.38732,Institutional,Masonry,2,1952,33,330.2,Fair,Medium,3577795.0
1190,23,3,27.9995,91.65573,Mixed,Timber,6,1963,19,303.8,Good,Low,668272.0
1191,6,1,26.47947,97.27589,Industrial,Steel,3,1993,29,384.5,Good,Negligible,4370034.0
1192,49,6,29.60065,98.83853,Industrial,Masonry,4,1979,36,353.7,Dilapidated,Negligible,3016696.0
1193,9,1,27.75039,93.47429,Commercial,Steel,2,1982,44,165.0,Fair,Low,2377102.0
1194,33,4,23.71549,99.81042,Institutional,Steel,3,1966,2,489.6,Poor,Negligible,496379.0
1195,43,5,29.75594,97.50671,Institutional,Timber,1,2009,49,47.5,Dilapidated,High,2500553.0
1196,41,5,22.69584,94.2002,Mixed,Reinforced Concrete,5,2018,45,165.5,Poor,Low,3444476.0
1197,2,1,24.12016,91.33253,Industrial,Masonry,4,1977,39,99.9,Dilapidated,High,1691995.0
1198,43,5,29.92056,97.63034,Industrial,Masonry,5,2008,18,80.8,Good,High,2614647.0
1199,59,8,25.63374,92.36281,Residential,Steel,3,1969,6,153.7,Good,Low,420849.0
1200,30,3,25.70762,92.84584,Residential,Steel,1,2013,13,251.7,Good,Negligible,3238144.0
1201,39,4,27.62612,91.13511,Mixed,Masonry,6,1995,49,402.6,Dilapidated,High,4768277.0
1202,26,3,23.65673,90.34745,Industrial,Kutcha,1,1952,21,483.2,Fair,Negligible,4107487.0
1203,57,7,23.66972,93.2808,Mixed,Timber,3,1991,2,101.5,Poor,Medium,4816662.0
1204,2,1,24.14375,91.5929,Commercial,Timber,2,1981,19,311.5,Good,High,3413415.0
1205,49,6,29.50893,98.88671,Commercial,Kutcha,6,1977,11,246.8,Fair,Low,2934141.0
1206,56,7,29.47221,97.53154,Mixed,Steel,6,2011,47,258.1,Poor,Negligible,2842120.0
1207,60,8,24.53785,95.92886,Commercial,Masonry,3,1990,50,128.9,Dilapidated,Medium,4757096.0
1208,17,2,23.99612,92.81238,Industrial,Masonry,3,2019,2,20.9,Fair,Low,156916.0
1209,54,6,29.61282,91.8173,Industrial,Timber,1,2018,16,378.2,Fair,Low,2830971.0
1210,37,4,26.89111,94.76069,Institutional,Reinforced Concrete,5,2007,10,260.9,Fair,High,4335773.0
1211,58,7,27.17857,94.5481,Industrial,Reinforced Concrete,2,1968,9,254.5,Poor,High,3745327.0
1212,1,1,27.26966,90.2126,Residential,Masonry,2,2002,34,165.4,Poor,Negligible,3833832.0
1213,29,3,25.81717,98.91569,Residential,Masonry,6,1983,34,60.6,Good,Medium,653301.0
1214,41,5,23.05741,94.46441,Institutional,Masonry,2,2010,9,357.3,Fair,High,553309.0
1215,38,4,29.64148,98.60171,Residential,Kutcha,2,1965,14,303.2,Poor,Negligible,1460502.0
1216,28,3,28.95519,93.31573,Residential,Steel,4,1999,5,74.8,Good,Medium,1034219.0
1217,45,5,28.5999,94.97737,Mixed,Steel,5,2011,37,121.9,Dilapidated,Low,187034.0
1218,54,6,29.39176,91.83346,Mixed,Timber,1,1954,42,190.2,Poor,Negligible,4135375.0
1219,21,2,24.19099,99.35216,Commercial,Timber,5,2023,11,59.5,Fair,High,580946.0
1220,44,5,29.47045,98.71647,Institutional,Masonry,6,1961,45,217.3,Poor,Medium,3514162.0
1221,33,4,23.56912,99.98827,Mixed,Timber,3,1952,28,291.2,Poor,High,2560318.0
1222,2,1,24.11597,91.38334,Mixed,Steel,6,1952,1,475.9,Dilapidated,Low,114242.0
1223,44,5,29.18599,98.5169,Mixed,Timber,3,2002,43,478.5,Dilapidated,Negligible,4928721.0
1224,61,8,26.57276,89.94619,Institutional,Kutcha,2,2012,19,442.3,Good,Low,4893471.0
1225,22,2,22.53435,96.50512,Mixed,Masonry,3,1990,32,135.0,Dilapidated,Negligible,3381714.0
1226,34,4,25.79646,97.55816,Mixed,Kutcha,4,1956,12,422.9,Dilapidated,Negligible,1090017.0
1227,48,6,26.83329,95.03564,Commercial,Steel,4,1964,35,441.8,Dilapidated,High,1680726.0
1228,37,4,26.86975,94.83133,Commercial,Reinforced Concrete,2,2016,40,191.9,Good,High,2142214.0
1229,4,1,26.83737,90.48173,Mixed,Kutcha,3,1987,39,311.2,Dilapidated,Low,3000676.0
1230,29,3,26.11705,98.88282,Commercial,Reinforced Concrete,3,1962,30,457.1,Good,Low,3421510.0
1231,22,2,22.72323,96.39907,Mixed,Masonry,5,2023,43,11.0,Dilapidated,Low,3336517.0
1232,28,3,28.81945,93.1321,Commercial,Reinforced Concrete,4,1971,48,452.3,Poor,Medium,4117624.0
1233,44,5,29.36235,98.63988,Residential,Reinforced Concrete,6,1959,13,284.6,Poor,Medium,4534168.0
1234,44,5,29.34412,98.67031,Institutional,Timber,5,2005,26,399.3,Fair,Medium,3370446.0
1235,3,1,27.32036,98.94556,Commercial,Masonry,5,1951,50,476.9,Poor,Low,1810204.0
1236,33,4,23.6238,99.93162,Commercial,Kutcha,4,2012,36,24.2,Poor,Low,2916560.0
1237,49,6,29.55941,98.95524,Mixed,Timber,5,1998,17,222.9,Good,Low,4213117.0
1238,35,4,23.05379,91.54295,Residential,Timber,1,1989,31,112.1,Poor,Low,1888295.0
1239,20,2,23.43927,93.43552,Commercial,Steel,1,2004,4,372.3,Fair,High,1805588.0
1240,46,5,23.06809,97.47154,Mixed,Steel,6,1957,28,488.0,Poor,High,2361399.0
1241,47,6,29.66953,99.13518,Commercial,Steel,6,1957,34,432.5,Good,Low,4145560.0
1242,11,1,22.61806,90.82338,Commercial,Reinforced Concrete,5,1981,2,390.4,Fair,Medium,4335557.0
1243,39,4,27.35795,91.26892,Mixed,Reinforced Concrete,4,1998,34,493.0,Poor,Negligible,3200757.0
1244,49,6,29.43224,98.88686,Mixed,Reinforced Concrete,2,1970,31,387.5,Dilapidated,Low,4039427.0
1245,5,1,23.90952,95.20187,Residential,Timber,2,1968,21,11.2,Fair,Low,4108072.0
1246,56,7,29.30088,97.68543,Industrial,Reinforced Concrete,6,1959,34,307.4,Dilapidated,Medium,1796261.0
1247,23,3,27.92264,91.70659,Residential,Masonry,3,1956,33,337.0,Fair,Medium,3855421.0
1248,62,8,27.13268,92.27187,Mixed,Reinforced Concrete,6,1978,20,395.4,Dilapidated,Negligible,4207279.0
1249,1,1,27.02353,90.07052,Commercial,Steel,1,2022,38,265.9,Fair,Medium,1757838.0
1250,1,1,27.06378,90.19858,Mixed,Reinforced Concrete,1,1989,36,294.7,Poor,Medium,369347.0
1251,28,3,28.99122,92.97722,Industrial,Masonry,4,1973,27,221.8,Fair,Medium,3841248.0
1252,59,8,25.60749,92.47664,Commercial,Reinforced Concrete,4,1970,26,89.1,Fair,Low,4104237.0
1253,52,6,28.664,99.91134,Industrial,Reinforced Concrete,4,2017,34,417.5,Fair,Negligible,3825866.0
1254,45,5,28.63419,94.96364,Industrial,Steel,5,1977,11,205.8,Good,Low,3791336.0
1255,33,4,23.57916,100.06392,Residential,Steel,4,1960,28,477.3,Good,High,3823528.0
1256,19,2,24.34965,96.28264,Residential,Masonry,1,1972,2,216.6,Good,Negligible,1535675.0
1257,30,3,25.54338,92.79087,Residential,Kutcha,2,2019,3,415.8,Fair,High,837094.0
1258,16,2,23.72456,90.56861,Residential,Masonry,3,2001,44,65.3,Good,Negligible,55782.0
1259,4,1,26.77067,90.35102,Commercial,Masonry,3,2014,3,317.4,Good,Low,1539857.0
1260,18,2,29.0399,98.51194,Mixed,Timber,3,1991,33,316.9,Good,Medium,2417076.0
1261,2,1,23.96738,91.5581,Industrial,Kutcha,5,1969,3,271.4,Good,Negligible,3941444.0
1262,51,6,29.57379,90.78411,Industrial,Masonry,6,1953,18,116.9,Fair,Medium,1348139.0
1263,23,3,27.88649,91.72001,Residential,Masonry,1,1997,25,478.9,Poor,Negligible,1155382.0
1264,17,2,23.84934,92.98482,Residential,Timber,2,2012,44,212.3,Fair,High,859647.0
1265,44,5,29.43079,98.72864,Residential,Timber,1,2003,23,55.5,Good,Medium,2984805.0
1266,2,1,24.03281,91.34039,Institutional,Kutcha,2,1950,39,472.1,Dilapidated,High,2146753.0
1267,51,6,29.66825,90.90087,Mixed,Kutcha,6,1969,36,257.6,Poor,High,1041160.0
1268,12,1,26.94204,98.15066,Commercial,Steel,2,2015,21,214.9,Dilapidated,High,2327260.0
1269,49,6,29.28774,98.75852,Mixed,Timber,1,1964,13,349.1,Dilapidated,High,2569576.0
1270,14,2,22.45587,93.07354,Institutional,Masonry,2,1952,4,277.9,Poor,Low,120799.0
1271,60,8,24.73641,95.94672,Mixed,Masonry,1,1958,48,44.6,Dilapidated,Low,1559384.0
1272,18,2,28.73477,98.46965,Industrial,Timber,2,1969,47,199.0,Good,Medium,1009046.0
1273,52,6,28.50683,99.84141,Residential,Timber,2,2003,41,98.4,Fair,High,3103386.0
1274,5,1,23.64488,95.17707,Mixed,Timber,6,1973,10,203.9,Fair,Medium,3703305.0
1275,19,2,24.03355,96.25644,Commercial,Kutcha,6,1965,21,299.3,Dilapidated,Negligible,3877996.0
1276,43,5,29.61946,97.73551,Institutional,Timber,3,1971,26,273.1,Good,High,2389507.0
1277,33,4,23.67563,99.80554,Industrial,Reinforced Concrete,2,1991,14,246.3,Poor,Low,104209.0
1278,34,4,26.07169,97.61052,Industrial,Reinforced Concrete,3,1987,1,104.0,Good,Medium,3137626.0
1279,16,2,23.64509,90.66043,Industrial,Steel,3,2000,38,178.9,Dilapidated,Medium,2392647.0
1280,16,2,23.58852,90.64716,Commercial,Timber,5,1977,24,422.7,Poor,High,3485217.0
1281,18,2,28.83218,98.84906,Industrial,Masonry,6,1956,43,116.7,Poor,Negligible,743279.0
1282,52,6,28.50973,99.94481,Institutional,Reinforced Concrete,5,2014,32,30.0,Fair,High,147279.0
1283,37,4,26.63517,94.58177,Mixed,Reinforced Concrete,4,1955,42,291.9,Fair,Low,164770.0
1284,28,3,28.8405,93.2439,Institutional,Timber,6,2007,47,128.9,Fair,Medium,3286638.0
1285,31,3,28.01345,95.55386,Institutional,Timber,5,1969,9,48.8,Dilapidated,Negligible,4001430.0
1286,50,6,23.78314,92.54673,Commercial,Kutcha,3,2020,43,15.2,Dilapidated,Medium,2218974.0
1287,33,4,23.87231,99.77726,Institutional,Steel,5,1983,33,104.3,Poor,High,1098068.0
1288,32,3,25.26892,95.91207,Industrial,Kutcha,1,1954,9,477.5,Dilapidated,High,4610451.0
1289,23,3,27.81568,91.55554,Residential,Steel,3,1992,10,383.4,Dilapidated,Medium,1523366.0
1290,4,1,26.776,90.19525,Industrial,Kutcha,2,2014,28,231.5,Fair,Negligible,1858093.0
1291,46,5,23.40968,97.45241,Institutional,Masonry,4,1960,50,305.2,Fair,Medium,4383937.0
1292,49,6,29.24639,98.94426,Residential,Steel,6,1993,21,408.2,Dilapidated,Negligible,3607001.0
1293,58,7,27.36259,94.39454,Industrial,Kutcha,1,2007,23,386.0,Dilapidated,High,933006.0
1294,48,6,26.80407,94.87896,Residential,Kutcha,6,1998,21,491.3,Dilapidated,High,584600.0
1295,12,1,26.82479,98.20184,Institutional,Reinforced Concrete,6,1969,49,284.2,Good,Medium,1176188.0
1296,23,3,27.99208,91.74977,Institutional,Reinforced Concrete,6,1952,24,286.1,Poor,Negligible,4163948.0
1297,12,1,26.95704,98.22815,Industrial,Timber,6,2001,9,339.6,Dilapidated,Medium,236179.0
1298,23,3,27.77078,91.64984,Institutional,Steel,5,1990,10,479.3,Fair,Negligible,4801238.0
1299,11,1,22.72225,91.11415,Institutional,Timber,3,1957,8,246.7,Dilapidated,Medium,3659810.0
1300,6,1,26.32729,97.08742,Commercial,Steel,5,2002,2,277.5,Dilapidated,Medium,2474891.0
1301,16,2,23.61438,90.65266,Industrial,Kutcha,6,2011,7,26.6,Good,Low,3858438.0
1302,57,7,23.57699,92.93164,Industrial,Reinforced Concrete,1,1991,5,280.0,Poor,Low,1577324.0
1303,55,7,28.87609,94.15942,Commercial,Kutcha,2,1958,38,335.4,Good,Medium,2105477.0
1304,50,6,23.99136,92.56981,Commercial,Masonry,2,1956,34,301.8,Poor,Negligible,3942104.0
1305,50,6,23.80768,92.26977,Institutional,Masonry,4,2019,20,58.2,Dilapidated,Medium,2993986.0
1306,31,3,28.08475,95.37617,Institutional,Reinforced Concrete,4,1977,47,259.2,Fair,Medium,4472225.0
1307,42,5,21.89056,97.25796,Mixed,Masonry,3,1978,19,66.9,Dilapidated,Medium,4458367.0
1308,34,4,26.14609,97.44322,Industrial,Timber,1,2017,19,151.1,Poor,Low,2976703.0
1309,28,3,28.98973,93.0703,Mixed,Reinforced Concrete,2,1995,42,320.7,Dilapidated,Negligible,3698016.0
1310,56,7,29.59278,97.55055,Institutional,Steel,1,2016,40,296.6,Fair,Low,592140.0
1311,2,1,23.89279,91.27162,Institutional,Steel,3,2011,49,112.5,Dilapidated,Medium,3550656.0
1312,21,2,23.94679,99.24931,Mixed,Masonry,1,2000,48,419.5,Fair,High,2672558.0
1313,26,3,23.94013,90.29627,Residential,Masonry,1,1989,42,29.9,Good,High,756288.0
1314,41,5,22.71791,94.4373,Institutional,Masonry,6,1997,9,164.9,Dilapidated,High,707092.0
1315,8,1,24.30036,98.5029,Mixed,Steel,1,2005,15,80.9,Poor,Low,4686773.0
1316,22,2,22.66197,96.15612,Mixed,Timber,1,2012,37,492.8,Poor,Low,1872627.0
1317,26,3,23.995,90.41231,Institutional,Masonry,5,1952,5,58.7,Dilapidated,High,1116323.0
1318,23,3,27.69479,91.77115,Commercial,Timber,2,2003,26,352.2,Poor,Negligible,4120903.0
1319,20,2,23.35099,93.3992,Mixed,Timber,2,1966,30,275.1,Good,Low,190981.0
1320,37,4,26.8023,94.8294,Institutional,Kutcha,5,1984,44,287.2,Dilapidated,High,522496.0
1321,21,2,24.23332,99.54122,Commercial,Steel,3,1970,6,77.2,Good,Negligible,3327716.0
1322,47,6,29.80705,99.13545,Commercial,Masonry,4,1951,28,256.7,Good,High,912979.0
1323,37,4,26.90461,94.85619,Commercial,Reinforced Concrete,1,2004,22,197.7,Poor,Low,4307281.0
1324,54,6,29.41298,91.5653,Mixed,Timber,1,1976,5,90.2,Good,Negligible,573909.0
1325,17,2,23.64357,92.9503,Residential,Kutcha,5,1996,29,57.7,Fair,Negligible,3980133.0
1326,12,1,26.78078,97.93542,Mixed,Timber,5,1975,42,249.3,Good,Low,1085036.0
1327,56,7,29.61138,97.67767,Mixed,Steel,6,2002,10,93.9,Dilapidated,Medium,102448.0
1328,41,5,23.07092,94.41756,Industrial,Reinforced Concrete,4,1957,2,192.4,Dilapidated,Medium,1125566.0
1329,27,3,25.1317,90.48666,Industrial,Kutcha,2,1952,5,316.2,Poor,Negligible,921330.0
1330,3,1,27.35115,99.04182,Industrial,Kutcha,5,1997,33,468.6,Fair,Low,4637516.0
1331,23,3,27.91522,91.80691,Residential,Reinforced Concrete,4,1960,15,264.8,Good,High,231086.0
1332,25,3,26.39816,96.72707,Industrial,Reinforced Concrete,6,2008,4,432.5,Poor,Low,3856059.0
1333,57,7,23.61584,93.27123,Residential,Timber,6,1955,25,338.1,Good,Negligible,4255071.0
1334,62,8,26.9323,92.37256,Institutional,Timber,6,1970,38,261.2,Dilapidated,Low,2649065.0
1335,6,1,26.33083,97.35321,Residential,Steel,2,2022,48,74.1,Poor,Negligible,4220511.0
1336,10,1,23.91759,97.54232,Mixed,Masonry,6,1986,20,472.3,Fair,Low,856312.0
1337,19,2,24.17131,96.34581,Institutional,Steel,6,1955,26,169.8,Dilapidated,Low,2274379.0
1338,36,4,25.56551,90.48878,Commercial,Timber,5,1970,30,179.6,Dilapidated,Low,1875587.0
1339,50,6,24.03688,92.54357,Mixed,Masonry,2,2003,18,453.7,Dilapidated,Negligible,2577448.0
1340,49,6,29.25571,98.62267,Residential,Reinforced Concrete,4,1999,49,89.1,Fair,Negligible,382421.0
1341,13,2,26.22096,99.56396,Mixed,Timber,3,1955,49,376.6,Poor,Low,3841789.0
1342,49,6,29.28807,98.648,Residential,Timber,3,1980,25,48.3,Good,Negligible,4342131.0
1343,31,3,28.08187,95.31878,Commercial,Steel,6,1999,12,119.1,Dilapidated,Negligible,2894337.0
1344,16,2,23.7213,90.75415,Institutional,Reinforced Concrete,4,1998,43,366.4,Fair,High,2180422.0
1345,61,8,26.7928,90.25287,Residential,Kutcha,4,2010,23,370.4,Poor,Negligible,745294.0
1346,29,3,26.17419,98.89114,Industrial,Kutcha,6,1961,12,182.9,Fair,Negligible,1854501.0
1347,40,5,28.05891,97.843,Commercial,Reinforced Concrete,5,2004,26,140.4,Dilapidated,Negligible,4563988.0
1348,5,1,23.9184,95.13808,Residential,Timber,3,1970,18,209.6,Good,Medium,1850920.0
1349,56,7,29.57619,97.36561,Residential,Timber,5,1984,19,74.6,Poor,Low,3171774.0
1350,32,3,25.31591,95.78668,Residential,Masonry,3,1977,22,331.2,Good,High,2558314.0
1351,62,8,26.89077,92.44891,Residential,Reinforced Concrete,2,2002,47,92.2,Good,Low,4146883.0
1352,15,2,27.13373,98.74679,Mixed,Steel,6,1955,37,243.3,Good,Low,1655973.0
1353,46,5,23.27115,97.76388,Institutional,Masonry,5,1986,4,195.5,Fair,Medium,4571045.0
1354,2,1,23.83378,91.27467,Residential,Reinforced Concrete,5,1989,2,300.3,Good,Medium,1304709.0
1355,25,3,26.47178,96.87553,Residential,Masonry,3,2008,19,12.5,Good,High,3042789.0
1356,24,3,24.02606,99.17417,Industrial,Kutcha,4,1983,42,67.7,Fair,Low,297307.0
1357,33,4,23.83892,99.87943,Commercial,Masonry,6,1954,45,107.6,Fair,Medium,3134963.0
1358,46,5,23.34419,97.73059,Institutional,Masonry,5,1979,29,60.1,Good,Medium,13259.0
1359,62,8,27.21008,92.34578,Industrial,Steel,6,2000,15,232.9,Dilapidated,Medium,275392.0
1360,1,1,27.02484,90.24763,Institutional,Timber,2,1973,46,13.4,Poor,Medium,4950633.0
1361,12,1,26.94701,98.11463,Mixed,Timber,4,1999,20,39.4,Good,High,4010960.0
1362,45,5,28.78937,95.00439,Mixed,Reinforced Concrete,3,1978,24,332.4,Good,High,4498786.0
1363,40,5,27.85946,97.5072,Residential,Timber,5,1974,27,388.9,Good,Negligible,1685622.0
1364,16,2,23.36575,90.77703,Commercial,Timber,1,1967,48,195.5,Dilapidated,Low,551586.0
1365,53,6,27.9674,91.20199,Institutional,Steel,5,1950,24,321.3,Poor,High,1492994.0
1366,30,3,25.59114,92.74677,Institutional,Reinforced Concrete,6,2007,44,196.1,Fair,Negligible,935698.0
1367,9,1,27.61642,93.52526,Industrial,Masonry,3,1981,7,278.6,Dilapidated,Low,9504.0
1368,18,2,28.9008,98.7184,Institutional,Masonry,2,2009,31,232.3,Poor,Medium,297765.0
1369,56,7,29.60589,97.61076,Mixed,Reinforced Concrete,6,1969,30,276.2,Dilapidated,Negligible,4840289.0
1370,54,6,29.41351,91.73995,Mixed,Steel,3,2011,35,318.0,Poor,Negligible,4240312.0
1371,28,3,28.95892,93.13774,Residential,Reinforced Concrete,1,1963,23,43.8,Dilapidated,High,4692691.0
1372,33,4,23.86273,99.83382,Institutional,Timber,4,1964,34,406.7,Fair,Medium,1843836.0
1373,15,2,26.77645,98.77758,Commercial,Kutcha,3,2011,11,376.6,Dilapidated,Medium,782913.0
1374,51,6,29.56678,90.73013,Commercial,Steel,3,2015,50,125.3,Poor,Medium,3988420.0
1375,59,8,25.64755,92.66228,Institutional,Timber,1,1995,35,14.2,Dilapidated,Low,853462.0
1376,17,2,23.99296,92.8794,Institutional,Reinforced Concrete,3,2004,48,269.2,Dilapidated,High,1371286.0
1377,8,1,24.3016,98.79476,Industrial,Steel,6,2019,20,62.3,Good,Low,70637.0
1378,41,5,22.86486,94.25646,Residential,Reinforced Concrete,4,2013,11,225.8,Fair,High,2440451.0
1379,60,8,24.88598,96.00266,Institutional,Reinforced Concrete,4,1957,14,362.6,Good,Negligible,3364902.0
1380,22,2,22.65389,96.21689,Mixed,Reinforced Concrete,3,1991,35,286.1,Fair,Low,2986134.0
1381,48,6,26.62827,95.01982,Commercial,Kutcha,4,1953,11,295.7,Poor,Negligible,4768072.0
1382,9,1,27.70102,93.35112,Institutional,Steel,5,2022,9,202.9,Poor,Medium,1595087.0
1383,50,6,24.0221,92.55875,Residential,Kutcha,6,1952,49,399.6,Good,High,3008977.0
1384,13,2,26.26924,99.75271,Commercial,Masonry,3,2012,22,58.8,Poor,Negligible,3823815.0
1385,4,1,26.78982,90.45717,Residential,Timber,1,1967,21,86.1,Dilapidated,Medium,2145342.0
1386,23,3,28.00456,91.74333,Commercial,Masonry,3,1994,48,30.2,Dilapidated,Medium,2197805.0
1387,33,4,23.69854,100.14631,Mixed,Kutcha,3,2015,46,494.0,Dilapidated,High,704238.0
1388,17,2,23.88369,92.92134,Residential,Steel,2,1954,33,229.5,Poor,High,2819485.0
1389,37,4,26.80946,94.6679,Institutional,Timber,1,1992,18,439.2,Poor,Low,29199.0
1390,42,5,22.22165,97.11584,Residential,Reinforced Concrete,2,1965,7,77.2,Fair,High,4666061.0
1391,41,5,22.96174,94.33316,Residential,Kutcha,2,1975,9,171.4,Good,Medium,4422005.0
1392,23,3,27.73816,91.7392,Industrial,Steel,1,1979,13,301.9,Good,High,4679919.0
1393,13,2,26.43657,99.64549,Commercial,Timber,5,2006,36,227.0,Dilapidated,High,2495366.0
1394,10,1,23.54563,97.44825,Commercial,Kutcha,3,1995,39,455.5,Poor,Medium,2751492.0
1395,23,3,27.68302,91.74754,Institutional,Reinforced Concrete,6,2019,49,114.9,Fair,Negligible,425051.0
1396,16,2,23.3779,90.59808,Residential,Steel,6,1996,7,94.4,Good,High,3774707.0
1397,59,8,25.54904,92.29788,Residential,Timber,2,2013,3,333.9,Poor,Negligible,2620202.0
1398,49,6,29.59939,98.61503,Industrial,Kutcha,2,1964,44,151.9,Dilapidated,Negligible,3877423.0
1399,40,5,27.8584,97.72642,Residential,Reinforced Concrete,1,1951,21,399.6,Good,High,4058937.0
1400,51,6,29.38971,90.73223,Mixed,Steel,5,2001,18,203.4,Fair,Negligible,2781666.0
1401,43,5,29.81608,97.7755,Commercial,Reinforced Concrete,4,2019,33,196.5,Poor,Negligible,4568405.0
1402,35,4,23.06533,91.70776,Residential,Steel,6,1976,18,177.4,Dilapidated,High,2070498.0
1403,10,1,23.65661,97.67832,Mixed,Timber,2,2008,36,142.4,Good,High,4333712.0
1404,16,2,23.5658,90.51316,Commercial,Kutcha,2,1968,37,60.0,Fair,Negligible,1205843.0
1405,15,2,26.97855,98.64865,Residential,Reinforced Concrete,5,2011,5,85.8,Poor,High,2781896.0
1406,47,6,29.7992,99.08852,Residential,Timber,1,2014,38,392.0,Dilapidated,Low,2245735.0
1407,33,4,23.87142,99.97499,Institutional,Steel,4,1962,47,422.8,Dilapidated,High,2377084.0
1408,20,2,23.41838,93.69103,Mixed,Reinforced Concrete,3,1971,20,231.5,Good,Medium,4306863.0
1409,34,4,26.07614,97.70591,Industrial,Masonry,3,1970,6,361.2,Fair,Medium,2734067.0
1410,1,1,27.14305,90.43611,Commercial,Timber,5,2005,27,123.2,Dilapidated,Medium,706152.0
1411,51,6,29.69563,90.95237,Institutional,Timber,6,1975,24,31.9,Dilapidated,High,3508222.0
1412,52,6,28.4462,99.85897,Mixed,Timber,3,2009,14,99.3,Poor,Low,4798415.0
1413,42,5,21.91165,97.20394,Residential,Reinforced Concrete,3,2010,46,51.3,Fair,Medium,1028196.0
1414,47,6,29.77763,99.33638,Industrial,Reinforced Concrete,1,1979,13,241.0,Fair,Medium,4555282.0
1415,55,7,28.80111,94.16012,Industrial,Kutcha,5,1992,18,70.5,Dilapidated,Medium,3852815.0
1416,41,5,22.98169,94.50464,Mixed,Masonry,2,1958,41,429.9,Dilapidated,Medium,4435849.0
1417,43,5,29.79281,97.57001,Commercial,Kutcha,6,1999,40,176.8,Good,Negligible,3239234.0
1418,59,8,25.47665,92.66353,Residential,Steel,5,2023,1,131.0,Poor,Low,425682.0
1419,48,6,26.95142,95.07032,Industrial,Steel,1,1992,22,235.7,Dilapidated,Medium,2639019.0
1420,3,1,27.58363,98.79895,Mixed,Steel,3,1994,12,487.4,Dilapidated,Low,3351721.0
1421,50,6,23.72503,92.36779,Residential,Steel,2,2013,27,21.4,Good,Low,4509167.0
1422,8,1,24.25921,98.72248,Mixed,Timber,2,1990,46,430.5,Poor,Negligible,775222.0
1423,11,1,22.81042,90.8834,Institutional,Steel,1,1987,17,428.0,Dilapidated,High,4668693.0
1424,34,4,25.79183,97.48186,Industrial,Reinforced Concrete,4,2018,50,426.9,Fair,Medium,1916098.0
1425,18,2,29.01403,98.53972,Institutional,Timber,2,1977,35,264.2,Fair,Negligible,236964.0
1426,14,2,22.4459,93.12766,Industrial,Reinforced Concrete,6,2000,33,202.2,Fair,Negligible,4870305.0
1427,39,4,27.49486,90.97849,Mixed,Steel,3,2000,8,61.2,Good,Medium,537784.0
1428,37,4,26.62853,94.61317,Residential,Kutcha,4,1975,3,399.9,Fair,Medium,4801597.0
1429,30,3,25.77628,92.52747,Commercial,Masonry,5,1965,36,324.7,Dilapidated,High,1868543.0
1430,41,5,22.81963,94.14825,Mixed,Steel,3,1982,42,105.7,Fair,High,660553.0
1431,19,2,24.399,96.37495,Commercial,Masonry,1,2020,21,43.9,Fair,High,1926870.0
1432,18,2,28.72445,98.51673,Commercial,Timber,2,2002,31,162.1,Good,Low,687408.0
1433,9,1,27.48807,93.44137,Residential,Reinforced Concrete,5,2000,40,418.9,Dilapidated,High,505793.0
1434,55,7,29.03946,94.26664,Institutional,Timber,6,1958,17,435.5,Dilapidated,Medium,437049.0
1435,34,4,26.10723,97.52177,Industrial,Kutcha,4,1990,36,14.2,Dilapidated,Medium,993239.0
1436,14,2,22.76346,93.00018,Institutional,Kutcha,1,1984,45,144.5,Poor,High,4764703.0
1437,17,2,23.66808,92.98493,Mixed,Reinforced Concrete,3,1970,40,105.1,Poor,Low,1323510.0
1438,11,1,22.73084,91.09054,Residential,Steel,1,1978,2,316.2,Good,Medium,2673968.0
1439,37,4,26.6371,94.57426,Residential,Reinforced Concrete,4,1979,42,196.8,Dilapidated,High,4476170.0
1440,54,6,29.52589,91.46168,Residential,Steel,3,1986,39,244.1,Good,Low,2560833.0
1441,20,2,23.37897,93.44082,Institutional,Reinforced Concrete,4,2010,9,438.3,Poor,Negligible,1189438.0
1442,24,3,24.01797,99.44738,Mixed,Kutcha,5,1959,20,32.1,Dilapidated,High,2889771.0
1443,41,5,22.78218,94.35237,Industrial,Reinforced Concrete,5,1991,47,376.6,Dilapidated,Negligible,3054514.0
1444,13,2,26.36023,99.53759,Industrial,Timber,4,1975,50,458.3,Good,Low,1219216.0
1445,52,6,28.55251,99.81283,Institutional,Kutcha,4,1962,48,488.7,Dilapidated,High,4094520.0
1446,13,2,26.17149,99.92441,Residential,Steel,5,1953,12,452.4,Fair,Medium,1562158.0
1447,26,3,23.82982,90.32807,Mixed,Reinforced Concrete,4,1973,32,459.7,Good,Medium,1161039.0
1448,22,2,22.58361,96.32602,Institutional,Masonry,2,1982,37,85.6,Dilapidated,Low,279516.0
1449,21,2,24.10771,99.29567,Industrial,Steel,4,1988,26,437.7,Fair,Low,3044320.0
1450,44,5,29.16779,98.88912,Commercial,Masonry,3,1961,40,375.3,Fair,Medium,1015127.0
1451,2,1,24.05998,91.5839,Institutional,Reinforced Concrete,4,1976,7,307.9,Good,Negligible,2755113.0
1452,55,7,29.13799,94.04169,Industrial,Reinforced Concrete,4,1965,13,417.4,Good,Medium,4464134.0
1453,41,5,22.97014,94.27423,Commercial,Reinforced Concrete,5,2014,47,304.2,Good,Medium,2393491.0
1454,31,3,28.00095,95.24498,Institutional,Kutcha,3,1983,24,59.1,Fair,Low,2908068.0
1455,22,2,22.67492,96.54239,Commercial,Timber,5,1955,8,354.3,Poor,Negligible,2946561.0
1456,9,1,27.39797,93.44356,Mixed,Kutcha,3,1988,28,441.2,Good,Negligible,2889040.0
1457,56,7,29.51829,97.68565,Institutional,Timber,6,1964,38,49.9,Fair,Medium,2054658.0
1458,17,2,23.97028,92.90279,Institutional,Timber,4,1986,7,487.1,Fair,Negligible,3919110.0
1459,54,6,29.59739,91.68087,Mixed,Kutcha,5,1976,46,100.3,Poor,Medium,2279626.0
1460,21,2,24.12063,99.31626,Mixed,Kutcha,3,1971,47,444.6,Dilapidated,Low,828323.0
1461,20,2,23.49835,93.37365,Institutional,Steel,2,2018,43,42.1,Poor,High,4162991.0
1462,51,6,29.57969,90.74541,Industrial,Timber,3,1997,35,356.9,Dilapidated,Low,4853048.0
1463,3,1,27.27268,98.83248,Residential,Steel,6,2003,23,499.2,Fair,Negligible,313068.0
1464,8,1,24.36854,98.72053,Industrial,Steel,6,1988,8,477.2,Fair,Low,3218156.0
1465,39,4,27.62984,91.08707,Institutional,Kutcha,3,1984,40,151.0,Poor,Medium,1159403.0
1466,20,2,23.29858,93.52255,Residential,Reinforced Concrete,2,1965,7,371.5,Poor,Negligible,2850890.0
1467,5,1,23.82554,95.01669,Institutional,Kutcha,1,1958,30,262.7,Good,Negligible,461018.0
1468,51,6,29.62251,90.96465,Industrial,Kutcha,5,2005,2,166.9,Good,High,1363348.0
1469,6,1,26.65522,97.28258,Institutional,Steel,3,1998,43,365.7,Good,Low,2056809.0
1470,40,5,28.06202,97.81977,Institutional,Kutcha,3,1959,7,10.1,Dilapidated,High,3349427.0
1471,37,4,26.69029,94.70517,Residential,Kutcha,1,1969,45,343.1,Poor,High,3859702.0
1472,41,5,22.74596,94.47923,Mixed,Masonry,1,1980,23,14.1,Poor,Low,4854128.0
1473,46,5,23.12982,97.74003,Mixed,Reinforced Concrete,3,1993,49,111.2,Good,Medium,1782840.0
1474,28,3,28.84617,93.1383,Institutional,Reinforced Concrete,1,1977,7,402.6,Good,Medium,3680683.0
1475,58,7,27.3727,94.37273,Industrial,Kutcha,5,1958,3,12.8,Good,High,2906044.0
1476,38,4,29.9049,98.58894,Mixed,Timber,6,2017,43,270.1,Poor,Negligible,4837399.0
1477,37,4,26.81401,94.58922,Industrial,Kutcha,3,1995,44,490.6,Good,Low,4719001.0
1478,47,6,29.82744,99.35856,Mixed,Steel,2,1999,34,195.3,Good,Low,2695321.0
1479,27,3,25.05823,90.46381,Residential,Kutcha,6,1959,34,211.0,Poor,Medium,2857172.0
1480,38,4,29.574,98.51091,Residential,Kutcha,6,1990,24,280.5,Good,Medium,3984637.0
1481,17,2,23.82212,92.89986,Commercial,Timber,6,1985,27,46.8,Fair,High,3701357.0
1482,44,5,29.47836,98.85781,Industrial,Reinforced Concrete,5,1976,28,178.8,Dilapidated,Medium,1920500.0
1483,29,3,26.14011,98.69266,Mixed,Reinforced Concrete,1,1983,19,303.2,Good,High,2759436.0
1484,26,3,23.72588,90.2262,Commercial,Kutcha,3,1993,39,205.4,Poor,High,1715405.0
1485,61,8,26.65452,90.03168,Industrial,Reinforced Concrete,1,1977,31,382.9,Good,Negligible,3916890.0
1486,58,7,27.29264,94.34315,Institutional,Masonry,3,1993,16,240.0,Poor,Negligible,3617911.0
1487,20,2,23.43552,93.40484,Institutional,Masonry,4,2004,47,463.8,Fair,Medium,1114377.0
1488,14,2,22.46098,92.91535,Mixed,Timber,2,1996,20,337.3,Fair,Medium,2456734.0
1489,19,2,24.35294,96.36341,Institutional,Steel,4,2009,17,166.1,Good,Low,11296.0
1490,26,3,23.68149,90.367,Residential,Timber,4,2003,50,485.6,Fair,High,641866.0
1491,58,7,27.29094,94.24384,Residential,Timber,6,1977,6,447.4,Good,Medium,3490989.0
1492,11,1,22.62407,91.0065,Industrial,Masonry,5,2014,5,407.8,Fair,High,2033734.0
1493,20,2,23.45132,93.75219,Industrial,Reinforced Concrete,4,2003,32,33.1,Poor,High,3897450.0
1494,38,4,29.77693,98.68756,Institutional,Kutcha,1,1998,39,44.6,Poor,Negligible,3252253.0
1495,13,2,26.13763,99.74727,Commercial,Steel,4,2013,8,364.3,Dilapidated,Low,1238782.0
1496,56,7,29.47953,97.46547,Residential,Steel,6,1953,27,24.6,Dilapidated,Medium,4009941.0
1497,41,5,22.85586,94.54067,Residential,Reinforced Concrete,6,2006,44,193.4,Fair,Medium,514411.0
1498,25,3,26.28717,97.02288,Residential,Reinforced Concrete,6,2021,29,18.5,Poor,High,67751.0
1499,27,3,25.04068,90.5268,Industrial,Steel,2,1966,43,194.0,Dilapidated,Low,2936856.0
1500,56,7,29.35279,97.49609,Residential,Timber,6,1977,48,75.5,Poor,Low,546896.0
1501,43,5,29.73855,97.78865,Institutional,Timber,3,2012,13,238.3,Poor,Negligible,3877074.0
1502,28,3,28.92867,93.16431,Institutional,Reinforced Concrete,1,1979,30,354.9,Fair,Low,174497.0
1503,32,3,25.27185,95.96736,Industrial,Timber,6,1996,28,380.1,Good,Medium,4084492.0
1504,31,3,27.91342,95.21666,Institutional,Masonry,6,1983,15,433.1,Poor,Medium,3374474.0
1505,17,2,23.9282,92.89344,Commercial,Timber,6,1953,26,169.5,Good,Medium,3826431.0
1506,13,2,26.41507,99.53423,Institutional,Kutcha,3,1998,5,56.5,Dilapidated,Medium,3176513.0
1507,7,1,26.48817,92.2602,Commercial,Steel,1,1972,37,120.7,Good,Low,1628612.0
1508,7,1,26.54532,92.2162,Residential,Kutcha,4,2005,37,406.8,Poor,High,2669885.0
1509,14,2,22.78704,92.93664,Institutional,Masonry,5,1957,11,150.2,Poor,Medium,1154535.0
1510,50,6,24.10202,92.21517,Residential,Kutcha,4,2020,35,65.8,Dilapidated,High,3900170.0
1511,53,6,28.24511,91.24162,Commercial,Kutcha,4,2014,33,452.1,Poor,Medium,2790899.0
1512,54,6,29.4701,91.74638,Commercial,Masonry,4,2023,38,300.1,Dilapidated,Low,1833727.0
1513,6,1,26.50504,96.98373,Residential,Timber,1,1985,25,209.2,Poor,Medium,4066317.0
1514,54,6,29.51496,91.58986,Mixed,Kutcha,1,1954,15,249.0,Poor,Medium,3672891.0
1515,24,3,24.14241,99.14417,Residential,Masonry,2,1991,30,382.6,Good,Medium,1317735.0
1516,24,3,24.13486,99.28347,Institutional,Masonry,2,1951,41,263.5,Fair,Low,2952973.0
1517,12,1,26.76496,97.97391,Industrial,Timber,1,2007,11,353.1,Fair,Negligible,1268678.0
1518,1,1,27.11613,90.38296,Residential,Reinforced Concrete,4,1970,2,360.2,Poor,High,4753728.0
1519,40,5,28.11444,97.88585,Residential,Steel,2,1993,30,72.6,Good,Low,1395637.0
1520,2,1,23.76767,91.205,Commercial,Timber,3,2017,13,165.0,Fair,Low,279239.0
1521,27,3,25.03124,90.8041,Institutional,Kutcha,1,2000,14,493.1,Fair,High,542119.0
1522,49,6,29.2928,98.82994,Residential,Timber,4,1996,1,494.1,Good,High,1680011.0
1523,51,6,29.73312,90.65945,Institutional,Masonry,4,1967,37,135.8,Dilapidated,High,4274996.0
1524,46,5,23.33639,97.51496,Institutional,Steel,1,2022,39,49.8,Good,Medium,3432751.0
1525,56,7,29.47501,97.51795,Mixed,Masonry,5,1988,39,495.8,Fair,High,3441623.0
1526,20,2,23.28924,93.63036,Industrial,Steel,1,2022,48,452.8,Dilapidated,Low,242432.0
1527,40,5,27.8081,97.67951,Institutional,Timber,5,1963,39,399.0,Good,Low,1654612.0
1528,53,6,27.9519,91.15144,Institutional,Kutcha,1,1977,15,384.5,Fair,High,3406787.0
1529,60,8,24.8821,95.7605,Residential,Reinforced Concrete,1,1991,36,213.3,Dilapidated,Medium,3904305.0
1530,15,2,26.96491,98.44454,Industrial,Kutcha,2,2001,17,43.5,Dilapidated,Low,449365.0
1531,26,3,23.87897,90.3062,Mixed,Reinforced Concrete,1,1970,28,270.6,Dilapidated,Negligible,4079198.0
1532,3,1,27.29106,98.99551,Residential,Masonry,6,1966,36,179.1,Good,Medium,3408001.0
1533,52,6,28.51964,99.63021,Commercial,Timber,2,1984,6,225.7,Fair,High,4132582.0
1534,9,1,27.55984,93.35739,Industrial,Kutcha,4,1988,29,495.5,Dilapidated,Negligible,139066.0
1535,32,3,25.62278,95.89599,Residential,Masonry,4,1950,49,209.8,Dilapidated,High,4583939.0
1536,2,1,24.04264,91.20139,Institutional,Timber,4,1965,11,418.3,Dilapidated,Negligible,1379133.0
1537,20,2,23.19448,93.61574,Institutional,Kutcha,5,1972,37,314.1,Dilapidated,High,3446314.0
1538,2,1,23.9189,91.47454,Residential,Reinforced Concrete,5,1974,23,256.9,Good,Low,3808267.0
1539,25,3,26.6121,96.92015,Commercial,Steel,4,2018,8,151.6,Dilapidated,High,3879205.0
1540,4,1,26.60608,90.35657,Residential,Kutcha,6,1958,19,265.2,Fair,Negligible,2391465.0
1541,53,6,28.29154,91.11658,Residential,Steel,1,1969,30,382.3,Poor,Medium,1908398.0
1542,44,5,29.14929,98.57942,Mixed,Masonry,1,1994,33,400.7,Dilapidated,Medium,3207077.0
1543,52,6,28.40275,99.67468,Mixed,Kutcha,6,1987,45,324.2,Good,Negligible,4269490.0
1544,13,2,26.13537,99.79706,Residential,Timber,5,1973,23,166.2,Dilapidated,Low,4778922.0
1545,44,5,29.16704,98.85542,Residential,Kutcha,1,1964,16,342.6,Dilapidated,High,220642.0
1546,61,8,26.59675,90.1154,Residential,Masonry,5,1987,16,313.8,Dilapidated,Medium,3132694.0
1547,15,2,26.77715,98.7558,Commercial,Timber,2,1957,42,169.7,Poor,Low,3824416.0
1548,20,2,23.13711,93.67632,Residential,Steel,4,2007,11,20.8,Fair,Negligible,601183.0
1549,54,6,29.69029,91.58073,Commercial,Reinforced Concrete,3,1967,49,377.0,Fair,Negligible,3768848.0
1550,42,5,21.89245,97.21869,Commercial,Timber,6,1992,11,428.2,Fair,Medium,3291024.0
1551,37,4,26.90391,94.55298,Institutional,Kutcha,3,1950,7,391.1,Dilapidated,Medium,1141599.0
1552,46,5,23.0591,97.51749,Residential,Timber,6,1950,24,38.3,Good,Negligible,2586525.0
1553,38,4,29.77263,98.43761,Commercial,Steel,5,1955,15,29.1,Fair,Negligible,2961070.0
1554,19,2,24.39712,96.30419,Industrial,Kutcha,5,1959,26,88.3,Poor,Negligible,2077053.0
1555,22,2,22.48545,96.31206,Institutional,Masonry,2,2017,29,83.3,Good,Low,1318283.0
1556,23,3,27.84421,91.67405,Residential,Reinforced Concrete,3,1983,17,206.4,Dilapidated,High,1249775.0
1557,15,2,26.90894,98.69082,Mixed,Timber,4,1957,36,61.0,Good,High,230737.0
1558,39,4,27.63518,91.28825,Residential,Kutcha,5,1987,27,208.9,Good,Low,2466831.0
1559,57,7,23.51743,92.94108,Institutional,Masonry,3,1971,4,201.6,Fair,High,1173322.0
1560,62,8,27.09729,92.25355,Industrial,Kutcha,4,1997,12,465.3,Good,High,4025408.0
1561,10,1,23.64411,97.47389,Mixed,Kutcha,6,2014,25,60.1,Dilapidated,Low,1495668.0
1562,32,3,25.44689,95.78727,Mixed,Kutcha,3,2012,30,65.2,Poor,Negligible,1983795.0
1563,1,1,26.98846,90.25495,Residential,Kutcha,4,1973,32,181.7,Good,Medium,3634504.0
1564,17,2,24.00345,93.00743,Residential,Steel,2,1969,44,426.0,Fair,High,3119631.0
1565,25,3,26.35371,96.9665,Industrial,Steel,2,2011,17,369.2,Dilapidated,Low,1770883.0
1566,19,2,24.39053,96.34031,Mixed,Kutcha,1,2011,3,26.8,Dilapidated,High,3349966.0
1567,23,3,27.6724,91.67492,Industrial,Timber,5,1990,26,14.3,Dilapidated,Negligible,1270300.0
1568,45,5,28.54388,95.13736,Commercial,Kutcha,4,2009,6,477.9,Fair,High,3045244.0
1569,44,5,29.13833,98.50773,Residential,Masonry,1,1990,44,445.8,Good,Medium,4068145.0
1570,45,5,28.65954,94.96051,Institutional,Masonry,5,1995,41,498.9,Dilapidated,High,1272329.0
1571,17,2,23.81856,93.06583,Commercial,Steel,4,1953,31,344.2,Fair,High,2582821.0
1572,34,4,26.14172,97.73859,Mixed,Steel,3,1970,6,169.0,Good,Negligible,1624677.0
1573,13,2,26.41094,99.82254,Commercial,Timber,2,1959,49,445.9,Fair,Low,487861.0
1574,48,6,26.89748,94.71254,Residential,Reinforced Concrete,3,1968,46,444.6,Good,Medium,1352533.0
1575,52,6,28.32897,99.60529,Commercial,Reinforced Concrete,1,1955,45,313.9,Poor,Negligible,1832181.0
1576,34,4,25.78815,97.42786,Mixed,Masonry,5,1952,23,340.5,Dilapidated,Negligible,2389090.0
1577,23,3,28.02951,91.7169,Residential,Timber,3,2006,25,391.1,Dilapidated,Medium,1360688.0
1578,23,3,27.66245,91.59219,Institutional,Reinforced Concrete,3,1963,15,274.9,Dilapidated,High,872446.0
1579,7,1,26.4732,92.20042,Institutional,Steel,4,1950,10,423.6,Fair,Low,4862883.0
1580,54,6,29.534,91.47589,Residential,Masonry,1,1979,48,251.5,Fair,High,4535709.0
1581,20,2,23.10802,93.50309,Industrial,Timber,3,1972,14,354.5,Good,Negligible,902478.0
1582,19,2,24.32194,96.19328,Institutional,Timber,2,2017,48,342.0,Fair,Medium,4843685.0
1583,57,7,23.48355,93.07101,Mixed,Reinforced Concrete,1,2004,37,27.4,Poor,Medium,1428535.0
1584,40,5,28.00207,97.66646,Industrial,Steel,3,1964,13,131.5,Good,Medium,2960267.0
1585,47,6,29.77074,99.29904,Mixed,Kutcha,5,2016,49,247.2,Dilapidated,Low,3817919.0
1586,20,2,23.35507,93.65724,Residential,Reinforced Concrete,1,1980,12,384.6,Good,High,3080053.0
1587,12,1,26.95078,97.93198,Mixed,Steel,5,2022,39,355.5,Fair,Low,1639866.0
1588,53,6,28.139,91.31296,Residential,Reinforced Concrete,6,1991,9,327.5,Poor,Negligible,2076970.0
1589,39,4,27.24241,91.24221,Industrial,Timber,2,1986,9,454.6,Good,High,1477603.0
1590,11,1,22.90911,91.08252,Residential,Timber,1,1972,33,277.8,Fair,High,3924474.0
1591,28,3,28.83926,93.31629,Mixed,Reinforced Concrete,5,1973,43,377.8,Poor,High,4864552.0
1592,17,2,23.86403,92.83022,Institutional,Kutcha,5,2001,14,240.9,Good,Medium,4769312.0
1593,22,2,22.55773,96.17099,Residential,Kutcha,4,1983,37,371.5,Poor,Negligible,358404.0
1594,13,2,26.44832,99.72499,Commercial,Masonry,4,1998,36,207.6,Dilapidated,High,717692.0
1595,14,2,22.81789,93.03721,Institutional,Masonry,2,2023,23,392.7,Fair,High,1273834.0
1596,47,6,29.59693,99.32237,Mixed,Timber,6,1957,16,47.8,Poor,High,4648128.0
1597,51,6,29.70232,90.84678,Residential,Steel,1,2013,21,483.5,Fair,Low,4137388.0
1598,6,1,26.33845,97.03102,Residential,Timber,4,1995,15,304.0,Fair,High,2405840.0
1599,46,5,23.03461,97.78229,Mixed,Steel,2,1974,39,60.6,Poor,Low,1816941.0
1600,48,6,26.7894,94.77068,Residential,Masonry,1,1972,33,171.2,Poor,Medium,107640.0
1601,45,5,28.54165,94.94727,Mixed,Kutcha,3,2006,29,272.9,Poor,Negligible,1069346.0
1602,62,8,27.11872,92.41396,Commercial,Steel,4,1976,2,127.2,Poor,High,797370.0
1603,43,5,29.70049,97.73475,Commercial,Steel,1,1951,19,17.2,Dilapidated,Negligible,4829644.0
1604,12,1,26.70453,98.10395,Residential,Timber,3,2017,48,278.0,Dilapidated,Negligible,898206.0
1605,29,3,25.84868,98.72711,Residential,Reinforced Concrete,2,1984,30,61.8,Dilapidated,Negligible,3669609.0
1606,38,4,29.90514,98.76169,Residential,Timber,6,1953,14,448.3,Good,Low,2189786.0
1607,5,1,23.59751,95.10676,Industrial,Masonry,6,1987,14,387.5,Fair,Low,3167803.0
1608,4,1,26.89109,90.31191,Mixed,Timber,1,1974,16,317.1,Poor,High,1209551.0
1609,12,1,27.00176,97.98559,Institutional,Reinforced Concrete,1,1966,33,280.4,Fair,Low,2450020.0
1610,5,1,23.82691,95.02337,Industrial,Masonry,5,1975,44,309.7,Poor,Negligible,4821487.0
1611,37,4,26.90682,94.81623,Institutional,Kutcha,2,1978,28,67.5,Good,Negligible,4620288.0
1612,9,1,27.71353,93.40711,Industrial,Kutcha,6,1960,49,211.3,Good,High,3831659.0
1613,7,1,26.35728,92.22834,Mixed,Timber,2,2023,43,150.6,Dilapidated,Low,264322.0
1614,6,1,26.52415,97.22384,Residential,Timber,5,1974,50,349.7,Poor,Medium,1602747.0
1615,49,6,29.24835,98.90152,Commercial,Reinforced Concrete,4,1953,32,280.9,Dilapidated,Low,4219202.0
1616,43,5,29.82045,97.63832,Residential,Masonry,6,1983,6,48.4,Good,Negligible,2795307.0
1617,42,5,21.939,97.26159,Residential,Timber,2,1984,48,80.1,Dilapidated,Low,1750332.0
1618,38,4,29.74882,98.62807,Residential,Masonry,2,1998,21,100.8,Dilapidated,High,3636345.0
1619,22,2,22.44607,96.16941,Commercial,Timber,5,1997,12,314.7,Good,Medium,1771415.0
1620,42,5,22.01466,97.08823,Commercial,Steel,1,1972,16,223.4,Poor,High,3840371.0
1621,16,2,23.46517,90.81333,Commercial,Steel,1,1985,38,308.2,Poor,Medium,3886874.0
1622,43,5,29.80507,97.50608,Mixed,Steel,5,1966,10,457.8,Dilapidated,Low,2642419.0
1623,26,3,23.80641,90.40125,Residential,Reinforced Concrete,5,1972,16,447.7,Poor,Negligible,2769970.0
1624,51,6,29.42813,90.81886,Mixed,Masonry,6,1985,33,272.8,Good,Negligible,3040795.0
1625,47,6,29.69089,99.36341,Residential,Kutcha,5,1960,42,199.5,Good,Negligible,1106363.0
1626,10,1,23.81634,97.769,Commercial,Timber,5,2018,23,461.0,Dilapidated,Medium,3254254.0
1627,55,7,29.17088,94.18513,Commercial,Reinforced Concrete,6,1967,11,229.4,Dilapidated,Medium,4960193.0
1628,53,6,28.22368,91.17367,Industrial,Steel,2,2009,47,238.8,Good,High,3671028.0
1629,46,5,23.0956,97.73191,Mixed,Steel,6,1999,27,438.0,Dilapidated,Medium,2975445.0
1630,33,4,23.93035,99.931,Mixed,Kutcha,5,1981,2,30.5,Dilapidated,High,3404298.0
1631,39,4,27.51743,90.99977,Commercial,Reinforced Concrete,3,2014,23,107.8,Good,Low,4783862.0
1632,14,2,22.76891,92.82053,Industrial,Timber,3,2022,25,185.4,Fair,High,319861.0
1633,10,1,23.73807,97.5923,Mixed,Reinforced Concrete,5,1981,30,149.5,Fair,Negligible,3600070.0
1634,41,5,22.88362,94.30619,Industrial,Reinforced Concrete,2,1979,29,254.1,Dilapidated,Low,2497056.0
1635,25,3,26.46346,96.81286,Commercial,Kutcha,1,1977,1,338.3,Poor,Negligible,1530982.0
1636,20,2,23.42354,93.69766,Residential,Reinforced Concrete,1,2014,40,429.4,Poor,High,4187652.0
1637,40,5,28.20613,97.85326,Commercial,Steel,5,1953,16,197.9,Poor,Medium,690142.0
1638,46,5,23.30041,97.43383,Residential,Steel,5,2011,9,271.2,Dilapidated,Negligible,3060820.0
1639,13,2,26.42481,99.77056,Residential,Steel,4,2018,20,86.4,Dilapidated,Negligible,2444486.0
1640,29,3,25.80874,98.89283,Mixed,Timber,4,1979,25,341.8,Dilapidated,Low,3183621.0
1641,13,2,26.20778,99.58306,Mixed,Kutcha,4,1951,47,63.8,Dilapidated,Negligible,3984644.0
1642,13,2,26.36857,99.83992,Residential,Kutcha,3,2005,41,40.7,Fair,Low,4980642.0
1643,35,4,23.24331,91.76261,Residential,Timber,2,1993,47,304.1,Dilapidated,High,945699.0
1644,16,2,23.56039,90.73684,Mixed,Kutcha,3,1989,5,143.7,Dilapidated,High,1338688.0
1645,42,5,22.18258,97.36442,Residential,Kutcha,4,1968,24,357.1,Fair,Medium,4887565.0
1646,61,8,26.73258,90.25381,Residential,Steel,6,2016,48,465.7,Good,Medium,1278947.0
1647,33,4,23.70704,100.13477,Institutional,Timber,5,1979,19,299.0,Fair,Negligible,4165704.0
1648,22,2,22.73981,96.31938,Institutional,Steel,3,1978,32,290.9,Good,High,921508.0
1649,52,6,28.58837,99.92441,Commercial,Timber,1,2008,5,235.2,Dilapidated,Low,1670074.0
1650,32,3,25.49637,95.8472,Residential,Timber,3,1965,20,124.9,Good,Low,3333450.0
1651,57,7,23.45609,92.99739,Residential,Reinforced Concrete,3,2021,4,406.8,Dilapidated,Negligible,4708408.0
1652,3,1,27.2572,99.09979,Mixed,Timber,1,1999,39,119.8,Good,High,1597279.0
1653,6,1,26.64272,97.21915,Mixed,Reinforced Concrete,4,1990,46,494.7,Dilapidated,High,1622015.0
1654,14,2,22.75857,93.05514,Residential,Masonry,5,1969,8,355.8,Dilapidated,Negligible,804313.0
1655,19,2,24.14791,96.49762,Industrial,Kutcha,4,2020,20,157.7,Dilapidated,Low,2986034.0
1656,38,4,29.86978,98.64683,Mixed,Kutcha,1,1979,33,85.3,Good,High,2570115.0
1657,10,1,23.64715,97.49247,Institutional,Steel,1,1965,10,89.7,Good,Medium,4340563.0
1658,58,7,27.09779,94.37984,Residential,Kutcha,4,1977,17,58.2,Good,Medium,3604131.0
1659,50,6,23.88311,92.44595,Mixed,Steel,5,1979,25,309.6,Good,Low,2839032.0
1660,31,3,28.12151,95.36786,Residential,Kutcha,2,2016,15,358.4,Dilapidated,Low,2213863.0
1661,11,1,22.77674,91.1161,Residential,Masonry,6,1955,6,234.2,Dilapidated,Low,2635523.0
1662,25,3,26.48839,96.94891,Commercial,Reinforced Concrete,5,1968,20,433.4,Good,High,2713475.0
1663,51,6,29.59032,90.97417,Institutional,Reinforced Concrete,2,2020,9,134.5,Good,High,126718.0
1664,40,5,28.11678,97.55864,Mixed,Masonry,6,1994,35,11.2,Dilapidated,Low,37372.0
1665,13,2,26.43841,99.91404,Mixed,Timber,5,1967,28,143.8,Good,High,1851662.0
1666,37,4,26.90549,94.51553,Industrial,Kutcha,3,2011,6,166.8,Good,Negligible,3278069.0
1667,60,8,24.53732,95.76711,Industrial,Steel,3,1965,35,50.2,Fair,Medium,864915.0
1668,54,6,29.75622,91.79547,Residential,Reinforced Concrete,3,2013,37,76.4,Fair,Medium,2429554.0
1669,53,6,28.22296,91.33948,Mixed,Timber,1,2003,32,464.2,Good,Low,2294749.0
1670,32,3,25.53636,95.67391,Residential,Kutcha,4,2020,14,343.7,Good,Low,1629384.0
1671,44,5,29.3649,98.64137,Institutional,Timber,1,1981,1,402.9,Poor,Medium,2825997.0
1672,37,4,26.63799,94.66568,Commercial,Timber,4,1990,46,124.4,Poor,Negligible,460372.0
1673,20,2,23.38444,93.49774,Commercial,Reinforced Concrete,6,1988,38,184.9,Dilapidated,High,457604.0
1674,20,2,23.2536,93.53148,Institutional,Steel,1,1992,45,481.4,Poor,Negligible,2974954.0
1675,18,2,28.94372,98.69056,Commercial,Steel,4,1975,7,385.4,Dilapidated,High,522092.0
1676,1,1,27.20719,90.15396,Mixed,Steel,6,1966,42,232.0,Fair,Negligible,935579.0
1677,32,3,25.59237,95.97015,Commercial,Kutcha,1,1991,21,331.0,Dilapidated,Negligible,4019200.0
1678,15,2,27.0794,98.6014,Institutional,Reinforced Concrete,5,1965,47,416.5,Good,Low,117842.0
1679,27,3,25.1929,90.85479,Institutional,Reinforced Concrete,3,1955,37,190.7,Dilapidated,Negligible,3195979.0
1680,62,8,26.9301,92.17245,Residential,Steel,4,1998,36,491.8,Good,High,1393420.0
1681,32,3,25.52417,95.72729,Institutional,Steel,1,1980,19,319.1,Poor,High,3635462.0
1682,55,7,28.78171,94.11592,Residential,Reinforced Concrete,4,1986,10,436.1,Poor,Negligible,2115684.0
1683,3,1,27.39357,99.08693,Industrial,Kutcha,6,1971,5,371.9,Poor,Medium,2126835.0
1684,13,2,26.1201,99.81054,Mixed,Kutcha,4,1962,49,175.7,Dilapidated,High,4726238.0
1685,52,6,28.33142,99.79857,Residential,Kutcha,1,2013,19,154.2,Dilapidated,Negligible,2834927.0
1686,57,7,23.59632,93.05187,Industrial,Masonry,3,1952,31,157.5,Dilapidated,Medium,2146591.0
1687,13,2,26.14367,99.82706,Residential,Reinforced Concrete,6,1978,28,95.2,Dilapidated,Negligible,852373.0
1688,49,6,29.24804,98.66244,Mixed,Reinforced Concrete,5,1961,49,418.0,Poor,Medium,4222355.0
1689,61,8,26.61702,90.08803,Commercial,Kutcha,3,1970,39,79.1,Fair,Low,2048630.0
1690,27,3,25.30943,90.49431,Residential,Kutcha,6,1971,21,459.0,Good,High,2550528.0
1691,26,3,23.84568,90.38434,Mixed,Kutcha,6,1981,11,302.8,Poor,Low,1909226.0
1692,1,1,27.0425,90.31746,Institutional,Reinforced Concrete,3,1993,49,163.2,Fair,High,3556468.0
1693,3,1,27.5876,99.02353,Industrial,Steel,6,1961,42,73.7,Fair,Negligible,4134281.0
1694,57,7,23.45059,93.10679,Institutional,Masonry,4,1985,45,117.7,Dilapidated,Medium,2858594.0
1695,6,1,26.44504,97.12464,Residential,Masonry,2,2017,22,11.8,Good,High,3716358.0
1696,50,6,24.04411,92.38231,Institutional,Kutcha,1,2013,32,276.6,Fair,Medium,4756409.0
1697,43,5,29.82491,97.70294,Commercial,Kutcha,1,1956,24,31.2,Fair,Medium,326559.0
1698,52,6,28.47613,99.6404,Commercial,Kutcha,3,2017,38,478.6,Good,Medium,4354754.0
1699,59,8,25.69227,92.56666,Residential,Reinforced Concrete,3,2001,36,454.3,Poor,Medium,1834672.0
1700,12,1,26.82529,98.14084,Commercial,Timber,6,2011,1,197.4,Dilapidated,Low,1674836.0
1701,11,1,22.73991,90.88167,Mixed,Timber,5,2013,12,202.8,Poor,High,1813983.0
1702,2,1,23.80608,91.52185,Industrial,Steel,3,2013,36,11.7,Good,Low,4048497.0
1703,54,6,29.52869,91.62192,Residential,Masonry,6,1951,48,428.1,Poor,Medium,4641241.0
1704,31,3,27.81371,95.36326,Industrial,Reinforced Concrete,4,1963,45,137.1,Dilapidated,Medium,2496765.0
1705,11,1,22.67825,90.95781,Commercial,Kutcha,2,1987,41,98.1,Dilapidated,Negligible,2517473.0
1706,53,6,28.1022,91.39178,Institutional,Kutcha,5,1952,20,100.3,Good,Medium,3132483.0
1707,34,4,26.08757,97.38289,Commercial,Masonry,4,1954,42,255.3,Good,High,3789590.0
1708,28,3,29.15703,93.30565,Institutional,Reinforced Concrete,1,1957,19,194.0,Poor,High,3861799.0
1709,23,3,27.77025,91.54567,Industrial,Reinforced Concrete,5,1999,44,157.8,Fair,Medium,4736534.0
1710,54,6,29.74481,91.64023,Industrial,Timber,3,1997,27,400.2,Dilapidated,High,699187.0
1711,52,6,28.63418,99.76201,Residential,Kutcha,5,1993,38,465.2,Dilapidated,Medium,4129399.0
1712,51,6,29.70826,90.92799,Mixed,Steel,3,1991,44,252.7,Fair,Low,3575777.0
1713,54,6,29.6193,91.84629,Residential,Masonry,2,2005,7,199.5,Fair,Negligible,1711455.0
1714,48,6,26.65515,95.05036,Residential,Timber,4,2006,5,378.9,Dilapidated,High,4818958.0
1715,53,6,28.04417,91.33606,Industrial,Kutcha,1,1978,28,12.8,Poor,Negligible,325163.0
1716,49,6,29.46469,98.72538,Industrial,Steel,3,1992,9,260.3,Good,Medium,773668.0
1717,9,1,27.47699,93.54881,Commercial,Masonry,5,2017,31,23.1,Dilapidated,Negligible,3040516.0
1718,5,1,23.79254,95.23438,Mixed,Steel,1,1989,7,353.5,Dilapidated,Medium,3319683.0
1719,4,1,26.56424,90.49348,Mixed,Timber,5,1966,35,49.7,Good,Negligible,3625859.0
1720,47,6,29.66597,99.17085,Mixed,Timber,6,1953,44,174.6,Poor,Low,3880030.0
1721,18,2,28.99527,98.7599,Institutional,Kutcha,5,2004,39,90.6,Good,High,1955315.0
1722,14,2,22.60733,93.13139,Mixed,Masonry,2,1997,39,163.0,Good,High,3252588.0
1723,23,3,27.85537,91.69319,Institutional,Kutcha,6,1966,6,257.2,Fair,Low,3609289.0
1724,16,2,23.34138,90.86242,Institutional,Reinforced Concrete,5,1990,36,92.6,Good,High,4963768.0
1725,57,7,23.57462,92.98297,Residential,Kutcha,5,1961,14,429.0,Poor,Medium,3474946.0
1726,39,4,27.30158,91.26644,Residential,Masonry,3,2016,33,391.2,Fair,High,4631881.0
1727,26,3,23.7439,90.21289,Commercial,Timber,4,2004,27,462.7,Dilapidated,Medium,462398.0
1728,33,4,23.62774,100.16024,Mixed,Kutcha,5,2004,43,228.0,Poor,Low,1631503.0
1729,61,8,26.73296,89.94216,Institutional,Kutcha,4,1955,43,328.1,Good,High,2820434.0
1730,11,1,22.88423,90.7906,Industrial,Steel,1,2016,14,69.7,Fair,Low,142211.0
1731,2,1,23.97953,91.29897,Mixed,Kutcha,1,1968,6,476.8,Fair,Medium,589631.0
1732,33,4,23.63696,100.12719,Industrial,Reinforced Concrete,3,1968,48,136.1,Poor,Medium,3827125.0
1733,15,2,26.99598,98.63017,Institutional,Masonry,1,1952,42,15.9,Fair,Negligible,4661271.0
1734,37,4,26.94686,94.69786,Mixed,Kutcha,2,1958,39,477.9,Good,High,2835816.0
1735,14,2,22.44856,92.88766,Industrial,Reinforced Concrete,4,2003,2,487.2,Good,Negligible,3842919.0
1736,49,6,29.62447,98.85546,Commercial,Steel,6,1971,38,11.3,Fair,Low,323904.0
1737,48,6,26.84288,94.80681,Mixed,Steel,2,1950,10,183.7,Good,Medium,2233768.0
1738,9,1,27.62229,93.35579,Institutional,Kutcha,6,1956,30,322.4,Dilapidated,Negligible,4143805.0
1739,24,3,24.10216,99.33687,Mixed,Masonry,3,1965,17,221.6,Fair,Low,3558941.0
1740,33,4,23.67324,99.99314,Industrial,Masonry,6,1998,8,206.0,Dilapidated,High,286572.0
1741,10,1,23.69104,97.62131,Mixed,Kutcha,3,2004,43,255.7,Poor,Medium,3901817.0
1742,39,4,27.37476,91.23599,Industrial,Timber,5,1994,41,458.9,Fair,Low,2488113.0
1743,24,3,24.23423,99.38109,Institutional,Timber,1,1959,16,281.1,Poor,Medium,4327644.0
1744,25,3,26.51913,96.83853,Industrial,Kutcha,6,1987,35,257.1,Poor,High,1005881.0
1745,7,1,26.49361,92.28597,Residential,Reinforced Concrete,4,1970,47,62.9,Dilapidated,Low,4360654.0
1746,2,1,24.12865,91.58199,Commercial,Kutcha,3,1973,24,444.5,Poor,High,2608767.0
1747,16,2,23.70723,90.71399,Institutional,Timber,3,1976,38,312.6,Good,Low,3460950.0
1748,32,3,25.61282,95.71933,Commercial,Masonry,6,1968,48,379.0,Good,Negligible,2262416.0
1749,56,7,29.24065,97.64272,Mixed,Reinforced Concrete,2,2005,50,242.3,Good,Low,3321067.0
1750,45,5,28.87538,94.97263,Industrial,Kutcha,5,1987,15,66.1,Dilapidated,High,2177105.0
1751,21,2,24.32569,99.55882,Institutional,Timber,1,2005,37,161.7,Fair,Negligible,2815052.0
1752,48,6,26.71091,94.80674,Mixed,Masonry,4,1954,16,29.6,Good,High,867639.0
1753,16,2,23.59444,90.64211,Institutional,Steel,6,1950,15,11.7,Poor,Negligible,3128511.0
1754,26,3,23.85847,90.1812,Institutional,Masonry,2,2017,45,362.9,Poor,Negligible,1918595.0
1755,32,3,25.53773,95.76358,Commercial,Reinforced Concrete,2,1982,6,181.3,Dilapidated,Medium,1119169.0
1756,9,1,27.40992,93.46835,Institutional,Kutcha,5,1988,11,311.7,Dilapidated,High,2180892.0
1757,56,7,29.47984,97.55446,Mixed,Steel,2,2017,37,228.3,Good,Negligible,311921.0
1758,17,2,23.70899,92.70975,Mixed,Kutcha,2,1958,35,33.9,Fair,Negligible,1787014.0
1759,42,5,22.2236,97.41796,Mixed,Reinforced Concrete,5,2011,2,316.9,Good,High,1566306.0
1760,43,5,29.92193,97.48916,Mixed,Steel,2,1991,10,331.2,Poor,High,482067.0
1761,56,7,29.25691,97.63192,Commercial,Timber,6,1972,43,146.7,Dilapidated,High,2798323.0
1762,51,6,29.65019,91.05088,Industrial,Kutcha,1,2015,46,334.4,Poor,Low,2221238.0
1763,10,1,23.78162,97.68439,Mixed,Kutcha,3,1959,33,282.4,Dilapidated,Negligible,2407533.0
1764,61,8,26.90518,89.92315,Institutional,Timber,4,2006,28,366.6,Dilapidated,Low,2183321.0
1765,48,6,26.82132,94.92623,Mixed,Timber,2,2007,41,412.5,Fair,Negligible,2300947.0
1766,26,3,23.77789,90.24371,Institutional,Masonry,5,1983,46,181.2,Good,Low,1560340.0
1767,12,1,26.69648,97.90528,Residential,Reinforced Concrete,4,1998,8,139.3,Poor,High,4996215.0
1768,55,7,28.86129,94.25908,Institutional,Reinforced Concrete,1,1978,23,499.3,Good,High,4880495.0
1769,61,8,26.63001,90.09407,Commercial,Timber,4,1962,28,406.9,Good,High,517723.0
1770,30,3,25.50377,92.81857,Mixed,Reinforced Concrete,4,1961,50,342.8,Fair,High,4469714.0
1771,62,8,27.096,92.35895,Commercial,Timber,6,1983,3,132.0,Dilapidated,Low,4046132.0
1772,22,2,22.48754,96.15473,Institutional,Timber,6,1988,5,382.3,Dilapidated,Medium,1918259.0
1773,32,3,25.56257,95.66928,Industrial,Timber,2,1973,50,69.4,Dilapidated,Negligible,4984583.0
1774,40,5,27.92043,97.82378,Residential,Masonry,2,1953,14,42.2,Good,High,942920.0
1775,41,5,23.0095,94.16942,Residential,Timber,6,2003,21,448.0,Good,Negligible,3486581.0
1776,3,1,27.31038,98.83331,Mixed,Steel,3,1969,8,122.1,Dilapidated,High,1233259.0
1777,54,6,29.67556,91.844,Commercial,Reinforced Concrete,6,1960,50,285.8,Dilapidated,Medium,3818155.0
1778,49,6,29.36667,98.74442,Industrial,Masonry,5,1951,35,209.9,Dilapidated,Negligible,2120330.0
1779,24,3,24.13575,99.06714,Commercial,Kutcha,6,1950,32,338.2,Dilapidated,High,810807.0
1780,44,5,29.27753,98.5376,Industrial,Kutcha,6,1966,43,55.9,Dilapidated,Medium,2098652.0
1781,10,1,23.84391,97.83029,Mixed,Timber,6,1960,3,434.9,Dilapidated,High,765260.0
1782,17,2,23.62845,92.7165,Commercial,Reinforced Concrete,2,2019,9,117.2,Poor,Medium,4525061.0
1783,55,7,28.88606,94.1113,Institutional,Steel,5,1967,23,384.9,Good,Low,85841.0
1784,44,5,29.23011,98.85062,Institutional,Reinforced Concrete,2,1990,36,499.2,Dilapidated,Medium,732829.0
1785,7,1,26.18573,92.38195,Mixed,Timber,3,1950,31,259.5,Dilapidated,Low,604149.0
1786,43,5,29.59721,97.44704,Commercial,Masonry,1,1957,28,217.6,Dilapidated,Negligible,4115731.0
1787,27,3,25.28316,90.67728,Commercial,Steel,5,1958,22,267.1,Poor,Medium,131849.0
1788,47,6,29.74367,99.11717,Commercial,Masonry,6,1984,3,338.3,Good,Low,4159230.0
1789,60,8,24.75618,95.94942,Commercial,Steel,2,2022,4,476.4,Dilapidated,Low,3256936.0
1790,11,1,22.5931,90.86172,Mixed,Masonry,5,1970,3,206.5,Good,Medium,3085564.0
1791,18,2,29.00988,98.7413,Institutional,Kutcha,5,1999,10,379.1,Good,Negligible,4791880.0
1792,34,4,26.0244,97.37133,Institutional,Kutcha,5,1976,41,366.8,Poor,Medium,204946.0
1793,22,2,22.5534,96.27867,Mixed,Reinforced Concrete,2,1958,28,386.4,Good,Medium,2224402.0
1794,58,7,27.04016,94.27005,Institutional,Masonry,1,1956,30,35.4,Poor,Negligible,667679.0
1795,59,8,25.55782,92.3403,Commercial,Reinforced Concrete,1,2005,34,462.9,Fair,High,1297629.0
1796,61,8,26.86884,90.05528,Residential,Kutcha,2,2002,12,121.3,Good,High,1550825.0
1797,8,1,24.28889,98.54167,Industrial,Steel,3,2012,9,69.8,Poor,Low,230382.0
1798,42,5,22.17326,97.1033,Commercial,Masonry,3,1993,22,420.7,Dilapidated,Medium,4475937.0
1799,3,1,27.48826,98.74598,Commercial,Kutcha,5,1964,21,398.8,Fair,Low,3171563.0
1800,35,4,23.09751,91.44785,Commercial,Timber,4,1981,46,364.1,Fair,Low,2767139.0
1801,26,3,23.68606,90.37145,Industrial,Steel,5,1992,8,109.4,Good,Low,112435.0
1802,6,1,26.45928,97.07603,Residential,Steel,6,1976,38,402.9,Good,Negligible,1997350.0
1803,29,3,26.08942,98.93552,Mixed,Timber,4,1989,24,415.2,Good,Negligible,2132576.0
1804,27,3,25.03446,90.53458,Industrial,Kutcha,2,1973,13,275.0,Poor,Low,3642159.0
1805,33,4,23.56065,99.8435,Commercial,Reinforced Concrete,5,1967,37,284.2,Fair,High,4293969.0
1806,35,4,23.37125,91.70439,Mixed,Kutcha,2,2011,12,41.9,Good,Medium,4154972.0
1807,61,8,26.61645,90.24815,Industrial,Masonry,5,2006,36,30.5,Poor,Low,1465153.0
1808,20,2,23.35454,93.41833,Industrial,Steel,6,1972,6,114.5,Dilapidated,Low,4343129.0
1809,60,8,24.71433,95.94333,Institutional,Reinforced Concrete,6,1950,33,309.4,Dilapidated,Low,2671631.0
1810,51,6,29.49918,90.76322,Residential,Timber,6,1952,6,220.5,Fair,Medium,3257307.0
1811,22,2,22.66657,96.45097,Mixed,Kutcha,6,1994,48,159.2,Good,Low,2889450.0
1812,60,8,24.53802,95.84201,Industrial,Kutcha,5,1966,14,404.1,Fair,High,1740481.0
1813,58,7,27.3648,94.57933,Institutional,Masonry,4,1959,36,325.8,Good,Low,4632137.0
1814,13,2,26.48648,99.54904,Industrial,Kutcha,6,1975,36,438.5,Good,High,2665138.0
1815,46,5,23.37536,97.64183,Industrial,Steel,6,1956,19,128.8,Fair,High,4985519.0
1816,45,5,28.60662,94.99242,Industrial,Steel,6,2008,30,382.9,Poor,Low,4058157.0
1817,40,5,28.12229,97.49626,Residential,Reinforced Concrete,3,1995,41,282.3,Fair,High,1126518.0
1818,36,4,25.54528,90.67245,Industrial,Kutcha,1,1998,7,248.6,Dilapidated,Negligible,1230176.0
1819,1,1,27.2644,90.28848,Commercial,Timber,2,1989,46,123.0,Fair,Low,1450697.0
1820,33,4,23.5685,100.13881,Institutional,Steel,2,1989,18,402.0,Good,Medium,1135.0
1821,52,6,28.52547,99.81248,Mixed,Kutcha,4,1962,34,69.1,Dilapidated,Medium,1990441.0
1822,12,1,26.91463,97.93377,Institutional,Timber,5,1980,27,113.0,Good,High,3451117.0
1823,12,1,26.98061,97.88434,Residential,Reinforced Concrete,2,1950,16,260.6,Poor,Low,463781.0
1824,37,4,26.6717,94.71143,Commercial,Kutcha,1,1973,13,291.5,Poor,High,659380.0
1825,26,3,23.86722,90.37417,Mixed,Timber,3,2009,36,416.1,Dilapidated,Negligible,62709.0
1826,34,4,25.80059,97.55127,Residential,Masonry,3,1950,44,455.7,Dilapidated,High,2486327.0
1827,47,6,29.606,99.40584,Institutional,Masonry,6,1956,14,443.9,Fair,Negligible,1551211.0
1828,46,5,23.21853,97.82058,Mixed,Steel,3,1965,8,125.8,Poor,High,1159819.0
1829,49,6,29.39748,98.64162,Mixed,Kutcha,4,1950,39,479.2,Fair,Low,4771387.0
1830,27,3,25.02246,90.67577,Industrial,Steel,1,1993,6,28.1,Good,Negligible,4219501.0
1831,57,7,23.43603,92.97343,Mixed,Steel,6,1979,29,113.3,Good,High,1203865.0
1832,51,6,29.41934,90.72705,Mixed,Kutcha,2,2013,26,243.6,Good,Medium,1518794.0
1833,6,1,26.38022,96.99758,Institutional,Steel,1,1987,45,301.5,Fair,Medium,3636465.0
1834,58,7,27.38829,94.36171,Commercial,Masonry,2,2020,4,36.7,Fair,Medium,620645.0
1835,8,1,24.37001,98.68915,Mixed,Steel,1,1968,11,167.0,Good,High,2876755.0
1836,19,2,24.39462,96.52781,Residential,Steel,3,2009,20,371.4,Dilapidated,Negligible,1829564.0
1837,57,7,23.6709,92.93401,Industrial,Timber,6,2011,26,451.2,Poor,High,2470484.0
1838,48,6,26.92911,94.75254,Industrial,Steel,5,1990,3,300.9,Fair,Low,4212662.0
1839,31,3,27.94702,95.29587,Institutional,Timber,1,2021,31,380.9,Poor,Low,2807575.0
1840,27,3,25.38818,90.71692,Institutional,Kutcha,2,2004,5,496.3,Poor,Low,4229682.0
1841,19,2,24.1617,96.21509,Residential,Timber,5,1952,11,174.8,Dilapidated,Negligible,2383247.0
1842,30,3,25.48756,92.53408,Industrial,Steel,2,2001,26,366.6,Dilapidated,Low,4014216.0
1843,57,7,23.54996,93.07961,Commercial,Reinforced Concrete,3,1992,50,272.2,Good,Low,3172363.0
1844,4,1,26.5321,90.32004,Residential,Reinforced Concrete,3,1951,39,457.5,Poor,High,3121281.0
1845,26,3,23.98452,90.43267,Industrial,Reinforced Concrete,4,1981,5,229.1,Fair,Low,4100819.0
1846,11,1,22.89909,91.06796,Commercial,Steel,3,1979,29,283.0,Good,Medium,2377737.0
1847,36,4,25.45988,90.56394,Residential,Kutcha,3,1973,11,388.7,Good,High,1044871.0
1848,32,3,25.4168,95.65826,Institutional,Kutcha,6,1963,42,436.8,Good,High,437771.0
1849,19,2,24.40209,96.28617,Mixed,Steel,4,2016,1,387.8,Poor,Low,2636516.0
1850,11,1,22.62087,91.07616,Industrial,Kutcha,1,1964,44,393.5,Poor,Low,63968.0
1851,35,4,23.23843,91.66624,Industrial,Reinforced Concrete,2,1976,12,419.5,Dilapidated,Low,771492.0
1852,4,1,26.55769,90.47985,Commercial,Reinforced Concrete,1,2000,35,373.6,Poor,High,1720240.0
1853,2,1,23.99161,91.2853,Institutional,Timber,2,2010,30,13.9,Good,Negligible,3990532.0
1854,48,6,26.97705,94.96813,Industrial,Kutcha,5,2022,18,216.7,Fair,Medium,51017.0
1855,62,8,27.11211,92.31191,Industrial,Steel,1,2023,48,355.9,Fair,Low,4567781.0
1856,43,5,29.73314,97.45145,Residential,Masonry,2,2012,29,267.3,Dilapidated,Negligible,1535274.0
1857,62,8,27.11685,92.3906,Residential,Masonry,5,1991,2,485.8,Fair,Low,4441375.0
1858,5,1,23.72864,94.98494,Institutional,Kutcha,3,1994,18,84.0,Dilapidated,Low,1917994.0
1859,8,1,24.41995,98.70962,Residential,Steel,4,2001,31,285.0,Fair,Low,1008329.0
1860,26,3,23.92821,90.33497,Institutional,Kutcha,1,1970,32,388.4,Poor,Medium,659409.0
1861,35,4,23.27879,91.74066,Mixed,Masonry,4,1960,29,66.5,Good,Medium,4552396.0
1862,1,1,26.96322,90.34824,Commercial,Timber,4,1962,1,472.5,Good,Low,1688790.0
1863,8,1,24.38171,98.50173,Institutional,Reinforced Concrete,2,2021,40,280.8,Dilapidated,Low,1330521.0
1864,18,2,29.02508,98.68168,Commercial,Reinforced Concrete,3,2017,16,315.6,Poor,Negligible,1283066.0
1865,32,3,25.49309,95.97729,Institutional,Steel,4,1992,32,228.5,Poor,Negligible,4540319.0
1866,7,1,26.21002,92.15867,Mixed,Reinforced Concrete,5,2008,45,278.3,Fair,Low,1728639.0
1867,14,2,22.4502,92.87611,Mixed,Reinforced Concrete,4,2012,45,93.3,Good,Negligible,4070674.0
1868,38,4,29.83824,98.64036,Residential,Kutcha,1,1956,12,198.1,Good,Medium,4122437.0
1869,54,6,29.74752,91.7377,Institutional,Reinforced Concrete,5,1987,33,63.0,Good,Negligible,3009288.0
1870,49,6,29.62082,98.85601,Commercial,Reinforced Concrete,4,1955,40,99.5,Dilapidated,Negligible,3045816.0
1871,58,7,27.29601,94.37253,Commercial,Masonry,1,2003,37,135.3,Good,High,4562420.0
1872,26,3,23.80196,90.49651,Residential,Steel,2,1966,13,118.2,Fair,Negligible,3246348.0
1873,26,3,23.80569,90.22145,Industrial,Kutcha,5,1969,41,229.8,Good,Low,3550925.0
1874,27,3,25.32722,90.47879,Industrial,Reinforced Concrete,6,1951,31,323.3,Good,Negligible,429173.0
1875,17,2,23.88853,92.9,Residential,Timber,1,1961,16,486.6,Poor,Medium,3585727.0
1876,35,4,23.25202,91.60584,Commercial,Kutcha,1,1991,40,128.1,Good,Negligible,453952.0
1877,39,4,27.25975,91.07434,Mixed,Steel,5,1972,34,391.8,Good,Medium,3191282.0
1878,38,4,29.59191,98.58287,Residential,Kutcha,3,2006,12,241.4,Poor,Negligible,788078.0
1879,55,7,28.78623,94.12057,Institutional,Kutcha,6,1988,30,209.4,Poor,Medium,3032962.0
1880,15,2,26.76651,98.54498,Industrial,Kutcha,2,2000,30,44.5,Poor,Negligible,225076.0
1881,58,7,27.14131,94.262,Commercial,Steel,5,2017,44,36.9,Fair,High,2773387.0
1882,60,8,24.58295,96.06379,Mixed,Reinforced Concrete,1,2015,33,180.3,Poor,High,3097375.0
1883,25,3,26.376,96.91793,Mixed,Masonry,6,1959,4,189.2,Good,Medium,1611795.0
1884,56,7,29.34829,97.50871,Residential,Reinforced Concrete,2,1964,22,102.7,Dilapidated,High,221151.0
1885,9,1,27.78229,93.45937,Industrial,Masonry,6,2015,24,470.9,Good,Low,3949727.0
1886,28,3,29.01061,93.27907,Residential,Steel,1,2001,35,115.0,Good,Medium,854351.0
1887,16,2,23.5055,90.61049,Commercial,Reinforced Concrete,2,1971,30,93.0,Dilapidated,Medium,1621967.0
1888,6,1,26.45429,97.25365,Mixed,Reinforced Concrete,4,1965,16,413.6,Dilapidated,High,2523421.0
1889,19,2,24.33306,96.35742,Commercial,Kutcha,5,1966,38,142.9,Dilapidated,Negligible,1029186.0
1890,47,6,29.46017,99.32145,Residential,Masonry,6,1970,14,128.4,Dilapidated,Low,698070.0
1891,36,4,25.22743,90.59222,Institutional,Kutcha,2,2000,12,189.3,Good,Negligible,103589.0
1892,6,1,26.6895,97.2483,Institutional,Reinforced Concrete,4,2000,45,219.2,Fair,Negligible,2121932.0
1893,31,3,27.79548,95.53559,Industrial,Kutcha,1,2021,36,116.5,Dilapidated,Negligible,1288540.0
1894,51,6,29.77148,90.79029,Commercial,Reinforced Concrete,6,1967,39,430.3,Good,Low,2925789.0
1895,25,3,26.48212,96.7306,Industrial,Reinforced Concrete,3,2012,44,13.8,Poor,High,1462838.0
1896,2,1,23.77336,91.34539,Institutional,Kutcha,6,1999,30,329.3,Poor,Low,1545687.0
1897,16,2,23.39324,90.64699,Residential,Masonry,2,1981,38,25.3,Good,High,64180.0
1898,33,4,23.76039,99.90389,Commercial,Reinforced Concrete,5,2014,45,39.8,Fair,Medium,1238932.0
1899,36,4,25.18006,90.81672,Mixed,Timber,4,1955,15,237.6,Fair,Negligible,106375.0
1900,47,6,29.52714,99.25083,Commercial,Masonry,2,2002,3,392.9,Poor,High,1147148.0
1901,6,1,26.60087,96.97291,Commercial,Masonry,6,1994,33,462.6,Fair,Low,839124.0
1902,56,7,29.37897,97.51752,Industrial,Kutcha,3,2023,3,378.4,Good,Medium,3497276.0
1903,53,6,28.15195,91.12003,Institutional,Steel,4,2007,20,466.7,Poor,Medium,4850860.0
1904,31,3,27.82372,95.28185,Industrial,Masonry,3,2007,26,297.7,Poor,Medium,1049670.0
1905,25,3,26.33668,97.02326,Mixed,Kutcha,3,1985,30,302.3,Good,Low,3118021.0
1906,49,6,29.26969,98.95093,Mixed,Steel,2,2010,3,59.4,Dilapidated,Low,2735546.0
1907,19,2,24.34683,96.16245,Commercial,Timber,5,1994,38,267.0,Fair,High,4472996.0
1908,60,8,24.78988,95.87051,Institutional,Steel,4,2018,21,82.8,Good,High,1829205.0
1909,39,4,27.36617,90.96637,Industrial,Timber,1,1974,39,155.1,Fair,High,4515274.0
1910,54,6,29.57553,91.74615,Institutional,Steel,1,1951,44,455.4,Poor,High,1633495.0
1911,57,7,23.67464,93.03954,Industrial,Timber,4,1957,20,120.2,Dilapidated,High,3689418.0
1912,1,1,27.29289,90.20748,Industrial,Kutcha,3,2012,3,64.2,Fair,Negligible,2897328.0
1913,1,1,27.00797,90.12091,Residential,Steel,1,1956,38,62.8,Fair,Negligible,893911.0
1914,32,3,25.26074,95.86,Mixed,Kutcha,3,1963,4,91.6,Good,Negligible,528349.0
1915,15,2,26.79687,98.69265,Mixed,Timber,3,2001,12,337.6,Good,High,3188819.0
1916,49,6,29.45209,98.86581,Mixed,Masonry,6,2023,27,450.3,Fair,Negligible,2496368.0
1917,41,5,23.00733,94.21977,Institutional,Timber,3,1952,28,127.0,Fair,Negligible,2981814.0
1918,4,1,26.85435,90.19305,Industrial,Masonry,2,1991,45,173.9,Fair,Low,3967295.0
1919,34,4,25.78311,97.75322,Mixed,Steel,6,1980,29,355.6,Dilapidated,Medium,1476670.0
1920,12,1,26.86962,97.94309,Institutional,Steel,5,1988,13,222.2,Good,Medium,3359032.0
1921,13,2,26.31531,99.81323,Commercial,Reinforced Concrete,5,1993,37,59.1,Fair,High,4255043.0
1922,10,1,23.60865,97.8079,Institutional,Kutcha,2,2010,2,228.0,Fair,Medium,627684.0
1923,41,5,23.06964,94.43565,Mixed,Steel,4,1958,47,226.0,Fair,Medium,153681.0
1924,14,2,22.52459,92.79045,Industrial,Timber,6,2005,7,378.8,Fair,High,4558976.0
1925,43,5,29.59905,97.56945,Residential,Steel,1,2022,25,220.4,Poor,Negligible,2194627.0
1926,41,5,23.03961,94.52065,Mixed,Masonry,3,1983,32,101.7,Poor,High,1962982.0
1927,22,2,22.39855,96.44002,Residential,Masonry,4,2014,46,452.3,Dilapidated,Low,3290991.0
1928,12,1,26.86003,97.92271,Residential,Masonry,1,1970,3,51.3,Poor,Low,3325717.0
1929,55,7,29.16328,94.35708,Commercial,Kutcha,3,1984,42,155.2,Poor,Negligible,4374919.0
1930,3,1,27.5912,98.96497,Institutional,Masonry,2,2016,23,386.4,Fair,High,1303314.0
1931,62,8,27.04238,92.42248,Industrial,Reinforced Concrete,3,1968,23,384.6,Poor,Negligible,3648226.0
1932,3,1,27.53716,98.81489,Commercial,Kutcha,3,1988,27,168.8,Dilapidated,Medium,2401320.0
1933,61,8,26.79412,90.06253,Residential,Timber,2,1993,12,48.5,Fair,Medium,911040.0
1934,6,1,26.45185,97.33353,Residential,Timber,1,1994,21,109.0,Fair,Negligible,216252.0
1935,62,8,27.15636,92.26432,Institutional,Masonry,5,2000,6,351.8,Fair,High,3230162.0
1936,3,1,27.43203,99.01644,Industrial,Steel,3,1981,17,61.1,Dilapidated,Negligible,4592563.0
1937,3,1,27.21967,98.89591,Industrial,Masonry,3,1970,19,49.8,Dilapidated,Medium,1882101.0
1938,11,1,22.63964,91.1325,Institutional,Reinforced Concrete,4,1976,29,134.8,Good,Negligible,1319257.0
1939,22,2,22.43763,96.42228,Residential,Masonry,6,1953,14,29.9,Dilapidated,High,1497867.0
1940,60,8,24.85361,96.01022,Institutional,Timber,3,1964,40,237.0,Good,High,3204168.0
1941,38,4,29.90471,98.68903,Residential,Steel,5,2015,10,42.9,Poor,Low,1798475.0
1942,27,3,25.25096,90.76233,Institutional,Masonry,6,1954,36,200.2,Good,Medium,4832122.0
1943,60,8,24.85798,95.97448,Industrial,Reinforced Concrete,4,1994,46,109.2,Fair,Low,941533.0
1944,4,1,26.63248,90.32302,Mixed,Steel,1,1963,2,484.0,Good,Negligible,4708536.0
1945,38,4,29.96809,98.45054,Institutional,Masonry,2,2008,21,245.4,Fair,Medium,4012900.0
1946,44,5,29.42248,98.61262,Mixed,Timber,4,2015,6,108.0,Dilapidated,Low,1569522.0
1947,1,1,27.05978,90.08737,Industrial,Kutcha,6,2011,46,477.5,Fair,High,3889605.0
1948,55,7,28.92297,94.08715,Industrial,Masonry,3,1965,4,344.4,Fair,Negligible,2206466.0
1949,30,3,25.68765,92.81482,Commercial,Steel,4,1966,23,411.7,Good,Medium,3241453.0
1950,39,4,27.32946,91.11859,Mixed,Reinforced Concrete,5,1999,45,44.2,Dilapidated,Medium,4499453.0
1951,17,2,23.80571,93.01518,Commercial,Timber,4,1989,20,52.2,Fair,High,4081342.0
1952,43,5,29.85669,97.59512,Residential,Timber,6,2000,32,97.8,Dilapidated,High,4997368.0
1953,25,3,26.51158,97.00623,Institutional,Masonry,6,1998,19,487.3,Poor,High,1818112.0
1954,35,4,23.30915,91.4541,Commercial,Timber,3,2021,4,33.7,Good,High,4548941.0
1955,58,7,27.35469,94.29049,Commercial,Reinforced Concrete,4,1988,10,273.7,Poor,Negligible,2119357.0
1956,53,6,28.02742,91.1416,Commercial,Reinforced Concrete,4,1950,32,404.0,Good,Low,4445564.0
1957,62,8,27.17051,92.21654,Commercial,Reinforced Concrete,6,1955,18,35.7,Dilapidated,Medium,2376518.0
1958,31,3,28.05744,95.44497,Residential,Masonry,2,2019,48,75.7,Good,Medium,123466.0
1959,38,4,29.56946,98.48411,Residential,Kutcha,2,1964,38,249.2,Poor,Medium,3607051.0
1960,29,3,25.97622,98.87243,Institutional,Timber,3,1954,23,235.7,Dilapidated,Negligible,4702208.0
1961,6,1,26.51713,97.13293,Mixed,Steel,5,1992,8,178.8,Dilapidated,Negligible,534563.0
1962,37,4,26.61283,94.51559,Mixed,Steel,2,2002,6,471.5,Fair,Medium,1129138.0
1963,32,3,25.4878,96.02818,Commercial,Masonry,4,1978,4,273.4,Fair,High,2639454.0
1964,60,8,24.63909,95.79392,Industrial,Steel,2,1981,22,21.7,Poor,Negligible,612046.0
1965,32,3,25.26276,95.93457,Institutional,Masonry,5,2023,34,169.6,Fair,Low,1424232.0
1966,22,2,22.59496,96.16447,Commercial,Masonry,5,1968,27,389.2,Good,High,2035858.0
1967,54,6,29.42465,91.47637,Mixed,Timber,3,1983,19,165.2,Good,Low,4577941.0
1968,57,7,23.48949,93.05247,Mixed,Steel,2,1953,34,447.8,Dilapidated,Low,131041.0
1969,4,1,26.90657,90.42311,Commercial,Timber,4,1958,7,165.6,Poor,High,2048610.0
1970,54,6,29.50345,91.82642,Commercial,Kutcha,5,2023,32,372.2,Fair,Negligible,1890203.0
1971,43,5,29.94938,97.69155,Mixed,Kutcha,1,1990,10,45.0,Poor,Negligible,1488865.0
1972,11,1,22.89205,90.81259,Commercial,Kutcha,6,2018,19,326.4,Poor,Negligible,1452790.0
1973,61,8,26.56099,90.07652,Institutional,Kutcha,3,1983,41,20.9,Dilapidated,Negligible,4809695.0
1974,6,1,26.67622,97.03978,Residential,Masonry,6,1997,7,12.5,Good,High,2421960.0
1975,27,3,25.20352,90.55888,Mixed,Steel,5,1955,4,257.8,Dilapidated,Negligible,1789683.0
1976,24,3,24.29001,99.09484,Institutional,Reinforced Concrete,5,1978,45,82.9,Fair,Negligible,2081114.0
1977,18,2,29.03148,98.70854,Industrial,Steel,3,1998,36,412.4,Poor,Medium,1631865.0
1978,33,4,23.69839,99.99583,Commercial,Kutcha,1,1974,15,181.4,Fair,Medium,757080.0
1979,4,1,26.7648,90.25914,Institutional,Reinforced Concrete,3,1984,22,131.4,Poor,Medium,2121291.0
1980,48,6,26.69961,94.71278,Industrial,Steel,1,1997,35,276.0,Fair,Low,1816547.0
1981,25,3,26.58144,96.88156,Residential,Steel,1,1960,40,252.3,Fair,Low,3609328.0
1982,22,2,22.61518,96.52728,Commercial,Reinforced Concrete,2,1983,29,228.2,Poor,Medium,948201.0
1983,11,1,22.65509,90.78484,Institutional,Reinforced Concrete,1,1979,33,130.9,Fair,Negligible,4701683.0
1984,21,2,24.27674,99.30356,Mixed,Masonry,1,1977,14,129.5,Good,Negligible,4955751.0
1985,54,6,29.57006,91.7831,Industrial,Reinforced Concrete,1,1974,32,48.6,Poor,Low,4225629.0
1986,21,2,24.00353,99.45006,Residential,Kutcha,5,1958,12,266.2,Poor,Negligible,2424968.0
1987,21,2,24.31012,99.38404,Residential,Kutcha,3,2017,5,113.8,Dilapidated,High,4203311.0
1988,13,2,26.35933,99.77785,Mixed,Timber,2,1973,11,126.3,Good,Negligible,3860333.0
1989,30,3,25.62799,92.51295,Mixed,Kutcha,2,1965,35,134.5,Fair,High,628557.0
1990,4,1,26.55952,90.16153,Mixed,Reinforced Concrete,6,2009,33,297.3,Good,High,3222435.0
1991,17,2,23.67662,93.07701,Industrial,Steel,4,1979,26,132.9,Fair,Low,3566623.0
1992,1,1,27.29597,90.07731,Institutional,Steel,3,1988,5,72.1,Dilapidated,Low,972744.0
1993,43,5,29.62872,97.5892,Industrial,Kutcha,2,2015,22,174.1,Good,High,4502514.0
1994,35,4,23.11723,91.7203,Institutional,Steel,2,1971,11,427.5,Fair,High,3282487.0
1995,60,8,24.86917,95.82478,Industrial,Steel,1,1964,19,166.8,Dilapidated,Negligible,1139549.0
1996,4,1,26.5895,90.23409,Industrial,Masonry,6,2020,48,365.1,Good,Medium,3089815.0
1997,6,1,26.55753,97.03065,Commercial,Reinforced Concrete,1,1963,40,276.2,Good,High,3462472.0
1998,54,6,29.58909,91.62106,Institutional,Kutcha,2,1997,43,87.6,Poor,Medium,161084.0
1999,47,6,29.80337,99.3102,Commercial,Kutcha,1,1968,2,190.7,Poor,High,351393.0
2000,28,3,29.17171,93.03698,Institutional,Steel,5,1994,12,377.1,Fair,Medium,1981948.0
2001,3,1,27.26741,98.85922,Mixed,Reinforced Concrete,5,2009,44,373.9,Good,High,798522.0
2002,56,7,29.43919,97.36762,Mixed,Masonry,4,1956,41,218.0,Dilapidated,Low,196328.0
2003,34,4,26.00581,97.37237,Mixed,Kutcha,4,1956,8,382.6,Good,Medium,2727565.0
2004,44,5,29.45095,98.56661,Commercial,Steel,1,1984,39,199.7,Poor,Low,2644183.0
2005,30,3,25.57395,92.58157,Commercial,Masonry,2,1952,38,440.1,Fair,Low,415906.0
2006,34,4,25.87024,97.50499,Institutional,Timber,5,1979,50,96.3,Dilapidated,High,3344953.0
2007,36,4,25.54363,90.45618,Residential,Masonry,2,1953,28,259.3,Fair,Medium,1182796.0
2008,5,1,23.70948,95.07249,Industrial,Timber,6,2007,42,180.6,Good,High,2600594.0
2009,32,3,25.51123,95.85846,Industrial,Masonry,1,1965,17,35.8,Poor,Negligible,2652527.0
2010,25,3,26.51299,96.86401,Commercial,Kutcha,3,1951,2,118.4,Dilapidated,Low,3533847.0
2011,39,4,27.31296,91.33091,Residential,Timber,1,1977,34,33.0,Dilapidated,Negligible,3911972.0
2012,42,5,21.88016,97.06373,Industrial,Masonry,1,1999,47,428.8,Dilapidated,High,8721.0
2013,62,8,27.12083,92.2241,Institutional,Steel,6,2018,4,16.3,Fair,High,4331364.0
2014,40,5,27.85577,97.59887,Mixed,Timber,5,1969,8,409.4,Good,Medium,4950740.0
2015,52,6,28.54106,99.59963,Commercial,Masonry,5,1980,38,209.6,Good,Negligible,4981015.0
2016,30,3,25.85204,92.6604,Industrial,Steel,4,1969,6,102.6,Fair,Low,339396.0
2017,16,2,23.48273,90.82224,Mixed,Steel,1,2000,17,79.0,Good,Medium,1373090.0
2018,9,1,27.45684,93.47394,Industrial,Kutcha,5,1965,6,494.1,Good,Negligible,1265154.0
2019,56,7,29.28399,97.62236,Industrial,Reinforced Concrete,5,1969,6,12.7,Poor,Negligible,1847197.0
2020,55,7,28.94912,94.26317,Mixed,Steel,1,2011,32,258.8,Dilapidated,Medium,4583116.0
2021,62,8,27.11518,92.34132,Mixed,Reinforced Concrete,1,1991,11,137.2,Poor,Medium,4999623.0
2022,20,2,23.10399,93.40849,Institutional,Reinforced Concrete,2,1951,7,432.5,Poor,Low,2491746.0
2023,31,3,27.81161,95.43718,Industrial,Reinforced Concrete,2,1981,28,43.3,Good,Negligible,2465802.0
2024,4,1,26.82716,90.15105,Residential,Steel,1,2011,38,46.6,Fair,Low,244412.0
2025,21,2,24.05968,99.27155,Mixed,Steel,5,2020,11,470.5,Dilapidated,Negligible,1631164.0
2026,43,5,29.87409,97.56909,Residential,Steel,3,2005,29,222.8,Dilapidated,Negligible,4240425.0
2027,3,1,27.24658,99.06262,Industrial,Steel,1,1995,8,244.1,Dilapidated,High,2002890.0
2028,28,3,29.13815,93.30901,Residential,Kutcha,4,2019,15,101.3,Good,High,3331166.0
2029,17,2,23.72511,92.80594,Mixed,Reinforced Concrete,1,1960,15,312.9,Good,Negligible,4062373.0
2030,41,5,22.73758,94.2314,Residential,Kutcha,3,1996,12,495.2,Poor,Low,1936926.0
2031,29,3,26.08847,98.69089,Institutional,Timber,1,2021,45,426.7,Fair,High,602971.0
2032,55,7,28.85264,94.31842,Industrial,Masonry,3,2021,15,369.2,Good,Low,91567.0
2033,49,6,29.6193,98.69829,Commercial,Masonry,2,1978,17,32.7,Good,High,87802.0
2034,49,6,29.41091,98.84246,Residential,Reinforced Concrete,6,2023,25,163.6,Good,Medium,4276448.0
2035,29,3,26.13517,98.80714,Industrial,Timber,6,1994,34,328.4,Good,Negligible,1102987.0
2036,48,6,26.64125,94.68901,Institutional,Kutcha,4,2008,26,32.4,Poor,Negligible,2081690.0
2037,46,5,23.16786,97.70722,Residential,Kutcha,2,1999,17,195.5,Fair,Medium,592305.0
2038,49,6,29.41846,98.80599,Residential,Timber,3,1992,23,63.1,Poor,High,4961636.0
2039,9,1,27.51827,93.47934,Industrial,Reinforced Concrete,6,1958,15,256.4,Poor,Negligible,1497990.0
2040,4,1,26.71202,90.21101,Residential,Reinforced Concrete,5,2020,16,143.2,Fair,Low,4493338.0
2041,5,1,23.8442,94.95535,Commercial,Masonry,2,1968,27,449.6,Poor,High,4224099.0
2042,35,4,23.2049,91.76823,Industrial,Masonry,3,1953,41,173.4,Dilapidated,Medium,1047475.0
2043,19,2,24.14752,96.19539,Commercial,Masonry,4,2015,43,179.4,Good,Medium,4100270.0
2044,54,6,29.58799,91.53264,Commercial,Reinforced Concrete,6,2003,17,401.6,Dilapidated,High,611393.0
2045,34,4,26.05072,97.39906,Institutional,Kutcha,3,1974,10,197.9,Fair,Negligible,4240424.0
2046,14,2,22.63828,92.81187,Industrial,Reinforced Concrete,6,1992,26,140.9,Dilapidated,Negligible,899402.0
2047,10,1,23.67652,97.52393,Residential,Masonry,2,1967,32,308.3,Good,Medium,4967477.0
2048,37,4,26.75616,94.69611,Industrial,Masonry,1,1973,2,103.6,Fair,High,844956.0
2049,32,3,25.2562,95.64572,Institutional,Steel,1,1967,7,408.8,Fair,Medium,1726873.0
2050,53,6,28.29934,91.48168,Mixed,Reinforced Concrete,6,2012,40,421.7,Fair,Negligible,2047636.0
2051,21,2,23.9364,99.40999,Industrial,Timber,4,1993,3,201.2,Fair,Low,4911983.0
2052,36,4,25.2207,90.68773,Institutional,Kutcha,3,1997,9,65.3,Good,High,198328.0
2053,27,3,25.33309,90.64374,Industrial,Kutcha,3,1964,49,166.3,Poor,Medium,2753487.0
2054,6,1,26.53299,96.98794,Institutional,Reinforced Concrete,6,1993,44,180.2,Good,Low,4476842.0
2055,57,7,23.75707,93.25337,Industrial,Masonry,4,1951,43,423.2,Dilapidated,Negligible,4006603.0
2056,20,2,23.21742,93.64902,Residential,Reinforced Concrete,1,1967,26,460.8,Fair,Negligible,3280331.0
2057,62,8,27.2009,92.33947,Industrial,Reinforced Concrete,4,1958,45,221.8,Poor,Medium,4137891.0
2058,59,8,25.44031,92.55105,Mixed,Reinforced Concrete,1,2021,9,148.0,Poor,High,1556886.0
2059,9,1,27.43975,93.256,Institutional,Reinforced Concrete,3,2019,36,411.4,Dilapidated,Low,1193648.0
2060,54,6,29.46575,91.70553,Institutional,Reinforced Concrete,4,2000,19,476.4,Fair,High,454770.0
2061,6,1,26.36434,96.96531,Mixed,Kutcha,6,1961,41,44.3,Poor,Negligible,2296461.0
2062,3,1,27.44913,99.0019,Residential,Masonry,4,1968,15,452.3,Good,Medium,3098382.0
2063,29,3,26.02713,99.01298,Commercial,Reinforced Concrete,3,2012,50,319.8,Good,Negligible,2814718.0
2064,59,8,25.46454,92.59807,Mixed,Kutcha,4,1953,1,314.2,Poor,Medium,747852.0
2065,48,6,26.77371,94.91778,Mixed,Reinforced Concrete,6,2003,11,337.5,Fair,Negligible,147423.0
2066,20,2,23.37984,93.62181,Commercial,Masonry,3,1976,36,466.2,Good,High,2240354.0
2067,31,3,28.04391,95.36524,Industrial,Steel,6,1968,9,428.1,Poor,Low,2341107.0
2068,41,5,22.89272,94.4877,Institutional,Kutcha,5,1994,44,175.4,Dilapidated,High,3158996.0
2069,1,1,27.1105,90.43936,Commercial,Timber,1,1956,20,461.6,Poor,High,3871527.0
2070,26,3,23.82154,90.3158,Industrial,Masonry,5,2014,19,186.7,Good,Negligible,3750192.0
2071,11,1,22.89074,90.83106,Commercial,Reinforced Concrete,4,1958,27,410.2,Dilapidated,Negligible,4763038.0
2072,14,2,22.44937,92.831,Institutional,Timber,3,1954,25,445.4,Good,Negligible,4746751.0
2073,39,4,27.27359,91.30729,Industrial,Steel,5,1975,15,348.1,Good,High,1199663.0
2074,3,1,27.3775,98.7875,Residential,Kutcha,2,1969,7,51.1,Good,Negligible,3379161.0
2075,57,7,23.73302,93.11359,Institutional,Timber,2,2017,35,290.7,Fair,Medium,1403934.0
2076,5,1,23.64667,94.88746,Mixed,Masonry,5,1975,41,431.2,Dilapidated,Low,2362876.0
2077,6,1,26.58632,96.98604,Commercial,Steel,1,1969,27,426.7,Fair,Negligible,4916974.0
2078,49,6,29.41573,98.64074,Industrial,Masonry,6,1980,6,80.5,Fair,Medium,4544109.0
2079,11,1,22.72114,90.98545,Residential,Timber,5,2007,36,316.3,Fair,High,2466539.0
2080,32,3,25.5801,95.89922,Institutional,Timber,4,1955,22,432.1,Dilapidated,Medium,1325425.0
2081,47,6,29.48795,99.3481,Commercial,Steel,4,1958,12,479.3,Fair,Medium,3562364.0
2082,8,1,24.32094,98.87723,Institutional,Masonry,5,1996,45,181.5,Dilapidated,Medium,3234558.0
2083,47,6,29.75717,99.32817,Residential,Masonry,3,2015,28,302.9,Dilapidated,Low,4074505.0
2084,7,1,26.21654,92.29969,Institutional,Steel,3,2003,25,298.1,Poor,Low,1299214.0
2085,16,2,23.66654,90.69287,Institutional,Steel,2,1979,3,32.2,Dilapidated,High,1486512.0
2086,31,3,28.04105,95.36851,Institutional,Timber,3,2021,19,99.7,Poor,High,2498952.0
2087,47,6,29.49236,99.15163,Institutional,Timber,6,2018,50,268.4,Dilapidated,Negligible,1540771.0
2088,23,3,27.68177,91.76801,Residential,Reinforced Concrete,2,1979,43,216.2,Poor,Medium,2490358.0
2089,15,2,27.07781,98.64597,Mixed,Masonry,5,2017,6,399.7,Dilapidated,Negligible,3348761.0
2090,40,5,27.91706,97.71566,Commercial,Masonry,1,1976,46,489.2,Dilapidated,Low,3665856.0
2091,39,4,27.5299,90.97742,Residential,Kutcha,2,1977,42,35.7,Dilapidated,Low,4812312.0
2092,48,6,26.66192,94.75639,Commercial,Steel,5,2019,11,114.3,Good,High,4922174.0
2093,50,6,23.98729,92.52559,Mixed,Masonry,4,1983,49,152.4,Dilapidated,Medium,763053.0
2094,19,2,24.19787,96.44712,Industrial,Reinforced Concrete,1,1965,21,400.0,Dilapidated,High,4222484.0
2095,32,3,25.41508,95.70418,Commercial,Masonry,1,2010,21,196.9,Fair,Medium,3979862.0
2096,41,5,23.00196,94.28712,Residential,Timber,6,1983,4,259.7,Fair,High,3042134.0
2097,60,8,24.59365,95.73384,Residential,Reinforced Concrete,5,1959,45,421.1,Fair,Medium,2726486.0
2098,37,4,26.7054,94.72608,Institutional,Timber,1,2016,11,58.0,Good,Medium,3593613.0
2099,14,2,22.74939,93.09841,Mixed,Kutcha,4,2014,48,374.9,Poor,Medium,2154464.0
2100,56,7,29.32255,97.42921,Industrial,Reinforced Concrete,4,1980,42,76.9,Poor,Low,3947544.0
2101,33,4,23.55982,99.9071,Commercial,Steel,5,2022,30,52.1,Poor,Negligible,4769885.0
2102,20,2,23.17971,93.52567,Institutional,Steel,1,1994,48,122.6,Poor,High,2619055.0
2103,23,3,27.67442,91.63893,Institutional,Masonry,5,1960,34,311.4,Fair,Negligible,3058418.0
2104,41,5,22.87438,94.40129,Industrial,Kutcha,1,1997,28,455.7,Fair,Low,3022182.0
2105,34,4,25.99655,97.44502,Institutional,Reinforced Concrete,2,1995,22,64.6,Dilapidated,Negligible,3780174.0
2106,59,8,25.65479,92.58439,Industrial,Masonry,1,1986,36,112.0,Poor,Medium,3877875.0
2107,51,6,29.60638,90.77764,Commercial,Kutcha,4,1983,24,17.9,Dilapidated,High,3157518.0
2108,43,5,29.91398,97.56565,Residential,Masonry,1,1993,42,260.7,Fair,Negligible,3609558.0
2109,32,3,25.57188,95.63563,Residential,Kutcha,2,1957,5,11.9,Fair,Medium,2811350.0
2110,12,1,26.75143,97.9364,Commercial,Kutcha,4,1959,1,172.3,Good,Negligible,4260875.0
2111,19,2,24.32936,96.52463,Industrial,Reinforced Concrete,5,1988,8,195.2,Good,Negligible,1555976.0
2112,42,5,22.06523,97.28479,Residential,Timber,6,1992,2,246.9,Dilapidated,High,2036230.0
2113,49,6,29.34168,98.97191,Commercial,Reinforced Concrete,6,1953,43,386.8,Dilapidated,High,3599361.0
2114,8,1,24.25567,98.85653,Mixed,Masonry,6,1977,49,115.7,Dilapidated,Negligible,4120428.0
2115,56,7,29.4867,97.52106,Mixed,Masonry,5,1974,40,392.3,Poor,Negligible,4595410.0
2116,9,1,27.72604,93.46412,Residential,Reinforced Concrete,4,1991,2,71.1,Dilapidated,Negligible,645696.0
2117,7,1,26.43215,92.07046,Mixed,Masonry,2,1972,49,464.6,Dilapidated,Medium,3174297.0
2118,28,3,28.87184,93.0178,Commercial,Steel,1,1987,14,337.6,Fair,Medium,3620953.0
2119,62,8,26.97599,92.35163,Institutional,Reinforced Concrete,1,1952,6,297.9,Dilapidated,Medium,4457534.0
2120,10,1,23.77005,97.49513,Mixed,Timber,1,1982,17,450.8,Dilapidated,Medium,991389.0
2121,47,6,29.54791,99.29239,Mixed,Steel,1,1960,12,290.5,Dilapidated,Low,4891647.0
2122,12,1,26.68945,98.08979,Mixed,Kutcha,5,1970,8,134.2,Fair,High,962618.0
2123,31,3,27.76839,95.30049,Institutional,Kutcha,6,1982,11,374.2,Poor,High,1502924.0
2124,3,1,27.30922,98.98097,Institutional,Masonry,2,1986,18,246.6,Dilapidated,Medium,4245720.0
2125,3,1,27.21595,98.96483,Industrial,Reinforced Concrete,3,1968,12,140.0,Dilapidated,Negligible,4312073.0
2126,60,8,24.89169,95.94675,Industrial,Steel,5,2009,43,448.6,Dilapidated,Medium,3103244.0
2127,9,1,27.40893,93.33205,Residential,Reinforced Concrete,6,2012,29,359.5,Fair,Low,1150414.0
2128,50,6,23.7319,92.31306,Mixed,Masonry,4,2011,34,261.8,Dilapidated,Negligible,2107552.0
2129,54,6,29.65483,91.50139,Mixed,Steel,5,2001,21,180.3,Fair,Low,2427470.0
2130,2,1,23.80073,91.5144,Residential,Masonry,2,2020,44,448.7,Fair,High,1938847.0
2131,60,8,24.86341,95.72465,Residential,Reinforced Concrete,4,1985,49,475.9,Poor,Low,700528.0
2132,42,5,22.06853,97.04576,Commercial,Kutcha,5,1958,35,381.5,Fair,High,4225421.0
2133,34,4,25.95811,97.73849,Industrial,Kutcha,3,1957,10,271.8,Dilapidated,Low,767043.0
2134,46,5,23.40143,97.57507,Institutional,Steel,2,1984,14,478.2,Dilapidated,Low,271007.0
2135,39,4,27.63299,91.03701,Residential,Reinforced Concrete,3,2005,48,316.6,Dilapidated,Negligible,1029892.0
2136,38,4,29.64238,98.40833,Mixed,Kutcha,1,1986,31,28.4,Fair,Low,4762437.0
2137,29,3,25.86025,98.89494,Residential,Masonry,2,2020,29,219.8,Fair,Medium,4819925.0
2138,53,6,28.18163,91.39954,Industrial,Timber,3,1957,39,166.9,Dilapidated,Medium,1417976.0
2139,26,3,23.76754,90.28276,Mixed,Timber,3,1994,9,256.0,Fair,Medium,114820.0
2140,41,5,23.09138,94.36922,Industrial,Reinforced Concrete,6,1970,7,194.0,Fair,Medium,3550877.0
2141,22,2,22.46329,96.53976,Institutional,Kutcha,4,2003,11,97.2,Dilapidated,Negligible,18457.0
2142,55,7,29.14082,94.12279,Mixed,Masonry,3,2000,41,274.1,Fair,Medium,4783433.0
2143,7,1,26.54781,92.39498,Industrial,Kutcha,3,1954,11,160.9,Good,Medium,2057586.0
2144,49,6,29.40885,98.89655,Industrial,Masonry,3,1963,23,102.4,Dilapidated,Medium,1591400.0
2145,18,2,28.96006,98.65303,Commercial,Steel,1,2000,15,26.9,Poor,Negligible,4662070.0
2146,46,5,23.28085,97.61081,Mixed,Masonry,3,1974,26,199.0,Poor,High,2355500.0
2147,31,3,27.78957,95.47545,Mixed,Kutcha,3,1971,49,413.1,Good,Negligible,2204847.0
2148,48,6,26.96492,94.84581,Residential,Steel,4,1999,6,294.5,Dilapidated,High,2044581.0
2149,55,7,29.14405,94.2903,Industrial,Steel,2,2007,49,338.5,Fair,High,4964261.0
2150,48,6,26.64106,94.71839,Commercial,Reinforced Concrete,3,2008,44,433.2,Poor,High,1226793.0
2151,47,6,29.71063,99.19865,Mixed,Kutcha,2,1955,9,122.8,Good,Low,851694.0
2152,57,7,23.49268,93.29975,Residential,Timber,5,1954,33,287.4,Dilapidated,Medium,1802641.0
2153,46,5,23.34392,97.4311,Commercial,Reinforced Concrete,5,2020,16,391.6,Dilapidated,Negligible,717496.0
2154,43,5,29.8892,97.63313,Commercial,Timber,1,1992,10,368.9,Poor,High,300765.0
2155,26,3,23.80436,90.28398,Residential,Masonry,6,1974,21,360.3,Fair,Negligible,2390374.0
2156,42,5,22.20738,97.04364,Mixed,Masonry,1,2015,15,439.5,Poor,Low,4273281.0
2157,57,7,23.78516,93.22337,Residential,Masonry,2,1961,30,300.5,Poor,High,3841629.0
2158,25,3,26.45962,96.91598,Mixed,Kutcha,4,1955,45,150.6,Poor,Low,3061291.0
2159,60,8,24.68206,95.68831,Industrial,Steel,4,1999,17,471.1,Dilapidated,Low,4920841.0
2160,43,5,29.82931,97.50404,Industrial,Timber,6,2004,26,459.2,Dilapidated,High,425922.0
2161,15,2,26.95278,98.72978,Institutional,Kutcha,6,1982,5,268.3,Poor,Low,1928819.0
2162,13,2,26.31231,99.70217,Residential,Reinforced Concrete,6,2013,41,57.7,Dilapidated,High,3055561.0
2163,27,3,25.27716,90.67638,Industrial,Kutcha,2,2000,50,94.8,Poor,Medium,974439.0
2164,6,1,26.38226,97.35,Residential,Masonry,4,2006,40,311.2,Fair,Medium,1812783.0
2165,36,4,25.46806,90.66389,Institutional,Kutcha,5,1996,35,390.6,Good,Medium,3590521.0
2166,33,4,23.70125,100.0279,Residential,Masonry,1,1960,15,426.4,Fair,Negligible,1996493.0
2167,1,1,27.0793,90.17978,Commercial,Timber,4,1982,28,312.5,Fair,High,501539.0
2168,33,4,23.63645,99.79422,Residential,Reinforced Concrete,6,2005,28,429.8,Fair,Medium,3119109.0
2169,22,2,22.5377,96.47908,Residential,Timber,5,1984,10,376.7,Good,High,2549760.0
2170,50,6,23.91138,92.50334,Institutional,Kutcha,1,2003,34,111.8,Dilapidated,Low,4913849.0
2171,52,6,28.35357,99.62086,Commercial,Kutcha,5,1974,32,307.4,Dilapidated,Medium,940406.0
2172,62,8,27.01039,92.35812,Institutional,Reinforced Concrete,3,2023,18,415.8,Good,High,4953568.0
2173,49,6,29.40263,98.85175,Mixed,Masonry,2,1966,25,451.0,Poor,Low,3751951.0
2174,50,6,23.78916,92.3956,Residential,Steel,2,1982,22,157.0,Dilapidated,Low,3002883.0
2175,34,4,26.07986,97.54819,Residential,Masonry,2,2012,14,139.2,Fair,High,4669885.0
2176,31,3,28.01052,95.36356,Residential,Steel,1,2023,10,278.7,Poor,High,2262257.0
2177,53,6,28.11921,91.2366,Institutional,Timber,1,1951,17,425.0,Fair,High,810427.0
2178,50,6,24.09126,92.52801,Commercial,Steel,2,1964,30,211.6,Poor,Negligible,2804717.0
2179,16,2,23.49161,90.73621,Residential,Kutcha,5,2018,28,422.5,Good,Low,1998302.0
2180,3,1,27.46625,98.86607,Mixed,Steel,6,1970,34,101.3,Poor,Medium,1736874.0
2181,30,3,25.83252,92.51164,Mixed,Masonry,4,1993,6,166.9,Dilapidated,Negligible,2585475.0
2182,37,4,26.94518,94.63924,Commercial,Reinforced Concrete,2,2006,10,269.9,Poor,Negligible,3571017.0
2183,43,5,29.92663,97.54013,Residential,Timber,3,2004,46,245.5,Poor,High,4403469.0
2184,45,5,28.77342,95.0782,Commercial,Steel,2,2018,40,483.6,Fair,Low,1258574.0
2185,35,4,23.07213,91.47973,Institutional,Reinforced Concrete,1,2005,16,362.8,Poor,Low,2262312.0
2186,60,8,24.76422,95.70577,Residential,Masonry,4,2002,1,231.1,Dilapidated,Negligible,1914215.0
2187,46,5,23.19834,97.65733,Mixed,Timber,1,1966,33,120.8,Fair,Medium,3226665.0
2188,29,3,25.9728,98.81335,Mixed,Kutcha,6,2020,2,117.0,Good,Negligible,4829237.0
2189,39,4,27.35302,90.9688,Commercial,Kutcha,2,1995,32,458.2,Dilapidated,High,2590314.0
2190,33,4,23.70409,100.02976,Mixed,Steel,6,1993,37,82.8,Good,Negligible,3840972.0
2191,48,6,26.88612,94.89066,Mixed,Steel,3,1984,18,330.3,Fair,Low,4883199.0
2192,61,8,26.89534,89.89937,Residential,Masonry,1,1955,26,171.8,Good,Negligible,1248544.0
2193,54,6,29.40898,91.53802,Mixed,Kutcha,1,1971,44,39.6,Good,Medium,2804905.0
2194,37,4,26.92493,94.50694,Institutional,Timber,1,1960,9,212.4,Dilapidated,Low,3664964.0
2195,18,2,28.98145,98.51156,Residential,Reinforced Concrete,2,1998,16,491.7,Poor,High,1363367.0
2196,45,5,28.74202,95.17609,Commercial,Kutcha,6,2013,12,238.1,Good,Low,2080488.0
2197,12,1,26.82423,98.01012,Mixed,Timber,6,1988,7,196.4,Good,Medium,4180530.0
2198,29,3,26.01586,98.98568,Commercial,Masonry,2,1953,35,474.2,Good,Medium,4930201.0
2199,27,3,25.07681,90.47193,Industrial,Steel,2,2006,1,115.8,Fair,Negligible,3718557.0
2200,40,5,28.05038,97.79616,Institutional,Timber,4,1967,14,196.8,Good,Low,2082536.0
2201,46,5,23.31649,97.46926,Residential,Masonry,5,1985,37,60.5,Poor,High,1619335.0
2202,3,1,27.34965,98.85361,Mixed,Kutcha,5,1959,8,184.9,Poor,High,4759960.0
2203,41,5,22.83548,94.49571,Residential,Timber,1,2002,38,180.5,Poor,High,2054623.0
2204,37,4,26.68829,94.74818,Industrial,Steel,2,2007,16,496.5,Good,High,3883243.0
2205,5,1,23.80861,95.16783,Industrial,Timber,6,1965,28,324.9,Poor,Negligible,45304.0
2206,47,6,29.78833,99.29694,Industrial,Steel,6,2023,20,419.6,Fair,Low,977457.0
2207,59,8,25.7205,92.43849,Industrial,Timber,5,1973,48,134.1,Fair,High,3345202.0
2208,13,2,26.22283,99.81387,Residential,Timber,5,1977,47,451.8,Dilapidated,Medium,1061027.0
2209,20,2,23.11062,93.61775,Mixed,Steel,2,1983,18,259.3,Good,Negligible,1057254.0
2210,15,2,27.1171,98.79652,Residential,Masonry,6,1995,25,102.2,Good,Negligible,2070962.0
2211,6,1,26.55919,97.25099,Residential,Timber,4,1979,34,151.3,Dilapidated,Medium,4496193.0
2212,32,3,25.36255,95.96681,Commercial,Reinforced Concrete,4,1973,25,399.8,Fair,High,2453490.0
2213,58,7,27.12092,94.53659,Industrial,Steel,4,1990,30,127.7,Good,Low,1799192.0
2214,10,1,23.82811,97.54155,Industrial,Reinforced Concrete,3,1995,16,279.9,Fair,Low,3578903.0
2215,35,4,23.20169,91.70972,Residential,Masonry,3,2008,4,407.4,Dilapidated,Low,3599907.0
2216,62,8,27.00168,92.30176,Industrial,Kutcha,4,1991,4,45.3,Dilapidated,High,3224523.0
2217,6,1,26.63714,97.27269,Mixed,Timber,1,1964,2,460.5,Good,Medium,2570858.0
2218,55,7,28.79618,94.24519,Institutional,Timber,6,1987,33,144.7,Poor,Low,3910100.0
2219,30,3,25.69676,92.63668,Commercial,Kutcha,4,1966,8,285.9,Dilapidated,Medium,2582069.0
2220,37,4,26.59621,94.69059,Commercial,Kutcha,5,1973,45,175.1,Dilapidated,High,3350742.0
2221,38,4,29.8035,98.62765,Mixed,Kutcha,5,1968,13,360.7,Good,Negligible,411270.0
2222,36,4,25.21394,90.78561,Industrial,Steel,2,1966,47,279.1,Fair,Low,2231383.0
2223,22,2,22.49448,96.31593,Industrial,Steel,5,1973,29,356.1,Fair,Medium,4305476.0
2224,30,3,25.71457,92.76967,Industrial,Kutcha,2,2005,44,222.4,Dilapidated,Medium,1129543.0
2225,47,6,29.57081,99.17239,Mixed,Steel,6,1977,23,243.5,Good,Negligible,3724437.0
2226,39,4,27.4871,90.97581,Industrial,Steel,3,1993,13,476.0,Dilapidated,Medium,4276820.0
2227,25,3,26.4689,96.92376,Mixed,Masonry,4,1954,31,303.6,Dilapidated,Medium,2786507.0
2228,27,3,25.13022,90.7006,Industrial,Steel,4,2023,50,25.7,Fair,Negligible,379416.0
2229,30,3,25.57442,92.49456,Residential,Steel,5,1965,12,448.7,Good,Negligible,1719993.0
2230,25,3,26.4898,96.77572,Institutional,Kutcha,5,1985,44,255.7,Fair,Medium,908310.0
2231,61,8,26.87231,90.23792,Industrial,Kutcha,2,1999,20,115.0,Fair,High,333717.0
2232,9,1,27.46773,93.31361,Commercial,Reinforced Concrete,2,2019,41,359.6,Poor,Negligible,2167181.0
2233,31,3,27.76339,95.52291,Institutional,Timber,4,1962,4,382.9,Dilapidated,Negligible,2690557.0
2234,32,3,25.31475,96.00751,Institutional,Steel,5,1996,6,438.3,Poor,Low,3488789.0
2235,17,2,23.92411,93.017,Residential,Steel,4,1984,29,202.5,Poor,Low,738738.0
2236,15,2,27.06358,98.66684,Mixed,Steel,2,1985,15,314.7,Poor,High,1815499.0
2237,21,2,24.05358,99.51252,Institutional,Reinforced Concrete,5,2015,10,250.0,Fair,High,63957.0
2238,44,5,29.47609,98.71114,Residential,Timber,5,1977,8,55.0,Poor,Medium,1054648.0
2239,34,4,25.84697,97.59781,Industrial,Steel,5,1980,47,226.4,Fair,Negligible,1219647.0
2240,24,3,24.12334,99.39184,Mixed,Reinforced Concrete,5,1990,11,82.6,Dilapidated,High,4468681.0
2241,20,2,23.40294,93.44121,Commercial,Kutcha,5,1987,4,373.9,Good,High,4761722.0
2242,20,2,23.31682,93.56583,Industrial,Kutcha,1,2004,9,265.6,Good,Negligible,1377983.0
2243,59,8,25.4562,92.48766,Commercial,Reinforced Concrete,5,1972,17,250.8,Dilapidated,Low,2697583.0
2244,36,4,25.46276,90.58016,Commercial,Reinforced Concrete,4,2015,32,298.3,Poor,Medium,4628912.0
2245,26,3,24.02014,90.32706,Commercial,Kutcha,4,2021,34,493.5,Good,Negligible,498284.0
2246,26,3,23.75387,90.1967,Residential,Steel,2,1969,39,115.2,Poor,Low,1605241.0
2247,54,6,29.4777,91.81243,Commercial,Steel,1,2022,44,34.3,Fair,Low,4420811.0
2248,45,5,28.88384,95.21386,Institutional,Kutcha,6,2007,32,218.1,Poor,High,3564334.0
2249,52,6,28.6906,99.70011,Industrial,Steel,4,2011,22,253.5,Good,Medium,1592253.0
2250,50,6,23.85324,92.3588,Institutional,Kutcha,5,1985,21,270.2,Poor,Medium,495847.0
2251,35,4,23.38353,91.57971,Residential,Kutcha,6,1955,18,408.8,Poor,High,3632844.0
2252,39,4,27.24245,91.33845,Commercial,Masonry,4,1959,9,56.2,Good,Low,1947305.0
2253,16,2,23.56891,90.52453,Mixed,Masonry,6,2007,15,78.8,Dilapidated,Negligible,214110.0
2254,9,1,27.57163,93.36036,Industrial,Timber,6,2014,39,159.4,Dilapidated,High,3579693.0
2255,62,8,26.8758,92.18545,Industrial,Timber,1,2021,34,98.2,Good,Negligible,1236269.0
2256,4,1,26.74139,90.39905,Institutional,Steel,1,1987,50,61.1,Dilapidated,Negligible,1390262.0
2257,42,5,22.15192,97.22308,Residential,Kutcha,3,2015,4,259.0,Fair,Negligible,3994389.0
2258,22,2,22.75664,96.32131,Commercial,Steel,3,1958,43,370.0,Poor,Medium,104894.0
2259,40,5,27.88014,97.52575,Commercial,Timber,3,1959,27,304.1,Good,Negligible,2054182.0
2260,1,1,27.1917,90.44273,Commercial,Timber,5,1986,22,498.4,Fair,Negligible,4083047.0
2261,13,2,26.15725,99.66939,Industrial,Timber,5,1983,15,342.2,Dilapidated,High,1515354.0
2262,31,3,28.09073,95.54849,Residential,Masonry,5,1975,45,453.6,Dilapidated,Medium,1972291.0
2263,58,7,27.23816,94.56757,Institutional,Masonry,4,1997,30,237.3,Good,Low,4196904.0
2264,50,6,23.76263,92.4474,Residential,Kutcha,6,2020,20,106.6,Dilapidated,High,2225781.0
2265,47,6,29.73429,99.06684,Mixed,Reinforced Concrete,4,2009,28,264.0,Poor,Negligible,4879601.0
2266,50,6,24.05951,92.32582,Institutional,Timber,5,2021,39,192.7,Dilapidated,Medium,524007.0
2267,51,6,29.74505,90.99704,Industrial,Timber,2,1992,49,262.8,Poor,Medium,3952558.0
2268,39,4,27.54981,91.28256,Industrial,Steel,1,1950,8,433.4,Good,High,3316032.0
2269,41,5,23.07744,94.47336,Industrial,Steel,1,2003,31,214.9,Fair,High,1538098.0
2270,35,4,23.12471,91.77078,Commercial,Kutcha,5,1996,17,72.3,Fair,Low,3657799.0
2271,34,4,25.85262,97.68973,Institutional,Masonry,3,2002,27,257.0,Good,Medium,41973.0
2272,10,1,23.55593,97.74699,Residential,Kutcha,6,2015,23,287.4,Poor,High,1322595.0
2273,32,3,25.36889,95.80817,Industrial,Timber,5,1982,21,344.7,Good,High,4362734.0
2274,3,1,27.29522,99.07109,Residential,Masonry,2,2010,27,445.6,Good,Medium,2101683.0
2275,58,7,27.18163,94.25147,Commercial,Masonry,5,2003,42,250.4,Poor,High,3884588.0
2276,42,5,22.2139,97.11517,Industrial,Kutcha,2,2006,21,488.7,Good,Low,2788859.0
2277,48,6,26.61745,94.94292,Institutional,Masonry,5,2023,48,288.5,Poor,High,117419.0
2278,54,6,29.71803,91.68347,Industrial,Masonry,1,1995,35,254.3,Poor,Negligible,1626099.0
2279,12,1,26.90925,98.13386,Institutional,Kutcha,6,1990,27,373.6,Fair,Negligible,4554861.0
2280,30,3,25.72708,92.82806,Institutional,Timber,6,1951,34,474.6,Fair,Negligible,4075100.0
2281,1,1,26.96976,90.29671,Residential,Masonry,3,1983,18,147.2,Good,High,3179445.0
2282,31,3,28.00502,95.56972,Commercial,Reinforced Concrete,5,1955,21,264.7,Dilapidated,High,4419337.0
2283,8,1,24.13067,98.73739,Mixed,Masonry,1,1950,28,336.6,Fair,Low,3880478.0
2284,13,2,26.23604,99.84894,Commercial,Steel,2,1998,17,360.0,Poor,Low,356838.0
2285,59,8,25.75699,92.30876,Residential,Kutcha,3,1966,42,480.1,Dilapidated,Negligible,4840321.0
2286,20,2,23.22132,93.67312,Commercial,Kutcha,2,1990,7,64.6,Dilapidated,High,991660.0
2287,55,7,29.15471,94.23816,Mixed,Kutcha,2,1978,27,465.2,Good,High,2324164.0
2288,24,3,24.12759,99.24206,Mixed,Reinforced Concrete,3,1954,35,225.8,Good,Low,1852394.0
2289,20,2,23.19531,93.59847,Institutional,Masonry,1,1990,49,486.6,Dilapidated,Medium,3492297.0
2290,48,6,26.63048,94.78754,Industrial,Masonry,2,1972,43,441.3,Dilapidated,Medium,64705.0
2291,35,4,23.40619,91.51094,Mixed,Timber,2,1951,21,414.3,Dilapidated,High,3392548.0
2292,60,8,24.88744,95.68388,Institutional,Timber,3,1996,9,107.9,Dilapidated,High,1071131.0
2293,32,3,25.61627,95.9695,Residential,Timber,5,2022,24,232.3,Poor,High,3123532.0
2294,52,6,28.48904,99.75954,Industrial,Steel,4,2004,11,467.7,Poor,Negligible,4609517.0
2295,4,1,26.77128,90.24978,Industrial,Timber,1,1995,23,136.8,Poor,Medium,2267324.0
2296,36,4,25.51824,90.5043,Residential,Reinforced Concrete,3,1954,49,339.3,Good,Medium,1582621.0
2297,30,3,25.82905,92.78846,Industrial,Timber,1,1994,1,130.1,Good,Low,4045057.0
2298,2,1,24.05048,91.5872,Industrial,Masonry,4,1990,32,471.2,Dilapidated,High,2380559.0
2299,44,5,29.30149,98.88949,Commercial,Steel,4,2021,9,225.9,Dilapidated,Medium,3910631.0
2300,61,8,26.90649,89.87242,Institutional,Reinforced Concrete,4,2019,28,399.9,Dilapidated,Medium,3234074.0
2301,38,4,29.78919,98.79322,Industrial,Masonry,1,2020,31,419.0,Fair,High,4731021.0
2302,38,4,29.93647,98.73702,Residential,Masonry,4,1977,5,428.6,Fair,Medium,330402.0
2303,35,4,23.13687,91.48631,Industrial,Reinforced Concrete,3,1989,1,150.7,Dilapidated,Negligible,4239069.0
2304,56,7,29.36817,97.47122,Institutional,Steel,3,1988,27,262.3,Poor,High,3171092.0
2305,42,5,21.87592,97.19065,Industrial,Masonry,4,1979,22,368.6,Good,High,10494.0
2306,56,7,29.33797,97.54646,Institutional,Steel,5,2003,27,323.6,Fair,Medium,503238.0
2307,11,1,22.76669,90.99262,Mixed,Steel,4,1959,11,181.2,Poor,Low,2686712.0
2308,18,2,28.95413,98.4896,Commercial,Kutcha,4,1963,39,139.3,Good,Medium,2375674.0
2309,32,3,25.45679,95.64561,Industrial,Timber,3,1963,13,98.8,Poor,High,4458789.0
2310,55,7,29.14993,94.37887,Mixed,Steel,2,2011,41,141.4,Dilapidated,Negligible,2100215.0
2311,41,5,23.02771,94.36015,Industrial,Reinforced Concrete,1,2021,29,441.2,Good,Medium,2795880.0
2312,28,3,29.156,92.94872,Mixed,Reinforced Concrete,6,1975,33,172.9,Dilapidated,Negligible,1751619.0
2313,34,4,25.80079,97.35981,Commercial,Kutcha,3,1964,5,31.7,Good,High,535664.0
2314,62,8,27.18288,92.45064,Industrial,Steel,3,1995,16,121.4,Fair,Medium,3233417.0
2315,56,7,29.61235,97.74754,Industrial,Reinforced Concrete,1,2004,14,387.5,Dilapidated,Negligible,4851355.0
2316,35,4,23.07135,91.64822,Institutional,Timber,2,2011,8,189.1,Dilapidated,Low,2182159.0
2317,4,1,26.92165,90.41357,Industrial,Steel,6,2014,42,64.4,Good,Negligible,3169572.0
2318,41,5,22.74385,94.35281,Institutional,Timber,1,2012,16,81.0,Poor,High,4187710.0
2319,13,2,26.22162,99.87788,Mixed,Masonry,4,2008,40,337.7,Poor,Negligible,140842.0
2320,52,6,28.49343,99.71824,Institutional,Reinforced Concrete,1,2013,14,484.1,Dilapidated,Low,4899735.0
2321,16,2,23.39304,90.61364,Residential,Kutcha,2,1985,45,270.0,Fair,Negligible,3434528.0
2322,47,6,29.52157,99.16027,Institutional,Timber,3,1974,29,280.0,Poor,Medium,3672342.0
2323,5,1,23.66825,95.09945,Mixed,Steel,1,2012,23,40.6,Dilapidated,Medium,171221.0
2324,27,3,25.24723,90.85308,Industrial,Reinforced Concrete,6,2007,16,494.5,Poor,Medium,174911.0
2325,56,7,29.53301,97.59582,Institutional,Masonry,6,1950,36,273.9,Fair,High,4275756.0
2326,36,4,25.23597,90.79705,Residential,Steel,5,1982,22,84.2,Poor,High,3805238.0
2327,57,7,23.41735,93.1104,Residential,Steel,3,1973,8,414.9,Good,Low,4640759.0
2328,34,4,26.02372,97.47076,Residential,Timber,2,2022,27,234.4,Fair,Low,2144360.0
2329,17,2,23.93325,92.92705,Industrial,Masonry,5,2015,10,233.6,Poor,Low,1726880.0
2330,51,6,29.69271,90.83132,Residential,Reinforced Concrete,6,1979,48,406.0,Good,High,1003710.0
2331,35,4,23.13081,91.65748,Industrial,Kutcha,1,1971,22,68.4,Fair,Negligible,4907069.0
2332,39,4,27.45065,90.95356,Mixed,Kutcha,2,1963,21,355.5,Poor,Negligible,1886262.0
2333,34,4,26.14265,97.69562,Mixed,Timber,1,1995,13,386.7,Good,High,4773334.0
2334,59,8,25.57431,92.39801,Residential,Kutcha,1,2005,2,66.2,Fair,Negligible,4419113.0
2335,51,6,29.49872,90.8642,Commercial,Reinforced Concrete,6,1963,11,249.3,Dilapidated,Low,1094311.0
2336,49,6,29.28275,98.88457,Institutional,Steel,1,2015,36,385.6,Fair,High,1237747.0
2337,45,5,28.83606,95.11049,Industrial,Masonry,1,2022,6,232.2,Fair,Low,3526099.0
2338,37,4,26.86947,94.64924,Residential,Masonry,4,2012,19,67.0,Fair,Low,4651771.0
2339,6,1,26.4202,96.96614,Institutional,Timber,6,2011,13,46.8,Fair,Medium,3035562.0
2340,41,5,22.74099,94.51992,Residential,Steel,2,1989,13,182.9,Poor,Low,1961838.0
2341,21,2,24.23131,99.26732,Institutional,Steel,5,1954,15,239.2,Dilapidated,Negligible,2467095.0
2342,32,3,25.47799,95.82068,Mixed,Steel,3,2010,48,64.9,Poor,Negligible,1876596.0
2343,10,1,23.66181,97.58546,Residential,Steel,5,2011,1,107.4,Dilapidated,Negligible,3831593.0
2344,25,3,26.3051,97.03688,Commercial,Masonry,1,1953,15,319.9,Good,Medium,2752755.0
2345,11,1,22.63953,90.92739,Mixed,Masonry,5,1950,3,32.5,Good,Medium,3315304.0
2346,34,4,26.04118,97.59701,Institutional,Steel,2,2010,18,458.7,Poor,Low,1343662.0
2347,19,2,24.17024,96.41959,Commercial,Kutcha,6,2017,50,481.2,Dilapidated,Negligible,2909623.0
2348,19,2,24.2883,96.2804,Mixed,Steel,6,1978,39,169.7,Dilapidated,Negligible,3472707.0
2349,50,6,23.96472,92.52463,Institutional,Reinforced Concrete,1,1965,40,269.0,Good,High,1519426.0
2350,62,8,26.93252,92.16088,Commercial,Reinforced Concrete,6,1977,9,315.7,Good,Medium,3991621.0
2351,54,6,29.4457,91.77166,Mixed,Timber,4,2017,43,37.9,Fair,Medium,4659462.0
2352,60,8,24.56113,95.72858,Industrial,Kutcha,2,1974,7,453.0,Good,Low,850493.0
2353,26,3,23.91306,90.19785,Residential,Kutcha,3,1956,50,400.2,Good,Low,857632.0
2354,1,1,26.96975,90.15028,Industrial,Masonry,5,2007,20,397.2,Dilapidated,Medium,4197976.0
2355,25,3,26.38543,96.95653,Commercial,Masonry,3,2007,14,333.2,Fair,Medium,1627821.0
2356,23,3,27.78478,91.65151,Institutional,Timber,3,2013,16,393.2,Good,Low,3595137.0
2357,14,2,22.45686,92.95227,Commercial,Kutcha,6,1989,21,212.4,Fair,Low,4179362.0
2358,22,2,22.71451,96.47455,Residential,Steel,2,1971,27,217.2,Dilapidated,Negligible,2101935.0
2359,24,3,24.061,99.21318,Mixed,Reinforced Concrete,1,1987,17,447.1,Poor,High,3090671.0
2360,19,2,24.15344,96.49065,Industrial,Reinforced Concrete,3,1969,35,173.5,Good,Low,2639477.0
2361,56,7,29.58537,97.43474,Commercial,Steel,6,1957,31,266.4,Dilapidated,Negligible,3906528.0
2362,41,5,22.9654,94.36699,Institutional,Timber,3,2005,18,285.2,Good,Negligible,2046114.0
2363,3,1,27.23286,99.10056,Commercial,Kutcha,3,1958,22,433.4,Dilapidated,Low,3932452.0
2364,45,5,28.63224,95.0037,Industrial,Reinforced Concrete,5,1950,11,449.7,Good,Low,2506848.0
2365,24,3,24.00267,99.17957,Industrial,Masonry,4,2017,47,257.7,Good,High,2233000.0
2366,28,3,28.97297,93.09139,Commercial,Steel,6,2002,23,169.1,Poor,Medium,3203898.0
2367,21,2,24.12186,99.38228,Industrial,Masonry,5,2017,16,416.7,Fair,Low,4453528.0
2368,55,7,29.01728,94.38541,Institutional,Timber,4,1987,38,18.6,Dilapidated,Low,3961429.0
2369,32,3,25.51791,95.80827,Commercial,Masonry,4,1969,35,222.4,Dilapidated,Low,3965366.0
2370,16,2,23.39997,90.85873,Institutional,Timber,5,1963,38,367.4,Good,Negligible,250462.0
2371,20,2,23.4465,93.4083,Institutional,Kutcha,6,1969,5,420.3,Dilapidated,Low,2811438.0
2372,15,2,26.8839,98.58525,Institutional,Reinforced Concrete,1,1999,33,283.5,Dilapidated,High,557940.0
2373,19,2,24.36215,96.41756,Commercial,Reinforced Concrete,2,2008,26,185.0,Good,Negligible,4430864.0
2374,1,1,27.31362,90.37304,Industrial,Masonry,3,1998,12,122.8,Dilapidated,Low,2623185.0
2375,43,5,29.7763,97.72489,Institutional,Kutcha,1,2011,3,370.8,Good,Medium,2671282.0
2376,35,4,23.41335,91.78686,Institutional,Timber,3,1958,2,406.1,Fair,Low,4207936.0
2377,17,2,23.91124,92.9181,Industrial,Timber,5,1963,37,364.1,Dilapidated,High,559921.0
2378,33,4,23.73348,99.79383,Residential,Timber,4,2015,29,15.5,Fair,Negligible,530972.0
2379,49,6,29.39808,98.98545,Commercial,Kutcha,3,1977,46,75.5,Fair,Medium,4986019.0
2380,58,7,27.31942,94.24354,Commercial,Steel,1,1999,44,52.1,Fair,Low,1008073.0
2381,33,4,23.74574,100.09152,Commercial,Steel,6,2008,26,447.1,Poor,Negligible,4613482.0
2382,27,3,25.17025,90.47138,Residential,Steel,1,1978,29,240.1,Fair,Medium,2964535.0
2383,18,2,28.6588,98.65167,Mixed,Masonry,2,1975,38,218.9,Poor,Low,1637190.0
2384,33,4,23.69689,100.11855,Residential,Timber,1,1968,38,38.1,Dilapidated,High,423080.0
2385,53,6,28.26795,91.47598,Residential,Timber,6,2013,36,367.9,Good,Medium,4406435.0
2386,41,5,22.93592,94.17266,Industrial,Masonry,6,1992,42,141.1,Good,Medium,2522731.0
2387,39,4,27.55902,91.31142,Residential,Timber,5,1965,29,78.3,Dilapidated,High,3949500.0
2388,43,5,29.82793,97.64115,Industrial,Steel,4,2012,18,55.5,Dilapidated,Low,3331534.0
2389,31,3,27.97819,95.32593,Mixed,Kutcha,5,2012,2,376.1,Fair,Low,2454726.0
2390,14,2,22.48741,93.07766,Institutional,Steel,2,1998,47,386.2,Fair,Medium,3016785.0
2391,54,6,29.66532,91.58472,Mixed,Steel,3,2004,45,434.9,Dilapidated,High,3777590.0
2392,10,1,23.87839,97.78233,Industrial,Timber,5,1963,29,203.6,Good,Low,450276.0
2393,22,2,22.56315,96.17224,Mixed,Kutcha,5,1999,28,395.3,Good,Medium,632951.0
2394,17,2,23.85693,92.707,Mixed,Steel,1,1995,42,213.4,Good,Low,4860866.0
2395,16,2,23.41573,90.5119,Institutional,Kutcha,2,2004,49,295.5,Good,High,1734779.0
2396,24,3,24.0076,99.24591,Commercial,Kutcha,5,1979,1,349.1,Poor,Negligible,1629106.0
2397,20,2,23.17164,93.39287,Institutional,Steel,4,1976,39,481.3,Fair,Low,4389917.0
2398,8,1,24.28834,98.71532,Industrial,Masonry,1,1963,26,284.0,Poor,Low,3370299.0
2399,27,3,25.14449,90.8464,Industrial,Masonry,2,1959,10,46.3,Dilapidated,Low,4627639.0
2400,48,6,26.84217,94.81809,Industrial,Kutcha,6,1955,13,213.4,Fair,Negligible,4589070.0
2401,58,7,27.10462,94.57802,Residential,Kutcha,5,1993,23,38.3,Fair,High,1217985.0
2402,9,1,27.68376,93.50315,Industrial,Masonry,2,1988,37,284.6,Fair,High,4899767.0
2403,51,6,29.39912,91.04729,Industrial,Reinforced Concrete,5,1989,11,74.2,Fair,Low,3858332.0
2404,44,5,29.17782,98.75143,Residential,Steel,6,1954,50,45.8,Dilapidated,Negligible,3497218.0
2405,57,7,23.79035,93.17022,Industrial,Kutcha,4,2022,41,354.1,Fair,Negligible,580026.0
2406,14,2,22.5049,93.01884,Institutional,Masonry,6,1969,18,128.3,Good,Medium,999993.0
2407,27,3,25.16694,90.75221,Industrial,Kutcha,5,1990,10,93.3,Fair,Medium,4583422.0
2408,57,7,23.72644,93.00967,Industrial,Reinforced Concrete,1,1962,35,160.3,Dilapidated,Negligible,1070017.0
2409,24,3,24.16414,99.13963,Industrial,Timber,3,1954,30,139.9,Good,Medium,533106.0
2410,38,4,29.92334,98.64738,Institutional,Reinforced Concrete,6,2015,12,403.6,Fair,Negligible,4432291.0
2411,58,7,27.15794,94.27257,Residential,Reinforced Concrete,3,1958,39,270.7,Poor,Medium,33487.0
2412,5,1,23.58131,95.07163,Residential,Masonry,6,1990,21,410.2,Dilapidated,Negligible,4468316.0
2413,6,1,26.654,97.05655,Industrial,Steel,2,2004,23,139.7,Good,High,2926865.0
2414,17,2,23.83526,92.75723,Mixed,Kutcha,2,2001,42,444.9,Good,Negligible,1361786.0
2415,9,1,27.64179,93.51606,Mixed,Steel,4,1950,46,282.1,Poor,Low,3810556.0
2416,37,4,26.59037,94.60898,Residential,Kutcha,4,1980,32,275.1,Poor,Medium,2335204.0
2417,21,2,24.05159,99.17369,Mixed,Reinforced Concrete,3,1987,28,31.4,Poor,Low,2354569.0
2418,10,1,23.60487,97.45131,Residential,Steel,4,1993,45,164.1,Good,Negligible,4940651.0
2419,38,4,29.62344,98.5862,Residential,Masonry,4,1958,2,350.1,Dilapidated,Low,4114935.0
2420,54,6,29.65797,91.66643,Institutional,Reinforced Concrete,4,2020,9,81.0,Good,Low,1555852.0
2421,51,6,29.45253,90.73717,Commercial,Timber,4,1962,44,299.0,Good,Medium,3241358.0
2422,45,5,28.55946,95.24247,Industrial,Steel,4,2022,13,306.3,Dilapidated,Negligible,4344606.0
2423,24,3,24.28596,99.12496,Commercial,Reinforced Concrete,5,1988,12,16.8,Dilapidated,Negligible,1962618.0
2424,12,1,26.97913,98.27129,Institutional,Timber,1,1995,30,150.9,Dilapidated,Negligible,4057965.0
2425,46,5,23.17716,97.77724,Institutional,Reinforced Concrete,1,1985,48,107.6,Dilapidated,High,745252.0
2426,60,8,24.76959,95.99438,Industrial,Kutcha,2,1975,1,212.9,Fair,Medium,608078.0
2427,4,1,26.59241,90.25141,Mixed,Kutcha,1,1952,32,277.0,Good,Medium,3143441.0
2428,18,2,28.70794,98.86191,Mixed,Steel,2,2016,48,148.4,Dilapidated,Medium,2593099.0
2429,23,3,27.71483,91.83337,Residential,Kutcha,4,2009,48,182.6,Good,Low,551044.0
2430,25,3,26.35657,96.6936,Mixed,Timber,5,1962,27,20.8,Poor,High,822507.0
2431,41,5,22.97329,94.49008,Residential,Kutcha,2,1965,50,93.6,Poor,Negligible,2881640.0
2432,22,2,22.64344,96.16401,Institutional,Reinforced Concrete,5,2012,3,277.0,Poor,Medium,3039831.0
2433,38,4,29.87926,98.76187,Residential,Reinforced Concrete,5,2009,44,271.7,Poor,High,4297084.0
2434,28,3,29.04244,93.14225,Institutional,Masonry,5,2014,10,235.0,Dilapidated,High,383120.0
2435,38,4,29.67658,98.58507,Institutional,Kutcha,3,1957,33,334.5,Fair,Negligible,41051.0
2436,13,2,26.22798,99.83284,Residential,Masonry,2,2008,3,91.2,Dilapidated,Low,982479.0
2437,59,8,25.51647,92.41757,Commercial,Steel,3,1955,35,334.5,Poor,Negligible,4653861.0
2438,32,3,25.60083,95.87258,Mixed,Masonry,6,2010,35,393.1,Fair,High,4342733.0
2439,14,2,22.54121,93.06409,Commercial,Masonry,1,1960,5,412.2,Poor,Negligible,1756933.0
2440,9,1,27.60047,93.60093,Commercial,Timber,4,1980,34,320.3,Dilapidated,Low,685795.0
2441,46,5,23.0279,97.79567,Commercial,Masonry,3,1997,23,378.9,Poor,Medium,750114.0
2442,50,6,24.0534,92.55994,Mixed,Masonry,6,1969,37,351.5,Good,Medium,4978579.0
2443,10,1,23.90326,97.49734,Residential,Steel,3,2006,41,237.6,Poor,Negligible,2575756.0
2444,23,3,27.93846,91.52611,Residential,Reinforced Concrete,1,1958,34,364.5,Poor,Negligible,2041372.0
2445,38,4,29.93444,98.60651,Institutional,Reinforced Concrete,3,2016,8,219.1,Poor,Medium,4546852.0
2446,13,2,26.15328,99.8038,Residential,Steel,3,1958,8,176.9,Good,High,1329508.0
2447,45,5,28.66454,94.92441,Institutional,Masonry,3,1957,37,302.0,Dilapidated,Low,2179914.0
2448,26,3,23.7336,90.43268,Residential,Reinforced Concrete,2,1990,35,499.1,Poor,Negligible,3500388.0
2449,45,5,28.84706,94.91458,Mixed,Kutcha,6,1994,14,477.2,Fair,Negligible,1083504.0
2450,39,4,27.28832,90.97505,Residential,Masonry,1,1970,4,454.9,Poor,Medium,5501.0
2451,43,5,29.83405,97.48711,Mixed,Timber,3,1973,19,157.8,Dilapidated,Negligible,2586880.0
2452,16,2,23.50447,90.64882,Commercial,Timber,4,2022,28,348.6,Good,Low,1239798.0
2453,17,2,23.98377,92.86487,Commercial,Steel,6,1981,39,232.4,Dilapidated,Low,1145583.0
2454,24,3,24.14273,99.33925,Commercial,Reinforced Concrete,4,2008,39,75.5,Good,Negligible,4266175.0
2455,62,8,27.00055,92.4871,Commercial,Reinforced Concrete,4,1967,2,258.0,Fair,High,3976318.0
2456,38,4,29.67769,98.68492,Mixed,Timber,2,1993,29,63.9,Dilapidated,Medium,4920103.0
2457,45,5,28.77882,94.96965,Institutional,Timber,4,1984,17,431.3,Poor,High,715342.0
2458,37,4,26.76483,94.63299,Residential,Timber,6,1957,28,122.9,Dilapidated,Negligible,3766019.0
2459,3,1,27.24144,99.11516,Residential,Kutcha,5,1969,18,336.7,Poor,High,3993306.0
2460,5,1,23.91497,95.16444,Commercial,Reinforced Concrete,4,1998,42,321.8,Good,Low,1415338.0
2461,30,3,25.81332,92.64466,Residential,Kutcha,5,2008,49,420.1,Poor,High,3948794.0
2462,16,2,23.66966,90.72439,Commercial,Masonry,5,1990,7,421.1,Fair,High,3327363.0
2463,8,1,24.21004,98.50389,Mixed,Timber,4,1993,19,211.7,Dilapidated,Medium,940281.0
2464,7,1,26.25507,92.00906,Mixed,Timber,1,1995,5,336.3,Good,High,93146.0
2465,42,5,22.19488,97.34078,Residential,Steel,2,1990,4,462.6,Poor,High,2806263.0
2466,26,3,23.92214,90.48592,Industrial,Steel,2,1996,13,62.3,Good,Negligible,1389775.0
2467,16,2,23.73694,90.69821,Institutional,Masonry,1,1986,39,401.1,Good,Negligible,4968258.0
2468,22,2,22.50579,96.18498,Mixed,Reinforced Concrete,2,2016,16,318.3,Good,High,4088653.0
2469,59,8,25.51254,92.58811,Industrial,Kutcha,5,1983,30,328.0,Good,High,52508.0
2470,30,3,25.58675,92.84149,Residential,Steel,3,2012,26,155.7,Poor,High,2300567.0
2471,59,8,25.42107,92.59482,Commercial,Kutcha,4,1976,4,299.1,Poor,Medium,4730692.0
2472,55,7,29.0375,94.31377,Residential,Kutcha,1,1974,11,264.1,Fair,Low,2567405.0
2473,35,4,23.27228,91.44854,Mixed,Timber,5,2014,4,248.0,Poor,Negligible,4987101.0
2474,28,3,28.97002,92.99466,Institutional,Reinforced Concrete,2,2008,25,77.1,Fair,High,2743645.0
2475,22,2,22.49576,96.38064,Institutional,Reinforced Concrete,6,1979,50,294.7,Good,Low,3075181.0
2476,43,5,29.60055,97.74792,Commercial,Kutcha,2,1966,19,410.5,Dilapidated,Negligible,4289191.0
2477,36,4,25.20575,90.73042,Institutional,Reinforced Concrete,4,2005,3,281.8,Poor,Medium,3885606.0
2478,17,2,23.70517,93.01812,Industrial,Kutcha,5,1992,8,208.2,Dilapidated,High,3289056.0
2479,7,1,26.20378,92.1321,Institutional,Masonry,1,2014,16,354.1,Fair,Medium,790023.0
2480,2,1,23.99212,91.53921,Industrial,Timber,3,1957,47,48.0,Poor,Low,876885.0
2481,30,3,25.50758,92.80471,Institutional,Reinforced Concrete,5,1988,25,126.4,Poor,Negligible,818621.0
2482,20,2,23.2081,93.59629,Commercial,Masonry,5,1959,49,399.7,Fair,High,4048819.0
2483,38,4,29.92852,98.6185,Residential,Masonry,1,2000,48,422.3,Dilapidated,Medium,3583769.0
2484,49,6,29.36467,98.9847,Residential,Timber,4,1980,14,187.9,Good,Negligible,791692.0
2485,29,3,25.82865,98.73361,Mixed,Timber,1,1959,33,116.5,Dilapidated,High,3747812.0
2486,33,4,23.69878,99.8307,Commercial,Timber,3,1953,11,471.1,Poor,High,1564843.0
2487,25,3,26.55589,96.84985,Commercial,Kutcha,5,1974,30,288.3,Fair,High,149344.0
2488,49,6,29.39514,98.82003,Residential,Reinforced Concrete,3,1969,13,244.3,Dilapidated,Medium,2648636.0
2489,23,3,27.72635,91.81888,Industrial,Masonry,4,2018,40,238.2,Good,Negligible,4859480.0
2490,20,2,23.40018,93.61327,Commercial,Steel,6,1965,5,216.2,Fair,Medium,2190887.0
2491,54,6,29.63774,91.84939,Institutional,Reinforced Concrete,3,1975,46,48.2,Poor,High,3906818.0
2492,9,1,27.45846,93.41588,Commercial,Timber,3,1980,35,314.2,Poor,Low,893227.0
2493,18,2,28.69278,98.77774,Institutional,Reinforced Concrete,6,2002,33,170.0,Good,Negligible,1390383.0
2494,60,8,24.5913,96.05263,Mixed,Steel,5,1996,19,346.7,Fair,Negligible,4779676.0
2495,21,2,24.11036,99.31397,Commercial,Masonry,1,1993,21,178.9,Good,Low,1222573.0
2496,1,1,27.31021,90.37365,Mixed,Timber,2,2011,7,190.0,Dilapidated,Low,342282.0
2497,14,2,22.63586,93.04205,Industrial,Timber,4,1977,1,203.3,Poor,Negligible,927412.0
2498,57,7,23.58412,93.11575,Residential,Steel,4,1967,15,339.8,Fair,Negligible,3017302.0
2499,22,2,22.4261,96.48743,Mixed,Steel,2,1961,47,221.0,Dilapidated,Low,4009299.0
2500,12,1,26.67483,98.03853,Industrial,Masonry,5,1963,47,205.4,Dilapidated,Low,1522715.0
2501,3,1,27.32483,98.76327,Industrial,Masonry,4,1964,13,349.4,Good,High,2372127.0
2502,6,1,26.57305,97.266,Commercial,Kutcha,4,1978,25,459.0,Good,Low,2440051.0
2503,8,1,24.18071,98.57154,Residential,Masonry,5,2020,18,427.6,Good,Low,2463613.0
2504,17,2,23.75549,92.94155,Commercial,Timber,5,1969,39,297.4,Good,Negligible,2248108.0
2505,4,1,26.57997,90.25314,Industrial,Kutcha,4,1998,15,465.6,Good,Negligible,1363891.0
2506,16,2,23.49458,90.70587,Commercial,Timber,1,2018,5,446.4,Fair,High,4220700.0
2507,50,6,23.73876,92.46428,Mixed,Steel,2,1968,31,331.3,Dilapidated,Negligible,4730678.0
2508,7,1,26.31565,92.29008,Industrial,Timber,2,1978,27,402.5,Fair,Negligible,2426626.0
2509,8,1,24.2449,98.82536,Commercial,Reinforced Concrete,5,2009,24,232.6,Poor,High,1543851.0
2510,51,6,29.71485,90.87657,Mixed,Reinforced Concrete,5,1992,36,498.2,Poor,High,3278460.0
2511,40,5,28.04317,97.72538,Residential,Timber,1,2006,25,354.1,Good,Negligible,1952982.0
2512,41,5,22.70965,94.17629,Institutional,Masonry,5,1964,12,79.9,Good,Negligible,962562.0
2513,50,6,23.72639,92.5843,Commercial,Steel,5,1990,19,33.5,Fair,High,2683638.0
2514,19,2,24.39854,96.20926,Residential,Steel,2,1982,14,72.6,Dilapidated,Low,1022234.0
2515,6,1,26.47358,97.10365,Residential,Reinforced Concrete,3,2023,38,36.8,Poor,Low,998763.0
2516,35,4,23.41786,91.53995,Residential,Timber,5,1960,13,267.0,Good,Negligible,4024203.0
2517,60,8,24.52685,95.92014,Residential,Reinforced Concrete,1,1981,39,395.5,Good,Low,2011103.0
2518,59,8,25.60381,92.56199,Institutional,Steel,6,1988,13,38.6,Poor,Low,56054.0
2519,20,2,23.41759,93.43112,Industrial,Steel,3,2000,2,294.0,Good,Negligible,3686208.0
2520,36,4,25.46989,90.51703,Residential,Timber,1,2018,49,360.0,Good,Low,1156214.0
2521,45,5,28.59933,95.08367,Residential,Steel,3,1993,19,238.0,Poor,Low,2718016.0
2522,11,1,22.63734,90.92275,Industrial,Kutcha,4,1965,12,438.2,Fair,Medium,3256077.0
2523,9,1,27.41169,93.23705,Residential,Steel,2,2005,43,197.1,Dilapidated,High,27965.0
2524,51,6,29.60254,90.9621,Mixed,Kutcha,1,2002,26,455.6,Dilapidated,Negligible,4902296.0
2525,55,7,28.81295,94.41628,Residential,Masonry,3,1960,21,401.5,Poor,High,1583650.0
2526,10,1,23.8581,97.67709,Industrial,Reinforced Concrete,6,1975,50,16.7,Fair,Medium,362840.0
2527,46,5,23.16928,97.82003,Residential,Masonry,1,1997,40,52.9,Poor,High,2742448.0
2528,14,2,22.59455,93.10947,Institutional,Timber,5,2014,26,194.0,Good,Medium,2790101.0
2529,23,3,27.73552,91.69102,Industrial,Reinforced Concrete,6,1989,45,415.7,Dilapidated,Low,2679370.0
2530,7,1,26.20437,92.35809,Mixed,Reinforced Concrete,6,1967,32,170.6,Fair,Negligible,854089.0
2531,3,1,27.29785,98.84566,Mixed,Timber,4,1986,31,192.0,Dilapidated,High,661697.0
2532,58,7,27.3845,94.24099,Residential,Kutcha,4,1950,43,290.9,Dilapidated,Negligible,776775.0
2533,55,7,29.05797,94.29868,Residential,Timber,1,1987,39,446.0,Good,Negligible,183232.0
2534,27,3,25.03802,90.78968,Residential,Kutcha,1,2012,14,484.3,Fair,Medium,3595120.0
2535,9,1,27.4795,93.36164,Residential,Timber,4,1994,5,124.7,Good,Medium,2280392.0
2536,18,2,28.67451,98.5067,Commercial,Masonry,6,2007,46,222.7,Poor,Medium,4451282.0
2537,24,3,24.15091,99.09734,Industrial,Reinforced Concrete,1,1998,35,127.1,Fair,Negligible,3734902.0
2538,13,2,26.19142,99.79312,Commercial,Masonry,1,2006,20,197.0,Poor,High,1870164.0
2539,18,2,28.78347,98.63029,Mixed,Masonry,3,1952,30,400.9,Fair,Negligible,361226.0
2540,12,1,26.91561,98.26466,Mixed,Reinforced Concrete,3,1990,45,375.0,Fair,Low,4228318.0
2541,5,1,23.74858,94.8924,Commercial,Masonry,3,1954,18,352.4,Fair,High,1642461.0
2542,38,4,29.59202,98.75004,Industrial,Reinforced Concrete,6,2014,38,208.5,Poor,Low,2994260.0
2543,37,4,26.65539,94.71445,Mixed,Kutcha,5,2015,26,491.5,Fair,Medium,342056.0
2544,56,7,29.44887,97.66404,Industrial,Timber,1,1971,13,195.3,Dilapidated,Low,2373905.0
2545,47,6,29.48845,99.13072,Institutional,Steel,6,2000,25,16.1,Poor,Medium,4048647.0
2546,62,8,27.04141,92.15932,Residential,Kutcha,6,2008,13,252.3,Good,High,603030.0
2547,47,6,29.68614,99.41869,Mixed,Timber,2,1952,32,56.5,Poor,High,4497880.0
2548,18,2,28.9791,98.64828,Institutional,Kutcha,5,2004,36,91.8,Fair,High,3856414.0
2549,42,5,22.18537,97.2907,Institutional,Timber,6,2013,11,178.6,Dilapidated,Medium,3670477.0
2550,40,5,27.88001,97.82533,Industrial,Timber,2,1978,29,202.6,Dilapidated,Low,4751023.0
2551,2,1,23.85999,91.23202,Institutional,Masonry,3,2012,29,114.6,Fair,High,245264.0
2552,51,6,29.53264,91.0372,Industrial,Steel,3,1960,17,262.9,Dilapidated,Low,3780047.0
2553,50,6,23.85383,92.59215,Industrial,Masonry,4,1975,19,243.9,Good,Low,261511.0
2554,47,6,29.72328,99.40668,Industrial,Kutcha,6,2016,23,408.1,Poor,High,2259606.0
2555,20,2,23.1806,93.56551,Institutional,Kutcha,2,1999,50,198.5,Poor,Negligible,1972697.0
2556,16,2,23.41833,90.78076,Commercial,Steel,2,1968,25,498.8,Fair,High,1253490.0
2557,10,1,23.8475,97.83274,Commercial,Timber,3,2016,50,178.4,Poor,High,4905127.0
2558,42,5,22.01392,97.27481,Mixed,Kutcha,3,1981,42,492.8,Good,Medium,2283513.0
2559,19,2,24.29717,96.43318,Residential,Reinforced Concrete,5,2000,42,385.8,Fair,High,887019.0
2560,14,2,22.44901,93.08303,Institutional,Steel,1,2007,20,233.1,Good,Low,287818.0
2561,42,5,21.98953,97.21643,Industrial,Kutcha,3,1989,42,340.9,Poor,High,3148742.0
2562,41,5,22.82218,94.19331,Institutional,Steel,5,1981,33,211.8,Poor,High,3484685.0
2563,50,6,24.01451,92.46336,Residential,Timber,6,1988,8,88.5,Dilapidated,High,794018.0
2564,50,6,23.93356,92.44292,Institutional,Kutcha,4,1999,22,382.3,Fair,Low,1729288.0
2565,29,3,26.12815,98.67048,Industrial,Timber,2,1970,24,496.8,Dilapidated,Negligible,128752.0
2566,25,3,26.57314,96.88204,Industrial,Kutcha,3,2013,14,164.4,Dilapidated,Medium,222742.0
2567,33,4,23.7565,100.13696,Residential,Steel,6,1987,49,182.2,Good,High,3198069.0
2568,48,6,26.71356,94.87271,Mixed,Kutcha,1,1980,11,15.1,Good,Negligible,2715072.0
2569,7,1,26.49199,92.07863,Commercial,Kutcha,2,1993,12,109.7,Dilapidated,Negligible,4945274.0
2570,34,4,26.0888,97.41441,Institutional,Masonry,4,1953,41,191.9,Dilapidated,Low,2625995.0
2571,48,6,26.82009,94.95767,Residential,Timber,3,1955,21,152.7,Good,Medium,4308687.0
2572,21,2,24.25118,99.3658,Mixed,Masonry,3,1965,10,460.8,Good,Negligible,983654.0
2573,47,6,29.50082,99.09518,Institutional,Reinforced Concrete,4,1990,22,430.3,Poor,Low,3398378.0
2574,39,4,27.32798,91.2448,Industrial,Timber,6,1966,10,55.4,Fair,Low,4659426.0
2575,15,2,27.11153,98.52336,Institutional,Steel,3,2008,24,212.7,Poor,High,2566801.0
2576,16,2,23.60192,90.75518,Industrial,Steel,2,1967,29,65.8,Fair,Negligible,23030.0
2577,3,1,27.2739,98.9898,Residential,Masonry,3,1990,43,487.5,Good,High,71546.0
2578,57,7,23.54136,93.02313,Institutional,Reinforced Concrete,3,2018,43,317.0,Good,High,4943974.0
2579,10,1,23.6025,97.82246,Institutional,Masonry,6,1992,48,52.5,Fair,Medium,2005884.0
2580,23,3,27.97784,91.5571,Residential,Reinforced Concrete,2,1984,7,34.5,Dilapidated,High,431591.0
2581,39,4,27.40183,91.00217,Residential,Kutcha,1,1955,17,55.8,Poor,Medium,104179.0
2582,56,7,29.24982,97.57854,Mixed,Kutcha,4,1968,25,433.8,Dilapidated,Low,2538584.0
2583,38,4,29.58869,98.66603,Institutional,Kutcha,1,1993,38,79.6,Fair,Low,2555687.0
2584,10,1,23.71093,97.63284,Industrial,Timber,6,2013,30,26.2,Fair,Negligible,4105654.0
2585,24,3,24.26821,99.43318,Mixed,Timber,5,1971,3,378.6,Dilapidated,Medium,2994622.0
2586,51,6,29.39514,90.93117,Mixed,Reinforced Concrete,6,2020,21,121.1,Poor,Low,3611285.0
2587,40,5,28.18476,97.55228,Residential,Kutcha,3,1972,20,357.9,Poor,Negligible,3393177.0
2588,52,6,28.49728,99.81681,Institutional,Masonry,3,1952,25,341.0,Good,Negligible,3246374.0
2589,53,6,27.93787,91.2475,Residential,Reinforced Concrete,6,1972,15,387.2,Poor,Medium,3071997.0
2590,11,1,22.68813,90.84604,Commercial,Kutcha,5,1978,21,322.5,Good,Negligible,786427.0
2591,59,8,25.79149,92.32524,Commercial,Masonry,5,1978,44,346.2,Good,Low,4336045.0
2592,44,5,29.29042,98.69914,Institutional,Kutcha,5,1989,45,258.7,Fair,High,2483842.0
2593,6,1,26.36164,97.24599,Commercial,Masonry,3,1999,29,350.2,Fair,High,692037.0
2594,39,4,27.55857,91.17774,Institutional,Kutcha,6,1997,33,59.9,Good,High,2637698.0
2595,17,2,23.69961,92.86982,Institutional,Timber,1,2007,5,215.8,Dilapidated,Low,2565038.0
2596,12,1,26.98908,98.02409,Mixed,Reinforced Concrete,4,1981,25,210.2,Dilapidated,Low,405391.0
2597,7,1,26.46585,92.00491,Mixed,Reinforced Concrete,1,1958,6,443.7,Poor,Medium,430689.0
2598,37,4,26.91394,94.7699,Mixed,Reinforced Concrete,2,1997,11,175.1,Good,Negligible,4601089.0
2599,6,1,26.48479,97.22976,Commercial,Masonry,4,2001,44,338.2,Poor,Low,1438652.0
2600,7,1,26.485,92.03624,Institutional,Reinforced Concrete,3,2015,20,297.3,Good,Medium,3720248.0
2601,12,1,27.02812,98.1503,Mixed,Kutcha,1,2005,15,125.0,Good,Low,1778109.0
2602,34,4,25.91139,97.46596,Institutional,Timber,5,1996,2,27.8,Fair,High,3107998.0
2603,17,2,23.74281,93.06898,Mixed,Masonry,6,2009,37,431.6,Dilapidated,High,1812321.0
2604,59,8,25.76687,92.46972,Residential,Masonry,5,1955,47,178.2,Poor,Medium,4761831.0
2605,8,1,24.36258,98.54062,Institutional,Steel,1,2011,50,430.9,Fair,Medium,1986257.0
2606,47,6,29.71757,99.22171,Residential,Kutcha,2,1988,16,53.2,Poor,Medium,2578516.0
2607,53,6,28.04065,91.32459,Mixed,Steel,5,1990,19,402.2,Good,High,4369698.0
2608,27,3,25.32044,90.85471,Institutional,Masonry,6,1978,40,418.8,Fair,Medium,1068094.0
2609,57,7,23.61868,93.01074,Mixed,Steel,3,2017,21,456.5,Dilapidated,High,4922266.0
2610,1,1,27.26841,90.32861,Commercial,Kutcha,6,1981,16,268.4,Fair,Negligible,913961.0
2611,17,2,23.77722,92.90865,Mixed,Kutcha,5,2002,50,149.3,Poor,High,3002967.0
2612,34,4,26.05171,97.35799,Commercial,Reinforced Concrete,3,2014,9,490.1,Good,Negligible,2875626.0
2613,2,1,23.92734,91.53042,Commercial,Timber,3,1975,47,148.3,Good,Medium,4471591.0
2614,62,8,27.02872,92.20737,Mixed,Reinforced Concrete,2,2011,22,379.0,Fair,High,3096314.0
2615,47,6,29.79306,99.28222,Residential,Reinforced Concrete,2,2018,28,26.5,Good,Medium,4109734.0
2616,24,3,24.06826,99.16947,Residential,Reinforced Concrete,3,2018,10,176.6,Dilapidated,High,1441892.0
2617,23,3,27.92261,91.59983,Residential,Kutcha,1,2012,18,222.4,Dilapidated,High,34446.0
2618,58,7,27.01762,94.32003,Mixed,Timber,5,1991,48,206.5,Fair,Low,2623397.0
2619,52,6,28.41623,99.74171,Mixed,Reinforced Concrete,2,1970,16,333.9,Good,High,1148220.0
2620,53,6,28.1869,91.19196,Institutional,Kutcha,6,2019,44,416.0,Good,Medium,666021.0
2621,7,1,26.54559,92.13739,Industrial,Masonry,6,1968,48,353.7,Fair,Negligible,256807.0
2622,11,1,22.82214,90.88813,Mixed,Masonry,1,1993,23,339.4,Good,Low,1771410.0
2623,22,2,22.62336,96.52112,Residential,Reinforced Concrete,4,2002,44,386.8,Good,Low,2853934.0
2624,12,1,26.77521,97.92518,Institutional,Reinforced Concrete,4,1986,17,494.4,Dilapidated,Medium,740819.0
2625,59,8,25.50047,92.39631,Industrial,Reinforced Concrete,4,2017,18,459.6,Poor,Medium,2035213.0
2626,17,2,23.91308,92.94747,Commercial,Steel,5,1995,28,277.3,Good,Low,3998218.0
2627,37,4,26.94432,94.60669,Mixed,Steel,5,1955,31,488.8,Fair,Negligible,2338229.0
2628,5,1,23.93774,95.14156,Institutional,Reinforced Concrete,2,1978,48,293.3,Dilapidated,Negligible,4263736.0
2629,52,6,28.6087,99.80002,Industrial,Reinforced Concrete,3,2021,14,20.9,Dilapidated,High,325283.0
2630,15,2,26.99297,98.5039,Residential,Masonry,3,1951,23,229.8,Poor,Negligible,221559.0
2631,60,8,24.53327,95.84454,Residential,Reinforced Concrete,2,2015,35,429.6,Fair,Medium,2606579.0
2632,62,8,26.9993,92.42581,Industrial,Masonry,6,1969,1,171.3,Poor,High,713439.0
2633,43,5,29.73621,97.53042,Industrial,Reinforced Concrete,2,1963,20,148.6,Dilapidated,High,4595748.0
2634,12,1,26.86552,97.95527,Industrial,Masonry,4,1999,8,52.5,Dilapidated,Medium,2959682.0
2635,61,8,26.79488,89.88093,Commercial,Reinforced Concrete,2,1990,21,496.7,Dilapidated,High,1575794.0
2636,1,1,26.95272,90.21314,Institutional,Steel,2,2002,28,385.1,Good,Medium,677405.0
2637,3,1,27.33066,98.90892,Commercial,Masonry,3,2009,20,46.0,Dilapidated,Low,4970586.0
2638,7,1,26.55815,92.13916,Residential,Steel,1,1973,7,389.1,Dilapidated,High,1965995.0
2639,56,7,29.52948,97.72718,Commercial,Steel,6,1980,36,217.2,Fair,Low,703660.0
2640,7,1,26.20195,92.29379,Institutional,Reinforced Concrete,4,2003,29,437.0,Dilapidated,Medium,2503234.0
2641,44,5,29.14593,98.59094,Mixed,Reinforced Concrete,2,2011,8,174.4,Poor,Medium,3568981.0
2642,6,1,26.34453,97.21312,Mixed,Steel,2,1959,3,337.0,Poor,Medium,2131210.0
2643,54,6,29.41422,91.70338,Mixed,Kutcha,2,2010,36,289.4,Dilapidated,High,3004886.0
2644,39,4,27.44578,90.95754,Commercial,Steel,1,2006,22,65.8,Good,High,2291324.0
2645,20,2,23.30677,93.60955,Residential,Timber,3,1969,1,388.8,Poor,Low,3814152.0
2646,17,2,23.86461,93.08781,Commercial,Reinforced Concrete,3,2004,24,439.6,Poor,High,2248635.0
2647,27,3,25.09003,90.4667,Residential,Kutcha,2,2012,36,34.6,Fair,Medium,4611910.0
2648,52,6,28.5762,99.92699,Commercial,Steel,2,1970,19,39.1,Dilapidated,High,4714330.0
2649,20,2,23.45333,93.69537,Residential,Kutcha,6,1978,45,180.2,Dilapidated,Medium,201723.0
2650,46,5,23.11267,97.57841,Industrial,Reinforced Concrete,4,2003,2,311.4,Fair,Medium,2895159.0
2651,49,6,29.38159,98.60198,Commercial,Steel,6,1956,13,177.0,Good,High,1672175.0
2652,11,1,22.86932,91.0543,Commercial,Masonry,6,1965,39,264.6,Fair,High,466787.0
2653,12,1,26.9393,98.14908,Institutional,Masonry,5,2008,48,325.4,Fair,Medium,4016628.0
2654,56,7,29.41475,97.59987,Residential,Kutcha,2,1956,24,272.2,Poor,Negligible,1222516.0
2655,36,4,25.25946,90.81444,Residential,Reinforced Concrete,3,2009,6,337.8,Dilapidated,Low,1460250.0
2656,14,2,22.45743,93.03421,Industrial,Reinforced Concrete,6,1953,4,417.4,Dilapidated,Negligible,2185084.0
2657,33,4,23.74059,100.14377,Commercial,Steel,4,1964,4,74.1,Dilapidated,Low,1603361.0
2658,30,3,25.48821,92.48826,Institutional,Reinforced Concrete,2,2017,10,236.3,Good,Low,1056508.0
2659,31,3,28.02431,95.48314,Mixed,Kutcha,6,1993,12,371.7,Fair,Low,4340123.0
2660,24,3,24.0765,99.05606,Commercial,Reinforced Concrete,5,2011,16,321.0,Poor,High,3656843.0
2661,48,6,26.75811,94.90214,Institutional,Timber,4,1999,34,294.2,Poor,Medium,2434612.0
2662,8,1,24.12748,98.69457,Residential,Kutcha,3,1979,37,318.0,Fair,Negligible,2108109.0
2663,30,3,25.81892,92.55389,Residential,Steel,6,1969,16,224.9,Good,Medium,1832928.0
2664,44,5,29.16856,98.75337,Commercial,Steel,6,2010,5,175.4,Dilapidated,Medium,3391390.0
2665,51,6,29.40174,90.77921,Institutional,Timber,3,2013,34,87.6,Poor,High,1570678.0
2666,61,8,26.83829,90.20781,Residential,Reinforced Concrete,3,2022,50,84.6,Dilapidated,Low,324227.0
2667,20,2,23.22086,93.66977,Mixed,Steel,6,1998,21,303.9,Poor,Medium,1596452.0
2668,14,2,22.78016,92.77684,Mixed,Steel,4,1973,40,323.1,Dilapidated,Medium,4437151.0
2669,22,2,22.39073,96.41848,Mixed,Steel,6,1997,26,152.1,Poor,Negligible,1317395.0
2670,62,8,26.87829,92.30212,Industrial,Steel,2,2018,18,65.7,Fair,Negligible,2610385.0
2671,56,7,29.46288,97.54892,Institutional,Reinforced Concrete,4,1979,3,65.5,Fair,Negligible,4445835.0
2672,11,1,22.8084,90.90299,Mixed,Masonry,1,1953,14,200.3,Poor,Medium,809449.0
2673,24,3,24.35037,99.27035,Residential,Reinforced Concrete,1,2022,42,50.5,Dilapidated,Negligible,3441524.0
2674,39,4,27.25113,91.29,Institutional,Kutcha,3,1982,49,247.3,Dilapidated,Low,2367617.0
2675,15,2,26.85552,98.71498,Mixed,Masonry,2,2012,6,397.6,Dilapidated,Negligible,4973759.0
2676,41,5,22.83967,94.27922,Industrial,Timber,5,2016,10,199.4,Poor,Low,915475.0
2677,8,1,24.36041,98.54222,Mixed,Steel,1,2000,28,218.9,Poor,Low,2543054.0
2678,49,6,29.25997,98.8804,Mixed,Kutcha,2,2001,35,355.1,Good,High,2451120.0
2679,51,6,29.50993,91.02847,Commercial,Masonry,1,1951,36,12.1,Dilapidated,Low,2144832.0
2680,54,6,29.64105,91.57011,Commercial,Kutcha,3,2014,2,375.9,Poor,Medium,1555449.0
2681,53,6,28.08373,91.31507,Industrial,Masonry,4,1995,12,388.1,Good,Low,757753.0
2682,48,6,26.92511,94.84757,Mixed,Reinforced Concrete,2,1995,17,112.3,Dilapidated,Medium,2514120.0
2683,38,4,29.96269,98.55591,Mixed,Masonry,2,2002,30,191.2,Good,High,3195378.0
2684,19,2,24.0801,96.50326,Mixed,Masonry,3,1964,48,147.9,Fair,Negligible,2795928.0
2685,43,5,29.80263,97.51419,Institutional,Reinforced Concrete,4,2022,19,487.1,Poor,Negligible,3090034.0
2686,20,2,23.12942,93.68944,Mixed,Steel,6,1987,29,289.0,Good,Low,21023.0
2687,51,6,29.64648,90.75501,Commercial,Masonry,5,1979,13,259.0,Dilapidated,Negligible,2354841.0
2688,56,7,29.5342,97.57685,Industrial,Reinforced Concrete,6,1953,7,74.8,Poor,Medium,1014827.0
2689,17,2,23.68344,92.99737,Institutional,Kutcha,3,1955,50,363.7,Dilapidated,High,4792599.0
2690,51,6,29.45148,90.7499,Institutional,Reinforced Concrete,4,1988,13,460.4,Poor,Medium,4892526.0
2691,32,3,25.28205,95.75547,Commercial,Kutcha,1,1956,5,409.1,Poor,Medium,3764806.0
2692,49,6,29.32892,98.9104,Residential,Kutcha,3,1960,8,280.8,Fair,High,3037389.0
2693,18,2,28.78559,98.76175,Commercial,Timber,4,1995,18,172.0,Dilapidated,Negligible,2675043.0
2694,24,3,24.26359,99.08309,Industrial,Kutcha,4,2004,26,338.5,Poor,High,3757568.0
2695,22,2,22.75615,96.24867,Mixed,Steel,5,1957,6,149.9,Poor,Negligible,4348225.0
2696,53,6,28.29675,91.24302,Industrial,Masonry,2,1953,10,48.2,Good,High,3062163.0
2697,34,4,25.92811,97.59518,Mixed,Masonry,4,1969,39,69.3,Poor,Low,3728665.0
2698,15,2,27.09983,98.69736,Institutional,Kutcha,6,1991,14,372.2,Good,Medium,1095718.0
2699,46,5,23.21459,97.76502,Industrial,Reinforced Concrete,2,1994,19,86.6,Good,Medium,4906988.0
2700,35,4,23.18288,91.53477,Commercial,Kutcha,6,1956,33,223.7,Fair,Negligible,3257534.0
2701,61,8,26.87613,89.94259,Industrial,Masonry,1,1976,36,412.2,Good,Low,1684306.0
2702,33,4,23.6419,100.0386,Commercial,Masonry,6,1981,9,444.7,Poor,Negligible,1817179.0
2703,11,1,22.9056,91.05255,Residential,Timber,3,1973,36,380.4,Good,Negligible,3150874.0
2704,15,2,26.93245,98.59859,Industrial,Kutcha,6,1988,24,317.5,Poor,High,2405129.0
2705,39,4,27.46766,91.24736,Mixed,Reinforced Concrete,4,1971,5,259.3,Dilapidated,Negligible,1355517.0
2706,57,7,23.78854,93.31253,Residential,Timber,5,1983,44,74.8,Good,Negligible,1482890.0
2707,16,2,23.4863,90.55961,Commercial,Steel,5,1986,17,25.5,Poor,High,4610696.0
2708,57,7,23.63547,93.20952,Industrial,Masonry,5,1998,40,148.5,Fair,High,3981912.0
2709,30,3,25.85567,92.80115,Institutional,Steel,5,1974,47,437.7,Poor,Medium,2993632.0
2710,40,5,27.96866,97.57425,Residential,Kutcha,3,2023,9,318.3,Dilapidated,Low,844000.0
2711,3,1,27.52888,98.86263,Commercial,Reinforced Concrete,5,1955,7,478.6,Fair,Medium,511297.0
2712,59,8,25.47242,92.62945,Industrial,Kutcha,1,1956,31,332.8,Good,High,2202194.0
2713,42,5,21.82822,97.3987,Mixed,Masonry,4,1966,48,106.3,Dilapidated,Medium,3461527.0
2714,32,3,25.50838,95.71314,Commercial,Masonry,1,1962,26,168.6,Good,High,3775461.0
2715,3,1,27.50299,99.03357,Commercial,Steel,1,2013,29,176.4,Dilapidated,High,2853123.0
2716,61,8,26.65882,90.09454,Residential,Masonry,6,1963,47,311.7,Dilapidated,High,3074094.0
2717,14,2,22.65196,92.8925,Mixed,Kutcha,3,1962,31,258.6,Good,Low,529092.0
2718,5,1,23.91386,95.02933,Industrial,Masonry,2,1986,28,147.6,Poor,Medium,1501997.0
2719,28,3,28.90778,93.33962,Commercial,Kutcha,1,1971,25,93.5,Dilapidated,Negligible,74212.0
2720,44,5,29.26903,98.79698,Industrial,Masonry,3,1997,11,418.8,Poor,Negligible,4303254.0
2721,40,5,27.87103,97.8839,Industrial,Masonry,4,2009,19,280.3,Good,Low,276189.0
2722,21,2,24.15662,99.26098,Mixed,Kutcha,6,1951,17,337.2,Good,Medium,833393.0
2723,15,2,27.10516,98.53427,Institutional,Kutcha,6,2012,10,328.6,Fair,Medium,2703995.0
2724,23,3,27.86202,91.51204,Commercial,Masonry,4,1969,27,485.4,Poor,High,1579755.0
2725,49,6,29.2989,98.7928,Industrial,Timber,1,2007,47,103.9,Dilapidated,High,171349.0
2726,37,4,26.9107,94.86674,Residential,Reinforced Concrete,5,2010,7,230.3,Poor,Medium,4600419.0
2727,52,6,28.68992,99.5959,Mixed,Timber,6,2003,18,450.7,Dilapidated,Medium,4435699.0
2728,5,1,23.66745,95.24465,Industrial,Steel,2,2017,24,79.9,Dilapidated,Negligible,4448697.0
2729,24,3,24.27736,99.20444,Mixed,Kutcha,5,1993,2,246.3,Poor,Negligible,1041613.0
2730,10,1,23.77801,97.69373,Industrial,Kutcha,5,1973,41,125.1,Fair,Low,1538784.0
2731,15,2,26.95491,98.81478,Mixed,Reinforced Concrete,6,1960,1,251.3,Fair,Medium,2092248.0
2732,40,5,28.13489,97.86375,Mixed,Kutcha,6,2012,50,284.5,Fair,Medium,1283820.0
2733,36,4,25.26933,90.70507,Residential,Reinforced Concrete,1,1995,20,260.8,Dilapidated,Low,3251864.0
2734,26,3,23.9042,90.28351,Mixed,Masonry,5,2016,7,344.2,Poor,Low,2416479.0
2735,19,2,24.39552,96.40301,Commercial,Kutcha,4,2008,16,173.7,Good,Medium,4412078.0
2736,9,1,27.56591,93.53725,Industrial,Timber,4,1969,47,396.6,Good,Medium,4767457.0
2737,22,2,22.53559,96.42623,Residential,Timber,1,1972,24,124.0,Poor,Medium,1799439.0
2738,23,3,27.78837,91.49191,Industrial,Kutcha,6,1959,24,409.8,Good,Negligible,793584.0
2739,38,4,29.7652,98.75886,Industrial,Kutcha,2,1983,19,233.9,Dilapidated,Low,21277.0
2740,51,6,29.71912,90.9491,Institutional,Masonry,3,1981,39,295.8,Dilapidated,High,3033916.0
2741,16,2,23.35854,90.81357,Institutional,Reinforced Concrete,1,1987,32,244.8,Fair,Medium,2852319.0
2742,46,5,23.0919,97.76782,Mixed,Kutcha,4,1963,44,491.6,Fair,Low,227126.0
2743,35,4,23.26976,91.75342,Commercial,Timber,5,1971,37,102.3,Poor,Low,1909716.0
2744,11,1,22.6243,90.76787,Institutional,Masonry,4,1998,31,292.1,Good,Medium,4369511.0
2745,41,5,23.04287,94.24803,Mixed,Reinforced Concrete,3,1951,6,247.2,Dilapidated,Low,1060238.0
2746,58,7,27.30541,94.31879,Residential,Timber,5,1953,39,13.1,Fair,Low,2273717.0
2747,59,8,25.42048,92.63811,Commercial,Steel,1,2015,13,266.5,Fair,Negligible,56471.0
2748,55,7,28.81166,94.39468,Residential,Reinforced Concrete,5,1962,44,81.1,Poor,Negligible,1239462.0
2749,36,4,25.5559,90.74294,Institutional,Steel,1,1978,19,136.6,Poor,High,533828.0
2750,36,4,25.19672,90.44532,Institutional,Timber,2,1959,6,323.6,Fair,Medium,4684576.0
2751,4,1,26.88014,90.11949,Industrial,Timber,2,1963,29,111.1,Fair,Negligible,2786330.0
2752,57,7,23.78625,93.2389,Residential,Reinforced Concrete,3,2021,28,162.3,Fair,Medium,655215.0
2753,33,4,23.65394,100.06787,Commercial,Steel,3,1985,35,92.4,Good,Medium,2101644.0
2754,59,8,25.73886,92.28042,Residential,Kutcha,6,1980,27,107.1,Poor,High,3873014.0
2755,46,5,23.10923,97.78994,Commercial,Reinforced Concrete,3,1956,5,220.1,Poor,Medium,3011924.0
2756,48,6,26.79101,94.96088,Industrial,Timber,4,1985,37,48.7,Dilapidated,High,2982688.0
2757,9,1,27.41802,93.28035,Industrial,Steel,4,1958,44,402.5,Fair,Low,2706911.0
2758,49,6,29.47932,98.69684,Residential,Masonry,4,2006,34,110.8,Fair,High,3144400.0
2759,24,3,24.3453,99.40705,Institutional,Timber,1,1994,11,120.8,Dilapidated,Low,3302428.0
2760,51,6,29.61797,90.85444,Commercial,Kutcha,4,1953,27,461.1,Good,Medium,3150597.0
2761,40,5,27.88844,97.57581,Industrial,Masonry,2,2008,19,280.2,Fair,Low,1116924.0
2762,17,2,23.94456,92.72226,Commercial,Masonry,1,1971,36,236.0,Fair,High,855719.0
2763,44,5,29.29059,98.74088,Industrial,Reinforced Concrete,4,2003,28,19.6,Dilapidated,Negligible,2024060.0
2764,17,2,23.85231,92.90646,Industrial,Kutcha,2,2001,11,383.8,Fair,Negligible,4210539.0
2765,31,3,27.89331,95.4787,Commercial,Steel,5,2014,42,409.1,Good,Low,3993944.0
2766,54,6,29.38098,91.74251,Industrial,Kutcha,4,1975,50,181.3,Dilapidated,Low,3516490.0
2767,61,8,26.53609,90.09961,Residential,Timber,2,2018,6,219.9,Poor,High,4184848.0
2768,37,4,26.89489,94.78378,Mixed,Kutcha,5,1967,16,304.7,Fair,Low,2343256.0
2769,33,4,23.71971,99.81191,Institutional,Reinforced Concrete,6,1962,48,49.2,Fair,Low,3850132.0
2770,59,8,25.52892,92.63666,Mixed,Reinforced Concrete,4,1974,1,493.3,Good,Negligible,4606972.0
2771,39,4,27.62938,91.00994,Residential,Masonry,3,1974,20,406.5,Poor,Medium,2401328.0
2772,54,6,29.6843,91.61698,Industrial,Kutcha,4,1964,30,40.6,Fair,Negligible,2802862.0
2773,13,2,26.40833,99.71555,Commercial,Timber,5,1990,40,318.5,Good,High,4104492.0
2774,4,1,26.74031,90.26694,Mixed,Kutcha,4,2015,43,415.4,Fair,Medium,2466594.0
2775,7,1,26.53027,92.39352,Commercial,Masonry,3,1967,6,44.9,Poor,High,4540654.0
2776,57,7,23.55959,93.05699,Commercial,Timber,2,1995,9,201.7,Poor,Low,1489048.0
2777,46,5,23.02836,97.65461,Institutional,Steel,5,1959,11,251.6,Fair,Low,3187450.0
2778,46,5,23.18441,97.44471,Commercial,Masonry,2,2003,22,245.3,Dilapidated,Negligible,678050.0
2779,2,1,24.15502,91.38731,Residential,Masonry,1,1975,29,133.9,Dilapidated,High,1901447.0
2780,61,8,26.63213,90.25944,Residential,Timber,1,1963,24,274.4,Good,Medium,4644090.0
2781,55,7,29.14174,94.12733,Commercial,Masonry,2,2008,8,105.4,Dilapidated,High,615644.0
2782,15,2,27.14709,98.74775,Mixed,Timber,5,2023,1,453.4,Dilapidated,Negligible,3051609.0
2783,43,5,29.62192,97.75241,Residential,Reinforced Concrete,5,1968,6,117.1,Good,Low,3604579.0
2784,62,8,26.91163,92.20988,Industrial,Masonry,4,1960,47,57.6,Poor,Low,45234.0
2785,19,2,24.23899,96.45639,Industrial,Kutcha,2,2014,32,424.2,Dilapidated,High,3092000.0
2786,2,1,23.8115,91.51491,Commercial,Steel,2,1955,7,367.3,Dilapidated,High,4579734.0
2787,33,4,23.77057,99.81606,Institutional,Timber,6,1979,4,481.1,Good,High,3883778.0
2788,52,6,28.43602,99.73939,Mixed,Steel,2,1988,50,261.6,Fair,Negligible,4764209.0
2789,22,2,22.68659,96.34189,Institutional,Reinforced Concrete,3,1975,28,408.8,Dilapidated,Medium,3199783.0
2790,11,1,22.71192,90.92936,Institutional,Timber,3,2001,44,405.1,Good,Low,3777135.0
2791,7,1,26.21271,92.20783,Industrial,Reinforced Concrete,1,1957,48,458.5,Dilapidated,Low,2966311.0
2792,33,4,23.83712,99.83654,Mixed,Kutcha,2,1963,39,404.6,Fair,Negligible,1414456.0
2793,28,3,29.1095,93.21209,Mixed,Steel,4,2000,47,133.6,Poor,Low,3241205.0
2794,42,5,22.10716,97.37647,Industrial,Masonry,1,1999,42,275.4,Good,Medium,329296.0
2795,14,2,22.62551,92.97234,Residential,Kutcha,1,1951,21,372.8,Good,Negligible,1410501.0
2796,45,5,28.54886,95.0353,Institutional,Masonry,3,1979,4,260.9,Dilapidated,Low,2902503.0
2797,7,1,26.30431,92.30444,Industrial,Masonry,1,1978,22,64.7,Poor,Negligible,4066266.0
2798,47,6,29.62418,99.39848,Commercial,Reinforced Concrete,2,1998,12,187.8,Dilapidated,Negligible,2024844.0
2799,4,1,26.5763,90.33008,Residential,Reinforced Concrete,1,1952,6,218.1,Fair,Negligible,2573049.0
2800,57,7,23.52341,92.98311,Mixed,Kutcha,6,1969,6,392.4,Poor,Negligible,3378230.0
2801,37,4,26.92501,94.70753,Institutional,Steel,4,1993,48,113.5,Poor,High,1826297.0
2802,13,2,26.47054,99.57912,Residential,Kutcha,1,1998,10,139.7,Dilapidated,Negligible,2653963.0
2803,40,5,28.19302,97.63653,Commercial,Reinforced Concrete,1,2011,14,478.8,Good,Medium,4888397.0
2804,12,1,26.92358,97.98701,Mixed,Masonry,5,2005,17,55.3,Fair,High,2776202.0
2805,26,3,23.77828,90.21786,Industrial,Timber,3,1960,19,83.8,Poor,Low,4869593.0
2806,4,1,26.65046,90.50213,Institutional,Kutcha,5,1995,29,82.6,Good,Medium,4228422.0
2807,47,6,29.49702,99.14482,Industrial,Reinforced Concrete,6,2007,6,460.7,Dilapidated,High,370568.0
2808,35,4,23.37381,91.52421,Residential,Masonry,2,2004,28,496.9,Fair,High,4203135.0
2809,47,6,29.61107,99.0489,Mixed,Reinforced Concrete,6,2001,46,34.0,Good,Medium,712591.0
2810,34,4,25.96338,97.67141,Mixed,Steel,3,2002,23,441.8,Good,Medium,4628369.0
2811,4,1,26.63748,90.488,Industrial,Steel,3,2006,8,389.1,Fair,Medium,1547932.0
2812,57,7,23.57336,93.06327,Mixed,Kutcha,2,2008,34,432.7,Dilapidated,High,2015649.0
2813,43,5,29.77399,97.69761,Institutional,Timber,3,1976,15,204.9,Fair,High,3117369.0
2814,34,4,26.00736,97.5872,Residential,Reinforced Concrete,3,1986,17,337.3,Good,High,4362241.0
2815,38,4,29.56933,98.51391,Industrial,Steel,6,1977,17,88.3,Fair,Medium,1836420.0
2816,11,1,22.81012,90.84507,Industrial,Kutcha,5,1957,6,129.1,Dilapidated,Negligible,4730339.0
2817,25,3,26.39684,97.01664,Institutional,Reinforced Concrete,3,1951,42,139.0,Good,Medium,2654578.0
2818,31,3,28.11578,95.42338,Mixed,Steel,2,1989,11,37.3,Poor,Negligible,1169001.0
2819,27,3,25.36136,90.48911,Commercial,Reinforced Concrete,1,1993,23,271.2,Fair,Low,4227451.0
2820,11,1,22.70599,91.06478,Residential,Masonry,4,1959,37,417.1,Poor,Negligible,2047387.0
2821,19,2,24.10925,96.47376,Industrial,Steel,1,1958,50,234.0,Poor,Negligible,676049.0
2822,10,1,23.65776,97.46067,Commercial,Kutcha,4,1967,12,341.3,Dilapidated,Low,2945876.0
2823,39,4,27.33985,90.99911,Commercial,Reinforced Concrete,3,2016,34,253.2,Good,High,2313277.0
2824,18,2,28.82733,98.47969,Commercial,Masonry,6,1952,4,156.9,Poor,Low,4556851.0
2825,18,2,28.7252,98.86433,Industrial,Steel,3,1968,24,448.5,Good,Medium,3468774.0
2826,43,5,29.72669,97.71462,Residential,Timber,4,2007,30,266.3,Good,Negligible,247780.0
2827,45,5,28.71258,94.87896,Mixed,Masonry,4,2004,41,83.4,Good,High,4632500.0
2828,11,1,22.73669,90.8876,Commercial,Kutcha,6,2008,12,112.3,Dilapidated,High,4021660.0
2829,48,6,26.61544,94.98129,Residential,Timber,6,2014,5,89.3,Poor,Negligible,2332088.0
2830,39,4,27.58225,91.04885,Institutional,Kutcha,3,2018,20,471.8,Fair,High,1250856.0
2831,56,7,29.36292,97.72938,Residential,Masonry,3,1956,18,206.2,Fair,Negligible,929332.0
2832,34,4,25.9942,97.48039,Industrial,Steel,2,1971,4,228.5,Poor,Medium,2746965.0
2833,35,4,23.07021,91.68974,Industrial,Timber,5,1959,50,270.9,Good,High,2516671.0
2834,59,8,25.59912,92.49846,Residential,Reinforced Concrete,2,1951,34,47.1,Dilapidated,High,3594331.0
2835,51,6,29.55006,90.69039,Institutional,Timber,2,1963,18,80.2,Fair,Low,4515369.0
2836,49,6,29.60772,98.66655,Institutional,Kutcha,5,1969,22,201.9,Dilapidated,Negligible,4499616.0
2837,23,3,27.77,91.5548,Residential,Masonry,2,1981,16,330.9,Fair,High,2055920.0
2838,23,3,27.93421,91.6465,Industrial,Masonry,1,1983,14,218.7,Poor,Low,1729251.0
2839,7,1,26.24311,92.37387,Industrial,Timber,1,2018,5,43.9,Fair,Low,414556.0
2840,25,3,26.60796,96.99437,Industrial,Masonry,3,1965,17,241.2,Dilapidated,Medium,3504009.0
2841,35,4,23.3664,91.497,Residential,Reinforced Concrete,6,2014,8,491.2,Poor,Medium,2263305.0
2842,30,3,25.67859,92.81441,Mixed,Timber,3,2022,40,76.7,Fair,Negligible,2597771.0
2843,17,2,23.91371,92.79131,Institutional,Steel,3,1994,27,67.6,Poor,Low,2663991.0
2844,23,3,27.64181,91.62706,Institutional,Kutcha,5,1996,6,183.5,Poor,Medium,74968.0
2845,12,1,26.69457,97.99273,Institutional,Reinforced Concrete,2,2015,28,434.5,Dilapidated,Medium,1396598.0
2846,32,3,25.31233,96.00276,Industrial,Timber,6,2017,19,383.4,Poor,Negligible,1315522.0
2847,50,6,23.72759,92.55072,Industrial,Steel,6,2013,42,416.4,Dilapidated,Medium,3353310.0
2848,44,5,29.11884,98.68023,Commercial,Reinforced Concrete,6,2015,50,100.8,Fair,High,927820.0
2849,23,3,27.72561,91.53568,Institutional,Steel,2,2011,6,449.0,Poor,Medium,2502498.0
2850,14,2,22.54899,92.86492,Institutional,Reinforced Concrete,5,2012,47,443.6,Fair,Negligible,143585.0
2851,52,6,28.59742,99.58734,Institutional,Timber,5,1997,26,169.9,Poor,Negligible,68602.0
2852,42,5,22.12783,97.23947,Commercial,Timber,1,2022,21,396.6,Good,Negligible,4161097.0
2853,37,4,26.7409,94.66184,Institutional,Reinforced Concrete,6,1971,48,58.6,Good,Medium,1949441.0
2854,27,3,25.09368,90.57218,Residential,Steel,2,1997,16,138.4,Good,High,2665289.0
2855,16,2,23.38074,90.72758,Industrial,Masonry,5,2012,29,109.1,Poor,Low,942228.0
2856,29,3,25.98949,98.93463,Institutional,Steel,3,1951,1,473.7,Fair,Low,2346231.0
2857,37,4,26.83164,94.81388,Residential,Kutcha,4,2007,39,186.6,Dilapidated,Negligible,1376195.0
2858,55,7,28.86508,94.13343,Mixed,Timber,3,1951,8,240.5,Good,Low,4002473.0
2859,33,4,23.74432,99.80195,Institutional,Reinforced Concrete,2,2021,3,176.2,Good,Low,402734.0
2860,10,1,23.91286,97.73594,Mixed,Timber,1,1986,32,330.2,Fair,High,1200698.0
2861,16,2,23.6738,90.80089,Commercial,Kutcha,2,1979,23,24.8,Fair,Negligible,1947007.0
2862,58,7,27.28038,94.37651,Residential,Reinforced Concrete,1,2019,44,431.2,Good,Negligible,1715879.0
2863,30,3,25.67796,92.48216,Residential,Reinforced Concrete,3,2013,24,418.7,Dilapidated,Medium,2044450.0
2864,37,4,26.5804,94.50871,Commercial,Kutcha,6,1982,13,485.8,Dilapidated,High,137283.0
2865,20,2,23.29813,93.72128,Mixed,Masonry,1,2019,12,60.2,Good,High,993136.0
2866,18,2,28.79485,98.50585,Mixed,Steel,4,1984,35,203.0,Fair,High,3441795.0
2867,60,8,24.51318,95.78783,Residential,Kutcha,3,2015,1,170.9,Good,Negligible,4464374.0
2868,57,7,23.5413,93.12842,Industrial,Timber,2,1953,18,111.9,Good,Low,300695.0
2869,9,1,27.74366,93.58898,Residential,Steel,3,1985,24,61.7,Fair,Negligible,1209749.0
2870,61,8,26.87773,89.90537,Industrial,Masonry,5,1980,38,52.1,Dilapidated,High,3705162.0
2871,1,1,27.26216,90.40104,Commercial,Masonry,4,1986,18,453.5,Poor,Negligible,3296006.0
2872,54,6,29.62387,91.76499,Residential,Steel,6,1961,2,200.2,Poor,High,3360987.0
2873,1,1,27.10094,90.2532,Institutional,Timber,4,1961,38,297.8,Poor,High,2814139.0
2874,58,7,27.05471,94.5233,Commercial,Reinforced Concrete,2,2021,9,67.6,Poor,Medium,4956993.0
2875,56,7,29.37103,97.60746,Commercial,Masonry,6,1982,8,103.1,Dilapidated,Medium,2136562.0
2876,37,4,26.70628,94.82466,Commercial,Timber,5,1993,17,397.3,Good,Medium,2734037.0
2877,57,7,23.75148,93.0177,Mixed,Steel,5,2004,18,170.3,Dilapidated,Negligible,4474962.0
2878,46,5,23.17511,97.71393,Residential,Reinforced Concrete,5,1979,6,497.4,Poor,Medium,3094897.0
2879,11,1,22.711,91.09565,Residential,Kutcha,5,2017,17,485.0,Good,High,2300289.0
2880,62,8,26.99682,92.17272,Commercial,Timber,3,1953,28,354.7,Poor,High,4298604.0
2881,14,2,22.7108,93.0531,Residential,Steel,1,1969,15,490.5,Poor,Negligible,4069762.0
2882,18,2,28.77782,98.86273,Institutional,Masonry,1,1992,48,326.2,Poor,Negligible,79100.0
2883,38,4,29.86647,98.59726,Commercial,Steel,3,1996,47,255.0,Good,High,2371696.0
2884,18,2,28.72511,98.52759,Institutional,Masonry,6,1989,20,74.4,Fair,High,1568167.0
2885,43,5,29.93664,97.53472,Industrial,Timber,2,2023,1,116.4,Fair,High,833598.0
2886,18,2,28.92651,98.53586,Mixed,Kutcha,3,1996,10,194.9,Poor,Medium,581872.0
2887,4,1,26.88047,90.40896,Mixed,Kutcha,2,1996,27,156.6,Dilapidated,High,2277426.0
2888,9,1,27.42578,93.33622,Industrial,Timber,6,1967,25,452.7,Good,Negligible,4771798.0
2889,49,6,29.57795,98.84044,Commercial,Timber,4,1962,26,279.2,Dilapidated,Medium,1242487.0
2890,36,4,25.26138,90.58975,Residential,Masonry,1,2001,32,107.6,Good,Low,43134.0
2891,59,8,25.80249,92.50778,Mixed,Steel,1,1997,9,114.2,Poor,Negligible,3213371.0
2892,53,6,28.02289,91.34025,Commercial,Timber,3,1992,13,24.7,Poor,Medium,3493015.0
2893,47,6,29.80481,99.07806,Mixed,Reinforced Concrete,1,1988,15,315.5,Fair,High,3146134.0
2894,62,8,27.18657,92.27092,Mixed,Reinforced Concrete,2,1969,32,21.0,Fair,Low,1781725.0
2895,47,6,29.68695,99.0797,Industrial,Reinforced Concrete,2,1950,19,447.6,Good,Low,4322794.0
2896,50,6,24.07581,92.30025,Industrial,Kutcha,3,1985,6,88.1,Fair,Medium,4600513.0
2897,4,1,26.81761,90.28943,Mixed,Timber,5,2011,4,196.4,Fair,Medium,1952875.0
2898,42,5,21.87202,97.36402,Institutional,Kutcha,5,1993,41,36.0,Dilapidated,Medium,4207655.0
2899,46,5,23.25104,97.53122,Residential,Reinforced Concrete,6,2015,37,64.4,Good,Low,1867689.0
2900,57,7,23.56671,93.10556,Residential,Reinforced Concrete,1,1983,11,210.5,Fair,High,3489374.0
2901,26,3,23.65435,90.17017,Residential,Masonry,4,1951,37,389.7,Poor,Negligible,2184541.0
2902,37,4,26.95618,94.86214,Institutional,Timber,2,1996,8,234.0,Fair,Medium,2050425.0
2903,23,3,27.78308,91.64441,Commercial,Steel,1,1964,2,67.2,Fair,High,4612984.0
2904,17,2,23.84854,92.82995,Commercial,Kutcha,3,1951,26,120.0,Good,Low,2403746.0
2905,38,4,29.79278,98.69368,Residential,Reinforced Concrete,5,1964,14,12.6,Poor,Low,3459220.0
2906,47,6,29.50771,99.20864,Residential,Kutcha,4,2015,11,109.5,Good,Medium,3087853.0
2907,54,6,29.75227,91.81277,Industrial,Masonry,4,1968,48,26.5,Good,Negligible,4962422.0
2908,20,2,23.42237,93.59924,Mixed,Masonry,4,2022,50,117.0,Fair,Medium,285721.0
2909,30,3,25.77647,92.58083,Mixed,Kutcha,1,2004,17,296.8,Poor,High,4462620.0
2910,4,1,26.68435,90.49694,Residential,Steel,1,1959,5,53.9,Fair,Negligible,1931955.0
2911,15,2,26.79219,98.68081,Industrial,Masonry,6,1962,14,107.2,Poor,Medium,3871324.0
2912,14,2,22.45605,93.00822,Residential,Timber,6,2017,2,383.0,Poor,Medium,2821090.0
2913,41,5,22.84547,94.32616,Industrial,Kutcha,4,1988,15,416.4,Fair,Negligible,634836.0
2914,26,3,23.73144,90.48907,Industrial,Timber,4,1953,10,291.3,Fair,Medium,2965240.0
2915,20,2,23.2573,93.56347,Institutional,Reinforced Concrete,2,2009,14,231.9,Dilapidated,High,1415738.0
2916,3,1,27.34452,99.012,Institutional,Steel,1,2020,9,209.2,Fair,Negligible,2157576.0
2917,46,5,23.38829,97.56572,Mixed,Masonry,4,1961,37,266.9,Poor,Medium,3635005.0
2918,38,4,29.82187,98.4912,Residential,Reinforced Concrete,3,1968,49,177.2,Poor,Negligible,3166439.0
2919,35,4,23.26846,91.61624,Residential,Timber,1,2013,15,319.3,Poor,Medium,3376917.0
2920,3,1,27.42681,98.72715,Commercial,Steel,3,1981,44,195.2,Fair,Medium,577666.0
2921,4,1,26.73244,90.43326,Residential,Timber,4,2013,21,365.0,Good,Negligible,2778448.0
2922,46,5,23.41245,97.60938,Commercial,Masonry,5,1959,24,362.0,Good,Low,3955652.0
2923,33,4,23.91981,99.91351,Institutional,Timber,1,1974,31,398.2,Good,Negligible,353971.0
2924,45,5,28.53904,95.11461,Commercial,Masonry,4,1991,5,19.3,Dilapidated,Medium,3897269.0
2925,45,5,28.54347,95.06502,Commercial,Kutcha,2,2020,47,447.5,Poor,Low,4949244.0
2926,58,7,27.17233,94.45522,Institutional,Reinforced Concrete,5,1968,38,28.9,Fair,High,3465493.0
2927,17,2,23.98229,92.93083,Industrial,Masonry,4,1967,50,307.7,Dilapidated,Negligible,983217.0
2928,23,3,28.00769,91.55092,Institutional,Timber,6,1989,28,164.8,Dilapidated,Negligible,2754731.0
2929,21,2,23.95695,99.49784,Institutional,Timber,6,1987,12,436.7,Dilapidated,Negligible,851816.0
2930,49,6,29.46935,98.63847,Mixed,Kutcha,1,2014,41,188.8,Fair,Medium,1474104.0
2931,21,2,24.09542,99.30314,Institutional,Reinforced Concrete,5,1978,11,418.8,Dilapidated,Negligible,3883557.0
2932,26,3,23.70334,90.48565,Mixed,Masonry,5,1998,7,209.6,Poor,Low,3069771.0
2933,38,4,29.79634,98.62414,Residential,Masonry,3,1970,46,452.9,Poor,Medium,593589.0
2934,47,6,29.70598,99.40819,Institutional,Reinforced Concrete,1,1999,41,122.3,Good,Negligible,3983280.0
2935,52,6,28.46188,99.77639,Institutional,Kutcha,2,2001,45,272.9,Dilapidated,Low,3092253.0
2936,52,6,28.47431,99.9269,Institutional,Reinforced Concrete,3,1998,26,406.6,Dilapidated,Low,114792.0
2937,33,4,23.94912,100.15619,Mixed,Timber,6,1994,7,329.8,Good,Low,4104061.0
2938,59,8,25.57334,92.48964,Institutional,Timber,6,2013,6,161.5,Good,Negligible,1031443.0
2939,24,3,24.09703,99.14879,Mixed,Reinforced Concrete,5,2011,23,444.4,Fair,High,390303.0
2940,61,8,26.61635,89.91291,Industrial,Kutcha,5,1990,37,86.7,Poor,High,29695.0
2941,37,4,26.75172,94.81058,Institutional,Steel,4,1996,12,487.1,Poor,Medium,4998937.0
2942,5,1,23.8058,95.0263,Residential,Timber,5,1978,6,282.4,Good,Low,3333809.0
2943,26,3,23.68547,90.22955,Mixed,Reinforced Concrete,6,1965,50,53.0,Good,High,3672964.0
2944,3,1,27.44246,98.81261,Industrial,Reinforced Concrete,4,1995,38,43.4,Good,Low,3838040.0
2945,60,8,24.85674,95.95131,Mixed,Kutcha,5,2021,15,323.9,Poor,High,918395.0
2946,15,2,27.04195,98.51606,Industrial,Masonry,2,1967,9,357.8,Fair,Medium,511784.0
2947,48,6,26.77801,94.94872,Commercial,Timber,3,1963,26,92.0,Fair,Medium,7854.0
2948,60,8,24.89654,95.96109,Industrial,Masonry,1,1951,14,398.5,Good,High,1230309.0
2949,23,3,27.92616,91.78924,Institutional,Masonry,2,2011,15,30.5,Good,Negligible,1159587.0
2950,6,1,26.46609,97.04033,Residential,Masonry,2,1970,41,374.8,Fair,Low,2697273.0
2951,10,1,23.58694,97.69507,Industrial,Reinforced Concrete,1,1952,9,150.4,Good,Medium,4900314.0
2952,27,3,25.34868,90.52726,Residential,Reinforced Concrete,5,1964,18,89.4,Fair,Negligible,1354411.0
2953,17,2,23.88476,92.78594,Residential,Kutcha,6,1974,1,258.4,Good,Medium,3620058.0
2954,33,4,23.90329,100.08064,Industrial,Kutcha,3,1983,10,462.8,Dilapidated,High,1594438.0
2955,15,2,26.83912,98.67341,Mixed,Steel,3,1977,12,311.2,Dilapidated,Negligible,1952266.0
2956,58,7,27.32162,94.45129,Institutional,Steel,4,2014,18,448.8,Poor,Medium,4239720.0
2957,49,6,29.47078,98.75361,Commercial,Reinforced Concrete,4,1955,20,378.6,Poor,High,43867.0
2958,46,5,23.15157,97.53259,Mixed,Masonry,5,1975,36,25.6,Dilapidated,Medium,1402385.0
2959,41,5,22.6943,94.54722,Industrial,Masonry,4,1996,38,396.5,Fair,Low,25683.0
2960,12,1,26.87703,98.21207,Residential,Masonry,4,2009,14,145.2,Dilapidated,High,2291437.0
2961,62,8,27.09135,92.48732,Mixed,Steel,5,2011,40,417.2,Dilapidated,Medium,4354028.0
2962,45,5,28.75269,95.16029,Commercial,Steel,4,2018,43,49.3,Dilapidated,Negligible,4943862.0
2963,46,5,23.27491,97.65358,Commercial,Timber,4,1965,39,38.5,Dilapidated,High,4555142.0
2964,26,3,23.66677,90.32455,Institutional,Steel,3,1973,39,291.2,Good,Negligible,3024173.0
2965,59,8,25.42996,92.46807,Industrial,Masonry,4,2013,31,349.6,Poor,Medium,3535130.0
2966,56,7,29.46231,97.42107,Residential,Timber,6,1974,32,54.5,Dilapidated,Medium,3341981.0
2967,30,3,25.67425,92.53225,Mixed,Masonry,6,1980,38,193.7,Dilapidated,High,4945028.0
2968,8,1,24.0446,98.57657,Mixed,Masonry,2,2020,47,97.7,Fair,Medium,727512.0
2969,38,4,29.77654,98.46165,Institutional,Steel,2,2023,46,263.5,Fair,Medium,4383590.0
2970,32,3,25.32837,95.82369,Commercial,Masonry,2,2022,3,120.3,Good,Medium,890392.0
2971,6,1,26.62839,97.26486,Industrial,Steel,2,1953,27,219.6,Fair,Medium,4796485.0
2972,35,4,23.36694,91.71641,Mixed,Kutcha,5,1993,22,333.5,Fair,Low,3782165.0
2973,9,1,27.63869,93.22273,Residential,Reinforced Concrete,3,1951,39,353.5,Fair,High,4999922.0
2974,29,3,26.10087,98.67265,Institutional,Reinforced Concrete,4,2007,37,128.7,Good,Medium,2309103.0
2975,43,5,29.91618,97.61889,Mixed,Masonry,4,2006,3,158.2,Poor,Negligible,2316198.0
2976,54,6,29.7666,91.72346,Institutional,Timber,4,2007,6,192.1,Fair,High,951847.0
2977,49,6,29.4968,98.94047,Institutional,Masonry,1,1952,47,497.0,Poor,High,3787378.0
2978,47,6,29.79082,99.28549,Residential,Reinforced Concrete,4,1958,22,289.6,Dilapidated,Negligible,3051203.0
2979,22,2,22.7199,96.20705,Industrial,Steel,4,2019,37,94.3,Poor,Low,543677.0
2980,46,5,23.10788,97.45318,Industrial,Steel,6,2003,40,396.1,Fair,Negligible,554884.0
2981,42,5,22.08736,97.20625,Industrial,Steel,1,1959,39,484.5,Poor,Medium,2147405.0
2982,31,3,28.06743,95.20674,Mixed,Steel,6,2001,15,239.4,Good,Medium,3948480.0
2983,39,4,27.48227,91.02038,Residential,Reinforced Concrete,6,2004,25,482.1,Fair,Low,2914817.0
2984,30,3,25.71492,92.74189,Commercial,Reinforced Concrete,6,1955,48,396.5,Dilapidated,Low,2490083.0
2985,56,7,29.46466,97.63213,Mixed,Masonry,2,1997,41,307.7,Good,Medium,3072685.0
2986,14,2,22.77576,93.05855,Residential,Timber,2,1994,12,305.0,Good,Medium,4478926.0
2987,18,2,28.77519,98.59786,Industrial,Reinforced Concrete,4,2013,6,277.0,Fair,Negligible,3910293.0
2988,15,2,26.94834,98.49625,Industrial,Reinforced Concrete,1,1998,31,313.8,Good,High,3237476.0
2989,55,7,29.14586,94.11364,Institutional,Masonry,5,2010,4,381.5,Fair,Negligible,2910317.0
2990,54,6,29.45582,91.80188,Commercial,Kutcha,5,1983,30,71.2,Dilapidated,Low,3820325.0
2991,41,5,22.72324,94.20263,Residential,Reinforced Concrete,1,1966,40,489.9,Fair,Negligible,3413157.0
2992,56,7,29.50973,97.38505,Residential,Masonry,6,2007,2,184.8,Dilapidated,High,948907.0
2993,40,5,28.08801,97.88471,Institutional,Kutcha,5,1961,38,271.6,Fair,Medium,1977027.0
2994,27,3,25.31576,90.61951,Commercial,Kutcha,5,2021,25,274.3,Fair,High,679919.0
2995,30,3,25.49937,92.56412,Residential,Steel,3,1999,36,238.9,Dilapidated,High,3138266.0
2996,28,3,29.09428,93.29384,Residential,Steel,1,1967,28,306.1,Fair,Low,963236.0
2997,2,1,24.08987,91.36994,Institutional,Timber,3,2007,28,401.0,Good,High,389958.0
2998,40,5,28.06246,97.78431,Mixed,Reinforced Concrete,1,2015,5,25.3,Poor,High,1735778.0
2999,12,1,26.92205,97.99902,Institutional,Masonry,2,1979,30,229.1,Good,Medium,3563366.0
3000,43,5,29.73104,97.44695,Institutional,Steel,3,1981,3,69.8,Fair,High,2046484.0
