record_id,slope_id,district_id,datetime,lat,lon,los_displacement_mm,vertical_displacement_mm,horizontal_displacement_mm,displacement_rate_mm_yr,phase_difference_rad,coherence_loss_pct,strain_rate,coherence,satellite,orbit_direction,movement_class
1,109,47,2022-08-25 11:36:16,29.656228,99.463175,1.9,1.71,0.57,0.43,3.81,9.01,0.0292,0.791,Sentinel-1,Descending,Very Active
2,268,58,2023-09-05 10:11:08,27.091528,94.196527,-40.63,-36.57,-12.19,10.17,2.04,3.6,0.0304,0.394,COSMO-SkyMed,Ascending,Active
3,189,17,2019-12-23 19:02:33,23.745701,92.959317,9.42,8.48,2.83,13.87,4.75,6.6,0.0074,0.912,COSMO-SkyMed,Descending,Active
4,123,54,2020-03-31 12:16:22,29.724177,91.76461,-40.34,-36.31,-12.1,10.66,4.82,7.55,0.0116,0.552,ALOS-2,Ascending,Very Active
5,349,15,2024-10-12 07:04:21,27.08332,98.484211,-30.41,-27.37,-9.12,0.27,4.82,7.29,0.0213,0.842,COSMO-SkyMed,Ascending,Stable
6,178,33,2020-05-28 04:06:16,23.623086,99.765544,-45.45,-40.91,-13.63,1.83,3.13,5.91,0.0013,0.331,COSMO-SkyMed,Ascending,Stable
7,27,58,2020-07-22 07:58:29,27.168122,94.631269,-42.49,-38.24,-12.75,0.95,4.22,1.46,0.0471,0.6,COSMO-SkyMed,Descending,Very Active
8,229,62,2022-09-03 13:31:12,26.748917,92.010198,-13.69,-12.32,-4.11,1.46,2.8,5.79,0.0404,0.642,COSMO-SkyMed,Descending,Slow Moving
9,446,57,2021-02-28 16:57:30,23.606758,93.369172,-41.09,-36.98,-12.33,8.58,0.41,6.23,0.0193,0.335,COSMO-SkyMed,Ascending,Very Active
10,40,32,2020-01-10 09:22:47,25.131467,95.866286,6.24,5.62,1.87,14.59,3.59,10.97,0.0011,0.344,COSMO-SkyMed,Descending,Slow Moving
11,420,62,2018-11-19 20:16:35,27.073901,92.443969,-16.5,-14.85,-4.95,0.17,2.61,24.89,0.0485,0.426,ALOS-2,Descending,Slow Moving
12,209,48,2019-07-11 03:30:24,27.017976,94.847086,-37.39,-33.65,-11.22,6.41,3.08,1.48,0.0204,0.748,ALOS-2,Descending,Very Active
13,337,59,2023-10-23 12:38:39,25.341129,92.354098,-13.63,-12.27,-4.09,8.06,3.5,24.25,0.0092,0.737,Sentinel-1,Ascending,Slow Moving
14,34,25,2022-04-24 22:00:18,26.518582,96.569829,-4.37,-3.93,-1.31,14.11,3.14,3.06,0.0127,0.575,COSMO-SkyMed,Descending,Slow Moving
15,445,22,2021-08-14 18:53:00,22.671916,96.466669,-42.2,-37.98,-12.66,14.34,2.69,1.69,0.0396,0.662,ALOS-2,Descending,Active
16,327,20,2024-02-02 19:01:28,23.55346,93.495437,-30.51,-27.46,-9.15,11.72,3.78,2.49,0.0343,0.807,ALOS-2,Ascending,Active
17,259,40,2019-07-18 14:56:54,28.004838,97.823511,-36.18,-32.56,-10.85,2.51,1.71,2.36,0.0114,0.811,ALOS-2,Descending,Stable
18,232,47,2023-01-31 17:59:39,29.556928,99.392373,-38.5,-34.65,-11.55,14.75,4.79,18.38,0.0498,0.914,ALOS-2,Ascending,Active
19,304,49,2023-06-06 15:15:04,29.488651,98.688502,-8.35,-7.51,-2.5,14.53,4.28,13.76,0.0272,0.589,COSMO-SkyMed,Ascending,Very Active
20,459,55,2019-06-21 10:50:05,28.697562,94.01477,-24.16,-21.74,-7.25,12.65,4.98,0.31,0.0475,0.774,Sentinel-1,Descending,Very Active
21,275,43,2021-09-27 11:03:15,29.521837,97.878118,-34.98,-31.48,-10.49,4.1,4.55,24.98,0.006,0.313,Sentinel-1,Descending,Very Active
22,326,3,2024-01-01 16:41:48,27.458315,98.886333,-45.78,-41.2,-13.73,5.89,0.52,1.08,0.0149,0.641,ALOS-2,Descending,Stable
23,147,29,2023-07-02 15:15:24,26.207854,98.815041,-22.63,-20.37,-6.79,0.73,2.76,21.03,0.012,0.556,COSMO-SkyMed,Ascending,Slow Moving
24,352,17,2022-02-23 06:21:54,23.729369,93.109703,-12.78,-11.5,-3.83,13.11,0.26,9.81,0.0293,0.406,COSMO-SkyMed,Descending,Stable
25,187,36,2020-12-16 14:10:02,25.367556,90.928405,-25.56,-23.0,-7.67,7.58,4.62,3.61,0.0304,0.806,ALOS-2,Ascending,Active
26,290,18,2022-02-23 05:46:02,29.02389,98.518006,3.26,2.93,0.98,5.69,2.62,18.88,0.0232,0.851,COSMO-SkyMed,Descending,Active
27,24,8,2021-04-11 11:01:43,24.422764,98.934733,-40.12,-36.11,-12.04,7.79,4.36,3.62,0.0254,0.78,COSMO-SkyMed,Ascending,Very Active
28,265,14,2023-02-07 13:14:14,22.511791,92.699139,-35.24,-31.72,-10.57,10.52,1.66,13.65,0.0175,0.55,COSMO-SkyMed,Ascending,Very Active
29,103,56,2024-06-29 02:52:07,29.707635,97.476854,-10.39,-9.35,-3.12,0.99,2.47,18.31,0.0136,0.765,Sentinel-1,Ascending,Stable
30,104,21,2020-04-14 11:29:40,24.26011,99.403686,-13.3,-11.97,-3.99,2.03,1.63,10.87,0.0183,0.73,ALOS-2,Ascending,Stable
31,197,62,2018-09-26 19:02:29,27.257606,92.212118,-1.0,-0.9,-0.3,2.03,3.01,22.0,0.0415,0.438,COSMO-SkyMed,Descending,Stable
32,100,35,2023-08-07 08:20:26,22.956245,91.897635,-37.55,-33.8,-11.26,4.33,2.35,12.34,0.0094,0.601,ALOS-2,Ascending,Active
33,364,17,2018-12-01 00:18:41,23.918402,92.699491,-38.79,-34.91,-11.64,0.19,3.13,0.82,0.0391,0.711,ALOS-2,Descending,Slow Moving
34,429,40,2019-08-15 05:53:53,28.28145,97.576982,-5.37,-4.83,-1.61,14.01,2.85,17.07,0.0168,0.335,ALOS-2,Ascending,Stable
35,107,47,2024-04-18 12:04:32,29.356888,99.187232,-37.46,-33.71,-11.24,6.81,1.01,19.03,0.0088,0.908,Sentinel-1,Ascending,Slow Moving
36,282,32,2022-09-20 04:29:30,25.26955,95.836337,4.61,4.15,1.38,4.31,1.47,24.48,0.0284,0.963,ALOS-2,Ascending,Very Active
37,93,29,2022-01-05 02:42:24,25.971908,99.058289,5.57,5.01,1.67,4.43,3.96,24.98,0.0259,0.889,ALOS-2,Descending,Active
38,153,27,2019-01-27 13:00:10,25.329309,90.810956,-36.18,-32.56,-10.85,0.2,0.15,21.74,0.0033,0.51,Sentinel-1,Ascending,Slow Moving
39,156,3,2023-04-25 10:42:28,27.602016,98.683288,2.28,2.05,0.68,0.68,2.05,1.27,0.0152,0.744,ALOS-2,Ascending,Very Active
40,126,31,2018-10-17 20:48:24,27.86167,95.25569,-40.41,-36.37,-12.12,1.5,2.42,11.34,0.0338,0.823,Sentinel-1,Ascending,Very Active
41,243,37,2020-01-07 19:10:59,26.722979,94.56793,-21.03,-18.93,-6.31,7.23,0.9,21.01,0.0376,0.928,Sentinel-1,Descending,Stable
42,294,22,2020-08-14 07:29:57,22.426143,96.537481,-43.7,-39.33,-13.11,0.09,2.58,1.06,0.0225,0.942,Sentinel-1,Ascending,Very Active
43,214,18,2021-04-06 11:43:27,28.971618,98.801064,-26.12,-23.51,-7.84,1.95,2.23,24.5,0.0399,0.574,Sentinel-1,Ascending,Active
44,107,47,2023-12-02 21:04:22,29.356888,99.187232,-13.26,-11.93,-3.98,0.22,3.48,4.99,0.0001,0.905,ALOS-2,Descending,Very Active
45,247,49,2019-07-12 11:28:15,29.688061,99.057319,-18.48,-16.63,-5.54,1.95,2.16,7.19,0.0388,0.605,COSMO-SkyMed,Ascending,Stable
46,471,58,2023-05-07 23:58:33,27.218379,94.346235,-25.9,-23.31,-7.77,11.88,3.76,6.98,0.0065,0.953,ALOS-2,Descending,Stable
47,350,18,2022-01-15 22:57:02,29.0033,98.429622,-19.66,-17.69,-5.9,5.05,1.13,24.42,0.0291,0.834,ALOS-2,Ascending,Slow Moving
48,361,43,2021-07-10 05:51:27,30.037962,97.480362,-39.56,-35.6,-11.87,1.57,0.07,24.42,0.0495,0.728,ALOS-2,Descending,Slow Moving
49,427,53,2020-12-10 14:11:24,28.403369,91.356338,2.79,2.51,0.84,7.42,2.81,12.34,0.0437,0.77,Sentinel-1,Ascending,Very Active
50,177,17,2024-05-20 08:08:05,24.106804,92.72764,-3.59,-3.23,-1.08,11.78,1.24,6.27,0.0438,0.656,COSMO-SkyMed,Ascending,Stable
51,153,27,2021-05-27 11:10:05,25.329309,90.810956,-27.58,-24.82,-8.27,14.68,2.59,1.19,0.0173,0.758,ALOS-2,Ascending,Stable
52,337,59,2018-07-26 14:10:48,25.341129,92.354098,-32.3,-29.07,-9.69,11.03,2.47,17.86,0.0374,0.82,ALOS-2,Ascending,Slow Moving
53,36,33,2021-12-11 10:44:10,23.734202,100.15709,-4.84,-4.36,-1.45,4.28,4.61,22.51,0.0032,0.604,ALOS-2,Descending,Active
54,463,56,2018-10-21 12:28:29,29.365963,97.846457,4.48,4.03,1.34,10.17,1.52,20.26,0.013,0.497,ALOS-2,Ascending,Slow Moving
55,140,5,2023-01-02 22:34:38,23.883246,95.296468,8.92,8.03,2.68,7.3,4.9,3.23,0.0015,0.46,COSMO-SkyMed,Descending,Active
56,476,22,2022-11-09 22:42:20,22.652412,96.58018,-13.0,-11.7,-3.9,4.66,1.19,3.5,0.0306,0.401,COSMO-SkyMed,Ascending,Stable
57,15,17,2024-09-19 08:30:58,23.810648,92.715141,-4.01,-3.61,-1.2,9.13,2.86,6.03,0.0434,0.5,ALOS-2,Ascending,Slow Moving
58,31,57,2022-04-24 17:53:30,23.900617,93.129951,-28.2,-25.38,-8.46,13.37,2.92,4.08,0.0232,0.931,Sentinel-1,Descending,Active
59,294,22,2024-05-12 21:19:05,22.426143,96.537481,-45.32,-40.79,-13.6,2.85,3.73,5.03,0.0142,0.814,Sentinel-1,Ascending,Slow Moving
60,169,36,2023-03-07 00:56:50,25.251692,90.375718,-21.05,-18.95,-6.32,1.9,1.3,14.78,0.0188,0.72,ALOS-2,Ascending,Stable
61,499,9,2024-04-14 01:17:21,27.665229,93.397675,-21.41,-19.27,-6.42,5.66,4.55,6.08,0.0141,0.92,Sentinel-1,Descending,Slow Moving
62,156,3,2018-08-23 19:16:43,27.602016,98.683288,-30.33,-27.3,-9.1,13.56,3.08,7.75,0.0153,0.909,ALOS-2,Descending,Stable
63,423,20,2019-04-22 12:58:44,23.408365,93.288048,-14.07,-12.66,-4.22,1.73,2.45,5.21,0.0469,0.336,ALOS-2,Descending,Very Active
64,34,25,2023-12-11 08:45:09,26.518582,96.569829,-48.36,-43.52,-14.51,8.93,2.49,21.05,0.0044,0.494,ALOS-2,Descending,Stable
65,78,21,2023-03-06 05:50:26,23.984472,99.453272,-17.34,-15.61,-5.2,11.67,3.93,0.39,0.003,0.618,COSMO-SkyMed,Ascending,Active
66,183,43,2024-03-17 13:13:53,30.016291,97.643172,2.79,2.51,0.84,13.27,4.91,8.39,0.0139,0.349,Sentinel-1,Descending,Stable
67,91,53,2024-06-28 14:42:18,27.871598,91.324592,-27.43,-24.69,-8.23,1.76,2.85,22.03,0.0048,0.659,COSMO-SkyMed,Ascending,Stable
68,24,8,2024-12-21 09:46:44,24.422764,98.934733,-5.08,-4.57,-1.52,12.24,2.72,5.68,0.0355,0.431,Sentinel-1,Ascending,Stable
69,252,46,2021-06-18 14:00:05,23.303143,97.376284,6.01,5.41,1.8,10.94,2.13,1.76,0.0218,0.687,ALOS-2,Ascending,Active
70,260,51,2019-01-25 03:46:45,29.718081,90.680899,8.5,7.65,2.55,3.49,0.22,15.9,0.0286,0.95,Sentinel-1,Ascending,Stable
71,215,22,2019-04-13 06:44:41,22.777328,96.620786,-32.46,-29.21,-9.74,4.24,3.16,8.13,0.0096,0.562,COSMO-SkyMed,Descending,Active
72,320,23,2019-09-01 14:00:22,27.83514,91.587757,-7.04,-6.34,-2.11,14.91,1.07,9.91,0.0398,0.708,Sentinel-1,Ascending,Stable
73,159,55,2020-03-27 04:14:46,28.682887,94.211199,-22.26,-20.03,-6.68,12.99,1.66,3.82,0.0271,0.87,ALOS-2,Descending,Slow Moving
74,479,15,2023-04-17 08:24:50,26.846962,98.462449,-0.1,-0.09,-0.03,11.19,1.8,1.4,0.0042,0.618,ALOS-2,Descending,Slow Moving
75,108,42,2023-10-25 16:35:28,22.138296,97.018494,5.35,4.81,1.6,6.98,0.44,15.44,0.0409,0.977,COSMO-SkyMed,Ascending,Active
76,13,31,2022-08-23 16:36:00,28.234302,95.257204,-19.84,-17.86,-5.95,1.19,3.36,1.87,0.0023,0.674,COSMO-SkyMed,Descending,Stable
77,180,62,2020-06-15 06:14:23,27.108415,92.327563,-18.57,-16.71,-5.57,0.75,3.04,7.16,0.0408,0.536,ALOS-2,Ascending,Slow Moving
78,139,3,2018-02-16 15:15:42,27.411413,98.746416,-48.58,-43.72,-14.57,6.92,4.0,1.24,0.0445,0.489,ALOS-2,Descending,Very Active
79,475,57,2022-06-01 16:37:47,23.555858,93.277727,-12.62,-11.36,-3.79,1.59,1.36,0.93,0.0076,0.895,ALOS-2,Descending,Stable
80,423,20,2024-08-04 01:13:02,23.408365,93.288048,-4.67,-4.2,-1.4,10.29,4.76,13.26,0.0249,0.55,Sentinel-1,Descending,Very Active
81,185,1,2022-10-12 08:19:07,27.261587,89.954368,-24.44,-22.0,-7.33,9.76,1.63,18.43,0.0381,0.513,Sentinel-1,Ascending,Slow Moving
82,264,39,2018-09-20 13:13:52,27.661056,91.296424,-49.19,-44.27,-14.76,1.83,3.48,4.3,0.0123,0.463,ALOS-2,Ascending,Stable
83,122,33,2020-06-02 16:27:32,23.835846,99.749724,-24.67,-22.2,-7.4,1.84,3.43,21.68,0.007,0.733,Sentinel-1,Ascending,Active
84,282,32,2024-07-25 08:32:12,25.26955,95.836337,8.61,7.75,2.58,1.5,0.79,5.78,0.0137,0.646,ALOS-2,Descending,Very Active
85,331,24,2018-03-20 10:19:19,24.03039,99.164713,-38.63,-34.77,-11.59,8.36,3.1,24.72,0.0335,0.777,ALOS-2,Descending,Active
86,193,62,2019-05-27 11:34:13,27.274468,92.477288,6.55,5.89,1.96,1.79,1.41,8.05,0.0249,0.52,Sentinel-1,Descending,Slow Moving
87,302,59,2022-08-27 15:43:24,25.339381,92.599878,-24.35,-21.92,-7.3,9.45,1.47,0.35,0.0066,0.848,Sentinel-1,Ascending,Stable
88,315,31,2024-07-20 03:48:44,28.121064,95.109972,-31.31,-28.18,-9.39,12.74,3.09,10.94,0.0066,0.834,COSMO-SkyMed,Descending,Very Active
89,482,6,2018-11-02 05:11:47,26.428947,96.96086,-4.09,-3.68,-1.23,5.76,3.8,8.31,0.0461,0.929,ALOS-2,Descending,Stable
90,82,20,2022-07-11 02:19:08,23.307983,93.374618,-35.97,-32.37,-10.79,3.53,3.12,17.13,0.002,0.588,Sentinel-1,Descending,Very Active
91,383,6,2021-01-12 10:58:38,26.710904,96.968593,-2.54,-2.29,-0.76,1.41,1.33,15.56,0.0072,0.58,Sentinel-1,Descending,Slow Moving
92,76,7,2023-06-28 20:53:26,26.280037,92.083953,-31.94,-28.75,-9.58,8.47,1.97,14.62,0.0097,0.662,COSMO-SkyMed,Ascending,Very Active
93,458,31,2018-10-19 04:11:07,27.969395,95.561385,-26.07,-23.46,-7.82,3.09,1.76,24.98,0.0402,0.831,ALOS-2,Ascending,Stable
94,112,20,2024-10-22 01:44:42,23.283767,93.789626,-16.97,-15.27,-5.09,7.5,0.23,20.42,0.0389,0.575,Sentinel-1,Ascending,Slow Moving
95,452,34,2023-02-16 22:19:17,25.755499,97.685292,-20.72,-18.65,-6.22,12.78,4.78,12.24,0.0105,0.65,COSMO-SkyMed,Descending,Slow Moving
96,156,3,2020-12-06 19:34:15,27.602016,98.683288,-23.34,-21.01,-7.0,5.52,0.09,23.16,0.0207,0.417,ALOS-2,Descending,Slow Moving
97,301,14,2024-05-20 00:49:08,22.73079,92.906822,-30.02,-27.02,-9.01,10.01,0.46,9.74,0.01,0.931,ALOS-2,Ascending,Slow Moving
98,149,8,2021-09-05 12:39:13,24.381092,98.526048,-31.87,-28.68,-9.56,13.25,1.04,6.1,0.022,0.455,COSMO-SkyMed,Ascending,Slow Moving
99,473,11,2020-03-13 21:40:47,22.542228,90.916608,-11.98,-10.78,-3.59,14.43,0.88,21.06,0.016,0.946,ALOS-2,Descending,Very Active
100,178,33,2018-02-13 16:55:34,23.623086,99.765544,-8.79,-7.91,-2.64,6.45,4.91,18.13,0.0042,0.541,Sentinel-1,Ascending,Very Active
101,251,21,2024-03-09 15:30:28,23.850747,99.338708,-31.19,-28.07,-9.36,9.35,2.8,13.24,0.0321,0.886,Sentinel-1,Ascending,Active
102,215,22,2022-06-12 06:02:10,22.777328,96.620786,-14.03,-12.63,-4.21,1.03,3.46,14.79,0.0377,0.811,COSMO-SkyMed,Ascending,Active
103,328,58,2023-04-04 09:33:23,27.480763,94.533497,-37.35,-33.62,-11.21,9.56,0.5,18.42,0.0305,0.436,ALOS-2,Ascending,Very Active
104,438,41,2024-06-25 01:38:05,22.650436,94.33568,-14.69,-13.22,-4.41,0.85,1.65,5.15,0.0347,0.954,ALOS-2,Ascending,Slow Moving
105,386,9,2018-03-28 07:01:01,27.803067,93.583435,-2.86,-2.57,-0.86,8.76,1.73,18.93,0.0051,0.415,Sentinel-1,Descending,Slow Moving
106,166,39,2024-05-05 09:52:18,27.31121,91.401515,-42.5,-38.25,-12.75,10.6,1.74,19.84,0.0326,0.423,Sentinel-1,Descending,Slow Moving
107,440,51,2022-10-12 21:25:44,29.312801,91.037932,-48.81,-43.93,-14.64,2.46,1.85,12.78,0.041,0.806,Sentinel-1,Ascending,Active
108,427,53,2023-09-24 00:55:25,28.403369,91.356338,-5.07,-4.56,-1.52,0.96,3.88,12.31,0.0174,0.862,ALOS-2,Ascending,Stable
109,459,55,2021-11-21 04:15:40,28.697562,94.01477,3.71,3.34,1.11,10.11,3.95,17.83,0.009,0.38,ALOS-2,Descending,Slow Moving
110,95,4,2018-11-20 02:08:48,27.01344,90.096229,-28.23,-25.41,-8.47,5.18,0.11,22.89,0.0436,0.671,ALOS-2,Ascending,Slow Moving
111,488,17,2024-03-18 01:14:49,23.704532,93.17451,-1.99,-1.79,-0.6,9.5,3.93,2.75,0.0167,0.54,Sentinel-1,Descending,Active
112,165,26,2024-03-22 05:05:10,23.722243,90.254701,-37.48,-33.73,-11.24,2.76,4.27,14.44,0.0172,0.88,Sentinel-1,Ascending,Very Active
113,460,49,2018-07-22 14:17:08,29.547111,98.666982,-13.68,-12.31,-4.1,3.13,1.31,24.53,0.0265,0.428,Sentinel-1,Descending,Slow Moving
114,400,48,2022-12-22 21:17:06,26.969184,95.065953,9.01,8.11,2.7,6.23,0.61,5.52,0.004,0.954,ALOS-2,Descending,Very Active
115,376,55,2023-02-28 08:58:57,29.03955,94.528524,-24.87,-22.38,-7.46,11.72,2.17,15.9,0.0272,0.944,COSMO-SkyMed,Descending,Stable
116,174,33,2024-05-06 13:30:12,23.852207,100.184189,-28.96,-26.06,-8.69,4.65,2.22,14.21,0.01,0.565,Sentinel-1,Descending,Active
117,248,28,2024-08-05 07:34:47,29.176629,93.211558,-27.89,-25.1,-8.37,5.59,0.88,11.82,0.029,0.509,Sentinel-1,Descending,Stable
118,104,21,2020-02-17 16:00:09,24.26011,99.403686,-31.02,-27.92,-9.31,10.81,3.06,16.21,0.0112,0.835,ALOS-2,Ascending,Active
119,76,7,2022-06-27 05:47:36,26.280037,92.083953,-21.89,-19.7,-6.57,3.43,0.12,15.22,0.0396,0.833,ALOS-2,Descending,Very Active
120,379,43,2019-02-15 13:36:50,29.554443,97.854936,-6.39,-5.75,-1.92,4.93,3.89,4.67,0.0264,0.428,ALOS-2,Ascending,Stable
121,236,28,2020-12-10 22:02:06,28.919885,93.039243,4.15,3.74,1.25,4.0,2.49,10.88,0.0437,0.664,Sentinel-1,Ascending,Slow Moving
122,151,43,2019-03-21 22:25:27,30.048814,97.400382,-40.56,-36.5,-12.17,6.08,2.7,3.11,0.0288,0.57,Sentinel-1,Descending,Slow Moving
123,59,29,2022-08-04 13:10:20,26.111958,98.738146,-33.04,-29.74,-9.91,5.61,3.87,4.78,0.0216,0.415,ALOS-2,Descending,Stable
124,199,1,2024-02-14 07:54:27,26.941851,90.298705,8.24,7.42,2.47,6.57,4.74,20.3,0.0283,0.658,Sentinel-1,Ascending,Slow Moving
125,281,58,2021-07-26 03:26:59,27.261658,94.336423,-26.62,-23.96,-7.99,0.92,4.46,19.51,0.0346,0.429,ALOS-2,Descending,Very Active
126,117,50,2019-09-24 15:28:14,24.087047,92.629185,-23.12,-20.81,-6.94,1.74,0.55,12.21,0.0453,0.974,ALOS-2,Descending,Slow Moving
127,95,4,2019-06-16 13:36:26,27.01344,90.096229,-6.3,-5.67,-1.89,11.36,0.27,22.05,0.0436,0.44,COSMO-SkyMed,Descending,Active
128,53,12,2024-11-09 05:49:13,27.111035,97.946169,-30.89,-27.8,-9.27,11.76,0.46,2.66,0.0139,0.965,ALOS-2,Ascending,Active
129,229,62,2021-10-08 01:46:14,26.748917,92.010198,-12.0,-10.8,-3.6,13.15,4.79,15.85,0.0264,0.367,Sentinel-1,Descending,Active
130,67,48,2020-09-22 19:37:54,26.942407,94.764725,-12.66,-11.39,-3.8,2.9,3.28,12.1,0.0195,0.754,ALOS-2,Ascending,Stable
131,141,24,2018-06-11 03:31:13,24.047224,99.397024,1.15,1.03,0.34,9.04,4.82,12.89,0.0454,0.915,COSMO-SkyMed,Ascending,Slow Moving
132,17,21,2022-04-19 00:46:36,24.223339,99.611262,-39.84,-35.86,-11.95,1.61,3.0,12.58,0.0109,0.683,ALOS-2,Descending,Very Active
133,242,17,2021-10-02 16:34:55,24.057441,93.082815,-33.51,-30.16,-10.05,8.71,4.95,16.92,0.0314,0.506,Sentinel-1,Ascending,Slow Moving
134,326,3,2022-07-10 20:44:51,27.458315,98.886333,-26.71,-24.04,-8.01,14.19,0.86,1.09,0.028,0.699,Sentinel-1,Ascending,Active
135,115,9,2018-08-20 04:30:53,27.539125,93.695468,0.71,0.64,0.21,7.34,2.1,23.77,0.0057,0.593,COSMO-SkyMed,Ascending,Active
136,183,43,2021-07-05 23:02:49,30.016291,97.643172,-27.2,-24.48,-8.16,9.47,0.59,13.11,0.0077,0.462,ALOS-2,Ascending,Active
137,144,5,2024-02-25 06:16:02,23.842084,94.761016,5.8,5.22,1.74,9.87,0.67,14.77,0.013,0.599,COSMO-SkyMed,Ascending,Slow Moving
138,165,26,2020-09-12 04:46:06,23.722243,90.254701,3.49,3.14,1.05,13.85,2.13,16.38,0.0307,0.667,Sentinel-1,Ascending,Very Active
139,159,55,2023-01-04 13:52:55,28.682887,94.211199,-38.71,-34.84,-11.61,9.2,3.78,3.53,0.0377,0.305,Sentinel-1,Ascending,Very Active
140,62,43,2024-07-14 11:52:00,29.791729,97.703065,-10.38,-9.34,-3.11,4.12,2.29,16.12,0.0262,0.839,ALOS-2,Descending,Very Active
141,69,58,2024-08-01 15:00:08,27.388109,94.162353,-25.99,-23.39,-7.8,2.87,0.88,10.11,0.0093,0.794,ALOS-2,Ascending,Slow Moving
142,196,48,2024-12-05 15:55:44,27.015245,94.710167,-15.25,-13.72,-4.58,6.31,4.58,10.81,0.0269,0.663,Sentinel-1,Ascending,Stable
143,182,2,2020-10-03 05:22:31,23.972727,91.641004,-39.39,-35.45,-11.82,10.51,3.59,16.48,0.0055,0.876,COSMO-SkyMed,Descending,Active
144,417,57,2019-02-10 11:29:45,23.438549,93.308675,-35.62,-32.06,-10.69,14.98,2.64,22.51,0.0,0.32,ALOS-2,Descending,Stable
145,269,36,2021-06-17 18:07:54,25.138725,90.660817,-16.77,-15.09,-5.03,4.06,4.74,8.61,0.0491,0.378,COSMO-SkyMed,Descending,Slow Moving
146,262,52,2020-09-21 20:37:23,28.615591,99.768697,-19.23,-17.31,-5.77,8.9,2.85,10.4,0.0473,0.474,COSMO-SkyMed,Ascending,Stable
147,76,7,2019-09-30 23:25:50,26.280037,92.083953,-33.2,-29.88,-9.96,11.2,0.55,12.18,0.0138,0.689,Sentinel-1,Ascending,Slow Moving
148,1,54,2023-05-31 18:54:36,29.299517,91.869569,-30.28,-27.25,-9.08,8.76,1.94,22.08,0.0116,0.461,Sentinel-1,Descending,Stable
149,166,39,2020-10-01 19:51:06,27.31121,91.401515,-17.46,-15.71,-5.24,6.15,4.13,16.53,0.024,0.623,COSMO-SkyMed,Ascending,Active
150,229,62,2020-07-07 04:18:01,26.748917,92.010198,-19.47,-17.52,-5.84,14.0,3.21,3.2,0.0478,0.403,Sentinel-1,Ascending,Very Active
151,59,29,2023-11-15 14:27:06,26.111958,98.738146,-34.91,-31.42,-10.47,4.51,1.68,18.2,0.0499,0.335,Sentinel-1,Descending,Active
152,368,31,2023-10-07 15:52:19,27.880544,95.274703,-10.69,-9.62,-3.21,2.91,1.34,4.68,0.0131,0.694,Sentinel-1,Descending,Slow Moving
153,173,36,2018-11-02 19:43:52,25.403382,90.934537,-20.06,-18.05,-6.02,4.15,0.99,1.61,0.0369,0.876,COSMO-SkyMed,Descending,Stable
154,299,45,2023-06-02 17:49:36,28.971276,95.15497,-0.13,-0.12,-0.04,9.3,4.7,19.54,0.0001,0.877,Sentinel-1,Ascending,Active
155,327,20,2021-06-06 15:51:43,23.55346,93.495437,6.1,5.49,1.83,12.69,0.33,12.51,0.0358,0.874,COSMO-SkyMed,Ascending,Slow Moving
156,392,54,2022-04-09 17:00:00,29.301955,91.601051,-28.94,-26.05,-8.68,7.81,1.88,1.68,0.0141,0.699,Sentinel-1,Ascending,Slow Moving
157,106,23,2023-04-04 21:07:19,27.633732,91.865192,-20.37,-18.33,-6.11,0.66,1.85,11.61,0.0349,0.643,ALOS-2,Ascending,Active
158,372,26,2020-04-21 11:27:56,23.909378,90.209233,-29.76,-26.78,-8.93,1.07,0.3,7.25,0.0498,0.987,Sentinel-1,Descending,Slow Moving
159,201,13,2020-05-05 06:24:30,26.469822,99.874325,-38.74,-34.87,-11.62,8.33,4.7,8.29,0.046,0.684,Sentinel-1,Ascending,Slow Moving
160,200,32,2020-11-14 04:21:31,25.253819,95.955728,-46.34,-41.71,-13.9,14.41,2.63,13.21,0.0068,0.681,Sentinel-1,Ascending,Very Active
161,151,43,2022-06-24 00:59:15,30.048814,97.400382,-26.69,-24.02,-8.01,8.08,4.95,22.96,0.0416,0.855,ALOS-2,Ascending,Very Active
162,493,34,2019-09-29 14:56:16,25.807601,97.549356,-49.95,-44.96,-14.98,10.08,4.74,10.07,0.0341,0.381,COSMO-SkyMed,Descending,Slow Moving
163,320,23,2022-02-22 14:26:33,27.83514,91.587757,-4.41,-3.97,-1.32,13.55,1.76,2.49,0.0136,0.685,COSMO-SkyMed,Ascending,Slow Moving
164,294,22,2018-04-28 09:47:48,22.426143,96.537481,0.72,0.65,0.22,4.98,3.75,8.28,0.0353,0.739,ALOS-2,Descending,Stable
165,264,39,2018-08-12 00:05:53,27.661056,91.296424,-3.92,-3.53,-1.18,6.16,2.84,1.12,0.0259,0.8,Sentinel-1,Descending,Slow Moving
166,52,54,2020-06-05 01:48:12,29.502734,91.868619,-49.31,-44.38,-14.79,6.42,2.03,7.63,0.03,0.613,Sentinel-1,Ascending,Very Active
167,109,47,2023-01-11 19:50:39,29.656228,99.463175,-46.58,-41.92,-13.97,6.79,2.55,7.37,0.011,0.852,ALOS-2,Ascending,Active
168,383,6,2021-04-16 18:28:06,26.710904,96.968593,-45.36,-40.82,-13.61,7.17,3.04,12.15,0.0393,0.769,Sentinel-1,Descending,Very Active
169,147,29,2022-04-04 11:14:14,26.207854,98.815041,-11.4,-10.26,-3.42,5.61,1.18,20.44,0.0204,0.475,Sentinel-1,Descending,Active
170,398,46,2019-04-13 05:47:31,23.239685,97.578303,-48.96,-44.06,-14.69,3.96,0.59,4.05,0.0352,0.637,Sentinel-1,Ascending,Stable
171,62,43,2023-12-25 23:09:11,29.791729,97.703065,-38.64,-34.78,-11.59,3.5,4.9,17.83,0.0263,0.52,Sentinel-1,Descending,Slow Moving
172,442,7,2023-01-17 15:22:24,26.416605,91.944927,-42.8,-38.52,-12.84,9.68,0.7,20.04,0.0072,0.353,Sentinel-1,Ascending,Very Active
173,434,13,2018-05-10 09:41:19,26.433089,99.834505,-44.76,-40.28,-13.43,7.63,2.36,13.51,0.0419,0.428,Sentinel-1,Descending,Active
174,436,18,2021-09-23 17:34:16,28.950604,98.644752,3.92,3.53,1.18,11.76,4.85,3.59,0.0143,0.344,COSMO-SkyMed,Ascending,Active
175,376,55,2024-09-22 00:27:06,29.03955,94.528524,-23.72,-21.35,-7.12,3.55,1.85,20.22,0.0163,0.78,COSMO-SkyMed,Descending,Stable
176,157,27,2021-07-16 10:18:36,25.096892,90.693175,-16.78,-15.1,-5.03,7.21,0.07,5.86,0.0475,0.507,Sentinel-1,Ascending,Slow Moving
177,368,31,2020-04-26 17:06:14,27.880544,95.274703,-17.99,-16.19,-5.4,11.59,1.45,18.74,0.0211,0.667,COSMO-SkyMed,Descending,Slow Moving
178,245,60,2023-12-21 01:04:17,24.568978,96.050565,-10.02,-9.02,-3.01,13.13,0.57,7.57,0.0163,0.762,Sentinel-1,Descending,Stable
179,150,17,2020-08-28 01:48:35,23.640753,92.666347,-16.16,-14.54,-4.85,10.19,4.33,6.07,0.0006,0.394,Sentinel-1,Ascending,Active
180,382,31,2019-10-16 00:32:12,27.758033,95.37008,-23.48,-21.13,-7.04,5.9,1.37,1.69,0.0315,0.81,ALOS-2,Ascending,Stable
181,106,23,2024-02-09 20:41:18,27.633732,91.865192,-5.11,-4.6,-1.53,2.94,3.05,10.52,0.05,0.704,Sentinel-1,Descending,Active
182,476,22,2021-04-22 03:39:41,22.652412,96.58018,-47.87,-43.08,-14.36,9.6,2.74,22.54,0.0428,0.959,Sentinel-1,Ascending,Very Active
183,393,48,2023-02-06 09:47:13,26.647191,94.990145,-40.87,-36.78,-12.26,4.75,2.41,2.35,0.0217,0.524,ALOS-2,Ascending,Active
184,278,33,2023-06-11 20:04:31,23.963182,100.186903,-49.81,-44.83,-14.94,14.84,0.24,9.42,0.0118,0.973,ALOS-2,Ascending,Stable
185,447,12,2020-02-29 23:56:56,26.74749,97.815539,-38.63,-34.77,-11.59,12.4,0.22,3.39,0.0407,0.921,Sentinel-1,Descending,Slow Moving
186,480,56,2018-04-06 01:12:49,29.173291,97.368179,2.12,1.91,0.64,2.8,0.68,18.31,0.0404,0.854,Sentinel-1,Descending,Active
187,92,15,2024-10-31 01:05:18,27.214333,98.398767,-38.67,-34.8,-11.6,8.66,2.13,21.24,0.0007,0.608,COSMO-SkyMed,Ascending,Slow Moving
188,236,28,2022-02-14 14:27:25,28.919885,93.039243,-26.73,-24.06,-8.02,8.36,1.95,3.71,0.0445,0.538,ALOS-2,Ascending,Stable
189,15,17,2018-04-03 00:20:16,23.810648,92.715141,-46.68,-42.01,-14.0,11.36,4.76,5.62,0.0418,0.756,Sentinel-1,Descending,Stable
190,40,32,2020-11-04 08:52:54,25.131467,95.866286,-17.12,-15.41,-5.14,12.46,4.53,14.32,0.0107,0.656,ALOS-2,Descending,Stable
191,154,46,2022-03-29 01:12:47,23.507808,97.431788,-44.19,-39.77,-13.26,11.76,0.06,24.47,0.0054,0.528,COSMO-SkyMed,Ascending,Very Active
192,206,9,2020-01-23 09:45:37,27.425876,93.253488,-32.58,-29.32,-9.77,12.13,0.5,3.54,0.037,0.962,COSMO-SkyMed,Ascending,Stable
193,225,42,2022-12-05 00:45:23,22.283042,97.420147,-15.46,-13.91,-4.64,13.73,4.91,17.85,0.0455,0.496,COSMO-SkyMed,Ascending,Slow Moving
194,410,11,2019-04-09 13:07:14,22.458735,91.145159,-37.46,-33.71,-11.24,2.72,1.59,12.98,0.0421,0.894,ALOS-2,Descending,Stable
195,486,25,2018-09-14 05:44:31,26.596999,96.691512,-29.72,-26.75,-8.92,1.97,0.99,12.48,0.0278,0.329,COSMO-SkyMed,Descending,Stable
196,112,20,2024-07-05 19:15:38,23.283767,93.789626,-43.23,-38.91,-12.97,3.11,0.58,13.68,0.0242,0.721,ALOS-2,Descending,Very Active
197,110,13,2020-05-29 03:36:32,26.408118,99.864423,-27.7,-24.93,-8.31,4.77,2.84,17.67,0.0482,0.432,ALOS-2,Ascending,Slow Moving
198,353,3,2019-12-13 17:21:10,27.4476,99.138016,-10.02,-9.02,-3.01,2.82,2.76,11.14,0.0158,0.868,COSMO-SkyMed,Descending,Slow Moving
199,103,56,2019-01-21 08:11:54,29.707635,97.476854,-0.89,-0.8,-0.27,12.85,0.1,8.59,0.0008,0.816,Sentinel-1,Ascending,Very Active
200,192,15,2024-04-30 01:05:39,27.226034,98.589955,-29.17,-26.25,-8.75,13.72,1.22,18.04,0.039,0.406,ALOS-2,Ascending,Active
201,157,27,2020-07-01 14:10:55,25.096892,90.693175,-48.0,-43.2,-14.4,9.74,2.52,9.35,0.0244,0.822,ALOS-2,Descending,Very Active
202,46,15,2024-06-12 18:21:29,26.852556,98.778503,6.01,5.41,1.8,10.07,0.6,21.67,0.0006,0.903,Sentinel-1,Ascending,Very Active
203,157,27,2019-06-08 20:09:59,25.096892,90.693175,-47.95,-43.16,-14.38,3.52,3.57,16.75,0.0347,0.524,COSMO-SkyMed,Ascending,Active
204,128,44,2020-04-23 08:53:17,29.383988,98.690641,-39.5,-35.55,-11.85,14.41,4.49,13.85,0.0035,0.617,ALOS-2,Ascending,Very Active
205,355,23,2023-09-01 21:36:21,27.88338,91.793116,7.07,6.36,2.12,8.83,4.85,5.93,0.0043,0.822,Sentinel-1,Ascending,Active
206,303,32,2019-08-07 16:49:10,25.607005,95.667644,-40.73,-36.66,-12.22,13.73,4.18,21.42,0.0311,0.816,ALOS-2,Ascending,Active
207,136,46,2023-08-29 22:08:48,23.397976,97.550215,-1.24,-1.12,-0.37,8.36,2.93,6.95,0.0485,0.382,COSMO-SkyMed,Descending,Stable
208,370,41,2021-12-16 21:09:45,23.12008,94.507745,8.45,7.6,2.53,12.68,3.9,12.6,0.0128,0.809,COSMO-SkyMed,Ascending,Stable
209,286,9,2018-09-18 03:56:23,27.453683,93.617215,-9.77,-8.79,-2.93,9.91,4.07,5.39,0.0332,0.389,ALOS-2,Descending,Stable
210,446,57,2022-07-08 07:33:01,23.606758,93.369172,-33.33,-30.0,-10.0,8.72,0.73,19.11,0.0288,0.688,COSMO-SkyMed,Descending,Active
211,390,28,2024-09-04 05:13:01,29.255225,93.133367,-31.35,-28.22,-9.4,4.46,0.18,7.88,0.0313,0.472,Sentinel-1,Ascending,Active
212,283,10,2024-11-11 15:00:37,23.861276,97.925047,-33.4,-30.06,-10.02,3.06,0.35,15.99,0.0357,0.611,COSMO-SkyMed,Ascending,Slow Moving
213,314,31,2024-07-09 03:58:48,27.827403,95.527811,6.05,5.45,1.81,1.09,3.91,18.36,0.0027,0.923,ALOS-2,Descending,Very Active
214,310,38,2024-04-29 22:11:17,29.72004,98.756052,-16.6,-14.94,-4.98,14.21,1.71,18.6,0.0095,0.411,COSMO-SkyMed,Descending,Active
215,84,9,2020-01-30 09:12:16,27.753774,93.263759,-49.77,-44.79,-14.93,4.52,3.79,14.1,0.0343,0.933,ALOS-2,Descending,Slow Moving
216,163,6,2024-04-07 08:46:57,26.290437,97.433966,-37.12,-33.41,-11.14,2.57,3.07,2.26,0.0242,0.861,ALOS-2,Ascending,Stable
217,10,27,2024-01-23 04:34:11,25.093907,90.90116,-5.25,-4.73,-1.57,13.64,1.78,4.61,0.0455,0.973,COSMO-SkyMed,Descending,Active
218,383,6,2020-07-09 16:23:18,26.710904,96.968593,-14.96,-13.46,-4.49,1.79,1.47,3.94,0.0276,0.8,COSMO-SkyMed,Descending,Very Active
219,211,39,2022-05-01 13:54:03,27.62036,91.174427,-22.71,-20.44,-6.81,12.6,3.48,13.38,0.0355,0.512,Sentinel-1,Descending,Active
220,136,46,2021-06-18 11:50:19,23.397976,97.550215,1.92,1.73,0.58,12.09,2.88,21.68,0.0258,0.726,COSMO-SkyMed,Descending,Active
221,13,31,2018-04-11 02:46:17,28.234302,95.257204,-35.35,-31.82,-10.61,3.92,0.03,3.33,0.0089,0.735,ALOS-2,Ascending,Slow Moving
222,369,35,2024-10-07 07:59:04,23.437288,91.532883,-40.97,-36.87,-12.29,6.53,0.86,12.89,0.019,0.931,COSMO-SkyMed,Ascending,Very Active
223,409,6,2019-04-21 11:21:07,26.51246,97.094196,-40.95,-36.86,-12.29,8.08,1.35,12.45,0.0025,0.849,ALOS-2,Ascending,Very Active
224,259,40,2024-01-02 11:05:45,28.004838,97.823511,7.51,6.76,2.25,6.78,4.48,15.87,0.0498,0.924,ALOS-2,Ascending,Very Active
225,154,46,2019-11-13 01:34:29,23.507808,97.431788,-41.69,-37.52,-12.51,3.52,4.04,13.02,0.0144,0.794,COSMO-SkyMed,Ascending,Active
226,461,25,2020-07-02 20:29:50,26.440467,96.743405,-15.33,-13.8,-4.6,6.93,0.4,10.88,0.0011,0.342,ALOS-2,Ascending,Stable
227,466,40,2019-11-24 17:32:44,27.956032,97.493747,-20.55,-18.5,-6.17,5.32,0.24,15.35,0.0231,0.528,Sentinel-1,Descending,Slow Moving
228,379,43,2022-03-14 22:53:54,29.554443,97.854936,-31.77,-28.59,-9.53,2.63,0.7,19.56,0.0451,0.621,ALOS-2,Descending,Slow Moving
229,14,37,2022-03-11 20:58:41,26.793015,94.917956,-23.24,-20.92,-6.97,14.11,0.46,19.44,0.0458,0.667,COSMO-SkyMed,Ascending,Active
230,483,39,2018-12-14 09:45:21,27.233979,91.281489,-49.54,-44.59,-14.86,10.61,2.72,7.48,0.0255,0.534,ALOS-2,Ascending,Active
231,28,54,2022-03-13 10:52:19,29.728508,91.938394,-18.84,-16.96,-5.65,6.8,0.45,15.63,0.037,0.632,COSMO-SkyMed,Descending,Very Active
232,398,46,2022-04-06 08:46:13,23.239685,97.578303,-43.78,-39.4,-13.13,9.87,2.48,10.84,0.0243,0.499,COSMO-SkyMed,Ascending,Slow Moving
233,109,47,2024-02-07 18:49:30,29.656228,99.463175,-28.88,-25.99,-8.66,6.05,4.08,16.62,0.0484,0.439,ALOS-2,Descending,Active
234,138,54,2019-06-02 21:32:33,29.581751,91.721919,-13.66,-12.29,-4.1,14.07,1.28,3.77,0.0111,0.869,COSMO-SkyMed,Descending,Very Active
235,326,3,2021-06-27 04:22:33,27.458315,98.886333,-22.75,-20.48,-6.83,13.24,0.12,5.02,0.0248,0.85,COSMO-SkyMed,Ascending,Stable
236,24,8,2020-02-28 00:58:45,24.422764,98.934733,-20.27,-18.24,-6.08,8.05,0.94,18.86,0.0203,0.835,COSMO-SkyMed,Descending,Active
237,408,59,2024-03-23 19:14:04,25.316641,92.346968,0.11,0.1,0.03,14.23,3.5,1.03,0.0329,0.583,COSMO-SkyMed,Descending,Stable
238,158,29,2022-09-24 18:02:04,26.283972,98.591481,8.15,7.34,2.44,8.79,0.73,0.6,0.0394,0.436,ALOS-2,Ascending,Stable
239,162,25,2019-02-04 21:01:12,26.387126,96.870242,-31.01,-27.91,-9.3,7.25,3.51,14.82,0.0015,0.816,ALOS-2,Descending,Active
240,341,45,2024-06-25 00:53:28,28.617857,94.902505,9.33,8.4,2.8,10.58,4.87,5.99,0.0453,0.406,ALOS-2,Descending,Stable
241,345,12,2018-07-31 05:57:22,26.933915,97.835695,-41.71,-37.54,-12.51,4.13,2.09,18.58,0.0269,0.9,COSMO-SkyMed,Descending,Stable
242,233,20,2024-10-12 19:09:22,23.025909,93.576658,-45.24,-40.72,-13.57,9.73,0.6,14.15,0.0184,0.594,Sentinel-1,Ascending,Very Active
243,484,10,2024-01-09 15:56:26,23.425008,97.851893,-3.1,-2.79,-0.93,1.69,3.39,23.26,0.049,0.547,Sentinel-1,Descending,Very Active
244,280,10,2023-05-29 16:43:40,24.020974,97.73694,6.25,5.62,1.88,14.53,2.77,13.66,0.0296,0.832,COSMO-SkyMed,Ascending,Very Active
245,441,56,2023-10-03 23:22:28,29.603785,97.627105,9.19,8.27,2.76,14.86,2.34,17.8,0.0376,0.658,COSMO-SkyMed,Descending,Active
246,246,9,2019-11-06 06:53:07,27.792783,93.383758,-49.8,-44.82,-14.94,10.35,4.28,2.7,0.0278,0.492,ALOS-2,Ascending,Very Active
247,232,47,2022-06-06 11:04:03,29.556928,99.392373,-44.93,-40.44,-13.48,2.13,1.93,5.04,0.0022,0.325,COSMO-SkyMed,Descending,Stable
248,54,13,2022-10-28 12:46:23,26.588159,99.539156,6.01,5.41,1.8,1.58,4.1,7.04,0.041,0.423,Sentinel-1,Descending,Stable
249,495,40,2020-03-29 18:20:49,28.102326,97.67112,-3.81,-3.43,-1.14,8.03,0.93,23.85,0.0264,0.355,COSMO-SkyMed,Ascending,Very Active
250,21,25,2021-08-09 04:44:44,26.423641,96.706297,-47.93,-43.14,-14.38,6.12,3.07,15.89,0.0175,0.443,ALOS-2,Ascending,Stable
251,144,5,2018-03-29 07:17:01,23.842084,94.761016,-29.5,-26.55,-8.85,8.22,4.34,6.15,0.0351,0.965,ALOS-2,Ascending,Slow Moving
252,467,57,2019-12-01 01:14:29,23.631843,93.217194,-46.04,-41.44,-13.81,0.29,1.52,21.74,0.0278,0.854,ALOS-2,Ascending,Active
253,45,11,2024-12-11 06:12:35,22.586283,91.16799,-28.21,-25.39,-8.46,10.78,1.39,7.91,0.0135,0.553,Sentinel-1,Descending,Slow Moving
254,271,46,2018-08-09 21:40:55,23.325222,97.645191,-40.86,-36.77,-12.26,10.59,4.31,23.9,0.0338,0.314,ALOS-2,Descending,Active
255,91,53,2020-06-20 01:13:58,27.871598,91.324592,-36.51,-32.86,-10.95,5.51,4.24,4.82,0.0387,0.365,ALOS-2,Descending,Slow Moving
256,398,46,2024-11-20 11:48:43,23.239685,97.578303,-45.61,-41.05,-13.68,14.49,4.0,13.99,0.0138,0.973,Sentinel-1,Descending,Stable
257,434,13,2019-03-04 10:08:21,26.433089,99.834505,-29.88,-26.89,-8.96,6.69,2.1,4.07,0.0016,0.823,COSMO-SkyMed,Descending,Stable
258,372,26,2019-12-12 16:10:39,23.909378,90.209233,-10.49,-9.44,-3.15,0.4,0.63,14.67,0.0402,0.334,Sentinel-1,Descending,Very Active
259,94,33,2020-11-22 14:10:05,23.86091,99.8315,-25.54,-22.99,-7.66,6.47,3.42,4.93,0.0048,0.558,Sentinel-1,Descending,Slow Moving
260,357,2,2020-06-02 20:01:27,23.94092,91.108742,-26.56,-23.9,-7.97,10.93,1.62,2.64,0.0047,0.671,Sentinel-1,Descending,Active
261,202,36,2018-01-22 15:34:43,25.105926,90.394685,-12.24,-11.02,-3.67,7.27,2.42,11.66,0.0139,0.385,COSMO-SkyMed,Ascending,Very Active
262,78,21,2018-09-17 22:58:55,23.984472,99.453272,-27.21,-24.49,-8.16,9.26,2.53,0.6,0.0199,0.307,Sentinel-1,Ascending,Stable
263,205,21,2024-11-18 09:22:48,24.227608,99.49276,-13.1,-11.79,-3.93,10.62,1.53,4.89,0.0202,0.97,COSMO-SkyMed,Descending,Active
264,376,55,2019-11-22 10:06:51,29.03955,94.528524,-41.8,-37.62,-12.54,1.12,1.02,13.86,0.0295,0.859,COSMO-SkyMed,Descending,Stable
265,466,40,2023-11-14 07:29:16,27.956032,97.493747,-43.5,-39.15,-13.05,5.32,1.14,18.06,0.0122,0.745,COSMO-SkyMed,Ascending,Stable
266,280,10,2018-12-05 07:17:11,24.020974,97.73694,-16.74,-15.07,-5.02,6.11,3.04,9.68,0.0048,0.557,ALOS-2,Ascending,Stable
267,87,37,2018-09-15 05:06:59,26.538741,94.784495,-0.84,-0.76,-0.25,14.74,3.56,5.02,0.0324,0.425,Sentinel-1,Descending,Very Active
268,13,31,2020-07-27 09:37:03,28.234302,95.257204,-36.8,-33.12,-11.04,6.26,1.27,9.11,0.0202,0.753,Sentinel-1,Descending,Stable
269,263,37,2024-05-19 19:11:45,26.666132,94.930212,-12.47,-11.22,-3.74,13.28,1.67,12.02,0.0338,0.327,ALOS-2,Descending,Slow Moving
270,169,36,2020-04-25 05:37:22,25.251692,90.375718,-36.17,-32.55,-10.85,2.37,0.52,22.98,0.0343,0.585,Sentinel-1,Descending,Very Active
271,202,36,2023-12-18 04:32:43,25.105926,90.394685,9.76,8.78,2.93,6.25,4.23,5.65,0.0172,0.444,ALOS-2,Ascending,Stable
272,408,59,2021-05-25 06:47:39,25.316641,92.346968,-9.39,-8.45,-2.82,5.64,0.96,6.03,0.0123,0.644,ALOS-2,Descending,Very Active
273,193,62,2019-10-14 10:56:21,27.274468,92.477288,-13.5,-12.15,-4.05,2.58,0.46,11.46,0.042,0.979,Sentinel-1,Ascending,Slow Moving
274,84,9,2022-07-14 10:16:04,27.753774,93.263759,0.13,0.12,0.04,1.16,2.99,5.86,0.0022,0.411,ALOS-2,Descending,Active
275,338,44,2023-08-03 12:15:34,29.414008,98.4627,-48.97,-44.07,-14.69,0.7,3.35,3.22,0.0091,0.409,Sentinel-1,Ascending,Stable
276,224,56,2020-01-12 11:01:32,29.252547,97.543922,-18.72,-16.85,-5.62,9.27,3.96,1.17,0.0137,0.606,Sentinel-1,Descending,Stable
277,430,62,2023-09-19 13:06:29,26.945874,92.537811,-38.14,-34.33,-11.44,4.28,3.79,8.07,0.0401,0.821,ALOS-2,Ascending,Active
278,261,20,2020-12-10 16:30:01,23.305214,93.447054,-26.15,-23.54,-7.84,4.9,2.07,19.42,0.0461,0.866,ALOS-2,Descending,Slow Moving
279,239,11,2021-11-15 19:25:52,22.612408,91.140713,-4.81,-4.33,-1.44,5.36,0.87,22.13,0.0024,0.343,ALOS-2,Ascending,Slow Moving
280,173,36,2024-09-15 06:46:07,25.403382,90.934537,8.66,7.79,2.6,11.73,4.4,6.04,0.0277,0.513,Sentinel-1,Descending,Active
281,457,50,2018-07-19 06:21:36,23.784707,92.316679,-13.99,-12.59,-4.2,1.39,2.62,23.55,0.0089,0.938,COSMO-SkyMed,Descending,Slow Moving
282,330,35,2022-10-26 13:58:50,23.328938,91.874374,5.11,4.6,1.53,7.89,3.03,7.69,0.0091,0.829,Sentinel-1,Descending,Active
283,177,17,2022-10-16 03:24:03,24.106804,92.72764,-46.65,-41.98,-13.99,12.66,3.48,21.97,0.025,0.792,ALOS-2,Descending,Very Active
284,81,61,2018-05-03 22:26:53,26.711466,90.149042,-21.59,-19.43,-6.48,5.61,4.82,12.81,0.0193,0.581,ALOS-2,Descending,Active
285,304,49,2019-08-13 15:31:37,29.488651,98.688502,-13.79,-12.41,-4.14,12.06,4.18,4.59,0.0196,0.65,ALOS-2,Ascending,Stable
286,171,46,2020-01-21 19:26:57,23.307203,97.491108,0.52,0.47,0.16,14.28,3.45,12.54,0.0201,0.901,COSMO-SkyMed,Ascending,Very Active
287,303,32,2020-07-06 16:48:12,25.607005,95.667644,0.87,0.78,0.26,5.39,3.68,1.75,0.0471,0.415,Sentinel-1,Ascending,Slow Moving
288,211,39,2019-03-24 04:58:21,27.62036,91.174427,-38.45,-34.61,-11.54,14.29,3.56,2.88,0.0143,0.812,ALOS-2,Descending,Slow Moving
289,298,41,2021-09-07 13:33:42,22.6468,94.368476,-9.09,-8.18,-2.73,14.53,0.18,19.69,0.0438,0.452,Sentinel-1,Ascending,Slow Moving
290,93,29,2018-10-15 23:28:32,25.971908,99.058289,8.12,7.31,2.44,14.19,2.25,21.93,0.0286,0.648,COSMO-SkyMed,Ascending,Stable
291,419,15,2019-12-30 01:51:22,26.851599,98.344592,-40.01,-36.01,-12.0,1.27,0.65,6.76,0.0249,0.666,COSMO-SkyMed,Descending,Stable
292,190,55,2022-12-11 19:49:23,29.237955,94.242292,8.31,7.48,2.49,13.6,2.39,0.59,0.0494,0.425,COSMO-SkyMed,Ascending,Stable
293,101,61,2020-02-24 14:10:21,26.745664,90.109765,-17.44,-15.7,-5.23,13.02,2.91,5.17,0.0226,0.897,COSMO-SkyMed,Ascending,Very Active
294,405,16,2021-04-16 02:41:31,23.443092,90.698614,-45.85,-41.27,-13.76,14.53,1.5,0.91,0.0347,0.519,Sentinel-1,Ascending,Very Active
295,456,7,2023-02-09 23:32:39,26.102309,91.927369,-49.27,-44.34,-14.78,14.72,1.5,5.23,0.04,0.647,Sentinel-1,Descending,Active
296,432,24,2019-09-23 13:08:21,24.126347,99.086812,5.76,5.18,1.73,3.49,0.51,0.59,0.0071,0.561,COSMO-SkyMed,Descending,Active
297,471,58,2020-06-07 21:10:49,27.218379,94.346235,-16.3,-14.67,-4.89,4.04,1.32,23.16,0.0021,0.811,COSMO-SkyMed,Descending,Very Active
298,479,15,2018-06-07 14:06:29,26.846962,98.462449,-28.89,-26.0,-8.67,11.54,1.4,4.75,0.0435,0.734,ALOS-2,Descending,Stable
299,240,19,2019-08-14 10:07:17,24.155714,96.644676,7.77,6.99,2.33,3.82,4.37,22.36,0.0428,0.974,COSMO-SkyMed,Descending,Stable
300,432,24,2020-09-19 05:32:47,24.126347,99.086812,-10.17,-9.15,-3.05,10.49,4.63,14.53,0.0362,0.735,Sentinel-1,Ascending,Slow Moving
301,184,38,2024-06-10 04:12:06,30.013315,98.810114,1.74,1.57,0.52,11.93,3.16,19.0,0.0291,0.418,Sentinel-1,Descending,Very Active
302,116,34,2018-11-07 01:28:55,26.198397,97.265218,-43.68,-39.31,-13.1,10.63,1.03,19.11,0.0011,0.534,Sentinel-1,Ascending,Very Active
303,242,17,2024-02-02 19:12:23,24.057441,93.082815,-43.38,-39.04,-13.01,3.05,3.77,19.89,0.0164,0.668,COSMO-SkyMed,Descending,Very Active
304,233,20,2023-10-07 19:00:37,23.025909,93.576658,-41.73,-37.56,-12.52,12.89,3.98,14.5,0.0349,0.631,ALOS-2,Descending,Active
305,185,1,2021-06-27 06:30:09,27.261587,89.954368,-19.34,-17.41,-5.8,8.31,3.76,6.43,0.0065,0.332,COSMO-SkyMed,Descending,Active
306,9,21,2024-07-19 16:49:40,24.071573,99.4364,-9.62,-8.66,-2.89,10.95,4.06,16.62,0.0096,0.853,COSMO-SkyMed,Descending,Slow Moving
307,50,58,2024-02-29 17:50:37,27.242176,94.18275,-38.92,-35.03,-11.68,3.77,2.65,9.03,0.0001,0.435,Sentinel-1,Descending,Stable
308,209,48,2024-10-15 02:26:30,27.017976,94.847086,-32.95,-29.66,-9.88,12.86,2.39,7.59,0.0243,0.524,Sentinel-1,Descending,Very Active
309,194,8,2023-12-15 02:36:10,23.966033,98.773197,1.23,1.11,0.37,14.12,2.41,4.99,0.0201,0.632,COSMO-SkyMed,Descending,Active
310,176,21,2020-07-02 09:29:09,24.258042,99.379324,-19.63,-17.67,-5.89,5.81,3.3,21.93,0.0048,0.573,COSMO-SkyMed,Ascending,Active
311,473,11,2020-03-24 10:51:28,22.542228,90.916608,-22.59,-20.33,-6.78,7.97,0.44,8.39,0.0357,0.757,ALOS-2,Descending,Very Active
312,331,24,2021-09-05 11:54:23,24.03039,99.164713,4.85,4.37,1.45,12.81,3.38,15.41,0.0096,0.921,Sentinel-1,Ascending,Active
313,282,32,2018-03-27 10:03:27,25.26955,95.836337,8.22,7.4,2.47,3.6,0.48,0.96,0.015,0.659,COSMO-SkyMed,Descending,Active
314,184,38,2024-11-03 02:33:21,30.013315,98.810114,-6.52,-5.87,-1.96,2.71,1.96,22.99,0.0297,0.566,COSMO-SkyMed,Ascending,Active
315,10,27,2021-05-18 01:58:41,25.093907,90.90116,-49.66,-44.69,-14.9,12.25,2.41,24.87,0.0395,0.739,COSMO-SkyMed,Ascending,Very Active
316,72,18,2022-01-12 21:25:33,29.039506,98.567453,-49.4,-44.46,-14.82,1.44,0.62,6.84,0.0079,0.308,COSMO-SkyMed,Descending,Slow Moving
317,474,23,2021-01-09 15:39:09,27.637173,91.575284,-27.14,-24.43,-8.14,4.72,2.06,2.42,0.0042,0.88,Sentinel-1,Descending,Stable
318,24,8,2023-10-14 15:58:34,24.422764,98.934733,-20.2,-18.18,-6.06,2.76,0.73,18.23,0.0306,0.692,ALOS-2,Ascending,Very Active
319,30,26,2022-08-04 13:14:25,23.673004,90.151362,-46.79,-42.11,-14.04,4.0,4.62,21.8,0.0437,0.868,Sentinel-1,Descending,Active
320,268,58,2024-08-11 04:21:11,27.091528,94.196527,-8.97,-8.07,-2.69,8.22,3.64,6.74,0.0093,0.947,Sentinel-1,Ascending,Slow Moving
321,299,45,2023-10-07 06:50:53,28.971276,95.15497,-27.76,-24.98,-8.33,13.12,3.4,20.16,0.0249,0.372,ALOS-2,Descending,Slow Moving
322,282,32,2023-11-16 03:18:35,25.26955,95.836337,-41.69,-37.52,-12.51,8.8,0.44,21.21,0.0468,0.528,ALOS-2,Ascending,Active
323,307,27,2020-10-24 09:38:53,25.243926,90.477042,-2.72,-2.45,-0.82,0.04,4.97,16.75,0.0228,0.352,ALOS-2,Descending,Active
324,68,40,2022-09-19 06:18:11,28.17791,97.874118,-40.39,-36.35,-12.12,0.45,0.66,6.49,0.01,0.686,Sentinel-1,Descending,Slow Moving
325,235,36,2018-09-04 18:38:34,25.370017,90.726649,-49.26,-44.33,-14.78,4.31,0.85,0.4,0.0413,0.576,COSMO-SkyMed,Descending,Slow Moving
326,77,47,2020-06-10 20:42:50,29.704848,99.015124,9.82,8.84,2.95,0.3,0.17,21.28,0.0457,0.878,Sentinel-1,Descending,Active
327,445,22,2022-06-07 18:06:06,22.671916,96.466669,-4.58,-4.12,-1.37,7.15,4.69,0.99,0.0178,0.419,Sentinel-1,Ascending,Slow Moving
328,306,45,2019-09-22 17:03:15,28.557096,95.160495,-48.02,-43.22,-14.41,13.02,0.04,11.92,0.0462,0.702,ALOS-2,Ascending,Very Active
329,351,12,2022-02-08 17:23:44,26.89255,97.967474,-43.95,-39.56,-13.19,7.13,3.23,19.92,0.0446,0.984,ALOS-2,Descending,Stable
330,427,53,2023-08-07 20:02:39,28.403369,91.356338,-39.27,-35.34,-11.78,1.4,1.9,15.65,0.0071,0.562,Sentinel-1,Descending,Very Active
331,140,5,2021-01-03 21:57:19,23.883246,95.296468,1.69,1.52,0.51,9.7,4.96,23.09,0.0324,0.903,ALOS-2,Descending,Very Active
332,126,31,2019-12-17 22:25:39,27.86167,95.25569,2.98,2.68,0.89,10.51,4.29,16.83,0.0058,0.383,Sentinel-1,Descending,Active
333,230,59,2024-07-13 03:08:25,25.618663,92.521501,-41.27,-37.14,-12.38,13.46,2.78,3.79,0.0223,0.358,COSMO-SkyMed,Ascending,Stable
334,470,7,2020-04-19 00:20:44,26.235987,92.225192,-18.76,-16.88,-5.63,2.19,1.14,12.1,0.0062,0.752,COSMO-SkyMed,Ascending,Stable
335,294,22,2018-10-20 12:46:01,22.426143,96.537481,2.07,1.86,0.62,12.93,4.71,18.82,0.0403,0.96,COSMO-SkyMed,Descending,Active
336,245,60,2020-05-13 22:36:38,24.568978,96.050565,-29.65,-26.68,-8.89,4.15,0.56,5.16,0.0072,0.469,COSMO-SkyMed,Ascending,Stable
337,193,62,2023-12-25 21:16:34,27.274468,92.477288,-45.07,-40.56,-13.52,0.48,1.8,5.54,0.0243,0.37,ALOS-2,Descending,Very Active
338,270,9,2024-12-12 09:30:55,27.567541,93.507798,-21.68,-19.51,-6.5,6.35,0.54,0.89,0.0487,0.861,Sentinel-1,Descending,Stable
339,288,37,2021-01-31 02:48:48,26.9722,94.413095,-22.29,-20.06,-6.69,12.71,2.38,11.44,0.0343,0.969,Sentinel-1,Descending,Active
340,266,47,2019-01-28 18:39:12,29.514215,99.120703,-34.8,-31.32,-10.44,9.83,0.57,1.81,0.0192,0.88,Sentinel-1,Descending,Active
341,372,26,2021-04-23 22:58:51,23.909378,90.209233,-33.51,-30.16,-10.05,13.37,0.89,16.99,0.0413,0.698,ALOS-2,Ascending,Very Active
342,321,24,2022-07-05 21:19:32,24.426819,99.439178,-21.29,-19.16,-6.39,8.01,2.17,18.34,0.041,0.885,ALOS-2,Descending,Very Active
343,335,8,2024-09-01 13:48:06,24.09183,98.9896,-41.33,-37.2,-12.4,14.24,2.07,21.94,0.0207,0.85,ALOS-2,Descending,Stable
344,148,62,2019-01-25 15:13:08,27.131323,92.523467,4.72,4.25,1.42,7.22,3.43,24.08,0.0367,0.805,Sentinel-1,Ascending,Very Active
345,489,48,2023-03-13 22:54:30,27.04961,94.824882,9.41,8.47,2.82,0.12,4.37,13.93,0.0413,0.833,Sentinel-1,Descending,Stable
346,84,9,2018-11-22 17:41:42,27.753774,93.263759,-11.43,-10.29,-3.43,6.41,4.68,13.89,0.0362,0.929,COSMO-SkyMed,Descending,Stable
347,134,20,2020-07-29 11:36:53,23.062825,93.554702,-29.17,-26.25,-8.75,3.54,3.91,19.89,0.0324,0.658,ALOS-2,Ascending,Slow Moving
348,107,47,2018-10-10 11:28:26,29.356888,99.187232,-14.56,-13.1,-4.37,14.1,0.01,21.08,0.031,0.826,ALOS-2,Descending,Slow Moving
349,33,36,2024-06-03 04:17:06,25.657972,90.669672,-15.35,-13.81,-4.6,8.41,1.88,20.52,0.0279,0.35,COSMO-SkyMed,Ascending,Very Active
350,414,36,2022-11-10 12:03:43,25.544595,90.858509,-11.55,-10.4,-3.47,6.15,1.43,24.89,0.0261,0.707,Sentinel-1,Ascending,Stable
351,42,44,2020-05-05 17:31:18,29.393241,98.920131,-4.7,-4.23,-1.41,9.81,2.76,22.63,0.0026,0.391,COSMO-SkyMed,Ascending,Slow Moving
352,495,40,2024-12-19 19:18:47,28.102326,97.67112,-38.44,-34.6,-11.53,7.18,3.5,19.99,0.0036,0.861,COSMO-SkyMed,Descending,Active
353,219,16,2019-04-03 05:49:40,23.538252,90.807167,-1.35,-1.22,-0.41,14.76,2.71,7.26,0.0415,0.415,Sentinel-1,Descending,Very Active
354,72,18,2024-02-19 12:01:28,29.039506,98.567453,-4.64,-4.18,-1.39,10.68,3.81,24.82,0.0279,0.76,Sentinel-1,Ascending,Very Active
355,59,29,2021-10-27 03:59:17,26.111958,98.738146,-25.49,-22.94,-7.65,13.95,0.21,15.56,0.007,0.925,COSMO-SkyMed,Descending,Slow Moving
356,18,60,2022-07-25 08:15:26,24.981979,96.138724,-17.8,-16.02,-5.34,0.22,2.91,1.26,0.0151,0.52,COSMO-SkyMed,Ascending,Very Active
357,388,43,2022-05-16 04:02:24,29.974332,97.627192,-33.87,-30.48,-10.16,10.55,3.89,1.34,0.0382,0.634,COSMO-SkyMed,Descending,Stable
358,456,7,2018-09-26 04:44:39,26.102309,91.927369,-6.73,-6.06,-2.02,2.06,2.35,7.35,0.0278,0.636,Sentinel-1,Descending,Slow Moving
359,363,8,2024-03-15 23:44:55,24.04065,98.540352,-48.34,-43.51,-14.5,11.78,2.94,14.02,0.0125,0.729,ALOS-2,Ascending,Stable
360,381,58,2019-09-20 23:40:45,27.088326,94.677739,-15.17,-13.65,-4.55,4.56,2.41,12.89,0.0261,0.755,ALOS-2,Descending,Active
361,60,36,2023-11-22 05:08:39,25.652378,90.474413,-41.73,-37.56,-12.52,2.42,4.63,22.44,0.0397,0.64,Sentinel-1,Descending,Slow Moving
362,408,59,2021-02-09 07:00:08,25.316641,92.346968,-12.12,-10.91,-3.64,12.06,1.33,2.06,0.0342,0.435,COSMO-SkyMed,Descending,Stable
363,441,56,2022-03-25 16:59:49,29.603785,97.627105,-49.57,-44.61,-14.87,1.13,2.69,22.27,0.0234,0.815,ALOS-2,Descending,Stable
364,491,17,2019-09-27 01:15:12,23.787638,93.141683,-8.12,-7.31,-2.44,1.6,3.38,0.01,0.0431,0.75,Sentinel-1,Descending,Very Active
365,463,56,2018-10-16 21:05:00,29.365963,97.846457,-20.27,-18.24,-6.08,13.7,2.87,23.46,0.0183,0.955,COSMO-SkyMed,Descending,Slow Moving
366,413,7,2018-02-23 06:32:22,26.486484,92.401463,-39.32,-35.39,-11.8,7.86,0.82,20.04,0.0197,0.932,COSMO-SkyMed,Descending,Active
367,229,62,2021-10-21 19:02:02,26.748917,92.010198,4.04,3.64,1.21,14.16,0.48,0.6,0.0179,0.776,COSMO-SkyMed,Descending,Slow Moving
368,137,29,2018-01-11 06:09:51,25.768057,98.698443,-15.43,-13.89,-4.63,6.28,2.31,19.82,0.0391,0.344,COSMO-SkyMed,Descending,Very Active
369,354,36,2021-11-05 17:56:51,25.381311,90.570131,-0.17,-0.15,-0.05,0.07,2.67,22.62,0.0461,0.794,Sentinel-1,Descending,Slow Moving
370,271,46,2024-04-28 17:53:37,23.325222,97.645191,-31.75,-28.57,-9.53,8.65,4.39,18.8,0.0333,0.713,ALOS-2,Descending,Slow Moving
371,263,37,2024-08-09 00:48:01,26.666132,94.930212,-43.5,-39.15,-13.05,11.75,4.58,18.87,0.0028,0.802,Sentinel-1,Ascending,Stable
372,225,42,2019-01-04 04:48:33,22.283042,97.420147,-39.55,-35.59,-11.86,7.76,2.59,21.98,0.0151,0.894,Sentinel-1,Ascending,Stable
373,269,36,2019-07-19 14:08:57,25.138725,90.660817,-28.16,-25.34,-8.45,2.33,3.74,20.92,0.0043,0.928,COSMO-SkyMed,Descending,Stable
374,236,28,2024-04-25 18:22:41,28.919885,93.039243,-47.79,-43.01,-14.34,7.24,4.35,23.54,0.0355,0.431,ALOS-2,Ascending,Stable
375,356,42,2023-02-14 05:39:37,22.081519,97.467133,-48.31,-43.48,-14.49,0.72,4.84,14.02,0.0131,0.695,COSMO-SkyMed,Ascending,Active
376,321,24,2023-06-11 22:33:33,24.426819,99.439178,-4.43,-3.99,-1.33,0.3,0.28,21.78,0.0016,0.821,COSMO-SkyMed,Ascending,Very Active
377,465,39,2022-08-20 12:19:54,27.457814,91.391682,-5.72,-5.15,-1.72,1.18,1.99,15.19,0.036,0.435,ALOS-2,Descending,Active
378,456,7,2024-05-25 23:06:26,26.102309,91.927369,-46.87,-42.18,-14.06,12.84,4.87,2.86,0.0107,0.601,ALOS-2,Descending,Very Active
379,238,31,2020-10-08 21:37:08,27.859026,95.533808,-41.75,-37.58,-12.53,3.0,3.0,11.54,0.0418,0.641,COSMO-SkyMed,Ascending,Very Active
380,5,32,2023-10-11 23:51:00,25.181529,95.771245,-42.69,-38.42,-12.81,14.95,1.19,9.19,0.0149,0.787,Sentinel-1,Descending,Slow Moving
381,225,42,2021-12-28 19:48:13,22.283042,97.420147,-46.74,-42.07,-14.02,4.83,3.78,21.73,0.0187,0.825,Sentinel-1,Ascending,Very Active
382,428,54,2020-05-02 10:33:09,29.443587,91.44815,-49.96,-44.96,-14.99,3.41,0.37,12.11,0.0368,0.99,ALOS-2,Ascending,Very Active
383,427,53,2021-03-26 00:45:27,28.403369,91.356338,-8.67,-7.8,-2.6,5.6,0.49,22.26,0.0494,0.99,COSMO-SkyMed,Ascending,Slow Moving
384,98,27,2022-11-19 06:43:07,25.294892,90.840219,4.3,3.87,1.29,3.83,3.05,5.41,0.0033,0.945,Sentinel-1,Ascending,Slow Moving
385,4,19,2019-03-24 16:49:00,24.442298,96.307681,-3.94,-3.55,-1.18,9.81,0.6,8.61,0.0393,0.847,ALOS-2,Ascending,Very Active
386,256,59,2023-01-28 08:06:08,25.341319,92.429274,-10.44,-9.4,-3.13,10.89,2.25,14.57,0.0477,0.518,ALOS-2,Ascending,Stable
387,469,21,2019-04-03 08:49:53,24.285006,99.357356,9.4,8.46,2.82,7.66,4.73,17.85,0.032,0.91,ALOS-2,Descending,Very Active
388,274,38,2019-06-28 00:58:53,29.611745,98.454015,-37.9,-34.11,-11.37,2.94,4.84,14.97,0.0054,0.42,ALOS-2,Descending,Stable
389,309,40,2020-03-04 03:00:45,27.978889,97.448653,-11.51,-10.36,-3.45,6.38,4.03,16.55,0.0284,0.701,Sentinel-1,Descending,Very Active
390,496,32,2018-07-31 21:24:27,25.571023,96.011676,-29.16,-26.24,-8.75,2.87,4.19,7.37,0.0379,0.8,Sentinel-1,Ascending,Active
391,455,18,2021-12-14 01:11:07,28.557331,98.629813,-20.03,-18.03,-6.01,1.19,1.13,14.0,0.0216,0.585,Sentinel-1,Descending,Very Active
392,205,21,2020-02-20 14:01:29,24.227608,99.49276,-32.86,-29.57,-9.86,3.13,1.67,17.94,0.0067,0.96,COSMO-SkyMed,Descending,Active
393,446,57,2018-12-23 06:51:17,23.606758,93.369172,-6.66,-5.99,-2.0,11.79,3.35,1.4,0.0344,0.587,COSMO-SkyMed,Descending,Stable
394,367,29,2020-01-23 16:11:04,25.846484,98.900489,6.02,5.42,1.81,6.62,4.44,19.78,0.0469,0.522,Sentinel-1,Descending,Stable
395,334,48,2019-09-28 08:08:36,26.626312,95.060832,-24.84,-22.36,-7.45,14.75,2.04,7.9,0.0073,0.671,ALOS-2,Ascending,Very Active
396,20,55,2024-12-08 05:07:46,29.217726,94.427594,-27.44,-24.7,-8.23,3.53,0.17,5.21,0.0025,0.628,Sentinel-1,Ascending,Stable
397,175,3,2023-03-28 10:54:55,27.570483,98.76085,-9.0,-8.1,-2.7,14.05,3.16,22.05,0.0066,0.602,ALOS-2,Ascending,Slow Moving
398,289,31,2024-03-31 10:41:30,27.74699,95.611967,-36.1,-32.49,-10.83,14.41,1.79,19.62,0.0434,0.676,Sentinel-1,Descending,Slow Moving
399,171,46,2023-11-19 08:57:58,23.307203,97.491108,-29.53,-26.58,-8.86,0.3,4.5,6.73,0.0283,0.425,Sentinel-1,Ascending,Active
400,175,3,2019-09-11 22:05:43,27.570483,98.76085,-6.15,-5.54,-1.84,7.98,0.95,0.52,0.0497,0.826,ALOS-2,Descending,Active
401,403,60,2021-08-07 06:19:16,24.884092,96.160688,-18.79,-16.91,-5.64,5.36,0.88,0.75,0.0016,0.808,Sentinel-1,Descending,Active
402,95,4,2021-07-15 06:34:26,27.01344,90.096229,7.7,6.93,2.31,14.28,0.13,14.19,0.0146,0.44,COSMO-SkyMed,Ascending,Slow Moving
403,192,15,2021-10-26 00:59:15,27.226034,98.589955,-10.39,-9.35,-3.12,4.95,2.64,6.2,0.0446,0.725,ALOS-2,Ascending,Stable
404,420,62,2021-08-04 09:35:30,27.073901,92.443969,-38.32,-34.49,-11.5,1.87,2.07,14.06,0.0477,0.63,Sentinel-1,Descending,Slow Moving
405,57,1,2024-09-20 12:45:33,26.970643,90.256506,-1.53,-1.38,-0.46,4.85,2.13,0.74,0.0246,0.411,Sentinel-1,Ascending,Slow Moving
406,8,39,2018-01-08 13:06:22,27.383132,90.869653,-28.84,-25.96,-8.65,4.7,1.88,2.64,0.023,0.788,Sentinel-1,Ascending,Very Active
407,42,44,2020-02-17 05:49:33,29.393241,98.920131,-13.1,-11.79,-3.93,1.25,0.93,24.96,0.0234,0.472,ALOS-2,Descending,Stable
408,40,32,2019-02-19 18:20:13,25.131467,95.866286,-37.18,-33.46,-11.15,2.81,2.89,4.06,0.0474,0.534,ALOS-2,Descending,Very Active
409,243,37,2024-03-29 08:55:42,26.722979,94.56793,-26.48,-23.83,-7.94,4.97,4.9,12.05,0.0487,0.9,ALOS-2,Ascending,Active
410,221,23,2023-05-25 22:19:26,27.972441,91.499195,-37.44,-33.7,-11.23,0.15,3.49,17.25,0.0201,0.851,ALOS-2,Descending,Stable
411,264,39,2021-12-17 08:22:36,27.661056,91.296424,-10.84,-9.76,-3.25,8.42,3.27,2.04,0.0378,0.428,ALOS-2,Ascending,Very Active
412,497,32,2021-02-07 16:36:57,25.308309,95.939137,-3.98,-3.58,-1.19,9.05,0.18,12.65,0.0229,0.863,COSMO-SkyMed,Ascending,Slow Moving
413,93,29,2023-09-24 03:27:04,25.971908,99.058289,5.34,4.81,1.6,14.03,0.57,7.5,0.0077,0.737,ALOS-2,Ascending,Stable
414,493,34,2020-07-30 02:50:44,25.807601,97.549356,-25.18,-22.66,-7.55,2.05,1.16,7.92,0.0385,0.976,Sentinel-1,Ascending,Very Active
415,9,21,2020-07-07 06:35:53,24.071573,99.4364,-32.24,-29.02,-9.67,4.51,2.0,19.44,0.026,0.945,Sentinel-1,Ascending,Stable
416,207,34,2020-06-25 08:54:38,26.245708,97.320157,-19.52,-17.57,-5.86,6.1,0.42,16.11,0.0348,0.477,COSMO-SkyMed,Ascending,Active
417,482,6,2021-06-30 11:29:22,26.428947,96.96086,-19.66,-17.69,-5.9,1.12,1.64,18.56,0.0091,0.638,COSMO-SkyMed,Descending,Slow Moving
418,326,3,2021-05-19 12:33:44,27.458315,98.886333,9.66,8.69,2.9,0.82,2.18,5.44,0.0152,0.683,COSMO-SkyMed,Ascending,Slow Moving
419,184,38,2023-01-27 11:54:03,30.013315,98.810114,-16.88,-15.19,-5.06,13.67,2.98,15.52,0.0283,0.888,ALOS-2,Ascending,Stable
420,139,3,2020-12-13 11:55:04,27.411413,98.746416,4.98,4.48,1.49,10.06,0.6,11.42,0.0139,0.83,COSMO-SkyMed,Descending,Active
421,490,11,2023-02-10 06:09:57,22.666791,91.089628,-0.5,-0.45,-0.15,5.51,1.66,9.4,0.0074,0.642,ALOS-2,Descending,Stable
422,400,48,2023-07-14 04:57:33,26.969184,95.065953,-25.15,-22.63,-7.54,6.04,2.97,21.13,0.0054,0.447,COSMO-SkyMed,Ascending,Slow Moving
423,39,4,2024-12-27 06:21:06,26.42773,90.100295,8.92,8.03,2.68,8.65,3.21,22.15,0.0262,0.541,Sentinel-1,Descending,Very Active
424,209,48,2021-11-30 17:59:17,27.017976,94.847086,-43.92,-39.53,-13.18,5.03,4.94,16.76,0.0447,0.617,Sentinel-1,Descending,Slow Moving
425,350,18,2022-10-26 13:30:44,29.0033,98.429622,-11.81,-10.63,-3.54,7.43,2.6,21.18,0.0196,0.864,ALOS-2,Ascending,Active
426,212,16,2020-01-30 03:26:02,23.697023,90.941573,6.81,6.13,2.04,1.11,4.19,23.33,0.0433,0.847,ALOS-2,Descending,Very Active
427,52,54,2019-05-31 20:58:56,29.502734,91.868619,-23.48,-21.13,-7.04,14.5,4.74,20.4,0.0184,0.328,Sentinel-1,Descending,Slow Moving
428,36,33,2018-08-04 01:18:49,23.734202,100.15709,-15.36,-13.82,-4.61,11.61,1.82,5.41,0.0367,0.945,Sentinel-1,Ascending,Slow Moving
429,498,11,2024-02-25 23:38:31,23.008526,91.087145,-22.29,-20.06,-6.69,10.2,4.3,23.88,0.0019,0.325,Sentinel-1,Ascending,Very Active
430,228,36,2023-07-09 06:37:50,25.584212,90.582706,-3.93,-3.54,-1.18,3.82,0.57,20.7,0.0228,0.609,ALOS-2,Ascending,Active
431,176,21,2018-06-07 00:34:20,24.258042,99.379324,-4.16,-3.74,-1.25,2.41,2.89,12.35,0.0207,0.966,Sentinel-1,Descending,Stable
432,474,23,2024-11-15 13:49:31,27.637173,91.575284,-10.07,-9.06,-3.02,3.4,3.56,12.11,0.0312,0.777,Sentinel-1,Descending,Very Active
433,62,43,2023-09-20 17:09:37,29.791729,97.703065,9.66,8.69,2.9,10.45,0.08,0.72,0.0356,0.736,COSMO-SkyMed,Descending,Slow Moving
434,369,35,2024-03-27 19:41:07,23.437288,91.532883,-17.9,-16.11,-5.37,1.13,0.22,14.86,0.0419,0.979,ALOS-2,Ascending,Very Active
435,31,57,2018-10-30 10:55:54,23.900617,93.129951,-8.45,-7.6,-2.53,2.42,2.97,3.26,0.0069,0.825,COSMO-SkyMed,Descending,Slow Moving
436,288,37,2019-12-05 16:15:38,26.9722,94.413095,-43.2,-38.88,-12.96,7.86,3.98,20.77,0.0482,0.667,Sentinel-1,Descending,Very Active
437,109,47,2019-12-25 02:08:23,29.656228,99.463175,8.16,7.34,2.45,6.57,2.44,23.16,0.0289,0.962,ALOS-2,Ascending,Stable
438,403,60,2023-09-04 10:44:16,24.884092,96.160688,-5.05,-4.54,-1.51,2.75,3.29,1.91,0.0393,0.377,COSMO-SkyMed,Descending,Active
439,93,29,2018-06-18 16:14:27,25.971908,99.058289,-14.05,-12.65,-4.21,5.41,0.23,6.66,0.0323,0.512,Sentinel-1,Ascending,Slow Moving
440,66,37,2019-03-06 12:09:22,26.930629,94.677688,-29.55,-26.6,-8.87,8.41,4.04,9.68,0.0485,0.765,COSMO-SkyMed,Ascending,Active
441,497,32,2021-05-23 06:57:42,25.308309,95.939137,0.72,0.65,0.22,14.65,1.39,20.43,0.0473,0.643,ALOS-2,Ascending,Slow Moving
442,95,4,2018-02-11 20:47:11,27.01344,90.096229,-12.09,-10.88,-3.63,0.4,1.33,16.75,0.0303,0.731,ALOS-2,Ascending,Stable
443,155,34,2019-02-26 04:30:18,25.663263,97.344996,3.04,2.74,0.91,14.93,4.69,21.33,0.0158,0.665,COSMO-SkyMed,Ascending,Stable
444,227,37,2021-03-21 00:59:54,26.871796,94.80203,-21.56,-19.4,-6.47,14.26,2.31,0.52,0.03,0.744,ALOS-2,Ascending,Slow Moving
445,498,11,2021-03-27 20:11:20,23.008526,91.087145,-14.72,-13.25,-4.42,11.4,1.95,19.62,0.0063,0.619,Sentinel-1,Descending,Very Active
446,327,20,2023-09-20 17:26:35,23.55346,93.495437,-11.18,-10.06,-3.35,5.55,2.62,4.15,0.0026,0.595,COSMO-SkyMed,Ascending,Active
447,244,42,2023-01-16 02:04:57,22.276267,97.111398,-28.34,-25.51,-8.5,1.19,0.33,22.89,0.0126,0.424,ALOS-2,Descending,Stable
448,11,53,2022-02-05 00:35:56,27.972018,91.327442,-38.95,-35.06,-11.69,14.94,0.68,2.66,0.0226,0.899,Sentinel-1,Descending,Very Active
449,321,24,2021-06-30 20:41:16,24.426819,99.439178,-11.9,-10.71,-3.57,3.98,2.38,12.93,0.0116,0.567,COSMO-SkyMed,Ascending,Stable
450,500,17,2024-02-21 14:56:15,23.697786,92.66073,-15.02,-13.52,-4.51,2.17,4.93,21.25,0.0352,0.953,ALOS-2,Ascending,Active
451,256,59,2019-08-16 11:20:42,25.341319,92.429274,-18.22,-16.4,-5.47,1.97,4.27,10.16,0.0334,0.894,ALOS-2,Ascending,Active
452,91,53,2021-11-04 15:10:59,27.871598,91.324592,-40.79,-36.71,-12.24,0.11,2.02,10.85,0.0342,0.741,Sentinel-1,Descending,Stable
453,276,62,2024-07-11 22:39:13,26.790565,92.054647,-23.6,-21.24,-7.08,0.94,4.55,2.87,0.0392,0.906,COSMO-SkyMed,Descending,Stable
454,120,14,2020-05-28 09:58:35,22.774967,93.087496,-39.89,-35.9,-11.97,7.48,1.3,7.87,0.0436,0.381,ALOS-2,Ascending,Active
455,196,48,2018-07-12 04:48:12,27.015245,94.710167,-3.05,-2.75,-0.91,7.56,4.82,7.1,0.0397,0.339,Sentinel-1,Descending,Very Active
456,403,60,2023-03-21 07:23:54,24.884092,96.160688,-27.46,-24.71,-8.24,11.84,1.23,21.1,0.0029,0.847,ALOS-2,Ascending,Very Active
457,489,48,2019-09-15 03:43:12,27.04961,94.824882,5.98,5.38,1.79,5.35,0.43,20.06,0.0146,0.503,ALOS-2,Ascending,Active
458,142,53,2020-02-14 08:25:07,27.936422,91.224367,-13.85,-12.46,-4.15,3.78,2.51,8.73,0.0485,0.678,ALOS-2,Descending,Stable
459,302,59,2024-05-18 00:29:14,25.339381,92.599878,-3.3,-2.97,-0.99,1.9,4.93,14.33,0.0118,0.817,COSMO-SkyMed,Ascending,Active
460,121,57,2018-01-26 01:35:45,23.326569,92.932858,5.84,5.26,1.75,6.58,4.81,12.27,0.0428,0.916,Sentinel-1,Descending,Active
461,249,34,2023-10-02 12:53:08,25.885467,97.698902,-20.5,-18.45,-6.15,7.04,2.73,10.99,0.0112,0.755,ALOS-2,Ascending,Stable
462,452,34,2018-11-15 00:56:52,25.755499,97.685292,-34.04,-30.64,-10.21,7.66,3.06,17.03,0.027,0.719,Sentinel-1,Descending,Very Active
463,86,16,2019-12-01 20:37:41,23.521359,90.625388,8.28,7.45,2.48,14.94,4.79,17.91,0.0191,0.664,COSMO-SkyMed,Ascending,Slow Moving
464,149,8,2022-06-04 03:12:05,24.381092,98.526048,-45.78,-41.2,-13.73,9.88,2.21,7.24,0.0121,0.737,ALOS-2,Ascending,Active
465,500,17,2022-06-09 17:10:49,23.697786,92.66073,-4.81,-4.33,-1.44,1.58,3.38,22.85,0.0444,0.763,COSMO-SkyMed,Descending,Very Active
466,154,46,2022-07-15 22:00:52,23.507808,97.431788,-10.82,-9.74,-3.25,9.93,1.49,3.66,0.041,0.645,Sentinel-1,Descending,Slow Moving
467,59,29,2023-10-11 02:28:27,26.111958,98.738146,-16.35,-14.72,-4.91,12.7,4.77,22.53,0.0411,0.888,COSMO-SkyMed,Ascending,Very Active
468,367,29,2023-05-12 00:32:18,25.846484,98.900489,-16.63,-14.97,-4.99,12.5,3.29,17.46,0.0312,0.347,COSMO-SkyMed,Ascending,Slow Moving
469,404,11,2021-04-29 20:10:40,22.617274,90.932111,9.43,8.49,2.83,10.22,4.85,7.18,0.0153,0.373,ALOS-2,Descending,Very Active
470,441,56,2018-09-14 01:20:25,29.603785,97.627105,-34.79,-31.31,-10.44,6.72,1.61,9.84,0.0005,0.765,COSMO-SkyMed,Descending,Very Active
471,498,11,2021-04-13 21:10:15,23.008526,91.087145,-42.44,-38.2,-12.73,1.59,2.9,7.54,0.0257,0.336,ALOS-2,Descending,Slow Moving
472,349,15,2023-09-26 13:12:46,27.08332,98.484211,-17.49,-15.74,-5.25,8.97,1.01,20.15,0.024,0.578,COSMO-SkyMed,Ascending,Active
473,157,27,2024-07-04 23:58:43,25.096892,90.693175,-13.8,-12.42,-4.14,14.19,2.05,16.85,0.0268,0.582,ALOS-2,Descending,Very Active
474,133,25,2022-02-08 08:07:22,26.178235,96.665749,-39.46,-35.51,-11.84,4.94,2.31,22.76,0.0335,0.382,Sentinel-1,Ascending,Very Active
475,312,23,2022-06-25 14:28:07,27.654327,91.410327,-13.31,-11.98,-3.99,4.22,4.98,18.99,0.0227,0.603,Sentinel-1,Ascending,Slow Moving
476,28,54,2023-04-07 09:03:45,29.728508,91.938394,-48.98,-44.08,-14.69,6.64,1.62,20.93,0.0395,0.638,COSMO-SkyMed,Descending,Very Active
477,154,46,2023-05-07 18:06:06,23.507808,97.431788,-37.98,-34.18,-11.39,9.65,1.86,11.18,0.0228,0.673,COSMO-SkyMed,Descending,Slow Moving
478,285,41,2023-02-24 20:57:19,22.939285,94.391416,1.49,1.34,0.45,0.75,0.99,10.4,0.0017,0.316,Sentinel-1,Descending,Slow Moving
479,61,28,2019-11-01 20:31:07,28.71357,92.975678,9.56,8.6,2.87,11.93,1.61,9.83,0.043,0.514,ALOS-2,Ascending,Very Active
480,85,33,2021-04-25 06:29:50,23.487863,100.191016,-36.06,-32.45,-10.82,4.63,2.52,8.44,0.0266,0.345,ALOS-2,Ascending,Very Active
481,259,40,2019-11-16 11:40:54,28.004838,97.823511,9.93,8.94,2.98,14.0,2.71,9.82,0.0428,0.871,ALOS-2,Ascending,Active
482,343,43,2024-06-28 19:26:07,29.492655,97.406934,-11.98,-10.78,-3.59,11.65,2.14,21.75,0.0263,0.301,ALOS-2,Descending,Very Active
483,387,6,2021-07-30 12:36:53,26.701407,96.957964,-24.3,-21.87,-7.29,8.45,2.66,11.43,0.0475,0.521,Sentinel-1,Ascending,Active
484,166,39,2019-11-17 04:14:59,27.31121,91.401515,-6.67,-6.0,-2.0,3.8,1.75,18.7,0.0406,0.699,Sentinel-1,Ascending,Stable
485,24,8,2021-11-24 00:12:54,24.422764,98.934733,-26.48,-23.83,-7.94,14.61,1.09,13.48,0.0236,0.764,COSMO-SkyMed,Descending,Stable
486,156,3,2020-12-23 17:21:36,27.602016,98.683288,0.6,0.54,0.18,8.27,0.51,6.41,0.0378,0.812,ALOS-2,Descending,Very Active
487,461,25,2022-03-13 04:15:21,26.440467,96.743405,-14.83,-13.35,-4.45,1.94,1.02,0.93,0.0151,0.63,ALOS-2,Descending,Slow Moving
488,75,15,2022-03-28 16:17:23,27.05619,98.322672,-43.89,-39.5,-13.17,10.92,3.49,19.25,0.0108,0.603,COSMO-SkyMed,Descending,Slow Moving
489,214,18,2021-07-26 12:12:40,28.971618,98.801064,1.63,1.47,0.49,9.74,0.54,8.94,0.0116,0.844,COSMO-SkyMed,Descending,Active
490,82,20,2022-04-22 20:05:03,23.307983,93.374618,-25.2,-22.68,-7.56,3.54,4.47,12.41,0.0191,0.637,ALOS-2,Descending,Slow Moving
491,458,31,2023-01-09 09:24:37,27.969395,95.561385,-33.99,-30.59,-10.2,2.32,1.67,0.97,0.0169,0.622,Sentinel-1,Ascending,Slow Moving
492,251,21,2022-10-08 21:13:14,23.850747,99.338708,7.28,6.55,2.18,10.41,1.61,7.31,0.0468,0.376,ALOS-2,Descending,Very Active
493,460,49,2019-05-24 13:01:40,29.547111,98.666982,-35.76,-32.18,-10.73,1.22,4.51,4.04,0.0005,0.884,Sentinel-1,Descending,Very Active
494,193,62,2023-01-17 12:21:11,27.274468,92.477288,-26.87,-24.18,-8.06,8.45,3.74,7.86,0.0361,0.393,COSMO-SkyMed,Ascending,Very Active
495,245,60,2023-09-02 19:04:31,24.568978,96.050565,-34.72,-31.25,-10.42,8.88,4.19,17.99,0.0274,0.517,Sentinel-1,Descending,Slow Moving
496,202,36,2020-09-11 03:15:47,25.105926,90.394685,-1.41,-1.27,-0.42,3.95,3.8,4.49,0.0365,0.402,COSMO-SkyMed,Descending,Very Active
497,489,48,2019-04-18 09:57:59,27.04961,94.824882,6.01,5.41,1.8,3.84,0.67,1.86,0.0277,0.624,COSMO-SkyMed,Descending,Very Active
498,359,40,2022-03-03 11:24:11,28.281765,97.816624,-17.56,-15.8,-5.27,0.82,4.43,1.11,0.0106,0.59,ALOS-2,Descending,Active
499,15,17,2018-07-07 06:37:47,23.810648,92.715141,-31.68,-28.51,-9.5,1.89,2.42,4.68,0.0069,0.684,ALOS-2,Ascending,Active
500,429,40,2024-09-09 08:57:37,28.28145,97.576982,-49.3,-44.37,-14.79,2.23,4.76,12.79,0.0279,0.691,ALOS-2,Descending,Stable
501,463,56,2023-05-29 22:40:28,29.365963,97.846457,-10.57,-9.51,-3.17,10.84,2.68,0.24,0.0223,0.835,Sentinel-1,Ascending,Active
502,120,14,2022-01-17 03:29:15,22.774967,93.087496,-37.34,-33.61,-11.2,9.17,3.26,9.34,0.0486,0.389,ALOS-2,Ascending,Very Active
503,247,49,2020-05-12 00:11:22,29.688061,99.057319,-13.47,-12.12,-4.04,0.87,4.38,16.83,0.0084,0.856,COSMO-SkyMed,Ascending,Stable
504,277,10,2020-09-24 17:01:02,23.741253,97.56889,7.45,6.71,2.23,7.2,0.16,6.73,0.0143,0.778,COSMO-SkyMed,Descending,Very Active
505,404,11,2024-11-26 22:01:55,22.617274,90.932111,1.57,1.41,0.47,1.61,0.53,16.72,0.0086,0.778,ALOS-2,Descending,Very Active
506,60,36,2018-05-14 21:26:50,25.652378,90.474413,5.9,5.31,1.77,0.45,2.88,10.77,0.0129,0.552,ALOS-2,Descending,Very Active
507,244,42,2019-11-11 16:36:56,22.276267,97.111398,-12.69,-11.42,-3.81,6.69,3.28,19.01,0.0467,0.545,ALOS-2,Descending,Active
508,489,48,2020-01-27 09:56:43,27.04961,94.824882,-25.61,-23.05,-7.68,14.38,3.6,16.23,0.0275,0.684,COSMO-SkyMed,Ascending,Active
509,55,41,2018-10-31 15:30:00,22.737613,94.442898,-10.56,-9.5,-3.17,5.45,0.11,6.17,0.0216,0.738,Sentinel-1,Ascending,Very Active
510,382,31,2024-01-20 00:23:07,27.758033,95.37008,4.92,4.43,1.48,0.21,2.88,9.91,0.0352,0.362,ALOS-2,Ascending,Active
511,454,19,2018-07-04 10:05:05,24.235092,96.194907,-48.81,-43.93,-14.64,10.85,2.86,8.89,0.0369,0.43,COSMO-SkyMed,Ascending,Stable
512,29,60,2020-03-07 05:35:46,24.863994,95.60243,-12.34,-11.11,-3.7,4.5,0.53,16.69,0.0119,0.533,ALOS-2,Descending,Very Active
513,10,27,2023-03-30 10:42:28,25.093907,90.90116,-40.93,-36.84,-12.28,12.55,4.25,19.64,0.0162,0.946,ALOS-2,Ascending,Stable
514,46,15,2019-06-13 00:05:48,26.852556,98.778503,7.8,7.02,2.34,4.58,0.84,19.85,0.0391,0.897,COSMO-SkyMed,Descending,Stable
515,120,14,2020-03-17 17:59:27,22.774967,93.087496,-11.01,-9.91,-3.3,7.57,2.16,1.17,0.0408,0.846,ALOS-2,Descending,Stable
516,239,11,2024-01-26 05:01:09,22.612408,91.140713,-17.84,-16.06,-5.35,7.38,4.4,19.21,0.0088,0.36,COSMO-SkyMed,Ascending,Slow Moving
517,150,17,2018-12-29 03:34:39,23.640753,92.666347,-30.64,-27.58,-9.19,10.48,4.81,24.96,0.0442,0.721,ALOS-2,Descending,Very Active
518,235,36,2020-06-24 22:08:15,25.370017,90.726649,-45.28,-40.75,-13.58,14.38,0.47,24.18,0.038,0.942,COSMO-SkyMed,Descending,Active
519,161,24,2019-01-17 18:19:48,23.990667,99.405493,-44.92,-40.43,-13.48,14.55,3.6,15.42,0.0039,0.323,ALOS-2,Ascending,Active
520,188,26,2024-06-22 02:25:11,24.012912,90.389415,-40.86,-36.77,-12.26,9.01,1.31,22.02,0.0408,0.458,ALOS-2,Ascending,Slow Moving
521,327,20,2024-08-07 02:21:22,23.55346,93.495437,-45.74,-41.17,-13.72,10.21,3.78,5.39,0.0414,0.953,COSMO-SkyMed,Descending,Slow Moving
522,188,26,2018-03-27 05:05:40,24.012912,90.389415,-16.54,-14.89,-4.96,9.02,3.74,5.11,0.0311,0.934,COSMO-SkyMed,Ascending,Stable
523,339,14,2022-11-09 22:08:37,22.63243,93.130744,-25.07,-22.56,-7.52,4.04,0.36,13.11,0.0169,0.957,COSMO-SkyMed,Descending,Stable
524,299,45,2018-11-11 01:53:45,28.971276,95.15497,-41.59,-37.43,-12.48,9.22,4.48,16.43,0.0287,0.485,ALOS-2,Ascending,Stable
525,174,33,2020-12-31 09:55:16,23.852207,100.184189,-39.8,-35.82,-11.94,5.88,1.07,14.53,0.0444,0.807,Sentinel-1,Ascending,Stable
526,419,15,2024-01-09 14:23:16,26.851599,98.344592,-26.9,-24.21,-8.07,0.62,3.45,5.61,0.0035,0.682,COSMO-SkyMed,Descending,Active
527,285,41,2024-08-20 05:15:41,22.939285,94.391416,-12.9,-11.61,-3.87,3.69,4.01,1.76,0.04,0.548,ALOS-2,Descending,Active
528,375,28,2024-11-14 04:38:04,29.262893,93.119025,0.77,0.69,0.23,1.19,3.23,22.4,0.0472,0.815,COSMO-SkyMed,Descending,Very Active
529,126,31,2018-06-15 14:05:25,27.86167,95.25569,-2.8,-2.52,-0.84,5.57,1.56,19.16,0.0066,0.85,ALOS-2,Ascending,Stable
530,395,53,2021-08-11 23:00:54,28.244319,91.096833,-34.09,-30.68,-10.23,9.4,2.64,9.48,0.0141,0.408,COSMO-SkyMed,Descending,Stable
531,42,44,2020-04-30 10:26:13,29.393241,98.920131,-13.44,-12.1,-4.03,10.63,1.81,6.3,0.0054,0.86,COSMO-SkyMed,Ascending,Very Active
532,11,53,2020-06-27 22:39:25,27.972018,91.327442,-48.26,-43.43,-14.48,4.33,4.27,2.66,0.0308,0.567,ALOS-2,Ascending,Active
533,246,9,2024-10-09 12:12:56,27.792783,93.383758,-30.88,-27.79,-9.26,3.63,2.84,19.56,0.0386,0.947,ALOS-2,Descending,Active
534,57,1,2024-12-14 13:28:36,26.970643,90.256506,1.24,1.12,0.37,8.53,3.63,14.69,0.0255,0.469,ALOS-2,Ascending,Active
535,427,53,2022-10-03 05:49:51,28.403369,91.356338,5.23,4.71,1.57,1.75,2.13,20.24,0.0315,0.472,ALOS-2,Descending,Stable
536,116,34,2021-08-26 12:19:14,26.198397,97.265218,-43.3,-38.97,-12.99,11.53,2.42,24.11,0.0499,0.493,ALOS-2,Descending,Very Active
537,397,54,2020-08-19 21:57:24,29.305353,91.356025,3.91,3.52,1.17,7.98,4.89,5.78,0.0499,0.879,ALOS-2,Descending,Very Active
538,264,39,2018-12-16 08:50:29,27.661056,91.296424,-36.13,-32.52,-10.84,10.12,1.08,4.46,0.0402,0.355,ALOS-2,Descending,Active
539,248,28,2018-03-07 16:15:28,29.176629,93.211558,-17.95,-16.16,-5.38,11.34,3.32,9.21,0.0226,0.518,Sentinel-1,Descending,Active
540,21,25,2024-10-04 08:59:10,26.423641,96.706297,-28.45,-25.61,-8.54,14.43,3.02,2.43,0.0062,0.873,ALOS-2,Descending,Slow Moving
541,289,31,2023-01-21 23:57:36,27.74699,95.611967,-5.13,-4.62,-1.54,4.24,0.36,11.19,0.0218,0.85,COSMO-SkyMed,Descending,Active
542,274,38,2023-06-04 10:10:06,29.611745,98.454015,-20.72,-18.65,-6.22,9.35,3.37,11.15,0.0388,0.637,COSMO-SkyMed,Descending,Stable
543,463,56,2020-02-26 15:30:07,29.365963,97.846457,-19.97,-17.97,-5.99,13.25,1.88,21.73,0.0305,0.346,Sentinel-1,Descending,Stable
544,457,50,2024-06-20 05:58:58,23.784707,92.316679,-39.81,-35.83,-11.94,11.95,2.74,5.23,0.0418,0.946,COSMO-SkyMed,Ascending,Active
545,173,36,2018-04-05 06:06:18,25.403382,90.934537,-18.13,-16.32,-5.44,2.78,4.2,3.03,0.0233,0.742,COSMO-SkyMed,Ascending,Very Active
546,379,43,2018-01-30 16:00:01,29.554443,97.854936,-44.52,-40.07,-13.36,14.98,3.19,15.66,0.0125,0.8,Sentinel-1,Ascending,Active
547,2,16,2018-05-30 23:57:51,23.481956,90.667726,-44.26,-39.83,-13.28,14.25,2.04,10.17,0.0135,0.68,Sentinel-1,Descending,Slow Moving
548,479,15,2024-12-09 22:15:53,26.846962,98.462449,-0.65,-0.59,-0.2,1.49,1.56,23.62,0.0473,0.47,ALOS-2,Ascending,Active
549,232,47,2023-08-15 21:13:51,29.556928,99.392373,-26.63,-23.97,-7.99,4.97,0.38,13.84,0.0194,0.772,COSMO-SkyMed,Descending,Stable
550,456,7,2020-03-27 11:32:19,26.102309,91.927369,-33.52,-30.17,-10.06,3.76,2.14,6.48,0.0003,0.377,ALOS-2,Descending,Active
551,385,6,2019-04-04 03:51:32,26.68842,97.255924,7.28,6.55,2.18,12.14,2.09,16.51,0.0329,0.378,Sentinel-1,Ascending,Active
552,379,43,2024-01-22 13:21:47,29.554443,97.854936,-38.35,-34.52,-11.51,5.63,2.74,10.45,0.0169,0.834,ALOS-2,Descending,Stable
553,9,21,2019-12-16 07:49:34,24.071573,99.4364,-35.21,-31.69,-10.56,14.1,1.89,12.63,0.0241,0.367,COSMO-SkyMed,Ascending,Active
554,57,1,2024-06-12 16:43:22,26.970643,90.256506,-20.46,-18.41,-6.14,5.13,1.97,17.42,0.0286,0.773,ALOS-2,Ascending,Stable
555,17,21,2023-03-16 23:38:43,24.223339,99.611262,-0.29,-0.26,-0.09,1.84,1.69,12.56,0.0005,0.495,COSMO-SkyMed,Ascending,Very Active
556,406,52,2024-01-10 13:06:53,28.476246,99.725386,7.62,6.86,2.29,11.52,2.31,10.46,0.014,0.418,Sentinel-1,Ascending,Slow Moving
557,107,47,2022-02-01 00:19:08,29.356888,99.187232,-22.01,-19.81,-6.6,13.97,2.33,20.56,0.0391,0.509,COSMO-SkyMed,Ascending,Very Active
558,79,42,2023-12-09 18:11:49,22.196281,97.397167,-7.35,-6.62,-2.2,11.48,1.34,19.9,0.0086,0.796,COSMO-SkyMed,Ascending,Stable
559,200,32,2020-11-17 00:13:21,25.253819,95.955728,-37.67,-33.9,-11.3,13.42,0.27,21.43,0.0494,0.835,COSMO-SkyMed,Descending,Very Active
560,165,26,2020-03-28 12:28:29,23.722243,90.254701,4.96,4.46,1.49,4.35,3.67,5.64,0.0041,0.306,Sentinel-1,Ascending,Very Active
561,18,60,2024-10-22 06:15:55,24.981979,96.138724,-8.26,-7.43,-2.48,14.49,4.82,11.66,0.0074,0.586,Sentinel-1,Ascending,Slow Moving
562,220,47,2023-03-08 15:23:31,29.340812,99.150961,-29.39,-26.45,-8.82,13.35,4.4,20.47,0.0096,0.379,ALOS-2,Descending,Active
563,312,23,2020-11-18 00:09:21,27.654327,91.410327,-20.89,-18.8,-6.27,12.6,0.12,19.01,0.0265,0.725,COSMO-SkyMed,Ascending,Active
564,128,44,2020-12-28 21:27:57,29.383988,98.690641,-20.39,-18.35,-6.12,6.55,1.27,22.91,0.0357,0.882,COSMO-SkyMed,Descending,Active
565,266,47,2018-02-19 11:07:13,29.514215,99.120703,-38.7,-34.83,-11.61,6.55,2.41,17.39,0.0105,0.444,Sentinel-1,Descending,Very Active
566,61,28,2019-03-01 18:49:09,28.71357,92.975678,-14.11,-12.7,-4.23,4.97,3.45,7.41,0.0397,0.96,ALOS-2,Ascending,Active
567,211,39,2022-11-05 00:38:12,27.62036,91.174427,-33.74,-30.37,-10.12,4.83,0.78,15.84,0.0071,0.412,ALOS-2,Descending,Stable
568,98,27,2022-06-10 20:21:03,25.294892,90.840219,-32.92,-29.63,-9.88,10.35,1.2,9.8,0.0012,0.544,ALOS-2,Ascending,Slow Moving
569,483,39,2020-07-27 14:02:30,27.233979,91.281489,-7.58,-6.82,-2.27,12.04,2.61,18.87,0.0034,0.331,Sentinel-1,Descending,Active
570,416,37,2018-03-06 15:40:44,26.491269,94.472483,-5.98,-5.38,-1.79,3.95,3.35,19.58,0.0076,0.375,Sentinel-1,Descending,Active
571,136,46,2018-06-05 12:58:28,23.397976,97.550215,-46.8,-42.12,-14.04,6.86,0.54,24.12,0.0204,0.516,ALOS-2,Ascending,Very Active
572,119,18,2020-03-27 11:42:43,29.057441,98.775711,-10.23,-9.21,-3.07,9.87,3.42,20.12,0.0152,0.466,COSMO-SkyMed,Descending,Active
573,64,11,2020-05-28 07:17:36,22.615301,90.779459,-26.81,-24.13,-8.04,11.1,0.07,10.05,0.0247,0.327,COSMO-SkyMed,Descending,Slow Moving
574,230,59,2023-04-24 07:44:35,25.618663,92.521501,-37.05,-33.34,-11.11,8.84,4.33,2.25,0.0284,0.649,Sentinel-1,Descending,Slow Moving
575,105,61,2021-02-11 12:14:22,26.976719,90.006861,-49.37,-44.43,-14.81,1.08,1.38,9.02,0.0038,0.782,Sentinel-1,Descending,Very Active
576,13,31,2023-01-13 00:29:14,28.234302,95.257204,-41.58,-37.42,-12.47,12.12,1.83,0.11,0.0219,0.922,ALOS-2,Ascending,Stable
577,103,56,2021-07-02 05:29:33,29.707635,97.476854,3.96,3.56,1.19,6.03,3.48,17.18,0.0405,0.896,COSMO-SkyMed,Descending,Stable
578,465,39,2023-04-14 19:55:36,27.457814,91.391682,3.01,2.71,0.9,8.1,2.8,18.98,0.0335,0.845,Sentinel-1,Ascending,Very Active
579,399,2,2018-06-01 14:56:26,23.831906,91.210721,-8.74,-7.87,-2.62,4.88,3.11,8.58,0.0035,0.963,COSMO-SkyMed,Ascending,Slow Moving
580,56,45,2022-05-08 07:54:43,28.789692,95.325241,-44.68,-40.21,-13.4,1.13,0.97,23.01,0.0363,0.568,Sentinel-1,Descending,Stable
581,380,28,2023-03-28 17:46:09,28.867144,93.034762,-16.71,-15.04,-5.01,13.16,4.0,22.01,0.0137,0.662,Sentinel-1,Ascending,Stable
582,209,48,2021-07-04 08:17:07,27.017976,94.847086,-24.33,-21.9,-7.3,10.26,2.62,6.67,0.0161,0.733,COSMO-SkyMed,Ascending,Stable
583,476,22,2024-04-12 11:12:07,22.652412,96.58018,-25.64,-23.08,-7.69,10.85,2.17,12.72,0.0022,0.815,COSMO-SkyMed,Descending,Active
584,144,5,2024-01-28 22:24:37,23.842084,94.761016,-20.05,-18.05,-6.01,2.41,4.35,2.46,0.0326,0.581,ALOS-2,Descending,Slow Moving
585,417,57,2021-12-12 13:55:20,23.438549,93.308675,-45.08,-40.57,-13.52,1.83,3.45,22.22,0.0237,0.836,Sentinel-1,Ascending,Slow Moving
586,436,18,2021-04-12 22:20:57,28.950604,98.644752,-42.05,-37.84,-12.61,5.08,3.07,6.36,0.0264,0.558,ALOS-2,Descending,Slow Moving
587,411,33,2024-08-24 12:40:11,23.528888,100.129336,-33.52,-30.17,-10.06,11.41,3.04,18.26,0.021,0.89,Sentinel-1,Descending,Very Active
588,274,38,2020-04-06 07:15:17,29.611745,98.454015,-5.26,-4.73,-1.58,10.01,2.92,18.27,0.0256,0.819,Sentinel-1,Ascending,Active
589,265,14,2018-06-14 00:57:21,22.511791,92.699139,-17.36,-15.62,-5.21,6.16,1.12,7.5,0.011,0.545,ALOS-2,Ascending,Very Active
590,29,60,2023-02-02 23:16:49,24.863994,95.60243,-3.63,-3.27,-1.09,8.15,1.17,16.68,0.0147,0.371,COSMO-SkyMed,Ascending,Very Active
591,163,6,2023-05-06 23:37:04,26.290437,97.433966,-31.5,-28.35,-9.45,7.01,4.81,17.95,0.0088,0.887,ALOS-2,Ascending,Active
592,168,14,2019-12-10 05:09:23,22.873777,93.142675,-39.22,-35.3,-11.77,12.39,2.45,6.5,0.042,0.622,ALOS-2,Ascending,Slow Moving
593,320,23,2021-11-07 03:06:16,27.83514,91.587757,-30.97,-27.87,-9.29,7.54,1.91,10.21,0.0331,0.331,COSMO-SkyMed,Ascending,Very Active
594,105,61,2020-12-02 19:11:40,26.976719,90.006861,-46.22,-41.6,-13.87,4.06,3.16,2.8,0.022,0.797,ALOS-2,Descending,Slow Moving
595,174,33,2019-04-13 09:38:00,23.852207,100.184189,-39.33,-35.4,-11.8,7.14,1.34,8.11,0.0372,0.984,COSMO-SkyMed,Descending,Stable
596,236,28,2021-10-23 20:06:08,28.919885,93.039243,-4.29,-3.86,-1.29,1.19,3.22,17.32,0.0423,0.681,Sentinel-1,Descending,Slow Moving
597,89,1,2021-09-13 23:02:44,26.829746,90.275027,-27.99,-25.19,-8.4,0.28,0.16,11.71,0.0397,0.631,Sentinel-1,Ascending,Very Active
598,331,24,2020-02-21 05:20:32,24.03039,99.164713,-27.49,-24.74,-8.25,8.82,2.23,6.98,0.018,0.514,Sentinel-1,Descending,Slow Moving
599,246,9,2019-01-30 11:47:57,27.792783,93.383758,3.43,3.09,1.03,1.59,0.48,0.08,0.0153,0.855,ALOS-2,Descending,Stable
600,103,56,2021-08-21 19:18:49,29.707635,97.476854,-35.32,-31.79,-10.6,11.65,0.28,23.67,0.0231,0.607,Sentinel-1,Descending,Stable
601,101,61,2023-05-11 23:24:24,26.745664,90.109765,-2.43,-2.19,-0.73,2.43,3.26,12.28,0.0063,0.368,Sentinel-1,Ascending,Active
602,1,54,2022-01-29 02:17:54,29.299517,91.869569,2.05,1.84,0.61,2.4,0.69,7.84,0.0414,0.705,ALOS-2,Ascending,Very Active
603,11,53,2022-02-15 23:13:55,27.972018,91.327442,-38.69,-34.82,-11.61,7.79,1.67,8.75,0.0251,0.733,ALOS-2,Ascending,Active
604,425,4,2019-05-14 23:24:40,26.702794,90.262046,-13.44,-12.1,-4.03,10.48,1.33,20.71,0.0067,0.861,COSMO-SkyMed,Descending,Very Active
605,233,20,2020-12-26 12:16:15,23.025909,93.576658,-32.51,-29.26,-9.75,8.5,4.69,21.08,0.0193,0.725,Sentinel-1,Ascending,Slow Moving
606,155,34,2024-07-28 20:47:16,25.663263,97.344996,1.45,1.3,0.43,4.01,0.66,23.4,0.0115,0.398,ALOS-2,Ascending,Slow Moving
607,383,6,2021-10-19 19:00:00,26.710904,96.968593,4.85,4.37,1.45,10.67,0.39,0.79,0.0451,0.667,ALOS-2,Descending,Stable
608,333,36,2018-09-22 05:00:25,25.503448,90.788446,-21.83,-19.65,-6.55,1.68,0.11,11.98,0.044,0.502,Sentinel-1,Descending,Slow Moving
609,357,2,2023-03-21 14:59:04,23.94092,91.108742,-25.86,-23.27,-7.76,3.32,2.59,14.32,0.0355,0.535,ALOS-2,Ascending,Stable
610,260,51,2021-05-17 01:51:46,29.718081,90.680899,-20.67,-18.6,-6.2,9.37,4.45,3.27,0.0499,0.877,ALOS-2,Descending,Very Active
611,475,57,2023-06-19 21:47:50,23.555858,93.277727,-7.33,-6.6,-2.2,7.06,2.07,4.16,0.0331,0.859,ALOS-2,Descending,Very Active
612,471,58,2019-07-21 09:20:42,27.218379,94.346235,6.52,5.87,1.96,11.22,4.75,21.43,0.0213,0.764,ALOS-2,Ascending,Slow Moving
613,336,47,2023-02-20 23:35:49,29.338527,99.080022,4.87,4.38,1.46,5.88,3.41,15.46,0.0403,0.479,Sentinel-1,Descending,Active
614,76,7,2020-02-14 15:25:20,26.280037,92.083953,-14.17,-12.75,-4.25,1.57,4.34,12.93,0.0363,0.861,Sentinel-1,Descending,Slow Moving
615,25,29,2024-01-01 16:10:27,25.965959,98.854749,-41.76,-37.58,-12.53,10.03,1.24,23.88,0.0144,0.969,ALOS-2,Descending,Stable
616,228,36,2022-09-28 13:18:45,25.584212,90.582706,7.45,6.71,2.23,2.39,0.12,17.07,0.0462,0.615,Sentinel-1,Descending,Active
617,392,54,2019-02-02 21:11:16,29.301955,91.601051,-41.17,-37.05,-12.35,1.44,4.14,1.75,0.046,0.365,COSMO-SkyMed,Ascending,Stable
618,431,6,2020-11-14 01:47:30,26.58076,97.18339,5.59,5.03,1.68,5.63,4.89,3.2,0.0347,0.444,Sentinel-1,Descending,Stable
619,44,60,2022-07-22 17:33:38,24.815357,95.751324,-24.06,-21.65,-7.22,14.01,3.29,9.72,0.0114,0.937,ALOS-2,Ascending,Stable
620,496,32,2020-07-15 08:30:00,25.571023,96.011676,-1.39,-1.25,-0.42,8.36,4.36,24.42,0.0388,0.648,COSMO-SkyMed,Descending,Very Active
621,340,31,2023-07-24 05:56:38,27.846844,95.307341,-30.71,-27.64,-9.21,11.1,4.83,23.37,0.0218,0.407,ALOS-2,Descending,Active
622,21,25,2019-08-10 14:50:39,26.423641,96.706297,-7.13,-6.42,-2.14,12.63,4.62,9.4,0.0456,0.306,Sentinel-1,Descending,Slow Moving
623,127,21,2021-11-10 09:37:17,23.919758,99.081773,3.79,3.41,1.14,7.43,2.04,22.49,0.0327,0.99,COSMO-SkyMed,Ascending,Active
624,91,53,2020-12-29 18:11:29,27.871598,91.324592,1.82,1.64,0.55,2.58,0.82,20.67,0.0241,0.988,Sentinel-1,Ascending,Slow Moving
625,28,54,2019-09-20 02:07:37,29.728508,91.938394,-5.12,-4.61,-1.54,12.2,1.5,7.94,0.035,0.513,ALOS-2,Descending,Stable
626,139,3,2022-06-21 19:24:29,27.411413,98.746416,-5.81,-5.23,-1.74,14.8,0.26,8.15,0.0295,0.876,COSMO-SkyMed,Descending,Stable
627,44,60,2022-04-13 06:37:29,24.815357,95.751324,-28.99,-26.09,-8.7,1.23,4.92,13.74,0.0089,0.741,ALOS-2,Ascending,Very Active
628,20,55,2024-04-23 13:07:29,29.217726,94.427594,-18.34,-16.51,-5.5,10.96,5.0,7.64,0.0419,0.339,ALOS-2,Descending,Slow Moving
629,12,46,2020-12-28 04:40:08,23.23391,97.661632,4.28,3.85,1.28,7.07,4.09,13.74,0.014,0.736,Sentinel-1,Descending,Stable
630,434,13,2020-09-20 00:46:30,26.433089,99.834505,-12.67,-11.4,-3.8,12.82,2.13,22.47,0.0002,0.856,COSMO-SkyMed,Ascending,Very Active
631,61,28,2024-02-17 23:58:39,28.71357,92.975678,-22.25,-20.03,-6.67,9.83,3.79,14.66,0.0074,0.908,COSMO-SkyMed,Descending,Active
632,29,60,2023-11-21 04:49:52,24.863994,95.60243,-12.84,-11.56,-3.85,3.37,1.61,20.97,0.0481,0.58,Sentinel-1,Ascending,Very Active
633,261,20,2021-02-09 21:13:12,23.305214,93.447054,-0.93,-0.84,-0.28,2.04,4.71,7.44,0.0236,0.324,COSMO-SkyMed,Descending,Slow Moving
634,69,58,2023-11-04 07:02:27,27.388109,94.162353,-18.71,-16.84,-5.61,0.87,2.6,16.39,0.0379,0.668,ALOS-2,Ascending,Very Active
635,215,22,2023-05-30 17:57:25,22.777328,96.620786,-18.64,-16.78,-5.59,8.95,2.42,16.92,0.0403,0.61,ALOS-2,Ascending,Active
636,128,44,2023-04-11 12:53:10,29.383988,98.690641,-3.71,-3.34,-1.11,12.39,3.69,4.04,0.0431,0.327,Sentinel-1,Ascending,Active
637,300,25,2024-11-19 13:43:25,26.631244,96.932145,-0.74,-0.67,-0.22,7.81,0.63,17.67,0.0454,0.69,Sentinel-1,Ascending,Slow Moving
638,223,44,2021-04-20 13:36:50,29.46044,98.497679,-31.88,-28.69,-9.56,11.6,2.22,5.32,0.0062,0.882,ALOS-2,Ascending,Stable
639,413,7,2018-08-06 15:57:04,26.486484,92.401463,-37.58,-33.82,-11.27,0.13,2.17,17.84,0.0392,0.817,ALOS-2,Ascending,Stable
640,352,17,2020-12-27 23:33:02,23.729369,93.109703,-6.64,-5.98,-1.99,7.88,4.25,5.94,0.0356,0.829,COSMO-SkyMed,Ascending,Stable
641,426,27,2020-07-20 12:30:16,24.959645,90.743379,-15.36,-13.82,-4.61,1.11,4.77,18.91,0.0269,0.882,Sentinel-1,Descending,Slow Moving
642,31,57,2024-09-13 20:54:32,23.900617,93.129951,-44.01,-39.61,-13.2,8.87,1.39,8.94,0.0447,0.363,COSMO-SkyMed,Ascending,Slow Moving
643,189,17,2018-01-04 17:44:03,23.745701,92.959317,-46.82,-42.14,-14.05,13.53,4.11,5.55,0.036,0.766,ALOS-2,Descending,Slow Moving
644,16,7,2019-03-17 15:57:46,26.257676,92.187842,1.38,1.24,0.41,3.29,4.55,14.73,0.0492,0.413,ALOS-2,Ascending,Very Active
645,163,6,2019-04-26 05:21:09,26.290437,97.433966,-10.28,-9.25,-3.08,5.67,0.42,3.99,0.0162,0.332,ALOS-2,Descending,Active
646,69,58,2024-07-05 09:29:21,27.388109,94.162353,-4.66,-4.19,-1.4,2.78,3.78,10.28,0.0038,0.434,COSMO-SkyMed,Ascending,Slow Moving
647,57,1,2018-09-12 23:33:11,26.970643,90.256506,-46.04,-41.44,-13.81,0.83,0.02,2.51,0.0017,0.843,COSMO-SkyMed,Descending,Active
648,385,6,2019-10-20 10:00:11,26.68842,97.255924,-1.53,-1.38,-0.46,5.23,3.78,22.77,0.0418,0.486,COSMO-SkyMed,Ascending,Very Active
649,150,17,2023-01-22 13:57:49,23.640753,92.666347,-37.72,-33.95,-11.32,10.07,0.47,11.4,0.0329,0.59,Sentinel-1,Ascending,Very Active
650,36,33,2022-05-27 15:23:03,23.734202,100.15709,-19.05,-17.14,-5.71,13.47,1.62,15.59,0.0477,0.466,COSMO-SkyMed,Ascending,Very Active
651,243,37,2023-03-02 14:33:30,26.722979,94.56793,-10.83,-9.75,-3.25,0.56,2.83,7.01,0.0384,0.475,ALOS-2,Ascending,Slow Moving
652,272,61,2020-01-31 07:38:52,26.493733,90.309321,-45.46,-40.91,-13.64,13.75,1.93,23.97,0.0226,0.454,ALOS-2,Descending,Very Active
653,173,36,2024-02-04 15:15:48,25.403382,90.934537,3.88,3.49,1.16,0.1,4.18,17.69,0.0455,0.932,Sentinel-1,Ascending,Active
654,497,32,2019-02-07 10:49:44,25.308309,95.939137,-7.59,-6.83,-2.28,6.26,4.33,9.27,0.0027,0.513,Sentinel-1,Ascending,Stable
655,328,58,2019-01-14 21:43:52,27.480763,94.533497,-41.46,-37.31,-12.44,3.2,4.08,4.71,0.0291,0.746,Sentinel-1,Ascending,Active
656,193,62,2023-06-16 23:19:41,27.274468,92.477288,-19.51,-17.56,-5.85,1.37,4.46,20.16,0.0011,0.724,Sentinel-1,Descending,Very Active
657,135,22,2019-06-15 17:45:34,22.486751,96.162856,-19.5,-17.55,-5.85,14.41,3.0,0.59,0.0424,0.558,ALOS-2,Ascending,Slow Moving
658,423,20,2022-10-23 00:42:59,23.408365,93.288048,-25.43,-22.89,-7.63,5.54,1.58,1.02,0.0191,0.73,ALOS-2,Ascending,Stable
659,127,21,2022-08-12 21:18:54,23.919758,99.081773,9.91,8.92,2.97,1.34,1.81,18.69,0.0275,0.693,ALOS-2,Descending,Slow Moving
660,94,33,2023-08-30 05:10:12,23.86091,99.8315,-32.53,-29.28,-9.76,6.52,0.84,14.75,0.0123,0.793,COSMO-SkyMed,Ascending,Active
661,24,8,2018-04-24 05:22:51,24.422764,98.934733,-21.25,-19.12,-6.38,10.24,3.31,19.02,0.0446,0.809,ALOS-2,Descending,Slow Moving
662,342,3,2019-11-27 21:18:44,27.421688,98.657359,-10.8,-9.72,-3.24,1.16,4.19,23.89,0.0452,0.412,ALOS-2,Descending,Slow Moving
663,231,52,2023-12-18 06:34:20,28.283343,99.719679,-12.39,-11.15,-3.72,12.45,4.17,13.48,0.0028,0.345,ALOS-2,Descending,Active
664,51,20,2019-04-28 13:02:35,23.4708,93.469375,-27.92,-25.13,-8.38,14.58,0.05,17.2,0.0099,0.681,Sentinel-1,Descending,Slow Moving
665,356,42,2020-02-05 21:06:25,22.081519,97.467133,-16.09,-14.48,-4.83,3.95,2.86,13.84,0.0283,0.896,ALOS-2,Ascending,Active
666,337,59,2023-03-15 17:26:20,25.341129,92.354098,4.02,3.62,1.21,13.76,0.42,7.19,0.0291,0.368,ALOS-2,Descending,Stable
667,411,33,2024-04-04 16:12:09,23.528888,100.129336,-38.52,-34.67,-11.56,9.45,0.44,14.31,0.0109,0.534,COSMO-SkyMed,Descending,Stable
668,494,56,2018-05-12 10:06:42,29.615062,97.254551,-46.34,-41.71,-13.9,12.22,0.83,6.25,0.0316,0.781,COSMO-SkyMed,Descending,Stable
669,358,52,2022-04-07 08:21:25,28.628633,99.579776,-5.97,-5.37,-1.79,9.58,0.17,12.17,0.0364,0.421,COSMO-SkyMed,Ascending,Stable
670,345,12,2020-10-30 22:29:16,26.933915,97.835695,-6.0,-5.4,-1.8,9.86,2.06,0.76,0.0205,0.609,ALOS-2,Ascending,Very Active
671,444,1,2019-03-14 05:34:09,27.167264,90.35708,-18.07,-16.26,-5.42,7.21,0.7,20.36,0.0209,0.745,ALOS-2,Ascending,Stable
672,237,13,2018-02-18 04:19:09,26.214092,99.88584,-1.55,-1.4,-0.46,2.72,2.18,16.38,0.0247,0.753,ALOS-2,Descending,Stable
673,87,37,2020-05-04 00:11:53,26.538741,94.784495,-22.18,-19.96,-6.65,10.5,3.17,11.94,0.0377,0.857,Sentinel-1,Descending,Very Active
674,119,18,2023-10-17 02:16:14,29.057441,98.775711,-0.15,-0.14,-0.04,0.44,0.17,20.65,0.0282,0.395,COSMO-SkyMed,Descending,Stable
675,473,11,2021-08-29 11:50:20,22.542228,90.916608,-7.65,-6.89,-2.29,10.85,3.76,10.1,0.0338,0.857,COSMO-SkyMed,Ascending,Slow Moving
676,485,57,2019-03-31 09:18:20,23.904683,92.891887,1.75,1.57,0.53,4.31,1.76,23.95,0.0089,0.397,COSMO-SkyMed,Descending,Stable
677,478,14,2022-02-25 22:42:39,22.353144,93.185845,6.04,5.44,1.81,13.85,4.06,10.23,0.0412,0.617,COSMO-SkyMed,Descending,Very Active
678,186,38,2021-06-20 00:32:22,29.625382,98.629463,-12.82,-11.54,-3.85,0.61,4.45,15.17,0.008,0.946,COSMO-SkyMed,Descending,Very Active
679,292,43,2020-11-20 07:58:21,30.045393,97.70245,-7.83,-7.05,-2.35,10.92,4.98,19.67,0.0163,0.863,COSMO-SkyMed,Descending,Stable
680,482,6,2020-05-15 21:29:18,26.428947,96.96086,-48.82,-43.94,-14.65,1.6,0.85,6.66,0.0297,0.806,Sentinel-1,Ascending,Stable
681,355,23,2018-02-22 16:47:15,27.88338,91.793116,-22.57,-20.31,-6.77,8.18,3.44,3.3,0.0021,0.664,Sentinel-1,Ascending,Slow Moving
682,292,43,2022-02-23 22:07:28,30.045393,97.70245,-24.36,-21.92,-7.31,13.26,4.23,17.12,0.0056,0.452,COSMO-SkyMed,Descending,Stable
683,111,24,2024-12-10 15:16:02,24.116164,99.13063,-35.95,-32.36,-10.79,13.96,4.49,7.27,0.0126,0.677,COSMO-SkyMed,Descending,Slow Moving
684,31,57,2021-10-04 19:30:17,23.900617,93.129951,-28.13,-25.32,-8.44,8.86,3.9,2.53,0.0118,0.656,Sentinel-1,Ascending,Stable
685,471,58,2022-05-24 04:43:23,27.218379,94.346235,-5.13,-4.62,-1.54,14.51,0.29,22.92,0.0306,0.45,ALOS-2,Descending,Stable
686,351,12,2024-05-03 02:56:43,26.89255,97.967474,-25.42,-22.88,-7.63,5.6,2.49,14.61,0.0362,0.57,ALOS-2,Descending,Slow Moving
687,225,42,2024-04-10 15:14:13,22.283042,97.420147,8.19,7.37,2.46,0.49,0.26,2.95,0.0319,0.928,ALOS-2,Ascending,Slow Moving
688,380,28,2019-05-19 01:20:58,28.867144,93.034762,-10.95,-9.86,-3.28,1.62,1.48,3.11,0.0103,0.422,Sentinel-1,Descending,Very Active
689,109,47,2019-03-27 22:20:53,29.656228,99.463175,-47.57,-42.81,-14.27,13.69,2.01,12.9,0.0329,0.969,Sentinel-1,Ascending,Very Active
690,150,17,2018-06-01 14:44:46,23.640753,92.666347,-16.06,-14.45,-4.82,6.09,0.42,4.57,0.0057,0.939,ALOS-2,Descending,Stable
691,268,58,2021-11-23 03:26:50,27.091528,94.196527,-34.68,-31.21,-10.4,6.82,0.82,16.4,0.0116,0.951,Sentinel-1,Descending,Stable
692,49,36,2022-10-26 07:52:20,25.322127,90.351057,4.54,4.09,1.36,7.2,1.13,14.54,0.0051,0.75,COSMO-SkyMed,Descending,Very Active
693,275,43,2021-01-11 09:29:22,29.521837,97.878118,-15.72,-14.15,-4.72,9.05,1.96,8.07,0.0175,0.439,Sentinel-1,Ascending,Very Active
694,236,28,2018-04-16 05:48:02,28.919885,93.039243,-39.25,-35.33,-11.78,11.2,2.02,14.99,0.0445,0.766,Sentinel-1,Descending,Slow Moving
695,385,6,2022-06-29 04:38:48,26.68842,97.255924,4.37,3.93,1.31,0.61,4.7,6.97,0.0174,0.61,COSMO-SkyMed,Ascending,Stable
696,162,25,2024-09-07 02:37:41,26.387126,96.870242,-27.05,-24.35,-8.12,1.42,4.11,18.98,0.008,0.357,Sentinel-1,Ascending,Slow Moving
697,409,6,2020-04-29 18:01:28,26.51246,97.094196,-22.16,-19.94,-6.65,5.15,0.87,3.67,0.0411,0.515,ALOS-2,Descending,Active
698,122,33,2020-05-07 16:05:34,23.835846,99.749724,-16.58,-14.92,-4.97,13.57,1.24,10.62,0.0348,0.772,Sentinel-1,Descending,Slow Moving
699,440,51,2023-07-29 00:53:32,29.312801,91.037932,-3.25,-2.93,-0.97,8.46,4.88,21.79,0.0401,0.702,COSMO-SkyMed,Ascending,Slow Moving
700,38,62,2021-05-21 12:03:05,27.133817,92.283757,-3.23,-2.91,-0.97,2.65,1.89,0.48,0.0398,0.941,Sentinel-1,Ascending,Very Active
701,92,15,2024-11-02 02:02:45,27.214333,98.398767,-18.47,-16.62,-5.54,13.16,1.04,21.47,0.0372,0.747,ALOS-2,Descending,Active
702,188,26,2021-10-05 23:50:13,24.012912,90.389415,-48.58,-43.72,-14.57,5.19,3.96,14.42,0.0079,0.895,ALOS-2,Ascending,Active
703,362,55,2024-06-23 21:16:25,28.925656,94.447512,-41.98,-37.78,-12.59,12.95,4.65,23.74,0.0196,0.958,Sentinel-1,Descending,Active
704,6,1,2024-05-21 15:01:35,27.073957,90.479573,-29.88,-26.89,-8.96,0.2,4.42,21.85,0.035,0.505,ALOS-2,Descending,Slow Moving
705,446,57,2020-05-16 03:56:29,23.606758,93.369172,-16.56,-14.9,-4.97,13.93,1.89,9.58,0.0012,0.699,COSMO-SkyMed,Ascending,Slow Moving
706,477,40,2023-11-23 21:01:38,28.245068,97.571309,-15.78,-14.2,-4.73,1.7,4.88,1.74,0.0156,0.469,ALOS-2,Ascending,Slow Moving
707,8,39,2018-12-31 21:25:14,27.383132,90.869653,-29.26,-26.33,-8.78,9.12,0.13,21.86,0.0413,0.516,COSMO-SkyMed,Descending,Stable
708,286,9,2024-08-06 20:12:11,27.453683,93.617215,3.25,2.93,0.97,9.15,3.78,11.53,0.0431,0.659,Sentinel-1,Descending,Stable
709,297,55,2018-06-12 07:25:47,29.148062,94.402629,-8.46,-7.61,-2.54,3.37,2.2,2.81,0.004,0.344,COSMO-SkyMed,Descending,Stable
710,127,21,2021-12-30 03:54:34,23.919758,99.081773,-5.27,-4.74,-1.58,14.57,1.86,11.25,0.0499,0.32,COSMO-SkyMed,Descending,Stable
711,478,14,2023-05-30 00:48:39,22.353144,93.185845,9.6,8.64,2.88,7.15,0.83,22.53,0.0146,0.845,ALOS-2,Ascending,Active
712,193,62,2024-04-28 01:35:08,27.274468,92.477288,-16.57,-14.91,-4.97,1.34,0.01,5.36,0.0206,0.341,ALOS-2,Descending,Active
713,50,58,2020-03-15 11:30:45,27.242176,94.18275,-39.18,-35.26,-11.75,5.42,2.82,12.07,0.0426,0.672,COSMO-SkyMed,Descending,Active
714,293,43,2021-01-15 14:43:44,29.858368,97.873217,-39.05,-35.14,-11.71,14.62,2.75,23.47,0.0076,0.52,Sentinel-1,Descending,Very Active
715,104,21,2018-10-05 09:41:50,24.26011,99.403686,-44.75,-40.27,-13.42,4.59,0.96,18.76,0.0419,0.713,COSMO-SkyMed,Ascending,Very Active
716,219,16,2020-10-31 14:40:14,23.538252,90.807167,0.36,0.32,0.11,14.16,1.89,11.73,0.0231,0.307,Sentinel-1,Ascending,Very Active
717,212,16,2023-03-17 12:37:50,23.697023,90.941573,-25.75,-23.18,-7.72,8.31,4.37,13.24,0.0202,0.577,ALOS-2,Descending,Slow Moving
718,237,13,2019-10-18 11:26:20,26.214092,99.88584,-41.84,-37.66,-12.55,4.73,1.4,3.48,0.0181,0.557,COSMO-SkyMed,Ascending,Slow Moving
719,52,54,2019-06-26 11:39:28,29.502734,91.868619,-15.18,-13.66,-4.55,9.44,3.16,5.62,0.0144,0.312,ALOS-2,Descending,Stable
720,142,53,2018-02-22 23:10:28,27.936422,91.224367,-18.06,-16.25,-5.42,10.01,3.01,14.72,0.0098,0.917,ALOS-2,Descending,Very Active
721,124,27,2024-11-16 14:20:36,24.921331,90.830082,-7.75,-6.98,-2.32,1.52,2.56,16.51,0.0162,0.433,COSMO-SkyMed,Ascending,Very Active
722,66,37,2018-05-03 16:38:40,26.930629,94.677688,-2.35,-2.12,-0.7,13.62,0.44,15.19,0.0306,0.42,COSMO-SkyMed,Descending,Active
723,146,5,2024-08-17 12:12:42,23.744089,94.898135,5.37,4.83,1.61,6.74,4.07,16.92,0.0091,0.822,ALOS-2,Descending,Slow Moving
724,86,16,2020-10-01 13:30:42,23.521359,90.625388,-49.22,-44.3,-14.77,3.58,2.81,17.66,0.0397,0.851,ALOS-2,Descending,Active
725,250,11,2022-08-25 13:27:48,22.618652,91.21862,-40.87,-36.78,-12.26,14.06,0.85,16.43,0.0129,0.331,Sentinel-1,Ascending,Stable
726,123,54,2020-01-11 05:55:11,29.724177,91.76461,-3.59,-3.23,-1.08,1.38,4.94,11.55,0.0041,0.404,Sentinel-1,Ascending,Active
727,380,28,2024-08-05 01:24:58,28.867144,93.034762,-13.07,-11.76,-3.92,0.27,1.68,3.87,0.0049,0.631,Sentinel-1,Ascending,Active
728,251,21,2023-06-15 07:30:46,23.850747,99.338708,-35.35,-31.82,-10.61,1.42,3.84,16.85,0.025,0.419,ALOS-2,Ascending,Active
729,197,62,2024-09-01 23:55:23,27.257606,92.212118,2.3,2.07,0.69,11.65,4.7,7.93,0.018,0.513,Sentinel-1,Descending,Stable
730,47,61,2018-11-12 12:21:01,26.666609,90.179717,-34.73,-31.26,-10.42,9.74,4.9,22.07,0.0403,0.793,Sentinel-1,Descending,Active
731,10,27,2021-11-11 09:32:56,25.093907,90.90116,-43.19,-38.87,-12.96,13.37,0.8,23.61,0.0042,0.347,ALOS-2,Ascending,Very Active
732,193,62,2018-12-04 15:08:25,27.274468,92.477288,-25.12,-22.61,-7.54,1.32,0.9,1.54,0.0475,0.692,COSMO-SkyMed,Descending,Active
733,435,55,2019-06-07 03:45:12,28.693371,94.513286,-37.82,-34.04,-11.35,4.95,3.43,21.82,0.0116,0.4,ALOS-2,Descending,Slow Moving
734,109,47,2022-08-20 22:34:46,29.656228,99.463175,1.06,0.95,0.32,0.74,0.18,9.89,0.0095,0.47,ALOS-2,Ascending,Stable
735,293,43,2020-09-09 14:26:30,29.858368,97.873217,-32.36,-29.12,-9.71,3.19,3.5,12.92,0.0136,0.612,COSMO-SkyMed,Ascending,Very Active
736,462,13,2020-11-19 15:07:05,26.536607,99.662736,-20.35,-18.32,-6.11,2.67,2.62,8.27,0.0156,0.871,Sentinel-1,Descending,Slow Moving
737,277,10,2021-03-05 23:25:10,23.741253,97.56889,3.55,3.19,1.06,7.68,1.98,4.37,0.034,0.332,Sentinel-1,Descending,Stable
738,23,48,2022-02-13 03:50:27,26.715775,95.007264,0.86,0.77,0.26,8.64,2.32,10.4,0.013,0.642,Sentinel-1,Descending,Very Active
739,249,34,2018-03-14 15:58:14,25.885467,97.698902,-22.33,-20.1,-6.7,13.78,1.47,0.94,0.0459,0.564,Sentinel-1,Ascending,Very Active
740,430,62,2019-09-03 12:42:54,26.945874,92.537811,3.45,3.11,1.03,1.4,4.38,12.6,0.0391,0.399,ALOS-2,Ascending,Stable
741,494,56,2024-03-14 21:30:11,29.615062,97.254551,-29.55,-26.6,-8.87,1.3,4.13,9.2,0.0142,0.481,ALOS-2,Ascending,Very Active
742,301,14,2018-02-11 01:03:19,22.73079,92.906822,9.35,8.41,2.8,1.82,3.03,16.63,0.0448,0.845,COSMO-SkyMed,Ascending,Active
743,141,24,2023-07-28 14:11:59,24.047224,99.397024,-12.96,-11.66,-3.89,7.96,4.2,21.26,0.0135,0.331,Sentinel-1,Descending,Very Active
744,318,57,2023-09-26 12:37:19,23.750656,92.850087,-49.36,-44.42,-14.81,6.36,3.71,24.32,0.0078,0.549,COSMO-SkyMed,Ascending,Very Active
745,6,1,2024-07-17 10:41:53,27.073957,90.479573,-2.63,-2.37,-0.79,12.16,4.15,12.04,0.0094,0.637,COSMO-SkyMed,Ascending,Very Active
746,14,37,2019-10-28 04:50:06,26.793015,94.917956,-22.8,-20.52,-6.84,12.23,2.26,14.17,0.0468,0.643,COSMO-SkyMed,Ascending,Active
747,129,49,2018-09-24 06:43:47,29.700954,99.026955,-32.03,-28.83,-9.61,3.84,2.32,15.19,0.0317,0.585,ALOS-2,Ascending,Slow Moving
748,287,12,2024-05-27 08:57:21,27.047009,97.977009,-31.38,-28.24,-9.41,14.97,2.8,10.86,0.0185,0.923,ALOS-2,Ascending,Very Active
749,298,41,2023-10-14 03:35:00,22.6468,94.368476,-33.23,-29.91,-9.97,14.05,3.45,0.6,0.0435,0.42,COSMO-SkyMed,Descending,Slow Moving
750,346,34,2024-08-26 05:04:29,25.94559,97.47455,-49.19,-44.27,-14.76,6.38,1.68,4.04,0.0123,0.651,Sentinel-1,Descending,Stable
751,242,17,2021-07-03 07:12:03,24.057441,93.082815,-30.49,-27.44,-9.15,10.7,2.07,2.16,0.0252,0.398,Sentinel-1,Ascending,Very Active
752,187,36,2020-11-21 19:45:13,25.367556,90.928405,-11.91,-10.72,-3.57,14.05,0.75,17.16,0.0316,0.363,Sentinel-1,Descending,Stable
753,352,17,2019-05-29 10:20:42,23.729369,93.109703,-23.76,-21.38,-7.13,1.57,0.11,9.49,0.0086,0.743,Sentinel-1,Descending,Stable
754,36,33,2023-04-07 07:33:41,23.734202,100.15709,3.73,3.36,1.12,5.08,3.76,19.92,0.0485,0.696,ALOS-2,Ascending,Slow Moving
755,350,18,2022-11-10 19:29:45,29.0033,98.429622,-3.67,-3.3,-1.1,4.0,3.35,9.45,0.0302,0.742,COSMO-SkyMed,Descending,Very Active
756,41,34,2018-01-15 20:48:23,25.792681,97.629669,1.85,1.67,0.56,7.66,4.18,24.56,0.0312,0.955,ALOS-2,Descending,Stable
757,383,6,2024-04-02 20:51:25,26.710904,96.968593,-25.47,-22.92,-7.64,8.02,3.89,3.37,0.0095,0.595,ALOS-2,Descending,Very Active
758,327,20,2021-08-30 17:06:08,23.55346,93.495437,-9.89,-8.9,-2.97,14.74,2.98,22.8,0.0491,0.735,ALOS-2,Ascending,Active
759,436,18,2021-07-04 04:52:03,28.950604,98.644752,-43.84,-39.46,-13.15,13.49,3.32,11.47,0.0379,0.763,Sentinel-1,Ascending,Stable
760,180,62,2022-09-30 23:16:55,27.108415,92.327563,-9.26,-8.33,-2.78,6.6,0.54,19.54,0.0115,0.636,ALOS-2,Descending,Active
761,54,13,2018-09-10 19:55:15,26.588159,99.539156,-16.04,-14.44,-4.81,5.67,1.27,8.32,0.01,0.476,COSMO-SkyMed,Ascending,Slow Moving
762,330,35,2021-10-03 18:28:44,23.328938,91.874374,-41.42,-37.28,-12.43,1.33,3.92,21.8,0.0258,0.782,Sentinel-1,Ascending,Active
763,211,39,2024-11-30 17:10:35,27.62036,91.174427,-25.91,-23.32,-7.77,14.08,1.93,17.19,0.0253,0.821,ALOS-2,Descending,Very Active
764,149,8,2022-07-06 15:28:30,24.381092,98.526048,-20.2,-18.18,-6.06,6.05,2.92,12.6,0.0217,0.723,COSMO-SkyMed,Descending,Stable
765,167,44,2024-01-27 08:26:39,29.389764,98.979635,-43.84,-39.46,-13.15,5.16,0.58,21.29,0.0351,0.428,ALOS-2,Ascending,Active
766,375,28,2018-09-11 06:32:42,29.262893,93.119025,-33.58,-30.22,-10.07,7.96,1.54,0.24,0.0169,0.766,Sentinel-1,Ascending,Stable
767,101,61,2023-03-03 10:23:33,26.745664,90.109765,-28.96,-26.06,-8.69,5.54,2.22,6.13,0.0197,0.533,ALOS-2,Descending,Slow Moving
768,290,18,2022-07-28 17:25:15,29.02389,98.518006,-0.93,-0.84,-0.28,4.15,0.87,8.56,0.02,0.919,Sentinel-1,Descending,Active
769,219,16,2019-09-27 16:19:08,23.538252,90.807167,-24.61,-22.15,-7.38,14.01,2.98,3.21,0.041,0.557,Sentinel-1,Ascending,Active
770,169,36,2018-05-23 00:29:10,25.251692,90.375718,-17.79,-16.01,-5.34,9.13,3.86,20.91,0.0395,0.988,ALOS-2,Descending,Very Active
771,305,51,2024-08-09 13:24:55,29.643065,91.023097,-15.76,-14.18,-4.73,5.21,4.73,18.71,0.0035,0.388,COSMO-SkyMed,Ascending,Slow Moving
772,253,56,2018-05-23 10:43:44,29.23862,97.679928,8.01,7.21,2.4,13.32,3.93,19.66,0.049,0.441,ALOS-2,Descending,Stable
773,360,52,2020-10-26 03:54:56,28.487946,99.803769,3.48,3.13,1.04,13.65,0.54,23.29,0.0084,0.355,Sentinel-1,Ascending,Slow Moving
774,75,15,2019-12-13 02:36:08,27.05619,98.322672,-38.67,-34.8,-11.6,7.77,0.23,0.02,0.0334,0.71,ALOS-2,Descending,Slow Moving
775,269,36,2020-02-26 01:19:47,25.138725,90.660817,-5.14,-4.63,-1.54,13.0,1.64,0.09,0.0082,0.945,ALOS-2,Descending,Active
776,234,19,2020-12-28 20:33:19,24.012607,96.258501,-38.13,-34.32,-11.44,12.16,2.02,14.55,0.0334,0.556,COSMO-SkyMed,Ascending,Stable
777,102,34,2018-04-08 04:52:05,25.64851,97.808538,-26.3,-23.67,-7.89,2.06,2.85,3.25,0.0054,0.898,ALOS-2,Descending,Slow Moving
778,385,6,2022-08-30 22:21:49,26.68842,97.255924,-21.54,-19.39,-6.46,11.81,4.46,8.97,0.0004,0.71,COSMO-SkyMed,Descending,Stable
779,88,36,2024-02-19 05:40:15,25.082082,90.455703,-48.97,-44.07,-14.69,5.46,2.11,17.28,0.025,0.797,ALOS-2,Descending,Stable
780,5,32,2020-03-28 09:08:28,25.181529,95.771245,-39.1,-35.19,-11.73,14.27,1.79,19.73,0.0396,0.724,ALOS-2,Descending,Very Active
781,308,8,2022-02-20 21:08:51,24.336646,98.974144,-13.08,-11.77,-3.92,0.68,1.88,13.14,0.0339,0.819,Sentinel-1,Descending,Slow Moving
782,353,3,2022-12-13 10:41:56,27.4476,99.138016,-27.75,-24.98,-8.32,1.59,0.91,7.15,0.0198,0.433,COSMO-SkyMed,Descending,Active
783,429,40,2024-06-18 11:14:28,28.28145,97.576982,-6.54,-5.89,-1.96,6.46,2.43,14.72,0.0,0.939,COSMO-SkyMed,Ascending,Stable
784,461,25,2020-05-26 17:46:39,26.440467,96.743405,-9.67,-8.7,-2.9,8.02,4.59,10.88,0.0455,0.492,ALOS-2,Descending,Very Active
785,413,7,2024-07-30 09:24:23,26.486484,92.401463,-1.36,-1.22,-0.41,12.6,1.25,4.93,0.0003,0.612,Sentinel-1,Ascending,Very Active
786,313,39,2018-02-05 07:07:40,27.616028,91.2283,-0.98,-0.88,-0.29,11.77,0.8,16.49,0.0161,0.914,ALOS-2,Ascending,Very Active
787,485,57,2021-05-14 11:18:29,23.904683,92.891887,-39.32,-35.39,-11.8,13.32,2.01,17.57,0.0445,0.937,ALOS-2,Descending,Stable
788,168,14,2022-07-11 20:22:52,22.873777,93.142675,0.04,0.04,0.01,3.01,1.8,13.74,0.0458,0.924,Sentinel-1,Descending,Slow Moving
789,370,41,2019-09-23 23:37:43,23.12008,94.507745,-16.46,-14.81,-4.94,10.67,4.15,24.09,0.0091,0.908,Sentinel-1,Descending,Active
790,233,20,2018-03-23 14:54:36,23.025909,93.576658,-21.3,-19.17,-6.39,9.83,0.7,20.11,0.0319,0.964,Sentinel-1,Descending,Slow Moving
791,131,9,2020-12-29 19:58:44,27.490702,93.694815,-25.71,-23.14,-7.71,12.17,4.83,8.13,0.0287,0.844,COSMO-SkyMed,Descending,Slow Moving
792,450,35,2021-10-13 18:23:34,23.339312,91.490571,9.46,8.51,2.84,5.71,3.19,10.97,0.0351,0.486,Sentinel-1,Ascending,Slow Moving
793,405,16,2024-05-26 16:00:14,23.443092,90.698614,-43.5,-39.15,-13.05,4.15,3.32,24.91,0.0066,0.907,ALOS-2,Descending,Stable
794,480,56,2019-10-26 02:18:37,29.173291,97.368179,-3.63,-3.27,-1.09,1.26,1.67,15.24,0.0026,0.639,Sentinel-1,Descending,Very Active
795,49,36,2019-10-07 23:15:21,25.322127,90.351057,-26.62,-23.96,-7.99,8.27,3.27,8.47,0.0382,0.501,ALOS-2,Ascending,Stable
796,292,43,2020-09-28 16:44:22,30.045393,97.70245,-39.27,-35.34,-11.78,5.9,0.41,24.03,0.0266,0.836,ALOS-2,Descending,Active
797,112,20,2023-10-22 16:08:49,23.283767,93.789626,-32.29,-29.06,-9.69,12.23,3.39,14.21,0.0057,0.748,ALOS-2,Ascending,Slow Moving
798,193,62,2024-09-13 22:40:24,27.274468,92.477288,6.0,5.4,1.8,13.76,1.67,14.9,0.0491,0.306,COSMO-SkyMed,Ascending,Active
799,328,58,2023-10-16 08:37:26,27.480763,94.533497,-16.46,-14.81,-4.94,0.15,3.04,16.56,0.0115,0.687,Sentinel-1,Ascending,Slow Moving
800,204,25,2019-02-26 01:54:56,26.327514,96.925127,6.26,5.63,1.88,6.38,1.0,9.63,0.0086,0.56,COSMO-SkyMed,Ascending,Active
801,20,55,2024-12-15 21:48:39,29.217726,94.427594,-11.92,-10.73,-3.58,12.06,2.8,0.08,0.0174,0.764,ALOS-2,Ascending,Slow Moving
802,352,17,2018-12-07 17:40:24,23.729369,93.109703,-20.79,-18.71,-6.24,1.48,4.38,7.66,0.0384,0.447,COSMO-SkyMed,Descending,Slow Moving
803,299,45,2019-05-11 23:44:04,28.971276,95.15497,-29.0,-26.1,-8.7,13.02,2.44,14.31,0.0129,0.718,Sentinel-1,Ascending,Very Active
804,97,59,2024-01-21 13:25:03,25.476889,92.446707,-13.21,-11.89,-3.96,1.23,0.53,11.58,0.0331,0.727,COSMO-SkyMed,Ascending,Slow Moving
805,236,28,2018-03-28 13:01:33,28.919885,93.039243,-48.98,-44.08,-14.69,10.63,1.03,6.4,0.0239,0.657,ALOS-2,Descending,Active
806,268,58,2024-10-30 16:51:11,27.091528,94.196527,-7.23,-6.51,-2.17,13.91,3.34,10.62,0.0343,0.879,ALOS-2,Descending,Active
807,250,11,2018-07-08 09:54:57,22.618652,91.21862,8.4,7.56,2.52,5.12,1.53,21.9,0.0168,0.347,Sentinel-1,Ascending,Very Active
808,69,58,2022-01-24 02:09:10,27.388109,94.162353,-3.14,-2.83,-0.94,11.86,1.87,14.47,0.0357,0.347,ALOS-2,Ascending,Slow Moving
809,228,36,2024-11-21 19:11:00,25.584212,90.582706,-37.91,-34.12,-11.37,12.52,2.48,17.53,0.0163,0.475,Sentinel-1,Ascending,Stable
810,167,44,2018-12-08 10:21:18,29.389764,98.979635,-6.8,-6.12,-2.04,5.08,1.51,20.68,0.0005,0.746,COSMO-SkyMed,Ascending,Stable
811,163,6,2022-11-04 15:49:49,26.290437,97.433966,-1.69,-1.52,-0.51,1.62,1.63,23.77,0.0382,0.329,ALOS-2,Descending,Active
812,379,43,2019-01-19 22:41:16,29.554443,97.854936,-33.14,-29.83,-9.94,0.23,0.94,15.57,0.0449,0.467,ALOS-2,Descending,Active
813,189,17,2020-10-25 18:46:27,23.745701,92.959317,-22.31,-20.08,-6.69,4.81,3.6,5.08,0.0462,0.64,COSMO-SkyMed,Descending,Slow Moving
814,399,2,2020-01-18 02:17:13,23.831906,91.210721,-29.35,-26.42,-8.8,1.37,0.93,9.73,0.0437,0.399,COSMO-SkyMed,Descending,Slow Moving
815,341,45,2021-09-04 05:21:40,28.617857,94.902505,-11.99,-10.79,-3.6,12.61,4.66,22.38,0.0082,0.497,COSMO-SkyMed,Descending,Stable
816,242,17,2021-12-02 04:16:56,24.057441,93.082815,-26.83,-24.15,-8.05,4.16,3.08,4.34,0.0348,0.396,Sentinel-1,Ascending,Very Active
817,437,26,2021-10-24 00:40:29,23.733223,90.549059,-37.54,-33.79,-11.26,7.52,1.34,8.92,0.0498,0.316,Sentinel-1,Descending,Slow Moving
818,288,37,2018-08-28 04:19:53,26.9722,94.413095,-9.2,-8.28,-2.76,4.88,1.81,6.49,0.0254,0.834,COSMO-SkyMed,Ascending,Slow Moving
819,46,15,2018-04-02 13:38:41,26.852556,98.778503,-17.41,-15.67,-5.22,12.39,4.19,2.78,0.0139,0.364,ALOS-2,Ascending,Slow Moving
820,66,37,2018-05-01 15:02:01,26.930629,94.677688,-43.54,-39.19,-13.06,8.09,0.45,7.49,0.0442,0.727,ALOS-2,Descending,Slow Moving
821,400,48,2024-08-31 15:46:56,26.969184,95.065953,2.11,1.9,0.63,1.66,2.47,17.76,0.0094,0.508,COSMO-SkyMed,Ascending,Slow Moving
822,249,34,2020-02-16 00:10:32,25.885467,97.698902,3.19,2.87,0.96,13.14,1.07,10.36,0.0175,0.459,COSMO-SkyMed,Ascending,Stable
823,324,43,2018-05-16 13:07:06,29.7932,97.648681,-27.2,-24.48,-8.16,5.66,1.73,3.32,0.0081,0.442,ALOS-2,Descending,Active
824,415,9,2020-08-25 11:08:13,27.593011,93.419985,-41.19,-37.07,-12.36,4.73,4.81,5.63,0.0232,0.675,COSMO-SkyMed,Descending,Active
825,202,36,2018-06-26 21:32:45,25.105926,90.394685,-3.9,-3.51,-1.17,6.98,2.92,16.69,0.0254,0.831,ALOS-2,Ascending,Very Active
826,313,39,2019-11-16 21:08:05,27.616028,91.2283,-19.2,-17.28,-5.76,8.69,3.43,13.98,0.0398,0.709,COSMO-SkyMed,Ascending,Stable
827,71,21,2018-09-12 03:12:27,23.837284,99.530981,-3.97,-3.57,-1.19,9.15,1.68,22.29,0.0288,0.74,Sentinel-1,Ascending,Slow Moving
828,435,55,2021-03-09 00:41:27,28.693371,94.513286,7.83,7.05,2.35,12.45,2.21,20.34,0.0218,0.467,COSMO-SkyMed,Descending,Stable
829,185,1,2019-05-24 21:40:31,27.261587,89.954368,-25.77,-23.19,-7.73,12.34,4.39,20.04,0.0401,0.549,ALOS-2,Descending,Stable
830,238,31,2022-02-21 23:56:05,27.859026,95.533808,-36.23,-32.61,-10.87,3.98,0.43,10.69,0.0211,0.607,COSMO-SkyMed,Descending,Slow Moving
831,106,23,2019-10-10 07:32:27,27.633732,91.865192,-2.66,-2.39,-0.8,0.43,0.03,8.53,0.0454,0.486,ALOS-2,Descending,Very Active
832,435,55,2024-03-14 07:01:28,28.693371,94.513286,-20.61,-18.55,-6.18,10.24,1.55,2.61,0.0257,0.828,Sentinel-1,Descending,Slow Moving
833,174,33,2023-08-07 21:38:50,23.852207,100.184189,-43.74,-39.37,-13.12,3.86,3.93,4.5,0.0184,0.381,ALOS-2,Descending,Slow Moving
834,297,55,2021-05-02 15:04:46,29.148062,94.402629,-11.0,-9.9,-3.3,13.26,4.07,4.64,0.0021,0.409,COSMO-SkyMed,Ascending,Very Active
835,188,26,2023-12-14 09:20:19,24.012912,90.389415,8.48,7.63,2.54,3.42,2.26,17.65,0.0139,0.427,Sentinel-1,Descending,Slow Moving
836,33,36,2020-01-02 06:41:42,25.657972,90.669672,-18.82,-16.94,-5.65,6.84,3.92,12.78,0.0103,0.789,ALOS-2,Ascending,Stable
837,428,54,2021-01-28 07:18:23,29.443587,91.44815,-30.03,-27.03,-9.01,2.28,2.79,21.93,0.0372,0.933,ALOS-2,Ascending,Slow Moving
838,235,36,2020-04-30 20:33:32,25.370017,90.726649,-33.56,-30.2,-10.07,11.86,4.28,21.27,0.0223,0.349,ALOS-2,Descending,Stable
839,301,14,2021-06-28 10:58:17,22.73079,92.906822,-48.45,-43.61,-14.54,2.1,0.76,17.16,0.049,0.338,Sentinel-1,Descending,Very Active
840,439,51,2020-03-11 01:52:39,29.841729,91.02195,-25.19,-22.67,-7.56,8.85,1.38,21.29,0.0243,0.895,COSMO-SkyMed,Ascending,Very Active
841,62,43,2023-11-14 03:27:09,29.791729,97.703065,-9.52,-8.57,-2.86,9.07,0.38,20.52,0.0062,0.572,COSMO-SkyMed,Descending,Stable
842,386,9,2018-09-07 03:28:25,27.803067,93.583435,-9.5,-8.55,-2.85,8.68,3.48,13.64,0.0114,0.947,ALOS-2,Descending,Active
843,247,49,2018-04-28 22:16:53,29.688061,99.057319,-20.43,-18.39,-6.13,1.9,4.57,21.15,0.0111,0.512,ALOS-2,Ascending,Very Active
844,209,48,2022-01-06 15:38:43,27.017976,94.847086,-48.53,-43.68,-14.56,2.96,3.99,7.81,0.0227,0.701,Sentinel-1,Descending,Active
845,53,12,2018-07-27 17:41:53,27.111035,97.946169,-25.72,-23.15,-7.72,0.37,2.25,17.95,0.0421,0.928,Sentinel-1,Ascending,Very Active
846,428,54,2021-02-11 06:47:04,29.443587,91.44815,-28.24,-25.42,-8.47,10.65,0.27,24.28,0.0103,0.952,COSMO-SkyMed,Ascending,Active
847,189,17,2021-10-16 17:24:21,23.745701,92.959317,-40.62,-36.56,-12.19,11.7,0.76,2.68,0.0025,0.325,COSMO-SkyMed,Ascending,Active
848,91,53,2022-12-31 03:37:30,27.871598,91.324592,-27.29,-24.56,-8.19,6.51,0.27,20.92,0.0043,0.937,COSMO-SkyMed,Ascending,Stable
849,480,56,2019-06-01 12:46:58,29.173291,97.368179,-35.48,-31.93,-10.64,6.84,3.41,21.98,0.0112,0.45,Sentinel-1,Ascending,Slow Moving
850,41,34,2018-02-24 22:16:35,25.792681,97.629669,-12.63,-11.37,-3.79,8.49,4.09,1.95,0.0092,0.97,COSMO-SkyMed,Descending,Slow Moving
851,209,48,2021-05-14 21:59:46,27.017976,94.847086,-43.64,-39.28,-13.09,6.07,2.23,3.96,0.0011,0.952,ALOS-2,Ascending,Stable
852,7,33,2022-02-07 19:29:20,23.913242,99.843232,-40.72,-36.65,-12.22,12.3,0.52,24.42,0.049,0.314,Sentinel-1,Descending,Active
853,8,39,2023-07-02 15:45:39,27.383132,90.869653,-9.23,-8.31,-2.77,7.3,4.78,12.04,0.0415,0.585,Sentinel-1,Ascending,Stable
854,406,52,2019-06-18 23:02:11,28.476246,99.725386,-22.93,-20.64,-6.88,6.19,4.26,5.57,0.0092,0.737,Sentinel-1,Ascending,Active
855,159,55,2023-04-28 05:38:20,28.682887,94.211199,-20.62,-18.56,-6.19,11.88,4.18,24.77,0.0225,0.834,Sentinel-1,Descending,Stable
856,481,6,2019-10-28 17:40:28,26.624993,97.047078,-32.13,-28.92,-9.64,10.21,2.43,5.66,0.0283,0.415,COSMO-SkyMed,Ascending,Active
857,371,53,2023-03-11 18:50:22,28.245789,91.287701,-1.18,-1.06,-0.35,8.6,0.06,8.73,0.0449,0.417,ALOS-2,Descending,Stable
858,353,3,2024-01-18 00:28:02,27.4476,99.138016,3.77,3.39,1.13,0.94,0.68,7.2,0.019,0.87,Sentinel-1,Descending,Stable
859,62,43,2018-08-18 14:39:16,29.791729,97.703065,5.16,4.64,1.55,3.04,3.11,2.41,0.0367,0.414,Sentinel-1,Descending,Active
860,353,3,2021-11-25 13:42:16,27.4476,99.138016,-39.28,-35.35,-11.78,5.79,2.69,0.38,0.0471,0.682,Sentinel-1,Descending,Slow Moving
861,319,12,2021-02-20 22:33:45,26.865074,97.811504,-11.34,-10.21,-3.4,13.72,4.93,3.1,0.0498,0.918,COSMO-SkyMed,Descending,Very Active
862,214,18,2018-12-29 12:40:20,28.971618,98.801064,-34.89,-31.4,-10.47,10.47,1.12,21.43,0.045,0.34,COSMO-SkyMed,Descending,Stable
863,466,40,2019-12-22 12:06:43,27.956032,97.493747,-41.77,-37.59,-12.53,3.58,4.61,10.29,0.0343,0.508,Sentinel-1,Descending,Very Active
864,414,36,2021-03-09 05:54:26,25.544595,90.858509,-40.84,-36.76,-12.25,3.56,3.66,16.0,0.0348,0.877,COSMO-SkyMed,Descending,Active
865,415,9,2023-01-30 15:26:31,27.593011,93.419985,-19.45,-17.5,-5.83,0.6,4.5,11.74,0.0168,0.654,Sentinel-1,Ascending,Stable
866,185,1,2020-07-08 00:59:17,27.261587,89.954368,1.92,1.73,0.58,12.02,0.45,16.64,0.0091,0.441,ALOS-2,Ascending,Slow Moving
867,214,18,2020-08-24 06:16:15,28.971618,98.801064,-49.32,-44.39,-14.8,3.74,3.02,16.57,0.0314,0.455,ALOS-2,Descending,Active
868,132,29,2023-10-15 17:14:17,25.819529,99.010925,-47.35,-42.62,-14.21,9.03,2.17,15.02,0.0304,0.63,COSMO-SkyMed,Descending,Stable
869,139,3,2021-08-12 23:10:43,27.411413,98.746416,-11.97,-10.77,-3.59,7.39,4.74,24.07,0.0338,0.447,COSMO-SkyMed,Ascending,Stable
870,270,9,2019-02-13 10:18:07,27.567541,93.507798,-14.71,-13.24,-4.41,10.32,1.19,16.16,0.0279,0.571,ALOS-2,Ascending,Stable
871,486,25,2024-04-21 18:08:19,26.596999,96.691512,-37.33,-33.6,-11.2,9.42,2.18,22.55,0.0198,0.743,COSMO-SkyMed,Descending,Slow Moving
872,196,48,2022-09-09 02:13:41,27.015245,94.710167,-29.17,-26.25,-8.75,7.79,3.04,5.78,0.0345,0.762,Sentinel-1,Descending,Stable
873,28,54,2018-12-11 09:32:02,29.728508,91.938394,-3.72,-3.35,-1.12,0.48,3.47,13.28,0.0451,0.45,ALOS-2,Descending,Very Active
874,219,16,2024-10-11 13:08:58,23.538252,90.807167,-11.99,-10.79,-3.6,3.06,3.74,8.33,0.0252,0.316,ALOS-2,Ascending,Slow Moving
875,308,8,2021-04-12 21:40:33,24.336646,98.974144,-6.94,-6.25,-2.08,10.96,2.79,4.06,0.0481,0.706,COSMO-SkyMed,Ascending,Slow Moving
876,303,32,2019-06-25 13:48:01,25.607005,95.667644,-1.94,-1.75,-0.58,8.24,2.19,16.16,0.0034,0.65,Sentinel-1,Descending,Stable
877,228,36,2019-07-02 12:31:47,25.584212,90.582706,0.46,0.41,0.14,2.93,3.69,11.35,0.0105,0.332,COSMO-SkyMed,Descending,Very Active
878,115,9,2024-03-11 20:01:44,27.539125,93.695468,-35.34,-31.81,-10.6,13.22,2.76,5.36,0.0222,0.913,Sentinel-1,Descending,Stable
879,201,13,2024-10-21 02:10:06,26.469822,99.874325,-49.46,-44.51,-14.84,7.58,3.3,24.9,0.0101,0.39,Sentinel-1,Ascending,Stable
880,143,27,2020-01-30 08:31:39,25.198905,90.703266,2.56,2.3,0.77,0.63,2.22,0.28,0.0165,0.716,COSMO-SkyMed,Ascending,Stable
881,380,28,2024-02-05 02:28:02,28.867144,93.034762,-11.49,-10.34,-3.45,3.04,2.15,5.79,0.0467,0.537,ALOS-2,Ascending,Slow Moving
882,180,62,2018-09-03 22:46:05,27.108415,92.327563,-30.29,-27.26,-9.09,9.01,3.18,13.91,0.0002,0.798,Sentinel-1,Ascending,Active
883,94,33,2019-04-24 16:53:56,23.86091,99.8315,-43.26,-38.93,-12.98,5.72,1.16,17.72,0.0446,0.769,COSMO-SkyMed,Descending,Slow Moving
884,390,28,2024-09-15 03:20:12,29.255225,93.133367,6.24,5.62,1.87,13.6,1.04,13.21,0.0463,0.31,Sentinel-1,Ascending,Stable
885,31,57,2019-02-19 15:21:20,23.900617,93.129951,-10.12,-9.11,-3.04,14.38,0.09,11.28,0.0245,0.691,COSMO-SkyMed,Ascending,Active
886,9,21,2021-05-15 22:17:40,24.071573,99.4364,-24.37,-21.93,-7.31,4.14,1.59,0.03,0.044,0.796,ALOS-2,Descending,Very Active
887,161,24,2020-08-29 11:56:09,23.990667,99.405493,-4.68,-4.21,-1.4,5.44,3.46,9.74,0.0072,0.525,COSMO-SkyMed,Descending,Very Active
888,313,39,2019-05-20 21:02:02,27.616028,91.2283,-18.94,-17.05,-5.68,10.99,4.72,14.62,0.0235,0.575,COSMO-SkyMed,Ascending,Very Active
889,23,48,2023-08-18 19:56:23,26.715775,95.007264,-20.28,-18.25,-6.08,11.53,1.02,12.24,0.018,0.468,COSMO-SkyMed,Descending,Stable
890,44,60,2023-08-13 07:21:25,24.815357,95.751324,-4.91,-4.42,-1.47,7.95,2.05,9.78,0.0498,0.594,Sentinel-1,Descending,Stable
891,465,39,2023-03-31 22:02:46,27.457814,91.391682,-14.26,-12.83,-4.28,10.72,3.51,6.52,0.0412,0.916,Sentinel-1,Ascending,Stable
892,496,32,2020-02-26 19:47:35,25.571023,96.011676,-42.93,-38.64,-12.88,14.04,4.24,4.91,0.0235,0.323,COSMO-SkyMed,Ascending,Active
893,20,55,2020-04-21 03:32:08,29.217726,94.427594,9.0,8.1,2.7,13.25,0.01,16.11,0.0167,0.881,ALOS-2,Ascending,Stable
894,175,3,2019-08-30 21:18:31,27.570483,98.76085,3.55,3.19,1.06,1.23,2.02,16.68,0.0494,0.606,ALOS-2,Ascending,Stable
895,136,46,2018-09-22 00:27:15,23.397976,97.550215,-36.26,-32.63,-10.88,1.69,0.57,13.37,0.0168,0.405,ALOS-2,Descending,Slow Moving
896,326,3,2019-08-30 11:46:26,27.458315,98.886333,-48.88,-43.99,-14.66,1.91,0.4,23.4,0.0497,0.698,Sentinel-1,Descending,Active
897,481,6,2022-03-15 08:10:19,26.624993,97.047078,-7.26,-6.53,-2.18,3.7,3.9,19.21,0.0189,0.761,Sentinel-1,Ascending,Slow Moving
898,123,54,2020-03-19 09:47:43,29.724177,91.76461,-33.47,-30.12,-10.04,10.97,3.12,21.03,0.0107,0.693,ALOS-2,Descending,Slow Moving
899,270,9,2023-03-06 14:25:49,27.567541,93.507798,-20.29,-18.26,-6.09,12.93,3.89,16.84,0.0324,0.776,COSMO-SkyMed,Descending,Stable
900,304,49,2019-06-17 18:10:33,29.488651,98.688502,-36.9,-33.21,-11.07,11.28,4.85,23.33,0.0155,0.469,ALOS-2,Ascending,Active
901,241,16,2024-01-23 12:18:51,23.421257,90.68956,-13.58,-12.22,-4.07,4.86,3.7,17.07,0.012,0.312,ALOS-2,Ascending,Active
902,317,51,2022-06-16 01:46:20,29.651687,90.978841,-19.42,-17.48,-5.83,3.25,1.8,10.01,0.0284,0.602,ALOS-2,Descending,Stable
903,235,36,2019-02-24 10:55:06,25.370017,90.726649,-49.87,-44.88,-14.96,0.7,4.87,24.03,0.0321,0.313,COSMO-SkyMed,Descending,Very Active
904,384,16,2021-05-29 00:58:21,23.537166,90.452183,-11.38,-10.24,-3.41,4.77,3.26,4.44,0.0001,0.851,Sentinel-1,Descending,Active
905,202,36,2024-08-15 14:50:17,25.105926,90.394685,3.34,3.01,1.0,9.93,4.8,24.0,0.0121,0.46,COSMO-SkyMed,Descending,Stable
906,211,39,2022-02-13 21:46:32,27.62036,91.174427,-48.16,-43.34,-14.45,2.3,2.98,15.93,0.0478,0.475,COSMO-SkyMed,Ascending,Stable
907,149,8,2024-12-18 22:03:54,24.381092,98.526048,-12.78,-11.5,-3.83,6.77,3.6,11.1,0.0386,0.768,Sentinel-1,Ascending,Slow Moving
908,210,17,2019-06-12 06:21:05,23.705344,92.593955,-33.62,-30.26,-10.09,10.45,2.68,19.75,0.0392,0.494,ALOS-2,Ascending,Stable
909,172,39,2020-11-14 00:12:54,27.647376,91.360728,-29.59,-26.63,-8.88,2.37,2.75,3.28,0.0452,0.757,COSMO-SkyMed,Ascending,Slow Moving
910,475,57,2020-04-11 07:37:25,23.555858,93.277727,-49.17,-44.25,-14.75,0.76,4.27,6.52,0.0248,0.575,ALOS-2,Ascending,Active
911,457,50,2018-11-21 22:54:12,23.784707,92.316679,-18.41,-16.57,-5.52,11.67,0.08,10.42,0.0032,0.334,COSMO-SkyMed,Descending,Very Active
912,235,36,2023-02-10 17:55:09,25.370017,90.726649,-15.9,-14.31,-4.77,7.33,2.95,0.93,0.012,0.442,COSMO-SkyMed,Descending,Stable
913,177,17,2020-09-03 19:15:00,24.106804,92.72764,-30.01,-27.01,-9.0,9.21,1.84,3.16,0.0379,0.514,ALOS-2,Ascending,Active
914,77,47,2022-02-05 20:16:35,29.704848,99.015124,-45.99,-41.39,-13.8,2.61,3.62,20.85,0.0143,0.401,Sentinel-1,Ascending,Stable
915,456,7,2024-06-10 13:32:17,26.102309,91.927369,-45.59,-41.03,-13.68,5.57,2.49,11.84,0.0254,0.532,Sentinel-1,Ascending,Stable
916,453,58,2019-08-05 21:15:15,27.170248,94.221631,-41.07,-36.96,-12.32,5.87,3.01,3.72,0.0428,0.541,Sentinel-1,Ascending,Stable
917,400,48,2024-07-15 05:45:50,26.969184,95.065953,-40.01,-36.01,-12.0,9.51,0.95,24.65,0.0085,0.42,ALOS-2,Descending,Slow Moving
918,5,32,2020-05-21 20:02:55,25.181529,95.771245,-7.26,-6.53,-2.18,3.65,1.5,20.06,0.0197,0.779,ALOS-2,Descending,Very Active
919,382,31,2019-10-21 18:52:43,27.758033,95.37008,8.42,7.58,2.53,3.64,3.25,8.43,0.0119,0.883,Sentinel-1,Ascending,Stable
920,493,34,2020-07-23 02:31:43,25.807601,97.549356,-31.07,-27.96,-9.32,7.84,1.81,9.49,0.0456,0.99,ALOS-2,Ascending,Slow Moving
921,357,2,2020-04-05 23:13:55,23.94092,91.108742,8.92,8.03,2.68,12.91,4.55,0.09,0.0311,0.304,Sentinel-1,Ascending,Active
922,339,14,2022-04-12 06:20:40,22.63243,93.130744,-1.92,-1.73,-0.58,10.29,0.67,22.26,0.0458,0.869,Sentinel-1,Ascending,Very Active
923,31,57,2023-08-24 04:47:21,23.900617,93.129951,-47.82,-43.04,-14.35,6.42,4.22,7.97,0.0422,0.521,Sentinel-1,Ascending,Active
924,37,17,2022-05-12 19:28:54,24.084055,92.941386,-36.19,-32.57,-10.86,6.4,1.49,13.06,0.0427,0.743,ALOS-2,Descending,Stable
925,476,22,2020-03-21 05:23:59,22.652412,96.58018,-44.91,-40.42,-13.47,1.08,3.03,1.09,0.0124,0.979,ALOS-2,Descending,Slow Moving
926,1,54,2019-02-11 20:58:01,29.299517,91.869569,-32.63,-29.37,-9.79,6.31,0.22,24.51,0.0412,0.513,COSMO-SkyMed,Ascending,Stable
927,488,17,2023-07-12 21:48:21,23.704532,93.17451,9.74,8.77,2.92,4.14,0.52,9.04,0.0214,0.848,Sentinel-1,Ascending,Slow Moving
928,243,37,2022-06-14 15:37:45,26.722979,94.56793,-22.24,-20.02,-6.67,5.63,1.49,17.89,0.0413,0.639,ALOS-2,Ascending,Active
929,157,27,2020-08-30 13:47:20,25.096892,90.693175,-20.15,-18.13,-6.04,14.01,1.74,14.25,0.02,0.627,ALOS-2,Ascending,Active
930,164,2,2022-03-05 03:57:50,24.089221,91.118132,-1.4,-1.26,-0.42,13.92,4.15,9.34,0.0436,0.639,Sentinel-1,Descending,Active
931,486,25,2018-01-11 22:48:00,26.596999,96.691512,-8.85,-7.96,-2.65,4.77,3.96,11.14,0.0488,0.867,COSMO-SkyMed,Descending,Stable
932,74,43,2024-09-26 23:21:28,29.574415,97.557405,-36.91,-33.22,-11.07,8.67,3.61,4.89,0.0001,0.355,ALOS-2,Ascending,Very Active
933,79,42,2022-06-01 01:08:34,22.196281,97.397167,-28.07,-25.26,-8.42,1.72,1.88,0.61,0.0492,0.708,ALOS-2,Descending,Slow Moving
934,477,40,2023-10-25 15:00:41,28.245068,97.571309,7.83,7.05,2.35,11.97,4.3,7.18,0.0435,0.371,Sentinel-1,Ascending,Very Active
935,470,7,2023-10-12 21:00:20,26.235987,92.225192,-13.76,-12.38,-4.13,9.78,2.77,8.38,0.0166,0.512,COSMO-SkyMed,Ascending,Active
936,18,60,2018-12-18 09:32:55,24.981979,96.138724,4.67,4.2,1.4,11.92,2.27,13.07,0.0472,0.334,ALOS-2,Descending,Very Active
937,94,33,2019-10-17 23:00:33,23.86091,99.8315,-42.29,-38.06,-12.69,13.43,0.63,2.3,0.0136,0.693,COSMO-SkyMed,Ascending,Active
938,270,9,2023-06-16 12:15:19,27.567541,93.507798,-22.26,-20.03,-6.68,4.74,0.7,11.25,0.0263,0.726,COSMO-SkyMed,Descending,Very Active
939,417,57,2024-09-05 16:54:18,23.438549,93.308675,-20.04,-18.04,-6.01,7.1,0.27,2.14,0.0213,0.308,COSMO-SkyMed,Ascending,Slow Moving
940,344,53,2021-11-05 15:35:55,28.284646,91.301203,-1.25,-1.12,-0.38,9.97,4.04,20.33,0.0089,0.96,ALOS-2,Descending,Active
941,423,20,2022-04-13 00:14:35,23.408365,93.288048,-2.11,-1.9,-0.63,5.47,1.18,9.0,0.0047,0.562,ALOS-2,Ascending,Slow Moving
942,354,36,2024-12-27 01:02:35,25.381311,90.570131,-29.47,-26.52,-8.84,1.68,0.52,15.55,0.0071,0.468,ALOS-2,Ascending,Very Active
943,2,16,2022-04-20 17:38:55,23.481956,90.667726,-29.43,-26.49,-8.83,4.97,4.19,18.15,0.0077,0.55,COSMO-SkyMed,Ascending,Active
944,341,45,2021-02-16 23:13:12,28.617857,94.902505,-32.13,-28.92,-9.64,1.65,0.31,22.02,0.0177,0.49,ALOS-2,Descending,Stable
945,482,6,2019-04-16 15:33:30,26.428947,96.96086,-32.78,-29.5,-9.83,9.74,0.72,22.87,0.0119,0.308,ALOS-2,Descending,Active
946,308,8,2018-10-14 00:37:47,24.336646,98.974144,-39.58,-35.62,-11.87,3.12,1.48,24.36,0.0428,0.807,ALOS-2,Ascending,Very Active
947,216,25,2023-06-02 09:35:28,26.740583,96.694397,-48.39,-43.55,-14.52,2.21,1.58,18.76,0.0325,0.57,COSMO-SkyMed,Ascending,Slow Moving
948,480,56,2018-08-16 18:55:11,29.173291,97.368179,-16.86,-15.17,-5.06,14.84,2.14,24.99,0.0216,0.868,ALOS-2,Ascending,Slow Moving
949,444,1,2022-06-27 05:48:55,27.167264,90.35708,-45.8,-41.22,-13.74,11.04,1.16,20.0,0.011,0.631,ALOS-2,Ascending,Stable
950,409,6,2022-11-29 07:44:30,26.51246,97.094196,-36.79,-33.11,-11.04,14.18,4.35,17.69,0.0006,0.701,ALOS-2,Ascending,Slow Moving
951,289,31,2021-04-05 04:47:40,27.74699,95.611967,-3.0,-2.7,-0.9,1.33,0.96,17.62,0.0329,0.699,Sentinel-1,Descending,Active
952,65,27,2024-10-09 02:10:37,25.413235,90.65512,-1.61,-1.45,-0.48,8.82,1.74,6.2,0.0019,0.313,COSMO-SkyMed,Descending,Stable
953,149,8,2021-06-20 04:39:14,24.381092,98.526048,-36.65,-32.98,-10.99,8.49,0.92,15.36,0.0132,0.812,COSMO-SkyMed,Descending,Slow Moving
954,372,26,2021-06-18 18:27:03,23.909378,90.209233,-1.24,-1.12,-0.37,12.83,3.52,18.33,0.0142,0.584,Sentinel-1,Ascending,Very Active
955,413,7,2024-07-04 06:22:29,26.486484,92.401463,2.25,2.02,0.67,9.04,2.55,0.64,0.02,0.623,COSMO-SkyMed,Ascending,Very Active
956,379,43,2018-06-08 19:26:55,29.554443,97.854936,-23.68,-21.31,-7.1,3.74,2.63,13.82,0.0064,0.371,Sentinel-1,Ascending,Stable
957,36,33,2020-04-22 14:57:55,23.734202,100.15709,-12.45,-11.21,-3.73,1.34,0.64,3.28,0.0215,0.407,Sentinel-1,Descending,Slow Moving
958,475,57,2021-09-10 07:16:32,23.555858,93.277727,-36.09,-32.48,-10.83,10.85,4.37,5.56,0.0267,0.453,Sentinel-1,Descending,Very Active
959,59,29,2022-07-21 03:50:19,26.111958,98.738146,-12.48,-11.23,-3.74,1.46,2.15,11.61,0.0085,0.795,ALOS-2,Ascending,Slow Moving
960,78,21,2018-06-10 10:29:33,23.984472,99.453272,-19.91,-17.92,-5.97,13.29,3.74,2.97,0.0185,0.571,ALOS-2,Ascending,Stable
961,176,21,2022-05-29 12:31:11,24.258042,99.379324,-20.61,-18.55,-6.18,12.4,3.9,21.61,0.0378,0.921,COSMO-SkyMed,Ascending,Very Active
962,333,36,2022-04-01 10:00:00,25.503448,90.788446,-21.84,-19.66,-6.55,1.55,3.78,12.54,0.0079,0.418,Sentinel-1,Descending,Very Active
963,351,12,2023-06-10 06:39:29,26.89255,97.967474,-49.26,-44.33,-14.78,6.0,1.07,14.82,0.0197,0.74,Sentinel-1,Descending,Very Active
964,132,29,2021-12-08 10:30:39,25.819529,99.010925,-5.6,-5.04,-1.68,5.03,1.83,16.66,0.0202,0.692,COSMO-SkyMed,Ascending,Slow Moving
965,413,7,2020-07-12 23:02:23,26.486484,92.401463,-47.24,-42.52,-14.17,4.66,0.63,19.64,0.0073,0.41,ALOS-2,Ascending,Very Active
966,213,8,2019-01-23 01:12:49,24.198706,98.66466,7.17,6.45,2.15,0.64,2.3,1.15,0.0371,0.935,Sentinel-1,Ascending,Active
967,141,24,2024-10-24 23:42:07,24.047224,99.397024,-8.2,-7.38,-2.46,14.68,1.92,21.12,0.0389,0.872,COSMO-SkyMed,Ascending,Stable
968,263,37,2022-02-07 04:25:34,26.666132,94.930212,-31.37,-28.23,-9.41,6.26,3.8,19.99,0.012,0.978,Sentinel-1,Descending,Very Active
969,464,31,2020-06-11 12:54:43,28.022126,95.653293,-42.25,-38.02,-12.67,6.93,2.94,11.25,0.0225,0.356,COSMO-SkyMed,Descending,Active
970,412,19,2020-11-14 22:33:50,24.394674,96.485713,9.22,8.3,2.77,2.99,4.36,11.18,0.0192,0.666,ALOS-2,Ascending,Stable
971,194,8,2021-10-19 19:41:41,23.966033,98.773197,-32.85,-29.57,-9.86,7.72,3.03,10.81,0.0175,0.962,ALOS-2,Ascending,Stable
972,186,38,2024-09-12 07:41:44,29.625382,98.629463,9.12,8.21,2.74,4.56,2.58,3.26,0.0243,0.755,Sentinel-1,Descending,Active
973,400,48,2024-06-02 17:49:19,26.969184,95.065953,-9.96,-8.96,-2.99,12.98,1.27,18.57,0.0487,0.676,Sentinel-1,Ascending,Slow Moving
974,317,51,2024-10-23 20:45:01,29.651687,90.978841,-16.02,-14.42,-4.81,0.17,0.88,12.39,0.0364,0.515,ALOS-2,Descending,Active
975,118,39,2021-12-17 23:28:18,27.558497,90.86877,-4.76,-4.28,-1.43,5.41,4.9,10.03,0.0036,0.898,ALOS-2,Descending,Very Active
976,392,54,2021-03-27 04:39:08,29.301955,91.601051,-29.12,-26.21,-8.74,3.93,4.87,10.62,0.023,0.655,ALOS-2,Ascending,Active
977,177,17,2021-07-22 15:57:02,24.106804,92.72764,-3.09,-2.78,-0.93,1.43,2.51,0.26,0.0057,0.749,ALOS-2,Ascending,Active
978,236,28,2022-05-25 02:52:48,28.919885,93.039243,-41.78,-37.6,-12.53,13.74,2.44,0.83,0.0233,0.317,Sentinel-1,Descending,Stable
979,393,48,2019-04-17 05:32:25,26.647191,94.990145,-10.01,-9.01,-3.0,0.78,3.91,1.29,0.0091,0.835,Sentinel-1,Descending,Active
980,356,42,2019-04-13 19:35:27,22.081519,97.467133,-24.66,-22.19,-7.4,13.62,0.97,13.31,0.0323,0.958,COSMO-SkyMed,Descending,Very Active
981,256,59,2020-04-30 09:27:22,25.341319,92.429274,-19.52,-17.57,-5.86,4.71,3.06,8.56,0.0458,0.623,COSMO-SkyMed,Ascending,Stable
982,153,27,2020-09-23 09:40:40,25.329309,90.810956,-31.56,-28.4,-9.47,4.5,3.71,2.24,0.0278,0.528,ALOS-2,Ascending,Stable
983,404,11,2024-04-11 14:44:10,22.617274,90.932111,2.94,2.65,0.88,7.41,0.19,7.29,0.0336,0.969,COSMO-SkyMed,Descending,Slow Moving
984,95,4,2018-06-20 21:39:07,27.01344,90.096229,-47.87,-43.08,-14.36,1.49,3.68,22.11,0.0496,0.758,Sentinel-1,Descending,Active
985,127,21,2022-08-13 19:26:42,23.919758,99.081773,-1.19,-1.07,-0.36,14.97,2.41,21.21,0.0448,0.921,ALOS-2,Ascending,Stable
986,406,52,2023-07-27 17:07:51,28.476246,99.725386,-47.87,-43.08,-14.36,9.73,2.81,6.62,0.0015,0.765,ALOS-2,Ascending,Very Active
987,127,21,2023-02-22 03:41:24,23.919758,99.081773,-28.14,-25.33,-8.44,6.9,1.12,9.13,0.0049,0.377,COSMO-SkyMed,Ascending,Active
988,148,62,2023-08-25 17:28:45,27.131323,92.523467,-3.4,-3.06,-1.02,8.24,2.48,23.96,0.0168,0.43,COSMO-SkyMed,Ascending,Slow Moving
989,488,17,2020-09-21 00:43:53,23.704532,93.17451,-45.74,-41.17,-13.72,9.62,1.32,24.2,0.0127,0.643,COSMO-SkyMed,Ascending,Slow Moving
990,38,62,2018-02-04 19:09:45,27.133817,92.283757,3.4,3.06,1.02,8.48,0.02,21.0,0.0031,0.557,COSMO-SkyMed,Ascending,Slow Moving
991,175,3,2022-02-23 02:41:52,27.570483,98.76085,-45.63,-41.07,-13.69,8.27,0.68,11.21,0.0173,0.41,ALOS-2,Descending,Stable
992,334,48,2022-02-27 20:05:51,26.626312,95.060832,-44.96,-40.46,-13.49,8.8,0.32,8.66,0.0063,0.763,Sentinel-1,Descending,Active
993,292,43,2020-11-02 08:23:04,30.045393,97.70245,-23.01,-20.71,-6.9,4.2,3.37,12.65,0.02,0.81,COSMO-SkyMed,Ascending,Stable
994,293,43,2021-06-15 00:01:43,29.858368,97.873217,-31.51,-28.36,-9.45,7.84,1.81,17.14,0.0066,0.616,Sentinel-1,Ascending,Slow Moving
995,103,56,2019-07-06 13:23:41,29.707635,97.476854,0.98,0.88,0.29,5.39,1.02,19.3,0.0455,0.92,ALOS-2,Ascending,Active
996,100,35,2024-07-04 07:25:35,22.956245,91.897635,-16.01,-14.41,-4.8,0.24,3.45,22.22,0.0181,0.367,Sentinel-1,Ascending,Active
997,493,34,2023-05-07 14:02:51,25.807601,97.549356,7.45,6.71,2.23,4.38,0.28,18.05,0.0068,0.465,Sentinel-1,Descending,Slow Moving
998,64,11,2019-09-04 10:33:19,22.615301,90.779459,2.94,2.65,0.88,5.18,3.93,9.22,0.0331,0.678,COSMO-SkyMed,Ascending,Very Active
999,432,24,2021-06-05 06:58:04,24.126347,99.086812,-23.9,-21.51,-7.17,5.65,0.92,6.74,0.0311,0.568,Sentinel-1,Ascending,Stable
1000,348,34,2020-11-29 18:20:58,26.054011,97.329331,-2.81,-2.53,-0.84,2.72,3.8,17.91,0.0043,0.333,Sentinel-1,Descending,Slow Moving
1001,99,18,2023-04-11 08:23:42,28.558138,98.72307,-33.76,-30.38,-10.13,14.49,0.32,2.86,0.0476,0.39,Sentinel-1,Ascending,Slow Moving
1002,410,11,2018-06-26 07:15:19,22.458735,91.145159,-37.4,-33.66,-11.22,4.03,2.61,12.93,0.0398,0.713,Sentinel-1,Ascending,Slow Moving
1003,487,39,2022-03-22 15:29:15,27.713367,91.35041,-14.19,-12.77,-4.26,4.83,2.8,19.88,0.0398,0.46,ALOS-2,Descending,Very Active
1004,96,6,2023-05-05 18:11:44,26.263517,97.425568,-19.92,-17.93,-5.98,7.43,2.73,6.48,0.0016,0.934,COSMO-SkyMed,Ascending,Stable
1005,447,12,2021-02-16 04:47:57,26.74749,97.815539,-30.85,-27.77,-9.26,0.05,1.48,18.74,0.0061,0.709,ALOS-2,Descending,Active
1006,399,2,2024-08-02 03:01:58,23.831906,91.210721,-28.05,-25.25,-8.41,13.42,3.73,24.95,0.0395,0.856,ALOS-2,Ascending,Active
1007,463,56,2023-12-08 17:00:37,29.365963,97.846457,8.81,7.93,2.64,12.93,3.79,9.82,0.0029,0.93,Sentinel-1,Ascending,Slow Moving
1008,55,41,2020-01-09 23:08:35,22.737613,94.442898,-41.73,-37.56,-12.52,12.03,1.39,3.29,0.024,0.908,Sentinel-1,Ascending,Stable
1009,61,28,2022-07-18 17:34:04,28.71357,92.975678,-32.47,-29.22,-9.74,5.17,1.88,8.2,0.034,0.743,ALOS-2,Ascending,Slow Moving
1010,452,34,2018-04-19 11:14:34,25.755499,97.685292,-41.88,-37.69,-12.56,4.11,3.01,22.47,0.0109,0.333,ALOS-2,Descending,Active
1011,94,33,2018-06-23 23:02:25,23.86091,99.8315,5.74,5.17,1.72,7.2,3.97,20.8,0.0204,0.945,Sentinel-1,Descending,Slow Moving
1012,202,36,2021-08-03 06:36:48,25.105926,90.394685,-36.66,-32.99,-11.0,12.32,1.25,21.83,0.0124,0.467,ALOS-2,Descending,Stable
1013,307,27,2019-02-07 13:33:43,25.243926,90.477042,-6.81,-6.13,-2.04,4.22,0.94,2.37,0.0064,0.521,ALOS-2,Ascending,Stable
1014,427,53,2021-10-01 03:39:28,28.403369,91.356338,1.81,1.63,0.54,12.67,4.74,19.09,0.03,0.61,Sentinel-1,Descending,Slow Moving
1015,480,56,2021-11-16 18:58:37,29.173291,97.368179,-4.05,-3.65,-1.21,2.57,2.9,14.13,0.0264,0.622,COSMO-SkyMed,Descending,Very Active
1016,143,27,2019-06-29 16:34:42,25.198905,90.703266,-9.53,-8.58,-2.86,8.24,2.76,1.2,0.0446,0.496,ALOS-2,Descending,Stable
1017,31,57,2023-10-30 02:35:35,23.900617,93.129951,-14.43,-12.99,-4.33,0.79,3.47,5.75,0.0105,0.745,Sentinel-1,Ascending,Stable
1018,256,59,2021-07-24 16:32:34,25.341319,92.429274,7.55,6.79,2.26,12.21,2.3,8.96,0.0242,0.311,Sentinel-1,Ascending,Stable
1019,31,57,2022-12-29 21:53:19,23.900617,93.129951,-0.84,-0.76,-0.25,10.51,3.87,0.13,0.0166,0.526,Sentinel-1,Descending,Stable
1020,422,28,2018-09-30 20:40:30,28.959862,93.362589,-25.6,-23.04,-7.68,3.48,1.14,5.67,0.0278,0.973,ALOS-2,Descending,Very Active
1021,14,37,2018-03-05 05:29:39,26.793015,94.917956,7.99,7.19,2.4,8.24,4.99,19.62,0.0002,0.564,Sentinel-1,Descending,Slow Moving
1022,455,18,2023-04-30 03:51:14,28.557331,98.629813,-31.84,-28.66,-9.55,3.94,2.15,5.13,0.0014,0.301,COSMO-SkyMed,Descending,Stable
1023,60,36,2024-03-02 14:11:29,25.652378,90.474413,5.23,4.71,1.57,5.23,0.3,6.7,0.0208,0.815,ALOS-2,Ascending,Active
1024,330,35,2020-01-11 00:58:47,23.328938,91.874374,-33.69,-30.32,-10.11,4.54,3.86,11.15,0.0028,0.528,Sentinel-1,Ascending,Stable
1025,348,34,2024-05-08 18:15:45,26.054011,97.329331,-21.42,-19.28,-6.43,5.77,4.43,11.89,0.0378,0.97,Sentinel-1,Ascending,Slow Moving
1026,442,7,2023-10-30 18:34:11,26.416605,91.944927,8.82,7.94,2.65,5.81,4.8,2.9,0.0017,0.961,COSMO-SkyMed,Descending,Very Active
1027,468,11,2021-12-26 22:19:08,22.566423,90.693981,-48.12,-43.31,-14.44,6.82,3.01,0.7,0.0247,0.909,Sentinel-1,Descending,Very Active
1028,58,19,2018-12-30 09:04:51,24.476129,96.108313,-43.31,-38.98,-12.99,6.53,4.03,19.42,0.0262,0.835,ALOS-2,Descending,Very Active
1029,170,32,2024-06-03 13:28:25,25.324508,95.930953,-11.92,-10.73,-3.58,14.28,0.11,0.11,0.0467,0.559,Sentinel-1,Ascending,Slow Moving
1030,373,44,2019-05-06 14:33:12,29.497061,98.884917,-1.23,-1.11,-0.37,7.22,2.64,4.59,0.0028,0.85,Sentinel-1,Descending,Slow Moving
1031,456,7,2019-06-22 19:08:43,26.102309,91.927369,-7.18,-6.46,-2.15,12.71,2.78,5.25,0.0288,0.828,ALOS-2,Ascending,Very Active
1032,20,55,2023-11-14 10:19:45,29.217726,94.427594,-31.5,-28.35,-9.45,12.52,0.85,11.28,0.0182,0.523,ALOS-2,Descending,Slow Moving
1033,326,3,2020-08-28 05:13:15,27.458315,98.886333,-13.99,-12.59,-4.2,4.19,1.84,20.02,0.0149,0.591,COSMO-SkyMed,Ascending,Slow Moving
1034,448,12,2019-03-05 21:22:59,27.061029,98.202602,9.0,8.1,2.7,1.24,2.66,23.72,0.0391,0.468,Sentinel-1,Descending,Very Active
1035,246,9,2020-05-15 13:42:20,27.792783,93.383758,-49.53,-44.58,-14.86,0.16,1.85,19.43,0.0054,0.742,Sentinel-1,Ascending,Stable
1036,78,21,2024-08-13 23:48:58,23.984472,99.453272,-38.94,-35.05,-11.68,11.52,4.12,20.53,0.0232,0.629,Sentinel-1,Descending,Stable
1037,414,36,2020-05-05 18:11:54,25.544595,90.858509,-40.01,-36.01,-12.0,14.07,4.77,18.87,0.0482,0.568,ALOS-2,Ascending,Slow Moving
1038,102,34,2021-05-29 22:46:07,25.64851,97.808538,-8.37,-7.53,-2.51,9.29,3.9,22.85,0.0473,0.3,ALOS-2,Ascending,Stable
1039,19,30,2023-04-13 17:48:08,25.486487,92.416388,-32.81,-29.53,-9.84,9.52,1.64,17.26,0.0005,0.877,Sentinel-1,Ascending,Slow Moving
1040,314,31,2018-10-21 11:27:15,27.827403,95.527811,-32.99,-29.69,-9.9,4.09,0.88,18.47,0.0021,0.786,ALOS-2,Descending,Very Active
1041,423,20,2024-04-05 10:24:39,23.408365,93.288048,-23.01,-20.71,-6.9,7.22,4.98,22.09,0.0276,0.709,COSMO-SkyMed,Descending,Very Active
1042,426,27,2018-04-06 17:23:33,24.959645,90.743379,-38.86,-34.97,-11.66,5.52,3.63,22.52,0.0072,0.866,COSMO-SkyMed,Ascending,Very Active
1043,181,10,2021-04-26 20:27:58,23.914772,97.44403,-33.02,-29.72,-9.91,3.77,2.61,15.78,0.0067,0.469,Sentinel-1,Descending,Stable
1044,187,36,2024-12-12 12:38:21,25.367556,90.928405,-47.18,-42.46,-14.15,4.43,0.6,3.67,0.0446,0.804,Sentinel-1,Ascending,Active
1045,477,40,2022-04-24 04:55:37,28.245068,97.571309,-11.46,-10.31,-3.44,2.23,2.87,16.94,0.0352,0.332,COSMO-SkyMed,Descending,Stable
1046,68,40,2020-02-23 02:10:44,28.17791,97.874118,-11.6,-10.44,-3.48,1.91,2.88,11.39,0.0343,0.431,ALOS-2,Descending,Slow Moving
1047,319,12,2022-02-11 05:44:22,26.865074,97.811504,-34.01,-30.61,-10.2,7.28,2.0,13.08,0.045,0.353,Sentinel-1,Descending,Stable
1048,389,28,2019-02-27 17:17:27,28.735163,93.051847,-35.59,-32.03,-10.68,1.72,3.8,4.63,0.0462,0.704,Sentinel-1,Ascending,Stable
1049,304,49,2019-12-14 11:37:56,29.488651,98.688502,-8.38,-7.54,-2.51,6.88,3.91,13.54,0.0258,0.931,Sentinel-1,Descending,Active
1050,451,41,2018-01-24 07:31:19,23.116111,94.558602,-0.69,-0.62,-0.21,14.63,0.59,16.65,0.0424,0.924,Sentinel-1,Descending,Stable
1051,64,11,2020-08-23 20:10:49,22.615301,90.779459,-32.4,-29.16,-9.72,1.25,1.91,10.53,0.017,0.724,COSMO-SkyMed,Ascending,Very Active
1052,265,14,2021-12-22 12:09:41,22.511791,92.699139,-16.54,-14.89,-4.96,9.79,1.81,22.79,0.0118,0.424,COSMO-SkyMed,Ascending,Very Active
1053,19,30,2021-10-01 15:22:31,25.486487,92.416388,-40.9,-36.81,-12.27,11.42,4.6,13.79,0.0379,0.644,ALOS-2,Ascending,Slow Moving
1054,68,40,2024-07-31 23:40:03,28.17791,97.874118,-49.59,-44.63,-14.88,14.82,1.54,6.35,0.0308,0.614,Sentinel-1,Ascending,Slow Moving
1055,317,51,2020-01-18 22:55:54,29.651687,90.978841,-32.85,-29.57,-9.86,4.18,4.85,15.4,0.0343,0.815,COSMO-SkyMed,Descending,Very Active
1056,122,33,2019-08-28 14:37:06,23.835846,99.749724,-24.13,-21.72,-7.24,3.21,3.39,18.16,0.0078,0.899,ALOS-2,Ascending,Active
1057,323,27,2018-05-29 13:06:07,25.351926,90.374789,-40.09,-36.08,-12.03,4.28,1.33,23.12,0.0102,0.488,COSMO-SkyMed,Descending,Slow Moving
1058,77,47,2020-08-09 04:50:40,29.704848,99.015124,-47.64,-42.88,-14.29,6.57,4.7,11.08,0.016,0.37,ALOS-2,Ascending,Very Active
1059,168,14,2021-07-20 21:46:09,22.873777,93.142675,-35.89,-32.3,-10.77,11.89,3.59,0.66,0.0325,0.66,COSMO-SkyMed,Ascending,Stable
1060,118,39,2018-03-11 07:47:45,27.558497,90.86877,-18.73,-16.86,-5.62,10.59,0.25,18.6,0.0023,0.356,ALOS-2,Ascending,Stable
1061,35,45,2024-05-09 01:34:49,28.855661,95.014579,-32.52,-29.27,-9.76,10.39,0.36,10.11,0.031,0.98,COSMO-SkyMed,Ascending,Active
1062,316,9,2024-02-11 11:48:28,27.462574,93.491084,-45.85,-41.27,-13.76,14.61,3.63,5.83,0.0216,0.431,ALOS-2,Ascending,Stable
1063,191,18,2018-12-07 09:40:20,28.78216,98.766597,-5.51,-4.96,-1.65,6.48,0.64,20.48,0.048,0.813,Sentinel-1,Descending,Very Active
1064,287,12,2018-12-24 02:22:32,27.047009,97.977009,-22.69,-20.42,-6.81,11.62,1.67,1.15,0.003,0.364,ALOS-2,Descending,Active
1065,76,7,2019-11-08 15:46:24,26.280037,92.083953,-47.22,-42.5,-14.17,14.68,3.19,10.09,0.0239,0.504,ALOS-2,Ascending,Active
1066,414,36,2021-08-01 00:34:35,25.544595,90.858509,-14.61,-13.15,-4.38,4.65,4.6,20.21,0.0427,0.598,ALOS-2,Descending,Very Active
1067,399,2,2021-07-19 02:12:09,23.831906,91.210721,1.95,1.75,0.58,11.44,1.96,10.14,0.0491,0.546,Sentinel-1,Descending,Stable
1068,420,62,2019-02-15 02:12:55,27.073901,92.443969,-15.03,-13.53,-4.51,5.02,4.8,4.47,0.0232,0.945,ALOS-2,Descending,Very Active
1069,333,36,2021-10-30 17:27:48,25.503448,90.788446,-24.19,-21.77,-7.26,4.05,3.55,6.51,0.0133,0.546,ALOS-2,Ascending,Very Active
1070,195,6,2020-11-05 17:48:20,26.594219,97.352845,-46.86,-42.17,-14.06,0.34,2.37,16.95,0.0344,0.431,Sentinel-1,Descending,Active
1071,25,29,2019-08-05 05:35:15,25.965959,98.854749,-5.07,-4.56,-1.52,7.22,0.37,2.36,0.0322,0.361,ALOS-2,Descending,Very Active
1072,95,4,2018-08-01 06:14:36,27.01344,90.096229,-22.36,-20.12,-6.71,13.73,2.6,20.13,0.0088,0.952,COSMO-SkyMed,Descending,Stable
1073,303,32,2024-05-15 19:45:11,25.607005,95.667644,-42.17,-37.95,-12.65,10.09,4.51,19.94,0.0057,0.724,ALOS-2,Ascending,Very Active
1074,487,39,2023-12-26 02:11:06,27.713367,91.35041,-34.38,-30.94,-10.31,3.84,4.4,8.42,0.0492,0.4,ALOS-2,Ascending,Active
1075,79,42,2018-04-06 15:36:38,22.196281,97.397167,-47.38,-42.64,-14.21,8.7,1.22,16.2,0.0134,0.967,COSMO-SkyMed,Descending,Stable
1076,483,39,2022-05-09 04:35:58,27.233979,91.281489,-1.43,-1.29,-0.43,10.75,2.46,19.5,0.0391,0.3,COSMO-SkyMed,Ascending,Active
1077,186,38,2021-06-13 17:07:11,29.625382,98.629463,-39.9,-35.91,-11.97,11.88,1.55,0.83,0.0181,0.98,Sentinel-1,Descending,Slow Moving
1078,202,36,2022-02-03 12:32:23,25.105926,90.394685,-43.99,-39.59,-13.2,0.27,1.37,13.33,0.0273,0.341,COSMO-SkyMed,Ascending,Very Active
1079,16,7,2021-11-06 20:46:57,26.257676,92.187842,-23.31,-20.98,-6.99,12.62,3.33,0.48,0.0301,0.368,COSMO-SkyMed,Ascending,Active
1080,212,16,2023-04-13 03:02:45,23.697023,90.941573,-47.65,-42.88,-14.29,4.52,4.59,15.63,0.046,0.493,COSMO-SkyMed,Descending,Stable
1081,83,6,2024-06-26 07:53:38,26.259592,97.227578,-42.16,-37.94,-12.65,14.97,1.89,2.99,0.0179,0.829,ALOS-2,Descending,Active
1082,235,36,2021-12-19 00:43:40,25.370017,90.726649,-19.2,-17.28,-5.76,5.35,4.16,19.54,0.0468,0.365,ALOS-2,Descending,Active
1083,196,48,2022-08-27 08:38:57,27.015245,94.710167,-14.2,-12.78,-4.26,4.29,0.22,9.98,0.0306,0.76,COSMO-SkyMed,Ascending,Stable
1084,116,34,2018-12-24 23:12:42,26.198397,97.265218,-31.55,-28.39,-9.46,7.7,3.72,5.42,0.0158,0.778,ALOS-2,Descending,Active
1085,480,56,2023-12-20 16:07:14,29.173291,97.368179,1.12,1.01,0.34,0.93,2.49,14.32,0.0463,0.68,COSMO-SkyMed,Descending,Slow Moving
1086,229,62,2024-09-26 00:15:55,26.748917,92.010198,2.36,2.12,0.71,7.07,2.78,21.3,0.0046,0.971,Sentinel-1,Ascending,Stable
1087,50,58,2022-07-20 09:12:02,27.242176,94.18275,-31.11,-28.0,-9.33,6.97,4.97,3.0,0.0,0.566,ALOS-2,Descending,Active
1088,402,22,2022-02-20 21:18:55,22.339582,96.185814,-14.06,-12.65,-4.22,9.3,1.89,0.71,0.0419,0.975,Sentinel-1,Ascending,Very Active
1089,200,32,2020-06-20 15:16:31,25.253819,95.955728,6.04,5.44,1.81,11.79,4.26,20.4,0.0375,0.877,COSMO-SkyMed,Ascending,Active
1090,434,13,2018-02-02 07:37:52,26.433089,99.834505,-29.12,-26.21,-8.74,12.32,3.81,5.14,0.0126,0.447,COSMO-SkyMed,Ascending,Very Active
1091,103,56,2022-06-09 12:51:02,29.707635,97.476854,-20.27,-18.24,-6.08,6.0,2.87,22.91,0.0101,0.813,COSMO-SkyMed,Ascending,Active
1092,324,43,2024-05-29 03:58:51,29.7932,97.648681,-44.38,-39.94,-13.31,10.05,4.37,15.92,0.033,0.628,COSMO-SkyMed,Ascending,Active
1093,233,20,2019-01-20 00:10:34,23.025909,93.576658,-1.22,-1.1,-0.37,7.4,0.54,11.89,0.019,0.92,COSMO-SkyMed,Ascending,Active
1094,20,55,2024-02-20 00:55:17,29.217726,94.427594,-3.65,-3.29,-1.09,6.67,3.67,23.61,0.02,0.466,Sentinel-1,Ascending,Very Active
1095,305,51,2019-05-06 11:44:07,29.643065,91.023097,6.57,5.91,1.97,14.21,3.75,20.48,0.0065,0.341,COSMO-SkyMed,Descending,Active
1096,164,2,2018-09-17 07:15:05,24.089221,91.118132,-22.72,-20.45,-6.82,13.79,4.4,9.2,0.0231,0.655,COSMO-SkyMed,Ascending,Stable
1097,100,35,2018-08-12 18:59:09,22.956245,91.897635,-2.06,-1.85,-0.62,6.04,4.68,8.87,0.012,0.457,ALOS-2,Ascending,Active
1098,415,9,2021-10-07 15:46:51,27.593011,93.419985,8.96,8.06,2.69,8.02,3.99,10.31,0.0128,0.762,ALOS-2,Ascending,Stable
1099,71,21,2019-12-13 15:04:34,23.837284,99.530981,-43.5,-39.15,-13.05,6.86,3.83,18.13,0.0157,0.453,COSMO-SkyMed,Ascending,Slow Moving
1100,387,6,2022-11-24 05:16:54,26.701407,96.957964,-1.56,-1.4,-0.47,1.19,0.31,13.59,0.0413,0.547,Sentinel-1,Descending,Active
1101,378,36,2023-11-17 04:54:02,25.108568,90.893939,-32.87,-29.58,-9.86,3.95,0.31,12.25,0.0436,0.619,ALOS-2,Descending,Active
1102,421,51,2019-09-22 08:12:42,29.422772,90.979871,1.81,1.63,0.54,3.99,1.34,10.74,0.0086,0.876,ALOS-2,Descending,Active
1103,389,28,2018-04-02 14:16:38,28.735163,93.051847,-15.82,-14.24,-4.75,14.39,1.25,12.04,0.0471,0.341,Sentinel-1,Ascending,Stable
1104,469,21,2024-12-30 03:11:38,24.285006,99.357356,-2.31,-2.08,-0.69,12.71,3.75,23.83,0.0076,0.669,ALOS-2,Ascending,Active
1105,81,61,2022-07-10 18:48:01,26.711466,90.149042,-40.02,-36.02,-12.01,6.73,4.2,4.02,0.027,0.836,ALOS-2,Ascending,Slow Moving
1106,240,19,2023-05-17 20:44:57,24.155714,96.644676,-13.19,-11.87,-3.96,7.45,0.86,22.83,0.0346,0.682,Sentinel-1,Descending,Active
1107,19,30,2020-09-21 21:49:47,25.486487,92.416388,-22.84,-20.56,-6.85,10.58,4.86,17.95,0.0052,0.609,ALOS-2,Descending,Slow Moving
1108,290,18,2021-08-10 07:04:33,29.02389,98.518006,-34.55,-31.09,-10.36,12.65,2.79,16.54,0.0371,0.976,ALOS-2,Ascending,Very Active
1109,90,62,2021-09-01 14:21:46,27.332336,92.074824,-35.11,-31.6,-10.53,3.41,1.43,22.95,0.0102,0.898,ALOS-2,Descending,Slow Moving
1110,312,23,2022-06-05 05:31:07,27.654327,91.410327,-10.75,-9.68,-3.23,0.18,0.88,10.29,0.0468,0.961,Sentinel-1,Descending,Slow Moving
1111,148,62,2023-11-14 10:57:43,27.131323,92.523467,6.57,5.91,1.97,10.71,2.21,20.22,0.0092,0.424,ALOS-2,Ascending,Active
1112,432,24,2021-09-27 19:13:09,24.126347,99.086812,-25.73,-23.16,-7.72,14.46,1.4,11.06,0.0459,0.33,COSMO-SkyMed,Ascending,Very Active
1113,320,23,2018-06-29 23:50:18,27.83514,91.587757,7.83,7.05,2.35,0.68,0.17,15.75,0.0009,0.888,ALOS-2,Descending,Active
1114,382,31,2023-05-17 03:10:53,27.758033,95.37008,-45.1,-40.59,-13.53,1.06,0.18,22.55,0.0394,0.46,ALOS-2,Descending,Active
1115,370,41,2023-05-15 14:04:01,23.12008,94.507745,-27.84,-25.06,-8.35,1.07,2.03,22.92,0.0183,0.87,COSMO-SkyMed,Ascending,Very Active
1116,219,16,2018-10-16 10:25:19,23.538252,90.807167,-47.88,-43.09,-14.36,14.19,0.48,24.18,0.039,0.458,ALOS-2,Ascending,Very Active
1117,289,31,2020-02-08 11:50:19,27.74699,95.611967,-2.22,-2.0,-0.67,12.4,2.89,15.89,0.0194,0.941,ALOS-2,Ascending,Slow Moving
1118,230,59,2023-12-10 12:00:24,25.618663,92.521501,-26.84,-24.16,-8.05,10.33,4.4,3.62,0.0227,0.869,ALOS-2,Ascending,Stable
1119,239,11,2023-09-18 19:49:48,22.612408,91.140713,-49.58,-44.62,-14.87,5.77,4.17,5.91,0.0378,0.829,Sentinel-1,Ascending,Slow Moving
1120,388,43,2022-02-06 15:05:44,29.974332,97.627192,3.92,3.53,1.18,11.36,1.43,19.45,0.0378,0.497,COSMO-SkyMed,Descending,Active
1121,81,61,2022-06-10 11:14:00,26.711466,90.149042,-6.38,-5.74,-1.91,0.58,4.31,20.7,0.0368,0.55,Sentinel-1,Ascending,Slow Moving
1122,71,21,2020-03-04 07:56:31,23.837284,99.530981,-20.95,-18.86,-6.28,2.77,2.8,3.56,0.0335,0.705,Sentinel-1,Descending,Active
1123,153,27,2020-06-25 12:46:26,25.329309,90.810956,-37.51,-33.76,-11.25,0.35,4.65,22.34,0.038,0.618,Sentinel-1,Descending,Stable
1124,119,18,2021-10-24 00:50:13,29.057441,98.775711,-24.65,-22.18,-7.39,13.32,1.15,1.62,0.0373,0.534,ALOS-2,Ascending,Stable
1125,153,27,2019-08-24 05:31:13,25.329309,90.810956,-4.29,-3.86,-1.29,8.94,4.93,11.72,0.0317,0.669,Sentinel-1,Ascending,Stable
1126,83,6,2022-01-27 19:29:33,26.259592,97.227578,-36.15,-32.53,-10.84,10.26,4.26,13.88,0.0112,0.403,COSMO-SkyMed,Descending,Slow Moving
1127,47,61,2019-08-10 16:07:18,26.666609,90.179717,-17.74,-15.97,-5.32,3.01,4.66,1.0,0.0338,0.342,ALOS-2,Ascending,Active
1128,423,20,2023-05-10 21:00:10,23.408365,93.288048,-16.38,-14.74,-4.91,5.83,5.0,6.56,0.0236,0.39,Sentinel-1,Ascending,Stable
1129,365,43,2018-01-03 19:41:56,30.006532,97.557737,1.26,1.13,0.38,1.17,0.64,0.48,0.0025,0.523,ALOS-2,Descending,Slow Moving
1130,184,38,2024-09-16 04:43:31,30.013315,98.810114,1.98,1.78,0.59,6.1,3.99,9.96,0.029,0.789,Sentinel-1,Descending,Stable
1131,470,7,2023-05-11 20:25:13,26.235987,92.225192,-10.91,-9.82,-3.27,10.28,0.16,13.04,0.024,0.642,COSMO-SkyMed,Ascending,Very Active
1132,476,22,2018-02-02 11:30:28,22.652412,96.58018,-25.19,-22.67,-7.56,6.63,1.61,12.96,0.0357,0.765,Sentinel-1,Ascending,Very Active
1133,215,22,2022-06-27 20:46:59,22.777328,96.620786,8.0,7.2,2.4,6.92,3.79,7.61,0.0111,0.355,COSMO-SkyMed,Descending,Slow Moving
1134,170,32,2020-08-04 10:43:15,25.324508,95.930953,-12.41,-11.17,-3.72,6.36,2.55,7.18,0.0342,0.695,Sentinel-1,Ascending,Slow Moving
1135,47,61,2023-07-11 11:41:26,26.666609,90.179717,-31.67,-28.5,-9.5,9.92,4.44,8.76,0.0184,0.709,ALOS-2,Descending,Active
1136,133,25,2022-11-25 10:13:13,26.178235,96.665749,-24.84,-22.36,-7.45,10.86,1.42,6.56,0.002,0.803,COSMO-SkyMed,Ascending,Slow Moving
1137,485,57,2020-05-20 10:31:25,23.904683,92.891887,-23.0,-20.7,-6.9,4.52,1.74,2.11,0.0293,0.741,COSMO-SkyMed,Ascending,Active
1138,211,39,2024-11-16 05:40:53,27.62036,91.174427,-29.11,-26.2,-8.73,12.94,1.47,1.46,0.0096,0.678,ALOS-2,Ascending,Stable
1139,96,6,2019-05-05 21:22:00,26.263517,97.425568,-36.99,-33.29,-11.1,0.19,0.12,1.55,0.0274,0.763,COSMO-SkyMed,Ascending,Stable
1140,475,57,2023-10-07 22:26:32,23.555858,93.277727,-28.27,-25.44,-8.48,11.13,1.29,0.39,0.0008,0.873,Sentinel-1,Descending,Slow Moving
1141,122,33,2020-01-29 00:19:31,23.835846,99.749724,-30.68,-27.61,-9.2,13.49,3.75,19.55,0.0291,0.732,COSMO-SkyMed,Descending,Very Active
1142,93,29,2018-10-28 08:11:43,25.971908,99.058289,-17.36,-15.62,-5.21,5.96,0.06,17.58,0.0105,0.839,COSMO-SkyMed,Descending,Active
1143,466,40,2018-07-10 17:41:04,27.956032,97.493747,-9.95,-8.96,-2.98,9.73,3.97,13.64,0.0421,0.461,Sentinel-1,Ascending,Active
1144,306,45,2022-02-13 18:20:24,28.557096,95.160495,-15.41,-13.87,-4.62,8.48,2.2,15.85,0.0167,0.589,Sentinel-1,Descending,Very Active
1145,372,26,2022-11-01 20:10:19,23.909378,90.209233,1.02,0.92,0.31,8.84,1.09,10.71,0.0001,0.606,COSMO-SkyMed,Descending,Very Active
1146,207,34,2019-08-21 08:53:32,26.245708,97.320157,-26.43,-23.79,-7.93,3.75,2.67,17.24,0.0186,0.642,ALOS-2,Descending,Slow Moving
1147,147,29,2021-03-28 16:53:27,26.207854,98.815041,4.87,4.38,1.46,1.61,4.82,13.38,0.0123,0.703,ALOS-2,Descending,Active
1148,141,24,2020-04-12 14:48:56,24.047224,99.397024,7.42,6.68,2.23,1.16,4.17,15.15,0.0166,0.601,ALOS-2,Ascending,Very Active
1149,210,17,2019-12-19 19:54:47,23.705344,92.593955,-2.73,-2.46,-0.82,13.76,2.63,6.85,0.0393,0.674,ALOS-2,Ascending,Active
1150,49,36,2022-04-04 18:09:20,25.322127,90.351057,-34.56,-31.1,-10.37,9.88,4.6,23.23,0.0048,0.419,ALOS-2,Descending,Slow Moving
1151,498,11,2018-03-14 17:23:52,23.008526,91.087145,-8.41,-7.57,-2.52,6.98,2.88,23.14,0.017,0.925,Sentinel-1,Descending,Very Active
1152,451,41,2024-02-22 12:22:31,23.116111,94.558602,-4.9,-4.41,-1.47,2.24,1.6,15.03,0.0005,0.847,ALOS-2,Descending,Active
1153,54,13,2020-02-15 22:59:28,26.588159,99.539156,-30.26,-27.23,-9.08,11.78,3.75,8.25,0.0276,0.724,ALOS-2,Descending,Stable
1154,335,8,2019-06-01 18:12:16,24.09183,98.9896,-28.27,-25.44,-8.48,2.43,1.06,14.83,0.0016,0.352,ALOS-2,Descending,Slow Moving
1155,149,8,2024-07-23 23:25:05,24.381092,98.526048,-13.46,-12.11,-4.04,1.89,3.49,8.74,0.018,0.312,COSMO-SkyMed,Descending,Slow Moving
1156,292,43,2021-10-03 03:04:47,30.045393,97.70245,-21.57,-19.41,-6.47,4.49,0.51,1.73,0.0202,0.559,COSMO-SkyMed,Ascending,Very Active
1157,480,56,2020-03-15 21:56:06,29.173291,97.368179,-45.88,-41.29,-13.76,14.32,0.64,23.31,0.0179,0.364,ALOS-2,Ascending,Slow Moving
1158,315,31,2022-02-13 14:06:21,28.121064,95.109972,-46.77,-42.09,-14.03,9.93,0.72,11.93,0.036,0.34,COSMO-SkyMed,Ascending,Very Active
1159,19,30,2019-02-06 18:16:38,25.486487,92.416388,-40.5,-36.45,-12.15,3.19,1.22,13.26,0.0003,0.339,COSMO-SkyMed,Ascending,Very Active
1160,112,20,2024-11-11 11:53:47,23.283767,93.789626,-12.11,-10.9,-3.63,5.31,0.46,19.93,0.0185,0.621,ALOS-2,Descending,Active
1161,372,26,2018-01-08 14:14:56,23.909378,90.209233,-15.77,-14.19,-4.73,8.56,0.0,21.3,0.0073,0.811,ALOS-2,Descending,Slow Moving
1162,321,24,2022-12-25 16:40:30,24.426819,99.439178,-10.31,-9.28,-3.09,1.13,1.87,7.82,0.0264,0.537,COSMO-SkyMed,Ascending,Active
1163,201,13,2019-09-08 12:08:37,26.469822,99.874325,-5.62,-5.06,-1.69,4.48,3.08,8.01,0.0017,0.408,COSMO-SkyMed,Descending,Very Active
1164,336,47,2021-08-17 06:37:17,29.338527,99.080022,-33.83,-30.45,-10.15,4.37,3.89,21.59,0.0168,0.349,ALOS-2,Descending,Slow Moving
1165,192,15,2024-10-22 07:34:39,27.226034,98.589955,-8.21,-7.39,-2.46,4.72,4.33,6.05,0.0132,0.361,COSMO-SkyMed,Ascending,Very Active
1166,478,14,2018-01-06 23:18:51,22.353144,93.185845,-35.85,-32.27,-10.76,5.59,3.49,5.68,0.0401,0.818,Sentinel-1,Ascending,Slow Moving
1167,296,41,2019-08-14 23:45:23,23.152136,94.446464,3.41,3.07,1.02,5.95,1.2,17.45,0.0143,0.686,Sentinel-1,Descending,Very Active
1168,397,54,2019-02-24 07:42:35,29.305353,91.356025,-25.12,-22.61,-7.54,4.41,3.54,6.86,0.0422,0.46,COSMO-SkyMed,Ascending,Very Active
1169,57,1,2018-09-10 21:58:25,26.970643,90.256506,-18.77,-16.89,-5.63,3.05,1.83,7.38,0.0059,0.713,ALOS-2,Descending,Stable
1170,270,9,2020-03-03 00:18:52,27.567541,93.507798,-35.0,-31.5,-10.5,12.05,1.42,13.64,0.0228,0.965,Sentinel-1,Ascending,Slow Moving
1171,166,39,2021-12-04 23:42:02,27.31121,91.401515,-39.87,-35.88,-11.96,13.71,4.97,16.06,0.0403,0.668,COSMO-SkyMed,Descending,Very Active
1172,113,30,2018-07-18 09:15:28,25.506545,92.509937,5.43,4.89,1.63,4.2,3.27,11.69,0.0438,0.301,ALOS-2,Descending,Very Active
1173,131,9,2020-06-17 05:19:39,27.490702,93.694815,-7.88,-7.09,-2.36,8.46,0.38,10.65,0.0461,0.831,COSMO-SkyMed,Ascending,Very Active
1174,278,33,2019-06-18 17:09:20,23.963182,100.186903,-22.44,-20.2,-6.73,8.8,2.18,5.35,0.0424,0.528,COSMO-SkyMed,Descending,Slow Moving
1175,79,42,2022-06-20 20:37:52,22.196281,97.397167,-24.7,-22.23,-7.41,2.88,1.48,3.57,0.0435,0.623,COSMO-SkyMed,Descending,Stable
1176,155,34,2024-02-15 08:26:07,25.663263,97.344996,-5.98,-5.38,-1.79,13.31,0.17,10.01,0.0364,0.339,Sentinel-1,Ascending,Very Active
1177,11,53,2022-09-06 23:17:22,27.972018,91.327442,-32.04,-28.84,-9.61,9.11,1.48,2.8,0.0257,0.693,ALOS-2,Ascending,Slow Moving
1178,499,9,2022-02-26 13:15:46,27.665229,93.397675,7.61,6.85,2.28,8.14,0.68,19.25,0.0232,0.699,COSMO-SkyMed,Descending,Very Active
1179,311,5,2020-01-06 02:38:06,23.800155,94.786204,-39.5,-35.55,-11.85,4.99,3.42,6.48,0.0224,0.427,COSMO-SkyMed,Ascending,Very Active
1180,183,43,2019-06-10 09:35:29,30.016291,97.643172,1.76,1.58,0.53,14.75,4.32,15.98,0.049,0.675,Sentinel-1,Ascending,Active
1181,49,36,2023-07-10 17:55:57,25.322127,90.351057,-47.71,-42.94,-14.31,8.6,0.79,6.83,0.0169,0.858,Sentinel-1,Ascending,Very Active
1182,181,10,2018-05-16 05:40:06,23.914772,97.44403,-48.64,-43.78,-14.59,11.37,1.45,20.91,0.0127,0.63,Sentinel-1,Ascending,Stable
1183,102,34,2022-08-30 11:20:33,25.64851,97.808538,-8.85,-7.96,-2.65,10.74,2.08,0.43,0.0428,0.974,COSMO-SkyMed,Descending,Stable
1184,134,20,2020-07-12 16:59:04,23.062825,93.554702,0.57,0.51,0.17,2.6,2.75,5.69,0.0148,0.544,ALOS-2,Ascending,Stable
1185,30,26,2019-06-20 04:54:07,23.673004,90.151362,-34.11,-30.7,-10.23,4.7,1.06,9.05,0.0201,0.46,ALOS-2,Ascending,Very Active
1186,170,32,2018-09-13 15:22:38,25.324508,95.930953,-6.34,-5.71,-1.9,6.91,1.07,15.19,0.0076,0.918,COSMO-SkyMed,Descending,Very Active
1187,294,22,2021-08-06 12:19:46,22.426143,96.537481,-22.02,-19.82,-6.61,12.22,2.41,21.9,0.0007,0.804,Sentinel-1,Descending,Stable
1188,266,47,2023-01-19 10:33:06,29.514215,99.120703,-20.72,-18.65,-6.22,14.35,2.52,0.91,0.0408,0.583,COSMO-SkyMed,Ascending,Very Active
1189,190,55,2018-02-19 20:04:36,29.237955,94.242292,-38.55,-34.7,-11.56,10.11,2.81,19.47,0.0433,0.617,COSMO-SkyMed,Ascending,Slow Moving
1190,204,25,2018-07-24 10:47:48,26.327514,96.925127,-11.96,-10.76,-3.59,2.69,4.81,15.28,0.0133,0.358,Sentinel-1,Ascending,Slow Moving
1191,275,43,2018-11-28 05:01:54,29.521837,97.878118,-1.95,-1.75,-0.58,7.57,2.64,3.22,0.009,0.651,ALOS-2,Descending,Slow Moving
1192,125,58,2020-05-29 06:31:10,27.409952,94.356399,5.03,4.53,1.51,0.61,1.96,10.03,0.0296,0.806,COSMO-SkyMed,Descending,Active
1193,218,28,2024-06-13 19:57:38,28.719941,93.323434,-43.98,-39.58,-13.19,3.37,2.44,17.89,0.0216,0.745,COSMO-SkyMed,Ascending,Slow Moving
1194,202,36,2020-08-30 13:07:04,25.105926,90.394685,-10.17,-9.15,-3.05,3.88,1.96,12.84,0.0305,0.714,COSMO-SkyMed,Ascending,Active
1195,259,40,2019-04-22 22:23:38,28.004838,97.823511,-24.87,-22.38,-7.46,9.98,3.32,24.23,0.0344,0.503,COSMO-SkyMed,Ascending,Active
1196,5,32,2020-12-04 17:26:43,25.181529,95.771245,-33.61,-30.25,-10.08,4.74,3.93,0.55,0.0421,0.449,COSMO-SkyMed,Descending,Stable
1197,30,26,2024-09-21 21:25:27,23.673004,90.151362,-43.78,-39.4,-13.13,9.44,4.38,4.45,0.0187,0.692,COSMO-SkyMed,Ascending,Active
1198,433,62,2022-05-23 02:09:38,26.770878,92.285103,-17.37,-15.63,-5.21,14.53,3.3,24.47,0.0157,0.411,COSMO-SkyMed,Ascending,Slow Moving
1199,329,8,2021-03-08 17:33:33,23.940377,98.763513,3.3,2.97,0.99,14.01,0.52,24.11,0.0444,0.445,COSMO-SkyMed,Ascending,Stable
1200,210,17,2020-09-13 19:36:01,23.705344,92.593955,-16.78,-15.1,-5.03,14.26,1.11,10.25,0.0112,0.391,ALOS-2,Ascending,Very Active
1201,110,13,2024-08-20 00:20:19,26.408118,99.864423,-37.48,-33.73,-11.24,13.84,4.33,24.08,0.0361,0.529,ALOS-2,Ascending,Active
1202,93,29,2022-03-06 23:54:31,25.971908,99.058289,-46.09,-41.48,-13.83,4.82,2.98,10.05,0.0438,0.761,COSMO-SkyMed,Ascending,Very Active
1203,33,36,2019-08-30 20:55:53,25.657972,90.669672,6.21,5.59,1.86,13.62,1.58,11.94,0.0068,0.307,ALOS-2,Ascending,Active
1204,230,59,2021-11-09 03:43:56,25.618663,92.521501,-45.15,-40.63,-13.54,2.88,3.33,21.89,0.0028,0.622,Sentinel-1,Descending,Active
1205,424,17,2019-01-19 14:52:51,24.088147,93.133601,-22.03,-19.83,-6.61,6.19,1.57,18.67,0.0099,0.912,COSMO-SkyMed,Ascending,Very Active
1206,337,59,2023-09-14 14:22:50,25.341129,92.354098,-6.08,-5.47,-1.82,4.14,1.81,1.39,0.0045,0.348,Sentinel-1,Ascending,Very Active
1207,423,20,2019-06-29 15:48:06,23.408365,93.288048,-28.87,-25.98,-8.66,10.81,4.97,15.08,0.0314,0.328,Sentinel-1,Descending,Very Active
1208,388,43,2022-07-21 17:49:00,29.974332,97.627192,8.73,7.86,2.62,9.88,2.01,22.17,0.0286,0.65,Sentinel-1,Ascending,Very Active
1209,307,27,2020-04-15 16:17:13,25.243926,90.477042,-25.03,-22.53,-7.51,10.64,1.07,19.86,0.0044,0.52,ALOS-2,Ascending,Very Active
1210,185,1,2020-03-31 01:36:38,27.261587,89.954368,-13.21,-11.89,-3.96,12.85,2.25,15.57,0.0201,0.313,ALOS-2,Descending,Stable
1211,284,35,2020-11-08 06:47:47,22.92917,91.572221,-3.54,-3.19,-1.06,3.07,1.14,6.87,0.0147,0.486,Sentinel-1,Descending,Very Active
1212,439,51,2022-02-06 20:52:58,29.841729,91.02195,-32.12,-28.91,-9.64,11.43,1.43,9.12,0.0129,0.698,COSMO-SkyMed,Ascending,Active
1213,14,37,2022-11-29 15:11:46,26.793015,94.917956,-44.66,-40.19,-13.4,11.18,3.0,15.29,0.0199,0.553,COSMO-SkyMed,Ascending,Active
1214,274,38,2024-09-14 01:12:38,29.611745,98.454015,-20.95,-18.86,-6.28,14.27,1.0,14.51,0.0296,0.677,ALOS-2,Ascending,Slow Moving
1215,269,36,2020-11-05 17:47:23,25.138725,90.660817,-24.11,-21.7,-7.23,12.44,3.11,3.56,0.0161,0.762,Sentinel-1,Descending,Active
1216,229,62,2023-12-22 19:50:55,26.748917,92.010198,-34.18,-30.76,-10.25,6.9,4.1,1.01,0.0391,0.441,COSMO-SkyMed,Ascending,Stable
1217,485,57,2019-11-11 07:11:50,23.904683,92.891887,2.62,2.36,0.79,9.72,2.47,19.77,0.0392,0.6,COSMO-SkyMed,Ascending,Active
1218,156,3,2021-01-30 08:11:43,27.602016,98.683288,-41.75,-37.58,-12.53,9.93,2.38,2.4,0.0488,0.32,ALOS-2,Descending,Stable
1219,58,19,2021-05-31 20:57:30,24.476129,96.108313,-21.27,-19.14,-6.38,7.65,0.86,2.16,0.0317,0.609,COSMO-SkyMed,Ascending,Active
1220,340,31,2020-09-27 20:38:19,27.846844,95.307341,-23.07,-20.76,-6.92,6.92,0.09,11.32,0.0159,0.718,COSMO-SkyMed,Descending,Stable
1221,499,9,2021-12-24 22:28:44,27.665229,93.397675,-46.03,-41.43,-13.81,2.43,0.61,20.73,0.0451,0.551,Sentinel-1,Descending,Stable
1222,282,32,2019-12-08 15:44:10,25.26955,95.836337,-3.25,-2.93,-0.97,2.99,3.18,3.81,0.0078,0.605,Sentinel-1,Descending,Very Active
1223,260,51,2022-07-04 01:37:26,29.718081,90.680899,-47.14,-42.43,-14.14,8.13,3.51,5.92,0.0052,0.548,Sentinel-1,Descending,Slow Moving
1224,470,7,2018-10-23 04:29:11,26.235987,92.225192,-6.56,-5.9,-1.97,3.14,4.45,11.08,0.0493,0.366,ALOS-2,Ascending,Very Active
1225,87,37,2022-12-23 19:41:59,26.538741,94.784495,-46.46,-41.81,-13.94,10.55,0.44,13.19,0.0067,0.671,Sentinel-1,Descending,Slow Moving
1226,222,50,2022-12-31 07:10:31,23.919175,92.548895,-32.44,-29.2,-9.73,10.66,2.42,11.61,0.0326,0.76,ALOS-2,Ascending,Active
1227,173,36,2022-12-10 04:29:42,25.403382,90.934537,-46.96,-42.26,-14.09,9.91,4.29,21.07,0.0237,0.787,Sentinel-1,Descending,Slow Moving
1228,25,29,2019-12-02 04:48:11,25.965959,98.854749,-24.66,-22.19,-7.4,3.82,4.89,19.71,0.0191,0.736,ALOS-2,Ascending,Stable
1229,303,32,2018-04-03 00:59:47,25.607005,95.667644,-32.52,-29.27,-9.76,14.03,3.34,8.73,0.0053,0.972,ALOS-2,Ascending,Slow Moving
1230,358,52,2024-03-30 22:34:44,28.628633,99.579776,-41.2,-37.08,-12.36,15.0,0.04,20.51,0.0133,0.312,Sentinel-1,Ascending,Active
1231,40,32,2022-02-22 09:00:40,25.131467,95.866286,-8.36,-7.52,-2.51,2.75,3.2,10.9,0.0109,0.522,ALOS-2,Ascending,Very Active
1232,60,36,2024-02-04 02:21:24,25.652378,90.474413,-1.39,-1.25,-0.42,0.84,3.01,3.68,0.0064,0.43,Sentinel-1,Descending,Active
1233,173,36,2020-06-14 03:05:26,25.403382,90.934537,-19.46,-17.51,-5.84,6.81,0.19,16.54,0.0233,0.436,Sentinel-1,Descending,Stable
1234,363,8,2018-04-08 11:12:31,24.04065,98.540352,-44.93,-40.44,-13.48,10.3,0.56,20.09,0.0426,0.449,ALOS-2,Descending,Very Active
1235,389,28,2018-02-22 10:30:36,28.735163,93.051847,-41.67,-37.5,-12.5,5.22,2.07,20.75,0.0232,0.346,ALOS-2,Descending,Stable
1236,417,57,2018-11-17 23:19:46,23.438549,93.308675,5.41,4.87,1.62,6.54,1.94,5.16,0.0042,0.937,COSMO-SkyMed,Descending,Stable
1237,296,41,2022-11-11 04:41:15,23.152136,94.446464,-16.53,-14.88,-4.96,10.86,3.42,18.42,0.0033,0.512,Sentinel-1,Ascending,Active
1238,58,19,2019-11-24 17:22:05,24.476129,96.108313,-21.71,-19.54,-6.51,3.89,0.15,14.58,0.0392,0.875,ALOS-2,Ascending,Very Active
1239,419,15,2021-09-05 14:49:30,26.851599,98.344592,-5.81,-5.23,-1.74,3.96,4.86,18.86,0.0451,0.749,ALOS-2,Ascending,Very Active
1240,286,9,2019-10-09 04:23:02,27.453683,93.617215,-15.64,-14.08,-4.69,3.9,3.27,19.09,0.0471,0.896,COSMO-SkyMed,Descending,Stable
1241,160,34,2019-10-31 03:52:47,26.222293,97.570164,-31.86,-28.67,-9.56,1.74,3.62,12.94,0.0333,0.457,COSMO-SkyMed,Ascending,Very Active
1242,451,41,2019-07-11 10:57:00,23.116111,94.558602,-37.43,-33.69,-11.23,7.87,0.87,23.48,0.0015,0.388,ALOS-2,Ascending,Slow Moving
1243,399,2,2023-09-10 20:44:35,23.831906,91.210721,-22.59,-20.33,-6.78,5.61,2.12,24.4,0.0175,0.533,Sentinel-1,Descending,Slow Moving
1244,56,45,2023-08-03 11:23:30,28.789692,95.325241,-13.26,-11.93,-3.98,9.55,1.42,4.36,0.0315,0.378,ALOS-2,Descending,Active
1245,375,28,2020-06-19 09:24:04,29.262893,93.119025,-9.26,-8.33,-2.78,9.38,0.58,24.43,0.0029,0.888,ALOS-2,Ascending,Very Active
1246,74,43,2023-04-29 12:51:14,29.574415,97.557405,1.3,1.17,0.39,11.87,4.25,18.13,0.0201,0.942,Sentinel-1,Descending,Very Active
1247,296,41,2022-06-10 10:50:28,23.152136,94.446464,-47.5,-42.75,-14.25,3.35,0.32,20.74,0.0112,0.634,Sentinel-1,Descending,Slow Moving
1248,343,43,2021-04-05 10:44:58,29.492655,97.406934,1.58,1.42,0.47,13.05,3.21,13.36,0.0261,0.707,ALOS-2,Descending,Active
1249,419,15,2018-01-13 01:52:59,26.851599,98.344592,4.93,4.44,1.48,12.76,4.05,8.81,0.0475,0.885,COSMO-SkyMed,Ascending,Active
1250,180,62,2022-07-30 22:47:48,27.108415,92.327563,-44.37,-39.93,-13.31,2.17,4.25,5.42,0.0335,0.344,COSMO-SkyMed,Descending,Very Active
1251,87,37,2019-05-18 22:21:04,26.538741,94.784495,-5.58,-5.02,-1.67,1.27,3.56,7.14,0.0389,0.405,COSMO-SkyMed,Descending,Active
1252,132,29,2018-12-11 11:23:54,25.819529,99.010925,5.36,4.82,1.61,5.75,1.81,20.13,0.033,0.908,Sentinel-1,Ascending,Stable
1253,17,21,2021-08-13 11:25:47,24.223339,99.611262,-40.5,-36.45,-12.15,11.15,1.47,3.48,0.0384,0.745,COSMO-SkyMed,Descending,Stable
1254,318,57,2018-09-20 09:09:27,23.750656,92.850087,-44.53,-40.08,-13.36,4.39,1.38,15.34,0.0114,0.932,ALOS-2,Descending,Slow Moving
1255,450,35,2021-09-25 12:36:50,23.339312,91.490571,-25.36,-22.82,-7.61,13.21,1.17,0.88,0.0268,0.58,ALOS-2,Descending,Active
1256,448,12,2024-05-22 05:22:03,27.061029,98.202602,5.5,4.95,1.65,0.35,1.63,11.71,0.0312,0.465,COSMO-SkyMed,Ascending,Very Active
1257,211,39,2019-12-05 18:01:14,27.62036,91.174427,-18.53,-16.68,-5.56,2.7,4.1,21.88,0.0377,0.468,COSMO-SkyMed,Descending,Stable
1258,361,43,2020-03-29 18:57:02,30.037962,97.480362,-29.11,-26.2,-8.73,13.07,2.73,14.15,0.0185,0.536,ALOS-2,Descending,Slow Moving
1259,467,57,2022-07-20 14:06:56,23.631843,93.217194,-35.34,-31.81,-10.6,2.97,4.28,14.12,0.0191,0.711,ALOS-2,Descending,Very Active
1260,313,39,2024-09-12 15:42:55,27.616028,91.2283,-22.79,-20.51,-6.84,6.08,1.84,15.33,0.0117,0.565,Sentinel-1,Ascending,Active
1261,406,52,2018-03-19 15:20:36,28.476246,99.725386,0.98,0.88,0.29,11.62,1.86,20.32,0.0313,0.376,Sentinel-1,Ascending,Stable
1262,27,58,2024-10-09 13:19:01,27.168122,94.631269,7.3,6.57,2.19,9.81,1.8,6.5,0.0382,0.475,COSMO-SkyMed,Descending,Slow Moving
1263,437,26,2018-06-26 08:09:55,23.733223,90.549059,-31.79,-28.61,-9.54,1.25,1.42,4.3,0.0177,0.751,Sentinel-1,Descending,Stable
1264,194,8,2019-02-08 10:23:47,23.966033,98.773197,1.33,1.2,0.4,8.65,4.59,10.61,0.0408,0.505,Sentinel-1,Descending,Very Active
1265,444,1,2023-12-12 05:50:29,27.167264,90.35708,8.57,7.71,2.57,2.64,4.05,21.03,0.0223,0.46,ALOS-2,Ascending,Very Active
1266,47,61,2018-04-23 06:52:20,26.666609,90.179717,-44.52,-40.07,-13.36,4.27,1.64,8.11,0.0452,0.613,ALOS-2,Ascending,Slow Moving
1267,356,42,2023-08-06 21:18:31,22.081519,97.467133,-1.83,-1.65,-0.55,3.91,0.38,24.04,0.0293,0.962,COSMO-SkyMed,Ascending,Active
1268,209,48,2023-10-01 14:11:31,27.017976,94.847086,1.39,1.25,0.42,14.8,2.45,9.97,0.0041,0.659,COSMO-SkyMed,Descending,Active
1269,467,57,2023-01-28 12:29:26,23.631843,93.217194,9.53,8.58,2.86,6.33,1.09,17.5,0.046,0.437,Sentinel-1,Descending,Stable
1270,486,25,2019-06-14 08:59:02,26.596999,96.691512,-3.24,-2.92,-0.97,2.64,1.67,12.7,0.0019,0.618,Sentinel-1,Descending,Active
1271,268,58,2021-05-13 12:13:25,27.091528,94.196527,-13.96,-12.56,-4.19,0.75,4.7,17.5,0.0011,0.96,COSMO-SkyMed,Descending,Very Active
1272,206,9,2020-09-17 11:32:57,27.425876,93.253488,-35.66,-32.09,-10.7,12.64,0.38,24.45,0.0224,0.817,Sentinel-1,Descending,Very Active
1273,163,6,2023-12-26 10:04:05,26.290437,97.433966,9.71,8.74,2.91,14.43,4.39,3.42,0.0023,0.788,ALOS-2,Ascending,Stable
1274,290,18,2024-06-16 01:07:51,29.02389,98.518006,-34.01,-30.61,-10.2,2.35,0.44,16.2,0.0247,0.512,COSMO-SkyMed,Descending,Slow Moving
1275,229,62,2018-03-15 01:29:02,26.748917,92.010198,-2.06,-1.85,-0.62,2.97,3.16,12.81,0.0023,0.618,ALOS-2,Descending,Very Active
1276,22,26,2022-08-27 05:22:44,23.833912,90.558071,-31.12,-28.01,-9.34,11.86,1.66,17.78,0.0486,0.781,ALOS-2,Descending,Stable
1277,269,36,2022-05-20 08:24:09,25.138725,90.660817,-28.69,-25.82,-8.61,9.13,3.66,2.92,0.0498,0.512,Sentinel-1,Descending,Very Active
1278,73,29,2020-08-04 16:52:51,25.694306,99.121619,-32.08,-28.87,-9.62,11.19,3.11,2.36,0.0396,0.836,COSMO-SkyMed,Descending,Stable
1279,193,62,2022-05-04 00:30:24,27.274468,92.477288,-45.03,-40.53,-13.51,14.51,2.15,22.35,0.0159,0.344,COSMO-SkyMed,Ascending,Active
1280,196,48,2021-02-23 03:33:24,27.015245,94.710167,-41.76,-37.58,-12.53,4.27,1.8,19.86,0.0112,0.797,ALOS-2,Descending,Very Active
1281,162,25,2021-05-10 11:11:08,26.387126,96.870242,-20.2,-18.18,-6.06,0.11,1.78,22.58,0.0263,0.839,ALOS-2,Ascending,Very Active
1282,479,15,2018-10-18 02:07:12,26.846962,98.462449,-6.83,-6.15,-2.05,7.35,3.2,18.83,0.0132,0.318,COSMO-SkyMed,Ascending,Stable
1283,261,20,2018-10-13 17:33:53,23.305214,93.447054,-48.02,-43.22,-14.41,1.87,3.63,20.17,0.0375,0.74,ALOS-2,Descending,Slow Moving
1284,99,18,2019-02-15 18:06:17,28.558138,98.72307,8.82,7.94,2.65,12.37,2.03,23.41,0.0322,0.483,ALOS-2,Ascending,Very Active
1285,86,16,2023-02-25 09:56:07,23.521359,90.625388,-48.4,-43.56,-14.52,0.82,3.54,13.94,0.0001,0.861,COSMO-SkyMed,Ascending,Slow Moving
1286,51,20,2021-12-01 05:05:46,23.4708,93.469375,-44.58,-40.12,-13.37,4.99,4.61,24.44,0.0089,0.929,COSMO-SkyMed,Descending,Slow Moving
1287,419,15,2023-11-03 00:33:14,26.851599,98.344592,-48.18,-43.36,-14.45,7.59,2.5,22.35,0.0074,0.604,Sentinel-1,Descending,Very Active
1288,489,48,2020-01-20 09:06:30,27.04961,94.824882,-24.12,-21.71,-7.24,5.61,1.95,10.62,0.0331,0.634,Sentinel-1,Ascending,Very Active
1289,69,58,2024-10-20 12:13:10,27.388109,94.162353,9.79,8.81,2.94,9.32,3.73,1.98,0.0147,0.658,Sentinel-1,Ascending,Active
1290,417,57,2022-07-16 21:04:04,23.438549,93.308675,-2.24,-2.02,-0.67,9.01,2.18,18.57,0.0182,0.72,Sentinel-1,Ascending,Active
1291,347,36,2020-12-10 12:11:10,25.251654,90.848519,9.88,8.89,2.96,7.96,2.25,18.94,0.0126,0.379,ALOS-2,Ascending,Very Active
1292,110,13,2018-05-13 16:03:29,26.408118,99.864423,3.32,2.99,1.0,13.2,4.39,18.47,0.0462,0.83,Sentinel-1,Ascending,Very Active
1293,285,41,2024-12-09 11:47:22,22.939285,94.391416,-0.93,-0.84,-0.28,14.81,2.08,23.03,0.0367,0.907,COSMO-SkyMed,Ascending,Active
1294,202,36,2023-08-05 14:01:21,25.105926,90.394685,-30.69,-27.62,-9.21,14.02,2.9,17.19,0.0208,0.317,ALOS-2,Descending,Active
1295,430,62,2020-11-10 08:54:01,26.945874,92.537811,-43.51,-39.16,-13.05,0.33,1.04,8.12,0.042,0.819,Sentinel-1,Ascending,Stable
1296,463,56,2021-08-30 21:56:39,29.365963,97.846457,-15.96,-14.36,-4.79,7.81,0.71,7.76,0.0073,0.34,Sentinel-1,Ascending,Very Active
1297,426,27,2021-08-15 21:29:24,24.959645,90.743379,3.49,3.14,1.05,1.02,0.61,24.14,0.0089,0.519,COSMO-SkyMed,Ascending,Slow Moving
1298,406,52,2019-07-20 19:31:15,28.476246,99.725386,-41.39,-37.25,-12.42,10.36,0.24,8.49,0.0055,0.71,COSMO-SkyMed,Ascending,Very Active
1299,2,16,2018-08-20 22:07:41,23.481956,90.667726,-4.2,-3.78,-1.26,0.83,0.22,6.03,0.025,0.374,Sentinel-1,Descending,Slow Moving
1300,440,51,2021-02-09 16:24:28,29.312801,91.037932,-0.19,-0.17,-0.06,12.43,4.17,1.45,0.0134,0.61,Sentinel-1,Ascending,Slow Moving
1301,316,9,2020-02-20 20:00:52,27.462574,93.491084,-8.59,-7.73,-2.58,1.35,4.69,8.18,0.0095,0.627,ALOS-2,Ascending,Active
1302,497,32,2022-07-08 23:25:59,25.308309,95.939137,-36.67,-33.0,-11.0,4.66,3.1,14.63,0.0355,0.796,ALOS-2,Ascending,Active
1303,393,48,2020-11-10 04:56:50,26.647191,94.990145,-18.17,-16.35,-5.45,11.0,2.36,2.01,0.0261,0.37,ALOS-2,Descending,Active
1304,195,6,2022-02-25 09:42:41,26.594219,97.352845,-18.43,-16.59,-5.53,1.22,3.6,23.35,0.0169,0.777,Sentinel-1,Ascending,Active
1305,65,27,2021-01-15 20:05:35,25.413235,90.65512,-15.25,-13.72,-4.58,6.33,1.35,8.23,0.0167,0.523,Sentinel-1,Descending,Very Active
1306,234,19,2019-04-03 08:37:50,24.012607,96.258501,-17.07,-15.36,-5.12,9.45,1.34,17.81,0.0211,0.902,ALOS-2,Ascending,Slow Moving
1307,194,8,2022-09-03 16:25:57,23.966033,98.773197,-33.75,-30.38,-10.12,7.43,1.02,22.06,0.0479,0.571,COSMO-SkyMed,Descending,Very Active
1308,62,43,2019-08-06 15:31:46,29.791729,97.703065,-8.34,-7.51,-2.5,9.22,4.34,1.44,0.0036,0.943,ALOS-2,Descending,Very Active
1309,431,6,2019-04-29 06:31:20,26.58076,97.18339,-5.52,-4.97,-1.66,1.98,2.77,5.67,0.0115,0.523,Sentinel-1,Ascending,Slow Moving
1310,429,40,2021-02-27 02:45:06,28.28145,97.576982,-22.96,-20.66,-6.89,0.52,4.0,7.49,0.0359,0.773,COSMO-SkyMed,Descending,Very Active
1311,206,9,2018-08-24 01:36:37,27.425876,93.253488,-23.8,-21.42,-7.14,5.84,1.95,6.48,0.0442,0.59,COSMO-SkyMed,Ascending,Slow Moving
1312,362,55,2022-08-01 04:01:56,28.925656,94.447512,-4.77,-4.29,-1.43,9.11,1.74,1.65,0.0145,0.572,COSMO-SkyMed,Descending,Active
1313,72,18,2019-07-08 17:04:07,29.039506,98.567453,-2.31,-2.08,-0.69,4.22,2.32,15.93,0.0429,0.348,ALOS-2,Ascending,Stable
1314,31,57,2021-07-06 15:25:06,23.900617,93.129951,-21.06,-18.95,-6.32,2.82,1.53,3.36,0.0241,0.377,Sentinel-1,Ascending,Active
1315,470,7,2020-01-14 02:48:03,26.235987,92.225192,-36.18,-32.56,-10.85,6.67,0.77,22.39,0.0252,0.505,COSMO-SkyMed,Ascending,Slow Moving
1316,197,62,2021-10-06 14:18:07,27.257606,92.212118,-28.56,-25.7,-8.57,5.9,4.35,7.02,0.0388,0.328,COSMO-SkyMed,Ascending,Stable
1317,203,36,2021-10-17 21:18:03,25.636407,90.489929,3.69,3.32,1.11,13.75,0.56,19.65,0.045,0.551,COSMO-SkyMed,Descending,Stable
1318,4,19,2023-01-09 17:32:07,24.442298,96.307681,-47.65,-42.88,-14.29,9.46,0.58,3.64,0.0388,0.967,COSMO-SkyMed,Descending,Stable
1319,335,8,2020-10-31 03:22:22,24.09183,98.9896,-46.84,-42.16,-14.05,9.46,1.51,20.13,0.0243,0.472,Sentinel-1,Descending,Stable
1320,173,36,2018-07-29 12:27:59,25.403382,90.934537,-47.7,-42.93,-14.31,1.82,3.27,4.23,0.0189,0.866,Sentinel-1,Descending,Active
1321,434,13,2020-03-28 12:31:32,26.433089,99.834505,-47.21,-42.49,-14.16,7.36,2.25,4.46,0.0366,0.78,COSMO-SkyMed,Ascending,Active
1322,120,14,2023-02-19 06:01:52,22.774967,93.087496,-32.18,-28.96,-9.65,3.51,2.13,6.99,0.0458,0.68,Sentinel-1,Descending,Very Active
1323,5,32,2022-11-09 09:52:01,25.181529,95.771245,-26.96,-24.26,-8.09,1.1,3.6,20.58,0.0428,0.849,Sentinel-1,Descending,Stable
1324,96,6,2020-01-11 12:44:30,26.263517,97.425568,-42.84,-38.56,-12.85,6.32,2.01,20.85,0.023,0.405,ALOS-2,Descending,Very Active
1325,276,62,2021-06-27 18:32:00,26.790565,92.054647,-2.38,-2.14,-0.71,14.53,0.05,21.55,0.0058,0.861,COSMO-SkyMed,Descending,Active
1326,78,21,2020-04-17 09:29:31,23.984472,99.453272,-8.34,-7.51,-2.5,10.38,2.7,13.23,0.0279,0.933,COSMO-SkyMed,Ascending,Active
1327,138,54,2024-04-26 08:10:59,29.581751,91.721919,-20.87,-18.78,-6.26,13.29,1.51,7.85,0.041,0.684,ALOS-2,Ascending,Slow Moving
1328,57,1,2021-12-27 00:02:25,26.970643,90.256506,-36.03,-32.43,-10.81,4.29,1.75,13.29,0.0312,0.317,COSMO-SkyMed,Ascending,Active
1329,326,3,2022-12-01 19:14:52,27.458315,98.886333,-15.23,-13.71,-4.57,10.17,3.67,22.8,0.0494,0.521,COSMO-SkyMed,Descending,Very Active
1330,459,55,2024-01-12 06:21:14,28.697562,94.01477,-8.04,-7.24,-2.41,5.67,4.47,7.56,0.0426,0.893,ALOS-2,Ascending,Active
1331,282,32,2021-03-08 13:44:08,25.26955,95.836337,-12.91,-11.62,-3.87,2.44,0.21,24.94,0.0031,0.635,ALOS-2,Descending,Stable
1332,369,35,2018-08-10 05:22:10,23.437288,91.532883,-14.21,-12.79,-4.26,9.2,0.51,12.83,0.0418,0.945,ALOS-2,Ascending,Very Active
1333,457,50,2023-10-11 10:27:35,23.784707,92.316679,-38.06,-34.25,-11.42,7.71,0.85,13.71,0.0436,0.694,Sentinel-1,Descending,Slow Moving
1334,410,11,2020-02-14 19:25:59,22.458735,91.145159,-34.78,-31.3,-10.43,1.54,2.1,1.73,0.0286,0.418,ALOS-2,Ascending,Very Active
1335,56,45,2019-12-04 02:07:03,28.789692,95.325241,-34.44,-31.0,-10.33,8.74,2.4,18.03,0.0368,0.378,COSMO-SkyMed,Descending,Very Active
1336,331,24,2019-03-19 23:18:10,24.03039,99.164713,-2.55,-2.29,-0.76,12.12,1.86,23.64,0.0164,0.403,ALOS-2,Descending,Active
1337,137,29,2022-12-21 10:21:29,25.768057,98.698443,-31.81,-28.63,-9.54,6.35,3.41,7.98,0.0358,0.961,Sentinel-1,Descending,Slow Moving
1338,384,16,2024-11-13 06:56:30,23.537166,90.452183,-45.93,-41.34,-13.78,14.7,0.54,9.93,0.0085,0.812,COSMO-SkyMed,Descending,Stable
1339,379,43,2020-05-05 22:00:56,29.554443,97.854936,-25.73,-23.16,-7.72,4.23,0.01,4.78,0.0421,0.332,COSMO-SkyMed,Descending,Active
1340,149,8,2022-04-16 20:55:01,24.381092,98.526048,6.12,5.51,1.84,9.52,2.14,2.27,0.0205,0.507,Sentinel-1,Descending,Slow Moving
1341,65,27,2018-12-05 02:25:28,25.413235,90.65512,-5.98,-5.38,-1.79,5.35,2.22,0.65,0.0313,0.667,Sentinel-1,Ascending,Active
1342,426,27,2024-11-02 07:36:08,24.959645,90.743379,-49.96,-44.96,-14.99,6.16,2.4,14.72,0.049,0.491,ALOS-2,Descending,Slow Moving
1343,81,61,2021-02-02 04:04:17,26.711466,90.149042,5.29,4.76,1.59,8.77,0.01,15.89,0.039,0.369,Sentinel-1,Ascending,Slow Moving
1344,24,8,2023-06-12 21:36:50,24.422764,98.934733,6.44,5.8,1.93,9.34,1.63,3.9,0.0427,0.719,Sentinel-1,Descending,Very Active
1345,113,30,2018-03-20 05:35:59,25.506545,92.509937,-16.23,-14.61,-4.87,4.83,3.67,16.52,0.0359,0.637,Sentinel-1,Ascending,Slow Moving
1346,467,57,2019-05-18 06:46:02,23.631843,93.217194,-41.36,-37.22,-12.41,7.09,0.97,12.14,0.0269,0.613,ALOS-2,Descending,Very Active
1347,143,27,2019-09-24 07:27:36,25.198905,90.703266,9.07,8.16,2.72,7.67,2.19,24.4,0.0057,0.525,COSMO-SkyMed,Ascending,Stable
1348,300,25,2022-03-16 17:26:29,26.631244,96.932145,4.82,4.34,1.45,9.79,4.83,24.59,0.0356,0.387,COSMO-SkyMed,Ascending,Active
1349,254,49,2019-06-03 19:52:56,29.140125,98.785777,-20.7,-18.63,-6.21,3.07,3.86,15.81,0.027,0.716,ALOS-2,Descending,Slow Moving
1350,258,27,2021-01-30 19:27:59,25.035207,90.487331,-34.79,-31.31,-10.44,13.24,0.3,21.1,0.0276,0.501,Sentinel-1,Descending,Very Active
1351,202,36,2018-09-16 15:16:54,25.105926,90.394685,-9.67,-8.7,-2.9,4.29,3.23,22.46,0.0458,0.901,Sentinel-1,Descending,Very Active
1352,57,1,2018-09-28 07:55:10,26.970643,90.256506,-47.41,-42.67,-14.22,14.47,3.73,17.58,0.0006,0.928,ALOS-2,Descending,Slow Moving
1353,209,48,2024-12-02 10:28:57,27.017976,94.847086,-48.51,-43.66,-14.55,9.96,3.36,13.15,0.0488,0.961,ALOS-2,Descending,Active
1354,278,33,2023-10-29 03:41:13,23.963182,100.186903,-36.1,-32.49,-10.83,12.92,4.72,3.83,0.0033,0.626,COSMO-SkyMed,Ascending,Stable
1355,394,62,2020-01-15 09:06:30,27.109932,92.281433,-45.58,-41.02,-13.67,13.8,3.55,22.39,0.0056,0.72,COSMO-SkyMed,Ascending,Stable
1356,199,1,2020-11-11 06:23:37,26.941851,90.298705,-16.45,-14.8,-4.93,10.95,4.28,1.54,0.0183,0.343,Sentinel-1,Descending,Active
1357,74,43,2022-07-08 22:50:11,29.574415,97.557405,-34.25,-30.82,-10.28,9.49,0.37,4.05,0.0383,0.376,Sentinel-1,Descending,Very Active
1358,99,18,2021-03-31 07:19:17,28.558138,98.72307,-14.74,-13.27,-4.42,6.51,4.76,0.09,0.0316,0.459,COSMO-SkyMed,Ascending,Very Active
1359,438,41,2022-05-30 07:16:04,22.650436,94.33568,-41.29,-37.16,-12.39,13.19,1.18,0.31,0.0396,0.507,ALOS-2,Descending,Active
1360,254,49,2021-11-07 17:57:27,29.140125,98.785777,-11.79,-10.61,-3.54,8.04,2.84,6.93,0.0362,0.356,COSMO-SkyMed,Ascending,Active
1361,94,33,2024-04-20 05:13:59,23.86091,99.8315,-20.91,-18.82,-6.27,8.42,4.59,13.64,0.0073,0.94,ALOS-2,Ascending,Very Active
1362,216,25,2022-09-04 23:46:15,26.740583,96.694397,-41.42,-37.28,-12.43,0.5,4.83,3.61,0.0248,0.33,COSMO-SkyMed,Descending,Stable
1363,422,28,2020-09-17 09:32:56,28.959862,93.362589,9.23,8.31,2.77,0.99,0.27,18.84,0.0293,0.514,ALOS-2,Descending,Very Active
1364,123,54,2019-11-03 15:51:47,29.724177,91.76461,-43.33,-39.0,-13.0,12.98,0.42,10.12,0.035,0.407,Sentinel-1,Ascending,Active
1365,71,21,2018-08-31 21:19:38,23.837284,99.530981,-3.9,-3.51,-1.17,14.29,0.64,12.35,0.0275,0.949,COSMO-SkyMed,Ascending,Stable
1366,344,53,2019-08-25 10:25:39,28.284646,91.301203,-10.49,-9.44,-3.15,3.21,2.93,0.95,0.0133,0.931,Sentinel-1,Ascending,Slow Moving
1367,334,48,2023-07-01 00:38:42,26.626312,95.060832,-24.15,-21.73,-7.24,5.12,1.56,24.39,0.0004,0.307,Sentinel-1,Descending,Stable
1368,32,43,2023-04-24 01:33:30,29.946583,97.510841,-24.76,-22.28,-7.43,14.2,2.11,5.14,0.0073,0.656,COSMO-SkyMed,Descending,Stable
1369,368,31,2019-07-12 19:37:12,27.880544,95.274703,-44.02,-39.62,-13.21,13.35,4.83,7.05,0.0337,0.526,COSMO-SkyMed,Ascending,Slow Moving
1370,317,51,2022-12-18 16:23:57,29.651687,90.978841,-17.21,-15.49,-5.16,3.4,4.54,15.17,0.0152,0.764,ALOS-2,Descending,Slow Moving
1371,111,24,2018-09-20 20:46:24,24.116164,99.13063,-32.68,-29.41,-9.8,1.43,4.8,9.24,0.0382,0.478,Sentinel-1,Descending,Stable
1372,394,62,2022-08-30 11:25:41,27.109932,92.281433,-5.65,-5.09,-1.7,10.71,3.75,21.2,0.022,0.538,Sentinel-1,Descending,Very Active
1373,150,17,2022-05-04 10:02:19,23.640753,92.666347,-14.82,-13.34,-4.45,1.42,3.65,3.19,0.0379,0.694,COSMO-SkyMed,Ascending,Active
1374,418,51,2021-01-27 13:42:54,29.560737,90.98852,-2.68,-2.41,-0.8,10.48,4.19,0.54,0.0219,0.605,Sentinel-1,Descending,Slow Moving
1375,310,38,2020-12-23 08:40:00,29.72004,98.756052,-40.17,-36.15,-12.05,7.53,1.33,12.48,0.0366,0.71,ALOS-2,Descending,Stable
1376,190,55,2018-10-24 18:07:28,29.237955,94.242292,-29.49,-26.54,-8.85,8.82,0.08,9.8,0.027,0.502,ALOS-2,Ascending,Stable
1377,260,51,2022-11-13 01:30:43,29.718081,90.680899,-2.18,-1.96,-0.65,10.33,4.59,2.75,0.0076,0.805,ALOS-2,Descending,Active
1378,430,62,2021-12-25 08:36:25,26.945874,92.537811,1.05,0.95,0.32,5.39,2.52,0.15,0.012,0.596,Sentinel-1,Descending,Very Active
1379,273,23,2024-07-27 22:03:22,27.809745,91.436481,-22.86,-20.57,-6.86,2.1,0.81,23.9,0.0469,0.424,ALOS-2,Ascending,Stable
1380,497,32,2020-12-30 20:10:15,25.308309,95.939137,-11.61,-10.45,-3.48,9.24,1.97,9.57,0.0272,0.766,Sentinel-1,Descending,Stable
1381,17,21,2022-12-14 11:27:40,24.223339,99.611262,-47.01,-42.31,-14.1,5.67,4.37,24.05,0.0036,0.635,Sentinel-1,Ascending,Very Active
1382,158,29,2021-02-18 12:39:44,26.283972,98.591481,-15.02,-13.52,-4.51,1.01,0.61,1.94,0.0076,0.803,Sentinel-1,Descending,Active
1383,170,32,2018-05-28 17:38:17,25.324508,95.930953,-5.53,-4.98,-1.66,10.92,2.79,20.23,0.0054,0.892,COSMO-SkyMed,Ascending,Slow Moving
1384,369,35,2019-08-29 09:12:40,23.437288,91.532883,1.41,1.27,0.42,8.17,3.82,3.16,0.0195,0.56,COSMO-SkyMed,Descending,Stable
1385,323,27,2023-11-09 06:30:46,25.351926,90.374789,-20.55,-18.5,-6.17,4.4,0.48,17.15,0.0166,0.348,ALOS-2,Descending,Active
1386,258,27,2020-12-24 21:46:05,25.035207,90.487331,-23.21,-20.89,-6.96,3.13,3.79,8.57,0.0003,0.572,Sentinel-1,Ascending,Active
1387,137,29,2019-01-07 08:08:49,25.768057,98.698443,5.43,4.89,1.63,6.82,3.83,10.76,0.0434,0.345,ALOS-2,Descending,Slow Moving
1388,467,57,2022-03-12 16:31:30,23.631843,93.217194,-4.79,-4.31,-1.44,13.08,3.97,16.29,0.0398,0.556,COSMO-SkyMed,Ascending,Very Active
1389,60,36,2019-11-18 22:33:52,25.652378,90.474413,-13.82,-12.44,-4.15,7.17,1.56,17.65,0.0427,0.727,ALOS-2,Ascending,Active
1390,18,60,2018-09-02 07:05:51,24.981979,96.138724,-27.54,-24.79,-8.26,10.19,2.12,21.0,0.0054,0.602,Sentinel-1,Ascending,Slow Moving
1391,110,13,2021-02-15 05:53:49,26.408118,99.864423,-7.47,-6.72,-2.24,2.57,2.6,23.2,0.0361,0.3,COSMO-SkyMed,Descending,Stable
1392,5,32,2018-03-02 22:20:32,25.181529,95.771245,2.6,2.34,0.78,5.91,2.51,10.41,0.0206,0.737,ALOS-2,Descending,Slow Moving
1393,52,54,2021-11-30 10:04:46,29.502734,91.868619,-18.76,-16.88,-5.63,1.22,2.79,0.34,0.0052,0.886,COSMO-SkyMed,Ascending,Slow Moving
1394,103,56,2024-10-20 10:29:52,29.707635,97.476854,-2.76,-2.48,-0.83,0.65,4.62,8.51,0.0303,0.881,COSMO-SkyMed,Ascending,Very Active
1395,124,27,2019-02-03 17:41:15,24.921331,90.830082,-13.0,-11.7,-3.9,13.38,4.93,3.62,0.0007,0.495,Sentinel-1,Descending,Stable
1396,390,28,2022-06-20 13:07:12,29.255225,93.133367,-8.43,-7.59,-2.53,11.26,1.94,20.12,0.0386,0.359,ALOS-2,Ascending,Stable
1397,445,22,2022-01-20 18:21:23,22.671916,96.466669,1.76,1.58,0.53,5.9,4.79,9.01,0.0178,0.813,Sentinel-1,Descending,Stable
1398,132,29,2020-06-22 04:30:16,25.819529,99.010925,-49.33,-44.4,-14.8,7.75,4.62,11.49,0.0271,0.398,ALOS-2,Descending,Slow Moving
1399,248,28,2024-01-23 00:20:33,29.176629,93.211558,-7.84,-7.06,-2.35,9.96,3.76,11.75,0.0368,0.381,COSMO-SkyMed,Descending,Active
1400,421,51,2022-04-19 23:11:26,29.422772,90.979871,-38.0,-34.2,-11.4,6.33,0.65,3.16,0.0337,0.62,COSMO-SkyMed,Ascending,Stable
1401,237,13,2018-07-03 00:18:28,26.214092,99.88584,-17.86,-16.07,-5.36,1.41,4.37,13.86,0.0211,0.544,ALOS-2,Descending,Active
1402,225,42,2019-08-26 19:37:08,22.283042,97.420147,3.97,3.57,1.19,13.48,1.67,20.05,0.0185,0.681,Sentinel-1,Ascending,Active
1403,43,55,2018-09-27 06:21:56,29.066444,94.130162,2.8,2.52,0.84,4.75,0.9,13.52,0.045,0.974,COSMO-SkyMed,Ascending,Stable
1404,236,28,2024-06-17 22:54:30,28.919885,93.039243,-38.08,-34.27,-11.42,13.86,3.93,13.74,0.0383,0.544,ALOS-2,Ascending,Slow Moving
1405,263,37,2022-06-14 11:41:49,26.666132,94.930212,-46.27,-41.64,-13.88,14.24,4.22,8.28,0.0492,0.789,Sentinel-1,Descending,Slow Moving
1406,145,47,2018-05-19 12:55:15,29.617158,99.322526,-46.49,-41.84,-13.95,5.63,4.38,14.09,0.0285,0.987,COSMO-SkyMed,Ascending,Stable
1407,179,11,2023-05-14 04:39:39,22.942019,90.680668,0.65,0.59,0.2,7.41,4.51,6.48,0.007,0.711,ALOS-2,Ascending,Slow Moving
1408,437,26,2019-10-07 07:18:02,23.733223,90.549059,-22.78,-20.5,-6.83,8.53,4.76,1.2,0.0077,0.518,Sentinel-1,Descending,Very Active
1409,452,34,2024-09-20 13:33:43,25.755499,97.685292,-17.69,-15.92,-5.31,14.06,4.33,19.41,0.013,0.618,ALOS-2,Ascending,Stable
1410,166,39,2019-05-25 19:15:24,27.31121,91.401515,-45.85,-41.27,-13.76,14.64,3.06,21.67,0.0127,0.666,COSMO-SkyMed,Ascending,Very Active
1411,19,30,2019-12-07 00:10:55,25.486487,92.416388,-34.82,-31.34,-10.45,7.59,2.59,12.42,0.002,0.691,COSMO-SkyMed,Ascending,Stable
1412,167,44,2024-05-07 01:50:16,29.389764,98.979635,-17.47,-15.72,-5.24,4.96,3.46,18.6,0.0415,0.373,Sentinel-1,Ascending,Active
1413,233,20,2022-09-19 11:14:45,23.025909,93.576658,-10.81,-9.73,-3.24,0.11,3.85,15.42,0.017,0.587,ALOS-2,Ascending,Stable
1414,321,24,2023-06-14 07:16:52,24.426819,99.439178,-49.39,-44.45,-14.82,3.88,2.07,2.63,0.0136,0.593,Sentinel-1,Descending,Slow Moving
1415,379,43,2022-09-16 18:14:36,29.554443,97.854936,-5.92,-5.33,-1.78,11.13,0.14,10.67,0.0067,0.332,COSMO-SkyMed,Ascending,Very Active
1416,377,24,2023-04-19 05:47:20,24.27016,99.228798,3.32,2.99,1.0,3.62,4.38,18.33,0.0229,0.621,COSMO-SkyMed,Ascending,Slow Moving
1417,331,24,2022-11-28 05:46:00,24.03039,99.164713,-10.36,-9.32,-3.11,12.59,2.1,21.89,0.0113,0.972,COSMO-SkyMed,Descending,Active
1418,114,44,2020-11-14 21:12:02,29.344629,98.546585,-6.16,-5.54,-1.85,3.02,1.15,6.95,0.0451,0.906,ALOS-2,Descending,Active
1419,493,34,2018-09-09 16:42:17,25.807601,97.549356,-44.78,-40.3,-13.43,11.02,0.45,10.1,0.0314,0.754,Sentinel-1,Ascending,Stable
1420,377,24,2021-02-05 00:20:32,24.27016,99.228798,-47.46,-42.71,-14.24,13.33,2.83,21.63,0.0065,0.343,Sentinel-1,Descending,Active
1421,425,4,2024-04-24 21:46:15,26.702794,90.262046,7.63,6.87,2.29,3.2,1.98,5.47,0.0416,0.349,COSMO-SkyMed,Descending,Active
1422,354,36,2019-02-02 09:01:46,25.381311,90.570131,4.74,4.27,1.42,7.26,4.3,23.09,0.0361,0.719,COSMO-SkyMed,Ascending,Active
1423,28,54,2021-04-21 23:53:32,29.728508,91.938394,-26.21,-23.59,-7.86,5.62,3.75,20.23,0.0271,0.427,COSMO-SkyMed,Ascending,Slow Moving
1424,220,47,2023-03-08 16:07:52,29.340812,99.150961,-22.35,-20.12,-6.71,2.23,0.47,16.72,0.0231,0.633,ALOS-2,Ascending,Very Active
1425,104,21,2020-04-22 16:53:58,24.26011,99.403686,-46.32,-41.69,-13.9,3.52,0.12,15.46,0.0139,0.97,Sentinel-1,Descending,Stable
1426,268,58,2022-11-25 08:50:42,27.091528,94.196527,-41.51,-37.36,-12.45,9.41,1.73,7.18,0.0417,0.886,Sentinel-1,Descending,Slow Moving
1427,494,56,2024-03-30 17:13:27,29.615062,97.254551,-27.0,-24.3,-8.1,11.26,2.95,12.98,0.0091,0.481,COSMO-SkyMed,Descending,Stable
1428,82,20,2021-12-15 07:39:57,23.307983,93.374618,4.08,3.67,1.22,6.19,0.57,12.82,0.0261,0.977,COSMO-SkyMed,Ascending,Stable
1429,65,27,2019-02-02 12:55:29,25.413235,90.65512,-39.71,-35.74,-11.91,6.84,3.0,17.06,0.0168,0.871,ALOS-2,Ascending,Stable
1430,228,36,2021-09-08 06:26:48,25.584212,90.582706,-13.51,-12.16,-4.05,1.19,3.28,17.85,0.0055,0.869,COSMO-SkyMed,Descending,Slow Moving
1431,125,58,2020-12-19 10:38:53,27.409952,94.356399,-9.88,-8.89,-2.96,12.85,2.94,15.66,0.0433,0.74,COSMO-SkyMed,Descending,Very Active
1432,18,60,2022-09-14 01:40:22,24.981979,96.138724,-4.43,-3.99,-1.33,10.16,2.3,24.48,0.0341,0.456,COSMO-SkyMed,Ascending,Very Active
1433,463,56,2024-03-13 09:38:48,29.365963,97.846457,-30.73,-27.66,-9.22,1.69,4.43,9.02,0.017,0.927,Sentinel-1,Descending,Active
1434,410,11,2022-12-31 13:45:14,22.458735,91.145159,-16.44,-14.8,-4.93,12.73,3.73,17.57,0.0144,0.397,COSMO-SkyMed,Descending,Very Active
1435,355,23,2024-02-18 19:26:58,27.88338,91.793116,-17.54,-15.79,-5.26,14.83,2.73,7.11,0.0098,0.95,Sentinel-1,Descending,Active
1436,89,1,2024-05-03 14:06:10,26.829746,90.275027,-49.88,-44.89,-14.96,8.66,4.72,15.9,0.0035,0.68,Sentinel-1,Descending,Active
1437,136,46,2018-02-09 05:02:03,23.397976,97.550215,-33.37,-30.03,-10.01,13.05,4.22,23.84,0.0316,0.553,COSMO-SkyMed,Ascending,Very Active
1438,200,32,2019-03-29 07:48:32,25.253819,95.955728,-15.01,-13.51,-4.5,14.67,4.94,4.79,0.0462,0.499,COSMO-SkyMed,Descending,Slow Moving
1439,71,21,2023-09-02 19:12:45,23.837284,99.530981,-39.55,-35.59,-11.86,11.74,3.77,2.48,0.0458,0.377,ALOS-2,Descending,Active
1440,438,41,2018-10-22 01:12:42,22.650436,94.33568,-40.22,-36.2,-12.07,9.36,2.32,5.82,0.0498,0.836,ALOS-2,Descending,Stable
1441,444,1,2020-10-30 22:26:49,27.167264,90.35708,-24.14,-21.73,-7.24,0.02,4.52,3.15,0.0304,0.451,ALOS-2,Descending,Stable
1442,332,54,2022-05-08 11:22:25,29.633561,91.437484,-27.3,-24.57,-8.19,13.31,4.12,22.04,0.0299,0.95,COSMO-SkyMed,Descending,Stable
1443,81,61,2023-07-05 06:49:57,26.711466,90.149042,-39.56,-35.6,-11.87,6.47,3.35,18.94,0.0131,0.455,ALOS-2,Descending,Stable
1444,20,55,2019-11-01 14:07:35,29.217726,94.427594,-15.17,-13.65,-4.55,5.19,4.58,20.82,0.0057,0.706,Sentinel-1,Ascending,Very Active
1445,159,55,2019-11-02 08:59:17,28.682887,94.211199,-18.31,-16.48,-5.49,3.88,3.67,20.82,0.02,0.912,ALOS-2,Ascending,Stable
1446,5,32,2024-07-10 18:27:16,25.181529,95.771245,-14.86,-13.37,-4.46,3.06,0.3,15.01,0.0089,0.531,COSMO-SkyMed,Descending,Active
1447,118,39,2021-12-11 23:23:42,27.558497,90.86877,-17.42,-15.68,-5.23,9.07,1.13,14.27,0.0444,0.703,COSMO-SkyMed,Ascending,Slow Moving
1448,82,20,2019-09-06 19:38:00,23.307983,93.374618,3.3,2.97,0.99,10.6,1.13,24.41,0.0439,0.511,Sentinel-1,Ascending,Very Active
1449,451,41,2021-05-08 08:16:34,23.116111,94.558602,-37.52,-33.77,-11.26,6.51,1.48,24.89,0.007,0.944,COSMO-SkyMed,Ascending,Slow Moving
1450,225,42,2021-04-03 07:49:31,22.283042,97.420147,-44.86,-40.37,-13.46,4.65,4.52,16.71,0.0399,0.81,ALOS-2,Descending,Very Active
1451,137,29,2020-11-03 17:51:22,25.768057,98.698443,-41.27,-37.14,-12.38,3.41,0.58,23.38,0.0133,0.617,ALOS-2,Descending,Active
1452,422,28,2019-01-03 05:57:33,28.959862,93.362589,-1.1,-0.99,-0.33,9.17,3.28,19.71,0.0246,0.382,COSMO-SkyMed,Ascending,Stable
1453,37,17,2023-09-26 14:44:05,24.084055,92.941386,2.71,2.44,0.81,12.44,3.52,1.27,0.03,0.827,COSMO-SkyMed,Descending,Stable
1454,166,39,2018-05-13 02:26:09,27.31121,91.401515,-20.38,-18.34,-6.11,9.05,3.03,24.17,0.008,0.898,COSMO-SkyMed,Ascending,Slow Moving
1455,399,2,2018-12-13 13:16:50,23.831906,91.210721,9.64,8.68,2.89,11.31,2.34,1.61,0.0344,0.727,ALOS-2,Ascending,Active
1456,428,54,2024-10-27 12:35:33,29.443587,91.44815,-4.86,-4.37,-1.46,12.93,4.08,14.76,0.0227,0.587,COSMO-SkyMed,Ascending,Active
1457,68,40,2021-11-06 09:16:14,28.17791,97.874118,4.72,4.25,1.42,12.77,1.86,0.03,0.0008,0.462,Sentinel-1,Descending,Very Active
1458,420,62,2018-05-13 21:09:43,27.073901,92.443969,-1.51,-1.36,-0.45,0.94,1.02,14.22,0.0038,0.524,Sentinel-1,Ascending,Stable
1459,391,33,2022-03-16 00:04:49,23.760991,99.923212,-11.69,-10.52,-3.51,5.81,1.55,17.75,0.0311,0.434,ALOS-2,Ascending,Very Active
1460,150,17,2019-06-03 21:24:24,23.640753,92.666347,-2.53,-2.28,-0.76,9.3,3.41,11.68,0.0017,0.746,Sentinel-1,Ascending,Slow Moving
1461,430,62,2020-12-13 04:34:08,26.945874,92.537811,0.79,0.71,0.24,5.2,3.85,12.79,0.0185,0.457,COSMO-SkyMed,Descending,Active
1462,189,17,2019-04-01 23:44:09,23.745701,92.959317,-37.35,-33.62,-11.21,6.68,3.74,10.17,0.0382,0.505,Sentinel-1,Descending,Stable
1463,231,52,2022-04-26 21:02:58,28.283343,99.719679,9.27,8.34,2.78,6.11,3.95,22.97,0.0278,0.37,Sentinel-1,Descending,Very Active
1464,175,3,2023-06-12 13:24:37,27.570483,98.76085,-27.32,-24.59,-8.2,11.79,0.88,6.23,0.0188,0.387,COSMO-SkyMed,Ascending,Very Active
1465,302,59,2021-10-12 04:02:25,25.339381,92.599878,-6.31,-5.68,-1.89,6.28,3.85,14.19,0.0494,0.573,COSMO-SkyMed,Descending,Stable
1466,179,11,2020-08-05 09:44:26,22.942019,90.680668,1.43,1.29,0.43,1.51,0.6,24.09,0.0056,0.383,Sentinel-1,Ascending,Slow Moving
1467,478,14,2020-09-27 19:38:47,22.353144,93.185845,0.06,0.05,0.02,6.36,3.85,6.19,0.0462,0.85,Sentinel-1,Descending,Slow Moving
1468,212,16,2020-03-29 02:40:49,23.697023,90.941573,-21.86,-19.67,-6.56,7.86,3.77,12.78,0.0225,0.477,Sentinel-1,Descending,Slow Moving
1469,349,15,2024-11-26 11:29:27,27.08332,98.484211,-23.0,-20.7,-6.9,8.26,4.55,20.58,0.0366,0.546,Sentinel-1,Descending,Stable
1470,78,21,2024-08-05 11:54:29,23.984472,99.453272,-29.86,-26.87,-8.96,10.88,2.4,18.22,0.0357,0.804,Sentinel-1,Ascending,Very Active
1471,494,56,2022-11-05 03:38:54,29.615062,97.254551,-19.11,-17.2,-5.73,2.02,1.48,7.06,0.0284,0.745,Sentinel-1,Descending,Active
1472,394,62,2023-10-16 23:09:18,27.109932,92.281433,-33.93,-30.54,-10.18,4.46,0.16,2.08,0.0356,0.808,COSMO-SkyMed,Ascending,Stable
1473,144,5,2019-04-09 12:16:39,23.842084,94.761016,-23.54,-21.19,-7.06,10.47,2.04,7.88,0.0058,0.95,COSMO-SkyMed,Ascending,Stable
1474,146,5,2019-06-04 22:42:11,23.744089,94.898135,1.79,1.61,0.54,11.41,2.71,7.73,0.0035,0.723,Sentinel-1,Ascending,Active
1475,435,55,2023-08-05 21:44:53,28.693371,94.513286,2.29,2.06,0.69,9.79,4.9,8.11,0.0335,0.752,Sentinel-1,Ascending,Active
1476,346,34,2019-10-26 15:22:51,25.94559,97.47455,-11.3,-10.17,-3.39,9.18,1.65,12.54,0.0348,0.836,COSMO-SkyMed,Descending,Very Active
1477,283,10,2018-12-19 23:03:14,23.861276,97.925047,-20.58,-18.52,-6.17,14.58,3.52,18.96,0.0075,0.48,COSMO-SkyMed,Ascending,Active
1478,311,5,2021-03-09 03:17:21,23.800155,94.786204,-30.36,-27.32,-9.11,12.11,4.91,18.71,0.0187,0.335,ALOS-2,Ascending,Stable
1479,355,23,2018-07-02 05:33:30,27.88338,91.793116,-20.44,-18.4,-6.13,2.27,3.17,9.67,0.0422,0.706,ALOS-2,Ascending,Active
1480,408,59,2024-04-26 16:17:23,25.316641,92.346968,-4.65,-4.19,-1.4,2.23,0.2,23.45,0.0318,0.798,ALOS-2,Descending,Very Active
1481,84,9,2019-05-05 12:57:19,27.753774,93.263759,-19.26,-17.33,-5.78,7.2,1.77,6.4,0.0132,0.913,COSMO-SkyMed,Ascending,Active
1482,184,38,2021-10-05 14:58:18,30.013315,98.810114,-19.0,-17.1,-5.7,5.89,3.81,2.17,0.0126,0.479,Sentinel-1,Ascending,Active
1483,493,34,2018-05-07 15:22:12,25.807601,97.549356,-23.49,-21.14,-7.05,3.49,4.17,24.17,0.0082,0.437,Sentinel-1,Descending,Very Active
1484,260,51,2022-07-18 08:10:16,29.718081,90.680899,-6.25,-5.62,-1.88,3.37,1.77,15.55,0.0131,0.787,ALOS-2,Descending,Stable
1485,135,22,2024-01-30 13:56:25,22.486751,96.162856,-17.98,-16.18,-5.39,6.26,4.83,12.57,0.0076,0.301,Sentinel-1,Descending,Very Active
1486,99,18,2024-12-28 20:56:18,28.558138,98.72307,-3.81,-3.43,-1.14,7.39,3.12,11.03,0.005,0.359,Sentinel-1,Ascending,Active
1487,270,9,2022-09-25 09:43:28,27.567541,93.507798,8.88,7.99,2.66,4.72,3.37,7.93,0.0362,0.347,ALOS-2,Ascending,Very Active
1488,263,37,2022-12-06 22:06:03,26.666132,94.930212,-44.27,-39.84,-13.28,7.24,1.32,12.7,0.0067,0.331,COSMO-SkyMed,Descending,Very Active
1489,485,57,2024-02-22 09:55:55,23.904683,92.891887,-30.02,-27.02,-9.01,9.03,3.48,8.18,0.0242,0.732,Sentinel-1,Ascending,Stable
1490,84,9,2023-12-18 06:40:10,27.753774,93.263759,-26.13,-23.52,-7.84,9.32,4.44,7.1,0.0147,0.403,Sentinel-1,Descending,Active
1491,157,27,2021-04-06 01:45:05,25.096892,90.693175,-35.97,-32.37,-10.79,1.04,2.33,21.85,0.0013,0.364,Sentinel-1,Ascending,Stable
1492,78,21,2018-02-24 02:48:52,23.984472,99.453272,-10.52,-9.47,-3.16,7.94,1.9,12.18,0.0238,0.383,COSMO-SkyMed,Ascending,Active
1493,143,27,2024-08-15 07:33:40,25.198905,90.703266,-46.78,-42.1,-14.03,10.03,2.87,0.83,0.0114,0.378,COSMO-SkyMed,Descending,Stable
1494,409,6,2021-11-13 21:35:14,26.51246,97.094196,-18.68,-16.81,-5.6,11.6,0.73,16.38,0.032,0.921,Sentinel-1,Descending,Active
1495,169,36,2022-04-02 18:27:36,25.251692,90.375718,-20.48,-18.43,-6.14,0.01,2.88,10.46,0.0335,0.875,Sentinel-1,Ascending,Very Active
1496,429,40,2023-05-16 16:53:18,28.28145,97.576982,-37.69,-33.92,-11.31,5.9,0.93,12.59,0.0491,0.483,ALOS-2,Descending,Slow Moving
1497,7,33,2024-07-23 09:33:16,23.913242,99.843232,-40.67,-36.6,-12.2,7.6,2.01,21.85,0.0141,0.476,COSMO-SkyMed,Descending,Stable
1498,354,36,2021-01-20 23:17:24,25.381311,90.570131,-42.5,-38.25,-12.75,0.12,1.87,9.94,0.0013,0.464,Sentinel-1,Descending,Very Active
1499,489,48,2020-02-05 02:30:55,27.04961,94.824882,-4.79,-4.31,-1.44,14.07,0.87,17.25,0.0249,0.791,COSMO-SkyMed,Ascending,Slow Moving
1500,400,48,2020-12-02 13:09:33,26.969184,95.065953,-33.57,-30.21,-10.07,3.37,4.32,2.05,0.0022,0.495,ALOS-2,Ascending,Very Active
1501,178,33,2023-11-29 18:17:27,23.623086,99.765544,-11.97,-10.77,-3.59,12.02,4.78,13.93,0.0384,0.91,Sentinel-1,Ascending,Slow Moving
1502,225,42,2021-11-25 18:11:30,22.283042,97.420147,-28.46,-25.61,-8.54,11.53,2.12,6.89,0.0126,0.823,COSMO-SkyMed,Ascending,Slow Moving
1503,68,40,2018-09-22 09:03:26,28.17791,97.874118,-26.39,-23.75,-7.92,2.79,3.27,19.18,0.0145,0.733,ALOS-2,Descending,Very Active
1504,394,62,2022-01-20 11:15:23,27.109932,92.281433,-46.56,-41.9,-13.97,3.95,0.46,13.85,0.0082,0.459,COSMO-SkyMed,Ascending,Stable
1505,485,57,2022-10-16 21:09:55,23.904683,92.891887,-31.03,-27.93,-9.31,0.0,1.61,16.47,0.0482,0.58,Sentinel-1,Ascending,Very Active
1506,234,19,2023-02-28 05:35:40,24.012607,96.258501,3.72,3.35,1.12,13.71,2.53,21.19,0.0181,0.513,ALOS-2,Descending,Slow Moving
1507,73,29,2022-05-12 06:41:23,25.694306,99.121619,-13.06,-11.75,-3.92,14.14,0.42,8.96,0.0421,0.464,Sentinel-1,Descending,Very Active
1508,155,34,2020-03-20 05:36:24,25.663263,97.344996,-8.55,-7.7,-2.56,0.02,1.78,2.42,0.0317,0.616,COSMO-SkyMed,Descending,Stable
1509,279,26,2019-01-28 07:29:16,23.723276,90.250674,-17.91,-16.12,-5.37,14.87,3.11,22.78,0.0433,0.516,COSMO-SkyMed,Ascending,Slow Moving
1510,40,32,2022-10-30 00:02:55,25.131467,95.866286,-7.92,-7.13,-2.38,10.62,2.18,1.84,0.027,0.336,Sentinel-1,Descending,Active
1511,166,39,2023-08-02 15:57:17,27.31121,91.401515,-42.95,-38.66,-12.88,3.91,1.43,0.7,0.0092,0.47,ALOS-2,Ascending,Active
1512,108,42,2023-01-06 19:12:04,22.138296,97.018494,-12.86,-11.57,-3.86,11.49,1.03,23.15,0.0163,0.406,ALOS-2,Ascending,Active
1513,481,6,2018-01-05 00:18:45,26.624993,97.047078,-14.56,-13.1,-4.37,10.86,4.75,16.29,0.0324,0.677,Sentinel-1,Descending,Very Active
1514,15,17,2021-09-22 05:28:12,23.810648,92.715141,-34.38,-30.94,-10.31,12.95,1.84,2.2,0.0391,0.62,ALOS-2,Ascending,Stable
1515,233,20,2022-06-19 00:10:19,23.025909,93.576658,1.65,1.48,0.49,10.34,1.15,4.88,0.0075,0.58,COSMO-SkyMed,Descending,Stable
1516,369,35,2019-05-05 07:03:02,23.437288,91.532883,-49.35,-44.41,-14.8,3.36,2.07,6.65,0.0037,0.942,COSMO-SkyMed,Ascending,Active
1517,151,43,2023-07-13 17:26:39,30.048814,97.400382,-32.17,-28.95,-9.65,12.3,1.88,24.11,0.0195,0.354,COSMO-SkyMed,Descending,Very Active
1518,83,6,2020-01-03 00:14:23,26.259592,97.227578,-12.29,-11.06,-3.69,6.61,3.88,20.8,0.0084,0.643,ALOS-2,Descending,Slow Moving
1519,318,57,2018-10-02 14:01:38,23.750656,92.850087,-14.0,-12.6,-4.2,13.16,1.77,17.97,0.0275,0.644,COSMO-SkyMed,Descending,Very Active
1520,172,39,2021-07-31 01:02:09,27.647376,91.360728,-23.07,-20.76,-6.92,13.68,2.55,12.14,0.0276,0.637,COSMO-SkyMed,Ascending,Active
1521,475,57,2019-11-05 08:44:53,23.555858,93.277727,-38.11,-34.3,-11.43,3.36,0.63,2.8,0.036,0.714,ALOS-2,Descending,Very Active
1522,254,49,2024-01-01 00:53:22,29.140125,98.785777,9.33,8.4,2.8,4.02,3.75,10.45,0.0101,0.328,ALOS-2,Descending,Very Active
1523,134,20,2023-06-30 21:14:46,23.062825,93.554702,-41.74,-37.57,-12.52,2.73,3.6,11.78,0.0325,0.44,ALOS-2,Ascending,Slow Moving
1524,401,51,2018-08-31 08:03:29,29.841433,90.852735,-24.16,-21.74,-7.25,3.99,4.25,13.61,0.0493,0.547,Sentinel-1,Descending,Very Active
1525,348,34,2023-11-12 21:50:39,26.054011,97.329331,-19.94,-17.95,-5.98,12.64,1.31,20.75,0.0484,0.534,ALOS-2,Ascending,Stable
1526,304,49,2022-12-23 23:23:47,29.488651,98.688502,-32.75,-29.48,-9.82,0.58,0.42,0.17,0.0148,0.705,COSMO-SkyMed,Descending,Stable
1527,340,31,2020-12-05 10:04:41,27.846844,95.307341,-25.39,-22.85,-7.62,4.9,1.9,7.27,0.0118,0.832,ALOS-2,Ascending,Active
1528,465,39,2023-08-17 17:35:15,27.457814,91.391682,-46.32,-41.69,-13.9,7.6,2.81,3.21,0.0329,0.808,Sentinel-1,Descending,Slow Moving
1529,404,11,2023-07-10 00:25:56,22.617274,90.932111,-41.78,-37.6,-12.53,4.1,4.06,23.53,0.0458,0.641,ALOS-2,Descending,Active
1530,129,49,2019-10-30 17:21:49,29.700954,99.026955,-41.22,-37.1,-12.37,13.96,1.28,20.7,0.0226,0.878,Sentinel-1,Ascending,Very Active
1531,24,8,2024-04-07 22:04:25,24.422764,98.934733,-20.22,-18.2,-6.07,14.44,3.46,8.87,0.0397,0.434,ALOS-2,Descending,Stable
1532,146,5,2018-12-24 20:09:29,23.744089,94.898135,-45.74,-41.17,-13.72,14.89,0.94,0.6,0.0495,0.832,COSMO-SkyMed,Ascending,Slow Moving
1533,122,33,2021-04-25 00:51:47,23.835846,99.749724,6.71,6.04,2.01,6.05,2.32,5.72,0.036,0.935,ALOS-2,Descending,Very Active
1534,487,39,2021-10-22 06:25:49,27.713367,91.35041,7.1,6.39,2.13,3.71,1.12,16.4,0.045,0.985,COSMO-SkyMed,Descending,Slow Moving
1535,446,57,2018-11-04 20:07:14,23.606758,93.369172,-20.28,-18.25,-6.08,6.95,2.61,7.17,0.0042,0.903,COSMO-SkyMed,Descending,Active
1536,350,18,2023-06-21 10:31:22,29.0033,98.429622,-17.91,-16.12,-5.37,9.61,4.52,14.27,0.0425,0.756,ALOS-2,Descending,Stable
1537,317,51,2019-06-09 05:28:08,29.651687,90.978841,-21.85,-19.67,-6.56,11.58,0.2,22.17,0.0086,0.982,Sentinel-1,Ascending,Very Active
1538,86,16,2024-02-13 21:46:18,23.521359,90.625388,-46.01,-41.41,-13.8,12.51,3.42,3.39,0.0282,0.537,Sentinel-1,Ascending,Active
1539,211,39,2018-10-08 09:25:58,27.62036,91.174427,5.27,4.74,1.58,11.03,0.87,18.18,0.0171,0.876,ALOS-2,Ascending,Very Active
1540,356,42,2019-11-24 14:21:39,22.081519,97.467133,-22.82,-20.54,-6.85,10.64,3.2,16.79,0.0252,0.974,Sentinel-1,Ascending,Active
1541,79,42,2019-08-31 23:13:46,22.196281,97.397167,-11.5,-10.35,-3.45,1.36,1.32,21.9,0.0245,0.799,COSMO-SkyMed,Ascending,Stable
1542,288,37,2020-02-27 08:11:39,26.9722,94.413095,-49.47,-44.52,-14.84,4.71,1.12,2.32,0.0286,0.921,ALOS-2,Ascending,Slow Moving
1543,148,62,2021-01-10 01:47:55,27.131323,92.523467,-40.36,-36.32,-12.11,1.55,0.88,3.98,0.0077,0.917,COSMO-SkyMed,Ascending,Active
1544,278,33,2018-05-12 09:19:28,23.963182,100.186903,-44.83,-40.35,-13.45,3.39,4.7,4.09,0.0114,0.894,COSMO-SkyMed,Ascending,Very Active
1545,292,43,2021-12-16 11:31:05,30.045393,97.70245,-40.78,-36.7,-12.23,10.22,3.47,14.93,0.0355,0.482,Sentinel-1,Descending,Slow Moving
1546,167,44,2024-04-06 21:08:08,29.389764,98.979635,4.87,4.38,1.46,3.63,0.87,13.23,0.0319,0.461,Sentinel-1,Descending,Very Active
1547,118,39,2023-08-17 17:00:39,27.558497,90.86877,-3.57,-3.21,-1.07,2.08,4.71,4.91,0.0242,0.882,COSMO-SkyMed,Descending,Stable
1548,388,43,2024-06-01 18:01:51,29.974332,97.627192,-45.07,-40.56,-13.52,2.45,0.14,0.67,0.0407,0.819,COSMO-SkyMed,Ascending,Very Active
1549,355,23,2019-09-26 07:36:14,27.88338,91.793116,-1.41,-1.27,-0.42,10.52,1.6,13.88,0.032,0.766,COSMO-SkyMed,Ascending,Very Active
1550,343,43,2021-05-27 07:34:15,29.492655,97.406934,9.97,8.97,2.99,10.7,4.89,14.21,0.0064,0.69,COSMO-SkyMed,Ascending,Very Active
1551,466,40,2020-07-13 03:04:24,27.956032,97.493747,-3.71,-3.34,-1.11,9.51,0.74,18.61,0.0449,0.45,ALOS-2,Ascending,Stable
1552,433,62,2021-01-27 07:24:46,26.770878,92.285103,-6.97,-6.27,-2.09,9.96,1.87,7.64,0.0149,0.87,Sentinel-1,Ascending,Active
1553,500,17,2022-02-27 08:59:05,23.697786,92.66073,4.75,4.28,1.43,12.63,4.23,12.43,0.0496,0.525,ALOS-2,Ascending,Active
1554,413,7,2020-01-27 09:53:35,26.486484,92.401463,-33.27,-29.94,-9.98,14.13,3.03,20.75,0.0136,0.727,COSMO-SkyMed,Ascending,Stable
1555,349,15,2021-06-06 18:58:09,27.08332,98.484211,-45.3,-40.77,-13.59,14.56,3.5,23.86,0.0098,0.312,COSMO-SkyMed,Ascending,Active
1556,443,9,2018-07-14 23:14:17,27.321395,93.2895,-7.49,-6.74,-2.25,13.13,2.22,19.45,0.0135,0.624,ALOS-2,Descending,Stable
1557,216,25,2024-12-04 07:41:42,26.740583,96.694397,4.59,4.13,1.38,11.87,0.31,22.89,0.0342,0.76,Sentinel-1,Descending,Slow Moving
1558,103,56,2019-08-21 01:20:30,29.707635,97.476854,-48.22,-43.4,-14.47,9.46,1.68,24.79,0.0102,0.48,COSMO-SkyMed,Ascending,Stable
1559,213,8,2019-05-24 02:13:03,24.198706,98.66466,-49.12,-44.21,-14.74,14.8,1.52,2.63,0.0331,0.545,ALOS-2,Descending,Slow Moving
1560,483,39,2021-06-10 15:00:53,27.233979,91.281489,-26.42,-23.78,-7.93,6.39,4.33,14.66,0.0204,0.522,ALOS-2,Descending,Active
1561,136,46,2024-02-07 02:44:02,23.397976,97.550215,2.43,2.19,0.73,2.83,3.03,18.58,0.0151,0.983,ALOS-2,Ascending,Very Active
1562,116,34,2018-07-23 01:46:04,26.198397,97.265218,-4.64,-4.18,-1.39,12.13,0.94,3.92,0.0118,0.447,COSMO-SkyMed,Ascending,Stable
1563,233,20,2022-07-26 12:36:36,23.025909,93.576658,-39.39,-35.45,-11.82,13.16,2.67,17.04,0.0194,0.92,Sentinel-1,Descending,Slow Moving
1564,361,43,2021-07-12 22:36:16,30.037962,97.480362,-2.38,-2.14,-0.71,2.94,2.73,23.94,0.0086,0.595,Sentinel-1,Descending,Active
1565,93,29,2022-11-26 05:57:45,25.971908,99.058289,-28.06,-25.25,-8.42,3.42,4.94,11.95,0.0368,0.669,COSMO-SkyMed,Ascending,Slow Moving
1566,280,10,2019-03-06 08:17:28,24.020974,97.73694,-32.7,-29.43,-9.81,3.97,4.59,24.15,0.0481,0.924,Sentinel-1,Descending,Stable
1567,197,62,2022-12-11 00:08:36,27.257606,92.212118,-5.19,-4.67,-1.56,13.64,0.01,9.33,0.0372,0.76,COSMO-SkyMed,Descending,Active
1568,140,5,2023-11-08 18:37:17,23.883246,95.296468,-27.1,-24.39,-8.13,8.28,4.07,14.77,0.0146,0.951,COSMO-SkyMed,Ascending,Very Active
1569,234,19,2020-09-15 00:19:23,24.012607,96.258501,3.8,3.42,1.14,10.42,1.08,15.62,0.0252,0.557,Sentinel-1,Ascending,Slow Moving
1570,376,55,2019-02-22 16:55:07,29.03955,94.528524,-6.16,-5.54,-1.85,12.26,3.24,24.58,0.0086,0.413,COSMO-SkyMed,Descending,Slow Moving
1571,274,38,2018-03-17 16:14:29,29.611745,98.454015,-31.36,-28.22,-9.41,8.62,0.02,2.31,0.028,0.834,COSMO-SkyMed,Ascending,Active
1572,275,43,2023-05-18 02:45:00,29.521837,97.878118,-36.94,-33.25,-11.08,0.03,0.27,24.83,0.0393,0.623,ALOS-2,Descending,Slow Moving
1573,253,56,2019-02-17 13:51:40,29.23862,97.679928,-47.5,-42.75,-14.25,8.1,3.34,7.28,0.0268,0.781,COSMO-SkyMed,Ascending,Active
1574,80,56,2021-10-04 22:45:14,29.383818,97.580514,-31.65,-28.48,-9.49,0.01,1.08,4.87,0.0154,0.807,COSMO-SkyMed,Ascending,Very Active
1575,422,28,2020-08-09 11:49:30,28.959862,93.362589,-47.62,-42.86,-14.29,4.83,1.82,12.99,0.0378,0.877,ALOS-2,Ascending,Active
1576,388,43,2019-07-09 17:25:30,29.974332,97.627192,-31.15,-28.04,-9.34,1.73,2.16,10.74,0.0364,0.377,Sentinel-1,Ascending,Slow Moving
1577,225,42,2021-10-18 03:15:18,22.283042,97.420147,-46.58,-41.92,-13.97,5.4,1.29,22.59,0.0217,0.817,ALOS-2,Descending,Slow Moving
1578,486,25,2019-03-13 23:33:38,26.596999,96.691512,-23.25,-20.93,-6.97,7.68,0.18,13.34,0.0339,0.783,Sentinel-1,Ascending,Very Active
1579,164,2,2023-01-28 23:21:47,24.089221,91.118132,-22.2,-19.98,-6.66,2.9,0.2,21.45,0.034,0.354,Sentinel-1,Descending,Stable
1580,99,18,2024-10-29 12:03:02,28.558138,98.72307,-4.31,-3.88,-1.29,10.16,2.44,24.91,0.0095,0.64,ALOS-2,Ascending,Stable
1581,126,31,2020-08-22 02:44:56,27.86167,95.25569,-39.77,-35.79,-11.93,8.33,2.16,4.04,0.0022,0.856,Sentinel-1,Ascending,Slow Moving
1582,64,11,2022-12-14 01:55:09,22.615301,90.779459,-34.25,-30.82,-10.28,6.2,1.37,10.36,0.0414,0.441,ALOS-2,Descending,Stable
1583,158,29,2023-02-04 09:13:27,26.283972,98.591481,-16.06,-14.45,-4.82,12.88,4.33,23.58,0.0494,0.925,COSMO-SkyMed,Descending,Very Active
1584,306,45,2024-12-27 06:16:10,28.557096,95.160495,-44.47,-40.02,-13.34,6.55,0.43,17.34,0.0108,0.908,Sentinel-1,Ascending,Stable
1585,457,50,2023-04-25 02:22:34,23.784707,92.316679,-28.1,-25.29,-8.43,10.29,4.21,15.03,0.0273,0.762,COSMO-SkyMed,Ascending,Active
1586,89,1,2021-11-22 23:08:55,26.829746,90.275027,0.59,0.53,0.18,11.13,1.84,15.38,0.0209,0.957,Sentinel-1,Descending,Active
1587,78,21,2024-11-11 01:13:46,23.984472,99.453272,-41.12,-37.01,-12.34,2.23,2.41,10.51,0.0289,0.304,COSMO-SkyMed,Ascending,Very Active
1588,259,40,2019-10-01 11:35:51,28.004838,97.823511,-5.87,-5.28,-1.76,2.09,4.2,16.75,0.0488,0.628,ALOS-2,Ascending,Stable
1589,14,37,2019-12-07 07:15:22,26.793015,94.917956,-43.97,-39.57,-13.19,12.06,4.4,19.21,0.0031,0.766,COSMO-SkyMed,Ascending,Very Active
1590,231,52,2021-07-21 23:13:06,28.283343,99.719679,-19.94,-17.95,-5.98,13.0,2.57,21.88,0.0296,0.677,COSMO-SkyMed,Descending,Active
1591,255,6,2018-09-03 12:43:30,26.550061,97.007028,-24.07,-21.66,-7.22,3.36,2.87,4.9,0.0477,0.716,COSMO-SkyMed,Descending,Stable
1592,183,43,2023-02-20 17:37:41,30.016291,97.643172,-3.09,-2.78,-0.93,12.88,4.21,20.76,0.0263,0.611,Sentinel-1,Ascending,Very Active
1593,450,35,2018-08-06 07:35:56,23.339312,91.490571,-25.41,-22.87,-7.62,11.85,1.31,3.57,0.011,0.89,Sentinel-1,Ascending,Slow Moving
1594,230,59,2021-03-24 16:48:19,25.618663,92.521501,-29.61,-26.65,-8.88,9.16,0.28,8.94,0.0207,0.361,ALOS-2,Descending,Active
1595,271,46,2024-05-16 15:53:59,23.325222,97.645191,-33.56,-30.2,-10.07,12.25,1.85,21.77,0.033,0.452,Sentinel-1,Ascending,Stable
1596,206,9,2023-06-01 16:14:32,27.425876,93.253488,-43.24,-38.92,-12.97,0.51,4.18,3.32,0.0217,0.667,Sentinel-1,Ascending,Active
1597,144,5,2021-06-23 03:55:48,23.842084,94.761016,3.81,3.43,1.14,15.0,2.63,18.61,0.0138,0.614,ALOS-2,Ascending,Active
1598,348,34,2019-05-12 12:20:10,26.054011,97.329331,-7.84,-7.06,-2.35,4.11,1.1,18.46,0.0268,0.809,COSMO-SkyMed,Ascending,Slow Moving
1599,157,27,2021-07-13 04:12:36,25.096892,90.693175,3.13,2.82,0.94,9.11,3.37,1.64,0.0022,0.553,ALOS-2,Ascending,Very Active
1600,410,11,2022-08-18 13:06:53,22.458735,91.145159,9.52,8.57,2.86,10.75,1.72,13.46,0.0301,0.444,ALOS-2,Descending,Very Active
1601,25,29,2020-02-27 13:03:00,25.965959,98.854749,-6.81,-6.13,-2.04,4.15,1.99,1.7,0.0205,0.62,ALOS-2,Descending,Stable
1602,259,40,2024-05-02 22:06:03,28.004838,97.823511,-19.58,-17.62,-5.87,2.92,1.1,2.67,0.0442,0.348,Sentinel-1,Descending,Very Active
1603,362,55,2020-06-09 04:11:43,28.925656,94.447512,-12.31,-11.08,-3.69,8.53,2.14,20.56,0.0146,0.977,Sentinel-1,Descending,Slow Moving
1604,431,6,2022-07-02 05:39:03,26.58076,97.18339,2.48,2.23,0.74,13.03,2.28,1.2,0.0235,0.959,ALOS-2,Descending,Active
1605,133,25,2023-06-20 04:18:40,26.178235,96.665749,-27.02,-24.32,-8.11,13.88,4.45,11.21,0.0011,0.972,ALOS-2,Ascending,Slow Moving
1606,488,17,2019-10-02 11:47:36,23.704532,93.17451,-35.53,-31.98,-10.66,13.54,0.24,2.34,0.0046,0.78,COSMO-SkyMed,Descending,Stable
1607,386,9,2024-10-14 16:01:07,27.803067,93.583435,6.8,6.12,2.04,11.95,4.69,18.29,0.0486,0.717,ALOS-2,Descending,Slow Moving
1608,484,10,2023-06-13 20:36:57,23.425008,97.851893,5.21,4.69,1.56,9.66,4.48,17.37,0.0065,0.384,Sentinel-1,Descending,Stable
1609,14,37,2020-02-26 20:32:26,26.793015,94.917956,-34.28,-30.85,-10.28,7.62,0.49,20.6,0.0363,0.393,COSMO-SkyMed,Descending,Stable
1610,49,36,2023-01-15 08:38:36,25.322127,90.351057,-48.66,-43.79,-14.6,3.73,1.31,20.94,0.0074,0.767,COSMO-SkyMed,Descending,Active
1611,158,29,2018-11-17 01:53:58,26.283972,98.591481,-40.78,-36.7,-12.23,14.45,2.34,24.14,0.0402,0.866,Sentinel-1,Descending,Very Active
1612,156,3,2023-03-05 03:39:46,27.602016,98.683288,-7.73,-6.96,-2.32,6.68,3.69,12.6,0.0012,0.379,Sentinel-1,Descending,Stable
1613,45,11,2022-01-10 23:21:49,22.586283,91.16799,-0.21,-0.19,-0.06,7.61,2.07,6.4,0.0044,0.884,Sentinel-1,Ascending,Very Active
1614,308,8,2018-04-07 14:24:21,24.336646,98.974144,-1.16,-1.04,-0.35,0.39,1.27,3.54,0.03,0.764,COSMO-SkyMed,Ascending,Stable
1615,207,34,2021-11-24 04:47:06,26.245708,97.320157,-13.93,-12.54,-4.18,3.09,3.47,23.54,0.0394,0.507,ALOS-2,Ascending,Stable
1616,257,50,2018-09-08 01:05:13,23.809293,92.647218,-34.89,-31.4,-10.47,3.24,2.33,14.53,0.0324,0.839,ALOS-2,Ascending,Active
1617,302,59,2020-08-05 18:49:06,25.339381,92.599878,-35.05,-31.54,-10.51,2.49,2.6,8.17,0.0186,0.555,COSMO-SkyMed,Ascending,Slow Moving
1618,375,28,2021-10-26 04:17:24,29.262893,93.119025,5.73,5.16,1.72,13.85,1.25,1.24,0.0491,0.416,COSMO-SkyMed,Ascending,Very Active
1619,249,34,2023-06-28 13:33:04,25.885467,97.698902,-41.5,-37.35,-12.45,10.51,0.89,10.1,0.0191,0.82,ALOS-2,Ascending,Stable
1620,116,34,2019-07-18 23:04:01,26.198397,97.265218,-31.59,-28.43,-9.48,8.81,0.89,13.32,0.0231,0.467,COSMO-SkyMed,Ascending,Slow Moving
1621,229,62,2022-04-27 23:05:09,26.748917,92.010198,-33.94,-30.55,-10.18,14.39,4.38,11.55,0.0306,0.666,ALOS-2,Descending,Slow Moving
1622,253,56,2022-02-14 05:22:30,29.23862,97.679928,-29.6,-26.64,-8.88,3.47,4.14,9.81,0.0213,0.491,ALOS-2,Ascending,Stable
1623,236,28,2023-07-15 10:45:22,28.919885,93.039243,-48.77,-43.89,-14.63,12.01,0.29,9.24,0.0315,0.364,Sentinel-1,Ascending,Active
1624,384,16,2021-11-11 05:01:32,23.537166,90.452183,-26.51,-23.86,-7.95,11.18,4.81,1.43,0.0259,0.875,COSMO-SkyMed,Descending,Stable
1625,285,41,2018-09-03 09:16:57,22.939285,94.391416,-43.11,-38.8,-12.93,2.68,4.57,4.67,0.0089,0.614,Sentinel-1,Descending,Slow Moving
1626,475,57,2018-08-31 05:41:54,23.555858,93.277727,-38.85,-34.97,-11.65,12.04,1.9,7.64,0.0095,0.793,Sentinel-1,Descending,Slow Moving
1627,468,11,2024-04-23 09:48:54,22.566423,90.693981,-5.6,-5.04,-1.68,9.42,4.95,8.01,0.0052,0.654,COSMO-SkyMed,Descending,Very Active
1628,253,56,2021-10-28 02:47:35,29.23862,97.679928,-1.39,-1.25,-0.42,13.22,3.03,22.26,0.0493,0.32,Sentinel-1,Ascending,Stable
1629,226,5,2021-06-22 16:32:16,24.025452,94.811872,-23.13,-20.82,-6.94,7.27,3.77,3.5,0.0195,0.461,Sentinel-1,Ascending,Slow Moving
1630,418,51,2018-01-11 04:50:20,29.560737,90.98852,-44.46,-40.01,-13.34,2.24,3.51,3.88,0.023,0.794,Sentinel-1,Ascending,Slow Moving
1631,459,55,2019-10-29 16:06:14,28.697562,94.01477,-12.44,-11.2,-3.73,13.37,3.82,8.4,0.0393,0.721,Sentinel-1,Ascending,Slow Moving
1632,303,32,2022-06-02 17:24:47,25.607005,95.667644,-44.95,-40.46,-13.49,7.33,0.21,11.79,0.0262,0.79,COSMO-SkyMed,Ascending,Slow Moving
1633,36,33,2022-02-01 13:45:24,23.734202,100.15709,-14.14,-12.73,-4.24,13.77,4.39,0.78,0.0312,0.781,COSMO-SkyMed,Descending,Active
1634,99,18,2021-09-01 13:41:47,28.558138,98.72307,-26.85,-24.17,-8.05,12.01,1.25,5.19,0.006,0.964,COSMO-SkyMed,Ascending,Slow Moving
1635,299,45,2020-12-24 21:10:43,28.971276,95.15497,-46.27,-41.64,-13.88,3.22,3.5,4.74,0.0001,0.494,ALOS-2,Descending,Slow Moving
1636,408,59,2023-03-28 01:07:13,25.316641,92.346968,-28.94,-26.05,-8.68,6.28,1.94,10.87,0.0449,0.509,ALOS-2,Ascending,Stable
1637,195,6,2024-01-26 08:56:38,26.594219,97.352845,-26.36,-23.72,-7.91,10.98,0.93,8.53,0.0014,0.823,COSMO-SkyMed,Descending,Slow Moving
1638,355,23,2020-04-17 17:08:22,27.88338,91.793116,-42.3,-38.07,-12.69,4.99,3.79,23.49,0.0207,0.466,ALOS-2,Descending,Active
1639,293,43,2024-11-22 21:35:30,29.858368,97.873217,-48.57,-43.71,-14.57,0.41,0.98,7.08,0.0342,0.565,COSMO-SkyMed,Ascending,Slow Moving
1640,483,39,2020-08-14 03:04:06,27.233979,91.281489,-12.92,-11.63,-3.88,14.39,1.02,14.35,0.0004,0.427,ALOS-2,Descending,Active
1641,450,35,2018-06-03 01:35:57,23.339312,91.490571,-15.21,-13.69,-4.56,12.03,3.14,2.42,0.0363,0.409,ALOS-2,Ascending,Very Active
1642,107,47,2020-07-25 13:09:19,29.356888,99.187232,-18.48,-16.63,-5.54,14.71,3.08,24.9,0.0232,0.939,COSMO-SkyMed,Ascending,Very Active
1643,451,41,2024-12-17 02:17:01,23.116111,94.558602,-9.92,-8.93,-2.98,13.9,3.12,24.01,0.0396,0.544,Sentinel-1,Descending,Active
1644,357,2,2023-09-28 13:56:31,23.94092,91.108742,-45.16,-40.64,-13.55,9.66,1.71,0.41,0.0275,0.712,ALOS-2,Descending,Very Active
1645,495,40,2024-10-06 06:10:18,28.102326,97.67112,-9.3,-8.37,-2.79,12.76,0.03,14.67,0.0078,0.827,ALOS-2,Ascending,Active
1646,120,14,2024-07-09 09:06:59,22.774967,93.087496,-28.04,-25.24,-8.41,2.66,1.82,20.13,0.0305,0.818,Sentinel-1,Ascending,Stable
1647,196,48,2018-08-05 06:00:02,27.015245,94.710167,-46.5,-41.85,-13.95,9.11,3.58,7.22,0.0397,0.657,Sentinel-1,Descending,Stable
1648,309,40,2023-10-12 19:32:30,27.978889,97.448653,-22.51,-20.26,-6.75,6.57,3.47,12.84,0.0291,0.765,ALOS-2,Ascending,Stable
1649,264,39,2023-05-17 22:59:04,27.661056,91.296424,-29.88,-26.89,-8.96,5.42,2.35,23.16,0.0355,0.475,COSMO-SkyMed,Ascending,Stable
1650,372,26,2024-04-16 18:25:35,23.909378,90.209233,-44.27,-39.84,-13.28,1.2,2.71,11.58,0.0067,0.449,ALOS-2,Descending,Very Active
1651,432,24,2021-08-03 09:59:48,24.126347,99.086812,-28.95,-26.05,-8.68,2.28,1.56,15.52,0.0298,0.609,COSMO-SkyMed,Ascending,Stable
1652,63,21,2018-02-14 01:42:56,23.978944,99.136669,-21.64,-19.48,-6.49,7.03,0.26,10.53,0.0318,0.404,Sentinel-1,Descending,Stable
1653,450,35,2019-01-14 22:32:33,23.339312,91.490571,-43.74,-39.37,-13.12,3.93,4.12,13.75,0.0435,0.607,ALOS-2,Ascending,Active
1654,275,43,2021-12-14 07:54:35,29.521837,97.878118,-37.97,-34.17,-11.39,0.16,4.11,1.99,0.0457,0.841,COSMO-SkyMed,Descending,Very Active
1655,158,29,2023-05-18 19:48:41,26.283972,98.591481,-23.02,-20.72,-6.91,12.05,2.21,22.9,0.033,0.909,ALOS-2,Ascending,Very Active
1656,148,62,2021-05-30 03:05:52,27.131323,92.523467,-21.77,-19.59,-6.53,4.62,0.75,2.04,0.0012,0.975,COSMO-SkyMed,Ascending,Stable
1657,7,33,2019-03-11 14:17:09,23.913242,99.843232,-17.82,-16.04,-5.35,14.55,0.11,21.27,0.0007,0.685,COSMO-SkyMed,Ascending,Slow Moving
1658,268,58,2021-07-26 11:18:53,27.091528,94.196527,-36.35,-32.72,-10.9,11.82,3.39,7.35,0.0029,0.445,ALOS-2,Ascending,Very Active
1659,60,36,2023-07-08 17:07:38,25.652378,90.474413,-15.94,-14.35,-4.78,4.93,2.6,17.73,0.0451,0.976,ALOS-2,Ascending,Slow Moving
1660,17,21,2019-04-21 02:40:53,24.223339,99.611262,-27.58,-24.82,-8.27,2.6,2.81,16.56,0.0177,0.927,ALOS-2,Descending,Active
1661,169,36,2019-04-21 00:22:16,25.251692,90.375718,9.94,8.95,2.98,5.18,0.54,18.36,0.0344,0.467,Sentinel-1,Ascending,Stable
1662,457,50,2024-12-29 22:37:43,23.784707,92.316679,4.45,4.0,1.33,7.05,1.94,24.76,0.0198,0.925,ALOS-2,Ascending,Active
1663,300,25,2019-12-18 04:18:30,26.631244,96.932145,-40.55,-36.49,-12.16,5.97,5.0,12.79,0.0394,0.882,ALOS-2,Ascending,Active
1664,217,47,2018-12-05 15:22:32,29.774835,99.254048,-5.82,-5.24,-1.75,13.91,2.46,2.87,0.0327,0.44,COSMO-SkyMed,Descending,Active
1665,352,17,2024-10-12 05:23:50,23.729369,93.109703,-8.56,-7.7,-2.57,0.12,1.05,7.53,0.0185,0.836,Sentinel-1,Ascending,Very Active
1666,443,9,2018-09-06 18:58:18,27.321395,93.2895,-45.37,-40.83,-13.61,1.25,4.9,5.07,0.0166,0.934,ALOS-2,Ascending,Stable
1667,361,43,2018-06-20 08:50:39,30.037962,97.480362,-38.43,-34.59,-11.53,10.03,4.71,5.18,0.0027,0.566,ALOS-2,Ascending,Active
1668,268,58,2023-05-12 03:22:19,27.091528,94.196527,-45.49,-40.94,-13.65,3.99,4.37,17.55,0.0001,0.332,ALOS-2,Ascending,Active
1669,278,33,2024-02-22 17:36:57,23.963182,100.186903,5.72,5.15,1.72,2.52,4.35,20.69,0.0249,0.345,ALOS-2,Descending,Stable
1670,331,24,2022-10-07 08:18:11,24.03039,99.164713,7.76,6.98,2.33,0.61,1.47,13.62,0.0462,0.386,Sentinel-1,Ascending,Slow Moving
1671,138,54,2019-08-20 04:00:59,29.581751,91.721919,-35.2,-31.68,-10.56,14.05,0.52,5.72,0.0098,0.919,COSMO-SkyMed,Ascending,Slow Moving
1672,61,28,2024-11-17 03:42:56,28.71357,92.975678,-21.68,-19.51,-6.5,10.16,3.79,13.3,0.0033,0.747,Sentinel-1,Ascending,Very Active
1673,124,27,2022-04-03 05:11:02,24.921331,90.830082,9.86,8.87,2.96,5.53,3.62,14.61,0.0461,0.896,COSMO-SkyMed,Descending,Active
1674,171,46,2021-10-27 18:10:05,23.307203,97.491108,-35.04,-31.54,-10.51,6.75,0.43,4.93,0.0433,0.384,Sentinel-1,Ascending,Stable
1675,268,58,2023-09-06 00:27:10,27.091528,94.196527,-44.47,-40.02,-13.34,9.64,2.84,23.07,0.0141,0.588,COSMO-SkyMed,Descending,Very Active
1676,299,45,2021-12-16 02:02:57,28.971276,95.15497,-25.46,-22.91,-7.64,4.68,4.22,16.33,0.0491,0.909,Sentinel-1,Ascending,Active
1677,363,8,2024-09-01 21:23:14,24.04065,98.540352,-1.41,-1.27,-0.42,4.46,2.71,17.68,0.0364,0.791,ALOS-2,Descending,Slow Moving
1678,435,55,2019-12-29 15:12:24,28.693371,94.513286,-31.7,-28.53,-9.51,4.45,4.52,8.72,0.0459,0.776,ALOS-2,Descending,Stable
1679,171,46,2022-02-10 20:24:33,23.307203,97.491108,-7.22,-6.5,-2.17,2.79,2.94,23.36,0.0327,0.963,Sentinel-1,Ascending,Very Active
1680,476,22,2022-01-31 11:29:08,22.652412,96.58018,-3.85,-3.47,-1.16,9.83,0.5,22.32,0.0115,0.462,COSMO-SkyMed,Descending,Slow Moving
1681,31,57,2021-02-18 13:26:57,23.900617,93.129951,0.7,0.63,0.21,4.46,4.9,12.33,0.0391,0.36,ALOS-2,Descending,Active
1682,156,3,2023-07-03 13:10:35,27.602016,98.683288,-19.17,-17.25,-5.75,7.32,4.27,11.22,0.0315,0.319,ALOS-2,Ascending,Stable
1683,327,20,2024-02-16 20:59:47,23.55346,93.495437,-4.54,-4.09,-1.36,5.42,3.03,12.55,0.0259,0.458,COSMO-SkyMed,Descending,Very Active
1684,24,8,2021-03-24 16:12:05,24.422764,98.934733,-12.21,-10.99,-3.66,2.51,2.18,13.15,0.0257,0.962,Sentinel-1,Ascending,Slow Moving
1685,472,50,2024-06-05 06:08:11,24.172892,92.333487,-27.26,-24.53,-8.18,3.29,0.75,2.46,0.01,0.779,COSMO-SkyMed,Ascending,Slow Moving
1686,149,8,2021-01-27 20:26:47,24.381092,98.526048,-33.43,-30.09,-10.03,5.24,3.78,11.43,0.0233,0.719,COSMO-SkyMed,Ascending,Active
1687,163,6,2018-10-27 00:32:48,26.290437,97.433966,-2.26,-2.03,-0.68,2.35,2.93,24.95,0.0352,0.729,Sentinel-1,Ascending,Active
1688,477,40,2020-07-12 13:52:10,28.245068,97.571309,-31.2,-28.08,-9.36,9.27,2.91,17.68,0.0128,0.318,ALOS-2,Descending,Stable
1689,319,12,2023-01-27 05:05:24,26.865074,97.811504,-36.52,-32.87,-10.96,12.82,3.08,22.1,0.0007,0.44,ALOS-2,Ascending,Active
1690,133,25,2022-08-12 15:08:23,26.178235,96.665749,-25.97,-23.37,-7.79,6.46,4.78,13.22,0.0469,0.577,ALOS-2,Ascending,Stable
1691,115,9,2020-04-27 09:22:04,27.539125,93.695468,0.82,0.74,0.25,6.5,0.01,17.84,0.0129,0.405,ALOS-2,Ascending,Very Active
1692,265,14,2020-06-17 15:00:03,22.511791,92.699139,-2.71,-2.44,-0.81,14.88,4.98,5.16,0.0022,0.619,ALOS-2,Descending,Stable
1693,340,31,2021-03-29 04:02:51,27.846844,95.307341,-25.96,-23.36,-7.79,2.92,4.89,24.92,0.047,0.657,ALOS-2,Descending,Stable
1694,356,42,2024-12-17 19:27:50,22.081519,97.467133,-32.17,-28.95,-9.65,6.89,2.34,14.24,0.0263,0.954,Sentinel-1,Ascending,Slow Moving
1695,368,31,2022-06-04 13:19:13,27.880544,95.274703,-33.11,-29.8,-9.93,13.78,4.35,12.03,0.0092,0.977,ALOS-2,Descending,Active
1696,437,26,2023-11-12 22:44:14,23.733223,90.549059,4.57,4.11,1.37,8.91,2.02,19.94,0.0409,0.301,ALOS-2,Descending,Very Active
1697,95,4,2020-05-11 05:17:15,27.01344,90.096229,-16.76,-15.08,-5.03,13.77,2.01,18.46,0.0222,0.308,Sentinel-1,Descending,Slow Moving
1698,494,56,2022-12-18 02:59:00,29.615062,97.254551,-19.39,-17.45,-5.82,6.18,3.65,17.98,0.0125,0.435,Sentinel-1,Ascending,Active
1699,448,12,2021-02-12 20:59:05,27.061029,98.202602,-42.87,-38.58,-12.86,1.39,2.45,24.66,0.0276,0.336,COSMO-SkyMed,Descending,Very Active
1700,175,3,2021-12-14 11:43:25,27.570483,98.76085,-25.77,-23.19,-7.73,11.42,3.07,18.81,0.0028,0.544,Sentinel-1,Descending,Very Active
1701,53,12,2018-07-15 06:30:48,27.111035,97.946169,-36.52,-32.87,-10.96,2.21,3.97,10.42,0.0474,0.823,COSMO-SkyMed,Descending,Active
1702,165,26,2018-02-10 00:25:38,23.722243,90.254701,-16.12,-14.51,-4.84,4.92,4.45,12.07,0.028,0.828,COSMO-SkyMed,Descending,Very Active
1703,327,20,2023-01-23 05:08:09,23.55346,93.495437,9.04,8.14,2.71,3.52,4.21,5.82,0.0488,0.377,Sentinel-1,Ascending,Active
1704,215,22,2018-09-05 08:21:34,22.777328,96.620786,-41.32,-37.19,-12.4,3.38,3.76,3.43,0.0184,0.576,ALOS-2,Descending,Very Active
1705,181,10,2023-09-06 00:28:49,23.914772,97.44403,-38.84,-34.96,-11.65,8.75,3.01,3.89,0.0284,0.359,Sentinel-1,Ascending,Very Active
1706,153,27,2020-12-23 16:36:15,25.329309,90.810956,6.17,5.55,1.85,4.14,2.89,7.68,0.0297,0.698,COSMO-SkyMed,Ascending,Active
1707,330,35,2022-06-02 12:37:28,23.328938,91.874374,-3.48,-3.13,-1.04,0.81,2.02,18.42,0.0121,0.468,COSMO-SkyMed,Descending,Stable
1708,89,1,2020-06-29 05:26:57,26.829746,90.275027,-12.51,-11.26,-3.75,5.72,1.94,3.37,0.0054,0.876,Sentinel-1,Ascending,Slow Moving
1709,370,41,2020-07-05 21:49:43,23.12008,94.507745,-8.8,-7.92,-2.64,13.09,3.46,13.13,0.0134,0.535,COSMO-SkyMed,Ascending,Slow Moving
1710,80,56,2024-12-11 14:55:44,29.383818,97.580514,-30.95,-27.86,-9.29,13.43,1.76,20.43,0.0236,0.603,ALOS-2,Ascending,Active
1711,283,10,2023-08-27 15:22:28,23.861276,97.925047,-21.14,-19.03,-6.34,2.17,3.59,3.52,0.0155,0.367,ALOS-2,Ascending,Slow Moving
1712,313,39,2018-09-21 06:08:09,27.616028,91.2283,2.17,1.95,0.65,3.48,2.34,3.07,0.0484,0.456,Sentinel-1,Ascending,Active
1713,294,22,2024-04-01 01:42:06,22.426143,96.537481,-39.24,-35.32,-11.77,0.48,0.1,20.6,0.0179,0.498,Sentinel-1,Descending,Stable
1714,332,54,2020-01-07 21:16:58,29.633561,91.437484,-24.24,-21.82,-7.27,7.0,4.13,3.94,0.0201,0.321,Sentinel-1,Ascending,Active
1715,384,16,2019-07-05 04:58:51,23.537166,90.452183,-18.16,-16.34,-5.45,13.77,3.16,1.16,0.0472,0.342,Sentinel-1,Descending,Slow Moving
1716,218,28,2022-06-06 09:01:53,28.719941,93.323434,8.17,7.35,2.45,13.38,1.96,15.67,0.0393,0.925,ALOS-2,Ascending,Very Active
1717,354,36,2024-08-02 03:31:59,25.381311,90.570131,-48.19,-43.37,-14.46,10.18,3.8,23.38,0.0161,0.563,COSMO-SkyMed,Descending,Active
1718,80,56,2018-04-24 20:41:48,29.383818,97.580514,-16.93,-15.24,-5.08,0.08,1.11,4.4,0.039,0.738,COSMO-SkyMed,Descending,Slow Moving
1719,96,6,2021-08-03 20:40:00,26.263517,97.425568,2.77,2.49,0.83,2.12,2.29,13.21,0.0432,0.947,COSMO-SkyMed,Ascending,Active
1720,93,29,2023-04-15 10:27:51,25.971908,99.058289,-41.46,-37.31,-12.44,6.45,2.54,7.85,0.0413,0.959,COSMO-SkyMed,Ascending,Very Active
1721,44,60,2018-09-24 04:27:04,24.815357,95.751324,2.9,2.61,0.87,9.24,0.54,18.26,0.0477,0.631,COSMO-SkyMed,Ascending,Stable
1722,299,45,2021-04-01 06:35:46,28.971276,95.15497,-30.43,-27.39,-9.13,12.61,3.66,18.71,0.0064,0.45,Sentinel-1,Ascending,Stable
1723,146,5,2023-01-19 09:00:18,23.744089,94.898135,-24.98,-22.48,-7.49,12.94,4.44,24.9,0.0054,0.516,ALOS-2,Descending,Slow Moving
1724,77,47,2018-05-27 18:37:07,29.704848,99.015124,8.31,7.48,2.49,10.48,0.49,18.31,0.0496,0.783,COSMO-SkyMed,Ascending,Slow Moving
1725,414,36,2018-12-01 00:01:17,25.544595,90.858509,-9.91,-8.92,-2.97,5.77,4.37,24.09,0.0338,0.428,Sentinel-1,Descending,Slow Moving
1726,180,62,2024-08-06 18:36:53,27.108415,92.327563,-15.11,-13.6,-4.53,12.51,0.68,18.11,0.0255,0.412,Sentinel-1,Ascending,Active
1727,197,62,2018-10-11 12:45:48,27.257606,92.212118,-36.16,-32.54,-10.85,12.59,4.27,7.45,0.0491,0.53,COSMO-SkyMed,Descending,Very Active
1728,492,16,2023-12-20 09:12:27,23.529417,90.85192,-47.95,-43.16,-14.38,8.39,3.2,2.75,0.0478,0.36,Sentinel-1,Ascending,Slow Moving
1729,320,23,2024-10-17 11:48:04,27.83514,91.587757,-3.64,-3.28,-1.09,9.97,0.58,12.45,0.0094,0.744,COSMO-SkyMed,Descending,Active
1730,94,33,2019-12-12 14:36:28,23.86091,99.8315,-32.1,-28.89,-9.63,3.61,4.22,14.5,0.0065,0.963,COSMO-SkyMed,Descending,Slow Moving
1731,344,53,2024-09-22 20:29:13,28.284646,91.301203,9.34,8.41,2.8,9.79,4.6,4.23,0.0258,0.813,COSMO-SkyMed,Ascending,Slow Moving
1732,78,21,2019-03-09 21:49:58,23.984472,99.453272,-30.28,-27.25,-9.08,8.83,0.57,4.23,0.0469,0.486,COSMO-SkyMed,Ascending,Very Active
1733,338,44,2024-07-26 04:13:36,29.414008,98.4627,-22.67,-20.4,-6.8,5.07,1.68,18.99,0.014,0.339,Sentinel-1,Ascending,Slow Moving
1734,220,47,2023-01-06 20:20:25,29.340812,99.150961,6.32,5.69,1.9,3.66,2.36,9.32,0.0095,0.321,ALOS-2,Descending,Very Active
1735,229,62,2019-12-01 23:15:39,26.748917,92.010198,-23.16,-20.84,-6.95,15.0,2.32,10.36,0.0308,0.953,Sentinel-1,Ascending,Very Active
1736,421,51,2022-09-20 09:42:02,29.422772,90.979871,-48.08,-43.27,-14.42,4.64,4.27,13.75,0.0132,0.543,Sentinel-1,Descending,Very Active
1737,395,53,2018-01-01 03:48:35,28.244319,91.096833,-2.3,-2.07,-0.69,11.26,2.21,2.53,0.0038,0.864,COSMO-SkyMed,Ascending,Active
1738,360,52,2019-08-25 19:13:27,28.487946,99.803769,-32.41,-29.17,-9.72,1.65,2.61,15.64,0.0383,0.749,COSMO-SkyMed,Ascending,Very Active
1739,389,28,2022-01-24 19:32:46,28.735163,93.051847,-2.27,-2.04,-0.68,10.96,1.69,5.67,0.0276,0.462,COSMO-SkyMed,Ascending,Slow Moving
1740,193,62,2023-02-07 12:51:06,27.274468,92.477288,-7.13,-6.42,-2.14,0.24,1.95,10.87,0.0061,0.417,COSMO-SkyMed,Descending,Very Active
1741,84,9,2024-04-24 00:48:04,27.753774,93.263759,-25.36,-22.82,-7.61,4.69,3.6,14.27,0.0277,0.498,Sentinel-1,Descending,Slow Moving
1742,105,61,2022-02-24 01:01:38,26.976719,90.006861,-22.9,-20.61,-6.87,0.18,1.61,14.49,0.0383,0.374,COSMO-SkyMed,Ascending,Very Active
1743,396,28,2018-08-23 21:54:18,28.780775,93.388249,7.03,6.33,2.11,13.55,1.61,0.54,0.0202,0.67,Sentinel-1,Ascending,Stable
1744,205,21,2019-05-10 14:30:22,24.227608,99.49276,-7.21,-6.49,-2.16,12.9,2.85,16.31,0.0126,0.4,COSMO-SkyMed,Ascending,Slow Moving
1745,86,16,2020-10-27 21:37:43,23.521359,90.625388,-36.31,-32.68,-10.89,4.23,4.53,5.27,0.0195,0.562,Sentinel-1,Descending,Slow Moving
1746,292,43,2019-06-08 09:40:14,30.045393,97.70245,-3.46,-3.11,-1.04,4.97,3.74,22.95,0.0461,0.901,Sentinel-1,Descending,Stable
1747,71,21,2023-06-03 20:39:40,23.837284,99.530981,-19.15,-17.23,-5.74,4.65,2.27,10.01,0.0085,0.632,Sentinel-1,Descending,Very Active
1748,358,52,2021-06-25 00:03:32,28.628633,99.579776,-47.96,-43.16,-14.39,0.79,0.75,10.63,0.0235,0.868,Sentinel-1,Ascending,Slow Moving
1749,41,34,2019-10-14 07:01:37,25.792681,97.629669,4.04,3.64,1.21,2.81,4.85,24.03,0.0369,0.353,ALOS-2,Descending,Slow Moving
1750,105,61,2020-02-22 23:34:11,26.976719,90.006861,-0.91,-0.82,-0.27,4.56,2.65,21.01,0.0341,0.331,ALOS-2,Ascending,Very Active
1751,400,48,2024-09-06 19:00:52,26.969184,95.065953,-26.16,-23.54,-7.85,11.29,1.46,16.92,0.0456,0.332,COSMO-SkyMed,Descending,Active
1752,498,11,2018-07-21 05:24:20,23.008526,91.087145,-40.68,-36.61,-12.2,9.74,4.83,19.81,0.03,0.567,Sentinel-1,Ascending,Slow Moving
1753,133,25,2019-12-30 10:03:10,26.178235,96.665749,-3.51,-3.16,-1.05,10.48,3.3,14.18,0.0073,0.639,ALOS-2,Descending,Active
1754,459,55,2019-08-30 02:35:16,28.697562,94.01477,-32.37,-29.13,-9.71,14.41,4.49,1.16,0.0348,0.508,ALOS-2,Ascending,Slow Moving
1755,489,48,2021-05-16 01:08:51,27.04961,94.824882,-29.21,-26.29,-8.76,4.5,2.85,6.49,0.037,0.397,Sentinel-1,Ascending,Very Active
1756,197,62,2024-08-06 04:39:51,27.257606,92.212118,-43.99,-39.59,-13.2,1.11,2.33,18.02,0.0013,0.559,ALOS-2,Descending,Slow Moving
1757,243,37,2023-05-31 14:28:30,26.722979,94.56793,-36.96,-33.26,-11.09,5.04,1.02,18.6,0.0163,0.84,COSMO-SkyMed,Ascending,Stable
1758,387,6,2019-12-17 21:33:25,26.701407,96.957964,-14.72,-13.25,-4.42,3.58,3.74,18.64,0.0189,0.967,Sentinel-1,Descending,Stable
1759,425,4,2018-10-20 20:39:28,26.702794,90.262046,-9.02,-8.12,-2.71,11.84,2.2,18.69,0.0374,0.731,Sentinel-1,Descending,Very Active
1760,420,62,2024-12-23 16:55:12,27.073901,92.443969,-19.09,-17.18,-5.73,6.49,2.5,17.29,0.0235,0.621,Sentinel-1,Ascending,Very Active
1761,61,28,2020-01-12 20:13:17,28.71357,92.975678,-38.36,-34.52,-11.51,8.09,3.78,11.71,0.0046,0.712,ALOS-2,Descending,Active
1762,167,44,2019-05-10 09:35:32,29.389764,98.979635,-14.08,-12.67,-4.22,0.77,3.09,3.68,0.0216,0.801,COSMO-SkyMed,Descending,Slow Moving
1763,358,52,2018-06-02 21:39:09,28.628633,99.579776,-19.62,-17.66,-5.89,4.53,2.16,19.75,0.0425,0.962,ALOS-2,Ascending,Slow Moving
1764,58,19,2024-04-06 09:29:54,24.476129,96.108313,-1.09,-0.98,-0.33,13.37,2.16,11.96,0.0314,0.925,Sentinel-1,Descending,Slow Moving
1765,436,18,2020-09-24 01:14:13,28.950604,98.644752,-32.73,-29.46,-9.82,6.76,0.99,6.42,0.0321,0.851,ALOS-2,Ascending,Stable
1766,286,9,2024-12-14 05:50:53,27.453683,93.617215,-2.65,-2.38,-0.79,9.21,3.62,19.94,0.0302,0.594,Sentinel-1,Descending,Slow Moving
1767,146,5,2019-03-10 20:35:26,23.744089,94.898135,-15.33,-13.8,-4.6,13.01,1.0,2.91,0.0383,0.811,COSMO-SkyMed,Ascending,Stable
1768,357,2,2023-09-16 03:18:38,23.94092,91.108742,5.2,4.68,1.56,2.88,1.03,20.24,0.0346,0.619,Sentinel-1,Ascending,Slow Moving
1769,398,46,2024-07-18 16:59:08,23.239685,97.578303,1.07,0.96,0.32,10.32,1.58,21.43,0.0237,0.317,COSMO-SkyMed,Ascending,Very Active
1770,147,29,2019-06-08 14:00:10,26.207854,98.815041,-5.27,-4.74,-1.58,12.12,4.61,22.93,0.0078,0.928,ALOS-2,Ascending,Slow Moving
1771,424,17,2020-07-04 17:49:01,24.088147,93.133601,-14.5,-13.05,-4.35,5.01,1.62,7.51,0.0373,0.306,Sentinel-1,Descending,Active
1772,30,26,2021-02-19 19:41:04,23.673004,90.151362,-35.3,-31.77,-10.59,12.69,0.84,8.97,0.041,0.693,COSMO-SkyMed,Ascending,Stable
1773,123,54,2019-05-31 19:02:00,29.724177,91.76461,-46.91,-42.22,-14.07,2.03,3.17,20.65,0.0433,0.31,ALOS-2,Descending,Slow Moving
1774,211,39,2024-12-27 11:46:25,27.62036,91.174427,-33.28,-29.95,-9.98,2.84,1.46,13.63,0.0155,0.764,COSMO-SkyMed,Descending,Very Active
1775,376,55,2022-11-21 06:54:20,29.03955,94.528524,-21.21,-19.09,-6.36,9.42,1.68,20.15,0.0031,0.564,Sentinel-1,Ascending,Stable
1776,295,50,2018-12-31 17:39:47,23.746632,92.494703,-37.35,-33.62,-11.21,8.76,4.87,5.56,0.031,0.747,COSMO-SkyMed,Ascending,Active
1777,74,43,2018-02-26 11:05:52,29.574415,97.557405,-8.0,-7.2,-2.4,8.64,0.54,19.57,0.0065,0.39,ALOS-2,Descending,Slow Moving
1778,434,13,2018-10-03 21:21:05,26.433089,99.834505,-46.65,-41.98,-13.99,4.06,4.25,8.09,0.0355,0.809,COSMO-SkyMed,Descending,Active
1779,167,44,2024-12-22 02:59:05,29.389764,98.979635,4.83,4.35,1.45,4.31,4.92,13.75,0.0391,0.645,COSMO-SkyMed,Ascending,Slow Moving
1780,439,51,2023-07-01 07:19:00,29.841729,91.02195,-40.94,-36.85,-12.28,2.17,0.59,0.87,0.0168,0.56,COSMO-SkyMed,Ascending,Very Active
1781,191,18,2022-07-18 04:00:21,28.78216,98.766597,-30.24,-27.22,-9.07,5.62,2.12,23.0,0.0385,0.833,Sentinel-1,Ascending,Active
1782,78,21,2022-08-27 02:52:43,23.984472,99.453272,-10.51,-9.46,-3.15,0.47,0.61,7.81,0.0125,0.403,Sentinel-1,Descending,Stable
1783,404,11,2018-01-15 11:18:45,22.617274,90.932111,0.36,0.32,0.11,11.4,2.19,7.79,0.009,0.39,ALOS-2,Ascending,Very Active
1784,394,62,2021-02-20 09:06:57,27.109932,92.281433,-30.26,-27.23,-9.08,11.21,1.35,11.39,0.015,0.568,COSMO-SkyMed,Ascending,Very Active
1785,349,15,2020-02-18 11:59:40,27.08332,98.484211,2.02,1.82,0.61,13.02,2.85,20.78,0.0335,0.478,ALOS-2,Descending,Stable
1786,357,2,2019-07-12 00:17:47,23.94092,91.108742,-21.63,-19.47,-6.49,0.6,2.13,24.43,0.0172,0.351,Sentinel-1,Descending,Slow Moving
1787,23,48,2022-04-28 19:14:12,26.715775,95.007264,2.3,2.07,0.69,3.68,3.31,2.71,0.0116,0.525,COSMO-SkyMed,Ascending,Active
1788,18,60,2024-01-28 14:27:42,24.981979,96.138724,-46.16,-41.54,-13.85,12.33,4.52,24.89,0.0004,0.335,COSMO-SkyMed,Ascending,Stable
1789,340,31,2021-02-12 16:49:45,27.846844,95.307341,-4.27,-3.84,-1.28,1.29,4.42,22.24,0.0019,0.616,COSMO-SkyMed,Ascending,Stable
1790,153,27,2020-10-17 04:42:03,25.329309,90.810956,-39.66,-35.69,-11.9,8.8,1.64,8.04,0.0203,0.325,COSMO-SkyMed,Descending,Very Active
1791,485,57,2019-09-28 03:36:47,23.904683,92.891887,-16.79,-15.11,-5.04,10.51,2.24,11.5,0.0146,0.785,COSMO-SkyMed,Ascending,Very Active
1792,258,27,2022-08-13 19:48:56,25.035207,90.487331,8.91,8.02,2.67,3.16,2.85,12.24,0.0041,0.882,Sentinel-1,Descending,Stable
1793,318,57,2023-03-27 16:43:28,23.750656,92.850087,-16.73,-15.06,-5.02,14.22,2.54,7.07,0.0202,0.366,ALOS-2,Descending,Slow Moving
1794,268,58,2019-02-02 20:26:36,27.091528,94.196527,-45.88,-41.29,-13.76,11.71,3.05,16.59,0.006,0.404,ALOS-2,Descending,Active
1795,317,51,2022-01-14 09:17:33,29.651687,90.978841,-0.32,-0.29,-0.1,2.95,4.92,0.95,0.0118,0.368,ALOS-2,Descending,Stable
1796,70,32,2019-03-23 02:10:23,25.473955,95.69653,-4.8,-4.32,-1.44,13.56,4.83,23.61,0.014,0.679,ALOS-2,Ascending,Very Active
1797,417,57,2021-07-04 16:34:10,23.438549,93.308675,-42.6,-38.34,-12.78,13.88,4.81,10.64,0.0153,0.632,ALOS-2,Ascending,Slow Moving
1798,115,9,2024-11-30 11:45:46,27.539125,93.695468,-20.82,-18.74,-6.25,1.27,0.95,14.45,0.0177,0.813,ALOS-2,Descending,Active
1799,498,11,2022-03-17 06:01:03,23.008526,91.087145,-27.38,-24.64,-8.21,6.65,3.11,0.88,0.0443,0.858,Sentinel-1,Ascending,Slow Moving
1800,269,36,2022-10-14 05:32:40,25.138725,90.660817,-37.9,-34.11,-11.37,1.07,1.79,17.43,0.0249,0.363,ALOS-2,Ascending,Very Active
1801,357,2,2024-01-22 08:48:53,23.94092,91.108742,-33.88,-30.49,-10.16,3.62,1.47,11.75,0.0487,0.796,Sentinel-1,Descending,Active
1802,182,2,2021-02-14 11:28:04,23.972727,91.641004,-40.18,-36.16,-12.05,5.8,2.31,14.22,0.0207,0.399,ALOS-2,Ascending,Very Active
1803,347,36,2018-01-25 01:14:35,25.251654,90.848519,-9.55,-8.6,-2.87,7.89,1.62,9.56,0.0358,0.532,Sentinel-1,Ascending,Slow Moving
1804,450,35,2022-08-05 05:54:42,23.339312,91.490571,6.48,5.83,1.94,10.88,4.29,7.6,0.0293,0.316,ALOS-2,Descending,Very Active
1805,160,34,2021-12-20 21:36:33,26.222293,97.570164,-36.87,-33.18,-11.06,13.22,3.53,13.73,0.0001,0.747,COSMO-SkyMed,Ascending,Stable
1806,348,34,2018-05-03 00:13:44,26.054011,97.329331,-11.89,-10.7,-3.57,3.59,0.93,9.79,0.0464,0.913,ALOS-2,Ascending,Slow Moving
1807,488,17,2019-09-21 11:32:26,23.704532,93.17451,-33.97,-30.57,-10.19,4.48,4.04,8.24,0.0388,0.949,COSMO-SkyMed,Descending,Slow Moving
1808,44,60,2022-10-10 07:31:54,24.815357,95.751324,2.14,1.93,0.64,5.41,3.17,23.17,0.0005,0.306,COSMO-SkyMed,Ascending,Slow Moving
1809,170,32,2018-08-13 15:37:31,25.324508,95.930953,-33.5,-30.15,-10.05,1.39,2.45,17.81,0.0419,0.563,ALOS-2,Ascending,Very Active
1810,450,35,2021-10-31 23:15:20,23.339312,91.490571,0.54,0.49,0.16,8.65,4.65,0.77,0.0243,0.583,Sentinel-1,Descending,Stable
1811,359,40,2022-09-03 09:10:06,28.281765,97.816624,-28.95,-26.05,-8.68,1.79,4.96,13.77,0.0122,0.312,COSMO-SkyMed,Descending,Slow Moving
1812,262,52,2018-08-17 07:38:58,28.615591,99.768697,-23.92,-21.53,-7.18,0.94,2.61,23.82,0.0238,0.364,COSMO-SkyMed,Descending,Slow Moving
1813,68,40,2021-08-12 09:44:23,28.17791,97.874118,-41.56,-37.4,-12.47,13.69,4.31,9.54,0.0416,0.607,ALOS-2,Ascending,Active
1814,265,14,2018-05-09 15:18:01,22.511791,92.699139,-47.74,-42.97,-14.32,0.67,1.08,3.6,0.0311,0.327,COSMO-SkyMed,Ascending,Active
1815,216,25,2022-03-20 21:45:35,26.740583,96.694397,-49.85,-44.87,-14.96,3.75,2.35,0.12,0.0044,0.944,ALOS-2,Ascending,Slow Moving
1816,197,62,2024-11-17 20:59:05,27.257606,92.212118,-41.04,-36.94,-12.31,9.47,1.08,2.22,0.0244,0.5,ALOS-2,Descending,Very Active
1817,109,47,2023-01-18 07:20:05,29.656228,99.463175,-27.0,-24.3,-8.1,6.73,3.69,15.46,0.0118,0.775,ALOS-2,Ascending,Slow Moving
1818,49,36,2019-06-17 13:48:14,25.322127,90.351057,-7.3,-6.57,-2.19,5.55,0.61,10.75,0.0494,0.939,Sentinel-1,Descending,Active
1819,265,14,2024-03-06 07:19:58,22.511791,92.699139,0.87,0.78,0.26,5.82,3.75,7.62,0.0429,0.341,ALOS-2,Descending,Active
1820,157,27,2020-05-14 23:29:45,25.096892,90.693175,-42.72,-38.45,-12.82,7.75,4.13,3.32,0.0491,0.668,Sentinel-1,Descending,Very Active
1821,182,2,2018-07-22 14:10:25,23.972727,91.641004,-27.7,-24.93,-8.31,13.74,2.05,5.74,0.0458,0.382,ALOS-2,Ascending,Active
1822,453,58,2021-09-24 00:17:57,27.170248,94.221631,0.61,0.55,0.18,0.02,4.71,9.23,0.0147,0.665,COSMO-SkyMed,Ascending,Active
1823,145,47,2018-05-19 10:46:44,29.617158,99.322526,-36.37,-32.73,-10.91,10.98,3.7,21.85,0.0389,0.548,COSMO-SkyMed,Ascending,Very Active
1824,213,8,2021-05-20 21:25:42,24.198706,98.66466,8.33,7.5,2.5,9.19,4.66,15.47,0.0173,0.583,COSMO-SkyMed,Ascending,Slow Moving
1825,274,38,2018-06-13 01:41:17,29.611745,98.454015,-13.62,-12.26,-4.09,11.11,4.96,14.57,0.0109,0.394,Sentinel-1,Ascending,Very Active
1826,112,20,2018-06-16 18:18:55,23.283767,93.789626,9.63,8.67,2.89,6.69,2.4,10.38,0.0042,0.681,ALOS-2,Ascending,Active
1827,151,43,2018-12-22 18:16:31,30.048814,97.400382,-6.94,-6.25,-2.08,8.03,1.88,23.36,0.016,0.839,COSMO-SkyMed,Descending,Stable
1828,229,62,2024-01-26 18:37:21,26.748917,92.010198,-37.34,-33.61,-11.2,0.71,1.03,18.07,0.0291,0.454,ALOS-2,Descending,Slow Moving
1829,62,43,2019-12-28 19:58:08,29.791729,97.703065,-33.59,-30.23,-10.08,14.34,3.29,19.56,0.0292,0.862,ALOS-2,Descending,Slow Moving
1830,460,49,2019-11-03 22:55:12,29.547111,98.666982,-2.12,-1.91,-0.64,12.56,3.66,6.51,0.0131,0.576,COSMO-SkyMed,Descending,Stable
1831,376,55,2023-06-12 14:48:52,29.03955,94.528524,5.0,4.5,1.5,14.25,4.39,21.79,0.0446,0.361,COSMO-SkyMed,Ascending,Slow Moving
1832,352,17,2022-01-02 04:23:51,23.729369,93.109703,-2.81,-2.53,-0.84,6.34,4.42,1.61,0.0309,0.631,Sentinel-1,Descending,Slow Moving
1833,483,39,2023-10-07 03:14:30,27.233979,91.281489,-17.93,-16.14,-5.38,8.52,2.16,13.0,0.0469,0.384,COSMO-SkyMed,Descending,Active
1834,374,13,2022-07-01 21:13:21,26.410557,99.532454,-11.85,-10.66,-3.55,4.28,0.13,17.97,0.0169,0.483,ALOS-2,Ascending,Active
1835,40,32,2018-06-10 10:00:58,25.131467,95.866286,8.06,7.25,2.42,7.25,0.48,4.56,0.0114,0.646,COSMO-SkyMed,Ascending,Slow Moving
1836,44,60,2021-09-04 19:56:41,24.815357,95.751324,-19.17,-17.25,-5.75,5.99,4.31,23.63,0.0028,0.965,Sentinel-1,Descending,Slow Moving
1837,289,31,2020-10-16 09:35:48,27.74699,95.611967,-30.45,-27.41,-9.13,0.68,0.95,12.45,0.026,0.404,Sentinel-1,Ascending,Very Active
1838,198,52,2023-11-03 18:06:38,28.515192,99.804261,-35.64,-32.08,-10.69,4.42,1.81,0.85,0.0304,0.461,Sentinel-1,Ascending,Stable
1839,270,9,2024-11-06 22:48:58,27.567541,93.507798,-22.79,-20.51,-6.84,2.15,2.14,7.93,0.0309,0.725,COSMO-SkyMed,Descending,Active
1840,273,23,2021-12-15 05:17:28,27.809745,91.436481,4.37,3.93,1.31,1.28,2.6,18.85,0.0082,0.884,Sentinel-1,Descending,Slow Moving
1841,278,33,2021-02-19 03:53:20,23.963182,100.186903,-30.12,-27.11,-9.04,8.42,4.57,0.87,0.0051,0.75,ALOS-2,Ascending,Slow Moving
1842,49,36,2020-11-14 23:12:58,25.322127,90.351057,-44.98,-40.48,-13.49,13.65,4.83,19.52,0.0198,0.307,Sentinel-1,Ascending,Very Active
1843,350,18,2018-07-13 08:27:08,29.0033,98.429622,-27.84,-25.06,-8.35,5.91,4.4,12.21,0.0236,0.925,ALOS-2,Descending,Slow Moving
1844,291,54,2024-10-30 20:14:32,29.281977,91.409919,-39.88,-35.89,-11.96,0.8,2.95,0.49,0.0225,0.615,Sentinel-1,Ascending,Slow Moving
1845,53,12,2020-10-29 09:55:44,27.111035,97.946169,-18.72,-16.85,-5.62,7.25,0.03,17.9,0.0461,0.735,COSMO-SkyMed,Descending,Slow Moving
1846,459,55,2021-03-07 10:08:49,28.697562,94.01477,-8.73,-7.86,-2.62,1.88,4.49,17.11,0.0412,0.498,COSMO-SkyMed,Descending,Very Active
1847,496,32,2019-02-01 11:16:28,25.571023,96.011676,-33.05,-29.74,-9.91,14.98,1.96,18.01,0.009,0.493,COSMO-SkyMed,Ascending,Very Active
1848,260,51,2019-10-03 18:31:20,29.718081,90.680899,-49.3,-44.37,-14.79,6.65,4.29,19.73,0.0492,0.562,ALOS-2,Ascending,Slow Moving
1849,349,15,2021-01-10 17:03:50,27.08332,98.484211,2.98,2.68,0.89,13.84,2.77,11.21,0.0182,0.658,Sentinel-1,Descending,Very Active
1850,498,11,2018-09-01 13:43:35,23.008526,91.087145,-12.35,-11.12,-3.7,1.11,1.1,10.34,0.0312,0.703,ALOS-2,Ascending,Active
1851,60,36,2022-07-05 17:47:21,25.652378,90.474413,2.6,2.34,0.78,1.02,2.62,20.72,0.0463,0.938,Sentinel-1,Descending,Slow Moving
1852,375,28,2020-12-23 13:56:41,29.262893,93.119025,-5.95,-5.36,-1.78,13.97,0.12,24.32,0.0211,0.628,COSMO-SkyMed,Ascending,Stable
1853,427,53,2021-04-29 14:17:40,28.403369,91.356338,-21.42,-19.28,-6.43,0.62,3.06,16.75,0.0353,0.498,Sentinel-1,Ascending,Stable
1854,315,31,2021-08-19 08:55:58,28.121064,95.109972,-13.94,-12.55,-4.18,10.68,1.39,11.69,0.0429,0.658,ALOS-2,Ascending,Very Active
1855,479,15,2022-07-17 22:16:13,26.846962,98.462449,-45.83,-41.25,-13.75,1.62,2.98,22.61,0.0479,0.436,ALOS-2,Descending,Very Active
1856,447,12,2018-02-05 02:17:05,26.74749,97.815539,-37.82,-34.04,-11.35,14.6,2.97,2.44,0.0326,0.573,Sentinel-1,Descending,Very Active
1857,31,57,2023-10-12 00:39:00,23.900617,93.129951,-26.92,-24.23,-8.08,0.24,4.99,6.45,0.0104,0.328,ALOS-2,Descending,Active
1858,167,44,2018-09-12 17:31:35,29.389764,98.979635,-18.82,-16.94,-5.65,8.0,3.75,17.67,0.0463,0.644,Sentinel-1,Descending,Active
1859,341,45,2021-11-12 02:25:12,28.617857,94.902505,-43.4,-39.06,-13.02,4.61,3.08,1.45,0.0136,0.453,ALOS-2,Ascending,Active
1860,258,27,2021-02-13 02:32:34,25.035207,90.487331,-32.47,-29.22,-9.74,9.1,2.37,0.58,0.0012,0.971,Sentinel-1,Ascending,Active
1861,204,25,2022-05-28 22:25:22,26.327514,96.925127,-5.05,-4.54,-1.51,2.46,2.55,12.99,0.0371,0.817,Sentinel-1,Descending,Active
1862,358,52,2021-05-05 23:41:50,28.628633,99.579776,-15.87,-14.28,-4.76,8.47,0.72,3.92,0.0275,0.828,ALOS-2,Descending,Stable
1863,277,10,2019-03-27 02:33:08,23.741253,97.56889,-12.37,-11.13,-3.71,2.47,2.8,13.47,0.0379,0.958,COSMO-SkyMed,Descending,Very Active
1864,488,17,2022-09-04 07:33:20,23.704532,93.17451,-15.79,-14.21,-4.74,0.24,0.16,18.66,0.026,0.706,ALOS-2,Descending,Slow Moving
1865,140,5,2023-02-02 06:56:30,23.883246,95.296468,-34.08,-30.67,-10.22,5.11,4.4,14.74,0.0212,0.328,COSMO-SkyMed,Descending,Active
1866,50,58,2018-10-03 14:31:54,27.242176,94.18275,-43.45,-39.11,-13.04,7.17,1.11,3.26,0.0282,0.667,Sentinel-1,Descending,Active
1867,38,62,2023-01-26 15:02:19,27.133817,92.283757,2.51,2.26,0.75,12.45,2.94,24.92,0.0259,0.371,ALOS-2,Ascending,Slow Moving
1868,94,33,2018-10-28 23:45:43,23.86091,99.8315,-20.27,-18.24,-6.08,13.82,0.93,2.78,0.0123,0.617,COSMO-SkyMed,Descending,Slow Moving
1869,460,49,2020-08-06 06:26:26,29.547111,98.666982,-2.32,-2.09,-0.7,1.81,4.19,16.95,0.007,0.951,COSMO-SkyMed,Ascending,Stable
1870,188,26,2022-12-16 15:11:37,24.012912,90.389415,6.43,5.79,1.93,2.11,0.83,15.17,0.0361,0.542,COSMO-SkyMed,Ascending,Stable
1871,175,3,2021-07-05 17:08:30,27.570483,98.76085,-46.2,-41.58,-13.86,14.41,1.34,11.31,0.034,0.857,COSMO-SkyMed,Ascending,Active
1872,470,7,2020-10-18 23:32:54,26.235987,92.225192,-23.99,-21.59,-7.2,8.78,1.25,23.49,0.049,0.967,ALOS-2,Ascending,Active
1873,308,8,2019-02-16 15:52:40,24.336646,98.974144,1.18,1.06,0.35,6.88,1.0,0.15,0.0419,0.803,ALOS-2,Descending,Active
1874,46,15,2022-07-22 15:44:17,26.852556,98.778503,-0.04,-0.04,-0.01,3.58,4.07,16.65,0.0377,0.65,ALOS-2,Ascending,Stable
1875,117,50,2018-01-07 04:11:40,24.087047,92.629185,-16.05,-14.45,-4.82,13.96,3.54,11.22,0.0035,0.933,COSMO-SkyMed,Ascending,Stable
1876,115,9,2024-05-13 14:53:38,27.539125,93.695468,-25.03,-22.53,-7.51,2.45,1.16,0.67,0.0163,0.427,COSMO-SkyMed,Descending,Stable
1877,470,7,2021-03-20 07:08:28,26.235987,92.225192,-36.53,-32.88,-10.96,0.68,1.13,3.36,0.0363,0.366,COSMO-SkyMed,Ascending,Slow Moving
1878,239,11,2021-04-04 09:08:58,22.612408,91.140713,-4.11,-3.7,-1.23,3.74,0.75,23.88,0.0378,0.565,ALOS-2,Descending,Slow Moving
1879,65,27,2024-02-23 03:29:21,25.413235,90.65512,-41.84,-37.66,-12.55,10.66,0.12,11.5,0.0208,0.388,Sentinel-1,Ascending,Very Active
1880,336,47,2022-10-02 20:30:12,29.338527,99.080022,1.17,1.05,0.35,10.36,4.05,9.31,0.0239,0.388,COSMO-SkyMed,Ascending,Active
1881,245,60,2023-02-24 19:42:52,24.568978,96.050565,-18.4,-16.56,-5.52,2.73,4.4,12.03,0.0126,0.972,COSMO-SkyMed,Descending,Stable
1882,108,42,2024-03-28 01:38:37,22.138296,97.018494,-35.54,-31.99,-10.66,13.56,3.22,4.24,0.0282,0.684,COSMO-SkyMed,Descending,Slow Moving
1883,471,58,2021-05-09 07:12:45,27.218379,94.346235,-5.88,-5.29,-1.76,7.88,1.75,9.45,0.0472,0.5,COSMO-SkyMed,Descending,Stable
1884,282,32,2019-05-11 09:16:14,25.26955,95.836337,-32.86,-29.57,-9.86,9.45,1.77,3.39,0.0118,0.316,Sentinel-1,Descending,Slow Moving
1885,476,22,2021-06-12 20:10:28,22.652412,96.58018,-27.61,-24.85,-8.28,11.27,0.14,24.5,0.0018,0.569,Sentinel-1,Descending,Stable
1886,407,21,2024-01-07 20:53:48,24.424967,99.165095,-16.74,-15.07,-5.02,6.33,3.88,11.47,0.0246,0.912,ALOS-2,Descending,Stable
1887,244,42,2022-12-15 07:11:13,22.276267,97.111398,-21.74,-19.57,-6.52,10.71,4.18,13.7,0.0077,0.492,ALOS-2,Descending,Very Active
1888,192,15,2018-09-30 06:41:00,27.226034,98.589955,-20.16,-18.14,-6.05,9.2,3.25,1.37,0.0254,0.605,ALOS-2,Descending,Slow Moving
1889,91,53,2023-03-16 14:58:17,27.871598,91.324592,-30.31,-27.28,-9.09,9.75,0.47,24.73,0.0178,0.702,Sentinel-1,Descending,Very Active
1890,41,34,2021-02-03 08:46:36,25.792681,97.629669,-13.98,-12.58,-4.19,10.5,1.59,1.67,0.045,0.573,ALOS-2,Ascending,Very Active
1891,107,47,2019-09-29 05:55:03,29.356888,99.187232,-48.97,-44.07,-14.69,5.62,3.91,4.51,0.0472,0.929,ALOS-2,Ascending,Stable
1892,480,56,2022-08-09 19:39:35,29.173291,97.368179,-3.1,-2.79,-0.93,13.39,3.98,7.59,0.0196,0.624,Sentinel-1,Ascending,Very Active
1893,409,6,2020-09-26 04:28:49,26.51246,97.094196,-5.76,-5.18,-1.73,13.09,4.12,19.77,0.0496,0.806,Sentinel-1,Descending,Active
1894,80,56,2021-12-13 08:31:46,29.383818,97.580514,-33.44,-30.1,-10.03,1.61,0.8,8.18,0.0277,0.354,ALOS-2,Descending,Active
1895,380,28,2021-01-20 16:25:19,28.867144,93.034762,-38.27,-34.44,-11.48,8.12,1.15,19.36,0.0156,0.691,ALOS-2,Ascending,Slow Moving
1896,450,35,2023-02-13 01:10:05,23.339312,91.490571,-38.0,-34.2,-11.4,6.36,0.89,5.23,0.0213,0.381,COSMO-SkyMed,Ascending,Active
1897,45,11,2018-06-14 01:00:20,22.586283,91.16799,-3.17,-2.85,-0.95,11.66,2.29,10.83,0.0336,0.344,Sentinel-1,Ascending,Stable
1898,1,54,2019-01-03 03:26:26,29.299517,91.869569,-26.86,-24.17,-8.06,13.34,2.09,14.39,0.0456,0.985,ALOS-2,Ascending,Very Active
1899,272,61,2021-06-30 01:57:17,26.493733,90.309321,3.81,3.43,1.14,13.14,3.35,18.14,0.0271,0.942,COSMO-SkyMed,Descending,Stable
1900,29,60,2021-09-01 20:41:21,24.863994,95.60243,-7.86,-7.07,-2.36,14.34,2.1,19.88,0.0087,0.583,COSMO-SkyMed,Descending,Active
1901,292,43,2019-01-31 03:03:17,30.045393,97.70245,7.2,6.48,2.16,1.31,0.47,12.1,0.0157,0.417,COSMO-SkyMed,Ascending,Slow Moving
1902,460,49,2021-09-08 07:03:34,29.547111,98.666982,-46.64,-41.98,-13.99,11.96,1.2,15.35,0.0394,0.395,ALOS-2,Ascending,Very Active
1903,212,16,2021-08-25 19:16:49,23.697023,90.941573,5.63,5.07,1.69,2.57,2.59,9.02,0.0246,0.32,Sentinel-1,Descending,Very Active
1904,307,27,2020-07-31 19:50:18,25.243926,90.477042,-5.88,-5.29,-1.76,9.67,0.67,7.36,0.0339,0.744,ALOS-2,Descending,Slow Moving
1905,491,17,2022-05-15 05:16:31,23.787638,93.141683,-37.93,-34.14,-11.38,8.93,2.49,20.72,0.0077,0.667,COSMO-SkyMed,Ascending,Stable
1906,428,54,2023-09-14 20:12:46,29.443587,91.44815,-12.33,-11.1,-3.7,1.93,4.74,21.1,0.0213,0.52,Sentinel-1,Descending,Active
1907,201,13,2021-10-25 17:57:01,26.469822,99.874325,2.21,1.99,0.66,13.12,1.07,8.07,0.0371,0.6,Sentinel-1,Descending,Very Active
1908,163,6,2023-09-06 03:35:54,26.290437,97.433966,-28.76,-25.88,-8.63,7.06,2.44,8.41,0.0159,0.698,Sentinel-1,Descending,Active
1909,279,26,2020-10-15 21:48:18,23.723276,90.250674,-15.63,-14.07,-4.69,12.67,3.36,24.26,0.0038,0.643,Sentinel-1,Ascending,Active
1910,206,9,2018-10-26 00:20:40,27.425876,93.253488,-29.0,-26.1,-8.7,3.57,2.16,23.78,0.0449,0.86,ALOS-2,Ascending,Very Active
1911,203,36,2021-10-28 15:57:58,25.636407,90.489929,-38.24,-34.42,-11.47,11.48,3.29,12.74,0.046,0.858,COSMO-SkyMed,Ascending,Slow Moving
1912,121,57,2024-08-09 16:22:20,23.326569,92.932858,-21.83,-19.65,-6.55,0.83,4.59,10.19,0.0438,0.607,ALOS-2,Descending,Slow Moving
1913,380,28,2018-09-05 05:05:21,28.867144,93.034762,-17.45,-15.71,-5.23,14.09,1.84,5.09,0.023,0.689,ALOS-2,Ascending,Stable
1914,266,47,2019-09-22 22:26:08,29.514215,99.120703,-35.6,-32.04,-10.68,9.11,2.51,2.42,0.0022,0.494,ALOS-2,Descending,Very Active
1915,471,58,2024-10-03 19:48:32,27.218379,94.346235,-42.52,-38.27,-12.76,0.42,4.45,15.8,0.0331,0.461,COSMO-SkyMed,Descending,Stable
1916,236,28,2023-09-07 15:26:58,28.919885,93.039243,-41.31,-37.18,-12.39,6.07,2.78,23.28,0.0441,0.84,ALOS-2,Ascending,Very Active
1917,27,58,2018-11-03 02:18:00,27.168122,94.631269,-26.19,-23.57,-7.86,12.4,4.18,6.05,0.0343,0.735,COSMO-SkyMed,Descending,Active
1918,404,11,2022-10-29 19:07:54,22.617274,90.932111,-47.47,-42.72,-14.24,5.83,1.11,8.88,0.0127,0.519,COSMO-SkyMed,Descending,Slow Moving
1919,63,21,2024-08-03 09:17:36,23.978944,99.136669,-8.34,-7.51,-2.5,4.37,4.2,6.22,0.0041,0.796,ALOS-2,Ascending,Slow Moving
1920,148,62,2022-11-13 10:36:38,27.131323,92.523467,-39.7,-35.73,-11.91,13.57,1.86,16.59,0.0323,0.893,ALOS-2,Descending,Very Active
1921,79,42,2021-04-06 18:05:13,22.196281,97.397167,-32.05,-28.84,-9.61,6.16,3.71,0.55,0.0141,0.648,ALOS-2,Ascending,Stable
1922,294,22,2024-05-24 21:19:37,22.426143,96.537481,-30.89,-27.8,-9.27,12.22,1.42,23.25,0.0478,0.638,ALOS-2,Descending,Very Active
1923,494,56,2018-12-18 04:00:29,29.615062,97.254551,-9.96,-8.96,-2.99,1.32,1.72,15.92,0.0093,0.713,Sentinel-1,Descending,Stable
1924,474,23,2023-06-28 05:19:34,27.637173,91.575284,-1.48,-1.33,-0.44,5.51,4.02,8.71,0.0186,0.643,COSMO-SkyMed,Descending,Very Active
1925,141,24,2019-02-04 14:26:41,24.047224,99.397024,-46.22,-41.6,-13.87,5.13,2.35,19.33,0.0362,0.386,COSMO-SkyMed,Descending,Active
1926,294,22,2019-02-05 04:57:28,22.426143,96.537481,-8.67,-7.8,-2.6,2.39,2.9,0.73,0.0133,0.893,ALOS-2,Ascending,Very Active
1927,105,61,2022-04-29 02:59:17,26.976719,90.006861,-5.12,-4.61,-1.54,11.8,3.77,24.82,0.0402,0.713,ALOS-2,Descending,Stable
1928,483,39,2018-05-28 12:15:16,27.233979,91.281489,-37.3,-33.57,-11.19,10.67,0.33,11.5,0.0498,0.378,ALOS-2,Descending,Active
1929,491,17,2022-11-25 06:21:36,23.787638,93.141683,-25.67,-23.1,-7.7,7.78,4.0,15.38,0.0311,0.676,ALOS-2,Ascending,Very Active
1930,160,34,2024-11-27 20:48:58,26.222293,97.570164,-49.49,-44.54,-14.85,12.97,2.12,12.98,0.0139,0.387,ALOS-2,Ascending,Active
1931,163,6,2024-06-13 23:16:01,26.290437,97.433966,4.72,4.25,1.42,10.56,4.12,4.5,0.0141,0.515,COSMO-SkyMed,Descending,Slow Moving
1932,16,7,2023-11-20 00:16:39,26.257676,92.187842,-33.72,-30.35,-10.12,12.49,2.11,20.89,0.0245,0.85,Sentinel-1,Descending,Slow Moving
1933,226,5,2018-03-01 11:27:21,24.025452,94.811872,-40.67,-36.6,-12.2,5.28,2.07,2.76,0.0414,0.548,Sentinel-1,Descending,Slow Moving
1934,478,14,2022-03-13 12:49:55,22.353144,93.185845,-36.32,-32.69,-10.9,4.88,4.6,17.9,0.0495,0.889,Sentinel-1,Ascending,Active
1935,116,34,2018-02-04 00:04:36,26.198397,97.265218,-5.33,-4.8,-1.6,3.98,2.33,1.11,0.0371,0.732,ALOS-2,Ascending,Active
1936,219,16,2024-10-10 11:01:47,23.538252,90.807167,5.61,5.05,1.68,14.5,3.57,20.1,0.0211,0.752,ALOS-2,Descending,Very Active
1937,312,23,2018-05-19 02:13:35,27.654327,91.410327,-28.97,-26.07,-8.69,3.38,0.51,21.51,0.0302,0.699,COSMO-SkyMed,Ascending,Stable
1938,20,55,2019-01-25 23:32:45,29.217726,94.427594,-6.08,-5.47,-1.82,7.45,0.93,10.55,0.036,0.582,COSMO-SkyMed,Ascending,Slow Moving
1939,259,40,2023-12-21 18:53:18,28.004838,97.823511,-47.74,-42.97,-14.32,11.57,1.65,23.64,0.0175,0.535,ALOS-2,Descending,Active
1940,353,3,2018-05-25 02:49:14,27.4476,99.138016,-8.27,-7.44,-2.48,6.95,3.29,4.25,0.0371,0.873,ALOS-2,Descending,Stable
1941,16,7,2023-10-09 13:18:42,26.257676,92.187842,5.17,4.65,1.55,9.87,0.86,4.87,0.0465,0.47,Sentinel-1,Descending,Stable
1942,274,38,2018-06-25 10:13:39,29.611745,98.454015,-32.29,-29.06,-9.69,9.67,4.49,20.82,0.0084,0.72,ALOS-2,Descending,Very Active
1943,384,16,2023-04-11 15:47:35,23.537166,90.452183,-31.61,-28.45,-9.48,4.75,3.39,16.98,0.0001,0.966,ALOS-2,Descending,Very Active
1944,387,6,2019-11-30 11:40:40,26.701407,96.957964,5.19,4.67,1.56,8.49,4.66,16.54,0.0113,0.892,ALOS-2,Ascending,Stable
1945,95,4,2020-10-19 06:49:27,27.01344,90.096229,-35.32,-31.79,-10.6,3.44,4.75,22.8,0.0212,0.301,COSMO-SkyMed,Ascending,Active
1946,287,12,2024-07-21 07:52:00,27.047009,97.977009,-31.81,-28.63,-9.54,13.01,2.02,16.38,0.0306,0.485,COSMO-SkyMed,Ascending,Active
1947,253,56,2024-11-29 23:17:05,29.23862,97.679928,7.31,6.58,2.19,11.02,2.78,17.93,0.0192,0.311,ALOS-2,Descending,Very Active
1948,178,33,2024-07-10 02:13:09,23.623086,99.765544,-3.37,-3.03,-1.01,12.4,1.85,2.87,0.044,0.695,ALOS-2,Descending,Active
1949,338,44,2018-11-03 15:51:41,29.414008,98.4627,8.63,7.77,2.59,8.82,1.02,23.71,0.0077,0.42,Sentinel-1,Descending,Active
1950,303,32,2019-02-11 07:57:05,25.607005,95.667644,-1.07,-0.96,-0.32,9.4,0.5,8.8,0.0426,0.651,Sentinel-1,Ascending,Slow Moving
1951,452,34,2023-04-14 13:49:59,25.755499,97.685292,-18.81,-16.93,-5.64,2.58,2.51,19.34,0.0188,0.604,COSMO-SkyMed,Descending,Stable
1952,145,47,2018-05-18 09:34:47,29.617158,99.322526,-17.77,-15.99,-5.33,4.36,3.78,7.55,0.0002,0.684,COSMO-SkyMed,Ascending,Stable
1953,83,6,2022-10-09 00:25:58,26.259592,97.227578,-6.35,-5.71,-1.9,0.4,4.24,11.05,0.039,0.859,COSMO-SkyMed,Descending,Very Active
1954,376,55,2019-07-11 14:37:07,29.03955,94.528524,-35.07,-31.56,-10.52,7.72,2.27,23.41,0.0114,0.702,Sentinel-1,Descending,Slow Moving
1955,54,13,2020-07-04 23:18:09,26.588159,99.539156,5.43,4.89,1.63,2.59,4.95,15.66,0.0408,0.895,ALOS-2,Descending,Slow Moving
1956,491,17,2022-11-01 23:45:49,23.787638,93.141683,-27.3,-24.57,-8.19,7.46,3.03,9.87,0.021,0.829,Sentinel-1,Ascending,Slow Moving
1957,74,43,2023-11-25 11:53:36,29.574415,97.557405,-18.21,-16.39,-5.46,6.8,1.98,3.4,0.0147,0.699,COSMO-SkyMed,Descending,Very Active
1958,45,11,2021-01-22 09:02:38,22.586283,91.16799,-27.32,-24.59,-8.2,14.08,4.18,21.77,0.0423,0.841,Sentinel-1,Ascending,Stable
1959,443,9,2020-01-02 18:20:49,27.321395,93.2895,-39.34,-35.41,-11.8,10.06,3.08,2.76,0.0021,0.441,ALOS-2,Descending,Active
1960,194,8,2018-07-22 22:42:12,23.966033,98.773197,-33.63,-30.27,-10.09,7.8,4.51,7.34,0.0419,0.977,Sentinel-1,Descending,Slow Moving
1961,458,31,2022-10-03 01:24:34,27.969395,95.561385,-17.68,-15.91,-5.3,8.4,2.8,5.84,0.0316,0.712,Sentinel-1,Descending,Slow Moving
1962,486,25,2018-08-13 23:58:56,26.596999,96.691512,-10.92,-9.83,-3.28,9.79,0.15,9.18,0.0131,0.754,ALOS-2,Descending,Slow Moving
1963,60,36,2018-08-05 18:11:57,25.652378,90.474413,-3.92,-3.53,-1.18,9.55,0.34,10.33,0.0234,0.82,ALOS-2,Descending,Very Active
1964,473,11,2021-11-03 19:20:22,22.542228,90.916608,-13.29,-11.96,-3.99,1.62,3.04,5.69,0.04,0.346,ALOS-2,Descending,Active
1965,79,42,2018-09-18 11:56:54,22.196281,97.397167,-33.73,-30.36,-10.12,13.36,4.13,15.52,0.0032,0.617,COSMO-SkyMed,Ascending,Very Active
1966,282,32,2024-02-13 06:27:36,25.26955,95.836337,9.71,8.74,2.91,3.41,2.05,19.84,0.0474,0.984,COSMO-SkyMed,Descending,Very Active
1967,331,24,2024-03-02 18:17:50,24.03039,99.164713,2.86,2.57,0.86,8.42,4.43,21.19,0.0121,0.377,Sentinel-1,Descending,Slow Moving
1968,339,14,2022-04-09 21:58:02,22.63243,93.130744,-8.16,-7.34,-2.45,3.88,4.82,4.62,0.011,0.604,COSMO-SkyMed,Ascending,Very Active
1969,262,52,2022-04-10 23:03:52,28.615591,99.768697,-16.48,-14.83,-4.94,4.59,3.12,17.2,0.0348,0.415,Sentinel-1,Ascending,Active
1970,202,36,2023-01-17 10:35:13,25.105926,90.394685,-48.89,-44.0,-14.67,1.54,1.29,10.34,0.0378,0.332,ALOS-2,Descending,Very Active
1971,198,52,2018-01-12 07:51:12,28.515192,99.804261,-39.98,-35.98,-11.99,14.74,4.54,5.21,0.0102,0.873,Sentinel-1,Ascending,Slow Moving
1972,333,36,2023-08-27 11:21:37,25.503448,90.788446,-24.25,-21.82,-7.27,6.06,0.51,16.77,0.0483,0.887,COSMO-SkyMed,Ascending,Stable
1973,432,24,2023-06-29 00:52:56,24.126347,99.086812,8.37,7.53,2.51,6.85,2.44,1.78,0.0243,0.637,Sentinel-1,Descending,Active
1974,395,53,2024-04-28 08:02:05,28.244319,91.096833,-22.76,-20.48,-6.83,2.49,2.84,17.04,0.0253,0.698,Sentinel-1,Descending,Stable
1975,268,58,2022-07-25 15:13:03,27.091528,94.196527,-1.05,-0.95,-0.32,9.92,1.47,14.31,0.0289,0.588,COSMO-SkyMed,Ascending,Stable
1976,490,11,2019-04-24 03:10:18,22.666791,91.089628,6.92,6.23,2.08,1.7,1.74,4.97,0.0399,0.841,COSMO-SkyMed,Descending,Very Active
1977,369,35,2023-03-08 18:56:28,23.437288,91.532883,-38.18,-34.36,-11.45,12.29,0.96,23.16,0.0154,0.741,Sentinel-1,Descending,Active
1978,41,34,2022-03-01 15:38:28,25.792681,97.629669,5.68,5.11,1.7,14.71,0.61,2.05,0.041,0.75,ALOS-2,Ascending,Stable
1979,388,43,2018-10-11 08:12:02,29.974332,97.627192,-47.41,-42.67,-14.22,0.24,2.54,8.25,0.0472,0.545,COSMO-SkyMed,Descending,Active
1980,119,18,2022-10-01 13:51:47,29.057441,98.775711,-26.56,-23.9,-7.97,6.89,4.75,16.28,0.0212,0.644,Sentinel-1,Ascending,Active
1981,203,36,2022-06-05 07:52:06,25.636407,90.489929,7.96,7.16,2.39,2.34,0.25,2.44,0.0143,0.4,Sentinel-1,Descending,Slow Moving
1982,352,17,2018-04-18 08:04:46,23.729369,93.109703,5.52,4.97,1.66,11.99,4.83,6.99,0.0022,0.46,Sentinel-1,Ascending,Very Active
1983,131,9,2023-03-31 18:08:07,27.490702,93.694815,-39.33,-35.4,-11.8,6.71,4.01,17.95,0.0417,0.667,COSMO-SkyMed,Descending,Stable
1984,339,14,2023-07-08 08:44:11,22.63243,93.130744,-26.97,-24.27,-8.09,3.13,3.89,24.78,0.0089,0.33,Sentinel-1,Descending,Slow Moving
1985,17,21,2023-06-10 19:01:17,24.223339,99.611262,-25.75,-23.18,-7.72,10.73,0.59,15.53,0.0265,0.831,ALOS-2,Ascending,Active
1986,368,31,2024-05-18 02:32:01,27.880544,95.274703,1.45,1.3,0.43,3.86,0.95,24.94,0.0265,0.75,COSMO-SkyMed,Descending,Stable
1987,428,54,2021-10-14 12:10:48,29.443587,91.44815,4.79,4.31,1.44,12.97,0.84,21.38,0.0145,0.671,ALOS-2,Descending,Stable
1988,181,10,2022-11-17 09:37:13,23.914772,97.44403,2.48,2.23,0.74,8.94,3.71,15.95,0.0425,0.669,ALOS-2,Descending,Very Active
1989,395,53,2020-11-06 17:19:32,28.244319,91.096833,-3.93,-3.54,-1.18,8.62,1.49,21.19,0.0038,0.684,ALOS-2,Descending,Active
1990,371,53,2019-12-06 11:13:06,28.245789,91.287701,-8.44,-7.6,-2.53,11.6,2.19,7.81,0.0442,0.485,Sentinel-1,Descending,Very Active
1991,147,29,2023-05-11 05:00:04,26.207854,98.815041,6.62,5.96,1.99,9.02,3.73,23.3,0.0498,0.898,Sentinel-1,Descending,Active
1992,178,33,2024-09-27 16:11:52,23.623086,99.765544,-24.15,-21.73,-7.24,9.85,4.31,12.05,0.0076,0.532,ALOS-2,Descending,Slow Moving
1993,357,2,2020-10-13 18:56:44,23.94092,91.108742,-29.23,-26.31,-8.77,14.83,0.2,4.79,0.0066,0.492,ALOS-2,Descending,Stable
1994,483,39,2022-08-21 17:38:30,27.233979,91.281489,0.58,0.52,0.17,7.71,4.11,17.69,0.0449,0.731,ALOS-2,Ascending,Very Active
1995,393,48,2018-07-06 06:16:41,26.647191,94.990145,-12.15,-10.94,-3.65,11.48,0.2,24.13,0.0117,0.816,COSMO-SkyMed,Ascending,Very Active
1996,119,18,2021-09-03 08:22:59,29.057441,98.775711,-11.62,-10.46,-3.49,12.94,1.9,20.84,0.0201,0.393,COSMO-SkyMed,Ascending,Slow Moving
1997,363,8,2022-08-23 18:47:52,24.04065,98.540352,-26.73,-24.06,-8.02,2.22,2.4,16.9,0.0143,0.943,Sentinel-1,Ascending,Slow Moving
1998,253,56,2021-07-24 04:52:49,29.23862,97.679928,-12.49,-11.24,-3.75,8.59,0.66,24.59,0.0261,0.803,COSMO-SkyMed,Descending,Very Active
1999,66,37,2020-02-17 18:18:55,26.930629,94.677688,-30.15,-27.13,-9.04,12.23,3.5,0.56,0.0343,0.728,Sentinel-1,Descending,Very Active
2000,7,33,2021-02-23 15:55:17,23.913242,99.843232,8.03,7.23,2.41,5.41,1.97,3.78,0.025,0.788,Sentinel-1,Ascending,Active
