report_id,state_id,district_id,event_id,report_datetime,reporter_id,reporter_type,lat,lon,observation_type,damage_severity,weather_at_site,rainfall_observed_mm,visibility_m,verification_status,ai_validation_score,photo_path
1,1,8,316,2021-12-20 12:06:05,FIELD_9177,District Admin,24.3322,98.45052,Flooding,Moderate,Heavy Rain,4.6,193.3,Under Review,0.51,photos/FR00001.jpg
2,4,36,889,2024-06-01 14:31:42,FIELD_2029,NDMA Officer,25.46181,90.66548,Damage,Minor,Heavy Rain,200.5,69.4,Under Review,0.99,photos/FR00002.jpg
3,6,54,851,2023-12-06 01:43:42,FIELD_4187,Forest Guard,29.6295,91.84887,Village Isolated,Minor,Heavy Rain,51.1,76.5,Verified,0.49,photos/FR00003.jpg
4,5,43,822,2021-05-08 05:00:11,FIELD_5322,Police,29.93423,97.52999,Village Isolated,None,Heavy Rain,385.0,51.9,Archived,0.63,photos/FR00004.jpg
5,6,48,,2024-04-12 17:54:07,FIELD_4909,GSI Geologist,26.70375,94.96311,Damage,None,Rain,863.5,129.6,Verified,0.25,photos/FR00005.jpg
6,2,16,174,2024-03-02 10:03:26,FIELD_5471,Police,23.59861,90.39894,Damage,None,Rain,878.5,128.3,Rejected,0.33,
7,3,29,358,2018-04-12 02:13:08,FIELD_8897,Citizen,25.86169,99.06694,Landslide Observed,Minor,Cloudy,532.1,39.7,Archived,0.37,photos/FR00007.jpg
8,2,13,,2023-02-10 17:33:03,FIELD_7222,GSI Geologist,26.3541,99.5798,Flooding,Severe,Rain,811.4,5.8,Verified,0.46,
9,6,52,90,2021-04-15 06:23:34,FIELD_4578,District Admin,28.43925,99.91283,Damage,Minor,Clear,314.2,9.2,Verified,0.41,photos/FR00009.jpg
10,7,56,647,2020-06-24 04:43:55,FIELD_7464,Forest Guard,29.48016,97.37629,Village Isolated,None,Rain,691.7,199.6,Under Review,0.86,photos/FR00010.jpg
11,2,16,,2022-02-17 23:51:07,FIELD_4220,Citizen,23.75257,90.47749,Crack Observed,None,Rain,111.5,118.9,Submitted,0.71,photos/FR00011.jpg
12,2,19,72,2019-07-11 06:08:07,FIELD_9015,Forest Guard,23.95582,96.11007,Landslide Observed,None,Clear,682.1,119.3,Submitted,0.39,photos/FR00012.jpg
13,2,17,473,2019-09-21 03:58:33,FIELD_9492,District Admin,23.80867,92.97421,Road Blocked,Severe,Heavy Rain,87.2,50.3,Rejected,0.45,photos/FR00013.jpg
14,2,18,485,2020-11-26 16:08:34,FIELD_1375,GSI Geologist,28.85936,98.49102,Flooding,Moderate,Heavy Rain,31.7,152.1,Submitted,0.73,photos/FR00014.jpg
15,3,31,775,2023-06-01 13:32:43,FIELD_9876,Police,27.94217,95.37833,Landslide Observed,Moderate,Cloudy,239.2,143.8,Submitted,0.86,photos/FR00015.jpg
16,1,9,,2023-06-26 17:26:34,FIELD_9534,GSI Geologist,27.56213,93.32085,Flooding,Severe,Cloudy,909.2,49.7,Under Review,0.94,photos/FR00016.jpg
17,2,22,518,2022-12-04 04:56:13,FIELD_2083,NDMA Officer,22.7383,96.05682,Flooding,None,Rain,119.1,6.0,Under Review,0.27,photos/FR00017.jpg
18,8,62,210,2020-07-25 09:19:13,FIELD_8231,Citizen,27.20561,92.39784,Flooding,Minor,Cloudy,805.5,45.6,Archived,0.84,
19,2,14,887,2023-10-09 16:40:39,FIELD_1118,GSI Geologist,22.52754,92.80265,Village Isolated,Moderate,Heavy Rain,184.7,11.6,Submitted,0.19,photos/FR00019.jpg
20,4,36,519,2021-04-26 13:32:59,FIELD_5199,District Admin,25.22421,90.73323,Flooding,Severe,Heavy Rain,492.4,103.9,Archived,0.5,
21,2,17,911,2022-11-14 19:22:30,FIELD_6168,Police,23.54819,92.93108,Crack Observed,Moderate,Clear,199.9,37.2,Submitted,0.46,photos/FR00021.jpg
22,3,28,,2021-08-08 05:26:22,FIELD_1886,NDMA Officer,29.13885,93.05217,Flooding,Minor,Cloudy,206.7,182.4,Submitted,0.9,photos/FR00022.jpg
23,4,39,412,2023-02-09 08:51:36,FIELD_3705,District Admin,27.37096,90.97687,Village Isolated,None,Rain,264.7,0.6,Verified,0.03,photos/FR00023.jpg
24,4,38,,2018-07-06 18:58:31,FIELD_3949,Police,29.68053,98.79086,No Activity,Moderate,Cloudy,25.8,29.2,Archived,0.36,
25,8,59,23,2023-08-26 21:53:27,FIELD_9711,District Admin,25.48722,92.29939,Flooding,Severe,Heavy Rain,933.3,25.3,Submitted,0.3,photos/FR00025.jpg
26,6,51,581,2020-12-12 19:38:05,FIELD_5871,Citizen,29.41811,91.13712,Village Isolated,None,Cloudy,915.2,71.8,Under Review,0.6,photos/FR00026.jpg
27,4,38,964,2024-02-05 16:17:08,FIELD_6398,Police,29.91768,98.47034,Flooding,Minor,Cloudy,526.3,21.0,Submitted,0.54,photos/FR00027.jpg
28,7,56,784,2020-05-02 19:17:40,FIELD_3154,Citizen,29.44043,97.33555,Village Isolated,Severe,Rain,184.7,72.5,Under Review,0.69,photos/FR00028.jpg
29,6,51,742,2023-01-13 11:58:34,FIELD_1672,District Admin,29.32316,91.09966,Landslide Observed,Severe,Heavy Rain,727.9,170.5,Archived,0.33,
30,6,48,397,2018-02-16 06:29:58,FIELD_5819,Citizen,26.55359,95.06562,Crack Observed,Minor,Clear,884.8,169.1,Submitted,0.51,
31,2,17,,2020-10-29 20:14:17,FIELD_1438,Forest Guard,23.95031,92.61854,Damage,None,Rain,346.7,70.5,Verified,0.37,
32,4,33,,2019-02-21 15:32:35,FIELD_3499,Forest Guard,23.4918,100.12938,No Activity,Minor,Rain,447.0,167.3,Under Review,0.93,
33,4,37,379,2019-01-28 01:29:06,FIELD_4552,Citizen,26.63742,94.80532,No Activity,Moderate,Rain,736.7,162.4,Verified,0.48,photos/FR00033.jpg
34,1,3,,2020-10-25 04:13:21,FIELD_6966,Citizen,27.15087,98.79281,Village Isolated,Minor,Heavy Rain,461.8,53.0,Submitted,0.44,
35,5,44,808,2018-12-31 18:56:14,FIELD_3523,GSI Geologist,29.25406,98.91247,Village Isolated,Moderate,Rain,901.6,186.0,Under Review,0.43,
36,6,47,385,2024-08-07 08:27:05,FIELD_3507,Forest Guard,29.50868,99.39364,Road Blocked,None,Heavy Rain,360.4,161.1,Rejected,0.82,photos/FR00036.jpg
37,5,45,283,2023-06-02 23:53:17,FIELD_1809,NDMA Officer,28.49533,95.32044,Village Isolated,Minor,Rain,336.4,48.1,Rejected,0.35,photos/FR00037.jpg
38,2,22,373,2019-01-18 05:29:05,FIELD_7946,Citizen,22.82538,96.53065,Flooding,Moderate,Cloudy,373.0,194.0,Under Review,0.7,photos/FR00038.jpg
39,3,27,56,2021-01-11 10:20:02,FIELD_1127,GSI Geologist,25.24559,90.83129,Damage,Severe,Clear,502.7,151.8,Submitted,0.29,
40,1,6,338,2024-07-07 18:01:16,FIELD_3599,NDMA Officer,26.5983,97.19569,Flooding,None,Cloudy,223.1,111.2,Submitted,0.78,photos/FR00040.jpg
41,8,62,,2018-04-22 23:50:43,FIELD_9577,Citizen,26.78994,92.39738,Crack Observed,Minor,Clear,979.5,6.7,Rejected,0.79,photos/FR00041.jpg
42,4,39,,2019-06-23 03:35:21,FIELD_1716,District Admin,27.20712,91.35023,No Activity,Minor,Clear,33.0,141.6,Verified,0.71,photos/FR00042.jpg
43,3,28,,2018-01-08 13:51:39,FIELD_4869,Citizen,29.06336,92.95776,Crack Observed,None,Cloudy,943.6,198.9,Submitted,0.56,photos/FR00043.jpg
44,4,34,,2018-11-05 15:18:12,FIELD_7753,Forest Guard,26.21965,97.52768,No Activity,None,Cloudy,747.7,54.6,Verified,0.74,photos/FR00044.jpg
45,2,20,95,2024-07-07 15:29:41,FIELD_7631,Forest Guard,23.11256,93.36451,Village Isolated,None,Rain,148.9,163.2,Rejected,0.27,
46,3,30,199,2024-06-24 06:54:37,FIELD_9108,Citizen,25.8307,92.80779,Damage,None,Heavy Rain,239.6,118.8,Rejected,0.52,photos/FR00046.jpg
47,4,36,845,2022-10-26 23:41:09,FIELD_3765,GSI Geologist,25.59014,90.49888,No Activity,None,Clear,306.0,190.0,Under Review,0.82,
48,6,51,721,2020-10-13 01:36:21,FIELD_6411,Forest Guard,29.47658,90.61161,No Activity,Minor,Cloudy,196.0,55.8,Verified,0.63,photos/FR00048.jpg
49,4,38,868,2021-03-11 04:21:57,FIELD_5395,Citizen,29.80191,98.64701,No Activity,None,Heavy Rain,667.7,161.6,Submitted,0.96,
50,4,35,,2019-03-30 06:39:02,FIELD_4981,Police,23.00616,91.7687,Damage,Moderate,Rain,383.7,98.1,Verified,0.9,
51,2,14,,2018-06-15 09:23:46,FIELD_7337,Police,22.7546,93.09592,Flooding,Severe,Cloudy,514.7,98.4,Rejected,0.71,photos/FR00051.jpg
52,8,62,514,2024-09-11 19:38:43,FIELD_6401,GSI Geologist,26.89556,92.54635,Crack Observed,None,Rain,675.8,89.9,Under Review,0.65,photos/FR00052.jpg
53,6,51,846,2022-10-11 21:36:20,FIELD_1034,NDMA Officer,29.75629,90.85795,Village Isolated,Minor,Clear,849.7,26.4,Under Review,0.64,photos/FR00053.jpg
54,3,28,,2019-10-30 11:17:53,FIELD_7786,District Admin,28.86417,93.20779,Road Blocked,None,Clear,367.6,21.5,Under Review,0.36,photos/FR00054.jpg
55,6,52,,2018-09-30 17:21:39,FIELD_9357,Forest Guard,28.25359,99.6549,No Activity,Minor,Heavy Rain,715.4,173.1,Verified,0.05,
56,5,41,586,2023-08-05 11:05:08,FIELD_1355,GSI Geologist,23.17501,94.25626,No Activity,Minor,Clear,235.4,63.3,Archived,0.32,photos/FR00056.jpg
57,5,41,,2019-08-01 06:37:13,FIELD_9203,Forest Guard,22.70492,94.15908,No Activity,None,Cloudy,186.2,98.0,Archived,0.69,
58,2,18,,2021-06-03 15:04:50,FIELD_1664,Police,28.66517,98.42227,Damage,Severe,Heavy Rain,43.2,72.7,Verified,0.6,photos/FR00058.jpg
59,3,23,859,2020-07-06 23:59:49,FIELD_7658,GSI Geologist,27.92559,91.83408,Crack Observed,Severe,Rain,847.2,94.6,Verified,0.35,photos/FR00059.jpg
60,1,7,822,2022-04-15 06:03:54,FIELD_4174,NDMA Officer,26.23346,92.09432,Village Isolated,Severe,Heavy Rain,479.1,179.4,Rejected,0.12,
61,1,5,,2019-03-11 18:12:36,FIELD_2781,Forest Guard,23.8998,95.29187,Crack Observed,None,Rain,339.2,187.2,Under Review,0.11,photos/FR00061.jpg
62,2,16,159,2023-03-09 22:15:34,FIELD_3068,Forest Guard,23.26454,90.5431,Village Isolated,Moderate,Clear,179.6,85.0,Rejected,0.4,
63,2,15,,2021-01-10 10:34:58,FIELD_6566,Citizen,26.70007,98.56539,Landslide Observed,None,Cloudy,250.5,65.2,Rejected,0.15,photos/FR00063.jpg
64,1,9,691,2022-01-09 18:36:20,FIELD_1941,District Admin,27.43027,93.47993,No Activity,Minor,Clear,7.7,177.9,Rejected,0.9,photos/FR00064.jpg
65,8,59,448,2022-12-05 00:53:47,FIELD_1044,GSI Geologist,25.64182,92.2041,No Activity,Severe,Clear,971.5,16.6,Archived,0.09,
66,7,56,208,2021-02-07 22:32:27,FIELD_4074,Citizen,29.61742,97.8358,Damage,Moderate,Cloudy,16.7,173.0,Rejected,0.53,photos/FR00066.jpg
67,5,45,84,2022-01-09 19:25:38,FIELD_1918,Forest Guard,28.95592,95.02776,Crack Observed,Minor,Cloudy,145.3,21.7,Archived,0.23,
68,1,12,272,2020-11-04 17:18:13,FIELD_6421,Police,26.77716,98.08829,Landslide Observed,Severe,Cloudy,720.7,60.9,Submitted,0.32,
69,4,33,,2019-11-19 17:37:01,FIELD_4118,GSI Geologist,23.64424,99.70534,No Activity,Minor,Cloudy,224.3,83.3,Verified,0.01,photos/FR00069.jpg
70,6,50,310,2018-06-14 11:08:04,FIELD_1047,Citizen,23.7317,92.52903,Damage,Minor,Clear,405.6,198.2,Verified,0.45,photos/FR00070.jpg
71,5,41,99,2024-05-08 21:18:34,FIELD_5416,Forest Guard,23.06417,94.05413,Landslide Observed,Severe,Cloudy,341.0,140.0,Archived,0.17,photos/FR00071.jpg
72,6,54,884,2024-12-21 21:28:30,FIELD_8711,NDMA Officer,29.4021,91.898,No Activity,Minor,Heavy Rain,529.2,90.8,Archived,0.44,
73,4,39,,2023-11-12 23:02:41,FIELD_4915,NDMA Officer,27.7134,90.98755,Damage,Severe,Clear,685.6,144.2,Archived,0.08,
74,6,50,254,2023-01-04 12:26:08,FIELD_4471,Forest Guard,24.04608,92.15288,Village Isolated,None,Clear,519.1,142.7,Rejected,0.72,
75,3,23,821,2021-01-07 18:29:14,FIELD_3445,Police,27.91069,91.89085,Village Isolated,Moderate,Rain,467.1,132.8,Under Review,0.87,
76,2,17,891,2023-07-07 08:48:20,FIELD_6248,Forest Guard,23.53061,92.91669,Road Blocked,Moderate,Heavy Rain,110.7,132.3,Verified,0.41,photos/FR00076.jpg
77,8,60,674,2018-07-21 11:55:49,FIELD_2987,Citizen,24.63451,96.02687,No Activity,Severe,Clear,26.4,121.3,Verified,0.44,
78,5,42,,2024-12-05 19:36:50,FIELD_2101,Police,21.893,97.26396,No Activity,Severe,Clear,872.4,198.9,Under Review,0.69,photos/FR00078.jpg
79,4,34,,2023-09-04 05:30:57,FIELD_9583,Forest Guard,26.20554,97.73916,No Activity,None,Heavy Rain,784.9,16.9,Archived,0.46,photos/FR00079.jpg
80,4,33,,2020-11-09 10:54:25,FIELD_7992,Police,24.02991,99.73851,Flooding,None,Rain,434.0,192.8,Under Review,0.2,
81,4,39,713,2023-01-16 21:31:15,FIELD_3740,District Admin,27.62119,91.25701,Landslide Observed,Minor,Clear,970.9,73.7,Verified,0.86,photos/FR00081.jpg
82,4,37,679,2022-07-07 15:53:43,FIELD_3862,GSI Geologist,26.74284,94.54989,Landslide Observed,Severe,Heavy Rain,356.9,84.9,Rejected,0.88,photos/FR00082.jpg
83,3,27,194,2019-02-11 03:01:04,FIELD_2851,Forest Guard,25.12716,90.43429,Flooding,None,Rain,509.6,188.8,Rejected,0.5,photos/FR00083.jpg
84,3,24,629,2020-10-31 21:10:04,FIELD_6028,District Admin,24.4167,99.3539,Crack Observed,Moderate,Rain,386.6,115.7,Under Review,0.75,
85,1,10,863,2023-12-06 14:11:44,FIELD_7225,GSI Geologist,23.47065,97.45499,No Activity,Severe,Cloudy,381.5,98.2,Archived,0.09,photos/FR00085.jpg
86,4,38,216,2019-10-24 10:02:38,FIELD_2250,District Admin,29.69034,98.71475,Damage,None,Cloudy,39.6,128.3,Archived,0.13,photos/FR00086.jpg
87,6,47,383,2020-10-26 21:09:03,FIELD_3915,Forest Guard,29.46729,99.12195,Flooding,Moderate,Clear,135.8,135.1,Archived,0.96,
88,4,33,,2023-01-10 19:58:22,FIELD_4227,GSI Geologist,23.56638,99.76999,Flooding,Minor,Clear,452.1,114.1,Verified,0.8,
89,2,15,,2020-11-08 19:39:42,FIELD_1132,District Admin,27.03507,98.62351,Crack Observed,Minor,Heavy Rain,373.5,151.6,Submitted,0.32,photos/FR00089.jpg
90,5,45,743,2018-09-03 01:32:24,FIELD_8515,GSI Geologist,28.72291,95.28362,Road Blocked,Severe,Cloudy,669.3,42.3,Rejected,0.21,
91,8,60,71,2018-04-09 08:33:40,FIELD_3305,Forest Guard,24.81866,95.88007,Road Blocked,Severe,Rain,515.6,146.6,Verified,0.38,photos/FR00091.jpg
92,3,24,361,2023-03-16 19:57:30,FIELD_5203,District Admin,24.45469,99.06577,Road Blocked,Severe,Heavy Rain,535.8,178.0,Under Review,0.98,photos/FR00092.jpg
93,4,35,17,2019-12-09 20:10:47,FIELD_5466,GSI Geologist,23.16254,91.75521,Damage,Severe,Clear,785.8,13.5,Rejected,0.15,photos/FR00093.jpg
94,6,48,267,2022-12-22 02:11:09,FIELD_3461,NDMA Officer,26.86494,94.79538,Landslide Observed,Severe,Clear,504.9,175.5,Archived,0.42,photos/FR00094.jpg
95,5,40,220,2023-05-05 01:25:41,FIELD_5020,GSI Geologist,28.28263,97.8436,No Activity,Minor,Cloudy,528.7,159.3,Submitted,0.1,
96,3,32,,2021-05-14 03:41:05,FIELD_1871,Police,25.24069,95.81013,Landslide Observed,None,Rain,841.6,175.8,Verified,0.38,
97,8,61,332,2018-01-11 02:04:33,FIELD_3914,NDMA Officer,26.5778,90.36539,Damage,Moderate,Rain,709.0,158.6,Archived,0.71,
98,5,43,,2018-09-16 23:46:26,FIELD_8287,District Admin,29.64579,97.61371,Flooding,Minor,Cloudy,276.2,76.6,Submitted,0.92,photos/FR00098.jpg
99,8,60,949,2024-02-18 06:26:33,FIELD_1829,Forest Guard,24.56021,95.99421,Landslide Observed,Moderate,Clear,51.5,115.6,Rejected,0.11,
100,1,9,,2024-04-18 18:15:46,FIELD_3905,NDMA Officer,27.66454,93.54538,Road Blocked,Moderate,Rain,633.1,97.5,Under Review,0.07,photos/FR00100.jpg
101,7,58,447,2022-07-01 20:48:44,FIELD_6501,GSI Geologist,27.05086,94.579,Landslide Observed,Moderate,Cloudy,674.1,87.0,Rejected,0.73,
102,4,34,963,2020-10-18 08:34:08,FIELD_8063,Police,26.00647,97.81041,Damage,Minor,Clear,439.2,122.5,Rejected,0.73,photos/FR00102.jpg
103,4,37,,2020-08-02 13:12:21,FIELD_3920,District Admin,26.66462,94.82313,Landslide Observed,Severe,Clear,650.4,32.0,Archived,0.91,
104,1,8,,2019-11-04 07:53:13,FIELD_9408,GSI Geologist,24.09605,98.84365,Flooding,None,Cloudy,580.5,56.9,Verified,0.41,
105,7,58,,2018-12-02 18:28:47,FIELD_8376,GSI Geologist,26.99637,94.50736,Landslide Observed,Moderate,Clear,619.3,101.2,Rejected,0.7,photos/FR00105.jpg
106,4,33,534,2020-07-12 15:55:18,FIELD_9908,NDMA Officer,23.6892,99.89379,Flooding,Moderate,Heavy Rain,186.6,159.9,Submitted,0.25,
107,7,57,973,2021-07-17 12:44:05,FIELD_6114,GSI Geologist,23.6732,92.87827,Flooding,Severe,Rain,191.4,29.9,Submitted,0.56,
108,1,7,,2019-03-03 20:50:18,FIELD_4567,NDMA Officer,26.09648,92.09319,Village Isolated,None,Cloudy,887.2,47.2,Verified,0.54,photos/FR00108.jpg
109,1,1,152,2020-02-22 07:25:08,FIELD_7464,District Admin,27.34424,90.47614,No Activity,None,Clear,629.7,199.8,Verified,0.01,
110,2,16,991,2020-01-22 01:33:33,FIELD_9796,Forest Guard,23.69284,90.54748,No Activity,Severe,Heavy Rain,474.1,5.9,Verified,0.62,photos/FR00110.jpg
111,5,42,957,2022-07-22 00:06:04,FIELD_9085,Police,22.12267,97.27493,Flooding,None,Heavy Rain,910.0,60.5,Archived,0.7,photos/FR00111.jpg
112,3,32,138,2020-11-16 06:11:13,FIELD_3924,GSI Geologist,25.17252,95.80459,Damage,Severe,Clear,241.1,43.7,Submitted,0.88,
113,1,5,,2023-02-02 23:57:32,FIELD_9078,District Admin,23.85303,95.23594,Village Isolated,None,Cloudy,344.7,36.6,Rejected,0.29,
114,6,48,545,2019-07-07 15:49:50,FIELD_8952,Forest Guard,26.84717,94.71052,Damage,Moderate,Rain,699.3,43.9,Submitted,0.8,
115,8,60,196,2023-09-15 12:52:55,FIELD_3726,Forest Guard,24.9494,95.97196,Crack Observed,None,Clear,478.1,196.8,Submitted,0.27,photos/FR00115.jpg
116,2,15,937,2018-09-03 16:07:41,FIELD_9537,Citizen,26.92216,98.70736,Crack Observed,Minor,Cloudy,70.8,16.1,Under Review,0.68,photos/FR00116.jpg
117,5,44,,2024-01-06 21:51:38,FIELD_8660,Police,29.1157,98.55487,Landslide Observed,Minor,Clear,815.1,196.7,Submitted,0.5,
118,6,47,941,2020-05-27 20:39:03,FIELD_7545,District Admin,29.7926,99.10282,Damage,Minor,Heavy Rain,377.9,83.2,Under Review,0.13,
119,4,35,832,2018-08-15 16:14:27,FIELD_5214,Citizen,23.11791,91.64708,Village Isolated,Minor,Rain,748.3,32.6,Rejected,0.58,
120,2,13,845,2020-10-14 05:10:22,FIELD_2102,GSI Geologist,26.10316,99.45194,Village Isolated,Severe,Heavy Rain,208.2,137.8,Submitted,0.92,photos/FR00120.jpg
121,8,59,,2020-11-30 11:57:48,FIELD_2757,Police,25.66989,92.47783,Road Blocked,None,Cloudy,401.9,71.1,Archived,0.01,photos/FR00121.jpg
122,6,47,,2019-03-19 07:19:10,FIELD_3304,District Admin,29.36693,99.06671,Village Isolated,Moderate,Heavy Rain,866.2,97.4,Archived,0.79,photos/FR00122.jpg
123,8,62,727,2023-10-09 19:23:09,FIELD_3826,District Admin,26.86803,92.56291,Flooding,Severe,Cloudy,516.0,88.3,Archived,0.82,photos/FR00123.jpg
124,4,37,362,2021-10-08 17:26:36,FIELD_6245,District Admin,27.03382,94.56482,Damage,Severe,Clear,903.2,88.2,Rejected,0.95,photos/FR00124.jpg
125,6,49,913,2020-08-08 03:05:09,FIELD_4372,District Admin,29.62285,98.5294,Landslide Observed,Severe,Heavy Rain,162.0,48.1,Under Review,0.73,
126,4,38,690,2024-12-04 03:08:51,FIELD_9725,NDMA Officer,29.96691,98.32385,Crack Observed,Severe,Cloudy,705.0,59.6,Rejected,0.72,photos/FR00126.jpg
127,8,59,,2018-08-24 12:15:40,FIELD_5142,NDMA Officer,25.35253,92.27094,Crack Observed,Severe,Heavy Rain,45.5,103.6,Under Review,0.06,photos/FR00127.jpg
128,3,31,657,2024-06-17 15:33:04,FIELD_2052,GSI Geologist,28.13542,95.20474,Crack Observed,None,Clear,209.6,25.7,Submitted,0.28,photos/FR00128.jpg
129,5,43,219,2019-02-07 23:49:35,FIELD_2711,NDMA Officer,29.90964,97.50367,No Activity,Minor,Clear,870.8,161.0,Rejected,0.84,
130,1,1,114,2021-02-12 07:47:17,FIELD_6471,Police,26.93497,90.09075,No Activity,Minor,Cloudy,47.3,94.5,Verified,0.68,
131,2,15,366,2023-11-22 08:43:48,FIELD_8606,District Admin,26.90216,98.83348,Flooding,Severe,Heavy Rain,377.8,156.2,Archived,0.8,photos/FR00131.jpg
132,6,49,597,2021-11-11 09:21:20,FIELD_9046,Forest Guard,29.46539,98.91639,No Activity,None,Rain,864.8,43.5,Under Review,0.46,
133,6,51,,2022-11-18 14:42:04,FIELD_4657,Citizen,29.59783,90.87632,No Activity,Moderate,Clear,277.7,95.3,Submitted,0.27,
134,2,17,758,2024-11-16 21:13:14,FIELD_2384,Police,23.82397,93.15154,Flooding,None,Cloudy,280.5,107.7,Submitted,0.5,photos/FR00134.jpg
135,5,43,320,2023-05-01 02:10:10,FIELD_2752,GSI Geologist,29.91185,97.34363,No Activity,Minor,Rain,619.8,181.4,Submitted,0.77,photos/FR00135.jpg
136,2,21,,2021-01-28 18:05:26,FIELD_5569,GSI Geologist,24.07058,99.15063,Crack Observed,Moderate,Cloudy,583.5,89.6,Archived,0.32,
137,3,27,,2021-11-18 00:16:59,FIELD_1138,District Admin,25.09771,90.61419,Landslide Observed,None,Clear,767.7,39.4,Archived,0.66,
138,5,44,368,2020-11-11 16:54:09,FIELD_4588,Police,29.41046,98.61415,Village Isolated,Minor,Rain,937.0,169.9,Under Review,0.76,photos/FR00138.jpg
139,5,46,424,2022-04-13 19:24:47,FIELD_9611,Citizen,23.19632,97.74423,Damage,Moderate,Cloudy,975.0,159.8,Submitted,0.74,photos/FR00139.jpg
140,1,9,10,2024-06-07 02:39:16,FIELD_6084,Forest Guard,27.84044,93.1155,Damage,Severe,Clear,782.3,59.0,Submitted,0.69,
141,3,32,16,2018-03-13 09:56:12,FIELD_6089,Citizen,25.663,95.70299,No Activity,None,Heavy Rain,81.8,83.7,Rejected,0.15,photos/FR00141.jpg
142,6,50,,2018-07-04 05:17:23,FIELD_5239,Citizen,24.10984,92.68541,Crack Observed,None,Heavy Rain,82.2,161.0,Submitted,0.5,photos/FR00142.jpg
143,1,1,,2018-05-27 01:02:09,FIELD_5673,Police,26.90962,90.22805,Village Isolated,Moderate,Clear,463.6,26.9,Under Review,0.66,photos/FR00143.jpg
144,4,37,896,2023-02-10 08:52:21,FIELD_1980,District Admin,26.75683,94.91579,Flooding,Severe,Rain,798.1,45.5,Submitted,0.8,photos/FR00144.jpg
145,4,39,513,2020-03-22 06:39:06,FIELD_7618,Citizen,27.7024,91.18955,Road Blocked,Minor,Heavy Rain,22.3,171.0,Submitted,0.11,photos/FR00145.jpg
146,2,13,,2020-06-15 01:34:57,FIELD_5015,District Admin,26.29679,99.89188,Road Blocked,Severe,Rain,922.3,137.9,Rejected,0.1,photos/FR00146.jpg
147,1,11,609,2018-06-26 16:29:51,FIELD_1353,District Admin,22.4904,91.15733,Village Isolated,Moderate,Heavy Rain,270.8,145.8,Verified,0.35,
148,5,44,30,2024-08-26 17:27:11,FIELD_6416,District Admin,29.5845,98.88157,No Activity,Moderate,Rain,91.4,129.9,Verified,0.21,
149,2,22,,2018-03-25 22:40:56,FIELD_3252,NDMA Officer,22.65339,96.11793,No Activity,Severe,Heavy Rain,102.5,147.4,Archived,0.2,photos/FR00149.jpg
150,3,24,181,2020-04-02 15:18:23,FIELD_3686,Police,23.90483,99.35884,Damage,None,Heavy Rain,654.0,189.2,Rejected,0.82,photos/FR00150.jpg
151,5,43,,2021-06-25 19:53:01,FIELD_2780,Police,29.94007,97.39155,Village Isolated,Minor,Rain,734.6,82.6,Submitted,0.53,photos/FR00151.jpg
152,2,22,450,2020-09-11 01:07:30,FIELD_9770,District Admin,22.72911,96.64786,No Activity,Moderate,Rain,60.0,21.3,Archived,0.58,photos/FR00152.jpg
153,2,20,188,2020-12-15 03:21:21,FIELD_7069,Citizen,23.48064,93.33284,Road Blocked,Minor,Clear,693.7,189.8,Rejected,0.88,
154,4,34,,2020-09-09 06:01:15,FIELD_1746,Forest Guard,25.66491,97.74132,Flooding,Severe,Heavy Rain,808.3,72.1,Rejected,0.91,
155,2,18,485,2020-06-05 07:35:16,FIELD_5480,Citizen,28.8379,98.65425,No Activity,Minor,Cloudy,33.9,85.4,Submitted,0.05,
156,4,37,524,2022-08-25 09:49:01,FIELD_8117,District Admin,27.02146,94.6146,Flooding,None,Rain,806.2,160.5,Under Review,0.46,
157,7,57,576,2020-06-20 18:52:14,FIELD_7223,NDMA Officer,23.52018,93.20815,Crack Observed,Severe,Cloudy,121.3,177.2,Rejected,0.02,
158,3,24,,2023-02-17 14:50:04,FIELD_8128,NDMA Officer,24.44626,99.39258,Landslide Observed,None,Clear,573.5,198.3,Verified,0.14,photos/FR00158.jpg
159,2,17,451,2019-02-27 18:33:23,FIELD_6907,Police,23.8614,92.83218,Damage,Severe,Heavy Rain,296.6,24.9,Under Review,0.77,
160,3,24,,2023-11-22 15:50:05,FIELD_5868,District Admin,24.35474,99.40361,Flooding,Minor,Rain,937.8,92.0,Archived,0.36,photos/FR00160.jpg
161,2,16,806,2020-04-02 01:39:27,FIELD_7785,Police,23.749,90.75052,Village Isolated,Minor,Rain,604.5,149.7,Rejected,0.71,
162,3,30,897,2019-08-23 18:31:41,FIELD_2789,Forest Guard,25.44038,92.61798,Flooding,Minor,Cloudy,439.4,21.3,Verified,0.13,
163,5,44,,2019-10-11 07:27:17,FIELD_7457,Police,29.0152,98.53317,Road Blocked,None,Heavy Rain,102.4,81.7,Rejected,0.71,photos/FR00163.jpg
164,2,18,285,2023-08-25 07:01:32,FIELD_7006,NDMA Officer,28.97954,98.59846,Landslide Observed,Moderate,Heavy Rain,231.4,15.9,Submitted,0.96,
165,8,61,,2024-02-11 04:09:01,FIELD_3653,NDMA Officer,26.92917,89.85065,No Activity,Minor,Rain,587.7,33.9,Archived,0.98,photos/FR00165.jpg
166,3,29,922,2020-04-27 21:27:30,FIELD_3991,District Admin,25.9459,98.83571,Crack Observed,Moderate,Rain,699.2,43.4,Verified,0.82,photos/FR00166.jpg
167,3,30,,2022-06-04 16:13:07,FIELD_4538,Citizen,25.84332,92.77807,No Activity,Moderate,Clear,824.9,68.9,Submitted,0.01,
168,3,32,170,2023-05-06 05:27:40,FIELD_5118,Police,25.16813,95.65153,Crack Observed,None,Heavy Rain,971.3,185.3,Rejected,0.22,photos/FR00168.jpg
169,3,24,488,2021-01-11 08:28:00,FIELD_3973,NDMA Officer,24.00878,99.53566,Crack Observed,Moderate,Clear,556.1,44.4,Archived,0.99,
170,5,40,,2019-12-09 13:10:32,FIELD_2727,District Admin,27.84676,97.65558,Crack Observed,None,Cloudy,889.1,55.0,Submitted,0.74,photos/FR00170.jpg
171,1,4,786,2023-09-13 03:00:46,FIELD_7113,Citizen,26.51985,90.432,Flooding,Severe,Cloudy,412.0,143.2,Submitted,0.61,photos/FR00171.jpg
172,1,12,,2019-05-02 14:35:23,FIELD_2986,Citizen,26.92293,98.05785,Crack Observed,Minor,Rain,180.0,119.2,Rejected,0.57,photos/FR00172.jpg
173,1,9,,2023-04-13 09:21:26,FIELD_9455,Police,27.33033,93.29921,No Activity,Minor,Clear,460.2,89.1,Archived,0.03,
174,1,1,565,2021-09-10 05:33:54,FIELD_1049,Citizen,27.13086,89.98411,Village Isolated,Severe,Heavy Rain,336.2,33.9,Rejected,0.12,
175,1,2,,2022-03-14 15:20:27,FIELD_6727,Citizen,23.96704,91.42316,Flooding,None,Rain,340.7,108.2,Submitted,0.59,photos/FR00175.jpg
176,1,7,45,2021-09-22 00:07:09,FIELD_3883,District Admin,26.23751,92.40171,No Activity,None,Rain,677.2,25.6,Verified,0.5,photos/FR00176.jpg
177,1,7,128,2018-05-03 06:54:10,FIELD_6053,District Admin,26.23232,92.31828,Flooding,Minor,Rain,913.3,136.4,Rejected,0.91,
178,3,32,268,2023-02-22 23:13:40,FIELD_4296,Citizen,25.52494,96.09274,Village Isolated,Severe,Heavy Rain,784.1,184.3,Under Review,0.45,photos/FR00178.jpg
179,3,29,696,2021-07-27 05:35:33,FIELD_9368,Police,26.02975,99.07301,Damage,Minor,Rain,446.5,124.1,Submitted,0.05,photos/FR00179.jpg
180,8,60,657,2018-10-12 17:46:25,FIELD_9257,Forest Guard,24.49544,95.84037,Crack Observed,Moderate,Heavy Rain,538.0,178.6,Verified,0.45,
181,8,62,,2018-12-07 06:00:19,FIELD_8064,Police,27.09379,92.51669,Village Isolated,Minor,Cloudy,926.3,51.7,Verified,0.99,photos/FR00181.jpg
182,1,1,,2023-05-06 22:55:16,FIELD_4291,Forest Guard,26.81705,89.97367,Village Isolated,Severe,Heavy Rain,373.3,157.3,Verified,0.99,photos/FR00182.jpg
183,7,58,776,2024-08-12 09:41:40,FIELD_4613,Police,26.9291,94.66346,Flooding,Moderate,Heavy Rain,952.8,192.8,Under Review,0.12,
184,7,58,190,2020-02-14 03:19:10,FIELD_1079,NDMA Officer,27.4924,94.17358,Crack Observed,Minor,Heavy Rain,659.7,172.5,Rejected,0.79,
185,2,15,,2021-04-21 14:13:05,FIELD_7236,NDMA Officer,26.83116,98.52135,Landslide Observed,Severe,Rain,916.9,162.2,Verified,0.41,photos/FR00185.jpg
186,5,45,32,2018-08-16 08:18:28,FIELD_5028,Police,28.55471,95.32262,No Activity,Minor,Cloudy,125.0,103.1,Under Review,0.73,photos/FR00186.jpg
187,5,40,617,2024-02-16 08:34:50,FIELD_8228,NDMA Officer,28.30578,97.65229,Flooding,None,Clear,426.2,5.0,Rejected,0.94,
188,2,18,254,2018-06-08 02:00:57,FIELD_5551,Police,29.06563,98.38363,Crack Observed,Severe,Heavy Rain,991.8,178.3,Rejected,0.2,photos/FR00188.jpg
189,1,6,653,2020-01-11 13:31:38,FIELD_9253,Police,26.68556,97.40213,No Activity,None,Cloudy,875.0,181.3,Under Review,0.71,photos/FR00189.jpg
190,6,54,,2022-04-08 09:29:40,FIELD_8161,Forest Guard,29.46982,91.93464,Landslide Observed,Moderate,Rain,760.3,144.9,Rejected,0.07,
191,4,33,240,2024-03-04 23:02:53,FIELD_9243,Citizen,23.83126,99.82582,No Activity,Moderate,Heavy Rain,207.2,51.6,Archived,0.17,photos/FR00191.jpg
192,1,9,,2024-10-24 15:14:18,FIELD_9587,District Admin,27.41638,93.62421,Landslide Observed,Minor,Clear,14.3,139.7,Submitted,0.21,photos/FR00192.jpg
193,5,43,297,2020-03-14 08:11:21,FIELD_6752,Forest Guard,29.90612,97.88845,No Activity,None,Clear,363.4,165.5,Rejected,0.11,photos/FR00193.jpg
194,5,42,400,2022-08-30 18:02:12,FIELD_4779,Citizen,21.73024,97.11029,Landslide Observed,Severe,Heavy Rain,685.6,147.7,Rejected,0.44,photos/FR00194.jpg
195,8,59,684,2021-05-26 04:46:15,FIELD_7102,Forest Guard,25.87957,92.6302,Flooding,None,Heavy Rain,400.9,50.3,Under Review,0.05,
196,1,1,756,2019-03-10 23:10:12,FIELD_8139,GSI Geologist,27.3724,90.46002,Village Isolated,Minor,Cloudy,70.6,72.8,Rejected,0.57,photos/FR00196.jpg
197,3,32,608,2019-03-23 02:56:30,FIELD_8668,GSI Geologist,25.46249,95.82789,Village Isolated,Minor,Cloudy,166.6,86.2,Archived,0.36,
198,7,57,610,2023-10-12 22:36:43,FIELD_4803,Police,23.80532,93.09765,Crack Observed,None,Rain,34.7,76.0,Under Review,0.14,photos/FR00198.jpg
199,8,62,599,2018-09-30 12:53:04,FIELD_5209,District Admin,26.77125,92.08674,Landslide Observed,Moderate,Clear,544.0,38.0,Archived,0.82,
200,6,53,,2024-10-24 12:45:12,FIELD_9328,GSI Geologist,27.87409,91.53697,Flooding,Severe,Heavy Rain,353.6,100.4,Rejected,0.34,photos/FR00200.jpg
201,3,24,,2021-05-05 01:29:24,FIELD_2709,GSI Geologist,24.03333,99.04599,Landslide Observed,Minor,Cloudy,412.1,91.5,Rejected,0.35,photos/FR00201.jpg
202,4,34,,2022-11-12 17:43:42,FIELD_9949,District Admin,25.69181,97.52964,Flooding,None,Clear,656.7,65.6,Under Review,0.96,photos/FR00202.jpg
203,3,28,254,2022-08-13 19:52:08,FIELD_6822,Police,29.10513,92.9688,Flooding,None,Rain,68.3,130.7,Verified,0.33,photos/FR00203.jpg
204,7,58,,2022-12-17 19:07:45,FIELD_2816,Police,26.9726,94.44984,No Activity,Moderate,Rain,860.7,186.9,Rejected,0.63,photos/FR00204.jpg
205,8,61,,2023-10-27 03:01:47,FIELD_9792,GSI Geologist,26.52506,90.25292,Road Blocked,None,Rain,836.5,97.0,Archived,0.46,photos/FR00205.jpg
206,4,37,621,2024-11-29 19:47:43,FIELD_1064,District Admin,26.99897,94.40967,Flooding,None,Clear,606.7,11.6,Archived,0.31,photos/FR00206.jpg
207,5,44,857,2023-08-14 19:38:40,FIELD_8441,District Admin,29.00642,98.72922,Landslide Observed,Moderate,Clear,775.8,160.3,Submitted,0.57,photos/FR00207.jpg
208,7,58,816,2024-12-08 16:47:05,FIELD_5434,Forest Guard,27.12861,94.57676,Flooding,Moderate,Cloudy,35.7,78.1,Under Review,0.41,photos/FR00208.jpg
209,2,16,695,2020-06-13 15:01:22,FIELD_4090,Police,23.44998,90.70875,Road Blocked,None,Cloudy,323.0,134.7,Submitted,0.95,
210,1,4,322,2024-06-09 00:56:58,FIELD_9635,GSI Geologist,26.61192,90.53088,Landslide Observed,Minor,Cloudy,61.3,176.8,Archived,0.3,photos/FR00210.jpg
211,3,23,,2024-05-05 14:11:15,FIELD_4479,Police,27.70101,91.34269,Damage,Moderate,Cloudy,515.5,171.0,Archived,0.61,photos/FR00211.jpg
212,1,9,,2019-09-21 05:59:44,FIELD_2409,NDMA Officer,27.28745,93.65922,Crack Observed,Severe,Heavy Rain,484.2,133.9,Verified,0.24,
213,5,45,,2022-02-28 03:44:09,FIELD_8777,Police,28.99057,95.23049,Flooding,Moderate,Heavy Rain,436.2,68.6,Under Review,0.4,photos/FR00213.jpg
214,3,29,970,2022-09-28 19:58:10,FIELD_2748,GSI Geologist,25.82905,98.73909,No Activity,Severe,Cloudy,909.1,81.3,Submitted,0.34,photos/FR00214.jpg
215,4,38,,2019-02-01 05:50:17,FIELD_5362,District Admin,29.93174,98.75479,No Activity,Severe,Cloudy,961.7,69.1,Submitted,0.21,
216,7,55,,2019-05-05 15:19:17,FIELD_8742,Citizen,28.82924,93.96172,Damage,Minor,Cloudy,891.6,162.5,Under Review,0.19,photos/FR00216.jpg
217,6,54,852,2018-05-15 20:13:32,FIELD_4621,Forest Guard,29.35376,91.87022,Landslide Observed,Severe,Cloudy,986.4,69.3,Verified,0.57,photos/FR00217.jpg
218,2,21,943,2019-07-16 14:25:19,FIELD_2380,Police,23.88832,99.23919,Landslide Observed,None,Cloudy,983.0,6.7,Under Review,0.86,photos/FR00218.jpg
219,2,21,47,2020-02-21 03:53:37,FIELD_4106,Forest Guard,23.83811,99.23216,Village Isolated,Moderate,Heavy Rain,267.0,50.2,Verified,0.75,photos/FR00219.jpg
220,6,51,96,2024-06-19 16:41:54,FIELD_1122,Police,29.42733,90.65029,Landslide Observed,None,Cloudy,165.2,177.8,Under Review,0.4,photos/FR00220.jpg
221,2,21,,2022-04-26 00:51:42,FIELD_8307,Citizen,24.14097,99.57481,Village Isolated,None,Clear,56.4,183.2,Verified,0.54,
222,1,3,,2023-08-30 22:50:39,FIELD_7930,District Admin,27.4664,99.16151,Flooding,Moderate,Rain,514.5,172.1,Under Review,0.93,photos/FR00222.jpg
223,2,19,565,2022-09-14 07:16:49,FIELD_6063,Forest Guard,24.17171,96.34446,Flooding,Severe,Cloudy,289.3,160.7,Verified,0.22,photos/FR00223.jpg
224,6,53,665,2021-07-07 11:39:03,FIELD_9656,GSI Geologist,28.30007,91.44033,Damage,Severe,Rain,296.7,82.2,Verified,0.33,photos/FR00224.jpg
225,3,32,,2024-12-15 06:35:42,FIELD_9432,GSI Geologist,25.71122,95.98908,Landslide Observed,None,Heavy Rain,568.9,77.3,Archived,0.36,photos/FR00225.jpg
226,2,21,13,2024-07-17 14:30:22,FIELD_4746,Police,23.86087,99.62367,Road Blocked,None,Rain,153.4,113.9,Under Review,0.74,photos/FR00226.jpg
227,5,41,,2019-02-02 07:34:31,FIELD_6342,NDMA Officer,22.59762,94.14355,Flooding,Minor,Rain,353.1,183.6,Rejected,0.84,
228,5,42,,2020-04-28 05:32:01,FIELD_2148,GSI Geologist,22.0168,97.16883,Road Blocked,None,Rain,214.0,37.0,Under Review,0.05,
229,6,51,184,2018-02-20 03:33:31,FIELD_4281,GSI Geologist,29.6298,90.64215,Flooding,Moderate,Rain,892.5,134.2,Archived,0.15,photos/FR00229.jpg
230,3,24,,2020-08-07 12:04:51,FIELD_7457,District Admin,24.28938,99.35812,Crack Observed,Minor,Clear,460.9,86.5,Archived,0.81,
231,1,4,480,2023-08-01 23:06:52,FIELD_5817,Forest Guard,26.747,90.14525,No Activity,None,Clear,50.3,195.4,Archived,0.16,
232,3,28,387,2019-11-21 16:06:17,FIELD_8068,Police,29.07544,93.2595,Damage,Severe,Rain,210.4,81.7,Verified,0.88,photos/FR00232.jpg
233,7,58,543,2020-11-04 07:35:59,FIELD_7998,District Admin,27.09519,94.42857,Crack Observed,None,Cloudy,377.0,113.1,Verified,0.21,photos/FR00233.jpg
234,1,10,753,2023-05-18 13:52:37,FIELD_5983,Police,23.91127,97.6276,Damage,None,Cloudy,473.6,11.0,Rejected,0.47,
235,5,44,260,2021-08-30 06:42:41,FIELD_7818,Forest Guard,29.38382,98.93034,Landslide Observed,Severe,Rain,100.1,191.3,Archived,0.73,
236,4,35,,2019-06-09 11:06:55,FIELD_9227,Citizen,23.14976,91.60772,No Activity,None,Cloudy,271.8,50.1,Rejected,0.89,photos/FR00236.jpg
237,5,44,778,2021-01-24 04:26:29,FIELD_2366,Citizen,29.39101,98.95065,No Activity,Minor,Heavy Rain,800.0,45.9,Rejected,0.27,photos/FR00237.jpg
238,4,35,,2022-08-19 14:07:42,FIELD_5056,Citizen,23.31616,91.8211,Landslide Observed,Severe,Heavy Rain,579.3,38.1,Under Review,0.42,
239,1,9,809,2022-03-15 06:59:36,FIELD_5058,Police,27.83616,93.39888,Crack Observed,Severe,Clear,775.9,175.3,Verified,0.93,
240,3,25,,2018-04-07 13:26:51,FIELD_1096,Police,26.4563,96.76634,Road Blocked,Moderate,Clear,363.8,43.2,Verified,0.24,photos/FR00240.jpg
241,5,41,223,2018-01-16 03:11:06,FIELD_3907,NDMA Officer,22.99973,94.22235,Road Blocked,None,Clear,183.6,24.4,Archived,0.92,photos/FR00241.jpg
242,1,3,188,2020-01-31 19:56:26,FIELD_2600,Police,27.48706,98.98444,Damage,None,Heavy Rain,635.6,79.8,Archived,0.7,
243,5,45,,2024-05-24 19:29:27,FIELD_2297,Forest Guard,28.49652,95.1257,No Activity,Minor,Cloudy,820.8,34.8,Rejected,0.85,photos/FR00243.jpg
244,2,17,803,2022-02-03 06:56:27,FIELD_2863,GSI Geologist,24.04152,93.1397,Landslide Observed,Minor,Rain,718.8,60.9,Archived,0.12,photos/FR00244.jpg
245,5,41,,2018-02-03 12:55:11,FIELD_3185,Forest Guard,23.02172,94.37917,Road Blocked,Moderate,Clear,843.8,10.6,Archived,0.24,photos/FR00245.jpg
246,6,47,882,2019-09-20 22:04:34,FIELD_5637,Police,29.84974,99.48416,Flooding,Severe,Cloudy,837.4,33.5,Under Review,0.67,
247,3,24,892,2023-12-09 06:44:55,FIELD_2246,Citizen,24.28571,99.06067,Road Blocked,Moderate,Rain,186.9,90.2,Verified,0.36,photos/FR00247.jpg
248,1,3,91,2021-12-22 22:05:14,FIELD_6674,Police,27.24575,98.68104,Village Isolated,Moderate,Cloudy,167.5,77.3,Submitted,0.1,photos/FR00248.jpg
249,3,26,114,2021-12-25 21:34:51,FIELD_9798,Forest Guard,23.60016,90.2808,Flooding,Moderate,Clear,179.5,19.2,Verified,0.51,photos/FR00249.jpg
250,6,49,,2019-06-15 03:15:02,FIELD_3803,NDMA Officer,29.39825,98.95503,Crack Observed,Minor,Clear,483.3,161.4,Rejected,0.21,photos/FR00250.jpg
251,2,19,13,2023-03-06 00:41:55,FIELD_9550,GSI Geologist,24.14041,96.17523,Damage,Severe,Clear,664.7,5.5,Rejected,0.8,
252,2,17,168,2022-03-01 11:26:10,FIELD_8316,NDMA Officer,23.85185,92.84162,Road Blocked,None,Rain,436.2,122.0,Submitted,0.73,photos/FR00252.jpg
253,6,47,,2020-04-26 22:39:16,FIELD_5818,NDMA Officer,29.34222,99.194,Village Isolated,Moderate,Rain,327.7,179.2,Submitted,0.5,
254,1,11,610,2024-03-02 18:12:14,FIELD_3253,Citizen,23.03114,90.81262,Road Blocked,Severe,Clear,846.8,109.4,Verified,0.13,
255,1,6,65,2021-08-20 04:40:27,FIELD_4202,Forest Guard,26.68585,97.01357,Crack Observed,Severe,Clear,885.8,119.3,Rejected,0.03,
256,3,26,68,2020-04-28 16:40:00,FIELD_8776,NDMA Officer,23.93704,90.40382,Flooding,Severe,Heavy Rain,49.0,78.6,Archived,0.35,photos/FR00256.jpg
257,3,29,935,2019-08-30 14:20:40,FIELD_2467,District Admin,26.00003,98.79012,Damage,Minor,Clear,447.8,132.0,Submitted,0.31,
258,5,44,,2022-06-08 08:39:06,FIELD_2973,Citizen,29.14887,98.9948,Landslide Observed,Severe,Clear,996.8,189.8,Rejected,0.82,
259,3,27,712,2018-08-10 07:02:45,FIELD_6543,District Admin,25.15057,90.62529,Village Isolated,None,Clear,96.4,7.8,Verified,0.79,photos/FR00259.jpg
260,2,20,955,2021-12-20 23:45:57,FIELD_1657,District Admin,23.5409,93.7747,Road Blocked,Moderate,Clear,251.6,197.0,Verified,0.31,photos/FR00260.jpg
261,1,11,673,2024-03-13 11:00:34,FIELD_3437,NDMA Officer,22.52359,91.18442,Crack Observed,Minor,Cloudy,532.1,104.8,Archived,0.47,
262,5,46,179,2023-04-09 09:44:55,FIELD_4115,District Admin,23.50978,97.89949,Flooding,Minor,Heavy Rain,891.7,125.4,Verified,0.7,
263,7,58,249,2021-08-09 08:27:58,FIELD_4202,Police,27.2442,94.32153,Crack Observed,Minor,Heavy Rain,286.2,57.2,Verified,0.68,
264,4,36,,2023-10-05 11:23:10,FIELD_6682,District Admin,25.511,90.57104,Flooding,Moderate,Clear,553.1,110.6,Under Review,0.41,photos/FR00264.jpg
265,1,10,342,2019-12-31 02:35:04,FIELD_6107,NDMA Officer,24.00649,97.85481,No Activity,Moderate,Clear,852.1,82.2,Verified,0.25,photos/FR00265.jpg
266,1,8,,2021-05-22 15:41:38,FIELD_4215,GSI Geologist,24.45202,98.44812,Flooding,Minor,Cloudy,972.3,83.1,Under Review,0.17,photos/FR00266.jpg
267,4,36,909,2018-04-10 21:36:54,FIELD_5641,GSI Geologist,25.20759,90.55396,Village Isolated,Minor,Rain,799.2,23.4,Rejected,0.2,photos/FR00267.jpg
268,8,60,,2020-04-03 18:06:19,FIELD_5341,GSI Geologist,24.4512,95.86341,Crack Observed,Minor,Heavy Rain,641.5,33.3,Submitted,0.63,photos/FR00268.jpg
269,2,20,,2020-01-09 07:30:06,FIELD_9284,NDMA Officer,23.37648,93.43285,Village Isolated,Severe,Cloudy,624.0,24.6,Under Review,0.27,photos/FR00269.jpg
270,5,40,,2019-07-08 03:08:00,FIELD_9210,Forest Guard,27.85801,97.61844,Road Blocked,Minor,Heavy Rain,728.4,64.6,Archived,0.62,photos/FR00270.jpg
271,3,24,584,2018-01-07 12:35:42,FIELD_2001,Forest Guard,24.34679,99.16998,Village Isolated,Severe,Rain,368.6,188.8,Submitted,0.8,
272,2,18,583,2019-12-30 21:39:49,FIELD_1798,GSI Geologist,28.64895,98.77722,No Activity,Moderate,Rain,324.3,39.3,Submitted,0.03,photos/FR00272.jpg
273,1,9,,2020-01-12 08:11:48,FIELD_8838,Citizen,27.87292,93.64495,Flooding,None,Cloudy,308.5,149.0,Submitted,0.92,photos/FR00273.jpg
274,1,1,755,2024-03-03 17:16:56,FIELD_1433,Forest Guard,27.26147,90.18365,Damage,None,Cloudy,750.0,182.6,Archived,0.1,photos/FR00274.jpg
275,6,52,66,2023-12-15 23:46:28,FIELD_1605,Forest Guard,28.53952,99.77445,Village Isolated,Severe,Heavy Rain,77.5,154.5,Under Review,0.08,photos/FR00275.jpg
276,1,7,,2024-03-09 04:01:29,FIELD_4129,NDMA Officer,26.15831,91.90574,No Activity,Severe,Clear,909.8,152.3,Verified,0.91,photos/FR00276.jpg
277,4,36,636,2022-05-08 23:32:22,FIELD_4716,Police,25.40198,90.80882,Road Blocked,Severe,Cloudy,60.1,78.2,Submitted,0.26,photos/FR00277.jpg
278,4,36,,2023-04-06 13:00:11,FIELD_7472,Forest Guard,25.30046,90.84558,Crack Observed,None,Rain,163.9,186.3,Submitted,0.29,
279,2,18,,2019-11-24 08:00:13,FIELD_9000,District Admin,28.77785,98.74978,Road Blocked,None,Clear,718.4,70.8,Rejected,0.17,photos/FR00279.jpg
280,6,54,614,2021-11-20 17:12:20,FIELD_6302,Police,29.70001,91.71107,No Activity,None,Cloudy,895.4,179.5,Archived,0.5,photos/FR00280.jpg
281,1,2,511,2024-12-25 02:52:59,FIELD_9759,District Admin,23.94582,91.37694,No Activity,None,Heavy Rain,15.9,62.4,Submitted,0.04,photos/FR00281.jpg
282,4,39,,2018-01-14 19:12:43,FIELD_5599,District Admin,27.54589,90.90753,Crack Observed,Severe,Cloudy,341.0,161.7,Submitted,0.87,photos/FR00282.jpg
283,6,50,420,2021-08-15 02:10:54,FIELD_1247,Citizen,23.98698,92.687,No Activity,Moderate,Rain,307.3,93.6,Under Review,0.02,photos/FR00283.jpg
284,7,55,,2022-04-04 17:10:41,FIELD_5767,District Admin,28.78235,93.96556,No Activity,Moderate,Cloudy,379.7,167.7,Rejected,0.91,photos/FR00284.jpg
285,7,57,876,2018-07-09 03:56:13,FIELD_9220,GSI Geologist,23.47565,93.16666,Damage,Moderate,Rain,405.3,48.1,Verified,0.8,photos/FR00285.jpg
286,3,31,783,2018-04-29 06:30:25,FIELD_8327,Police,28.09784,95.44423,No Activity,Minor,Rain,458.7,44.7,Rejected,0.56,photos/FR00286.jpg
287,6,47,943,2019-06-14 14:40:15,FIELD_3794,GSI Geologist,29.77795,99.12245,Damage,Minor,Heavy Rain,458.0,118.5,Submitted,0.08,photos/FR00287.jpg
288,2,21,873,2024-05-23 20:55:24,FIELD_3869,Citizen,23.93048,99.35468,Village Isolated,None,Rain,877.4,41.8,Archived,0.4,
289,7,56,959,2018-07-07 02:22:08,FIELD_4671,Police,29.46954,97.28434,Crack Observed,Minor,Rain,38.0,0.2,Archived,0.26,
290,4,37,964,2022-10-20 00:10:40,FIELD_6240,Forest Guard,26.54444,94.4666,Village Isolated,Moderate,Rain,69.2,198.6,Archived,0.87,
291,2,16,630,2019-02-11 12:12:41,FIELD_8116,Police,23.40889,90.43779,Road Blocked,Severe,Rain,59.6,70.8,Submitted,0.4,
292,2,17,79,2022-06-21 21:51:51,FIELD_9126,District Admin,23.56457,92.95319,No Activity,Moderate,Cloudy,650.7,180.4,Archived,0.89,
293,2,14,43,2023-03-20 10:26:11,FIELD_2080,Forest Guard,22.50251,93.05894,Landslide Observed,None,Clear,992.4,40.5,Verified,0.06,photos/FR00293.jpg
294,2,19,,2021-07-27 18:34:00,FIELD_8043,NDMA Officer,24.24128,96.23762,Flooding,Moderate,Clear,630.5,183.6,Submitted,0.22,photos/FR00294.jpg
295,4,35,,2018-04-08 14:28:47,FIELD_4936,Forest Guard,23.01771,91.8449,No Activity,None,Heavy Rain,939.5,156.6,Under Review,0.24,photos/FR00295.jpg
296,6,49,387,2020-10-24 20:02:21,FIELD_1953,District Admin,29.31949,98.69636,Village Isolated,Severe,Rain,805.9,139.2,Verified,0.36,photos/FR00296.jpg
297,1,8,,2019-09-27 19:06:41,FIELD_6163,GSI Geologist,23.95581,98.62209,Road Blocked,Moderate,Clear,537.4,146.3,Verified,0.19,
298,5,42,85,2018-08-05 23:07:40,FIELD_6100,Police,21.84946,97.32813,Crack Observed,Minor,Rain,746.7,5.7,Submitted,0.14,
299,3,28,,2021-09-29 01:59:58,FIELD_5611,Police,29.18829,92.85532,Landslide Observed,Minor,Clear,746.4,59.4,Archived,0.48,
300,8,60,431,2020-01-31 04:55:08,FIELD_5177,Police,24.98021,95.92059,Road Blocked,None,Heavy Rain,249.2,34.9,Rejected,0.05,photos/FR00300.jpg
301,6,53,173,2019-05-05 21:42:21,FIELD_4750,Police,28.03363,91.38392,Damage,Minor,Cloudy,454.0,153.7,Verified,0.37,
302,2,17,785,2023-01-13 11:23:28,FIELD_5917,Citizen,23.8588,93.13031,Village Isolated,Severe,Heavy Rain,678.7,66.8,Archived,0.07,photos/FR00302.jpg
303,4,38,,2020-06-29 23:00:53,FIELD_5891,Forest Guard,29.97033,98.54395,Village Isolated,Minor,Cloudy,238.3,116.8,Submitted,0.26,photos/FR00303.jpg
304,1,11,160,2024-04-10 01:33:53,FIELD_9623,Forest Guard,23.02898,91.19451,No Activity,Minor,Rain,255.6,178.1,Submitted,0.5,photos/FR00304.jpg
305,3,32,355,2023-10-29 18:32:24,FIELD_5935,Forest Guard,25.5862,95.61026,No Activity,Severe,Cloudy,423.5,28.7,Rejected,0.9,photos/FR00305.jpg
306,8,59,29,2023-09-01 06:53:51,FIELD_2256,Forest Guard,25.34628,92.59382,No Activity,Severe,Heavy Rain,241.3,140.2,Under Review,0.04,
307,3,27,,2022-02-23 01:45:21,FIELD_3089,Police,25.30747,90.36945,Flooding,Severe,Heavy Rain,885.2,70.0,Rejected,0.84,photos/FR00307.jpg
308,2,19,735,2019-09-18 03:56:56,FIELD_3056,Citizen,24.2255,96.60975,Damage,None,Heavy Rain,687.3,100.4,Submitted,0.96,photos/FR00308.jpg
309,3,28,401,2020-12-15 17:25:39,FIELD_6874,Police,29.02354,93.15165,No Activity,Severe,Rain,364.8,83.2,Under Review,0.08,photos/FR00309.jpg
310,4,36,913,2020-01-15 03:26:50,FIELD_7890,Police,25.25821,90.36119,Road Blocked,None,Rain,407.3,2.8,Archived,0.88,
311,5,45,885,2022-12-29 18:48:58,FIELD_6475,Forest Guard,28.97731,94.90805,Road Blocked,Moderate,Cloudy,260.8,74.3,Submitted,0.51,
312,4,39,608,2023-06-16 06:15:06,FIELD_8039,Citizen,27.2195,91.41478,No Activity,Minor,Heavy Rain,579.7,110.7,Archived,0.48,photos/FR00312.jpg
313,4,33,419,2021-08-12 23:40:01,FIELD_4677,NDMA Officer,23.89832,99.72656,Village Isolated,Moderate,Heavy Rain,627.0,52.0,Verified,0.39,photos/FR00313.jpg
314,1,12,,2018-09-02 03:26:05,FIELD_7913,GSI Geologist,26.73833,98.10934,Road Blocked,Moderate,Clear,941.3,26.8,Rejected,0.41,photos/FR00314.jpg
315,6,50,,2018-12-02 07:02:10,FIELD_2482,Citizen,23.90831,92.23098,Damage,None,Cloudy,466.7,136.4,Submitted,0.84,
316,3,23,,2019-04-11 17:47:49,FIELD_3847,District Admin,27.76598,91.58604,Landslide Observed,None,Cloudy,348.3,94.1,Rejected,0.49,
317,5,40,171,2024-10-22 17:13:50,FIELD_2063,NDMA Officer,28.16681,97.6985,Damage,Minor,Clear,838.1,142.0,Verified,0.86,
318,2,14,,2022-06-16 06:26:56,FIELD_3852,Police,22.78184,92.81692,No Activity,Minor,Heavy Rain,207.0,158.8,Verified,0.68,
319,2,22,83,2024-05-27 20:31:27,FIELD_3478,NDMA Officer,22.34076,96.35871,Road Blocked,Severe,Heavy Rain,856.9,134.5,Archived,0.33,photos/FR00319.jpg
320,3,27,678,2023-07-11 17:35:51,FIELD_2049,Police,24.94956,90.5628,Landslide Observed,Severe,Cloudy,502.5,15.7,Under Review,0.8,
321,8,61,,2019-12-12 00:49:05,FIELD_7427,Police,26.64228,90.00286,Flooding,Minor,Heavy Rain,175.2,14.7,Verified,0.16,photos/FR00321.jpg
322,2,21,287,2023-10-26 16:55:45,FIELD_9050,Citizen,24.03757,99.182,Landslide Observed,Moderate,Rain,987.9,6.2,Verified,0.49,
323,5,41,683,2019-04-28 12:02:15,FIELD_5111,Police,23.03776,94.44379,Village Isolated,Moderate,Heavy Rain,952.9,66.0,Under Review,0.83,photos/FR00323.jpg
324,2,22,,2020-02-15 05:55:15,FIELD_1893,GSI Geologist,22.75494,96.52,No Activity,None,Clear,456.1,13.4,Under Review,0.33,
325,7,55,815,2021-01-09 14:59:05,FIELD_3621,Police,29.00459,93.97475,Crack Observed,Moderate,Cloudy,909.3,181.4,Submitted,0.33,
326,3,30,424,2021-05-27 15:05:03,FIELD_2390,Forest Guard,25.53175,92.40235,Damage,Minor,Heavy Rain,413.9,69.3,Archived,0.9,
327,1,9,825,2022-10-30 03:37:51,FIELD_6370,Police,27.73562,93.16761,Village Isolated,Severe,Cloudy,562.7,112.4,Rejected,0.58,
328,5,43,834,2021-11-24 00:19:32,FIELD_8868,Forest Guard,29.62872,97.83462,Damage,None,Clear,721.8,47.5,Archived,0.54,photos/FR00328.jpg
329,5,41,796,2018-04-16 12:24:36,FIELD_2481,Police,23.03448,94.57665,Village Isolated,Minor,Heavy Rain,744.8,103.1,Verified,0.95,photos/FR00329.jpg
330,5,42,804,2024-06-09 06:33:19,FIELD_4084,Forest Guard,22.1844,97.49646,Damage,Severe,Clear,579.2,57.0,Verified,0.64,
331,3,25,,2021-06-27 02:06:50,FIELD_1562,Police,26.6206,96.94891,Crack Observed,None,Clear,995.2,87.7,Submitted,0.67,
332,7,55,949,2022-09-03 02:17:35,FIELD_2641,NDMA Officer,29.05983,94.0602,Road Blocked,Severe,Heavy Rain,396.0,95.3,Verified,0.44,photos/FR00332.jpg
333,2,13,229,2019-11-27 06:54:04,FIELD_7149,GSI Geologist,26.16694,99.58133,No Activity,None,Clear,460.0,20.1,Submitted,0.35,photos/FR00333.jpg
334,2,21,294,2023-01-04 19:32:12,FIELD_7685,Forest Guard,24.3392,99.57441,No Activity,Severe,Rain,260.6,163.7,Verified,0.6,
335,2,17,6,2020-11-27 16:26:22,FIELD_5432,Forest Guard,23.87741,93.03952,Crack Observed,None,Cloudy,718.7,10.0,Rejected,0.52,photos/FR00335.jpg
336,4,35,,2018-10-21 15:53:31,FIELD_3238,Citizen,23.4326,91.49811,Damage,Moderate,Heavy Rain,839.1,83.9,Rejected,0.27,photos/FR00336.jpg
337,4,33,703,2018-06-10 18:40:24,FIELD_6011,NDMA Officer,23.4742,99.87207,Damage,Severe,Rain,386.1,166.4,Archived,0.79,photos/FR00337.jpg
338,1,1,,2018-06-22 17:30:26,FIELD_1572,Forest Guard,26.8576,90.29804,Road Blocked,Minor,Rain,392.5,183.5,Verified,0.63,photos/FR00338.jpg
339,2,19,,2024-12-23 12:36:10,FIELD_1531,Citizen,24.16493,96.40027,Crack Observed,Minor,Clear,210.7,114.9,Rejected,0.95,
340,1,5,147,2020-12-23 21:17:06,FIELD_5813,District Admin,23.51463,95.32903,Flooding,Minor,Cloudy,358.5,13.6,Submitted,0.97,photos/FR00340.jpg
341,1,3,,2024-05-12 22:06:36,FIELD_1235,Citizen,27.32562,98.80194,Village Isolated,Moderate,Rain,63.1,36.3,Archived,0.45,photos/FR00341.jpg
342,6,53,747,2019-03-10 11:31:23,FIELD_5045,Citizen,28.23664,91.4401,Crack Observed,None,Heavy Rain,987.3,77.8,Under Review,0.04,photos/FR00342.jpg
343,6,54,,2020-09-21 18:26:33,FIELD_2163,District Admin,29.71155,91.69764,Damage,Minor,Clear,647.7,112.8,Under Review,0.55,photos/FR00343.jpg
344,2,19,,2022-06-29 14:04:10,FIELD_2637,Citizen,24.34363,96.17345,Road Blocked,None,Cloudy,161.1,151.2,Verified,0.63,photos/FR00344.jpg
345,6,53,9,2020-01-23 23:21:43,FIELD_9352,District Admin,27.93492,91.43517,Landslide Observed,None,Clear,348.3,61.8,Submitted,0.55,
346,2,15,108,2021-07-13 05:45:42,FIELD_1925,GSI Geologist,26.69481,98.59904,No Activity,None,Heavy Rain,842.2,98.7,Archived,0.14,photos/FR00346.jpg
347,7,56,573,2018-04-14 16:12:21,FIELD_4730,NDMA Officer,29.4629,97.33356,Road Blocked,None,Rain,803.8,54.0,Rejected,0.5,photos/FR00347.jpg
348,1,12,,2018-02-10 06:20:09,FIELD_7194,Forest Guard,27.03138,97.89683,No Activity,None,Clear,594.6,128.7,Rejected,0.76,photos/FR00348.jpg
349,8,60,,2021-12-16 17:52:29,FIELD_2050,District Admin,24.59888,96.03349,No Activity,Minor,Heavy Rain,476.6,51.8,Rejected,0.09,photos/FR00349.jpg
350,2,21,,2021-10-09 14:28:52,FIELD_5922,GSI Geologist,24.04964,99.17312,Flooding,Moderate,Rain,139.5,83.9,Archived,0.57,
351,1,8,375,2018-11-17 02:09:10,FIELD_2838,GSI Geologist,24.49447,98.85014,Flooding,None,Heavy Rain,893.2,157.5,Archived,0.86,
352,3,30,754,2023-07-10 09:38:57,FIELD_7033,NDMA Officer,25.62308,92.94471,Flooding,None,Clear,970.6,108.9,Archived,0.74,photos/FR00352.jpg
353,7,56,266,2019-07-06 09:40:42,FIELD_8944,GSI Geologist,29.39165,97.67423,Crack Observed,None,Clear,248.6,125.1,Rejected,0.38,photos/FR00353.jpg
354,7,55,,2020-07-23 02:20:09,FIELD_6891,District Admin,29.00379,94.02184,Village Isolated,Minor,Heavy Rain,53.6,15.4,Rejected,0.72,photos/FR00354.jpg
355,8,61,137,2018-01-24 11:26:07,FIELD_4318,District Admin,26.64896,90.09315,Village Isolated,Moderate,Heavy Rain,88.7,22.0,Archived,0.75,
356,1,11,705,2022-12-08 00:21:08,FIELD_8580,Police,22.74875,91.04636,Village Isolated,None,Heavy Rain,723.3,36.0,Verified,0.63,
357,5,44,668,2024-06-11 05:39:29,FIELD_8272,Police,29.59715,98.68695,Road Blocked,None,Clear,570.8,173.6,Submitted,0.8,
358,6,47,288,2019-06-30 21:12:45,FIELD_4652,District Admin,29.38217,99.40081,Crack Observed,Severe,Heavy Rain,185.4,48.1,Archived,0.25,photos/FR00358.jpg
359,8,59,282,2022-08-03 02:24:23,FIELD_3690,GSI Geologist,25.51694,92.34602,Crack Observed,Moderate,Clear,261.3,0.7,Verified,0.35,
360,2,13,163,2019-08-16 17:53:16,FIELD_6347,Police,26.29285,99.68986,Village Isolated,Severe,Rain,983.9,115.9,Archived,0.95,
361,1,7,813,2023-07-26 16:00:09,FIELD_3281,NDMA Officer,26.36175,92.33268,Road Blocked,Moderate,Rain,59.7,83.6,Archived,0.41,photos/FR00361.jpg
362,3,25,,2021-04-16 03:05:17,FIELD_1828,Police,26.53066,96.72493,Flooding,Moderate,Cloudy,20.3,34.0,Rejected,0.54,
363,4,39,656,2023-08-27 03:44:19,FIELD_4497,Forest Guard,27.31599,91.1256,Road Blocked,Severe,Heavy Rain,202.4,3.3,Archived,0.29,
364,3,31,,2022-05-17 09:45:59,FIELD_1233,District Admin,27.89638,95.6251,Road Blocked,None,Rain,608.7,103.1,Rejected,0.78,photos/FR00364.jpg
365,2,19,647,2020-01-15 05:34:01,FIELD_5163,Police,23.97798,96.54101,Flooding,Moderate,Clear,228.7,19.0,Submitted,0.39,
366,3,25,770,2021-02-01 06:47:56,FIELD_6212,GSI Geologist,26.73826,96.8606,Landslide Observed,Minor,Clear,533.4,66.3,Archived,0.91,photos/FR00366.jpg
367,3,25,,2024-07-01 01:37:34,FIELD_2705,Police,26.69264,96.7573,Landslide Observed,Minor,Heavy Rain,79.8,76.5,Under Review,0.75,photos/FR00367.jpg
368,6,51,,2020-07-09 05:50:37,FIELD_7862,Citizen,29.79538,91.09111,Landslide Observed,Severe,Heavy Rain,261.8,132.0,Verified,0.51,photos/FR00368.jpg
369,1,7,737,2020-08-28 04:03:34,FIELD_5545,NDMA Officer,26.28734,92.39679,Landslide Observed,None,Heavy Rain,626.5,109.1,Rejected,0.32,photos/FR00369.jpg
370,8,60,,2021-08-30 17:53:07,FIELD_6720,NDMA Officer,24.90133,96.12861,Damage,Moderate,Rain,152.9,42.3,Archived,0.57,
371,6,48,,2024-10-22 07:10:49,FIELD_2108,Police,26.99288,94.86265,Landslide Observed,None,Cloudy,616.5,75.0,Verified,0.24,photos/FR00371.jpg
372,3,23,768,2021-10-13 00:48:45,FIELD_2544,GSI Geologist,27.55126,91.58939,Crack Observed,Minor,Cloudy,930.1,131.4,Submitted,0.5,
373,3,30,325,2018-07-25 00:24:00,FIELD_3796,Citizen,25.5849,92.79013,Damage,Moderate,Rain,753.7,115.8,Verified,0.01,photos/FR00373.jpg
374,4,33,923,2023-07-24 14:07:07,FIELD_3965,NDMA Officer,23.78392,99.88932,Crack Observed,Minor,Cloudy,110.7,88.1,Under Review,0.55,
375,6,53,,2018-05-22 07:45:21,FIELD_6367,NDMA Officer,28.19107,91.08365,No Activity,Moderate,Cloudy,278.6,183.6,Submitted,0.23,photos/FR00375.jpg
376,2,16,,2019-06-09 08:04:57,FIELD_6986,NDMA Officer,23.7293,90.8084,Flooding,Moderate,Heavy Rain,250.6,79.5,Verified,0.79,
377,2,15,289,2023-10-12 02:36:40,FIELD_4800,Forest Guard,26.82561,98.77231,Flooding,None,Rain,256.9,119.2,Archived,0.27,photos/FR00377.jpg
378,4,36,756,2018-03-23 17:06:18,FIELD_9564,Forest Guard,25.39203,90.44995,Flooding,Minor,Clear,287.5,82.3,Verified,0.83,photos/FR00378.jpg
379,1,3,832,2024-05-31 10:30:07,FIELD_5462,Police,27.12581,99.20656,Crack Observed,None,Clear,334.6,5.5,Rejected,0.12,
380,2,14,175,2022-02-10 13:38:49,FIELD_5147,GSI Geologist,22.39326,93.00037,Village Isolated,None,Cloudy,568.0,138.4,Under Review,0.12,photos/FR00380.jpg
381,7,55,31,2021-05-10 14:54:14,FIELD_9648,Police,28.79975,94.08512,Crack Observed,Minor,Heavy Rain,329.6,186.7,Verified,0.48,photos/FR00381.jpg
382,4,39,387,2019-11-12 18:54:55,FIELD_7451,Forest Guard,27.70968,91.11099,Flooding,Severe,Rain,851.2,159.0,Rejected,0.1,
383,1,7,198,2022-04-06 18:32:17,FIELD_3520,GSI Geologist,26.32131,92.26093,Damage,Moderate,Rain,4.7,43.2,Verified,0.77,
384,1,2,,2022-02-10 02:21:48,FIELD_8227,GSI Geologist,24.02372,91.52053,Road Blocked,None,Heavy Rain,560.6,189.4,Submitted,0.22,photos/FR00384.jpg
385,3,28,,2020-09-05 23:28:40,FIELD_3448,GSI Geologist,28.99283,92.8885,Damage,Severe,Cloudy,338.3,97.5,Rejected,0.16,photos/FR00385.jpg
386,8,61,775,2023-04-24 01:38:43,FIELD_6863,District Admin,26.77547,89.77875,Crack Observed,Minor,Cloudy,740.5,176.5,Under Review,0.04,photos/FR00386.jpg
387,3,23,,2021-12-24 23:45:49,FIELD_4878,GSI Geologist,27.89305,91.66931,Flooding,Severe,Clear,84.1,123.9,Archived,0.49,photos/FR00387.jpg
388,3,30,279,2023-07-26 12:56:41,FIELD_8365,Forest Guard,25.80731,92.46982,Landslide Observed,Minor,Clear,575.9,83.4,Archived,0.07,
389,6,53,881,2021-11-01 08:06:06,FIELD_4817,Citizen,28.02854,91.27146,No Activity,Severe,Clear,663.3,154.7,Rejected,0.02,photos/FR00389.jpg
390,8,59,555,2018-10-28 00:51:20,FIELD_1838,Citizen,25.85426,92.61668,Damage,Severe,Rain,810.4,141.2,Under Review,0.97,
391,5,40,912,2024-01-26 11:40:41,FIELD_3646,NDMA Officer,27.83575,97.67028,Flooding,None,Heavy Rain,801.9,135.5,Under Review,0.95,photos/FR00391.jpg
392,1,7,519,2020-02-08 04:04:32,FIELD_6049,NDMA Officer,26.33706,92.04336,Landslide Observed,Severe,Rain,538.0,66.4,Archived,0.92,photos/FR00392.jpg
393,8,60,964,2022-01-22 04:14:49,FIELD_3618,Citizen,24.49193,95.77972,Damage,Severe,Cloudy,841.0,117.4,Submitted,0.17,photos/FR00393.jpg
394,4,36,869,2023-07-08 21:24:50,FIELD_3696,GSI Geologist,25.39772,90.55552,Crack Observed,Severe,Heavy Rain,25.8,106.0,Submitted,0.72,
395,4,36,897,2019-12-06 23:36:57,FIELD_2011,Police,25.29805,90.61442,Damage,Minor,Cloudy,455.7,83.3,Submitted,0.53,
396,3,26,23,2024-05-23 10:39:28,FIELD_5185,GSI Geologist,23.82823,90.09495,Crack Observed,Severe,Rain,749.7,0.5,Submitted,0.75,
397,6,51,421,2019-01-18 06:19:38,FIELD_1834,Police,29.30268,90.69957,No Activity,Minor,Clear,444.5,198.4,Under Review,0.16,photos/FR00397.jpg
398,6,48,,2020-10-22 20:43:53,FIELD_6005,District Admin,26.93139,94.88808,No Activity,Moderate,Rain,258.6,117.7,Under Review,0.58,photos/FR00398.jpg
399,1,10,384,2023-01-28 10:34:35,FIELD_8871,Police,23.49144,97.84652,Road Blocked,None,Heavy Rain,631.1,175.4,Rejected,0.45,photos/FR00399.jpg
400,4,33,473,2023-09-04 06:50:03,FIELD_4987,Police,23.95639,100.09675,No Activity,Severe,Clear,839.5,64.5,Archived,0.74,
401,5,42,57,2022-03-20 16:01:15,FIELD_8529,NDMA Officer,22.20366,97.33682,Crack Observed,Minor,Cloudy,714.7,0.4,Submitted,0.48,photos/FR00401.jpg
402,5,45,,2020-12-24 00:22:38,FIELD_7177,NDMA Officer,28.47016,95.33143,Landslide Observed,Minor,Clear,201.0,19.9,Under Review,0.85,photos/FR00402.jpg
403,1,10,1,2021-10-23 12:23:37,FIELD_8679,NDMA Officer,23.68519,97.92927,No Activity,None,Cloudy,741.3,65.2,Under Review,0.87,photos/FR00403.jpg
404,1,12,470,2018-03-15 01:22:00,FIELD_5818,District Admin,26.62417,98.20372,Crack Observed,Severe,Heavy Rain,908.4,81.4,Under Review,0.14,photos/FR00404.jpg
405,7,55,36,2020-02-06 01:56:26,FIELD_2177,Forest Guard,28.7658,94.14004,Flooding,Moderate,Clear,318.6,61.8,Under Review,0.27,photos/FR00405.jpg
406,2,22,846,2022-05-11 21:17:19,FIELD_3581,Police,22.44086,96.53394,Landslide Observed,Moderate,Heavy Rain,620.4,78.2,Submitted,0.32,photos/FR00406.jpg
407,3,23,,2018-07-20 21:54:29,FIELD_4892,GSI Geologist,28.02088,91.56972,Landslide Observed,None,Cloudy,93.6,27.0,Submitted,0.82,photos/FR00407.jpg
408,3,25,416,2018-01-14 05:14:49,FIELD_6313,District Admin,26.73768,96.71799,Flooding,Moderate,Rain,156.8,194.3,Submitted,0.69,photos/FR00408.jpg
409,4,37,,2022-04-05 05:52:53,FIELD_8116,NDMA Officer,26.66806,94.80127,No Activity,Severe,Rain,554.0,13.6,Archived,0.03,
410,2,15,,2021-10-10 03:51:02,FIELD_7305,GSI Geologist,26.78235,98.78256,Village Isolated,Minor,Rain,133.4,22.0,Submitted,0.03,
411,6,48,375,2019-05-02 00:58:34,FIELD_7119,NDMA Officer,27.08067,94.59114,Crack Observed,None,Heavy Rain,889.5,53.4,Submitted,0.13,
412,8,60,597,2022-08-24 20:50:47,FIELD_8110,Police,24.90712,96.16349,Road Blocked,Minor,Heavy Rain,596.7,174.9,Verified,0.31,
413,3,25,343,2018-09-29 12:27:25,FIELD_8906,Citizen,26.55491,96.58385,Damage,None,Rain,75.6,117.0,Under Review,0.88,
414,2,22,,2024-10-29 15:20:07,FIELD_4242,GSI Geologist,22.77227,96.15339,Damage,Minor,Rain,530.0,4.0,Submitted,0.62,photos/FR00414.jpg
415,5,45,,2024-06-29 11:20:32,FIELD_2461,Forest Guard,28.55182,94.93791,Village Isolated,None,Clear,319.8,187.7,Under Review,0.77,
416,6,52,,2024-08-01 01:15:17,FIELD_8367,NDMA Officer,28.73631,99.95432,Flooding,Severe,Clear,107.2,105.6,Submitted,0.17,photos/FR00416.jpg
417,1,5,549,2022-09-23 01:17:35,FIELD_5113,District Admin,23.61258,95.21824,No Activity,Minor,Clear,809.5,178.8,Archived,0.11,photos/FR00417.jpg
418,4,39,,2018-02-26 06:55:35,FIELD_6302,Citizen,27.579,91.15822,Crack Observed,Severe,Rain,852.8,181.8,Archived,0.04,
419,1,2,,2020-11-22 01:59:35,FIELD_1546,Citizen,23.82867,91.59901,Damage,Severe,Clear,339.1,196.2,Verified,0.34,photos/FR00419.jpg
420,6,47,443,2018-04-29 04:12:21,FIELD_4020,NDMA Officer,29.81422,99.27909,Damage,Moderate,Clear,97.2,140.3,Archived,0.3,
421,1,9,77,2020-06-21 21:36:45,FIELD_8047,Forest Guard,27.38156,93.67611,Damage,None,Rain,144.2,23.0,Rejected,0.57,photos/FR00421.jpg
422,3,26,53,2023-04-17 03:46:44,FIELD_9343,Citizen,23.80662,90.50624,Damage,Minor,Rain,598.8,169.4,Under Review,0.0,photos/FR00422.jpg
423,1,1,,2024-05-03 21:43:10,FIELD_8089,GSI Geologist,26.86282,90.45616,No Activity,Minor,Heavy Rain,715.4,174.3,Under Review,0.39,photos/FR00423.jpg
424,7,56,647,2022-11-21 12:41:52,FIELD_6658,NDMA Officer,29.18923,97.26632,Village Isolated,Moderate,Heavy Rain,290.7,20.1,Rejected,0.35,photos/FR00424.jpg
425,1,10,724,2019-08-14 09:40:58,FIELD_3132,District Admin,23.98174,97.8614,Damage,Moderate,Clear,471.8,29.5,Rejected,0.89,photos/FR00425.jpg
426,4,36,395,2021-07-07 19:58:55,FIELD_2617,District Admin,25.2301,90.88541,Flooding,Minor,Rain,490.0,64.1,Under Review,0.12,photos/FR00426.jpg
427,5,45,517,2018-04-23 06:33:10,FIELD_9488,District Admin,28.55345,94.92384,Village Isolated,Minor,Rain,840.4,135.1,Under Review,0.51,
428,4,35,128,2023-03-17 03:30:24,FIELD_7276,GSI Geologist,23.27641,91.30891,No Activity,Moderate,Cloudy,370.5,183.1,Under Review,0.81,photos/FR00428.jpg
429,3,28,143,2018-09-15 14:02:39,FIELD_3851,Forest Guard,28.8549,93.17012,Village Isolated,Moderate,Rain,122.8,41.2,Archived,0.7,photos/FR00429.jpg
430,8,62,482,2024-08-17 12:25:05,FIELD_1536,District Admin,27.24982,92.48211,Damage,Moderate,Clear,87.9,90.9,Submitted,0.68,
431,1,9,372,2024-05-15 18:03:19,FIELD_7333,Police,27.80563,93.11314,Damage,Minor,Rain,454.8,155.4,Verified,0.28,photos/FR00431.jpg
432,6,54,714,2024-04-27 08:54:59,FIELD_4554,District Admin,29.42283,91.39523,Road Blocked,Severe,Heavy Rain,838.0,149.7,Under Review,0.86,photos/FR00432.jpg
433,7,57,656,2022-01-02 09:30:34,FIELD_8898,Police,23.60101,93.26401,Flooding,Moderate,Clear,712.4,19.5,Submitted,0.3,photos/FR00433.jpg
434,4,33,,2019-06-23 18:54:30,FIELD_7459,NDMA Officer,23.89961,100.18311,Damage,Severe,Heavy Rain,468.8,95.1,Archived,0.75,photos/FR00434.jpg
435,2,13,765,2020-10-05 04:39:21,FIELD_4469,Citizen,26.54925,99.51668,Road Blocked,Moderate,Cloudy,263.7,72.0,Under Review,0.48,photos/FR00435.jpg
436,3,30,371,2019-05-28 04:31:02,FIELD_2747,Police,25.63834,92.55225,Damage,Minor,Cloudy,93.2,187.1,Rejected,0.53,photos/FR00436.jpg
437,1,3,,2022-12-15 13:33:43,FIELD_7491,Police,27.34068,98.94055,Damage,None,Rain,176.3,156.8,Rejected,0.46,photos/FR00437.jpg
438,5,41,602,2023-08-24 01:42:43,FIELD_9240,Citizen,23.05551,94.19565,Village Isolated,None,Heavy Rain,56.0,76.7,Verified,0.68,
439,2,22,,2020-09-12 14:34:11,FIELD_6087,Forest Guard,22.65833,96.08254,Landslide Observed,None,Heavy Rain,592.1,58.0,Under Review,0.64,photos/FR00439.jpg
440,6,51,,2024-09-12 08:31:48,FIELD_8119,District Admin,29.8718,90.8982,Flooding,None,Clear,873.1,173.9,Rejected,0.62,
441,5,41,805,2018-07-20 20:08:39,FIELD_2880,Police,22.94387,94.47026,Crack Observed,Minor,Heavy Rain,172.9,190.6,Rejected,0.96,
442,5,40,,2021-08-05 17:21:36,FIELD_3255,Forest Guard,27.83526,97.67845,Flooding,Moderate,Heavy Rain,883.3,70.6,Archived,0.94,photos/FR00442.jpg
443,5,44,88,2023-05-17 12:11:28,FIELD_3518,District Admin,29.4258,98.73757,Landslide Observed,Severe,Clear,23.2,6.0,Rejected,0.18,photos/FR00443.jpg
444,5,43,60,2020-09-26 20:00:19,FIELD_9002,GSI Geologist,29.71217,97.51144,Crack Observed,Minor,Clear,253.4,116.5,Submitted,0.57,
445,1,7,804,2023-08-25 08:31:18,FIELD_9376,NDMA Officer,26.46191,92.38714,Landslide Observed,Minor,Rain,514.8,96.7,Verified,0.27,photos/FR00445.jpg
446,3,31,922,2024-02-18 03:00:45,FIELD_7456,Forest Guard,28.04457,95.61574,Village Isolated,Moderate,Rain,816.1,39.7,Submitted,0.95,
447,3,30,,2018-07-18 16:09:16,FIELD_3949,Police,25.64965,92.79457,Road Blocked,Minor,Cloudy,758.9,47.0,Verified,0.94,photos/FR00447.jpg
448,5,44,496,2024-02-22 17:59:41,FIELD_3131,Forest Guard,29.29962,98.53281,Damage,Minor,Heavy Rain,322.7,41.4,Submitted,0.01,photos/FR00448.jpg
449,4,38,95,2022-01-23 04:15:43,FIELD_2229,Police,29.62266,98.58999,Flooding,Moderate,Clear,955.6,82.6,Archived,0.6,photos/FR00449.jpg
450,2,17,403,2023-02-21 07:58:31,FIELD_9151,Police,24.05563,93.18151,Village Isolated,None,Cloudy,793.7,179.6,Submitted,0.46,photos/FR00450.jpg
451,1,11,,2022-04-04 20:24:19,FIELD_5013,Police,22.58016,90.90123,Landslide Observed,Moderate,Cloudy,348.3,39.4,Archived,0.37,
452,3,24,457,2022-03-02 04:43:53,FIELD_4389,GSI Geologist,24.29619,99.48757,Flooding,Severe,Heavy Rain,969.6,151.9,Submitted,0.66,
453,5,45,,2021-04-14 06:46:07,FIELD_5391,Police,28.79063,95.26362,No Activity,Severe,Cloudy,679.9,17.6,Archived,0.7,photos/FR00453.jpg
454,2,14,687,2022-11-16 14:13:33,FIELD_7469,District Admin,22.88962,92.69619,Damage,None,Rain,394.5,59.6,Verified,0.58,photos/FR00454.jpg
455,4,38,645,2021-05-30 13:09:02,FIELD_4566,NDMA Officer,29.83169,98.50994,Landslide Observed,None,Cloudy,390.1,142.2,Submitted,0.79,
456,5,44,,2021-12-07 09:07:11,FIELD_1908,GSI Geologist,29.15639,98.6724,Damage,Severe,Clear,204.5,130.8,Verified,0.87,photos/FR00456.jpg
457,3,31,687,2021-02-07 16:12:14,FIELD_3622,Forest Guard,28.0385,95.45241,Flooding,Moderate,Rain,580.7,108.8,Under Review,0.46,photos/FR00457.jpg
458,2,22,530,2018-04-25 17:55:51,FIELD_8769,NDMA Officer,22.62683,96.47834,Road Blocked,None,Clear,325.7,140.8,Verified,0.97,photos/FR00458.jpg
459,1,1,,2024-08-07 17:33:31,FIELD_2718,District Admin,26.89178,90.09847,Road Blocked,None,Cloudy,471.0,52.4,Submitted,0.16,
460,6,49,549,2022-02-06 14:43:53,FIELD_2369,Police,29.30508,98.70302,Road Blocked,Severe,Rain,172.8,125.1,Rejected,0.06,photos/FR00460.jpg
461,6,51,88,2021-02-06 17:36:36,FIELD_6504,Citizen,29.55935,90.95636,Crack Observed,Moderate,Cloudy,220.1,73.7,Verified,0.69,
462,3,32,891,2018-01-18 20:09:24,FIELD_3479,District Admin,25.72049,95.79761,Crack Observed,Moderate,Cloudy,797.4,71.4,Verified,0.54,photos/FR00462.jpg
463,5,40,384,2024-10-30 07:21:56,FIELD_7716,GSI Geologist,28.14272,97.50233,No Activity,Moderate,Heavy Rain,526.2,62.0,Under Review,0.27,
464,3,24,466,2020-02-02 09:34:17,FIELD_2682,NDMA Officer,24.27027,99.49202,Landslide Observed,Minor,Clear,526.3,9.8,Archived,0.48,photos/FR00464.jpg
465,2,20,965,2023-10-07 09:11:05,FIELD_6544,Citizen,23.21157,93.26804,Landslide Observed,Severe,Rain,529.8,21.8,Archived,0.9,photos/FR00465.jpg
466,5,44,499,2020-03-18 18:36:59,FIELD_5155,Forest Guard,29.35772,98.88743,No Activity,Severe,Cloudy,446.5,162.3,Archived,0.95,
467,6,54,650,2020-01-23 14:29:31,FIELD_4592,District Admin,29.45221,91.80898,Village Isolated,None,Heavy Rain,276.5,114.8,Verified,0.2,photos/FR00467.jpg
468,7,58,160,2021-08-30 05:15:57,FIELD_3789,Citizen,27.37493,94.63981,Landslide Observed,Severe,Rain,0.5,43.7,Rejected,0.21,photos/FR00468.jpg
469,3,32,,2019-05-27 08:40:29,FIELD_2889,Citizen,25.71967,95.56547,Village Isolated,Severe,Rain,908.3,0.8,Under Review,0.13,photos/FR00469.jpg
470,5,40,931,2023-01-24 03:16:11,FIELD_2245,GSI Geologist,28.09196,97.64224,Village Isolated,None,Heavy Rain,236.2,194.0,Under Review,0.02,photos/FR00470.jpg
471,6,48,595,2021-09-26 04:27:16,FIELD_5883,Forest Guard,26.56051,94.92009,Flooding,Moderate,Heavy Rain,435.8,41.0,Under Review,0.65,photos/FR00471.jpg
472,4,34,307,2023-10-14 14:18:06,FIELD_6674,Police,25.95168,97.61516,Damage,Minor,Heavy Rain,116.5,22.6,Archived,0.54,photos/FR00472.jpg
473,2,17,741,2021-09-13 22:26:32,FIELD_4983,Citizen,23.88376,92.82808,Village Isolated,Moderate,Rain,478.9,95.5,Under Review,0.28,photos/FR00473.jpg
474,1,11,,2021-11-14 22:52:33,FIELD_8280,GSI Geologist,22.57536,90.8317,No Activity,Severe,Clear,927.8,151.2,Archived,0.47,
475,4,38,551,2024-03-19 11:53:43,FIELD_4070,Citizen,29.97761,98.44037,Landslide Observed,Severe,Clear,323.7,2.5,Rejected,0.35,
476,2,15,564,2024-03-16 00:47:51,FIELD_2100,Citizen,26.86679,98.33655,Road Blocked,Minor,Rain,925.6,58.1,Verified,0.86,photos/FR00476.jpg
477,3,31,,2020-02-07 06:53:07,FIELD_1906,Forest Guard,27.74074,95.45584,Village Isolated,Moderate,Cloudy,371.9,158.3,Rejected,0.61,photos/FR00477.jpg
478,8,60,600,2021-05-15 04:16:41,FIELD_3562,Citizen,24.80703,95.59518,Road Blocked,Severe,Heavy Rain,916.2,105.1,Archived,0.49,photos/FR00478.jpg
479,5,41,668,2023-12-20 16:05:47,FIELD_8800,District Admin,23.10814,94.13548,No Activity,None,Cloudy,47.4,186.4,Under Review,0.22,photos/FR00479.jpg
480,4,33,889,2018-03-26 14:03:52,FIELD_9184,Police,23.71701,99.90629,Crack Observed,None,Rain,929.9,195.2,Submitted,0.69,
481,3,24,455,2019-05-04 00:35:15,FIELD_1445,Police,24.28215,99.31426,Landslide Observed,Severe,Heavy Rain,612.2,142.1,Verified,0.4,
482,4,34,,2020-10-30 05:56:36,FIELD_5985,Police,25.82189,97.40036,Landslide Observed,Minor,Heavy Rain,499.9,13.5,Under Review,0.32,photos/FR00482.jpg
483,6,54,743,2020-05-13 14:15:29,FIELD_6172,Citizen,29.84216,91.61668,Landslide Observed,None,Clear,982.2,134.3,Rejected,0.01,
484,2,21,708,2019-09-01 07:39:12,FIELD_7420,GSI Geologist,24.16617,99.06783,Crack Observed,None,Cloudy,437.4,43.4,Archived,0.95,
485,3,30,998,2019-08-13 22:37:19,FIELD_1744,Forest Guard,25.38522,92.39804,Crack Observed,None,Heavy Rain,181.7,155.9,Archived,0.11,
486,2,16,801,2022-02-11 04:45:20,FIELD_9531,GSI Geologist,23.25516,90.95434,Road Blocked,None,Cloudy,111.6,195.7,Archived,0.17,
487,3,31,,2021-08-16 20:35:54,FIELD_4149,Citizen,27.8047,95.61228,Landslide Observed,Minor,Cloudy,33.3,111.9,Archived,0.2,photos/FR00487.jpg
488,6,50,529,2019-05-18 22:53:12,FIELD_4259,Citizen,24.17292,92.36273,No Activity,None,Rain,666.7,9.2,Under Review,0.47,
489,8,60,365,2024-05-29 17:52:19,FIELD_6359,GSI Geologist,24.67404,95.72921,Landslide Observed,Severe,Rain,943.4,151.4,Under Review,0.48,photos/FR00489.jpg
490,3,23,301,2024-10-31 01:16:40,FIELD_9735,Police,27.55646,91.53093,Crack Observed,Severe,Clear,628.2,182.4,Rejected,0.53,
491,2,22,299,2023-05-10 02:47:20,FIELD_3440,NDMA Officer,22.72484,96.52031,Crack Observed,Severe,Cloudy,288.1,22.8,Rejected,0.09,
492,3,30,959,2018-12-30 07:52:59,FIELD_7653,Forest Guard,25.82844,92.69671,Landslide Observed,Severe,Heavy Rain,766.5,164.4,Submitted,0.34,
493,3,25,92,2023-12-30 04:52:32,FIELD_5513,Forest Guard,26.29417,96.71682,Flooding,Minor,Clear,42.1,174.3,Rejected,0.34,
494,8,61,602,2018-03-13 18:44:28,FIELD_7654,Citizen,26.49017,90.14762,Crack Observed,Severe,Heavy Rain,310.2,157.9,Archived,0.24,photos/FR00494.jpg
495,3,23,873,2018-05-07 12:18:51,FIELD_4690,Police,28.07038,91.82864,No Activity,Moderate,Cloudy,403.4,97.4,Verified,0.3,
496,4,33,100,2019-11-18 09:49:15,FIELD_4861,GSI Geologist,23.74531,99.98979,Landslide Observed,Minor,Cloudy,260.6,129.4,Archived,0.63,photos/FR00496.jpg
497,3,26,688,2024-03-16 21:14:42,FIELD_1571,GSI Geologist,23.89688,90.48325,Village Isolated,Moderate,Clear,273.2,194.6,Archived,0.87,photos/FR00497.jpg
498,6,48,648,2020-07-26 00:15:51,FIELD_1167,Police,26.59103,94.77581,Crack Observed,None,Clear,738.7,10.2,Archived,0.5,photos/FR00498.jpg
499,1,5,15,2018-12-26 11:40:59,FIELD_7520,Forest Guard,24.02054,95.05425,Crack Observed,Severe,Cloudy,893.3,46.0,Archived,0.29,photos/FR00499.jpg
500,5,44,,2021-03-29 19:04:24,FIELD_5135,GSI Geologist,29.05856,98.43799,Village Isolated,None,Heavy Rain,995.3,73.9,Verified,0.11,photos/FR00500.jpg
501,2,15,131,2021-11-06 15:30:01,FIELD_7466,District Admin,26.91303,98.6732,Damage,Moderate,Rain,927.9,158.4,Archived,0.94,photos/FR00501.jpg
502,3,24,,2022-04-20 21:08:49,FIELD_8394,NDMA Officer,23.89556,99.29234,No Activity,Moderate,Cloudy,89.6,67.4,Under Review,0.09,photos/FR00502.jpg
503,7,58,,2018-09-14 06:36:11,FIELD_5342,GSI Geologist,27.12859,94.64724,No Activity,Severe,Heavy Rain,333.0,169.6,Rejected,0.77,
504,3,28,,2022-04-04 03:30:20,FIELD_3350,Citizen,29.29203,93.25611,Damage,None,Rain,728.4,73.8,Submitted,0.66,photos/FR00504.jpg
505,6,52,856,2021-12-09 04:51:58,FIELD_1729,GSI Geologist,28.35972,99.91798,Crack Observed,None,Heavy Rain,135.0,120.6,Archived,0.81,photos/FR00505.jpg
506,4,39,334,2019-06-24 09:59:24,FIELD_8786,Police,27.58387,91.03298,No Activity,Severe,Heavy Rain,281.3,135.2,Rejected,0.44,photos/FR00506.jpg
507,7,58,,2019-01-21 04:11:11,FIELD_4118,GSI Geologist,27.37705,94.3422,Road Blocked,Minor,Cloudy,325.6,68.3,Submitted,0.56,
508,8,61,157,2020-03-05 20:09:14,FIELD_3013,Police,26.90617,89.89659,Village Isolated,Minor,Clear,842.5,115.1,Rejected,0.27,
509,8,62,792,2018-01-21 14:14:12,FIELD_7025,Forest Guard,26.83362,92.27815,Crack Observed,Severe,Rain,647.2,105.1,Verified,0.7,photos/FR00509.jpg
510,3,31,,2018-04-12 08:15:27,FIELD_4020,Police,27.89467,95.21311,Crack Observed,Moderate,Heavy Rain,529.5,21.1,Verified,0.15,photos/FR00510.jpg
511,3,29,,2021-10-26 10:50:27,FIELD_8326,Police,25.78669,98.79246,No Activity,None,Rain,434.4,122.9,Archived,0.79,photos/FR00511.jpg
512,4,38,300,2021-10-18 18:12:00,FIELD_8500,GSI Geologist,29.92599,98.63026,Crack Observed,Moderate,Rain,268.5,122.1,Submitted,0.2,photos/FR00512.jpg
513,5,41,161,2024-05-19 23:51:25,FIELD_7607,Forest Guard,23.18531,94.54525,Crack Observed,Minor,Clear,909.8,66.1,Under Review,0.65,photos/FR00513.jpg
514,5,42,782,2021-05-17 21:58:29,FIELD_3022,Police,21.83804,97.03573,Flooding,Moderate,Clear,483.7,119.4,Rejected,0.24,
515,2,14,547,2023-07-26 11:34:46,FIELD_6224,Police,22.46336,92.75162,Flooding,Severe,Clear,105.4,80.6,Archived,0.82,
516,3,28,,2023-01-29 18:55:09,FIELD_4638,Citizen,28.74589,92.91834,Crack Observed,Minor,Cloudy,72.0,70.7,Verified,0.56,photos/FR00516.jpg
517,1,7,252,2020-09-13 12:04:14,FIELD_2383,NDMA Officer,26.21555,91.95635,Flooding,None,Heavy Rain,12.3,84.0,Verified,0.24,
518,1,4,,2023-07-22 20:48:09,FIELD_3860,District Admin,26.44662,90.10249,Village Isolated,None,Cloudy,144.6,184.7,Rejected,0.1,photos/FR00518.jpg
519,5,45,,2023-06-16 05:07:08,FIELD_2626,District Admin,29.00837,95.03236,Village Isolated,Severe,Heavy Rain,125.4,12.1,Rejected,0.03,
520,3,31,912,2018-02-24 20:56:18,FIELD_7466,District Admin,28.00906,95.64374,Flooding,Severe,Clear,564.3,122.4,Rejected,0.18,photos/FR00520.jpg
521,4,34,956,2019-10-29 04:35:52,FIELD_7860,Citizen,25.8726,97.84617,Landslide Observed,None,Cloudy,113.7,8.4,Verified,0.47,
522,4,34,465,2019-09-07 04:19:30,FIELD_1293,District Admin,25.69775,97.42614,Crack Observed,Severe,Cloudy,26.2,10.4,Under Review,0.18,photos/FR00522.jpg
523,3,31,,2020-06-03 01:13:59,FIELD_9068,GSI Geologist,27.76626,95.48098,Crack Observed,Minor,Heavy Rain,623.7,143.3,Archived,0.62,
524,1,11,546,2019-06-25 22:41:44,FIELD_3501,Citizen,22.51232,90.8653,Damage,Moderate,Cloudy,135.2,90.7,Verified,0.96,
525,1,3,,2020-02-13 01:28:23,FIELD_5845,Forest Guard,27.4692,99.13389,Damage,Minor,Rain,234.7,17.1,Archived,0.4,
526,4,39,,2024-12-03 23:33:08,FIELD_3845,Police,27.46995,90.87996,Village Isolated,None,Cloudy,399.8,197.4,Archived,0.24,photos/FR00526.jpg
527,3,24,666,2020-11-10 11:32:09,FIELD_9915,District Admin,24.0789,98.96414,Crack Observed,None,Rain,38.7,174.9,Under Review,0.75,photos/FR00527.jpg
528,5,40,750,2019-03-26 21:51:21,FIELD_2556,Police,27.81997,97.65228,Landslide Observed,Moderate,Rain,991.4,141.3,Submitted,0.28,
529,1,8,384,2020-04-02 05:08:34,FIELD_1301,NDMA Officer,24.3295,98.74141,Landslide Observed,Severe,Rain,405.7,18.1,Archived,0.68,photos/FR00529.jpg
530,8,59,,2021-09-12 19:27:32,FIELD_3725,District Admin,25.42326,92.68862,Damage,None,Clear,686.6,41.4,Under Review,0.74,
531,3,25,960,2018-10-21 13:45:24,FIELD_5797,NDMA Officer,26.29163,96.61628,Crack Observed,Moderate,Cloudy,105.4,12.8,Submitted,0.69,
532,6,51,325,2018-05-24 13:00:33,FIELD_6479,NDMA Officer,29.55467,90.99958,Crack Observed,Minor,Clear,554.1,119.6,Submitted,0.01,photos/FR00532.jpg
533,6,53,790,2023-06-05 05:26:21,FIELD_6867,District Admin,28.09129,91.46906,Damage,None,Cloudy,364.8,73.8,Under Review,0.8,
534,1,12,,2019-04-12 06:12:25,FIELD_4042,Citizen,26.67368,98.33844,Damage,None,Heavy Rain,994.2,10.9,Under Review,0.33,photos/FR00534.jpg
535,1,11,,2021-10-16 21:37:05,FIELD_8213,Forest Guard,22.54257,90.78316,Village Isolated,Severe,Rain,580.0,73.4,Submitted,0.5,
536,1,9,885,2022-03-13 07:46:04,FIELD_6699,District Admin,27.69446,93.66048,No Activity,Severe,Rain,526.9,188.8,Archived,0.62,photos/FR00536.jpg
537,8,60,827,2024-03-13 23:32:16,FIELD_5084,NDMA Officer,24.83322,95.82373,No Activity,Severe,Rain,865.8,22.7,Submitted,0.26,photos/FR00537.jpg
538,1,8,,2021-02-05 17:15:41,FIELD_6002,Forest Guard,24.34653,98.69345,No Activity,Moderate,Clear,915.3,187.0,Under Review,0.07,photos/FR00538.jpg
539,7,58,732,2018-01-02 16:43:43,FIELD_7715,Forest Guard,27.05722,94.42502,Crack Observed,Minor,Rain,904.7,63.5,Submitted,0.54,photos/FR00539.jpg
540,6,53,,2023-07-12 00:23:59,FIELD_2487,Forest Guard,27.9792,91.51957,No Activity,Severe,Heavy Rain,28.9,20.9,Submitted,0.11,photos/FR00540.jpg
541,3,29,,2022-06-11 21:02:33,FIELD_2439,Forest Guard,25.82689,98.60108,Road Blocked,Severe,Cloudy,964.8,94.0,Under Review,0.36,photos/FR00541.jpg
542,2,17,,2024-08-03 13:54:03,FIELD_6196,GSI Geologist,23.56139,92.6322,Damage,Moderate,Heavy Rain,722.8,141.9,Under Review,0.55,photos/FR00542.jpg
543,7,55,,2019-10-02 07:43:16,FIELD_5443,Police,28.75328,94.45344,Road Blocked,Minor,Clear,836.2,50.7,Under Review,0.32,
544,3,26,148,2019-03-30 03:45:48,FIELD_3079,District Admin,23.69725,90.47274,Damage,Severe,Heavy Rain,894.6,176.5,Verified,0.74,photos/FR00544.jpg
545,3,28,268,2024-11-11 07:27:31,FIELD_6696,NDMA Officer,28.9511,92.98139,Flooding,Minor,Cloudy,238.1,183.9,Under Review,0.39,
546,7,55,294,2024-06-23 02:54:08,FIELD_4827,NDMA Officer,28.93431,94.12625,No Activity,Minor,Rain,9.5,6.7,Rejected,0.65,
547,1,7,219,2023-07-23 14:55:16,FIELD_2707,District Admin,26.34498,92.50405,Flooding,Minor,Heavy Rain,742.8,158.0,Submitted,0.76,
548,3,32,869,2022-07-22 19:54:54,FIELD_8016,Citizen,25.53786,95.91868,Damage,Minor,Heavy Rain,747.7,10.7,Archived,0.8,photos/FR00548.jpg
549,1,1,,2020-05-14 16:18:03,FIELD_5644,Forest Guard,27.2327,90.14373,Village Isolated,None,Cloudy,238.1,140.4,Rejected,0.99,photos/FR00549.jpg
550,7,55,255,2018-04-17 23:09:39,FIELD_2536,Police,28.93871,94.29319,No Activity,Minor,Cloudy,836.1,72.6,Verified,0.08,photos/FR00550.jpg
551,5,45,884,2018-01-13 17:29:51,FIELD_4510,Forest Guard,28.62526,94.92907,Landslide Observed,Severe,Clear,518.3,124.3,Archived,0.57,photos/FR00551.jpg
552,5,42,,2018-03-08 00:13:32,FIELD_6366,Police,22.09809,97.02239,Damage,Minor,Clear,599.0,96.6,Archived,0.15,
553,2,18,157,2021-05-17 14:11:51,FIELD_4366,Police,28.77684,98.668,Crack Observed,Moderate,Rain,77.0,188.0,Submitted,0.09,
554,2,18,,2023-05-31 18:47:58,FIELD_7246,District Admin,28.9565,98.799,Flooding,None,Clear,510.5,106.5,Submitted,0.39,photos/FR00554.jpg
555,1,6,154,2021-12-01 06:10:44,FIELD_6443,Citizen,26.76602,97.35321,Road Blocked,Moderate,Cloudy,209.7,191.1,Verified,0.33,photos/FR00555.jpg
556,1,9,845,2022-06-01 19:08:40,FIELD_6636,Forest Guard,27.69918,93.60244,Landslide Observed,None,Cloudy,689.1,139.9,Rejected,0.09,
557,1,12,726,2020-09-07 08:59:25,FIELD_9059,District Admin,26.82654,97.85768,Flooding,None,Rain,179.9,156.9,Rejected,0.72,
558,2,17,,2022-02-03 21:01:00,FIELD_5274,NDMA Officer,23.78677,92.73698,Village Isolated,None,Clear,617.6,123.3,Verified,0.34,photos/FR00558.jpg
559,5,43,581,2024-10-01 14:12:44,FIELD_6406,District Admin,29.55666,97.89515,Damage,Severe,Rain,358.9,169.7,Archived,0.49,photos/FR00559.jpg
560,8,62,230,2019-07-20 20:58:00,FIELD_9004,District Admin,26.98603,92.39224,No Activity,Minor,Heavy Rain,149.0,104.1,Submitted,0.42,photos/FR00560.jpg
561,7,58,,2020-09-23 03:07:35,FIELD_2698,NDMA Officer,27.2488,94.13204,Flooding,Severe,Cloudy,655.6,10.1,Submitted,0.48,
562,8,61,46,2022-11-27 23:15:07,FIELD_5569,Citizen,26.51437,89.92798,Damage,Minor,Clear,170.5,27.9,Verified,0.18,photos/FR00562.jpg
563,8,59,,2024-05-27 06:35:51,FIELD_6271,Police,25.60236,92.32866,Damage,None,Clear,941.1,151.4,Archived,0.3,photos/FR00563.jpg
564,6,54,,2021-01-02 12:50:36,FIELD_8202,Citizen,29.56282,91.94169,Road Blocked,None,Cloudy,123.9,190.0,Submitted,0.42,photos/FR00564.jpg
565,4,36,,2018-01-21 06:26:37,FIELD_4426,Forest Guard,25.30277,90.36775,Landslide Observed,Minor,Clear,624.6,14.9,Under Review,0.84,
566,5,46,573,2022-08-06 16:36:14,FIELD_1051,District Admin,23.39474,97.80755,No Activity,Minor,Heavy Rain,887.9,160.8,Archived,0.12,
567,2,14,688,2019-06-10 05:18:40,FIELD_6016,GSI Geologist,22.48052,92.79175,Village Isolated,Minor,Clear,439.6,97.7,Submitted,0.02,photos/FR00567.jpg
568,8,59,666,2019-09-28 05:57:17,FIELD_5322,Citizen,25.8779,92.49037,Flooding,Severe,Clear,779.1,5.5,Archived,0.81,photos/FR00568.jpg
569,6,48,,2019-02-28 09:52:50,FIELD_9764,GSI Geologist,27.08706,94.62088,No Activity,None,Cloudy,961.5,103.1,Rejected,0.22,
570,3,24,302,2024-11-11 19:53:02,FIELD_4847,District Admin,23.91979,99.48445,Flooding,Severe,Heavy Rain,771.8,76.3,Under Review,0.68,photos/FR00570.jpg
571,5,42,715,2019-12-25 16:22:07,FIELD_2484,NDMA Officer,21.96695,97.38023,Crack Observed,Severe,Heavy Rain,697.0,199.8,Archived,0.33,photos/FR00571.jpg
572,1,2,502,2019-08-15 06:45:41,FIELD_5188,Police,23.78244,91.16385,Landslide Observed,Moderate,Heavy Rain,492.9,15.4,Under Review,0.01,photos/FR00572.jpg
573,3,32,668,2024-11-23 21:55:46,FIELD_9822,Citizen,25.25422,95.7838,Road Blocked,Severe,Clear,286.8,183.9,Archived,0.13,photos/FR00573.jpg
574,6,52,,2023-11-23 08:52:16,FIELD_5891,District Admin,28.33771,99.64198,Village Isolated,None,Rain,931.7,48.8,Rejected,0.88,photos/FR00574.jpg
575,1,4,968,2023-08-15 07:41:21,FIELD_1394,GSI Geologist,26.62099,90.09844,Flooding,Moderate,Heavy Rain,807.1,188.0,Archived,0.64,
576,6,53,163,2018-04-17 06:35:09,FIELD_6662,Forest Guard,28.37062,91.43272,Crack Observed,Severe,Cloudy,313.8,195.1,Rejected,0.01,photos/FR00576.jpg
577,1,7,772,2021-07-11 12:46:28,FIELD_9840,Police,26.54084,92.48474,Village Isolated,Minor,Rain,435.4,190.3,Under Review,1.0,photos/FR00577.jpg
578,6,47,82,2020-07-03 17:49:39,FIELD_4038,NDMA Officer,29.82262,99.19266,Village Isolated,Minor,Clear,926.5,127.2,Submitted,0.97,photos/FR00578.jpg
579,8,60,334,2020-05-21 19:39:40,FIELD_1157,Citizen,24.6566,96.06164,Damage,Moderate,Clear,117.0,78.7,Under Review,0.8,photos/FR00579.jpg
580,4,39,37,2019-11-28 04:22:29,FIELD_5218,Police,27.69715,90.85992,Landslide Observed,Minor,Clear,349.1,125.8,Submitted,0.39,photos/FR00580.jpg
581,4,37,,2021-09-08 12:08:54,FIELD_6887,GSI Geologist,26.62001,94.85162,Crack Observed,Minor,Clear,976.3,2.7,Rejected,0.04,
582,3,27,,2021-04-11 06:57:28,FIELD_9657,District Admin,25.12457,90.73586,Village Isolated,None,Rain,170.4,81.3,Rejected,0.99,photos/FR00582.jpg
583,4,39,,2020-09-09 13:44:43,FIELD_8266,Forest Guard,27.31151,91.1005,Landslide Observed,Severe,Cloudy,530.3,139.3,Archived,0.33,
584,4,33,,2024-12-05 08:07:52,FIELD_7292,GSI Geologist,23.85515,99.73946,Road Blocked,Minor,Clear,556.9,23.5,Archived,0.33,
585,2,16,,2018-08-08 11:09:53,FIELD_9147,GSI Geologist,23.80235,90.65912,Landslide Observed,None,Rain,481.0,160.8,Under Review,0.88,photos/FR00585.jpg
586,6,54,641,2019-12-12 13:04:07,FIELD_3560,Police,29.29872,91.92875,Road Blocked,Severe,Heavy Rain,402.0,11.6,Rejected,0.31,
587,3,27,943,2021-07-27 02:14:55,FIELD_5634,GSI Geologist,25.08481,90.58973,Damage,Moderate,Rain,683.2,16.8,Archived,0.23,photos/FR00587.jpg
588,6,50,,2020-01-23 02:42:20,FIELD_8273,Police,23.66841,92.58812,Road Blocked,Minor,Rain,767.4,186.7,Archived,0.82,
589,4,38,735,2024-02-08 11:01:41,FIELD_5360,GSI Geologist,29.66337,98.65262,Crack Observed,Minor,Clear,889.1,114.9,Rejected,0.38,photos/FR00589.jpg
590,7,56,919,2024-10-07 17:05:16,FIELD_3534,Police,29.37441,97.78188,Flooding,Minor,Heavy Rain,560.1,128.8,Under Review,0.75,photos/FR00590.jpg
591,5,43,825,2022-11-13 16:01:16,FIELD_8700,District Admin,29.7615,97.80128,No Activity,Severe,Rain,248.2,171.3,Rejected,0.11,
592,4,35,434,2021-10-18 19:31:51,FIELD_6023,Forest Guard,22.99878,91.62274,No Activity,None,Heavy Rain,425.1,190.1,Submitted,0.69,
593,1,8,916,2020-02-26 09:52:16,FIELD_3067,GSI Geologist,24.14437,98.62133,Crack Observed,Moderate,Clear,448.3,172.9,Under Review,0.85,photos/FR00593.jpg
594,4,34,431,2022-11-22 23:10:48,FIELD_2913,NDMA Officer,26.09931,97.5263,Flooding,Minor,Heavy Rain,733.7,42.5,Archived,0.65,photos/FR00594.jpg
595,3,27,678,2021-10-15 14:25:10,FIELD_8822,Forest Guard,25.09111,90.52838,Damage,Severe,Rain,34.0,161.0,Under Review,0.94,
596,3,24,768,2021-02-18 23:25:51,FIELD_5621,GSI Geologist,23.87056,99.00523,Crack Observed,Minor,Clear,639.9,156.8,Archived,0.88,
597,6,52,380,2022-03-05 06:38:35,FIELD_5232,GSI Geologist,28.46187,99.85776,Flooding,Minor,Rain,336.6,67.4,Under Review,0.39,photos/FR00597.jpg
598,6,49,216,2020-04-23 11:32:33,FIELD_4010,NDMA Officer,29.27802,98.69016,Flooding,Minor,Clear,999.7,179.7,Verified,0.78,photos/FR00598.jpg
599,1,11,752,2024-01-05 20:57:16,FIELD_3341,Forest Guard,22.72409,90.98398,No Activity,Minor,Heavy Rain,60.2,143.5,Archived,0.99,photos/FR00599.jpg
600,7,56,,2024-12-13 00:58:04,FIELD_7604,NDMA Officer,29.66014,97.84221,Road Blocked,None,Heavy Rain,811.0,108.1,Verified,0.78,photos/FR00600.jpg
601,7,57,554,2023-02-08 08:10:32,FIELD_5677,District Admin,23.41269,93.35988,Flooding,Minor,Clear,56.6,96.4,Under Review,0.8,photos/FR00601.jpg
602,2,15,892,2020-03-06 12:21:26,FIELD_3286,GSI Geologist,27.11676,98.72556,No Activity,Severe,Heavy Rain,993.8,112.9,Submitted,0.59,
603,8,61,596,2023-11-04 04:08:42,FIELD_8712,District Admin,26.6077,90.28462,Village Isolated,Moderate,Rain,36.1,77.6,Submitted,0.35,photos/FR00603.jpg
604,4,34,,2018-06-16 03:04:20,FIELD_8835,Police,26.02303,97.34295,Landslide Observed,Severe,Clear,196.7,150.8,Rejected,0.82,photos/FR00604.jpg
605,1,10,,2019-07-07 13:27:16,FIELD_8081,Citizen,23.88497,97.51469,Damage,Moderate,Rain,623.5,19.5,Submitted,0.09,
606,4,37,930,2023-06-27 12:21:00,FIELD_3859,Citizen,26.83358,94.45119,Damage,Minor,Heavy Rain,901.1,7.9,Submitted,0.99,photos/FR00606.jpg
607,4,36,614,2021-01-14 20:49:55,FIELD_6716,NDMA Officer,25.62071,90.4932,Landslide Observed,Moderate,Clear,809.7,165.3,Archived,0.81,photos/FR00607.jpg
608,1,4,618,2023-10-14 14:41:47,FIELD_8089,Police,26.99513,90.60812,Crack Observed,Minor,Cloudy,216.8,189.5,Rejected,0.83,photos/FR00608.jpg
609,2,14,366,2020-06-10 15:40:59,FIELD_3605,Citizen,22.85872,93.03736,Crack Observed,Minor,Heavy Rain,242.3,143.9,Verified,0.31,photos/FR00609.jpg
610,6,50,753,2024-03-21 05:33:17,FIELD_3937,Forest Guard,23.76178,92.59848,No Activity,Moderate,Clear,995.4,115.1,Submitted,0.4,
611,8,61,361,2023-04-03 03:52:33,FIELD_3386,GSI Geologist,26.52622,90.02661,Damage,Minor,Cloudy,691.0,28.7,Archived,0.72,photos/FR00611.jpg
612,3,32,247,2022-06-24 18:37:36,FIELD_5397,Citizen,25.56778,96.06311,Landslide Observed,Moderate,Heavy Rain,442.4,101.3,Under Review,0.26,photos/FR00612.jpg
613,3,25,86,2021-03-24 18:05:56,FIELD_3709,Citizen,26.18681,96.55691,No Activity,None,Rain,182.6,149.9,Submitted,0.74,photos/FR00613.jpg
614,1,5,52,2020-03-30 19:45:37,FIELD_2269,Police,23.53354,94.925,Landslide Observed,None,Clear,566.8,26.9,Rejected,0.25,photos/FR00614.jpg
615,3,30,,2021-09-22 04:56:22,FIELD_9668,NDMA Officer,25.92634,92.6022,Village Isolated,None,Cloudy,800.4,63.6,Submitted,0.58,
616,7,58,,2024-02-13 17:06:12,FIELD_6296,Citizen,26.94668,94.61036,Village Isolated,Minor,Heavy Rain,442.9,45.0,Submitted,0.81,photos/FR00616.jpg
617,5,45,,2023-08-26 05:29:15,FIELD_8555,GSI Geologist,28.85181,94.81596,Crack Observed,Moderate,Clear,905.2,90.2,Under Review,0.95,photos/FR00617.jpg
618,2,15,,2023-12-16 10:33:41,FIELD_8295,District Admin,27.21443,98.74049,No Activity,Moderate,Cloudy,833.8,96.2,Submitted,0.08,photos/FR00618.jpg
619,1,1,,2019-06-18 18:41:33,FIELD_7778,District Admin,27.34408,90.12375,Landslide Observed,Moderate,Cloudy,949.3,135.5,Rejected,0.02,
620,1,5,,2023-11-22 09:39:55,FIELD_7985,Forest Guard,23.67786,94.91555,Landslide Observed,Moderate,Rain,855.2,195.2,Rejected,0.25,photos/FR00620.jpg
621,1,3,849,2022-09-27 21:19:21,FIELD_1506,NDMA Officer,27.39618,98.66029,Village Isolated,Minor,Clear,82.9,63.2,Verified,0.92,photos/FR00621.jpg
622,4,37,626,2024-11-29 23:17:29,FIELD_7659,NDMA Officer,27.0473,94.91705,Damage,Moderate,Heavy Rain,406.2,156.1,Rejected,0.8,photos/FR00622.jpg
623,3,32,622,2020-10-13 23:50:17,FIELD_5205,Citizen,25.38971,95.56511,Damage,Minor,Heavy Rain,149.7,94.4,Submitted,0.84,
624,2,20,268,2020-03-29 12:23:58,FIELD_9195,Forest Guard,23.45547,93.48477,Damage,Severe,Heavy Rain,337.5,51.6,Submitted,0.74,
625,6,50,813,2024-09-16 12:27:12,FIELD_2591,Forest Guard,23.68509,92.44575,Landslide Observed,Minor,Clear,947.3,113.5,Rejected,0.35,photos/FR00625.jpg
626,4,36,,2020-10-10 03:42:24,FIELD_1764,GSI Geologist,25.37244,90.66434,Village Isolated,Minor,Clear,902.3,181.2,Rejected,0.75,photos/FR00626.jpg
627,8,60,,2024-09-23 11:17:00,FIELD_1307,Citizen,24.49167,95.82574,Crack Observed,Severe,Rain,848.0,13.0,Submitted,0.23,photos/FR00627.jpg
628,5,43,790,2020-02-23 03:26:08,FIELD_8278,NDMA Officer,30.00429,97.56602,Village Isolated,Moderate,Rain,62.8,145.1,Archived,0.12,
629,8,59,456,2018-09-02 04:33:15,FIELD_8194,Police,25.89741,92.57478,Landslide Observed,Severe,Heavy Rain,534.9,180.3,Verified,0.43,photos/FR00629.jpg
630,1,10,232,2021-12-23 13:24:35,FIELD_7413,Forest Guard,23.78008,97.72523,Flooding,Severe,Clear,312.9,24.3,Under Review,0.78,
631,1,2,443,2021-11-21 07:54:16,FIELD_6699,NDMA Officer,23.66744,91.50809,Flooding,Severe,Clear,899.1,182.5,Archived,0.25,photos/FR00631.jpg
632,3,24,448,2022-02-10 05:28:08,FIELD_8900,NDMA Officer,23.92119,99.32898,No Activity,None,Heavy Rain,131.2,18.5,Verified,0.8,
633,6,49,,2019-09-30 20:24:01,FIELD_1174,Police,29.48452,98.55759,Crack Observed,Moderate,Clear,362.4,90.5,Verified,0.75,photos/FR00633.jpg
634,4,35,,2020-05-21 03:15:21,FIELD_1891,Citizen,23.17639,91.79705,Flooding,Severe,Cloudy,687.0,9.0,Archived,0.58,
635,2,19,644,2024-04-01 01:21:40,FIELD_9739,Citizen,24.45075,96.29145,Landslide Observed,Severe,Cloudy,671.2,33.0,Under Review,0.8,
636,2,14,761,2018-04-29 23:59:16,FIELD_3436,GSI Geologist,22.33913,92.96741,No Activity,Severe,Clear,849.9,175.0,Verified,0.72,photos/FR00636.jpg
637,3,26,469,2020-11-13 04:20:37,FIELD_6762,Citizen,23.56976,90.56192,Landslide Observed,Minor,Clear,391.4,179.8,Submitted,0.44,photos/FR00637.jpg
638,4,37,825,2021-05-17 02:13:12,FIELD_4159,Forest Guard,27.04806,94.70551,Damage,Severe,Cloudy,780.5,48.7,Under Review,0.51,
639,1,10,634,2020-05-07 05:10:31,FIELD_6891,NDMA Officer,23.5114,97.53064,Damage,Severe,Heavy Rain,614.4,3.7,Under Review,0.56,photos/FR00639.jpg
640,6,53,,2022-10-03 06:33:22,FIELD_9159,NDMA Officer,28.40186,91.37357,Damage,Moderate,Rain,892.0,150.9,Submitted,0.64,photos/FR00640.jpg
641,2,21,528,2020-01-19 06:51:32,FIELD_4791,NDMA Officer,24.00812,99.64259,Damage,Severe,Rain,430.6,45.0,Rejected,0.84,photos/FR00641.jpg
642,1,1,624,2022-03-23 13:39:03,FIELD_1625,Forest Guard,27.23319,90.52114,Village Isolated,Moderate,Heavy Rain,373.0,159.4,Rejected,0.28,photos/FR00642.jpg
643,1,4,970,2020-01-24 16:09:21,FIELD_1945,GSI Geologist,26.61283,90.35047,No Activity,Severe,Cloudy,488.6,106.0,Submitted,0.16,photos/FR00643.jpg
644,2,17,193,2018-05-29 09:37:20,FIELD_6253,Police,23.52583,93.16033,Damage,Severe,Clear,895.0,109.1,Rejected,0.92,
645,3,31,,2022-08-11 17:55:10,FIELD_5632,District Admin,27.98517,95.55468,No Activity,Minor,Clear,382.8,102.1,Archived,0.33,
646,1,11,230,2019-03-12 01:47:30,FIELD_9785,GSI Geologist,22.55227,90.88947,Landslide Observed,Minor,Rain,898.4,23.4,Rejected,0.16,photos/FR00646.jpg
647,1,6,567,2024-08-03 19:47:47,FIELD_6661,NDMA Officer,26.49609,97.26369,Flooding,Minor,Clear,208.3,173.1,Submitted,0.88,photos/FR00647.jpg
648,1,6,368,2018-11-13 08:53:07,FIELD_3083,NDMA Officer,26.63919,97.35323,Flooding,Severe,Heavy Rain,258.3,185.0,Rejected,0.73,
649,2,22,619,2024-10-28 09:43:19,FIELD_3523,Forest Guard,22.81972,96.1775,No Activity,Moderate,Heavy Rain,561.8,178.7,Archived,0.27,
650,3,30,208,2023-09-27 05:48:21,FIELD_7056,District Admin,25.39603,92.9102,Damage,Moderate,Clear,375.5,10.2,Under Review,0.2,photos/FR00650.jpg
651,3,29,,2019-01-18 10:52:17,FIELD_4335,Forest Guard,25.8749,99.03461,Road Blocked,Minor,Clear,136.9,62.6,Submitted,0.57,photos/FR00651.jpg
652,3,25,891,2021-08-21 06:20:29,FIELD_6733,Police,26.26942,96.72459,Flooding,Moderate,Clear,657.8,180.2,Rejected,0.69,photos/FR00652.jpg
653,6,51,,2018-12-31 13:33:36,FIELD_7031,NDMA Officer,29.847,90.88765,Damage,Minor,Clear,916.1,76.3,Verified,0.79,photos/FR00653.jpg
654,1,7,633,2021-06-30 11:18:10,FIELD_4739,District Admin,26.38985,92.19175,Flooding,Severe,Cloudy,198.5,56.2,Verified,0.24,
655,4,34,778,2021-04-16 01:53:03,FIELD_1066,District Admin,25.79169,97.65465,Village Isolated,Severe,Cloudy,495.7,51.7,Submitted,0.78,
656,6,54,446,2020-07-31 01:09:38,FIELD_8656,NDMA Officer,29.83213,91.60854,Damage,None,Cloudy,388.7,147.6,Under Review,0.31,photos/FR00656.jpg
657,4,39,437,2021-01-13 22:07:48,FIELD_4361,Forest Guard,27.26382,91.14758,Road Blocked,Severe,Cloudy,201.2,176.6,Submitted,0.56,
658,4,39,595,2022-04-03 09:35:51,FIELD_1825,Police,27.4675,91.02226,Flooding,None,Rain,99.3,138.5,Under Review,0.14,
659,4,33,898,2021-07-10 08:14:33,FIELD_4082,Forest Guard,23.93224,100.17308,No Activity,Moderate,Clear,879.4,108.9,Archived,0.39,
660,6,50,409,2022-06-15 16:55:26,FIELD_2037,District Admin,24.12771,92.41122,No Activity,Severe,Rain,726.9,32.7,Verified,0.54,
661,2,21,24,2023-10-07 06:39:22,FIELD_8366,Citizen,24.08917,99.53225,Road Blocked,Moderate,Rain,100.9,122.2,Under Review,0.99,photos/FR00661.jpg
662,2,14,,2020-04-01 11:22:37,FIELD_1071,Citizen,22.66497,92.9505,Crack Observed,Minor,Rain,257.4,106.1,Under Review,0.55,
663,6,53,279,2019-08-21 18:11:58,FIELD_5177,Forest Guard,28.36513,91.30429,Damage,Minor,Heavy Rain,917.9,91.6,Verified,0.39,
664,2,14,,2021-08-05 05:13:16,FIELD_7922,Police,22.92789,93.04445,Flooding,None,Rain,56.1,184.4,Archived,0.88,photos/FR00664.jpg
665,5,44,656,2022-09-23 18:07:58,FIELD_1141,Police,29.01558,98.70442,Road Blocked,None,Cloudy,922.3,128.5,Rejected,0.71,photos/FR00665.jpg
666,3,29,,2022-06-22 20:47:36,FIELD_9642,Forest Guard,25.94486,99.07291,Landslide Observed,Minor,Clear,333.6,190.9,Under Review,0.54,photos/FR00666.jpg
667,2,16,451,2024-12-18 03:25:31,FIELD_3737,NDMA Officer,23.35847,90.4423,Damage,None,Rain,387.7,27.5,Under Review,0.59,
668,6,47,,2022-08-20 01:34:55,FIELD_3605,Forest Guard,29.44584,98.99103,Road Blocked,Severe,Rain,649.3,123.3,Under Review,0.43,
669,2,20,944,2024-01-31 08:58:25,FIELD_7569,GSI Geologist,23.54746,93.56521,Landslide Observed,Severe,Rain,442.2,58.9,Under Review,0.14,photos/FR00669.jpg
670,5,45,679,2023-05-15 20:15:02,FIELD_3051,GSI Geologist,28.62337,95.03306,Village Isolated,Minor,Cloudy,263.1,112.4,Under Review,0.4,
671,1,12,57,2024-02-11 15:57:15,FIELD_7881,Forest Guard,27.12619,97.86851,Crack Observed,Minor,Clear,433.5,4.7,Rejected,0.99,
672,2,15,449,2022-09-27 20:15:29,FIELD_7670,Police,27.07856,98.87379,Crack Observed,Moderate,Cloudy,616.1,160.7,Archived,0.67,photos/FR00672.jpg
673,3,25,,2021-08-07 20:29:45,FIELD_9208,Police,26.37049,97.0748,No Activity,Moderate,Heavy Rain,893.4,196.6,Submitted,0.23,photos/FR00673.jpg
674,3,32,,2020-08-27 20:03:28,FIELD_4289,Forest Guard,25.46028,95.87104,Flooding,Severe,Rain,832.4,115.9,Under Review,0.15,
675,3,24,,2018-08-28 16:39:30,FIELD_3435,Forest Guard,24.09887,98.98527,No Activity,Minor,Heavy Rain,636.7,7.3,Under Review,0.08,photos/FR00675.jpg
676,1,3,878,2018-11-27 12:14:32,FIELD_8040,Forest Guard,27.16375,98.64997,Village Isolated,Minor,Rain,339.8,62.2,Verified,0.04,
677,7,57,276,2024-04-03 03:58:16,FIELD_9043,Police,23.82173,92.89538,Village Isolated,Moderate,Clear,911.3,63.0,Verified,0.34,photos/FR00677.jpg
678,4,37,915,2019-09-06 15:04:49,FIELD_1925,Forest Guard,26.74175,94.93889,Damage,Moderate,Cloudy,109.0,198.4,Rejected,0.82,photos/FR00678.jpg
679,4,37,47,2022-07-12 12:46:11,FIELD_7619,NDMA Officer,26.91679,94.41597,Damage,Severe,Heavy Rain,93.2,133.8,Rejected,0.0,
680,1,3,417,2021-11-25 03:27:33,FIELD_7889,GSI Geologist,27.27544,98.71042,Road Blocked,Minor,Rain,762.8,82.8,Verified,0.92,photos/FR00680.jpg
681,8,59,868,2022-03-31 14:39:20,FIELD_9033,Police,25.50383,92.29458,Damage,Minor,Clear,81.7,82.3,Verified,0.51,photos/FR00681.jpg
682,7,57,735,2022-09-04 00:47:25,FIELD_9806,Police,23.81229,93.35913,No Activity,Minor,Rain,599.5,180.1,Under Review,0.92,photos/FR00682.jpg
683,6,48,,2020-12-05 14:15:32,FIELD_6294,District Admin,26.6478,94.62795,Damage,Moderate,Cloudy,49.7,172.4,Under Review,0.92,
684,2,15,,2019-02-21 00:13:47,FIELD_9110,Forest Guard,27.04352,98.69341,Flooding,Minor,Rain,643.4,57.5,Verified,0.78,photos/FR00684.jpg
685,4,38,354,2022-03-30 23:39:15,FIELD_5626,Police,29.87606,98.62298,Landslide Observed,Minor,Heavy Rain,943.1,25.9,Under Review,0.72,photos/FR00685.jpg
686,3,31,,2022-05-04 07:28:23,FIELD_4458,Police,28.18061,95.53305,Damage,Minor,Clear,562.9,2.0,Under Review,0.63,photos/FR00686.jpg
687,7,56,,2022-10-03 20:46:22,FIELD_5777,GSI Geologist,29.15061,97.59608,Road Blocked,Moderate,Cloudy,66.0,127.2,Verified,0.12,photos/FR00687.jpg
688,3,28,358,2024-08-04 06:31:53,FIELD_1824,District Admin,29.28714,93.1287,Village Isolated,Severe,Clear,342.4,72.7,Archived,0.57,
689,6,50,542,2023-10-10 04:06:31,FIELD_6746,Forest Guard,24.06163,92.24586,Village Isolated,Severe,Cloudy,993.9,44.6,Verified,0.92,
690,5,46,709,2021-07-11 12:11:58,FIELD_4546,NDMA Officer,22.9388,97.7884,Flooding,Moderate,Rain,610.4,58.5,Rejected,0.93,photos/FR00690.jpg
691,6,51,276,2024-04-25 15:20:47,FIELD_8742,District Admin,29.78973,90.92813,Flooding,Severe,Cloudy,523.0,14.7,Submitted,0.79,
692,2,20,97,2020-09-19 03:24:56,FIELD_5194,GSI Geologist,23.58447,93.55922,Damage,None,Cloudy,767.2,127.1,Under Review,0.05,
693,7,55,,2023-06-28 22:08:25,FIELD_1327,Police,28.69458,94.15402,No Activity,Moderate,Heavy Rain,668.7,37.1,Under Review,0.18,
694,5,43,899,2020-11-05 21:48:09,FIELD_8422,District Admin,30.06799,97.3976,Landslide Observed,None,Clear,255.3,98.2,Under Review,0.51,photos/FR00694.jpg
695,6,48,248,2022-03-30 14:03:50,FIELD_9104,Police,26.75616,95.14087,Village Isolated,Moderate,Cloudy,620.3,124.3,Verified,0.39,photos/FR00695.jpg
696,6,52,371,2023-10-11 03:41:02,FIELD_9934,Police,28.39447,99.54438,Road Blocked,Minor,Heavy Rain,973.1,178.1,Verified,0.53,
697,1,10,19,2020-12-29 07:44:47,FIELD_2714,GSI Geologist,23.48287,97.81686,Crack Observed,Minor,Cloudy,481.7,56.8,Archived,0.83,photos/FR00697.jpg
698,8,62,,2019-08-23 20:08:00,FIELD_4355,NDMA Officer,27.13447,92.43014,Flooding,None,Cloudy,71.2,133.0,Rejected,0.82,
699,3,25,632,2021-12-15 01:21:18,FIELD_7217,GSI Geologist,26.65471,96.99576,Flooding,Severe,Cloudy,112.6,4.1,Submitted,0.79,
700,4,34,679,2024-12-11 11:53:56,FIELD_9549,Police,26.01458,97.59563,Damage,None,Clear,768.4,70.2,Verified,0.94,
701,7,58,896,2018-10-24 21:00:23,FIELD_1045,GSI Geologist,27.2888,94.33408,Road Blocked,None,Heavy Rain,986.3,41.6,Archived,0.47,photos/FR00701.jpg
702,6,53,726,2020-06-10 15:06:48,FIELD_7304,District Admin,28.3493,91.55707,Road Blocked,None,Heavy Rain,317.3,17.8,Rejected,0.16,
703,6,51,,2018-03-23 16:08:31,FIELD_8282,GSI Geologist,29.5708,91.07205,No Activity,Moderate,Clear,310.5,130.2,Rejected,0.65,
704,6,51,608,2020-04-19 09:01:54,FIELD_6170,Police,29.69949,90.78186,Crack Observed,None,Cloudy,633.0,133.8,Archived,0.28,photos/FR00704.jpg
705,8,61,849,2023-08-28 13:33:49,FIELD_2219,GSI Geologist,26.49216,90.0678,No Activity,Moderate,Heavy Rain,527.9,1.1,Under Review,0.06,photos/FR00705.jpg
706,7,58,358,2024-09-21 09:36:00,FIELD_1500,District Admin,26.9522,94.62573,Landslide Observed,None,Heavy Rain,130.6,3.8,Rejected,0.58,
707,6,54,425,2023-04-08 21:55:31,FIELD_7687,Forest Guard,29.53258,91.89839,Flooding,None,Heavy Rain,796.2,193.7,Rejected,0.05,
708,2,18,788,2021-05-03 13:23:57,FIELD_7095,GSI Geologist,28.59121,98.95715,No Activity,None,Rain,461.4,83.9,Under Review,0.36,photos/FR00708.jpg
709,2,13,603,2020-07-23 17:47:12,FIELD_2369,NDMA Officer,26.37553,99.71902,Village Isolated,Severe,Heavy Rain,519.7,122.9,Verified,0.24,
710,6,51,,2019-08-01 07:40:14,FIELD_2921,GSI Geologist,29.79907,91.01295,Flooding,None,Clear,863.8,167.6,Under Review,0.95,
711,7,55,474,2018-02-09 10:26:04,FIELD_6275,District Admin,28.81134,94.4326,Damage,Minor,Cloudy,543.2,0.0,Under Review,0.71,
712,7,58,153,2022-11-24 00:27:31,FIELD_7190,NDMA Officer,27.24627,94.11845,Village Isolated,Severe,Heavy Rain,111.6,168.4,Under Review,0.4,
713,1,4,,2020-10-27 10:24:32,FIELD_1960,GSI Geologist,26.93232,90.29358,Landslide Observed,Severe,Heavy Rain,656.9,114.8,Under Review,0.44,photos/FR00713.jpg
714,2,13,,2021-10-08 20:43:52,FIELD_1528,Citizen,26.33495,99.60226,Crack Observed,None,Clear,549.5,54.2,Under Review,0.83,photos/FR00714.jpg
715,1,10,953,2023-09-12 03:53:12,FIELD_9029,Citizen,23.72926,97.34594,Crack Observed,Minor,Heavy Rain,452.3,112.6,Archived,0.91,
716,6,50,,2022-07-08 20:23:48,FIELD_7417,Citizen,23.82453,92.35066,Flooding,None,Cloudy,447.0,50.7,Archived,0.19,photos/FR00716.jpg
717,1,1,968,2018-07-21 08:01:46,FIELD_6315,GSI Geologist,26.83685,90.37792,No Activity,Minor,Rain,16.0,162.5,Verified,0.85,photos/FR00717.jpg
718,2,14,879,2018-07-23 22:12:12,FIELD_6366,Forest Guard,22.42123,93.02652,No Activity,Severe,Rain,17.8,31.9,Archived,0.18,
719,6,54,961,2024-10-08 12:19:28,FIELD_2950,Police,29.64028,91.84921,Road Blocked,None,Clear,420.1,65.2,Archived,0.28,photos/FR00719.jpg
720,5,43,222,2022-11-07 02:43:18,FIELD_7689,Police,29.8715,97.54382,Road Blocked,None,Clear,796.3,23.6,Archived,0.06,
721,6,47,,2024-10-31 20:33:39,FIELD_1383,NDMA Officer,29.47279,99.40859,Village Isolated,None,Clear,303.9,146.7,Rejected,0.6,
722,3,23,560,2024-06-21 01:19:19,FIELD_4649,Citizen,27.57195,91.39294,Village Isolated,Moderate,Heavy Rain,559.7,177.3,Submitted,0.62,photos/FR00722.jpg
723,3,28,548,2022-04-05 02:25:58,FIELD_7978,Police,29.06882,92.85947,Landslide Observed,None,Clear,892.5,166.5,Rejected,0.86,photos/FR00723.jpg
724,5,41,740,2024-06-16 21:02:38,FIELD_8644,Police,22.82564,94.1094,Road Blocked,Minor,Cloudy,970.3,81.8,Under Review,0.05,photos/FR00724.jpg
725,2,22,762,2020-05-20 08:02:55,FIELD_1190,GSI Geologist,22.85839,96.38242,Crack Observed,None,Heavy Rain,711.7,117.9,Rejected,0.7,
726,1,1,,2018-07-20 09:28:25,FIELD_9518,Forest Guard,26.85063,90.00021,Landslide Observed,None,Rain,589.5,121.8,Verified,0.77,photos/FR00726.jpg
727,5,40,953,2018-11-09 08:50:38,FIELD_5431,Citizen,27.98795,97.54438,Damage,Minor,Cloudy,181.1,72.6,Archived,0.57,
728,1,9,830,2023-04-19 20:36:24,FIELD_3193,District Admin,27.52721,93.22985,No Activity,None,Heavy Rain,54.9,65.5,Rejected,0.85,
729,4,33,,2024-04-22 10:24:46,FIELD_7074,GSI Geologist,23.8248,100.12152,Road Blocked,Minor,Rain,538.2,36.4,Verified,0.52,
730,1,8,879,2020-05-08 22:39:45,FIELD_2632,Police,24.12882,98.63624,Village Isolated,Severe,Cloudy,622.6,152.6,Rejected,0.98,photos/FR00730.jpg
731,2,16,,2018-02-13 06:18:04,FIELD_9261,District Admin,23.79936,90.67793,Crack Observed,None,Cloudy,117.4,63.9,Verified,0.82,
732,5,46,,2019-03-26 16:58:48,FIELD_2572,Police,23.08996,97.47577,Road Blocked,Minor,Heavy Rain,791.6,177.2,Rejected,0.94,
733,1,1,908,2021-07-29 21:06:00,FIELD_5243,Police,26.94901,89.9615,Village Isolated,Minor,Clear,999.0,61.0,Archived,0.17,photos/FR00733.jpg
734,1,3,696,2019-08-05 13:17:48,FIELD_6985,Police,27.43823,98.93344,Village Isolated,None,Cloudy,576.5,173.5,Under Review,0.02,photos/FR00734.jpg
735,6,49,,2021-12-09 14:15:27,FIELD_4564,Forest Guard,29.51668,99.00856,Landslide Observed,Severe,Rain,352.1,26.6,Verified,0.42,photos/FR00735.jpg
736,8,60,85,2021-03-05 17:26:38,FIELD_1329,NDMA Officer,24.98788,96.17927,Landslide Observed,Minor,Cloudy,850.1,127.2,Under Review,0.75,photos/FR00736.jpg
737,2,14,786,2020-06-06 07:42:50,FIELD_8271,Forest Guard,22.38767,93.1745,Village Isolated,None,Heavy Rain,211.5,97.5,Verified,0.99,photos/FR00737.jpg
738,4,38,9,2023-11-15 16:06:54,FIELD_6452,District Admin,29.78361,98.82484,Crack Observed,Moderate,Clear,798.1,140.9,Verified,0.98,photos/FR00738.jpg
739,3,25,339,2019-08-30 15:07:51,FIELD_8974,Forest Guard,26.42734,96.99475,Village Isolated,Minor,Rain,113.8,125.3,Under Review,0.15,
740,1,1,898,2024-07-25 07:26:50,FIELD_7682,GSI Geologist,27.20948,90.42106,Flooding,Minor,Cloudy,588.1,137.4,Under Review,0.12,photos/FR00740.jpg
741,3,29,,2018-05-18 20:04:03,FIELD_8086,Citizen,26.10057,99.11239,Crack Observed,Moderate,Rain,339.9,7.4,Under Review,0.66,photos/FR00741.jpg
742,4,34,632,2022-12-14 21:04:02,FIELD_9459,Police,25.73263,97.48648,No Activity,Severe,Rain,694.0,96.9,Rejected,0.7,photos/FR00742.jpg
743,1,7,252,2018-02-08 17:35:46,FIELD_6903,Forest Guard,26.31241,92.01879,Crack Observed,Minor,Heavy Rain,912.9,63.2,Submitted,0.69,
744,2,20,,2022-07-01 14:34:58,FIELD_9950,Citizen,23.12975,93.35357,Crack Observed,Severe,Heavy Rain,762.5,105.1,Submitted,0.88,
745,1,7,,2019-09-27 20:30:51,FIELD_7557,NDMA Officer,26.50623,92.45285,Road Blocked,None,Clear,507.6,66.7,Archived,0.66,
746,6,51,215,2024-08-19 01:03:43,FIELD_2850,District Admin,29.75693,90.84928,Road Blocked,None,Heavy Rain,993.6,170.7,Verified,0.86,photos/FR00746.jpg
747,2,15,75,2022-04-16 19:30:47,FIELD_1898,GSI Geologist,27.07726,98.36265,Road Blocked,Minor,Cloudy,46.7,118.3,Under Review,0.57,photos/FR00747.jpg
748,8,62,525,2018-12-31 06:24:36,FIELD_2991,Citizen,27.17838,92.14625,Damage,Severe,Clear,810.7,169.6,Under Review,0.28,
749,1,6,710,2019-05-11 12:22:10,FIELD_7331,GSI Geologist,26.72443,96.92308,Crack Observed,None,Rain,387.6,43.4,Verified,0.69,
750,1,5,117,2020-08-16 05:27:54,FIELD_3911,Police,23.71776,95.20432,Road Blocked,Moderate,Heavy Rain,856.0,105.2,Archived,0.09,
751,2,21,171,2020-03-24 02:42:02,FIELD_2906,Forest Guard,23.85031,99.19769,Village Isolated,Moderate,Heavy Rain,167.5,79.2,Archived,0.89,
752,4,37,100,2018-08-04 18:07:51,FIELD_8531,Citizen,27.02761,94.39166,Flooding,Moderate,Rain,64.4,79.4,Verified,0.16,photos/FR00752.jpg
753,1,2,,2019-07-03 18:15:48,FIELD_1489,Citizen,24.0566,91.66839,Flooding,Severe,Rain,4.9,173.1,Rejected,0.39,
754,7,56,836,2022-03-19 22:33:58,FIELD_3340,Forest Guard,29.37309,97.8141,Road Blocked,Severe,Rain,364.5,139.2,Archived,0.96,
755,6,48,210,2020-12-25 23:50:22,FIELD_4746,District Admin,26.90554,95.11855,Road Blocked,Minor,Clear,112.0,80.4,Verified,0.42,
756,1,5,,2021-03-19 23:44:10,FIELD_2958,Forest Guard,23.95495,95.09932,Road Blocked,Severe,Rain,665.5,162.0,Rejected,0.1,
757,1,9,,2022-12-28 03:55:55,FIELD_3454,GSI Geologist,27.52258,93.22431,Landslide Observed,None,Rain,93.4,168.5,Rejected,0.57,photos/FR00757.jpg
758,3,27,243,2021-04-07 17:00:32,FIELD_4691,Police,25.24738,90.49528,Crack Observed,Minor,Heavy Rain,278.0,44.3,Submitted,0.59,photos/FR00758.jpg
759,1,2,29,2021-05-02 10:19:38,FIELD_3320,Police,24.13634,91.27447,No Activity,None,Rain,43.8,142.7,Under Review,0.52,photos/FR00759.jpg
760,2,18,6,2019-12-01 12:19:24,FIELD_5188,Police,29.12155,98.83374,Village Isolated,Minor,Rain,388.5,148.6,Verified,0.06,photos/FR00760.jpg
761,6,49,613,2018-01-07 19:20:42,FIELD_2555,Forest Guard,29.14555,98.61537,Village Isolated,Severe,Clear,406.0,3.2,Archived,0.11,photos/FR00761.jpg
762,3,23,,2024-04-27 08:24:43,FIELD_3646,Forest Guard,28.11442,91.40599,Damage,None,Heavy Rain,634.0,160.5,Rejected,0.4,photos/FR00762.jpg
763,5,42,,2022-05-20 16:16:53,FIELD_5649,District Admin,21.81322,97.30332,Flooding,None,Rain,425.0,176.0,Archived,0.83,photos/FR00763.jpg
764,6,51,11,2022-09-23 12:43:15,FIELD_8965,NDMA Officer,29.36091,90.5586,Landslide Observed,Moderate,Heavy Rain,783.0,67.9,Rejected,0.49,photos/FR00764.jpg
765,1,6,,2024-01-18 01:14:18,FIELD_8684,NDMA Officer,26.66112,97.29375,Flooding,None,Rain,337.1,12.9,Rejected,0.36,
766,1,1,985,2023-04-02 14:39:59,FIELD_1302,Forest Guard,26.84595,90.03719,Flooding,Minor,Rain,470.5,194.8,Under Review,0.91,
767,6,52,143,2023-05-09 19:38:52,FIELD_2521,NDMA Officer,28.5843,99.60168,Damage,Severe,Cloudy,261.1,11.3,Archived,0.12,photos/FR00767.jpg
768,5,43,,2021-07-23 17:52:34,FIELD_1098,Forest Guard,29.49982,97.82122,Village Isolated,Severe,Heavy Rain,59.2,85.6,Verified,0.17,
769,2,21,208,2020-03-02 00:47:00,FIELD_2528,Forest Guard,24.23225,99.11466,No Activity,Moderate,Cloudy,546.0,181.5,Rejected,0.3,
770,3,24,,2021-10-27 09:38:19,FIELD_1592,GSI Geologist,23.87855,99.18692,Damage,Minor,Cloudy,553.7,89.1,Archived,0.2,photos/FR00770.jpg
771,5,40,634,2024-06-21 20:22:17,FIELD_9899,District Admin,28.08535,97.44799,Damage,None,Rain,434.1,21.8,Submitted,0.78,photos/FR00771.jpg
772,2,19,739,2022-01-29 18:49:00,FIELD_7160,GSI Geologist,24.16908,96.62226,No Activity,Minor,Heavy Rain,169.6,179.8,Archived,0.26,
773,6,48,665,2020-08-07 18:50:59,FIELD_5060,Citizen,27.01176,95.11752,Crack Observed,Moderate,Rain,468.5,3.1,Archived,0.58,
774,3,28,,2020-11-06 15:26:38,FIELD_2754,GSI Geologist,28.79745,93.05341,Road Blocked,Moderate,Rain,683.5,28.2,Verified,0.19,photos/FR00774.jpg
775,7,56,780,2019-01-02 01:21:15,FIELD_9793,NDMA Officer,29.37694,97.75243,Damage,Severe,Rain,185.7,171.2,Archived,0.77,photos/FR00775.jpg
776,7,55,200,2019-11-13 09:13:16,FIELD_1245,Police,28.68857,94.19124,Flooding,Moderate,Clear,227.0,180.3,Rejected,0.02,photos/FR00776.jpg
777,5,41,811,2023-11-10 12:01:09,FIELD_2067,Citizen,22.83351,94.13309,Damage,Severe,Clear,328.4,168.9,Submitted,0.58,
778,3,23,301,2020-12-18 06:50:14,FIELD_5544,NDMA Officer,28.11593,91.78971,Damage,None,Clear,889.6,49.4,Under Review,0.8,photos/FR00778.jpg
779,4,36,252,2023-05-23 22:46:02,FIELD_6200,Police,25.14717,90.7504,Damage,Minor,Heavy Rain,495.3,121.7,Archived,0.91,photos/FR00779.jpg
780,4,37,755,2022-01-18 11:15:53,FIELD_4578,District Admin,26.71246,94.47894,Village Isolated,Moderate,Heavy Rain,756.0,38.1,Archived,0.08,photos/FR00780.jpg
781,1,3,416,2018-12-06 07:14:46,FIELD_5350,NDMA Officer,27.57247,99.03174,Flooding,Moderate,Rain,191.2,178.6,Under Review,0.52,photos/FR00781.jpg
782,1,10,799,2023-11-30 19:36:49,FIELD_9967,NDMA Officer,23.72671,97.56569,Flooding,None,Clear,932.6,162.1,Submitted,0.58,photos/FR00782.jpg
783,1,1,,2021-08-22 00:05:47,FIELD_4937,Forest Guard,26.97622,90.46952,Village Isolated,Moderate,Heavy Rain,249.4,9.1,Verified,0.97,photos/FR00783.jpg
784,2,17,,2023-09-25 22:28:06,FIELD_8889,Police,23.56824,92.80057,Landslide Observed,None,Cloudy,414.1,13.1,Rejected,0.46,photos/FR00784.jpg
785,1,11,,2022-02-04 21:26:49,FIELD_4751,Police,22.56498,90.94396,Village Isolated,Minor,Clear,280.6,192.8,Rejected,0.79,photos/FR00785.jpg
786,2,20,960,2018-10-31 14:00:18,FIELD_7495,Citizen,23.59509,93.29123,Crack Observed,Minor,Cloudy,404.5,46.3,Submitted,0.01,photos/FR00786.jpg
787,4,34,275,2019-01-23 01:01:01,FIELD_5885,Citizen,25.78226,97.37441,Flooding,Minor,Heavy Rain,507.1,199.1,Submitted,0.4,photos/FR00787.jpg
788,1,1,992,2020-04-02 02:10:59,FIELD_2122,Citizen,26.84374,90.35679,Flooding,Severe,Cloudy,281.3,189.6,Verified,0.56,photos/FR00788.jpg
789,3,28,,2018-04-16 14:03:07,FIELD_9931,Forest Guard,28.83404,93.26229,Road Blocked,None,Cloudy,78.2,112.8,Submitted,0.52,
790,8,59,,2022-06-04 21:19:01,FIELD_1113,GSI Geologist,25.40292,92.62198,Village Isolated,Severe,Cloudy,3.3,179.6,Archived,0.79,
791,4,37,,2021-07-05 08:12:00,FIELD_5179,Citizen,26.51564,94.55224,Road Blocked,None,Cloudy,560.9,194.8,Archived,0.81,
792,2,15,487,2019-05-17 08:15:19,FIELD_8985,Police,27.03759,98.84993,Damage,Severe,Clear,363.8,179.6,Archived,0.19,photos/FR00792.jpg
793,4,35,,2021-05-20 01:37:52,FIELD_8973,NDMA Officer,23.48221,91.35282,No Activity,Severe,Cloudy,244.4,62.2,Under Review,0.76,photos/FR00793.jpg
794,1,1,,2018-02-14 15:35:46,FIELD_8734,District Admin,27.11127,90.30881,No Activity,Minor,Clear,3.8,139.0,Verified,0.59,photos/FR00794.jpg
795,4,35,,2021-10-12 04:09:20,FIELD_4627,Citizen,23.24135,91.70132,Flooding,Minor,Cloudy,941.8,199.1,Archived,0.89,photos/FR00795.jpg
796,6,51,,2018-10-27 12:32:23,FIELD_5487,Forest Guard,29.54442,91.1295,Crack Observed,Minor,Cloudy,593.6,49.0,Under Review,0.59,photos/FR00796.jpg
797,2,16,795,2023-05-19 14:38:13,FIELD_5923,Citizen,23.3429,90.6588,No Activity,Severe,Clear,340.7,160.0,Verified,0.23,
798,5,45,566,2020-05-18 04:26:15,FIELD_7319,Forest Guard,28.45102,95.1841,Landslide Observed,Severe,Rain,703.8,15.5,Verified,0.56,photos/FR00798.jpg
799,2,17,,2019-05-08 07:45:00,FIELD_1608,Citizen,23.58632,93.18462,Road Blocked,None,Cloudy,285.0,89.3,Archived,0.33,
800,6,53,663,2018-08-07 04:17:12,FIELD_8858,District Admin,28.4118,91.23934,Damage,Moderate,Heavy Rain,459.2,81.4,Under Review,0.97,
801,7,57,340,2021-06-20 11:46:17,FIELD_1806,Forest Guard,23.69357,93.24074,Village Isolated,None,Rain,74.5,82.6,Archived,0.25,
802,7,57,954,2022-01-17 17:20:43,FIELD_7087,Forest Guard,23.73422,93.22247,Damage,Severe,Rain,353.5,68.5,Under Review,0.48,photos/FR00802.jpg
803,4,34,142,2020-11-19 20:30:10,FIELD_9275,District Admin,26.0609,97.42374,No Activity,Severe,Cloudy,439.8,62.4,Archived,0.9,
804,5,40,387,2020-04-09 11:23:42,FIELD_6314,NDMA Officer,27.72952,97.46432,Road Blocked,Minor,Heavy Rain,496.5,12.4,Submitted,0.99,photos/FR00804.jpg
805,1,12,809,2018-08-11 12:42:12,FIELD_7520,NDMA Officer,27.10556,98.10453,Flooding,Severe,Cloudy,438.2,82.2,Verified,0.59,
806,6,54,840,2019-10-27 11:22:03,FIELD_9042,GSI Geologist,29.71054,91.36987,Landslide Observed,Moderate,Heavy Rain,610.9,164.4,Submitted,0.51,
807,2,21,16,2018-11-12 21:18:35,FIELD_8577,NDMA Officer,24.15021,99.53252,Damage,None,Cloudy,624.6,41.3,Submitted,0.23,photos/FR00807.jpg
808,1,3,,2020-06-22 21:24:35,FIELD_3975,GSI Geologist,27.39617,98.84209,Landslide Observed,Severe,Heavy Rain,373.5,72.9,Rejected,0.47,photos/FR00808.jpg
809,2,14,569,2023-09-02 03:23:14,FIELD_9116,Police,22.37315,92.63825,Flooding,Severe,Rain,394.3,174.3,Rejected,0.99,photos/FR00809.jpg
810,4,34,782,2018-06-07 19:25:38,FIELD_7631,NDMA Officer,26.22206,97.42811,Damage,Severe,Heavy Rain,928.1,165.6,Under Review,0.88,photos/FR00810.jpg
811,7,56,,2021-09-30 14:27:06,FIELD_7200,Forest Guard,29.33702,97.84275,Landslide Observed,Moderate,Rain,291.9,74.9,Archived,0.46,photos/FR00811.jpg
812,4,33,,2024-12-12 23:00:34,FIELD_7341,Citizen,23.58235,100.13089,No Activity,Minor,Heavy Rain,332.4,158.4,Rejected,0.39,
813,4,36,,2018-03-08 11:30:29,FIELD_7106,District Admin,25.54219,90.4437,Road Blocked,Moderate,Rain,608.0,117.8,Under Review,0.59,
814,1,4,801,2023-10-31 19:11:21,FIELD_2889,Citizen,26.93687,90.45333,No Activity,Minor,Clear,288.4,57.8,Submitted,0.19,photos/FR00814.jpg
815,8,61,456,2024-10-27 17:09:25,FIELD_7395,NDMA Officer,26.56356,89.83508,Crack Observed,Moderate,Heavy Rain,612.5,173.2,Verified,0.65,photos/FR00815.jpg
816,2,14,616,2019-11-01 09:00:42,FIELD_2149,Police,22.71834,92.80653,Road Blocked,Severe,Cloudy,274.7,170.0,Rejected,0.33,photos/FR00816.jpg
817,5,40,942,2021-05-31 02:20:24,FIELD_7346,Citizen,27.73155,97.49732,No Activity,Moderate,Cloudy,57.4,128.1,Under Review,0.35,photos/FR00817.jpg
818,2,13,76,2024-09-12 16:21:20,FIELD_1861,GSI Geologist,26.37821,99.65337,Landslide Observed,Moderate,Heavy Rain,485.7,96.7,Under Review,1.0,photos/FR00818.jpg
819,6,52,710,2024-02-14 10:47:50,FIELD_3172,GSI Geologist,28.61446,99.92583,Damage,None,Heavy Rain,218.1,15.9,Under Review,0.47,
820,3,29,122,2023-02-23 00:30:43,FIELD_6009,GSI Geologist,26.17933,98.56486,Village Isolated,Severe,Cloudy,538.1,124.9,Rejected,0.9,
821,8,60,142,2021-06-08 04:43:57,FIELD_5568,NDMA Officer,24.63094,95.9359,Road Blocked,None,Heavy Rain,486.9,153.3,Archived,0.43,photos/FR00821.jpg
822,4,38,893,2022-05-30 01:04:04,FIELD_7944,District Admin,29.47349,98.76741,Crack Observed,Severe,Rain,122.2,138.5,Rejected,0.58,photos/FR00822.jpg
823,7,58,625,2020-06-23 04:46:38,FIELD_5266,Forest Guard,26.93076,94.24987,Village Isolated,Moderate,Heavy Rain,53.3,27.5,Rejected,0.27,photos/FR00823.jpg
824,3,31,66,2021-11-30 09:04:24,FIELD_3672,Citizen,27.69645,95.29023,No Activity,Minor,Clear,456.4,196.0,Archived,0.25,
825,2,17,8,2022-10-03 06:58:04,FIELD_1507,District Admin,23.66674,92.92158,Village Isolated,None,Clear,676.0,3.7,Rejected,0.53,photos/FR00825.jpg
826,1,1,481,2022-11-24 16:44:42,FIELD_4530,Citizen,27.03034,90.01389,Flooding,Moderate,Rain,393.7,189.7,Archived,0.93,photos/FR00826.jpg
827,3,31,312,2024-12-05 11:28:08,FIELD_5011,NDMA Officer,28.12382,95.57575,Damage,None,Heavy Rain,67.0,80.7,Under Review,0.41,photos/FR00827.jpg
828,6,49,422,2024-10-07 15:04:47,FIELD_4710,Citizen,29.1748,99.02842,No Activity,Moderate,Clear,241.8,187.7,Verified,0.74,photos/FR00828.jpg
829,2,20,630,2023-03-11 08:00:37,FIELD_5142,Forest Guard,23.31063,93.4346,No Activity,Minor,Rain,567.0,90.5,Rejected,0.22,
830,8,62,255,2023-07-12 23:32:25,FIELD_6512,GSI Geologist,27.23908,92.56888,Landslide Observed,Moderate,Clear,652.8,76.1,Submitted,0.91,photos/FR00830.jpg
831,7,55,,2020-02-15 06:30:30,FIELD_5172,Citizen,28.78548,94.25002,Road Blocked,Severe,Clear,789.9,117.8,Submitted,0.36,photos/FR00831.jpg
832,2,21,,2021-08-17 12:27:03,FIELD_7861,Citizen,24.21559,99.30613,Landslide Observed,Severe,Clear,601.1,175.3,Verified,0.09,photos/FR00832.jpg
833,1,9,15,2019-01-17 14:56:37,FIELD_6132,Police,27.85486,93.63791,No Activity,Minor,Rain,695.2,29.1,Under Review,0.52,photos/FR00833.jpg
834,1,6,179,2024-03-12 12:45:46,FIELD_4233,District Admin,26.47822,97.3487,Road Blocked,Moderate,Rain,435.9,168.3,Rejected,0.9,
835,4,36,,2021-03-21 01:04:00,FIELD_2375,Forest Guard,25.55521,90.60395,Damage,Moderate,Rain,53.0,82.9,Submitted,0.01,
836,2,20,,2022-02-21 13:14:19,FIELD_5025,Police,23.39156,93.7796,Road Blocked,None,Rain,826.4,42.4,Under Review,0.37,photos/FR00836.jpg
837,3,24,,2023-08-10 17:18:48,FIELD_2008,District Admin,24.30826,99.03038,Damage,Minor,Heavy Rain,455.0,34.7,Rejected,0.3,
838,7,56,842,2024-01-01 11:30:44,FIELD_9358,Citizen,29.5835,97.62329,Landslide Observed,Minor,Cloudy,827.4,196.4,Rejected,0.88,photos/FR00838.jpg
839,6,53,,2021-08-28 06:26:52,FIELD_3054,Citizen,28.20445,91.5623,Flooding,None,Clear,496.5,197.9,Submitted,0.84,
840,8,62,291,2020-10-31 21:10:51,FIELD_2195,District Admin,27.3301,92.26217,Flooding,Minor,Clear,463.2,54.6,Submitted,0.5,photos/FR00840.jpg
841,1,2,898,2023-09-13 05:37:11,FIELD_5266,NDMA Officer,23.98051,91.67664,Damage,Minor,Rain,768.8,83.5,Rejected,0.08,
842,5,40,,2018-10-25 08:45:23,FIELD_6714,Citizen,28.0834,97.64445,No Activity,Moderate,Heavy Rain,155.5,47.7,Submitted,0.23,
843,2,18,234,2020-02-17 12:47:05,FIELD_5447,District Admin,29.12205,98.72236,Crack Observed,Severe,Rain,254.2,3.4,Archived,0.99,photos/FR00843.jpg
844,6,47,111,2018-05-29 14:33:06,FIELD_8736,Citizen,29.67299,99.48475,No Activity,Moderate,Clear,880.5,68.5,Verified,0.58,photos/FR00844.jpg
845,2,16,650,2019-08-02 11:01:54,FIELD_3606,Forest Guard,23.67698,90.77507,Road Blocked,Severe,Rain,681.4,153.8,Rejected,0.71,photos/FR00845.jpg
846,6,47,839,2023-03-01 21:10:18,FIELD_9156,GSI Geologist,29.4166,99.22729,No Activity,Minor,Heavy Rain,546.4,43.9,Verified,0.59,photos/FR00846.jpg
847,6,50,,2020-12-26 20:10:39,FIELD_2301,Citizen,23.65858,92.45571,Crack Observed,Minor,Heavy Rain,546.9,106.2,Verified,0.79,photos/FR00847.jpg
848,7,55,,2019-07-14 13:58:35,FIELD_9351,District Admin,29.18739,94.13546,Crack Observed,None,Cloudy,12.1,170.8,Archived,0.6,photos/FR00848.jpg
849,3,24,603,2020-06-27 11:42:00,FIELD_7622,Police,24.37392,99.36215,Flooding,Severe,Heavy Rain,753.7,68.3,Under Review,0.16,
850,6,48,479,2019-05-02 08:40:53,FIELD_8331,NDMA Officer,26.49373,94.71162,Crack Observed,None,Rain,520.4,164.5,Submitted,0.79,photos/FR00850.jpg
851,1,3,36,2023-08-22 21:40:44,FIELD_3078,NDMA Officer,27.40498,99.15344,Village Isolated,None,Clear,886.7,196.2,Verified,0.58,photos/FR00851.jpg
852,6,53,,2022-03-18 16:43:42,FIELD_4115,Citizen,28.14648,91.27191,Road Blocked,Severe,Cloudy,297.9,158.9,Rejected,0.01,photos/FR00852.jpg
853,5,41,,2023-07-21 22:28:27,FIELD_1006,NDMA Officer,22.88267,94.59306,Landslide Observed,Moderate,Clear,757.3,151.5,Under Review,0.91,photos/FR00853.jpg
854,5,42,,2020-02-25 00:47:21,FIELD_3053,Forest Guard,21.96287,97.40418,Landslide Observed,None,Heavy Rain,662.3,54.9,Submitted,0.99,photos/FR00854.jpg
855,4,37,,2021-02-13 04:49:33,FIELD_3214,Police,26.57687,94.58549,Flooding,Severe,Cloudy,106.4,136.9,Verified,0.01,
856,6,48,651,2018-10-09 10:04:13,FIELD_6415,District Admin,27.01108,94.71882,Crack Observed,Severe,Clear,839.1,98.5,Submitted,0.81,
857,3,25,275,2021-03-19 17:57:59,FIELD_1396,GSI Geologist,26.28208,96.56871,Road Blocked,Moderate,Clear,397.8,28.1,Verified,0.85,
858,6,54,288,2018-05-30 21:20:59,FIELD_7446,NDMA Officer,29.55932,91.37418,No Activity,None,Cloudy,491.4,90.6,Archived,0.89,
859,2,17,,2019-05-16 00:38:13,FIELD_1416,Citizen,23.59393,92.62988,Flooding,Minor,Heavy Rain,620.7,188.8,Archived,0.72,photos/FR00859.jpg
860,5,42,,2021-04-28 21:09:39,FIELD_5447,Forest Guard,21.76257,97.12781,Flooding,None,Rain,539.4,74.1,Rejected,0.45,
861,2,15,231,2024-03-12 12:46:43,FIELD_6246,Police,26.88728,98.5938,Crack Observed,Minor,Heavy Rain,931.7,195.4,Submitted,0.82,photos/FR00861.jpg
862,5,46,859,2022-02-09 21:15:26,FIELD_9671,GSI Geologist,23.29819,97.77047,Crack Observed,None,Rain,162.2,154.2,Archived,0.0,
863,2,14,,2023-03-17 00:18:13,FIELD_9922,District Admin,22.85659,92.64668,Landslide Observed,None,Clear,2.1,30.8,Under Review,0.35,
864,3,23,,2024-11-05 20:56:03,FIELD_5761,Police,27.95834,91.70364,Landslide Observed,None,Cloudy,529.0,68.3,Submitted,0.47,photos/FR00864.jpg
865,6,53,208,2020-12-20 04:11:48,FIELD_9305,District Admin,27.85832,91.48951,Landslide Observed,None,Cloudy,981.8,191.3,Verified,0.87,photos/FR00865.jpg
866,8,59,,2022-09-16 07:43:44,FIELD_1213,Citizen,25.8795,92.72991,Flooding,None,Clear,107.3,154.4,Archived,0.02,
867,7,57,,2024-08-16 18:43:30,FIELD_8609,Forest Guard,23.54788,93.00834,Road Blocked,Severe,Clear,133.5,21.4,Under Review,0.52,
868,4,34,988,2021-11-11 03:27:39,FIELD_7808,Forest Guard,26.23857,97.6535,Road Blocked,Minor,Cloudy,85.2,30.4,Under Review,0.48,photos/FR00868.jpg
869,3,29,,2021-05-12 00:34:57,FIELD_9751,Forest Guard,25.7014,99.0057,Crack Observed,None,Rain,419.2,147.6,Rejected,0.1,photos/FR00869.jpg
870,2,16,622,2022-11-04 15:58:24,FIELD_6499,District Admin,23.74225,90.65224,Flooding,None,Rain,977.0,68.6,Rejected,0.46,photos/FR00870.jpg
871,4,35,584,2022-02-07 17:16:04,FIELD_4622,Police,23.30675,91.59459,Damage,Minor,Clear,388.0,180.1,Submitted,0.22,
872,5,43,673,2018-11-07 05:15:52,FIELD_5342,Police,29.76335,97.81683,Flooding,Severe,Rain,712.5,193.2,Under Review,0.8,photos/FR00872.jpg
873,3,23,787,2021-03-26 13:17:54,FIELD_4645,District Admin,27.59156,91.69995,Road Blocked,Severe,Rain,487.7,98.3,Rejected,0.72,photos/FR00873.jpg
874,5,45,,2023-12-31 19:33:52,FIELD_6645,Police,28.81658,95.16207,Flooding,Moderate,Cloudy,804.4,101.0,Rejected,0.09,
875,6,49,836,2024-08-02 17:11:25,FIELD_1283,Forest Guard,29.4806,99.07058,Road Blocked,Severe,Rain,719.6,145.8,Under Review,0.05,photos/FR00875.jpg
876,8,59,,2018-06-30 03:40:53,FIELD_6756,NDMA Officer,25.89413,92.52451,Flooding,Moderate,Rain,931.1,54.8,Archived,0.2,
877,3,28,710,2021-10-08 02:57:09,FIELD_5076,GSI Geologist,29.30865,93.16018,No Activity,Moderate,Rain,902.1,52.1,Under Review,0.46,
878,6,52,764,2021-06-18 17:47:26,FIELD_5686,Forest Guard,28.40234,99.49215,Village Isolated,Moderate,Cloudy,140.1,105.7,Rejected,0.52,
879,6,47,177,2021-07-30 20:03:13,FIELD_3765,Citizen,29.67822,99.12566,Flooding,Severe,Rain,348.4,105.2,Verified,0.38,photos/FR00879.jpg
880,7,58,,2020-11-14 22:41:41,FIELD_9539,NDMA Officer,26.96025,94.6358,Road Blocked,None,Heavy Rain,982.8,44.6,Submitted,0.26,
881,3,29,761,2021-12-23 19:38:00,FIELD_7968,GSI Geologist,25.84529,99.09882,Flooding,Moderate,Cloudy,303.4,169.0,Under Review,0.52,
882,6,49,,2021-02-25 17:53:33,FIELD_2182,Forest Guard,29.48843,98.52712,Landslide Observed,Moderate,Rain,687.7,28.7,Archived,0.3,
883,3,30,,2023-04-28 17:19:11,FIELD_1376,GSI Geologist,25.74651,92.54505,Damage,None,Rain,683.0,141.8,Submitted,0.48,photos/FR00883.jpg
884,4,35,306,2020-02-15 20:51:32,FIELD_2948,District Admin,22.99172,91.62717,No Activity,None,Clear,495.4,154.6,Verified,0.35,
885,1,12,895,2021-01-30 15:37:58,FIELD_3077,GSI Geologist,26.9986,98.3234,Damage,Severe,Heavy Rain,872.7,132.7,Rejected,0.81,
886,3,32,850,2024-11-13 12:56:57,FIELD_5293,NDMA Officer,25.33921,95.77973,Landslide Observed,Severe,Clear,654.1,58.6,Under Review,0.86,photos/FR00886.jpg
887,5,43,82,2022-04-23 11:15:29,FIELD_4855,GSI Geologist,29.85271,97.81659,Crack Observed,Minor,Rain,560.1,179.0,Submitted,0.67,
888,3,31,,2023-12-07 11:01:15,FIELD_2722,GSI Geologist,28.19189,95.67759,No Activity,Minor,Cloudy,827.6,120.3,Archived,0.1,photos/FR00888.jpg
889,2,18,932,2022-06-23 17:23:52,FIELD_1032,Police,29.1088,98.37321,Road Blocked,Severe,Cloudy,166.6,127.0,Under Review,0.26,
890,5,40,334,2019-04-26 04:18:59,FIELD_5015,Forest Guard,28.04051,97.56325,No Activity,Minor,Rain,126.7,83.2,Rejected,0.56,photos/FR00890.jpg
891,4,34,,2021-04-10 15:16:27,FIELD_6246,Forest Guard,25.74926,97.58788,Road Blocked,None,Clear,987.5,110.9,Rejected,0.58,
892,7,56,,2018-02-11 23:15:24,FIELD_1113,Police,29.44671,97.58373,Road Blocked,Severe,Clear,332.2,39.0,Archived,0.15,photos/FR00892.jpg
893,7,56,491,2023-07-31 00:34:48,FIELD_3532,NDMA Officer,29.50908,97.72429,Damage,Moderate,Clear,454.3,12.3,Archived,0.06,photos/FR00893.jpg
894,4,37,963,2023-01-09 01:15:37,FIELD_8657,Forest Guard,26.56688,94.90436,Flooding,None,Cloudy,112.8,53.8,Rejected,0.85,photos/FR00894.jpg
895,4,38,61,2023-10-11 11:17:10,FIELD_3078,Forest Guard,29.7358,98.81083,Flooding,Moderate,Cloudy,831.8,138.9,Rejected,0.85,photos/FR00895.jpg
896,5,43,222,2020-01-09 13:01:24,FIELD_6019,Citizen,29.67438,97.78095,Road Blocked,None,Cloudy,559.4,154.3,Archived,0.49,photos/FR00896.jpg
897,5,40,624,2024-07-24 04:27:02,FIELD_4763,District Admin,27.76007,97.75163,Village Isolated,Minor,Rain,455.5,193.3,Archived,0.65,
898,5,42,,2021-09-12 11:45:59,FIELD_2337,Police,22.03538,97.28629,Crack Observed,Severe,Rain,321.2,182.1,Under Review,0.37,
899,5,41,,2022-12-24 02:40:19,FIELD_1935,Police,22.83803,94.21082,Damage,Minor,Clear,428.6,113.3,Verified,0.65,
900,4,39,521,2018-10-25 21:14:15,FIELD_5502,GSI Geologist,27.51138,91.28386,Damage,Minor,Clear,809.6,112.5,Archived,0.96,photos/FR00900.jpg
901,1,11,346,2024-04-13 23:42:52,FIELD_8924,GSI Geologist,22.91192,90.84771,Crack Observed,Minor,Clear,841.7,115.3,Verified,0.42,photos/FR00901.jpg
902,6,50,408,2018-03-10 17:17:25,FIELD_9081,Police,23.82356,92.43274,Road Blocked,Severe,Clear,557.4,132.4,Rejected,0.46,
903,4,37,293,2023-08-06 01:54:45,FIELD_6272,Forest Guard,26.98554,94.95915,Village Isolated,Moderate,Cloudy,330.2,198.9,Rejected,0.87,photos/FR00903.jpg
904,1,2,561,2024-03-14 16:08:56,FIELD_1217,NDMA Officer,23.82022,91.58617,Landslide Observed,Minor,Clear,127.7,42.2,Verified,0.27,
905,5,40,700,2018-04-26 11:38:53,FIELD_1076,District Admin,27.87827,97.6761,Village Isolated,Severe,Clear,393.1,130.2,Verified,0.31,
906,3,28,,2022-01-09 16:16:24,FIELD_8939,District Admin,29.27415,93.33209,Damage,Minor,Heavy Rain,484.4,91.6,Verified,0.95,photos/FR00906.jpg
907,8,61,218,2022-07-26 03:36:02,FIELD_1485,Citizen,26.60748,89.85112,Landslide Observed,Severe,Clear,716.1,165.9,Verified,0.27,photos/FR00907.jpg
908,5,41,83,2024-08-04 11:50:34,FIELD_3205,NDMA Officer,22.89533,94.53968,Flooding,Moderate,Cloudy,194.8,63.2,Archived,0.48,
909,2,16,,2022-09-22 03:38:41,FIELD_4067,Citizen,23.70459,90.65523,Damage,None,Heavy Rain,344.2,89.9,Rejected,0.35,
910,3,27,964,2018-03-18 00:37:08,FIELD_7982,Forest Guard,25.1398,90.68626,Village Isolated,None,Cloudy,657.8,62.0,Archived,0.47,
911,1,4,,2023-06-15 17:58:20,FIELD_5342,GSI Geologist,26.62994,90.17452,Damage,Moderate,Cloudy,285.7,124.3,Rejected,0.14,
912,5,41,294,2024-12-17 05:51:35,FIELD_2937,Police,22.7651,94.05133,Flooding,Minor,Rain,35.2,133.3,Under Review,0.21,
913,1,3,932,2018-07-24 00:50:03,FIELD_9561,NDMA Officer,27.31452,98.68534,Crack Observed,None,Clear,197.8,129.0,Rejected,0.65,
914,4,37,,2018-11-17 14:35:08,FIELD_4128,District Admin,26.574,94.69519,Flooding,Moderate,Rain,76.6,133.5,Under Review,0.85,photos/FR00914.jpg
915,6,47,,2024-01-27 18:53:53,FIELD_7183,Forest Guard,29.63988,99.44075,Flooding,None,Rain,940.8,38.7,Submitted,0.83,photos/FR00915.jpg
916,1,1,533,2018-11-05 16:56:14,FIELD_5231,District Admin,27.0145,90.04325,Flooding,None,Rain,470.3,199.8,Verified,0.97,
917,3,31,972,2024-02-01 10:48:43,FIELD_9284,Forest Guard,27.96997,95.43918,Landslide Observed,None,Clear,700.6,105.3,Under Review,0.81,
918,8,62,537,2019-08-11 08:43:38,FIELD_2331,Citizen,27.15314,92.3132,No Activity,Minor,Cloudy,725.6,181.0,Under Review,0.84,photos/FR00918.jpg
919,5,41,881,2019-02-21 20:02:27,FIELD_7879,NDMA Officer,22.78517,94.44565,Village Isolated,Minor,Heavy Rain,299.2,28.0,Archived,0.75,
920,2,22,551,2021-08-08 15:24:00,FIELD_6259,GSI Geologist,22.72871,96.61526,Crack Observed,Severe,Cloudy,415.8,18.1,Submitted,0.5,
921,7,56,,2020-01-22 03:37:56,FIELD_6710,Citizen,29.60008,97.66965,Village Isolated,Severe,Cloudy,736.6,153.0,Rejected,0.33,photos/FR00921.jpg
922,2,13,,2024-05-16 12:14:22,FIELD_3967,GSI Geologist,26.21167,99.741,Village Isolated,Minor,Heavy Rain,77.6,20.3,Under Review,0.99,photos/FR00922.jpg
923,3,30,,2024-08-30 15:28:28,FIELD_5636,Citizen,25.4954,92.41041,Road Blocked,None,Cloudy,133.8,140.2,Verified,0.21,photos/FR00923.jpg
924,5,41,35,2018-05-19 04:03:04,FIELD_7231,NDMA Officer,22.67023,94.49387,Damage,None,Heavy Rain,232.4,59.4,Verified,0.21,photos/FR00924.jpg
925,1,1,,2021-03-12 04:58:58,FIELD_4408,District Admin,27.41526,90.48204,Flooding,Minor,Heavy Rain,277.7,142.1,Verified,0.59,photos/FR00925.jpg
926,8,61,832,2021-01-23 10:32:55,FIELD_2444,GSI Geologist,26.51013,89.86235,Flooding,Moderate,Rain,854.5,19.1,Verified,0.65,photos/FR00926.jpg
927,8,60,45,2023-08-10 18:38:49,FIELD_6111,Citizen,24.56264,96.02976,Village Isolated,Moderate,Heavy Rain,51.3,176.7,Verified,0.82,photos/FR00927.jpg
928,2,22,,2020-03-07 19:46:59,FIELD_1582,GSI Geologist,22.55355,96.57615,Flooding,Minor,Cloudy,45.5,81.1,Submitted,0.96,photos/FR00928.jpg
929,5,40,,2023-02-21 13:01:52,FIELD_3215,Forest Guard,27.86681,97.77961,Village Isolated,Moderate,Cloudy,268.0,101.3,Submitted,0.75,photos/FR00929.jpg
930,6,51,681,2021-01-16 08:47:27,FIELD_7583,District Admin,29.41088,90.75718,Crack Observed,Minor,Clear,525.8,30.8,Rejected,0.88,photos/FR00930.jpg
931,6,50,543,2018-05-12 13:19:49,FIELD_1717,GSI Geologist,24.08972,92.45661,Flooding,Minor,Heavy Rain,711.4,41.7,Verified,0.91,
932,5,40,993,2018-01-04 00:15:58,FIELD_5733,NDMA Officer,27.78246,97.7638,Village Isolated,Minor,Heavy Rain,884.5,74.1,Submitted,0.45,
933,2,22,859,2022-05-22 14:34:46,FIELD_1637,Police,22.50621,96.51886,No Activity,Minor,Heavy Rain,867.5,99.4,Verified,0.16,
934,1,12,,2020-01-13 18:58:49,FIELD_2049,Citizen,26.67394,97.80806,Landslide Observed,Severe,Heavy Rain,852.6,93.9,Submitted,0.74,
935,6,49,,2024-10-12 02:22:41,FIELD_2489,GSI Geologist,29.48784,98.94426,Flooding,Moderate,Clear,975.9,30.8,Under Review,0.11,photos/FR00935.jpg
936,2,14,,2024-06-20 00:40:52,FIELD_2976,GSI Geologist,22.57709,93.14555,Landslide Observed,Moderate,Rain,929.9,59.6,Verified,0.26,photos/FR00936.jpg
937,1,11,,2019-02-13 13:25:20,FIELD_1913,NDMA Officer,22.45542,90.80606,Landslide Observed,Severe,Cloudy,129.4,105.3,Archived,0.17,photos/FR00937.jpg
938,1,11,,2022-12-26 19:10:41,FIELD_9000,Citizen,22.58348,90.70402,Landslide Observed,Moderate,Rain,230.3,32.4,Rejected,0.97,
939,8,61,421,2024-04-07 06:30:03,FIELD_9510,GSI Geologist,26.51778,89.94031,No Activity,None,Heavy Rain,285.9,179.9,Archived,0.75,photos/FR00939.jpg
940,4,39,470,2021-03-14 01:54:15,FIELD_2132,GSI Geologist,27.49031,91.06324,Landslide Observed,Moderate,Clear,641.9,7.9,Submitted,0.39,photos/FR00940.jpg
941,2,16,132,2019-01-14 23:33:30,FIELD_6478,Forest Guard,23.52939,90.50821,No Activity,Moderate,Heavy Rain,68.9,149.2,Verified,0.43,photos/FR00941.jpg
942,2,19,613,2024-01-08 17:27:04,FIELD_8380,Forest Guard,24.32491,96.40011,Road Blocked,Moderate,Rain,194.2,100.5,Submitted,0.28,
943,1,11,,2019-11-25 02:36:12,FIELD_4224,Citizen,23.03697,91.23489,Flooding,Severe,Cloudy,500.1,185.6,Verified,0.72,
944,4,39,395,2024-07-24 16:34:04,FIELD_5772,NDMA Officer,27.22903,91.25448,Flooding,Severe,Rain,299.3,34.4,Rejected,0.92,
945,1,10,,2018-03-23 15:47:06,FIELD_9559,Police,23.64431,97.60057,Damage,Moderate,Cloudy,905.1,139.5,Rejected,0.03,photos/FR00945.jpg
946,1,11,629,2021-11-27 07:32:07,FIELD_5560,NDMA Officer,22.85694,90.78517,Village Isolated,Moderate,Rain,552.8,162.5,Verified,0.21,photos/FR00946.jpg
947,4,33,597,2024-03-22 06:31:36,FIELD_1354,GSI Geologist,23.67373,100.04988,Road Blocked,Severe,Rain,340.3,96.4,Archived,0.35,photos/FR00947.jpg
948,1,12,931,2024-04-21 09:15:58,FIELD_4130,NDMA Officer,26.816,97.9063,Landslide Observed,None,Clear,559.6,174.8,Submitted,0.56,photos/FR00948.jpg
949,2,20,306,2021-12-19 23:41:41,FIELD_6735,District Admin,23.23749,93.52653,Flooding,Severe,Rain,547.7,148.0,Under Review,0.87,
950,5,41,586,2021-11-24 04:30:24,FIELD_1011,Police,22.67423,94.55073,Road Blocked,Minor,Cloudy,677.5,73.8,Rejected,0.89,
951,1,8,64,2021-01-08 05:10:34,FIELD_7725,District Admin,24.4608,98.91755,Flooding,Minor,Clear,142.8,131.9,Under Review,0.42,photos/FR00951.jpg
952,1,2,957,2018-06-03 08:07:24,FIELD_6129,Citizen,24.00086,91.25458,No Activity,Minor,Heavy Rain,35.4,40.1,Rejected,0.17,
953,6,50,204,2021-08-29 12:12:29,FIELD_6245,GSI Geologist,24.20265,92.20223,Damage,Moderate,Cloudy,978.3,126.8,Rejected,0.99,
954,1,4,928,2019-10-08 11:12:13,FIELD_8839,NDMA Officer,26.96073,90.47766,Village Isolated,Moderate,Rain,190.1,24.0,Archived,0.06,photos/FR00954.jpg
955,8,60,254,2024-04-09 06:21:07,FIELD_6982,District Admin,24.79503,95.6012,Flooding,Severe,Cloudy,163.5,72.7,Under Review,0.28,photos/FR00955.jpg
956,3,29,64,2023-09-07 08:31:52,FIELD_7247,GSI Geologist,25.95482,98.93712,Village Isolated,Moderate,Heavy Rain,627.3,173.8,Submitted,0.47,photos/FR00956.jpg
957,1,2,82,2024-03-27 20:33:34,FIELD_1600,NDMA Officer,24.09982,91.53444,Road Blocked,Minor,Rain,523.7,1.9,Under Review,0.61,
958,1,9,,2024-02-04 22:58:00,FIELD_1323,NDMA Officer,27.72843,93.39192,Village Isolated,Minor,Clear,826.6,131.6,Submitted,0.44,photos/FR00958.jpg
959,5,45,,2022-11-06 23:26:30,FIELD_3834,NDMA Officer,28.93737,94.95266,Village Isolated,Moderate,Clear,712.9,82.8,Submitted,0.89,
960,1,5,,2023-10-30 09:37:20,FIELD_4390,NDMA Officer,23.47316,95.26205,Landslide Observed,Minor,Rain,785.8,43.4,Rejected,0.73,photos/FR00960.jpg
961,4,36,397,2021-10-14 04:04:32,FIELD_6860,Police,25.32645,90.79776,Landslide Observed,Minor,Clear,264.9,45.6,Submitted,0.33,
962,3,23,,2022-01-13 01:37:10,FIELD_1847,Police,27.96463,91.8928,Road Blocked,Severe,Rain,778.4,108.0,Submitted,0.1,
963,1,8,,2024-03-02 05:02:44,FIELD_8714,NDMA Officer,24.35111,98.4975,Village Isolated,Moderate,Rain,616.3,52.6,Submitted,0.39,photos/FR00963.jpg
964,3,27,11,2022-03-31 01:14:19,FIELD_4060,GSI Geologist,25.28838,90.93417,Village Isolated,Moderate,Clear,849.4,7.2,Verified,0.5,
965,1,10,,2022-08-23 13:20:41,FIELD_6016,GSI Geologist,23.50952,97.7751,Damage,Moderate,Rain,926.4,109.8,Under Review,0.72,
966,5,40,608,2019-12-17 07:38:16,FIELD_4846,Forest Guard,27.784,97.84545,Landslide Observed,Severe,Clear,922.8,116.5,Archived,0.58,photos/FR00966.jpg
967,6,54,101,2020-04-15 09:53:52,FIELD_1965,NDMA Officer,29.84115,91.77441,Damage,Severe,Cloudy,834.6,172.3,Under Review,0.94,
968,6,51,678,2019-07-28 22:35:27,FIELD_9459,Citizen,29.69608,91.03197,No Activity,Minor,Clear,335.4,118.2,Rejected,0.62,photos/FR00968.jpg
969,2,17,306,2019-04-07 20:05:11,FIELD_7638,Forest Guard,23.94782,93.0864,Village Isolated,Moderate,Heavy Rain,242.8,187.4,Under Review,0.63,photos/FR00969.jpg
970,6,54,286,2018-04-27 14:06:44,FIELD_6476,NDMA Officer,29.60402,91.87854,Damage,Moderate,Cloudy,698.8,93.7,Rejected,0.19,photos/FR00970.jpg
971,3,32,633,2021-11-16 05:47:32,FIELD_8516,Citizen,25.43749,95.93323,Landslide Observed,Severe,Heavy Rain,3.0,138.2,Verified,0.25,
972,5,40,649,2019-11-12 08:28:21,FIELD_4129,Police,27.92211,97.81552,Damage,Severe,Rain,454.4,35.7,Archived,0.18,
973,3,28,849,2018-02-20 04:20:42,FIELD_2349,Forest Guard,29.13719,93.23256,Damage,Moderate,Rain,733.5,135.8,Under Review,0.64,photos/FR00973.jpg
974,1,4,576,2022-12-27 23:16:49,FIELD_7934,NDMA Officer,26.97364,90.26888,Landslide Observed,Severe,Rain,1.6,47.9,Submitted,0.74,
975,5,42,489,2024-06-11 04:34:12,FIELD_7750,NDMA Officer,21.96065,97.21094,Damage,None,Cloudy,888.0,41.4,Archived,0.6,photos/FR00975.jpg
976,1,3,720,2021-08-23 09:32:25,FIELD_1140,Police,27.35624,99.22022,Village Isolated,Minor,Clear,526.1,5.3,Submitted,0.34,photos/FR00976.jpg
977,5,44,562,2023-04-17 04:05:02,FIELD_4060,GSI Geologist,29.13187,98.65485,Landslide Observed,Severe,Rain,983.5,192.7,Under Review,0.93,
978,1,5,767,2019-01-29 23:13:00,FIELD_5280,District Admin,23.62185,94.79412,No Activity,Severe,Heavy Rain,48.2,2.6,Verified,0.6,photos/FR00978.jpg
979,4,38,44,2019-01-01 12:40:27,FIELD_9269,NDMA Officer,29.73273,98.36313,Flooding,Minor,Cloudy,413.1,104.4,Archived,0.01,
980,8,61,,2023-12-01 23:01:17,FIELD_2533,NDMA Officer,26.67297,90.10999,Damage,None,Heavy Rain,438.9,74.3,Submitted,0.28,photos/FR00980.jpg
981,2,22,204,2024-12-18 01:38:13,FIELD_8303,GSI Geologist,22.71389,96.11293,Flooding,Moderate,Cloudy,620.8,10.5,Archived,0.25,photos/FR00981.jpg
982,1,3,970,2022-03-21 02:13:55,FIELD_5769,Citizen,27.46354,98.74955,No Activity,None,Rain,882.5,94.4,Rejected,0.85,photos/FR00982.jpg
983,2,21,910,2023-12-11 20:27:25,FIELD_9090,GSI Geologist,24.02509,99.22173,Road Blocked,Moderate,Heavy Rain,1.0,20.9,Submitted,0.46,
984,6,53,213,2018-01-07 14:57:55,FIELD_2895,NDMA Officer,28.12225,91.0373,Road Blocked,Moderate,Clear,502.8,169.4,Rejected,0.91,photos/FR00984.jpg
985,3,26,,2021-12-12 17:11:38,FIELD_6693,Forest Guard,23.94362,90.03575,Flooding,Minor,Clear,886.6,79.7,Archived,0.02,photos/FR00985.jpg
986,2,17,918,2024-09-02 00:59:52,FIELD_5733,Police,23.88273,92.76232,Flooding,None,Clear,434.2,129.4,Verified,0.69,photos/FR00986.jpg
987,5,45,455,2020-11-23 19:49:26,FIELD_5400,Police,28.51274,94.83939,Damage,Severe,Cloudy,724.2,3.9,Verified,0.52,
988,6,51,739,2018-10-10 18:53:51,FIELD_9690,Citizen,29.47426,90.64177,Village Isolated,None,Heavy Rain,903.2,174.7,Archived,0.58,
989,2,13,461,2023-02-28 07:07:39,FIELD_2038,Citizen,26.57734,99.64257,Landslide Observed,Moderate,Cloudy,541.1,111.3,Under Review,0.08,photos/FR00989.jpg
990,2,20,,2023-09-12 10:53:52,FIELD_8228,District Admin,23.44035,93.76103,No Activity,Severe,Clear,512.1,87.7,Verified,0.78,photos/FR00990.jpg
991,2,20,772,2019-11-08 17:37:17,FIELD_5176,District Admin,23.13084,93.56988,Flooding,Severe,Clear,158.4,186.5,Verified,0.64,photos/FR00991.jpg
992,6,51,868,2023-08-08 20:01:36,FIELD_2284,GSI Geologist,29.3972,90.7962,Landslide Observed,Moderate,Clear,755.5,85.3,Under Review,0.74,photos/FR00992.jpg
993,8,60,46,2021-08-20 06:10:37,FIELD_6199,Citizen,24.45787,95.80996,Crack Observed,None,Cloudy,705.7,25.9,Rejected,0.85,
994,1,9,224,2023-12-23 10:11:14,FIELD_1680,Police,27.61918,93.30029,Flooding,Minor,Rain,626.0,3.6,Verified,0.88,photos/FR00994.jpg
995,2,13,927,2021-04-26 20:26:58,FIELD_1371,Citizen,26.10889,99.58346,Landslide Observed,Minor,Rain,607.2,78.3,Submitted,0.14,photos/FR00995.jpg
996,6,51,231,2019-11-24 15:06:38,FIELD_2257,GSI Geologist,29.38558,90.89004,Flooding,Moderate,Clear,479.4,93.3,Archived,0.8,
997,1,3,723,2021-08-12 21:39:08,FIELD_1374,NDMA Officer,27.42971,98.91951,Village Isolated,Severe,Cloudy,912.0,47.7,Rejected,0.81,
998,4,39,618,2020-12-14 06:50:58,FIELD_5478,NDMA Officer,27.73737,91.29182,Crack Observed,Moderate,Cloudy,778.7,112.0,Submitted,0.3,photos/FR00998.jpg
999,7,58,149,2024-10-30 02:59:45,FIELD_6054,District Admin,27.42913,94.09518,Crack Observed,Moderate,Clear,820.8,119.0,Submitted,0.65,photos/FR00999.jpg
1000,3,29,458,2018-01-02 19:43:58,FIELD_1566,GSI Geologist,25.96178,98.74657,Road Blocked,Minor,Heavy Rain,795.4,170.1,Under Review,0.71,photos/FR01000.jpg
1001,3,26,214,2020-04-16 03:18:04,FIELD_3961,GSI Geologist,23.66277,90.25443,No Activity,Minor,Clear,995.1,152.9,Submitted,0.83,photos/FR01001.jpg
1002,1,10,448,2020-05-05 04:20:06,FIELD_9328,Police,23.67195,97.37353,Road Blocked,Minor,Cloudy,416.6,109.1,Submitted,0.44,
1003,3,29,763,2024-06-26 22:05:01,FIELD_7337,NDMA Officer,25.99117,98.66858,Village Isolated,None,Clear,80.0,133.9,Submitted,0.6,
1004,7,58,63,2020-10-14 04:59:53,FIELD_7755,Police,27.39412,94.4339,Crack Observed,Moderate,Rain,927.2,131.0,Under Review,0.83,photos/FR01004.jpg
1005,2,16,988,2021-04-03 03:42:39,FIELD_6381,GSI Geologist,23.57242,90.68215,Landslide Observed,Moderate,Cloudy,297.7,199.5,Submitted,0.28,
1006,2,13,675,2022-07-10 22:36:26,FIELD_3676,Forest Guard,26.51664,99.89893,Damage,Minor,Heavy Rain,964.1,36.2,Verified,0.91,
1007,3,24,466,2023-09-26 16:42:44,FIELD_5234,NDMA Officer,24.0815,99.10499,Road Blocked,Minor,Cloudy,605.1,72.2,Rejected,0.33,
1008,2,20,174,2022-12-02 23:15:29,FIELD_5292,Forest Guard,23.10992,93.28216,Landslide Observed,Minor,Rain,885.4,99.0,Under Review,0.36,photos/FR01008.jpg
1009,5,45,,2018-02-04 17:00:04,FIELD_2115,Citizen,28.83034,95.23691,Flooding,None,Heavy Rain,772.5,174.8,Verified,0.83,
1010,7,55,,2019-04-01 22:04:52,FIELD_9510,Forest Guard,29.0036,94.47422,Landslide Observed,Minor,Cloudy,271.4,194.5,Rejected,0.22,
1011,4,38,679,2022-09-03 00:58:50,FIELD_6208,GSI Geologist,29.74829,98.73788,Village Isolated,Moderate,Rain,60.7,123.1,Rejected,0.82,photos/FR01011.jpg
1012,1,1,435,2024-02-28 10:14:00,FIELD_1766,Citizen,27.12474,90.18124,Flooding,None,Heavy Rain,199.4,179.4,Rejected,0.94,
1013,1,11,825,2021-10-15 21:44:15,FIELD_8472,District Admin,22.72121,90.73406,No Activity,Severe,Rain,889.2,24.5,Under Review,0.16,photos/FR01013.jpg
1014,2,14,486,2022-06-28 00:16:52,FIELD_9114,District Admin,22.83725,92.77253,Landslide Observed,Minor,Clear,698.7,196.3,Submitted,0.57,photos/FR01014.jpg
1015,3,26,888,2019-06-11 23:29:25,FIELD_6090,Police,23.99727,90.09317,Flooding,None,Heavy Rain,479.5,184.5,Verified,0.94,
1016,1,9,,2023-05-12 07:54:55,FIELD_3971,District Admin,27.56377,93.68669,Village Isolated,None,Heavy Rain,652.3,178.0,Archived,0.42,
1017,5,44,402,2020-04-11 14:55:54,FIELD_9500,Police,29.50626,98.4604,Crack Observed,Minor,Heavy Rain,609.7,66.8,Archived,0.37,
1018,8,62,155,2018-03-22 10:42:23,FIELD_4098,GSI Geologist,27.10739,92.0225,Damage,Severe,Cloudy,777.3,47.8,Rejected,0.27,photos/FR01018.jpg
1019,3,31,838,2020-12-10 13:18:54,FIELD_6155,Citizen,28.11357,95.66824,Road Blocked,Moderate,Clear,557.4,165.3,Rejected,0.08,
1020,4,39,462,2022-01-06 22:19:37,FIELD_8003,Police,27.636,91.10637,Crack Observed,Moderate,Clear,209.5,158.7,Under Review,0.9,
1021,2,16,198,2020-12-19 14:56:30,FIELD_6282,NDMA Officer,23.47845,90.57319,Damage,Moderate,Rain,244.8,138.9,Verified,0.82,
1022,1,7,,2021-11-02 16:26:53,FIELD_6365,Citizen,26.62827,92.32326,Landslide Observed,Minor,Rain,849.1,152.6,Under Review,0.47,
1023,5,45,2,2024-03-04 05:01:08,FIELD_3063,GSI Geologist,28.64963,95.09632,Crack Observed,Moderate,Cloudy,41.1,179.8,Verified,0.33,
1024,6,52,198,2023-03-30 02:05:49,FIELD_9360,Citizen,28.69956,100.00467,Flooding,Moderate,Heavy Rain,500.6,47.1,Rejected,0.98,
1025,2,20,520,2021-06-08 13:54:38,FIELD_4178,District Admin,23.52701,93.27091,Damage,None,Heavy Rain,761.4,112.9,Submitted,0.38,photos/FR01025.jpg
1026,1,2,,2019-04-02 03:48:19,FIELD_3296,NDMA Officer,24.17963,91.44374,Landslide Observed,Moderate,Rain,446.9,191.4,Rejected,0.05,photos/FR01026.jpg
1027,3,31,174,2019-10-06 06:36:15,FIELD_9235,Forest Guard,27.69575,95.43722,Road Blocked,Severe,Clear,138.4,3.7,Archived,0.15,photos/FR01027.jpg
1028,4,33,,2018-05-08 04:34:45,FIELD_2717,GSI Geologist,23.90862,100.25856,Landslide Observed,Minor,Rain,940.2,98.0,Under Review,0.08,photos/FR01028.jpg
1029,6,49,,2018-04-17 23:48:33,FIELD_4890,NDMA Officer,29.50964,98.72015,Village Isolated,Severe,Clear,864.4,65.3,Rejected,0.87,photos/FR01029.jpg
1030,1,6,788,2020-05-01 22:23:20,FIELD_4460,District Admin,26.31034,97.35226,No Activity,Severe,Rain,493.6,39.2,Submitted,0.74,
1031,8,59,273,2024-04-15 10:24:38,FIELD_3130,Citizen,25.65649,92.55077,Landslide Observed,None,Clear,596.3,168.5,Archived,0.8,
1032,7,56,,2023-06-23 02:31:41,FIELD_7820,GSI Geologist,29.35887,97.29216,Flooding,Moderate,Clear,908.8,165.3,Archived,0.3,photos/FR01032.jpg
1033,6,51,923,2018-08-20 13:10:22,FIELD_7890,Citizen,29.61761,90.57288,Landslide Observed,Severe,Clear,340.3,196.4,Verified,0.99,photos/FR01033.jpg
1034,5,40,216,2019-08-31 17:45:53,FIELD_5370,Citizen,28.07208,97.60435,No Activity,Moderate,Cloudy,58.8,170.1,Under Review,0.03,
1035,2,13,824,2018-04-01 00:32:46,FIELD_6878,District Admin,26.36823,100.01594,Road Blocked,Minor,Heavy Rain,745.0,185.4,Archived,0.55,photos/FR01035.jpg
1036,5,42,840,2024-10-19 20:04:27,FIELD_5922,Citizen,22.30737,96.93136,No Activity,Severe,Rain,411.8,110.3,Rejected,0.32,photos/FR01036.jpg
1037,1,7,584,2020-05-28 16:11:08,FIELD_1517,GSI Geologist,26.49883,92.00219,Damage,None,Rain,99.7,182.3,Archived,0.2,
1038,1,7,241,2018-08-17 15:32:13,FIELD_7495,Forest Guard,26.36736,92.37006,No Activity,None,Clear,624.5,135.6,Rejected,0.16,photos/FR01038.jpg
1039,8,59,693,2022-07-07 15:38:30,FIELD_1701,GSI Geologist,25.61447,92.76481,Flooding,Moderate,Rain,144.4,2.8,Archived,0.68,photos/FR01039.jpg
1040,1,10,934,2020-10-05 01:17:58,FIELD_8930,Citizen,23.89514,97.83196,Damage,Moderate,Clear,191.7,4.7,Under Review,0.47,photos/FR01040.jpg
1041,1,10,,2021-06-26 07:34:41,FIELD_6011,Citizen,24.0028,97.80897,Village Isolated,Moderate,Clear,456.9,104.1,Archived,0.08,
1042,1,2,358,2020-04-30 16:01:16,FIELD_1233,GSI Geologist,24.07392,91.16596,Landslide Observed,Severe,Clear,242.8,168.9,Under Review,0.07,photos/FR01042.jpg
1043,1,1,,2020-08-03 19:12:57,FIELD_2788,Police,26.98109,90.44195,Damage,Moderate,Cloudy,665.4,101.3,Submitted,0.01,photos/FR01043.jpg
1044,2,19,170,2023-12-14 22:46:37,FIELD_7310,District Admin,24.1148,96.58725,Village Isolated,Minor,Heavy Rain,78.3,53.8,Verified,0.66,photos/FR01044.jpg
1045,5,45,578,2018-07-01 22:16:02,FIELD_4125,Police,28.75864,94.81335,Road Blocked,Severe,Rain,145.6,51.1,Under Review,0.81,
1046,1,7,316,2020-02-18 06:17:35,FIELD_1619,Citizen,26.36856,92.04491,No Activity,Minor,Cloudy,931.4,82.3,Submitted,0.13,
1047,6,51,732,2023-12-24 04:42:25,FIELD_1988,NDMA Officer,29.61375,90.86626,Landslide Observed,Severe,Cloudy,709.6,43.9,Submitted,0.12,photos/FR01047.jpg
1048,6,53,378,2021-12-14 18:36:58,FIELD_5026,District Admin,28.20209,91.21802,Road Blocked,Moderate,Heavy Rain,504.9,19.9,Verified,0.31,
1049,1,11,,2020-03-30 17:15:52,FIELD_1913,GSI Geologist,22.74518,91.11718,Road Blocked,Severe,Rain,730.1,73.4,Archived,0.76,photos/FR01049.jpg
1050,2,18,,2019-12-21 00:55:03,FIELD_7508,District Admin,28.92715,98.6264,Village Isolated,None,Heavy Rain,179.1,5.3,Archived,0.49,photos/FR01050.jpg
1051,8,62,977,2022-12-17 08:09:45,FIELD_2303,GSI Geologist,26.77905,92.55216,Flooding,None,Clear,373.1,67.2,Archived,0.31,
1052,6,51,638,2020-09-13 05:29:35,FIELD_3302,District Admin,29.53011,90.70459,Landslide Observed,None,Cloudy,128.2,61.1,Rejected,0.78,photos/FR01052.jpg
1053,5,42,581,2018-03-11 21:19:51,FIELD_3538,Citizen,22.04684,97.31879,Landslide Observed,None,Cloudy,384.0,155.0,Verified,0.72,
1054,2,20,862,2020-01-29 18:44:20,FIELD_2748,GSI Geologist,23.29558,93.70481,Village Isolated,None,Cloudy,721.7,45.4,Verified,0.06,
1055,7,55,,2019-10-18 08:21:53,FIELD_2079,GSI Geologist,28.6889,94.00074,No Activity,Minor,Rain,184.9,56.4,Under Review,0.64,photos/FR01055.jpg
1056,7,56,988,2023-04-02 11:16:02,FIELD_3262,Police,29.64036,97.45419,Road Blocked,None,Heavy Rain,23.5,132.1,Under Review,0.05,
1057,3,30,958,2024-04-05 18:26:34,FIELD_9489,Forest Guard,25.7611,92.71635,Flooding,Moderate,Rain,402.8,118.3,Rejected,0.08,
1058,1,1,708,2023-04-19 05:42:46,FIELD_7231,Forest Guard,27.07608,90.12407,Road Blocked,None,Heavy Rain,190.0,112.9,Archived,0.03,
1059,1,8,631,2018-05-29 06:31:24,FIELD_6835,Police,24.44365,98.69246,Road Blocked,Moderate,Clear,95.2,28.8,Under Review,0.81,photos/FR01059.jpg
1060,6,47,,2022-11-06 16:14:13,FIELD_4660,District Admin,29.40515,99.34412,Flooding,Moderate,Cloudy,764.0,17.1,Rejected,0.23,
1061,7,58,77,2023-04-15 19:00:51,FIELD_8727,GSI Geologist,27.15783,94.32467,Flooding,Minor,Heavy Rain,582.2,7.9,Submitted,0.11,photos/FR01061.jpg
1062,6,52,339,2019-01-01 16:38:43,FIELD_7063,Forest Guard,28.76671,99.95488,Crack Observed,None,Cloudy,239.9,12.0,Verified,0.49,
1063,3,24,529,2020-07-25 11:51:08,FIELD_3133,District Admin,24.09999,99.06296,No Activity,Moderate,Rain,338.9,101.9,Rejected,0.71,photos/FR01063.jpg
1064,7,55,,2023-07-04 00:10:54,FIELD_9140,GSI Geologist,28.72101,94.10009,Damage,Severe,Clear,357.0,138.7,Submitted,0.07,photos/FR01064.jpg
1065,7,55,265,2018-07-07 19:14:21,FIELD_3558,Police,29.05878,94.09886,No Activity,Minor,Rain,170.0,61.4,Verified,0.44,photos/FR01065.jpg
1066,3,26,980,2024-06-06 03:15:22,FIELD_7508,Police,23.5637,90.20673,No Activity,Severe,Clear,538.6,15.2,Submitted,0.53,photos/FR01066.jpg
1067,5,46,226,2020-06-14 11:32:37,FIELD_7842,Forest Guard,23.10021,97.59234,Crack Observed,Minor,Rain,700.3,92.6,Verified,0.69,
1068,5,41,656,2022-06-04 11:47:40,FIELD_2713,GSI Geologist,22.90229,94.52961,No Activity,None,Rain,855.0,24.2,Verified,0.79,
1069,6,50,361,2021-11-20 03:24:02,FIELD_1489,Police,23.82171,92.37161,No Activity,Severe,Heavy Rain,893.4,128.4,Rejected,0.63,
1070,8,62,,2019-09-01 10:52:02,FIELD_2701,GSI Geologist,27.34341,92.03214,Landslide Observed,Moderate,Heavy Rain,172.1,70.3,Verified,0.11,
1071,5,41,392,2018-06-12 09:14:56,FIELD_7008,GSI Geologist,22.86108,94.12401,Village Isolated,Moderate,Rain,851.3,20.9,Under Review,0.29,photos/FR01071.jpg
1072,3,28,946,2019-04-29 17:43:32,FIELD_5418,District Admin,29.10095,93.03162,No Activity,Minor,Cloudy,505.3,27.0,Verified,0.02,
1073,2,18,,2021-06-14 19:56:19,FIELD_1687,Forest Guard,28.79353,98.90751,Road Blocked,None,Rain,156.4,12.3,Submitted,0.72,photos/FR01073.jpg
1074,3,27,,2021-09-26 07:14:26,FIELD_3789,GSI Geologist,25.15602,90.93226,Landslide Observed,Severe,Cloudy,991.3,194.8,Archived,0.34,photos/FR01074.jpg
1075,5,40,,2018-01-04 07:46:08,FIELD_7921,Police,27.81462,97.61069,Village Isolated,Severe,Heavy Rain,893.6,77.7,Submitted,0.67,photos/FR01075.jpg
1076,2,22,533,2019-01-29 08:25:07,FIELD_4562,Forest Guard,22.42325,96.45147,Village Isolated,Minor,Clear,103.5,148.5,Submitted,0.79,photos/FR01076.jpg
1077,1,3,385,2020-07-13 05:24:35,FIELD_1958,Forest Guard,27.4086,99.06984,Road Blocked,Moderate,Cloudy,96.6,72.5,Under Review,0.32,photos/FR01077.jpg
1078,3,31,184,2020-11-14 00:40:13,FIELD_9569,Forest Guard,28.19424,95.33445,Village Isolated,Moderate,Clear,949.3,135.7,Verified,0.27,
1079,1,3,48,2024-09-20 12:44:37,FIELD_1741,Forest Guard,27.65485,98.75199,No Activity,Moderate,Cloudy,143.4,93.4,Archived,0.93,photos/FR01079.jpg
1080,2,22,581,2020-06-29 11:56:02,FIELD_3693,Citizen,22.38669,96.28993,Flooding,None,Clear,82.0,154.8,Under Review,0.67,photos/FR01080.jpg
1081,8,62,,2018-06-28 04:36:33,FIELD_2934,NDMA Officer,27.0504,92.51458,Landslide Observed,Moderate,Clear,652.9,34.4,Archived,0.15,
1082,2,15,989,2022-03-15 04:09:18,FIELD_6495,NDMA Officer,26.74684,98.44332,Village Isolated,Minor,Clear,397.5,48.4,Verified,0.26,photos/FR01082.jpg
1083,5,40,257,2018-12-07 15:41:02,FIELD_3774,Forest Guard,27.95286,97.55324,Landslide Observed,None,Rain,324.9,62.2,Under Review,0.59,
1084,4,38,58,2020-07-14 08:09:45,FIELD_7240,NDMA Officer,29.54796,98.84056,Flooding,None,Clear,311.9,133.9,Submitted,0.05,photos/FR01084.jpg
1085,7,55,777,2020-03-29 18:47:31,FIELD_5812,NDMA Officer,29.06859,94.524,Crack Observed,Severe,Rain,198.4,93.0,Submitted,0.17,photos/FR01085.jpg
1086,3,30,34,2021-07-08 20:46:59,FIELD_3758,District Admin,25.56889,92.47215,No Activity,Moderate,Rain,397.0,53.7,Rejected,0.98,photos/FR01086.jpg
1087,1,1,,2018-09-26 12:03:55,FIELD_2393,Citizen,27.27142,90.48415,Crack Observed,Severe,Heavy Rain,320.2,78.6,Verified,0.18,
1088,3,26,73,2022-03-07 16:19:50,FIELD_9334,GSI Geologist,23.98871,90.06716,Landslide Observed,Moderate,Rain,602.8,34.3,Under Review,0.18,photos/FR01088.jpg
1089,1,5,299,2019-02-11 04:43:39,FIELD_3327,GSI Geologist,24.01558,95.21126,Road Blocked,Minor,Clear,552.0,66.1,Under Review,0.97,
1090,3,32,696,2020-03-13 16:15:06,FIELD_6964,Citizen,25.41824,95.63123,Damage,Moderate,Heavy Rain,432.9,99.9,Archived,0.22,photos/FR01090.jpg
1091,2,19,,2019-08-28 07:29:52,FIELD_8731,Citizen,24.04441,96.54499,Road Blocked,None,Clear,351.7,126.9,Verified,0.85,photos/FR01091.jpg
1092,3,26,531,2022-02-04 10:31:57,FIELD_7049,Forest Guard,23.54656,90.58774,Village Isolated,Moderate,Clear,25.2,37.3,Verified,0.48,
1093,5,40,,2020-05-22 18:25:23,FIELD_8706,NDMA Officer,27.9525,97.87453,Crack Observed,Moderate,Clear,234.9,44.4,Submitted,0.26,photos/FR01093.jpg
1094,2,14,296,2022-11-03 00:20:46,FIELD_4730,Citizen,22.60014,92.73773,Road Blocked,Moderate,Heavy Rain,989.4,140.7,Archived,0.28,photos/FR01094.jpg
1095,2,17,,2019-01-27 08:23:16,FIELD_5036,Police,24.01714,93.03876,Flooding,Moderate,Heavy Rain,731.0,174.4,Archived,0.21,photos/FR01095.jpg
1096,1,2,179,2024-08-26 12:40:44,FIELD_6662,Citizen,24.13802,91.40444,Crack Observed,Severe,Heavy Rain,920.2,133.0,Submitted,0.59,photos/FR01096.jpg
1097,6,49,,2020-03-27 09:48:29,FIELD_1318,Citizen,29.45336,98.9215,Road Blocked,Moderate,Heavy Rain,723.2,87.5,Rejected,0.78,
1098,1,9,,2021-04-25 18:45:58,FIELD_9004,District Admin,27.50074,93.2579,Damage,Moderate,Heavy Rain,179.4,179.1,Submitted,0.8,photos/FR01098.jpg
1099,2,16,,2023-04-06 14:39:19,FIELD_4073,District Admin,23.26841,90.4534,Crack Observed,None,Rain,361.5,17.1,Under Review,0.34,photos/FR01099.jpg
1100,6,50,433,2024-08-04 13:48:13,FIELD_5852,Citizen,23.61813,92.34809,Damage,Minor,Clear,224.7,116.2,Under Review,0.81,
1101,6,48,848,2023-06-16 18:51:49,FIELD_7653,Forest Guard,26.77017,95.0924,Flooding,Minor,Heavy Rain,65.7,136.0,Archived,0.09,photos/FR01101.jpg
1102,1,9,465,2019-01-04 17:26:03,FIELD_2429,Citizen,27.37813,93.54459,Village Isolated,None,Rain,926.4,172.1,Under Review,0.94,photos/FR01102.jpg
1103,5,45,521,2018-07-16 19:47:24,FIELD_7196,Forest Guard,28.63753,95.32003,Flooding,None,Rain,355.2,123.7,Archived,0.08,photos/FR01103.jpg
1104,3,25,423,2024-04-20 02:06:36,FIELD_4011,District Admin,26.50678,96.78968,Road Blocked,None,Rain,983.4,114.4,Archived,0.79,
1105,1,7,241,2020-04-15 12:31:06,FIELD_4229,Police,26.32969,91.90712,Village Isolated,Moderate,Rain,607.1,170.3,Verified,0.43,
1106,3,30,279,2019-07-17 16:16:16,FIELD_3377,NDMA Officer,25.79572,92.51285,Damage,Moderate,Rain,131.2,129.1,Archived,0.84,
1107,4,33,,2022-11-26 14:59:53,FIELD_1462,District Admin,23.89415,100.15673,Village Isolated,None,Cloudy,104.0,65.3,Submitted,0.66,photos/FR01107.jpg
1108,3,24,747,2024-04-04 05:58:00,FIELD_4371,District Admin,24.19531,98.96275,Road Blocked,None,Clear,24.4,62.8,Rejected,0.09,
1109,5,42,207,2019-12-01 14:06:36,FIELD_2072,Police,22.31682,97.34628,No Activity,Severe,Clear,893.8,76.1,Verified,0.76,
1110,5,41,,2019-10-19 02:29:51,FIELD_4983,Police,22.80751,94.20398,Flooding,Moderate,Rain,302.7,97.0,Under Review,0.54,photos/FR01110.jpg
1111,5,45,34,2022-11-05 17:20:18,FIELD_5173,GSI Geologist,28.67224,95.10024,Damage,Severe,Cloudy,929.2,186.2,Rejected,0.46,photos/FR01111.jpg
1112,3,27,704,2023-08-25 09:17:06,FIELD_9425,NDMA Officer,25.49736,90.81582,No Activity,Moderate,Rain,941.4,119.4,Verified,0.11,
1113,2,16,347,2022-05-27 04:18:57,FIELD_8104,NDMA Officer,23.29819,90.52579,Damage,Moderate,Heavy Rain,465.9,58.2,Under Review,0.08,
1114,6,53,,2023-10-20 18:04:02,FIELD_1325,Forest Guard,27.99032,91.11981,Damage,Moderate,Heavy Rain,469.6,25.4,Rejected,0.48,photos/FR01114.jpg
1115,6,49,384,2019-06-25 20:19:22,FIELD_2769,Forest Guard,29.71076,98.96995,Damage,Minor,Clear,663.0,77.6,Under Review,0.14,photos/FR01115.jpg
1116,3,29,875,2021-08-29 01:34:24,FIELD_3780,Citizen,25.72547,98.60024,Road Blocked,Severe,Clear,644.9,177.8,Archived,0.93,photos/FR01116.jpg
1117,2,21,959,2022-03-07 17:23:08,FIELD_5235,NDMA Officer,24.17072,99.48065,Damage,Severe,Cloudy,638.2,68.9,Submitted,0.45,
1118,6,52,,2018-12-15 13:49:45,FIELD_5832,Police,28.46286,99.54148,Road Blocked,Minor,Clear,226.7,174.6,Verified,0.85,photos/FR01118.jpg
1119,2,19,429,2022-12-13 19:30:42,FIELD_5821,NDMA Officer,24.41491,96.43615,Village Isolated,Moderate,Rain,933.7,150.5,Archived,0.35,
1120,5,44,224,2019-05-14 13:02:36,FIELD_9308,Citizen,29.30667,98.793,Road Blocked,Moderate,Clear,940.5,29.7,Archived,0.99,photos/FR01120.jpg
1121,2,14,881,2022-07-23 14:45:50,FIELD_6976,Citizen,22.51561,93.19189,Crack Observed,Severe,Heavy Rain,882.0,93.2,Verified,0.51,photos/FR01121.jpg
1122,3,26,674,2024-01-24 01:12:58,FIELD_5419,District Admin,23.87775,90.10606,No Activity,None,Cloudy,420.9,35.3,Under Review,0.1,photos/FR01122.jpg
1123,1,8,448,2023-06-02 20:16:57,FIELD_6611,Citizen,24.14805,98.52031,Damage,Minor,Rain,977.2,121.1,Rejected,0.81,photos/FR01123.jpg
1124,4,37,345,2023-03-01 14:58:17,FIELD_5319,Citizen,26.76863,94.77489,No Activity,Moderate,Clear,606.7,146.2,Verified,0.52,
1125,5,41,,2024-07-16 08:44:35,FIELD_5902,District Admin,22.8604,94.17033,Landslide Observed,Minor,Clear,263.3,182.1,Rejected,0.25,photos/FR01125.jpg
1126,7,56,,2019-04-02 19:30:51,FIELD_6100,District Admin,29.37213,97.75828,Crack Observed,Minor,Heavy Rain,261.7,61.8,Rejected,0.16,photos/FR01126.jpg
1127,3,32,477,2019-09-17 16:07:04,FIELD_7032,GSI Geologist,25.72259,96.00946,No Activity,None,Heavy Rain,933.9,160.0,Verified,0.05,photos/FR01127.jpg
1128,8,62,453,2020-09-22 16:05:16,FIELD_2260,Police,27.091,92.354,Flooding,Severe,Clear,395.2,131.1,Submitted,0.62,
1129,3,32,,2024-11-05 06:12:28,FIELD_7686,NDMA Officer,25.6075,95.67238,Village Isolated,Severe,Rain,118.3,148.1,Under Review,0.05,
1130,1,10,,2018-10-01 12:47:46,FIELD_4450,Citizen,23.77502,97.82866,Landslide Observed,Severe,Cloudy,585.1,71.2,Submitted,0.78,
1131,3,29,,2019-07-03 07:38:48,FIELD_1898,Police,26.09856,99.05431,Village Isolated,Minor,Rain,126.5,96.3,Verified,0.69,
1132,5,40,507,2020-06-29 04:33:30,FIELD_6133,Forest Guard,27.91396,97.80735,Crack Observed,Minor,Rain,136.4,76.4,Verified,0.21,photos/FR01132.jpg
1133,6,50,650,2024-03-18 23:16:09,FIELD_7789,GSI Geologist,23.95046,92.64367,Landslide Observed,Severe,Cloudy,712.9,112.3,Submitted,0.56,
1134,2,14,,2023-08-19 05:16:53,FIELD_5172,Police,22.58374,92.66122,Damage,Minor,Clear,201.3,127.8,Archived,0.24,photos/FR01134.jpg
1135,8,60,989,2023-04-27 14:37:15,FIELD_4185,District Admin,24.69589,95.87352,Village Isolated,Moderate,Clear,957.1,140.7,Under Review,0.11,photos/FR01135.jpg
1136,1,10,103,2018-10-13 21:40:14,FIELD_7273,Police,23.79783,97.65369,Landslide Observed,None,Cloudy,569.0,192.3,Submitted,0.53,
1137,5,41,117,2018-03-26 17:38:05,FIELD_9913,NDMA Officer,22.9975,94.44455,Road Blocked,Moderate,Cloudy,887.3,199.4,Under Review,0.91,photos/FR01137.jpg
1138,1,9,687,2020-09-10 05:16:05,FIELD_4928,GSI Geologist,27.76095,93.37234,No Activity,Minor,Rain,659.4,180.7,Archived,0.66,
1139,2,19,463,2020-02-13 15:47:04,FIELD_7424,District Admin,24.34018,96.37082,Village Isolated,Severe,Cloudy,231.5,140.5,Archived,0.14,
1140,3,31,638,2023-03-02 12:27:48,FIELD_1727,Citizen,27.70508,95.28227,Flooding,Severe,Cloudy,622.1,73.0,Under Review,0.14,photos/FR01140.jpg
1141,5,40,,2023-06-09 19:29:55,FIELD_2468,NDMA Officer,27.91099,97.73179,No Activity,None,Cloudy,220.2,183.9,Verified,0.44,photos/FR01141.jpg
1142,2,21,971,2018-06-13 00:12:56,FIELD_3916,Police,24.29241,99.39064,Village Isolated,None,Heavy Rain,521.1,115.0,Verified,0.24,photos/FR01142.jpg
1143,4,36,340,2018-01-06 00:26:21,FIELD_2833,Police,25.52075,90.35163,Flooding,Minor,Rain,302.7,61.6,Rejected,0.49,
1144,3,29,,2023-11-18 23:43:21,FIELD_8638,NDMA Officer,25.91376,99.02592,Road Blocked,Moderate,Cloudy,102.7,130.3,Under Review,0.33,photos/FR01144.jpg
1145,1,9,258,2022-07-04 11:07:53,FIELD_4950,Citizen,27.73403,93.47877,Landslide Observed,Severe,Cloudy,175.9,138.2,Submitted,0.72,
1146,3,32,,2019-04-12 14:17:51,FIELD_8436,District Admin,25.58466,95.56817,Crack Observed,Minor,Heavy Rain,326.7,71.4,Submitted,0.16,
1147,1,4,506,2023-07-29 17:41:39,FIELD_4466,District Admin,26.88148,90.27361,Flooding,Severe,Cloudy,158.4,20.7,Under Review,0.43,photos/FR01147.jpg
1148,5,40,121,2021-07-22 08:22:39,FIELD_3627,NDMA Officer,28.25066,97.67946,Damage,Moderate,Cloudy,302.9,115.4,Rejected,0.56,photos/FR01148.jpg
1149,8,61,408,2018-07-18 15:05:44,FIELD_3803,Citizen,26.96954,90.01056,Flooding,Minor,Clear,583.5,146.8,Rejected,0.87,
1150,2,20,941,2019-09-01 20:35:31,FIELD_8403,Citizen,23.12602,93.5161,Flooding,Moderate,Rain,961.3,187.0,Archived,0.35,photos/FR01150.jpg
1151,2,20,448,2023-08-26 01:56:49,FIELD_6296,Police,23.25182,93.46756,No Activity,None,Clear,321.6,112.1,Rejected,0.94,
1152,3,30,793,2020-11-13 08:43:51,FIELD_2091,NDMA Officer,25.71944,92.90283,Village Isolated,Severe,Rain,616.2,174.7,Rejected,0.41,photos/FR01152.jpg
1153,2,20,435,2022-04-01 22:50:56,FIELD_6850,NDMA Officer,23.1586,93.82716,Damage,Severe,Rain,688.6,81.4,Submitted,0.69,photos/FR01153.jpg
1154,2,15,801,2021-02-27 12:41:18,FIELD_1518,Police,27.13954,98.42722,Village Isolated,Severe,Heavy Rain,142.2,92.9,Submitted,0.86,photos/FR01154.jpg
1155,1,11,,2019-06-28 00:38:10,FIELD_2800,District Admin,22.81073,90.77551,Damage,Moderate,Clear,174.6,163.4,Rejected,0.27,photos/FR01155.jpg
1156,7,57,920,2024-02-12 16:01:15,FIELD_2571,GSI Geologist,23.60477,92.96329,Crack Observed,None,Rain,590.1,94.3,Submitted,0.32,
1157,5,44,337,2022-10-07 19:24:32,FIELD_4938,Police,29.16648,98.85748,Crack Observed,Minor,Cloudy,897.6,198.0,Verified,0.33,photos/FR01157.jpg
1158,2,19,643,2024-05-26 09:14:30,FIELD_2090,Forest Guard,24.42539,96.46631,Crack Observed,Minor,Cloudy,944.0,184.4,Archived,0.71,
1159,4,36,668,2018-01-22 19:01:21,FIELD_1723,NDMA Officer,25.48503,90.3828,Crack Observed,Severe,Heavy Rain,667.4,150.8,Under Review,0.25,
1160,1,6,,2021-08-09 04:11:15,FIELD_1417,Citizen,26.55434,97.00349,Crack Observed,Severe,Clear,314.5,0.6,Rejected,0.61,
1161,7,55,,2020-04-16 08:19:35,FIELD_2009,NDMA Officer,29.07214,94.47132,Damage,Minor,Heavy Rain,367.0,104.0,Rejected,0.91,photos/FR01161.jpg
1162,3,23,280,2020-07-20 02:19:58,FIELD_3669,NDMA Officer,27.63382,91.34389,Flooding,Minor,Clear,876.4,37.4,Under Review,0.32,photos/FR01162.jpg
1163,6,54,454,2024-01-03 18:01:55,FIELD_7115,GSI Geologist,29.37924,91.54867,Landslide Observed,Minor,Clear,606.2,114.8,Under Review,0.37,photos/FR01163.jpg
1164,3,30,857,2022-12-05 16:49:23,FIELD_7210,Police,25.88372,92.84584,Landslide Observed,None,Clear,908.2,84.8,Rejected,0.11,photos/FR01164.jpg
1165,6,53,,2022-09-26 07:19:50,FIELD_4358,Forest Guard,28.31699,91.14143,Damage,Minor,Rain,588.0,72.9,Verified,0.48,photos/FR01165.jpg
1166,5,45,635,2021-07-16 00:36:22,FIELD_2809,GSI Geologist,28.94132,95.30832,No Activity,Minor,Clear,435.0,4.2,Archived,0.65,photos/FR01166.jpg
1167,1,8,,2024-12-04 19:18:51,FIELD_2260,Police,24.02733,98.52819,Road Blocked,Severe,Rain,365.4,117.3,Under Review,0.58,
1168,6,50,721,2019-08-28 19:50:44,FIELD_6670,Police,23.77215,92.26551,Flooding,None,Cloudy,204.5,71.7,Archived,0.69,
1169,5,45,,2024-01-05 17:55:46,FIELD_9662,Forest Guard,28.87283,95.21788,Damage,Severe,Clear,561.2,17.7,Submitted,0.12,
1170,6,51,334,2019-10-10 16:07:45,FIELD_4310,NDMA Officer,29.80205,91.11824,Village Isolated,Moderate,Cloudy,275.5,125.9,Under Review,0.01,photos/FR01170.jpg
1171,6,49,149,2023-02-13 09:27:54,FIELD_7819,District Admin,29.4266,98.7783,Road Blocked,None,Clear,841.7,144.9,Verified,0.68,
1172,6,48,,2018-06-18 07:48:29,FIELD_6001,GSI Geologist,26.79609,94.67113,Crack Observed,Minor,Cloudy,861.5,22.4,Under Review,0.51,photos/FR01172.jpg
1173,4,36,,2022-01-18 07:02:05,FIELD_2825,NDMA Officer,25.60572,90.68698,Damage,Minor,Cloudy,668.6,68.1,Archived,0.59,
1174,6,51,191,2020-05-04 08:59:50,FIELD_2597,Forest Guard,29.58233,90.65494,Landslide Observed,Severe,Cloudy,851.8,157.1,Verified,0.49,photos/FR01174.jpg
1175,2,14,,2018-07-04 04:08:59,FIELD_6593,Police,22.4649,93.16563,Flooding,None,Cloudy,332.1,161.4,Submitted,0.5,
1176,8,59,118,2024-06-19 10:04:39,FIELD_3658,NDMA Officer,25.45149,92.4796,Landslide Observed,Minor,Cloudy,613.2,185.5,Under Review,0.62,photos/FR01176.jpg
1177,2,19,84,2018-01-28 00:05:24,FIELD_1877,Forest Guard,23.97925,96.62864,Road Blocked,Severe,Cloudy,945.0,164.7,Rejected,0.01,photos/FR01177.jpg
1178,5,43,292,2023-09-06 20:09:11,FIELD_4491,Forest Guard,29.90652,97.70128,Road Blocked,Moderate,Clear,756.4,49.0,Rejected,0.04,photos/FR01178.jpg
1179,1,7,,2022-08-11 05:11:19,FIELD_6344,NDMA Officer,26.21327,92.26785,Crack Observed,Moderate,Clear,841.9,105.3,Archived,0.94,photos/FR01179.jpg
1180,2,17,685,2024-04-03 10:55:48,FIELD_8195,District Admin,24.07007,92.94427,Village Isolated,Minor,Heavy Rain,842.6,131.7,Submitted,0.29,
1181,6,54,129,2021-01-25 17:14:26,FIELD_7748,District Admin,29.68213,91.61996,Crack Observed,Minor,Clear,941.3,162.7,Rejected,0.1,
1182,2,17,711,2022-05-25 16:15:20,FIELD_2117,GSI Geologist,24.00378,92.88489,Flooding,Minor,Cloudy,317.1,140.7,Archived,0.76,photos/FR01182.jpg
1183,6,52,389,2022-10-07 15:56:34,FIELD_4757,NDMA Officer,28.419,99.4901,Village Isolated,Moderate,Clear,475.7,111.6,Verified,0.08,photos/FR01183.jpg
1184,1,7,,2022-04-01 02:46:13,FIELD_6574,GSI Geologist,26.32162,92.27002,Crack Observed,Moderate,Cloudy,487.7,96.7,Verified,0.75,photos/FR01184.jpg
1185,6,48,,2019-05-23 03:16:03,FIELD_5217,NDMA Officer,26.70883,95.08761,Road Blocked,Minor,Clear,716.6,170.4,Verified,0.28,
1186,2,19,185,2021-11-15 14:26:56,FIELD_3395,NDMA Officer,24.06155,96.57577,No Activity,Minor,Clear,599.2,69.1,Under Review,0.05,photos/FR01186.jpg
1187,7,55,166,2023-02-20 23:16:49,FIELD_9020,Forest Guard,28.82034,94.48162,Road Blocked,Moderate,Rain,159.3,198.4,Archived,0.34,photos/FR01187.jpg
1188,8,62,375,2024-09-05 23:45:20,FIELD_3936,Forest Guard,26.96263,92.54671,Road Blocked,Moderate,Clear,527.4,56.2,Rejected,0.88,photos/FR01188.jpg
1189,4,36,784,2022-12-03 02:23:20,FIELD_9452,Police,25.38174,90.7588,Flooding,Severe,Clear,911.9,159.8,Archived,0.62,
1190,1,8,911,2019-02-24 03:06:08,FIELD_1033,Forest Guard,24.35197,98.53409,Village Isolated,Moderate,Cloudy,658.0,117.6,Rejected,0.34,photos/FR01190.jpg
1191,2,13,,2018-11-03 22:23:36,FIELD_8287,District Admin,26.3281,99.70345,Flooding,Severe,Rain,50.5,185.1,Archived,0.67,
1192,2,19,,2024-07-27 00:03:56,FIELD_1523,NDMA Officer,24.38891,96.55357,Crack Observed,Severe,Heavy Rain,225.0,75.2,Verified,0.13,photos/FR01192.jpg
1193,1,1,672,2019-06-15 08:50:16,FIELD_6009,GSI Geologist,27.29321,90.24887,No Activity,Moderate,Clear,922.8,23.8,Verified,0.08,photos/FR01193.jpg
1194,3,24,831,2023-02-08 13:16:05,FIELD_2279,NDMA Officer,24.18341,99.30673,Road Blocked,Minor,Clear,568.9,100.6,Verified,0.47,
1195,2,18,,2018-04-26 22:32:59,FIELD_8219,Forest Guard,28.91659,98.47069,Crack Observed,Severe,Rain,143.3,181.2,Verified,0.09,photos/FR01195.jpg
1196,4,37,519,2021-06-14 10:26:09,FIELD_6870,NDMA Officer,26.81286,94.44454,Landslide Observed,Severe,Clear,372.4,59.4,Submitted,0.75,photos/FR01196.jpg
1197,3,25,,2018-10-30 07:31:43,FIELD_7372,District Admin,26.55482,96.62197,Village Isolated,None,Rain,92.1,196.6,Submitted,0.22,photos/FR01197.jpg
1198,6,49,483,2024-08-16 10:08:39,FIELD_8778,Police,29.64936,98.63069,Road Blocked,Minor,Heavy Rain,971.5,163.4,Submitted,0.75,photos/FR01198.jpg
1199,6,52,515,2018-05-28 10:43:40,FIELD_3889,NDMA Officer,28.27292,99.71284,Road Blocked,Severe,Cloudy,192.0,38.7,Under Review,0.97,
1200,1,8,,2018-04-08 04:49:51,FIELD_4368,Police,24.28295,98.70578,Landslide Observed,Severe,Cloudy,380.6,46.5,Submitted,0.36,
1201,3,30,571,2020-12-24 18:10:17,FIELD_3622,District Admin,25.80442,92.45345,Crack Observed,Moderate,Rain,281.4,178.0,Under Review,0.34,photos/FR01201.jpg
1202,5,46,507,2021-09-05 17:18:05,FIELD_2511,GSI Geologist,23.14834,97.81215,Village Isolated,Minor,Clear,206.3,67.7,Rejected,1.0,photos/FR01202.jpg
1203,7,57,,2019-05-10 15:20:54,FIELD_5188,Forest Guard,23.80901,92.93961,No Activity,None,Heavy Rain,745.4,25.1,Under Review,0.91,photos/FR01203.jpg
1204,1,5,660,2024-11-05 06:15:30,FIELD_6827,GSI Geologist,23.71323,94.76072,Road Blocked,Moderate,Rain,724.1,34.1,Submitted,0.36,photos/FR01204.jpg
1205,2,17,151,2022-07-13 02:42:07,FIELD_1861,Forest Guard,23.74293,92.95647,Village Isolated,Moderate,Heavy Rain,83.1,168.4,Under Review,0.04,photos/FR01205.jpg
1206,2,19,823,2019-11-22 02:04:09,FIELD_2132,NDMA Officer,24.23075,96.34829,No Activity,Severe,Clear,348.0,169.2,Verified,0.89,photos/FR01206.jpg
1207,3,24,,2023-06-09 20:50:50,FIELD_6209,GSI Geologist,23.91475,99.41724,Damage,Moderate,Rain,4.8,69.5,Rejected,0.21,photos/FR01207.jpg
1208,5,40,63,2022-08-30 18:15:33,FIELD_1438,Citizen,28.12925,97.63554,Damage,Moderate,Rain,527.3,149.7,Rejected,0.99,photos/FR01208.jpg
1209,8,61,,2022-10-12 13:32:51,FIELD_8345,GSI Geologist,26.56402,89.92965,Damage,None,Heavy Rain,259.9,69.9,Rejected,0.92,photos/FR01209.jpg
1210,5,42,749,2021-04-09 21:16:28,FIELD_9686,District Admin,22.18719,97.10284,Damage,None,Rain,403.6,51.2,Under Review,0.89,photos/FR01210.jpg
1211,1,4,912,2023-06-15 03:05:58,FIELD_8063,Forest Guard,26.97702,90.3313,Road Blocked,Minor,Cloudy,56.7,102.3,Rejected,0.53,photos/FR01211.jpg
1212,3,26,535,2023-01-24 17:15:09,FIELD_5285,GSI Geologist,23.9372,90.57588,Landslide Observed,Severe,Cloudy,679.3,171.3,Rejected,0.41,
1213,5,46,632,2019-06-16 12:32:13,FIELD_4544,Forest Guard,23.27875,97.6036,Landslide Observed,Severe,Clear,723.9,145.6,Archived,0.96,
1214,5,40,196,2022-10-05 06:46:43,FIELD_8960,GSI Geologist,27.8979,97.86696,No Activity,Severe,Rain,203.9,36.2,Archived,0.72,
1215,2,15,21,2021-06-19 14:13:54,FIELD_5482,NDMA Officer,26.68726,98.50416,Crack Observed,None,Cloudy,710.0,166.3,Rejected,0.07,
1216,3,28,544,2024-08-22 09:36:41,FIELD_4639,District Admin,29.28268,93.07936,Flooding,Minor,Clear,70.8,18.3,Submitted,0.83,photos/FR01216.jpg
1217,6,49,,2021-11-29 20:59:48,FIELD_2660,Citizen,29.55694,98.50397,Village Isolated,None,Heavy Rain,591.1,110.4,Under Review,0.8,
1218,2,14,109,2024-10-04 21:44:37,FIELD_3346,Forest Guard,22.91522,93.11298,Village Isolated,Moderate,Heavy Rain,309.5,185.3,Submitted,0.04,photos/FR01218.jpg
1219,5,41,668,2018-06-10 02:51:35,FIELD_1026,Citizen,23.08134,94.33009,Flooding,None,Clear,63.0,43.1,Rejected,0.63,photos/FR01219.jpg
1220,3,26,888,2018-10-19 06:36:04,FIELD_1052,Citizen,23.57521,90.02621,Village Isolated,Moderate,Heavy Rain,41.0,99.9,Submitted,0.1,photos/FR01220.jpg
1221,6,49,,2021-05-14 14:25:38,FIELD_4574,Citizen,29.56774,98.58876,Landslide Observed,Minor,Clear,844.9,7.2,Submitted,0.76,photos/FR01221.jpg
1222,8,59,,2020-04-14 12:55:56,FIELD_2833,NDMA Officer,25.53918,92.29666,Damage,None,Heavy Rain,436.4,103.6,Under Review,0.84,
1223,1,8,,2024-10-31 16:56:53,FIELD_7972,District Admin,24.10845,98.44194,Damage,Moderate,Cloudy,743.7,72.6,Archived,0.38,photos/FR01223.jpg
1224,8,59,605,2021-04-14 17:07:07,FIELD_2991,Forest Guard,25.87404,92.48322,No Activity,Moderate,Clear,62.9,174.9,Submitted,0.87,
1225,2,21,,2021-04-28 03:56:00,FIELD_6179,GSI Geologist,24.01665,99.55521,Landslide Observed,Moderate,Rain,923.6,31.3,Submitted,0.84,photos/FR01225.jpg
1226,6,51,,2023-06-01 13:54:39,FIELD_9599,NDMA Officer,29.47096,91.0362,Village Isolated,None,Rain,617.7,194.2,Submitted,0.98,
1227,1,10,667,2020-02-01 12:34:10,FIELD_7140,District Admin,23.88291,97.58626,Road Blocked,Severe,Heavy Rain,629.4,57.5,Under Review,0.5,
1228,5,44,158,2018-10-07 22:10:33,FIELD_4380,Citizen,29.00243,98.41518,Damage,Moderate,Clear,235.1,155.6,Under Review,0.45,photos/FR01228.jpg
1229,6,51,287,2019-07-07 16:11:43,FIELD_9360,Police,29.45993,91.08715,No Activity,Severe,Heavy Rain,912.0,123.0,Submitted,0.92,photos/FR01229.jpg
1230,5,40,33,2021-07-20 20:58:43,FIELD_7412,Forest Guard,28.12578,97.9347,Damage,None,Cloudy,567.7,6.3,Verified,0.95,photos/FR01230.jpg
1231,7,55,667,2018-08-06 16:48:40,FIELD_1680,GSI Geologist,28.86663,94.29737,Damage,None,Clear,984.0,59.6,Archived,0.33,
1232,6,54,654,2020-08-04 14:53:18,FIELD_7668,GSI Geologist,29.57608,91.51011,No Activity,None,Clear,245.1,163.0,Under Review,0.11,
1233,1,11,765,2019-06-27 04:38:26,FIELD_9538,Forest Guard,22.79121,91.04857,Damage,Moderate,Cloudy,937.3,155.4,Under Review,0.77,photos/FR01233.jpg
1234,2,21,,2019-02-02 23:04:49,FIELD_9185,GSI Geologist,24.27598,99.44544,Damage,Minor,Heavy Rain,688.6,68.6,Rejected,0.65,
1235,6,47,,2020-07-21 20:22:34,FIELD_4828,Forest Guard,29.34475,99.31022,No Activity,Minor,Rain,359.1,183.1,Archived,0.99,
1236,2,14,,2020-10-31 06:52:38,FIELD_5009,District Admin,22.4797,93.10548,Village Isolated,None,Heavy Rain,514.7,32.4,Verified,0.77,photos/FR01236.jpg
1237,8,62,426,2023-09-16 05:48:48,FIELD_7038,GSI Geologist,27.23838,92.45162,Crack Observed,Moderate,Clear,973.2,195.6,Archived,0.55,
1238,2,15,478,2023-03-15 19:59:58,FIELD_2277,GSI Geologist,27.0315,98.36104,Flooding,None,Heavy Rain,970.8,19.9,Rejected,0.88,
1239,1,6,791,2019-04-23 17:23:45,FIELD_4471,NDMA Officer,26.507,97.24222,Village Isolated,Moderate,Rain,160.5,14.7,Rejected,0.55,photos/FR01239.jpg
1240,8,59,40,2019-09-20 13:40:06,FIELD_8348,Police,25.65801,92.21762,Village Isolated,Severe,Rain,887.0,164.1,Archived,0.75,photos/FR01240.jpg
1241,1,8,380,2023-02-19 07:36:46,FIELD_2515,NDMA Officer,23.96411,98.78632,Landslide Observed,Minor,Rain,221.0,7.1,Under Review,0.49,
1242,1,1,344,2021-10-19 03:07:53,FIELD_7767,Police,27.05359,90.12356,Road Blocked,Severe,Cloudy,382.6,39.5,Verified,0.87,photos/FR01242.jpg
1243,3,27,712,2020-02-05 19:10:50,FIELD_2296,Police,25.29411,90.41453,Landslide Observed,None,Rain,228.7,119.3,Under Review,0.99,
1244,2,18,988,2020-06-25 17:04:38,FIELD_3195,Citizen,28.65407,98.79752,Road Blocked,Severe,Heavy Rain,670.3,160.2,Under Review,0.89,
1245,2,13,207,2024-05-06 16:20:40,FIELD_2036,Forest Guard,26.49004,99.86789,No Activity,Minor,Cloudy,690.5,145.3,Rejected,0.91,photos/FR01245.jpg
1246,3,23,673,2024-09-21 23:26:19,FIELD_5797,Forest Guard,27.81774,91.48168,Village Isolated,Moderate,Heavy Rain,801.1,32.4,Rejected,0.33,photos/FR01246.jpg
1247,8,59,966,2024-10-14 02:08:43,FIELD_5714,GSI Geologist,25.66566,92.2862,Village Isolated,Minor,Clear,728.1,187.6,Verified,0.12,
1248,2,20,626,2022-01-10 06:04:03,FIELD_8299,Citizen,23.24087,93.31841,Village Isolated,Minor,Rain,208.7,147.8,Submitted,0.72,photos/FR01248.jpg
1249,5,40,394,2021-09-01 10:22:13,FIELD_3895,District Admin,28.26711,97.97188,Road Blocked,Minor,Cloudy,926.4,146.2,Submitted,0.03,photos/FR01249.jpg
1250,7,58,,2019-08-30 20:57:19,FIELD_6483,Police,27.10685,94.29175,Road Blocked,Minor,Heavy Rain,693.2,90.9,Under Review,0.67,
1251,1,12,162,2022-03-01 19:30:21,FIELD_1523,NDMA Officer,26.71667,98.0898,Road Blocked,Severe,Clear,62.5,70.2,Under Review,0.24,
1252,4,36,,2022-10-16 12:37:53,FIELD_3889,NDMA Officer,25.16254,90.51169,Village Isolated,Severe,Rain,428.7,61.8,Verified,0.55,photos/FR01252.jpg
1253,3,31,,2023-10-27 09:50:42,FIELD_4534,GSI Geologist,28.21899,95.22839,Flooding,Severe,Clear,914.0,156.7,Rejected,0.54,photos/FR01253.jpg
1254,1,12,163,2023-03-14 00:54:21,FIELD_7955,GSI Geologist,26.96275,98.06165,Road Blocked,Moderate,Clear,430.5,153.4,Submitted,0.64,photos/FR01254.jpg
1255,8,60,677,2022-01-17 18:39:30,FIELD_5804,District Admin,24.72482,96.01651,Flooding,None,Heavy Rain,330.5,62.9,Under Review,0.66,photos/FR01255.jpg
1256,1,4,451,2021-01-03 23:02:34,FIELD_1591,Forest Guard,26.94069,90.46698,No Activity,Severe,Cloudy,996.8,109.3,Under Review,0.52,photos/FR01256.jpg
1257,2,18,,2020-01-06 00:10:24,FIELD_4366,NDMA Officer,28.79472,98.85777,Damage,Severe,Clear,319.8,151.4,Archived,0.32,photos/FR01257.jpg
1258,1,11,864,2021-05-06 13:38:54,FIELD_1160,Police,22.51711,90.97794,Road Blocked,None,Cloudy,169.8,136.9,Submitted,0.55,photos/FR01258.jpg
1259,1,10,92,2018-10-17 18:57:36,FIELD_4264,Police,23.67902,97.54736,Landslide Observed,None,Cloudy,799.5,103.1,Under Review,0.08,photos/FR01259.jpg
1260,4,33,,2019-09-10 17:27:54,FIELD_1485,NDMA Officer,23.64739,99.83797,No Activity,Minor,Rain,814.9,152.7,Under Review,0.74,photos/FR01260.jpg
1261,2,19,,2024-12-28 08:02:10,FIELD_6674,NDMA Officer,24.45698,96.59602,Crack Observed,Moderate,Clear,401.4,40.1,Verified,0.89,
1262,6,51,249,2020-10-30 02:21:22,FIELD_8483,Police,29.69907,90.67461,Village Isolated,None,Heavy Rain,403.9,11.2,Submitted,0.19,photos/FR01262.jpg
1263,2,22,,2021-08-18 21:17:56,FIELD_1730,Forest Guard,22.70264,96.27888,Crack Observed,Minor,Clear,515.6,72.2,Verified,0.43,photos/FR01263.jpg
1264,3,27,420,2024-04-03 08:06:53,FIELD_4427,District Admin,25.13277,90.87761,No Activity,Minor,Heavy Rain,271.1,21.5,Rejected,0.06,photos/FR01264.jpg
1265,1,1,858,2022-06-05 18:48:31,FIELD_5645,Citizen,26.9714,90.29138,Damage,Moderate,Rain,583.1,154.4,Submitted,0.01,photos/FR01265.jpg
1266,4,36,160,2018-11-25 07:41:39,FIELD_7348,Police,25.08194,90.64349,Road Blocked,Severe,Cloudy,710.9,116.3,Verified,0.48,photos/FR01266.jpg
1267,4,33,827,2018-11-25 15:52:54,FIELD_9753,Forest Guard,23.58683,100.18001,Crack Observed,Moderate,Clear,413.3,0.5,Archived,0.96,photos/FR01267.jpg
1268,3,24,763,2022-06-04 08:18:47,FIELD_8062,Police,23.86438,99.26075,No Activity,Minor,Cloudy,126.1,26.2,Archived,0.78,
1269,5,44,231,2024-10-09 01:44:58,FIELD_7614,Forest Guard,29.10183,98.46961,Village Isolated,Severe,Heavy Rain,948.1,40.2,Verified,0.08,photos/FR01269.jpg
1270,6,52,297,2020-10-10 07:57:24,FIELD_3254,Police,28.56981,99.54923,Damage,None,Heavy Rain,800.1,156.7,Rejected,0.34,
1271,3,32,379,2019-02-01 06:02:55,FIELD_6250,Forest Guard,25.16507,96.05212,Damage,None,Rain,110.3,42.9,Submitted,0.46,photos/FR01271.jpg
1272,6,50,548,2022-07-21 04:49:08,FIELD_2523,Police,24.03154,92.35674,Road Blocked,Minor,Clear,234.3,66.7,Verified,0.2,photos/FR01272.jpg
1273,5,46,607,2022-04-19 00:25:24,FIELD_8224,GSI Geologist,23.17219,97.70592,No Activity,Minor,Rain,427.9,63.1,Rejected,0.54,
1274,7,55,501,2023-08-12 01:40:10,FIELD_3898,NDMA Officer,28.8101,94.51975,Damage,Moderate,Rain,905.5,102.0,Under Review,0.96,
1275,1,3,360,2020-11-23 17:09:57,FIELD_2086,District Admin,27.14845,99.08352,Village Isolated,None,Rain,53.9,140.9,Under Review,0.32,photos/FR01275.jpg
1276,4,37,707,2024-09-17 23:14:01,FIELD_5366,GSI Geologist,26.91415,94.70781,No Activity,None,Clear,228.5,17.4,Rejected,0.74,photos/FR01276.jpg
1277,4,34,945,2020-03-30 01:03:07,FIELD_2429,NDMA Officer,26.18905,97.64187,No Activity,Minor,Heavy Rain,827.0,27.1,Archived,0.94,photos/FR01277.jpg
1278,3,25,783,2018-05-13 10:24:28,FIELD_7897,Forest Guard,26.2498,96.97394,Flooding,Severe,Cloudy,892.0,46.6,Under Review,0.44,photos/FR01278.jpg
1279,3,30,,2024-04-03 16:26:29,FIELD_5127,District Admin,25.87894,92.36888,Crack Observed,None,Clear,749.3,152.4,Archived,0.19,photos/FR01279.jpg
1280,7,58,,2018-04-20 06:42:30,FIELD_5022,GSI Geologist,27.30176,94.62975,Flooding,Moderate,Heavy Rain,736.0,22.7,Under Review,0.2,photos/FR01280.jpg
1281,1,9,938,2018-02-03 10:40:50,FIELD_8162,Forest Guard,27.31689,93.15034,No Activity,Minor,Heavy Rain,702.3,19.3,Archived,0.93,photos/FR01281.jpg
1282,6,51,734,2022-06-23 01:53:44,FIELD_9996,Citizen,29.81918,90.92982,Village Isolated,Minor,Heavy Rain,619.2,175.9,Under Review,0.7,photos/FR01282.jpg
1283,1,7,,2023-02-13 03:45:03,FIELD_5812,Forest Guard,26.41878,92.17926,Landslide Observed,Severe,Heavy Rain,588.9,181.6,Verified,0.8,photos/FR01283.jpg
1284,4,37,99,2024-02-24 08:40:19,FIELD_4345,District Admin,26.47955,94.89668,Damage,None,Heavy Rain,392.5,171.3,Archived,0.97,photos/FR01284.jpg
1285,4,37,150,2021-04-11 23:31:15,FIELD_6422,NDMA Officer,26.47774,94.51789,Flooding,Moderate,Clear,878.2,183.2,Rejected,0.09,
1286,1,11,,2018-10-23 17:43:42,FIELD_4652,District Admin,22.70779,90.9114,Village Isolated,Moderate,Rain,600.2,95.3,Submitted,0.25,photos/FR01286.jpg
1287,6,49,884,2022-08-05 13:00:49,FIELD_5431,Police,29.54641,99.0835,Flooding,Moderate,Heavy Rain,53.7,154.6,Verified,0.52,photos/FR01287.jpg
1288,3,29,147,2021-07-01 11:30:53,FIELD_9043,Forest Guard,26.11075,98.88748,Road Blocked,Severe,Cloudy,335.3,126.2,Under Review,0.75,photos/FR01288.jpg
1289,6,47,,2019-09-06 05:35:34,FIELD_9390,Police,29.83845,99.13097,Road Blocked,Minor,Rain,245.0,186.0,Verified,0.87,photos/FR01289.jpg
1290,1,3,340,2018-05-29 07:13:22,FIELD_1483,District Admin,27.45979,98.64733,Village Isolated,Severe,Heavy Rain,32.0,80.9,Rejected,0.18,
1291,3,32,223,2023-05-23 05:05:42,FIELD_3442,GSI Geologist,25.17407,95.71466,Landslide Observed,Minor,Heavy Rain,123.9,102.5,Under Review,0.87,
1292,7,55,,2023-02-25 08:33:22,FIELD_5822,Police,28.9677,94.46082,Road Blocked,Moderate,Clear,35.1,20.7,Verified,0.5,
1293,6,50,,2022-01-31 18:06:39,FIELD_6522,NDMA Officer,24.04072,92.64473,Flooding,None,Heavy Rain,235.9,45.0,Rejected,0.69,photos/FR01293.jpg
1294,6,47,601,2021-07-28 02:31:25,FIELD_6226,NDMA Officer,29.56169,98.97248,Crack Observed,None,Heavy Rain,171.7,18.4,Rejected,0.48,photos/FR01294.jpg
1295,2,21,545,2022-04-26 13:35:50,FIELD_8141,District Admin,24.37684,99.32659,Damage,Moderate,Heavy Rain,511.5,139.3,Under Review,0.46,photos/FR01295.jpg
1296,3,30,,2019-08-29 17:59:59,FIELD_2415,Forest Guard,25.4103,92.70324,No Activity,None,Clear,665.9,150.4,Under Review,0.64,
1297,1,11,592,2024-04-07 09:52:26,FIELD_5532,GSI Geologist,22.95908,91.13212,Village Isolated,Moderate,Heavy Rain,505.8,169.5,Verified,0.0,photos/FR01297.jpg
1298,2,15,509,2021-07-29 00:46:58,FIELD_5699,Forest Guard,26.94863,98.76993,Village Isolated,Minor,Clear,658.7,171.1,Under Review,0.54,photos/FR01298.jpg
1299,6,54,667,2023-02-15 00:44:33,FIELD_4168,Police,29.58152,91.76947,Road Blocked,Severe,Cloudy,721.7,28.2,Under Review,0.55,photos/FR01299.jpg
1300,4,33,664,2021-03-02 06:02:28,FIELD_9046,Citizen,23.86563,99.95766,Village Isolated,Minor,Rain,484.1,138.7,Under Review,0.89,
1301,4,38,,2019-09-30 07:06:34,FIELD_1295,Citizen,29.91695,98.55893,Landslide Observed,Moderate,Cloudy,150.1,69.2,Under Review,0.37,
1302,1,9,,2023-11-21 15:14:41,FIELD_7118,Police,27.52104,93.55398,Damage,Severe,Rain,838.3,63.0,Under Review,0.23,
1303,4,37,,2019-03-29 00:24:59,FIELD_5149,Forest Guard,27.04143,94.63363,No Activity,None,Clear,201.4,111.1,Archived,0.06,photos/FR01303.jpg
1304,1,4,,2024-02-03 16:22:56,FIELD_9653,Police,26.57694,90.33317,Damage,None,Rain,113.2,92.0,Archived,0.24,photos/FR01304.jpg
1305,3,25,618,2024-08-24 19:38:10,FIELD_4667,Citizen,26.30237,97.07012,Damage,Moderate,Cloudy,505.5,144.9,Archived,0.45,photos/FR01305.jpg
1306,4,33,,2022-12-10 15:32:27,FIELD_9672,District Admin,23.88643,99.91453,Village Isolated,Severe,Heavy Rain,210.4,174.1,Under Review,0.97,
1307,3,25,761,2022-03-06 23:11:30,FIELD_4860,Forest Guard,26.24083,96.74567,Crack Observed,None,Cloudy,732.8,72.0,Submitted,0.58,photos/FR01307.jpg
1308,3,25,262,2018-04-05 16:47:57,FIELD_4227,District Admin,26.70975,96.9042,Village Isolated,Moderate,Rain,57.5,78.9,Verified,1.0,
1309,5,43,190,2021-10-28 14:53:35,FIELD_7621,Forest Guard,29.79586,97.85856,No Activity,None,Heavy Rain,961.8,134.1,Verified,0.7,photos/FR01309.jpg
1310,4,35,624,2021-09-22 08:17:25,FIELD_5337,Forest Guard,22.94994,91.69104,Crack Observed,Moderate,Cloudy,33.0,43.1,Under Review,0.28,photos/FR01310.jpg
1311,1,11,144,2020-01-02 07:32:46,FIELD_4958,District Admin,22.67475,90.7004,Village Isolated,None,Heavy Rain,187.8,70.0,Archived,0.54,photos/FR01311.jpg
1312,1,8,844,2019-10-20 00:42:18,FIELD_3313,Citizen,24.17081,98.62907,Village Isolated,Severe,Heavy Rain,238.2,72.9,Under Review,0.18,photos/FR01312.jpg
1313,7,55,,2019-04-04 00:41:08,FIELD_7500,Police,29.00994,94.21688,Flooding,Minor,Clear,11.2,28.0,Rejected,0.84,photos/FR01313.jpg
1314,5,46,538,2018-03-25 22:29:00,FIELD_9371,Forest Guard,23.38757,97.80035,No Activity,Moderate,Rain,644.9,175.3,Rejected,0.69,photos/FR01314.jpg
1315,1,5,632,2021-12-22 10:25:36,FIELD_4661,GSI Geologist,23.46632,95.05553,Flooding,None,Rain,273.2,167.3,Rejected,0.23,
1316,2,19,402,2022-04-01 19:05:48,FIELD_8284,Forest Guard,23.984,96.0937,Road Blocked,Moderate,Cloudy,141.4,85.9,Under Review,0.73,
1317,2,21,243,2022-03-24 10:27:36,FIELD_1182,District Admin,24.40568,99.07279,No Activity,Minor,Clear,856.1,95.3,Under Review,0.8,photos/FR01317.jpg
1318,5,40,915,2020-01-26 17:05:08,FIELD_9806,Police,28.12272,97.80228,Landslide Observed,Minor,Clear,252.1,48.1,Archived,0.38,photos/FR01318.jpg
1319,1,1,,2018-08-07 15:21:57,FIELD_3538,NDMA Officer,27.0763,90.48463,No Activity,Minor,Clear,54.7,80.5,Archived,0.68,photos/FR01319.jpg
1320,3,24,950,2022-12-24 20:12:28,FIELD_3568,District Admin,24.06743,99.29493,Damage,Minor,Rain,318.8,188.8,Rejected,0.18,
1321,1,7,996,2020-05-18 19:28:07,FIELD_2374,District Admin,26.38115,92.27342,Crack Observed,Minor,Clear,909.9,80.4,Archived,0.2,photos/FR01321.jpg
1322,2,16,325,2018-05-10 05:20:23,FIELD_8890,NDMA Officer,23.49867,90.59189,Village Isolated,None,Rain,708.4,2.6,Under Review,0.82,
1323,7,58,,2022-06-01 03:40:18,FIELD_8941,GSI Geologist,27.37016,94.5657,Landslide Observed,Severe,Clear,453.4,38.1,Submitted,0.69,photos/FR01323.jpg
1324,4,39,,2020-09-02 11:17:44,FIELD_3168,Citizen,27.46052,90.88705,No Activity,None,Cloudy,505.3,192.4,Verified,0.01,photos/FR01324.jpg
1325,4,36,,2021-01-20 21:56:05,FIELD_1775,GSI Geologist,25.29367,90.38013,No Activity,Severe,Cloudy,744.0,114.2,Verified,0.65,
1326,5,45,363,2021-08-01 02:54:41,FIELD_6340,GSI Geologist,28.87998,95.09358,Crack Observed,Severe,Rain,272.3,3.1,Verified,0.54,photos/FR01326.jpg
1327,3,28,316,2019-08-04 04:51:21,FIELD_9185,Police,28.98633,93.22012,Damage,Severe,Rain,253.5,91.5,Archived,0.47,
1328,3,25,,2024-03-07 23:05:45,FIELD_1774,GSI Geologist,26.17207,97.01762,No Activity,Severe,Rain,272.2,78.3,Submitted,0.36,photos/FR01328.jpg
1329,1,9,930,2019-11-19 03:35:31,FIELD_6480,NDMA Officer,27.75313,93.56969,No Activity,None,Rain,859.8,86.6,Submitted,0.85,photos/FR01329.jpg
1330,1,2,633,2021-01-25 21:23:29,FIELD_7104,Police,23.67159,91.40219,No Activity,None,Rain,484.7,178.3,Verified,0.83,photos/FR01330.jpg
1331,5,45,598,2022-02-23 15:40:05,FIELD_5367,District Admin,28.49113,95.1377,No Activity,Moderate,Clear,704.9,65.1,Verified,0.08,photos/FR01331.jpg
1332,6,50,951,2018-02-26 18:59:13,FIELD_3043,NDMA Officer,24.1746,92.59352,Road Blocked,None,Heavy Rain,906.5,54.4,Submitted,0.91,photos/FR01332.jpg
1333,2,20,,2018-09-08 14:25:24,FIELD_2650,NDMA Officer,23.40655,93.38943,Damage,Severe,Cloudy,436.9,83.3,Verified,0.23,photos/FR01333.jpg
1334,5,41,112,2024-09-16 22:17:18,FIELD_5084,NDMA Officer,23.06207,94.61673,Crack Observed,Moderate,Clear,996.7,74.0,Verified,0.25,photos/FR01334.jpg
1335,6,50,213,2019-09-02 05:18:05,FIELD_3960,Citizen,23.80081,92.23882,No Activity,Minor,Cloudy,803.1,83.4,Under Review,0.96,photos/FR01335.jpg
1336,3,26,545,2020-11-02 15:40:46,FIELD_1667,NDMA Officer,23.55284,90.41604,Landslide Observed,Minor,Rain,920.7,139.9,Verified,0.54,
1337,6,54,914,2020-09-02 11:21:00,FIELD_5416,District Admin,29.30668,91.40682,Flooding,Minor,Heavy Rain,540.5,112.0,Submitted,0.96,photos/FR01337.jpg
1338,8,62,820,2018-11-28 06:41:01,FIELD_5621,Citizen,26.91304,92.54524,Crack Observed,Severe,Rain,669.7,168.6,Submitted,0.96,
1339,3,27,,2020-02-24 14:30:52,FIELD_2810,Forest Guard,25.26727,90.71825,Landslide Observed,Severe,Clear,867.7,81.3,Rejected,0.42,
1340,3,26,550,2024-09-01 02:11:27,FIELD_6139,Police,23.86437,90.1953,Village Isolated,Moderate,Heavy Rain,219.8,186.2,Under Review,0.43,
1341,5,40,634,2019-12-12 08:07:39,FIELD_5514,GSI Geologist,28.06672,97.48721,Damage,Moderate,Cloudy,894.1,112.2,Under Review,0.18,
1342,2,18,318,2023-07-07 16:01:58,FIELD_7423,NDMA Officer,28.91084,98.42943,Village Isolated,None,Cloudy,548.7,46.7,Verified,0.71,photos/FR01342.jpg
1343,1,4,770,2021-01-25 20:45:57,FIELD_2344,Police,26.54788,90.06982,Road Blocked,Severe,Cloudy,345.5,22.7,Submitted,0.95,photos/FR01343.jpg
1344,1,11,297,2021-11-18 11:45:29,FIELD_4136,Forest Guard,22.72689,90.84546,Road Blocked,Moderate,Cloudy,769.8,177.8,Submitted,0.48,
1345,5,40,889,2019-06-13 16:01:44,FIELD_6672,Citizen,27.95139,97.48229,Crack Observed,Minor,Rain,661.5,24.0,Rejected,0.7,photos/FR01345.jpg
1346,2,20,,2018-03-27 18:46:01,FIELD_8399,District Admin,23.26966,93.52089,Crack Observed,None,Cloudy,574.7,84.0,Under Review,0.35,
1347,3,32,830,2022-04-24 12:41:08,FIELD_4979,Police,25.63666,95.76622,Village Isolated,Minor,Cloudy,328.8,17.3,Submitted,0.6,
1348,2,21,,2020-06-18 02:41:50,FIELD_2711,GSI Geologist,24.37454,99.46402,Road Blocked,None,Cloudy,311.3,50.2,Submitted,0.96,photos/FR01348.jpg
1349,1,6,50,2021-03-28 14:09:00,FIELD_5127,Citizen,26.72445,97.25025,Landslide Observed,Minor,Rain,325.4,199.9,Under Review,0.69,
1350,1,12,,2018-10-25 02:30:10,FIELD_5523,Forest Guard,27.0212,98.0,Flooding,Severe,Heavy Rain,684.9,59.8,Submitted,0.35,photos/FR01350.jpg
1351,2,13,918,2024-02-27 20:54:00,FIELD_2452,District Admin,26.57285,99.59328,Village Isolated,Severe,Heavy Rain,506.8,3.1,Submitted,0.49,photos/FR01351.jpg
1352,3,31,673,2018-11-12 20:31:26,FIELD_6105,Citizen,28.23413,95.63197,Village Isolated,Severe,Rain,582.4,138.1,Rejected,0.33,photos/FR01352.jpg
1353,4,35,218,2021-12-21 21:59:09,FIELD_3864,Citizen,23.1529,91.32157,No Activity,None,Clear,844.9,103.5,Archived,0.26,photos/FR01353.jpg
1354,4,34,392,2019-03-11 17:15:18,FIELD_8674,Police,26.14477,97.44436,Road Blocked,Moderate,Clear,823.2,120.8,Under Review,0.93,photos/FR01354.jpg
1355,6,47,283,2018-03-10 00:45:05,FIELD_1112,Forest Guard,29.47844,98.92622,Flooding,Severe,Rain,357.6,144.7,Archived,0.61,photos/FR01355.jpg
1356,6,54,237,2022-03-12 15:18:03,FIELD_7186,District Admin,29.4014,91.36842,Flooding,Moderate,Heavy Rain,183.3,41.3,Under Review,0.22,photos/FR01356.jpg
1357,7,55,269,2023-07-10 08:02:44,FIELD_7321,NDMA Officer,29.17819,94.01908,Village Isolated,Severe,Rain,464.3,71.3,Rejected,0.84,
1358,6,49,933,2018-06-12 20:51:15,FIELD_6635,District Admin,29.35243,98.84102,Crack Observed,None,Cloudy,768.9,168.7,Submitted,0.19,photos/FR01358.jpg
1359,6,52,445,2023-05-23 01:52:31,FIELD_7223,NDMA Officer,28.40579,99.73229,Flooding,Severe,Heavy Rain,156.3,51.1,Submitted,0.7,
1360,5,42,118,2018-10-11 02:58:50,FIELD_2128,Citizen,22.27612,97.15295,Crack Observed,Severe,Cloudy,434.2,84.0,Submitted,0.97,photos/FR01360.jpg
1361,1,11,947,2021-08-22 19:18:33,FIELD_1667,NDMA Officer,22.61512,91.16305,No Activity,Moderate,Cloudy,167.3,104.1,Verified,0.36,photos/FR01361.jpg
1362,8,59,551,2022-11-16 15:18:01,FIELD_5925,GSI Geologist,25.69967,92.37062,Crack Observed,Moderate,Cloudy,326.0,128.2,Rejected,0.87,
1363,4,39,,2021-02-11 19:10:18,FIELD_6155,NDMA Officer,27.40942,91.05872,Road Blocked,Minor,Heavy Rain,201.8,37.6,Under Review,0.41,
1364,3,30,,2019-06-05 21:02:16,FIELD_3090,Police,25.41897,92.35075,Landslide Observed,Moderate,Cloudy,644.0,186.6,Archived,0.49,photos/FR01364.jpg
1365,5,42,805,2020-06-11 10:25:09,FIELD_9377,District Admin,21.88303,96.96512,Damage,Minor,Rain,675.9,151.6,Under Review,0.29,photos/FR01365.jpg
1366,5,46,634,2019-09-14 23:45:45,FIELD_3083,GSI Geologist,23.17767,97.6373,Road Blocked,Minor,Rain,215.1,124.7,Verified,0.94,photos/FR01366.jpg
1367,8,60,178,2022-03-03 23:00:09,FIELD_4206,Police,24.98338,95.79428,Village Isolated,None,Heavy Rain,945.6,4.3,Under Review,0.95,photos/FR01367.jpg
1368,5,41,730,2024-05-15 12:23:10,FIELD_5190,Forest Guard,23.03332,94.13868,Landslide Observed,Minor,Heavy Rain,779.5,83.0,Submitted,0.02,
1369,8,59,,2019-05-20 08:33:53,FIELD_3941,NDMA Officer,25.79239,92.67065,Flooding,Moderate,Cloudy,582.1,192.2,Submitted,0.18,photos/FR01369.jpg
1370,3,27,230,2021-01-08 05:23:45,FIELD_5249,NDMA Officer,24.99114,90.45388,Village Isolated,Moderate,Cloudy,409.3,46.1,Verified,0.41,photos/FR01370.jpg
1371,1,9,,2022-01-15 04:02:19,FIELD_2743,GSI Geologist,27.44355,93.22425,Flooding,Severe,Rain,321.8,166.9,Under Review,0.49,photos/FR01371.jpg
1372,3,32,830,2018-09-01 17:42:46,FIELD_3042,Police,25.14684,96.03306,Village Isolated,Severe,Cloudy,178.6,107.3,Verified,0.2,
1373,5,44,346,2023-03-13 18:44:26,FIELD_1665,District Admin,29.2142,98.56643,Road Blocked,None,Cloudy,86.6,175.3,Rejected,0.44,photos/FR01373.jpg
1374,2,16,,2020-06-30 04:44:42,FIELD_6582,GSI Geologist,23.66022,90.45572,Road Blocked,None,Heavy Rain,437.0,155.6,Under Review,0.01,
1375,2,14,292,2019-12-25 01:05:53,FIELD_1238,Citizen,22.34354,93.03734,Crack Observed,None,Clear,599.7,74.6,Under Review,0.7,photos/FR01375.jpg
1376,8,61,402,2019-11-07 04:54:43,FIELD_9595,NDMA Officer,26.7492,90.13592,Crack Observed,Severe,Rain,562.0,163.6,Under Review,0.27,
1377,2,16,86,2018-04-23 05:04:15,FIELD_3326,GSI Geologist,23.59747,90.79288,Landslide Observed,Minor,Rain,113.1,169.6,Rejected,0.52,
1378,2,14,944,2019-09-22 18:25:24,FIELD_3716,Forest Guard,22.60225,92.83174,Landslide Observed,Moderate,Heavy Rain,408.4,86.9,Under Review,0.81,photos/FR01378.jpg
1379,3,24,854,2018-10-04 04:24:29,FIELD_7311,District Admin,24.30724,99.08142,Landslide Observed,Severe,Heavy Rain,354.5,169.7,Submitted,0.3,photos/FR01379.jpg
1380,6,54,806,2021-02-03 20:36:58,FIELD_5754,Police,29.64298,91.59284,Road Blocked,Severe,Clear,339.9,87.8,Submitted,0.66,photos/FR01380.jpg
1381,5,44,,2020-10-23 22:32:49,FIELD_7788,NDMA Officer,29.3977,98.49154,Crack Observed,Minor,Heavy Rain,609.8,121.6,Rejected,0.87,
1382,2,17,193,2024-07-17 15:18:40,FIELD_6462,District Admin,23.5831,92.93432,Flooding,Severe,Cloudy,345.6,174.0,Archived,0.43,photos/FR01382.jpg
1383,5,42,6,2018-11-30 22:45:37,FIELD_1729,Police,22.17996,97.45813,Village Isolated,Severe,Clear,317.0,159.6,Rejected,0.75,
1384,3,23,572,2023-12-28 08:40:45,FIELD_4967,Police,27.74219,91.73314,Village Isolated,None,Rain,715.2,194.1,Under Review,0.91,photos/FR01384.jpg
1385,2,17,,2020-07-31 00:49:15,FIELD_8409,District Admin,23.63278,93.07615,Village Isolated,Minor,Cloudy,699.4,148.0,Verified,0.29,
1386,8,60,14,2018-03-23 07:11:19,FIELD_9796,NDMA Officer,24.91305,95.659,No Activity,Minor,Rain,138.2,134.5,Archived,0.7,photos/FR01386.jpg
1387,6,52,541,2019-08-01 02:06:00,FIELD_8408,Forest Guard,28.61901,99.93068,Crack Observed,Moderate,Clear,568.4,109.6,Archived,0.1,
1388,6,51,394,2019-05-11 17:54:05,FIELD_9796,NDMA Officer,29.50948,91.11795,Crack Observed,None,Clear,161.4,121.6,Under Review,0.59,
1389,3,28,367,2023-11-03 05:23:11,FIELD_6212,Citizen,29.23097,92.90771,Landslide Observed,Severe,Heavy Rain,341.6,42.6,Submitted,0.44,
1390,7,55,209,2018-01-06 07:04:26,FIELD_9706,Forest Guard,28.82305,94.29053,Landslide Observed,Minor,Cloudy,467.7,95.7,Rejected,0.55,
1391,3,24,,2023-10-29 03:19:15,FIELD_2881,GSI Geologist,23.91145,99.03691,Road Blocked,Moderate,Cloudy,24.8,39.9,Verified,0.34,
1392,8,59,279,2018-07-28 15:02:47,FIELD_4126,District Admin,25.57892,92.32995,Landslide Observed,Severe,Rain,91.4,82.9,Verified,0.61,photos/FR01392.jpg
1393,6,49,309,2021-09-05 06:55:24,FIELD_4235,NDMA Officer,29.22753,98.73455,Village Isolated,Minor,Cloudy,17.6,176.1,Archived,0.03,
1394,8,62,319,2018-08-25 08:30:11,FIELD_6829,Forest Guard,27.16365,92.0599,Flooding,Minor,Cloudy,858.9,141.9,Under Review,0.5,
1395,2,20,929,2024-05-09 12:04:08,FIELD_5939,GSI Geologist,23.42471,93.44992,Road Blocked,Moderate,Cloudy,212.5,176.3,Verified,0.83,photos/FR01395.jpg
1396,2,21,844,2023-03-18 11:20:10,FIELD_4468,Police,24.26582,99.33461,Village Isolated,None,Rain,973.5,91.2,Archived,0.24,photos/FR01396.jpg
1397,3,23,,2023-10-25 03:26:56,FIELD_7349,GSI Geologist,27.93442,91.63172,Landslide Observed,None,Rain,88.3,39.3,Submitted,0.32,
1398,2,20,,2021-11-07 00:15:46,FIELD_6472,NDMA Officer,23.27733,93.37532,Landslide Observed,None,Cloudy,141.7,126.9,Verified,0.65,photos/FR01398.jpg
1399,2,17,,2021-03-27 22:06:29,FIELD_7502,District Admin,23.53311,92.80165,Damage,None,Rain,167.1,186.5,Submitted,0.19,photos/FR01399.jpg
1400,8,61,701,2021-04-18 23:33:58,FIELD_8969,Forest Guard,26.59547,89.94284,Crack Observed,None,Heavy Rain,478.8,61.2,Under Review,0.63,photos/FR01400.jpg
1401,3,25,419,2024-09-14 01:22:52,FIELD_2458,Police,26.58115,96.54896,Road Blocked,Moderate,Cloudy,132.6,123.0,Archived,0.74,photos/FR01401.jpg
1402,4,36,832,2019-06-16 07:51:09,FIELD_7832,Police,25.13408,90.60662,Damage,None,Clear,603.0,77.0,Rejected,0.86,
1403,1,7,361,2021-01-06 23:21:15,FIELD_7921,NDMA Officer,26.13128,92.34525,No Activity,Severe,Cloudy,544.7,116.6,Rejected,0.97,
1404,1,2,528,2022-04-08 19:34:52,FIELD_8510,Citizen,24.1875,91.59981,Village Isolated,None,Clear,306.8,16.9,Submitted,0.57,
1405,1,5,378,2019-08-14 06:40:29,FIELD_3589,Police,23.81811,95.12599,Village Isolated,None,Clear,911.1,100.9,Submitted,0.42,
1406,1,4,900,2024-05-14 07:44:31,FIELD_8907,Police,26.88606,90.18916,Damage,Severe,Clear,184.0,27.5,Verified,0.02,photos/FR01406.jpg
1407,1,9,895,2021-01-31 16:15:56,FIELD_6415,Police,27.602,93.59161,Damage,Severe,Cloudy,592.5,30.8,Submitted,0.46,
1408,1,3,249,2019-11-23 13:21:52,FIELD_4675,Citizen,27.33662,98.95387,Crack Observed,Minor,Clear,105.6,24.0,Verified,0.63,photos/FR01408.jpg
1409,4,38,760,2022-08-09 01:27:33,FIELD_8499,Citizen,29.75036,98.785,Road Blocked,None,Heavy Rain,390.0,87.5,Archived,0.82,
1410,1,1,732,2024-07-21 11:29:10,FIELD_7278,Forest Guard,26.99123,90.02824,Village Isolated,Severe,Rain,255.7,52.0,Archived,0.38,photos/FR01410.jpg
1411,2,13,,2021-04-02 05:14:16,FIELD_9648,NDMA Officer,26.23156,99.92324,Village Isolated,Minor,Clear,587.6,140.6,Verified,0.05,photos/FR01411.jpg
1412,4,33,,2022-05-28 11:59:00,FIELD_5451,District Admin,23.57969,100.13092,Flooding,Moderate,Clear,999.7,179.7,Archived,0.71,
1413,1,5,649,2019-08-29 21:41:16,FIELD_1346,Police,23.71191,94.99973,Village Isolated,Severe,Heavy Rain,753.0,55.9,Rejected,0.05,
1414,2,16,175,2023-01-09 22:04:57,FIELD_3721,Citizen,23.50291,90.89107,Crack Observed,Severe,Cloudy,706.2,56.2,Rejected,0.76,
1415,6,51,691,2023-10-26 16:14:19,FIELD_7692,District Admin,29.50226,90.68436,Village Isolated,Severe,Rain,981.7,22.9,Under Review,0.23,
1416,1,7,,2020-09-21 15:00:20,FIELD_8909,Police,26.06787,92.44453,Flooding,Minor,Clear,37.7,95.2,Verified,0.18,photos/FR01416.jpg
1417,2,22,126,2024-10-09 07:50:18,FIELD_9750,District Admin,22.70243,96.12698,Crack Observed,Minor,Clear,802.5,46.9,Under Review,0.52,photos/FR01417.jpg
1418,1,8,807,2021-06-29 12:14:22,FIELD_9199,GSI Geologist,24.39131,98.82174,Damage,None,Clear,823.1,34.1,Archived,0.06,photos/FR01418.jpg
1419,6,50,,2018-11-10 19:09:48,FIELD_6544,Citizen,23.72225,92.47106,Damage,Minor,Clear,839.1,110.2,Archived,0.08,
1420,8,61,,2019-08-18 09:53:24,FIELD_7073,District Admin,26.57864,89.79929,Village Isolated,None,Cloudy,510.2,2.9,Rejected,0.96,photos/FR01420.jpg
1421,7,55,,2024-11-28 04:17:10,FIELD_2336,Forest Guard,28.8249,94.18868,No Activity,None,Heavy Rain,49.1,90.6,Under Review,0.56,
1422,4,34,569,2022-05-12 13:02:47,FIELD_8534,NDMA Officer,25.9817,97.78029,Crack Observed,Severe,Cloudy,843.8,106.4,Rejected,0.5,photos/FR01422.jpg
1423,6,48,,2024-12-16 14:35:18,FIELD_5186,Forest Guard,27.0765,94.59367,Road Blocked,Severe,Clear,184.8,103.4,Submitted,0.22,photos/FR01423.jpg
1424,5,45,,2018-10-14 22:38:44,FIELD_5929,Police,28.7401,94.96323,Road Blocked,Severe,Rain,760.2,61.8,Archived,0.46,photos/FR01424.jpg
1425,2,19,,2020-07-22 01:38:19,FIELD_1257,NDMA Officer,24.12039,96.30442,Landslide Observed,None,Heavy Rain,526.0,146.1,Verified,0.25,
1426,1,4,,2018-09-27 05:02:47,FIELD_4245,Police,26.79497,90.07137,Landslide Observed,Moderate,Clear,443.3,77.8,Under Review,0.07,
1427,5,45,398,2024-03-29 13:58:01,FIELD_5384,Forest Guard,28.84457,95.01776,Village Isolated,Moderate,Clear,931.1,104.4,Verified,0.53,photos/FR01427.jpg
1428,8,59,73,2022-11-19 15:30:10,FIELD_7442,Citizen,25.61903,92.49983,Road Blocked,Moderate,Rain,254.4,51.2,Rejected,0.37,
1429,8,60,775,2019-11-23 02:15:31,FIELD_7716,District Admin,24.68142,95.63287,Flooding,None,Cloudy,25.6,194.4,Submitted,0.41,photos/FR01429.jpg
1430,8,62,,2018-12-07 05:56:26,FIELD_8816,Police,27.15502,92.16613,Flooding,Moderate,Cloudy,68.3,124.8,Submitted,0.44,photos/FR01430.jpg
1431,3,25,844,2024-12-15 15:51:46,FIELD_8174,District Admin,26.47182,96.77164,Landslide Observed,Minor,Cloudy,842.3,102.7,Rejected,0.73,photos/FR01431.jpg
1432,5,42,,2024-08-17 07:23:03,FIELD_6999,Police,22.20851,97.20975,No Activity,Severe,Cloudy,831.7,63.5,Rejected,0.38,photos/FR01432.jpg
1433,2,18,,2021-07-27 15:08:27,FIELD_8496,NDMA Officer,28.79953,98.60182,Village Isolated,None,Clear,971.1,164.4,Verified,0.04,photos/FR01433.jpg
1434,1,7,673,2022-06-24 16:12:05,FIELD_4141,GSI Geologist,26.07012,92.10696,Crack Observed,None,Heavy Rain,631.1,161.7,Under Review,0.18,photos/FR01434.jpg
1435,2,22,,2018-03-29 20:30:02,FIELD_4893,District Admin,22.54746,96.09671,Village Isolated,Minor,Clear,840.5,83.6,Archived,0.43,photos/FR01435.jpg
1436,5,45,759,2024-12-19 22:20:41,FIELD_5143,District Admin,29.00717,95.2277,Village Isolated,Moderate,Cloudy,592.7,174.8,Under Review,0.54,
1437,6,53,708,2020-01-18 00:38:55,FIELD_4588,Citizen,28.24066,91.02263,Crack Observed,Moderate,Clear,565.1,56.1,Submitted,0.25,photos/FR01437.jpg
1438,7,56,568,2023-08-02 03:06:59,FIELD_1260,NDMA Officer,29.31687,97.69392,Village Isolated,Severe,Rain,432.7,147.2,Verified,0.83,photos/FR01438.jpg
1439,3,32,,2018-05-25 07:02:11,FIELD_6323,Citizen,25.5711,96.01582,Landslide Observed,Moderate,Heavy Rain,735.5,112.7,Rejected,0.39,
1440,7,55,,2018-12-13 04:03:07,FIELD_9459,District Admin,29.03643,94.27661,Damage,None,Rain,530.6,108.2,Under Review,0.13,photos/FR01440.jpg
1441,8,61,423,2021-10-14 19:15:47,FIELD_8782,NDMA Officer,26.82778,90.00521,No Activity,None,Rain,185.2,82.2,Archived,0.71,photos/FR01441.jpg
1442,6,51,,2020-04-25 06:30:57,FIELD_9851,Police,29.50644,90.61606,Crack Observed,None,Clear,671.6,53.0,Verified,0.26,photos/FR01442.jpg
1443,6,51,843,2024-09-28 11:44:53,FIELD_9736,Forest Guard,29.55899,90.77347,Village Isolated,Minor,Clear,322.1,32.6,Rejected,0.84,photos/FR01443.jpg
1444,4,35,818,2022-07-26 08:06:44,FIELD_9730,Police,23.44405,91.82468,Damage,None,Heavy Rain,516.6,118.3,Rejected,0.86,
1445,7,57,943,2018-07-13 08:38:44,FIELD_8180,GSI Geologist,23.6554,93.13253,Damage,Severe,Rain,875.7,4.4,Verified,0.28,photos/FR01445.jpg
1446,5,43,880,2024-05-10 07:15:56,FIELD_3858,Citizen,29.66089,97.65086,Flooding,Severe,Rain,16.7,78.1,Rejected,0.47,photos/FR01446.jpg
1447,6,47,,2024-05-27 04:25:59,FIELD_4030,District Admin,29.54263,99.18833,No Activity,Moderate,Heavy Rain,915.7,46.5,Archived,0.66,
1448,2,20,304,2020-05-30 05:16:55,FIELD_5079,District Admin,23.18713,93.64588,Damage,Severe,Clear,865.3,118.8,Rejected,0.96,
1449,3,27,,2019-08-08 16:28:43,FIELD_1937,Forest Guard,25.1856,90.79267,Crack Observed,Severe,Clear,695.1,144.2,Archived,0.64,photos/FR01449.jpg
1450,5,42,840,2020-05-16 14:34:16,FIELD_7501,Forest Guard,22.02658,97.40009,No Activity,Severe,Heavy Rain,19.2,114.9,Submitted,0.09,
1451,5,46,414,2022-02-07 21:08:28,FIELD_7518,District Admin,23.36015,97.42289,Landslide Observed,Severe,Clear,142.5,5.2,Under Review,0.76,photos/FR01451.jpg
1452,5,45,24,2020-03-08 21:19:36,FIELD_5879,GSI Geologist,28.44778,94.80948,Landslide Observed,Minor,Heavy Rain,851.4,166.7,Under Review,0.68,
1453,8,59,460,2021-09-09 18:49:02,FIELD_3535,District Admin,25.84949,92.47722,Landslide Observed,Moderate,Clear,451.0,108.1,Verified,0.82,photos/FR01453.jpg
1454,4,37,329,2024-05-01 09:50:59,FIELD_4716,Police,26.58343,94.39804,No Activity,None,Clear,966.6,133.0,Verified,0.0,photos/FR01454.jpg
1455,1,10,286,2024-08-08 04:30:50,FIELD_3306,District Admin,23.73415,97.6996,Flooding,None,Heavy Rain,916.6,84.1,Under Review,0.61,
1456,3,25,559,2020-05-11 11:57:12,FIELD_2912,GSI Geologist,26.35071,97.04455,Crack Observed,Minor,Cloudy,418.6,195.4,Archived,0.51,photos/FR01456.jpg
1457,1,3,452,2020-06-06 20:57:09,FIELD_8163,GSI Geologist,27.329,99.14273,Crack Observed,Minor,Heavy Rain,549.1,78.9,Rejected,0.37,photos/FR01457.jpg
1458,4,38,,2020-04-04 11:00:27,FIELD_7322,Citizen,29.55113,98.64849,Flooding,Moderate,Rain,91.2,69.2,Verified,0.67,photos/FR01458.jpg
1459,7,57,,2022-02-01 23:52:52,FIELD_9688,Forest Guard,23.37392,93.14766,Road Blocked,Minor,Clear,273.7,112.0,Under Review,0.67,photos/FR01459.jpg
1460,3,29,797,2024-02-19 06:08:11,FIELD_2267,NDMA Officer,25.812,98.81426,Road Blocked,Severe,Heavy Rain,852.6,199.6,Verified,0.5,photos/FR01460.jpg
1461,8,61,57,2022-04-20 14:01:45,FIELD_9551,Police,26.93243,90.17232,No Activity,None,Rain,730.4,34.9,Submitted,0.33,photos/FR01461.jpg
1462,5,43,333,2021-06-07 10:39:24,FIELD_3874,District Admin,29.7575,97.90034,Damage,Severe,Heavy Rain,209.2,154.3,Rejected,0.09,photos/FR01462.jpg
1463,7,55,117,2018-07-17 20:21:05,FIELD_5801,NDMA Officer,28.88718,93.98294,Flooding,Moderate,Cloudy,628.6,100.4,Under Review,0.62,photos/FR01463.jpg
1464,6,54,677,2018-12-02 16:24:10,FIELD_5152,Forest Guard,29.5802,91.54026,Damage,None,Clear,783.3,20.5,Submitted,0.8,photos/FR01464.jpg
1465,4,37,,2024-12-06 14:19:21,FIELD_6484,GSI Geologist,26.71597,94.4027,Flooding,Moderate,Cloudy,387.7,15.6,Verified,0.26,
1466,7,58,158,2023-02-11 12:59:28,FIELD_6919,Police,27.31197,94.6421,No Activity,None,Cloudy,919.6,22.9,Archived,0.24,
1467,6,53,,2019-01-22 07:20:54,FIELD_2352,District Admin,28.30557,91.26178,Flooding,Severe,Clear,59.9,16.5,Rejected,0.6,
1468,6,47,547,2020-09-05 19:25:34,FIELD_6453,GSI Geologist,29.48041,99.50856,No Activity,None,Cloudy,290.1,129.0,Verified,0.56,
1469,4,39,,2018-07-25 23:00:04,FIELD_4949,Forest Guard,27.21874,91.24296,No Activity,Minor,Cloudy,358.3,102.6,Submitted,0.52,
1470,4,34,510,2024-08-25 09:01:15,FIELD_8424,GSI Geologist,25.77189,97.60438,Crack Observed,Minor,Rain,427.0,94.8,Verified,0.47,photos/FR01470.jpg
1471,2,17,402,2020-12-16 05:49:57,FIELD_9876,Citizen,24.03279,92.90903,Flooding,Severe,Clear,379.6,186.0,Submitted,0.57,photos/FR01471.jpg
1472,2,13,836,2021-08-15 13:37:09,FIELD_5767,Forest Guard,26.2398,99.98435,Flooding,Minor,Heavy Rain,177.4,53.5,Rejected,0.39,photos/FR01472.jpg
1473,2,16,,2024-10-11 05:35:15,FIELD_3290,Police,23.67502,90.80619,Landslide Observed,Moderate,Heavy Rain,305.7,49.1,Archived,0.83,photos/FR01473.jpg
1474,1,6,147,2024-05-25 01:15:20,FIELD_2212,GSI Geologist,26.27303,96.9692,Flooding,Severe,Cloudy,645.4,101.6,Submitted,0.21,photos/FR01474.jpg
1475,1,3,861,2020-10-28 05:09:04,FIELD_3706,District Admin,27.1785,98.85442,No Activity,Severe,Clear,766.4,171.9,Under Review,0.5,
1476,5,40,,2024-03-03 15:42:38,FIELD_8060,NDMA Officer,27.73474,97.49154,No Activity,Moderate,Rain,760.1,92.9,Rejected,0.24,photos/FR01476.jpg
1477,8,62,,2023-05-30 10:23:39,FIELD_4591,NDMA Officer,27.06796,92.24273,Damage,Severe,Cloudy,140.3,196.9,Archived,0.93,photos/FR01477.jpg
1478,6,52,,2022-02-03 17:45:10,FIELD_4868,NDMA Officer,28.49615,99.7406,Flooding,Minor,Rain,538.1,15.4,Under Review,0.89,
1479,2,22,628,2020-04-23 07:41:07,FIELD_4375,NDMA Officer,22.52294,96.13891,Road Blocked,Severe,Cloudy,355.7,196.1,Archived,0.5,photos/FR01479.jpg
1480,6,48,706,2019-01-07 05:37:58,FIELD_5378,NDMA Officer,26.6152,94.87241,Road Blocked,Minor,Heavy Rain,20.7,82.5,Submitted,0.46,photos/FR01480.jpg
1481,5,46,996,2019-08-03 07:25:30,FIELD_5917,GSI Geologist,23.35448,97.8154,Flooding,Minor,Rain,736.1,189.9,Rejected,0.65,photos/FR01481.jpg
1482,1,5,,2024-06-02 20:50:28,FIELD_7802,Citizen,23.95289,94.97792,Damage,None,Cloudy,117.1,8.3,Rejected,0.16,photos/FR01482.jpg
1483,2,21,822,2020-05-19 04:13:17,FIELD_8002,Citizen,24.09335,99.205,Village Isolated,Minor,Cloudy,708.7,161.5,Archived,0.01,photos/FR01483.jpg
1484,4,36,516,2019-08-15 13:34:31,FIELD_4071,Police,25.50451,90.41644,Damage,None,Rain,34.5,37.5,Submitted,0.61,
1485,1,12,,2024-08-24 05:53:45,FIELD_8190,District Admin,26.53382,97.9125,Damage,Severe,Heavy Rain,249.4,195.2,Rejected,0.57,photos/FR01485.jpg
1486,3,25,845,2018-01-09 04:57:27,FIELD_2916,Citizen,26.34334,96.97235,Damage,None,Rain,220.6,132.4,Verified,0.35,
1487,4,38,28,2019-01-11 02:08:45,FIELD_9335,Forest Guard,29.5719,98.84162,Landslide Observed,Severe,Clear,40.1,174.4,Verified,0.13,
1488,2,16,,2020-01-01 05:36:57,FIELD_6887,Forest Guard,23.33839,90.72068,Damage,Severe,Clear,291.5,76.6,Under Review,0.12,photos/FR01488.jpg
1489,7,56,,2020-03-29 20:31:32,FIELD_8631,GSI Geologist,29.4134,97.57462,Crack Observed,Severe,Clear,904.6,38.3,Submitted,0.79,photos/FR01489.jpg
1490,1,4,528,2021-02-08 05:19:51,FIELD_8570,Police,26.74241,90.45439,No Activity,Severe,Cloudy,464.8,183.9,Submitted,0.42,
1491,3,23,,2020-11-23 04:26:03,FIELD_1255,Forest Guard,27.94623,91.87383,Damage,Moderate,Cloudy,742.0,156.9,Submitted,0.93,photos/FR01491.jpg
1492,3,23,,2023-08-16 18:27:52,FIELD_8003,Citizen,28.07757,91.88293,Damage,Minor,Rain,431.3,60.0,Archived,0.42,photos/FR01492.jpg
1493,6,50,676,2023-03-23 17:05:28,FIELD_2967,GSI Geologist,24.05482,92.2613,Road Blocked,Minor,Clear,17.3,186.9,Submitted,0.84,
1494,6,49,455,2020-04-22 15:41:47,FIELD_9013,Police,29.29066,98.75561,Landslide Observed,Severe,Heavy Rain,240.3,162.3,Verified,0.96,
1495,7,55,679,2019-11-25 11:14:57,FIELD_8878,Forest Guard,29.09057,94.34528,Damage,Moderate,Cloudy,870.9,41.8,Verified,0.27,
1496,2,22,,2021-12-05 19:46:21,FIELD_9831,Forest Guard,22.55363,96.29272,Damage,None,Clear,42.3,130.3,Submitted,0.02,
1497,1,6,126,2023-06-25 05:08:09,FIELD_5393,Forest Guard,26.5078,97.08893,Crack Observed,Moderate,Cloudy,625.5,41.2,Rejected,0.51,photos/FR01497.jpg
1498,2,19,,2023-09-29 10:57:22,FIELD_7371,District Admin,24.16066,96.4101,Landslide Observed,Minor,Rain,633.4,135.2,Submitted,0.65,photos/FR01498.jpg
1499,3,24,347,2023-11-13 12:21:19,FIELD_4473,NDMA Officer,24.13616,99.01301,Crack Observed,Moderate,Cloudy,937.7,98.2,Archived,0.28,
1500,4,35,328,2023-05-15 11:45:53,FIELD_9874,NDMA Officer,22.93262,91.70037,Road Blocked,Minor,Rain,852.6,109.8,Rejected,0.18,
1501,8,61,287,2018-07-24 04:51:22,FIELD_8699,Forest Guard,27.00198,90.04404,Road Blocked,Moderate,Heavy Rain,661.1,13.4,Under Review,0.36,photos/FR01501.jpg
1502,3,23,,2018-09-15 14:54:41,FIELD_4012,Forest Guard,27.96757,91.67298,Crack Observed,Moderate,Clear,627.0,106.8,Under Review,0.17,photos/FR01502.jpg
1503,3,30,870,2023-02-25 03:27:33,FIELD_1004,Forest Guard,25.83555,92.78518,Flooding,Severe,Rain,115.8,86.7,Under Review,0.01,photos/FR01503.jpg
1504,3,25,861,2022-09-24 19:42:05,FIELD_4061,Citizen,26.2158,97.03802,Crack Observed,Moderate,Clear,706.1,197.4,Rejected,0.5,
1505,3,24,244,2019-11-25 11:55:17,FIELD_4247,Police,23.87302,99.24973,No Activity,Moderate,Clear,957.8,115.7,Verified,0.5,photos/FR01505.jpg
1506,4,38,,2022-01-15 08:34:10,FIELD_6239,Police,29.88023,98.37985,No Activity,None,Cloudy,250.3,63.4,Rejected,0.8,photos/FR01506.jpg
1507,8,60,,2021-07-16 14:47:17,FIELD_3509,GSI Geologist,24.81515,95.68663,Damage,Minor,Cloudy,54.5,39.6,Rejected,0.53,photos/FR01507.jpg
1508,5,46,472,2020-02-03 02:13:20,FIELD_5160,Police,23.14364,97.70094,Village Isolated,Severe,Clear,507.0,69.6,Verified,0.29,photos/FR01508.jpg
1509,4,35,,2024-05-31 15:49:26,FIELD_4054,Forest Guard,22.97397,91.66458,Flooding,Moderate,Heavy Rain,845.7,162.0,Under Review,0.51,
1510,1,4,856,2019-03-04 18:34:28,FIELD_9223,NDMA Officer,26.83525,90.5038,Crack Observed,Severe,Heavy Rain,662.1,17.2,Under Review,0.45,
1511,1,1,,2022-03-07 20:20:18,FIELD_4584,Forest Guard,26.84148,89.98206,Landslide Observed,None,Rain,319.3,151.4,Rejected,0.11,photos/FR01511.jpg
1512,1,5,655,2018-07-13 03:41:39,FIELD_1463,NDMA Officer,23.76618,94.76438,Damage,Severe,Cloudy,238.8,166.7,Verified,0.72,
1513,4,36,262,2024-03-07 14:17:04,FIELD_5050,Police,25.62673,90.38311,Crack Observed,Moderate,Clear,355.2,127.2,Submitted,0.58,photos/FR01513.jpg
1514,3,32,273,2024-01-18 00:07:11,FIELD_7889,GSI Geologist,25.30065,95.92236,Village Isolated,None,Clear,517.7,183.9,Rejected,0.43,photos/FR01514.jpg
1515,1,7,705,2019-09-02 03:34:44,FIELD_4380,Forest Guard,26.44066,92.35101,Village Isolated,None,Rain,487.4,8.9,Archived,0.1,photos/FR01515.jpg
1516,6,48,122,2023-03-08 00:13:38,FIELD_1244,Citizen,26.85355,95.00451,Damage,Moderate,Cloudy,943.1,177.6,Under Review,0.35,
1517,3,31,823,2018-08-07 23:28:08,FIELD_3221,Forest Guard,28.12718,95.31696,No Activity,None,Clear,385.0,169.2,Archived,0.87,photos/FR01517.jpg
1518,3,30,691,2024-11-27 06:05:28,FIELD_7952,Police,25.38689,92.85197,Damage,None,Rain,456.0,181.0,Rejected,0.93,photos/FR01518.jpg
1519,3,24,461,2023-02-09 13:46:47,FIELD_8601,Forest Guard,24.12499,99.526,No Activity,None,Cloudy,691.9,158.5,Archived,0.02,photos/FR01519.jpg
1520,2,21,,2019-08-20 23:06:40,FIELD_5066,Forest Guard,24.32478,99.38119,Road Blocked,Moderate,Cloudy,279.0,154.5,Submitted,0.93,photos/FR01520.jpg
1521,3,28,513,2018-06-12 04:06:26,FIELD_8319,District Admin,28.9535,93.0495,Flooding,Minor,Rain,840.1,0.6,Rejected,0.16,photos/FR01521.jpg
1522,7,57,139,2023-06-06 18:47:40,FIELD_6443,Citizen,23.34923,92.94791,Damage,None,Cloudy,798.9,101.6,Submitted,0.98,photos/FR01522.jpg
1523,6,50,161,2020-11-02 16:07:01,FIELD_9190,Forest Guard,23.96865,92.59879,Crack Observed,Moderate,Clear,512.1,107.5,Under Review,0.81,
1524,4,39,744,2023-02-11 21:52:24,FIELD_1166,Forest Guard,27.18336,91.26248,Road Blocked,Moderate,Clear,345.8,56.4,Rejected,0.29,
1525,6,53,915,2022-08-24 05:12:45,FIELD_5673,Citizen,28.33674,90.98573,Flooding,None,Heavy Rain,124.0,140.7,Verified,0.29,photos/FR01525.jpg
1526,2,21,387,2021-03-06 22:02:53,FIELD_1770,Citizen,23.97956,99.18772,Village Isolated,Severe,Heavy Rain,933.5,126.2,Under Review,0.96,
1527,1,1,389,2018-06-26 11:47:41,FIELD_2365,Police,26.91377,90.34894,Road Blocked,Moderate,Clear,372.2,170.6,Under Review,0.45,
1528,7,56,524,2018-01-23 13:10:05,FIELD_5387,GSI Geologist,29.41036,97.53156,Flooding,Moderate,Clear,476.3,15.7,Archived,0.87,photos/FR01528.jpg
1529,5,43,154,2022-09-22 02:47:27,FIELD_7514,NDMA Officer,29.57858,97.46498,Village Isolated,Severe,Cloudy,918.8,77.0,Submitted,0.47,
1530,8,61,921,2020-05-16 06:44:45,FIELD_7679,GSI Geologist,26.83154,90.31867,Village Isolated,Minor,Rain,85.9,197.2,Verified,0.86,photos/FR01530.jpg
1531,2,22,77,2020-07-26 07:57:38,FIELD_2427,GSI Geologist,22.52022,96.6424,Flooding,None,Heavy Rain,193.4,138.1,Under Review,0.2,photos/FR01531.jpg
1532,5,46,410,2020-07-04 03:54:40,FIELD_5291,District Admin,23.12236,97.3578,Village Isolated,Moderate,Rain,847.2,0.3,Archived,0.09,
1533,3,26,,2021-09-13 23:56:41,FIELD_7996,Police,23.54421,90.2567,Damage,None,Heavy Rain,507.3,19.8,Verified,0.26,
1534,2,22,,2021-09-07 21:46:30,FIELD_5500,Citizen,22.84013,96.21508,Landslide Observed,Minor,Cloudy,346.1,4.9,Submitted,0.67,
1535,3,23,78,2021-03-22 07:45:31,FIELD_4418,Citizen,28.03308,91.50037,Road Blocked,Minor,Heavy Rain,364.0,155.9,Verified,0.14,photos/FR01535.jpg
1536,1,4,,2019-06-22 09:47:08,FIELD_8033,GSI Geologist,26.79484,90.36751,Damage,Moderate,Rain,756.3,142.3,Archived,0.56,photos/FR01536.jpg
1537,1,11,372,2021-04-05 12:52:14,FIELD_4461,District Admin,22.47122,91.03061,Crack Observed,Moderate,Cloudy,818.2,160.1,Verified,0.32,photos/FR01537.jpg
1538,1,9,439,2019-01-07 23:12:53,FIELD_2820,Police,27.50188,93.55057,Damage,Moderate,Rain,978.6,148.7,Verified,0.51,photos/FR01538.jpg
1539,6,50,,2020-01-13 12:12:55,FIELD_9716,NDMA Officer,24.14588,92.36527,Crack Observed,Moderate,Cloudy,268.3,23.2,Under Review,0.57,photos/FR01539.jpg
1540,3,26,,2022-03-07 21:27:11,FIELD_2398,NDMA Officer,23.96158,90.28303,No Activity,Moderate,Cloudy,237.1,189.2,Rejected,0.57,
1541,2,14,85,2021-09-03 11:08:34,FIELD_3745,Police,22.87385,92.78014,Damage,None,Cloudy,718.4,196.3,Submitted,0.77,photos/FR01541.jpg
1542,8,59,589,2021-10-18 15:07:14,FIELD_9133,NDMA Officer,25.46411,92.33898,Damage,None,Cloudy,531.9,122.0,Verified,0.08,photos/FR01542.jpg
1543,2,19,,2018-10-28 14:40:38,FIELD_7556,District Admin,24.25224,96.54446,No Activity,Moderate,Heavy Rain,3.9,104.6,Rejected,0.64,photos/FR01543.jpg
1544,7,58,658,2024-02-05 12:30:36,FIELD_3660,District Admin,27.16253,94.21941,Road Blocked,Moderate,Rain,158.7,86.6,Under Review,0.98,photos/FR01544.jpg
1545,2,14,765,2018-11-20 04:52:19,FIELD_5810,GSI Geologist,22.37756,92.83604,Road Blocked,None,Rain,476.8,122.2,Rejected,0.26,
1546,1,6,320,2018-01-11 20:43:16,FIELD_6639,Forest Guard,26.3189,97.02151,Crack Observed,Minor,Clear,386.7,64.3,Rejected,0.22,photos/FR01546.jpg
1547,5,41,,2022-07-29 06:39:01,FIELD_4800,GSI Geologist,22.77174,94.20887,Flooding,Minor,Clear,576.8,117.4,Rejected,0.92,photos/FR01547.jpg
1548,5,42,461,2020-03-30 17:07:09,FIELD_9095,District Admin,22.01569,97.47416,Flooding,Severe,Rain,668.8,5.5,Under Review,0.42,
1549,5,46,,2019-08-05 14:36:55,FIELD_1430,GSI Geologist,23.34625,97.88842,Road Blocked,None,Heavy Rain,988.9,51.8,Rejected,0.55,photos/FR01549.jpg
1550,2,19,599,2020-12-18 17:37:18,FIELD_3816,Citizen,24.50376,96.31459,Damage,Moderate,Clear,322.7,85.0,Verified,0.73,photos/FR01550.jpg
1551,4,36,521,2023-06-16 15:52:21,FIELD_9228,NDMA Officer,25.18266,90.77004,Crack Observed,Moderate,Cloudy,998.2,116.1,Verified,0.36,photos/FR01551.jpg
1552,1,1,821,2019-08-31 11:46:57,FIELD_6660,Police,27.17143,90.41048,Village Isolated,None,Clear,211.6,146.0,Under Review,0.87,photos/FR01552.jpg
1553,4,38,595,2018-03-12 16:21:56,FIELD_1253,Police,29.47534,98.49689,Road Blocked,Moderate,Heavy Rain,597.7,184.9,Verified,0.84,photos/FR01553.jpg
1554,4,37,585,2020-02-09 08:54:24,FIELD_6455,Citizen,26.96405,94.92065,Flooding,Minor,Cloudy,168.8,158.0,Verified,0.18,
1555,1,4,877,2018-04-10 18:14:00,FIELD_1205,District Admin,26.81318,90.30196,No Activity,Severe,Heavy Rain,105.8,69.4,Under Review,0.54,
1556,3,25,,2024-10-09 16:54:55,FIELD_7048,Citizen,26.46166,97.14534,Road Blocked,Severe,Rain,117.1,71.6,Verified,0.14,photos/FR01556.jpg
1557,3,27,986,2022-12-18 11:59:30,FIELD_8482,Police,24.93656,90.94013,Village Isolated,Minor,Clear,102.8,88.4,Rejected,0.99,photos/FR01557.jpg
1558,2,16,853,2020-02-10 19:59:09,FIELD_8720,District Admin,23.79095,90.828,Flooding,Minor,Clear,754.8,29.2,Archived,0.58,photos/FR01558.jpg
1559,4,34,276,2022-10-20 10:37:03,FIELD_8234,Citizen,26.10414,97.67699,Flooding,None,Heavy Rain,74.4,62.4,Verified,0.81,photos/FR01559.jpg
1560,4,37,919,2023-01-23 08:30:06,FIELD_6308,Forest Guard,26.67096,94.75301,Landslide Observed,Minor,Heavy Rain,671.5,131.0,Submitted,0.04,photos/FR01560.jpg
1561,4,39,760,2018-05-27 06:55:20,FIELD_4804,GSI Geologist,27.52883,91.29224,Road Blocked,Moderate,Heavy Rain,814.8,180.5,Archived,0.15,photos/FR01561.jpg
1562,3,31,,2024-05-29 10:00:48,FIELD_2419,GSI Geologist,27.81932,95.6644,Village Isolated,None,Heavy Rain,247.6,185.9,Rejected,0.67,photos/FR01562.jpg
1563,1,4,66,2018-12-27 01:07:46,FIELD_2841,Police,26.62961,90.10527,Crack Observed,Minor,Rain,597.4,178.9,Archived,0.15,photos/FR01563.jpg
1564,2,21,344,2021-05-08 20:29:10,FIELD_7389,Forest Guard,23.90636,99.18967,Village Isolated,Severe,Rain,223.0,43.6,Under Review,0.9,
1565,6,49,717,2018-12-30 17:49:11,FIELD_2761,NDMA Officer,29.18851,98.81529,No Activity,Moderate,Cloudy,181.2,167.5,Verified,0.16,
1566,2,17,583,2023-09-01 06:33:44,FIELD_9418,Citizen,24.01702,92.78244,Flooding,Severe,Heavy Rain,500.6,132.8,Rejected,0.07,photos/FR01566.jpg
1567,1,8,894,2024-09-21 19:09:55,FIELD_1668,Police,24.06856,98.74047,Road Blocked,Minor,Rain,602.4,51.3,Archived,0.2,photos/FR01567.jpg
1568,2,19,51,2018-08-04 20:09:18,FIELD_1548,NDMA Officer,24.23851,96.42177,No Activity,Minor,Heavy Rain,613.2,18.7,Archived,0.7,
1569,7,58,,2024-06-14 00:31:49,FIELD_3759,Forest Guard,27.13754,94.43446,Damage,None,Rain,17.2,183.1,Verified,0.71,photos/FR01569.jpg
1570,1,1,839,2021-08-30 22:29:29,FIELD_5556,NDMA Officer,27.16019,89.96635,Crack Observed,Severe,Clear,375.5,22.1,Archived,0.1,photos/FR01570.jpg
1571,3,24,,2023-02-24 15:07:19,FIELD_3657,NDMA Officer,24.3423,99.54957,Crack Observed,None,Rain,215.1,99.8,Archived,0.27,photos/FR01571.jpg
1572,5,46,609,2024-03-20 13:11:21,FIELD_8120,Forest Guard,23.03563,97.64024,Flooding,Minor,Rain,884.4,192.9,Rejected,0.92,photos/FR01572.jpg
1573,1,7,788,2022-05-16 20:15:36,FIELD_3035,NDMA Officer,26.65384,92.21473,No Activity,None,Cloudy,175.8,16.2,Under Review,0.04,photos/FR01573.jpg
1574,1,2,796,2021-08-09 18:24:29,FIELD_3106,District Admin,23.97424,91.37394,Flooding,Moderate,Rain,335.4,106.2,Submitted,0.08,photos/FR01574.jpg
1575,6,54,120,2021-07-24 14:52:42,FIELD_2613,GSI Geologist,29.37405,91.61523,Damage,Severe,Clear,449.8,100.6,Rejected,0.31,
1576,3,30,717,2020-02-29 00:39:56,FIELD_3276,GSI Geologist,25.84868,92.36046,Crack Observed,None,Heavy Rain,315.6,18.5,Rejected,0.26,photos/FR01576.jpg
1577,4,35,452,2021-01-01 06:53:36,FIELD_2437,Citizen,23.26361,91.88673,No Activity,Severe,Rain,573.6,180.4,Submitted,0.97,
1578,6,54,271,2018-03-08 16:48:41,FIELD_6484,GSI Geologist,29.29163,91.87836,Flooding,Minor,Rain,856.0,84.6,Rejected,0.14,
1579,3,23,,2024-12-12 08:45:19,FIELD_4556,Citizen,28.07496,91.70301,Damage,Severe,Heavy Rain,900.7,78.1,Under Review,0.49,photos/FR01579.jpg
1580,7,55,,2020-01-18 13:10:35,FIELD_2700,GSI Geologist,28.858,93.93986,No Activity,None,Clear,404.4,180.4,Archived,0.07,photos/FR01580.jpg
1581,2,18,60,2019-12-28 08:12:36,FIELD_8136,District Admin,29.01992,98.6274,Village Isolated,Severe,Heavy Rain,734.9,9.8,Submitted,0.57,photos/FR01581.jpg
1582,3,30,,2019-10-04 00:07:31,FIELD_4750,GSI Geologist,25.83666,92.59788,Road Blocked,None,Clear,84.9,199.5,Under Review,0.17,photos/FR01582.jpg
1583,2,22,858,2021-09-12 06:22:05,FIELD_2615,District Admin,22.8096,96.1261,Village Isolated,Minor,Cloudy,825.1,184.1,Submitted,0.08,photos/FR01583.jpg
1584,6,54,219,2019-02-17 00:40:31,FIELD_1941,NDMA Officer,29.39615,91.81608,Road Blocked,Minor,Cloudy,43.1,166.0,Under Review,0.47,
1585,6,50,558,2024-10-10 04:42:13,FIELD_7098,District Admin,24.17006,92.70217,Road Blocked,Severe,Clear,340.1,59.0,Archived,0.22,photos/FR01585.jpg
1586,1,12,961,2020-11-20 17:48:23,FIELD_4167,Police,26.97284,98.30038,Landslide Observed,Minor,Cloudy,237.8,57.5,Verified,0.11,
1587,5,46,602,2022-06-07 10:18:18,FIELD_8648,NDMA Officer,23.17167,97.54341,No Activity,None,Cloudy,649.5,41.8,Submitted,0.21,
1588,1,7,566,2021-12-19 21:41:04,FIELD_1051,NDMA Officer,26.48725,92.2125,Crack Observed,Moderate,Clear,831.8,164.7,Rejected,0.34,
1589,6,52,90,2024-05-29 19:11:38,FIELD_7024,NDMA Officer,28.76682,100.04855,Road Blocked,Severe,Cloudy,962.7,138.5,Rejected,0.02,photos/FR01589.jpg
1590,3,31,75,2023-12-07 13:43:23,FIELD_6601,Police,28.01563,95.27227,Village Isolated,None,Heavy Rain,736.9,185.6,Under Review,0.15,
1591,3,29,105,2018-05-15 05:32:51,FIELD_4738,GSI Geologist,25.9852,98.99668,Village Isolated,None,Rain,122.1,195.9,Under Review,0.34,
1592,7,56,739,2018-01-19 01:36:56,FIELD_1775,District Admin,29.69791,97.37761,Road Blocked,Minor,Cloudy,129.1,193.6,Under Review,0.09,photos/FR01592.jpg
1593,2,20,,2024-04-05 13:17:08,FIELD_6826,NDMA Officer,23.13152,93.69082,Damage,None,Cloudy,917.8,13.2,Rejected,0.13,photos/FR01593.jpg
1594,1,11,865,2023-03-28 08:47:01,FIELD_4478,Police,22.44723,91.14332,Landslide Observed,None,Heavy Rain,429.0,51.3,Submitted,0.63,photos/FR01594.jpg
1595,6,51,,2024-06-17 13:04:31,FIELD_5023,NDMA Officer,29.73946,90.8557,Landslide Observed,Severe,Clear,612.6,22.9,Rejected,0.39,
1596,2,22,,2020-11-23 14:45:45,FIELD_7341,Forest Guard,22.82531,96.2366,Crack Observed,None,Rain,88.9,40.0,Archived,0.36,photos/FR01596.jpg
1597,5,41,,2022-07-03 11:19:29,FIELD_4769,Citizen,22.86802,94.47131,Road Blocked,Severe,Cloudy,340.5,42.9,Rejected,0.27,photos/FR01597.jpg
1598,7,56,504,2024-12-13 15:38:50,FIELD_8138,GSI Geologist,29.59507,97.49823,No Activity,None,Heavy Rain,314.5,42.7,Rejected,0.96,photos/FR01598.jpg
1599,4,36,263,2019-06-01 08:04:30,FIELD_5840,GSI Geologist,25.33152,90.79284,Flooding,Moderate,Rain,453.6,116.4,Submitted,0.95,photos/FR01599.jpg
1600,6,47,696,2019-01-10 12:23:23,FIELD_3590,District Admin,29.81184,99.25078,Road Blocked,Moderate,Rain,679.0,126.9,Rejected,0.28,photos/FR01600.jpg
1601,5,43,549,2023-08-28 14:57:47,FIELD_7472,Citizen,29.65736,97.53266,Damage,Minor,Rain,970.6,16.1,Rejected,0.18,photos/FR01601.jpg
1602,3,30,,2019-02-16 16:26:18,FIELD_7216,Police,25.81656,92.40463,Landslide Observed,None,Clear,219.4,157.9,Submitted,0.27,photos/FR01602.jpg
1603,1,9,805,2024-07-08 05:14:55,FIELD_3167,District Admin,27.45407,93.34043,Flooding,Minor,Rain,263.9,148.0,Verified,0.9,photos/FR01603.jpg
1604,6,50,,2018-02-02 14:32:29,FIELD_7770,Forest Guard,23.7404,92.21237,No Activity,Moderate,Clear,943.8,192.5,Under Review,0.56,
1605,5,40,219,2019-05-15 21:34:16,FIELD_1833,Police,27.8602,97.72158,No Activity,Minor,Cloudy,563.2,163.3,Submitted,0.76,photos/FR01605.jpg
1606,4,38,563,2023-10-27 07:49:24,FIELD_2373,Citizen,30.02818,98.618,Damage,Moderate,Rain,13.2,47.2,Archived,0.3,photos/FR01606.jpg
1607,2,21,372,2020-12-10 02:40:41,FIELD_2538,Police,23.85788,99.37216,Landslide Observed,Minor,Heavy Rain,133.1,193.8,Rejected,0.4,photos/FR01607.jpg
1608,3,27,,2024-05-30 03:54:23,FIELD_7433,District Admin,25.19099,90.92492,Flooding,None,Cloudy,309.8,163.6,Submitted,0.96,
1609,7,56,890,2024-01-14 05:15:26,FIELD_5399,Citizen,29.62665,97.46324,Crack Observed,None,Rain,203.6,7.0,Rejected,0.26,photos/FR01609.jpg
1610,2,16,330,2018-01-11 06:17:11,FIELD_2462,District Admin,23.4329,90.59579,Flooding,Moderate,Cloudy,73.4,123.4,Archived,0.65,photos/FR01610.jpg
1611,4,36,,2021-01-16 22:19:26,FIELD_5014,NDMA Officer,25.12464,90.91844,Crack Observed,Moderate,Clear,997.2,140.3,Verified,0.15,
1612,5,46,317,2021-08-18 18:49:17,FIELD_7677,Citizen,23.44888,97.81075,No Activity,Severe,Heavy Rain,870.8,40.3,Archived,0.16,
1613,5,46,297,2023-09-01 21:56:24,FIELD_1117,Citizen,22.95892,97.88327,Flooding,None,Heavy Rain,221.4,138.2,Rejected,0.58,photos/FR01613.jpg
1614,3,24,613,2018-12-25 02:05:42,FIELD_3312,NDMA Officer,24.06962,98.96483,Road Blocked,Minor,Rain,916.6,10.4,Verified,0.34,
1615,2,13,265,2021-12-15 17:36:16,FIELD_2008,Forest Guard,26.2231,99.78009,No Activity,Minor,Heavy Rain,298.4,4.6,Submitted,0.27,
1616,1,8,,2020-10-23 18:32:30,FIELD_9090,District Admin,24.36178,98.93884,Landslide Observed,Minor,Rain,320.3,45.4,Submitted,0.4,photos/FR01616.jpg
1617,6,48,929,2020-10-04 18:57:53,FIELD_6763,GSI Geologist,26.95886,95.11834,Landslide Observed,Moderate,Heavy Rain,823.8,119.2,Rejected,0.01,photos/FR01617.jpg
1618,6,53,,2019-04-08 07:02:06,FIELD_9239,GSI Geologist,28.06179,91.26145,Damage,Moderate,Cloudy,793.3,165.3,Archived,0.73,photos/FR01618.jpg
1619,7,57,593,2021-05-27 11:55:49,FIELD_6579,Police,23.62625,92.87597,Road Blocked,Minor,Rain,955.1,146.9,Submitted,0.31,photos/FR01619.jpg
1620,6,48,106,2024-07-05 21:59:21,FIELD_2566,Forest Guard,27.06074,95.10698,Damage,Moderate,Heavy Rain,17.9,127.6,Under Review,0.91,photos/FR01620.jpg
1621,7,58,,2024-12-19 21:57:36,FIELD_6726,NDMA Officer,27.42397,94.47627,Road Blocked,Minor,Clear,886.5,88.5,Archived,1.0,photos/FR01621.jpg
1622,3,29,575,2020-03-26 19:49:12,FIELD_9320,GSI Geologist,26.00146,98.59679,Crack Observed,Severe,Rain,772.3,4.9,Rejected,0.86,
1623,6,53,,2023-05-21 14:38:14,FIELD_1721,GSI Geologist,28.28097,91.29753,Landslide Observed,Minor,Heavy Rain,967.8,52.1,Archived,0.86,photos/FR01623.jpg
1624,4,34,835,2024-09-07 15:17:18,FIELD_2270,GSI Geologist,25.99393,97.46736,Flooding,None,Cloudy,133.8,22.9,Verified,0.46,photos/FR01624.jpg
1625,1,3,408,2018-02-12 20:23:04,FIELD_6048,Police,27.4464,98.79097,No Activity,None,Cloudy,229.8,156.1,Archived,0.31,photos/FR01625.jpg
1626,4,39,,2024-11-22 18:30:25,FIELD_4046,Citizen,27.20378,91.03417,Village Isolated,Moderate,Heavy Rain,879.4,200.0,Under Review,0.82,photos/FR01626.jpg
1627,1,7,248,2021-06-21 23:51:30,FIELD_7145,Forest Guard,26.52667,92.07235,Crack Observed,Minor,Heavy Rain,206.0,88.7,Under Review,0.3,
1628,5,42,117,2022-05-29 03:08:40,FIELD_7046,Citizen,21.78264,97.16379,Damage,Minor,Cloudy,310.7,181.1,Submitted,0.43,photos/FR01628.jpg
1629,3,32,323,2024-03-24 13:15:05,FIELD_4342,District Admin,25.37156,95.68411,Village Isolated,Severe,Clear,122.6,16.4,Verified,0.66,photos/FR01629.jpg
1630,4,36,711,2023-09-04 03:13:19,FIELD_2107,GSI Geologist,25.14763,90.49606,Landslide Observed,Severe,Clear,89.7,25.8,Submitted,0.65,photos/FR01630.jpg
1631,3,30,,2023-11-04 00:27:37,FIELD_8783,Citizen,25.70686,92.94595,No Activity,Severe,Rain,886.1,37.8,Archived,0.06,photos/FR01631.jpg
1632,1,12,,2020-03-27 00:34:29,FIELD_8828,Police,27.012,98.09471,Landslide Observed,Severe,Heavy Rain,43.2,36.1,Archived,0.64,
1633,2,18,420,2020-05-02 21:04:26,FIELD_3923,Police,28.95885,98.46295,Village Isolated,None,Clear,947.3,77.2,Submitted,0.63,photos/FR01633.jpg
1634,5,43,,2019-02-13 20:24:57,FIELD_1024,Forest Guard,29.71851,97.68353,Damage,Moderate,Heavy Rain,149.1,156.7,Verified,0.7,photos/FR01634.jpg
1635,4,34,1000,2023-11-21 20:50:48,FIELD_4945,District Admin,25.66338,97.78544,Damage,Minor,Rain,350.4,116.4,Rejected,0.87,
1636,1,12,670,2022-05-15 16:35:40,FIELD_6278,Forest Guard,26.54202,97.89198,Flooding,Severe,Cloudy,557.1,55.7,Verified,0.45,
1637,5,45,,2024-02-08 12:13:16,FIELD_5520,Citizen,28.66052,95.35833,Village Isolated,Severe,Rain,807.6,91.6,Submitted,0.26,photos/FR01637.jpg
1638,1,6,918,2021-05-30 05:38:22,FIELD_1293,Forest Guard,26.48433,97.22356,Landslide Observed,Moderate,Cloudy,683.5,29.3,Submitted,0.01,photos/FR01638.jpg
1639,4,39,9,2024-09-27 11:42:55,FIELD_3276,Police,27.39505,91.13453,Village Isolated,None,Rain,631.5,40.5,Archived,0.15,
1640,1,11,,2023-04-21 22:19:39,FIELD_1342,District Admin,22.75041,90.7293,Damage,Minor,Cloudy,773.6,181.0,Verified,0.23,photos/FR01640.jpg
1641,2,15,142,2021-05-02 17:13:06,FIELD_1948,Citizen,26.80895,98.85627,Road Blocked,Severe,Rain,757.4,116.8,Archived,0.27,photos/FR01641.jpg
1642,1,11,169,2019-01-30 06:38:48,FIELD_3891,Citizen,22.57077,91.24054,Flooding,Minor,Heavy Rain,754.3,197.3,Submitted,0.6,photos/FR01642.jpg
1643,1,6,,2021-05-27 19:44:08,FIELD_4224,District Admin,26.61433,97.31985,Landslide Observed,Moderate,Cloudy,446.1,150.5,Rejected,0.72,photos/FR01643.jpg
1644,1,12,,2020-07-27 00:48:06,FIELD_5216,Forest Guard,26.68578,98.16851,Road Blocked,Moderate,Heavy Rain,27.9,10.3,Rejected,0.99,photos/FR01644.jpg
1645,8,59,634,2024-07-27 08:45:01,FIELD_5165,District Admin,25.90646,92.66038,Road Blocked,Minor,Heavy Rain,200.6,43.7,Rejected,0.52,photos/FR01645.jpg
1646,5,42,,2020-04-15 05:12:37,FIELD_4642,District Admin,21.85321,97.50789,Flooding,Severe,Clear,400.2,0.9,Archived,0.25,photos/FR01646.jpg
1647,3,30,978,2022-02-09 13:58:53,FIELD_6954,Citizen,25.63163,92.74732,Village Isolated,None,Heavy Rain,955.0,145.4,Rejected,0.47,
1648,2,15,228,2023-01-07 12:30:41,FIELD_1610,District Admin,26.94912,98.61639,Road Blocked,Minor,Clear,326.5,118.8,Rejected,0.68,photos/FR01648.jpg
1649,6,49,,2024-04-12 23:38:01,FIELD_9593,NDMA Officer,29.49995,98.7652,Road Blocked,Severe,Heavy Rain,605.6,80.2,Rejected,0.54,photos/FR01649.jpg
1650,6,52,163,2024-06-01 17:56:49,FIELD_8447,GSI Geologist,28.32414,99.87401,No Activity,Severe,Heavy Rain,716.6,179.6,Under Review,0.15,
1651,7,55,851,2021-10-18 07:40:54,FIELD_6262,Police,29.24503,93.96959,Village Isolated,Minor,Heavy Rain,454.7,174.5,Under Review,0.25,
1652,7,57,733,2023-11-19 21:21:25,FIELD_9324,Citizen,23.4914,92.99546,Landslide Observed,None,Clear,701.0,97.6,Under Review,0.52,photos/FR01652.jpg
1653,5,46,241,2020-06-08 17:02:44,FIELD_3220,District Admin,22.93359,97.42452,Flooding,Severe,Clear,560.1,44.9,Submitted,0.9,photos/FR01653.jpg
1654,1,8,724,2024-11-18 07:22:14,FIELD_4210,Citizen,24.11329,98.80378,Flooding,Moderate,Clear,777.3,46.0,Submitted,0.19,
1655,2,14,,2019-11-15 15:49:52,FIELD_2791,District Admin,22.88335,92.89641,Flooding,Minor,Clear,794.7,54.1,Archived,0.63,photos/FR01655.jpg
1656,6,47,790,2021-02-07 22:53:06,FIELD_8577,District Admin,29.69787,99.22348,Road Blocked,Moderate,Cloudy,874.8,96.2,Submitted,0.62,
1657,4,34,,2022-08-04 04:11:38,FIELD_7489,District Admin,26.12891,97.65549,Damage,Severe,Clear,419.5,6.2,Under Review,0.83,photos/FR01657.jpg
1658,8,59,,2018-07-17 13:08:39,FIELD_7348,Citizen,25.33609,92.31265,Landslide Observed,Minor,Heavy Rain,479.7,93.5,Under Review,0.7,photos/FR01658.jpg
1659,6,48,895,2020-05-01 13:08:32,FIELD_2052,NDMA Officer,26.98316,94.74964,Crack Observed,Minor,Clear,42.3,68.6,Verified,0.44,photos/FR01659.jpg
1660,2,21,471,2022-04-16 04:39:33,FIELD_1761,Citizen,23.97293,99.50843,No Activity,Moderate,Rain,503.2,35.1,Verified,0.02,
1661,6,47,1000,2023-11-18 18:45:46,FIELD_7100,District Admin,29.88274,99.03212,Landslide Observed,Minor,Cloudy,487.2,191.9,Verified,0.24,photos/FR01661.jpg
1662,5,45,,2021-04-07 03:18:19,FIELD_4831,Citizen,28.60571,95.21354,Road Blocked,None,Heavy Rain,439.1,73.1,Archived,0.44,photos/FR01662.jpg
1663,3,30,,2021-06-19 17:21:32,FIELD_1435,GSI Geologist,25.7139,92.76905,Road Blocked,Minor,Heavy Rain,918.5,66.3,Under Review,0.29,photos/FR01663.jpg
1664,1,4,812,2023-07-03 08:01:42,FIELD_9748,Forest Guard,26.74684,90.17354,Damage,None,Clear,427.1,58.1,Under Review,0.79,photos/FR01664.jpg
1665,4,37,,2021-04-25 09:52:00,FIELD_1318,GSI Geologist,26.7656,94.83163,Road Blocked,Severe,Clear,85.4,2.6,Submitted,0.48,photos/FR01665.jpg
1666,4,35,,2022-05-30 15:48:05,FIELD_3563,Police,23.44906,91.895,No Activity,Moderate,Heavy Rain,639.4,14.1,Archived,0.48,photos/FR01666.jpg
1667,2,14,191,2018-10-02 19:48:48,FIELD_4258,District Admin,22.52103,93.07168,Crack Observed,Moderate,Cloudy,474.7,174.8,Rejected,0.87,
1668,5,45,992,2022-02-07 04:27:51,FIELD_3626,Forest Guard,28.60356,94.94652,Crack Observed,None,Cloudy,290.2,159.4,Under Review,0.92,
1669,2,20,,2021-10-28 02:23:50,FIELD_5273,District Admin,23.55644,93.58753,Damage,Severe,Heavy Rain,120.6,94.5,Archived,0.97,photos/FR01669.jpg
1670,2,13,88,2024-02-17 15:04:59,FIELD_4347,NDMA Officer,26.48311,99.50975,Crack Observed,None,Heavy Rain,563.7,120.0,Verified,0.5,
1671,8,61,,2020-09-08 23:44:15,FIELD_2829,GSI Geologist,26.50431,90.01541,No Activity,None,Clear,33.6,192.0,Under Review,0.17,photos/FR01671.jpg
1672,6,49,105,2021-07-26 16:36:24,FIELD_3138,Citizen,29.4975,98.6024,Damage,Minor,Rain,229.8,134.5,Archived,0.18,photos/FR01672.jpg
1673,2,17,,2021-01-07 10:28:25,FIELD_3173,NDMA Officer,24.05995,93.11408,Landslide Observed,Minor,Cloudy,186.2,112.5,Submitted,0.54,photos/FR01673.jpg
1674,5,42,,2021-05-19 11:41:42,FIELD_7863,Forest Guard,21.90098,97.46946,Damage,None,Cloudy,26.0,194.3,Under Review,0.17,photos/FR01674.jpg
1675,1,4,222,2018-09-07 16:54:02,FIELD_4491,Forest Guard,26.94923,90.30314,No Activity,Minor,Clear,303.1,130.6,Archived,0.74,photos/FR01675.jpg
1676,5,40,994,2020-10-10 21:38:37,FIELD_2118,Citizen,27.7668,97.56034,Road Blocked,Severe,Rain,991.9,149.9,Rejected,0.25,photos/FR01676.jpg
1677,1,6,269,2022-08-04 09:07:45,FIELD_5751,Police,26.21352,97.42188,Village Isolated,Moderate,Rain,54.5,175.8,Submitted,0.84,
1678,1,12,725,2022-01-12 04:22:44,FIELD_3696,District Admin,27.01817,98.13632,Damage,Minor,Heavy Rain,785.4,131.7,Rejected,0.05,photos/FR01678.jpg
1679,2,22,916,2019-05-02 05:58:05,FIELD_4025,Forest Guard,22.70192,96.12039,Road Blocked,Minor,Rain,880.3,135.5,Archived,0.81,photos/FR01679.jpg
1680,5,41,,2020-09-12 11:59:44,FIELD_9943,District Admin,23.00097,94.31946,Village Isolated,Minor,Heavy Rain,469.4,88.1,Verified,0.62,photos/FR01680.jpg
1681,3,32,578,2018-09-08 01:51:20,FIELD_7670,District Admin,25.13406,95.80158,Crack Observed,Severe,Heavy Rain,426.2,80.9,Under Review,0.62,
1682,4,39,857,2019-10-11 04:11:56,FIELD_8647,Police,27.65632,90.86857,Road Blocked,Moderate,Clear,499.5,54.8,Submitted,0.22,
1683,5,41,365,2024-02-09 05:27:51,FIELD_3986,Citizen,22.77462,94.06293,Landslide Observed,Minor,Heavy Rain,332.9,133.1,Rejected,0.75,
1684,2,20,,2024-11-14 23:31:04,FIELD_3077,Citizen,23.38472,93.59508,Road Blocked,Minor,Heavy Rain,33.9,26.8,Archived,0.23,
1685,1,5,,2022-05-07 19:24:53,FIELD_7654,District Admin,23.74166,94.93364,No Activity,Moderate,Clear,350.1,50.6,Submitted,0.47,photos/FR01685.jpg
1686,6,51,235,2022-02-21 20:14:49,FIELD_7137,Citizen,29.47797,90.9753,Road Blocked,Severe,Heavy Rain,160.5,185.9,Submitted,0.88,
1687,5,44,335,2018-08-26 09:02:44,FIELD_5111,Forest Guard,29.23923,98.95977,Flooding,None,Clear,766.5,84.4,Submitted,0.53,photos/FR01687.jpg
1688,4,39,344,2022-01-08 18:24:12,FIELD_8813,Citizen,27.44568,91.03752,Crack Observed,Severe,Heavy Rain,711.3,103.0,Submitted,0.62,
1689,1,7,981,2021-10-15 18:25:12,FIELD_5683,Police,26.50998,92.20883,Village Isolated,None,Cloudy,791.2,16.7,Under Review,0.99,photos/FR01689.jpg
1690,2,19,293,2021-12-06 20:15:40,FIELD_1382,Forest Guard,24.46103,96.611,Landslide Observed,Minor,Rain,552.1,101.5,Verified,0.31,photos/FR01690.jpg
1691,7,56,771,2019-06-02 16:59:49,FIELD_8641,Police,29.69776,97.39169,Village Isolated,Minor,Clear,974.1,14.2,Rejected,0.43,
1692,3,30,,2024-12-12 06:42:30,FIELD_7272,District Admin,25.42147,92.73426,No Activity,None,Clear,539.8,164.4,Verified,0.45,photos/FR01692.jpg
1693,1,10,,2020-01-10 22:32:04,FIELD_2670,Forest Guard,23.75746,97.48781,Flooding,Minor,Heavy Rain,39.1,195.1,Under Review,0.63,photos/FR01693.jpg
1694,2,13,245,2024-12-24 00:38:01,FIELD_9826,District Admin,26.28071,99.62857,Crack Observed,Moderate,Cloudy,226.7,17.8,Archived,0.25,
1695,7,55,,2019-05-27 08:38:06,FIELD_9219,Police,28.87432,94.27818,Road Blocked,Severe,Heavy Rain,429.6,64.4,Rejected,0.5,photos/FR01695.jpg
1696,5,45,36,2022-07-27 04:39:37,FIELD_2350,NDMA Officer,28.77384,94.78947,Landslide Observed,Severe,Cloudy,895.9,149.5,Under Review,0.41,
1697,4,36,,2024-10-09 13:43:41,FIELD_5207,GSI Geologist,25.50782,90.8303,Flooding,Severe,Heavy Rain,972.9,28.7,Under Review,0.69,photos/FR01697.jpg
1698,3,23,,2020-07-05 12:44:50,FIELD_3651,GSI Geologist,28.05116,91.69935,Landslide Observed,Severe,Cloudy,133.1,175.3,Submitted,0.36,
1699,2,13,600,2022-02-03 21:05:24,FIELD_2196,Citizen,26.57792,99.52496,No Activity,None,Heavy Rain,908.0,75.2,Rejected,0.14,photos/FR01699.jpg
1700,2,13,,2018-05-31 12:48:02,FIELD_8772,Police,26.00473,99.9233,Landslide Observed,Severe,Heavy Rain,461.0,183.6,Rejected,0.31,
1701,2,15,,2022-11-20 22:38:46,FIELD_2918,Forest Guard,26.98367,98.54225,Flooding,Minor,Clear,455.8,151.8,Verified,0.1,
1702,2,14,,2019-12-04 23:12:41,FIELD_5468,Citizen,22.84448,93.14406,No Activity,None,Cloudy,103.1,98.0,Submitted,0.64,photos/FR01702.jpg
1703,8,62,464,2021-03-25 21:37:46,FIELD_5590,Citizen,26.95786,92.1683,Flooding,None,Heavy Rain,528.3,115.5,Verified,0.92,
1704,5,46,894,2019-02-10 22:59:06,FIELD_8295,Citizen,23.44955,97.89707,No Activity,Severe,Cloudy,812.2,58.0,Archived,0.94,photos/FR01704.jpg
1705,3,27,,2023-07-30 15:17:28,FIELD_1275,NDMA Officer,25.12521,90.91478,Road Blocked,Severe,Clear,262.5,135.3,Archived,0.35,
1706,7,57,591,2018-09-18 22:12:29,FIELD_7351,GSI Geologist,23.5284,93.38346,Village Isolated,None,Clear,336.7,192.6,Rejected,0.97,
1707,5,43,103,2018-08-07 11:13:43,FIELD_1074,District Admin,29.63097,97.40829,Landslide Observed,Moderate,Heavy Rain,1.6,90.4,Verified,0.84,photos/FR01707.jpg
1708,1,2,966,2018-11-05 14:04:07,FIELD_1100,NDMA Officer,23.73795,91.18011,Village Isolated,None,Heavy Rain,608.8,70.7,Submitted,0.04,
1709,2,19,322,2020-10-25 20:18:49,FIELD_8101,Police,24.10355,96.26503,Crack Observed,None,Cloudy,182.8,123.5,Rejected,0.81,
1710,1,7,19,2022-03-27 20:26:53,FIELD_4519,Citizen,26.26781,92.42167,Flooding,Moderate,Cloudy,698.0,161.7,Under Review,0.75,photos/FR01710.jpg
1711,3,30,854,2023-07-01 10:29:56,FIELD_9068,District Admin,25.59873,92.75652,Flooding,Moderate,Rain,758.7,192.6,Verified,0.95,photos/FR01711.jpg
1712,4,37,676,2021-02-05 23:50:05,FIELD_3273,NDMA Officer,26.99831,94.43007,Village Isolated,None,Heavy Rain,23.2,61.2,Verified,0.7,photos/FR01712.jpg
1713,3,29,474,2021-01-29 12:28:09,FIELD_6617,District Admin,26.21908,99.0734,Crack Observed,Moderate,Heavy Rain,842.6,61.4,Archived,0.23,photos/FR01713.jpg
1714,3,26,166,2021-08-15 09:05:22,FIELD_4411,GSI Geologist,24.05207,90.22338,Crack Observed,Moderate,Heavy Rain,235.6,149.3,Verified,0.9,
1715,1,1,,2021-08-10 10:37:19,FIELD_8909,GSI Geologist,27.35287,90.1966,Damage,Severe,Cloudy,530.2,158.8,Rejected,0.74,photos/FR01715.jpg
1716,1,6,712,2022-03-18 21:21:25,FIELD_2722,NDMA Officer,26.28927,96.98746,Damage,Severe,Clear,276.3,54.1,Verified,0.04,photos/FR01716.jpg
1717,4,38,838,2020-01-21 00:47:12,FIELD_5164,NDMA Officer,29.81715,98.84479,Flooding,None,Clear,54.8,105.8,Under Review,0.88,photos/FR01717.jpg
1718,2,19,402,2020-07-30 22:31:33,FIELD_3547,District Admin,24.14792,96.36965,Village Isolated,Moderate,Heavy Rain,439.8,104.5,Under Review,0.34,photos/FR01718.jpg
1719,6,54,301,2019-06-29 23:16:03,FIELD_9097,Forest Guard,29.46183,91.43623,Village Isolated,Severe,Clear,603.0,29.3,Rejected,0.13,photos/FR01719.jpg
1720,3,29,287,2019-06-22 18:17:37,FIELD_2477,Forest Guard,25.77647,98.65902,No Activity,Severe,Rain,174.7,101.8,Submitted,0.98,photos/FR01720.jpg
1721,3,29,,2024-03-21 15:54:00,FIELD_4643,Police,25.86655,98.99483,Village Isolated,None,Heavy Rain,449.4,44.1,Verified,0.25,
1722,2,16,729,2024-06-01 20:34:24,FIELD_4752,NDMA Officer,23.81749,90.62061,No Activity,Minor,Rain,204.1,146.3,Verified,0.63,photos/FR01722.jpg
1723,3,30,223,2021-09-11 17:17:16,FIELD_6247,Citizen,25.40824,92.81319,Village Isolated,Moderate,Heavy Rain,882.5,86.2,Rejected,0.3,photos/FR01723.jpg
1724,6,51,991,2018-07-30 17:56:48,FIELD_6657,Police,29.82071,90.90857,Flooding,None,Cloudy,635.4,128.1,Under Review,0.75,photos/FR01724.jpg
1725,4,34,942,2023-11-26 15:56:48,FIELD_6111,Police,25.8091,97.72202,Damage,Moderate,Cloudy,408.2,93.5,Submitted,0.62,photos/FR01725.jpg
1726,1,2,81,2024-07-27 06:41:38,FIELD_6784,GSI Geologist,23.71859,91.52536,Damage,Severe,Clear,493.7,59.8,Archived,0.63,
1727,4,34,774,2018-11-21 08:41:13,FIELD_2415,GSI Geologist,26.01157,97.48648,Crack Observed,Severe,Clear,488.0,146.8,Under Review,0.83,photos/FR01727.jpg
1728,7,58,,2021-07-12 06:05:18,FIELD_9306,District Admin,26.94651,94.19267,Flooding,Severe,Rain,758.3,33.7,Rejected,0.19,
1729,3,24,71,2024-07-14 20:49:58,FIELD_8888,Forest Guard,24.32643,99.19617,Crack Observed,Severe,Rain,265.7,66.7,Verified,0.85,photos/FR01729.jpg
1730,6,51,,2024-12-21 16:08:42,FIELD_5872,Police,29.83856,90.59682,No Activity,Severe,Clear,692.4,133.2,Verified,0.5,
1731,8,61,486,2021-11-04 06:23:32,FIELD_6987,Citizen,26.87651,89.8475,Damage,Moderate,Clear,938.3,48.0,Submitted,0.81,
1732,2,20,578,2020-10-05 14:05:31,FIELD_7712,Police,23.45894,93.6346,Village Isolated,Moderate,Clear,442.9,155.0,Submitted,0.74,photos/FR01732.jpg
1733,2,18,405,2024-09-21 20:25:04,FIELD_2165,Citizen,28.66822,98.85261,Flooding,None,Heavy Rain,871.5,130.4,Archived,0.54,photos/FR01733.jpg
1734,7,55,,2020-07-06 02:00:02,FIELD_6924,Citizen,28.6915,94.12308,Road Blocked,Severe,Clear,222.3,19.0,Rejected,0.29,photos/FR01734.jpg
1735,8,62,595,2018-11-18 00:50:33,FIELD_4866,GSI Geologist,27.04858,92.14295,Flooding,Severe,Rain,278.3,1.3,Under Review,0.25,photos/FR01735.jpg
1736,1,8,857,2023-05-12 03:32:32,FIELD_5423,District Admin,24.33453,98.80808,No Activity,Severe,Cloudy,88.1,175.5,Verified,0.75,
1737,5,42,,2018-03-12 00:46:08,FIELD_8219,Citizen,22.00711,97.00115,Damage,Minor,Rain,666.4,103.6,Rejected,0.54,
1738,1,9,,2023-11-02 02:26:00,FIELD_1094,District Admin,27.71696,93.69016,Landslide Observed,Severe,Heavy Rain,757.5,174.8,Verified,0.34,photos/FR01738.jpg
1739,2,13,748,2020-04-21 23:30:24,FIELD_6748,NDMA Officer,26.48024,99.58386,Flooding,Severe,Heavy Rain,440.1,59.4,Verified,0.07,photos/FR01739.jpg
1740,7,55,571,2024-02-27 17:43:55,FIELD_5533,GSI Geologist,28.79486,94.18093,Road Blocked,None,Clear,19.4,134.0,Rejected,0.17,photos/FR01740.jpg
1741,6,47,277,2020-01-11 08:53:31,FIELD_6531,District Admin,29.43918,99.06174,Flooding,Minor,Heavy Rain,125.6,62.3,Archived,0.42,photos/FR01741.jpg
1742,4,33,667,2019-08-26 05:24:36,FIELD_3717,District Admin,23.84466,100.23955,Village Isolated,Moderate,Rain,26.3,191.4,Verified,0.45,photos/FR01742.jpg
1743,5,42,594,2020-03-02 15:00:18,FIELD_9063,NDMA Officer,21.7304,97.05893,Road Blocked,None,Clear,339.5,176.3,Under Review,0.73,
1744,1,12,870,2019-05-13 14:08:58,FIELD_1739,NDMA Officer,26.93948,98.14726,Flooding,Minor,Clear,633.9,43.0,Rejected,0.13,photos/FR01744.jpg
1745,1,4,,2023-06-14 05:48:23,FIELD_4453,Citizen,26.83064,90.3448,Village Isolated,Minor,Cloudy,358.9,6.6,Submitted,0.13,
1746,6,47,557,2022-10-24 23:40:00,FIELD_5584,Police,29.44696,99.15085,Damage,Moderate,Heavy Rain,871.4,101.6,Archived,0.92,photos/FR01746.jpg
1747,4,39,556,2023-11-26 11:52:58,FIELD_2871,District Admin,27.55914,91.03815,Flooding,Minor,Rain,801.3,145.2,Verified,0.7,photos/FR01747.jpg
1748,3,32,504,2019-05-01 04:29:09,FIELD_9873,District Admin,25.63958,95.88422,Landslide Observed,None,Clear,397.6,83.8,Verified,0.24,
1749,6,51,36,2020-03-17 12:28:00,FIELD_2841,Forest Guard,29.63753,90.61494,Crack Observed,Moderate,Rain,605.6,92.9,Submitted,0.76,photos/FR01749.jpg
1750,2,17,117,2023-09-30 13:39:34,FIELD_5270,NDMA Officer,23.56559,92.99865,Damage,None,Rain,643.0,197.5,Under Review,0.35,photos/FR01750.jpg
1751,8,60,495,2024-02-12 16:36:59,FIELD_5481,Citizen,24.81527,96.06477,Landslide Observed,None,Rain,803.4,69.7,Verified,0.51,
1752,3,24,842,2023-09-03 09:30:18,FIELD_6328,Forest Guard,24.19876,99.08652,Damage,Minor,Clear,334.7,106.4,Verified,0.7,photos/FR01752.jpg
1753,7,55,,2021-05-31 05:13:55,FIELD_1595,GSI Geologist,29.17297,94.111,Crack Observed,None,Heavy Rain,408.3,147.9,Rejected,0.67,photos/FR01753.jpg
1754,1,11,,2019-12-17 00:44:56,FIELD_5891,GSI Geologist,22.99121,91.07724,Landslide Observed,Minor,Heavy Rain,485.8,116.0,Under Review,0.58,photos/FR01754.jpg
1755,2,14,154,2023-03-27 03:17:57,FIELD_2653,GSI Geologist,22.55338,92.7308,Flooding,Moderate,Heavy Rain,955.7,150.7,Verified,0.61,photos/FR01755.jpg
1756,2,15,,2023-11-09 18:58:03,FIELD_9432,Forest Guard,27.08833,98.73818,No Activity,Minor,Rain,778.6,89.6,Under Review,0.83,photos/FR01756.jpg
1757,2,13,,2018-10-29 18:30:21,FIELD_7617,Citizen,26.26431,99.75034,Village Isolated,Minor,Clear,663.2,197.0,Under Review,0.75,photos/FR01757.jpg
1758,8,61,517,2018-06-26 16:53:00,FIELD_2866,GSI Geologist,26.83647,90.05206,Road Blocked,None,Rain,952.4,4.2,Rejected,0.08,
1759,6,52,600,2023-12-10 10:38:38,FIELD_9752,Police,28.57804,99.91048,Village Isolated,Severe,Clear,915.1,57.7,Under Review,0.08,
1760,7,58,30,2019-06-06 09:52:19,FIELD_3726,Citizen,27.07698,94.13013,Flooding,Minor,Cloudy,649.7,6.0,Submitted,0.05,
1761,3,29,230,2018-12-29 04:47:47,FIELD_1606,NDMA Officer,26.23911,98.88074,Village Isolated,Moderate,Rain,402.0,166.8,Submitted,0.89,photos/FR01761.jpg
1762,4,35,266,2024-03-05 21:57:32,FIELD_8496,District Admin,23.32321,91.64153,No Activity,Moderate,Clear,652.3,10.5,Submitted,0.01,photos/FR01762.jpg
1763,3,29,275,2024-04-09 18:31:51,FIELD_6882,Police,26.25096,99.01122,No Activity,Severe,Cloudy,322.2,134.2,Under Review,0.27,photos/FR01763.jpg
1764,4,34,,2022-04-06 02:08:59,FIELD_5585,Citizen,26.15946,97.59889,Crack Observed,None,Heavy Rain,948.0,132.6,Archived,0.72,photos/FR01764.jpg
1765,8,62,531,2019-06-30 22:51:51,FIELD_2318,District Admin,27.16518,92.15888,Road Blocked,Minor,Heavy Rain,34.9,120.5,Verified,0.76,
1766,3,26,,2021-04-30 21:40:53,FIELD_5429,Police,23.61832,90.22145,Damage,Moderate,Heavy Rain,89.2,49.2,Archived,0.8,photos/FR01766.jpg
1767,1,4,481,2019-05-18 09:10:05,FIELD_9305,GSI Geologist,26.48548,90.52445,No Activity,Minor,Rain,503.8,192.8,Submitted,0.57,
1768,1,8,,2020-01-31 14:29:46,FIELD_9397,Police,24.26951,98.56073,Village Isolated,None,Clear,122.4,161.2,Archived,0.34,photos/FR01768.jpg
1769,3,27,804,2019-12-19 02:53:53,FIELD_3246,GSI Geologist,25.17298,90.72391,Crack Observed,None,Rain,798.9,122.6,Submitted,0.23,
1770,1,5,585,2024-03-22 18:30:24,FIELD_1353,District Admin,23.78699,94.82913,Damage,None,Clear,632.4,144.3,Rejected,0.98,photos/FR01770.jpg
1771,6,54,194,2021-10-28 07:09:56,FIELD_9593,NDMA Officer,29.79381,91.67234,Flooding,Moderate,Heavy Rain,79.6,14.6,Under Review,0.32,photos/FR01771.jpg
1772,1,2,979,2019-04-01 10:20:53,FIELD_1644,GSI Geologist,23.90105,91.16515,Damage,None,Rain,302.5,75.6,Under Review,0.39,photos/FR01772.jpg
1773,6,48,401,2023-09-05 06:23:32,FIELD_2857,District Admin,26.60862,95.00972,Crack Observed,Moderate,Cloudy,884.5,42.2,Submitted,0.91,photos/FR01773.jpg
1774,1,12,,2022-11-09 04:53:55,FIELD_9994,District Admin,26.66834,98.12798,Landslide Observed,Minor,Heavy Rain,562.8,143.3,Verified,0.5,
1775,6,49,,2021-10-21 21:21:40,FIELD_4567,Police,29.27185,98.68829,No Activity,None,Rain,597.1,16.2,Archived,0.13,photos/FR01775.jpg
1776,5,40,,2019-12-30 04:03:04,FIELD_4426,Forest Guard,27.79986,97.40043,Landslide Observed,Minor,Rain,883.4,176.5,Submitted,0.66,photos/FR01776.jpg
1777,1,4,960,2023-06-07 18:49:09,FIELD_2282,NDMA Officer,26.7074,90.19582,Road Blocked,Moderate,Cloudy,196.3,196.6,Archived,0.42,
1778,2,16,152,2018-09-30 00:24:25,FIELD_4908,Citizen,23.70219,90.73218,Landslide Observed,Severe,Cloudy,939.7,112.4,Verified,0.92,photos/FR01778.jpg
1779,6,48,995,2018-08-06 23:22:43,FIELD_5901,Police,26.61084,95.00789,Landslide Observed,Minor,Heavy Rain,673.2,15.3,Rejected,0.89,photos/FR01779.jpg
1780,3,27,,2018-12-01 13:49:12,FIELD_9275,NDMA Officer,25.31107,90.55364,Flooding,Severe,Clear,398.0,191.1,Archived,0.29,photos/FR01780.jpg
1781,6,52,813,2020-01-04 02:04:29,FIELD_2040,Police,28.5753,99.57828,Crack Observed,None,Rain,713.8,104.5,Archived,0.21,photos/FR01781.jpg
1782,1,3,,2022-10-05 10:34:48,FIELD_9484,Police,27.59032,99.21922,Landslide Observed,Severe,Heavy Rain,158.3,29.6,Verified,0.65,photos/FR01782.jpg
1783,5,44,510,2022-05-31 22:57:05,FIELD_4883,NDMA Officer,29.181,98.84942,Landslide Observed,Minor,Rain,123.6,101.8,Archived,0.2,photos/FR01783.jpg
1784,2,18,,2019-03-07 19:21:49,FIELD_5369,Citizen,28.74607,98.65625,Damage,Minor,Clear,807.4,100.2,Archived,0.26,photos/FR01784.jpg
1785,1,3,,2023-06-12 22:55:16,FIELD_4109,NDMA Officer,27.46385,98.92594,Landslide Observed,Severe,Rain,439.2,13.7,Submitted,0.01,photos/FR01785.jpg
1786,6,48,788,2020-01-16 03:19:19,FIELD_6083,NDMA Officer,26.83846,95.07218,Landslide Observed,Moderate,Rain,144.3,9.2,Archived,0.69,
1787,1,4,781,2020-06-30 15:48:12,FIELD_5613,NDMA Officer,26.5185,90.52153,Crack Observed,None,Heavy Rain,787.6,166.8,Archived,0.61,
1788,3,31,649,2022-10-16 04:57:19,FIELD_7832,District Admin,27.97984,95.51095,Flooding,Severe,Rain,170.1,117.3,Rejected,0.79,photos/FR01788.jpg
1789,1,6,,2020-08-16 18:36:30,FIELD_2038,NDMA Officer,26.24609,97.43974,Flooding,Severe,Cloudy,344.1,118.5,Verified,0.21,
1790,1,7,,2020-10-06 18:36:09,FIELD_2947,GSI Geologist,26.30764,92.00103,Road Blocked,Severe,Clear,310.0,181.9,Submitted,0.82,
1791,4,37,,2023-06-22 09:30:03,FIELD_6475,Police,26.97294,94.68409,Landslide Observed,None,Clear,914.4,25.2,Submitted,0.76,photos/FR01791.jpg
1792,6,54,,2022-08-15 03:24:51,FIELD_8229,GSI Geologist,29.58903,91.61531,Road Blocked,None,Cloudy,161.1,174.4,Archived,0.87,
1793,2,15,,2018-06-19 07:39:12,FIELD_3867,Police,26.76341,98.6483,Landslide Observed,Severe,Cloudy,480.3,95.3,Submitted,0.14,photos/FR01793.jpg
1794,2,21,204,2018-03-14 23:00:28,FIELD_8153,District Admin,24.03418,99.58171,No Activity,Minor,Clear,741.6,166.5,Rejected,0.47,
1795,4,33,896,2022-04-26 18:45:34,FIELD_7441,NDMA Officer,23.94438,99.79641,Village Isolated,Severe,Heavy Rain,99.9,45.0,Rejected,0.22,photos/FR01795.jpg
1796,4,38,733,2022-11-14 03:29:14,FIELD_3477,GSI Geologist,29.92002,98.73095,Damage,Minor,Rain,452.6,57.3,Under Review,0.63,photos/FR01796.jpg
1797,2,13,58,2018-05-18 00:03:03,FIELD_6552,Citizen,26.15314,99.44084,Damage,Severe,Clear,360.3,102.7,Rejected,0.24,
1798,7,56,617,2022-07-22 08:40:25,FIELD_1547,Police,29.2225,97.82332,Flooding,Minor,Clear,965.1,130.9,Rejected,0.77,photos/FR01798.jpg
1799,2,13,,2023-03-26 10:45:48,FIELD_4353,Police,26.03013,99.9198,Crack Observed,None,Rain,336.3,155.1,Rejected,0.87,
1800,1,11,10,2019-08-14 06:53:38,FIELD_9912,Police,22.82509,90.67802,Village Isolated,None,Cloudy,449.9,73.9,Verified,0.86,photos/FR01800.jpg
1801,6,48,,2023-10-24 20:32:49,FIELD_7057,Citizen,26.68678,94.91379,Landslide Observed,Minor,Heavy Rain,113.3,33.4,Submitted,0.73,
1802,3,30,519,2018-01-18 05:06:52,FIELD_8368,Forest Guard,25.92821,92.51353,Damage,Severe,Heavy Rain,631.2,20.0,Submitted,0.56,photos/FR01802.jpg
1803,2,15,875,2020-08-18 00:41:57,FIELD_8051,District Admin,27.20518,98.80019,Road Blocked,Severe,Rain,359.4,130.1,Verified,0.85,photos/FR01803.jpg
1804,7,56,207,2019-02-12 20:24:00,FIELD_9950,Forest Guard,29.19234,97.84194,Landslide Observed,Moderate,Cloudy,255.4,4.6,Submitted,0.03,
1805,2,13,726,2022-07-15 02:29:00,FIELD_4735,GSI Geologist,26.19027,99.75503,Landslide Observed,Severe,Cloudy,145.4,94.6,Rejected,0.01,photos/FR01805.jpg
1806,4,38,661,2024-02-23 18:03:31,FIELD_5279,District Admin,29.76156,98.72977,Road Blocked,Minor,Clear,628.3,187.4,Submitted,0.71,
1807,3,28,114,2022-07-13 08:36:20,FIELD_9364,GSI Geologist,29.09248,93.19805,Landslide Observed,None,Cloudy,940.0,141.9,Rejected,0.49,photos/FR01807.jpg
1808,8,60,,2024-09-10 01:02:22,FIELD_4256,Citizen,24.79025,95.83275,Flooding,Moderate,Clear,345.9,165.7,Rejected,0.74,photos/FR01808.jpg
1809,6,51,,2024-04-08 02:53:23,FIELD_4785,NDMA Officer,29.4886,90.98614,Village Isolated,Moderate,Rain,623.5,111.1,Rejected,0.9,photos/FR01809.jpg
1810,4,33,708,2020-06-23 11:11:32,FIELD_4612,District Admin,23.68809,99.95767,Flooding,None,Cloudy,111.4,52.6,Submitted,0.14,
1811,1,2,,2018-01-24 01:17:33,FIELD_4638,Citizen,23.72286,91.50765,Landslide Observed,Severe,Clear,642.9,2.5,Rejected,0.37,photos/FR01811.jpg
1812,4,35,173,2019-10-30 20:32:19,FIELD_5134,Citizen,22.96581,91.54959,Village Isolated,Minor,Cloudy,939.1,66.7,Rejected,0.93,photos/FR01812.jpg
1813,5,41,996,2024-09-29 01:39:58,FIELD_9434,District Admin,22.79439,94.26042,Road Blocked,Moderate,Clear,924.2,16.0,Under Review,0.65,photos/FR01813.jpg
1814,2,21,549,2019-12-03 08:02:22,FIELD_3351,Forest Guard,24.34973,99.08381,Landslide Observed,Minor,Heavy Rain,223.3,68.6,Verified,0.53,photos/FR01814.jpg
1815,4,34,220,2024-08-07 00:36:05,FIELD_9896,Forest Guard,26.10465,97.63686,Road Blocked,Severe,Cloudy,957.3,33.4,Archived,0.22,
1816,1,9,320,2019-03-13 20:26:48,FIELD_8813,Police,27.65086,93.24594,Village Isolated,Severe,Cloudy,379.8,68.6,Rejected,0.62,
1817,4,36,170,2019-01-10 23:02:58,FIELD_1477,Citizen,25.21868,90.77127,Landslide Observed,Minor,Rain,720.8,146.0,Rejected,0.75,photos/FR01817.jpg
1818,2,17,,2022-01-11 20:49:20,FIELD_4693,Forest Guard,23.83292,93.02013,Flooding,Minor,Clear,586.3,51.8,Rejected,0.5,
1819,7,56,657,2018-07-25 00:15:23,FIELD_4307,District Admin,29.59752,97.82103,Village Isolated,Severe,Heavy Rain,149.8,14.3,Rejected,0.97,
1820,2,14,449,2022-01-06 17:30:24,FIELD_1963,District Admin,22.44388,93.0661,Damage,Minor,Rain,347.1,164.4,Under Review,0.19,photos/FR01820.jpg
1821,1,8,118,2021-12-10 13:59:27,FIELD_8445,Police,24.43834,98.78097,Landslide Observed,Severe,Heavy Rain,915.2,112.9,Verified,0.75,photos/FR01821.jpg
1822,7,57,,2019-03-01 11:14:20,FIELD_9723,Police,23.81405,93.06565,Village Isolated,Severe,Rain,106.3,0.0,Verified,0.77,photos/FR01822.jpg
1823,2,21,282,2022-12-12 16:08:39,FIELD_3460,GSI Geologist,24.05968,99.27588,Landslide Observed,None,Heavy Rain,870.7,196.6,Under Review,0.83,photos/FR01823.jpg
1824,3,27,,2019-12-18 10:49:26,FIELD_9117,NDMA Officer,25.3738,90.58616,Road Blocked,Severe,Rain,394.1,10.6,Submitted,0.65,
1825,2,22,826,2024-05-22 09:24:18,FIELD_9835,Forest Guard,22.28364,96.15283,Road Blocked,Moderate,Cloudy,66.2,35.4,Rejected,0.69,photos/FR01825.jpg
1826,3,32,,2019-09-14 15:35:30,FIELD_7484,Forest Guard,25.28602,95.71006,No Activity,Moderate,Rain,945.6,19.9,Submitted,0.52,
1827,1,11,520,2024-08-21 23:09:50,FIELD_1061,Citizen,22.79729,91.15004,Road Blocked,Moderate,Rain,909.8,122.6,Under Review,0.28,photos/FR01827.jpg
1828,4,39,373,2020-11-09 19:20:36,FIELD_7382,District Admin,27.27369,91.27193,Damage,Severe,Rain,291.1,141.0,Under Review,0.13,photos/FR01828.jpg
1829,7,55,,2023-06-20 13:24:03,FIELD_3588,Forest Guard,28.99485,94.29328,Flooding,None,Clear,89.8,86.2,Archived,0.09,
1830,2,15,,2023-06-21 09:15:12,FIELD_8497,Police,26.73365,98.73826,Damage,None,Rain,589.7,162.3,Rejected,0.27,photos/FR01830.jpg
1831,1,12,,2019-11-27 11:12:41,FIELD_8248,Police,26.69784,97.90664,Damage,None,Heavy Rain,598.2,139.2,Verified,0.46,
1832,6,53,,2018-06-05 08:35:29,FIELD_7568,District Admin,28.17207,91.37901,Landslide Observed,Severe,Heavy Rain,589.5,189.6,Verified,0.21,
1833,6,50,569,2022-04-03 19:18:21,FIELD_9038,District Admin,23.96468,92.15444,Flooding,Minor,Heavy Rain,221.0,37.0,Submitted,0.5,photos/FR01833.jpg
1834,7,58,760,2022-11-18 02:21:34,FIELD_9617,Forest Guard,27.12942,94.31085,No Activity,Moderate,Rain,739.8,23.4,Submitted,0.35,photos/FR01834.jpg
1835,6,52,474,2021-07-03 19:00:17,FIELD_9574,GSI Geologist,28.35552,99.65986,Damage,Severe,Clear,620.2,89.7,Rejected,0.46,photos/FR01835.jpg
1836,7,56,600,2024-08-06 20:43:05,FIELD_2624,Forest Guard,29.27175,97.64117,Damage,None,Cloudy,907.7,140.5,Archived,0.95,photos/FR01836.jpg
1837,4,37,136,2021-04-05 19:35:16,FIELD_4806,Police,26.80881,94.70431,Damage,None,Heavy Rain,452.9,85.5,Archived,0.38,
1838,3,24,,2024-09-21 16:58:10,FIELD_8419,GSI Geologist,24.00281,98.96078,Village Isolated,Severe,Rain,9.0,111.8,Submitted,0.71,photos/FR01838.jpg
1839,2,15,588,2020-09-13 01:21:11,FIELD_3444,Citizen,26.67873,98.3569,Flooding,Moderate,Clear,810.6,178.6,Under Review,0.6,photos/FR01839.jpg
1840,3,31,943,2024-03-05 17:24:39,FIELD_9798,Police,28.00833,95.39132,No Activity,Severe,Cloudy,373.7,141.2,Under Review,0.43,
1841,1,11,4,2018-03-23 04:29:41,FIELD_3371,District Admin,22.52066,91.22098,Road Blocked,Minor,Rain,841.0,86.6,Under Review,0.33,photos/FR01841.jpg
1842,6,53,444,2021-06-07 09:27:36,FIELD_6814,Forest Guard,28.0655,91.57959,Damage,Severe,Rain,906.9,108.9,Archived,0.2,photos/FR01842.jpg
1843,1,12,,2020-04-03 12:49:39,FIELD_1414,Citizen,27.1112,98.20933,Crack Observed,Severe,Cloudy,774.4,178.0,Submitted,0.46,photos/FR01843.jpg
1844,4,37,459,2019-06-05 08:22:36,FIELD_8278,District Admin,26.73374,94.90955,Damage,Minor,Rain,951.2,135.8,Under Review,0.03,photos/FR01844.jpg
1845,2,21,,2019-02-19 11:49:13,FIELD_8099,GSI Geologist,23.92841,99.51813,Damage,None,Rain,806.5,117.4,Under Review,0.46,photos/FR01845.jpg
1846,2,17,114,2018-08-30 14:03:47,FIELD_8035,Forest Guard,23.82381,93.09846,Crack Observed,Severe,Heavy Rain,232.3,143.0,Submitted,0.03,
1847,3,29,482,2018-05-25 09:55:34,FIELD_1858,District Admin,25.93493,99.11167,Road Blocked,Severe,Clear,648.4,50.0,Under Review,0.31,
1848,4,33,,2019-03-15 02:27:59,FIELD_1485,Citizen,23.60354,99.86714,Village Isolated,Severe,Cloudy,992.3,194.4,Under Review,0.19,photos/FR01848.jpg
1849,1,10,916,2024-12-01 00:54:45,FIELD_1431,Citizen,23.43641,97.55153,Village Isolated,Severe,Clear,884.0,113.8,Under Review,0.33,
1850,2,22,100,2021-07-15 14:18:46,FIELD_4609,Forest Guard,22.53799,96.28349,Village Isolated,Minor,Clear,828.5,130.9,Verified,0.41,photos/FR01850.jpg
1851,5,40,380,2018-07-04 12:07:05,FIELD_4139,Police,28.11286,97.68063,Landslide Observed,Minor,Cloudy,855.2,81.1,Rejected,0.24,
1852,4,33,964,2021-11-07 19:12:24,FIELD_1640,Citizen,23.77173,100.04854,Flooding,Severe,Heavy Rain,597.7,145.8,Archived,0.11,photos/FR01852.jpg
1853,2,15,484,2022-12-03 07:39:36,FIELD_1964,Forest Guard,26.69108,98.47181,Landslide Observed,Severe,Cloudy,659.6,50.8,Archived,0.96,
1854,8,62,546,2020-09-02 22:07:05,FIELD_9829,NDMA Officer,27.28843,92.26962,Road Blocked,Severe,Cloudy,644.5,92.1,Under Review,0.62,
1855,2,13,555,2024-02-12 14:50:14,FIELD_9307,Police,26.43566,99.63093,Damage,Minor,Cloudy,730.2,50.3,Verified,0.99,photos/FR01855.jpg
1856,5,42,236,2024-03-24 02:50:13,FIELD_9087,District Admin,22.06702,97.46214,Road Blocked,Severe,Clear,252.8,18.1,Verified,0.16,photos/FR01856.jpg
1857,6,50,747,2020-08-28 15:44:42,FIELD_5928,NDMA Officer,24.02708,92.67295,Damage,Severe,Rain,765.6,188.6,Verified,0.93,
1858,5,45,565,2021-03-11 12:56:32,FIELD_3851,Police,29.02069,94.99516,Flooding,Moderate,Cloudy,259.5,97.2,Submitted,0.62,
1859,1,11,66,2020-05-28 04:48:30,FIELD_7500,Forest Guard,22.98151,90.92998,Village Isolated,None,Cloudy,169.0,63.3,Rejected,0.11,photos/FR01859.jpg
1860,1,5,195,2019-12-04 13:23:50,FIELD_3451,NDMA Officer,23.96782,94.86012,Flooding,None,Cloudy,252.7,94.7,Under Review,0.99,photos/FR01860.jpg
1861,1,4,,2018-04-27 07:00:18,FIELD_1640,GSI Geologist,26.80589,90.14038,No Activity,Minor,Clear,855.8,31.2,Verified,0.27,
1862,6,54,830,2024-07-31 05:39:34,FIELD_3982,Forest Guard,29.47263,91.42146,Road Blocked,Severe,Clear,804.0,166.7,Submitted,0.91,photos/FR01862.jpg
1863,5,42,135,2018-05-20 06:27:31,FIELD_3484,District Admin,21.8049,97.22353,Landslide Observed,Moderate,Cloudy,878.5,6.1,Rejected,0.79,
1864,5,42,420,2023-04-09 11:07:58,FIELD_5894,District Admin,22.30904,97.21864,Landslide Observed,None,Cloudy,503.8,37.5,Rejected,0.33,
1865,3,24,630,2019-03-30 06:46:46,FIELD_9797,Police,24.12457,99.36438,Village Isolated,Minor,Heavy Rain,499.2,144.1,Submitted,0.38,photos/FR01865.jpg
1866,5,42,485,2024-03-17 10:24:52,FIELD_5848,Citizen,22.03386,97.03863,No Activity,None,Rain,718.9,195.4,Submitted,0.13,photos/FR01866.jpg
1867,8,60,860,2024-09-02 19:52:38,FIELD_3587,NDMA Officer,24.94084,96.14105,Landslide Observed,Severe,Rain,212.0,79.5,Submitted,0.33,photos/FR01867.jpg
1868,3,31,702,2018-11-21 20:05:51,FIELD_4456,GSI Geologist,27.86236,95.35598,Landslide Observed,Severe,Cloudy,607.6,126.4,Archived,0.07,
1869,7,55,,2019-07-17 02:36:29,FIELD_5153,Forest Guard,29.0574,94.1261,Crack Observed,None,Rain,688.9,71.5,Rejected,0.04,photos/FR01869.jpg
1870,2,21,,2022-05-17 18:31:26,FIELD_1719,Forest Guard,24.1464,99.26804,Crack Observed,Severe,Rain,240.3,156.8,Under Review,0.52,photos/FR01870.jpg
1871,4,39,296,2020-08-04 03:00:04,FIELD_5586,NDMA Officer,27.51524,91.34511,No Activity,Severe,Cloudy,788.4,116.0,Submitted,0.57,
1872,2,20,,2022-10-24 12:06:53,FIELD_9624,Citizen,23.40894,93.33235,Crack Observed,Severe,Cloudy,914.8,159.0,Under Review,0.46,
1873,4,35,516,2018-03-04 02:30:38,FIELD_3667,Citizen,23.45007,91.49763,Road Blocked,Moderate,Cloudy,953.5,159.5,Under Review,0.45,
1874,4,37,140,2018-11-11 04:34:41,FIELD_3362,Police,26.67915,94.70495,No Activity,Severe,Cloudy,143.4,44.1,Verified,0.14,
1875,6,49,801,2023-11-14 13:59:38,FIELD_1284,GSI Geologist,29.28883,98.87419,Damage,Severe,Heavy Rain,172.8,55.1,Verified,0.1,photos/FR01875.jpg
1876,1,8,,2020-10-10 00:16:28,FIELD_5932,Police,24.42959,98.89421,Village Isolated,Minor,Rain,15.4,135.5,Under Review,0.7,
1877,5,45,,2018-01-11 23:22:48,FIELD_9106,NDMA Officer,28.93258,94.83277,Road Blocked,None,Heavy Rain,678.3,169.2,Under Review,0.23,photos/FR01877.jpg
1878,5,41,963,2024-09-16 04:12:32,FIELD_7451,NDMA Officer,22.6496,94.22982,No Activity,Moderate,Heavy Rain,171.9,61.5,Verified,0.63,photos/FR01878.jpg
1879,6,51,,2018-11-15 17:54:06,FIELD_3592,NDMA Officer,29.44587,91.1111,No Activity,Minor,Heavy Rain,962.8,198.6,Verified,0.9,photos/FR01879.jpg
1880,2,13,281,2018-09-21 10:09:47,FIELD_3562,Citizen,26.19207,99.9257,Landslide Observed,Minor,Cloudy,82.9,31.9,Under Review,0.54,photos/FR01880.jpg
1881,3,30,393,2024-11-18 18:41:23,FIELD_9218,Police,25.54688,92.88599,Road Blocked,None,Cloudy,206.3,199.7,Submitted,0.57,photos/FR01881.jpg
1882,1,7,860,2022-12-15 06:06:27,FIELD_1027,Police,26.2723,91.95564,Crack Observed,None,Clear,67.2,60.9,Submitted,0.93,photos/FR01882.jpg
1883,8,62,,2023-12-07 21:34:21,FIELD_4742,Citizen,27.12577,92.08756,Road Blocked,Minor,Heavy Rain,461.6,156.1,Submitted,0.3,photos/FR01883.jpg
1884,3,25,,2024-11-20 09:29:27,FIELD_9474,Police,26.35591,96.56339,Road Blocked,Moderate,Cloudy,773.8,126.5,Archived,0.41,photos/FR01884.jpg
1885,7,55,313,2023-10-07 22:29:07,FIELD_9038,District Admin,29.26419,94.33425,Road Blocked,Moderate,Heavy Rain,157.0,173.0,Archived,0.71,
1886,1,11,253,2018-01-17 12:23:19,FIELD_7445,NDMA Officer,22.58031,90.85067,Crack Observed,None,Rain,404.2,71.5,Archived,0.81,
1887,3,29,,2024-02-20 08:05:48,FIELD_7662,Citizen,25.91645,99.10118,Village Isolated,Moderate,Heavy Rain,83.5,171.2,Under Review,0.74,
1888,2,18,644,2018-08-08 09:18:58,FIELD_3558,GSI Geologist,28.99827,98.76993,Crack Observed,Severe,Cloudy,320.0,78.4,Submitted,0.6,
1889,3,28,,2019-04-03 03:22:53,FIELD_5363,NDMA Officer,29.15049,92.88178,Village Isolated,Moderate,Heavy Rain,315.1,31.0,Submitted,0.87,
1890,3,26,,2021-09-24 22:33:29,FIELD_3624,GSI Geologist,23.54838,90.4525,No Activity,None,Heavy Rain,971.8,2.0,Rejected,0.78,
1891,6,54,,2019-10-14 17:37:39,FIELD_8572,GSI Geologist,29.69668,91.8053,No Activity,None,Heavy Rain,793.2,120.7,Verified,0.49,photos/FR01891.jpg
1892,8,59,313,2020-03-09 05:59:32,FIELD_3766,Forest Guard,25.77501,92.28485,Crack Observed,Minor,Clear,176.2,107.8,Under Review,0.64,photos/FR01892.jpg
1893,8,62,137,2021-08-18 14:09:06,FIELD_2730,District Admin,27.20124,92.2922,Village Isolated,None,Heavy Rain,609.3,120.1,Rejected,0.66,photos/FR01893.jpg
1894,4,33,,2021-06-18 16:05:27,FIELD_2995,District Admin,23.64158,100.18784,Damage,None,Rain,401.7,18.1,Submitted,0.29,
1895,3,28,193,2021-05-05 06:05:06,FIELD_9246,GSI Geologist,28.79682,93.32151,Crack Observed,Severe,Clear,378.4,31.9,Under Review,0.07,photos/FR01895.jpg
1896,3,23,631,2023-12-11 07:15:46,FIELD_9773,Police,27.64954,91.84722,No Activity,Minor,Clear,929.9,5.1,Rejected,0.11,photos/FR01896.jpg
1897,4,33,,2024-05-22 02:32:49,FIELD_5905,Forest Guard,23.7447,99.92805,Damage,None,Clear,113.6,189.2,Under Review,1.0,photos/FR01897.jpg
1898,7,57,680,2022-03-08 06:45:42,FIELD_1496,Forest Guard,23.45284,93.04537,Village Isolated,Moderate,Clear,208.4,94.4,Archived,0.33,
1899,1,9,336,2023-07-12 18:19:33,FIELD_2111,District Admin,27.46187,93.23802,Crack Observed,Severe,Rain,359.4,160.0,Under Review,0.22,photos/FR01899.jpg
1900,6,54,373,2018-05-30 05:01:45,FIELD_6563,NDMA Officer,29.35757,91.84149,Landslide Observed,Minor,Rain,788.9,149.3,Submitted,0.73,photos/FR01900.jpg
1901,6,49,383,2020-09-07 21:43:32,FIELD_3562,Police,29.46649,98.51376,Village Isolated,Moderate,Clear,336.9,105.3,Archived,0.25,
1902,3,24,58,2022-08-14 17:18:36,FIELD_7397,Forest Guard,23.96074,99.01829,Flooding,Severe,Cloudy,818.0,121.9,Verified,0.52,photos/FR01902.jpg
1903,2,17,621,2021-09-11 22:43:34,FIELD_2548,Police,23.75951,92.80382,No Activity,Severe,Rain,991.2,135.2,Archived,0.7,photos/FR01903.jpg
1904,6,52,,2022-09-29 18:39:59,FIELD_4611,District Admin,28.69683,99.66936,No Activity,None,Rain,284.9,39.3,Under Review,0.7,
1905,2,15,,2021-12-17 19:03:45,FIELD_9966,Police,26.73322,98.88267,Damage,Minor,Rain,801.3,86.8,Submitted,0.11,
1906,3,23,661,2018-01-11 09:52:26,FIELD_7273,GSI Geologist,27.57927,91.57944,Flooding,Severe,Rain,438.7,98.7,Under Review,0.42,photos/FR01906.jpg
1907,6,47,483,2023-04-19 19:38:43,FIELD_7240,NDMA Officer,29.88756,99.01885,Damage,Minor,Heavy Rain,227.5,90.5,Archived,0.72,
1908,4,39,730,2022-03-22 16:59:56,FIELD_4314,NDMA Officer,27.56222,91.4124,Landslide Observed,None,Rain,395.3,74.6,Verified,0.11,
1909,3,24,322,2022-08-24 15:43:39,FIELD_9775,GSI Geologist,24.19313,99.50034,Road Blocked,None,Rain,826.8,168.5,Archived,0.02,
1910,4,34,,2022-11-24 01:55:56,FIELD_6794,GSI Geologist,26.14327,97.48212,Flooding,None,Cloudy,552.9,13.1,Under Review,0.72,photos/FR01910.jpg
1911,4,39,659,2021-08-11 12:45:22,FIELD_2374,District Admin,27.22092,90.89375,Flooding,Severe,Cloudy,989.0,125.4,Verified,0.78,photos/FR01911.jpg
1912,3,26,,2023-05-17 15:03:44,FIELD_5654,Citizen,24.06945,90.25758,No Activity,Moderate,Heavy Rain,393.3,92.8,Under Review,0.37,photos/FR01912.jpg
1913,2,19,512,2018-09-07 03:07:54,FIELD_8902,GSI Geologist,23.98942,96.53096,Road Blocked,Minor,Clear,580.9,21.5,Archived,0.9,photos/FR01913.jpg
1914,6,50,353,2020-09-08 23:35:59,FIELD_7867,District Admin,23.68368,92.59074,Damage,Minor,Rain,58.5,10.0,Submitted,0.03,
1915,3,25,888,2023-04-13 06:23:53,FIELD_7876,Forest Guard,26.26516,96.91505,Road Blocked,None,Cloudy,214.7,161.9,Verified,0.38,
1916,3,32,,2019-06-26 14:18:29,FIELD_5990,District Admin,25.46619,96.0133,No Activity,Severe,Cloudy,887.6,8.9,Under Review,0.56,photos/FR01916.jpg
1917,1,11,124,2022-12-23 03:26:49,FIELD_2413,Police,23.03671,91.24625,Village Isolated,None,Clear,72.9,123.7,Archived,0.21,photos/FR01917.jpg
1918,4,38,262,2024-08-28 22:44:11,FIELD_7256,GSI Geologist,29.88005,98.4834,No Activity,Severe,Heavy Rain,685.8,70.2,Submitted,0.43,photos/FR01918.jpg
1919,3,26,170,2018-06-05 14:04:21,FIELD_1517,GSI Geologist,23.86159,90.5638,Village Isolated,Minor,Heavy Rain,694.9,101.8,Under Review,0.53,photos/FR01919.jpg
1920,5,40,,2024-04-15 08:04:25,FIELD_1856,NDMA Officer,27.79791,97.4616,Damage,None,Rain,721.0,124.8,Under Review,0.65,
1921,1,8,,2022-04-27 01:23:41,FIELD_1041,District Admin,24.00682,98.42672,Village Isolated,Moderate,Clear,717.4,199.9,Archived,0.47,photos/FR01921.jpg
1922,1,5,29,2021-07-21 22:38:55,FIELD_9600,Forest Guard,23.61745,95.18826,Flooding,Severe,Clear,799.4,122.1,Verified,0.12,photos/FR01922.jpg
1923,3,31,,2023-12-04 20:27:14,FIELD_6619,Citizen,27.80103,95.24894,Road Blocked,None,Rain,603.9,107.9,Submitted,0.41,photos/FR01923.jpg
1924,4,35,105,2021-06-20 17:07:45,FIELD_3681,District Admin,23.42172,91.55295,Damage,Moderate,Clear,543.2,172.7,Submitted,0.14,
1925,1,2,373,2021-03-29 13:47:43,FIELD_4870,Citizen,23.6738,91.43792,Crack Observed,Minor,Heavy Rain,550.6,178.6,Archived,0.55,photos/FR01925.jpg
1926,3,26,,2019-03-28 21:35:34,FIELD_5260,Police,23.93569,90.47296,No Activity,Minor,Clear,990.9,93.7,Rejected,0.93,
1927,2,19,687,2021-03-16 02:55:12,FIELD_8032,Forest Guard,24.50642,96.55042,Landslide Observed,None,Cloudy,87.6,34.0,Verified,0.58,
1928,3,24,,2022-12-30 13:49:35,FIELD_8918,Forest Guard,24.40979,99.52467,Landslide Observed,Severe,Cloudy,134.6,20.5,Rejected,0.85,photos/FR01928.jpg
1929,1,1,471,2023-10-10 12:53:40,FIELD_1555,Police,26.90542,90.35145,Village Isolated,Severe,Clear,620.0,169.0,Archived,0.21,photos/FR01929.jpg
1930,4,39,,2021-05-11 03:36:02,FIELD_8702,District Admin,27.34727,91.15185,Crack Observed,Severe,Cloudy,9.8,25.8,Submitted,0.09,photos/FR01930.jpg
1931,4,38,,2018-12-12 00:57:55,FIELD_2281,Citizen,29.67848,98.59468,No Activity,None,Rain,869.0,98.3,Verified,0.19,
1932,4,33,344,2022-05-24 02:13:40,FIELD_6115,NDMA Officer,23.89114,100.09508,Landslide Observed,Severe,Rain,805.1,116.2,Archived,0.63,
1933,1,12,,2020-03-02 15:23:24,FIELD_5319,NDMA Officer,26.6367,98.29655,Flooding,None,Heavy Rain,926.3,181.0,Rejected,0.57,
1934,1,9,,2021-04-11 00:08:36,FIELD_5545,Citizen,27.81052,93.39692,No Activity,Severe,Cloudy,748.7,112.2,Rejected,0.8,
1935,4,38,,2024-10-06 23:20:08,FIELD_2873,Police,29.60023,98.79086,No Activity,Moderate,Rain,350.1,147.2,Rejected,0.08,
1936,4,34,566,2021-11-04 22:49:02,FIELD_9410,NDMA Officer,25.89645,97.74249,Crack Observed,None,Clear,199.7,44.8,Archived,0.72,photos/FR01936.jpg
1937,2,13,,2023-11-17 17:16:23,FIELD_6865,Forest Guard,26.14888,99.97493,Landslide Observed,Moderate,Heavy Rain,363.8,153.3,Archived,0.19,photos/FR01937.jpg
1938,3,32,809,2024-04-26 07:18:43,FIELD_3574,Citizen,25.65843,96.04054,Landslide Observed,Minor,Heavy Rain,745.9,190.6,Archived,0.54,photos/FR01938.jpg
1939,8,59,,2024-03-13 08:50:46,FIELD_8168,District Admin,25.84325,92.67814,Landslide Observed,Moderate,Heavy Rain,51.2,140.5,Submitted,0.38,
1940,8,59,186,2019-03-27 08:13:13,FIELD_5791,NDMA Officer,25.80229,92.21119,Landslide Observed,Moderate,Heavy Rain,162.0,3.3,Verified,0.01,
1941,1,12,,2018-09-27 05:31:51,FIELD_5978,Police,27.00075,98.32317,Road Blocked,Severe,Cloudy,535.9,166.4,Rejected,0.84,photos/FR01941.jpg
1942,6,52,93,2022-05-23 14:03:13,FIELD_3744,District Admin,28.63459,99.90388,Landslide Observed,None,Cloudy,79.7,117.6,Verified,0.57,photos/FR01942.jpg
1943,6,53,,2019-10-16 15:05:35,FIELD_1669,GSI Geologist,28.09695,91.26069,Road Blocked,Moderate,Heavy Rain,670.6,100.9,Submitted,0.74,
1944,6,48,833,2021-08-19 08:07:26,FIELD_5615,District Admin,26.89603,94.86144,Flooding,None,Heavy Rain,737.1,121.3,Under Review,0.53,
1945,3,24,,2018-07-23 22:23:59,FIELD_4083,Citizen,24.44021,99.30609,Village Isolated,Minor,Clear,225.8,172.3,Under Review,0.63,
1946,4,35,344,2022-12-15 12:14:22,FIELD_6875,GSI Geologist,23.40789,91.37267,Village Isolated,Moderate,Cloudy,205.2,51.1,Verified,0.37,photos/FR01946.jpg
1947,4,33,812,2022-06-21 17:12:05,FIELD_9601,Citizen,23.65338,99.71354,Road Blocked,Severe,Heavy Rain,96.0,0.3,Archived,0.66,
1948,2,21,,2024-09-08 01:10:04,FIELD_8100,GSI Geologist,24.03953,99.56757,Flooding,None,Clear,559.1,89.7,Verified,0.82,
1949,3,32,997,2022-05-08 22:30:35,FIELD_9962,NDMA Officer,25.42655,95.67701,Flooding,None,Heavy Rain,536.9,73.7,Verified,0.28,photos/FR01949.jpg
1950,6,52,115,2019-01-03 18:52:44,FIELD_7997,District Admin,28.23513,100.03212,Landslide Observed,None,Rain,780.9,57.0,Archived,0.77,
1951,3,27,91,2023-12-02 21:31:07,FIELD_6651,Police,25.3932,90.88495,Flooding,Severe,Heavy Rain,287.5,23.0,Archived,0.02,
1952,2,18,350,2020-06-15 15:22:56,FIELD_3962,District Admin,28.6121,98.77941,Flooding,Severe,Heavy Rain,694.7,85.2,Archived,0.01,photos/FR01952.jpg
1953,2,18,982,2019-05-25 08:51:16,FIELD_6244,District Admin,29.12435,98.96423,Village Isolated,None,Heavy Rain,119.3,43.6,Under Review,0.71,photos/FR01953.jpg
1954,6,52,,2023-11-07 02:36:48,FIELD_1400,Citizen,28.82728,100.02722,No Activity,Minor,Cloudy,340.2,130.8,Archived,0.2,photos/FR01954.jpg
1955,8,62,,2024-02-26 02:00:49,FIELD_6919,NDMA Officer,27.14893,92.54608,Road Blocked,Moderate,Cloudy,69.2,143.1,Under Review,0.74,
1956,2,18,,2022-10-28 11:32:48,FIELD_4594,GSI Geologist,28.68932,98.53032,Village Isolated,Severe,Heavy Rain,617.1,110.3,Verified,0.66,photos/FR01956.jpg
1957,6,53,816,2019-12-16 13:01:51,FIELD_9154,NDMA Officer,27.92142,91.01602,Crack Observed,Minor,Cloudy,465.4,22.2,Under Review,0.72,photos/FR01957.jpg
1958,3,27,,2024-09-19 14:47:11,FIELD_3659,Citizen,25.12244,90.80218,Village Isolated,Severe,Cloudy,944.4,97.4,Archived,0.4,photos/FR01958.jpg
1959,5,45,,2021-05-06 04:30:39,FIELD_9482,Citizen,28.93936,94.77687,Crack Observed,Minor,Cloudy,340.1,32.3,Verified,0.4,
1960,7,56,567,2023-09-09 03:26:35,FIELD_9862,Forest Guard,29.14936,97.31153,Road Blocked,Severe,Cloudy,567.7,145.4,Submitted,0.92,
1961,1,2,990,2021-10-22 02:39:47,FIELD_3693,Police,23.91593,91.48345,Road Blocked,None,Clear,408.0,9.5,Archived,0.82,
1962,1,7,250,2024-06-06 00:13:53,FIELD_8064,Police,26.62495,92.36543,Village Isolated,Severe,Heavy Rain,592.6,189.2,Submitted,0.78,
1963,8,59,,2023-06-25 01:37:53,FIELD_9093,Forest Guard,25.80332,92.20695,Road Blocked,Minor,Clear,235.6,24.2,Archived,0.3,photos/FR01963.jpg
1964,2,19,,2022-06-24 09:39:17,FIELD_6124,GSI Geologist,24.05802,96.15581,No Activity,Moderate,Cloudy,422.4,165.1,Submitted,0.95,photos/FR01964.jpg
1965,2,15,893,2022-03-27 16:05:58,FIELD_3192,NDMA Officer,27.18791,98.78966,Landslide Observed,Moderate,Clear,247.9,162.5,Rejected,0.07,
1966,1,6,361,2020-04-04 02:14:51,FIELD_8532,Police,26.73023,97.17276,Crack Observed,None,Clear,708.2,75.4,Verified,0.98,
1967,4,38,,2021-10-31 03:09:23,FIELD_7618,Citizen,29.81462,98.85559,Crack Observed,Minor,Rain,197.5,158.2,Under Review,0.8,photos/FR01967.jpg
1968,2,21,626,2019-10-02 10:16:20,FIELD_8812,District Admin,24.03032,99.30824,Road Blocked,Moderate,Clear,41.8,145.7,Rejected,0.46,
1969,3,26,156,2019-07-03 15:56:49,FIELD_6996,District Admin,23.67374,90.61952,Flooding,Severe,Clear,908.8,126.7,Submitted,0.59,
1970,1,1,,2018-06-10 04:41:07,FIELD_8997,Police,26.89703,90.15647,Flooding,Severe,Heavy Rain,733.8,58.4,Rejected,0.39,photos/FR01970.jpg
1971,3,27,462,2020-03-21 00:10:14,FIELD_4861,Police,24.93596,90.38423,Flooding,None,Cloudy,765.5,91.2,Rejected,0.08,
1972,8,62,,2021-08-22 19:06:16,FIELD_3709,District Admin,26.9415,92.43466,Road Blocked,Minor,Heavy Rain,763.0,80.9,Submitted,0.06,photos/FR01972.jpg
1973,6,51,795,2018-10-11 10:30:26,FIELD_3525,Forest Guard,29.6219,90.90183,Landslide Observed,Moderate,Rain,554.9,73.8,Rejected,0.1,photos/FR01973.jpg
1974,3,24,941,2022-05-03 05:50:09,FIELD_7580,GSI Geologist,24.03796,98.98852,No Activity,Severe,Rain,386.6,73.8,Rejected,0.6,
1975,3,25,927,2021-12-07 13:48:41,FIELD_6907,GSI Geologist,26.49524,96.82619,No Activity,Severe,Cloudy,245.9,3.5,Submitted,0.75,
1976,1,12,904,2021-01-15 03:19:29,FIELD_1419,Forest Guard,26.70604,98.14865,No Activity,Moderate,Rain,170.7,19.6,Submitted,0.46,photos/FR01976.jpg
1977,1,3,228,2022-05-28 18:33:14,FIELD_3251,GSI Geologist,27.26706,98.73426,Damage,Severe,Rain,463.2,145.5,Under Review,0.21,
1978,5,46,,2024-02-08 05:25:33,FIELD_8486,District Admin,23.19024,97.44985,Village Isolated,None,Clear,637.5,78.0,Submitted,0.5,photos/FR01978.jpg
1979,4,37,932,2024-04-30 18:33:38,FIELD_6955,District Admin,26.9749,94.5964,Village Isolated,Minor,Cloudy,808.7,64.7,Archived,0.57,
1980,2,18,,2018-06-17 21:22:54,FIELD_5733,District Admin,28.71741,98.6174,Crack Observed,None,Cloudy,889.9,47.1,Archived,0.51,photos/FR01980.jpg
1981,3,26,437,2020-07-16 03:07:32,FIELD_5919,Police,24.04306,90.4112,Road Blocked,Minor,Clear,567.8,135.5,Archived,0.19,photos/FR01981.jpg
1982,2,22,588,2021-01-09 10:28:12,FIELD_1274,Citizen,22.68094,96.11035,Crack Observed,Severe,Heavy Rain,202.1,68.0,Rejected,0.33,
1983,5,41,724,2023-02-17 15:11:26,FIELD_7372,GSI Geologist,22.9886,94.15624,Road Blocked,None,Clear,846.3,184.1,Under Review,0.41,photos/FR01983.jpg
1984,1,4,363,2020-01-02 09:42:57,FIELD_6125,NDMA Officer,26.99221,90.25563,Village Isolated,Severe,Cloudy,276.4,199.8,Verified,0.46,
1985,5,41,55,2023-01-06 10:42:13,FIELD_6563,NDMA Officer,22.66709,94.21326,Road Blocked,Moderate,Heavy Rain,575.8,76.2,Verified,0.3,
1986,1,7,,2022-11-08 17:50:30,FIELD_9512,NDMA Officer,26.2208,92.08325,Flooding,Minor,Heavy Rain,26.3,71.9,Rejected,0.63,
1987,5,40,888,2020-08-20 19:45:35,FIELD_3036,Forest Guard,27.96921,97.94087,No Activity,Severe,Rain,742.4,98.6,Verified,0.85,photos/FR01987.jpg
1988,2,17,653,2019-08-02 09:53:46,FIELD_4637,District Admin,23.70066,92.84366,Landslide Observed,Moderate,Clear,698.1,137.2,Submitted,0.56,
1989,8,62,223,2024-03-07 22:38:13,FIELD_9980,NDMA Officer,27.07442,92.27217,Landslide Observed,None,Heavy Rain,782.5,111.8,Archived,0.09,photos/FR01989.jpg
1990,3,26,946,2021-07-17 10:33:24,FIELD_7317,Forest Guard,23.80413,90.02752,Crack Observed,Minor,Cloudy,822.8,187.6,Under Review,0.32,photos/FR01990.jpg
1991,2,14,,2022-03-04 13:23:51,FIELD_3298,GSI Geologist,22.64985,93.0301,Crack Observed,Severe,Clear,844.7,53.9,Rejected,0.3,photos/FR01991.jpg
1992,2,15,,2022-06-08 04:55:53,FIELD_5345,Forest Guard,27.22604,98.6271,Flooding,Moderate,Rain,248.1,63.3,Verified,0.86,
1993,3,24,13,2024-07-22 05:17:14,FIELD_4803,Police,23.91382,99.5022,Village Isolated,Minor,Heavy Rain,152.8,3.5,Verified,0.18,
1994,1,11,,2021-03-25 10:55:58,FIELD_9780,Forest Guard,22.98971,91.03219,Landslide Observed,Severe,Heavy Rain,229.1,71.0,Rejected,0.36,
1995,1,7,95,2021-12-20 06:49:48,FIELD_7175,NDMA Officer,26.55477,92.46383,Village Isolated,Moderate,Heavy Rain,791.3,27.7,Rejected,0.23,photos/FR01995.jpg
1996,6,49,848,2018-10-06 23:26:33,FIELD_2422,NDMA Officer,29.28711,98.9476,Crack Observed,Severe,Clear,631.7,35.7,Under Review,0.89,photos/FR01996.jpg
1997,2,13,673,2022-06-23 10:51:54,FIELD_6883,Forest Guard,26.34322,99.58639,Village Isolated,Moderate,Rain,150.1,67.8,Verified,0.09,photos/FR01997.jpg
1998,4,38,7,2019-06-28 10:11:16,FIELD_6867,Forest Guard,29.68625,98.44634,Village Isolated,None,Cloudy,894.3,99.3,Rejected,0.19,
1999,4,36,633,2024-12-13 16:57:29,FIELD_1507,NDMA Officer,25.11362,90.79128,Road Blocked,Minor,Cloudy,22.2,158.0,Verified,0.45,
2000,1,2,408,2023-09-13 00:06:44,FIELD_7069,Forest Guard,24.25354,91.17511,Crack Observed,None,Rain,298.3,19.4,Archived,0.31,
