event_id,district_id,slope_id,state_id,event_datetime,detection_datetime,report_datetime,landslide_type,trigger,slope_angle_deg,elevation_m,area_affected_sqkm,volume_cu_m,fatalities,injuries,displaced_persons,road_blocked_km,buildings_damaged,runout_distance_km,verification_status,reported_by
1,38,275,4,2020-02-17 12:27:20,2024-08-16 07:06:25,2018-02-07 17:54:29,Rotational Slide,Earthquake,46.9,4361,38.59,1546625.0,10,10,4257,13.3,428,2.6,Under Investigation,Field Team
2,10,308,1,2021-03-06 04:47:42,2019-05-21 08:54:45,2024-06-08 15:40:53,Rockfall,Snowmelt,36.6,1840,42.47,1765045.0,0,0,2530,10.0,30,9.8,Preliminary,ISRO
3,53,367,6,2020-05-12 23:59:51,2021-05-10 21:58:54,2019-10-15 00:35:25,Rotational Slide,Snowmelt,41.3,3458,11.33,419783.0,10,10,3993,14.5,387,4.2,Confirmed,Satellite
4,47,145,6,2021-03-02 22:59:12,2018-08-10 22:19:29,2019-11-02 18:08:28,Complex,Snowmelt,45.0,1554,35.09,977344.0,0,0,4754,17.3,107,2.6,Under Investigation,ISRO
5,48,334,6,2018-02-07 11:46:54,2022-10-16 21:53:10,2018-08-19 03:22:30,Rockfall,Rainfall,18.9,2889,28.83,987069.0,20,20,3084,19.0,332,3.7,Preliminary,ISRO
6,41,370,5,2022-07-13 07:02:07,2019-01-03 14:55:52,2022-04-15 08:40:41,Translational Slide,Anthropogenic,30.4,606,12.12,302305.0,2,2,3075,15.5,42,1.7,Under Investigation,Satellite
7,15,12,2,2024-07-31 18:36:30,2022-11-12 09:36:08,2019-02-12 10:04:45,Mudflow,Earthquake,64.0,4397,13.76,516311.0,3,3,3145,9.7,10,4.2,Under Investigation,Satellite
8,32,33,3,2023-10-27 18:34:45,2024-09-19 22:11:00,2024-03-22 14:51:20,Debris Flow,Rainfall,18.0,2341,40.96,1348949.0,3,3,961,3.6,334,2.0,Under Investigation,District Admin
9,55,386,7,2018-05-24 02:07:32,2018-07-09 16:57:50,2021-04-16 21:34:28,Rockfall,Undercutting,29.0,834,15.0,725213.0,0,0,0,5.0,267,9.2,Preliminary,Satellite
10,35,262,4,2020-05-09 22:06:42,2024-10-02 17:13:37,2022-01-10 08:08:46,Mudflow,Snowmelt,42.1,4763,41.01,517461.0,0,0,1763,19.1,133,4.1,Confirmed,Field Team
11,30,43,3,2020-11-07 21:27:44,2024-04-27 21:41:52,2023-09-26 19:10:26,Rockfall,Anthropogenic,68.8,1192,7.25,79637.0,2,4,1578,14.3,194,0.7,Under Investigation,ISRO
12,5,139,1,2019-05-26 17:07:43,2019-08-23 07:17:00,2019-02-06 12:14:24,Debris Flow,Rainfall,58.5,3194,27.46,116211.0,2,4,2732,15.6,448,3.4,Preliminary,GSI
13,34,179,4,2024-06-01 09:35:17,2023-12-18 17:38:56,2022-07-08 15:37:08,Rotational Slide,Rainfall,19.1,1801,30.41,1366380.0,0,0,1480,6.9,79,6.7,Confirmed,Field Team
14,37,377,4,2020-12-31 01:58:46,2023-02-19 05:28:22,2023-04-04 16:18:17,Translational Slide,Undercutting,19.9,1449,32.0,612396.0,3,15,4986,8.4,156,6.5,Confirmed,District Admin
15,27,395,3,2021-07-04 02:40:05,2021-03-16 17:59:31,2018-02-13 13:43:32,Complex,Earthquake,16.1,4372,3.93,50154.0,0,0,470,1.7,350,10.0,Under Investigation,GSI
16,26,8,3,2024-11-29 06:58:53,2023-12-04 21:38:02,2024-10-23 14:10:43,Mudflow,Earthquake,13.6,3121,37.32,1343290.0,2,10,2826,4.9,429,1.8,Preliminary,GSI
17,28,254,3,2022-04-02 05:23:07,2021-04-17 08:13:00,2024-05-18 12:13:59,Rotational Slide,Unknown,40.1,356,16.96,581289.0,3,0,2376,6.0,478,4.9,Under Investigation,Field Team
18,4,183,1,2018-01-25 19:29:21,2018-02-06 03:27:31,2020-03-20 02:33:32,Rockfall,Snowmelt,11.3,3958,14.99,93703.0,0,0,1525,8.0,3,2.0,Under Investigation,District Admin
19,15,241,2,2022-06-08 11:19:23,2022-12-05 05:08:22,2022-11-13 00:22:56,Complex,Earthquake,48.3,522,21.47,213131.0,3,0,3592,13.1,20,1.8,Preliminary,District Admin
20,58,17,7,2019-10-19 21:12:30,2019-06-06 10:48:48,2022-06-26 16:46:59,Complex,Snowmelt,15.8,2229,47.99,2359357.0,0,0,4506,9.9,405,0.7,Confirmed,District Admin
21,33,7,4,2020-08-26 01:43:53,2023-06-14 02:48:27,2020-10-11 19:09:46,Mudflow,Earthquake,62.0,1469,17.17,838677.0,2,6,3933,5.8,58,8.7,Under Investigation,ISRO
22,43,421,5,2022-10-24 06:30:45,2024-08-18 20:40:09,2020-07-28 03:08:25,Debris Flow,Anthropogenic,64.3,3976,39.16,236925.0,2,8,1484,3.8,218,0.7,Confirmed,GSI
23,56,27,7,2022-04-07 13:33:19,2022-10-16 20:03:19,2019-03-27 08:23:17,Rotational Slide,Unknown,33.1,1038,35.04,1717874.0,0,0,3925,1.2,458,1.0,Confirmed,GSI
24,4,339,1,2021-08-10 06:18:30,2021-05-31 03:06:42,2018-02-25 21:35:49,Rockfall,Anthropogenic,53.4,4698,14.08,432532.0,1,2,4024,7.3,380,7.9,Under Investigation,Satellite
25,24,122,3,2021-02-04 06:37:24,2020-02-20 06:45:28,2019-02-09 02:34:39,Rotational Slide,Anthropogenic,18.8,3545,4.45,27643.0,2,8,985,0.8,103,5.6,Confirmed,GSI
26,9,99,1,2022-09-09 17:45:16,2023-01-11 20:45:07,2022-11-22 02:30:26,Mudflow,Undercutting,19.4,2643,44.59,1703713.0,3,12,2845,17.9,306,3.1,Confirmed,District Admin
27,3,490,1,2024-05-08 01:50:44,2019-11-09 14:48:32,2022-04-23 17:49:24,Translational Slide,Undercutting,22.6,1837,9.59,392347.0,1,4,4206,19.4,1,2.0,Confirmed,Satellite
28,45,5,5,2023-10-02 14:32:45,2019-12-02 07:02:34,2020-09-02 09:02:40,Rockfall,Anthropogenic,42.2,2341,36.06,493405.0,5,10,2199,11.0,447,8.0,Under Investigation,ISRO
29,53,108,6,2023-12-30 03:00:41,2019-07-02 13:57:39,2021-04-22 10:03:40,Debris Flow,Anthropogenic,15.9,644,17.44,534585.0,0,0,4499,5.3,90,2.9,Confirmed,Satellite
30,43,445,5,2024-07-17 03:46:47,2022-12-17 07:20:17,2020-04-15 18:40:51,Translational Slide,Earthquake,63.6,3198,34.44,1630292.0,0,0,4950,11.0,371,4.6,Confirmed,Field Team
31,6,254,1,2020-01-14 14:11:52,2018-03-28 09:10:56,2019-12-29 12:43:38,Rockfall,Rainfall,36.3,456,43.13,442261.0,1,5,1477,13.0,125,4.8,Under Investigation,Field Team
32,7,371,1,2023-11-28 04:46:48,2018-06-29 04:15:49,2018-12-09 08:09:40,Mudflow,Rainfall,35.5,4788,40.42,1235291.0,0,0,901,16.5,490,8.0,Under Investigation,District Admin
33,55,363,7,2018-12-15 06:08:30,2020-09-25 01:34:44,2020-12-31 20:34:07,Debris Flow,Rainfall,52.4,4177,38.01,1700078.0,3,6,2717,9.6,52,5.4,Preliminary,ISRO
34,1,468,1,2020-07-07 00:14:27,2019-04-06 15:10:07,2020-07-08 03:18:22,Debris Flow,Undercutting,14.6,4175,19.33,353975.0,0,0,3151,13.7,472,9.3,Confirmed,GSI
35,39,78,4,2019-12-31 13:33:21,2021-03-21 11:56:06,2021-01-15 15:42:23,Rotational Slide,Unknown,30.4,2634,30.02,1029453.0,0,0,2470,12.5,441,9.4,Confirmed,ISRO
36,21,76,2,2022-05-19 14:46:50,2021-02-14 04:05:20,2019-06-07 05:49:24,Rotational Slide,Anthropogenic,34.0,1513,39.3,960617.0,0,0,3501,19.2,355,9.7,Under Investigation,District Admin
37,9,411,1,2020-10-04 12:26:35,2022-09-24 16:36:49,2020-06-17 22:05:15,Rotational Slide,Rainfall,59.1,3980,24.91,676425.0,1,1,3150,1.7,185,5.8,Confirmed,GSI
38,4,467,1,2021-12-01 11:54:54,2022-09-21 07:13:52,2020-07-08 01:47:08,Debris Flow,Unknown,20.3,2175,43.35,1783051.0,0,0,4517,19.4,375,0.8,Preliminary,District Admin
39,4,360,1,2019-03-11 21:37:04,2020-09-30 02:00:36,2022-09-02 04:48:11,Translational Slide,Unknown,21.4,3730,23.89,719145.0,0,0,2992,2.8,357,9.5,Preliminary,Field Team
40,47,173,6,2022-12-24 20:44:00,2023-08-24 05:00:25,2022-10-02 21:56:29,Mudflow,Unknown,41.9,1663,14.41,124480.0,5,0,4949,15.0,256,3.4,Confirmed,Field Team
41,60,81,8,2021-01-18 02:33:24,2020-01-23 23:35:38,2018-11-13 22:29:30,Rotational Slide,Unknown,41.5,3800,48.9,348732.0,0,0,458,4.4,84,1.0,Preliminary,Field Team
42,13,139,2,2019-03-21 03:04:23,2018-09-25 06:38:00,2021-06-20 06:35:12,Complex,Rainfall,59.1,3029,30.2,1283012.0,0,0,1333,10.8,500,5.9,Confirmed,Satellite
43,51,248,6,2018-07-07 01:20:05,2021-07-12 12:46:22,2019-06-15 22:43:06,Rotational Slide,Snowmelt,60.2,2991,47.18,66781.0,0,0,3261,10.0,51,5.3,Confirmed,GSI
44,38,408,4,2022-04-15 15:37:55,2019-01-18 22:14:56,2020-06-02 21:41:09,Complex,Earthquake,46.3,1631,42.62,648500.0,0,0,645,17.7,264,9.9,Under Investigation,Satellite
45,60,394,8,2021-10-30 14:50:08,2022-05-07 07:13:39,2024-10-21 02:09:36,Complex,Snowmelt,41.9,3258,17.02,317517.0,5,15,327,17.8,73,7.8,Preliminary,Satellite
46,56,497,7,2018-12-24 15:06:29,2019-01-01 02:11:45,2023-03-03 08:30:16,Translational Slide,Unknown,46.6,4155,15.75,736608.0,0,0,4722,7.3,497,5.9,Confirmed,District Admin
47,55,147,7,2022-07-01 13:54:39,2022-08-20 16:28:16,2018-06-24 19:41:03,Complex,Earthquake,22.9,4517,45.87,335779.0,0,0,2569,7.5,4,2.0,Confirmed,District Admin
48,25,82,3,2024-05-24 12:54:04,2024-01-01 14:06:05,2020-01-09 23:06:58,Translational Slide,Snowmelt,52.4,4778,11.23,492253.0,2,4,3816,9.4,33,3.5,Under Investigation,Field Team
49,14,360,2,2023-05-05 03:17:29,2018-05-09 19:49:24,2018-09-13 11:50:27,Translational Slide,Earthquake,20.5,3600,2.01,17349.0,1,5,1748,6.4,487,7.7,Preliminary,District Admin
50,17,326,2,2019-12-23 02:09:04,2020-11-28 05:53:03,2019-01-14 13:21:48,Rotational Slide,Earthquake,30.5,2087,13.77,68902.0,5,15,3438,10.5,246,5.0,Under Investigation,ISRO
51,62,357,8,2022-11-25 11:58:44,2024-06-27 19:09:20,2021-07-20 00:09:57,Translational Slide,Earthquake,30.8,3578,28.56,1180321.0,1,4,1626,1.6,58,8.0,Under Investigation,Field Team
52,17,267,2,2018-01-16 14:53:54,2020-02-08 13:44:34,2019-11-12 19:24:13,Rotational Slide,Earthquake,61.9,1186,6.37,146619.0,20,0,298,4.4,295,9.6,Preliminary,District Admin
53,2,155,1,2021-06-11 16:52:55,2024-01-31 13:33:48,2021-10-07 03:59:11,Translational Slide,Snowmelt,47.2,2078,6.32,160891.0,50,150,3361,7.0,304,2.0,Preliminary,Field Team
54,19,433,2,2022-11-27 20:18:44,2018-03-09 19:59:26,2019-03-01 15:47:48,Mudflow,Undercutting,46.2,2125,31.06,1439061.0,5,0,850,1.8,257,6.0,Confirmed,District Admin
55,55,216,7,2020-05-17 07:49:29,2023-03-16 13:58:52,2022-06-10 00:23:50,Rockfall,Undercutting,62.5,2099,27.62,182584.0,5,0,2872,19.4,135,3.4,Preliminary,ISRO
56,1,461,1,2022-08-26 01:00:01,2019-11-30 18:27:15,2024-03-26 12:12:39,Complex,Snowmelt,66.4,2942,7.75,149931.0,3,15,4914,6.3,219,1.7,Under Investigation,Field Team
57,47,89,6,2022-07-10 10:33:10,2022-05-25 20:58:16,2024-03-14 05:20:13,Debris Flow,Rainfall,42.1,380,21.93,128933.0,3,12,969,12.6,321,7.8,Confirmed,GSI
58,40,363,5,2024-02-05 02:36:24,2020-06-27 09:12:34,2020-10-01 23:49:51,Translational Slide,Anthropogenic,58.0,4172,1.36,50285.0,20,100,2933,3.7,42,9.4,Under Investigation,GSI
59,41,297,5,2019-02-28 03:29:59,2022-01-20 06:25:06,2023-07-05 00:26:04,Translational Slide,Unknown,37.8,502,29.84,186403.0,0,0,760,1.5,214,4.1,Preliminary,Field Team
60,52,83,6,2020-01-07 09:00:57,2021-11-21 15:39:38,2024-02-17 00:10:33,Complex,Anthropogenic,22.1,1787,9.02,259753.0,2,0,960,19.5,310,0.8,Confirmed,Satellite
61,33,390,4,2019-09-17 06:55:23,2019-06-03 08:17:30,2020-03-27 02:22:45,Mudflow,Unknown,20.3,1536,5.83,67808.0,0,0,683,14.6,414,5.2,Under Investigation,Field Team
62,60,99,8,2020-10-21 05:12:43,2024-08-03 09:10:50,2020-04-23 23:31:27,Translational Slide,Snowmelt,17.5,2670,42.32,1529970.0,20,0,4781,15.9,417,3.5,Confirmed,Satellite
63,25,220,3,2020-03-29 18:22:23,2022-08-06 09:38:52,2023-12-13 11:25:01,Debris Flow,Earthquake,54.3,2462,44.9,1847534.0,1,0,4189,5.1,404,2.3,Confirmed,GSI
64,14,337,2,2022-03-03 11:09:49,2024-05-13 10:57:14,2024-04-19 02:24:18,Mudflow,Earthquake,47.2,955,15.79,23243.0,2,10,2694,4.3,287,3.1,Under Investigation,GSI
65,37,458,4,2022-09-24 21:48:27,2021-01-29 13:07:07,2023-01-29 05:38:20,Mudflow,Snowmelt,50.3,4084,15.96,266308.0,0,0,4084,0.9,145,0.7,Under Investigation,GSI
66,59,237,8,2021-03-10 04:53:25,2019-01-25 13:46:19,2021-01-30 10:48:22,Translational Slide,Rainfall,58.2,1300,1.95,52923.0,1,2,133,1.4,252,6.3,Preliminary,District Admin
67,45,233,5,2023-07-14 20:58:07,2019-07-23 03:20:55,2022-11-20 07:10:05,Rockfall,Unknown,26.5,4509,42.17,1979775.0,0,0,391,16.5,417,9.1,Confirmed,GSI
68,17,453,2,2018-06-26 03:03:19,2019-07-19 18:29:07,2019-06-02 10:55:09,Mudflow,Snowmelt,27.3,3952,3.84,65807.0,2,6,2211,14.0,62,5.5,Confirmed,Satellite
69,31,339,3,2023-07-01 08:20:49,2020-09-19 21:41:47,2020-04-23 22:04:04,Translational Slide,Rainfall,51.9,4777,36.57,441242.0,0,0,678,7.1,110,4.9,Preliminary,ISRO
70,32,54,3,2021-10-26 06:52:37,2023-08-29 03:58:08,2020-06-15 11:24:28,Mudflow,Undercutting,50.4,622,38.1,997551.0,0,0,3719,13.1,96,1.2,Preliminary,ISRO
71,44,158,5,2024-06-22 20:06:09,2018-04-28 15:42:33,2023-01-29 11:16:07,Mudflow,Rainfall,61.6,4563,23.1,144410.0,0,0,3775,3.7,77,4.3,Preliminary,Satellite
72,22,28,2,2022-12-13 08:23:06,2019-12-25 19:17:33,2024-10-24 15:33:27,Debris Flow,Unknown,33.7,4823,2.55,50346.0,10,10,2408,3.8,490,1.6,Confirmed,GSI
73,58,19,7,2024-06-14 08:15:04,2019-02-19 07:46:52,2021-01-03 15:13:10,Rockfall,Anthropogenic,24.5,4239,26.65,386359.0,5,25,3314,7.8,305,3.2,Confirmed,GSI
74,12,258,1,2024-12-23 15:47:19,2021-09-22 14:09:00,2023-04-28 13:21:01,Rockfall,Anthropogenic,21.7,4676,42.64,1479986.0,0,0,568,3.3,347,7.7,Confirmed,Satellite
75,23,497,3,2023-04-25 18:00:31,2021-04-05 07:33:32,2019-11-17 04:49:06,Debris Flow,Anthropogenic,45.4,4209,43.67,1054886.0,0,0,4647,13.6,231,5.2,Preliminary,Satellite
76,17,340,2,2023-06-16 08:23:29,2021-01-10 21:33:46,2018-03-26 04:26:54,Rockfall,Unknown,60.8,4676,0.78,14257.0,2,8,4880,9.7,254,0.8,Under Investigation,Field Team
77,24,106,3,2019-01-01 06:58:24,2023-01-15 16:11:16,2021-11-29 10:25:37,Translational Slide,Anthropogenic,17.5,3060,31.97,1544381.0,5,25,4463,18.0,296,5.4,Preliminary,Satellite
78,8,222,1,2023-02-07 18:50:50,2019-09-08 16:18:39,2024-04-05 21:10:19,Translational Slide,Anthropogenic,54.7,3357,17.42,111476.0,0,0,1205,9.3,7,4.8,Confirmed,District Admin
79,53,304,6,2019-05-21 01:31:19,2021-03-06 16:42:49,2024-04-15 04:05:45,Rotational Slide,Earthquake,26.0,1507,0.35,6391.0,3,0,2059,2.8,221,6.1,Confirmed,District Admin
80,15,17,2,2023-04-23 11:15:51,2024-09-11 09:11:36,2022-11-21 21:56:20,Mudflow,Earthquake,21.3,2253,33.96,676680.0,0,0,2140,18.4,128,1.8,Under Investigation,ISRO
81,20,157,2,2018-12-17 09:36:59,2022-12-16 22:20:32,2022-01-04 14:22:27,Translational Slide,Snowmelt,20.2,2476,31.45,872602.0,0,0,786,2.8,14,9.2,Confirmed,Field Team
82,6,387,1,2019-07-30 19:58:19,2021-04-16 01:48:54,2022-05-28 04:25:42,Debris Flow,Snowmelt,57.1,2766,39.35,1158299.0,0,0,4450,18.0,235,8.5,Confirmed,GSI
83,18,425,2,2019-03-15 10:38:06,2023-09-24 23:45:03,2020-04-19 16:09:35,Complex,Snowmelt,35.6,3810,41.11,1180134.0,2,0,994,14.8,327,8.6,Preliminary,District Admin
84,47,480,6,2018-01-27 15:39:44,2020-04-16 03:30:01,2023-09-03 14:25:03,Debris Flow,Anthropogenic,45.7,1506,10.11,43372.0,0,0,4258,1.9,419,2.7,Under Investigation,District Admin
85,53,314,6,2022-12-04 21:39:07,2024-02-18 06:30:30,2021-04-02 09:42:06,Mudflow,Snowmelt,50.5,2390,21.67,697203.0,0,0,1971,3.4,200,4.2,Confirmed,Field Team
86,27,417,3,2022-10-07 04:01:18,2024-12-14 14:02:58,2021-12-23 04:29:56,Complex,Snowmelt,37.2,1342,22.91,656285.0,0,0,279,12.9,183,5.3,Under Investigation,ISRO
87,23,463,3,2023-11-21 12:32:04,2019-07-28 08:50:48,2021-05-25 12:04:58,Complex,Snowmelt,20.3,3847,8.81,74169.0,2,8,2779,9.2,310,6.8,Under Investigation,Satellite
88,50,338,6,2023-11-23 08:08:44,2018-05-01 23:10:14,2019-01-31 21:06:31,Complex,Snowmelt,42.2,1536,16.27,777780.0,0,0,3307,1.4,395,8.2,Under Investigation,ISRO
89,7,461,1,2019-12-14 23:57:24,2018-10-26 14:48:23,2024-10-20 20:53:01,Rockfall,Anthropogenic,59.2,2910,37.82,816260.0,0,0,2051,2.3,193,1.8,Under Investigation,Satellite
90,36,103,4,2020-03-12 08:31:28,2020-02-27 02:37:01,2019-01-30 06:02:51,Rockfall,Rainfall,60.7,3644,33.97,409316.0,2,6,4329,16.2,290,5.7,Confirmed,District Admin
91,12,350,1,2023-12-04 15:12:53,2018-10-03 14:27:40,2022-03-21 02:36:05,Rockfall,Undercutting,25.5,4403,10.45,434210.0,1,2,4576,17.1,255,2.7,Under Investigation,Satellite
92,22,12,2,2020-07-06 09:59:53,2024-06-14 07:54:33,2024-11-08 16:19:25,Mudflow,Rainfall,65.4,4246,12.64,448219.0,0,0,2359,1.5,298,5.0,Preliminary,GSI
93,3,174,1,2022-09-23 08:12:21,2018-09-13 07:31:04,2024-04-28 19:44:53,Debris Flow,Anthropogenic,60.1,1764,44.41,173652.0,0,0,2700,18.5,306,7.5,Confirmed,Satellite
94,31,485,3,2019-06-15 08:46:02,2020-07-21 00:59:03,2018-04-18 06:34:38,Translational Slide,Unknown,63.4,1634,5.29,134013.0,0,0,3534,9.6,282,5.1,Preliminary,Field Team
95,45,65,5,2022-10-27 22:27:35,2022-11-24 01:15:14,2019-01-12 18:00:14,Translational Slide,Unknown,21.6,689,6.97,156544.0,5,10,2881,3.9,290,0.9,Confirmed,ISRO
96,53,30,6,2018-11-10 01:08:28,2019-06-16 19:25:30,2019-05-17 21:04:04,Rotational Slide,Undercutting,55.3,942,9.11,28626.0,0,0,2000,20.0,376,8.2,Confirmed,Field Team
97,46,155,5,2022-02-11 17:18:55,2018-08-10 11:57:26,2024-12-22 15:17:05,Rockfall,Earthquake,51.9,2070,32.72,877399.0,0,0,4435,10.1,118,3.4,Under Investigation,ISRO
98,8,191,1,2019-08-05 01:15:44,2021-01-12 08:37:24,2021-05-15 02:03:17,Mudflow,Snowmelt,35.3,2037,22.07,848490.0,10,0,4087,16.7,196,4.7,Confirmed,ISRO
99,25,95,3,2022-11-01 17:03:42,2021-10-09 08:51:48,2024-08-17 06:48:01,Rotational Slide,Unknown,59.5,3460,15.33,422125.0,0,0,4986,15.1,443,4.6,Under Investigation,GSI
100,52,56,6,2024-03-16 12:46:59,2024-05-16 16:16:10,2022-04-11 14:47:59,Rockfall,Earthquake,24.6,2404,33.93,1461270.0,10,30,3472,11.5,409,7.0,Preliminary,GSI
101,16,395,2,2024-02-02 09:21:36,2024-10-26 00:07:19,2024-05-17 21:20:53,Rotational Slide,Earthquake,15.7,4245,19.79,616692.0,0,0,2052,15.6,225,0.6,Confirmed,District Admin
102,31,327,3,2024-03-29 06:26:03,2022-12-10 05:16:49,2021-02-05 08:55:31,Rockfall,Earthquake,41.3,1527,29.02,142134.0,5,20,2572,19.1,446,6.4,Confirmed,ISRO
103,8,336,1,2018-06-07 05:43:32,2020-11-27 08:01:43,2021-12-18 17:45:02,Mudflow,Earthquake,42.6,1516,43.04,1266006.0,0,0,1867,1.2,259,4.7,Under Investigation,GSI
104,16,105,2,2021-08-27 18:23:53,2024-10-22 11:21:26,2022-03-15 15:18:39,Debris Flow,Earthquake,63.4,639,41.15,879890.0,2,4,1172,0.5,476,1.9,Under Investigation,GSI
105,7,312,1,2020-05-16 10:32:45,2024-07-14 01:42:46,2019-09-07 12:48:41,Debris Flow,Rainfall,54.2,845,39.07,1011949.0,1,2,1760,7.6,289,5.3,Under Investigation,Satellite
106,47,215,6,2024-01-17 23:07:54,2021-07-22 08:12:53,2024-06-14 09:58:15,Rotational Slide,Earthquake,20.8,3606,43.94,1762524.0,2,10,4296,10.4,118,4.8,Under Investigation,GSI
107,45,124,5,2022-12-28 23:56:26,2023-01-13 13:14:36,2019-05-29 17:15:49,Translational Slide,Unknown,54.2,407,18.16,331370.0,1,2,3966,12.1,310,3.0,Preliminary,District Admin
108,21,61,2,2018-11-30 13:26:32,2018-03-05 05:07:26,2020-12-14 17:45:59,Translational Slide,Unknown,24.9,820,49.16,1436680.0,2,2,1473,17.5,426,4.6,Under Investigation,ISRO
109,5,68,1,2023-10-11 16:58:24,2019-05-03 10:57:52,2021-10-10 18:38:39,Debris Flow,Unknown,50.8,3362,45.22,830421.0,1,4,1977,14.2,471,3.9,Preliminary,Field Team
110,41,231,5,2022-11-20 09:48:30,2018-02-01 18:37:23,2023-02-01 12:20:28,Rockfall,Undercutting,63.1,1003,35.04,1294333.0,2,8,4172,1.7,483,7.8,Confirmed,District Admin
111,32,175,3,2018-07-17 18:33:57,2020-01-01 04:02:52,2020-05-12 13:33:17,Mudflow,Undercutting,26.3,2305,26.31,681512.0,10,20,2644,7.7,145,2.1,Preliminary,District Admin
112,32,225,3,2020-07-05 05:18:58,2020-04-27 17:53:32,2019-11-23 00:38:57,Debris Flow,Undercutting,38.8,846,13.05,400666.0,0,0,2282,2.8,3,5.1,Confirmed,District Admin
113,14,145,2,2024-05-28 13:46:28,2022-11-06 15:16:05,2019-07-15 08:46:42,Debris Flow,Anthropogenic,50.1,1707,26.09,1088497.0,0,0,982,8.9,406,2.6,Confirmed,District Admin
114,11,260,1,2021-10-05 08:29:40,2018-06-07 13:06:59,2023-11-06 10:12:53,Mudflow,Unknown,49.2,3856,36.8,1248697.0,0,0,2578,17.8,18,9.5,Under Investigation,GSI
115,16,71,2,2024-07-29 12:55:14,2020-03-24 20:56:05,2023-10-16 23:47:13,Debris Flow,Snowmelt,47.3,4197,33.7,471767.0,0,0,4069,5.7,312,2.5,Confirmed,GSI
116,27,353,3,2020-12-13 19:24:40,2020-08-07 09:42:31,2023-07-01 20:25:38,Rotational Slide,Undercutting,30.0,1668,29.24,942932.0,1,5,1475,17.6,112,1.6,Preliminary,Field Team
117,29,167,3,2020-10-10 21:27:07,2023-06-05 15:38:26,2020-08-19 00:18:17,Mudflow,Earthquake,19.5,1658,8.89,425471.0,2,4,3261,14.1,209,1.1,Preliminary,District Admin
118,44,163,5,2022-08-12 12:51:28,2018-07-06 09:28:26,2020-06-25 18:56:10,Mudflow,Earthquake,44.7,388,21.32,293667.0,0,0,1793,6.8,485,9.7,Under Investigation,District Admin
119,9,310,1,2024-01-20 00:46:01,2018-07-21 16:13:23,2024-01-03 06:10:53,Mudflow,Snowmelt,63.5,2242,40.14,217654.0,2,4,4529,1.3,148,8.1,Preliminary,District Admin
120,27,111,3,2024-03-14 23:15:00,2023-06-10 01:10:18,2021-05-19 00:14:40,Complex,Earthquake,43.4,4425,1.9,3765.0,10,0,4108,8.0,63,8.2,Preliminary,Field Team
121,9,419,1,2021-01-10 02:04:04,2024-01-28 19:58:09,2019-01-27 23:37:50,Translational Slide,Earthquake,51.8,4008,25.28,896706.0,2,0,120,14.9,401,3.6,Under Investigation,GSI
122,20,141,2,2023-02-23 06:06:16,2022-07-23 17:17:30,2021-03-10 22:34:32,Rockfall,Snowmelt,14.9,802,48.47,1416965.0,0,0,762,4.4,372,4.2,Preliminary,Satellite
123,46,56,5,2023-01-27 07:36:01,2021-09-23 04:51:40,2018-12-09 03:35:10,Rockfall,Snowmelt,21.4,2354,19.93,246607.0,0,0,892,12.9,72,4.3,Preliminary,Satellite
124,47,430,6,2024-05-09 07:03:49,2024-05-04 19:26:55,2018-01-23 08:44:13,Mudflow,Snowmelt,22.2,396,24.72,523596.0,2,2,299,6.4,491,6.7,Preliminary,Field Team
125,46,248,5,2023-10-09 17:54:47,2018-02-25 05:33:47,2019-05-13 05:12:28,Debris Flow,Rainfall,60.1,2989,49.64,247718.0,0,0,634,7.5,87,6.4,Under Investigation,Field Team
126,9,384,1,2024-02-19 13:25:00,2024-11-24 11:36:41,2019-11-11 04:18:33,Complex,Earthquake,34.4,2810,14.91,333067.0,0,0,2220,10.4,190,5.4,Preliminary,Field Team
127,30,108,3,2021-09-14 23:46:54,2020-01-05 04:30:04,2018-01-23 09:44:12,Rockfall,Unknown,14.6,690,46.4,419812.0,2,6,80,6.4,169,1.4,Under Investigation,Field Team
128,39,81,4,2018-10-01 11:40:35,2022-10-12 18:46:19,2022-02-13 19:49:25,Rotational Slide,Undercutting,40.5,3871,44.18,790951.0,0,0,2249,5.7,103,1.2,Confirmed,GSI
129,47,111,6,2021-02-20 05:16:36,2024-08-22 19:17:51,2024-11-27 21:58:30,Rockfall,Earthquake,43.1,4293,5.21,208647.0,1,3,2704,11.5,110,1.4,Under Investigation,ISRO
130,10,85,1,2023-05-02 00:20:04,2021-09-01 09:32:48,2019-04-26 07:35:25,Translational Slide,Snowmelt,25.4,1678,44.81,159401.0,1,3,3484,13.3,159,8.5,Preliminary,Satellite
131,6,453,1,2024-10-15 06:10:40,2020-10-23 21:07:35,2022-11-19 20:22:11,Debris Flow,Anthropogenic,29.5,3978,41.7,1495197.0,3,12,3617,9.8,343,3.8,Preliminary,ISRO
132,40,287,5,2020-02-22 12:23:11,2024-07-29 09:21:06,2022-02-19 08:32:58,Debris Flow,Undercutting,16.9,1653,46.67,2323068.0,0,0,4309,3.9,140,6.6,Preliminary,GSI
133,45,361,5,2020-11-02 08:40:03,2023-07-02 05:30:47,2024-02-13 03:02:23,Debris Flow,Undercutting,50.8,3892,48.56,2007614.0,5,15,4977,12.6,361,7.5,Confirmed,GSI
134,27,428,3,2019-05-05 01:28:40,2018-03-10 10:53:43,2021-07-20 22:10:57,Mudflow,Unknown,46.1,1004,35.56,583098.0,5,10,1590,13.1,7,9.4,Preliminary,Field Team
135,54,342,6,2018-09-09 02:12:52,2024-10-28 06:44:32,2022-08-04 05:40:47,Debris Flow,Anthropogenic,18.6,2461,38.09,313412.0,0,0,3632,0.9,60,3.7,Under Investigation,GSI
136,37,477,4,2023-03-12 02:07:58,2018-02-12 06:40:23,2023-03-01 02:56:46,Rockfall,Anthropogenic,55.3,2459,4.62,169776.0,0,0,164,15.3,482,9.1,Confirmed,ISRO
137,20,28,2,2022-04-03 22:18:11,2019-12-27 09:16:44,2022-12-06 08:05:31,Rotational Slide,Undercutting,36.8,4957,14.02,402191.0,1,1,2234,17.7,328,5.5,Under Investigation,ISRO
138,3,487,1,2024-07-25 12:09:34,2023-08-26 17:53:47,2021-01-06 02:32:49,Rockfall,Anthropogenic,12.8,1122,28.48,1415286.0,1,5,2364,4.1,16,9.3,Under Investigation,ISRO
139,31,72,3,2023-03-29 18:20:23,2018-02-02 05:26:30,2021-10-02 10:41:57,Debris Flow,Earthquake,48.0,4353,28.23,938843.0,5,10,856,12.6,83,4.9,Confirmed,GSI
140,29,415,3,2024-11-30 14:37:36,2024-09-27 10:30:43,2022-07-02 09:02:59,Rockfall,Undercutting,45.8,4139,34.76,1279752.0,1,1,2069,14.5,396,3.1,Under Investigation,Field Team
141,38,15,4,2019-11-03 16:10:59,2024-05-15 04:08:42,2021-09-26 01:05:19,Rockfall,Anthropogenic,41.5,2567,15.1,456710.0,2,8,1625,19.0,235,0.5,Confirmed,ISRO
142,57,89,7,2021-05-19 09:05:11,2022-03-13 00:30:10,2021-11-12 03:30:35,Complex,Snowmelt,48.8,498,11.89,130347.0,0,0,1262,13.7,342,4.1,Preliminary,ISRO
143,49,470,6,2019-01-28 12:08:20,2023-12-28 02:22:31,2024-07-30 00:14:56,Mudflow,Earthquake,37.2,1029,38.18,287984.0,3,6,3478,11.9,185,3.7,Confirmed,Satellite
144,39,385,4,2022-06-19 02:41:14,2020-01-07 13:09:18,2021-06-28 12:43:52,Translational Slide,Rainfall,35.3,2613,6.99,71372.0,0,0,760,6.8,91,2.1,Under Investigation,Satellite
145,54,55,6,2023-03-20 02:22:43,2024-06-11 16:24:43,2023-02-06 00:31:41,Complex,Snowmelt,50.0,3401,36.66,1214823.0,1,0,1317,6.4,155,4.5,Under Investigation,GSI
146,39,414,4,2023-01-19 16:23:49,2022-10-03 17:48:24,2018-11-24 04:00:21,Complex,Undercutting,41.8,3899,23.73,413332.0,1,2,914,15.7,416,6.3,Preliminary,Field Team
147,4,238,1,2021-02-27 01:07:55,2021-10-14 21:18:49,2018-04-07 17:17:11,Rotational Slide,Anthropogenic,24.8,4890,24.53,465778.0,5,25,3025,5.0,166,3.3,Confirmed,Satellite
148,8,183,1,2018-05-30 17:47:25,2022-11-01 08:22:29,2024-12-03 07:58:52,Complex,Undercutting,15.8,3844,12.51,64030.0,0,0,1184,12.7,39,3.6,Confirmed,ISRO
149,39,371,4,2019-02-19 12:32:46,2020-11-18 23:41:47,2018-11-21 13:07:50,Rockfall,Undercutting,30.2,4863,4.03,187172.0,2,6,3282,0.4,315,5.4,Confirmed,GSI
150,24,294,3,2023-04-22 06:48:59,2024-10-12 12:58:11,2021-03-13 08:00:26,Rockfall,Rainfall,26.7,1036,21.9,823366.0,3,6,4108,13.4,66,3.1,Preliminary,Satellite
151,51,500,6,2021-07-27 03:14:14,2024-08-05 13:40:38,2021-09-08 17:24:30,Mudflow,Rainfall,30.4,1922,1.0,16906.0,0,0,4991,16.5,177,8.3,Confirmed,Field Team
152,55,381,7,2023-08-06 06:34:44,2023-06-16 17:22:05,2020-04-30 23:33:23,Rotational Slide,Anthropogenic,55.7,1654,8.58,172570.0,1,5,4680,19.4,345,4.9,Confirmed,Satellite
153,38,86,4,2024-12-31 11:36:27,2020-08-19 12:58:34,2019-06-24 12:38:54,Debris Flow,Rainfall,21.5,643,20.83,801581.0,3,6,4558,14.9,56,5.9,Confirmed,ISRO
154,50,399,6,2022-07-01 17:26:22,2021-07-25 16:34:34,2022-05-26 07:54:25,Translational Slide,Snowmelt,30.1,2316,37.59,807840.0,1,2,2975,12.6,80,9.3,Confirmed,Field Team
155,19,2,2,2023-12-22 10:48:29,2022-08-08 06:40:01,2024-12-09 07:08:39,Mudflow,Undercutting,54.4,1747,32.84,1132462.0,0,0,3425,19.5,292,7.5,Confirmed,District Admin
156,40,128,5,2019-11-13 18:40:30,2020-03-01 05:29:23,2020-09-07 05:30:59,Complex,Earthquake,60.2,3311,34.25,1631686.0,0,0,3189,11.0,33,9.0,Confirmed,Satellite
157,30,236,3,2020-09-30 21:38:28,2021-09-18 05:15:29,2018-10-14 00:47:02,Complex,Unknown,43.8,631,49.49,1981625.0,20,80,910,16.1,240,8.7,Confirmed,Field Team
158,62,134,8,2024-01-10 03:45:49,2018-09-02 09:51:25,2018-06-13 11:25:45,Mudflow,Unknown,31.8,943,30.39,1503431.0,2,6,3938,16.6,403,1.7,Confirmed,District Admin
159,49,423,6,2024-07-02 03:46:10,2019-02-02 10:41:44,2018-10-31 14:57:45,Translational Slide,Earthquake,65.7,1873,18.39,610002.0,0,0,3953,4.2,151,7.0,Preliminary,Field Team
160,45,133,5,2024-05-16 08:38:02,2021-04-07 09:45:10,2024-05-14 20:19:30,Complex,Snowmelt,35.4,454,38.09,314363.0,0,0,3038,11.3,380,8.1,Confirmed,ISRO
161,39,150,4,2022-04-23 08:40:14,2023-09-15 23:55:33,2022-07-21 15:39:57,Rockfall,Anthropogenic,59.0,2216,1.5,17057.0,0,0,98,5.2,436,5.3,Under Investigation,District Admin
162,25,444,3,2023-06-11 20:10:55,2021-06-20 06:14:09,2021-02-13 19:49:46,Debris Flow,Unknown,14.9,4581,26.31,252418.0,5,0,530,6.8,235,5.9,Under Investigation,GSI
163,54,383,6,2023-11-17 07:47:12,2024-03-16 17:54:47,2024-01-12 02:51:03,Translational Slide,Undercutting,23.6,4529,18.24,47592.0,2,4,4156,1.3,131,8.1,Confirmed,ISRO
164,15,354,2,2023-02-12 05:02:38,2019-06-27 16:19:03,2020-04-30 07:15:37,Mudflow,Snowmelt,39.3,3531,13.36,195007.0,2,10,521,18.1,451,7.9,Preliminary,GSI
165,13,245,2,2019-04-22 14:05:30,2024-07-10 13:55:57,2019-04-02 23:56:28,Complex,Earthquake,21.2,1975,9.95,274382.0,0,0,2457,11.4,314,7.7,Confirmed,District Admin
166,49,209,6,2024-09-29 08:31:40,2023-12-20 07:21:17,2024-04-17 16:19:40,Translational Slide,Rainfall,51.8,4718,8.91,230389.0,1,5,2454,5.3,249,0.6,Under Investigation,Field Team
167,32,84,3,2020-01-03 02:48:27,2020-03-03 03:48:14,2020-05-23 09:32:19,Rotational Slide,Undercutting,59.0,715,33.68,189747.0,5,10,4412,16.5,153,9.3,Confirmed,Satellite
168,44,80,5,2021-08-19 05:12:49,2023-10-17 15:41:38,2022-09-04 23:17:14,Rotational Slide,Snowmelt,27.9,4235,19.87,187118.0,0,0,1287,6.5,189,1.9,Preliminary,District Admin
169,54,382,6,2021-07-15 14:19:27,2021-12-19 20:51:08,2023-02-15 08:01:52,Complex,Earthquake,17.9,4537,28.21,1082476.0,0,0,453,19.4,131,3.3,Preliminary,GSI
170,21,219,2,2022-04-16 10:35:35,2020-09-22 05:20:46,2023-05-19 23:37:30,Debris Flow,Unknown,30.8,971,36.98,1482020.0,2,6,2244,2.1,249,2.9,Under Investigation,Satellite
171,25,31,3,2019-02-20 01:40:21,2018-10-31 10:49:46,2022-08-22 04:55:09,Mudflow,Anthropogenic,36.4,2697,13.87,264959.0,10,0,3865,2.7,45,4.7,Preliminary,Satellite
172,35,391,4,2020-12-03 17:33:52,2022-01-19 14:47:56,2020-05-29 05:20:29,Rockfall,Snowmelt,36.8,2425,14.64,30316.0,3,0,2571,19.1,346,9.7,Preliminary,District Admin
173,39,383,4,2018-04-05 04:07:41,2023-09-30 11:01:36,2022-11-26 01:32:55,Rotational Slide,Undercutting,23.3,4614,20.6,420633.0,1,0,4328,1.2,170,6.5,Under Investigation,GSI
174,37,48,4,2024-04-05 03:34:10,2020-02-21 02:49:43,2022-11-01 08:29:28,Complex,Earthquake,21.1,2843,39.95,1696623.0,0,0,4997,13.0,93,6.7,Preliminary,Field Team
175,34,400,4,2022-11-07 00:25:36,2019-09-09 08:54:14,2024-07-21 21:49:20,Mudflow,Snowmelt,58.7,2048,14.76,465837.0,0,0,1845,6.4,394,8.3,Preliminary,Satellite
176,10,97,1,2019-08-31 06:19:11,2018-10-11 10:55:20,2020-07-31 21:13:12,Rotational Slide,Earthquake,21.6,2382,5.13,139216.0,10,0,1043,10.8,119,9.4,Confirmed,District Admin
177,2,71,1,2022-12-06 03:53:24,2022-12-02 12:12:13,2022-04-08 18:52:07,Debris Flow,Earthquake,51.7,4203,1.37,59607.0,5,5,3116,1.0,370,5.4,Confirmed,ISRO
178,8,482,1,2023-06-27 23:38:22,2020-11-11 16:07:29,2018-03-08 00:24:51,Translational Slide,Snowmelt,41.7,4464,37.51,619932.0,0,0,4152,7.2,181,3.9,Preliminary,GSI
179,28,485,3,2021-05-16 07:44:05,2021-08-17 01:09:54,2020-10-16 05:36:00,Rockfall,Undercutting,58.2,1807,32.56,1325137.0,5,0,2250,14.6,240,7.7,Confirmed,Satellite
180,52,108,6,2021-04-15 11:39:26,2020-01-14 11:56:59,2019-03-25 05:01:31,Rockfall,Anthropogenic,17.7,668,41.18,887129.0,0,0,1240,14.8,465,8.5,Under Investigation,District Admin
181,2,402,1,2018-04-16 10:01:56,2024-09-17 23:33:10,2019-10-10 03:00:22,Rockfall,Rainfall,42.3,4300,23.58,872757.0,0,0,380,10.8,57,9.7,Preliminary,Field Team
182,55,460,7,2024-01-08 14:08:54,2024-01-21 11:39:42,2019-01-30 15:31:47,Mudflow,Earthquake,40.6,694,30.2,972618.0,0,0,2104,2.6,66,8.2,Confirmed,ISRO
183,43,43,5,2019-01-24 22:25:18,2023-03-08 21:37:33,2023-10-19 18:56:17,Rockfall,Anthropogenic,63.1,1250,44.36,273088.0,0,0,2466,6.6,74,6.0,Confirmed,Field Team
184,41,25,5,2020-03-21 05:00:09,2023-05-24 15:54:22,2020-02-09 20:55:52,Mudflow,Snowmelt,37.3,826,31.77,1332230.0,0,0,2642,0.2,232,6.4,Under Investigation,Field Team
185,8,382,1,2021-02-18 20:49:32,2023-06-20 17:29:42,2019-01-31 21:54:21,Mudflow,Anthropogenic,16.4,4447,46.2,809677.0,5,10,2793,16.1,218,6.6,Under Investigation,ISRO
186,7,117,1,2023-02-17 03:07:35,2018-12-06 16:11:25,2023-09-24 06:09:53,Complex,Earthquake,61.8,3716,35.66,256348.0,0,0,3573,11.1,375,7.6,Under Investigation,Satellite
187,50,78,6,2024-04-24 16:33:03,2019-02-15 21:10:40,2024-12-07 07:53:59,Complex,Earthquake,27.8,2790,40.03,751369.0,0,0,1366,7.5,217,8.7,Preliminary,GSI
188,62,497,8,2022-06-30 09:24:57,2021-05-13 00:04:16,2024-03-26 21:19:13,Complex,Undercutting,43.3,4141,26.14,565720.0,1,2,1115,14.4,30,7.7,Confirmed,ISRO
189,31,422,3,2019-10-19 07:25:50,2021-02-05 04:57:25,2019-05-21 23:47:37,Complex,Earthquake,28.0,2442,8.06,173544.0,1,1,2870,1.4,344,3.1,Preliminary,GSI
190,41,61,5,2023-11-03 09:33:06,2024-01-26 23:39:29,2019-09-22 02:56:48,Complex,Anthropogenic,32.7,822,38.61,1170805.0,0,0,2447,16.4,195,8.5,Preliminary,GSI
191,41,239,5,2022-10-11 18:10:56,2018-12-29 23:38:38,2022-01-25 07:55:54,Complex,Snowmelt,49.3,844,35.52,1541916.0,1,2,1840,10.5,215,1.0,Confirmed,District Admin
192,54,371,6,2021-02-03 08:40:32,2023-06-12 07:37:31,2020-06-25 18:27:42,Rotational Slide,Rainfall,37.6,4967,16.51,556089.0,0,0,680,0.3,249,5.8,Under Investigation,Field Team
193,39,266,4,2022-04-17 01:38:06,2020-09-04 11:37:43,2024-10-09 13:52:25,Complex,Unknown,48.9,1269,29.56,1179042.0,10,40,777,2.3,403,4.7,Preliminary,Satellite
194,56,268,7,2018-06-02 12:52:51,2018-04-09 20:21:06,2021-04-12 13:51:01,Complex,Snowmelt,32.3,2978,31.44,1229427.0,2,0,1769,11.3,183,8.3,Preliminary,District Admin
195,62,128,8,2021-02-07 14:50:03,2024-02-20 20:20:47,2022-07-02 11:49:52,Rockfall,Snowmelt,65.6,3321,16.29,574322.0,2,2,1715,11.2,180,6.4,Under Investigation,ISRO
196,21,425,2,2021-06-06 03:58:46,2020-04-08 08:54:45,2023-06-12 11:21:51,Translational Slide,Anthropogenic,41.7,3681,4.61,96336.0,2,10,1525,15.1,165,0.7,Confirmed,Satellite
197,20,466,2,2023-09-05 22:41:35,2019-01-06 22:38:58,2022-07-16 08:09:45,Rotational Slide,Undercutting,44.4,3873,14.88,423130.0,0,0,622,4.0,471,4.2,Under Investigation,District Admin
198,40,292,5,2018-12-03 10:14:28,2020-06-15 07:56:14,2022-12-09 20:51:13,Rockfall,Rainfall,48.4,1287,41.32,539196.0,0,0,215,9.9,439,6.3,Preliminary,Field Team
199,36,283,4,2024-05-15 06:26:11,2022-01-30 08:27:23,2022-02-02 07:20:34,Rotational Slide,Rainfall,68.8,2623,42.41,1249563.0,2,6,2142,14.1,164,8.7,Under Investigation,ISRO
200,51,276,6,2024-06-29 04:06:58,2024-10-10 07:46:22,2024-03-19 07:29:17,Mudflow,Rainfall,55.3,3516,39.23,1014693.0,1,2,858,16.1,254,6.1,Confirmed,ISRO
201,2,287,1,2023-01-11 17:41:03,2021-02-04 18:16:57,2018-04-23 22:38:31,Translational Slide,Unknown,21.8,1522,44.8,1091090.0,2,0,2903,1.3,202,2.5,Preliminary,District Admin
202,35,357,4,2021-06-01 10:14:36,2018-01-28 19:03:45,2022-01-07 18:07:49,Debris Flow,Undercutting,26.4,3602,39.94,1034038.0,1,4,4807,6.3,373,2.0,Confirmed,ISRO
203,39,397,4,2020-01-05 05:01:41,2022-05-06 13:24:44,2023-04-28 04:54:21,Rockfall,Rainfall,44.6,3882,46.45,1704933.0,0,0,3305,11.5,362,4.6,Preliminary,Field Team
204,6,95,1,2020-12-03 12:12:14,2018-03-25 19:03:35,2018-08-31 21:23:06,Rockfall,Rainfall,60.8,3484,17.62,576421.0,0,0,770,10.5,6,0.5,Preliminary,District Admin
205,2,410,1,2024-05-15 18:23:54,2021-11-15 03:55:43,2019-09-26 19:23:36,Rockfall,Snowmelt,46.7,2474,3.56,33632.0,2,6,1489,10.7,90,5.3,Preliminary,GSI
206,40,20,5,2024-01-11 03:51:59,2019-02-13 15:12:38,2019-09-28 19:58:21,Translational Slide,Unknown,41.3,1109,15.65,239134.0,0,0,4834,10.4,401,4.8,Confirmed,Satellite
207,5,174,1,2020-10-05 11:09:15,2023-05-22 21:45:48,2024-08-18 03:54:33,Debris Flow,Unknown,56.8,1792,48.02,1202788.0,3,0,2935,1.2,288,6.0,Under Investigation,Satellite
208,26,388,3,2024-02-16 20:12:18,2022-03-25 02:31:01,2023-07-06 03:20:35,Translational Slide,Undercutting,38.4,3606,16.08,368993.0,0,0,3492,8.1,402,7.8,Under Investigation,GSI
209,34,426,4,2018-06-20 06:05:19,2023-12-29 00:03:19,2022-04-26 06:22:34,Debris Flow,Unknown,28.9,1655,44.62,1679707.0,1,1,2569,14.8,260,5.5,Confirmed,Satellite
210,24,349,3,2018-07-03 06:06:29,2024-05-28 20:39:00,2018-07-05 12:13:57,Complex,Rainfall,54.9,2537,47.5,2124459.0,2,0,1667,9.9,463,2.8,Preliminary,ISRO
211,25,424,3,2020-07-24 11:58:53,2022-09-28 21:36:45,2021-06-22 06:56:41,Complex,Anthropogenic,16.7,2264,20.16,174193.0,1,4,2115,17.6,212,8.3,Preliminary,District Admin
212,54,462,6,2020-02-16 15:16:38,2020-07-02 02:40:07,2019-04-18 05:57:50,Translational Slide,Rainfall,22.1,2767,0.62,21659.0,0,0,1055,13.3,85,9.5,Preliminary,Field Team
213,19,275,2,2021-03-19 09:54:36,2023-08-02 06:08:33,2018-05-27 15:30:06,Debris Flow,Earthquake,39.1,4385,13.15,503493.0,0,0,708,11.1,94,1.3,Under Investigation,GSI
214,16,224,2,2024-11-25 11:28:47,2021-07-26 01:36:00,2019-09-18 10:55:16,Rockfall,Anthropogenic,19.5,3647,7.22,218427.0,0,0,1548,15.4,28,4.2,Confirmed,District Admin
215,33,33,4,2020-07-11 05:40:12,2024-09-30 16:18:35,2019-10-22 04:35:20,Debris Flow,Rainfall,23.5,2393,16.86,612657.0,0,0,568,16.9,265,5.6,Under Investigation,ISRO
216,47,478,6,2021-08-10 11:02:09,2022-05-07 18:07:54,2020-07-08 20:02:36,Mudflow,Rainfall,40.1,4056,45.09,1557026.0,0,0,4609,1.2,479,5.9,Preliminary,District Admin
217,44,316,5,2022-05-04 14:58:47,2019-09-20 14:34:56,2022-01-15 07:09:18,Complex,Unknown,16.2,4329,11.96,299449.0,0,0,3727,9.6,131,8.9,Preliminary,GSI
218,28,413,3,2021-05-13 04:02:29,2021-12-16 06:25:26,2022-09-08 14:46:28,Translational Slide,Snowmelt,18.7,895,20.58,907793.0,5,15,1024,16.8,166,6.8,Confirmed,Satellite
219,14,126,2,2020-06-07 22:12:36,2024-02-24 13:23:41,2021-06-11 06:25:09,Translational Slide,Rainfall,31.7,2683,9.81,429744.0,2,8,2977,18.0,153,9.1,Under Investigation,Field Team
220,4,103,1,2020-06-08 10:35:56,2020-04-25 12:36:42,2019-12-07 08:47:43,Mudflow,Earthquake,63.5,3687,7.92,157055.0,1,1,3628,0.5,400,8.1,Confirmed,Field Team
221,21,240,2,2020-10-03 23:08:48,2018-05-25 21:06:50,2018-09-25 02:01:00,Debris Flow,Anthropogenic,43.9,1195,46.57,768150.0,10,40,4346,14.7,476,9.1,Confirmed,ISRO
222,62,110,8,2021-06-13 02:23:39,2021-04-01 09:06:51,2024-04-20 05:57:56,Rockfall,Earthquake,50.7,2609,45.47,1345411.0,3,9,2773,14.1,466,6.4,Confirmed,Satellite
223,36,322,4,2023-04-08 22:17:44,2018-06-11 04:56:24,2023-04-21 12:30:10,Debris Flow,Undercutting,24.4,2065,42.41,560664.0,0,0,3644,1.9,476,4.7,Under Investigation,ISRO
224,29,458,3,2018-03-23 15:42:36,2024-12-31 09:43:25,2019-09-05 03:59:50,Complex,Earthquake,57.5,4161,17.26,304623.0,0,0,564,3.5,149,7.3,Confirmed,District Admin
225,39,410,4,2023-07-20 00:39:57,2023-11-02 00:31:20,2019-11-15 01:41:15,Complex,Anthropogenic,42.2,2387,29.56,1465981.0,0,0,1573,10.3,172,0.9,Under Investigation,Field Team
226,43,42,5,2021-09-25 17:02:08,2020-03-28 15:24:24,2018-05-28 22:43:17,Complex,Snowmelt,51.4,1196,43.61,2023535.0,0,0,157,6.1,437,9.9,Preliminary,Field Team
227,46,176,5,2019-06-27 11:46:16,2021-07-29 16:57:07,2018-04-05 04:51:48,Debris Flow,Earthquake,52.2,2552,27.66,690191.0,0,0,694,16.1,33,2.0,Confirmed,GSI
228,56,39,7,2018-02-09 23:00:47,2023-03-03 20:55:21,2019-03-10 19:07:03,Complex,Earthquake,43.5,1046,40.37,1761659.0,2,2,4773,12.5,474,1.3,Confirmed,GSI
229,1,222,1,2020-08-12 06:03:45,2023-07-22 19:45:11,2023-04-06 09:46:43,Mudflow,Rainfall,58.5,3411,4.06,67801.0,1,3,1616,14.2,3,1.3,Confirmed,District Admin
230,10,450,1,2024-01-30 18:12:44,2024-08-23 09:38:26,2023-09-07 20:18:13,Translational Slide,Anthropogenic,39.7,2491,6.29,241043.0,0,0,1865,3.2,123,5.5,Under Investigation,District Admin
231,19,387,2,2019-10-23 02:03:04,2023-01-01 00:47:43,2018-12-28 10:37:49,Rotational Slide,Unknown,55.8,2807,24.75,1119491.0,0,0,654,13.5,491,1.1,Preliminary,District Admin
232,29,184,3,2023-05-22 11:31:19,2018-06-24 22:22:26,2023-03-20 14:20:59,Translational Slide,Snowmelt,47.5,3903,38.19,624798.0,50,50,1868,11.7,231,2.0,Under Investigation,Field Team
233,27,487,3,2018-04-11 04:50:20,2019-12-09 04:37:11,2020-06-07 03:01:25,Translational Slide,Earthquake,13.3,1106,19.13,834877.0,0,0,114,8.7,11,5.2,Confirmed,District Admin
234,54,490,6,2024-02-29 08:14:12,2018-09-02 11:06:04,2021-08-17 22:30:38,Rotational Slide,Earthquake,22.3,1916,24.38,888961.0,1,1,3992,19.4,411,2.6,Preliminary,GSI
235,62,158,8,2019-10-12 10:40:19,2022-03-10 22:55:08,2022-02-22 18:30:04,Debris Flow,Snowmelt,61.8,4572,34.23,753775.0,0,0,4338,5.6,107,9.5,Under Investigation,ISRO
236,59,447,8,2021-07-04 20:58:57,2019-06-05 10:50:40,2024-06-02 07:45:37,Mudflow,Earthquake,19.6,1306,48.63,1923487.0,1,4,2712,14.0,250,5.9,Confirmed,District Admin
237,33,451,4,2019-01-27 12:48:09,2022-05-15 06:50:49,2021-02-05 22:09:23,Debris Flow,Snowmelt,60.9,4467,31.22,155603.0,1,4,2179,1.3,1,3.6,Under Investigation,Field Team
238,36,75,4,2021-01-22 10:31:20,2024-09-13 19:07:18,2018-09-06 23:56:12,Mudflow,Undercutting,47.6,1383,30.28,826014.0,3,15,1541,19.2,216,7.2,Confirmed,District Admin
239,17,105,2,2019-08-14 09:01:01,2022-04-14 17:10:38,2022-12-25 10:06:59,Rotational Slide,Snowmelt,62.5,745,32.62,1251183.0,0,0,1209,8.9,310,4.8,Confirmed,Satellite
240,9,166,1,2018-03-11 03:03:55,2022-11-14 20:20:25,2019-12-31 10:39:53,Debris Flow,Unknown,31.9,696,16.39,399555.0,0,0,3072,11.0,387,5.9,Under Investigation,GSI
241,47,368,6,2019-06-25 15:04:59,2022-01-15 11:21:05,2022-08-18 10:48:04,Translational Slide,Snowmelt,47.8,719,3.49,29410.0,1,5,1925,1.8,213,6.6,Preliminary,ISRO
242,36,422,4,2019-01-02 06:28:10,2024-04-03 00:03:41,2020-07-12 15:02:02,Rockfall,Earthquake,35.4,2441,5.85,267110.0,0,0,462,12.9,256,3.5,Preliminary,Field Team
243,2,262,1,2021-04-01 15:01:42,2020-07-29 18:31:00,2021-12-02 22:05:37,Rotational Slide,Undercutting,50.4,4740,35.77,763046.0,0,0,4830,0.7,203,2.5,Under Investigation,GSI
244,59,322,8,2024-12-25 09:17:35,2021-09-01 08:25:07,2021-03-14 14:01:28,Mudflow,Unknown,24.2,2170,18.78,376212.0,3,12,2099,6.7,207,2.4,Confirmed,GSI
245,25,412,3,2019-03-14 23:59:55,2021-05-27 11:29:03,2020-07-30 18:56:56,Rotational Slide,Earthquake,48.7,3472,10.36,396044.0,2,4,1755,17.7,6,2.6,Confirmed,District Admin
246,14,256,2,2022-05-11 23:20:29,2021-03-14 21:54:15,2018-11-15 19:06:56,Debris Flow,Rainfall,25.1,2631,49.21,1500356.0,0,0,3933,11.2,484,3.1,Confirmed,District Admin
247,29,196,3,2024-05-15 05:06:03,2022-09-07 20:01:19,2018-05-24 03:19:09,Rotational Slide,Snowmelt,29.4,2397,18.47,602913.0,20,100,3054,1.5,61,9.2,Under Investigation,GSI
248,57,477,7,2023-05-06 05:00:07,2018-04-03 22:36:30,2018-09-17 23:44:09,Rockfall,Rainfall,50.9,2391,4.4,55023.0,5,20,4566,5.5,15,0.9,Preliminary,Field Team
249,27,90,3,2018-02-24 18:57:02,2020-04-10 08:01:42,2021-01-18 06:15:44,Translational Slide,Rainfall,34.0,670,32.86,1577675.0,5,25,2306,14.4,447,5.9,Preliminary,Satellite
250,61,360,8,2023-06-25 07:45:54,2024-02-09 05:23:42,2022-03-01 23:35:34,Rockfall,Anthropogenic,27.4,3683,37.15,558711.0,0,0,3737,16.4,208,2.2,Preliminary,District Admin
251,30,178,3,2021-04-12 04:52:43,2020-11-03 04:21:59,2022-01-09 20:29:28,Mudflow,Unknown,19.5,1279,37.61,948939.0,1,2,3536,1.7,175,5.3,Under Investigation,ISRO
252,39,175,4,2024-01-22 20:53:47,2022-09-13 03:32:34,2018-06-21 16:06:36,Debris Flow,Anthropogenic,32.5,2387,8.06,323513.0,0,0,3246,1.6,482,2.1,Confirmed,District Admin
253,32,60,3,2021-08-26 23:53:51,2022-07-30 22:48:06,2020-07-13 20:41:29,Rockfall,Unknown,39.3,1859,18.73,878614.0,1,3,1794,11.5,366,0.5,Under Investigation,GSI
254,32,74,3,2018-10-23 22:19:15,2020-02-22 00:01:01,2021-04-26 03:13:11,Complex,Rainfall,26.0,2333,37.81,598911.0,0,0,791,19.0,486,1.6,Preliminary,Field Team
255,1,358,1,2024-09-13 09:21:24,2023-07-06 01:31:20,2021-12-10 00:16:44,Translational Slide,Snowmelt,32.5,4068,18.81,298807.0,2,6,4860,0.8,50,4.5,Under Investigation,Satellite
256,57,180,7,2023-07-02 00:24:02,2020-10-02 23:53:45,2019-01-21 14:24:47,Rotational Slide,Earthquake,16.9,2742,48.14,1838631.0,0,0,4454,1.8,17,3.6,Under Investigation,Field Team
257,14,315,2,2022-08-09 03:00:43,2020-01-13 14:17:44,2024-05-03 12:51:59,Mudflow,Unknown,43.8,4290,6.51,281708.0,3,12,3640,1.4,299,1.6,Under Investigation,Field Team
258,12,462,1,2023-01-25 09:54:10,2018-11-11 06:30:31,2020-10-17 00:24:49,Complex,Unknown,29.4,2881,2.09,63651.0,1,5,1268,19.4,192,0.9,Confirmed,ISRO
259,22,444,2,2024-07-18 15:14:45,2024-10-14 18:01:28,2023-07-26 11:50:44,Translational Slide,Rainfall,20.0,4631,22.29,787689.0,5,0,1347,2.8,188,6.5,Confirmed,Field Team
260,31,18,3,2021-02-16 13:35:44,2023-09-09 07:58:59,2019-07-18 03:01:10,Debris Flow,Undercutting,55.7,425,21.17,88778.0,0,0,2929,9.5,228,6.8,Under Investigation,District Admin
261,36,135,4,2023-05-12 02:50:42,2019-06-30 23:44:25,2018-02-15 11:03:32,Debris Flow,Rainfall,62.6,3672,9.36,198896.0,1,1,1658,2.9,299,5.5,Preliminary,ISRO
262,21,472,2,2020-09-25 15:51:13,2024-01-27 02:09:42,2019-06-05 16:09:55,Debris Flow,Snowmelt,27.0,1066,9.51,230743.0,1,0,1412,7.8,289,2.1,Under Investigation,Field Team
263,54,321,6,2022-01-21 07:52:16,2022-03-11 12:28:38,2020-07-09 23:58:08,Translational Slide,Undercutting,66.5,967,20.38,771713.0,0,0,3232,0.6,455,4.4,Under Investigation,ISRO
264,16,307,2,2023-11-06 09:31:49,2019-08-20 20:02:23,2021-02-10 12:17:29,Complex,Anthropogenic,62.3,1220,3.85,117006.0,1,4,695,14.1,309,3.6,Preliminary,Field Team
265,33,250,4,2022-05-01 22:37:44,2019-01-08 22:31:21,2023-12-23 16:39:40,Debris Flow,Anthropogenic,50.8,1534,28.05,965678.0,1,4,1124,9.4,447,3.2,Under Investigation,ISRO
266,21,475,2,2021-08-20 07:36:12,2024-09-14 13:42:42,2020-02-11 19:56:50,Rockfall,Unknown,38.0,1309,17.49,280033.0,3,12,3371,5.6,351,3.9,Under Investigation,Satellite
267,21,105,2,2023-03-11 18:33:11,2021-10-13 05:56:41,2023-07-29 11:15:25,Translational Slide,Unknown,62.4,710,5.95,216666.0,0,0,1685,12.0,235,5.6,Confirmed,District Admin
268,39,37,4,2020-10-31 03:24:52,2024-03-05 18:52:17,2023-09-25 18:26:12,Rotational Slide,Rainfall,40.7,1708,27.58,558797.0,0,0,4055,9.1,250,6.2,Preliminary,Field Team
269,25,161,3,2019-05-05 04:11:07,2024-01-02 08:08:50,2019-01-28 23:43:27,Rockfall,Rainfall,45.4,517,18.13,729981.0,0,0,2272,2.1,30,0.6,Preliminary,Satellite
270,47,142,6,2021-03-10 13:15:14,2019-09-14 00:35:37,2021-07-21 07:10:51,Translational Slide,Earthquake,63.5,2530,11.1,339431.0,3,12,2896,16.8,488,2.0,Under Investigation,Satellite
271,18,415,2,2023-06-15 03:06:15,2021-02-18 03:00:15,2021-06-17 13:37:55,Mudflow,Snowmelt,49.2,4089,42.28,500075.0,1,1,1421,18.4,51,8.5,Preliminary,Field Team
272,29,77,3,2022-04-24 19:48:24,2023-11-17 10:20:01,2023-08-07 16:39:24,Translational Slide,Undercutting,32.7,3960,1.25,48110.0,0,0,4026,8.7,360,1.2,Under Investigation,Field Team
273,11,404,1,2022-07-13 06:13:20,2023-04-08 00:43:59,2024-04-26 07:41:44,Debris Flow,Snowmelt,42.4,1118,17.73,255896.0,2,2,3108,12.0,199,5.9,Preliminary,Field Team
274,2,252,1,2022-11-23 23:28:58,2020-11-30 15:10:10,2020-06-16 18:41:33,Mudflow,Undercutting,53.5,4500,21.26,476878.0,0,0,3003,18.2,195,4.0,Confirmed,GSI
275,46,469,5,2019-10-13 02:39:44,2019-08-04 13:17:55,2020-02-01 07:26:19,Rockfall,Undercutting,14.1,4815,27.69,367423.0,1,2,3711,3.0,317,1.0,Under Investigation,ISRO
276,19,281,2,2023-04-11 13:57:10,2019-02-20 08:52:50,2020-01-03 17:07:49,Translational Slide,Undercutting,26.6,4658,11.89,482481.0,0,0,631,1.3,91,2.0,Confirmed,ISRO
277,51,5,6,2021-08-26 05:49:17,2018-07-18 15:09:54,2019-06-26 07:55:38,Rotational Slide,Undercutting,40.7,2390,25.71,51810.0,1,0,3226,2.7,125,4.8,Under Investigation,GSI
278,46,128,5,2019-10-26 20:38:48,2023-06-30 21:48:25,2024-03-04 17:46:25,Mudflow,Snowmelt,66.6,3369,2.21,108644.0,0,0,3774,10.6,181,8.0,Under Investigation,Field Team
279,49,129,6,2023-11-15 13:10:32,2021-05-07 03:38:57,2022-08-17 12:24:19,Rotational Slide,Rainfall,45.8,2170,42.91,308341.0,0,0,4913,19.9,384,0.7,Preliminary,ISRO
280,29,443,3,2024-08-15 23:08:41,2022-06-24 14:45:29,2022-03-02 06:29:08,Translational Slide,Rainfall,34.3,3267,39.71,810945.0,0,0,3596,5.1,459,6.6,Confirmed,District Admin
281,24,28,3,2021-12-06 14:58:24,2024-03-09 15:02:59,2023-05-18 02:22:21,Rockfall,Anthropogenic,42.4,4802,44.36,1940019.0,0,0,2906,16.4,5,9.9,Confirmed,Satellite
282,18,31,2,2018-04-12 16:13:40,2021-08-30 09:23:03,2023-10-19 18:07:56,Translational Slide,Snowmelt,35.0,2685,26.1,56972.0,1,4,3770,6.9,18,6.8,Under Investigation,Satellite
283,33,35,4,2019-09-21 12:21:42,2020-03-15 02:39:24,2021-02-03 12:14:02,Debris Flow,Anthropogenic,22.1,2968,35.74,1316699.0,2,2,1164,15.2,99,4.5,Confirmed,Field Team
284,52,423,6,2019-09-14 13:35:36,2020-12-23 23:30:50,2018-09-28 07:29:58,Rockfall,Unknown,63.0,1806,12.83,588737.0,0,0,1338,17.2,342,4.9,Preliminary,Satellite
285,47,191,6,2023-04-05 08:36:35,2024-08-12 16:43:17,2024-08-29 07:14:52,Debris Flow,Snowmelt,35.1,2024,27.44,1239327.0,2,10,2674,10.5,481,5.3,Preliminary,Field Team
286,4,488,1,2024-08-20 09:51:55,2019-09-20 03:44:34,2023-09-03 11:26:47,Translational Slide,Snowmelt,48.6,3511,12.96,536277.0,1,1,2037,9.3,41,2.8,Under Investigation,Field Team
287,61,476,8,2018-09-29 10:59:56,2021-09-29 11:07:19,2020-08-23 15:56:31,Translational Slide,Undercutting,28.0,4359,2.94,61418.0,1,3,3876,19.6,434,2.7,Confirmed,Satellite
288,52,85,6,2021-10-08 05:38:20,2022-10-22 15:57:05,2019-09-15 01:00:30,Rockfall,Rainfall,19.6,1681,29.71,1271788.0,0,0,69,3.0,347,7.0,Under Investigation,District Admin
289,43,293,5,2018-12-25 01:10:57,2020-02-27 05:57:25,2023-07-02 03:17:37,Rotational Slide,Undercutting,32.2,3815,15.56,91782.0,50,0,323,12.3,425,6.3,Confirmed,GSI
290,30,311,3,2020-11-30 05:41:49,2021-10-19 21:10:44,2023-04-21 14:22:32,Rotational Slide,Anthropogenic,38.3,2172,35.03,200017.0,2,10,2324,0.6,214,8.2,Confirmed,District Admin
291,43,168,5,2020-05-12 07:29:09,2023-01-13 04:09:46,2018-10-28 09:49:21,Complex,Anthropogenic,22.9,1990,35.19,98641.0,0,0,1209,2.2,246,4.6,Confirmed,Satellite
292,47,301,6,2021-05-24 22:13:57,2018-05-09 08:24:11,2023-08-01 14:42:25,Complex,Anthropogenic,48.4,4778,23.71,63020.0,0,0,2826,1.3,381,9.7,Preliminary,District Admin
293,62,469,8,2024-05-09 22:11:00,2021-10-02 04:02:56,2019-07-29 07:32:38,Translational Slide,Anthropogenic,22.5,4976,43.47,393176.0,0,0,3988,17.5,92,4.5,Confirmed,District Admin
294,46,176,5,2024-11-23 11:21:00,2023-08-31 08:33:25,2023-12-06 18:39:59,Mudflow,Earthquake,55.8,2644,5.32,206452.0,20,20,1729,3.0,409,0.9,Under Investigation,Satellite
295,36,149,4,2024-01-16 14:02:18,2022-09-06 14:58:56,2024-10-29 18:14:59,Rotational Slide,Undercutting,29.3,2758,16.7,350023.0,2,0,3887,16.6,153,9.0,Confirmed,ISRO
296,43,464,5,2024-07-01 08:25:16,2022-10-28 01:04:51,2021-01-25 17:52:57,Mudflow,Snowmelt,39.6,4603,0.31,3792.0,0,0,1957,7.9,406,7.8,Preliminary,Satellite
297,43,27,5,2023-07-28 18:13:34,2021-09-07 05:34:41,2020-03-31 00:43:27,Debris Flow,Anthropogenic,35.4,1079,33.1,499489.0,0,0,3186,11.2,10,1.4,Under Investigation,District Admin
298,11,337,1,2021-04-12 21:16:26,2021-03-28 09:34:44,2024-02-26 20:04:04,Rockfall,Rainfall,50.4,929,8.18,179109.0,2,4,799,15.3,488,2.8,Preliminary,ISRO
299,8,392,1,2023-01-23 10:07:32,2021-02-13 02:22:50,2019-01-12 11:11:24,Rockfall,Undercutting,54.6,3056,38.32,1502042.0,1,0,3942,13.4,9,9.2,Under Investigation,GSI
300,5,84,1,2019-08-21 10:10:33,2022-05-14 13:06:51,2023-09-30 12:13:10,Rockfall,Undercutting,60.7,738,40.78,1109446.0,1,5,2878,0.6,300,7.6,Confirmed,ISRO
301,54,337,6,2023-07-18 17:49:29,2018-01-16 18:22:01,2022-03-06 20:21:26,Complex,Rainfall,51.6,1047,19.43,631161.0,0,0,298,9.1,43,1.8,Confirmed,Satellite
302,34,288,4,2019-04-23 18:08:30,2018-05-14 20:20:15,2021-07-02 17:52:27,Rotational Slide,Rainfall,31.8,1264,24.77,1233810.0,2,4,981,12.5,480,3.4,Confirmed,District Admin
303,53,195,6,2019-09-19 08:21:54,2021-05-13 13:01:01,2021-03-13 10:11:45,Debris Flow,Earthquake,23.1,1916,20.66,95975.0,1,0,4081,6.2,306,8.6,Preliminary,GSI
304,7,500,1,2020-12-18 10:20:56,2021-06-29 17:48:34,2018-11-23 22:35:59,Mudflow,Unknown,32.5,1982,6.27,183361.0,1,0,1896,1.0,336,3.3,Preliminary,GSI
305,20,471,2,2022-09-18 02:42:21,2023-05-08 01:30:51,2022-01-19 12:34:06,Rotational Slide,Earthquake,18.3,4726,13.53,48040.0,0,0,32,2.1,458,8.0,Confirmed,District Admin
306,11,95,1,2024-05-19 22:55:06,2023-09-19 07:26:00,2023-11-13 08:36:50,Complex,Earthquake,56.1,3409,31.58,57647.0,0,0,1037,3.4,30,4.6,Under Investigation,Field Team
307,13,423,2,2023-12-02 09:22:08,2019-05-26 22:26:16,2024-10-15 15:00:07,Translational Slide,Undercutting,60.0,1850,20.29,607640.0,5,10,2206,5.0,353,1.7,Confirmed,Satellite
308,8,496,1,2020-10-16 04:45:02,2020-06-12 08:07:36,2018-01-12 20:13:45,Debris Flow,Unknown,27.5,4227,11.62,153963.0,0,0,3233,2.7,174,2.5,Confirmed,ISRO
309,47,332,6,2019-05-20 11:20:26,2019-08-21 06:24:22,2020-02-10 21:54:42,Rockfall,Snowmelt,30.1,4673,19.0,502064.0,0,0,1651,17.2,223,1.0,Confirmed,Field Team
310,30,82,3,2018-09-09 01:47:29,2019-12-27 13:49:00,2023-04-23 16:04:37,Translational Slide,Anthropogenic,53.4,4751,26.26,288549.0,0,0,1152,5.7,230,2.4,Preliminary,Field Team
311,62,200,8,2021-01-09 05:30:14,2024-03-09 16:41:59,2019-08-16 03:17:46,Rotational Slide,Undercutting,31.1,3606,21.96,165597.0,3,15,3980,7.7,139,8.7,Under Investigation,District Admin
312,48,207,6,2018-03-25 02:36:56,2024-06-10 16:58:11,2023-07-29 16:00:09,Debris Flow,Anthropogenic,48.6,1187,5.45,245468.0,0,0,4554,17.1,283,4.5,Preliminary,GSI
313,31,100,3,2020-02-07 03:46:19,2022-07-05 21:53:38,2024-05-04 18:22:06,Translational Slide,Snowmelt,27.2,3543,36.07,786960.0,2,4,4802,4.0,166,0.9,Preliminary,District Admin
314,31,389,3,2020-09-14 17:21:31,2019-07-16 07:26:55,2018-06-29 06:29:26,Mudflow,Unknown,33.9,2310,11.46,549136.0,0,0,845,11.3,499,5.7,Under Investigation,ISRO
315,15,378,2,2020-05-28 06:23:06,2023-01-17 06:05:21,2020-08-27 19:07:05,Rotational Slide,Undercutting,38.9,3363,1.93,3036.0,1,0,2297,12.9,480,7.7,Confirmed,Field Team
316,45,142,5,2024-01-26 05:42:48,2019-02-14 02:32:37,2020-07-28 18:17:00,Translational Slide,Unknown,61.6,2617,34.82,45666.0,3,3,3373,17.7,385,4.8,Under Investigation,ISRO
317,2,379,1,2019-02-04 20:36:01,2020-03-13 06:12:08,2021-04-23 14:03:42,Translational Slide,Earthquake,18.3,1777,33.4,348519.0,3,3,370,14.6,60,7.4,Under Investigation,ISRO
318,24,322,3,2021-05-12 21:27:09,2018-05-24 17:11:43,2022-09-18 03:05:48,Rockfall,Earthquake,18.2,2079,34.43,1440805.0,0,0,62,3.4,55,4.6,Under Investigation,ISRO
319,18,366,2,2023-11-01 22:35:56,2019-10-07 19:34:42,2024-05-12 06:28:27,Rockfall,Undercutting,34.9,3607,33.89,1611414.0,10,40,2703,17.7,142,3.5,Under Investigation,ISRO
320,60,376,8,2018-03-24 06:25:18,2019-06-04 01:14:47,2023-12-26 03:35:30,Translational Slide,Unknown,29.9,2039,18.84,513144.0,10,40,944,15.9,418,1.8,Under Investigation,ISRO
321,35,449,4,2020-08-07 04:15:58,2018-12-09 10:33:34,2019-01-19 08:16:21,Mudflow,Earthquake,41.1,3339,2.63,113240.0,1,0,1978,10.8,218,5.2,Confirmed,ISRO
322,52,405,6,2020-06-22 22:40:05,2021-08-11 14:10:43,2021-02-05 10:01:02,Debris Flow,Rainfall,22.1,3526,25.95,820465.0,0,0,4478,1.6,12,8.7,Under Investigation,GSI
323,6,166,1,2019-11-07 23:51:40,2024-01-17 20:23:03,2024-10-13 00:46:09,Rotational Slide,Anthropogenic,32.9,581,29.33,148087.0,0,0,3596,15.7,406,9.2,Under Investigation,District Admin
324,49,150,6,2020-12-04 05:05:34,2018-11-10 04:11:52,2021-03-29 16:39:50,Debris Flow,Anthropogenic,56.4,2076,40.66,1236758.0,1,3,2352,9.8,259,4.6,Confirmed,GSI
325,39,26,4,2018-01-12 21:16:56,2019-09-07 12:24:36,2019-05-19 07:26:09,Rotational Slide,Undercutting,15.3,947,12.36,221519.0,0,0,4226,5.5,189,6.8,Preliminary,District Admin
326,53,88,6,2024-06-20 12:46:02,2024-10-02 19:35:29,2024-12-06 11:50:01,Mudflow,Unknown,47.7,2923,27.67,81057.0,1,3,1703,4.8,94,1.7,Confirmed,District Admin
327,52,25,6,2019-05-17 12:16:53,2020-11-25 20:11:35,2023-04-25 15:56:59,Rockfall,Undercutting,34.7,955,26.48,1181539.0,5,25,40,5.2,391,2.3,Under Investigation,GSI
328,26,138,3,2020-09-19 04:43:04,2021-06-13 13:19:10,2018-03-26 07:56:26,Complex,Earthquake,27.8,1355,7.16,147525.0,2,10,1399,10.4,432,5.5,Confirmed,GSI
329,20,492,2,2020-10-28 02:29:55,2022-03-11 09:55:55,2018-06-23 05:25:50,Rockfall,Unknown,17.3,2566,2.13,42854.0,10,50,3193,3.1,278,7.0,Preliminary,ISRO
330,62,444,8,2018-04-06 21:05:30,2023-12-13 16:58:58,2018-04-03 07:46:06,Rotational Slide,Earthquake,18.5,4582,18.93,400339.0,0,0,4202,11.5,265,2.2,Preliminary,District Admin
331,47,498,6,2019-07-04 14:39:53,2021-04-08 07:13:58,2020-06-04 06:48:52,Rotational Slide,Earthquake,23.6,604,34.89,1186616.0,0,0,471,19.9,300,3.5,Under Investigation,GSI
332,26,373,3,2020-06-27 04:51:06,2024-10-20 06:15:37,2019-01-10 20:43:12,Translational Slide,Earthquake,21.2,3859,4.59,164570.0,1,3,1013,10.9,165,10.0,Confirmed,Field Team
333,55,18,7,2018-11-11 02:58:48,2023-08-13 13:49:35,2023-11-19 00:00:58,Rockfall,Earthquake,62.0,382,30.63,788399.0,3,6,3189,1.9,300,1.5,Preliminary,GSI
334,36,66,4,2024-09-12 16:59:00,2021-03-07 19:07:46,2022-08-29 00:56:39,Complex,Earthquake,39.4,1391,12.29,239498.0,1,5,4074,5.3,405,3.8,Confirmed,GSI
335,20,310,2,2018-10-18 03:55:33,2023-12-11 15:21:53,2018-04-19 18:08:48,Translational Slide,Earthquake,56.6,2369,32.0,933644.0,0,0,1850,4.6,80,9.4,Under Investigation,Satellite
336,33,76,4,2018-10-29 07:28:17,2024-01-05 13:47:02,2022-02-11 20:01:49,Rotational Slide,Earthquake,34.0,1491,16.83,361764.0,0,0,2408,2.6,219,4.6,Under Investigation,GSI
337,34,356,4,2019-01-29 03:47:08,2020-04-12 11:24:25,2024-10-24 02:52:55,Debris Flow,Snowmelt,14.8,2913,21.38,908229.0,10,10,453,10.4,37,3.5,Under Investigation,ISRO
338,7,488,1,2019-12-20 06:16:57,2019-03-22 15:40:54,2023-06-11 13:48:35,Complex,Earthquake,49.1,3569,17.09,60679.0,1,4,1502,8.7,425,3.0,Under Investigation,GSI
339,8,124,1,2021-05-30 17:00:50,2024-03-03 23:57:33,2019-07-14 13:02:13,Rockfall,Unknown,52.1,557,26.44,606112.0,0,0,1944,9.5,63,1.0,Under Investigation,District Admin
340,29,354,3,2018-03-15 19:52:03,2020-01-15 00:45:28,2020-11-11 18:51:10,Translational Slide,Undercutting,41.8,3553,25.42,1262518.0,1,0,2370,5.7,482,6.4,Under Investigation,Satellite
341,52,193,6,2021-04-29 17:41:38,2021-04-25 04:34:50,2022-02-08 18:24:40,Mudflow,Earthquake,40.2,4071,38.0,1427087.0,2,6,734,17.8,52,3.3,Under Investigation,District Admin
342,37,317,4,2020-03-07 05:56:12,2022-10-27 12:36:35,2018-08-13 13:39:44,Debris Flow,Undercutting,14.8,980,5.51,232082.0,3,3,2411,15.6,327,1.6,Preliminary,GSI
343,42,227,5,2019-12-14 23:13:19,2024-10-03 11:41:15,2023-11-01 04:42:57,Mudflow,Rainfall,39.8,1224,28.13,1399183.0,0,0,1805,6.5,423,0.5,Preliminary,Field Team
344,57,340,7,2019-04-28 04:57:44,2022-01-09 17:43:09,2022-11-14 21:17:05,Mudflow,Snowmelt,56.6,4673,28.36,631670.0,0,0,3327,11.8,208,6.5,Confirmed,GSI
345,36,247,4,2022-10-11 03:43:53,2019-05-08 08:53:12,2020-12-29 12:34:09,Rockfall,Undercutting,29.1,2040,34.31,279289.0,0,0,2569,11.4,435,5.3,Under Investigation,GSI
346,55,16,7,2019-11-04 15:48:14,2022-05-14 02:03:07,2022-05-05 16:12:04,Debris Flow,Unknown,46.0,1582,0.15,5058.0,1,4,3200,18.1,171,8.3,Confirmed,GSI
347,61,34,8,2022-03-17 16:03:39,2022-07-29 05:55:40,2023-11-08 06:55:37,Translational Slide,Unknown,17.7,2113,32.45,159820.0,2,0,2632,1.1,25,7.4,Confirmed,District Admin
348,18,9,2,2023-07-22 14:28:38,2022-08-14 21:08:38,2019-07-16 11:01:35,Debris Flow,Unknown,60.8,3240,14.15,126689.0,2,6,1144,14.5,320,8.3,Preliminary,GSI
349,11,290,1,2024-09-30 02:49:49,2020-03-10 06:12:29,2020-08-08 02:59:08,Rotational Slide,Anthropogenic,46.3,4120,13.25,271183.0,1,4,2152,1.3,103,3.8,Preliminary,GSI
350,30,279,3,2018-11-21 14:00:13,2018-01-02 12:07:14,2022-09-25 07:52:32,Complex,Anthropogenic,30.4,4891,42.49,1914454.0,0,0,643,12.1,279,5.9,Preliminary,Field Team
351,8,98,1,2020-06-12 14:04:57,2021-08-16 01:09:55,2022-06-09 09:32:02,Debris Flow,Snowmelt,25.3,4766,33.43,519491.0,0,0,1381,17.3,121,4.8,Under Investigation,District Admin
352,54,53,6,2022-06-20 15:34:06,2020-02-04 02:00:53,2019-10-24 20:05:56,Translational Slide,Undercutting,50.1,4368,46.39,2103652.0,2,6,4205,3.4,52,6.5,Preliminary,Satellite
353,60,499,8,2022-09-16 05:36:34,2022-10-11 07:55:52,2024-01-19 07:56:07,Mudflow,Earthquake,55.2,3107,17.07,711096.0,3,15,4968,8.8,209,0.8,Confirmed,Satellite
354,49,231,6,2018-04-04 15:50:44,2018-09-08 12:55:31,2020-08-24 12:33:49,Rockfall,Rainfall,59.6,932,29.47,1067992.0,1,5,974,9.1,192,5.6,Confirmed,ISRO
355,12,115,1,2021-12-01 10:43:10,2024-01-18 14:59:06,2020-12-21 12:36:09,Complex,Rainfall,37.0,1708,4.4,89208.0,5,10,121,15.5,479,2.2,Under Investigation,ISRO
356,21,291,2,2022-06-18 14:48:38,2024-12-28 19:34:18,2024-02-18 00:10:08,Debris Flow,Anthropogenic,23.2,4107,47.75,1352222.0,1,5,2199,4.7,354,7.4,Under Investigation,Satellite
357,28,500,3,2024-09-16 22:44:16,2024-11-02 16:35:40,2018-09-28 20:05:18,Rotational Slide,Snowmelt,33.3,1970,25.42,388964.0,0,0,2766,16.9,234,9.6,Confirmed,Field Team
358,6,183,1,2020-01-04 07:57:34,2024-11-26 14:17:24,2018-11-16 19:04:46,Complex,Unknown,19.8,3960,20.14,405505.0,0,0,1529,0.5,312,5.6,Preliminary,Satellite
359,10,439,1,2024-12-29 18:58:27,2020-03-14 15:47:02,2023-12-20 10:43:33,Debris Flow,Snowmelt,47.4,1257,25.34,917522.0,0,0,2622,10.3,320,8.0,Preliminary,GSI
360,45,138,5,2018-05-03 21:57:55,2024-05-20 01:01:43,2019-05-27 05:17:57,Mudflow,Earthquake,31.9,1257,18.08,899104.0,0,0,2718,13.7,436,4.1,Preliminary,ISRO
361,60,269,8,2022-05-30 14:37:25,2019-06-30 21:34:47,2024-06-17 08:50:25,Rockfall,Earthquake,43.0,2666,9.89,180967.0,3,6,1521,12.8,478,1.5,Preliminary,ISRO
362,17,41,2,2021-09-04 05:34:48,2024-06-15 05:25:37,2020-06-26 22:14:21,Mudflow,Undercutting,30.4,3297,16.96,839175.0,1,2,3187,3.4,52,2.6,Under Investigation,GSI
363,36,364,4,2022-05-22 11:23:01,2024-11-03 10:48:31,2021-03-22 08:14:00,Rockfall,Anthropogenic,58.9,4310,47.59,1189368.0,0,0,4576,6.5,449,6.9,Under Investigation,Satellite
364,5,475,1,2019-04-09 15:38:30,2018-06-04 02:53:23,2020-05-10 12:19:05,Rotational Slide,Anthropogenic,39.5,1217,8.32,89509.0,3,6,4767,4.7,423,3.6,Confirmed,ISRO
365,47,89,6,2022-02-08 19:56:13,2022-10-12 14:54:20,2018-07-07 00:39:17,Rockfall,Unknown,50.4,405,40.9,994562.0,3,12,797,4.8,145,9.5,Confirmed,GSI
366,50,182,6,2019-12-28 14:24:39,2024-10-14 23:53:08,2023-05-12 00:17:23,Rockfall,Earthquake,52.6,1659,26.51,1322374.0,2,8,3873,11.2,285,8.6,Preliminary,Field Team
367,11,456,1,2019-07-15 10:35:51,2023-01-17 17:28:17,2021-05-08 05:08:31,Complex,Anthropogenic,25.1,2099,45.65,1781130.0,1,2,4780,10.1,457,6.9,Under Investigation,District Admin
368,47,302,6,2022-09-25 11:50:55,2024-11-21 03:05:51,2022-10-20 10:01:08,Debris Flow,Rainfall,16.9,1789,15.93,572224.0,2,2,4112,2.6,190,6.6,Under Investigation,ISRO
369,5,491,1,2020-08-26 04:41:56,2018-01-23 10:21:30,2018-05-19 16:13:40,Complex,Snowmelt,21.1,1706,41.31,2047687.0,0,0,2599,1.4,349,1.5,Preliminary,District Admin
370,55,267,7,2023-11-20 19:24:24,2022-12-12 23:18:41,2022-08-20 04:47:00,Rockfall,Anthropogenic,60.9,1202,29.36,1460951.0,1,3,1819,8.5,360,2.1,Preliminary,District Admin
371,14,487,2,2018-10-13 16:13:51,2018-09-15 04:12:38,2019-08-10 20:00:40,Rotational Slide,Undercutting,11.5,1152,40.7,1451798.0,3,0,1095,3.8,378,0.6,Confirmed,Satellite
372,16,213,2,2020-12-10 15:10:13,2018-12-23 21:29:11,2020-01-11 11:30:29,Rotational Slide,Anthropogenic,52.5,4422,35.91,850928.0,0,0,3863,8.1,287,6.5,Preliminary,ISRO
373,25,80,3,2024-05-28 01:20:09,2024-03-18 07:46:06,2022-05-27 01:35:55,Rockfall,Unknown,23.0,4188,30.97,806319.0,3,15,3715,7.6,330,5.0,Confirmed,Field Team
374,44,111,5,2020-03-23 14:50:45,2019-12-08 04:36:36,2024-11-23 06:47:26,Rockfall,Rainfall,50.4,4317,36.44,1689502.0,2,2,239,6.5,336,8.6,Confirmed,District Admin
375,16,284,2,2024-03-05 04:15:57,2024-01-22 06:20:35,2021-06-15 08:26:07,Translational Slide,Unknown,61.7,3203,8.41,277637.0,2,2,4731,17.1,380,8.9,Confirmed,ISRO
376,52,202,6,2021-04-02 07:01:36,2023-01-05 19:52:54,2024-07-12 14:00:11,Mudflow,Earthquake,22.6,2106,16.7,724884.0,1,3,954,3.6,28,3.6,Under Investigation,Satellite
377,30,389,3,2023-11-29 15:46:07,2023-10-27 07:08:09,2018-04-26 21:48:06,Rockfall,Anthropogenic,37.2,2321,10.79,385074.0,3,3,4747,19.0,441,1.0,Confirmed,ISRO
378,3,453,1,2018-07-02 08:48:35,2024-05-19 14:22:43,2020-05-12 22:47:46,Complex,Anthropogenic,27.6,3872,24.5,997905.0,2,6,4248,10.1,94,2.7,Under Investigation,Field Team
379,60,32,8,2018-06-15 06:01:17,2024-06-08 10:07:29,2018-09-30 11:53:55,Rockfall,Earthquake,39.5,1668,48.9,615068.0,0,0,4691,17.1,460,9.3,Confirmed,GSI
380,50,77,6,2024-06-22 05:49:59,2023-05-12 08:41:55,2023-09-26 06:03:39,Rockfall,Rainfall,36.4,4044,36.52,1086729.0,0,0,757,6.1,42,2.5,Under Investigation,Field Team
381,6,312,1,2019-04-17 04:25:03,2023-03-01 13:29:48,2019-07-26 01:07:38,Complex,Unknown,45.5,816,31.7,1168336.0,0,0,967,17.3,195,4.3,Confirmed,ISRO
382,3,62,1,2024-12-04 23:02:28,2020-03-21 19:47:46,2020-05-26 01:18:36,Rockfall,Snowmelt,43.6,3568,6.89,122670.0,2,8,3585,18.6,274,0.6,Confirmed,Field Team
383,42,449,5,2021-05-19 16:06:09,2022-06-06 20:33:08,2021-10-12 00:36:42,Rotational Slide,Earthquake,34.3,3401,38.24,566725.0,0,0,186,15.8,192,1.7,Under Investigation,ISRO
384,45,434,5,2022-02-11 11:46:24,2020-05-29 22:42:36,2024-09-08 11:08:49,Complex,Undercutting,45.1,1741,42.0,177864.0,2,10,10,16.1,397,1.4,Preliminary,GSI
385,10,142,1,2020-02-21 13:59:22,2020-11-28 02:56:47,2019-10-02 00:09:30,Debris Flow,Snowmelt,59.3,2683,27.53,755487.0,0,0,1736,16.9,82,5.1,Under Investigation,Field Team
386,18,31,2,2019-11-13 19:39:03,2020-07-23 04:08:55,2021-02-26 16:41:57,Debris Flow,Anthropogenic,33.9,2594,22.21,807463.0,0,0,4839,0.4,423,8.8,Under Investigation,GSI
387,15,360,2,2021-03-15 01:15:03,2023-01-24 11:27:57,2021-06-16 19:04:23,Translational Slide,Undercutting,26.8,3684,6.32,197125.0,5,15,4066,11.3,190,3.2,Confirmed,ISRO
388,17,246,2,2019-03-12 04:53:51,2023-10-08 03:02:13,2018-04-20 23:50:26,Mudflow,Earthquake,43.5,1909,12.63,281334.0,0,0,486,15.4,141,7.8,Confirmed,Field Team
389,11,217,1,2023-10-16 01:34:00,2018-05-05 23:06:21,2018-09-07 14:05:12,Mudflow,Rainfall,20.2,4268,25.89,1056428.0,2,6,879,3.0,126,1.0,Under Investigation,ISRO
390,22,41,2,2018-07-15 09:23:33,2020-03-16 00:01:36,2022-11-18 05:22:34,Mudflow,Unknown,26.2,3312,47.7,1197729.0,0,0,1433,2.3,360,4.6,Preliminary,Field Team
391,2,105,1,2019-05-09 17:00:21,2022-12-06 08:53:27,2022-06-01 13:52:09,Debris Flow,Anthropogenic,65.6,699,10.03,339831.0,5,5,4972,8.1,123,8.4,Under Investigation,Field Team
392,2,17,1,2018-08-24 08:25:26,2019-04-23 01:28:37,2023-06-13 21:29:07,Rotational Slide,Rainfall,14.7,2369,21.34,346123.0,0,0,204,15.1,134,6.1,Under Investigation,Satellite
393,5,421,1,2024-04-24 22:54:45,2019-12-07 01:16:39,2024-10-29 16:02:51,Mudflow,Anthropogenic,60.9,4092,31.59,448839.0,0,0,538,6.3,420,5.2,Preliminary,Satellite
394,34,253,4,2020-07-05 20:04:12,2021-04-13 03:26:58,2022-04-14 03:09:13,Translational Slide,Anthropogenic,40.5,2959,23.22,522725.0,0,0,3131,12.1,245,5.9,Confirmed,ISRO
395,54,90,6,2021-08-13 13:11:13,2019-04-12 19:28:51,2018-03-02 02:45:52,Rotational Slide,Earthquake,32.8,828,36.87,1783955.0,2,8,2368,11.7,71,0.7,Preliminary,GSI
396,33,236,4,2024-01-24 05:06:05,2020-11-28 03:54:59,2024-02-14 02:15:23,Complex,Unknown,47.2,644,20.6,869533.0,2,10,224,12.6,262,6.2,Under Investigation,Field Team
397,58,76,7,2019-04-04 02:28:01,2018-10-17 17:59:25,2020-12-01 09:34:08,Rockfall,Rainfall,33.6,1481,36.57,999736.0,2,4,4163,0.6,267,5.4,Confirmed,Satellite
398,29,498,3,2023-09-08 11:28:59,2023-04-27 10:30:42,2019-01-19 05:53:12,Translational Slide,Undercutting,16.2,691,0.68,6430.0,3,6,4424,0.9,206,1.4,Under Investigation,GSI
399,60,81,8,2023-09-24 15:43:52,2019-09-09 14:46:48,2022-05-26 18:42:59,Translational Slide,Unknown,41.5,3771,29.56,1175947.0,1,3,4584,18.1,22,6.1,Confirmed,GSI
400,17,464,2,2018-12-29 18:27:07,2021-03-09 21:57:51,2024-03-15 17:14:21,Complex,Snowmelt,42.9,4615,17.8,56195.0,5,25,2032,3.5,476,4.9,Under Investigation,Field Team
401,12,150,1,2018-07-05 19:59:26,2020-12-20 19:27:01,2020-12-24 14:32:19,Rockfall,Rainfall,57.0,2105,35.13,522347.0,2,6,4479,5.0,287,3.7,Preliminary,ISRO
402,11,478,1,2021-12-27 18:48:15,2024-06-08 07:17:34,2022-06-27 17:44:32,Rockfall,Undercutting,40.3,4046,41.29,863990.0,1,1,2,10.1,70,9.9,Preliminary,Field Team
403,10,386,1,2023-11-30 14:38:36,2019-04-08 18:57:48,2020-10-13 11:42:48,Mudflow,Unknown,32.2,806,3.5,7282.0,3,0,2456,1.5,365,4.4,Confirmed,ISRO
404,31,369,3,2022-07-28 00:21:11,2021-09-23 22:01:58,2019-11-10 11:58:17,Rotational Slide,Snowmelt,56.9,3550,49.05,154299.0,0,0,4186,1.9,315,1.4,Preliminary,GSI
405,56,99,7,2021-03-30 08:01:50,2018-09-25 16:08:44,2020-11-25 19:34:36,Mudflow,Unknown,11.9,2739,28.4,587913.0,0,0,3966,17.9,489,9.1,Confirmed,Field Team
406,30,427,3,2024-03-07 04:06:17,2024-12-24 05:58:25,2022-03-23 08:34:27,Mudflow,Unknown,48.1,1734,4.07,58090.0,1,0,1855,16.8,357,9.8,Preliminary,Satellite
407,36,226,4,2021-06-30 16:24:36,2021-07-08 21:03:07,2019-05-24 19:08:46,Mudflow,Unknown,48.1,4830,15.69,701871.0,0,0,4819,5.2,399,5.0,Preliminary,ISRO
408,45,476,5,2022-04-12 22:02:22,2024-09-07 17:48:49,2024-03-24 12:13:26,Rotational Slide,Earthquake,30.0,4430,5.76,139677.0,1,5,506,4.5,331,1.7,Under Investigation,Satellite
409,17,168,2,2022-03-06 19:03:24,2019-07-11 09:33:37,2020-10-21 05:03:18,Translational Slide,Snowmelt,23.9,1877,24.33,82927.0,1,5,4689,6.0,402,9.1,Under Investigation,Satellite
410,28,221,3,2023-07-31 13:03:20,2022-01-31 15:48:28,2021-10-24 17:57:01,Mudflow,Snowmelt,59.4,1691,39.48,546577.0,0,0,2578,8.5,393,3.5,Confirmed,ISRO
411,51,260,6,2024-10-28 00:27:08,2020-01-25 13:21:44,2021-03-30 01:06:25,Complex,Anthropogenic,46.8,3784,12.2,479817.0,0,0,3123,15.7,117,9.3,Confirmed,Field Team
412,11,439,1,2020-02-04 03:11:09,2023-04-26 09:25:08,2021-07-18 19:04:24,Debris Flow,Rainfall,41.8,1154,14.78,712406.0,3,9,3918,13.9,363,9.8,Confirmed,District Admin
413,59,498,8,2023-08-24 08:34:51,2024-08-08 16:25:30,2023-07-19 17:08:12,Debris Flow,Earthquake,21.1,630,25.9,518622.0,0,0,122,2.2,227,9.3,Confirmed,District Admin
414,29,70,3,2022-08-01 08:54:10,2023-12-06 08:14:47,2023-05-15 10:14:27,Rotational Slide,Unknown,36.6,4100,31.97,697727.0,0,0,1348,1.1,443,7.6,Confirmed,Field Team
415,36,180,4,2019-11-23 11:16:32,2020-11-03 11:51:48,2021-01-04 01:02:43,Translational Slide,Anthropogenic,14.0,2716,8.82,64103.0,2,10,1905,10.1,146,6.7,Preliminary,ISRO
416,56,101,7,2018-11-11 03:08:12,2024-12-17 23:52:05,2023-01-21 14:57:49,Translational Slide,Earthquake,21.8,4407,7.79,279921.0,1,4,4024,13.6,330,6.6,Under Investigation,ISRO
417,32,87,3,2018-05-06 06:55:53,2018-02-21 20:34:03,2018-10-03 19:50:24,Rockfall,Rainfall,15.1,2310,27.8,544764.0,0,0,3889,7.1,325,2.3,Preliminary,Satellite
418,51,118,6,2021-08-24 23:34:32,2018-02-18 01:54:58,2019-03-02 16:04:45,Translational Slide,Snowmelt,59.2,3088,41.5,583967.0,5,10,1880,17.6,263,9.1,Preliminary,District Admin
419,12,143,1,2020-11-06 08:58:42,2022-01-21 22:04:30,2024-10-04 19:13:28,Complex,Undercutting,33.0,3574,47.78,660367.0,1,4,1722,16.4,351,6.7,Under Investigation,District Admin
420,16,330,2,2024-09-06 03:09:34,2024-05-15 18:27:37,2023-12-02 16:49:09,Complex,Undercutting,59.4,3611,22.88,586063.0,2,8,3162,16.1,246,6.0,Confirmed,Field Team
421,7,141,1,2023-01-15 21:08:16,2022-04-11 22:16:11,2021-01-01 04:57:13,Mudflow,Unknown,17.0,790,18.9,52637.0,0,0,4900,10.8,83,5.5,Confirmed,Satellite
422,51,53,6,2019-09-11 03:41:42,2019-12-08 16:55:32,2018-07-22 22:36:35,Rockfall,Earthquake,46.2,4333,27.53,68112.0,5,5,4641,4.2,417,1.6,Confirmed,ISRO
423,12,456,1,2018-01-09 00:04:44,2024-09-10 21:55:35,2023-05-24 22:24:07,Debris Flow,Undercutting,20.8,1985,26.15,617248.0,0,0,244,10.2,96,4.0,Confirmed,District Admin
424,4,470,1,2020-08-21 17:18:59,2023-05-31 08:26:50,2024-03-04 20:08:12,Rotational Slide,Anthropogenic,33.6,1085,16.03,207660.0,10,40,4180,15.1,161,8.4,Confirmed,GSI
425,1,102,1,2018-03-11 14:53:48,2024-08-06 12:28:53,2018-11-02 10:01:57,Complex,Rainfall,24.5,1539,20.27,201415.0,0,0,2698,19.0,199,4.5,Confirmed,GSI
426,1,464,1,2022-05-29 11:19:55,2023-01-05 17:20:06,2022-06-22 19:52:59,Mudflow,Anthropogenic,47.1,4536,4.42,23976.0,3,3,2311,0.0,21,5.5,Confirmed,District Admin
427,50,288,6,2020-03-08 13:26:35,2022-07-18 05:24:38,2023-02-24 00:33:14,Mudflow,Snowmelt,28.8,1383,10.19,286788.0,0,0,4648,11.3,459,6.5,Confirmed,Field Team
428,34,350,4,2023-06-11 19:04:23,2024-05-21 14:57:24,2018-04-06 22:38:15,Rockfall,Rainfall,31.9,4406,1.63,65754.0,1,2,3715,16.9,220,8.9,Preliminary,Field Team
429,55,494,7,2023-11-09 18:35:53,2024-05-30 11:59:08,2018-10-26 14:23:21,Mudflow,Anthropogenic,63.2,3621,43.65,856713.0,0,0,4532,17.1,235,5.1,Preliminary,GSI
430,43,383,5,2019-07-20 15:18:24,2019-01-12 19:45:37,2022-07-08 04:27:17,Rockfall,Earthquake,19.8,4589,30.15,1188479.0,0,0,4517,2.9,171,5.4,Confirmed,Field Team
431,4,416,1,2020-12-18 23:46:23,2018-07-05 10:27:49,2023-09-03 04:00:54,Mudflow,Earthquake,29.9,3460,13.39,99925.0,3,6,2405,7.5,254,8.4,Under Investigation,Satellite
432,2,481,1,2018-07-23 02:40:25,2020-05-15 04:17:54,2023-04-10 05:32:10,Mudflow,Undercutting,49.4,2490,11.06,392654.0,0,0,432,9.2,453,8.0,Confirmed,GSI
433,6,249,1,2023-11-01 20:58:52,2022-09-16 02:24:59,2024-01-31 11:00:30,Debris Flow,Rainfall,45.8,4671,25.88,229943.0,0,0,1969,1.8,328,7.1,Confirmed,GSI
434,8,295,1,2022-03-03 00:39:11,2022-10-17 02:47:56,2018-06-28 23:23:14,Translational Slide,Rainfall,63.8,2455,42.21,1874526.0,0,0,705,6.3,102,0.9,Preliminary,GSI
435,52,221,6,2024-08-28 10:43:00,2024-06-09 09:35:45,2021-09-02 22:18:14,Complex,Earthquake,59.6,1746,0.33,8154.0,5,25,709,17.5,239,4.4,Under Investigation,Satellite
436,14,443,2,2022-08-16 11:08:38,2023-10-10 04:30:12,2021-06-27 17:05:13,Complex,Rainfall,32.2,3315,12.93,618971.0,3,9,721,19.2,23,2.0,Under Investigation,Satellite
437,26,114,3,2020-01-21 02:29:57,2023-11-17 07:21:55,2019-09-13 13:33:03,Translational Slide,Anthropogenic,34.7,3645,14.91,724182.0,3,15,2948,8.8,19,7.6,Preliminary,ISRO
438,38,281,4,2020-06-16 22:16:57,2020-07-22 12:58:51,2021-05-05 12:58:08,Mudflow,Rainfall,22.3,4486,15.05,414705.0,0,0,1448,6.4,228,8.3,Preliminary,GSI
439,26,185,3,2023-01-14 19:21:22,2018-02-09 19:02:34,2021-09-27 10:06:02,Translational Slide,Unknown,43.1,4744,4.1,197149.0,0,0,1497,14.6,14,6.8,Under Investigation,GSI
440,57,120,7,2019-02-13 02:06:29,2021-04-23 22:28:43,2022-05-13 01:43:44,Rockfall,Earthquake,59.7,863,38.97,1836609.0,0,0,156,2.8,367,6.4,Confirmed,District Admin
441,53,471,6,2021-01-02 22:05:43,2021-07-09 18:22:55,2018-09-01 00:10:55,Translational Slide,Unknown,21.6,4603,8.94,9225.0,0,0,1492,8.8,163,1.6,Confirmed,ISRO
442,59,450,8,2021-11-22 20:43:43,2018-06-29 15:06:48,2022-12-20 22:12:54,Rockfall,Snowmelt,37.4,2315,29.45,664615.0,5,10,262,8.8,476,3.9,Under Investigation,Satellite
443,44,188,5,2018-04-25 07:42:48,2018-02-19 06:44:57,2024-06-29 03:00:17,Rotational Slide,Earthquake,53.6,780,41.48,139335.0,20,40,1771,19.4,219,0.9,Under Investigation,District Admin
444,5,37,1,2024-02-02 09:40:39,2022-01-11 11:48:48,2020-09-24 11:43:36,Rotational Slide,Earthquake,31.4,1647,45.5,2175591.0,50,100,1427,19.2,36,0.8,Preliminary,Field Team
445,37,482,4,2024-06-23 00:41:01,2022-05-04 22:28:30,2020-12-12 01:49:44,Rockfall,Snowmelt,37.1,4616,19.95,438804.0,5,20,481,1.5,348,1.7,Confirmed,ISRO
446,37,435,4,2021-03-29 09:37:44,2022-03-25 05:21:20,2018-02-02 06:10:40,Rotational Slide,Rainfall,44.6,2425,48.16,933026.0,0,0,3216,9.8,194,3.5,Confirmed,Field Team
447,12,147,1,2019-03-10 14:34:16,2020-06-25 09:21:54,2019-01-26 02:00:47,Debris Flow,Undercutting,16.3,4481,9.27,37045.0,0,0,1224,4.4,429,6.9,Preliminary,ISRO
448,1,327,1,2024-01-25 17:58:26,2022-12-24 07:50:08,2024-11-29 00:18:57,Complex,Anthropogenic,44.6,1606,25.57,330002.0,0,0,724,7.7,171,7.7,Under Investigation,Satellite
449,51,279,6,2023-01-22 10:54:36,2022-06-07 01:14:53,2020-09-11 13:42:51,Rockfall,Rainfall,37.9,4801,43.05,228105.0,1,4,3469,6.2,234,4.0,Under Investigation,ISRO
450,5,131,1,2023-03-08 14:56:01,2019-10-26 07:45:48,2024-03-05 00:11:12,Translational Slide,Unknown,64.2,4073,34.78,249652.0,5,0,744,16.0,331,8.1,Under Investigation,ISRO
451,5,181,1,2023-11-19 03:33:36,2019-04-05 16:27:13,2024-01-03 11:21:35,Mudflow,Rainfall,50.3,2546,45.5,1656959.0,2,8,773,8.7,291,7.6,Under Investigation,Field Team
452,11,361,1,2019-01-21 12:35:33,2024-10-09 06:04:35,2022-03-18 19:09:32,Mudflow,Snowmelt,50.9,3983,2.32,8043.0,50,100,1936,9.6,141,3.7,Preliminary,GSI
453,43,50,5,2023-10-06 04:10:46,2024-01-08 04:40:59,2020-07-25 04:42:09,Debris Flow,Anthropogenic,29.9,1508,37.72,338091.0,0,0,1751,12.3,249,9.9,Under Investigation,ISRO
454,47,68,6,2023-11-20 23:07:04,2019-06-03 23:40:47,2018-02-23 04:02:40,Rockfall,Rainfall,53.1,3355,21.13,1008341.0,0,0,1607,14.0,356,1.9,Confirmed,ISRO
455,46,225,5,2023-08-02 11:54:59,2019-06-20 16:05:26,2021-10-06 01:26:16,Translational Slide,Earthquake,33.4,811,6.45,283250.0,0,0,1588,0.8,176,7.3,Under Investigation,ISRO
456,60,425,8,2022-12-08 14:29:22,2018-04-04 20:10:38,2019-01-03 13:43:56,Complex,Unknown,34.9,3714,19.95,591389.0,2,2,1081,15.4,193,8.7,Confirmed,ISRO
457,38,384,4,2023-12-15 06:07:50,2022-05-05 12:10:09,2024-05-13 02:51:55,Rockfall,Rainfall,30.6,2631,1.56,20513.0,20,80,2260,1.3,256,1.0,Preliminary,Satellite
458,57,189,7,2022-09-07 12:29:48,2023-09-29 12:23:23,2018-09-05 09:37:18,Rotational Slide,Anthropogenic,52.8,3694,43.86,131071.0,0,0,1253,1.7,494,4.6,Confirmed,District Admin
459,39,395,4,2020-02-12 22:14:36,2019-06-15 05:24:08,2022-11-13 03:05:18,Rockfall,Anthropogenic,13.5,4346,20.9,29642.0,2,6,1370,9.1,340,1.8,Under Investigation,District Admin
460,61,336,8,2024-03-22 22:20:17,2023-07-13 19:43:39,2019-02-06 23:39:59,Translational Slide,Earthquake,45.5,1682,33.71,201221.0,1,4,321,10.7,159,9.1,Under Investigation,GSI
461,43,308,5,2024-05-27 21:24:16,2020-02-04 11:42:03,2022-02-02 17:15:14,Rockfall,Anthropogenic,43.2,1752,11.11,315808.0,3,3,2307,18.9,414,7.1,Confirmed,GSI
462,46,428,5,2022-02-07 21:33:31,2022-05-19 22:36:43,2021-01-05 15:21:50,Translational Slide,Snowmelt,42.6,1056,20.34,392953.0,2,4,3824,15.6,408,9.9,Under Investigation,District Admin
463,61,103,8,2022-01-16 07:27:23,2022-04-15 02:27:13,2021-02-22 04:05:11,Rotational Slide,Anthropogenic,60.8,3677,28.26,1400715.0,0,0,4871,15.5,357,9.1,Under Investigation,District Admin
464,60,430,8,2024-12-07 09:32:05,2022-03-01 18:24:25,2021-05-22 14:11:07,Rockfall,Rainfall,21.2,386,40.76,410978.0,0,0,2646,15.7,69,2.8,Under Investigation,Satellite
465,8,137,1,2020-01-14 12:07:59,2020-10-12 05:26:52,2019-04-22 09:49:20,Rotational Slide,Earthquake,52.3,1997,40.7,145678.0,2,4,4460,11.7,231,5.9,Confirmed,Field Team
466,15,54,2,2018-03-16 00:34:41,2019-05-08 02:23:46,2024-02-27 14:05:58,Mudflow,Anthropogenic,51.6,573,34.34,239594.0,10,20,1368,2.8,185,8.2,Under Investigation,District Admin
467,48,459,6,2019-12-23 13:56:57,2023-07-30 06:41:10,2018-04-14 22:33:26,Rotational Slide,Unknown,61.9,2859,25.32,596845.0,0,0,4080,1.0,463,4.7,Preliminary,ISRO
468,37,221,4,2022-06-28 21:20:26,2022-01-02 04:52:28,2024-01-09 02:01:59,Rotational Slide,Anthropogenic,58.1,1781,9.5,227368.0,0,0,382,18.5,23,0.8,Confirmed,Field Team
469,55,350,7,2019-12-31 23:08:04,2024-10-10 09:14:36,2019-05-21 06:48:25,Mudflow,Unknown,29.4,4499,15.53,258880.0,2,2,982,8.5,84,9.1,Confirmed,GSI
470,13,194,2,2024-12-24 11:22:45,2020-02-03 18:46:40,2023-06-09 07:22:08,Complex,Anthropogenic,69.4,2273,7.79,303831.0,0,0,219,12.0,423,9.0,Under Investigation,ISRO
471,59,121,8,2019-08-31 05:09:40,2024-10-07 19:11:00,2021-03-22 11:54:30,Complex,Unknown,59.9,972,34.69,1419494.0,0,0,1557,17.9,425,2.6,Preliminary,ISRO
472,9,117,1,2022-09-30 13:05:32,2018-07-06 16:11:24,2024-10-22 15:50:07,Mudflow,Earthquake,62.3,3717,17.57,47495.0,0,0,4515,19.5,195,0.9,Confirmed,Field Team
473,8,80,1,2022-06-12 03:22:41,2020-01-20 22:05:54,2023-07-13 21:50:53,Complex,Snowmelt,27.8,4353,42.28,1748604.0,1,4,4589,12.6,134,5.6,Preliminary,Field Team
474,31,103,3,2021-08-21 14:48:16,2019-10-24 22:32:01,2019-03-11 19:18:16,Rockfall,Anthropogenic,62.7,3711,6.64,74907.0,20,20,1251,2.8,439,7.5,Confirmed,ISRO
475,12,376,1,2021-12-19 12:03:24,2018-07-21 12:15:53,2023-05-16 07:04:54,Complex,Rainfall,29.4,1920,9.23,411039.0,50,100,1729,7.4,203,7.0,Preliminary,District Admin
476,7,424,1,2020-08-25 00:31:42,2018-02-25 21:04:14,2022-04-28 05:25:42,Debris Flow,Undercutting,20.4,2431,15.83,680402.0,10,0,4601,6.5,204,2.7,Under Investigation,Field Team
477,43,188,5,2022-05-01 02:20:46,2019-12-15 20:42:04,2022-02-17 02:27:46,Rotational Slide,Rainfall,45.0,922,13.91,338445.0,0,0,4658,1.5,470,6.9,Preliminary,Field Team
478,18,9,2,2024-05-21 21:05:36,2022-01-05 05:03:30,2018-01-03 04:01:16,Rockfall,Snowmelt,61.9,3225,36.07,1083140.0,0,0,3693,10.9,7,1.2,Under Investigation,Field Team
479,7,70,1,2019-01-03 04:19:04,2024-05-09 20:29:25,2018-05-29 18:33:30,Rockfall,Rainfall,32.3,4127,47.05,1364784.0,3,9,3305,9.3,457,5.1,Confirmed,Satellite
480,50,95,6,2019-06-25 14:41:24,2023-12-31 19:30:41,2024-02-10 13:22:15,Complex,Earthquake,60.6,3524,33.78,80653.0,10,50,4724,19.3,292,9.1,Under Investigation,District Admin
481,13,60,2,2024-10-04 02:40:49,2020-01-15 07:07:09,2018-07-07 05:07:37,Debris Flow,Anthropogenic,38.7,2009,19.17,309204.0,0,0,4736,12.7,178,5.1,Preliminary,District Admin
482,19,289,2,2023-02-12 09:30:00,2021-06-20 17:42:48,2022-11-18 15:25:19,Mudflow,Snowmelt,16.5,4055,35.58,37656.0,1,4,3803,7.9,453,9.4,Preliminary,ISRO
483,25,456,3,2021-11-24 13:44:02,2020-06-22 15:12:02,2024-08-08 23:24:17,Mudflow,Snowmelt,26.2,2028,12.92,222233.0,0,0,2891,6.3,225,1.3,Under Investigation,Satellite
484,42,184,5,2019-07-17 18:44:24,2020-01-05 11:22:07,2019-10-24 16:10:29,Translational Slide,Unknown,40.9,3861,11.21,124303.0,2,8,3817,14.4,120,9.9,Preliminary,Satellite
485,19,470,2,2023-11-19 19:54:35,2022-11-16 07:19:21,2020-12-08 09:47:14,Rotational Slide,Unknown,32.1,953,42.04,1614718.0,2,4,2307,8.3,405,9.0,Under Investigation,GSI
486,26,292,3,2024-10-07 18:15:48,2021-03-13 07:36:56,2021-01-09 13:16:01,Mudflow,Unknown,53.8,1461,30.41,1272822.0,10,20,2259,11.6,287,2.1,Confirmed,GSI
487,38,169,4,2023-08-13 13:08:38,2023-11-10 18:54:59,2021-01-09 03:15:10,Debris Flow,Rainfall,24.9,4485,36.18,1318897.0,0,0,4367,12.9,292,4.7,Confirmed,ISRO
488,8,441,1,2023-05-15 01:30:20,2023-04-20 18:08:54,2019-05-30 01:15:00,Debris Flow,Anthropogenic,35.5,4212,15.14,646927.0,0,0,3381,7.4,434,3.4,Confirmed,ISRO
489,47,313,6,2020-07-04 18:03:52,2020-04-15 23:55:29,2021-09-27 12:55:22,Mudflow,Unknown,46.5,1740,1.47,66098.0,5,0,1117,15.6,169,6.0,Under Investigation,Field Team
490,62,2,8,2024-03-24 13:51:05,2020-02-14 08:44:20,2022-06-13 12:14:05,Debris Flow,Earthquake,53.7,1734,46.14,1424098.0,10,20,2953,11.1,189,1.0,Confirmed,District Admin
491,57,94,7,2020-02-20 13:10:59,2020-01-21 08:26:13,2019-03-18 00:19:14,Complex,Snowmelt,66.6,660,33.57,256839.0,5,5,2539,9.2,258,7.5,Under Investigation,Field Team
492,51,421,6,2024-01-22 00:02:35,2021-02-23 12:48:37,2018-07-25 04:56:51,Complex,Rainfall,60.9,4063,39.59,1957340.0,2,10,1153,11.4,224,8.9,Confirmed,Field Team
493,17,97,2,2018-06-03 09:13:53,2024-04-09 19:17:27,2022-05-20 10:11:28,Rotational Slide,Unknown,26.1,2507,15.99,137564.0,1,2,384,3.3,81,2.4,Confirmed,Satellite
494,10,320,1,2020-08-15 00:08:01,2020-07-29 00:14:12,2020-11-04 13:29:28,Debris Flow,Unknown,19.6,3525,6.81,140711.0,50,50,1674,17.6,461,4.6,Preliminary,District Admin
495,60,418,8,2018-02-13 14:54:27,2018-08-21 05:17:41,2022-02-25 06:03:05,Rockfall,Earthquake,47.6,1576,7.19,175731.0,2,4,2040,18.0,394,3.0,Preliminary,ISRO
496,16,15,2,2020-06-06 08:45:58,2024-07-09 23:51:58,2018-03-09 02:29:45,Rockfall,Earthquake,43.5,2558,47.54,354586.0,0,0,3755,1.4,149,1.0,Preliminary,GSI
497,29,417,3,2022-08-22 08:42:56,2020-12-02 13:06:39,2024-09-26 05:59:16,Debris Flow,Snowmelt,38.0,1440,27.37,1005922.0,10,30,4056,6.4,116,5.6,Preliminary,ISRO
498,51,347,6,2023-04-06 20:09:21,2024-07-23 22:21:24,2022-06-03 17:18:45,Rotational Slide,Undercutting,26.6,907,25.34,1181492.0,0,0,4905,0.8,484,2.9,Confirmed,ISRO
499,29,294,3,2018-11-09 05:06:08,2021-11-20 22:35:26,2024-11-20 01:42:58,Debris Flow,Snowmelt,27.5,992,4.32,211624.0,0,0,4206,0.8,149,7.1,Under Investigation,ISRO
500,39,78,4,2021-12-14 03:37:39,2019-12-09 05:09:57,2023-07-10 12:47:16,Rockfall,Earthquake,28.0,2680,30.9,1082359.0,0,0,896,9.9,83,0.7,Preliminary,ISRO
501,10,58,1,2022-03-19 05:24:43,2020-02-27 06:47:47,2018-01-07 22:34:52,Rockfall,Earthquake,61.4,1535,16.09,655419.0,1,5,3133,17.0,154,4.7,Confirmed,District Admin
502,33,431,4,2023-10-26 15:32:38,2022-03-13 19:43:24,2023-09-10 21:22:04,Mudflow,Anthropogenic,56.5,4120,29.05,499633.0,0,0,1361,0.2,229,5.2,Under Investigation,ISRO
503,26,219,3,2020-05-06 05:56:38,2019-11-30 05:58:22,2024-05-12 04:01:26,Debris Flow,Snowmelt,30.4,812,37.08,789494.0,0,0,4079,9.5,72,8.2,Confirmed,GSI
504,42,189,5,2024-06-03 23:59:10,2024-08-19 10:20:48,2024-07-10 12:14:27,Rockfall,Snowmelt,52.9,3621,7.63,114496.0,0,0,1788,0.8,330,4.4,Under Investigation,District Admin
505,43,392,5,2020-01-07 01:27:24,2020-03-07 06:46:06,2020-07-02 20:34:48,Debris Flow,Rainfall,47.9,3007,3.89,130311.0,2,0,4515,6.8,436,8.6,Under Investigation,ISRO
506,5,420,1,2018-12-09 05:54:09,2019-04-07 22:23:34,2019-09-22 13:34:26,Mudflow,Snowmelt,67.8,4650,4.81,200158.0,3,6,2425,10.2,457,0.6,Under Investigation,GSI
507,34,168,4,2020-12-09 17:34:03,2022-05-10 05:36:59,2023-08-21 15:28:40,Mudflow,Snowmelt,19.5,1887,19.53,965803.0,3,15,7,0.9,266,3.6,Under Investigation,Field Team
508,41,206,5,2021-02-28 12:47:19,2020-01-09 03:39:09,2022-11-22 04:11:04,Rockfall,Earthquake,47.4,1131,38.78,264435.0,1,1,1783,5.9,32,0.9,Confirmed,Satellite
509,17,273,2,2020-06-07 03:18:46,2024-11-24 14:09:52,2022-07-23 18:39:38,Mudflow,Anthropogenic,54.2,1477,24.33,633624.0,5,25,916,1.8,49,6.7,Under Investigation,ISRO
510,8,377,1,2024-02-29 00:03:14,2018-09-13 00:22:59,2020-03-16 23:10:34,Rotational Slide,Earthquake,15.9,1439,43.77,949379.0,0,0,1377,14.1,446,1.4,Preliminary,GSI
511,21,415,2,2020-01-06 08:15:56,2022-09-08 19:10:42,2024-05-01 19:03:03,Translational Slide,Snowmelt,50.0,4140,26.52,331824.0,2,4,4531,13.8,83,8.3,Preliminary,ISRO
512,55,117,7,2019-12-28 17:56:13,2023-06-05 13:57:47,2018-12-08 16:21:40,Debris Flow,Unknown,63.6,3858,44.11,1128267.0,5,25,1669,4.3,423,7.8,Confirmed,Field Team
513,30,54,3,2020-10-12 13:35:19,2019-10-05 06:57:14,2024-10-29 04:06:43,Mudflow,Undercutting,55.7,577,48.26,305213.0,20,20,1270,13.3,178,9.0,Preliminary,Satellite
514,47,439,6,2018-09-17 16:30:20,2023-05-30 15:24:06,2018-06-27 13:48:40,Complex,Anthropogenic,49.3,1125,35.44,1362613.0,10,0,3326,19.1,3,6.5,Under Investigation,Satellite
515,7,439,1,2020-12-27 07:49:04,2023-08-23 22:07:22,2024-08-27 13:37:54,Mudflow,Unknown,43.5,1260,31.1,742897.0,1,3,956,9.2,153,3.8,Preliminary,ISRO
516,48,346,6,2018-03-10 22:52:46,2019-12-01 19:55:22,2024-06-12 03:08:20,Translational Slide,Earthquake,27.5,761,7.62,153533.0,0,0,4373,7.7,303,5.9,Confirmed,District Admin
517,21,115,2,2024-10-03 08:42:27,2024-10-25 00:28:17,2023-05-01 04:48:39,Translational Slide,Snowmelt,37.7,1588,31.45,45369.0,1,2,1118,11.6,32,7.8,Under Investigation,Satellite
518,26,249,3,2018-03-30 17:00:35,2024-12-05 18:18:25,2021-02-03 02:32:12,Mudflow,Undercutting,46.4,4556,39.11,915445.0,2,6,2088,11.2,210,4.9,Preliminary,Field Team
519,34,484,4,2021-11-07 06:25:46,2023-12-27 00:16:18,2021-07-18 00:50:38,Rockfall,Unknown,52.9,3465,29.12,1182649.0,0,0,2399,15.5,448,0.6,Confirmed,GSI
520,54,455,6,2018-05-09 05:25:08,2018-03-16 17:11:17,2023-12-30 08:22:33,Debris Flow,Earthquake,23.3,1059,48.06,140102.0,1,4,4930,18.0,293,5.8,Under Investigation,GSI
521,22,248,2,2021-06-03 21:52:34,2022-08-31 07:00:09,2023-01-06 11:58:00,Debris Flow,Rainfall,53.3,3036,27.6,864539.0,2,4,868,11.1,176,7.3,Under Investigation,Field Team
522,7,304,1,2024-09-09 11:41:13,2024-05-04 06:52:28,2024-01-27 21:54:57,Rotational Slide,Snowmelt,20.5,1470,0.96,46506.0,0,0,795,11.2,257,7.7,Under Investigation,GSI
523,42,61,5,2023-12-15 15:10:26,2019-05-19 01:14:17,2021-04-25 09:16:08,Mudflow,Undercutting,33.3,912,43.92,1773430.0,0,0,1671,8.6,247,3.1,Preliminary,Field Team
524,36,463,4,2022-06-30 11:10:19,2021-11-10 19:38:27,2023-05-11 04:20:59,Translational Slide,Earthquake,18.3,3773,47.01,917337.0,3,3,957,6.5,63,6.3,Preliminary,ISRO
525,14,478,2,2021-04-22 14:50:01,2021-08-26 11:38:14,2024-09-26 13:20:10,Debris Flow,Earthquake,45.2,4015,13.01,208913.0,5,10,4433,5.8,3,5.1,Confirmed,ISRO
526,19,171,2,2021-11-25 06:06:10,2020-01-28 02:59:55,2018-10-06 22:49:30,Rockfall,Unknown,29.4,3134,35.11,1517833.0,1,0,2040,7.9,253,2.0,Preliminary,Satellite
527,42,280,5,2020-10-06 19:22:35,2021-06-04 05:43:53,2021-11-19 04:45:54,Rotational Slide,Rainfall,20.8,1015,16.12,549373.0,1,1,1482,11.7,167,5.1,Under Investigation,GSI
528,29,35,3,2018-08-13 10:58:03,2023-02-04 09:17:30,2020-08-01 11:40:13,Rotational Slide,Earthquake,25.0,3069,26.5,853297.0,0,0,759,5.2,374,7.6,Under Investigation,District Admin
529,8,427,1,2023-03-05 03:22:37,2024-10-06 06:02:21,2020-08-05 15:32:34,Debris Flow,Earthquake,44.7,1806,15.08,610485.0,1,1,2129,5.8,111,4.5,Confirmed,ISRO
530,16,423,2,2023-11-05 19:11:27,2019-12-15 15:34:30,2020-03-15 00:18:52,Mudflow,Snowmelt,59.9,1961,46.82,1223688.0,1,1,4561,1.4,32,3.5,Confirmed,Field Team
531,45,157,5,2022-08-01 10:53:42,2024-05-01 03:22:27,2023-05-14 06:18:17,Translational Slide,Snowmelt,11.5,2480,10.71,182546.0,0,0,409,2.0,226,7.6,Confirmed,Satellite
532,52,204,6,2024-08-08 02:19:14,2022-10-28 08:57:21,2018-08-04 19:37:36,Mudflow,Rainfall,24.1,1700,10.57,215698.0,1,4,2104,17.8,24,5.6,Under Investigation,District Admin
533,31,117,3,2024-06-23 00:34:57,2024-01-23 19:26:42,2023-11-09 09:57:18,Rockfall,Unknown,56.9,3736,11.77,548777.0,2,2,779,14.1,376,9.4,Under Investigation,District Admin
534,40,385,5,2024-11-24 23:29:37,2024-05-27 11:48:33,2019-06-02 16:47:07,Mudflow,Rainfall,34.5,2524,18.6,174173.0,5,10,4016,6.6,225,7.6,Preliminary,Satellite
535,39,339,4,2018-10-31 04:19:33,2021-09-06 18:33:19,2020-12-11 10:51:06,Rotational Slide,Earthquake,54.1,4800,27.07,875054.0,5,15,671,9.2,447,2.0,Preliminary,Satellite
536,7,43,1,2020-01-17 23:13:40,2018-12-02 18:15:39,2023-07-07 17:05:17,Rotational Slide,Undercutting,59.0,1086,1.58,42470.0,0,0,4393,2.3,377,8.1,Under Investigation,Satellite
537,41,434,5,2019-11-15 03:28:29,2020-06-24 11:05:40,2021-07-06 23:32:34,Debris Flow,Unknown,44.7,1928,28.9,553433.0,0,0,3464,11.7,6,7.8,Under Investigation,District Admin
538,13,65,2,2022-06-05 00:47:47,2023-12-22 04:54:36,2023-04-27 09:08:41,Rotational Slide,Anthropogenic,15.3,737,6.16,179921.0,3,0,85,5.0,218,0.9,Confirmed,Satellite
539,21,424,2,2024-01-01 03:54:32,2023-03-04 06:25:04,2021-11-06 22:50:50,Mudflow,Snowmelt,14.7,2455,35.89,111012.0,0,0,2452,4.2,205,1.8,Preliminary,GSI
540,14,354,2,2021-11-29 16:46:38,2021-09-29 17:20:55,2022-10-29 02:23:40,Rotational Slide,Snowmelt,41.4,3416,20.11,261872.0,0,0,494,14.1,333,3.7,Preliminary,Field Team
541,16,300,2,2023-06-20 18:11:22,2024-11-17 01:42:08,2023-09-13 07:30:31,Rockfall,Snowmelt,35.3,4020,17.4,765318.0,0,0,2016,7.9,278,6.1,Under Investigation,Field Team
542,27,3,3,2021-11-06 07:18:11,2019-03-06 19:44:29,2021-08-17 20:57:13,Rotational Slide,Undercutting,37.2,1331,26.11,509350.0,0,0,3376,1.5,470,3.3,Preliminary,GSI
543,24,494,3,2019-05-25 01:12:42,2023-06-17 13:13:27,2019-07-05 16:55:06,Rotational Slide,Unknown,56.1,3660,28.05,29730.0,1,1,67,5.3,232,1.6,Under Investigation,ISRO
544,38,163,4,2020-05-15 00:36:26,2018-01-15 18:11:11,2023-09-03 17:48:54,Rotational Slide,Undercutting,42.0,555,28.8,92168.0,1,2,4971,12.5,138,8.8,Preliminary,GSI
545,55,362,7,2020-08-29 10:34:47,2018-03-29 20:27:51,2024-03-14 17:07:50,Debris Flow,Snowmelt,64.0,2036,44.65,341727.0,1,3,2178,17.8,397,7.3,Confirmed,ISRO
546,20,485,2,2020-05-03 18:32:48,2022-01-11 16:14:46,2020-08-16 06:25:18,Translational Slide,Snowmelt,56.7,1694,26.18,109571.0,1,4,3849,8.9,48,2.7,Confirmed,Satellite
547,1,319,1,2019-04-07 11:12:32,2019-06-30 11:16:50,2019-11-15 01:59:16,Debris Flow,Unknown,54.0,2036,41.31,1809132.0,20,20,4464,2.6,457,1.3,Confirmed,District Admin
548,29,237,3,2019-07-03 00:17:48,2021-01-19 03:36:13,2019-10-16 08:23:49,Rockfall,Undercutting,59.0,1235,14.05,27599.0,2,6,4846,16.8,318,5.1,Under Investigation,District Admin
549,7,489,1,2019-08-15 04:48:17,2022-05-16 08:55:59,2024-06-10 13:13:11,Rockfall,Anthropogenic,26.2,1805,27.24,648726.0,1,5,4571,9.5,431,3.3,Confirmed,ISRO
550,19,8,2,2020-12-21 22:41:43,2021-06-05 12:33:27,2019-02-11 22:24:13,Debris Flow,Snowmelt,12.0,3167,10.78,232218.0,0,0,422,0.7,204,4.8,Under Investigation,ISRO
551,4,479,1,2019-09-13 01:02:38,2022-01-16 06:26:34,2024-07-17 00:00:21,Translational Slide,Snowmelt,43.0,2341,16.83,670317.0,0,0,1110,1.4,30,1.4,Confirmed,ISRO
552,22,490,2,2024-04-25 00:01:51,2019-01-19 03:13:34,2022-04-09 18:02:47,Mudflow,Snowmelt,28.7,1957,23.12,720222.0,0,0,3698,3.4,199,5.2,Confirmed,GSI
553,2,412,1,2020-11-05 10:55:59,2019-11-16 17:51:04,2023-04-26 00:29:16,Rotational Slide,Earthquake,47.7,3430,35.53,521831.0,1,0,4063,2.2,422,2.6,Preliminary,District Admin
554,55,403,7,2019-06-24 05:23:09,2021-01-10 02:09:46,2018-03-11 18:17:19,Complex,Snowmelt,55.8,1288,4.73,96815.0,0,0,1758,18.2,452,2.2,Under Investigation,GSI
555,14,346,2,2020-01-19 13:41:40,2023-03-23 19:52:19,2024-04-01 00:43:08,Rotational Slide,Anthropogenic,32.7,723,17.72,99663.0,10,30,3350,1.6,299,5.6,Confirmed,Field Team
556,3,68,1,2019-03-10 03:36:42,2024-01-23 12:48:44,2021-03-15 23:38:51,Mudflow,Snowmelt,52.9,3315,5.61,268153.0,1,0,1398,16.1,219,8.0,Under Investigation,Field Team
557,9,110,1,2023-03-14 12:03:58,2020-08-03 14:52:42,2024-04-02 02:36:07,Mudflow,Rainfall,51.4,2631,0.58,15515.0,0,0,193,10.2,433,5.9,Confirmed,Field Team
558,20,23,2,2018-07-26 12:36:47,2019-06-08 06:50:20,2020-08-01 08:34:17,Mudflow,Snowmelt,58.3,4713,36.33,978194.0,3,3,3219,12.2,258,2.0,Confirmed,Satellite
559,62,271,8,2022-08-08 10:17:27,2023-07-07 21:47:09,2018-03-01 11:57:21,Debris Flow,Earthquake,66.3,4114,9.46,340620.0,0,0,1363,4.0,31,0.7,Under Investigation,Satellite
560,25,128,3,2021-04-09 23:45:25,2024-05-16 02:07:16,2019-05-03 12:51:00,Debris Flow,Undercutting,66.5,3259,22.73,684024.0,2,0,4228,10.4,196,5.9,Under Investigation,ISRO
561,53,121,6,2019-07-23 21:31:12,2024-12-05 01:24:00,2024-01-29 23:21:19,Mudflow,Rainfall,61.0,912,46.7,1744995.0,1,4,4728,14.5,217,5.1,Preliminary,Field Team
562,16,21,2,2018-07-27 00:58:38,2019-05-02 03:46:53,2020-09-27 14:05:59,Debris Flow,Undercutting,35.3,474,40.82,1985877.0,1,5,1795,5.0,47,6.8,Under Investigation,District Admin
563,45,133,5,2021-09-12 16:09:48,2018-02-19 02:23:13,2021-08-19 07:17:26,Translational Slide,Rainfall,33.2,511,28.71,1160973.0,0,0,1549,12.7,483,6.0,Under Investigation,District Admin
564,19,298,2,2021-01-24 12:27:28,2018-03-07 04:45:49,2024-01-18 02:44:32,Rockfall,Earthquake,64.5,1090,7.5,27223.0,0,0,2187,17.6,228,6.2,Preliminary,GSI
565,10,493,1,2022-05-21 04:02:33,2023-03-31 07:50:58,2022-01-08 20:12:26,Rotational Slide,Earthquake,57.3,3874,17.4,773863.0,1,5,2660,18.1,176,10.0,Confirmed,GSI
566,19,45,2,2019-10-16 19:06:49,2022-09-11 02:40:11,2021-09-02 11:36:01,Rotational Slide,Unknown,38.2,4829,28.04,219693.0,2,0,4497,2.3,58,8.9,Confirmed,Field Team
567,39,89,4,2020-06-16 01:16:27,2018-12-21 00:05:46,2019-12-21 06:57:08,Mudflow,Unknown,51.7,538,20.48,74451.0,0,0,4279,2.9,218,1.2,Confirmed,ISRO
568,2,336,1,2020-12-19 17:45:23,2020-11-25 09:24:46,2018-07-08 09:41:11,Rockfall,Snowmelt,43.3,1553,0.68,25184.0,1,2,1838,19.1,436,6.5,Preliminary,GSI
569,7,319,1,2018-12-27 10:15:00,2019-09-02 08:15:22,2024-04-05 13:05:31,Translational Slide,Undercutting,47.2,2058,18.36,665362.0,3,3,2532,9.8,387,1.5,Under Investigation,ISRO
570,53,235,6,2020-01-21 12:28:00,2022-06-28 04:54:08,2021-02-04 02:59:39,Translational Slide,Snowmelt,28.3,4707,25.52,1085057.0,2,6,2876,18.6,261,8.6,Preliminary,Satellite
571,19,243,2,2023-03-29 02:42:10,2019-03-22 16:19:32,2024-05-05 15:19:09,Rockfall,Earthquake,43.4,4048,28.95,935562.0,0,0,3381,19.5,415,2.5,Confirmed,District Admin
572,47,215,6,2022-03-30 17:09:07,2021-12-30 05:22:16,2024-06-12 05:01:25,Complex,Unknown,15.6,3586,7.63,133354.0,2,4,4952,14.8,329,8.3,Confirmed,GSI
573,43,364,5,2024-11-13 15:49:12,2022-10-24 07:19:14,2021-10-13 21:37:50,Rotational Slide,Undercutting,61.3,4408,27.38,135123.0,0,0,20,17.1,412,2.2,Confirmed,Satellite
574,34,142,4,2024-07-31 13:34:01,2019-02-17 01:11:05,2019-10-22 11:19:12,Complex,Unknown,60.9,2711,49.65,1035323.0,5,0,2845,16.9,95,2.8,Confirmed,GSI
575,46,206,5,2018-07-28 09:39:47,2023-09-01 12:03:03,2020-04-09 05:03:44,Rockfall,Rainfall,53.1,1095,47.56,1035396.0,3,3,4068,2.8,423,6.1,Under Investigation,GSI
576,6,46,1,2021-02-04 01:00:13,2023-07-27 23:06:37,2023-03-27 20:35:26,Debris Flow,Unknown,58.7,3710,14.96,701662.0,3,3,876,15.0,387,4.2,Confirmed,District Admin
577,44,367,5,2024-12-01 01:46:32,2021-09-08 11:58:00,2019-05-09 02:13:28,Rotational Slide,Earthquake,37.9,3411,12.99,383333.0,0,0,3822,16.4,361,1.6,Preliminary,ISRO
578,36,271,4,2022-12-23 16:47:00,2022-08-29 03:27:01,2024-03-13 22:32:07,Mudflow,Snowmelt,68.5,4153,23.64,926454.0,1,0,1857,9.4,66,9.0,Under Investigation,Satellite
579,57,389,7,2024-08-05 20:24:16,2018-06-15 14:56:26,2024-04-11 03:57:57,Debris Flow,Earthquake,41.2,2276,24.11,939562.0,1,3,2775,16.8,7,6.9,Under Investigation,Satellite
580,24,402,3,2021-12-12 14:55:32,2019-07-07 06:56:25,2020-02-02 05:52:07,Translational Slide,Undercutting,38.5,4382,1.67,15558.0,0,0,1590,16.0,308,6.9,Preliminary,Satellite
581,23,434,3,2023-02-11 08:25:42,2024-12-13 22:07:15,2024-06-25 11:44:47,Rockfall,Rainfall,43.3,1925,23.66,474566.0,1,5,2920,1.3,59,8.5,Preliminary,ISRO
582,25,38,3,2018-01-19 15:59:00,2019-10-04 09:54:13,2019-04-06 19:34:55,Rockfall,Undercutting,19.8,3323,10.96,206431.0,20,100,4281,15.3,437,3.3,Confirmed,ISRO
583,2,6,1,2021-05-19 03:47:27,2019-02-18 11:58:04,2022-03-25 15:46:23,Complex,Undercutting,56.3,3781,30.07,1222796.0,3,6,1872,0.9,148,4.3,Confirmed,ISRO
584,43,445,5,2024-11-21 10:14:19,2022-09-19 08:49:09,2023-07-03 16:52:51,Mudflow,Snowmelt,67.7,3043,27.54,153677.0,0,0,2262,18.2,163,5.0,Under Investigation,District Admin
585,21,382,2,2019-04-01 04:34:49,2022-03-05 18:31:32,2019-02-08 10:23:16,Rockfall,Snowmelt,24.3,4517,3.91,89942.0,1,0,1097,4.7,23,7.7,Under Investigation,Field Team
586,11,117,1,2022-04-20 00:09:18,2023-03-10 14:09:02,2022-01-06 02:28:06,Debris Flow,Snowmelt,56.0,3794,39.36,878572.0,2,4,2295,8.5,237,1.7,Preliminary,District Admin
587,49,334,6,2023-05-23 17:41:48,2020-07-23 16:01:49,2020-01-31 14:18:52,Debris Flow,Anthropogenic,22.7,2841,11.57,388340.0,0,0,3986,6.4,361,4.9,Confirmed,Field Team
588,4,83,1,2024-04-23 05:21:16,2023-10-16 09:02:28,2022-09-03 13:16:08,Debris Flow,Snowmelt,19.3,1834,38.55,783603.0,1,1,3693,3.7,349,2.5,Preliminary,GSI
589,56,428,7,2020-04-25 10:13:46,2019-05-29 06:57:33,2022-11-02 23:32:53,Translational Slide,Undercutting,37.2,1043,27.47,1266957.0,1,5,1133,7.2,355,0.8,Preliminary,Satellite
590,59,480,8,2023-11-14 12:37:43,2021-11-21 00:43:33,2024-10-09 04:30:12,Mudflow,Snowmelt,49.1,1542,11.76,44914.0,0,0,1927,5.2,305,8.6,Preliminary,District Admin
591,50,5,6,2021-07-11 06:43:41,2023-03-13 15:45:21,2021-11-11 08:10:27,Debris Flow,Undercutting,39.9,2279,36.92,781345.0,0,0,4097,11.9,123,8.4,Under Investigation,District Admin
592,10,433,1,2020-01-12 15:13:55,2019-12-23 05:41:09,2023-05-29 03:06:48,Debris Flow,Snowmelt,53.5,2178,20.18,848112.0,1,1,1476,1.2,454,5.2,Under Investigation,GSI
593,62,252,8,2019-03-13 13:10:03,2024-03-12 12:36:35,2020-08-11 01:23:11,Debris Flow,Snowmelt,55.0,4493,38.99,340114.0,5,10,934,5.8,106,6.1,Confirmed,ISRO
594,2,461,1,2020-01-09 23:26:36,2021-01-05 15:53:04,2018-09-06 13:34:01,Debris Flow,Snowmelt,62.7,2989,39.76,66868.0,50,100,1510,13.6,9,9.3,Confirmed,Field Team
595,60,100,8,2022-12-31 01:56:21,2023-02-23 05:16:58,2021-02-19 12:36:14,Debris Flow,Snowmelt,22.6,3552,34.29,1615976.0,0,0,1709,3.7,400,4.7,Confirmed,Satellite
596,1,277,1,2020-06-29 18:02:47,2024-11-14 17:20:06,2024-10-08 07:47:38,Rockfall,Earthquake,43.5,1942,19.95,928708.0,0,0,2865,12.3,388,5.2,Under Investigation,GSI
597,11,459,1,2024-06-03 03:52:24,2022-10-30 22:26:28,2022-06-07 20:21:52,Rockfall,Snowmelt,62.3,2944,11.19,368807.0,0,0,3516,1.2,329,3.4,Confirmed,Satellite
598,32,136,3,2024-12-28 23:40:37,2018-01-12 13:47:31,2022-01-28 13:54:55,Debris Flow,Earthquake,42.4,4682,18.74,434384.0,0,0,3562,6.0,340,7.3,Confirmed,Satellite
599,62,432,8,2019-12-05 19:02:10,2021-02-18 08:34:36,2018-05-22 18:14:11,Rockfall,Anthropogenic,20.6,2666,9.39,45166.0,0,0,1951,12.4,105,2.1,Confirmed,ISRO
600,23,35,3,2018-06-16 04:51:23,2020-07-15 10:18:21,2018-05-17 07:54:25,Mudflow,Undercutting,30.1,3077,45.3,1832959.0,0,0,929,12.4,145,7.1,Confirmed,Satellite
601,13,387,2,2020-10-02 06:56:10,2024-01-11 00:22:36,2024-01-15 20:14:07,Rockfall,Anthropogenic,56.5,2657,14.8,193409.0,5,20,3495,2.6,82,8.9,Confirmed,Field Team
602,50,171,6,2024-09-17 12:20:58,2023-07-27 12:12:04,2023-05-25 14:19:37,Rotational Slide,Anthropogenic,29.6,3019,43.74,1332147.0,0,0,965,2.9,196,2.2,Preliminary,GSI
603,37,105,4,2023-01-10 10:39:50,2022-03-06 07:46:25,2019-06-09 13:54:17,Translational Slide,Anthropogenic,61.2,695,4.98,37298.0,0,0,1876,2.0,322,9.2,Preliminary,Field Team
604,7,460,1,2019-08-05 22:01:56,2024-08-26 05:42:47,2023-12-24 08:20:55,Rockfall,Anthropogenic,39.9,605,31.08,214539.0,3,3,216,0.1,361,1.5,Preliminary,ISRO
605,56,170,7,2021-12-23 00:20:06,2018-07-22 16:54:28,2023-06-11 18:29:40,Rockfall,Anthropogenic,49.4,1580,13.62,493997.0,0,0,860,6.0,191,7.1,Preliminary,ISRO
606,10,498,1,2019-01-18 16:34:15,2024-08-16 05:47:59,2018-01-31 09:49:34,Translational Slide,Snowmelt,15.7,665,35.44,477173.0,3,6,4421,15.8,324,4.1,Under Investigation,ISRO
607,62,107,8,2020-08-18 05:37:37,2023-03-29 22:34:42,2021-04-02 13:17:03,Mudflow,Anthropogenic,37.4,1862,49.31,1088268.0,0,0,468,3.3,183,7.5,Under Investigation,ISRO
608,54,379,6,2024-01-27 05:49:20,2023-09-12 08:25:30,2019-05-29 21:37:49,Rockfall,Anthropogenic,15.2,1824,35.0,1253682.0,1,3,1408,0.4,441,7.9,Preliminary,District Admin
609,6,403,1,2024-07-26 12:10:35,2022-07-20 05:48:56,2021-05-13 14:11:35,Translational Slide,Earthquake,53.7,1231,8.04,80358.0,0,0,4368,3.7,450,2.2,Confirmed,GSI
610,55,485,7,2019-11-26 05:15:59,2024-10-16 22:41:26,2022-06-04 05:53:44,Translational Slide,Rainfall,57.9,1732,13.75,207435.0,1,4,93,15.8,0,3.0,Preliminary,GSI
611,62,298,8,2022-01-19 13:12:11,2018-07-24 23:48:05,2024-06-12 07:15:23,Rockfall,Undercutting,64.2,993,3.43,143929.0,2,0,1897,12.3,82,3.3,Preliminary,GSI
612,6,487,1,2024-08-21 07:24:54,2018-06-02 10:25:17,2022-06-28 03:59:43,Complex,Snowmelt,18.9,1070,0.39,1284.0,20,80,1176,9.2,242,9.8,Confirmed,Field Team
613,19,112,2,2023-11-24 22:22:00,2022-12-27 13:42:09,2020-07-02 21:07:13,Rockfall,Snowmelt,24.4,4921,0.83,14071.0,1,1,2223,8.5,479,8.0,Preliminary,District Admin
614,46,48,5,2022-11-18 09:08:12,2020-03-16 14:11:29,2023-04-09 21:57:24,Mudflow,Anthropogenic,19.4,2932,35.8,718341.0,0,0,952,18.3,457,9.2,Confirmed,Field Team
615,55,355,7,2020-05-03 08:38:18,2021-10-25 03:32:35,2022-12-13 00:05:53,Translational Slide,Undercutting,47.5,3465,9.09,443221.0,3,9,569,9.5,88,3.3,Confirmed,GSI
616,57,87,7,2021-03-21 17:14:28,2021-11-15 13:49:21,2020-03-15 16:52:24,Mudflow,Anthropogenic,17.1,2322,15.45,599511.0,0,0,1378,4.4,5,2.1,Preliminary,Satellite
617,24,382,3,2020-07-12 12:53:48,2023-10-14 13:46:45,2020-12-26 02:41:00,Debris Flow,Undercutting,19.2,4482,6.93,196890.0,0,0,3830,3.5,447,3.7,Preliminary,Field Team
618,48,484,6,2021-01-02 05:05:25,2018-05-14 18:49:14,2023-05-08 17:04:16,Complex,Snowmelt,47.0,3490,36.33,453701.0,3,12,131,16.7,433,6.7,Preliminary,GSI
619,19,114,2,2023-02-10 16:58:33,2023-01-23 20:54:22,2022-08-30 08:57:26,Translational Slide,Earthquake,31.7,3633,13.17,150160.0,0,0,3073,1.6,386,2.7,Under Investigation,GSI
620,24,338,3,2021-05-01 22:05:33,2023-05-02 22:10:36,2019-03-27 00:49:33,Rotational Slide,Anthropogenic,39.4,1593,18.7,492912.0,2,0,489,3.0,332,8.5,Under Investigation,Field Team
621,2,149,1,2020-08-25 11:26:48,2022-10-07 18:32:15,2020-05-15 00:25:30,Complex,Snowmelt,33.8,2696,44.13,116064.0,5,5,2031,8.9,418,4.3,Under Investigation,GSI
622,36,478,4,2019-07-10 05:47:11,2024-11-21 00:49:32,2023-01-26 16:41:32,Translational Slide,Anthropogenic,42.1,4129,21.09,938606.0,1,4,2303,15.5,168,6.9,Confirmed,Field Team
623,31,385,3,2020-04-20 18:26:13,2022-06-26 00:47:54,2021-07-13 20:20:54,Debris Flow,Unknown,39.1,2652,15.3,624961.0,2,10,4126,15.1,70,1.8,Confirmed,Field Team
624,4,135,1,2024-04-16 13:48:44,2022-05-20 06:11:53,2018-09-08 02:25:48,Rockfall,Undercutting,66.7,3777,38.27,1060392.0,1,5,3627,0.6,458,8.9,Preliminary,ISRO
625,61,415,8,2024-07-04 18:11:49,2023-07-03 03:35:09,2022-09-11 22:20:56,Rockfall,Earthquake,49.3,4147,41.87,1763814.0,0,0,4395,18.6,377,9.2,Confirmed,Satellite
626,28,422,3,2021-06-15 19:16:10,2020-08-18 02:43:49,2020-08-30 10:19:43,Complex,Undercutting,32.8,2434,20.32,310996.0,0,0,4844,10.7,144,3.9,Under Investigation,Satellite
627,27,231,3,2018-04-20 12:38:11,2024-10-23 16:10:17,2020-08-08 17:58:32,Complex,Anthropogenic,62.5,994,3.27,57745.0,1,1,16,7.4,415,1.0,Confirmed,GSI
628,30,372,3,2024-01-16 03:26:30,2019-04-12 10:56:41,2023-12-02 18:55:48,Debris Flow,Rainfall,17.9,1656,25.15,1168060.0,0,0,2220,13.3,451,7.8,Under Investigation,ISRO
629,58,436,7,2023-09-25 02:21:00,2019-10-02 13:40:19,2018-06-24 14:56:03,Rockfall,Rainfall,33.2,794,10.07,231506.0,0,0,445,18.7,16,5.4,Confirmed,Field Team
630,11,206,1,2019-09-08 16:10:38,2021-08-29 00:42:54,2018-03-20 14:09:33,Mudflow,Unknown,53.0,1041,47.3,1322656.0,2,4,2450,16.8,487,5.9,Under Investigation,Field Team
631,41,142,5,2018-12-30 02:26:34,2022-04-26 03:10:51,2023-04-19 12:25:08,Debris Flow,Undercutting,58.4,2560,0.21,9852.0,2,10,4913,17.7,430,0.7,Under Investigation,GSI
632,30,30,3,2019-12-19 13:12:43,2020-01-24 20:16:21,2023-11-08 21:52:56,Translational Slide,Rainfall,54.0,764,45.08,629478.0,0,0,4873,7.6,376,7.6,Under Investigation,ISRO
633,20,84,2,2022-03-12 06:26:38,2018-02-06 05:35:58,2020-12-26 18:28:25,Complex,Rainfall,56.8,636,1.03,5574.0,10,10,3756,7.3,332,7.7,Confirmed,ISRO
634,59,387,8,2021-04-17 07:24:20,2022-10-07 08:32:48,2018-11-21 22:34:52,Translational Slide,Anthropogenic,56.8,2705,6.73,258956.0,2,0,2883,7.1,347,0.7,Confirmed,Field Team
635,53,360,6,2021-01-19 16:34:09,2021-02-06 22:25:26,2019-09-16 06:08:14,Translational Slide,Rainfall,23.8,3713,6.03,264353.0,1,3,2037,10.4,309,7.9,Under Investigation,Field Team
636,19,300,2,2018-10-29 04:23:37,2018-07-26 08:11:38,2023-11-19 12:11:10,Translational Slide,Undercutting,41.2,3982,15.59,639396.0,20,100,1426,2.7,196,4.5,Confirmed,Field Team
637,61,477,8,2024-05-20 18:26:11,2019-09-25 18:58:47,2024-10-06 23:35:15,Rockfall,Anthropogenic,54.4,2483,9.54,170698.0,2,8,4921,13.1,244,8.7,Preliminary,Satellite
638,33,238,4,2023-07-23 14:39:11,2019-12-09 01:33:55,2020-10-27 19:52:15,Debris Flow,Anthropogenic,22.6,4911,18.67,733142.0,0,0,2023,5.1,381,2.3,Under Investigation,GSI
639,10,65,1,2022-07-07 00:01:00,2019-08-25 19:46:47,2018-10-03 09:47:41,Complex,Earthquake,22.6,624,44.85,681274.0,0,0,3820,18.6,374,9.4,Confirmed,ISRO
640,20,61,2,2018-03-10 06:33:51,2024-08-19 19:34:27,2021-09-02 21:24:19,Rockfall,Unknown,31.8,990,28.79,482188.0,5,20,3850,2.6,69,3.3,Confirmed,District Admin
641,40,497,5,2019-09-12 01:33:11,2019-02-24 19:16:35,2024-12-16 12:08:58,Mudflow,Undercutting,46.6,4132,11.75,490573.0,0,0,3494,8.6,332,9.9,Preliminary,Field Team
642,35,68,4,2018-01-18 02:30:42,2023-11-26 13:36:21,2023-05-22 04:48:48,Complex,Unknown,56.7,3370,18.29,581063.0,0,0,3346,8.2,148,8.6,Confirmed,District Admin
643,16,408,2,2021-06-12 15:16:07,2024-12-09 10:54:25,2019-02-02 00:03:31,Translational Slide,Snowmelt,38.4,1546,35.57,589800.0,20,100,1590,9.6,37,5.2,Preliminary,GSI
644,15,215,2,2018-12-19 18:48:42,2018-10-18 18:12:33,2023-06-07 06:13:29,Debris Flow,Earthquake,15.8,3561,9.05,29000.0,2,8,4782,12.0,414,3.3,Preliminary,District Admin
645,55,230,7,2021-03-19 17:38:00,2019-06-12 07:20:04,2018-01-22 22:53:30,Translational Slide,Anthropogenic,39.4,1265,39.01,982105.0,0,0,4378,8.3,311,1.2,Preliminary,GSI
646,59,353,8,2024-04-01 11:05:30,2021-01-02 11:24:12,2020-11-13 01:38:52,Debris Flow,Undercutting,33.1,1774,34.78,1672559.0,0,0,4858,6.9,0,3.8,Under Investigation,GSI
647,47,378,6,2019-01-26 10:57:53,2019-04-25 12:03:41,2023-07-08 15:00:03,Rotational Slide,Rainfall,39.4,3205,22.65,323695.0,3,9,2996,5.0,367,3.5,Preliminary,GSI
648,35,142,4,2018-03-17 07:38:59,2024-08-07 12:25:49,2019-10-19 23:46:02,Rockfall,Undercutting,61.8,2665,39.44,1094486.0,0,0,197,13.6,283,4.3,Preliminary,GSI
649,43,228,5,2023-12-28 17:00:09,2022-11-27 22:38:13,2020-04-14 23:15:21,Complex,Snowmelt,43.0,2963,19.65,171249.0,2,0,3130,5.6,477,2.3,Preliminary,District Admin
650,17,436,2,2018-03-26 16:58:32,2024-10-14 17:30:02,2024-09-09 05:02:43,Complex,Rainfall,34.1,813,45.01,1725786.0,3,9,348,10.1,47,5.6,Under Investigation,District Admin
651,56,114,7,2018-11-20 02:12:43,2021-02-03 17:21:35,2018-07-12 10:10:51,Translational Slide,Earthquake,26.8,3564,42.82,347600.0,0,0,788,6.7,57,6.1,Preliminary,GSI
652,19,233,2,2019-10-13 04:01:20,2022-01-28 22:17:18,2023-05-22 23:44:50,Debris Flow,Undercutting,24.3,4588,11.37,515564.0,2,6,3910,19.0,395,1.8,Under Investigation,ISRO
653,6,228,1,2018-09-18 09:24:47,2023-06-14 12:26:08,2022-07-27 05:15:20,Complex,Undercutting,45.5,2949,3.76,117544.0,0,0,4723,5.4,186,2.7,Confirmed,ISRO
654,48,197,6,2018-10-29 23:34:19,2022-05-10 16:25:03,2021-09-16 01:25:15,Debris Flow,Snowmelt,29.8,2661,0.92,17779.0,3,9,48,4.3,424,0.6,Confirmed,ISRO
655,47,272,6,2018-12-26 20:40:27,2024-07-30 01:37:07,2019-11-07 01:51:47,Rockfall,Unknown,23.2,3370,13.37,18620.0,1,0,89,17.2,69,0.7,Preliminary,District Admin
656,11,353,1,2020-03-30 14:48:23,2020-02-04 12:02:03,2024-12-27 22:34:27,Debris Flow,Earthquake,33.8,1762,28.46,999219.0,0,0,4706,13.0,178,9.2,Preliminary,District Admin
657,43,165,5,2020-11-21 08:40:37,2021-03-14 10:14:32,2019-01-06 03:35:01,Complex,Undercutting,17.1,488,47.6,149863.0,0,0,4955,5.6,304,4.2,Under Investigation,District Admin
658,34,109,4,2021-03-06 09:48:21,2023-07-14 19:31:03,2021-07-13 22:26:24,Debris Flow,Earthquake,24.4,4358,19.97,417395.0,5,20,3039,3.0,52,8.2,Confirmed,District Admin
659,35,217,4,2018-05-05 14:00:18,2021-12-18 02:23:32,2022-02-04 00:04:23,Rockfall,Unknown,16.1,4354,22.5,728483.0,3,9,131,2.6,117,7.0,Under Investigation,GSI
660,28,255,3,2019-01-20 10:27:03,2018-11-04 06:15:37,2021-08-29 09:28:36,Rotational Slide,Rainfall,44.5,2067,17.41,392802.0,0,0,1468,5.1,374,7.6,Confirmed,GSI
661,44,416,5,2021-08-03 22:58:29,2023-11-20 20:36:34,2022-06-18 13:47:59,Rotational Slide,Unknown,32.6,3421,29.22,486413.0,1,4,654,15.2,219,3.6,Confirmed,Satellite
662,16,100,2,2021-08-13 22:38:31,2023-04-04 01:49:11,2020-09-21 23:44:30,Translational Slide,Unknown,21.9,3548,13.27,449283.0,1,4,56,7.5,125,8.6,Under Investigation,GSI
663,37,96,4,2019-11-03 00:38:23,2020-05-21 21:08:13,2024-05-05 12:18:16,Debris Flow,Earthquake,21.2,3882,21.68,278650.0,0,0,4945,14.0,164,2.8,Confirmed,Field Team
664,60,412,8,2023-02-28 12:39:55,2019-10-16 07:46:34,2021-10-17 20:09:02,Rockfall,Earthquake,50.5,3398,29.73,301901.0,0,0,1939,12.4,294,1.4,Under Investigation,GSI
665,5,217,1,2024-12-01 06:14:48,2018-10-17 19:37:33,2019-09-04 19:00:51,Complex,Snowmelt,19.4,4324,39.94,1050303.0,0,0,2432,9.9,441,1.3,Preliminary,District Admin
666,9,460,1,2022-05-13 01:58:59,2020-06-24 03:01:00,2022-05-31 09:15:13,Complex,Earthquake,41.1,757,22.18,496487.0,2,8,568,4.0,221,9.9,Under Investigation,ISRO
667,59,66,8,2023-07-12 14:29:29,2018-05-19 12:25:59,2021-05-08 23:30:01,Translational Slide,Rainfall,37.6,1327,11.0,517247.0,1,5,4147,14.0,26,2.8,Confirmed,District Admin
668,40,161,5,2019-11-26 19:32:50,2021-05-03 23:03:08,2023-07-25 08:01:43,Complex,Snowmelt,41.2,566,15.28,487104.0,0,0,3874,15.8,187,5.3,Preliminary,Field Team
669,27,71,3,2022-03-01 18:59:00,2020-02-21 16:42:22,2022-07-11 08:26:46,Debris Flow,Anthropogenic,52.3,4123,42.11,928749.0,0,0,2007,14.1,161,6.2,Under Investigation,Satellite
670,14,54,2,2023-11-12 06:37:44,2024-09-16 02:16:38,2023-09-04 13:02:37,Complex,Undercutting,57.3,600,38.53,1321200.0,2,8,2275,16.8,7,8.7,Under Investigation,ISRO
671,10,422,1,2022-09-04 13:18:13,2019-02-18 05:45:35,2024-07-27 22:59:56,Mudflow,Unknown,26.6,2432,6.47,242753.0,20,40,3121,2.0,168,6.4,Under Investigation,District Admin
672,15,129,2,2018-03-08 00:44:04,2024-08-20 16:45:58,2021-05-30 15:19:11,Complex,Earthquake,46.1,2303,9.2,212254.0,2,2,1126,18.2,236,7.6,Under Investigation,Field Team
673,5,434,1,2023-10-04 16:33:09,2018-08-25 10:42:34,2021-04-03 02:24:33,Debris Flow,Snowmelt,47.1,1924,45.46,332296.0,1,5,4473,13.0,102,7.1,Preliminary,Satellite
674,42,190,5,2022-06-30 09:29:47,2021-08-22 16:27:43,2022-12-23 19:17:36,Translational Slide,Earthquake,28.5,4620,48.98,1487692.0,20,40,3206,0.5,123,9.7,Under Investigation,Field Team
675,10,104,1,2022-06-06 03:03:53,2018-01-31 03:26:20,2021-12-30 10:46:28,Complex,Undercutting,58.6,3294,27.2,792134.0,0,0,3147,8.0,169,5.2,Under Investigation,Field Team
676,21,168,2,2022-01-08 15:22:06,2022-05-02 16:28:21,2023-11-05 13:51:33,Rockfall,Anthropogenic,23.9,1898,49.56,467611.0,1,2,46,0.1,36,4.4,Preliminary,District Admin
677,21,55,2,2019-09-23 05:57:16,2018-01-21 04:51:54,2020-04-06 06:33:26,Mudflow,Snowmelt,46.0,3586,43.09,592082.0,3,12,3869,18.7,119,8.4,Preliminary,GSI
678,47,33,6,2023-01-28 00:15:26,2023-10-01 20:26:03,2019-12-12 01:51:44,Rotational Slide,Unknown,17.2,2445,9.78,432403.0,0,0,1260,18.3,376,5.6,Confirmed,Satellite
679,50,447,6,2021-02-12 23:04:13,2023-05-03 19:31:55,2024-06-16 15:08:53,Rotational Slide,Anthropogenic,21.4,1385,13.53,396983.0,1,3,542,16.5,137,1.5,Preliminary,Field Team
680,40,139,5,2023-11-28 00:19:20,2023-09-18 00:36:20,2023-08-03 20:40:14,Mudflow,Anthropogenic,63.5,3094,45.73,1085534.0,0,0,4031,6.0,299,8.4,Under Investigation,GSI
681,9,337,1,2022-11-06 00:10:45,2021-12-20 16:38:48,2019-07-28 10:33:17,Mudflow,Rainfall,46.6,1008,30.89,439966.0,2,0,1910,19.4,78,0.9,Confirmed,Satellite
682,48,226,6,2023-02-27 15:18:34,2022-10-09 23:17:58,2023-11-11 23:10:12,Debris Flow,Undercutting,51.5,4840,21.9,410978.0,0,0,2529,1.3,66,8.5,Preliminary,Satellite
683,56,203,7,2023-10-08 08:06:36,2022-01-16 23:35:24,2024-12-25 08:10:29,Translational Slide,Snowmelt,13.9,1425,21.07,273698.0,3,3,3517,0.6,107,1.4,Preliminary,ISRO
684,45,2,5,2022-04-22 12:11:53,2023-12-10 02:29:34,2023-08-13 04:18:49,Rockfall,Snowmelt,52.6,1681,29.56,981479.0,2,10,708,7.4,288,3.5,Under Investigation,Satellite
685,38,429,4,2018-04-06 13:59:09,2023-08-21 18:01:09,2019-12-03 07:30:43,Mudflow,Rainfall,44.5,3301,11.85,279047.0,0,0,3881,2.4,500,4.6,Preliminary,Satellite
686,41,327,5,2023-01-10 01:42:56,2018-10-17 20:50:28,2022-09-20 15:20:20,Rockfall,Undercutting,40.2,1629,27.65,1124970.0,20,80,2645,14.1,276,6.4,Confirmed,Field Team
687,48,108,6,2023-03-11 16:04:22,2023-09-20 19:48:45,2022-05-19 05:25:52,Mudflow,Earthquake,18.8,713,29.2,487636.0,2,8,4759,6.0,262,4.7,Confirmed,Satellite
688,2,441,1,2019-09-30 00:43:30,2024-10-04 00:40:54,2021-09-28 23:05:35,Mudflow,Rainfall,34.2,4247,19.99,167835.0,1,5,891,3.6,331,8.0,Under Investigation,Field Team
689,55,336,7,2019-02-07 16:49:08,2024-09-07 01:55:07,2018-07-12 14:37:08,Rockfall,Snowmelt,46.9,1647,40.79,93862.0,3,0,3291,7.8,284,1.9,Under Investigation,Satellite
690,58,119,7,2020-07-06 08:57:45,2018-07-09 07:45:20,2018-07-01 13:31:20,Translational Slide,Undercutting,64.7,2299,25.62,1192743.0,1,2,4976,18.0,400,7.4,Confirmed,ISRO
691,22,182,2,2023-01-02 00:51:31,2021-09-10 10:40:02,2021-07-27 14:43:57,Debris Flow,Anthropogenic,45.5,1548,22.17,825766.0,3,15,1786,2.0,268,5.0,Under Investigation,ISRO
692,34,141,4,2021-02-21 08:02:19,2023-06-03 01:41:58,2019-02-24 04:59:14,Complex,Anthropogenic,23.2,725,18.45,478703.0,0,0,2550,1.3,205,5.6,Preliminary,GSI
693,21,322,2,2022-05-31 17:38:04,2019-08-06 07:40:19,2020-12-29 11:27:32,Rotational Slide,Anthropogenic,21.6,2094,37.21,1099786.0,1,3,3656,10.8,294,8.2,Confirmed,ISRO
694,53,396,6,2022-09-30 23:54:27,2023-05-20 06:48:31,2023-09-04 21:13:55,Debris Flow,Anthropogenic,52.7,4074,47.69,1950796.0,0,0,1103,12.3,187,4.8,Confirmed,Satellite
695,59,361,8,2019-08-27 21:28:14,2019-07-14 18:53:05,2021-09-19 17:23:58,Complex,Unknown,44.9,3894,5.31,107695.0,1,5,1707,14.2,420,2.7,Confirmed,District Admin
696,6,193,1,2022-03-08 02:35:22,2023-03-27 06:19:18,2022-04-24 15:45:16,Translational Slide,Earthquake,46.0,4015,31.38,422381.0,0,0,3187,0.5,380,6.5,Preliminary,Satellite
697,19,333,2,2018-12-04 20:31:17,2021-10-11 00:10:57,2019-11-10 02:32:42,Debris Flow,Snowmelt,22.4,1841,37.06,1713806.0,2,6,521,8.8,330,8.4,Preliminary,GSI
698,15,404,2,2021-05-13 08:42:30,2023-06-18 14:18:01,2019-06-11 18:51:46,Rockfall,Undercutting,39.4,1283,19.39,864379.0,2,4,4607,4.1,326,10.0,Confirmed,GSI
699,52,78,6,2022-10-06 20:22:59,2020-02-12 13:24:28,2023-02-26 03:38:47,Translational Slide,Snowmelt,26.5,2653,37.48,1093732.0,2,6,1533,2.3,0,1.8,Preliminary,Field Team
700,59,124,8,2021-02-12 05:51:58,2024-08-07 17:02:04,2020-05-05 23:28:27,Mudflow,Earthquake,57.3,496,1.7,67793.0,3,3,1803,5.4,183,6.4,Confirmed,GSI
701,31,443,3,2023-01-27 19:04:20,2024-12-01 05:13:15,2021-12-06 02:29:19,Translational Slide,Anthropogenic,36.1,3308,7.57,120492.0,3,0,2247,5.9,71,8.8,Preliminary,GSI
702,8,282,1,2022-04-21 07:31:48,2021-10-03 11:37:48,2019-10-09 20:11:31,Complex,Snowmelt,34.3,4841,6.5,75992.0,1,2,3124,17.9,415,1.4,Under Investigation,GSI
703,2,111,1,2024-02-21 10:00:11,2021-01-15 09:59:43,2020-11-13 17:25:30,Rockfall,Earthquake,48.4,4371,37.17,646446.0,0,0,1706,16.6,117,5.9,Preliminary,Field Team
704,49,124,6,2020-08-14 02:16:59,2021-04-12 18:53:12,2019-09-02 11:05:07,Rotational Slide,Unknown,56.2,489,18.12,353712.0,2,0,3062,13.7,269,5.4,Under Investigation,District Admin
705,14,33,2,2019-07-03 22:00:18,2023-10-06 06:03:44,2023-12-05 11:32:03,Debris Flow,Rainfall,23.9,2426,0.8,13431.0,0,0,3567,8.5,245,9.7,Confirmed,District Admin
706,14,299,2,2018-12-12 10:05:04,2018-03-02 15:51:35,2018-11-14 17:29:06,Debris Flow,Undercutting,34.7,1156,12.58,279573.0,1,1,851,18.9,268,3.5,Preliminary,ISRO
707,22,390,2,2023-02-04 01:26:41,2020-09-28 23:04:23,2020-12-14 05:45:47,Rockfall,Rainfall,21.4,1359,27.44,1153983.0,0,0,4736,13.1,94,2.4,Confirmed,Satellite
708,28,448,3,2021-10-05 20:44:21,2019-01-27 03:18:50,2019-09-21 00:25:26,Translational Slide,Rainfall,28.0,2333,45.51,87583.0,0,0,1377,5.8,131,3.5,Under Investigation,Satellite
709,10,10,1,2019-01-26 12:27:57,2021-02-12 01:02:20,2020-08-08 18:08:11,Complex,Earthquake,54.1,614,12.57,535374.0,1,1,1111,17.1,71,6.7,Confirmed,Satellite
710,49,24,6,2018-11-06 03:48:13,2019-12-15 11:11:33,2022-04-01 03:50:13,Rockfall,Earthquake,27.4,4761,12.88,206474.0,0,0,1576,4.6,171,8.4,Preliminary,District Admin
711,22,65,2,2020-06-06 09:11:32,2019-12-11 08:37:32,2022-10-28 13:12:17,Rockfall,Unknown,14.6,701,20.05,779007.0,0,0,3507,15.9,486,3.9,Preliminary,Field Team
712,41,344,5,2023-04-24 20:57:55,2023-04-17 07:22:25,2019-01-13 10:44:11,Translational Slide,Snowmelt,49.5,2693,41.07,597966.0,1,5,2953,3.5,288,8.5,Preliminary,Field Team
713,49,460,6,2022-05-17 05:23:50,2020-12-27 15:50:23,2020-06-16 07:25:54,Mudflow,Unknown,43.0,636,12.39,400686.0,0,0,3411,6.0,449,4.7,Preliminary,Field Team
714,28,369,3,2021-07-25 21:14:21,2024-06-19 17:56:21,2020-10-20 04:18:12,Complex,Snowmelt,60.4,3670,10.5,309198.0,2,6,1042,15.2,77,3.3,Preliminary,Field Team
715,6,81,1,2023-02-18 20:44:59,2021-03-19 13:35:21,2023-08-11 23:27:15,Complex,Undercutting,35.4,3903,20.98,223002.0,2,2,2654,5.4,51,4.2,Under Investigation,ISRO
716,19,290,2,2023-04-11 18:40:15,2021-12-22 07:43:32,2018-12-08 03:25:57,Mudflow,Unknown,41.2,4195,30.83,1166931.0,3,15,632,8.3,45,0.8,Confirmed,Field Team
717,52,107,6,2023-04-26 04:24:03,2024-11-18 13:52:30,2024-03-18 22:01:35,Rockfall,Snowmelt,38.3,1808,23.63,215890.0,3,0,781,5.5,106,1.6,Confirmed,District Admin
718,26,402,3,2020-03-15 18:49:19,2024-06-26 20:10:24,2021-04-29 11:48:25,Rockfall,Earthquake,44.1,4401,39.17,887555.0,0,0,2277,16.8,71,7.6,Under Investigation,Satellite
719,41,461,5,2021-05-16 00:13:25,2022-08-22 22:58:24,2021-04-11 18:29:05,Mudflow,Snowmelt,62.6,2967,41.05,568582.0,3,0,899,3.6,13,4.4,Under Investigation,ISRO
720,14,169,2,2020-06-22 19:07:02,2020-10-08 18:38:17,2024-07-24 01:48:48,Debris Flow,Earthquake,17.2,4360,5.33,107090.0,0,0,225,2.3,497,3.1,Preliminary,Field Team
721,54,247,6,2020-04-20 21:17:34,2018-09-12 02:55:27,2023-07-15 19:13:02,Debris Flow,Anthropogenic,30.2,1984,39.75,587938.0,3,12,2173,1.8,53,4.3,Preliminary,Satellite
722,42,364,5,2024-08-14 21:42:05,2024-04-20 13:54:26,2019-05-03 12:58:34,Debris Flow,Unknown,62.2,4438,38.61,128590.0,0,0,316,3.0,308,0.9,Preliminary,ISRO
723,8,489,1,2020-04-01 08:32:57,2020-03-19 02:27:03,2023-05-13 18:42:06,Translational Slide,Undercutting,26.4,1818,37.16,636447.0,1,1,490,4.2,195,1.1,Preliminary,Field Team
724,7,438,1,2018-12-20 15:07:13,2018-03-08 04:19:57,2023-03-16 21:55:00,Rockfall,Undercutting,56.0,3205,43.86,1725972.0,0,0,2534,18.5,45,3.2,Confirmed,ISRO
725,54,274,6,2023-02-25 20:19:20,2023-05-06 16:23:31,2022-04-08 09:55:27,Rockfall,Undercutting,18.7,4392,6.92,171231.0,2,8,1745,19.4,403,9.7,Confirmed,Field Team
726,20,315,2,2019-04-01 21:24:07,2021-03-09 01:04:45,2020-08-30 02:58:21,Rockfall,Anthropogenic,37.1,4378,39.14,1954614.0,0,0,1243,2.4,339,4.6,Under Investigation,ISRO
727,25,35,3,2022-07-24 17:16:52,2018-11-04 00:08:40,2022-01-28 09:31:46,Debris Flow,Unknown,26.7,3072,17.29,158961.0,0,0,4070,14.8,305,7.2,Preliminary,Satellite
728,34,469,4,2022-01-10 13:24:38,2019-03-11 18:40:44,2021-10-27 13:28:22,Complex,Snowmelt,15.5,4885,14.19,410665.0,10,10,478,0.6,398,5.3,Confirmed,ISRO
729,29,327,3,2018-12-20 14:09:24,2018-02-02 15:01:42,2018-06-25 02:18:54,Complex,Anthropogenic,36.1,1546,20.27,775544.0,0,0,212,5.2,2,9.9,Preliminary,Satellite
730,42,490,5,2022-09-21 05:16:02,2022-08-14 13:34:38,2018-08-30 21:17:51,Debris Flow,Snowmelt,21.3,1826,39.39,1027512.0,3,0,42,0.1,3,5.0,Confirmed,ISRO
731,33,369,4,2019-04-01 03:22:55,2024-03-27 04:18:00,2024-01-05 08:30:20,Rockfall,Undercutting,57.4,3674,39.66,353194.0,0,0,1213,3.6,302,6.2,Confirmed,GSI
732,18,48,2,2018-06-09 23:48:35,2020-10-05 11:42:01,2021-07-11 06:20:49,Translational Slide,Earthquake,16.2,2989,13.47,413012.0,0,0,833,14.1,271,6.1,Confirmed,Field Team
733,19,61,2,2022-01-12 15:35:02,2018-10-26 00:57:19,2019-02-24 19:18:58,Complex,Anthropogenic,26.3,831,29.98,712136.0,0,0,4427,0.3,313,3.7,Confirmed,Satellite
734,49,465,6,2019-01-27 20:16:18,2019-12-19 02:41:32,2024-03-25 19:14:01,Translational Slide,Earthquake,61.6,4196,23.53,496237.0,1,5,1055,11.0,467,5.8,Under Investigation,GSI
735,44,117,5,2023-03-19 17:37:49,2020-09-08 23:25:38,2024-06-16 00:20:52,Rotational Slide,Undercutting,57.2,3754,5.86,47756.0,0,0,3642,5.0,468,5.2,Preliminary,Satellite
736,37,157,4,2018-03-27 17:48:17,2024-05-09 20:03:44,2021-05-05 11:57:09,Mudflow,Undercutting,18.6,2467,9.41,421990.0,0,0,4937,19.3,7,4.1,Under Investigation,GSI
737,25,170,3,2022-09-18 14:15:14,2019-08-13 14:26:05,2020-07-01 13:42:35,Debris Flow,Anthropogenic,50.6,1689,22.67,326336.0,1,0,679,8.0,29,1.8,Confirmed,GSI
738,33,144,4,2020-03-07 15:46:25,2023-02-27 15:55:58,2020-01-09 10:51:56,Debris Flow,Undercutting,56.2,4646,30.84,273727.0,2,6,2422,5.4,123,7.6,Preliminary,ISRO
739,14,155,2,2023-09-30 00:49:02,2022-06-20 19:06:20,2023-12-30 10:20:29,Rotational Slide,Undercutting,52.8,2035,13.77,320347.0,0,0,2711,6.8,89,8.4,Under Investigation,Field Team
740,1,84,1,2021-02-10 05:23:28,2021-10-16 21:38:18,2022-01-09 05:59:14,Debris Flow,Anthropogenic,60.7,575,3.17,157995.0,0,0,1182,12.4,268,4.2,Confirmed,District Admin
741,2,467,1,2019-07-27 19:27:25,2023-06-12 09:10:38,2019-07-23 04:01:19,Debris Flow,Snowmelt,17.9,2275,9.27,409786.0,2,0,3625,3.2,90,9.1,Preliminary,ISRO
742,38,91,4,2022-07-22 12:38:13,2018-05-16 06:07:53,2020-08-02 18:10:32,Debris Flow,Anthropogenic,37.0,1461,23.79,1178446.0,0,0,1033,16.4,3,2.3,Confirmed,Field Team
743,7,344,1,2024-07-24 01:06:36,2018-12-14 19:03:00,2018-08-27 20:01:11,Complex,Undercutting,52.3,2718,12.04,155706.0,0,0,4009,12.1,50,4.1,Confirmed,District Admin
744,25,367,3,2021-02-24 22:31:04,2024-07-01 19:51:57,2019-08-08 07:00:18,Rotational Slide,Unknown,42.5,3424,25.75,490662.0,20,40,20,14.5,69,7.6,Confirmed,Field Team
745,42,322,5,2023-04-04 14:58:50,2020-09-30 14:00:50,2019-04-30 19:18:48,Rotational Slide,Earthquake,24.3,2152,26.77,125765.0,0,0,3613,14.7,467,1.5,Confirmed,Field Team
746,32,220,3,2022-09-20 22:27:21,2024-06-15 05:35:05,2021-08-08 15:35:03,Translational Slide,Unknown,46.9,2537,3.01,29086.0,1,3,548,2.5,319,1.1,Confirmed,ISRO
747,5,346,1,2019-04-12 12:30:40,2020-04-17 10:15:08,2019-09-12 06:43:31,Debris Flow,Undercutting,28.0,671,27.4,1272475.0,0,0,3914,12.7,36,8.8,Preliminary,Satellite
748,47,146,6,2023-10-01 11:26:14,2018-03-30 01:01:47,2020-09-29 14:53:21,Rockfall,Undercutting,66.0,856,45.59,232765.0,0,0,4966,6.2,464,7.1,Confirmed,GSI
749,14,74,2,2020-11-29 13:22:38,2023-05-15 17:45:16,2019-02-28 15:42:35,Rockfall,Unknown,30.3,2305,32.97,844297.0,0,0,1709,2.5,291,1.2,Preliminary,ISRO
750,59,269,8,2019-07-26 01:06:06,2022-10-19 12:18:11,2022-11-01 14:55:50,Rockfall,Anthropogenic,38.1,2556,38.97,1313197.0,0,0,2892,3.3,249,2.2,Preliminary,District Admin
751,61,177,8,2020-06-22 07:31:53,2020-12-01 16:28:32,2021-04-17 18:27:10,Rockfall,Anthropogenic,38.4,3273,18.34,370841.0,10,30,3844,19.5,147,7.2,Confirmed,GSI
752,20,209,2,2019-07-20 10:00:26,2019-03-26 04:52:43,2018-08-11 13:49:08,Translational Slide,Snowmelt,49.1,4717,28.97,1406900.0,1,3,4373,18.6,305,9.5,Under Investigation,District Admin
753,45,12,5,2024-11-19 14:37:49,2019-03-28 09:27:55,2022-03-01 00:11:09,Rockfall,Anthropogenic,68.8,4336,10.85,374932.0,0,0,597,2.6,281,9.8,Under Investigation,GSI
754,19,467,2,2021-11-13 15:46:36,2018-08-01 14:01:13,2020-07-31 20:39:33,Rockfall,Rainfall,16.2,2221,23.24,1022184.0,0,0,2386,14.0,348,8.5,Confirmed,ISRO
755,13,228,2,2019-10-02 22:03:59,2022-12-29 00:25:12,2022-07-26 20:14:42,Rockfall,Undercutting,46.0,2950,28.41,1007272.0,0,0,3233,9.8,57,1.1,Confirmed,ISRO
756,2,421,1,2018-07-20 23:43:33,2020-05-20 13:54:28,2024-06-18 12:01:50,Mudflow,Earthquake,63.8,4115,14.68,675092.0,0,0,4449,4.1,276,6.2,Preliminary,GSI
757,45,106,5,2022-04-11 00:54:21,2024-04-22 11:58:26,2021-02-20 18:45:53,Debris Flow,Rainfall,23.1,3087,32.04,429545.0,5,15,4910,2.7,133,6.4,Confirmed,Satellite
758,60,111,8,2022-03-13 01:52:41,2023-05-01 11:50:57,2023-12-14 22:44:57,Complex,Unknown,43.7,4246,48.46,2125279.0,0,0,2390,7.8,110,9.5,Under Investigation,Satellite
759,37,328,4,2018-05-27 09:16:40,2023-09-16 10:04:43,2020-05-24 10:12:33,Complex,Unknown,60.7,1635,3.5,51837.0,0,0,2855,8.1,330,2.6,Preliminary,Field Team
760,21,181,2,2023-09-03 01:12:02,2023-01-07 03:31:53,2023-01-21 17:16:02,Debris Flow,Undercutting,43.4,2584,31.26,49675.0,10,40,2603,7.6,404,9.2,Confirmed,Field Team
761,58,311,7,2023-11-30 22:35:41,2022-05-14 13:51:33,2022-09-27 03:05:36,Mudflow,Snowmelt,40.1,2168,35.19,869295.0,0,0,874,7.3,224,3.9,Under Investigation,Satellite
762,13,340,2,2020-03-26 05:26:04,2024-01-06 06:23:12,2020-11-12 11:41:34,Debris Flow,Undercutting,54.4,4668,23.88,72656.0,0,0,2726,19.4,225,7.2,Under Investigation,District Admin
763,16,187,2,2020-09-07 07:37:41,2019-08-05 03:29:57,2023-05-29 10:35:02,Debris Flow,Unknown,42.2,3629,29.7,1137306.0,0,0,3177,8.0,475,4.5,Under Investigation,Field Team
764,39,445,4,2020-05-02 00:52:55,2023-03-08 05:30:48,2022-04-23 13:37:35,Complex,Earthquake,61.7,3029,38.84,51135.0,3,6,1675,3.2,326,4.0,Under Investigation,GSI
765,11,164,1,2019-05-31 16:23:19,2018-02-01 17:58:36,2023-04-17 04:56:46,Debris Flow,Unknown,18.3,1815,21.38,1035770.0,0,0,3826,16.4,284,8.7,Confirmed,Field Team
766,51,244,6,2023-04-06 14:58:47,2019-06-10 22:46:30,2023-08-27 12:12:00,Mudflow,Rainfall,38.0,1290,47.51,317449.0,5,20,2396,2.8,74,1.2,Confirmed,District Admin
767,10,100,1,2021-04-24 21:18:31,2023-01-06 15:06:48,2024-12-10 22:57:27,Debris Flow,Unknown,26.8,3642,10.91,373261.0,0,0,3960,17.0,243,1.5,Preliminary,Satellite
768,28,180,3,2022-06-22 12:49:29,2020-08-18 06:18:49,2020-12-25 00:01:39,Complex,Anthropogenic,12.4,2694,20.4,61076.0,2,10,3093,10.5,483,1.8,Under Investigation,Field Team
769,44,365,5,2022-02-02 06:49:29,2020-11-24 07:39:45,2018-02-24 14:01:23,Complex,Anthropogenic,56.8,1513,31.24,1496465.0,0,0,4746,1.5,215,1.0,Confirmed,District Admin
770,32,404,3,2024-07-31 03:05:58,2019-09-13 13:00:01,2023-08-27 01:08:25,Rotational Slide,Undercutting,41.0,1166,47.24,133215.0,2,0,567,7.9,342,3.0,Preliminary,District Admin
771,39,234,4,2024-03-28 06:14:20,2019-03-18 09:36:25,2023-04-18 18:05:52,Rotational Slide,Snowmelt,36.2,884,14.52,370540.0,0,0,731,12.0,258,9.3,Under Investigation,Field Team
772,55,146,7,2020-09-10 04:01:56,2022-07-28 13:23:09,2023-10-25 04:19:25,Mudflow,Anthropogenic,61.1,863,10.46,493483.0,10,50,1136,16.3,461,2.1,Under Investigation,Field Team
773,43,66,5,2021-04-03 00:02:51,2018-07-23 02:19:42,2022-03-25 00:20:05,Mudflow,Rainfall,41.1,1321,1.82,80350.0,2,2,170,10.9,143,2.5,Confirmed,Field Team
774,57,59,7,2022-06-30 20:12:46,2020-06-08 12:38:45,2020-04-02 00:05:58,Debris Flow,Rainfall,32.2,1392,2.95,96180.0,2,2,2623,18.0,26,5.5,Under Investigation,Satellite
775,16,34,2,2024-03-15 14:33:07,2020-08-02 10:44:17,2018-09-22 10:34:56,Mudflow,Earthquake,19.8,2089,36.38,1479486.0,0,0,367,3.5,318,7.5,Confirmed,District Admin
776,46,113,5,2022-12-22 13:27:05,2018-12-04 04:08:43,2022-10-24 16:04:22,Mudflow,Anthropogenic,20.9,1270,12.2,261772.0,0,0,202,10.2,131,7.8,Confirmed,District Admin
777,59,368,8,2020-06-21 02:53:55,2020-09-28 00:55:39,2022-11-08 15:59:12,Mudflow,Snowmelt,48.5,659,49.89,138717.0,0,0,1737,13.5,71,1.4,Under Investigation,GSI
778,48,158,6,2019-07-28 21:27:38,2019-03-02 12:51:31,2022-10-16 15:44:55,Debris Flow,Undercutting,63.1,4610,11.72,585252.0,2,4,235,15.1,445,9.0,Under Investigation,Satellite
779,35,415,4,2020-06-06 13:59:15,2022-06-13 20:10:29,2022-07-03 05:37:10,Rockfall,Snowmelt,49.0,4143,21.68,580423.0,2,4,201,1.8,263,8.4,Under Investigation,GSI
780,37,359,4,2020-03-08 14:41:25,2024-10-02 21:57:45,2024-01-12 19:00:29,Rotational Slide,Undercutting,44.7,3140,4.37,88989.0,3,3,1534,11.0,289,5.6,Confirmed,District Admin
781,22,319,2,2023-05-07 15:29:09,2020-02-09 17:23:47,2023-12-20 00:20:01,Debris Flow,Unknown,54.9,2051,21.75,1060357.0,3,9,2427,0.5,63,7.8,Confirmed,Field Team
782,22,248,2,2024-03-08 18:12:36,2019-01-16 17:34:28,2018-11-25 20:07:53,Rotational Slide,Undercutting,55.5,2877,3.59,148358.0,1,2,3247,7.0,446,6.7,Confirmed,GSI
783,46,309,5,2020-01-23 08:17:38,2023-03-12 01:40:14,2018-03-10 04:37:12,Debris Flow,Rainfall,13.6,4740,35.23,347593.0,10,40,4024,7.0,174,6.5,Confirmed,Satellite
784,26,428,3,2018-05-28 15:17:10,2020-01-13 05:14:54,2020-02-14 13:38:13,Debris Flow,Unknown,42.3,970,28.62,1387581.0,1,5,4921,6.9,86,8.9,Confirmed,Field Team
785,41,101,5,2018-03-23 04:51:16,2024-06-09 14:23:15,2023-04-08 23:40:18,Debris Flow,Unknown,27.5,4458,39.3,1781478.0,2,6,1137,5.2,452,7.9,Confirmed,District Admin
786,20,201,2,2024-09-13 11:57:26,2023-07-13 06:23:41,2021-05-29 08:23:14,Rotational Slide,Anthropogenic,40.8,450,33.95,1544981.0,0,0,3116,10.9,194,6.7,Under Investigation,Satellite
787,43,422,5,2022-09-12 11:59:55,2024-04-19 23:54:14,2021-12-17 20:35:27,Complex,Earthquake,34.4,2532,25.75,866400.0,5,20,1624,15.7,110,4.6,Preliminary,District Admin
788,34,161,4,2020-09-11 04:01:55,2024-10-30 09:15:10,2022-08-01 19:35:13,Complex,Unknown,39.0,434,33.18,782233.0,0,0,37,18.5,446,9.8,Preliminary,Satellite
789,45,173,5,2024-01-03 01:22:01,2018-05-11 19:11:34,2021-01-07 12:29:10,Complex,Rainfall,34.1,1567,38.18,1516961.0,0,0,2958,19.9,143,2.1,Under Investigation,ISRO
790,37,24,4,2023-03-30 14:14:58,2021-11-15 21:40:43,2018-01-20 07:35:59,Debris Flow,Rainfall,24.3,4781,36.94,1678638.0,3,12,2578,5.4,286,9.9,Confirmed,District Admin
791,3,347,1,2019-06-28 22:44:40,2020-05-09 10:14:56,2018-09-23 04:58:29,Mudflow,Anthropogenic,27.1,1045,0.34,16874.0,0,0,4606,1.9,344,7.0,Confirmed,Field Team
792,40,440,5,2021-09-16 06:05:51,2021-01-30 05:25:22,2020-01-27 14:52:16,Rockfall,Undercutting,17.0,4009,36.11,1638554.0,0,0,2888,11.5,194,9.1,Under Investigation,District Admin
793,8,355,1,2018-07-29 16:23:31,2018-11-25 08:40:48,2022-11-02 01:51:38,Complex,Rainfall,47.1,3499,11.25,117332.0,2,4,2855,5.9,48,1.2,Under Investigation,District Admin
794,23,425,3,2022-01-04 10:48:43,2024-02-06 03:26:29,2020-03-29 07:28:16,Translational Slide,Rainfall,44.2,3673,11.07,257201.0,0,0,1111,9.5,433,1.3,Preliminary,Field Team
795,24,494,3,2022-09-30 23:46:48,2018-04-28 16:16:33,2019-05-01 16:50:41,Translational Slide,Snowmelt,55.1,3741,43.49,398913.0,1,0,1423,15.1,318,9.4,Preliminary,Satellite
796,15,43,2,2024-10-07 13:15:01,2023-07-17 01:19:21,2018-05-14 22:21:46,Mudflow,Undercutting,64.3,1113,39.53,494469.0,2,4,604,8.7,468,6.9,Under Investigation,Field Team
797,29,117,3,2019-02-14 05:48:13,2021-06-17 16:22:54,2019-01-06 21:18:41,Rockfall,Rainfall,55.5,3821,14.09,172299.0,3,12,4346,19.1,417,2.8,Preliminary,District Admin
798,3,440,1,2019-08-16 17:11:50,2022-12-14 12:29:11,2024-10-19 19:04:07,Complex,Anthropogenic,15.6,3843,36.15,225803.0,0,0,2963,15.3,383,3.2,Preliminary,ISRO
799,58,44,7,2023-11-06 22:12:41,2019-10-05 21:37:30,2023-06-05 03:43:41,Debris Flow,Anthropogenic,37.4,606,15.03,336042.0,2,2,692,17.7,349,6.1,Under Investigation,Field Team
800,39,65,4,2022-05-16 10:51:04,2024-11-21 02:47:03,2023-08-25 15:14:52,Mudflow,Earthquake,15.7,703,45.49,521672.0,0,0,3500,2.8,281,2.8,Under Investigation,GSI
801,51,165,6,2022-12-19 06:43:29,2023-01-23 15:00:28,2021-04-11 11:54:38,Complex,Undercutting,24.3,368,21.81,539106.0,3,6,1121,11.3,191,8.7,Confirmed,District Admin
802,18,163,2,2018-07-29 00:51:11,2024-03-23 19:02:56,2020-05-22 23:19:40,Rotational Slide,Rainfall,38.6,440,0.39,15222.0,0,0,1999,11.2,257,4.3,Preliminary,GSI
803,16,333,2,2018-07-14 08:00:38,2021-05-03 20:04:34,2019-08-22 07:50:27,Mudflow,Undercutting,17.8,1842,39.07,1548941.0,0,0,3762,13.6,454,2.8,Under Investigation,ISRO
804,29,89,3,2018-10-21 01:55:48,2019-10-17 04:00:06,2020-08-20 17:42:35,Rockfall,Anthropogenic,49.8,422,15.75,203813.0,0,0,823,10.9,16,7.8,Under Investigation,ISRO
805,44,375,5,2018-11-11 21:24:33,2024-05-04 21:42:43,2018-12-19 20:44:30,Rockfall,Unknown,47.5,1273,6.17,241907.0,1,3,74,4.8,238,7.6,Under Investigation,District Admin
806,42,249,5,2022-10-21 15:11:02,2023-04-26 00:29:07,2022-11-12 07:17:35,Rotational Slide,Rainfall,45.8,4699,2.23,40867.0,0,0,816,15.6,272,8.5,Preliminary,GSI
807,12,111,1,2023-02-23 00:33:23,2021-05-29 11:16:59,2022-01-28 13:38:30,Rockfall,Undercutting,47.1,4320,4.14,26481.0,3,0,2169,16.0,199,8.3,Under Investigation,ISRO
808,30,220,3,2023-08-04 02:15:28,2019-08-03 13:15:37,2021-12-22 12:06:08,Complex,Snowmelt,53.8,2450,22.36,772167.0,0,0,4104,10.0,472,7.9,Under Investigation,ISRO
809,61,13,8,2022-03-05 11:31:13,2018-07-10 05:46:08,2020-06-09 21:41:59,Complex,Anthropogenic,31.6,2755,22.99,243332.0,3,12,3914,14.9,154,3.3,Preliminary,Field Team
810,12,254,1,2022-10-04 06:46:13,2021-05-06 05:40:42,2019-02-23 11:11:18,Mudflow,Earthquake,36.0,448,0.14,6667.0,0,0,3408,15.6,272,7.5,Confirmed,Field Team
811,17,246,2,2018-04-22 08:24:20,2020-06-05 12:35:35,2020-08-05 00:01:17,Mudflow,Earthquake,47.4,1961,18.92,924638.0,0,0,3957,18.5,471,6.6,Preliminary,ISRO
812,45,432,5,2018-11-19 11:36:11,2019-11-18 15:59:03,2022-04-20 10:38:14,Rotational Slide,Rainfall,11.4,2670,37.37,302823.0,10,40,930,13.2,25,4.1,Under Investigation,ISRO
813,38,49,4,2018-12-02 17:28:10,2024-01-07 03:28:44,2024-07-17 12:41:03,Translational Slide,Anthropogenic,34.5,1196,6.5,56466.0,1,4,1577,0.4,313,7.4,Under Investigation,Satellite
814,42,130,5,2024-06-19 15:57:18,2019-07-07 03:31:07,2019-03-29 08:34:54,Translational Slide,Anthropogenic,67.1,974,29.12,669498.0,2,4,1320,18.6,264,7.5,Under Investigation,Satellite
815,35,340,4,2019-02-22 00:27:04,2020-09-23 03:26:12,2019-01-21 05:38:29,Rotational Slide,Anthropogenic,55.4,4630,24.68,788780.0,2,10,2567,8.1,381,8.7,Preliminary,GSI
816,27,306,3,2021-06-03 19:26:13,2024-08-13 20:37:56,2024-07-25 01:25:33,Rockfall,Unknown,36.7,3870,24.45,696021.0,0,0,1730,10.5,106,6.6,Confirmed,Field Team
817,5,219,1,2023-07-16 11:12:50,2019-05-09 07:04:30,2024-11-19 16:21:17,Mudflow,Rainfall,34.4,802,34.2,322003.0,0,0,1593,8.4,158,7.0,Confirmed,ISRO
818,31,345,3,2019-11-01 19:22:47,2020-08-18 21:38:58,2024-07-28 17:48:53,Debris Flow,Earthquake,56.5,3480,14.86,390499.0,0,0,2799,13.9,375,2.6,Under Investigation,ISRO
819,10,467,1,2021-08-12 10:06:28,2018-10-01 20:47:53,2020-11-06 15:55:26,Rockfall,Rainfall,21.5,2125,40.46,178722.0,2,10,1509,6.5,361,2.3,Confirmed,GSI
820,45,278,5,2022-06-07 07:36:38,2020-08-15 03:20:24,2020-06-10 01:38:15,Debris Flow,Snowmelt,19.1,4929,13.13,179253.0,3,15,4545,5.0,338,7.5,Under Investigation,GSI
821,42,301,5,2022-10-22 22:42:19,2018-05-12 17:47:39,2024-10-15 05:44:06,Translational Slide,Snowmelt,50.3,4743,18.18,720378.0,1,1,2273,18.3,168,6.7,Confirmed,Field Team
822,26,261,3,2018-09-21 02:56:13,2019-07-12 03:30:42,2020-07-16 22:18:00,Complex,Earthquake,13.4,3196,10.87,342006.0,0,0,3709,0.6,87,6.6,Under Investigation,District Admin
823,7,353,1,2024-12-01 16:56:50,2020-08-19 13:20:19,2018-03-01 03:57:34,Debris Flow,Unknown,33.1,1718,41.99,514259.0,3,9,2012,3.7,137,2.1,Under Investigation,District Admin
824,10,343,1,2018-05-07 05:44:17,2022-08-12 11:44:57,2019-01-08 03:42:47,Mudflow,Snowmelt,53.9,2658,12.31,517050.0,0,0,4922,6.2,213,9.9,Confirmed,Satellite
825,52,295,6,2021-03-13 03:19:31,2021-08-03 09:53:40,2019-07-04 09:53:20,Debris Flow,Unknown,61.9,2435,17.64,554405.0,2,0,1577,9.3,260,9.1,Confirmed,Field Team
826,56,39,7,2018-10-17 00:41:12,2019-12-20 01:40:11,2020-09-17 15:24:45,Translational Slide,Snowmelt,47.3,964,15.98,266174.0,0,0,4734,11.9,307,2.1,Confirmed,Satellite
827,23,120,3,2020-08-07 17:24:05,2018-03-08 19:50:14,2021-06-05 04:17:41,Complex,Earthquake,56.3,856,28.48,158075.0,0,0,1571,12.2,217,6.9,Under Investigation,ISRO
828,18,210,2,2020-02-23 06:51:19,2022-02-28 03:47:33,2022-04-11 13:57:39,Rotational Slide,Unknown,51.2,1527,33.76,925061.0,0,0,2108,4.2,397,8.2,Preliminary,ISRO
829,19,128,2,2024-04-21 05:24:39,2018-03-30 18:55:22,2019-10-31 17:40:57,Mudflow,Undercutting,66.9,3391,47.24,1330740.0,0,0,2203,4.1,139,8.9,Preliminary,GSI
830,16,292,2,2022-10-15 19:55:27,2020-11-25 14:07:51,2024-02-29 16:12:00,Debris Flow,Undercutting,53.4,1369,14.24,160441.0,2,6,3316,6.6,140,1.8,Under Investigation,Field Team
831,14,479,2,2021-01-30 09:47:46,2024-01-17 19:37:16,2023-02-15 00:26:44,Debris Flow,Snowmelt,44.0,2498,30.56,632479.0,0,0,3520,9.0,11,8.8,Preliminary,Satellite
832,4,44,1,2020-12-04 19:28:58,2023-01-10 03:21:25,2023-05-22 11:26:27,Complex,Anthropogenic,37.2,655,4.19,9593.0,3,12,2135,15.9,39,5.7,Under Investigation,Field Team
833,61,11,8,2019-01-28 12:31:42,2020-04-29 11:39:56,2022-11-17 18:33:20,Debris Flow,Anthropogenic,48.2,1866,14.7,420211.0,2,2,1674,5.7,330,3.7,Preliminary,Field Team
834,55,363,7,2024-06-19 07:31:21,2022-11-16 02:30:53,2024-01-09 18:10:57,Rotational Slide,Snowmelt,52.6,4110,15.61,119417.0,2,4,1457,15.9,432,1.7,Confirmed,ISRO
835,35,166,4,2023-07-03 13:47:11,2020-10-18 16:41:18,2024-06-04 07:48:47,Translational Slide,Undercutting,37.8,723,37.8,1657631.0,0,0,3369,15.2,197,2.4,Under Investigation,District Admin
836,15,10,2,2018-12-13 00:49:05,2024-11-05 20:13:00,2021-04-19 20:58:32,Rotational Slide,Earthquake,62.7,699,42.52,336920.0,1,3,4924,6.7,250,4.9,Under Investigation,Field Team
837,49,244,6,2018-07-19 06:24:20,2021-02-26 06:40:38,2020-11-23 12:32:49,Mudflow,Snowmelt,45.4,1452,20.81,73432.0,0,0,1766,5.1,125,2.7,Under Investigation,GSI
838,44,494,5,2019-09-09 06:14:23,2020-06-19 03:56:28,2021-05-19 08:55:22,Translational Slide,Snowmelt,62.4,3635,22.04,477436.0,1,5,391,9.0,345,4.4,Confirmed,Field Team
839,16,483,2,2022-05-27 14:34:20,2023-07-25 08:50:31,2022-03-14 19:17:43,Rotational Slide,Unknown,25.3,4171,34.86,905055.0,5,20,4959,9.8,429,5.3,Preliminary,ISRO
840,38,182,4,2020-02-19 14:47:29,2022-09-16 17:30:18,2018-04-13 08:55:09,Debris Flow,Snowmelt,48.4,1615,39.38,1733929.0,5,5,3901,7.8,41,3.4,Preliminary,District Admin
841,13,153,2,2018-12-28 02:20:48,2018-05-13 20:45:02,2024-05-27 08:47:02,Translational Slide,Anthropogenic,28.9,4972,23.61,263893.0,3,0,4819,1.2,259,1.9,Under Investigation,District Admin
842,47,135,6,2021-11-07 07:33:51,2019-06-18 13:27:02,2018-02-25 01:16:29,Debris Flow,Undercutting,64.8,3621,16.74,555835.0,0,0,1476,18.3,30,7.5,Preliminary,Satellite
843,49,341,6,2022-01-21 13:04:05,2018-11-26 02:35:06,2021-07-27 16:13:47,Translational Slide,Anthropogenic,63.1,3799,30.04,1156654.0,1,4,3269,16.7,159,7.4,Preliminary,Field Team
844,28,473,3,2019-01-16 16:41:48,2022-08-13 12:42:41,2022-04-20 17:56:09,Complex,Undercutting,15.6,3074,32.43,844638.0,2,4,3781,14.7,364,1.8,Preliminary,District Admin
845,39,301,4,2022-03-16 00:33:41,2020-01-10 18:45:11,2023-07-27 13:58:18,Debris Flow,Anthropogenic,46.7,4818,30.98,450297.0,0,0,1896,0.1,348,2.8,Under Investigation,Field Team
846,12,469,1,2019-09-30 02:16:03,2023-06-08 09:28:55,2020-09-24 06:35:37,Debris Flow,Anthropogenic,17.9,4981,17.79,206325.0,0,0,3080,0.6,256,3.7,Preliminary,Field Team
847,20,443,2,2021-05-23 04:00:12,2020-07-14 16:30:41,2020-07-13 11:05:34,Complex,Unknown,38.8,3334,16.43,227725.0,0,0,1363,18.3,211,3.4,Preliminary,Field Team
848,20,49,2,2020-04-14 02:13:58,2020-03-12 08:57:26,2021-07-27 17:52:05,Rotational Slide,Earthquake,37.2,1196,18.39,473885.0,0,0,2910,10.3,397,5.6,Under Investigation,ISRO
849,45,61,5,2023-06-26 17:38:20,2018-11-08 05:35:24,2021-09-14 11:51:33,Debris Flow,Snowmelt,28.5,1006,17.25,543518.0,2,8,4280,6.1,317,2.2,Under Investigation,ISRO
850,61,438,8,2019-02-02 18:14:19,2020-03-14 17:04:52,2020-11-23 12:12:16,Rockfall,Unknown,56.5,3082,26.67,1274162.0,0,0,336,14.6,159,9.2,Confirmed,Satellite
851,57,190,7,2024-06-10 14:47:53,2023-10-11 10:09:30,2020-03-02 09:05:05,Rotational Slide,Unknown,23.7,4532,12.18,467631.0,0,0,832,3.5,127,1.3,Under Investigation,District Admin
852,24,101,3,2018-08-10 02:20:14,2018-12-27 21:45:06,2018-07-14 19:56:47,Translational Slide,Anthropogenic,25.5,4409,2.05,7965.0,0,0,3684,8.8,339,7.8,Preliminary,Field Team
853,27,380,3,2022-11-06 07:47:51,2019-02-07 04:26:39,2024-09-15 08:21:09,Debris Flow,Snowmelt,62.0,4410,15.34,757945.0,0,0,1505,12.0,478,6.4,Under Investigation,GSI
854,2,215,1,2019-03-05 22:47:24,2023-11-27 20:08:10,2020-10-21 04:51:47,Debris Flow,Snowmelt,18.2,3620,49.11,964827.0,2,0,482,17.9,422,5.3,Confirmed,ISRO
855,44,43,5,2023-08-07 11:59:40,2019-08-22 00:33:12,2021-01-14 15:36:51,Complex,Rainfall,66.4,1083,20.17,662964.0,0,0,4656,15.6,176,5.9,Confirmed,District Admin
856,32,67,3,2019-06-28 17:40:29,2020-12-30 17:21:39,2023-07-14 23:08:16,Rockfall,Undercutting,64.6,4015,2.55,27695.0,0,0,3795,18.3,74,6.3,Confirmed,District Admin
857,22,96,2,2018-07-03 10:43:32,2022-04-06 01:18:35,2018-04-28 05:50:59,Rockfall,Anthropogenic,12.6,4048,44.24,1784608.0,0,0,4227,8.0,183,8.5,Preliminary,District Admin
858,29,489,3,2022-06-23 22:38:21,2024-07-21 16:21:27,2022-05-26 22:16:13,Debris Flow,Rainfall,34.4,1763,2.18,64090.0,0,0,4117,19.4,321,8.5,Preliminary,ISRO
859,15,264,2,2024-04-08 15:33:32,2024-11-17 19:53:15,2018-10-31 06:24:42,Debris Flow,Snowmelt,51.8,2911,46.34,1051783.0,5,10,3486,13.9,431,6.1,Confirmed,GSI
860,52,373,6,2020-03-03 17:24:00,2018-11-23 18:39:00,2020-05-27 16:01:13,Rotational Slide,Rainfall,27.5,3881,46.11,1135123.0,1,5,3663,18.1,131,8.6,Under Investigation,Satellite
861,52,392,6,2021-08-14 23:15:35,2019-05-15 08:29:51,2024-04-26 23:03:23,Rockfall,Anthropogenic,49.6,3014,8.51,308016.0,0,0,4826,14.2,122,6.1,Confirmed,Field Team
862,31,111,3,2018-08-19 18:21:46,2023-09-23 16:25:52,2023-12-06 23:49:26,Rotational Slide,Snowmelt,50.0,4272,11.13,369715.0,0,0,4559,5.1,303,9.0,Preliminary,Satellite
863,43,96,5,2019-10-13 16:57:10,2020-10-02 11:13:02,2022-11-25 16:32:21,Translational Slide,Undercutting,19.8,4022,35.87,1619618.0,3,0,4316,4.4,482,8.4,Preliminary,Field Team
864,41,254,5,2023-08-20 00:39:25,2024-06-12 15:21:09,2018-11-22 07:22:40,Rockfall,Rainfall,44.3,429,14.0,563973.0,0,0,2299,11.5,459,3.8,Under Investigation,District Admin
865,39,322,4,2019-10-12 16:44:39,2018-09-21 22:40:18,2023-11-27 12:43:56,Rockfall,Snowmelt,21.9,2167,24.48,669161.0,1,2,712,19.3,61,8.5,Under Investigation,GSI
866,51,316,6,2024-12-09 15:27:16,2022-11-21 09:56:07,2024-11-09 12:28:33,Mudflow,Snowmelt,16.9,4414,16.8,237599.0,1,2,589,15.4,4,9.2,Confirmed,Satellite
867,62,106,8,2021-12-08 23:32:52,2021-09-02 18:30:41,2019-09-28 05:59:17,Rockfall,Earthquake,19.6,3244,9.27,388584.0,0,0,308,1.7,277,8.0,Confirmed,District Admin
868,50,340,6,2024-09-24 05:30:24,2018-07-21 02:51:40,2023-09-05 01:17:00,Rockfall,Earthquake,60.0,4726,20.57,69777.0,2,4,3570,13.1,2,1.2,Preliminary,ISRO
869,29,383,3,2020-09-18 11:50:56,2021-01-21 13:56:01,2021-11-14 07:37:09,Translational Slide,Rainfall,24.6,4578,26.4,544157.0,2,0,2833,6.5,248,8.6,Under Investigation,Field Team
870,41,359,5,2019-07-19 15:08:03,2018-09-15 03:38:44,2019-09-20 22:33:52,Rotational Slide,Snowmelt,43.3,3219,31.49,1187801.0,0,0,2448,12.5,473,7.0,Under Investigation,District Admin
871,48,22,6,2019-12-01 02:56:56,2018-03-22 21:31:29,2021-10-25 10:35:08,Debris Flow,Earthquake,49.1,2953,47.47,2303370.0,2,10,1781,11.1,133,2.6,Under Investigation,District Admin
872,26,245,3,2023-09-29 08:18:47,2018-12-03 21:50:57,2024-04-23 22:36:06,Mudflow,Undercutting,15.9,1936,19.83,453011.0,2,0,3936,16.6,191,4.0,Confirmed,Satellite
873,44,353,5,2021-02-09 09:06:50,2021-02-02 19:34:11,2023-10-31 21:48:15,Mudflow,Unknown,28.6,1790,15.41,604948.0,0,0,821,8.6,243,3.1,Preliminary,Field Team
874,23,195,3,2021-07-31 18:57:02,2020-05-11 20:53:19,2020-06-30 13:34:30,Complex,Snowmelt,14.8,1867,24.12,451541.0,0,0,2157,13.0,409,5.9,Confirmed,GSI
875,54,299,6,2020-12-24 19:54:57,2021-11-17 06:23:37,2023-03-15 14:07:03,Complex,Rainfall,29.1,1080,2.78,57938.0,10,10,2444,17.3,329,2.9,Preliminary,ISRO
876,50,148,6,2024-11-22 08:15:42,2021-12-14 11:29:32,2021-10-11 12:16:06,Rockfall,Anthropogenic,40.8,4224,3.68,164964.0,0,0,3962,2.7,324,5.1,Confirmed,Field Team
877,35,169,4,2022-03-13 14:13:39,2021-12-02 17:01:53,2024-07-12 11:31:47,Mudflow,Anthropogenic,23.2,4383,33.29,280661.0,5,20,3004,19.3,475,5.3,Under Investigation,Field Team
878,26,23,3,2019-09-29 16:49:58,2021-05-21 14:00:19,2018-03-16 14:06:16,Translational Slide,Undercutting,65.6,4816,13.2,427330.0,3,9,1373,4.8,324,7.3,Preliminary,Field Team
879,43,303,5,2023-06-27 23:51:51,2024-05-31 10:02:33,2020-06-06 15:18:23,Complex,Snowmelt,50.6,3909,41.04,534845.0,0,0,2861,14.3,13,2.3,Preliminary,GSI
880,2,40,1,2023-02-28 11:39:43,2023-02-28 18:50:41,2021-01-09 18:02:31,Mudflow,Snowmelt,17.6,4681,1.66,70505.0,3,9,288,18.8,483,5.5,Preliminary,GSI
881,26,463,3,2019-10-02 03:47:51,2022-07-04 21:15:22,2020-03-21 13:31:15,Rotational Slide,Unknown,24.5,3907,18.32,745820.0,0,0,4795,8.5,269,6.1,Confirmed,Field Team
882,4,233,1,2019-06-09 04:34:34,2020-03-05 19:00:04,2021-01-19 06:03:38,Translational Slide,Anthropogenic,19.1,4577,10.8,423095.0,20,20,2829,16.4,158,9.8,Confirmed,Field Team
883,26,436,3,2020-07-10 10:30:45,2018-04-02 06:45:49,2018-02-15 21:03:58,Translational Slide,Unknown,35.3,749,38.62,1113068.0,1,0,2195,10.4,396,6.5,Preliminary,Satellite
884,53,79,6,2022-05-16 00:32:11,2023-04-13 18:16:45,2018-10-07 04:56:32,Mudflow,Snowmelt,26.3,3610,48.72,866853.0,10,50,3400,4.7,53,1.3,Confirmed,ISRO
885,62,101,8,2019-11-12 02:16:40,2024-07-26 15:50:41,2024-02-17 18:51:09,Rotational Slide,Undercutting,28.1,4432,32.92,552769.0,0,0,676,18.5,500,7.7,Preliminary,Field Team
886,62,136,8,2021-01-22 12:58:23,2018-11-09 03:33:06,2023-12-21 21:54:48,Complex,Anthropogenic,42.9,4777,35.03,345477.0,2,4,2295,5.7,471,4.8,Under Investigation,GSI
887,44,174,5,2019-08-15 01:13:35,2022-10-23 16:19:49,2019-02-13 17:49:57,Rotational Slide,Snowmelt,59.7,1724,41.29,1343161.0,0,0,1772,8.9,195,6.9,Confirmed,GSI
888,61,39,8,2020-12-05 21:33:15,2019-11-24 17:13:58,2022-05-14 00:12:00,Mudflow,Snowmelt,50.3,957,10.0,168585.0,20,0,911,3.7,471,3.3,Preliminary,GSI
889,47,294,6,2018-02-13 13:42:42,2024-10-08 11:00:30,2022-09-21 20:30:44,Debris Flow,Unknown,23.1,892,24.21,152813.0,1,3,3090,2.9,255,1.9,Preliminary,Satellite
890,34,433,4,2023-10-16 12:35:03,2019-10-25 12:54:19,2021-09-07 12:16:39,Translational Slide,Snowmelt,48.2,2162,32.87,198730.0,0,0,1821,0.9,313,1.3,Confirmed,District Admin
891,46,464,5,2020-08-02 19:43:01,2023-06-16 20:00:14,2021-05-07 04:21:52,Complex,Rainfall,46.5,4568,19.41,886540.0,3,12,271,19.3,230,7.0,Confirmed,Satellite
892,5,378,1,2022-03-11 17:36:06,2023-03-09 08:11:07,2021-09-22 07:04:38,Rockfall,Unknown,42.5,3388,9.47,470470.0,0,0,3805,19.1,70,7.9,Preliminary,ISRO
893,26,408,3,2018-01-15 04:11:07,2021-02-05 16:00:09,2024-10-07 07:12:49,Rotational Slide,Undercutting,38.7,1631,21.23,785798.0,3,12,4178,9.1,423,3.3,Under Investigation,Satellite
894,41,43,5,2018-01-18 13:23:28,2020-11-05 12:36:13,2021-11-14 03:01:56,Rockfall,Unknown,59.7,1093,12.04,486036.0,5,15,2551,6.8,464,8.2,Confirmed,ISRO
895,59,279,8,2020-09-28 06:05:36,2018-02-18 07:21:51,2024-10-05 14:06:31,Translational Slide,Rainfall,37.7,4944,16.59,433798.0,2,10,3950,11.3,13,2.3,Preliminary,Field Team
896,33,232,4,2018-08-22 18:19:04,2022-05-26 08:34:51,2020-08-07 20:40:35,Mudflow,Anthropogenic,58.2,3153,6.57,299551.0,2,0,2703,1.9,197,5.8,Confirmed,Satellite
897,30,392,3,2022-07-12 14:29:55,2024-08-01 22:29:43,2020-08-13 02:40:48,Translational Slide,Earthquake,45.6,2928,33.39,1436696.0,0,0,1838,6.2,90,3.0,Preliminary,Field Team
898,22,468,2,2023-08-10 08:55:21,2022-12-03 23:51:13,2019-04-25 17:05:22,Translational Slide,Rainfall,19.9,4157,5.9,5993.0,1,4,353,11.7,83,5.1,Preliminary,Satellite
899,50,435,6,2024-07-18 11:52:37,2023-06-06 18:30:25,2021-06-10 14:23:18,Complex,Unknown,47.4,2458,35.93,562157.0,1,0,861,2.2,236,1.9,Under Investigation,Field Team
900,10,86,1,2022-05-06 21:36:13,2024-07-03 00:38:32,2020-11-22 21:24:33,Rotational Slide,Unknown,21.7,700,14.87,261040.0,10,50,202,15.2,194,7.4,Under Investigation,Satellite
901,12,473,1,2022-07-29 02:13:33,2023-02-12 14:38:23,2023-04-03 01:48:41,Rockfall,Undercutting,21.1,3083,6.7,141227.0,1,0,3627,17.7,73,4.1,Preliminary,Field Team
902,38,95,4,2022-12-24 02:42:50,2024-09-11 13:11:11,2018-05-14 13:34:57,Complex,Earthquake,54.1,3390,4.36,206539.0,3,6,1009,2.6,118,2.3,Confirmed,GSI
903,51,74,6,2020-06-02 19:37:59,2022-03-28 18:16:45,2020-07-17 21:58:00,Translational Slide,Undercutting,28.7,2251,11.57,170267.0,0,0,225,16.7,97,3.7,Under Investigation,Field Team
904,21,399,2,2019-07-30 19:19:05,2020-12-21 08:33:56,2024-03-26 10:18:34,Translational Slide,Anthropogenic,29.7,2230,6.91,123261.0,1,0,270,15.7,492,6.0,Under Investigation,GSI
905,17,86,2,2022-01-23 11:19:57,2021-05-24 04:23:21,2018-05-03 15:35:55,Translational Slide,Undercutting,22.8,703,7.24,291815.0,0,0,3360,15.2,278,4.3,Under Investigation,ISRO
906,3,118,1,2024-08-14 04:10:07,2022-08-26 06:37:49,2024-06-20 21:08:34,Translational Slide,Undercutting,59.7,3138,12.53,58676.0,1,0,2670,11.2,81,9.2,Under Investigation,Field Team
907,13,424,2,2018-11-09 08:51:10,2023-04-26 21:36:25,2021-06-22 09:07:27,Debris Flow,Earthquake,14.5,2308,40.3,1160713.0,3,3,4720,16.3,277,5.8,Confirmed,Field Team
908,1,10,1,2021-08-20 02:44:02,2019-08-26 21:10:46,2018-01-15 02:46:56,Translational Slide,Anthropogenic,56.6,587,9.02,224560.0,0,0,1229,18.8,34,4.3,Under Investigation,Field Team
909,40,71,5,2018-10-07 01:55:56,2021-12-27 05:25:43,2024-05-28 14:16:17,Rockfall,Rainfall,48.9,4239,13.53,288697.0,5,10,146,15.6,203,1.0,Under Investigation,District Admin
910,19,377,2,2024-02-02 06:12:00,2020-06-04 12:34:45,2018-02-12 13:03:50,Debris Flow,Anthropogenic,13.9,1543,28.69,552302.0,10,10,1948,13.8,78,2.7,Preliminary,Field Team
911,5,138,1,2023-12-18 10:32:45,2024-05-05 13:31:38,2023-06-03 21:08:01,Mudflow,Earthquake,27.6,1316,5.08,162962.0,0,0,362,14.4,66,0.9,Under Investigation,ISRO
912,36,371,4,2021-12-16 04:15:14,2020-03-20 15:37:21,2023-09-02 05:37:58,Debris Flow,Anthropogenic,33.0,4947,35.28,1711328.0,1,0,2200,11.5,465,4.0,Preliminary,GSI
913,5,220,1,2020-05-14 19:41:28,2023-02-26 09:44:54,2019-03-30 09:58:11,Rotational Slide,Undercutting,54.3,2413,4.26,129826.0,20,60,2738,16.6,298,4.4,Preliminary,ISRO
914,23,308,3,2018-11-23 16:59:34,2020-08-23 20:27:45,2023-03-04 15:10:56,Rotational Slide,Anthropogenic,35.6,1822,11.96,53035.0,0,0,3848,14.6,101,6.5,Preliminary,District Admin
915,40,460,5,2023-03-10 16:31:10,2021-06-13 07:57:33,2018-06-26 05:39:58,Mudflow,Rainfall,46.9,620,30.22,1314070.0,0,0,2765,18.1,138,9.3,Under Investigation,GSI
916,42,152,5,2019-05-29 09:30:37,2018-02-08 19:04:26,2021-12-22 15:14:30,Translational Slide,Earthquake,38.1,3493,43.22,2078425.0,2,10,408,11.4,207,4.1,Under Investigation,ISRO
917,9,188,1,2020-12-07 19:09:59,2021-01-04 20:03:58,2019-02-15 21:21:09,Translational Slide,Earthquake,45.3,907,1.75,37130.0,1,0,4877,15.2,58,7.6,Confirmed,ISRO
918,26,160,3,2018-09-27 08:31:55,2019-05-31 19:51:14,2020-06-09 10:39:33,Complex,Anthropogenic,53.8,1683,16.48,478041.0,3,0,538,10.4,83,2.0,Under Investigation,ISRO
919,54,407,6,2021-08-16 19:26:43,2024-09-03 00:50:10,2019-11-12 13:49:58,Rockfall,Unknown,16.1,789,20.83,728705.0,3,0,2891,5.0,399,2.7,Preliminary,GSI
920,3,369,1,2020-04-10 04:38:36,2023-01-31 13:04:55,2021-06-30 09:09:28,Mudflow,Snowmelt,58.0,3707,0.89,2544.0,20,0,3541,6.0,361,3.6,Preliminary,GSI
921,46,472,5,2021-03-09 05:41:15,2022-12-20 11:51:55,2021-01-01 18:14:39,Rockfall,Anthropogenic,31.5,1223,6.33,198401.0,1,5,501,14.7,294,4.3,Confirmed,District Admin
922,21,438,2,2020-05-18 23:49:42,2024-04-04 22:14:21,2023-02-14 06:15:52,Mudflow,Rainfall,59.3,3101,29.54,294750.0,50,100,1429,10.3,10,9.4,Confirmed,District Admin
923,22,128,2,2020-05-02 01:11:14,2018-03-30 20:36:34,2022-03-14 06:45:52,Translational Slide,Earthquake,57.5,3294,21.21,126668.0,0,0,3896,18.7,177,0.9,Confirmed,Field Team
924,4,65,1,2020-10-15 04:20:06,2023-08-05 01:51:37,2020-12-28 20:44:03,Rotational Slide,Earthquake,15.6,717,40.96,1019339.0,0,0,2656,10.7,418,7.0,Preliminary,District Admin
925,26,157,3,2018-10-19 02:37:39,2018-05-26 15:49:33,2018-11-05 18:05:54,Rockfall,Unknown,20.3,2446,7.9,322617.0,5,5,2627,4.7,462,0.7,Under Investigation,ISRO
926,47,353,6,2021-06-24 19:16:59,2023-07-30 10:22:31,2019-05-12 12:27:51,Rockfall,Earthquake,34.8,1805,38.13,165892.0,2,6,901,6.7,332,1.7,Preliminary,Field Team
927,16,9,2,2022-10-30 03:47:26,2022-11-07 07:20:08,2018-02-07 00:29:27,Debris Flow,Anthropogenic,52.5,3094,6.79,290284.0,2,8,2987,17.8,28,3.5,Under Investigation,Field Team
928,33,415,4,2022-01-08 21:41:26,2022-09-27 00:58:59,2023-09-01 01:47:48,Mudflow,Rainfall,45.8,4050,29.82,702809.0,0,0,1767,13.9,469,3.2,Preliminary,GSI
929,55,26,7,2020-06-05 19:09:31,2021-02-25 12:42:07,2022-04-30 07:35:33,Debris Flow,Snowmelt,22.7,986,41.57,1109828.0,1,4,4865,4.1,362,5.6,Preliminary,GSI
930,34,419,4,2021-12-17 13:59:38,2022-06-28 17:34:48,2019-10-19 12:30:11,Mudflow,Rainfall,43.6,3968,2.38,43257.0,0,0,3127,6.7,365,5.1,Confirmed,Satellite
931,8,345,1,2021-04-04 14:09:40,2018-04-28 17:14:03,2022-06-28 19:28:56,Mudflow,Undercutting,57.5,3554,9.74,110336.0,1,0,3818,10.3,190,1.5,Preliminary,District Admin
932,19,312,2,2024-02-26 06:26:29,2022-04-02 16:32:46,2022-09-08 14:23:04,Mudflow,Anthropogenic,52.2,813,44.6,613268.0,1,4,289,18.9,43,4.5,Preliminary,Field Team
933,3,180,1,2024-10-24 11:52:25,2022-12-03 06:37:59,2019-08-24 00:46:02,Rockfall,Anthropogenic,16.2,2710,10.44,165786.0,10,0,4126,1.0,219,3.6,Confirmed,ISRO
934,50,241,6,2023-05-08 15:50:15,2024-08-21 05:53:26,2019-03-18 11:18:35,Translational Slide,Unknown,48.7,476,1.02,11019.0,0,0,4564,9.6,73,3.0,Confirmed,ISRO
935,62,192,8,2021-04-03 10:20:01,2018-05-30 21:36:37,2024-03-05 06:36:54,Translational Slide,Snowmelt,36.5,398,32.94,1641815.0,0,0,4155,19.9,266,5.3,Confirmed,District Admin
936,25,50,3,2022-05-24 06:00:12,2024-07-04 02:18:14,2021-07-05 05:39:19,Mudflow,Earthquake,38.9,1562,39.94,1550671.0,0,0,486,0.5,354,9.7,Preliminary,GSI
937,29,291,3,2024-05-08 20:26:20,2022-01-11 03:33:38,2022-03-27 05:09:21,Rockfall,Snowmelt,23.0,4114,49.52,1052414.0,0,0,4067,13.9,206,1.0,Confirmed,ISRO
938,16,20,2,2019-06-16 07:57:18,2022-02-20 16:36:47,2018-06-28 08:06:59,Mudflow,Unknown,37.5,1139,2.04,40249.0,1,0,1511,7.2,451,9.1,Preliminary,GSI
939,27,207,3,2022-11-02 01:45:34,2021-04-18 08:31:40,2024-11-20 01:37:35,Translational Slide,Earthquake,45.1,1073,40.07,1708594.0,0,0,3996,10.5,71,5.0,Under Investigation,District Admin
940,54,283,6,2021-02-28 09:19:09,2024-01-08 17:53:25,2020-02-23 23:04:15,Translational Slide,Earthquake,63.8,2665,0.84,7429.0,20,100,4549,3.0,187,0.9,Confirmed,GSI
941,59,273,8,2018-05-10 22:09:24,2020-10-15 21:36:26,2018-01-27 12:05:01,Rotational Slide,Snowmelt,57.7,1366,33.98,1085105.0,3,6,995,12.1,447,5.3,Under Investigation,GSI
942,54,53,6,2024-07-04 19:08:46,2021-05-29 23:31:26,2024-04-13 17:42:49,Rockfall,Anthropogenic,45.3,4333,15.83,751176.0,10,50,4909,2.9,112,3.0,Preliminary,GSI
943,13,387,2,2018-10-13 16:06:07,2021-11-01 02:44:45,2020-08-06 05:20:40,Debris Flow,Snowmelt,57.7,2805,47.2,2358660.0,1,0,2556,0.2,1,3.4,Preliminary,GSI
944,33,185,4,2022-08-24 00:36:47,2023-08-24 14:33:13,2018-10-11 00:12:06,Rotational Slide,Anthropogenic,43.7,4656,13.82,46166.0,50,150,3712,2.0,139,3.5,Confirmed,ISRO
945,30,168,3,2023-04-19 19:17:50,2024-12-07 20:37:39,2023-11-22 14:00:38,Rockfall,Earthquake,23.2,1988,2.83,103455.0,0,0,3684,5.3,117,4.2,Under Investigation,District Admin
946,6,96,1,2022-07-15 09:04:00,2018-09-25 22:41:35,2018-07-06 11:31:59,Translational Slide,Earthquake,13.4,3857,41.69,76257.0,0,0,2872,4.7,41,0.8,Under Investigation,Satellite
947,26,330,3,2021-09-23 09:26:50,2021-02-24 14:18:33,2022-06-27 14:38:19,Mudflow,Snowmelt,66.5,3693,4.82,80898.0,0,0,2364,0.4,298,8.3,Under Investigation,District Admin
948,33,130,4,2023-10-18 02:29:00,2023-02-11 14:00:48,2018-10-22 14:31:48,Rockfall,Unknown,62.0,1029,44.92,587390.0,3,0,438,18.4,464,3.4,Confirmed,ISRO
949,53,479,6,2018-06-01 14:33:06,2018-05-30 08:39:01,2019-11-29 02:17:18,Rotational Slide,Rainfall,46.4,2425,5.62,249322.0,1,4,3466,16.6,171,8.6,Preliminary,Field Team
950,18,117,2,2020-08-09 07:42:42,2019-10-25 07:36:06,2023-05-21 21:01:52,Rockfall,Unknown,56.3,3728,26.0,871416.0,2,10,2805,7.5,464,0.5,Confirmed,District Admin
951,40,356,5,2024-07-26 18:11:24,2024-11-17 15:41:53,2023-02-13 07:06:29,Rockfall,Undercutting,22.0,2992,31.36,1537185.0,0,0,914,19.1,218,7.1,Confirmed,District Admin
952,33,254,4,2019-09-16 06:50:47,2020-09-24 19:09:55,2023-05-17 21:51:24,Mudflow,Snowmelt,41.5,413,40.61,1677659.0,3,9,2699,19.4,359,1.2,Confirmed,District Admin
953,37,103,4,2019-05-25 15:58:38,2019-02-19 15:55:14,2021-08-01 14:38:08,Debris Flow,Unknown,58.3,3574,19.59,919242.0,1,2,2980,11.2,173,0.7,Under Investigation,Satellite
954,36,314,4,2020-02-09 11:48:16,2019-02-21 09:42:40,2021-09-04 11:31:00,Rockfall,Undercutting,54.0,2384,19.72,406854.0,3,12,4882,9.0,338,1.8,Under Investigation,GSI
955,47,277,6,2022-06-07 12:47:37,2024-12-19 05:24:03,2018-01-30 01:42:05,Debris Flow,Unknown,46.6,1916,48.25,904382.0,0,0,448,6.6,42,8.3,Preliminary,GSI
956,27,37,3,2024-07-25 14:12:35,2018-12-26 07:00:03,2024-03-27 16:08:41,Rockfall,Undercutting,39.4,1718,12.97,173364.0,3,12,4212,1.6,497,4.1,Under Investigation,Satellite
957,4,392,1,2024-04-15 12:30:08,2023-07-16 21:56:29,2020-09-30 20:26:54,Rotational Slide,Anthropogenic,52.4,2888,9.91,462561.0,0,0,2149,10.6,310,1.8,Confirmed,Satellite
958,36,70,4,2019-07-27 00:26:13,2018-09-16 20:40:40,2020-07-03 00:09:12,Translational Slide,Anthropogenic,38.3,4178,37.56,1006127.0,20,40,995,9.6,321,4.6,Confirmed,Field Team
959,33,97,4,2021-07-21 20:39:37,2024-06-23 21:04:45,2024-05-30 23:14:42,Rockfall,Anthropogenic,18.8,2449,3.4,144613.0,1,0,1997,2.9,76,8.9,Under Investigation,Field Team
960,52,233,6,2019-02-21 05:24:56,2019-11-09 05:20:11,2024-11-23 13:48:16,Rotational Slide,Anthropogenic,24.3,4486,30.16,711585.0,0,0,4650,6.4,389,9.6,Under Investigation,Field Team
961,50,361,6,2024-01-30 13:32:07,2020-11-20 00:38:45,2023-10-30 00:20:35,Translational Slide,Snowmelt,42.8,3938,43.62,1932623.0,0,0,1808,0.9,162,7.2,Under Investigation,GSI
962,50,328,6,2022-05-11 22:56:10,2024-06-21 03:44:09,2018-03-06 22:46:17,Translational Slide,Earthquake,64.4,1533,39.02,1053606.0,10,0,1406,18.4,211,2.2,Under Investigation,Field Team
963,26,372,3,2018-04-03 06:09:12,2021-11-12 21:39:37,2024-05-14 15:29:49,Rockfall,Unknown,18.7,1738,16.27,253013.0,1,0,1435,12.4,100,6.2,Preliminary,Field Team
964,55,297,7,2021-07-17 11:04:36,2018-10-29 02:30:43,2020-06-06 12:59:29,Debris Flow,Earthquake,44.1,435,48.09,1971212.0,0,0,2207,13.6,75,9.6,Preliminary,Field Team
965,56,221,7,2019-03-03 03:10:23,2018-03-01 17:02:23,2022-06-18 07:02:47,Mudflow,Unknown,53.1,1655,47.41,724971.0,5,5,1703,0.6,321,2.9,Under Investigation,Satellite
966,9,262,1,2023-03-26 07:58:53,2018-12-07 05:40:28,2020-07-29 22:27:22,Rotational Slide,Undercutting,44.9,4745,43.24,1736915.0,0,0,4273,10.5,1,5.0,Confirmed,GSI
967,40,230,5,2018-04-03 17:18:08,2022-10-27 06:40:25,2021-08-29 02:10:39,Complex,Unknown,41.9,1156,27.28,365984.0,2,6,1312,9.8,46,7.0,Confirmed,GSI
968,62,187,8,2018-11-27 01:32:07,2019-12-10 06:44:03,2018-02-22 06:26:00,Translational Slide,Earthquake,40.2,3643,30.96,1075648.0,3,15,1055,2.6,19,2.0,Under Investigation,Satellite
969,15,2,2,2020-02-19 21:17:43,2024-06-10 03:27:49,2024-06-05 04:54:35,Debris Flow,Undercutting,45.5,1700,7.2,296240.0,0,0,2710,16.1,363,4.3,Confirmed,Field Team
970,54,461,6,2022-10-13 19:24:53,2020-11-07 11:17:58,2020-11-01 02:01:24,Debris Flow,Snowmelt,62.0,2943,27.95,1023453.0,0,0,1690,17.2,237,0.5,Under Investigation,Satellite
971,19,149,2,2021-09-18 17:01:06,2022-08-19 22:10:33,2018-01-15 18:08:18,Debris Flow,Rainfall,30.7,2772,16.53,547780.0,1,2,1169,11.6,418,0.7,Under Investigation,Field Team
972,40,294,5,2022-08-30 03:46:46,2020-09-28 22:10:08,2024-03-13 01:20:32,Mudflow,Earthquake,28.7,1033,38.66,270090.0,3,15,2714,7.4,227,6.5,Confirmed,District Admin
973,59,139,8,2018-08-23 22:54:45,2018-07-11 03:05:07,2021-09-12 05:52:20,Rotational Slide,Undercutting,63.6,3054,15.37,764778.0,0,0,1625,11.9,237,4.7,Under Investigation,Satellite
974,35,91,4,2022-07-05 01:14:05,2022-01-09 17:57:51,2023-09-10 00:45:48,Mudflow,Snowmelt,32.9,1509,49.16,714868.0,1,1,162,5.1,221,1.1,Preliminary,ISRO
975,12,312,1,2020-06-20 11:44:21,2018-07-05 10:47:50,2021-12-15 18:26:28,Rotational Slide,Snowmelt,49.6,943,47.99,1854343.0,2,4,4884,17.6,436,1.3,Under Investigation,ISRO
976,51,230,6,2024-08-23 17:14:01,2021-08-24 21:06:05,2022-05-13 00:35:36,Rotational Slide,Undercutting,44.3,1081,35.46,1353551.0,1,1,3622,17.5,408,7.7,Preliminary,ISRO
977,12,60,1,2020-04-20 06:24:45,2022-11-08 21:47:04,2019-06-17 21:32:40,Mudflow,Undercutting,36.2,1995,26.13,1020788.0,0,0,1603,5.4,116,0.6,Preliminary,District Admin
978,25,463,3,2019-03-10 23:07:47,2024-08-31 04:29:06,2021-09-06 22:25:59,Debris Flow,Earthquake,18.6,3900,12.4,521023.0,2,10,3925,11.5,248,7.6,Under Investigation,District Admin
979,57,425,7,2019-08-20 16:23:46,2019-03-06 17:49:49,2020-11-23 07:36:29,Translational Slide,Unknown,36.6,3820,32.17,1519256.0,5,20,3248,10.3,465,9.0,Confirmed,GSI
980,31,122,3,2023-07-27 18:18:39,2021-07-04 14:43:57,2020-10-31 09:17:07,Debris Flow,Snowmelt,15.5,3394,29.16,903209.0,3,15,2434,15.6,380,4.5,Preliminary,District Admin
981,19,335,2,2020-08-09 09:49:28,2020-11-27 07:21:37,2023-10-13 06:58:39,Mudflow,Anthropogenic,22.8,3426,41.53,2063302.0,0,0,253,18.7,363,8.7,Under Investigation,GSI
982,30,416,3,2024-10-18 22:50:36,2023-07-29 10:26:42,2024-03-11 02:24:30,Mudflow,Anthropogenic,38.6,3422,48.31,909670.0,5,15,4156,15.1,156,6.9,Preliminary,ISRO
983,4,227,1,2019-02-05 21:53:29,2018-04-15 20:40:00,2023-07-08 16:34:13,Translational Slide,Undercutting,33.0,1200,23.34,466999.0,5,25,1583,6.3,101,7.3,Under Investigation,District Admin
984,19,7,2,2020-08-25 06:26:37,2020-07-07 02:48:08,2022-05-28 10:12:10,Translational Slide,Earthquake,62.6,1444,29.43,519831.0,10,20,354,14.6,363,3.6,Confirmed,District Admin
985,40,231,5,2019-10-01 08:38:44,2021-04-11 13:50:39,2021-09-12 01:37:15,Complex,Anthropogenic,59.0,1020,2.78,21804.0,0,0,3949,9.7,355,4.8,Confirmed,ISRO
986,3,21,1,2022-08-11 03:30:16,2023-04-10 12:07:49,2019-10-18 03:35:36,Rockfall,Unknown,32.5,555,3.77,81005.0,0,0,4617,5.5,75,5.0,Under Investigation,GSI
987,54,215,6,2021-08-23 00:28:47,2018-04-19 11:24:18,2021-03-06 13:35:44,Rotational Slide,Earthquake,19.5,3579,20.32,922532.0,0,0,4432,13.0,189,4.0,Preliminary,Satellite
988,22,27,2,2019-06-01 13:13:45,2021-06-30 06:14:41,2019-07-15 15:26:54,Rockfall,Undercutting,36.1,972,16.71,22128.0,1,4,4962,16.0,134,6.9,Preliminary,GSI
989,2,267,1,2019-12-30 22:47:52,2024-04-24 00:11:43,2020-01-23 04:03:36,Translational Slide,Anthropogenic,61.9,1186,12.29,352879.0,2,2,3474,17.8,11,4.3,Preliminary,Satellite
990,3,222,1,2023-03-09 00:58:46,2020-05-05 08:19:39,2018-05-16 14:27:38,Translational Slide,Earthquake,63.2,3379,3.45,61056.0,0,0,457,4.1,93,7.4,Under Investigation,ISRO
991,44,122,5,2020-08-05 18:47:40,2024-11-01 04:07:00,2021-10-13 07:01:30,Debris Flow,Earthquake,13.2,3457,42.77,194853.0,1,4,3095,15.7,21,8.7,Under Investigation,ISRO
992,57,75,7,2023-09-24 07:41:29,2024-04-11 10:31:47,2024-01-27 17:56:28,Rockfall,Undercutting,54.1,1302,22.28,327665.0,1,0,2585,5.7,204,2.3,Confirmed,Satellite
993,54,356,6,2018-04-16 02:10:26,2022-02-06 16:37:20,2019-07-17 23:56:17,Translational Slide,Snowmelt,13.4,2942,48.8,1372105.0,5,10,3407,14.1,213,8.3,Confirmed,Field Team
994,57,426,7,2020-12-22 14:09:44,2023-01-30 17:29:44,2020-10-23 15:31:35,Mudflow,Anthropogenic,20.3,1466,31.42,1442931.0,50,50,2963,9.2,414,7.1,Under Investigation,District Admin
995,27,163,3,2023-05-15 14:29:49,2023-02-02 04:34:19,2019-09-28 12:33:03,Mudflow,Earthquake,42.0,397,43.39,2156759.0,0,0,4210,10.0,457,4.3,Under Investigation,GSI
996,46,330,5,2022-03-27 08:07:28,2018-05-17 10:24:46,2022-06-18 17:32:00,Rockfall,Rainfall,65.7,3695,1.44,25543.0,5,0,4226,18.8,205,4.1,Preliminary,Satellite
997,54,189,6,2018-09-20 04:29:37,2022-01-18 07:23:43,2021-01-11 02:53:25,Debris Flow,Rainfall,52.0,3603,26.23,1179846.0,5,10,1093,11.1,500,6.4,Under Investigation,District Admin
998,36,11,4,2023-11-10 14:00:59,2019-02-25 11:10:02,2023-05-19 14:41:06,Complex,Rainfall,49.7,1935,35.15,846861.0,2,10,3279,9.7,29,3.2,Confirmed,Field Team
999,36,297,4,2022-03-08 23:28:38,2018-08-08 10:04:05,2018-05-24 18:59:00,Debris Flow,Unknown,41.7,354,19.03,671188.0,2,4,3377,1.7,254,5.8,Preliminary,GSI
1000,47,91,6,2018-02-18 11:03:09,2024-12-05 05:02:05,2018-02-18 21:11:39,Translational Slide,Anthropogenic,40.7,1524,17.47,264914.0,1,5,1881,14.1,242,3.1,Preliminary,District Admin
