record_id,slope_id,district_id,state_id,datetime,risk_score,risk_category,risk_driver,rainfall_index,soil_saturation_index,terrain_instability_index,seismic_hazard_index,deformation_index,assessment_trigger
1,106,23,82,2020-07-05 11:56:22,87.22,Medium,Rainfall Driven,0.0155,0.7544,0.543,0.6914,0.921,Alert Triggered
2,387,6,6,2021-01-05 19:22:01,3.38,Medium,Seasonal,0.1902,0.5131,0.8244,0.6805,0.2851,Post Event
3,132,29,71,2019-07-27 04:00:24,68.37,Low,Seasonal,0.6511,0.6479,0.8579,0.0156,0.4023,Post Event
4,371,53,42,2021-01-04 15:43:39,94.75,Extreme,Earthquake Triggered,0.4074,0.9338,0.3857,0.9907,0.8639,Routine
5,325,10,91,2022-09-14 14:01:11,51.23,Low,Rainfall Driven,0.6283,0.9198,0.6391,0.1847,0.2886,Alert Triggered
6,166,39,23,2021-12-09 11:01:19,47.75,Extreme,Earthquake Triggered,0.1923,0.4822,0.9648,0.2029,0.3367,Alert Triggered
7,14,37,174,2021-07-13 07:28:19,94.63,Extreme,Seasonal,0.7649,0.2664,0.7034,0.8899,0.1681,Post Event
8,110,13,105,2022-08-27 20:00:58,70.09,Extreme,Seasonal,0.5882,0.8179,0.2746,0.8466,0.0711,Alert Triggered
9,397,54,101,2018-10-14 19:06:26,97.26,Low,Seasonal,0.0201,0.8565,0.2959,0.2424,0.3377,Manual
10,405,16,122,2020-08-26 02:56:41,87.66,Extreme,Anthropogenic,0.2379,0.7724,0.538,0.7186,0.5619,Routine
11,415,9,181,2018-02-12 08:53:01,66.11,High,Earthquake Triggered,0.5726,0.0646,0.9526,0.4057,0.7344,Routine
12,92,15,20,2023-02-03 03:20:51,81.45,Extreme,Anthropogenic,0.6158,0.3059,0.9358,0.6308,0.1155,Manual
13,74,43,167,2023-01-19 14:11:18,91.37,Medium,Earthquake Triggered,0.8594,0.8389,0.0817,0.0949,0.5353,Manual
14,261,20,77,2018-05-12 20:47:30,18.48,High,Seasonal,0.0262,0.0417,0.6253,0.9514,0.0421,Manual
15,32,43,98,2019-06-30 00:22:01,56.87,Extreme,Seasonal,0.2248,0.5605,0.7427,0.4983,0.6433,Post Event
16,150,17,157,2020-02-23 22:30:17,36.9,Low,Anthropogenic,0.1147,0.1668,0.6457,0.1917,0.5691,Alert Triggered
17,68,40,36,2022-12-31 09:44:36,39.51,Medium,Anthropogenic,0.0974,0.4943,0.5481,0.6083,0.6352,Post Event
18,250,11,109,2023-08-08 16:18:21,67.41,Low,Earthquake Triggered,0.514,0.5291,0.9206,0.0294,0.3233,Post Event
19,70,32,37,2018-09-07 23:27:09,90.71,Extreme,Earthquake Triggered,0.316,0.1805,0.99,0.1888,0.7583,Alert Triggered
20,63,21,31,2018-07-17 05:04:16,62.48,Extreme,Anthropogenic,0.9729,0.9418,0.8759,0.1873,0.9557,Post Event
21,447,12,2,2020-08-17 20:21:23,32.7,Extreme,Anthropogenic,0.9319,0.5801,0.977,0.2784,0.683,Post Event
22,137,29,98,2018-04-29 01:41:45,27.95,Medium,Anthropogenic,0.0283,0.901,0.5049,0.0694,0.6033,Post Event
23,466,40,45,2018-04-24 16:35:10,69.17,Extreme,Anthropogenic,0.3914,0.1499,0.742,0.1064,0.8753,Alert Triggered
24,436,18,32,2022-07-10 18:41:32,78.06,Low,Seasonal,0.3407,0.3249,0.8027,0.3602,0.4932,Manual
25,383,6,53,2024-02-15 13:38:45,82.61,Medium,Anthropogenic,0.6297,0.5874,0.853,0.5559,0.3299,Routine
26,169,36,19,2023-04-09 14:33:57,11.98,Low,Seasonal,0.509,0.464,0.6006,0.8758,0.8027,Manual
27,9,21,42,2018-11-07 16:03:37,81.93,Medium,Earthquake Triggered,0.3726,0.6468,0.7143,0.5018,0.9807,Manual
28,495,40,176,2022-09-22 23:51:31,14.48,High,Rainfall Driven,0.4912,0.3971,0.778,0.2986,0.0851,Manual
29,146,5,193,2018-01-12 01:25:04,21.28,High,Rainfall Driven,0.4396,0.6868,0.1979,0.0676,0.8266,Post Event
30,403,60,113,2022-10-26 04:25:14,35.92,Low,Earthquake Triggered,0.5322,0.9108,0.0113,0.8535,0.8883,Manual
31,3,47,89,2018-09-14 23:30:29,74.2,Low,Seasonal,0.5783,0.848,0.3974,0.2647,0.2831,Post Event
32,466,40,45,2022-12-24 14:22:15,68.02,High,Rainfall Driven,0.3841,0.7649,0.3005,0.025,0.5888,Routine
33,5,32,6,2023-09-12 18:24:16,89.15,Medium,Seasonal,0.3103,0.2202,0.5023,0.2555,0.4911,Post Event
34,487,39,149,2021-08-03 10:05:24,41.2,Medium,Anthropogenic,0.5275,0.1524,0.5217,0.7606,0.0068,Routine
35,113,30,68,2021-09-10 05:14:29,72.99,Low,Seasonal,0.4156,0.9463,0.4188,0.5789,0.9915,Alert Triggered
36,9,21,42,2023-02-12 19:28:22,67.29,Medium,Rainfall Driven,0.7861,0.8945,0.858,0.0798,0.1889,Routine
37,318,57,86,2023-04-16 22:06:23,23.49,High,Anthropogenic,0.3549,0.0043,0.9138,0.6107,0.6422,Manual
38,130,31,14,2022-05-01 20:06:48,76.12,Medium,Rainfall Driven,0.9594,0.0874,0.6142,0.9445,0.7036,Alert Triggered
39,174,33,3,2020-12-14 02:09:38,5.56,Extreme,Seasonal,0.0109,0.9623,0.4804,0.117,0.9159,Routine
40,189,17,57,2019-08-19 16:52:24,87.2,High,Anthropogenic,0.4882,0.9768,0.391,0.6556,0.317,Routine
41,359,40,191,2020-07-23 12:20:59,59.07,Low,Seasonal,0.432,0.9367,0.0436,0.9258,0.8987,Alert Triggered
42,31,57,37,2024-06-15 13:39:54,88.37,Extreme,Earthquake Triggered,0.5676,0.7197,0.8017,0.7146,0.3851,Routine
43,34,25,173,2020-05-17 19:26:13,45.46,High,Rainfall Driven,0.3383,0.7113,0.4902,0.9888,0.7915,Routine
44,65,27,182,2023-11-07 21:23:14,2.13,Low,Rainfall Driven,0.8095,0.0762,0.4755,0.6619,0.9187,Manual
45,92,15,20,2020-09-24 16:30:37,26.19,Low,Anthropogenic,0.5873,0.6792,0.1967,0.64,0.3792,Routine
46,374,13,68,2019-05-29 05:50:28,83.28,Medium,Rainfall Driven,0.1673,0.1287,0.9847,0.2397,0.1431,Post Event
47,259,40,145,2022-07-01 10:17:54,3.67,High,Anthropogenic,0.8324,0.3658,0.4455,0.3769,0.9609,Alert Triggered
48,27,58,98,2018-05-10 13:49:03,44.52,High,Seasonal,0.2639,0.168,0.4862,0.0417,0.4846,Alert Triggered
49,172,39,21,2018-09-24 20:28:58,82.6,Extreme,Rainfall Driven,0.3469,0.702,0.2936,0.2307,0.5702,Routine
50,69,58,174,2022-07-17 11:10:31,41.88,Extreme,Earthquake Triggered,0.8016,0.0578,0.0205,0.0363,0.4782,Manual
51,273,23,123,2019-08-22 16:17:36,25.58,High,Earthquake Triggered,0.5504,0.2551,0.1083,0.3002,0.9248,Manual
52,479,15,188,2018-04-28 17:19:29,26.57,Medium,Seasonal,0.8026,0.7345,0.1272,0.1678,0.1505,Alert Triggered
53,423,20,105,2020-08-20 19:22:24,34.46,High,Rainfall Driven,0.291,0.8062,0.1829,0.6223,0.2512,Manual
54,307,27,2,2019-02-09 01:30:15,17.27,Extreme,Rainfall Driven,0.3794,0.6243,0.9633,0.3217,0.8712,Post Event
55,121,57,146,2022-11-12 08:24:49,32.03,Medium,Seasonal,0.401,0.2046,0.7015,0.4928,0.5811,Routine
56,369,35,61,2021-05-17 07:14:57,26.78,Low,Anthropogenic,0.8204,0.2931,0.6077,0.5496,0.6949,Alert Triggered
57,86,16,12,2019-10-20 20:19:06,39.48,Low,Rainfall Driven,0.802,0.1363,0.3674,0.7823,0.1776,Alert Triggered
58,36,33,128,2019-02-23 16:13:06,0.4,Extreme,Earthquake Triggered,0.0017,0.1316,0.4364,0.6585,0.5574,Post Event
59,303,32,153,2023-02-17 20:31:34,0.94,Extreme,Anthropogenic,0.7629,0.1973,0.9735,0.407,0.1535,Alert Triggered
60,193,62,66,2018-05-04 00:24:22,54.93,Medium,Earthquake Triggered,0.319,0.1846,0.417,0.934,0.1882,Post Event
61,378,36,16,2019-03-22 04:35:58,23.23,Low,Earthquake Triggered,0.1154,0.3218,0.4418,0.7706,0.4729,Post Event
62,423,20,105,2020-07-28 10:34:59,55.99,High,Anthropogenic,0.8431,0.8081,0.3983,0.9344,0.2939,Alert Triggered
63,479,15,188,2022-11-09 01:09:20,21.67,Extreme,Rainfall Driven,0.9183,0.6359,0.3238,0.4385,0.9425,Manual
64,289,31,68,2024-10-25 04:43:42,92.51,Medium,Rainfall Driven,0.9699,0.3576,0.8538,0.009,0.4605,Manual
65,451,41,72,2018-04-16 10:02:11,44.72,Medium,Anthropogenic,0.7232,0.1195,0.4953,0.4285,0.1922,Routine
66,218,28,84,2023-04-10 13:00:23,52.73,Medium,Anthropogenic,0.1334,0.0021,0.6404,0.2445,0.1505,Manual
67,373,44,152,2022-07-20 11:32:27,94.67,Low,Earthquake Triggered,0.5218,0.6639,0.0563,0.4112,0.5014,Routine
68,94,33,13,2021-09-03 01:23:34,19.19,Extreme,Seasonal,0.2806,0.6796,0.2149,0.4486,0.972,Manual
69,441,56,154,2019-05-19 23:41:01,34.82,Extreme,Seasonal,0.5687,0.8936,0.0876,0.0283,0.971,Routine
70,379,43,95,2020-08-26 18:47:37,65.37,Low,Earthquake Triggered,0.368,0.1109,0.354,0.182,0.7767,Routine
71,185,1,182,2018-11-08 21:27:04,60.6,Medium,Earthquake Triggered,0.5587,0.8831,0.4948,0.4502,0.9298,Post Event
72,255,6,154,2018-09-07 22:28:22,9.52,Extreme,Seasonal,0.1727,0.7164,0.5563,0.6203,0.9241,Routine
73,345,12,113,2022-09-14 16:02:41,77.25,Low,Seasonal,0.3888,0.0768,0.5151,0.0771,0.8309,Post Event
74,262,52,10,2023-10-31 23:58:13,8.62,High,Rainfall Driven,0.2237,0.094,0.2027,0.2159,0.4138,Alert Triggered
75,337,59,92,2021-06-17 00:49:56,63.53,Medium,Seasonal,0.8905,0.8455,0.4101,0.4423,0.5399,Routine
76,80,56,146,2024-11-19 04:43:25,8.7,Extreme,Seasonal,0.7395,0.0029,0.1341,0.7622,0.1396,Routine
77,184,38,190,2019-11-16 22:05:04,37.09,High,Anthropogenic,0.7352,0.17,0.9518,0.703,0.319,Post Event
78,385,6,118,2024-03-30 02:48:22,1.28,Medium,Anthropogenic,0.6771,0.2345,0.0179,0.28,0.3941,Routine
79,493,34,195,2024-03-01 17:50:57,52.36,High,Anthropogenic,0.3347,0.1941,0.7706,0.6925,0.8745,Routine
80,351,12,98,2020-03-15 04:35:09,45.77,Medium,Earthquake Triggered,0.1881,0.764,0.1334,0.9872,0.7806,Routine
81,459,55,143,2018-02-10 18:02:42,86.52,High,Rainfall Driven,0.4762,0.2346,0.6909,0.2712,0.9492,Post Event
82,372,26,52,2020-02-15 12:50:16,14.3,Extreme,Earthquake Triggered,0.6015,0.775,0.0877,0.7805,0.4696,Manual
83,371,53,42,2020-08-11 03:13:20,18.47,Low,Seasonal,0.7449,0.2381,0.806,0.0877,0.9461,Manual
84,264,39,30,2019-08-21 17:16:30,71.57,Low,Rainfall Driven,0.502,0.3879,0.1072,0.8781,0.5025,Manual
85,290,18,69,2023-12-22 06:26:19,47.64,High,Rainfall Driven,0.1679,0.1582,0.1162,0.8518,0.7219,Post Event
86,116,34,118,2021-04-18 18:18:54,3.12,High,Anthropogenic,0.518,0.7093,0.4702,0.0581,0.1498,Manual
87,384,16,197,2020-06-29 08:34:57,43.34,Low,Rainfall Driven,0.5503,0.965,0.5775,0.7138,0.2892,Alert Triggered
88,44,60,20,2019-12-19 02:08:23,70.35,High,Earthquake Triggered,0.4664,0.9053,0.0799,0.7555,0.9769,Post Event
89,110,13,105,2021-04-01 22:43:25,7.43,High,Earthquake Triggered,0.0797,0.7094,0.4113,0.5049,0.2285,Post Event
90,110,13,105,2020-07-21 06:13:50,60.5,Low,Rainfall Driven,0.3177,0.5169,0.9074,0.0525,0.3429,Alert Triggered
91,131,9,52,2020-04-18 19:02:01,78.11,Extreme,Anthropogenic,0.882,0.3816,0.6522,0.2927,0.3021,Alert Triggered
92,418,51,97,2023-01-09 01:40:33,48.7,Low,Rainfall Driven,0.9686,0.7284,0.9573,0.7478,0.8875,Alert Triggered
93,209,48,163,2023-05-11 09:41:51,87.6,Low,Seasonal,0.6197,0.6076,0.1213,0.7198,0.4097,Post Event
94,363,8,39,2024-05-15 11:00:35,46.86,Medium,Seasonal,0.583,0.8896,0.9914,0.0016,0.9732,Manual
95,251,21,116,2023-02-25 03:32:59,38.32,Medium,Seasonal,0.9971,0.8839,0.2285,0.8079,0.867,Manual
96,313,39,41,2019-10-22 21:42:43,14.23,Medium,Seasonal,0.4491,0.5108,0.5914,0.5978,0.9687,Post Event
97,435,55,174,2019-02-17 02:22:35,18.95,High,Earthquake Triggered,0.074,0.2874,0.7241,0.1131,0.0241,Alert Triggered
98,185,1,182,2021-09-01 21:24:50,81.83,Medium,Anthropogenic,0.7555,0.7334,0.6819,0.1951,0.2568,Alert Triggered
99,84,9,192,2021-07-08 19:44:41,68.8,Extreme,Earthquake Triggered,0.1796,0.1843,0.6226,0.8651,0.2885,Routine
100,170,32,116,2023-12-06 22:59:50,46.23,Low,Earthquake Triggered,0.2467,0.0291,0.445,0.5039,0.9017,Routine
101,120,14,105,2021-05-30 22:18:08,99.49,High,Seasonal,0.3985,0.7665,0.6678,0.8382,0.713,Post Event
102,182,2,52,2023-07-22 12:48:56,78.57,High,Earthquake Triggered,0.018,0.8296,0.4637,0.0286,0.5754,Routine
103,148,62,159,2019-06-30 19:42:43,35.93,Extreme,Anthropogenic,0.4116,0.2774,0.8446,0.8999,0.582,Manual
104,176,21,27,2020-02-09 08:29:54,17.56,Medium,Seasonal,0.4183,0.4492,0.4547,0.8656,0.7509,Post Event
105,493,34,195,2021-02-14 22:50:17,19.87,Medium,Rainfall Driven,0.2293,0.0805,0.155,0.7213,0.6976,Post Event
106,181,10,150,2024-07-20 21:59:05,22.44,Medium,Rainfall Driven,0.4584,0.1103,0.7063,0.7792,0.8518,Post Event
107,444,1,133,2019-03-05 14:25:06,90.1,Medium,Anthropogenic,0.7919,0.8941,0.3298,0.714,0.9022,Manual
108,344,53,149,2019-03-03 20:26:19,4.12,Extreme,Earthquake Triggered,0.997,0.6505,0.2396,0.1983,0.7041,Manual
109,300,25,17,2019-09-26 15:06:46,49.89,Extreme,Earthquake Triggered,0.505,0.8295,0.1995,0.0506,0.2988,Manual
110,396,28,6,2018-05-10 22:59:57,53.57,Extreme,Rainfall Driven,0.6957,0.838,0.6505,0.3111,0.9697,Routine
111,398,46,16,2018-08-27 15:04:30,37.59,High,Anthropogenic,0.4416,0.3674,0.0923,0.0335,0.5865,Post Event
112,134,20,34,2023-12-29 06:28:43,27.36,Low,Earthquake Triggered,0.6619,0.7913,0.8232,0.1123,0.3344,Manual
113,129,49,47,2018-08-18 00:06:41,24.43,Low,Anthropogenic,0.4674,0.2773,0.5391,0.8581,0.9328,Manual
114,253,56,38,2020-10-09 10:30:56,6.05,Medium,Anthropogenic,0.9092,0.6122,0.1725,0.4913,0.245,Post Event
115,62,43,126,2018-09-28 13:05:55,12.88,Medium,Rainfall Driven,0.5956,0.3024,0.3971,0.1801,0.1989,Routine
116,364,17,72,2018-12-04 18:13:00,95.87,Extreme,Earthquake Triggered,0.5214,0.3991,0.6702,0.8973,0.5234,Alert Triggered
117,338,44,179,2022-09-19 15:03:21,37.75,Low,Seasonal,0.1957,0.8281,0.4294,0.3346,0.195,Routine
118,343,43,90,2022-01-06 22:37:39,71.51,Low,Rainfall Driven,0.0504,0.6194,0.9853,0.0288,0.5639,Routine
119,197,62,11,2021-09-14 04:46:38,70.32,High,Rainfall Driven,0.1302,0.2158,0.5664,0.5865,0.853,Post Event
120,486,25,109,2024-09-30 15:06:23,96.56,Low,Seasonal,0.2016,0.6756,0.6247,0.7337,0.2046,Manual
121,299,45,100,2023-06-28 04:40:40,79.92,Low,Anthropogenic,0.2103,0.9354,0.5531,0.613,0.4764,Post Event
122,359,40,191,2022-08-03 10:49:20,74.97,Low,Anthropogenic,0.6353,0.3139,0.1395,0.1322,0.7364,Post Event
123,426,27,115,2023-01-04 11:31:17,46.21,Low,Seasonal,0.7895,0.6041,0.8744,0.5022,0.6707,Alert Triggered
124,473,11,186,2020-08-31 10:20:21,43.0,Low,Anthropogenic,0.7588,0.9973,0.0202,0.3633,0.7191,Post Event
125,444,1,133,2019-04-23 16:12:02,37.01,Low,Rainfall Driven,0.8904,0.4279,0.2117,0.7367,0.4101,Alert Triggered
126,329,8,79,2021-05-11 07:47:53,54.2,Low,Seasonal,0.183,0.8272,0.9979,0.7311,0.4739,Alert Triggered
127,165,26,111,2024-09-29 23:08:14,54.44,Low,Earthquake Triggered,0.4338,0.1323,0.7253,0.2233,0.9108,Routine
128,37,17,142,2018-02-14 23:01:36,45.76,High,Anthropogenic,0.3665,0.0057,0.468,0.9907,0.5406,Post Event
129,476,22,45,2021-07-12 14:12:05,8.37,Low,Earthquake Triggered,0.9566,0.2633,0.0521,0.2097,0.4834,Alert Triggered
130,487,39,149,2018-06-28 02:56:36,50.51,Extreme,Seasonal,0.8974,0.1354,0.2925,0.9962,0.5841,Routine
131,203,36,143,2024-03-05 23:10:54,49.04,Extreme,Anthropogenic,0.8446,0.588,0.7772,0.0688,0.5745,Alert Triggered
132,117,50,26,2019-04-26 15:43:44,90.66,High,Earthquake Triggered,0.4138,0.6321,0.7425,0.9536,0.8162,Routine
133,27,58,98,2023-03-27 04:52:55,61.89,Low,Anthropogenic,0.0177,0.3947,0.1327,0.8962,0.027,Manual
134,377,24,150,2022-08-22 05:06:25,90.06,Low,Earthquake Triggered,0.6837,0.6315,0.6601,0.8308,0.6368,Alert Triggered
135,350,18,38,2024-06-25 12:58:23,45.98,High,Seasonal,0.1085,0.558,0.6476,0.9096,0.2778,Manual
136,458,31,60,2019-05-26 10:32:40,57.5,High,Rainfall Driven,0.592,0.896,0.1809,0.9612,0.712,Routine
137,415,9,181,2024-06-27 02:58:40,60.93,Extreme,Earthquake Triggered,0.9738,0.957,0.4231,0.5013,0.0147,Alert Triggered
138,462,13,18,2019-09-24 11:19:20,41.12,High,Earthquake Triggered,0.9688,0.3375,0.4021,0.4791,0.7297,Post Event
139,175,3,57,2018-07-20 00:24:27,85.85,Extreme,Earthquake Triggered,0.0285,0.949,0.4373,0.5258,0.4106,Alert Triggered
140,180,62,104,2020-05-13 00:14:13,34.04,Extreme,Anthropogenic,0.6857,0.5755,0.232,0.1013,0.553,Post Event
141,500,17,30,2021-11-15 10:57:30,7.86,Low,Earthquake Triggered,0.261,0.8943,0.96,0.0783,0.8754,Alert Triggered
142,357,2,179,2022-07-14 17:23:28,66.46,Medium,Earthquake Triggered,0.2355,0.2067,0.5988,0.4558,0.4165,Alert Triggered
143,137,29,98,2023-04-16 19:43:22,56.84,Medium,Anthropogenic,0.6912,0.5223,0.642,0.2419,0.6134,Routine
144,270,9,8,2018-02-11 23:17:43,62.43,High,Earthquake Triggered,0.0067,0.7878,0.3868,0.2714,0.2714,Manual
145,423,20,105,2020-03-05 00:42:14,7.61,Low,Anthropogenic,0.1471,0.8081,0.5949,0.7498,0.181,Routine
146,327,20,32,2019-04-08 21:04:50,76.53,Medium,Earthquake Triggered,0.7284,0.7821,0.0814,0.9401,0.5759,Alert Triggered
147,106,23,82,2018-12-06 18:10:09,86.0,Extreme,Anthropogenic,0.7828,0.5562,0.2534,0.9976,0.2828,Alert Triggered
148,431,6,167,2024-10-28 03:57:31,23.51,High,Earthquake Triggered,0.7212,0.3723,0.0652,0.7524,0.9563,Post Event
149,436,18,32,2023-08-11 12:36:47,26.14,Medium,Anthropogenic,0.5855,0.3747,0.4758,0.3794,0.941,Post Event
150,422,28,47,2019-10-11 13:37:13,12.5,Low,Earthquake Triggered,0.4246,0.0429,0.5653,0.59,0.9834,Routine
151,476,22,45,2022-01-09 11:02:19,9.83,High,Rainfall Driven,0.8113,0.4656,0.038,0.2155,0.8877,Alert Triggered
152,158,29,46,2018-09-22 19:19:58,45.4,High,Earthquake Triggered,0.3399,0.2954,0.461,0.5736,0.0368,Alert Triggered
153,89,1,105,2024-02-08 21:54:55,9.97,High,Rainfall Driven,0.4522,0.2561,0.9002,0.3265,0.0393,Post Event
154,409,6,10,2022-09-09 14:31:08,76.49,Low,Earthquake Triggered,0.9984,0.659,0.7581,0.7614,0.1903,Alert Triggered
155,404,11,187,2023-10-24 21:55:40,68.68,High,Earthquake Triggered,0.5571,0.284,0.1763,0.0964,0.2422,Alert Triggered
156,20,55,164,2024-12-10 17:06:35,7.78,High,Rainfall Driven,0.9028,0.7697,0.9161,0.1403,0.4934,Post Event
157,394,62,191,2022-01-03 11:04:01,76.61,Extreme,Seasonal,0.0169,0.9931,0.1618,0.1532,0.1434,Alert Triggered
158,166,39,23,2018-07-01 17:15:34,25.5,Medium,Rainfall Driven,0.4184,0.8217,0.3204,0.7804,0.2701,Manual
159,88,36,117,2019-03-28 04:58:48,56.03,Medium,Anthropogenic,0.8685,0.3711,0.8753,0.5921,0.2687,Routine
160,132,29,71,2018-10-29 21:57:21,78.76,Low,Earthquake Triggered,0.1915,0.8355,0.2869,0.6011,0.4902,Routine
161,479,15,188,2020-02-15 18:43:12,79.98,Low,Anthropogenic,0.0468,0.5243,0.9035,0.6227,0.7222,Routine
162,159,55,66,2019-07-25 22:39:58,59.96,Extreme,Earthquake Triggered,0.2552,0.9677,0.8669,0.75,0.2669,Manual
163,69,58,174,2021-10-12 18:53:55,19.28,High,Earthquake Triggered,0.0797,0.7238,0.3144,0.208,0.3107,Post Event
164,41,34,39,2024-10-15 04:49:42,24.4,High,Anthropogenic,0.1354,0.396,0.3142,0.516,0.2368,Manual
165,150,17,157,2018-03-26 23:04:09,1.47,Extreme,Rainfall Driven,0.2107,0.8479,0.0543,0.3538,0.2627,Post Event
166,317,51,95,2024-01-17 03:45:29,29.74,Medium,Seasonal,0.4341,0.0442,0.352,0.583,0.6911,Routine
167,429,40,130,2023-12-28 11:40:46,31.37,Extreme,Anthropogenic,0.641,0.8241,0.3959,0.643,0.8243,Manual
168,470,7,46,2021-04-08 21:44:16,9.5,Extreme,Earthquake Triggered,0.2738,0.138,0.004,0.0851,0.9391,Manual
169,88,36,117,2024-03-15 09:33:25,90.29,Medium,Earthquake Triggered,0.9141,0.5862,0.5898,0.0058,0.9219,Post Event
170,275,43,172,2023-10-25 02:16:28,31.49,High,Seasonal,0.7737,0.8032,0.4334,0.9237,0.476,Post Event
171,120,14,105,2019-03-07 17:00:45,34.97,Low,Earthquake Triggered,0.1247,0.7597,0.3892,0.612,0.7085,Manual
172,415,9,181,2024-04-26 12:30:29,9.29,Extreme,Rainfall Driven,0.4732,0.4255,0.8176,0.2896,0.988,Routine
173,67,48,168,2020-11-21 21:11:37,98.47,Low,Earthquake Triggered,0.1155,0.0116,0.592,0.4053,0.8976,Alert Triggered
174,437,26,50,2024-08-26 05:41:18,0.07,Low,Rainfall Driven,0.373,0.3487,0.0684,0.2296,0.4957,Routine
175,374,13,68,2021-02-27 19:26:05,2.33,Low,Anthropogenic,0.0006,0.2061,0.3823,0.8322,0.4491,Alert Triggered
176,144,5,67,2018-04-01 03:08:24,49.56,Medium,Seasonal,0.1302,0.6417,0.5851,0.2422,0.6964,Manual
177,378,36,16,2019-09-12 09:51:48,27.56,Extreme,Earthquake Triggered,0.8654,0.0081,0.9097,0.7177,0.1241,Alert Triggered
178,24,8,16,2024-02-12 01:24:46,31.08,Low,Seasonal,0.3792,0.9226,0.2679,0.1693,0.5938,Alert Triggered
179,182,2,52,2020-04-02 16:49:21,2.45,Low,Earthquake Triggered,0.1126,0.6576,0.5753,0.5246,0.1849,Routine
180,166,39,23,2022-09-04 21:47:19,84.96,Medium,Anthropogenic,0.1489,0.6747,0.772,0.8392,0.5057,Routine
181,388,43,25,2023-06-19 04:05:13,89.77,High,Earthquake Triggered,0.2329,0.41,0.9346,0.8674,0.3718,Alert Triggered
182,417,57,73,2022-04-25 00:31:44,22.38,High,Earthquake Triggered,0.5621,0.1973,0.191,0.5158,0.3352,Manual
183,34,25,173,2023-11-30 19:17:03,47.7,Low,Earthquake Triggered,0.8301,0.0109,0.5814,0.286,0.4784,Manual
184,295,50,111,2023-08-13 05:45:31,21.92,Medium,Seasonal,0.0218,0.9833,0.0925,0.1721,0.9572,Routine
185,255,6,154,2021-04-04 09:50:28,47.15,Low,Rainfall Driven,0.34,0.3227,0.7118,0.1416,0.5354,Routine
186,489,48,54,2021-02-02 11:58:09,63.88,Extreme,Earthquake Triggered,0.6359,0.124,0.6881,0.0623,0.3045,Routine
187,453,58,52,2018-06-15 03:53:16,44.48,Extreme,Anthropogenic,0.2794,0.7285,0.5446,0.2643,0.1303,Routine
188,16,7,106,2022-07-17 23:39:13,91.68,Medium,Seasonal,0.7879,0.7616,0.5615,0.6088,0.2404,Routine
189,159,55,66,2023-06-21 10:21:04,96.57,Low,Seasonal,0.0832,0.7295,0.3921,0.5453,0.7576,Post Event
190,120,14,105,2023-09-04 03:16:00,90.73,High,Earthquake Triggered,0.625,0.1626,0.1855,0.7332,0.8561,Alert Triggered
191,60,36,110,2022-05-08 04:52:50,35.89,High,Seasonal,0.8642,0.4046,0.3675,0.0708,0.619,Manual
192,282,32,188,2020-10-03 15:48:01,56.1,Low,Seasonal,0.1945,0.1278,0.1076,0.5652,0.7475,Manual
193,173,36,67,2020-10-17 04:36:06,62.27,Medium,Earthquake Triggered,0.1998,0.2447,0.9596,0.4375,0.7079,Post Event
194,377,24,150,2021-02-14 04:30:58,30.69,Medium,Anthropogenic,0.9308,0.8943,0.1679,0.9389,0.4212,Alert Triggered
195,84,9,192,2023-12-25 05:12:38,98.44,Low,Anthropogenic,0.462,0.3398,0.6301,0.4842,0.3929,Routine
196,194,8,67,2018-10-06 20:35:24,52.79,Medium,Rainfall Driven,0.5992,0.9056,0.7354,0.5116,0.5866,Routine
197,141,24,174,2020-07-11 15:55:23,61.93,High,Earthquake Triggered,0.6782,0.8377,0.5268,0.4332,0.9279,Manual
198,458,31,60,2020-12-23 00:33:50,89.77,Low,Seasonal,0.6966,0.5518,0.1495,0.9214,0.6621,Routine
199,156,3,92,2018-01-26 15:03:39,29.61,Low,Rainfall Driven,0.5276,0.6371,0.4286,0.3122,0.2985,Post Event
200,102,34,123,2024-11-29 11:33:01,21.15,High,Seasonal,0.4296,0.02,0.6298,0.8475,0.2803,Alert Triggered
201,323,27,114,2018-02-23 12:17:05,25.71,Extreme,Seasonal,0.6705,0.4057,0.5771,0.6927,0.672,Manual
202,91,53,101,2019-06-22 23:00:06,31.53,Extreme,Seasonal,0.0759,0.5486,0.2279,0.4824,0.3617,Alert Triggered
203,99,18,47,2019-09-01 14:12:32,42.91,Extreme,Anthropogenic,0.2573,0.8724,0.1918,0.4922,0.4706,Post Event
204,126,31,17,2019-02-19 01:29:22,57.81,Low,Rainfall Driven,0.7211,0.4262,0.4881,0.4776,0.5345,Manual
205,368,31,184,2024-12-09 21:42:06,0.98,High,Earthquake Triggered,0.5768,0.2842,0.8277,0.0572,0.5027,Post Event
206,284,35,200,2019-04-30 19:48:01,48.02,Low,Earthquake Triggered,0.1455,0.7126,0.5443,0.6829,0.4908,Alert Triggered
207,195,6,103,2024-07-26 03:52:14,38.83,Extreme,Seasonal,0.3848,0.0545,0.6683,0.8185,0.8514,Manual
208,227,37,92,2019-03-24 15:23:58,35.62,Extreme,Rainfall Driven,0.089,0.6122,0.1958,0.3693,0.4963,Manual
209,414,36,133,2022-07-12 01:29:35,76.36,Low,Seasonal,0.9976,0.2123,0.4248,0.6308,0.8886,Alert Triggered
210,311,5,121,2020-09-19 16:30:49,55.64,Extreme,Rainfall Driven,0.8634,0.0237,0.4093,0.9153,0.3996,Routine
211,149,8,25,2018-06-29 07:54:00,97.41,Medium,Seasonal,0.8365,0.0634,0.5864,0.3919,0.919,Post Event
212,30,26,113,2023-01-13 18:11:51,11.05,High,Anthropogenic,0.2966,0.8265,0.1007,0.0648,0.5478,Manual
213,165,26,111,2019-05-04 07:21:18,66.33,Low,Rainfall Driven,0.0465,0.6422,0.8772,0.7412,0.041,Routine
214,366,16,154,2019-01-24 09:46:59,8.54,Low,Seasonal,0.4511,0.7456,0.5253,0.4596,0.267,Post Event
215,75,15,133,2019-02-16 08:15:11,17.64,High,Rainfall Driven,0.9944,0.2748,0.7387,0.4999,0.1008,Alert Triggered
216,240,19,167,2019-11-09 22:02:32,1.62,Low,Anthropogenic,0.5835,0.1,0.6594,0.3142,0.211,Routine
217,353,3,46,2021-11-21 17:41:16,40.94,Medium,Seasonal,0.4374,0.1263,0.1754,0.0036,0.0482,Manual
218,390,28,21,2022-12-08 20:29:39,67.3,High,Seasonal,0.9936,0.494,0.1212,0.9493,0.5742,Manual
219,191,18,200,2021-04-30 12:46:07,21.91,Extreme,Earthquake Triggered,0.1074,0.4755,0.6396,0.359,0.3987,Manual
220,209,48,163,2024-12-12 11:29:55,98.04,Medium,Anthropogenic,0.5864,0.365,0.9256,0.712,0.052,Alert Triggered
221,253,56,38,2018-04-07 15:55:27,44.0,High,Earthquake Triggered,0.453,0.54,0.642,0.3752,0.1993,Manual
222,373,44,152,2023-03-23 04:58:54,61.33,Medium,Anthropogenic,0.5177,0.3599,0.4468,0.7299,0.9241,Routine
223,488,17,178,2021-10-31 01:43:44,34.51,Low,Earthquake Triggered,0.9088,0.9285,0.0505,0.0806,0.0588,Routine
224,20,55,164,2020-07-23 22:37:05,43.02,Extreme,Anthropogenic,0.0409,0.3539,0.2922,0.2511,0.4186,Routine
225,200,32,109,2020-03-31 02:29:51,26.23,High,Rainfall Driven,0.1881,0.8271,0.1448,0.416,0.9587,Alert Triggered
226,249,34,138,2018-08-23 06:54:11,47.23,Medium,Rainfall Driven,0.6627,0.6149,0.8526,0.5613,0.1177,Manual
227,213,8,164,2024-03-02 20:24:20,69.45,Extreme,Earthquake Triggered,0.9029,0.3481,0.1602,0.6839,0.5148,Post Event
228,433,62,93,2022-08-13 22:24:46,66.71,Medium,Rainfall Driven,0.8953,0.5424,0.052,0.1688,0.488,Routine
229,10,27,150,2021-02-04 16:21:42,95.68,Medium,Earthquake Triggered,0.8818,0.9849,0.6006,0.5814,0.3664,Alert Triggered
230,355,23,190,2023-10-11 17:04:58,16.8,Extreme,Earthquake Triggered,0.195,0.2694,0.2475,0.9017,0.3091,Post Event
231,199,1,173,2022-06-02 13:44:27,77.36,Extreme,Earthquake Triggered,0.633,0.945,0.5545,0.3847,0.2576,Post Event
232,498,11,193,2021-12-29 07:17:47,93.06,High,Rainfall Driven,0.712,0.234,0.452,0.9756,0.6619,Alert Triggered
233,446,57,11,2020-05-02 22:40:08,7.67,Low,Seasonal,0.2201,0.4907,0.7739,0.2615,0.8945,Alert Triggered
234,131,9,52,2023-03-18 02:19:23,86.84,Extreme,Earthquake Triggered,0.3726,0.4661,0.88,0.2957,0.303,Manual
235,463,56,106,2020-04-16 16:15:25,72.54,Medium,Seasonal,0.4195,0.3524,0.672,0.4611,0.7864,Routine
236,336,47,148,2023-05-05 08:24:29,82.56,Low,Anthropogenic,0.4402,0.0286,0.2083,0.5027,0.8697,Manual
237,359,40,191,2019-11-07 11:10:28,59.42,Medium,Seasonal,0.2568,0.58,0.3003,0.5591,0.0196,Post Event
238,216,25,198,2022-12-27 02:49:40,12.51,Low,Earthquake Triggered,0.0666,0.3623,0.9498,0.3335,0.6814,Post Event
239,268,58,54,2021-12-14 15:04:29,45.67,Medium,Anthropogenic,0.8785,0.9827,0.5154,0.6704,0.5185,Manual
240,483,39,138,2022-07-10 15:35:51,31.16,Medium,Anthropogenic,0.1056,0.9582,0.2966,0.517,0.7812,Post Event
241,207,34,196,2022-06-25 10:04:44,99.09,Extreme,Seasonal,0.9755,0.417,0.5204,0.9875,0.1059,Manual
242,274,38,106,2023-12-24 01:08:56,43.61,High,Seasonal,0.9986,0.3863,0.1668,0.1126,0.733,Alert Triggered
243,18,60,192,2023-05-31 19:05:27,53.06,High,Anthropogenic,0.1108,0.9349,0.8859,0.2611,0.1652,Alert Triggered
244,453,58,52,2020-01-18 09:26:49,14.48,Medium,Earthquake Triggered,0.6533,0.8076,0.4708,0.5124,0.867,Manual
245,93,29,79,2019-03-18 00:43:18,55.25,Low,Anthropogenic,0.1019,0.8885,0.6761,0.3284,0.0605,Routine
246,349,15,109,2023-05-07 21:57:07,23.85,Extreme,Rainfall Driven,0.0352,0.1247,0.8559,0.0399,0.716,Manual
247,491,17,105,2021-09-23 10:02:21,37.33,High,Earthquake Triggered,0.6371,0.8499,0.9109,0.1497,0.444,Alert Triggered
248,274,38,106,2021-05-23 09:17:23,73.53,High,Rainfall Driven,0.2861,0.9235,0.3297,0.531,0.5756,Manual
249,497,32,23,2022-12-28 12:23:12,93.03,Medium,Earthquake Triggered,0.3588,0.683,0.3619,0.4507,0.2228,Post Event
250,425,4,82,2023-02-11 07:34:08,65.55,High,Anthropogenic,0.0981,0.238,0.5813,0.1927,0.5058,Routine
251,298,41,166,2024-04-07 09:17:04,13.42,Extreme,Anthropogenic,0.9463,0.1957,0.9721,0.8511,0.7021,Routine
252,112,20,102,2022-11-12 17:01:54,22.29,High,Seasonal,0.5401,0.7378,0.2526,0.1185,0.4147,Alert Triggered
253,424,17,97,2019-08-24 03:57:13,81.03,Extreme,Earthquake Triggered,0.7368,0.4277,0.4695,0.014,0.9845,Manual
254,172,39,21,2023-09-11 02:48:36,40.52,High,Rainfall Driven,0.3533,0.0233,0.725,0.862,0.01,Alert Triggered
255,151,43,151,2019-08-28 05:14:09,56.46,Medium,Earthquake Triggered,0.4991,0.3087,0.8524,0.2644,0.7491,Routine
256,98,27,52,2021-03-04 23:35:49,61.01,High,Anthropogenic,0.2926,0.7005,0.6863,0.5209,0.5127,Routine
257,382,31,67,2022-07-16 17:06:13,6.59,Medium,Rainfall Driven,0.4142,0.426,0.1516,0.9957,0.3642,Post Event
258,38,62,186,2018-11-06 15:55:36,56.08,Low,Rainfall Driven,0.4129,0.1613,0.8531,0.6215,0.4673,Manual
259,154,46,167,2023-10-12 09:54:49,40.98,Low,Earthquake Triggered,0.1034,0.9316,0.0191,0.218,0.9758,Post Event
260,387,6,6,2024-04-17 17:40:13,56.52,Low,Rainfall Driven,0.2135,0.9034,0.0809,0.6562,0.3509,Alert Triggered
261,64,11,126,2019-04-13 06:24:30,81.89,Extreme,Seasonal,0.2086,0.0545,0.8513,0.0748,0.3459,Routine
262,289,31,68,2021-12-01 23:13:03,16.2,Low,Earthquake Triggered,0.8031,0.3901,0.3169,0.853,0.3324,Manual
263,111,24,1,2019-09-18 09:21:40,91.25,Extreme,Earthquake Triggered,0.8362,0.5572,0.3564,0.6779,0.7867,Manual
264,352,17,139,2019-11-22 23:23:15,38.63,Extreme,Rainfall Driven,0.6977,0.6057,0.3025,0.0811,0.8314,Manual
265,488,17,178,2019-04-30 23:47:22,77.96,Low,Anthropogenic,0.8982,0.3303,0.917,0.9544,0.5578,Routine
266,167,44,187,2018-10-16 16:42:31,25.3,High,Earthquake Triggered,0.561,0.2506,0.9211,0.812,0.9176,Manual
267,107,47,1,2018-10-11 00:07:37,15.96,High,Anthropogenic,0.0096,0.5872,0.0574,0.2014,0.0975,Manual
268,384,16,197,2022-01-11 15:26:06,31.1,Low,Seasonal,0.3346,0.6948,0.288,0.4439,0.7264,Routine
269,470,7,46,2022-06-25 19:36:43,10.48,High,Earthquake Triggered,0.4544,0.2521,0.0849,0.7669,0.5169,Post Event
270,310,38,84,2018-09-20 00:04:02,38.79,High,Anthropogenic,0.462,0.8081,0.7398,0.1561,0.4991,Alert Triggered
271,387,6,6,2018-03-06 14:37:47,89.29,High,Seasonal,0.9614,0.4339,0.9857,0.1792,0.0521,Routine
272,182,2,52,2022-05-23 15:17:58,30.67,Low,Earthquake Triggered,0.2004,0.4755,0.3169,0.5804,0.5431,Post Event
273,116,34,118,2021-01-23 13:06:36,28.26,Low,Anthropogenic,0.1366,0.0741,0.1909,0.8407,0.3326,Alert Triggered
274,289,31,68,2024-03-24 05:07:20,60.28,Low,Anthropogenic,0.8417,0.3093,0.0273,0.5337,0.2329,Post Event
275,401,51,107,2022-08-21 13:52:57,25.98,Medium,Seasonal,0.2662,0.3255,0.6283,0.7646,0.6854,Alert Triggered
276,271,46,195,2019-02-23 15:40:50,60.67,Low,Seasonal,0.2055,0.8577,0.0497,0.0864,0.7338,Routine
277,141,24,174,2019-06-25 08:25:10,92.69,Extreme,Rainfall Driven,0.2613,0.4769,0.5862,0.8721,0.4673,Manual
278,255,6,154,2023-01-08 23:06:48,89.45,Medium,Rainfall Driven,0.4561,0.7321,0.4898,0.2449,0.9388,Manual
279,217,47,11,2020-05-18 20:28:17,6.99,Low,Seasonal,0.3188,0.5492,0.382,0.4513,0.2152,Routine
280,434,13,169,2019-01-10 00:05:02,33.86,Medium,Rainfall Driven,0.1926,0.6582,0.8183,0.8893,0.9573,Alert Triggered
281,208,34,44,2023-01-27 19:22:45,94.05,Medium,Seasonal,0.3447,0.1724,0.6902,0.7011,0.1998,Post Event
282,27,58,98,2020-08-08 03:55:01,7.0,High,Anthropogenic,0.1426,0.5963,0.4866,0.7554,0.9266,Routine
283,60,36,110,2023-10-10 21:14:32,52.19,Low,Earthquake Triggered,0.9985,0.5123,0.7011,0.9772,0.2222,Alert Triggered
284,99,18,47,2020-07-24 02:21:35,63.35,Medium,Seasonal,0.8947,0.0854,0.9419,0.1185,0.626,Routine
285,438,41,161,2020-06-20 10:10:19,56.15,High,Rainfall Driven,0.0426,0.9855,0.7117,0.2866,0.064,Post Event
286,98,27,52,2018-01-10 17:43:40,43.51,Low,Rainfall Driven,0.0066,0.788,0.5035,0.0676,0.9673,Post Event
287,272,61,58,2023-10-17 23:32:38,59.74,High,Earthquake Triggered,0.9151,0.5948,0.6829,0.334,0.4846,Manual
288,83,6,112,2019-11-18 16:36:21,13.8,Extreme,Rainfall Driven,0.9695,0.526,0.8814,0.5565,0.7135,Post Event
289,97,59,48,2021-11-07 12:15:40,24.82,High,Rainfall Driven,0.7096,0.0246,0.1585,0.4016,0.1995,Routine
290,31,57,37,2024-01-16 08:04:01,9.95,High,Rainfall Driven,0.1805,0.427,0.8529,0.649,0.1541,Alert Triggered
291,265,14,135,2024-01-31 09:05:49,73.24,Extreme,Rainfall Driven,0.539,0.0164,0.2999,0.2347,0.1831,Post Event
292,466,40,45,2020-10-30 19:49:52,72.8,Low,Anthropogenic,0.4601,0.9521,0.568,0.9256,0.5693,Manual
293,145,47,64,2018-10-24 11:04:28,65.52,Extreme,Earthquake Triggered,0.5896,0.2071,0.4981,0.916,0.5986,Routine
294,356,42,80,2024-08-21 03:17:50,32.68,Low,Seasonal,0.7595,0.5047,0.8776,0.9709,0.8128,Post Event
295,185,1,182,2022-08-14 16:58:58,68.29,Medium,Rainfall Driven,0.0052,0.811,0.0792,0.6993,0.8368,Post Event
296,167,44,187,2022-08-01 08:55:23,41.14,High,Rainfall Driven,0.2164,0.4729,0.645,0.3561,0.5027,Manual
297,20,55,164,2020-03-07 15:26:13,21.5,Medium,Rainfall Driven,0.8646,0.5903,0.0468,0.8866,0.9883,Post Event
298,163,6,25,2023-01-07 16:44:49,82.47,High,Seasonal,0.5839,0.0608,0.8318,0.1301,0.9689,Routine
299,160,34,57,2023-10-26 13:23:51,23.89,Extreme,Anthropogenic,0.744,0.9507,0.4497,0.8461,0.9529,Manual
300,478,14,165,2023-04-01 13:24:07,61.55,High,Anthropogenic,0.407,0.227,0.8495,0.2761,0.8454,Manual
301,335,8,196,2018-12-19 20:33:56,25.81,Medium,Earthquake Triggered,0.551,0.3227,0.2988,0.9611,0.2191,Manual
302,94,33,13,2019-01-26 20:28:13,76.16,Medium,Earthquake Triggered,0.8866,0.1998,0.3718,0.7776,0.5762,Routine
303,110,13,105,2022-06-27 19:43:52,25.55,High,Earthquake Triggered,0.263,0.8146,0.2377,0.2695,0.6674,Manual
304,466,40,45,2018-03-17 09:01:33,79.91,Low,Earthquake Triggered,0.4384,0.1695,0.0411,0.4491,0.6562,Alert Triggered
305,173,36,67,2020-07-18 17:13:24,99.45,High,Earthquake Triggered,0.0794,0.1773,0.8638,0.9909,0.3991,Alert Triggered
306,21,25,61,2018-02-19 12:14:22,70.94,Low,Rainfall Driven,0.44,0.6443,0.6586,0.7071,0.9197,Manual
307,113,30,68,2018-08-24 11:21:15,66.87,Low,Earthquake Triggered,0.2991,0.4754,0.4928,0.8135,0.6635,Manual
308,310,38,84,2023-06-06 16:39:05,39.69,Low,Seasonal,0.8501,0.6248,0.3383,0.5928,0.7921,Alert Triggered
309,391,33,28,2018-09-24 06:20:39,8.79,Extreme,Seasonal,0.2118,0.4493,0.6764,0.7161,0.5841,Post Event
310,321,24,173,2021-06-18 02:34:41,47.22,Medium,Earthquake Triggered,0.0134,0.5684,0.2799,0.66,0.8757,Routine
311,263,37,176,2021-08-07 13:45:09,39.41,Low,Seasonal,0.2327,0.6973,0.9005,0.6636,0.7349,Manual
312,288,37,188,2018-03-08 00:02:43,30.62,Medium,Anthropogenic,0.3521,0.9869,0.2801,0.4316,0.4629,Routine
313,2,16,176,2022-04-06 02:39:06,31.52,Low,Rainfall Driven,0.7987,0.6756,0.6615,0.048,0.672,Routine
314,212,16,133,2018-08-16 08:09:37,70.04,Medium,Anthropogenic,0.3004,0.3794,0.8943,0.6991,0.3587,Manual
315,275,43,172,2018-09-01 12:22:13,62.51,Medium,Anthropogenic,0.2489,0.763,0.4489,0.7948,0.8773,Alert Triggered
316,191,18,200,2022-03-28 17:57:24,35.17,Medium,Anthropogenic,0.2,0.8233,0.0099,0.3794,0.829,Alert Triggered
317,417,57,73,2023-08-14 00:13:35,47.13,High,Anthropogenic,0.083,0.9054,0.985,0.8713,0.7797,Alert Triggered
318,430,62,154,2022-06-03 08:53:37,1.63,High,Rainfall Driven,0.3691,0.9948,0.6638,0.6773,0.9529,Alert Triggered
319,5,32,6,2021-08-06 04:11:17,9.41,Low,Earthquake Triggered,0.7597,0.6485,0.746,0.9146,0.6436,Alert Triggered
320,249,34,138,2021-05-29 09:02:32,23.66,Extreme,Rainfall Driven,0.004,0.941,0.8288,0.9802,0.2423,Manual
321,228,36,84,2022-06-13 17:56:29,33.18,Low,Anthropogenic,0.8337,0.6586,0.8297,0.9517,0.4711,Post Event
322,81,61,102,2023-11-23 14:42:19,68.55,Low,Seasonal,0.6172,0.9996,0.0593,0.1394,0.4494,Routine
323,362,55,112,2021-10-15 00:36:12,27.67,Low,Rainfall Driven,0.0835,0.1549,0.0227,0.3419,0.5818,Post Event
324,29,60,186,2019-01-15 01:46:42,63.82,High,Rainfall Driven,0.6424,0.9669,0.661,0.5474,0.7913,Routine
325,115,9,11,2018-08-05 07:15:00,68.12,Low,Anthropogenic,0.734,0.8637,0.7195,0.8442,0.6331,Post Event
326,8,39,131,2022-09-30 08:08:53,19.48,High,Earthquake Triggered,0.0868,0.3845,0.8161,0.6681,0.313,Routine
327,56,45,138,2018-10-03 01:22:54,74.55,Medium,Seasonal,0.7705,0.2734,0.3218,0.4936,0.6214,Manual
328,5,32,6,2019-04-09 11:45:17,99.06,Extreme,Earthquake Triggered,0.0343,0.4936,0.3916,0.2188,0.6058,Routine
329,442,7,4,2022-11-20 16:26:59,50.35,Low,Seasonal,0.3433,0.0173,0.9592,0.3131,0.7981,Manual
330,454,19,114,2019-04-08 17:20:43,66.0,Extreme,Earthquake Triggered,0.6656,0.8776,0.9881,0.4813,0.0654,Alert Triggered
331,66,37,191,2020-07-03 19:02:03,69.1,Medium,Anthropogenic,0.7292,0.7534,0.446,0.8971,0.0473,Routine
332,94,33,13,2022-09-11 04:30:20,6.7,Extreme,Rainfall Driven,0.7681,0.4765,0.8682,0.0834,0.3963,Alert Triggered
333,329,8,79,2019-07-11 12:11:13,85.93,Extreme,Seasonal,0.5625,0.6039,0.4269,0.8773,0.7004,Manual
334,131,9,52,2024-06-08 04:11:04,4.83,Medium,Rainfall Driven,0.078,0.9855,0.9186,0.0798,0.8408,Manual
335,250,11,109,2019-05-16 00:14:14,35.89,Low,Rainfall Driven,0.4048,0.822,0.9717,0.4944,0.4316,Routine
336,242,17,100,2020-11-22 15:51:37,9.64,Medium,Anthropogenic,0.3605,0.9669,0.3458,0.2649,0.0537,Manual
337,159,55,66,2021-12-25 21:45:57,57.51,Medium,Rainfall Driven,0.8892,0.0203,0.3205,0.016,0.0645,Routine
338,256,59,23,2024-08-11 04:47:06,47.73,Medium,Earthquake Triggered,0.9827,0.642,0.0056,0.8892,0.3679,Routine
339,482,6,93,2020-01-22 17:37:35,40.45,High,Earthquake Triggered,0.6736,0.2857,0.5113,0.0537,0.953,Alert Triggered
340,229,62,102,2020-11-06 07:00:56,16.86,High,Earthquake Triggered,0.2106,0.7969,0.9587,0.8808,0.3435,Routine
341,176,21,27,2024-06-22 13:04:37,16.17,High,Seasonal,0.0339,0.7234,0.2495,0.2936,0.3417,Post Event
342,217,47,11,2024-05-02 03:40:12,83.14,Extreme,Seasonal,0.8138,0.8792,0.5681,0.5337,0.8081,Post Event
343,263,37,176,2022-05-31 11:39:15,64.66,Low,Seasonal,0.8858,0.7613,0.8906,0.5233,0.9612,Alert Triggered
344,112,20,102,2018-10-13 22:17:46,79.79,Extreme,Seasonal,0.205,0.6783,0.8811,0.4744,0.0982,Post Event
345,496,32,103,2019-03-12 17:14:18,56.19,Low,Earthquake Triggered,0.961,0.008,0.5969,0.751,0.0005,Alert Triggered
346,237,13,176,2024-06-11 05:25:00,82.64,High,Anthropogenic,0.3983,0.4628,0.3361,0.7394,0.7731,Alert Triggered
347,157,27,176,2022-07-05 13:11:40,23.46,High,Seasonal,0.6845,0.8793,0.2889,0.2235,0.6499,Post Event
348,411,33,91,2018-09-24 17:11:44,39.65,High,Seasonal,0.6949,0.0348,0.8729,0.7206,0.0847,Post Event
349,349,15,109,2019-06-11 23:41:50,96.64,Extreme,Earthquake Triggered,0.4548,0.2915,0.2979,0.6,0.6893,Manual
350,306,45,33,2019-06-26 16:18:34,49.01,Low,Rainfall Driven,0.5689,0.837,0.5588,0.9479,0.9884,Routine
351,442,7,4,2024-02-10 15:00:44,17.99,Medium,Anthropogenic,0.3029,0.5702,0.381,0.1452,0.6521,Manual
352,88,36,117,2018-06-20 20:56:32,47.31,High,Seasonal,0.437,0.0295,0.9609,0.5244,0.3955,Manual
353,484,10,49,2023-05-15 00:21:07,75.32,Low,Rainfall Driven,0.0437,0.7752,0.6292,0.5846,0.9067,Manual
354,444,1,133,2019-01-24 07:13:32,23.69,Low,Seasonal,0.415,0.5484,0.193,0.2035,0.2243,Alert Triggered
355,370,41,82,2021-07-06 12:27:33,54.44,High,Seasonal,0.5085,0.0324,0.2884,0.0903,0.7678,Manual
356,221,23,83,2024-03-30 09:13:31,58.71,Low,Rainfall Driven,0.8519,0.1446,0.1964,0.9376,0.8022,Manual
357,212,16,133,2018-01-20 23:57:36,26.54,High,Rainfall Driven,0.469,0.1846,0.3377,0.621,0.0628,Routine
358,88,36,117,2020-09-22 02:35:23,43.6,Medium,Rainfall Driven,0.7307,0.8558,0.9157,0.0449,0.9016,Post Event
359,255,6,154,2022-03-31 11:50:05,10.85,Low,Seasonal,0.0865,0.8967,0.4305,0.1259,0.3975,Post Event
360,458,31,60,2020-06-22 20:13:02,16.54,Low,Seasonal,0.0505,0.1637,0.4193,0.5176,0.3294,Post Event
361,8,39,131,2020-11-30 20:40:14,79.6,High,Rainfall Driven,0.1238,0.3803,0.0597,0.7358,0.4016,Manual
362,171,46,190,2018-08-16 20:29:50,52.45,Medium,Rainfall Driven,0.5897,0.4771,0.1823,0.7712,0.9919,Manual
363,5,32,6,2020-02-23 16:56:32,57.6,Medium,Earthquake Triggered,0.5457,0.6246,0.8722,0.4728,0.5786,Routine
364,428,54,131,2018-09-25 01:56:26,36.07,Medium,Anthropogenic,0.0739,0.4146,0.8104,0.9915,0.1694,Routine
365,490,11,46,2023-09-10 05:00:57,90.46,Medium,Earthquake Triggered,0.2429,0.2183,0.945,0.9075,0.4128,Manual
366,275,43,172,2022-07-24 16:46:13,58.53,Medium,Rainfall Driven,0.2291,0.3197,0.0422,0.5089,0.6666,Routine
367,279,26,161,2024-02-05 14:02:18,91.23,Medium,Earthquake Triggered,0.6963,0.4845,0.0501,0.4408,0.6093,Alert Triggered
368,167,44,187,2021-03-05 18:59:21,34.42,High,Earthquake Triggered,0.6141,0.7303,0.1748,0.0648,0.2823,Alert Triggered
369,307,27,2,2021-12-14 19:35:27,40.06,Low,Anthropogenic,0.8817,0.9149,0.0997,0.1406,0.2269,Manual
370,321,24,173,2023-04-20 19:07:08,73.39,Low,Rainfall Driven,0.7132,0.2796,0.6967,0.8458,0.5413,Routine
371,378,36,16,2024-08-27 11:52:05,86.42,Medium,Seasonal,0.8024,0.083,0.6325,0.5417,0.091,Alert Triggered
372,134,20,34,2019-07-03 05:11:41,47.32,Medium,Anthropogenic,0.037,0.1675,0.4979,0.0671,0.2037,Post Event
373,208,34,44,2022-04-18 18:54:10,49.56,Extreme,Anthropogenic,0.9341,0.6849,0.9813,0.1707,0.5496,Alert Triggered
374,39,4,196,2019-01-06 22:04:49,57.56,High,Earthquake Triggered,0.7665,0.552,0.0181,0.74,0.0488,Post Event
375,429,40,130,2023-07-18 10:21:08,66.59,Extreme,Seasonal,0.2093,0.0448,0.2525,0.1599,0.1411,Post Event
376,490,11,46,2023-08-19 23:42:22,49.01,Low,Rainfall Driven,0.7805,0.5005,0.8176,0.9727,0.2685,Manual
377,402,22,111,2019-04-04 17:22:23,32.35,Extreme,Seasonal,0.5298,0.2598,0.1848,0.4673,0.4244,Manual
378,40,32,5,2018-10-17 13:25:09,76.9,Extreme,Rainfall Driven,0.5774,0.961,0.0404,0.8704,0.188,Routine
379,239,11,16,2020-12-06 06:35:36,23.84,Low,Rainfall Driven,0.4737,0.5721,0.3106,0.1771,0.134,Alert Triggered
380,92,15,20,2019-07-27 15:10:28,89.59,High,Seasonal,0.8911,0.7962,0.3185,0.0966,0.3954,Manual
381,424,17,97,2022-06-18 13:36:04,82.54,Medium,Rainfall Driven,0.5133,0.9261,0.5655,0.9975,0.4448,Routine
382,240,19,167,2018-09-30 06:56:20,58.39,Extreme,Anthropogenic,0.1939,0.274,0.0192,0.2767,0.0152,Manual
383,361,43,191,2024-11-02 08:28:06,39.09,Low,Earthquake Triggered,0.552,0.2026,0.2608,0.8472,0.2767,Routine
384,55,41,78,2018-08-23 12:50:35,90.62,Extreme,Rainfall Driven,0.557,0.7859,0.2279,0.2812,0.4212,Manual
385,98,27,52,2018-01-26 03:28:40,40.89,Medium,Anthropogenic,0.4469,0.1816,0.9589,0.5118,0.5036,Alert Triggered
386,387,6,6,2018-01-24 18:09:47,25.2,Medium,Earthquake Triggered,0.1986,0.5944,0.4899,0.7025,0.5748,Post Event
387,433,62,93,2022-08-25 14:44:23,1.74,Low,Anthropogenic,0.6411,0.1568,0.3258,0.3732,0.1964,Manual
388,394,62,191,2019-03-30 12:57:46,63.26,Extreme,Seasonal,0.0417,0.4761,0.6929,0.4533,0.8459,Manual
389,253,56,38,2019-05-22 09:23:33,35.64,Low,Anthropogenic,0.9925,0.9823,0.2373,0.5145,0.4599,Alert Triggered
390,385,6,118,2019-02-23 14:24:07,86.77,Medium,Rainfall Driven,0.0254,0.8386,0.3344,0.783,0.6832,Routine
391,120,14,105,2024-07-01 16:35:17,52.68,Medium,Anthropogenic,0.6625,0.6239,0.8043,0.5174,0.6506,Alert Triggered
392,76,7,81,2021-11-06 00:43:58,40.32,Medium,Anthropogenic,0.4494,0.6918,0.999,0.2137,0.6944,Routine
393,74,43,167,2022-12-10 02:07:39,37.48,Medium,Earthquake Triggered,0.1907,0.9898,0.9066,0.8811,0.9881,Alert Triggered
394,257,50,77,2022-10-25 00:31:51,30.31,Low,Rainfall Driven,0.1763,0.3806,0.1543,0.0318,0.706,Alert Triggered
395,147,29,23,2019-11-27 03:23:12,66.08,High,Rainfall Driven,0.5461,0.9465,0.2159,0.4127,0.0973,Manual
396,5,32,6,2023-11-30 03:42:17,54.98,Extreme,Rainfall Driven,0.0377,0.1777,0.0386,0.4937,0.8287,Post Event
397,216,25,198,2023-07-07 23:20:19,50.48,Low,Anthropogenic,0.7423,0.2478,0.0021,0.4023,0.9591,Alert Triggered
398,412,19,171,2021-06-20 06:35:58,49.21,Extreme,Anthropogenic,0.0948,0.3888,0.593,0.7752,0.9274,Routine
399,219,16,41,2018-11-08 13:01:46,7.94,Low,Rainfall Driven,0.6761,0.7792,0.7082,0.1072,0.4599,Post Event
400,398,46,16,2022-10-08 09:43:57,64.35,Low,Rainfall Driven,0.5379,0.084,0.4004,0.3307,0.9264,Alert Triggered
401,247,49,4,2018-03-02 12:50:04,21.31,Low,Earthquake Triggered,0.7666,0.0399,0.9824,0.0432,0.7102,Manual
402,357,2,179,2019-03-22 22:02:57,98.01,Medium,Anthropogenic,0.1199,0.4243,0.8726,0.4219,0.7796,Routine
403,185,1,182,2018-04-22 06:35:49,25.89,Medium,Seasonal,0.83,0.7731,0.5156,0.2401,0.0978,Post Event
404,319,12,166,2024-10-03 22:48:07,10.02,Extreme,Earthquake Triggered,0.279,0.2134,0.303,0.1475,0.0298,Alert Triggered
405,376,55,53,2024-06-11 09:32:59,9.81,High,Rainfall Driven,0.19,0.6858,0.2006,0.4525,0.3961,Post Event
406,366,16,154,2020-01-11 09:32:11,38.92,Low,Earthquake Triggered,0.8676,0.3781,0.9379,0.6809,0.5184,Alert Triggered
407,137,29,98,2021-09-16 23:56:04,38.94,Extreme,Anthropogenic,0.4196,0.909,0.2626,0.232,0.6517,Routine
408,339,14,40,2023-01-09 01:36:46,78.4,Low,Anthropogenic,0.4358,0.7079,0.5443,0.1911,0.9262,Alert Triggered
409,398,46,16,2019-01-29 18:01:37,71.22,Low,Earthquake Triggered,0.6356,0.256,0.3919,0.4175,0.3186,Manual
410,449,51,29,2020-02-01 01:51:19,41.21,High,Seasonal,0.0842,0.746,0.5952,0.3425,0.928,Routine
411,259,40,145,2023-06-09 19:24:01,0.58,Medium,Anthropogenic,0.3653,0.4888,0.2407,0.711,0.6388,Post Event
412,298,41,166,2022-03-28 04:25:45,2.15,Low,Anthropogenic,0.8343,0.5919,0.46,0.732,0.5003,Routine
413,44,60,20,2024-12-03 23:53:00,58.58,High,Anthropogenic,0.8374,0.8506,0.3635,0.3821,0.3448,Post Event
414,417,57,73,2020-04-13 22:03:55,86.79,Extreme,Anthropogenic,0.2418,0.0769,0.2479,0.4867,0.9958,Manual
415,188,26,87,2018-07-28 04:51:34,85.24,High,Anthropogenic,0.8922,0.8639,0.3097,0.9426,0.0168,Post Event
416,17,21,74,2018-10-24 19:57:05,81.26,Medium,Earthquake Triggered,0.1455,0.2031,0.7447,0.6142,0.5,Post Event
417,414,36,133,2024-05-29 19:47:57,52.59,High,Earthquake Triggered,0.0109,0.9211,0.4986,0.4112,0.9435,Routine
418,350,18,38,2022-10-14 20:39:49,50.61,High,Anthropogenic,0.1738,0.1135,0.2558,0.983,0.6306,Post Event
419,353,3,46,2022-01-01 06:05:45,40.04,Low,Earthquake Triggered,0.1985,0.6877,0.0354,0.6499,0.4023,Alert Triggered
420,52,54,159,2022-05-20 11:32:01,67.17,Low,Anthropogenic,0.3721,0.8136,0.2255,0.3079,0.0657,Alert Triggered
421,264,39,30,2024-09-20 11:14:25,64.65,Extreme,Earthquake Triggered,0.0521,0.7289,0.6107,0.5644,0.2876,Post Event
422,479,15,188,2021-02-28 07:54:14,53.93,Medium,Seasonal,0.5764,0.7424,0.5615,0.4796,0.2731,Post Event
423,174,33,3,2022-04-20 09:34:12,78.23,Medium,Anthropogenic,0.1225,0.408,0.9411,0.3326,0.1185,Post Event
424,365,43,169,2018-05-06 19:20:30,51.53,Extreme,Seasonal,0.2179,0.4117,0.6698,0.2148,0.7006,Alert Triggered
425,83,6,112,2023-10-09 18:00:14,28.83,High,Seasonal,0.1228,0.8427,0.9352,0.8371,0.2511,Manual
426,301,14,168,2021-11-25 22:38:39,40.67,Extreme,Rainfall Driven,0.8082,0.8226,0.6949,0.7364,0.8374,Post Event
427,68,40,36,2023-10-24 13:44:12,6.07,High,Earthquake Triggered,0.0462,0.5315,0.3374,0.412,0.2792,Alert Triggered
428,454,19,114,2024-01-28 16:39:35,95.01,Extreme,Earthquake Triggered,0.1845,0.1032,0.1681,0.8311,0.1704,Routine
429,267,8,2,2022-08-10 19:17:52,72.54,Medium,Rainfall Driven,0.9647,0.1399,0.8664,0.7718,0.203,Post Event
430,199,1,173,2024-08-07 09:49:58,82.48,High,Seasonal,0.0826,0.7502,0.8219,0.3079,0.9295,Routine
431,120,14,105,2022-07-13 21:40:56,28.98,Medium,Rainfall Driven,0.8573,0.1242,0.6009,0.8421,0.2879,Routine
432,298,41,166,2018-04-25 07:44:30,91.87,High,Anthropogenic,0.9718,0.1405,0.2628,0.5631,0.3553,Routine
433,29,60,186,2022-07-23 16:41:58,53.55,Medium,Earthquake Triggered,0.6879,0.2313,0.5376,0.7982,0.4675,Manual
434,393,48,155,2022-01-23 03:04:33,44.16,Low,Seasonal,0.1318,0.1292,0.0378,0.8964,0.2856,Routine
435,474,23,83,2023-07-14 02:40:48,22.48,Extreme,Seasonal,0.9475,0.4837,0.9107,0.0967,0.7886,Routine
436,169,36,19,2018-09-01 23:34:52,92.34,Medium,Seasonal,0.6385,0.0416,0.4703,0.7167,0.0038,Routine
437,31,57,37,2024-12-20 16:26:07,80.07,Medium,Rainfall Driven,0.9335,0.8908,0.1511,0.7987,0.616,Alert Triggered
438,131,9,52,2020-04-20 13:51:35,25.67,Low,Seasonal,0.2032,0.6251,0.377,0.9461,0.3259,Routine
439,310,38,84,2018-03-27 02:56:02,6.3,Medium,Earthquake Triggered,0.6388,0.0454,0.3912,0.4395,0.6934,Alert Triggered
440,208,34,44,2019-12-23 06:42:53,89.06,Medium,Rainfall Driven,0.2183,0.9712,0.5978,0.8399,0.3902,Alert Triggered
441,269,36,132,2021-03-24 23:08:51,48.25,Medium,Seasonal,0.73,0.5485,0.3089,0.7256,0.5303,Routine
442,98,27,52,2018-11-01 20:51:36,64.45,Medium,Earthquake Triggered,0.3212,0.071,0.6572,0.4622,0.0353,Manual
443,429,40,130,2021-02-10 00:52:42,29.72,Medium,Rainfall Driven,0.3443,0.4947,0.9475,0.7905,0.4489,Post Event
444,193,62,66,2020-04-03 22:48:34,21.63,Extreme,Seasonal,0.7821,0.7911,0.559,0.6308,0.3849,Alert Triggered
445,291,54,18,2024-03-21 01:04:50,63.5,High,Earthquake Triggered,0.2071,0.9154,0.5274,0.4706,0.1961,Alert Triggered
446,147,29,23,2024-12-16 15:06:13,61.7,High,Earthquake Triggered,0.3117,0.1627,0.0849,0.6463,0.8561,Manual
447,256,59,23,2021-06-09 22:53:36,75.03,High,Rainfall Driven,0.139,0.3596,0.5353,0.6963,0.9384,Routine
448,362,55,112,2022-07-26 10:00:16,24.67,Extreme,Earthquake Triggered,0.7743,0.1298,0.5079,0.5518,0.7684,Alert Triggered
449,335,8,196,2022-06-06 05:27:11,12.79,Medium,Rainfall Driven,0.1228,0.7093,0.5859,0.4674,0.6954,Manual
450,69,58,174,2019-04-10 04:46:17,73.3,High,Earthquake Triggered,0.6002,0.0228,0.774,0.8854,0.9988,Alert Triggered
451,473,11,186,2019-08-12 17:27:11,90.98,Low,Rainfall Driven,0.474,0.0447,0.5282,0.2606,0.5133,Post Event
452,183,43,34,2019-12-05 07:32:38,75.88,Low,Anthropogenic,0.4544,0.2901,0.8509,0.8108,0.8078,Routine
453,184,38,190,2022-10-28 21:09:10,63.09,High,Seasonal,0.6547,0.2967,0.9223,0.8744,0.3005,Routine
454,460,49,200,2020-12-25 13:04:15,94.88,Low,Anthropogenic,0.324,0.7551,0.8354,0.6469,0.4271,Manual
455,130,31,14,2021-09-27 23:49:28,74.0,Low,Rainfall Driven,0.4526,0.0717,0.8331,0.4751,0.4261,Routine
456,46,15,20,2019-02-13 22:44:11,54.05,Medium,Seasonal,0.5315,0.5697,0.3323,0.69,0.5456,Post Event
457,152,25,169,2018-03-14 00:15:51,55.35,High,Anthropogenic,0.7788,0.5682,0.109,0.1442,0.0925,Alert Triggered
458,200,32,109,2018-11-15 17:28:23,89.35,Low,Seasonal,0.3506,0.859,0.4949,0.323,0.4562,Alert Triggered
459,405,16,122,2024-12-27 10:45:27,76.75,Medium,Rainfall Driven,0.6276,0.7823,0.5139,0.5711,0.3122,Alert Triggered
460,229,62,102,2019-08-28 14:37:02,28.57,Extreme,Seasonal,0.1266,0.6566,0.4965,0.2431,0.4513,Post Event
461,247,49,4,2024-11-07 17:02:02,65.77,Extreme,Anthropogenic,0.7077,0.2892,0.3165,0.2261,0.1172,Routine
462,37,17,142,2020-01-09 19:02:55,77.27,Medium,Rainfall Driven,0.9589,0.913,0.9628,0.2264,0.172,Manual
463,229,62,102,2020-10-08 03:34:22,3.82,Medium,Earthquake Triggered,0.3518,0.2247,0.8428,0.7534,0.3004,Manual
464,360,52,77,2023-09-03 10:19:41,38.86,Medium,Rainfall Driven,0.4025,0.297,0.8563,0.2246,0.6688,Post Event
465,135,22,126,2021-08-13 00:14:12,49.79,Low,Seasonal,0.9505,0.7198,0.2763,0.7313,0.5572,Routine
466,318,57,86,2022-03-26 10:01:40,60.98,Extreme,Anthropogenic,0.4613,0.7305,0.5363,0.2897,0.6235,Manual
467,443,9,12,2020-07-06 22:28:37,31.32,Extreme,Anthropogenic,0.2338,0.5769,0.0532,0.1227,0.1769,Alert Triggered
468,477,40,195,2019-01-11 21:00:55,83.97,Low,Anthropogenic,0.3106,0.5856,0.9057,0.3607,0.6754,Manual
469,253,56,38,2022-06-20 19:54:50,43.55,Extreme,Rainfall Driven,0.4311,0.6382,0.0924,0.7564,0.6891,Routine
470,460,49,200,2022-06-15 02:49:52,66.59,High,Earthquake Triggered,0.4124,0.9998,0.0073,0.0771,0.2115,Manual
471,2,16,176,2023-03-31 22:22:40,50.17,Low,Earthquake Triggered,0.2082,0.104,0.4333,0.4822,0.5462,Post Event
472,482,6,93,2024-12-06 18:07:56,77.7,Low,Rainfall Driven,0.3872,0.4521,0.1921,0.0231,0.11,Alert Triggered
473,462,13,18,2018-05-27 13:59:14,69.38,High,Anthropogenic,0.3404,0.0071,0.8475,0.1388,0.7143,Routine
474,195,6,103,2021-05-22 13:37:30,34.83,Low,Rainfall Driven,0.1114,0.7175,0.2617,0.9719,0.6288,Alert Triggered
475,193,62,66,2019-10-17 08:44:03,0.02,Medium,Earthquake Triggered,0.1541,0.1224,0.1949,0.5909,0.188,Post Event
476,55,41,78,2022-05-28 06:15:14,42.48,Low,Rainfall Driven,0.3853,0.588,0.9062,0.3148,0.2179,Alert Triggered
477,451,41,72,2023-11-07 01:41:06,20.22,Medium,Anthropogenic,0.2497,0.6741,0.9429,0.3779,0.1851,Post Event
478,39,4,196,2019-11-26 11:13:18,98.5,Low,Earthquake Triggered,0.0067,0.0732,0.9259,0.5061,0.7171,Alert Triggered
479,466,40,45,2020-06-15 12:41:08,30.19,Extreme,Earthquake Triggered,0.0009,0.0975,0.8479,0.0006,0.3404,Manual
480,137,29,98,2022-02-21 14:48:04,26.12,Medium,Earthquake Triggered,0.9771,0.5603,0.3882,0.468,0.7647,Routine
481,94,33,13,2020-05-23 08:12:12,10.95,Low,Seasonal,0.1938,0.3975,0.2707,0.0664,0.5238,Post Event
482,128,44,137,2020-05-24 04:17:53,59.88,High,Anthropogenic,0.9738,0.9165,0.7703,0.4656,0.8063,Alert Triggered
483,341,45,59,2023-12-22 06:11:00,36.92,Low,Rainfall Driven,0.4484,0.1387,0.2567,0.2965,0.1639,Alert Triggered
484,403,60,113,2021-08-07 20:59:15,85.61,Medium,Rainfall Driven,0.028,0.7982,0.8607,0.0012,0.5144,Manual
485,386,9,55,2022-01-28 23:06:25,22.99,Medium,Rainfall Driven,0.5631,0.1803,0.9453,0.4024,0.0952,Manual
486,96,6,85,2021-05-04 22:44:20,58.41,Low,Earthquake Triggered,0.7708,0.1999,0.6437,0.9585,0.5951,Post Event
487,341,45,59,2024-10-07 13:13:30,33.42,High,Earthquake Triggered,0.9154,0.6969,0.8648,0.8718,0.6554,Manual
488,223,44,128,2018-06-11 20:46:08,27.24,Medium,Rainfall Driven,0.3334,0.7196,0.9811,0.9053,0.0366,Routine
489,487,39,149,2019-07-15 13:19:05,45.25,Extreme,Earthquake Triggered,0.7457,0.1441,0.6913,0.5009,0.7704,Routine
490,428,54,131,2022-02-08 04:09:00,34.97,High,Anthropogenic,0.7096,0.5669,0.8408,0.5176,0.2065,Alert Triggered
491,99,18,47,2024-07-17 07:30:15,74.09,Extreme,Seasonal,0.2901,0.1763,0.3516,0.7501,0.4097,Alert Triggered
492,415,9,181,2022-09-10 12:04:25,84.85,Low,Anthropogenic,0.4465,0.2174,0.0702,0.923,0.7336,Routine
493,451,41,72,2023-03-29 23:02:49,69.69,Extreme,Seasonal,0.7396,0.6811,0.5091,0.5156,0.5368,Manual
494,443,9,12,2021-08-01 13:38:12,94.52,Medium,Anthropogenic,0.0747,0.5303,0.0844,0.9982,0.0638,Alert Triggered
495,470,7,46,2020-01-24 07:30:17,27.97,Low,Earthquake Triggered,0.6976,0.2565,0.393,0.7503,0.1618,Post Event
496,257,50,77,2021-07-16 06:02:00,46.58,Extreme,Seasonal,0.9185,0.0232,0.5284,0.368,0.284,Routine
497,349,15,109,2019-10-13 20:11:06,79.32,Extreme,Seasonal,0.0477,0.8649,0.9742,0.231,0.0362,Manual
498,336,47,148,2020-12-15 03:08:23,62.82,Low,Seasonal,0.9297,0.5228,0.0297,0.5182,0.2496,Manual
499,425,4,82,2022-05-27 00:35:53,43.57,Medium,Seasonal,0.3312,0.9695,0.9562,0.9363,0.519,Routine
500,291,54,18,2019-12-03 03:44:02,15.58,Extreme,Earthquake Triggered,0.7482,0.1043,0.4617,0.8389,0.067,Manual
501,28,54,1,2018-12-18 06:28:22,1.34,High,Rainfall Driven,0.1913,0.5014,0.7169,0.5097,0.2896,Routine
502,199,1,173,2019-08-19 00:00:29,39.84,Low,Earthquake Triggered,0.4525,0.4995,0.1043,0.8187,0.7411,Routine
503,182,2,52,2019-04-15 22:28:45,71.43,Extreme,Anthropogenic,0.0725,0.7443,0.5072,0.3867,0.7629,Manual
504,60,36,110,2023-03-16 07:29:34,35.15,High,Earthquake Triggered,0.1742,0.3318,0.7571,0.9954,0.4129,Routine
505,357,2,179,2022-07-15 16:42:46,86.44,High,Earthquake Triggered,0.967,0.6119,0.1227,0.1621,0.4832,Alert Triggered
506,291,54,18,2023-06-22 16:34:14,41.71,High,Anthropogenic,0.9831,0.8069,0.4402,0.8777,0.6802,Post Event
507,426,27,115,2024-05-04 23:54:47,70.88,High,Anthropogenic,0.6972,0.0097,0.3739,0.2307,0.8871,Manual
508,62,43,126,2020-01-31 12:12:11,72.19,Low,Rainfall Driven,0.3107,0.2655,0.3103,0.8016,0.7499,Routine
509,350,18,38,2022-08-22 11:09:28,36.01,Medium,Earthquake Triggered,0.881,0.775,0.364,0.4223,0.2873,Manual
510,207,34,196,2022-03-27 05:46:41,67.6,Extreme,Rainfall Driven,0.0691,0.3251,0.0233,0.7253,0.6684,Alert Triggered
511,53,12,102,2020-01-03 08:49:50,9.91,High,Earthquake Triggered,0.6742,0.6778,0.0502,0.8561,0.2881,Routine
512,350,18,38,2020-03-26 13:11:22,35.26,Medium,Seasonal,0.074,0.1566,0.534,0.9959,0.1094,Routine
513,81,61,102,2022-03-03 22:11:54,6.12,Extreme,Seasonal,0.5397,0.8254,0.6896,0.2023,0.2046,Manual
514,219,16,41,2019-04-19 04:04:25,93.88,Medium,Rainfall Driven,0.0131,0.9324,0.9127,0.8921,0.4735,Manual
515,237,13,176,2022-05-08 04:38:49,77.28,Low,Rainfall Driven,0.8339,0.5293,0.345,0.4097,0.9506,Routine
516,436,18,32,2023-07-26 10:25:56,10.73,Extreme,Earthquake Triggered,0.1024,0.0673,0.2822,0.0796,0.4757,Post Event
517,181,10,150,2018-04-21 08:16:21,99.84,Medium,Seasonal,0.2791,0.5479,0.28,0.0961,0.6149,Manual
518,441,56,154,2021-09-27 16:43:48,25.27,Medium,Seasonal,0.1513,0.3955,0.2424,0.5721,0.4154,Post Event
519,360,52,77,2021-02-04 19:26:45,54.43,Low,Seasonal,0.507,0.4311,0.1466,0.4138,0.6484,Post Event
520,409,6,10,2020-01-09 20:07:06,43.15,Low,Earthquake Triggered,0.474,0.36,0.1614,0.2134,0.0722,Post Event
521,390,28,21,2019-10-07 08:02:21,16.58,Extreme,Earthquake Triggered,0.2093,0.0585,0.8929,0.4737,0.6501,Routine
522,172,39,21,2020-03-03 21:10:57,78.88,Low,Anthropogenic,0.1669,0.0105,0.1169,0.6645,0.211,Manual
523,146,5,193,2018-11-09 13:52:52,87.21,Extreme,Seasonal,0.9291,0.4693,0.763,0.3513,0.3843,Post Event
524,333,36,119,2024-08-27 07:47:12,78.26,Low,Rainfall Driven,0.2305,0.5264,0.783,0.0554,0.0395,Manual
525,317,51,95,2023-07-24 08:53:13,11.91,Extreme,Earthquake Triggered,0.301,0.4299,0.1092,0.3414,0.726,Routine
526,451,41,72,2018-11-04 07:18:20,30.68,Medium,Rainfall Driven,0.7523,0.4279,0.3807,0.3583,0.5853,Post Event
527,286,9,158,2019-12-25 06:59:04,74.27,Extreme,Anthropogenic,0.6484,0.6115,0.2639,0.0261,0.217,Routine
528,249,34,138,2024-06-10 17:32:03,71.22,Medium,Rainfall Driven,0.0268,0.7344,0.4238,0.0353,0.7716,Alert Triggered
529,451,41,72,2022-01-09 22:24:38,42.51,High,Rainfall Driven,0.9898,0.6199,0.2701,0.7406,0.0347,Routine
530,143,27,152,2024-06-28 14:42:54,68.92,Extreme,Seasonal,0.4287,0.6811,0.8858,0.572,0.3461,Alert Triggered
531,13,31,50,2019-07-31 14:15:26,7.06,Extreme,Seasonal,0.6155,0.6627,0.1676,0.2987,0.8604,Manual
532,120,14,105,2021-09-04 01:24:36,28.91,Extreme,Seasonal,0.4184,0.907,0.4421,0.3151,0.852,Post Event
533,15,17,192,2023-09-24 02:56:07,18.11,High,Anthropogenic,0.7573,0.8885,0.1244,0.9699,0.4463,Alert Triggered
534,402,22,111,2024-12-21 04:58:31,88.89,High,Anthropogenic,0.4145,0.5631,0.6098,0.0852,0.9356,Routine
535,42,44,21,2023-09-30 02:37:14,25.11,High,Anthropogenic,0.728,0.7525,0.3698,0.7887,0.7718,Manual
536,248,28,104,2018-07-07 18:14:02,48.97,Low,Anthropogenic,0.9716,0.9506,0.252,0.5294,0.9577,Alert Triggered
537,77,47,55,2023-01-15 04:28:40,31.83,Low,Rainfall Driven,0.1066,0.7434,0.9647,0.0321,0.9149,Manual
538,291,54,18,2019-01-27 22:58:11,95.35,Low,Earthquake Triggered,0.2028,0.7058,0.0248,0.4438,0.515,Post Event
539,337,59,92,2023-09-08 07:11:47,38.12,Extreme,Anthropogenic,0.6021,0.1532,0.7722,0.5121,0.8977,Manual
540,414,36,133,2019-03-12 08:13:01,85.47,Extreme,Earthquake Triggered,0.6802,0.0433,0.3304,0.2165,0.5071,Manual
541,313,39,41,2019-02-12 09:50:25,30.66,High,Seasonal,0.4911,0.1833,0.7927,0.2995,0.173,Manual
542,438,41,161,2022-05-23 23:06:34,19.29,Extreme,Anthropogenic,0.8673,0.5709,0.3788,0.8308,0.4067,Routine
543,25,29,15,2019-10-13 22:03:03,80.16,Extreme,Anthropogenic,0.1335,0.9587,0.4947,0.4971,0.6565,Routine
544,268,58,54,2018-05-15 08:50:40,31.81,Extreme,Anthropogenic,0.1726,0.2263,0.003,0.0455,0.5289,Post Event
545,387,6,6,2024-06-13 18:29:39,58.49,Medium,Rainfall Driven,0.4246,0.1329,0.7097,0.8514,0.2415,Manual
546,490,11,46,2018-09-17 08:11:17,72.65,Low,Seasonal,0.3091,0.9772,0.8302,0.2241,0.0892,Alert Triggered
547,237,13,176,2023-01-31 23:04:28,1.56,High,Earthquake Triggered,0.8214,0.5265,0.7818,0.4574,0.0317,Alert Triggered
548,176,21,27,2021-01-29 23:18:47,66.58,Medium,Seasonal,0.2395,0.1824,0.3473,0.0645,0.3666,Post Event
549,139,3,141,2021-01-21 06:18:24,93.64,Low,Anthropogenic,0.2889,0.7983,0.7505,0.132,0.5644,Routine
550,401,51,107,2022-06-13 15:31:14,52.19,Low,Anthropogenic,0.7823,0.2629,0.6327,0.0983,0.8664,Alert Triggered
551,194,8,67,2024-12-08 09:27:35,20.73,Extreme,Anthropogenic,0.8778,0.7039,0.5834,0.0533,0.9769,Routine
552,228,36,84,2018-10-07 11:24:11,88.55,Low,Seasonal,0.9001,0.3233,0.5096,0.6639,0.5085,Alert Triggered
553,158,29,46,2023-01-10 13:16:49,26.37,High,Earthquake Triggered,0.9625,0.1228,0.8464,0.6706,0.8374,Routine
554,70,32,37,2024-07-27 20:51:16,57.29,Low,Seasonal,0.0354,0.256,0.7795,0.9409,0.4724,Alert Triggered
555,104,21,45,2019-04-15 02:33:57,14.12,Medium,Seasonal,0.2986,0.5469,0.3324,0.8886,0.6011,Alert Triggered
556,295,50,111,2020-08-21 09:17:22,64.24,High,Rainfall Driven,0.3576,0.6738,0.2064,0.252,0.4765,Routine
557,239,11,16,2022-11-23 10:54:36,2.44,High,Earthquake Triggered,0.7444,0.6743,0.1796,0.3168,0.3629,Manual
558,233,20,135,2020-10-18 19:19:57,14.6,Medium,Rainfall Driven,0.3226,0.1267,0.8428,0.301,0.5279,Manual
559,317,51,95,2024-03-16 12:35:41,88.67,Low,Anthropogenic,0.223,0.8615,0.8822,0.8777,0.2848,Alert Triggered
560,382,31,67,2019-06-21 05:34:37,57.26,Extreme,Anthropogenic,0.9584,0.3566,0.091,0.6454,0.2905,Manual
561,23,48,156,2022-04-15 10:08:05,97.05,High,Seasonal,0.8242,0.5825,0.5959,0.183,0.7151,Alert Triggered
562,163,6,25,2018-09-30 11:41:56,79.36,Medium,Rainfall Driven,0.6872,0.5315,0.4774,0.4276,0.231,Post Event
563,328,58,75,2019-05-16 17:17:53,36.06,Extreme,Rainfall Driven,0.5959,0.2474,0.217,0.0918,0.5351,Routine
564,320,23,69,2023-02-14 03:46:07,60.48,Extreme,Rainfall Driven,0.8102,0.1791,0.8335,0.0713,0.744,Routine
565,192,15,156,2021-01-24 05:42:58,94.54,Medium,Anthropogenic,0.9084,0.5776,0.1835,0.2038,0.011,Alert Triggered
566,388,43,25,2020-02-13 07:22:00,22.36,High,Seasonal,0.141,0.825,0.9334,0.7359,0.1157,Post Event
567,36,33,128,2021-04-20 00:55:39,95.08,High,Seasonal,0.7534,0.2588,0.5678,0.1283,0.6087,Routine
568,285,41,122,2019-06-19 22:16:01,36.14,Low,Seasonal,0.2217,0.5489,0.2363,0.3754,0.198,Manual
569,71,21,149,2022-10-07 22:11:52,81.97,Medium,Rainfall Driven,0.16,0.7156,0.6203,0.9588,0.09,Post Event
570,72,18,83,2020-09-09 04:51:45,21.79,Medium,Rainfall Driven,0.462,0.299,0.9033,0.1937,0.1564,Routine
571,259,40,145,2020-01-06 07:21:22,17.94,High,Anthropogenic,0.1237,0.0139,0.3772,0.7762,0.6648,Post Event
572,121,57,146,2023-04-27 16:12:14,38.8,Low,Seasonal,0.7686,0.9227,0.794,0.1123,0.0707,Post Event
573,425,4,82,2020-01-29 01:10:52,10.59,Medium,Seasonal,0.6999,0.0413,0.517,0.5497,0.0776,Alert Triggered
574,283,10,187,2023-12-30 03:28:25,27.17,Extreme,Anthropogenic,0.1725,0.1891,0.078,0.1346,0.0934,Alert Triggered
575,369,35,61,2024-05-16 15:09:04,43.12,Medium,Earthquake Triggered,0.3318,0.4355,0.2627,0.163,0.7271,Manual
576,454,19,114,2021-12-25 20:36:41,22.54,Extreme,Rainfall Driven,0.834,0.267,0.7574,0.0413,0.5022,Manual
577,167,44,187,2023-03-01 07:32:05,31.97,Low,Earthquake Triggered,0.635,0.5044,0.2367,0.4472,0.7449,Routine
578,192,15,156,2021-01-24 13:42:52,32.66,Medium,Seasonal,0.3593,0.1195,0.1475,0.8584,0.7877,Post Event
579,378,36,16,2024-04-04 10:03:26,94.73,High,Earthquake Triggered,0.5341,0.1117,0.4509,0.3893,0.9725,Alert Triggered
580,171,46,190,2021-10-01 07:43:15,6.13,Extreme,Anthropogenic,0.2103,0.263,0.9579,0.4462,0.1635,Routine
581,312,23,70,2022-05-20 21:03:36,20.62,Extreme,Seasonal,0.6234,0.3123,0.8758,0.1063,0.353,Manual
582,481,6,110,2024-04-07 19:14:25,88.92,High,Seasonal,0.4646,0.4842,0.5129,0.371,0.7243,Routine
583,194,8,67,2021-07-23 20:26:33,48.86,Extreme,Anthropogenic,0.7121,0.0015,0.1154,0.8283,0.7456,Post Event
584,218,28,84,2019-06-08 02:13:44,75.98,High,Seasonal,0.0909,0.3959,0.4949,0.2531,0.2912,Alert Triggered
585,176,21,27,2024-06-19 22:11:07,39.69,Medium,Seasonal,0.0299,0.6577,0.8038,0.6986,0.281,Routine
586,356,42,80,2021-10-12 16:50:46,73.7,High,Earthquake Triggered,0.5064,0.7539,0.6891,0.3837,0.6424,Post Event
587,75,15,133,2023-04-05 04:19:52,26.06,Medium,Rainfall Driven,0.0874,0.6573,0.7921,0.5075,0.9444,Routine
588,425,4,82,2020-11-11 20:44:02,1.0,Medium,Rainfall Driven,0.6068,0.0851,0.381,0.8368,0.439,Post Event
589,160,34,57,2023-11-22 23:58:27,0.9,Extreme,Seasonal,0.2507,0.8504,0.3809,0.143,0.0551,Post Event
590,167,44,187,2022-05-12 18:36:17,20.09,Medium,Rainfall Driven,0.3552,0.6768,0.4313,0.3966,0.2004,Routine
591,89,1,105,2021-02-16 15:34:27,50.23,Low,Anthropogenic,0.6751,0.193,0.4503,0.4533,0.8756,Post Event
592,445,22,49,2023-10-02 21:07:15,19.21,Low,Anthropogenic,0.7941,0.0823,0.7981,0.3565,0.9338,Alert Triggered
593,460,49,200,2018-12-30 19:50:07,83.82,Medium,Earthquake Triggered,0.0733,0.888,0.0473,0.3691,0.3785,Post Event
594,299,45,100,2021-01-06 04:20:52,31.14,Medium,Seasonal,0.5472,0.329,0.4985,0.9778,0.7182,Post Event
595,184,38,190,2022-10-18 23:51:08,56.05,Extreme,Anthropogenic,0.0738,0.6642,0.0207,0.7241,0.4378,Manual
596,176,21,27,2024-12-23 12:51:55,2.78,Medium,Anthropogenic,0.9139,0.7734,0.5914,0.8086,0.752,Routine
597,234,19,101,2018-02-07 10:23:01,14.73,Medium,Earthquake Triggered,0.5786,0.3336,0.111,0.7765,0.3026,Alert Triggered
598,194,8,67,2018-07-16 00:35:42,14.19,High,Rainfall Driven,0.0305,0.2665,0.8945,0.3112,0.6236,Alert Triggered
599,53,12,102,2022-01-27 13:43:53,44.79,High,Earthquake Triggered,0.1732,0.9722,0.4328,0.7995,0.1466,Routine
600,482,6,93,2018-08-25 04:46:15,24.74,Low,Anthropogenic,0.033,0.9325,0.443,0.5746,0.014,Post Event
601,199,1,173,2022-04-04 11:00:15,36.71,High,Earthquake Triggered,0.6278,0.1386,0.275,0.4499,0.5663,Post Event
602,461,25,49,2021-09-21 23:27:09,55.4,Low,Anthropogenic,0.7975,0.4567,0.1036,0.4149,0.7925,Post Event
603,450,35,97,2023-09-25 00:37:15,31.05,High,Anthropogenic,0.4674,0.0839,0.8232,0.6083,0.9685,Routine
604,206,9,187,2024-11-18 07:35:48,81.88,Extreme,Anthropogenic,0.6471,0.0831,0.0091,0.7391,0.2742,Manual
605,470,7,46,2024-02-07 03:46:53,86.38,Extreme,Earthquake Triggered,0.5819,0.885,0.3321,0.6031,0.9195,Post Event
606,257,50,77,2022-12-26 05:15:38,77.17,High,Anthropogenic,0.27,0.0445,0.7415,0.1557,0.6501,Manual
607,53,12,102,2021-01-11 04:03:58,15.79,Extreme,Seasonal,0.1261,0.9402,0.9849,0.7015,0.6309,Post Event
608,45,11,145,2024-09-06 21:08:03,9.97,Low,Rainfall Driven,0.3801,0.5038,0.6415,0.4701,0.1729,Routine
609,424,17,97,2023-02-06 20:17:27,45.35,Medium,Anthropogenic,0.0631,0.8216,0.9472,0.4775,0.3728,Post Event
610,313,39,41,2018-05-29 02:11:29,16.18,Medium,Rainfall Driven,0.6379,0.2505,0.5611,0.7047,0.4901,Post Event
611,50,58,63,2023-06-29 14:46:08,21.52,Extreme,Earthquake Triggered,0.3008,0.1222,0.5817,0.8363,0.8527,Manual
612,292,43,56,2021-06-17 12:45:14,78.32,Medium,Earthquake Triggered,0.9643,0.2818,0.1846,0.7201,0.3538,Post Event
613,346,34,35,2020-08-14 00:45:59,86.31,Medium,Seasonal,0.1553,0.6723,0.0996,0.9301,0.6033,Routine
614,123,54,67,2024-02-24 02:38:14,92.33,Medium,Anthropogenic,0.8764,0.4902,0.5411,0.7738,0.0446,Manual
615,22,26,176,2022-07-01 02:44:33,93.4,High,Seasonal,0.6507,0.7612,0.8465,0.8573,0.0653,Manual
616,308,8,39,2023-02-08 20:57:03,47.84,Extreme,Anthropogenic,0.4298,0.4424,0.4608,0.5975,0.487,Post Event
617,167,44,187,2024-05-28 08:51:30,8.72,Low,Seasonal,0.2732,0.4123,0.3953,0.6087,0.9669,Alert Triggered
618,465,39,64,2020-07-22 02:59:22,53.04,High,Seasonal,0.8011,0.6864,0.1696,0.291,0.0957,Routine
619,449,51,29,2018-08-29 22:21:39,98.21,Extreme,Anthropogenic,0.6301,0.1428,0.6662,0.0071,0.3043,Manual
620,357,2,179,2023-12-04 03:07:24,28.3,High,Rainfall Driven,0.9184,0.0254,0.3985,0.8932,0.8881,Routine
621,1,54,145,2023-08-14 22:39:23,1.15,Extreme,Seasonal,0.1377,0.162,0.2189,0.8396,0.2652,Routine
622,290,18,69,2023-03-05 22:15:53,61.02,Low,Anthropogenic,0.2701,0.595,0.2003,0.4341,0.6794,Manual
623,226,5,56,2022-03-29 06:04:17,71.92,Low,Rainfall Driven,0.1515,0.6321,0.3382,0.5328,0.7339,Manual
624,435,55,174,2024-01-10 09:08:44,39.85,Low,Earthquake Triggered,0.5016,0.1787,0.8095,0.9441,0.8965,Routine
625,63,21,31,2019-01-07 04:38:26,93.54,Medium,Anthropogenic,0.4734,0.0803,0.8098,0.9021,0.3409,Routine
626,138,54,27,2024-05-25 17:30:13,33.12,Low,Anthropogenic,0.6897,0.5882,0.1336,0.67,0.5183,Post Event
627,293,43,20,2019-09-08 05:02:58,97.96,Low,Anthropogenic,0.8643,0.8099,0.4626,0.9652,0.8693,Manual
628,76,7,81,2019-05-05 09:30:53,94.03,Medium,Anthropogenic,0.5333,0.9666,0.3384,0.4807,0.7718,Post Event
629,104,21,45,2022-01-04 09:56:24,96.65,Extreme,Rainfall Driven,0.3385,0.8256,0.5411,0.1125,0.0142,Alert Triggered
630,139,3,141,2023-01-05 03:47:30,69.47,Low,Anthropogenic,0.2654,0.7447,0.328,0.0351,0.0518,Alert Triggered
631,141,24,174,2018-10-14 22:52:48,90.63,Medium,Rainfall Driven,0.2009,0.7807,0.1981,0.4603,0.9954,Alert Triggered
632,115,9,11,2024-03-28 23:44:44,56.5,Low,Seasonal,0.76,0.1345,0.6852,0.9479,0.5164,Routine
633,73,29,117,2021-08-05 00:14:13,84.25,Extreme,Earthquake Triggered,0.553,0.804,0.1864,0.4997,0.9824,Manual
634,205,21,82,2023-01-04 11:50:46,77.04,Extreme,Anthropogenic,0.7727,0.1638,0.0643,0.3785,0.5593,Routine
635,475,57,56,2020-11-25 13:24:25,12.6,Low,Anthropogenic,0.9986,0.0034,0.4547,0.2574,0.1785,Alert Triggered
636,407,21,103,2022-12-31 05:59:39,76.85,Low,Anthropogenic,0.4074,0.2092,0.1581,0.6994,0.7487,Post Event
637,18,60,192,2018-03-20 07:28:54,37.54,Medium,Anthropogenic,0.2464,0.4801,0.8073,0.6477,0.3105,Post Event
638,4,19,99,2019-08-03 01:19:01,82.45,Medium,Rainfall Driven,0.9856,0.4932,0.7124,0.3496,0.5231,Alert Triggered
639,16,7,106,2022-09-13 23:00:31,90.78,Extreme,Seasonal,0.951,0.8583,0.0278,0.6026,0.8606,Alert Triggered
640,200,32,109,2019-10-30 23:35:08,62.85,Extreme,Anthropogenic,0.1714,0.3311,0.5834,0.7078,0.2824,Post Event
641,159,55,66,2023-08-08 16:01:22,65.46,Extreme,Seasonal,0.6879,0.7966,0.9109,0.3109,0.0371,Post Event
642,386,9,55,2023-11-09 02:36:51,17.44,Extreme,Rainfall Driven,0.5986,0.192,0.3908,0.5266,0.9526,Manual
643,197,62,11,2023-10-03 08:55:01,81.15,Medium,Rainfall Driven,0.9519,0.8227,0.8898,0.854,0.6249,Post Event
644,76,7,81,2018-01-12 15:16:18,94.4,High,Seasonal,0.655,0.0081,0.8602,0.3266,0.5893,Manual
645,7,33,116,2022-03-15 02:03:45,46.51,Medium,Rainfall Driven,0.6165,0.6584,0.5305,0.603,0.1692,Routine
646,389,28,24,2022-06-30 02:20:21,9.49,Medium,Rainfall Driven,0.7339,0.2955,0.7929,0.0856,0.2058,Routine
647,379,43,95,2018-04-26 14:40:59,23.34,Extreme,Rainfall Driven,0.0514,0.0684,0.6067,0.794,0.207,Alert Triggered
648,462,13,18,2022-09-11 13:01:53,79.53,Low,Anthropogenic,0.7391,0.8268,0.9659,0.4296,0.252,Alert Triggered
649,404,11,187,2023-08-12 06:26:10,75.56,Low,Earthquake Triggered,0.0412,0.8071,0.4428,0.2964,0.1681,Post Event
650,25,29,15,2022-05-30 21:48:51,15.54,Medium,Anthropogenic,0.2552,0.6322,0.4444,0.3207,0.4812,Alert Triggered
651,382,31,67,2021-09-21 00:21:18,23.04,High,Seasonal,0.8433,0.6649,0.4694,0.1985,0.7124,Post Event
652,387,6,6,2024-03-26 18:48:09,41.18,Medium,Anthropogenic,0.5525,0.1566,0.2757,0.5818,0.2829,Manual
653,108,42,195,2020-05-28 04:31:43,30.36,High,Earthquake Triggered,0.9941,0.4592,0.5619,0.0885,0.5437,Manual
654,322,11,71,2024-05-17 04:42:46,48.77,Medium,Rainfall Driven,0.483,0.9459,0.6997,0.5323,0.1768,Manual
655,56,45,138,2019-08-06 02:47:38,44.32,Low,Seasonal,0.6231,0.2719,0.4813,0.5641,0.1967,Routine
656,449,51,29,2021-02-18 08:12:10,38.42,Extreme,Seasonal,0.2884,0.4574,0.8543,0.7371,0.8343,Post Event
657,399,2,42,2018-01-02 23:08:22,23.18,Extreme,Rainfall Driven,0.2862,0.978,0.4085,0.0406,0.3229,Alert Triggered
658,414,36,133,2020-04-26 18:44:40,29.06,High,Seasonal,0.2025,0.6381,0.3758,0.986,0.8221,Routine
659,161,24,76,2024-05-04 06:21:51,56.14,Low,Seasonal,0.295,0.6451,0.46,0.4318,0.5796,Post Event
660,261,20,77,2021-09-23 17:44:54,35.21,Medium,Anthropogenic,0.5264,0.3935,0.3357,0.0971,0.0547,Alert Triggered
661,155,34,28,2021-03-15 14:03:26,40.05,High,Anthropogenic,0.2219,0.7014,0.9415,0.6875,0.1552,Post Event
662,19,30,70,2021-12-23 16:41:50,12.18,High,Seasonal,0.5751,0.439,0.6929,0.4792,0.0141,Alert Triggered
663,230,59,142,2020-08-05 21:00:10,43.61,Extreme,Rainfall Driven,0.8306,0.7978,0.1155,0.1845,0.3196,Routine
664,364,17,72,2020-09-30 20:48:17,42.76,Low,Earthquake Triggered,0.1176,0.7814,0.7139,0.8313,0.6589,Post Event
665,244,42,145,2021-08-02 21:11:56,94.2,Extreme,Earthquake Triggered,0.05,0.6186,0.1611,0.4642,0.8541,Post Event
666,229,62,102,2024-04-23 17:23:02,38.67,Extreme,Anthropogenic,0.4488,0.0177,0.5236,0.2519,0.4047,Routine
667,359,40,191,2022-08-24 15:01:58,23.31,High,Earthquake Triggered,0.6331,0.0521,0.301,0.4895,0.6201,Alert Triggered
668,10,27,150,2024-01-03 04:12:07,63.33,Medium,Earthquake Triggered,0.1661,0.7005,0.6394,0.6231,0.9123,Routine
669,37,17,142,2020-04-06 19:09:50,72.75,Low,Anthropogenic,0.0257,0.0812,0.8997,0.3353,0.4665,Routine
670,38,62,186,2021-02-22 08:11:22,2.38,Low,Earthquake Triggered,0.1043,0.8847,0.2621,0.3345,0.7356,Routine
671,31,57,37,2021-08-29 01:54:48,34.89,Low,Seasonal,0.0333,0.7437,0.7122,0.4696,0.9209,Post Event
672,360,52,77,2019-02-26 07:57:32,63.1,Low,Earthquake Triggered,0.3848,0.2504,0.6098,0.2339,0.4158,Alert Triggered
673,302,59,159,2024-10-12 01:25:31,16.42,High,Earthquake Triggered,0.0386,0.139,0.1819,0.7909,0.9908,Manual
674,185,1,182,2019-12-17 16:21:07,10.83,Medium,Anthropogenic,0.5414,0.429,0.7567,0.327,0.1112,Routine
675,62,43,126,2018-09-21 08:12:40,42.91,Low,Anthropogenic,0.6827,0.3193,0.6517,0.5366,0.1118,Routine
676,173,36,67,2020-02-27 17:29:08,94.87,Medium,Earthquake Triggered,0.6239,0.4972,0.4993,0.7887,0.3079,Alert Triggered
677,86,16,12,2020-07-09 23:44:02,29.37,High,Anthropogenic,0.3197,0.3913,0.9716,0.8491,0.1555,Manual
678,288,37,188,2023-08-09 21:07:51,97.61,Medium,Anthropogenic,0.8176,0.2366,0.7468,0.0718,0.5639,Post Event
679,428,54,131,2019-08-11 21:55:44,9.24,Medium,Rainfall Driven,0.5841,0.1236,0.4139,0.1713,0.096,Routine
680,333,36,119,2023-08-17 02:27:52,65.11,High,Anthropogenic,0.7118,0.7729,0.7974,0.727,0.4829,Routine
681,324,43,179,2020-11-26 05:17:52,81.85,Extreme,Rainfall Driven,0.1826,0.1892,0.0194,0.4679,0.8034,Manual
682,232,47,148,2024-04-13 23:13:38,61.59,Medium,Seasonal,0.2553,0.0011,0.9672,0.0985,0.7478,Post Event
683,80,56,146,2018-04-09 06:22:38,25.21,Low,Rainfall Driven,0.7693,0.4408,0.2254,0.6785,0.564,Manual
684,339,14,40,2019-05-09 07:52:07,94.83,High,Seasonal,0.8409,0.0898,0.7658,0.0576,0.1674,Alert Triggered
685,172,39,21,2021-10-29 18:47:57,56.9,High,Earthquake Triggered,0.1062,0.6519,0.1904,0.4238,0.3659,Manual
686,27,58,98,2018-12-13 00:06:16,78.03,Medium,Earthquake Triggered,0.5182,0.1768,0.1892,0.4014,0.7407,Routine
687,53,12,102,2020-06-27 09:31:32,34.14,Medium,Seasonal,0.8561,0.8556,0.2637,0.5622,0.5974,Alert Triggered
688,494,56,85,2018-02-23 13:34:57,73.17,Low,Anthropogenic,0.8099,0.5542,0.3614,0.3277,0.8417,Alert Triggered
689,132,29,71,2023-08-17 23:14:55,70.76,High,Seasonal,0.9373,0.4182,0.8983,0.9407,0.0227,Manual
690,70,32,37,2018-02-12 15:40:29,72.27,High,Anthropogenic,0.5389,0.3266,0.795,0.737,0.1207,Manual
691,461,25,49,2018-04-19 18:52:32,88.51,High,Rainfall Driven,0.4522,0.1635,0.2161,0.2733,0.5313,Routine
692,1,54,145,2020-10-10 22:19:26,22.82,High,Anthropogenic,0.3289,0.23,0.48,0.8988,0.6935,Alert Triggered
693,64,11,126,2019-04-22 23:15:38,43.38,High,Earthquake Triggered,0.6572,0.4642,0.6258,0.1806,0.2028,Alert Triggered
694,329,8,79,2019-06-23 20:30:22,19.15,Medium,Rainfall Driven,0.9914,0.6849,0.2948,0.4805,0.6171,Post Event
695,51,20,124,2021-03-13 01:39:10,21.04,Medium,Seasonal,0.9518,0.9405,0.0897,0.8628,0.7564,Alert Triggered
696,419,15,102,2019-07-06 09:40:11,92.19,Low,Earthquake Triggered,0.5137,0.4893,0.7908,0.3304,0.6936,Manual
697,109,47,20,2020-08-01 17:19:42,78.07,Low,Anthropogenic,0.5919,0.3546,0.6259,0.947,0.7692,Post Event
698,39,4,196,2019-01-25 10:57:10,3.0,Medium,Seasonal,0.2348,0.8771,0.6022,0.0994,0.4115,Routine
699,220,47,50,2018-01-22 10:50:26,77.9,Extreme,Earthquake Triggered,0.5752,0.6782,0.0383,0.5407,0.0197,Alert Triggered
700,124,27,132,2024-01-08 07:05:43,90.91,Low,Rainfall Driven,0.7265,0.5749,0.6391,0.3548,0.6657,Routine
701,203,36,143,2018-08-06 03:46:13,58.79,Low,Seasonal,0.2886,0.7625,0.4016,0.3051,0.0945,Post Event
702,323,27,114,2020-06-09 18:42:57,85.97,Low,Anthropogenic,0.0897,0.0347,0.3464,0.2552,0.6555,Alert Triggered
703,375,28,198,2018-11-28 07:27:36,51.22,High,Seasonal,0.3769,0.9949,0.4022,0.1055,0.4904,Manual
704,144,5,67,2024-03-09 05:51:46,61.05,High,Rainfall Driven,0.9998,0.3996,0.1706,0.688,0.2829,Manual
705,265,14,135,2024-04-29 00:27:44,58.1,Low,Anthropogenic,0.7215,0.3936,0.2996,0.8382,0.15,Manual
706,270,9,8,2022-12-13 21:26:14,43.73,High,Seasonal,0.9011,0.2551,0.3529,0.6652,0.6844,Manual
707,411,33,91,2018-12-15 15:51:50,29.1,Medium,Seasonal,0.3603,0.557,0.8279,0.4308,0.2158,Alert Triggered
708,349,15,109,2024-11-13 10:22:07,82.94,Medium,Anthropogenic,0.8749,0.5104,0.2012,0.9427,0.3854,Post Event
709,323,27,114,2023-12-03 07:49:43,40.05,Medium,Rainfall Driven,0.6078,0.9516,0.4247,0.7715,0.5812,Alert Triggered
710,353,3,46,2018-04-15 15:06:57,47.95,Extreme,Rainfall Driven,0.1396,0.0158,0.1966,0.4996,0.256,Routine
711,146,5,193,2019-01-16 08:31:42,15.03,Medium,Seasonal,0.9394,0.4468,0.695,0.4404,0.3647,Post Event
712,172,39,21,2023-07-05 13:19:10,21.41,Low,Seasonal,0.1997,0.8873,0.3906,0.7701,0.1962,Manual
713,246,9,129,2023-04-16 04:46:17,2.48,Low,Earthquake Triggered,0.407,0.9548,0.5073,0.0288,0.278,Routine
714,242,17,100,2023-07-14 03:21:29,96.87,Extreme,Anthropogenic,0.4449,0.09,0.5762,0.6336,0.8224,Routine
715,384,16,197,2019-02-05 17:48:18,57.62,Extreme,Seasonal,0.4871,0.3246,0.1401,0.1028,0.4485,Routine
716,475,57,56,2023-06-18 15:26:11,62.13,Medium,Seasonal,0.5763,0.5075,0.0022,0.8643,0.9235,Alert Triggered
717,72,18,83,2023-12-08 17:10:06,74.47,Medium,Anthropogenic,0.0676,0.3227,0.6379,0.4508,0.945,Alert Triggered
718,476,22,45,2021-09-26 01:50:38,79.33,Medium,Earthquake Triggered,0.235,0.2175,0.2484,0.6805,0.7253,Alert Triggered
719,244,42,145,2023-04-12 18:04:24,46.33,Extreme,Earthquake Triggered,0.2449,0.274,0.5914,0.9447,0.9896,Post Event
720,415,9,181,2024-04-26 18:29:43,14.68,Extreme,Earthquake Triggered,0.6591,0.9938,0.9129,0.5516,0.9077,Alert Triggered
721,350,18,38,2023-03-12 12:01:33,40.03,Extreme,Rainfall Driven,0.4765,0.4081,0.8559,0.7462,0.0019,Routine
722,389,28,24,2022-02-16 10:45:51,69.54,Extreme,Rainfall Driven,0.3871,0.9099,0.6905,0.9468,0.7119,Routine
723,312,23,70,2019-09-11 15:24:39,45.31,High,Earthquake Triggered,0.9406,0.756,0.766,0.9309,0.6391,Post Event
724,151,43,151,2023-03-06 20:48:02,79.77,Low,Seasonal,0.9787,0.7703,0.9154,0.475,0.2783,Post Event
725,356,42,80,2019-01-27 20:13:19,12.39,High,Earthquake Triggered,0.6595,0.3091,0.1819,0.4062,0.0286,Alert Triggered
726,232,47,148,2020-07-10 02:29:39,37.02,High,Seasonal,0.6622,0.589,0.6994,0.8902,0.8936,Alert Triggered
727,1,54,145,2023-01-31 04:39:09,59.51,Low,Seasonal,0.6765,0.4202,0.1185,0.6041,0.1318,Post Event
728,77,47,55,2021-03-26 12:14:01,52.47,Medium,Earthquake Triggered,0.9313,0.692,0.3609,0.3346,0.3323,Post Event
729,459,55,143,2020-02-23 23:02:13,4.77,Medium,Earthquake Triggered,0.9624,0.418,0.9161,0.8597,0.8957,Routine
730,86,16,12,2020-12-14 08:28:43,39.0,Extreme,Seasonal,0.1751,0.1204,0.3551,0.0104,0.3585,Post Event
731,95,4,200,2024-05-27 17:35:35,79.16,High,Seasonal,0.0191,0.9167,0.5543,0.0607,0.8981,Manual
732,327,20,32,2024-08-24 02:30:07,43.61,Medium,Anthropogenic,0.9213,0.1007,0.1905,0.6584,0.5466,Routine
733,488,17,178,2022-03-13 21:06:35,39.44,Medium,Anthropogenic,0.7103,0.424,0.343,0.9674,0.9278,Post Event
734,389,28,24,2022-03-20 15:06:59,59.67,Medium,Anthropogenic,0.0786,0.3266,0.0646,0.3252,0.5874,Routine
735,407,21,103,2023-08-18 06:47:16,3.21,Extreme,Earthquake Triggered,0.0589,0.4579,0.2621,0.8172,0.5507,Routine
736,466,40,45,2023-03-14 08:37:20,35.67,High,Seasonal,0.9285,0.5518,0.0639,0.0704,0.0253,Manual
737,95,4,200,2020-07-31 20:48:51,29.53,High,Anthropogenic,0.1491,0.117,0.5683,0.7497,0.0935,Alert Triggered
738,88,36,117,2023-06-07 01:32:45,35.79,Medium,Earthquake Triggered,0.9127,0.0079,0.4761,0.1987,0.3761,Alert Triggered
739,405,16,122,2022-03-18 04:11:35,43.95,Low,Earthquake Triggered,0.8045,0.5696,0.497,0.1187,0.2429,Post Event
740,76,7,81,2018-05-02 21:13:17,0.57,Low,Seasonal,0.9219,0.5237,0.6711,0.5864,0.1732,Alert Triggered
741,290,18,69,2024-08-07 00:16:54,41.08,Medium,Earthquake Triggered,0.0596,0.6703,0.566,0.4046,0.0865,Post Event
742,246,9,129,2024-11-13 05:16:29,58.03,Medium,Rainfall Driven,0.5129,0.2718,0.8159,0.2059,0.0471,Post Event
743,427,53,119,2022-07-11 11:42:05,31.78,High,Rainfall Driven,0.4773,0.2025,0.801,0.8264,0.9151,Routine
744,323,27,114,2023-06-27 07:58:23,65.16,High,Anthropogenic,0.3639,0.811,0.2458,0.8719,0.5885,Alert Triggered
745,17,21,74,2023-11-12 00:42:25,98.14,Extreme,Rainfall Driven,0.4332,0.459,0.9431,0.6061,0.2362,Manual
746,71,21,149,2022-08-25 22:42:03,56.03,Low,Anthropogenic,0.8649,0.2433,0.317,0.6237,0.0592,Alert Triggered
747,140,5,186,2022-03-19 01:48:46,49.14,Medium,Seasonal,0.6876,0.2119,0.5021,0.8684,0.8848,Manual
748,453,58,52,2020-10-02 03:03:39,57.3,Extreme,Earthquake Triggered,0.6383,0.9333,0.6934,0.0336,0.3268,Manual
749,141,24,174,2019-11-07 21:39:57,20.09,Extreme,Earthquake Triggered,0.4204,0.67,0.2477,0.9049,0.759,Alert Triggered
750,365,43,169,2018-10-08 17:24:26,49.57,Medium,Anthropogenic,0.6521,0.6282,0.2374,0.9433,0.1746,Post Event
751,392,54,101,2023-11-20 13:27:19,16.62,Low,Seasonal,0.4365,0.3537,0.7936,0.59,0.2724,Post Event
752,388,43,25,2023-12-02 07:19:39,64.71,High,Seasonal,0.4943,0.5434,0.1223,0.3287,0.5869,Post Event
753,231,52,77,2020-04-26 03:17:59,24.67,Low,Rainfall Driven,0.9055,0.1921,0.4824,0.2823,0.4055,Manual
754,244,42,145,2019-02-05 12:21:58,60.94,Extreme,Anthropogenic,0.2843,0.3431,0.7642,0.0186,0.5704,Alert Triggered
755,451,41,72,2018-04-21 19:20:58,3.37,High,Earthquake Triggered,0.977,0.6801,0.0124,0.4083,0.8173,Manual
756,350,18,38,2018-06-17 17:03:46,51.25,Low,Earthquake Triggered,0.9374,0.7397,0.2324,0.8772,0.5811,Manual
757,317,51,95,2022-03-02 03:29:51,54.01,High,Anthropogenic,0.9367,0.0535,0.6212,0.1488,0.615,Alert Triggered
758,432,24,50,2019-12-01 15:09:34,15.25,Low,Earthquake Triggered,0.0044,0.1482,0.1272,0.2541,0.1629,Manual
759,60,36,110,2024-09-08 14:30:27,57.95,Medium,Seasonal,0.6396,0.4697,0.34,0.1633,0.0244,Post Event
760,209,48,163,2022-05-07 16:23:21,10.98,Extreme,Seasonal,0.1365,0.5716,0.764,0.8719,0.1568,Routine
761,388,43,25,2023-04-04 17:46:27,63.67,Extreme,Seasonal,0.6109,0.7845,0.4075,0.5223,0.1794,Manual
762,314,31,119,2019-09-23 07:28:58,27.5,Low,Anthropogenic,0.39,0.6093,0.3617,0.4101,0.3549,Manual
763,230,59,142,2018-03-28 19:25:58,56.51,Medium,Earthquake Triggered,0.2648,0.1603,0.7265,0.4625,0.4321,Manual
764,207,34,196,2024-07-02 22:55:53,32.9,Medium,Earthquake Triggered,0.2235,0.7926,0.9911,0.3659,0.3357,Manual
765,127,21,175,2021-01-19 18:42:15,50.07,Low,Anthropogenic,0.3518,0.0903,0.5071,0.4312,0.1025,Manual
766,210,17,40,2022-07-24 20:41:41,10.56,Medium,Rainfall Driven,0.6521,0.5536,0.3314,0.982,0.1129,Routine
767,476,22,45,2022-02-09 16:36:29,72.11,Medium,Anthropogenic,0.1338,0.1719,0.6829,0.3291,0.8821,Post Event
768,460,49,200,2020-02-08 19:05:49,29.14,Medium,Seasonal,0.5499,0.3839,0.8868,0.7256,0.1861,Post Event
769,48,10,190,2020-11-09 10:22:00,96.53,Low,Seasonal,0.3167,0.124,0.6596,0.59,0.9162,Manual
770,327,20,32,2023-11-24 05:00:50,51.95,Extreme,Seasonal,0.2391,0.1769,0.7334,0.3094,0.2037,Alert Triggered
771,197,62,11,2021-12-28 02:41:45,81.26,Medium,Seasonal,0.2803,0.6626,0.6282,0.8644,0.5492,Manual
772,168,14,106,2018-12-16 03:23:54,93.17,Medium,Earthquake Triggered,0.6864,0.6477,0.6283,0.3373,0.9354,Routine
773,483,39,138,2024-08-11 00:06:51,21.12,Extreme,Earthquake Triggered,0.8957,0.079,0.3736,0.6968,0.1613,Post Event
774,362,55,112,2022-07-11 01:48:46,29.71,Low,Anthropogenic,0.7884,0.5465,0.1545,0.7311,0.1152,Alert Triggered
775,213,8,164,2019-12-22 04:38:51,96.19,Extreme,Earthquake Triggered,0.7529,0.9857,0.1986,0.8467,0.4388,Alert Triggered
776,32,43,98,2019-12-19 05:32:42,65.0,Low,Seasonal,0.5116,0.028,0.3214,0.3639,0.5083,Post Event
777,450,35,97,2022-03-17 00:13:46,21.03,Extreme,Rainfall Driven,0.129,0.6474,0.1543,0.4623,0.1923,Post Event
778,228,36,84,2024-05-01 22:32:37,50.07,Extreme,Rainfall Driven,0.9205,0.0312,0.0689,0.0557,0.739,Alert Triggered
779,174,33,3,2019-04-18 01:21:57,21.91,High,Earthquake Triggered,0.6304,0.9904,0.3717,0.0967,0.8792,Alert Triggered
780,275,43,172,2019-07-09 14:09:50,40.41,Medium,Anthropogenic,0.896,0.0609,0.5966,0.2341,0.2733,Routine
781,480,56,126,2021-12-26 06:54:16,20.24,High,Seasonal,0.8003,0.5412,0.5241,0.1567,0.8435,Alert Triggered
782,250,11,109,2020-02-19 19:34:47,0.71,High,Seasonal,0.7858,0.7832,0.7009,0.5079,0.8875,Alert Triggered
783,410,11,6,2019-08-21 00:39:17,13.79,Medium,Seasonal,0.9608,0.1147,0.63,0.3041,0.0437,Alert Triggered
784,29,60,186,2020-02-15 13:13:52,50.69,Low,Seasonal,0.2417,0.0159,0.7216,0.2649,0.9272,Post Event
785,167,44,187,2019-09-15 17:39:12,1.57,Extreme,Anthropogenic,0.9969,0.6463,0.086,0.2993,0.7584,Manual
786,460,49,200,2022-12-02 01:34:29,46.36,Low,Rainfall Driven,0.7988,0.2286,0.4841,0.3796,0.752,Routine
787,246,9,129,2020-11-25 15:22:06,25.83,High,Seasonal,0.2695,0.7362,0.3993,0.3745,0.0021,Manual
788,392,54,101,2019-03-30 17:35:30,10.31,High,Anthropogenic,0.6406,0.6455,0.0423,0.1697,0.2533,Routine
789,101,61,146,2021-10-13 18:33:46,51.68,High,Anthropogenic,0.7415,0.6743,0.1655,0.2811,0.6996,Alert Triggered
790,459,55,143,2023-01-28 12:50:47,5.51,Medium,Seasonal,0.9357,0.838,0.7458,0.1734,0.6148,Routine
791,277,10,116,2020-11-16 08:26:36,60.16,Low,Rainfall Driven,0.6116,0.7587,0.5054,0.9304,0.382,Routine
792,75,15,133,2019-10-22 23:54:46,36.97,High,Seasonal,0.9713,0.5609,0.3297,0.937,0.8046,Post Event
793,90,62,16,2023-05-10 16:42:52,6.3,Medium,Seasonal,0.609,0.2313,0.9171,0.8846,0.8826,Manual
794,212,16,133,2020-09-07 01:49:53,95.14,Extreme,Earthquake Triggered,0.7365,0.1312,0.6344,0.0601,0.0259,Post Event
795,261,20,77,2019-10-04 03:27:45,92.99,Extreme,Earthquake Triggered,0.7504,0.8976,0.3791,0.422,0.9559,Routine
796,267,8,2,2018-02-01 19:14:52,83.4,Extreme,Seasonal,0.5837,0.4253,0.614,0.2147,0.4258,Post Event
797,317,51,95,2024-05-22 08:07:10,89.25,Low,Seasonal,0.2765,0.4412,0.1481,0.1654,0.5468,Manual
798,469,21,172,2019-09-01 13:36:58,65.61,Medium,Anthropogenic,0.6413,0.434,0.1057,0.1103,0.7626,Alert Triggered
799,247,49,4,2018-08-06 09:31:41,34.18,Extreme,Earthquake Triggered,0.2821,0.9273,0.2916,0.6095,0.4216,Manual
800,289,31,68,2019-09-17 05:39:09,68.44,Low,Rainfall Driven,0.4667,0.9298,0.1262,0.4641,0.7021,Post Event
801,89,1,105,2022-10-08 10:28:27,9.3,Low,Rainfall Driven,0.4446,0.4092,0.5787,0.1172,0.0123,Alert Triggered
802,208,34,44,2024-06-30 18:26:55,18.51,Extreme,Seasonal,0.7675,0.5002,0.5488,0.2392,0.0525,Alert Triggered
803,127,21,175,2020-12-24 09:54:09,89.81,Extreme,Earthquake Triggered,0.663,0.5892,0.4187,0.5722,0.0149,Routine
804,303,32,153,2021-06-24 00:14:31,24.51,High,Anthropogenic,0.0201,0.2367,0.5882,0.2436,0.6816,Routine
805,329,8,79,2024-07-13 08:36:00,35.31,Medium,Anthropogenic,0.1402,0.4375,0.0483,0.565,0.5662,Alert Triggered
806,340,31,90,2019-02-07 06:15:20,80.36,Medium,Seasonal,0.8078,0.1532,0.4753,0.173,0.0974,Routine
807,380,28,37,2024-01-27 22:58:41,5.9,Low,Earthquake Triggered,0.8561,0.0778,0.9369,0.7413,0.2845,Alert Triggered
808,489,48,54,2021-06-30 21:35:08,7.54,Extreme,Earthquake Triggered,0.4592,0.5665,0.2399,0.039,0.9506,Manual
809,271,46,195,2022-07-03 17:13:22,79.59,Extreme,Seasonal,0.3019,0.5503,0.9516,0.7699,0.0277,Post Event
810,250,11,109,2021-01-08 16:12:15,28.96,Low,Rainfall Driven,0.6683,0.3707,0.8683,0.5012,0.6364,Routine
811,199,1,173,2021-08-18 02:01:01,21.98,Extreme,Seasonal,0.3798,0.5801,0.0298,0.9437,0.2266,Routine
812,18,60,192,2018-03-08 00:12:21,93.26,Extreme,Anthropogenic,0.9476,0.8743,0.6427,0.0957,0.6213,Post Event
813,436,18,32,2018-04-24 08:12:00,94.14,Low,Anthropogenic,0.7338,0.6228,0.661,0.1783,0.7338,Alert Triggered
814,156,3,92,2020-12-28 05:31:31,68.75,Low,Seasonal,0.5377,0.4735,0.8843,0.4502,0.9144,Alert Triggered
815,238,31,6,2024-03-24 23:30:00,12.17,Extreme,Seasonal,0.3424,0.7393,0.9412,0.3174,0.2324,Manual
816,250,11,109,2022-12-21 16:11:54,46.46,High,Rainfall Driven,0.3041,0.384,0.6727,0.0645,0.7529,Post Event
817,262,52,10,2018-06-16 06:09:23,85.08,High,Anthropogenic,0.0734,0.3551,0.8539,0.2845,0.0879,Routine
818,127,21,175,2023-06-23 10:04:50,24.7,Low,Seasonal,0.6721,0.7689,0.0134,0.7578,0.389,Post Event
819,194,8,67,2023-11-07 16:30:23,62.71,Extreme,Rainfall Driven,0.6419,0.1773,0.9861,0.4171,0.5289,Routine
820,438,41,161,2022-03-17 01:58:58,64.9,Extreme,Rainfall Driven,0.0132,0.8954,0.0094,0.3681,0.529,Post Event
821,451,41,72,2021-08-04 03:59:22,87.39,Medium,Rainfall Driven,0.1202,0.6425,0.9326,0.338,0.7283,Routine
822,315,31,188,2018-11-29 13:50:41,84.39,Low,Seasonal,0.4619,0.7137,0.1958,0.8649,0.918,Post Event
823,367,29,105,2023-02-17 18:36:27,96.6,Low,Earthquake Triggered,0.0911,0.6795,0.382,0.7392,0.6633,Alert Triggered
824,456,7,31,2021-07-24 23:03:05,8.78,Low,Anthropogenic,0.6662,0.6891,0.4468,0.0914,0.8212,Manual
825,419,15,102,2022-01-03 07:38:03,73.52,Medium,Anthropogenic,0.1346,0.4425,0.4532,0.7985,0.7395,Post Event
826,132,29,71,2021-07-29 08:56:12,51.27,Extreme,Earthquake Triggered,0.7745,0.4469,0.0507,0.6524,0.7979,Post Event
827,329,8,79,2024-05-13 08:54:06,99.05,High,Anthropogenic,0.7756,0.8878,0.5377,0.4849,0.5577,Post Event
828,173,36,67,2019-07-11 14:40:24,45.11,Low,Rainfall Driven,0.8015,0.9451,0.0544,0.1206,0.0202,Routine
829,472,50,52,2022-08-16 14:25:20,32.3,Extreme,Seasonal,0.635,0.5787,0.1403,0.5335,0.0733,Alert Triggered
830,278,33,104,2020-02-08 14:26:41,38.64,Medium,Seasonal,0.0023,0.3357,0.1071,0.6372,0.4209,Manual
831,442,7,4,2024-05-07 19:54:16,88.72,High,Earthquake Triggered,0.0716,0.1364,0.2172,0.991,0.7969,Manual
832,110,13,105,2019-12-17 23:17:52,98.69,Low,Earthquake Triggered,0.3124,0.7972,0.2508,0.7068,0.3395,Post Event
833,199,1,173,2018-10-25 02:24:11,71.09,High,Rainfall Driven,0.6163,0.5595,0.2086,0.3823,0.2547,Manual
834,179,11,166,2024-09-14 04:40:23,64.47,Medium,Seasonal,0.4656,0.2642,0.5188,0.1235,0.9862,Alert Triggered
835,381,58,43,2021-08-19 14:59:06,63.77,Extreme,Earthquake Triggered,0.9214,0.2597,0.7599,0.5398,0.1378,Post Event
836,215,22,21,2018-12-28 16:35:48,65.58,High,Earthquake Triggered,0.0715,0.8183,0.3916,0.9677,0.8584,Manual
837,433,62,93,2023-07-08 23:25:33,90.84,Low,Rainfall Driven,0.6042,0.4064,0.3765,0.6215,0.146,Routine
838,447,12,2,2019-09-30 13:16:43,46.27,Extreme,Earthquake Triggered,0.3403,0.6883,0.9606,0.9295,0.5953,Alert Triggered
839,157,27,176,2018-04-24 14:54:17,25.76,Medium,Earthquake Triggered,0.2311,0.7306,0.1273,0.7415,0.8478,Alert Triggered
840,437,26,50,2018-01-28 04:35:42,15.28,Low,Earthquake Triggered,0.447,0.0827,0.0878,0.6457,0.9323,Manual
841,415,9,181,2020-05-31 22:30:57,19.97,Low,Anthropogenic,0.7149,0.2661,0.2914,0.7265,0.7814,Alert Triggered
842,464,31,41,2022-01-07 14:47:20,87.9,Medium,Seasonal,0.6876,0.8111,0.0047,0.658,0.8039,Alert Triggered
843,298,41,166,2020-02-18 18:18:02,47.07,Extreme,Seasonal,0.9599,0.7534,0.6789,0.5222,0.0903,Routine
844,6,1,28,2024-11-14 17:23:26,5.06,High,Earthquake Triggered,0.851,0.9358,0.3946,0.4677,0.9257,Post Event
845,375,28,198,2023-07-26 17:26:17,84.32,High,Earthquake Triggered,0.5631,0.5636,0.045,0.6201,0.6669,Post Event
846,180,62,104,2019-10-10 15:11:00,64.08,High,Seasonal,0.0876,0.7698,0.9786,0.3042,0.6203,Manual
847,216,25,198,2022-05-08 21:41:32,81.58,High,Anthropogenic,0.4264,0.8292,0.4408,1.0,0.2076,Post Event
848,15,17,192,2023-06-12 16:23:53,6.71,Medium,Seasonal,0.2497,0.557,0.0509,0.7226,0.3076,Alert Triggered
849,252,46,116,2024-12-12 12:15:41,92.11,Extreme,Seasonal,0.8228,0.576,0.8797,0.883,0.0186,Manual
850,228,36,84,2018-11-12 01:56:37,21.71,Low,Seasonal,0.0286,0.5721,0.0925,0.7002,0.6849,Routine
851,2,16,176,2021-05-09 09:07:29,37.73,Extreme,Rainfall Driven,0.901,0.1191,0.0087,0.6484,0.8837,Post Event
852,124,27,132,2019-12-15 16:39:21,30.09,Extreme,Earthquake Triggered,0.0875,0.8072,0.7153,0.3273,0.2924,Alert Triggered
853,70,32,37,2022-06-01 04:16:34,81.62,Low,Rainfall Driven,0.8927,0.5936,0.1757,0.8907,0.3059,Routine
854,389,28,24,2024-09-23 10:09:03,10.31,High,Anthropogenic,0.0749,0.1608,0.6421,0.2386,0.2732,Manual
855,146,5,193,2019-09-24 05:39:38,74.33,Extreme,Rainfall Driven,0.4255,0.9357,0.2919,0.0821,0.1231,Alert Triggered
856,75,15,133,2023-10-18 21:56:00,25.06,High,Anthropogenic,0.4525,0.5517,0.1843,0.0966,0.7936,Routine
857,309,40,195,2020-01-08 18:26:25,4.58,High,Earthquake Triggered,0.0205,0.3092,0.7088,0.4442,0.9589,Routine
858,141,24,174,2019-12-27 09:21:21,23.75,Extreme,Anthropogenic,0.783,0.919,0.2142,0.942,0.5607,Routine
859,71,21,149,2023-03-22 06:23:54,36.62,Low,Seasonal,0.2814,0.0272,0.7249,0.4047,0.4881,Post Event
860,435,55,174,2018-08-17 16:11:05,32.14,High,Seasonal,0.0062,0.7042,0.001,0.6876,0.4028,Manual
861,499,9,137,2024-08-31 02:01:10,59.31,High,Rainfall Driven,0.355,0.5487,0.851,0.0698,0.343,Routine
862,224,56,9,2018-09-07 19:04:31,44.27,Medium,Seasonal,0.1864,0.0476,0.1545,0.0446,0.2486,Routine
863,70,32,37,2023-05-19 20:36:15,93.86,High,Seasonal,0.3958,0.6246,0.5167,0.2836,0.1122,Routine
864,431,6,167,2020-12-04 14:38:00,99.01,Low,Seasonal,0.794,0.6812,0.0403,0.3501,0.1175,Routine
865,172,39,21,2020-12-21 11:36:01,75.68,Low,Rainfall Driven,0.7322,0.7888,0.3303,0.3266,0.084,Routine
866,494,56,85,2023-07-23 02:11:55,93.29,Low,Anthropogenic,0.8845,0.9541,0.5391,0.3215,0.9288,Post Event
867,308,8,39,2018-10-20 16:52:17,58.23,High,Seasonal,0.4018,0.5644,0.0572,0.8917,0.7201,Manual
868,90,62,16,2018-08-11 18:52:44,13.92,Low,Rainfall Driven,0.4507,0.9139,0.1672,0.3236,0.7636,Routine
869,195,6,103,2022-12-30 18:53:00,90.12,Medium,Anthropogenic,0.2508,0.5739,0.1002,0.7421,0.1775,Alert Triggered
870,410,11,6,2018-07-30 05:28:07,62.09,Medium,Seasonal,0.0833,0.1996,0.3845,0.1506,0.0471,Alert Triggered
871,394,62,191,2023-03-03 18:49:31,38.05,High,Rainfall Driven,0.1512,0.0041,0.4743,0.8884,0.7414,Manual
872,356,42,80,2024-11-25 09:16:22,23.74,High,Anthropogenic,0.0998,0.3192,0.4754,0.8373,0.1626,Alert Triggered
873,492,16,123,2020-09-04 17:16:35,49.23,Extreme,Earthquake Triggered,0.6732,0.2566,0.7736,0.4063,0.0319,Manual
874,118,39,175,2019-08-22 18:37:24,54.13,Medium,Rainfall Driven,0.0728,0.4872,0.6779,0.467,0.7566,Routine
875,178,33,165,2021-08-12 06:16:19,15.45,High,Rainfall Driven,0.4722,0.0055,0.6475,0.0109,0.582,Routine
876,211,39,60,2021-03-12 01:52:04,24.03,High,Seasonal,0.9253,0.2232,0.8656,0.1813,0.4622,Manual
877,13,31,50,2024-02-17 21:22:48,45.14,High,Earthquake Triggered,0.8435,0.8897,0.5583,0.3128,0.3589,Manual
878,392,54,101,2022-09-07 17:05:17,23.64,High,Rainfall Driven,0.6743,0.645,0.0451,0.1674,0.6797,Post Event
879,99,18,47,2023-04-23 00:39:31,88.38,Medium,Rainfall Driven,0.3238,0.2616,0.4593,0.0397,0.0653,Routine
880,370,41,82,2019-09-20 20:25:08,38.57,Extreme,Earthquake Triggered,0.9738,0.9454,0.8192,0.6757,0.3943,Manual
881,155,34,28,2023-04-22 06:43:16,74.47,Low,Earthquake Triggered,0.0383,0.918,0.8857,0.4997,0.3042,Alert Triggered
882,287,12,136,2022-03-20 01:28:19,20.2,Low,Seasonal,0.2457,0.4581,0.6866,0.5875,0.3108,Alert Triggered
883,166,39,23,2023-05-08 03:33:53,49.19,Extreme,Rainfall Driven,0.8015,0.9173,0.6007,0.5303,0.014,Manual
884,480,56,126,2022-10-20 10:36:40,54.07,Extreme,Seasonal,0.6811,0.3158,0.4714,0.7963,0.626,Alert Triggered
885,19,30,70,2024-07-06 22:11:15,32.61,Extreme,Seasonal,0.6464,0.779,0.4383,0.0266,0.9804,Manual
886,37,17,142,2024-12-19 04:13:27,49.56,Medium,Rainfall Driven,0.0722,0.3489,0.0168,0.6839,0.7243,Routine
887,160,34,57,2023-07-28 00:47:42,16.07,Low,Seasonal,0.0114,0.7158,0.6826,0.2313,0.0207,Manual
888,78,21,36,2018-12-19 22:53:29,13.73,Extreme,Anthropogenic,0.7732,0.4667,0.3662,0.7175,0.5629,Routine
889,130,31,14,2018-12-11 23:44:07,1.12,Medium,Earthquake Triggered,0.2546,0.2415,0.3776,0.0909,0.8633,Post Event
890,424,17,97,2023-06-10 10:14:44,41.03,Extreme,Seasonal,0.2813,0.4229,0.9683,0.6004,0.1959,Manual
891,163,6,25,2024-04-18 15:03:05,24.62,High,Earthquake Triggered,0.5428,0.6961,0.8117,0.7001,0.6576,Manual
892,468,11,65,2022-09-28 08:00:39,67.12,Medium,Rainfall Driven,0.5852,0.4076,0.8338,0.7276,0.7121,Manual
893,326,3,82,2020-02-20 19:32:13,83.17,High,Rainfall Driven,0.9058,0.4008,0.8619,0.3858,0.5538,Alert Triggered
894,477,40,195,2019-02-19 21:09:08,23.78,High,Seasonal,0.7295,0.7386,0.8356,0.4483,0.1178,Alert Triggered
895,321,24,173,2024-06-17 17:12:52,77.05,Medium,Seasonal,0.164,0.8312,0.5117,0.2024,0.1922,Manual
896,251,21,116,2020-02-28 13:35:40,67.96,High,Rainfall Driven,0.6676,0.6362,0.3074,0.4406,0.5147,Post Event
897,270,9,8,2020-04-29 14:32:21,72.49,High,Anthropogenic,0.7292,0.0895,0.4607,0.2633,0.2692,Manual
898,233,20,135,2022-01-31 01:52:14,93.91,Extreme,Rainfall Driven,0.8887,0.0219,0.7546,0.7273,0.8507,Manual
899,297,55,187,2020-05-23 15:50:01,44.79,Extreme,Rainfall Driven,0.0505,0.9853,0.4803,0.5636,0.3857,Manual
900,317,51,95,2019-10-10 22:41:56,55.07,Medium,Earthquake Triggered,0.4232,0.7308,0.7785,0.6296,0.1559,Post Event
901,85,33,93,2023-04-26 16:48:18,95.59,Low,Rainfall Driven,0.9935,0.0999,0.9682,0.4791,0.3919,Manual
902,63,21,31,2018-12-25 19:00:54,35.98,Medium,Seasonal,0.5261,0.7558,0.5857,0.3149,0.104,Manual
903,468,11,65,2021-08-28 12:01:11,52.39,Medium,Anthropogenic,0.228,0.133,0.2401,0.2932,0.5287,Manual
904,42,44,21,2020-03-18 01:07:07,33.42,Extreme,Seasonal,0.1208,0.3811,0.1663,0.7226,0.0074,Manual
905,254,49,65,2019-10-16 02:05:30,22.82,Low,Earthquake Triggered,0.7891,0.8701,0.8365,0.9984,0.8626,Manual
906,312,23,70,2018-10-03 17:24:01,16.33,High,Earthquake Triggered,0.2106,0.5201,0.6749,0.4371,0.0114,Post Event
907,286,9,158,2022-08-05 16:46:46,15.85,High,Earthquake Triggered,0.8058,0.8289,0.3513,0.6139,0.0703,Alert Triggered
908,315,31,188,2020-10-09 23:32:14,65.28,High,Earthquake Triggered,0.0484,0.7266,0.0352,0.8935,0.6554,Manual
909,149,8,25,2021-05-28 18:37:20,21.62,Low,Earthquake Triggered,0.8089,0.1386,0.3801,0.6013,0.2849,Manual
910,343,43,90,2022-03-11 18:33:58,25.29,Extreme,Rainfall Driven,0.7937,0.2804,0.3163,0.9471,0.8481,Routine
911,156,3,92,2019-08-07 14:18:48,3.4,Medium,Seasonal,0.2949,0.7125,0.6061,0.0295,0.7107,Post Event
912,420,62,159,2023-03-10 23:03:30,22.22,Extreme,Anthropogenic,0.6457,0.8281,0.4746,0.6449,0.2392,Alert Triggered
913,161,24,76,2020-04-02 06:29:57,13.97,Medium,Seasonal,0.2517,0.8164,0.4216,0.1357,0.6423,Alert Triggered
914,273,23,123,2020-05-15 14:39:19,77.41,High,Rainfall Driven,0.6905,0.1332,0.423,0.7588,0.7989,Post Event
915,232,47,148,2019-03-14 13:02:51,54.46,Low,Rainfall Driven,0.6089,0.0786,0.3881,0.4156,0.7157,Manual
916,395,53,5,2024-11-13 13:08:28,4.52,Extreme,Seasonal,0.036,0.4369,0.6931,0.2867,0.3489,Alert Triggered
917,74,43,167,2021-11-09 17:54:52,4.54,High,Earthquake Triggered,0.6825,0.918,0.5625,0.1159,0.032,Manual
918,30,26,113,2020-08-17 15:38:31,1.53,Low,Earthquake Triggered,0.0191,0.2975,0.0375,0.0277,0.0712,Alert Triggered
919,180,62,104,2024-02-16 13:17:22,55.9,Low,Rainfall Driven,0.2757,0.4371,0.5879,0.2474,0.5229,Routine
920,204,25,158,2020-08-03 23:23:02,31.27,Extreme,Seasonal,0.0024,0.2851,0.5956,0.9193,0.4756,Post Event
921,252,46,116,2018-07-05 03:29:36,54.0,Low,Rainfall Driven,0.8208,0.1646,0.5235,0.6018,0.8633,Manual
922,36,33,128,2020-05-23 00:00:03,85.62,High,Rainfall Driven,0.0489,0.515,0.6987,0.087,0.9881,Routine
923,200,32,109,2020-06-12 04:51:00,52.5,Medium,Earthquake Triggered,0.4466,0.2503,0.5963,0.0058,0.8987,Alert Triggered
924,477,40,195,2021-04-02 07:13:50,93.99,Low,Anthropogenic,0.2943,0.1622,0.798,0.6524,0.6499,Alert Triggered
925,137,29,98,2023-05-27 00:33:23,12.03,Low,Earthquake Triggered,0.5333,0.573,0.9787,0.5308,0.6272,Manual
926,407,21,103,2019-05-15 08:44:12,12.72,Extreme,Anthropogenic,0.4512,0.3417,0.9323,0.4273,0.4251,Alert Triggered
927,198,52,109,2022-12-02 00:34:36,56.81,Extreme,Rainfall Driven,0.6823,0.2137,0.4877,0.5122,0.5752,Routine
928,265,14,135,2022-12-11 09:04:33,8.29,Extreme,Seasonal,0.8164,0.0202,0.3135,0.6551,0.6983,Manual
929,319,12,166,2019-04-25 19:08:44,54.39,Extreme,Seasonal,0.1959,0.6544,0.8875,0.2983,0.1272,Alert Triggered
930,251,21,116,2021-03-16 23:42:04,55.5,Low,Earthquake Triggered,0.2873,0.7894,0.4221,0.2089,0.4379,Manual
931,462,13,18,2021-01-13 10:03:42,86.9,Medium,Anthropogenic,0.8063,0.1444,0.2733,0.2453,0.5372,Alert Triggered
932,213,8,164,2020-12-24 19:45:37,32.49,Extreme,Anthropogenic,0.6625,0.8196,0.4512,0.6039,0.6361,Alert Triggered
933,74,43,167,2022-01-16 18:33:45,31.78,Medium,Rainfall Driven,0.2539,0.3866,0.2596,0.5396,0.9206,Alert Triggered
934,118,39,175,2018-03-08 08:32:52,53.94,High,Anthropogenic,0.4441,0.0705,0.2606,0.6774,0.4517,Alert Triggered
935,191,18,200,2020-02-12 04:04:54,51.78,Low,Anthropogenic,0.6146,0.5951,0.2848,0.22,0.8317,Routine
936,151,43,151,2020-06-25 16:53:08,9.24,High,Seasonal,0.3414,0.4145,0.9752,0.7425,0.8486,Manual
937,252,46,116,2019-11-03 08:56:50,34.51,High,Seasonal,0.5046,0.9552,0.3097,0.2921,0.4986,Manual
938,19,30,70,2019-10-05 04:10:21,59.58,High,Anthropogenic,0.7401,0.8143,0.4112,0.4434,0.5333,Routine
939,259,40,145,2022-07-23 03:12:05,32.67,High,Rainfall Driven,0.1436,0.8935,0.6579,0.848,0.7354,Routine
940,140,5,186,2021-06-17 01:36:02,94.36,Low,Rainfall Driven,0.6009,0.8996,0.1988,0.112,0.2525,Post Event
941,1,54,145,2018-06-02 05:16:18,42.33,Extreme,Earthquake Triggered,0.9999,0.7802,0.3344,0.7234,0.4191,Alert Triggered
942,378,36,16,2023-09-17 16:30:52,69.38,High,Rainfall Driven,0.2113,0.2829,0.3665,0.1635,0.4644,Routine
943,307,27,2,2021-06-05 21:03:52,95.23,Medium,Anthropogenic,0.9572,0.5897,0.232,0.3143,0.5934,Routine
944,164,2,118,2022-04-23 07:28:42,10.77,Medium,Seasonal,0.0688,0.8762,0.6222,0.9147,0.3007,Routine
945,313,39,41,2019-06-30 14:20:55,15.15,High,Seasonal,0.3718,0.8877,0.5869,0.1746,0.7871,Manual
946,202,36,146,2018-06-09 09:10:08,7.03,Low,Seasonal,0.9778,0.9702,0.2754,0.1121,0.3548,Alert Triggered
947,377,24,150,2023-03-09 13:07:23,46.29,Low,Earthquake Triggered,0.1629,0.8479,0.3818,0.7783,0.4991,Alert Triggered
948,138,54,27,2023-06-27 23:14:42,61.49,Medium,Anthropogenic,0.9445,0.8664,0.0997,0.2857,0.0365,Routine
949,315,31,188,2022-07-01 23:12:29,47.4,Medium,Seasonal,0.9186,0.2549,0.4482,0.0609,0.5449,Post Event
950,5,32,6,2021-03-15 06:58:28,19.51,Medium,Rainfall Driven,0.8036,0.9098,0.2215,0.993,0.1225,Routine
951,74,43,167,2021-04-19 04:21:26,45.56,Low,Seasonal,0.8491,0.2591,0.538,0.3658,0.1539,Post Event
952,12,46,36,2021-05-29 21:46:54,2.81,Extreme,Seasonal,0.2876,0.6792,0.3726,0.9314,0.2145,Routine
953,479,15,188,2018-04-05 22:46:23,52.85,High,Earthquake Triggered,0.831,0.9367,0.3764,0.5911,0.5173,Routine
954,1,54,145,2020-06-30 17:01:33,59.83,Medium,Anthropogenic,0.183,0.051,0.5621,0.4663,0.8726,Routine
955,462,13,18,2018-06-09 17:31:57,19.03,Medium,Earthquake Triggered,0.7357,0.6565,0.5591,0.0878,0.5014,Post Event
956,329,8,79,2020-09-11 12:18:14,5.54,Extreme,Seasonal,0.4207,0.8652,0.9204,0.1152,0.809,Manual
957,275,43,172,2022-05-28 00:07:10,9.08,Low,Anthropogenic,0.8567,0.8525,0.818,0.24,0.3165,Routine
958,279,26,161,2019-06-26 10:41:31,22.31,Low,Seasonal,0.3812,0.2045,0.6859,0.3001,0.7656,Manual
959,264,39,30,2019-08-29 19:34:36,66.66,Medium,Anthropogenic,0.3227,0.2084,0.2382,0.6307,0.4896,Manual
960,155,34,28,2023-08-05 10:31:22,56.57,Low,Seasonal,0.0091,0.5434,0.407,0.3602,0.2081,Alert Triggered
961,9,21,42,2021-09-27 11:17:08,28.8,Medium,Earthquake Triggered,0.9161,0.7462,0.0523,0.9887,0.7327,Post Event
962,124,27,132,2019-11-04 07:23:21,8.78,Medium,Seasonal,0.5463,0.8916,0.0665,0.91,0.713,Manual
963,48,10,190,2021-12-14 22:54:50,47.33,High,Anthropogenic,0.4102,0.2664,0.0201,0.4905,0.3405,Post Event
964,265,14,135,2021-08-29 23:17:01,33.29,Low,Earthquake Triggered,0.4573,0.3651,0.1327,0.3516,0.8811,Alert Triggered
965,132,29,71,2021-03-28 18:15:33,41.81,High,Earthquake Triggered,0.3485,0.4071,0.659,0.0682,0.6739,Manual
966,418,51,97,2024-05-30 02:41:12,54.53,High,Seasonal,0.8615,0.5375,0.2478,0.0189,0.0402,Post Event
967,407,21,103,2024-02-18 06:37:21,15.22,High,Earthquake Triggered,0.1306,0.8659,0.4122,0.4393,0.8191,Routine
968,9,21,42,2024-01-22 03:36:22,54.02,Low,Seasonal,0.8367,0.2716,0.3348,0.4378,0.2746,Manual
969,410,11,6,2019-02-23 20:10:26,62.79,Extreme,Rainfall Driven,0.3444,0.9973,0.3679,0.9357,0.0848,Post Event
970,257,50,77,2019-08-05 08:45:00,72.29,High,Rainfall Driven,0.0752,0.317,0.3482,0.827,0.3522,Post Event
971,16,7,106,2019-06-14 13:38:33,10.23,Low,Rainfall Driven,0.3771,0.6432,0.2088,0.5426,0.5618,Manual
972,140,5,186,2019-02-19 04:28:26,37.61,High,Rainfall Driven,0.7078,0.704,0.4779,0.3936,0.9807,Routine
973,192,15,156,2020-04-07 14:54:29,91.32,Medium,Rainfall Driven,0.8273,0.5215,0.1999,0.1207,0.2041,Alert Triggered
974,375,28,198,2021-06-22 02:08:44,39.74,Extreme,Earthquake Triggered,0.8004,0.5062,0.0679,0.5174,0.1856,Alert Triggered
975,264,39,30,2022-08-28 09:43:05,61.65,Medium,Seasonal,0.9289,0.2485,0.6657,0.5509,0.8236,Routine
976,129,49,47,2019-07-28 04:43:58,55.67,High,Earthquake Triggered,0.2005,0.0038,0.6642,0.0852,0.7666,Routine
977,280,10,74,2023-08-27 04:57:12,43.57,Extreme,Rainfall Driven,0.4335,0.3527,0.9341,0.0289,0.8393,Routine
978,102,34,123,2018-05-12 12:33:10,9.65,High,Anthropogenic,0.646,0.7651,0.4708,0.0566,0.7342,Post Event
979,240,19,167,2024-05-18 12:31:27,73.16,Medium,Seasonal,0.0459,0.2478,0.7696,0.2316,0.0905,Manual
980,156,3,92,2023-07-19 14:19:37,9.67,Low,Seasonal,0.2087,0.658,0.5033,0.0482,0.0701,Post Event
981,39,4,196,2019-10-14 10:42:28,27.94,Extreme,Earthquake Triggered,0.9037,0.3071,0.516,0.8411,0.1902,Manual
982,274,38,106,2022-08-05 02:18:31,41.98,High,Seasonal,0.3452,0.5606,0.5533,0.092,0.0464,Routine
983,478,14,165,2018-11-08 21:30:38,61.34,Medium,Rainfall Driven,0.831,0.5725,0.1907,0.2324,0.3346,Manual
984,276,62,104,2019-08-23 08:27:30,55.89,Low,Rainfall Driven,0.9177,0.9173,0.6862,0.3819,0.6328,Post Event
985,187,36,143,2023-10-01 10:54:30,90.02,High,Rainfall Driven,0.6313,0.7423,0.9248,0.5917,0.169,Alert Triggered
986,262,52,10,2019-08-05 14:17:51,54.15,High,Rainfall Driven,0.5416,0.0283,0.2217,0.4518,0.2063,Post Event
987,168,14,106,2022-10-04 01:09:47,67.17,High,Rainfall Driven,0.0003,0.8789,0.7687,0.2431,0.6969,Manual
988,447,12,2,2021-08-22 20:56:31,84.46,High,Seasonal,0.4269,0.84,0.9321,0.6345,0.5617,Post Event
989,304,49,12,2021-01-15 22:20:17,89.26,Medium,Seasonal,0.8507,0.3874,0.3909,0.2037,0.6518,Routine
990,454,19,114,2022-12-22 23:23:34,56.07,Medium,Anthropogenic,0.0954,0.614,0.9986,0.9949,0.4796,Post Event
991,308,8,39,2021-01-04 13:45:59,57.83,Low,Anthropogenic,0.6858,0.5206,0.5821,0.8807,0.8885,Post Event
992,177,17,97,2020-12-14 05:39:56,71.93,Low,Seasonal,0.7447,0.3503,0.1175,0.6745,0.202,Post Event
993,36,33,128,2018-06-28 20:18:04,41.0,Extreme,Earthquake Triggered,0.942,0.1588,0.0863,0.721,0.6441,Manual
994,150,17,157,2020-11-23 11:36:42,38.78,Medium,Rainfall Driven,0.4999,0.6392,0.6166,0.2602,0.7083,Routine
995,192,15,156,2022-02-19 14:00:20,23.37,High,Earthquake Triggered,0.1841,0.8732,0.4619,0.7814,0.8582,Alert Triggered
996,190,55,169,2022-10-02 09:14:01,10.53,Low,Seasonal,0.6761,0.4512,0.9569,0.0604,0.9132,Alert Triggered
997,196,48,62,2018-12-03 02:14:44,84.42,Extreme,Earthquake Triggered,0.7883,0.0484,0.9925,0.9476,0.954,Post Event
998,457,50,77,2021-05-09 18:23:17,82.64,Low,Anthropogenic,0.3329,0.8332,0.2218,0.9352,0.9955,Post Event
999,223,44,128,2021-08-09 06:16:05,66.59,Low,Anthropogenic,0.08,0.8812,0.3891,0.2025,0.429,Post Event
1000,320,23,69,2019-08-09 05:59:11,48.13,Low,Earthquake Triggered,0.8491,0.3193,0.7442,0.1628,0.2415,Routine
1001,420,62,159,2020-03-10 12:17:47,43.73,High,Anthropogenic,0.3897,0.5099,0.9852,0.1102,0.8775,Post Event
1002,163,6,25,2021-10-10 20:30:51,26.44,High,Anthropogenic,0.5278,0.6637,0.4679,0.631,0.4847,Alert Triggered
1003,305,51,162,2024-04-25 01:13:08,37.91,Low,Seasonal,0.6779,0.0443,0.6187,0.9359,0.7446,Routine
1004,70,32,37,2023-11-19 00:03:59,20.36,Extreme,Anthropogenic,0.0366,0.2495,0.1197,0.1916,0.3371,Routine
1005,453,58,52,2021-08-29 16:17:49,61.42,Low,Earthquake Triggered,0.6905,0.8314,0.0292,0.9859,0.0859,Manual
1006,353,3,46,2018-06-11 07:02:49,43.75,Medium,Rainfall Driven,0.1989,0.2937,0.9575,0.3987,0.8966,Routine
1007,462,13,18,2024-11-25 00:27:46,42.88,Medium,Anthropogenic,0.617,0.6198,0.3577,0.115,0.6273,Alert Triggered
1008,334,48,119,2021-05-31 13:01:01,49.9,High,Earthquake Triggered,0.7379,0.2398,0.5562,0.579,0.597,Alert Triggered
1009,192,15,156,2018-05-12 17:10:34,98.86,Extreme,Earthquake Triggered,0.0999,0.6212,0.7808,0.4105,0.1057,Post Event
1010,93,29,79,2018-07-01 00:03:14,93.86,Medium,Seasonal,0.9887,0.3205,0.9619,0.8937,0.5521,Routine
1011,420,62,159,2023-02-27 19:26:58,27.03,Medium,Anthropogenic,0.746,0.3726,0.0586,0.4004,0.6462,Routine
1012,342,3,169,2020-10-24 10:04:08,17.76,Low,Rainfall Driven,0.0651,0.0507,0.8387,0.1653,0.4684,Manual
1013,236,28,94,2018-11-11 11:32:27,30.79,Low,Anthropogenic,0.627,0.6031,0.5351,0.8109,0.3241,Alert Triggered
1014,447,12,2,2024-12-02 19:34:33,16.27,Medium,Rainfall Driven,0.3785,0.959,0.1663,0.758,0.7404,Routine
1015,409,6,10,2020-07-28 23:07:13,30.38,Medium,Rainfall Driven,0.1346,0.2703,0.5843,0.584,0.5419,Routine
1016,384,16,197,2023-02-12 02:24:07,30.28,Medium,Seasonal,0.9812,0.5884,0.0027,0.0966,0.2963,Routine
1017,226,5,56,2022-05-13 03:32:14,52.02,Extreme,Rainfall Driven,0.3961,0.9964,0.312,0.7069,0.0067,Manual
1018,230,59,142,2023-05-01 06:45:58,26.05,Low,Earthquake Triggered,0.1913,0.0633,0.7317,0.6344,0.0848,Manual
1019,307,27,2,2019-08-15 11:06:12,63.01,High,Earthquake Triggered,0.2445,0.2142,0.1393,0.1665,0.2608,Alert Triggered
1020,80,56,146,2022-03-14 20:53:26,3.09,Low,Anthropogenic,0.6898,0.5394,0.6542,0.1841,0.4047,Routine
1021,459,55,143,2024-11-15 14:14:28,68.21,Low,Earthquake Triggered,0.1472,0.547,0.9049,0.7418,0.2228,Alert Triggered
1022,447,12,2,2023-08-09 21:51:51,28.23,Extreme,Rainfall Driven,0.3079,0.3891,0.796,0.6372,0.7245,Alert Triggered
1023,382,31,67,2022-03-23 00:52:32,10.0,High,Seasonal,0.2709,0.8257,0.4415,0.3254,0.3246,Routine
1024,41,34,39,2022-12-03 07:50:06,18.61,Low,Seasonal,0.4511,0.5639,0.1386,0.2401,0.4849,Manual
1025,454,19,114,2020-03-15 23:04:17,19.58,High,Earthquake Triggered,0.2967,0.0901,0.9568,0.031,0.1204,Alert Triggered
1026,17,21,74,2022-09-07 01:04:53,36.96,Low,Rainfall Driven,0.1247,0.9531,0.2591,0.0158,0.794,Manual
1027,392,54,101,2024-05-15 18:24:23,25.18,Low,Anthropogenic,0.9677,0.8823,0.6391,0.0049,0.4692,Alert Triggered
1028,473,11,186,2022-10-22 07:24:47,20.0,Extreme,Anthropogenic,0.3035,0.7568,0.7658,0.5498,0.7827,Routine
1029,291,54,18,2019-05-13 14:25:28,80.71,Low,Anthropogenic,0.8048,0.4505,0.5026,0.9949,0.4028,Alert Triggered
1030,237,13,176,2024-10-12 05:40:31,20.56,Extreme,Anthropogenic,0.0309,0.2845,0.6105,0.2381,0.0818,Alert Triggered
1031,85,33,93,2019-03-14 20:47:56,27.19,Low,Anthropogenic,0.7459,0.1996,0.9148,0.8198,0.4633,Post Event
1032,42,44,21,2023-11-28 22:11:09,65.81,High,Seasonal,0.5193,0.4975,0.7186,0.931,0.5837,Routine
1033,466,40,45,2018-10-04 08:28:38,75.21,Low,Earthquake Triggered,0.0632,0.8872,0.901,0.1197,0.2839,Manual
1034,12,46,36,2024-07-06 14:29:34,45.81,High,Rainfall Driven,0.5099,0.7401,0.4065,0.1598,0.8041,Post Event
1035,286,9,158,2024-02-08 15:42:42,70.77,Low,Earthquake Triggered,0.7118,0.8162,0.7788,0.916,0.663,Alert Triggered
1036,21,25,61,2024-03-01 13:31:12,3.83,Extreme,Anthropogenic,0.2487,0.2132,0.8244,0.6231,0.9418,Manual
1037,144,5,67,2018-04-25 22:01:51,27.0,Low,Rainfall Driven,0.3875,0.0182,0.6544,0.3657,0.0893,Alert Triggered
1038,420,62,159,2022-06-05 13:42:04,53.06,Medium,Seasonal,0.8932,0.4844,0.4563,0.1546,0.5837,Manual
1039,481,6,110,2020-12-20 13:02:33,7.71,Extreme,Anthropogenic,0.3113,0.016,0.6217,0.7953,0.748,Manual
1040,377,24,150,2018-06-18 03:18:03,73.86,Medium,Rainfall Driven,0.247,0.8406,0.0388,0.6007,0.1437,Manual
1041,474,23,83,2024-05-30 12:41:01,92.53,Extreme,Anthropogenic,0.3025,0.9918,0.9492,0.2744,0.8683,Post Event
1042,276,62,104,2021-03-10 09:38:01,59.9,Medium,Earthquake Triggered,0.5972,0.9682,0.4023,0.6814,0.2984,Routine
1043,63,21,31,2021-01-13 00:10:20,68.94,Medium,Anthropogenic,0.8111,0.2855,0.3384,0.8619,0.2148,Routine
1044,282,32,188,2022-07-15 13:02:38,52.8,High,Anthropogenic,0.8154,0.8105,0.366,0.9412,0.0053,Post Event
1045,465,39,64,2020-01-27 19:57:00,13.88,Extreme,Rainfall Driven,0.6225,0.3768,0.7129,0.7975,0.4598,Manual
1046,333,36,119,2024-03-07 14:36:01,73.73,Medium,Earthquake Triggered,0.5223,0.5421,0.3021,0.648,0.2494,Post Event
1047,85,33,93,2019-02-07 17:31:26,30.76,Low,Seasonal,0.773,0.5871,0.7477,0.0451,0.1574,Post Event
1048,240,19,167,2022-12-26 00:44:44,89.12,High,Seasonal,0.3289,0.1358,0.4619,0.6501,0.287,Alert Triggered
1049,317,51,95,2023-06-14 15:15:08,59.33,Medium,Seasonal,0.7863,0.5748,0.994,0.145,0.2595,Post Event
1050,405,16,122,2023-01-11 05:01:08,9.55,High,Anthropogenic,0.4864,0.3139,0.5649,0.1909,0.6988,Routine
1051,62,43,126,2022-10-28 05:53:03,56.62,High,Rainfall Driven,0.4799,0.455,0.4093,0.1576,0.1134,Manual
1052,115,9,11,2023-05-27 09:20:51,87.48,High,Earthquake Triggered,0.5299,0.6084,0.3786,0.2619,0.7911,Alert Triggered
1053,142,53,88,2024-11-23 15:37:25,32.44,Extreme,Rainfall Driven,0.2372,0.0308,0.9044,0.4809,0.8608,Routine
1054,422,28,47,2022-06-14 02:37:13,49.02,Low,Rainfall Driven,0.7901,0.6755,0.8061,0.9832,0.087,Manual
1055,407,21,103,2019-11-20 02:30:08,36.07,Extreme,Earthquake Triggered,0.2302,0.9629,0.3746,0.2633,0.898,Manual
1056,128,44,137,2021-06-01 08:59:28,40.69,Medium,Anthropogenic,0.4458,0.5094,0.7175,0.0247,0.3227,Manual
1057,48,10,190,2022-11-21 02:13:23,90.33,Extreme,Seasonal,0.211,0.8179,0.966,0.3737,0.5735,Manual
1058,406,52,110,2023-05-28 00:10:30,82.89,Low,Seasonal,0.9034,0.2646,0.119,0.7178,0.815,Alert Triggered
1059,229,62,102,2019-06-15 22:51:29,65.4,Low,Anthropogenic,0.9882,0.8744,0.8579,0.9264,0.4029,Routine
1060,206,9,187,2022-01-29 00:16:12,57.05,Low,Anthropogenic,0.3233,0.969,0.0702,0.5387,0.0785,Post Event
1061,341,45,59,2019-04-08 15:56:13,3.71,Medium,Seasonal,0.2829,0.0357,0.5293,0.8001,0.1288,Alert Triggered
1062,446,57,11,2024-12-14 18:50:07,28.69,High,Seasonal,0.8342,0.2856,0.6502,0.8442,0.8823,Routine
1063,21,25,61,2020-07-14 05:43:44,77.16,Low,Anthropogenic,0.2679,0.7404,0.4592,0.4358,0.6272,Post Event
1064,418,51,97,2021-12-08 03:51:29,97.0,Low,Rainfall Driven,0.0658,0.8656,0.8814,0.6743,0.4391,Routine
1065,486,25,109,2022-11-05 05:19:18,44.69,Medium,Seasonal,0.6204,0.0743,0.892,0.9824,0.9993,Alert Triggered
1066,98,27,52,2018-08-24 23:27:45,13.06,Medium,Seasonal,0.474,0.4548,0.835,0.1244,0.3245,Alert Triggered
1067,302,59,159,2024-01-09 04:11:24,16.8,High,Anthropogenic,0.6514,0.2455,0.2472,0.5437,0.1005,Routine
1068,421,51,53,2020-06-01 23:37:44,46.56,Extreme,Anthropogenic,0.5352,0.0113,0.9872,0.0963,0.8655,Alert Triggered
1069,24,8,16,2018-02-04 22:07:21,59.39,Medium,Rainfall Driven,0.6074,0.4002,0.8936,0.375,0.1957,Alert Triggered
1070,159,55,66,2022-11-30 02:29:48,61.71,Medium,Rainfall Driven,0.0922,0.8372,0.6671,0.9447,0.8797,Post Event
1071,331,24,4,2024-09-23 09:12:00,90.16,Low,Earthquake Triggered,0.7255,0.0253,0.5553,0.167,0.6055,Post Event
1072,172,39,21,2022-01-12 10:48:38,82.92,High,Rainfall Driven,0.2091,0.2616,0.9884,0.6859,0.2587,Manual
1073,84,9,192,2023-04-18 01:20:04,17.31,Low,Rainfall Driven,0.892,0.589,0.0544,0.1568,0.9194,Routine
1074,377,24,150,2018-04-10 21:11:32,74.48,Medium,Earthquake Triggered,0.1745,0.9325,0.0974,0.054,0.2377,Manual
1075,370,41,82,2019-10-31 21:48:31,44.02,Low,Seasonal,0.3541,0.4939,0.9255,0.3385,0.6043,Manual
1076,199,1,173,2019-09-07 10:38:29,39.92,Low,Seasonal,0.9769,0.9377,0.496,0.876,0.1993,Routine
1077,333,36,119,2022-03-13 05:30:36,40.73,Extreme,Anthropogenic,0.8194,0.7538,0.8337,0.2945,0.2866,Manual
1078,434,13,169,2024-10-13 19:34:55,58.79,Extreme,Earthquake Triggered,0.0704,0.9111,0.93,0.588,0.8277,Manual
1079,161,24,76,2024-06-09 08:52:30,75.12,High,Earthquake Triggered,0.9035,0.6387,0.1074,0.0452,0.8772,Manual
1080,105,61,180,2020-12-26 17:32:39,14.48,Low,Anthropogenic,0.2731,0.6554,0.0794,0.5496,0.4902,Manual
1081,224,56,9,2024-09-18 21:33:02,26.93,Extreme,Anthropogenic,0.8497,0.3448,0.8549,0.3016,0.7512,Post Event
1082,40,32,5,2023-11-05 16:43:17,58.24,High,Seasonal,0.4953,0.1135,0.9904,0.1191,0.645,Manual
1083,417,57,73,2018-05-20 20:10:56,42.38,Extreme,Anthropogenic,0.3977,0.7818,0.2597,0.6566,0.0478,Post Event
1084,431,6,167,2022-06-02 01:38:33,36.43,Medium,Rainfall Driven,0.0676,0.2597,0.2399,0.4279,0.5095,Post Event
1085,197,62,11,2022-07-28 00:22:43,69.12,Low,Rainfall Driven,0.509,0.801,0.9072,0.4813,0.5101,Routine
1086,20,55,164,2024-09-08 03:00:17,59.23,High,Seasonal,0.0441,0.6773,0.4841,0.1909,0.7039,Manual
1087,54,13,152,2018-03-21 15:56:12,65.4,Medium,Rainfall Driven,0.841,0.8877,0.5335,0.2158,0.4654,Manual
1088,241,16,136,2021-05-01 11:40:06,45.35,High,Seasonal,0.5255,0.033,0.9355,0.0107,0.9264,Alert Triggered
1089,309,40,195,2023-02-23 12:56:47,51.96,Medium,Anthropogenic,0.7811,0.2996,0.3196,0.7346,0.6957,Post Event
1090,238,31,6,2024-01-31 09:51:32,49.92,Extreme,Anthropogenic,0.4886,0.5155,0.3624,0.0222,0.8409,Alert Triggered
1091,50,58,63,2018-12-27 18:27:27,53.06,Medium,Rainfall Driven,0.5421,0.269,0.0008,0.7763,0.2061,Manual
1092,201,13,38,2018-10-18 18:09:55,24.27,Extreme,Earthquake Triggered,0.7644,0.1152,0.5914,0.8973,0.9917,Post Event
1093,295,50,111,2020-11-04 13:21:43,45.04,High,Rainfall Driven,0.6404,0.0595,0.3989,0.1612,0.7155,Alert Triggered
1094,127,21,175,2022-05-13 20:07:41,24.76,Extreme,Rainfall Driven,0.1275,0.1129,0.4064,0.7474,0.3603,Manual
1095,233,20,135,2021-09-06 00:57:54,39.02,Extreme,Seasonal,0.5955,0.8927,0.8561,0.0105,0.7293,Post Event
1096,476,22,45,2024-03-24 12:56:55,54.99,Extreme,Rainfall Driven,0.7433,0.5684,0.4704,0.3741,0.8035,Manual
1097,6,1,28,2019-12-09 22:07:01,61.24,High,Rainfall Driven,0.4933,0.0267,0.9463,0.9461,0.3387,Manual
1098,58,19,107,2024-05-13 15:13:15,88.8,Extreme,Seasonal,0.8049,0.665,0.1169,0.1471,0.9584,Post Event
1099,142,53,88,2022-06-01 03:25:58,91.69,High,Anthropogenic,0.0367,0.562,0.7321,0.6285,0.5302,Post Event
1100,180,62,104,2018-06-08 18:07:28,58.55,Extreme,Anthropogenic,0.9985,0.1695,0.8856,0.3423,0.1205,Manual
1101,111,24,1,2023-08-10 19:46:52,0.91,Medium,Seasonal,0.7215,0.0088,0.3272,0.9373,0.4339,Routine
1102,237,13,176,2022-03-05 07:34:00,49.24,High,Anthropogenic,0.8009,0.0382,0.628,0.9077,0.2489,Post Event
1103,305,51,162,2019-01-07 08:32:59,6.53,High,Rainfall Driven,0.5926,0.4744,0.6757,0.6264,0.2307,Manual
1104,379,43,95,2018-10-26 10:42:36,18.65,High,Anthropogenic,0.2586,0.4677,0.1003,0.2791,0.2296,Alert Triggered
1105,173,36,67,2021-03-06 17:56:00,53.55,Extreme,Earthquake Triggered,0.5971,0.0545,0.0654,0.9173,0.4643,Routine
1106,207,34,196,2023-01-14 01:24:23,95.1,High,Seasonal,0.1503,0.4545,0.1596,0.2683,0.787,Alert Triggered
1107,344,53,149,2023-12-31 16:32:55,82.99,Extreme,Rainfall Driven,0.9933,0.5458,0.7547,0.3177,0.7041,Manual
1108,358,52,196,2019-04-20 20:00:26,37.89,Medium,Rainfall Driven,0.8871,0.3027,0.7959,0.3652,0.2864,Manual
1109,159,55,66,2023-05-18 18:47:14,40.35,Low,Seasonal,0.6849,0.2152,0.2857,0.2682,0.6918,Alert Triggered
1110,467,57,161,2022-02-04 14:29:34,65.16,Medium,Anthropogenic,0.2342,0.9942,0.6915,0.9118,0.4651,Manual
1111,69,58,174,2018-02-16 14:20:13,82.89,High,Earthquake Triggered,0.9814,0.1346,0.6663,0.4801,0.9894,Alert Triggered
1112,235,36,51,2022-05-21 00:13:43,97.26,Medium,Rainfall Driven,0.4525,0.799,0.935,0.6764,0.1361,Post Event
1113,56,45,138,2018-04-29 23:06:40,68.37,High,Earthquake Triggered,0.4707,0.5641,0.808,0.0517,0.739,Manual
1114,361,43,191,2023-08-27 12:36:35,14.2,Medium,Earthquake Triggered,0.7159,0.5119,0.4958,0.3895,0.4968,Manual
1115,26,28,89,2018-03-21 06:11:19,60.98,Extreme,Earthquake Triggered,0.5391,0.9417,0.419,0.2159,0.5246,Manual
1116,288,37,188,2023-10-10 00:49:56,0.41,Low,Earthquake Triggered,0.4448,0.9577,0.3137,0.6298,0.5246,Alert Triggered
1117,312,23,70,2021-06-24 04:13:33,42.78,High,Seasonal,0.5976,0.2834,0.2788,0.7082,0.5262,Alert Triggered
1118,438,41,161,2021-12-30 02:45:35,55.49,High,Earthquake Triggered,0.9026,0.1917,0.742,0.5418,0.3886,Alert Triggered
1119,135,22,126,2018-01-24 05:27:20,19.47,High,Anthropogenic,0.8889,0.8454,0.7142,0.0507,0.3234,Post Event
1120,443,9,12,2022-05-06 14:17:50,30.77,Low,Anthropogenic,0.7711,0.1756,0.7415,0.4226,0.2342,Alert Triggered
1121,322,11,71,2022-11-21 07:21:26,79.44,Low,Anthropogenic,0.1825,0.6615,0.0638,0.4014,0.2923,Alert Triggered
1122,198,52,109,2021-03-30 10:05:57,95.52,Medium,Earthquake Triggered,0.6679,0.5212,0.9218,0.4663,0.0617,Post Event
1123,367,29,105,2019-06-07 02:36:13,19.11,Extreme,Seasonal,0.3047,0.5188,0.57,0.8692,0.3456,Manual
1124,377,24,150,2019-10-07 09:28:53,68.45,Low,Seasonal,0.3979,0.4339,0.2549,0.2813,0.6429,Alert Triggered
1125,151,43,151,2024-07-23 02:58:29,36.9,Low,Anthropogenic,0.6775,0.5953,0.5209,0.8075,0.6237,Post Event
1126,69,58,174,2020-03-15 07:16:15,35.35,Extreme,Rainfall Driven,0.5159,0.559,0.3005,0.3333,0.2922,Alert Triggered
1127,498,11,193,2019-07-03 04:53:03,86.99,Low,Seasonal,0.9001,0.9672,0.0207,0.6329,0.656,Routine
1128,144,5,67,2020-05-21 10:04:03,9.47,Medium,Rainfall Driven,0.4944,0.1649,0.4759,0.1915,0.7044,Alert Triggered
1129,326,3,82,2024-04-01 02:23:28,38.44,Medium,Anthropogenic,0.6971,0.1286,0.2765,0.1334,0.6738,Manual
1130,269,36,132,2022-11-23 18:35:51,52.06,Extreme,Anthropogenic,0.5933,0.5573,0.95,0.203,0.2666,Post Event
1131,218,28,84,2021-05-07 19:04:28,30.25,Low,Anthropogenic,0.7949,0.6791,0.4368,0.7406,0.6876,Routine
1132,137,29,98,2024-03-20 13:26:10,14.12,Low,Seasonal,0.4432,0.4237,0.4255,0.8877,0.8114,Routine
1133,395,53,5,2023-07-20 07:57:13,36.11,Low,Earthquake Triggered,0.4014,0.6509,0.8619,0.0829,0.2169,Routine
1134,81,61,102,2021-10-10 23:31:33,53.68,High,Earthquake Triggered,0.9099,0.0364,0.5278,0.4474,0.1168,Routine
1135,124,27,132,2024-06-03 01:25:01,45.08,Low,Anthropogenic,0.0206,0.5708,0.5976,0.0243,0.9125,Routine
1136,241,16,136,2018-06-06 02:37:42,48.36,Extreme,Rainfall Driven,0.4884,0.2141,0.7044,0.6551,0.5486,Alert Triggered
1137,47,61,97,2019-03-14 20:32:53,86.23,High,Earthquake Triggered,0.3469,0.1154,0.0559,0.4172,0.2985,Alert Triggered
1138,496,32,103,2019-05-01 17:39:49,23.42,High,Earthquake Triggered,0.1106,0.1399,0.5283,0.9643,0.3904,Alert Triggered
1139,294,22,16,2018-09-14 07:14:32,66.96,Medium,Seasonal,0.6313,0.6023,0.6933,0.1936,0.6238,Routine
1140,351,12,98,2021-10-16 22:22:42,33.9,Extreme,Earthquake Triggered,0.1876,0.8027,0.6236,0.552,0.2225,Alert Triggered
1141,482,6,93,2024-02-22 17:05:29,21.84,Extreme,Rainfall Driven,0.7788,0.8767,0.0795,0.6617,0.2065,Alert Triggered
1142,113,30,68,2023-12-23 00:10:32,56.32,Low,Anthropogenic,0.5102,0.5175,0.1769,0.8708,0.5525,Manual
1143,139,3,141,2023-11-21 11:40:19,87.25,Medium,Earthquake Triggered,0.3032,0.3508,0.3675,0.28,0.2139,Post Event
1144,363,8,39,2023-01-25 19:59:56,90.71,Low,Seasonal,0.8267,0.2856,0.9694,0.4052,0.0511,Routine
1145,279,26,161,2018-09-05 23:42:36,3.11,Low,Anthropogenic,0.5332,0.2568,0.5759,0.1704,0.7371,Post Event
1146,463,56,106,2023-01-30 23:37:37,73.94,Medium,Rainfall Driven,0.1929,0.5421,0.4642,0.1527,0.9684,Alert Triggered
1147,428,54,131,2021-09-20 09:01:06,36.42,Extreme,Earthquake Triggered,0.345,0.3226,0.1909,0.5796,0.1002,Routine
1148,452,34,119,2024-07-28 20:23:42,27.18,Extreme,Anthropogenic,0.2238,0.5956,0.0197,0.13,0.4172,Alert Triggered
1149,235,36,51,2023-04-11 03:18:00,54.1,Extreme,Seasonal,0.6575,0.3073,0.6123,0.1674,0.8184,Alert Triggered
1150,488,17,178,2020-06-23 02:11:36,54.04,Extreme,Anthropogenic,0.1999,0.4507,0.2747,0.0781,0.2212,Post Event
1151,233,20,135,2022-05-16 06:24:18,62.6,High,Seasonal,0.4538,0.0519,0.1385,0.7353,0.2923,Manual
1152,314,31,119,2020-12-24 07:59:21,6.46,High,Earthquake Triggered,0.9633,0.7946,0.1316,0.1101,0.5072,Post Event
1153,227,37,92,2018-03-25 18:54:14,14.57,Low,Earthquake Triggered,0.1852,0.4579,0.8363,0.4182,0.3687,Routine
1154,414,36,133,2018-06-03 21:36:58,18.17,Low,Anthropogenic,0.5213,0.4382,0.3034,0.9109,0.552,Alert Triggered
1155,294,22,16,2019-10-13 19:42:55,30.89,Medium,Anthropogenic,0.4626,0.2781,0.395,0.2899,0.488,Alert Triggered
1156,244,42,145,2020-10-08 13:15:48,62.45,High,Earthquake Triggered,0.4802,0.8558,0.6134,0.9815,0.6504,Routine
1157,440,51,33,2020-12-18 11:56:53,4.48,Medium,Rainfall Driven,0.6104,0.3806,0.5034,0.3027,0.3494,Manual
1158,458,31,60,2018-07-18 22:00:55,6.72,Extreme,Rainfall Driven,0.892,0.9654,0.2293,0.301,0.6772,Manual
1159,310,38,84,2019-07-25 14:37:14,12.91,Extreme,Earthquake Triggered,0.3543,0.9151,0.4534,0.2302,0.9614,Routine
1160,150,17,157,2018-11-08 08:38:11,63.38,Medium,Earthquake Triggered,0.2236,0.2916,0.5596,0.9315,0.899,Post Event
1161,455,18,98,2018-12-03 16:28:12,67.12,Extreme,Seasonal,0.6096,0.7753,0.4417,0.5985,0.3494,Alert Triggered
1162,33,36,106,2024-10-24 08:58:55,89.65,Extreme,Earthquake Triggered,0.8097,0.9607,0.2305,0.9694,0.7755,Alert Triggered
1163,233,20,135,2022-05-05 11:55:37,71.2,Medium,Anthropogenic,0.0199,0.6531,0.0392,0.0915,0.6229,Alert Triggered
1164,485,57,10,2021-01-16 10:57:07,28.53,High,Seasonal,0.292,0.6489,0.0243,0.9351,0.8047,Alert Triggered
1165,425,4,82,2020-12-15 03:01:54,67.75,High,Anthropogenic,0.704,0.2712,0.2431,0.3162,0.8517,Post Event
1166,13,31,50,2022-04-23 04:06:41,30.79,Extreme,Seasonal,0.8643,0.81,0.8862,0.6926,0.509,Alert Triggered
1167,157,27,176,2018-10-09 15:45:47,45.27,Low,Earthquake Triggered,0.748,0.2492,0.4334,0.9208,0.6115,Routine
1168,316,9,92,2022-11-16 14:20:22,2.36,High,Seasonal,0.879,0.6355,0.5198,0.9876,0.2164,Routine
1169,96,6,85,2019-08-27 19:07:19,25.22,Extreme,Rainfall Driven,0.1242,0.6555,0.6283,0.7441,0.6581,Alert Triggered
1170,360,52,77,2018-05-10 12:18:10,75.91,Medium,Rainfall Driven,0.4069,0.8116,0.8131,0.2198,0.192,Post Event
1171,127,21,175,2020-01-24 18:40:45,97.35,Low,Anthropogenic,0.593,0.7014,0.2115,0.7511,0.2099,Routine
1172,375,28,198,2021-03-23 23:20:08,16.83,Low,Seasonal,0.4789,0.4372,0.6982,0.8558,0.7024,Manual
1173,91,53,101,2020-10-20 10:09:46,5.52,High,Rainfall Driven,0.1236,0.7274,0.2075,0.7827,0.5643,Post Event
1174,151,43,151,2020-12-15 22:56:33,76.68,Medium,Anthropogenic,0.4293,0.7771,0.8823,0.9518,0.9055,Manual
1175,97,59,48,2021-08-09 02:37:42,28.76,Extreme,Seasonal,0.1387,0.2554,0.3387,0.7402,0.8694,Alert Triggered
1176,157,27,176,2024-06-25 19:57:56,12.51,Medium,Seasonal,0.475,0.9568,0.8979,0.6212,0.8903,Alert Triggered
1177,131,9,52,2019-03-07 09:19:06,26.85,Low,Seasonal,0.857,0.2694,0.1919,0.4239,0.6724,Manual
1178,363,8,39,2023-03-18 19:58:46,56.42,Extreme,Seasonal,0.95,0.611,0.4882,0.2815,0.5885,Manual
1179,261,20,77,2019-10-28 18:47:24,44.11,Medium,Rainfall Driven,0.5054,0.6371,0.8193,0.5178,0.1221,Routine
1180,298,41,166,2023-04-26 02:53:01,17.47,Low,Earthquake Triggered,0.1659,0.9936,0.9112,0.7372,0.8982,Post Event
1181,121,57,146,2019-09-05 12:30:05,15.59,Low,Earthquake Triggered,0.1027,0.0564,0.6472,0.6732,0.2943,Manual
1182,262,52,10,2019-01-09 03:59:25,94.85,Low,Rainfall Driven,0.7237,0.546,0.051,0.9577,0.0269,Manual
1183,220,47,50,2020-03-16 08:52:39,14.53,Extreme,Anthropogenic,0.3738,0.4543,0.4409,0.0069,0.7248,Alert Triggered
1184,350,18,38,2023-06-25 07:23:22,71.69,Medium,Rainfall Driven,0.8269,0.8986,0.7439,0.951,0.203,Manual
1185,15,17,192,2024-01-08 02:12:52,93.73,Medium,Seasonal,0.0827,0.8593,0.3527,0.0551,0.4354,Post Event
1186,465,39,64,2023-09-25 20:22:38,80.37,Medium,Rainfall Driven,0.6428,0.4562,0.0537,0.8906,0.264,Manual
1187,253,56,38,2021-08-15 10:25:08,51.17,Low,Earthquake Triggered,0.9368,0.7368,0.8334,0.9501,0.2964,Routine
1188,454,19,114,2023-11-23 21:41:51,15.27,Extreme,Seasonal,0.2697,0.3591,0.8027,0.3838,0.8728,Post Event
1189,490,11,46,2019-08-27 03:11:34,76.41,Medium,Anthropogenic,0.6532,0.7504,0.9592,0.399,0.3342,Routine
1190,149,8,25,2019-02-22 12:46:14,51.9,High,Seasonal,0.3429,0.6682,0.0733,0.2218,0.6412,Manual
1191,380,28,37,2021-12-23 12:29:18,31.11,Low,Anthropogenic,0.5574,0.7495,0.6373,0.338,0.5047,Post Event
1192,397,54,101,2021-01-24 04:22:16,28.38,Medium,Anthropogenic,0.2547,0.2473,0.5614,0.2611,0.5229,Alert Triggered
1193,201,13,38,2024-04-24 15:43:27,31.07,High,Seasonal,0.1841,0.5877,0.3777,0.4638,0.8291,Post Event
1194,285,41,122,2022-02-04 02:39:45,2.59,High,Rainfall Driven,0.4451,0.2905,0.6035,0.2834,0.9154,Post Event
1195,36,33,128,2020-11-15 19:02:34,33.76,Extreme,Seasonal,0.2825,0.2227,0.5359,0.6917,0.8011,Manual
1196,411,33,91,2023-09-16 16:57:58,98.08,Low,Rainfall Driven,0.278,0.2191,0.7292,0.3024,0.024,Routine
1197,500,17,30,2019-09-27 20:47:40,52.91,Low,Seasonal,0.4528,0.4516,0.7602,0.3794,0.73,Manual
1198,260,51,31,2021-01-25 10:54:28,94.53,Medium,Rainfall Driven,0.9622,0.543,0.1582,0.271,0.9314,Post Event
1199,39,4,196,2020-01-19 19:31:45,39.35,Low,Anthropogenic,0.7976,0.4189,0.9936,0.2903,0.2844,Manual
1200,479,15,188,2018-04-16 21:59:34,80.47,Medium,Earthquake Triggered,0.0307,0.4493,0.0683,0.9523,0.6569,Manual
1201,79,42,14,2018-02-20 04:59:32,93.2,Extreme,Seasonal,0.9326,0.1657,0.5073,0.3916,0.6043,Manual
1202,16,7,106,2022-07-27 03:19:31,89.43,Medium,Seasonal,0.6414,0.5663,0.6415,0.8183,0.7577,Manual
1203,37,17,142,2021-04-18 23:45:57,77.69,High,Anthropogenic,0.8889,0.5007,0.9857,0.9941,0.6533,Post Event
1204,264,39,30,2023-08-30 07:09:02,89.92,Low,Seasonal,0.215,0.4142,0.7564,0.2804,0.2788,Manual
1205,253,56,38,2018-02-01 07:41:51,28.5,High,Anthropogenic,0.3111,0.6977,0.6938,0.6129,0.7684,Alert Triggered
1206,422,28,47,2020-02-22 21:30:36,9.2,High,Anthropogenic,0.2284,0.1848,0.7457,0.5155,0.4338,Alert Triggered
1207,172,39,21,2023-08-07 23:15:41,78.32,High,Seasonal,0.0783,0.0881,0.2518,0.4024,0.1604,Manual
1208,489,48,54,2020-09-23 09:50:47,96.21,Medium,Earthquake Triggered,0.9964,0.8804,0.3774,0.8548,0.7856,Post Event
1209,492,16,123,2020-09-16 07:48:46,99.59,Low,Earthquake Triggered,0.0287,0.0487,0.3446,0.3303,0.6325,Post Event
1210,425,4,82,2024-10-11 23:20:59,36.2,High,Anthropogenic,0.7591,0.665,0.3493,0.786,0.4728,Manual
1211,186,38,65,2023-07-21 07:24:16,16.39,High,Rainfall Driven,0.5718,0.3875,0.5368,0.3748,0.0462,Post Event
1212,156,3,92,2022-12-05 06:23:28,7.04,High,Anthropogenic,0.5847,0.4753,0.1579,0.4068,0.8439,Alert Triggered
1213,108,42,195,2021-09-01 12:33:43,77.47,Extreme,Seasonal,0.0436,0.4641,0.5903,0.5307,0.7293,Manual
1214,40,32,5,2023-01-23 04:11:09,19.85,Extreme,Seasonal,0.6816,0.6177,0.2303,0.6348,0.4913,Manual
1215,51,20,124,2020-09-25 14:20:55,82.15,Low,Rainfall Driven,0.5636,0.5232,0.2135,0.3387,0.9385,Routine
1216,93,29,79,2022-03-31 08:54:40,2.47,Medium,Earthquake Triggered,0.9572,0.5844,0.0977,0.8987,0.6212,Routine
1217,179,11,166,2023-08-13 21:56:35,44.55,Low,Anthropogenic,0.2731,0.9696,0.396,0.8969,0.8281,Manual
1218,187,36,143,2019-09-22 11:24:03,84.39,Medium,Rainfall Driven,0.5009,0.2753,0.0392,0.9881,0.2281,Routine
1219,122,33,102,2018-09-01 20:18:59,66.28,Extreme,Anthropogenic,0.3903,0.6505,0.8091,0.9206,0.44,Alert Triggered
1220,238,31,6,2019-01-15 23:45:10,95.98,Extreme,Seasonal,0.5955,0.0668,0.8428,0.2143,0.3427,Post Event
1221,378,36,16,2020-11-28 17:08:31,35.2,High,Seasonal,0.8123,0.8328,0.8653,0.9195,0.0591,Post Event
1222,251,21,116,2024-11-26 13:05:33,79.44,Extreme,Rainfall Driven,0.6343,0.084,0.991,0.8774,0.2771,Routine
1223,249,34,138,2019-04-25 00:47:18,26.29,High,Anthropogenic,0.087,0.9604,0.1832,0.7203,0.2113,Routine
1224,433,62,93,2018-09-22 14:40:58,92.04,Medium,Rainfall Driven,0.5614,0.6873,0.2847,0.3157,0.3685,Routine
1225,474,23,83,2023-03-13 00:18:07,32.18,Medium,Anthropogenic,0.3642,0.9573,0.9594,0.931,0.3038,Routine
1226,182,2,52,2022-08-04 21:02:43,52.41,Low,Earthquake Triggered,0.0075,0.9971,0.3001,0.2688,0.3979,Manual
1227,450,35,97,2019-12-10 23:04:00,1.98,Low,Earthquake Triggered,0.7187,0.1685,0.6641,0.99,0.8291,Post Event
1228,172,39,21,2018-09-08 13:48:08,98.16,Medium,Earthquake Triggered,0.6294,0.6294,0.9629,0.141,0.0291,Manual
1229,317,51,95,2019-06-22 12:07:24,40.36,Low,Anthropogenic,0.837,0.6084,0.2862,0.076,0.5195,Manual
1230,273,23,123,2020-03-20 23:11:58,18.53,Extreme,Seasonal,0.8204,0.6452,0.2327,0.5871,0.382,Routine
1231,395,53,5,2022-07-12 10:30:37,56.1,High,Earthquake Triggered,0.2037,0.5286,0.6991,0.8132,0.4347,Post Event
1232,358,52,196,2018-09-19 12:02:28,41.11,Extreme,Rainfall Driven,0.3712,0.3226,0.1427,0.0591,0.4168,Routine
1233,412,19,171,2024-04-13 07:05:53,59.93,High,Anthropogenic,0.4325,0.2771,0.699,0.7517,0.7942,Alert Triggered
1234,345,12,113,2020-01-23 15:53:36,82.88,High,Anthropogenic,0.7972,0.1806,0.0338,0.4152,0.4237,Manual
1235,203,36,143,2020-10-28 08:00:49,21.03,Extreme,Rainfall Driven,0.9835,0.9626,0.2373,0.3755,0.9121,Alert Triggered
1236,487,39,149,2020-10-12 04:45:02,83.98,Low,Rainfall Driven,0.4668,0.4262,0.4788,0.255,0.1804,Routine
1237,117,50,26,2019-05-16 03:33:33,77.36,Medium,Anthropogenic,0.172,0.104,0.0675,0.0877,0.5089,Post Event
1238,22,26,176,2020-06-10 12:06:07,76.19,Low,Rainfall Driven,0.0318,0.391,0.6256,0.1704,0.0448,Post Event
1239,5,32,6,2023-08-09 22:04:57,55.83,Low,Anthropogenic,0.795,0.8302,0.636,0.8375,0.8747,Manual
1240,288,37,188,2020-02-24 08:29:20,88.56,High,Earthquake Triggered,0.8311,0.0428,0.4352,0.3298,0.998,Post Event
1241,179,11,166,2024-01-04 01:07:49,87.76,High,Anthropogenic,0.0543,0.0797,0.6725,0.9822,0.4213,Post Event
1242,455,18,98,2021-05-08 19:28:56,1.89,Low,Anthropogenic,0.2527,0.8459,0.4218,0.7182,0.6899,Routine
1243,397,54,101,2023-06-02 01:46:03,83.12,Extreme,Seasonal,0.6422,0.4926,0.0421,0.0715,0.3198,Post Event
1244,268,58,54,2021-03-13 17:26:20,35.98,Medium,Rainfall Driven,0.9628,0.9334,0.3257,0.951,0.422,Post Event
1245,7,33,116,2019-09-21 18:51:21,47.77,High,Earthquake Triggered,0.522,0.8169,0.866,0.811,0.7718,Post Event
1246,359,40,191,2021-12-11 20:31:41,40.28,Medium,Seasonal,0.9466,0.0994,0.8115,0.137,0.5781,Manual
1247,1,54,145,2021-10-16 16:57:34,28.1,Medium,Seasonal,0.5852,0.968,0.5623,0.0465,0.0119,Routine
1248,1,54,145,2024-11-18 21:29:25,73.48,Medium,Anthropogenic,0.8576,0.7757,0.0684,0.0837,0.1969,Manual
1249,187,36,143,2024-06-28 01:00:42,70.84,Low,Anthropogenic,0.698,0.3152,0.542,0.675,0.6399,Alert Triggered
1250,315,31,188,2024-10-31 06:34:29,49.53,High,Rainfall Driven,0.4739,0.6413,0.9123,0.7617,0.3026,Routine
1251,111,24,1,2021-06-24 16:22:37,70.74,Extreme,Anthropogenic,0.3789,0.5482,0.0846,0.6678,0.6756,Post Event
1252,11,53,175,2023-08-26 18:14:14,58.89,Extreme,Seasonal,0.8021,0.8203,0.4918,0.8506,0.6329,Manual
1253,137,29,98,2021-12-15 19:56:25,52.0,Extreme,Earthquake Triggered,0.942,0.5397,0.0371,0.4811,0.3241,Alert Triggered
1254,478,14,165,2019-09-21 03:36:01,84.71,Medium,Seasonal,0.579,0.5897,0.394,0.3767,0.2557,Manual
1255,380,28,37,2018-09-09 02:41:51,1.16,Extreme,Rainfall Driven,0.3903,0.2901,0.2929,0.0048,0.1881,Post Event
1256,110,13,105,2023-11-21 15:43:20,44.71,Medium,Seasonal,0.7416,0.1714,0.8421,0.3133,0.7661,Manual
1257,174,33,3,2018-10-07 21:30:27,53.97,Medium,Rainfall Driven,0.0414,0.0098,0.5835,0.9659,0.2622,Manual
1258,18,60,192,2018-03-03 10:13:27,76.66,Medium,Anthropogenic,0.5436,0.8407,0.3766,0.8681,0.4243,Manual
1259,181,10,150,2021-06-09 17:56:36,16.17,Medium,Earthquake Triggered,0.6293,0.4054,0.9492,0.8843,0.0797,Post Event
1260,235,36,51,2019-08-15 00:03:28,46.01,Extreme,Rainfall Driven,0.5806,0.9266,0.0193,0.454,0.6525,Routine
1261,474,23,83,2020-07-15 04:20:46,82.37,Medium,Earthquake Triggered,0.8343,0.9287,0.6268,0.6053,0.2762,Routine
1262,432,24,50,2022-09-29 13:09:08,50.86,Extreme,Rainfall Driven,0.5508,0.7299,0.9765,0.4756,0.8579,Post Event
1263,192,15,156,2024-09-25 02:47:29,56.07,Extreme,Seasonal,0.5135,0.4771,0.8869,0.502,0.3215,Routine
1264,231,52,77,2021-08-02 03:16:18,28.91,Low,Seasonal,0.4932,0.7698,0.8305,0.7148,0.94,Manual
1265,178,33,165,2019-05-08 16:08:18,25.46,High,Seasonal,0.862,0.3473,0.4909,0.0546,0.2298,Manual
1266,9,21,42,2019-11-05 23:05:18,69.91,Low,Seasonal,0.9441,0.5391,0.1901,0.5112,0.2934,Manual
1267,175,3,57,2018-02-23 11:10:55,72.08,Extreme,Anthropogenic,0.2018,0.046,0.4704,0.6581,0.6671,Routine
1268,31,57,37,2022-06-28 02:39:37,71.78,Medium,Seasonal,0.0975,0.6519,0.3316,0.678,0.1973,Alert Triggered
1269,344,53,149,2021-06-17 05:05:53,2.58,Extreme,Seasonal,0.0412,0.5369,0.8529,0.0233,0.2268,Alert Triggered
1270,212,16,133,2019-11-18 14:32:31,63.6,Extreme,Rainfall Driven,0.1402,0.7108,0.7747,0.2784,0.6153,Post Event
1271,431,6,167,2018-09-29 14:11:01,95.69,Extreme,Anthropogenic,0.7036,0.9701,0.0142,0.7061,0.3448,Post Event
1272,361,43,191,2023-10-05 13:52:34,68.69,Low,Anthropogenic,0.9477,0.8558,0.0531,0.9155,0.4356,Post Event
1273,146,5,193,2020-04-10 22:19:42,24.93,Extreme,Rainfall Driven,0.2536,0.0973,0.6684,0.1145,0.8656,Alert Triggered
1274,274,38,106,2018-10-07 23:32:28,83.82,Medium,Earthquake Triggered,0.6261,0.9948,0.7498,0.8484,0.7351,Routine
1275,412,19,171,2023-12-07 09:24:21,68.32,Extreme,Earthquake Triggered,0.8538,0.0466,0.8358,0.7451,0.3919,Routine
1276,241,16,136,2019-12-12 10:27:39,22.89,Low,Earthquake Triggered,0.9135,0.3619,0.7263,0.5707,0.4067,Alert Triggered
1277,268,58,54,2024-01-19 00:00:27,67.65,Extreme,Seasonal,0.4765,0.6418,0.1336,0.6372,0.7301,Alert Triggered
1278,434,13,169,2018-06-18 06:43:44,49.72,High,Seasonal,0.5459,0.8005,0.734,0.9779,0.3352,Post Event
1279,1,54,145,2019-04-25 15:19:06,25.35,Medium,Anthropogenic,0.1681,0.1847,0.6217,0.1111,0.5458,Routine
1280,449,51,29,2020-11-18 15:41:29,83.65,High,Anthropogenic,0.7956,0.5609,0.526,0.1823,0.8926,Routine
1281,237,13,176,2022-12-16 18:30:38,62.68,Extreme,Seasonal,0.9334,0.3625,0.1175,0.172,0.2004,Alert Triggered
1282,443,9,12,2018-05-21 08:47:03,76.4,Medium,Rainfall Driven,0.7952,0.3232,0.8443,0.4038,0.824,Post Event
1283,168,14,106,2022-08-14 19:10:18,32.91,Medium,Anthropogenic,0.827,0.1322,0.9703,0.9871,0.6542,Manual
1284,263,37,176,2020-05-04 23:09:11,49.66,Low,Earthquake Triggered,0.7813,0.474,0.2843,0.1717,0.4145,Routine
1285,70,32,37,2020-10-06 12:22:31,0.91,Low,Anthropogenic,0.6751,0.6011,0.4295,0.6687,0.9687,Post Event
1286,322,11,71,2019-01-24 12:08:23,25.6,High,Earthquake Triggered,0.371,0.9849,0.971,0.0608,0.9484,Manual
1287,363,8,39,2018-10-11 16:54:03,72.55,High,Seasonal,0.33,0.4578,0.9871,0.6771,0.4884,Routine
1288,320,23,69,2019-04-15 09:22:33,7.07,Extreme,Earthquake Triggered,0.7387,0.1129,0.6451,0.7574,0.371,Post Event
1289,150,17,157,2022-08-30 16:37:27,19.08,Extreme,Earthquake Triggered,0.0575,0.3364,0.1806,0.6602,0.731,Post Event
1290,293,43,20,2018-09-02 03:35:53,32.3,Low,Anthropogenic,0.7506,0.5917,0.8575,0.9079,0.4564,Alert Triggered
1291,325,10,91,2021-07-08 04:02:04,30.26,Extreme,Seasonal,0.0056,0.0778,0.2296,0.3183,0.4101,Manual
1292,63,21,31,2022-02-28 16:14:49,91.38,Low,Rainfall Driven,0.3198,0.6655,0.4624,0.1669,0.7939,Routine
1293,355,23,190,2020-01-28 15:14:04,53.92,Low,Rainfall Driven,0.6082,0.8986,0.9139,0.8961,0.8454,Alert Triggered
1294,84,9,192,2021-02-14 00:11:21,57.25,High,Anthropogenic,0.0077,0.0233,0.7554,0.6212,0.8257,Post Event
1295,231,52,77,2023-05-07 14:19:57,81.76,Low,Earthquake Triggered,0.0616,0.3061,0.8364,0.6421,0.873,Alert Triggered
1296,416,37,75,2023-05-05 07:41:59,91.71,Extreme,Anthropogenic,0.9351,0.0457,0.5055,0.1386,0.83,Routine
1297,244,42,145,2019-06-25 03:19:30,18.38,Medium,Seasonal,0.5883,0.7319,0.824,0.8652,0.2935,Post Event
1298,459,55,143,2022-10-01 02:06:46,9.7,Medium,Seasonal,0.5226,0.9597,0.9787,0.2182,0.5902,Manual
1299,344,53,149,2023-06-10 01:33:09,4.87,Extreme,Anthropogenic,0.0418,0.4833,0.3485,0.5362,0.96,Manual
1300,494,56,85,2021-06-29 00:06:42,65.55,High,Anthropogenic,0.8376,0.0452,0.3725,0.0741,0.7264,Alert Triggered
1301,55,41,78,2024-06-14 14:48:57,75.61,High,Rainfall Driven,0.8581,0.8676,0.5052,0.5104,0.4673,Manual
1302,295,50,111,2023-02-05 00:25:47,39.08,Extreme,Rainfall Driven,0.8881,0.9065,0.7971,0.2519,0.1698,Alert Triggered
1303,160,34,57,2024-10-16 22:58:19,82.07,Medium,Seasonal,0.424,0.3137,0.371,0.1432,0.9235,Manual
1304,268,58,54,2020-03-31 03:34:42,91.69,Extreme,Anthropogenic,0.162,0.4155,0.6663,0.0295,0.2776,Routine
1305,442,7,4,2024-07-11 23:07:07,36.03,Extreme,Rainfall Driven,0.7551,0.6731,0.558,0.3587,0.0268,Manual
1306,307,27,2,2024-01-10 15:28:59,94.98,Medium,Anthropogenic,0.0453,0.2975,0.6559,0.5803,0.9288,Manual
1307,482,6,93,2018-09-01 17:09:15,9.38,Medium,Anthropogenic,0.809,0.3753,0.3112,0.3221,0.2633,Manual
1308,73,29,117,2018-02-06 16:20:03,11.85,High,Rainfall Driven,0.1262,0.5996,0.9002,0.7609,0.5897,Alert Triggered
1309,416,37,75,2021-09-01 18:34:21,2.8,Extreme,Seasonal,0.0756,0.2914,0.8483,0.9287,0.8112,Post Event
1310,258,27,135,2023-07-01 15:35:42,44.72,Extreme,Anthropogenic,0.3107,0.3359,0.5415,0.6738,0.2626,Routine
1311,52,54,159,2023-09-17 12:20:29,74.82,Medium,Rainfall Driven,0.6085,0.0249,0.1063,0.9266,0.0478,Routine
1312,416,37,75,2022-12-12 21:01:06,73.57,Low,Anthropogenic,0.8717,0.3355,0.254,0.9565,0.0719,Routine
1313,276,62,104,2020-01-23 13:22:19,21.56,High,Rainfall Driven,0.8783,0.1867,0.3056,0.6682,0.0725,Routine
1314,64,11,126,2018-12-29 06:16:34,89.32,Extreme,Seasonal,0.5784,0.8406,0.362,0.9548,0.8944,Alert Triggered
1315,377,24,150,2023-03-12 02:41:04,49.73,Extreme,Seasonal,0.2549,0.2631,0.2774,0.8205,0.6969,Manual
1316,301,14,168,2019-08-24 06:58:12,82.72,Medium,Seasonal,0.3425,0.5439,0.6249,0.5188,0.3682,Manual
1317,87,37,96,2024-01-04 09:11:10,26.82,Low,Anthropogenic,0.9095,0.8455,0.234,0.9502,0.7544,Routine
1318,273,23,123,2024-07-27 03:23:08,53.2,High,Anthropogenic,0.473,0.5553,0.5483,0.3468,0.1414,Alert Triggered
1319,426,27,115,2023-10-21 15:10:27,96.32,Extreme,Anthropogenic,0.7806,0.1453,0.5397,0.6976,0.7087,Manual
1320,313,39,41,2018-05-03 09:43:25,0.33,High,Earthquake Triggered,0.4252,0.0787,0.0371,0.4362,0.9779,Routine
1321,432,24,50,2022-10-28 01:51:16,34.01,Medium,Anthropogenic,0.7655,0.6723,0.7826,0.8883,0.8018,Routine
1322,75,15,133,2018-09-23 10:39:30,93.65,High,Anthropogenic,0.079,0.3284,0.7208,0.6882,0.1746,Manual
1323,44,60,20,2023-02-18 04:39:14,93.5,Extreme,Seasonal,0.6776,0.8306,0.5964,0.1203,0.3607,Routine
1324,463,56,106,2019-10-28 22:06:02,50.34,Low,Rainfall Driven,0.2583,0.2294,0.0727,0.4564,0.3415,Manual
1325,164,2,118,2024-12-30 13:34:09,7.21,Low,Earthquake Triggered,0.3098,0.069,0.4814,0.3514,0.2233,Post Event
1326,252,46,116,2023-02-16 22:18:37,46.61,Low,Earthquake Triggered,0.6636,0.4586,0.8468,0.993,0.8519,Routine
1327,146,5,193,2018-04-19 14:04:52,88.38,Low,Rainfall Driven,0.7101,0.3828,0.005,0.3402,0.6034,Routine
1328,154,46,167,2021-12-23 18:36:42,86.3,Extreme,Anthropogenic,0.8982,0.7572,0.0037,0.0487,0.4651,Alert Triggered
1329,500,17,30,2019-05-03 01:49:32,59.58,Low,Rainfall Driven,0.6792,0.6366,0.4693,0.5929,0.6513,Post Event
1330,388,43,25,2021-07-12 05:24:16,82.42,High,Seasonal,0.3475,0.0361,0.4391,0.4274,0.4653,Routine
1331,253,56,38,2021-10-20 23:00:20,80.93,Extreme,Earthquake Triggered,0.0766,0.3772,0.7356,0.2999,0.2434,Alert Triggered
1332,461,25,49,2022-07-31 01:46:43,83.49,High,Rainfall Driven,0.341,0.8633,0.4437,0.382,0.5724,Post Event
1333,96,6,85,2021-03-31 13:48:29,14.83,High,Seasonal,0.8401,0.1699,0.2976,0.6694,0.735,Post Event
1334,258,27,135,2022-02-21 16:08:44,32.97,Low,Earthquake Triggered,0.9795,0.1359,0.6907,0.7449,0.8779,Post Event
1335,492,16,123,2023-08-12 05:04:26,68.51,Medium,Earthquake Triggered,0.3259,0.4654,0.0549,0.2336,0.8166,Alert Triggered
1336,151,43,151,2023-09-11 06:00:42,11.34,Low,Seasonal,0.5471,0.5515,0.2548,0.9648,0.9239,Post Event
1337,135,22,126,2021-10-16 07:01:15,84.6,High,Earthquake Triggered,0.6543,0.4164,0.6528,0.2856,0.3769,Manual
1338,27,58,98,2024-07-03 18:18:20,79.64,Low,Earthquake Triggered,0.1451,0.6358,0.3136,0.3942,0.0563,Alert Triggered
1339,493,34,195,2021-08-11 01:48:09,10.17,Low,Seasonal,0.3229,0.2265,0.6896,0.1046,0.0174,Manual
1340,117,50,26,2018-11-23 07:54:55,78.62,Medium,Earthquake Triggered,0.9767,0.3612,0.3519,0.1949,0.1318,Manual
1341,183,43,34,2023-09-25 13:12:26,37.77,Extreme,Rainfall Driven,0.4005,0.2492,0.5538,0.9392,0.5658,Post Event
1342,19,30,70,2022-11-25 19:02:29,63.75,Extreme,Seasonal,0.2243,0.9676,0.4475,0.5811,0.3825,Post Event
1343,346,34,35,2024-10-17 07:06:44,98.89,Low,Earthquake Triggered,0.8527,0.9181,0.0594,0.4639,0.9593,Manual
1344,226,5,56,2020-08-04 19:12:02,5.2,High,Rainfall Driven,0.0367,0.9024,0.9618,0.9338,0.2242,Post Event
1345,145,47,64,2023-06-21 02:31:23,31.93,High,Anthropogenic,0.4554,0.2162,0.0552,0.1404,0.094,Manual
1346,38,62,186,2018-03-12 21:53:44,64.62,Low,Anthropogenic,0.5787,0.5609,0.8442,0.8935,0.9576,Alert Triggered
1347,381,58,43,2024-05-14 06:02:13,30.22,Extreme,Earthquake Triggered,0.5152,0.7177,0.7953,0.569,0.395,Manual
1348,33,36,106,2021-03-23 22:50:38,46.0,Extreme,Anthropogenic,0.1831,0.2552,0.0283,0.8922,0.6868,Alert Triggered
1349,318,57,86,2023-10-18 03:09:36,64.16,High,Seasonal,0.5249,0.0622,0.8101,0.6082,0.4045,Alert Triggered
1350,63,21,31,2020-05-17 20:38:08,65.39,Medium,Anthropogenic,0.8159,0.8332,0.0996,0.5308,0.39,Manual
1351,76,7,81,2022-05-03 16:07:38,49.15,High,Seasonal,0.744,0.9779,0.837,0.4254,0.3261,Routine
1352,55,41,78,2024-11-19 20:43:11,43.46,High,Earthquake Triggered,0.6504,0.4146,0.01,0.4447,0.222,Alert Triggered
1353,178,33,165,2020-05-28 07:17:39,33.19,Extreme,Rainfall Driven,0.7011,0.5388,0.4466,0.4132,0.3764,Post Event
1354,430,62,154,2019-10-16 11:53:06,31.32,Low,Rainfall Driven,0.619,0.1852,0.7219,0.774,0.1968,Routine
1355,178,33,165,2024-01-25 15:52:15,30.34,Extreme,Anthropogenic,0.3448,0.939,0.0666,0.0485,0.5134,Routine
1356,364,17,72,2018-01-05 18:13:11,8.59,Extreme,Seasonal,0.4105,0.3172,0.2914,0.5567,0.6506,Manual
1357,34,25,173,2021-03-23 08:02:41,98.81,Extreme,Anthropogenic,0.5308,0.8724,0.9337,0.2857,0.2232,Post Event
1358,277,10,116,2024-12-18 11:45:28,62.1,Low,Anthropogenic,0.4681,0.9873,0.7959,0.4942,0.8816,Post Event
1359,328,58,75,2019-08-13 20:44:46,30.37,Medium,Anthropogenic,0.8307,0.421,0.9096,0.1952,0.9995,Alert Triggered
1360,306,45,33,2020-03-26 15:51:58,32.0,High,Rainfall Driven,0.1834,0.82,0.6296,0.5183,0.1999,Manual
1361,361,43,191,2021-11-12 07:20:30,18.55,Extreme,Anthropogenic,0.9259,0.3626,0.3082,0.2172,0.3611,Routine
1362,6,1,28,2018-02-27 07:14:57,13.43,High,Anthropogenic,0.9955,0.5628,0.448,0.9586,0.2829,Routine
1363,201,13,38,2022-08-25 10:45:32,56.0,Extreme,Anthropogenic,0.2377,0.8106,0.9315,0.7554,0.9704,Post Event
1364,109,47,20,2023-03-04 04:28:24,98.89,Low,Anthropogenic,0.7004,0.1936,0.8832,0.8504,0.6699,Manual
1365,469,21,172,2023-04-27 23:58:19,40.96,Low,Anthropogenic,0.9149,0.126,0.6468,0.2397,0.5501,Routine
1366,61,28,100,2018-09-08 10:24:59,50.58,Low,Seasonal,0.6835,0.3167,0.2716,0.4892,0.4519,Post Event
1367,213,8,164,2021-08-17 22:42:52,67.28,Low,Seasonal,0.4199,0.858,0.3922,0.5909,0.7631,Manual
1368,125,58,97,2021-07-04 02:51:45,31.63,High,Earthquake Triggered,0.2149,0.7804,0.8843,0.9793,0.7291,Alert Triggered
1369,194,8,67,2020-01-20 04:26:14,43.25,High,Seasonal,0.7298,0.2568,0.6435,0.4501,0.3196,Routine
1370,59,29,185,2024-01-21 01:52:17,86.29,High,Seasonal,0.8107,0.7854,0.9158,0.8844,0.2893,Manual
1371,406,52,110,2024-05-26 22:55:04,19.18,Extreme,Anthropogenic,0.2818,0.1202,0.5034,0.9778,0.4279,Routine
1372,39,4,196,2019-09-14 02:15:04,50.65,Medium,Anthropogenic,0.7386,0.4715,0.6497,0.1582,0.8804,Post Event
1373,496,32,103,2019-08-23 02:22:27,66.08,Medium,Earthquake Triggered,0.5181,0.659,0.394,0.3007,0.5999,Manual
1374,132,29,71,2018-02-01 15:42:00,92.49,Extreme,Seasonal,0.0212,0.1496,0.9819,0.6951,0.1022,Post Event
1375,112,20,102,2018-01-16 03:50:37,68.62,Medium,Anthropogenic,0.2979,0.0401,0.2076,0.2731,0.303,Manual
1376,72,18,83,2018-11-08 13:13:50,42.71,Medium,Rainfall Driven,0.5259,0.7823,0.9368,0.049,0.3821,Manual
1377,237,13,176,2022-02-18 09:21:18,47.41,Low,Rainfall Driven,0.015,0.5075,0.8149,0.0051,0.9253,Post Event
1378,497,32,23,2023-02-08 15:38:27,71.48,Low,Earthquake Triggered,0.675,0.6335,0.0499,0.703,0.5651,Manual
1379,126,31,17,2018-02-24 00:53:46,94.95,Low,Seasonal,0.0412,0.2102,0.9884,0.5265,0.6355,Routine
1380,133,25,2,2021-01-03 13:29:26,33.41,Low,Seasonal,0.0649,0.3044,0.1064,0.4034,0.6477,Routine
1381,305,51,162,2018-10-10 20:47:57,49.54,Low,Rainfall Driven,0.2713,0.0027,0.7687,0.7754,0.3416,Routine
1382,493,34,195,2022-12-08 09:11:24,22.55,Medium,Earthquake Triggered,0.5667,0.714,0.8012,0.1448,0.1807,Alert Triggered
1383,30,26,113,2019-01-15 17:37:39,87.94,High,Seasonal,0.4585,0.2399,0.9395,0.5002,0.9692,Routine
1384,431,6,167,2021-06-02 22:59:15,79.97,Medium,Earthquake Triggered,0.6992,0.4686,0.3008,0.6072,0.7829,Alert Triggered
1385,35,45,155,2021-08-31 20:13:43,7.58,Extreme,Earthquake Triggered,0.1641,0.9813,0.674,0.2002,0.7635,Routine
1386,11,53,175,2022-04-07 14:49:23,44.88,Medium,Anthropogenic,0.3638,0.8702,0.6853,0.9199,0.6327,Manual
1387,261,20,77,2019-12-09 02:35:11,37.68,Extreme,Earthquake Triggered,0.0569,0.1438,0.5498,0.2513,0.4556,Routine
1388,297,55,187,2024-12-31 05:41:00,94.37,Extreme,Rainfall Driven,0.664,0.0756,0.3452,0.7073,0.9393,Post Event
1389,74,43,167,2023-07-17 16:04:59,83.23,Low,Seasonal,0.1788,0.3841,0.7057,0.4224,0.0425,Post Event
1390,113,30,68,2021-05-28 18:35:39,61.97,Low,Rainfall Driven,0.5607,0.1998,0.5983,0.3704,0.0859,Post Event
1391,303,32,153,2020-09-26 20:24:13,9.24,Medium,Anthropogenic,0.3487,0.2689,0.0649,0.7096,0.1595,Routine
1392,112,20,102,2024-10-17 19:32:56,76.84,Extreme,Rainfall Driven,0.831,0.8221,0.3566,0.6086,0.9251,Routine
1393,240,19,167,2021-08-28 03:37:15,23.02,Extreme,Anthropogenic,0.6181,0.2306,0.9674,0.7271,0.8813,Post Event
1394,488,17,178,2024-07-26 22:15:12,36.51,Medium,Rainfall Driven,0.9859,0.7849,0.5766,0.7074,0.6673,Routine
1395,482,6,93,2021-07-30 05:02:52,7.56,Medium,Rainfall Driven,0.9072,0.4404,0.5737,0.4908,0.2105,Manual
1396,186,38,65,2023-11-26 04:21:19,8.69,Low,Seasonal,0.5936,0.5814,0.8794,0.8304,0.453,Manual
1397,33,36,106,2022-01-02 02:45:39,41.27,Medium,Seasonal,0.1417,0.681,0.1805,0.299,0.7103,Alert Triggered
1398,456,7,31,2023-05-29 00:28:22,30.48,Medium,Earthquake Triggered,0.7477,0.2623,0.2414,0.5178,0.4794,Post Event
1399,94,33,13,2021-01-04 05:27:11,31.82,Low,Earthquake Triggered,0.4849,0.0462,0.8468,0.7273,0.3084,Alert Triggered
1400,434,13,169,2024-05-08 14:45:02,57.49,Extreme,Earthquake Triggered,0.6322,0.8695,0.2124,0.7272,0.6131,Manual
1401,375,28,198,2022-04-05 13:52:29,20.49,Medium,Anthropogenic,0.6719,0.6938,0.7535,0.0218,0.5268,Alert Triggered
1402,413,7,38,2019-04-26 22:41:16,90.1,Medium,Anthropogenic,0.6809,0.0858,0.7676,0.9067,0.2108,Routine
1403,449,51,29,2023-09-07 15:33:05,73.49,Low,Rainfall Driven,0.8451,0.6704,0.5472,0.0579,0.4025,Alert Triggered
1404,420,62,159,2019-05-27 05:58:37,48.13,Low,Anthropogenic,0.3927,0.5388,0.388,0.5014,0.1191,Post Event
1405,132,29,71,2022-01-17 04:18:07,9.37,High,Earthquake Triggered,0.7951,0.7866,0.5961,0.8044,0.5155,Routine
1406,8,39,131,2019-09-16 23:51:12,94.09,High,Earthquake Triggered,0.3546,0.559,0.4411,0.3175,0.6839,Post Event
1407,81,61,102,2019-10-23 07:03:49,38.94,Low,Seasonal,0.1541,0.4272,0.7356,0.7946,0.7381,Routine
1408,165,26,111,2023-06-12 16:51:47,5.83,Extreme,Seasonal,0.9006,0.8782,0.5919,0.0743,0.9832,Post Event
1409,462,13,18,2021-08-27 12:08:42,77.29,Low,Earthquake Triggered,0.7332,0.9371,0.945,0.7713,0.9059,Routine
1410,138,54,27,2021-11-13 21:01:47,93.34,Extreme,Anthropogenic,0.0096,0.3819,0.3567,0.301,0.4818,Alert Triggered
1411,220,47,50,2023-12-07 10:13:05,66.14,Low,Earthquake Triggered,0.3422,0.2067,0.1234,0.7977,0.3756,Post Event
1412,314,31,119,2022-01-03 15:29:02,99.99,Extreme,Anthropogenic,0.194,0.6029,0.0179,0.812,0.7907,Routine
1413,61,28,100,2021-06-03 21:07:33,52.69,Low,Earthquake Triggered,0.4618,0.1626,0.9686,0.5644,0.8769,Routine
1414,65,27,182,2019-05-27 20:25:38,68.36,Extreme,Earthquake Triggered,0.0004,0.3297,0.7819,0.7951,0.0318,Post Event
1415,246,9,129,2023-01-09 12:23:30,4.96,Medium,Anthropogenic,0.8423,0.2162,0.8759,0.2158,0.0852,Post Event
1416,270,9,8,2023-05-09 08:36:34,15.8,High,Seasonal,0.881,0.7174,0.3342,0.2272,0.43,Routine
1417,39,4,196,2024-11-24 21:27:00,86.51,Extreme,Anthropogenic,0.7669,0.6655,0.1618,0.7312,0.2594,Alert Triggered
1418,244,42,145,2018-01-22 23:09:53,60.72,High,Seasonal,0.9387,0.8228,0.9026,0.5259,0.3667,Manual
1419,286,9,158,2023-07-16 17:36:43,21.62,High,Anthropogenic,0.4866,0.4315,0.1743,0.6269,0.7483,Manual
1420,334,48,119,2022-04-15 06:06:02,62.98,Low,Earthquake Triggered,0.2899,0.662,0.1692,0.0329,0.886,Alert Triggered
1421,69,58,174,2019-08-13 02:46:09,40.38,Low,Rainfall Driven,0.8673,0.5703,0.3338,0.6426,0.427,Alert Triggered
1422,84,9,192,2019-12-12 20:57:51,48.45,High,Seasonal,0.4815,0.5583,0.3156,0.1725,0.4825,Alert Triggered
1423,128,44,137,2024-04-06 15:33:18,0.05,Extreme,Earthquake Triggered,0.4278,0.6769,0.4514,0.406,0.8169,Post Event
1424,318,57,86,2018-10-28 19:21:36,40.16,Low,Anthropogenic,0.6432,0.0218,0.9215,0.5586,0.9323,Manual
1425,368,31,184,2023-02-23 10:40:35,98.38,Extreme,Earthquake Triggered,0.1604,0.0878,0.2717,0.3396,0.3069,Alert Triggered
1426,228,36,84,2023-11-26 05:44:56,85.97,High,Seasonal,0.2697,0.189,0.0452,0.5263,0.8107,Post Event
1427,364,17,72,2023-12-02 04:25:48,39.04,High,Seasonal,0.1581,0.2907,0.8293,0.2623,0.5263,Alert Triggered
1428,42,44,21,2022-01-26 11:00:15,26.68,Low,Earthquake Triggered,0.5501,0.2761,0.5057,0.4245,0.0159,Post Event
1429,482,6,93,2019-11-05 17:50:23,98.77,High,Rainfall Driven,0.9115,0.0253,0.6899,0.9599,0.1361,Routine
1430,100,35,189,2018-07-13 21:29:28,39.73,High,Rainfall Driven,0.5285,0.3731,0.0215,0.332,0.5943,Manual
1431,272,61,58,2019-08-29 23:47:04,75.21,Extreme,Earthquake Triggered,0.5777,0.7638,0.5919,0.2302,0.2102,Alert Triggered
1432,372,26,52,2021-06-13 22:32:46,2.4,Medium,Seasonal,0.735,0.5481,0.4442,0.2445,0.2798,Manual
1433,258,27,135,2018-03-18 14:49:40,55.66,High,Earthquake Triggered,0.3149,0.3145,0.4936,0.0144,0.5807,Alert Triggered
1434,135,22,126,2018-03-09 06:19:24,27.18,Extreme,Seasonal,0.203,0.8723,0.7738,0.4215,0.6244,Routine
1435,339,14,40,2020-08-25 01:09:09,83.57,Extreme,Anthropogenic,0.686,0.2738,0.8656,0.0343,0.3598,Manual
1436,407,21,103,2020-04-19 10:17:21,20.58,Low,Earthquake Triggered,0.3923,0.8913,0.7456,0.9819,0.0641,Alert Triggered
1437,377,24,150,2022-10-05 12:19:19,59.99,Medium,Seasonal,0.6268,0.537,0.3506,0.0185,0.3823,Post Event
1438,277,10,116,2022-05-30 13:38:03,35.22,High,Earthquake Triggered,0.1945,0.2126,0.0524,0.0446,0.872,Post Event
1439,462,13,18,2019-07-24 13:39:29,48.15,Medium,Seasonal,0.2247,0.5634,0.5697,0.2326,0.2805,Routine
1440,236,28,94,2018-03-24 19:06:16,32.42,Medium,Earthquake Triggered,0.0969,0.8218,0.3953,0.0647,0.1325,Alert Triggered
1441,50,58,63,2023-10-18 10:20:00,76.88,Low,Rainfall Driven,0.9756,0.4523,0.0921,0.5272,0.8098,Post Event
1442,124,27,132,2020-09-01 18:52:59,24.04,High,Anthropogenic,0.3956,0.7937,0.8933,0.5326,0.2028,Alert Triggered
1443,62,43,126,2020-09-18 09:41:34,43.03,Low,Anthropogenic,0.1962,0.7418,0.3119,0.7492,0.6196,Manual
1444,464,31,41,2018-11-23 16:20:14,22.33,Extreme,Anthropogenic,0.8987,0.2247,0.4209,0.5494,0.499,Routine
1445,390,28,21,2018-03-18 09:49:07,82.62,Medium,Earthquake Triggered,0.7605,0.4909,0.5843,0.4043,0.5837,Alert Triggered
1446,475,57,56,2019-09-04 14:26:02,93.26,Medium,Anthropogenic,0.3486,0.2292,0.3531,0.9769,0.2416,Manual
1447,222,50,164,2023-01-11 11:16:54,30.8,High,Seasonal,0.8792,0.3453,0.8234,0.3444,0.5517,Routine
1448,493,34,195,2021-05-30 13:15:34,84.76,Medium,Earthquake Triggered,0.1019,0.9532,0.4998,0.8328,0.4028,Alert Triggered
1449,131,9,52,2022-02-11 14:31:21,45.32,High,Rainfall Driven,0.7413,0.2717,0.9903,0.5754,0.2853,Post Event
1450,264,39,30,2022-11-10 19:33:20,94.78,Low,Earthquake Triggered,0.9995,0.5154,0.7156,0.9647,0.9638,Post Event
1451,500,17,30,2020-03-20 15:15:09,46.93,Medium,Anthropogenic,0.7596,0.3593,0.1773,0.4114,0.9515,Alert Triggered
1452,299,45,100,2022-02-07 11:13:39,93.68,Medium,Rainfall Driven,0.3261,0.4722,0.6407,0.5078,0.7138,Routine
1453,236,28,94,2018-08-04 18:47:20,12.33,High,Anthropogenic,0.1795,0.428,0.2461,0.9734,0.6837,Post Event
1454,329,8,79,2024-07-06 20:06:01,99.44,High,Seasonal,0.0065,0.6756,0.4386,0.5906,0.1737,Manual
1455,446,57,11,2020-05-01 23:17:12,19.85,High,Seasonal,0.0313,0.8862,0.5054,0.6054,0.6764,Post Event
1456,374,13,68,2020-07-03 19:11:25,5.27,Extreme,Earthquake Triggered,0.1431,0.3547,0.104,0.8599,0.6097,Post Event
1457,443,9,12,2022-01-08 20:24:36,36.92,High,Rainfall Driven,0.6994,0.4935,0.4386,0.5239,0.3866,Post Event
1458,375,28,198,2021-01-07 01:14:48,66.21,Low,Seasonal,0.1918,0.8603,0.6906,0.9406,0.4147,Routine
1459,145,47,64,2020-12-31 10:26:45,25.05,Medium,Earthquake Triggered,0.8365,0.821,0.4666,0.8987,0.8253,Post Event
1460,242,17,100,2020-04-03 04:32:58,12.32,Extreme,Anthropogenic,0.9051,0.1146,0.5558,0.4818,0.2465,Post Event
1461,78,21,36,2021-03-10 12:52:30,19.72,High,Earthquake Triggered,0.0113,0.6689,0.8019,0.3181,0.2533,Manual
1462,469,21,172,2018-06-24 12:47:59,49.45,Extreme,Rainfall Driven,0.8156,0.1068,0.4953,0.5395,0.4702,Post Event
1463,486,25,109,2024-10-05 13:57:28,71.51,Extreme,Seasonal,0.6254,0.4731,0.2227,0.7564,0.8498,Alert Triggered
1464,418,51,97,2019-03-04 06:29:04,17.81,Medium,Rainfall Driven,0.8699,0.6836,0.8609,0.5148,0.3587,Routine
1465,30,26,113,2024-04-18 04:31:29,38.9,Medium,Anthropogenic,0.1218,0.799,0.035,0.336,0.6352,Alert Triggered
1466,304,49,12,2018-09-24 13:22:21,60.9,Extreme,Anthropogenic,0.3883,0.8271,0.9828,0.3097,0.7457,Alert Triggered
1467,280,10,74,2021-07-28 21:49:46,99.68,High,Anthropogenic,0.5018,0.276,0.0607,0.0838,0.296,Manual
1468,193,62,66,2019-02-17 11:20:47,37.46,High,Rainfall Driven,0.1995,0.307,0.4147,0.5346,0.9448,Manual
1469,166,39,23,2021-01-25 20:39:26,13.95,High,Rainfall Driven,0.646,0.1077,0.5283,0.5937,0.6327,Routine
1470,331,24,4,2023-06-12 20:43:37,52.04,High,Earthquake Triggered,0.3552,0.0847,0.767,0.5492,0.7012,Manual
1471,183,43,34,2022-04-07 21:27:06,25.62,High,Earthquake Triggered,0.4441,0.2299,0.4937,0.2736,0.4787,Post Event
1472,176,21,27,2022-11-04 13:25:50,25.82,Extreme,Anthropogenic,0.2446,0.2438,0.1607,0.7523,0.3057,Post Event
1473,41,34,39,2019-05-19 08:03:35,40.87,Extreme,Earthquake Triggered,0.6425,0.5143,0.505,0.0971,0.3812,Manual
1474,381,58,43,2021-03-02 14:46:30,32.33,Extreme,Seasonal,0.6366,0.0649,0.5111,0.6627,0.4071,Routine
1475,164,2,118,2024-04-09 11:35:16,27.27,Low,Earthquake Triggered,0.3057,0.021,0.0244,0.4078,0.0991,Alert Triggered
1476,250,11,109,2020-06-09 00:10:01,18.91,Extreme,Anthropogenic,0.762,0.0762,0.8349,0.9224,0.4408,Manual
1477,286,9,158,2018-10-17 11:26:21,8.16,Low,Earthquake Triggered,0.691,0.4415,0.9628,0.0616,0.8816,Routine
1478,421,51,53,2023-11-23 10:32:19,72.26,Low,Seasonal,0.6697,0.3927,0.5202,0.7137,0.0525,Routine
1479,234,19,101,2022-12-13 01:16:19,28.61,Low,Seasonal,0.4993,0.1189,0.5627,0.3241,0.299,Post Event
1480,66,37,191,2019-11-30 13:45:39,73.19,Extreme,Earthquake Triggered,0.7447,0.7544,0.594,0.2,0.3597,Manual
1481,255,6,154,2018-10-21 10:16:28,15.52,High,Rainfall Driven,0.6096,0.8504,0.0118,0.874,0.6059,Alert Triggered
1482,72,18,83,2018-11-02 02:25:05,32.08,Extreme,Seasonal,0.3138,0.4158,0.1374,0.3549,0.235,Post Event
1483,39,4,196,2019-12-20 03:28:25,79.56,Extreme,Earthquake Triggered,0.3524,0.7574,0.3318,0.5235,0.8725,Manual
1484,202,36,146,2020-07-09 11:30:49,86.95,Low,Rainfall Driven,0.4621,0.632,0.6417,0.5603,0.4212,Post Event
1485,346,34,35,2021-01-10 20:54:53,80.21,Medium,Rainfall Driven,0.6001,0.3894,0.9072,0.9804,0.4551,Alert Triggered
1486,469,21,172,2023-06-08 22:08:04,51.46,Extreme,Seasonal,0.0103,0.5417,0.9038,0.8327,0.5765,Manual
1487,158,29,46,2021-08-10 18:17:23,8.08,Low,Rainfall Driven,0.5843,0.1208,0.4945,0.0434,0.055,Post Event
1488,390,28,21,2021-05-10 19:39:49,47.36,Medium,Rainfall Driven,0.7281,0.9429,0.9314,0.6701,0.1877,Alert Triggered
1489,169,36,19,2022-03-26 16:52:39,94.38,High,Seasonal,0.717,0.6926,0.8001,0.6709,0.2169,Alert Triggered
1490,271,46,195,2022-07-15 03:08:05,19.74,Medium,Anthropogenic,0.3413,0.0968,0.4964,0.3175,0.0421,Alert Triggered
1491,191,18,200,2022-10-20 08:14:18,73.66,Low,Anthropogenic,0.4534,0.2885,0.045,0.0889,0.197,Manual
1492,305,51,162,2022-06-06 23:30:00,64.51,Medium,Rainfall Driven,0.2696,0.5313,0.5209,0.4065,0.1047,Manual
1493,167,44,187,2019-11-22 18:50:17,80.94,Extreme,Anthropogenic,0.8446,0.5389,0.3816,0.7278,0.4909,Alert Triggered
1494,366,16,154,2023-09-02 06:00:40,93.35,Extreme,Seasonal,0.7823,0.8724,0.6337,0.4813,0.2593,Manual
1495,238,31,6,2021-04-16 01:58:34,58.87,Low,Rainfall Driven,0.1907,0.289,0.9567,0.0066,0.9397,Manual
1496,181,10,150,2022-10-04 23:19:55,13.93,Extreme,Seasonal,0.3062,0.2547,0.5014,0.7789,0.5438,Post Event
1497,35,45,155,2022-12-21 16:56:21,30.84,Extreme,Rainfall Driven,0.5877,0.6133,0.917,0.0306,0.9725,Alert Triggered
1498,277,10,116,2018-08-27 21:21:40,12.7,High,Seasonal,0.0829,0.5189,0.4177,0.7673,0.1181,Routine
1499,228,36,84,2021-03-22 20:19:53,13.06,Extreme,Seasonal,0.4251,0.1924,0.5136,0.3276,0.0343,Alert Triggered
1500,143,27,152,2021-08-02 22:40:10,82.77,Medium,Earthquake Triggered,0.3096,0.2919,0.2034,0.2044,0.7966,Manual
1501,18,60,192,2024-02-23 21:01:24,67.39,Extreme,Anthropogenic,0.5888,0.6503,0.2845,0.7147,0.9747,Post Event
1502,155,34,28,2019-04-29 03:59:26,16.63,Extreme,Rainfall Driven,0.3673,0.9656,0.6332,0.4722,0.892,Alert Triggered
1503,300,25,17,2022-10-31 08:12:46,90.93,Medium,Anthropogenic,0.668,0.1042,0.314,0.6031,0.7557,Post Event
1504,362,55,112,2023-08-13 14:28:46,91.52,Medium,Rainfall Driven,0.95,0.7381,0.2166,0.441,0.3839,Manual
1505,44,60,20,2023-06-05 02:23:04,92.88,High,Seasonal,0.461,0.371,0.5827,0.3943,0.1936,Manual
1506,386,9,55,2022-12-29 14:46:46,31.79,Low,Seasonal,0.079,0.9254,0.6346,0.3347,0.2157,Manual
1507,236,28,94,2021-12-22 20:41:57,94.97,Extreme,Earthquake Triggered,0.5034,0.9554,0.3409,0.1296,0.4886,Routine
1508,333,36,119,2019-02-28 19:53:56,29.04,Medium,Rainfall Driven,0.453,0.9063,0.4227,0.2361,0.2537,Routine
1509,284,35,200,2019-11-13 10:00:00,15.39,Medium,Anthropogenic,0.711,0.618,0.1083,0.2654,0.4683,Routine
1510,494,56,85,2021-08-18 15:37:15,66.73,Medium,Seasonal,0.7773,0.189,0.8928,0.1045,0.2733,Alert Triggered
1511,259,40,145,2024-11-23 08:45:09,47.9,Low,Rainfall Driven,0.673,0.2486,0.6752,0.6736,0.8966,Manual
1512,160,34,57,2018-05-18 18:17:58,22.53,Medium,Earthquake Triggered,0.6167,0.1611,0.1207,0.4487,0.3693,Alert Triggered
1513,498,11,193,2018-04-12 23:28:33,66.39,Extreme,Anthropogenic,0.8001,0.6694,0.9718,0.9699,0.4204,Routine
1514,180,62,104,2021-11-03 18:21:09,99.8,High,Seasonal,0.8443,0.0557,0.3323,0.554,0.7378,Routine
1515,392,54,101,2019-12-25 11:44:11,61.92,Extreme,Anthropogenic,0.1392,0.6895,0.3418,0.1664,0.8271,Manual
1516,210,17,40,2023-06-11 11:06:22,90.22,High,Anthropogenic,0.9531,0.8895,0.5182,0.1003,0.0726,Routine
1517,447,12,2,2019-03-31 12:41:46,22.96,Low,Seasonal,0.2134,0.9783,0.5195,0.9183,0.5358,Alert Triggered
1518,108,42,195,2023-01-16 13:58:45,7.37,Medium,Earthquake Triggered,0.173,0.3139,0.2137,0.4394,0.1227,Alert Triggered
1519,32,43,98,2018-11-13 17:05:01,75.9,High,Seasonal,0.5754,0.5575,0.8207,0.4944,0.1933,Manual
1520,51,20,124,2020-01-15 22:54:40,4.36,Medium,Seasonal,0.6971,0.2715,0.4378,0.0137,0.5789,Post Event
1521,252,46,116,2022-11-17 10:38:46,31.19,Low,Anthropogenic,0.9135,0.5419,0.0653,0.3475,0.3143,Alert Triggered
1522,397,54,101,2022-06-02 16:35:40,94.01,Low,Seasonal,0.9402,0.8343,0.4212,0.4091,0.3923,Post Event
1523,100,35,189,2018-12-22 07:32:41,43.45,Medium,Rainfall Driven,0.0008,0.4285,0.0749,0.7352,0.1526,Post Event
1524,19,30,70,2018-01-07 23:01:18,55.15,Medium,Rainfall Driven,0.803,0.5229,0.1137,0.6746,0.4368,Routine
1525,433,62,93,2019-10-26 06:22:16,70.66,Medium,Seasonal,0.9452,0.3914,0.7157,0.0772,0.2976,Routine
1526,143,27,152,2018-01-13 04:38:14,68.57,High,Earthquake Triggered,0.0903,0.7965,0.5414,0.0844,0.9694,Routine
1527,34,25,173,2022-06-21 20:29:11,39.46,Low,Seasonal,0.9973,0.6362,0.0569,0.1748,0.8953,Manual
1528,393,48,155,2018-08-05 02:31:41,7.93,Medium,Anthropogenic,0.5098,0.3815,0.6089,0.8808,0.5632,Routine
1529,107,47,1,2021-12-28 01:33:32,20.65,High,Seasonal,0.6159,0.4114,0.762,0.9499,0.5824,Post Event
1530,444,1,133,2020-06-21 08:45:53,52.91,Extreme,Rainfall Driven,0.2237,0.8795,0.7633,0.3508,0.4926,Manual
1531,458,31,60,2021-10-07 17:54:46,89.4,Low,Earthquake Triggered,0.3153,0.3305,0.809,0.0298,0.4351,Routine
1532,180,62,104,2019-12-01 01:30:29,13.05,Low,Earthquake Triggered,0.438,0.1104,0.3924,0.6863,0.8985,Routine
1533,393,48,155,2021-10-26 21:05:35,84.1,High,Earthquake Triggered,0.7133,0.1189,0.8012,0.1099,0.8971,Manual
1534,102,34,123,2023-02-28 15:00:08,88.05,Medium,Anthropogenic,0.5931,0.4049,0.9506,0.06,0.5129,Routine
1535,176,21,27,2020-08-19 02:56:00,93.51,Medium,Earthquake Triggered,0.6779,0.5207,0.9558,0.4773,0.3289,Routine
1536,448,12,57,2020-07-18 19:16:48,38.02,Medium,Earthquake Triggered,0.9916,0.6188,0.3817,0.6171,0.4118,Post Event
1537,122,33,102,2020-04-25 21:33:44,42.05,Low,Earthquake Triggered,0.102,0.7086,0.2134,0.8958,0.2793,Alert Triggered
1538,239,11,16,2018-08-28 09:54:23,36.9,Extreme,Anthropogenic,0.0587,0.8135,0.0778,0.8694,0.6397,Post Event
1539,31,57,37,2020-06-22 21:43:06,64.03,Medium,Rainfall Driven,0.628,0.571,0.3104,0.0922,0.2549,Manual
1540,200,32,109,2024-06-23 01:18:29,43.35,Medium,Rainfall Driven,0.8009,0.4597,0.2244,0.4232,0.1015,Routine
1541,194,8,67,2021-01-01 00:28:04,53.91,Extreme,Earthquake Triggered,0.4933,0.6761,0.3819,0.7131,0.2378,Manual
1542,280,10,74,2018-08-11 14:51:53,40.28,Extreme,Rainfall Driven,0.3213,0.5635,0.012,0.7425,0.4838,Post Event
1543,250,11,109,2020-03-19 03:21:19,97.04,Low,Rainfall Driven,0.4707,0.0467,0.1283,0.4151,0.7283,Routine
1544,310,38,84,2018-01-05 11:05:03,37.82,Medium,Rainfall Driven,0.4356,0.6756,0.8755,0.0449,0.8805,Post Event
1545,36,33,128,2020-07-10 17:18:09,34.57,Low,Seasonal,0.5885,0.4756,0.5043,0.4544,0.8913,Routine
1546,438,41,161,2018-06-09 19:24:41,67.69,Extreme,Earthquake Triggered,0.6292,0.0665,0.1401,0.6719,0.6186,Manual
1547,228,36,84,2020-12-22 04:34:03,37.8,Extreme,Seasonal,0.1152,0.0358,0.9739,0.3764,0.9602,Alert Triggered
1548,352,17,139,2022-01-21 07:00:13,86.28,Extreme,Rainfall Driven,0.2496,0.4454,0.7946,0.7779,0.2873,Manual
1549,345,12,113,2023-03-01 21:42:04,4.31,Medium,Seasonal,0.9781,0.7235,0.3221,0.2045,0.3831,Alert Triggered
1550,17,21,74,2024-07-12 21:01:21,64.84,Low,Earthquake Triggered,0.3654,0.0527,0.7346,0.5272,0.1454,Alert Triggered
1551,32,43,98,2022-05-22 13:27:31,51.58,Medium,Rainfall Driven,0.0333,0.7216,0.1965,0.2715,0.7334,Routine
1552,400,48,93,2019-08-04 10:23:42,34.47,High,Rainfall Driven,0.0584,0.5471,0.3856,0.8586,0.4055,Routine
1553,157,27,176,2022-08-24 13:16:11,40.13,High,Earthquake Triggered,0.8177,0.6613,0.5066,0.1364,0.0859,Manual
1554,481,6,110,2020-05-20 11:49:28,3.58,Low,Anthropogenic,0.9964,0.6777,0.9911,0.8266,0.3579,Post Event
1555,400,48,93,2020-01-10 01:06:57,2.83,Extreme,Anthropogenic,0.2138,0.4584,0.8269,0.3152,0.4293,Post Event
1556,174,33,3,2023-02-27 10:14:19,13.41,Low,Rainfall Driven,0.726,0.572,0.4147,0.0472,0.7691,Routine
1557,231,52,77,2022-06-30 18:09:01,76.06,High,Anthropogenic,0.1718,0.122,0.1145,0.3215,0.8673,Post Event
1558,197,62,11,2020-05-18 05:51:03,54.42,High,Rainfall Driven,0.2281,0.5817,0.0032,0.6624,0.1509,Alert Triggered
1559,101,61,146,2019-05-05 08:27:29,66.61,Medium,Anthropogenic,0.7806,0.7862,0.9921,0.3622,0.0016,Post Event
1560,208,34,44,2023-05-28 06:26:46,80.05,Extreme,Anthropogenic,0.9327,0.6603,0.6093,0.0106,0.8235,Routine
1561,219,16,41,2024-07-13 15:33:30,50.34,High,Rainfall Driven,0.7359,0.7604,0.093,0.8493,0.0086,Routine
1562,499,9,137,2021-08-30 09:48:05,12.98,Extreme,Earthquake Triggered,0.8119,0.0382,0.3816,0.719,0.7685,Post Event
1563,92,15,20,2023-08-26 06:13:58,76.69,High,Earthquake Triggered,0.569,0.0893,0.5318,0.3127,0.4873,Manual
1564,414,36,133,2023-12-16 03:48:10,18.57,Medium,Rainfall Driven,0.669,0.0926,0.009,0.3003,0.165,Routine
1565,60,36,110,2022-07-26 11:32:04,35.46,High,Anthropogenic,0.8415,0.7088,0.1178,0.9189,0.5278,Alert Triggered
1566,222,50,164,2022-02-11 13:14:49,20.94,Medium,Earthquake Triggered,0.9149,0.4722,0.2546,0.328,0.1891,Post Event
1567,495,40,176,2022-10-10 02:12:01,15.32,Medium,Seasonal,0.7948,0.4285,0.5294,0.7165,0.9307,Routine
1568,445,22,49,2023-05-02 09:42:01,98.48,Low,Seasonal,0.1591,0.7332,0.7887,0.6358,0.352,Post Event
1569,488,17,178,2019-05-07 20:21:15,81.63,Medium,Earthquake Triggered,0.3842,0.3034,0.915,0.1158,0.834,Routine
1570,209,48,163,2020-06-23 13:57:47,33.53,Extreme,Rainfall Driven,0.8542,0.1848,0.9447,0.3657,0.1976,Routine
1571,212,16,133,2019-01-20 22:12:02,22.02,Extreme,Earthquake Triggered,0.7271,0.0573,0.0493,0.1949,0.948,Post Event
1572,99,18,47,2022-10-10 17:32:32,61.36,High,Anthropogenic,0.4983,0.2541,0.9661,0.5011,0.9267,Routine
1573,244,42,145,2023-06-11 13:13:18,83.13,High,Earthquake Triggered,0.2422,0.0915,0.1653,0.9318,0.4898,Alert Triggered
1574,210,17,40,2024-06-02 16:18:32,57.53,Extreme,Anthropogenic,0.2756,0.9817,0.9734,0.0297,0.0834,Manual
1575,172,39,21,2019-01-04 10:41:19,56.5,Extreme,Rainfall Driven,0.9321,0.5311,0.7629,0.0785,0.8772,Manual
1576,192,15,156,2018-05-19 02:00:08,46.1,Medium,Earthquake Triggered,0.1427,0.2897,0.6622,0.0482,0.0399,Post Event
1577,112,20,102,2021-02-07 18:40:14,84.29,Medium,Rainfall Driven,0.9567,0.27,0.0153,0.7437,0.5091,Post Event
1578,181,10,150,2020-09-30 10:31:09,5.99,High,Earthquake Triggered,0.9175,0.8457,0.2727,0.7399,0.6989,Routine
1579,367,29,105,2020-05-02 13:55:20,31.9,Medium,Anthropogenic,0.3972,0.657,0.1666,0.1694,0.0314,Alert Triggered
1580,280,10,74,2019-06-15 04:42:54,45.03,Low,Anthropogenic,0.0771,0.5596,0.2271,0.7913,0.4185,Alert Triggered
1581,438,41,161,2022-01-08 08:08:59,69.85,Low,Anthropogenic,0.0113,0.0682,0.2163,0.3547,0.9054,Routine
1582,176,21,27,2024-02-29 19:34:32,31.16,Medium,Anthropogenic,0.654,0.8161,0.9597,0.8105,0.0172,Manual
1583,187,36,143,2019-07-16 09:57:47,50.72,Extreme,Seasonal,0.8319,0.8509,0.0799,0.9283,0.2333,Post Event
1584,329,8,79,2018-08-23 09:26:56,49.46,High,Earthquake Triggered,0.7842,0.4704,0.4491,0.1355,0.8661,Alert Triggered
1585,386,9,55,2022-10-29 20:22:40,81.01,High,Anthropogenic,0.4893,0.7501,0.0506,0.585,0.2818,Routine
1586,242,17,100,2020-09-19 02:58:04,21.56,Low,Earthquake Triggered,0.8172,0.2046,0.9131,0.1872,0.9898,Manual
1587,337,59,92,2019-04-19 23:29:25,82.29,Extreme,Rainfall Driven,0.6193,0.7343,0.0793,0.7335,0.9486,Routine
1588,434,13,169,2020-09-16 12:17:04,90.29,Medium,Rainfall Driven,0.9791,0.3363,0.1961,0.2502,0.0646,Post Event
1589,450,35,97,2024-11-27 06:49:13,46.91,High,Seasonal,0.4301,0.062,0.4205,0.6297,0.5716,Post Event
1590,330,35,115,2018-01-12 10:50:51,66.17,Low,Seasonal,0.8869,0.8879,0.7012,0.2846,0.1064,Manual
1591,410,11,6,2024-04-12 13:24:41,0.35,Medium,Anthropogenic,0.3155,0.3143,0.8903,0.7181,0.7291,Manual
1592,420,62,159,2019-12-28 19:32:22,69.4,Medium,Anthropogenic,0.2036,0.7681,0.1861,0.5071,0.3258,Manual
1593,467,57,161,2024-11-19 06:06:15,3.09,Medium,Anthropogenic,0.0413,0.652,0.6591,0.9296,0.209,Alert Triggered
1594,90,62,16,2023-06-26 09:40:25,61.04,High,Seasonal,0.3284,0.5418,0.1731,0.9421,0.0508,Routine
1595,416,37,75,2024-09-21 11:24:50,61.17,Low,Anthropogenic,0.9041,0.8217,0.9624,0.2464,0.8322,Post Event
1596,237,13,176,2019-07-09 04:24:33,23.64,Medium,Rainfall Driven,0.1284,0.1086,0.1417,0.4164,0.297,Manual
1597,173,36,67,2022-01-08 19:33:03,3.75,Medium,Anthropogenic,0.3376,0.7608,0.4701,0.3284,0.6354,Routine
1598,62,43,126,2022-01-27 08:34:48,3.36,High,Rainfall Driven,0.0126,0.8037,0.6319,0.6784,0.9222,Routine
1599,88,36,117,2021-05-20 15:36:19,96.8,Extreme,Rainfall Driven,0.789,0.2962,0.0746,0.6627,0.3047,Post Event
1600,452,34,119,2024-04-25 04:53:06,21.89,Low,Earthquake Triggered,0.0006,0.9647,0.3217,0.4238,0.973,Post Event
1601,430,62,154,2019-12-07 02:34:54,19.16,Low,Rainfall Driven,0.7767,0.008,0.5161,0.9986,0.9256,Alert Triggered
1602,477,40,195,2019-11-29 17:15:09,2.44,Extreme,Seasonal,0.9369,0.4421,0.8203,0.3278,0.3779,Alert Triggered
1603,481,6,110,2020-07-27 01:17:05,46.34,High,Anthropogenic,0.9202,0.268,0.4305,0.2784,0.1918,Alert Triggered
1604,118,39,175,2019-02-09 02:24:53,86.69,Extreme,Earthquake Triggered,0.406,0.6873,0.8838,0.3991,0.4035,Post Event
1605,2,16,176,2022-12-21 16:40:37,23.92,Extreme,Rainfall Driven,0.2403,0.9293,0.0114,0.5517,0.1021,Alert Triggered
1606,161,24,76,2020-04-16 12:45:16,7.29,Medium,Anthropogenic,0.5996,0.922,0.9788,0.2653,0.624,Routine
1607,76,7,81,2020-04-24 15:55:38,59.05,Low,Rainfall Driven,0.0382,0.249,0.4378,0.64,0.881,Post Event
1608,119,18,126,2022-07-06 18:51:49,36.55,Low,Anthropogenic,0.3707,0.2767,0.9188,0.86,0.5382,Alert Triggered
1609,465,39,64,2020-11-06 01:08:06,49.84,Low,Anthropogenic,0.5652,0.666,0.9233,0.1159,0.0434,Post Event
1610,253,56,38,2020-07-01 21:46:11,27.26,High,Seasonal,0.427,0.3326,0.7122,0.1971,0.2582,Post Event
1611,334,48,119,2022-07-08 04:57:58,80.93,Medium,Seasonal,0.3597,0.3876,0.276,0.2173,0.7086,Post Event
1612,351,12,98,2024-04-28 14:36:10,97.04,Medium,Anthropogenic,0.6861,0.1431,0.6125,0.5271,0.9096,Manual
1613,355,23,190,2020-06-19 09:41:15,26.53,Medium,Rainfall Driven,0.0391,0.6603,0.8203,0.1082,0.0153,Routine
1614,358,52,196,2021-01-09 08:11:23,91.19,Extreme,Seasonal,0.8848,0.4034,0.3607,0.1456,0.6005,Post Event
1615,435,55,174,2019-02-14 12:29:37,86.58,High,Earthquake Triggered,0.1613,0.8301,0.5543,0.9729,0.5471,Post Event
1616,215,22,21,2019-02-22 20:30:12,69.23,High,Earthquake Triggered,0.6646,0.3992,0.7797,0.8273,0.5735,Manual
1617,169,36,19,2018-10-15 00:10:03,4.66,Extreme,Rainfall Driven,0.3726,0.2206,0.3412,0.834,0.5199,Alert Triggered
1618,324,43,179,2020-11-09 23:47:16,9.37,Low,Earthquake Triggered,0.4508,0.7986,0.2313,0.4449,0.3367,Alert Triggered
1619,227,37,92,2021-02-12 22:47:31,0.85,Low,Seasonal,0.6381,0.6103,0.0768,0.4966,0.4984,Manual
1620,41,34,39,2019-04-20 03:01:59,78.63,Extreme,Rainfall Driven,0.5209,0.3408,0.9718,0.8631,0.2541,Alert Triggered
1621,490,11,46,2024-02-28 23:22:40,3.09,High,Earthquake Triggered,0.3456,0.0114,0.9712,0.9799,0.6061,Post Event
1622,28,54,1,2023-12-08 18:09:22,55.5,High,Seasonal,0.9752,0.3443,0.5136,0.7372,0.6704,Alert Triggered
1623,500,17,30,2018-09-02 05:04:23,56.33,Medium,Rainfall Driven,0.3162,0.3883,0.5149,0.7058,0.889,Alert Triggered
1624,183,43,34,2023-09-26 07:09:15,30.15,Extreme,Anthropogenic,0.5095,0.3774,0.2381,0.377,0.3917,Post Event
1625,373,44,152,2023-06-01 21:31:30,99.32,Extreme,Earthquake Triggered,0.3144,0.5516,0.739,0.1108,0.0273,Manual
1626,188,26,87,2024-06-29 08:56:50,5.11,High,Rainfall Driven,0.9008,0.2076,0.8879,0.1703,0.9958,Routine
1627,112,20,102,2021-08-06 05:39:54,51.24,Medium,Anthropogenic,0.1005,0.0301,0.7531,0.8246,0.4766,Manual
1628,343,43,90,2020-05-26 08:22:08,3.67,Medium,Seasonal,0.5763,0.7371,0.9358,0.734,0.1908,Post Event
1629,191,18,200,2024-02-09 13:03:21,29.75,Medium,Anthropogenic,0.4996,0.3481,0.6662,0.0493,0.2827,Alert Triggered
1630,481,6,110,2022-09-01 19:40:56,21.13,Medium,Earthquake Triggered,0.3878,0.6318,0.4838,0.6549,0.505,Alert Triggered
1631,282,32,188,2019-09-09 22:04:06,84.67,Extreme,Rainfall Driven,0.8318,0.7042,0.1937,0.4054,0.6033,Post Event
1632,30,26,113,2019-04-18 21:48:04,3.43,Medium,Seasonal,0.3185,0.1518,0.5158,0.4345,0.7375,Routine
1633,172,39,21,2018-11-14 23:30:00,67.32,Medium,Anthropogenic,0.7213,0.981,0.1516,0.0873,0.9566,Alert Triggered
1634,500,17,30,2023-01-30 10:54:04,36.15,Low,Seasonal,0.4255,0.605,0.4896,0.3852,0.5939,Manual
1635,36,33,128,2020-08-21 15:08:34,72.96,High,Anthropogenic,0.6601,0.0201,0.6644,0.6508,0.5664,Alert Triggered
1636,407,21,103,2019-11-03 22:58:01,24.72,Medium,Rainfall Driven,0.8773,0.7874,0.0059,0.7749,0.4391,Post Event
1637,78,21,36,2022-08-21 10:57:56,75.3,Low,Anthropogenic,0.4909,0.3397,0.8464,0.265,0.0801,Post Event
1638,367,29,105,2020-07-10 14:16:44,13.08,Medium,Anthropogenic,0.7458,0.7355,0.6701,0.5032,0.2658,Routine
1639,317,51,95,2020-02-10 17:15:11,79.0,High,Rainfall Driven,0.1296,0.0105,0.8859,0.0335,0.5784,Routine
1640,355,23,190,2022-12-21 04:44:48,68.56,High,Anthropogenic,0.5584,0.0282,0.5677,0.0338,0.8487,Manual
1641,272,61,58,2022-03-22 10:20:40,11.79,Low,Seasonal,0.7188,0.8603,0.2975,0.5248,0.1723,Alert Triggered
1642,432,24,50,2020-06-24 18:07:07,19.53,Medium,Rainfall Driven,0.0164,0.1925,0.5819,0.1786,0.7307,Routine
1643,450,35,97,2018-12-21 07:58:31,28.83,Low,Rainfall Driven,0.6384,0.9841,0.642,0.2192,0.6508,Alert Triggered
1644,350,18,38,2020-10-24 22:28:04,85.32,High,Seasonal,0.6304,0.1611,0.1604,0.1327,0.7865,Post Event
1645,385,6,118,2019-10-24 12:02:19,1.7,High,Seasonal,0.5992,0.2337,0.407,0.6206,0.5237,Manual
1646,154,46,167,2023-12-27 11:20:40,40.14,Low,Seasonal,0.2311,0.7184,0.0451,0.7261,0.7782,Manual
1647,356,42,80,2021-07-01 23:25:50,72.66,Low,Anthropogenic,0.188,0.2331,0.7086,0.7061,0.7268,Post Event
1648,155,34,28,2024-04-05 07:04:52,72.66,Medium,Earthquake Triggered,0.3731,0.7209,0.1341,0.442,0.5815,Alert Triggered
1649,210,17,40,2024-11-09 14:05:09,8.95,Low,Rainfall Driven,0.3468,0.7726,0.1015,0.8957,0.133,Routine
1650,236,28,94,2021-05-05 07:21:54,26.65,Low,Earthquake Triggered,0.4585,0.8849,0.5238,0.5339,0.7486,Post Event
1651,214,18,33,2019-05-17 12:08:13,76.22,Low,Seasonal,0.2048,0.1496,0.1727,0.1018,0.5487,Manual
1652,176,21,27,2024-07-05 02:48:17,18.31,Medium,Anthropogenic,0.9839,0.9266,0.3643,0.9245,0.2228,Routine
1653,168,14,106,2024-05-02 17:51:03,44.5,Low,Rainfall Driven,0.1655,0.5928,0.3536,0.6303,0.4971,Alert Triggered
1654,495,40,176,2024-03-30 13:52:37,68.54,Medium,Earthquake Triggered,0.5444,0.6226,0.0418,0.1881,0.7886,Routine
1655,92,15,20,2019-12-14 04:26:21,90.95,Medium,Anthropogenic,0.331,0.7104,0.2201,0.8659,0.9902,Alert Triggered
1656,191,18,200,2018-09-26 13:21:10,61.67,Low,Seasonal,0.1773,0.6214,0.4463,0.2316,0.835,Manual
1657,472,50,52,2019-05-10 01:24:49,79.29,High,Seasonal,0.7826,0.6418,0.9891,0.0742,0.7663,Alert Triggered
1658,330,35,115,2022-10-06 22:14:18,47.38,High,Anthropogenic,0.3044,0.354,0.5977,0.4156,0.4739,Manual
1659,40,32,5,2024-05-16 14:54:04,18.91,Medium,Anthropogenic,0.1393,0.9378,0.3312,0.1059,0.0951,Routine
1660,454,19,114,2021-09-30 05:17:46,36.1,Extreme,Seasonal,0.9727,0.6287,0.9809,0.6206,0.1124,Post Event
1661,348,34,169,2022-11-23 18:55:03,61.37,High,Anthropogenic,0.0699,0.9086,0.1026,0.3125,0.8601,Post Event
1662,33,36,106,2020-08-30 21:44:27,15.52,Extreme,Seasonal,0.9678,0.1811,0.9378,0.5378,0.3703,Manual
1663,241,16,136,2020-10-02 09:03:09,78.66,Medium,Rainfall Driven,0.8109,0.0261,0.8628,0.0323,0.7238,Routine
1664,307,27,2,2020-01-06 02:12:49,63.35,Extreme,Rainfall Driven,0.7091,0.421,0.9172,0.3782,0.4287,Alert Triggered
1665,54,13,152,2023-08-24 02:37:47,72.65,Low,Anthropogenic,0.1278,0.7057,0.4317,0.2653,0.1463,Post Event
1666,269,36,132,2018-05-21 14:40:30,64.95,Medium,Rainfall Driven,0.8093,0.7751,0.1975,0.6979,0.7726,Routine
1667,462,13,18,2021-01-28 17:34:51,79.99,High,Rainfall Driven,0.2215,0.5762,0.9983,0.8271,0.5691,Routine
1668,221,23,83,2024-07-11 05:19:42,77.16,Medium,Anthropogenic,0.25,0.1886,0.8131,0.3007,0.4485,Post Event
1669,26,28,89,2021-01-13 14:44:15,78.85,High,Anthropogenic,0.9636,0.0214,0.3563,0.2558,0.1484,Manual
1670,229,62,102,2019-01-07 19:01:09,80.79,Low,Seasonal,0.0825,0.4031,0.3053,0.166,0.935,Routine
1671,307,27,2,2020-07-04 16:59:58,13.82,Medium,Seasonal,0.6766,0.6291,0.1659,0.2919,0.4988,Alert Triggered
1672,497,32,23,2024-03-30 07:24:14,16.25,Extreme,Anthropogenic,0.6133,0.4735,0.7422,0.6455,0.6386,Routine
1673,291,54,18,2021-11-20 07:08:42,76.94,High,Anthropogenic,0.8671,0.4737,0.8886,0.4293,0.7319,Post Event
1674,451,41,72,2018-08-30 04:37:28,9.57,Medium,Seasonal,0.2464,0.9463,0.3721,0.8778,0.2246,Post Event
1675,95,4,200,2021-07-03 15:52:14,55.21,High,Anthropogenic,0.539,0.7141,0.9962,0.6556,0.6997,Manual
1676,415,9,181,2021-01-27 02:02:27,88.59,Extreme,Earthquake Triggered,0.5716,0.7837,0.82,0.3066,0.6434,Manual
1677,73,29,117,2019-03-04 13:34:16,49.15,Medium,Anthropogenic,0.9857,0.7582,0.4801,0.0514,0.547,Routine
1678,409,6,10,2021-08-03 07:22:10,17.1,Medium,Anthropogenic,0.502,0.3051,0.2084,0.3379,0.9248,Routine
1679,388,43,25,2022-07-18 09:15:37,6.48,Extreme,Seasonal,0.2319,0.1842,0.7838,0.9419,0.9834,Post Event
1680,48,10,190,2018-12-24 21:40:25,86.54,High,Anthropogenic,0.5771,0.7946,0.6138,0.0588,0.2733,Alert Triggered
1681,32,43,98,2021-08-09 15:17:56,30.35,Low,Rainfall Driven,0.1727,0.9844,0.5289,0.8475,0.268,Post Event
1682,389,28,24,2020-02-23 09:44:18,91.73,Extreme,Seasonal,0.2819,0.3891,0.7897,0.7199,0.7728,Manual
1683,150,17,157,2018-09-17 23:07:48,30.55,Medium,Earthquake Triggered,0.7325,0.8879,0.0467,0.4289,0.427,Post Event
1684,201,13,38,2023-02-23 07:50:00,9.52,Extreme,Anthropogenic,0.4608,0.9438,0.352,0.983,0.4394,Post Event
1685,58,19,107,2024-09-04 17:45:14,28.61,Extreme,Seasonal,0.9131,0.5884,0.6769,0.6538,0.365,Routine
1686,93,29,79,2023-10-07 13:11:35,79.39,Extreme,Anthropogenic,0.7034,0.3039,0.2693,0.4337,0.1246,Routine
1687,182,2,52,2022-05-02 22:41:39,13.27,Extreme,Seasonal,0.1565,0.9644,0.6451,0.3977,0.4586,Post Event
1688,356,42,80,2019-01-16 11:32:56,52.82,Medium,Anthropogenic,0.9839,0.6676,0.3536,0.6344,0.9182,Manual
1689,440,51,33,2019-09-30 22:07:14,97.77,Low,Earthquake Triggered,0.3301,0.0902,0.8963,0.7128,0.4082,Alert Triggered
1690,194,8,67,2021-09-24 00:51:06,95.47,Medium,Rainfall Driven,0.0958,0.6651,0.435,0.6308,0.4746,Manual
1691,146,5,193,2020-09-26 23:08:44,39.45,Extreme,Rainfall Driven,0.4659,0.1213,0.7565,0.8622,0.8372,Alert Triggered
1692,87,37,96,2020-06-07 15:50:50,36.51,High,Seasonal,0.3545,0.9857,0.7256,0.6141,0.5588,Alert Triggered
1693,208,34,44,2021-08-25 05:33:29,87.69,High,Seasonal,0.1578,0.836,0.4936,0.3623,0.3683,Alert Triggered
1694,357,2,179,2019-02-16 17:42:32,35.86,Extreme,Rainfall Driven,0.5411,0.784,0.0115,0.9186,0.5604,Post Event
1695,156,3,92,2018-12-16 11:31:57,97.93,Low,Earthquake Triggered,0.5435,0.9253,0.4057,0.8149,0.4693,Manual
1696,499,9,137,2023-10-23 18:39:08,59.21,High,Seasonal,0.6778,0.2323,0.7905,0.3962,0.7263,Post Event
1697,54,13,152,2024-09-22 13:34:36,36.26,Extreme,Seasonal,0.2134,0.4351,0.9299,0.1208,0.0427,Routine
1698,426,27,115,2023-10-25 21:22:07,15.09,High,Anthropogenic,0.9416,0.7721,0.6235,0.5956,0.8091,Alert Triggered
1699,184,38,190,2024-05-13 07:40:02,41.12,Extreme,Anthropogenic,0.5717,0.2243,0.2414,0.0786,0.7842,Post Event
1700,237,13,176,2023-09-18 13:02:41,20.91,Low,Rainfall Driven,0.9593,0.9805,0.4693,0.5129,0.3833,Routine
1701,109,47,20,2021-09-17 12:47:23,25.32,Medium,Rainfall Driven,0.4714,0.4573,0.5547,0.7129,0.7174,Alert Triggered
1702,354,36,41,2021-06-14 14:15:20,74.8,Medium,Anthropogenic,0.7575,0.6514,0.6024,0.658,0.9895,Alert Triggered
1703,351,12,98,2020-10-26 09:34:24,49.77,Extreme,Seasonal,0.2858,0.4925,0.204,0.9959,0.5338,Manual
1704,499,9,137,2022-09-27 08:28:10,59.39,Extreme,Seasonal,0.6942,0.026,0.2896,0.9782,0.7824,Alert Triggered
1705,481,6,110,2019-01-20 10:29:23,76.6,High,Seasonal,0.3545,0.7218,0.7394,0.5335,0.448,Routine
1706,390,28,21,2019-01-12 06:05:51,47.82,Low,Anthropogenic,0.9235,0.117,0.7323,0.4429,0.2216,Post Event
1707,64,11,126,2020-08-20 23:55:02,62.0,Low,Seasonal,0.6624,0.4269,0.0544,0.0596,0.0152,Manual
1708,410,11,6,2021-07-04 04:28:17,43.02,Low,Rainfall Driven,0.1821,0.2835,0.6998,0.7116,0.0126,Post Event
1709,363,8,39,2023-05-13 15:12:28,94.49,High,Seasonal,0.867,0.3089,0.7135,0.3838,0.3453,Post Event
1710,117,50,26,2022-05-31 06:17:59,6.88,Low,Earthquake Triggered,0.8667,0.6908,0.7033,0.7501,0.7119,Routine
1711,117,50,26,2021-03-06 16:06:23,67.35,Medium,Anthropogenic,0.5767,0.3985,0.4497,0.172,0.0057,Alert Triggered
1712,262,52,10,2020-08-11 10:52:40,61.18,High,Rainfall Driven,0.9092,0.2233,0.0579,0.851,0.8295,Post Event
1713,368,31,184,2022-02-18 21:19:41,13.43,Low,Seasonal,0.7664,0.2489,0.729,0.6049,0.0049,Routine
1714,210,17,40,2019-02-15 05:15:32,90.88,Low,Seasonal,0.7763,0.4257,0.271,0.3118,0.3283,Routine
1715,40,32,5,2019-07-05 15:37:48,30.69,High,Anthropogenic,0.551,0.9735,0.627,0.9898,0.3392,Post Event
1716,29,60,186,2020-02-17 01:16:46,2.44,Low,Earthquake Triggered,0.7806,0.415,0.0257,0.6753,0.7567,Alert Triggered
1717,389,28,24,2019-08-16 17:22:31,57.31,High,Seasonal,0.9152,0.7928,0.6651,0.3023,0.0639,Post Event
1718,288,37,188,2021-09-13 13:51:16,3.45,Low,Rainfall Driven,0.9154,0.4746,0.7275,0.7796,0.3406,Post Event
1719,19,30,70,2020-01-26 11:11:13,17.82,High,Anthropogenic,0.3034,0.6747,0.6724,0.4828,0.8261,Alert Triggered
1720,177,17,97,2024-01-07 16:34:14,94.28,Extreme,Anthropogenic,0.1772,0.8006,0.2269,0.8765,0.3292,Manual
1721,492,16,123,2021-11-26 17:27:37,53.13,Low,Earthquake Triggered,0.0762,0.1438,0.616,0.3657,0.1134,Manual
1722,331,24,4,2021-08-02 10:20:52,59.91,High,Seasonal,0.1163,0.5092,0.5154,0.9741,0.6398,Alert Triggered
1723,455,18,98,2019-09-10 04:43:50,60.73,Low,Seasonal,0.0731,0.5983,0.235,0.6641,0.1304,Manual
1724,318,57,86,2024-10-30 14:14:50,64.47,Extreme,Seasonal,0.3778,0.073,0.6221,0.2615,0.4753,Post Event
1725,403,60,113,2024-09-20 04:25:23,80.38,Extreme,Seasonal,0.6137,0.2552,0.0997,0.3818,0.6246,Alert Triggered
1726,384,16,197,2018-09-08 08:31:36,40.01,High,Rainfall Driven,0.8875,0.2219,0.7331,0.1837,0.5435,Routine
1727,480,56,126,2018-09-02 23:51:24,37.9,High,Earthquake Triggered,0.7566,0.3408,0.9487,0.4118,0.0508,Manual
1728,353,3,46,2022-01-09 11:23:07,20.6,Low,Rainfall Driven,0.5542,0.8149,0.7128,0.9376,0.6897,Post Event
1729,277,10,116,2021-09-01 18:52:22,45.96,Low,Rainfall Driven,0.816,0.1192,0.256,0.709,0.4267,Alert Triggered
1730,70,32,37,2023-08-13 15:16:52,37.26,Extreme,Rainfall Driven,0.7932,0.4398,0.7803,0.325,0.8419,Routine
1731,175,3,57,2019-08-06 16:24:01,48.93,Low,Anthropogenic,0.6446,0.6789,0.2394,0.032,0.9931,Manual
1732,125,58,97,2021-01-31 14:46:38,38.67,Medium,Earthquake Triggered,0.4519,0.7168,0.0302,0.8502,0.5006,Routine
1733,183,43,34,2018-05-25 00:00:09,7.25,Medium,Seasonal,0.7581,0.6219,0.6176,0.6062,0.4058,Post Event
1734,27,58,98,2019-05-20 06:19:38,97.65,High,Rainfall Driven,0.0461,0.6903,0.0209,0.6907,0.3314,Manual
1735,368,31,184,2022-08-31 18:40:39,10.06,High,Seasonal,0.406,0.7096,0.001,0.8637,0.9647,Post Event
1736,312,23,70,2018-08-11 13:47:03,79.69,Low,Anthropogenic,0.7542,0.6677,0.602,0.3262,0.9318,Manual
1737,13,31,50,2018-05-16 15:13:47,20.24,Extreme,Earthquake Triggered,0.9402,0.2606,0.4291,0.006,0.2679,Manual
1738,81,61,102,2018-10-11 22:44:04,68.59,Extreme,Seasonal,0.5235,0.4223,0.5494,0.6275,0.9804,Alert Triggered
1739,414,36,133,2020-12-17 15:39:11,67.57,Extreme,Seasonal,0.2385,0.6609,0.285,0.0272,0.943,Routine
1740,388,43,25,2020-03-15 07:56:54,45.87,High,Seasonal,0.0217,0.328,0.0325,0.623,0.8811,Alert Triggered
1741,371,53,42,2023-12-11 16:00:36,99.57,Extreme,Anthropogenic,0.4982,0.4566,0.7606,0.7129,0.3629,Alert Triggered
1742,423,20,105,2020-10-25 19:22:41,57.92,Extreme,Anthropogenic,0.0977,0.2361,0.5672,0.0775,0.323,Post Event
1743,343,43,90,2023-09-02 16:45:38,68.79,Low,Anthropogenic,0.2659,0.9431,0.9521,0.4408,0.4437,Routine
1744,209,48,163,2019-12-04 20:15:13,20.19,Extreme,Seasonal,0.3269,0.8793,0.8056,0.9368,0.7037,Post Event
1745,294,22,16,2023-04-23 11:20:05,42.41,High,Anthropogenic,0.8408,0.7432,0.5731,0.2052,0.8608,Post Event
1746,236,28,94,2018-09-08 11:58:27,6.27,Medium,Seasonal,0.3078,0.7006,0.6859,0.3093,0.4766,Post Event
1747,152,25,169,2018-06-01 08:26:57,23.09,Medium,Earthquake Triggered,0.6083,0.62,0.4692,0.3319,0.2243,Manual
1748,74,43,167,2018-12-01 09:39:30,0.14,Low,Rainfall Driven,0.2842,0.9307,0.118,0.7629,0.5136,Post Event
1749,476,22,45,2021-10-05 14:20:35,39.87,Medium,Anthropogenic,0.4389,0.5015,0.3049,0.1552,0.5389,Post Event
1750,472,50,52,2021-03-13 00:47:04,7.3,Medium,Seasonal,0.7031,0.5939,0.9371,0.9468,0.2641,Post Event
1751,476,22,45,2021-11-15 15:50:08,15.5,Low,Seasonal,0.1839,0.8083,0.0449,0.1256,0.2945,Post Event
1752,329,8,79,2020-03-04 21:34:19,42.65,Low,Earthquake Triggered,0.9477,0.6672,0.822,0.8723,0.9781,Routine
1753,364,17,72,2019-04-28 06:54:46,2.49,Medium,Earthquake Triggered,0.9283,0.2616,0.4491,0.3366,0.3471,Manual
1754,440,51,33,2019-04-27 10:33:39,16.92,Low,Seasonal,0.1724,0.8852,0.4718,0.7831,0.0133,Alert Triggered
1755,150,17,157,2021-11-30 05:14:36,84.36,Extreme,Earthquake Triggered,0.2771,0.6731,0.9236,0.48,0.0723,Routine
1756,118,39,175,2021-02-19 16:18:41,67.75,Low,Anthropogenic,0.2749,0.032,0.1049,0.191,0.9815,Manual
1757,292,43,56,2019-08-01 10:34:57,37.85,Extreme,Seasonal,0.3566,0.1075,0.3168,0.0515,0.0283,Alert Triggered
1758,61,28,100,2021-02-07 02:34:19,50.39,Extreme,Rainfall Driven,0.989,0.1084,0.3583,0.9008,0.7684,Routine
1759,52,54,159,2021-09-02 21:54:33,40.97,Low,Rainfall Driven,0.8798,0.0938,0.3719,0.7489,0.076,Post Event
1760,326,3,82,2023-02-10 16:54:51,48.48,High,Anthropogenic,0.1682,0.0235,0.6313,0.2461,0.3884,Post Event
1761,234,19,101,2021-04-26 18:58:03,73.23,High,Seasonal,0.4652,0.7357,0.7257,0.6893,0.9285,Routine
1762,498,11,193,2022-03-13 15:59:17,27.66,Extreme,Anthropogenic,0.8769,0.3313,0.2602,0.1376,0.2228,Routine
1763,396,28,6,2018-09-14 12:45:49,30.83,Low,Rainfall Driven,0.5543,0.7882,0.5607,0.0224,0.5685,Post Event
1764,206,9,187,2024-05-17 03:19:06,8.51,Low,Rainfall Driven,0.3794,0.0653,0.4579,0.0253,0.8244,Routine
1765,449,51,29,2018-08-04 12:39:44,80.92,High,Earthquake Triggered,0.8577,0.0,0.2605,0.2553,0.0233,Manual
1766,152,25,169,2023-08-26 06:46:30,20.09,High,Anthropogenic,0.8446,0.9237,0.1863,0.9787,0.1394,Alert Triggered
1767,381,58,43,2022-06-25 11:20:33,40.68,High,Earthquake Triggered,0.5201,0.5532,0.5183,0.9985,0.8279,Routine
1768,34,25,173,2020-02-28 01:27:27,57.13,Medium,Seasonal,0.6292,0.6611,0.0167,0.555,0.7763,Manual
1769,276,62,104,2021-03-17 22:37:09,76.96,Medium,Earthquake Triggered,0.7471,0.749,0.4589,0.9887,0.4516,Routine
1770,70,32,37,2022-03-01 09:55:28,9.52,Low,Rainfall Driven,0.477,0.3566,0.5609,0.6356,0.9918,Manual
1771,68,40,36,2020-02-16 13:56:56,8.83,Extreme,Seasonal,0.0391,0.6773,0.0511,0.5958,0.2715,Manual
1772,283,10,187,2019-11-16 15:00:59,74.72,Medium,Seasonal,0.8139,0.585,0.1655,0.8048,0.3302,Routine
1773,85,33,93,2020-02-04 04:26:43,39.16,High,Earthquake Triggered,0.5685,0.9302,0.1014,0.9616,0.293,Alert Triggered
1774,280,10,74,2022-11-10 11:24:10,17.78,Extreme,Earthquake Triggered,0.3213,0.556,0.6836,0.8167,0.3046,Routine
1775,177,17,97,2021-09-26 01:14:55,16.17,Medium,Anthropogenic,0.3094,0.6815,0.5038,0.2871,0.4912,Post Event
1776,77,47,55,2021-02-19 23:46:42,27.23,Medium,Anthropogenic,0.2868,0.5278,0.5032,0.032,0.8301,Routine
1777,385,6,118,2022-05-12 22:22:15,96.44,Medium,Rainfall Driven,0.6512,0.4683,0.217,0.4314,0.4848,Manual
1778,133,25,2,2024-07-21 04:39:30,52.69,Extreme,Anthropogenic,0.6916,0.6457,0.2095,0.7374,0.7012,Routine
1779,466,40,45,2023-06-13 07:19:24,37.95,Medium,Earthquake Triggered,0.5454,0.249,0.2003,0.1408,0.6943,Post Event
1780,72,18,83,2021-07-15 04:42:23,22.67,Low,Seasonal,0.1042,0.0333,0.8911,0.8708,0.2068,Post Event
1781,59,29,185,2018-05-10 09:45:41,38.04,Medium,Seasonal,0.9415,0.8477,0.9967,0.8191,0.6289,Routine
1782,311,5,121,2022-06-11 06:43:43,88.44,Medium,Earthquake Triggered,0.7646,0.0011,0.5466,0.9092,0.7302,Post Event
1783,470,7,46,2019-11-17 05:25:18,55.41,Extreme,Anthropogenic,0.732,0.1034,0.0753,0.7331,0.3466,Routine
1784,71,21,149,2023-10-03 15:18:38,37.71,High,Earthquake Triggered,0.9532,0.8639,0.6542,0.2499,0.5335,Alert Triggered
1785,411,33,91,2020-01-12 00:34:08,36.3,High,Rainfall Driven,0.6432,0.8724,0.4143,0.1701,0.2534,Post Event
1786,146,5,193,2023-01-12 05:19:35,75.05,Extreme,Earthquake Triggered,0.5319,0.9996,0.9523,0.6997,0.5034,Routine
1787,288,37,188,2018-04-06 19:00:03,93.25,Extreme,Anthropogenic,0.0559,0.1261,0.8268,0.5598,0.14,Alert Triggered
1788,177,17,97,2021-06-29 00:57:57,4.25,Low,Seasonal,0.7141,0.83,0.1615,0.7304,0.9954,Manual
1789,11,53,175,2018-01-08 11:00:13,18.27,Medium,Rainfall Driven,0.4283,0.1228,0.2043,0.2522,0.6122,Alert Triggered
1790,23,48,156,2024-09-17 20:25:02,98.63,Medium,Rainfall Driven,0.2744,0.2166,0.4767,0.4257,0.1446,Post Event
1791,431,6,167,2021-11-23 14:59:14,55.08,High,Rainfall Driven,0.247,0.3104,0.2723,0.5368,0.2936,Post Event
1792,308,8,39,2019-07-05 19:39:57,58.93,Extreme,Earthquake Triggered,0.3765,0.6092,0.4496,0.3413,0.9232,Alert Triggered
1793,296,41,1,2024-06-13 04:49:22,47.34,Medium,Earthquake Triggered,0.4862,0.0251,0.0693,0.1579,0.4167,Alert Triggered
1794,379,43,95,2019-01-02 04:15:24,90.45,High,Earthquake Triggered,0.085,0.4179,0.3212,0.8348,0.4513,Routine
1795,194,8,67,2022-11-03 11:30:45,11.33,Medium,Earthquake Triggered,0.0317,0.5783,0.643,0.9236,0.3939,Alert Triggered
1796,436,18,32,2019-08-15 13:19:06,5.98,Low,Seasonal,0.6127,0.0687,0.1548,0.3009,0.7624,Manual
1797,247,49,4,2019-01-30 01:53:35,78.72,Medium,Rainfall Driven,0.8614,0.749,0.4463,0.6597,0.9652,Routine
1798,15,17,192,2023-02-19 18:40:26,65.04,Extreme,Anthropogenic,0.7075,0.6476,0.1648,0.1717,0.4581,Manual
1799,69,58,174,2020-12-25 11:57:43,59.41,High,Seasonal,0.5695,0.9584,0.0451,0.1211,0.6448,Post Event
1800,379,43,95,2018-11-06 17:42:13,95.13,Low,Rainfall Driven,0.2578,0.8419,0.8024,0.1162,0.1559,Alert Triggered
1801,97,59,48,2020-04-05 20:19:25,37.05,Extreme,Earthquake Triggered,0.7048,0.3923,0.8676,0.6621,0.9931,Routine
1802,88,36,117,2019-12-09 17:48:32,85.92,Medium,Anthropogenic,0.3758,0.0466,0.8733,0.4895,0.9836,Alert Triggered
1803,209,48,163,2024-07-29 19:27:13,9.06,Medium,Rainfall Driven,0.354,0.6274,0.1362,0.7138,0.6613,Routine
1804,130,31,14,2018-12-04 22:33:18,52.26,Low,Rainfall Driven,0.4471,0.7,0.7758,0.0704,0.8481,Post Event
1805,434,13,169,2019-01-07 05:55:12,97.85,High,Seasonal,0.612,0.4235,0.0038,0.5638,0.514,Alert Triggered
1806,444,1,133,2018-11-14 01:00:48,18.54,Low,Rainfall Driven,0.7608,0.4789,0.9352,0.5766,0.4811,Manual
1807,460,49,200,2018-05-13 06:40:46,2.57,Medium,Earthquake Triggered,0.5191,0.6484,0.1031,0.1193,0.4993,Post Event
1808,352,17,139,2018-12-25 13:43:03,60.83,Low,Seasonal,0.6828,0.0207,0.8402,0.2196,0.87,Routine
1809,213,8,164,2018-01-31 01:30:17,10.07,High,Earthquake Triggered,0.8306,0.2912,0.7241,0.4412,0.2642,Alert Triggered
1810,49,36,132,2020-05-01 15:20:31,82.36,Low,Earthquake Triggered,0.8628,0.9428,0.5759,0.7995,0.943,Manual
1811,166,39,23,2018-01-20 04:41:18,63.39,High,Rainfall Driven,0.4204,0.829,0.4112,0.4954,0.5064,Routine
1812,53,12,102,2019-02-13 13:17:42,74.31,High,Earthquake Triggered,0.9831,0.3626,0.196,0.8072,0.1977,Routine
1813,388,43,25,2023-08-05 16:09:10,49.82,Low,Rainfall Driven,0.0275,0.2187,0.5681,0.7621,0.0012,Routine
1814,353,3,46,2022-04-06 20:52:06,82.87,Low,Anthropogenic,0.2878,0.4929,0.7538,0.1039,0.4739,Manual
1815,2,16,176,2024-05-01 13:16:35,45.46,Medium,Earthquake Triggered,0.6648,0.6968,0.2493,0.7063,0.0608,Routine
1816,102,34,123,2019-01-22 10:13:22,9.42,Low,Anthropogenic,0.1349,0.2345,0.7163,0.7442,0.178,Alert Triggered
1817,178,33,165,2022-12-09 11:29:26,75.53,Extreme,Anthropogenic,0.8747,0.2564,0.9938,0.9304,0.3321,Routine
1818,382,31,67,2019-12-19 14:50:41,20.68,High,Rainfall Driven,0.8351,0.3264,0.0152,0.5794,0.2785,Manual
1819,474,23,83,2021-05-30 21:03:12,56.58,Extreme,Seasonal,0.9986,0.9916,0.6575,0.509,0.2703,Alert Triggered
1820,438,41,161,2020-11-06 16:09:34,34.0,Extreme,Rainfall Driven,0.7214,0.3176,0.0038,0.1419,0.1948,Post Event
1821,159,55,66,2022-10-14 22:58:12,72.37,Low,Earthquake Triggered,0.278,0.0608,0.6208,0.3389,0.9479,Routine
1822,194,8,67,2024-12-06 15:17:53,92.51,Extreme,Earthquake Triggered,0.1915,0.7423,0.2913,0.8487,0.5772,Routine
1823,392,54,101,2021-07-05 20:21:46,20.83,Medium,Rainfall Driven,0.4102,0.4717,0.7389,0.4952,0.5008,Routine
1824,292,43,56,2024-09-29 05:14:25,76.34,High,Anthropogenic,0.2058,0.6206,0.6547,0.3529,0.0036,Routine
1825,394,62,191,2022-04-15 19:18:41,34.91,Medium,Anthropogenic,0.971,0.1058,0.7072,0.8372,0.5326,Manual
1826,101,61,146,2018-12-09 14:21:30,89.72,Medium,Anthropogenic,0.8293,0.4526,0.1535,0.2997,0.1419,Routine
1827,77,47,55,2018-02-22 03:34:35,33.78,High,Earthquake Triggered,0.2036,0.5282,0.1947,0.3343,0.4836,Post Event
1828,129,49,47,2018-12-19 07:44:58,84.4,Medium,Anthropogenic,0.7414,0.2673,0.5104,0.4558,0.6714,Post Event
1829,337,59,92,2022-02-08 13:33:10,60.72,High,Rainfall Driven,0.2483,0.5627,0.7615,0.7308,0.9336,Alert Triggered
1830,199,1,173,2024-02-02 23:41:45,70.84,Extreme,Rainfall Driven,0.0071,0.3483,0.4023,0.5046,0.6071,Alert Triggered
1831,448,12,57,2019-12-23 17:44:40,12.06,Low,Seasonal,0.0619,0.0835,0.3464,0.4014,0.4163,Routine
1832,78,21,36,2021-01-09 05:54:11,66.97,Low,Earthquake Triggered,0.2961,0.9564,0.1582,0.985,0.9101,Manual
1833,319,12,166,2023-10-10 11:51:36,77.94,High,Earthquake Triggered,0.8947,0.2701,0.7441,0.7942,0.7508,Routine
1834,69,58,174,2023-07-10 13:11:23,61.61,Low,Seasonal,0.519,0.821,0.3287,0.8895,0.1406,Post Event
1835,337,59,92,2018-09-29 13:06:28,46.65,Medium,Earthquake Triggered,0.4994,0.7991,0.2726,0.4117,0.209,Manual
1836,212,16,133,2024-03-25 16:20:30,60.1,High,Earthquake Triggered,0.3618,0.3376,0.0752,0.0415,0.7823,Manual
1837,281,58,179,2020-08-02 18:01:25,47.59,Low,Anthropogenic,0.0292,0.641,0.5318,0.8679,0.2673,Post Event
1838,123,54,67,2019-01-24 18:52:35,95.49,High,Rainfall Driven,0.8959,0.295,0.2452,0.1469,0.1932,Post Event
1839,472,50,52,2020-04-22 15:58:53,17.48,High,Anthropogenic,0.355,0.6422,0.8605,0.9737,0.0841,Post Event
1840,209,48,163,2022-12-29 17:54:47,64.0,High,Earthquake Triggered,0.3534,0.1618,0.1251,0.1291,0.4123,Post Event
1841,150,17,157,2022-06-27 19:35:50,26.48,Low,Anthropogenic,0.6797,0.0489,0.3348,0.124,0.472,Post Event
1842,311,5,121,2021-05-18 14:04:53,14.52,Low,Rainfall Driven,0.3789,0.9656,0.8319,0.257,0.142,Post Event
1843,313,39,41,2019-03-01 08:46:29,83.52,Extreme,Rainfall Driven,0.654,0.5202,0.3718,0.5671,0.7551,Alert Triggered
1844,201,13,38,2024-08-02 01:24:45,66.35,High,Rainfall Driven,0.1974,0.373,0.5178,0.2584,0.4307,Routine
1845,281,58,179,2022-08-24 07:23:28,95.3,Low,Seasonal,0.8497,0.8899,0.3013,0.6055,0.8619,Routine
1846,291,54,18,2023-05-23 04:26:45,18.9,High,Anthropogenic,0.5735,0.893,0.692,0.1831,0.6556,Routine
1847,452,34,119,2022-01-02 17:17:48,6.69,Extreme,Anthropogenic,0.7338,0.9713,0.5622,0.9363,0.4702,Manual
1848,167,44,187,2021-01-09 13:50:49,34.68,Medium,Anthropogenic,0.9208,0.7925,0.5485,0.1928,0.7521,Manual
1849,364,17,72,2024-07-31 07:52:42,3.63,Medium,Rainfall Driven,0.097,0.9536,0.4862,0.3249,0.9652,Alert Triggered
1850,29,60,186,2018-01-05 13:14:59,55.57,Medium,Rainfall Driven,0.1429,0.5583,0.7448,0.5743,0.092,Routine
1851,187,36,143,2022-01-09 20:23:42,41.56,Low,Anthropogenic,0.7956,0.1318,0.5585,0.5876,0.774,Alert Triggered
1852,17,21,74,2019-12-11 07:50:00,12.94,High,Seasonal,0.5816,0.8243,0.6131,0.6715,0.544,Alert Triggered
1853,356,42,80,2021-11-06 07:16:50,21.85,Medium,Earthquake Triggered,0.1559,0.262,0.4022,0.0773,0.8618,Alert Triggered
1854,370,41,82,2022-10-04 06:59:53,90.58,Medium,Rainfall Driven,0.2251,0.149,0.4705,0.1491,0.7493,Routine
1855,303,32,153,2019-08-15 13:26:01,97.12,High,Seasonal,0.305,0.8265,0.7935,0.366,0.5652,Alert Triggered
1856,213,8,164,2023-01-01 21:07:45,1.67,Low,Seasonal,0.9603,0.3308,0.0004,0.0632,0.7241,Alert Triggered
1857,312,23,70,2021-10-12 05:09:19,37.0,Medium,Rainfall Driven,0.3004,0.9424,0.4435,0.7108,0.4926,Alert Triggered
1858,239,11,16,2019-04-12 13:54:46,30.92,High,Earthquake Triggered,0.9724,0.4112,0.8339,0.1161,0.4637,Post Event
1859,463,56,106,2020-03-18 10:47:35,56.73,Extreme,Rainfall Driven,0.1262,0.4913,0.8493,0.5374,0.5073,Routine
1860,82,20,21,2020-07-23 15:08:06,77.13,Low,Rainfall Driven,0.7484,0.4617,0.4248,0.5385,0.5052,Routine
1861,69,58,174,2018-11-13 05:02:33,51.6,Low,Anthropogenic,0.8607,0.2472,0.6161,0.9469,0.9785,Manual
1862,382,31,67,2019-03-23 00:39:24,78.86,Medium,Rainfall Driven,0.9262,0.2737,0.541,0.6566,0.9598,Post Event
1863,98,27,52,2018-11-01 03:08:24,22.03,High,Seasonal,0.8823,0.7555,0.8857,0.3316,0.9162,Routine
1864,442,7,4,2023-12-02 02:04:20,40.8,Extreme,Anthropogenic,0.1222,0.0032,0.2359,0.2894,0.8461,Manual
1865,52,54,159,2020-05-21 06:01:45,73.52,Extreme,Rainfall Driven,0.4407,0.2027,0.5535,0.5407,0.8696,Alert Triggered
1866,79,42,14,2018-08-02 18:07:41,23.77,Extreme,Earthquake Triggered,0.8789,0.8943,0.6101,0.45,0.574,Manual
1867,404,11,187,2021-04-14 18:15:39,74.36,Medium,Rainfall Driven,0.105,0.7876,0.0702,0.2723,0.5215,Manual
1868,9,21,42,2020-08-22 14:46:52,52.94,Low,Anthropogenic,0.4329,0.1491,0.0757,0.358,0.7542,Post Event
1869,158,29,46,2024-04-08 19:37:53,94.25,High,Seasonal,0.8584,0.3876,0.1457,0.7455,0.4228,Alert Triggered
1870,334,48,119,2021-04-10 12:51:23,33.76,Medium,Rainfall Driven,0.6997,0.1499,0.1372,0.6707,0.8475,Alert Triggered
1871,443,9,12,2023-05-08 03:55:09,17.82,Extreme,Seasonal,0.2894,0.043,0.7536,0.633,0.291,Manual
1872,484,10,49,2019-03-08 18:17:39,74.62,High,Seasonal,0.6295,0.0988,0.4629,0.3383,0.0511,Alert Triggered
1873,23,48,156,2019-10-30 00:35:52,79.16,Extreme,Earthquake Triggered,0.7299,0.8828,0.1076,0.5982,0.5673,Manual
1874,291,54,18,2019-05-30 20:26:34,85.41,Extreme,Anthropogenic,0.4997,0.8842,0.5136,0.3242,0.1192,Alert Triggered
1875,232,47,148,2020-04-20 21:55:35,29.48,Low,Seasonal,0.458,0.6294,0.4422,0.1743,0.109,Manual
1876,332,54,151,2020-11-03 06:45:14,14.62,Extreme,Earthquake Triggered,0.0275,0.5764,0.0624,0.3394,0.7278,Manual
1877,259,40,145,2024-09-30 13:51:41,80.49,Extreme,Rainfall Driven,0.1655,0.3516,0.1591,0.4473,0.1094,Post Event
1878,493,34,195,2019-12-08 22:14:14,53.81,Extreme,Seasonal,0.0267,0.6036,0.4561,0.971,0.9834,Post Event
1879,167,44,187,2018-02-03 05:54:37,92.44,Medium,Anthropogenic,0.2115,0.5113,0.5023,0.2135,0.0882,Routine
1880,151,43,151,2024-04-11 16:18:17,33.27,Extreme,Earthquake Triggered,0.2971,0.0807,0.5228,0.9966,0.3828,Routine
1881,450,35,97,2024-09-24 12:09:56,37.92,Low,Rainfall Driven,0.1152,0.7844,0.0134,0.5421,0.0803,Post Event
1882,137,29,98,2018-07-11 06:21:11,57.94,Low,Seasonal,0.6222,0.9485,0.5197,0.5879,0.2915,Manual
1883,345,12,113,2021-12-30 06:19:30,32.38,Extreme,Earthquake Triggered,0.144,0.1754,0.2496,0.4936,0.6644,Alert Triggered
1884,223,44,128,2022-03-21 04:33:01,74.41,High,Anthropogenic,0.8114,0.97,0.9171,0.9607,0.8128,Manual
1885,500,17,30,2020-11-02 15:16:52,37.01,High,Anthropogenic,0.8403,0.3838,0.9704,0.8079,0.0369,Post Event
1886,259,40,145,2023-09-22 08:27:52,33.23,Low,Anthropogenic,0.0517,0.2458,0.6962,0.3629,0.8993,Post Event
1887,323,27,114,2021-07-28 16:30:06,88.1,High,Earthquake Triggered,0.9983,0.1267,0.4001,0.7701,0.3156,Post Event
1888,200,32,109,2022-09-19 15:32:38,67.78,High,Anthropogenic,0.2453,0.5108,0.1685,0.5879,0.1939,Manual
1889,359,40,191,2020-02-08 18:07:15,45.41,Medium,Earthquake Triggered,0.6395,0.7113,0.7773,0.5258,0.0101,Manual
1890,440,51,33,2022-04-06 22:18:40,2.67,Extreme,Rainfall Driven,0.1276,0.8502,0.4974,0.3432,0.9359,Routine
1891,400,48,93,2019-08-27 12:46:33,84.86,Medium,Seasonal,0.3227,0.8514,0.0345,0.0978,0.7353,Manual
1892,437,26,50,2022-11-12 00:37:04,3.6,Extreme,Earthquake Triggered,0.0605,0.4749,0.1576,0.1057,0.1418,Manual
1893,355,23,190,2020-09-21 06:20:32,22.59,Low,Rainfall Driven,0.7407,0.2679,0.8076,0.5198,0.8457,Post Event
1894,432,24,50,2024-07-04 19:29:35,28.18,High,Rainfall Driven,0.0242,0.6174,0.0662,0.2295,0.9176,Post Event
1895,497,32,23,2020-03-21 17:42:59,20.14,High,Earthquake Triggered,0.8991,0.7527,0.7666,0.9685,0.5532,Manual
1896,480,56,126,2018-12-30 00:14:06,67.68,Extreme,Seasonal,0.4808,0.199,0.8717,0.661,0.5532,Routine
1897,351,12,98,2019-01-09 16:56:44,74.1,High,Anthropogenic,0.0474,0.4133,0.963,0.7065,0.4428,Manual
1898,143,27,152,2020-12-09 15:13:46,39.93,Extreme,Seasonal,0.3524,0.4371,0.5392,0.8808,0.6859,Alert Triggered
1899,22,26,176,2023-11-27 00:07:46,28.5,Extreme,Rainfall Driven,0.8426,0.5624,0.1134,0.7377,0.5888,Manual
1900,174,33,3,2023-05-05 02:03:35,32.83,High,Anthropogenic,0.7638,0.2086,0.5765,0.073,0.9285,Manual
1901,209,48,163,2021-11-29 13:55:21,40.96,Low,Anthropogenic,0.173,0.8102,0.3228,0.1213,0.0511,Alert Triggered
1902,176,21,27,2021-09-16 15:27:14,53.86,Medium,Seasonal,0.9336,0.4577,0.9407,0.2642,0.4394,Alert Triggered
1903,26,28,89,2023-09-17 09:34:42,13.75,Medium,Earthquake Triggered,0.4973,0.422,0.5576,0.3802,0.6894,Routine
1904,356,42,80,2023-11-16 17:19:00,54.86,Low,Rainfall Driven,0.9985,0.351,0.1188,0.9335,0.8956,Routine
1905,439,51,61,2018-02-08 09:02:24,78.37,Extreme,Seasonal,0.1939,0.7213,0.9113,0.0902,0.9235,Post Event
1906,161,24,76,2019-09-06 03:26:08,72.17,High,Seasonal,0.5663,0.0551,0.8894,0.5124,0.1786,Routine
1907,294,22,16,2021-12-07 13:38:15,1.19,Extreme,Anthropogenic,0.2816,0.4205,0.6176,0.005,0.4598,Post Event
1908,422,28,47,2018-09-01 12:26:07,38.23,High,Anthropogenic,0.9303,0.0706,0.405,0.1749,0.1728,Manual
1909,227,37,92,2021-07-06 09:08:21,14.61,Extreme,Seasonal,0.8502,0.2843,0.9887,0.7233,0.4677,Routine
1910,464,31,41,2019-10-12 06:18:03,95.63,Medium,Seasonal,0.946,0.6761,0.1426,0.8754,0.6236,Manual
1911,74,43,167,2018-05-08 14:59:26,67.94,Extreme,Rainfall Driven,0.3956,0.612,0.9377,0.9864,0.994,Alert Triggered
1912,384,16,197,2020-11-15 12:01:31,43.22,High,Seasonal,0.4906,0.8173,0.3806,0.7011,0.4759,Post Event
1913,325,10,91,2021-03-14 20:43:51,84.0,High,Seasonal,0.9442,0.9167,0.664,0.2682,0.5669,Routine
1914,348,34,169,2019-12-15 10:25:57,67.86,Extreme,Anthropogenic,0.1116,0.8172,0.1111,0.8649,0.9221,Alert Triggered
1915,25,29,15,2024-10-29 19:02:56,56.77,Medium,Rainfall Driven,0.1042,0.837,0.0772,0.2205,0.1136,Routine
1916,209,48,163,2024-09-16 23:17:54,58.65,Low,Earthquake Triggered,0.6342,0.5469,0.7068,0.7349,0.0471,Routine
1917,192,15,156,2024-12-20 05:31:25,64.91,High,Seasonal,0.7803,0.3704,0.4544,0.3741,0.7597,Manual
1918,360,52,77,2023-11-15 06:52:40,73.97,Medium,Rainfall Driven,0.0434,0.1624,0.7025,0.0764,0.2156,Alert Triggered
1919,64,11,126,2020-05-18 20:19:21,43.32,Medium,Anthropogenic,0.8512,0.9833,0.9105,0.9207,0.1024,Alert Triggered
1920,126,31,17,2020-01-08 10:11:22,87.78,High,Anthropogenic,0.898,0.5884,0.6929,0.3272,0.6342,Alert Triggered
1921,320,23,69,2018-12-08 19:52:10,53.59,High,Earthquake Triggered,0.9805,0.7074,0.0027,0.8313,0.02,Manual
1922,433,62,93,2024-02-11 07:46:48,10.32,High,Rainfall Driven,0.027,0.4198,0.6163,0.1367,0.5654,Post Event
1923,411,33,91,2021-12-19 23:03:36,53.01,High,Rainfall Driven,0.2158,0.6746,0.365,0.4051,0.4007,Alert Triggered
1924,15,17,192,2023-12-23 14:00:20,2.04,Low,Anthropogenic,0.6873,0.8968,0.9453,0.5633,0.4999,Manual
1925,213,8,164,2021-10-18 15:04:07,84.73,Extreme,Earthquake Triggered,0.6347,0.6154,0.8058,0.2224,0.9268,Alert Triggered
1926,441,56,154,2022-12-12 18:43:30,65.11,Medium,Anthropogenic,0.7351,0.5632,0.9312,0.2276,0.9796,Alert Triggered
1927,181,10,150,2022-09-05 03:08:13,87.9,Medium,Anthropogenic,0.2608,0.1286,0.9467,0.6252,0.2043,Post Event
1928,207,34,196,2023-05-28 12:40:53,46.34,Extreme,Rainfall Driven,0.6803,0.4634,0.9846,0.4157,0.6518,Routine
1929,169,36,19,2018-04-10 10:12:28,18.97,Low,Earthquake Triggered,0.2171,0.4508,0.6141,0.0833,0.1358,Alert Triggered
1930,174,33,3,2020-01-08 18:02:13,74.36,High,Seasonal,0.9895,0.0424,0.5621,0.909,0.5481,Alert Triggered
1931,65,27,182,2020-01-07 02:54:47,54.86,High,Earthquake Triggered,0.1335,0.2353,0.2497,0.7043,0.8287,Manual
1932,297,55,187,2024-08-01 04:56:41,13.96,Extreme,Seasonal,0.4648,0.5415,0.3973,0.7408,0.2738,Alert Triggered
1933,91,53,101,2023-06-13 10:22:41,61.09,Low,Earthquake Triggered,0.3916,0.2793,0.5076,0.2627,0.9522,Routine
1934,318,57,86,2019-04-23 17:05:48,44.26,Medium,Rainfall Driven,0.5604,0.4157,0.0796,0.5039,0.3641,Manual
1935,81,61,102,2020-06-12 20:29:16,63.1,Extreme,Rainfall Driven,0.3314,0.4881,0.803,0.7788,0.7116,Alert Triggered
1936,252,46,116,2023-11-26 10:44:56,30.27,Medium,Rainfall Driven,0.1486,0.8928,0.788,0.5008,0.582,Alert Triggered
1937,195,6,103,2021-05-10 09:40:10,59.38,Medium,Anthropogenic,0.8963,0.936,0.5501,0.8317,0.889,Alert Triggered
1938,7,33,116,2022-11-24 03:53:31,49.75,Low,Anthropogenic,0.483,0.4097,0.3955,0.5269,0.5781,Routine
1939,467,57,161,2021-03-20 00:16:00,29.94,Low,Anthropogenic,0.3986,0.9937,0.3579,0.6551,0.5926,Post Event
1940,429,40,130,2019-04-05 22:33:00,73.34,Low,Anthropogenic,0.5625,0.6591,0.1211,0.2297,0.8779,Routine
1941,31,57,37,2020-08-02 15:15:14,27.64,Medium,Seasonal,0.5785,0.0621,0.4528,0.5478,0.3675,Post Event
1942,345,12,113,2024-11-08 22:59:49,21.48,High,Rainfall Driven,0.1732,0.0054,0.1739,0.8628,0.6207,Alert Triggered
1943,198,52,109,2019-10-29 18:28:02,50.34,Medium,Anthropogenic,0.1918,0.1151,0.5772,0.2805,0.0791,Alert Triggered
1944,452,34,119,2021-04-03 16:43:52,9.55,Extreme,Anthropogenic,0.8502,0.9638,0.1758,0.5364,0.1658,Alert Triggered
1945,192,15,156,2020-09-04 21:52:30,39.23,Medium,Earthquake Triggered,0.6336,0.5948,0.8361,0.8299,0.0488,Alert Triggered
1946,217,47,11,2020-12-18 11:37:40,5.5,Medium,Rainfall Driven,0.6121,0.3542,0.7013,0.4928,0.0778,Manual
1947,94,33,13,2019-09-28 22:56:57,91.82,Extreme,Anthropogenic,0.1671,0.3059,0.7643,0.1007,0.1838,Routine
1948,45,11,145,2018-08-08 19:21:25,67.02,High,Anthropogenic,0.7186,0.2802,0.2238,0.5892,0.2573,Routine
1949,140,5,186,2024-11-11 15:47:17,49.68,Low,Earthquake Triggered,0.1145,0.6801,0.4733,0.0013,0.0174,Alert Triggered
1950,61,28,100,2024-12-27 04:26:08,85.11,High,Seasonal,0.3927,0.9695,0.8954,0.7871,0.473,Routine
1951,473,11,186,2019-03-27 19:29:25,90.56,Low,Earthquake Triggered,0.3074,0.5115,0.9961,0.4987,0.3612,Routine
1952,220,47,50,2023-11-29 19:43:40,33.38,Extreme,Seasonal,0.455,0.1217,0.6419,0.2952,0.4254,Post Event
1953,418,51,97,2018-11-30 23:28:45,76.6,Medium,Anthropogenic,0.0293,0.5463,0.7556,0.3321,0.9108,Routine
1954,192,15,156,2023-12-20 12:31:13,25.55,Medium,Rainfall Driven,0.9001,0.6628,0.6014,0.7686,0.2286,Manual
1955,193,62,66,2020-10-18 08:15:11,56.47,Extreme,Rainfall Driven,0.6841,0.7875,0.3163,0.8114,0.0756,Alert Triggered
1956,64,11,126,2021-10-03 07:42:46,58.01,High,Earthquake Triggered,0.7194,0.1525,0.6964,0.7594,0.8435,Post Event
1957,159,55,66,2024-02-11 17:34:01,26.63,High,Anthropogenic,0.4485,0.8919,0.1216,0.2296,0.9456,Routine
1958,272,61,58,2019-01-08 12:11:52,86.06,Extreme,Anthropogenic,0.0772,0.2767,0.7888,0.3498,0.3898,Alert Triggered
1959,1,54,145,2022-01-01 10:13:49,3.7,Extreme,Seasonal,0.7587,0.3061,0.4815,0.1863,0.0673,Post Event
1960,239,11,16,2018-05-30 07:30:56,71.72,High,Earthquake Triggered,0.9424,0.1611,0.4119,0.7208,0.5449,Routine
1961,189,17,57,2018-03-19 01:50:11,78.15,Low,Anthropogenic,0.1884,0.1791,0.0888,0.9782,0.7944,Manual
1962,12,46,36,2024-02-11 09:32:29,92.27,Low,Seasonal,0.0106,0.6339,0.2487,0.7622,0.7325,Manual
1963,307,27,2,2024-10-24 05:23:49,2.13,Extreme,Earthquake Triggered,0.4087,0.2796,0.7891,0.319,0.5326,Routine
1964,230,59,142,2020-01-21 09:38:58,60.25,Extreme,Seasonal,0.3204,0.118,0.7203,0.1189,0.4285,Manual
1965,225,42,126,2023-11-22 00:49:34,8.83,Low,Rainfall Driven,0.1656,0.0842,0.4706,0.9588,0.0751,Alert Triggered
1966,426,27,115,2020-05-31 23:19:54,42.72,High,Anthropogenic,0.3515,0.1996,0.0768,0.4162,0.0832,Post Event
1967,86,16,12,2018-10-08 08:00:01,30.26,High,Anthropogenic,0.1995,0.0842,0.9702,0.4272,0.4085,Alert Triggered
1968,189,17,57,2022-11-07 19:30:27,32.38,Medium,Seasonal,0.991,0.7653,0.9499,0.2313,0.832,Post Event
1969,64,11,126,2022-03-23 15:35:07,2.25,Extreme,Rainfall Driven,0.7047,0.6282,0.8323,0.3633,0.017,Post Event
1970,415,9,181,2019-10-22 07:40:14,54.14,Extreme,Anthropogenic,0.5932,0.5099,0.5233,0.9104,0.4362,Manual
1971,485,57,10,2023-07-05 15:50:22,44.62,Extreme,Earthquake Triggered,0.8465,0.9957,0.4518,0.0515,0.5467,Post Event
1972,181,10,150,2022-03-18 21:43:52,83.08,High,Earthquake Triggered,0.854,0.8118,0.1883,0.5054,0.5983,Post Event
1973,102,34,123,2021-03-31 20:26:59,39.28,High,Earthquake Triggered,0.2215,0.8833,0.8912,0.2296,0.5747,Post Event
1974,190,55,169,2024-09-07 09:34:56,26.03,Medium,Rainfall Driven,0.8172,0.4359,0.4225,0.7572,0.2123,Manual
1975,105,61,180,2019-05-02 20:07:47,53.3,Low,Earthquake Triggered,0.6419,0.6261,0.0192,0.922,0.6364,Alert Triggered
1976,29,60,186,2020-10-17 17:01:37,46.05,Extreme,Anthropogenic,0.4759,0.961,0.2202,0.6693,0.2384,Alert Triggered
1977,253,56,38,2018-06-26 22:15:03,93.02,Low,Seasonal,0.3248,0.7429,0.3445,0.5707,0.1736,Manual
1978,171,46,190,2019-06-19 14:27:38,20.01,High,Seasonal,0.2821,0.3313,0.8583,0.8843,0.4311,Alert Triggered
1979,69,58,174,2018-01-01 08:10:05,2.4,High,Anthropogenic,0.0694,0.1192,0.8688,0.7456,0.1738,Manual
1980,240,19,167,2023-06-15 12:29:07,47.0,Medium,Rainfall Driven,0.8191,0.2337,0.8609,0.6642,0.3886,Routine
1981,270,9,8,2024-03-14 09:11:41,30.96,Low,Anthropogenic,0.8552,0.2018,0.9274,0.1746,0.3963,Post Event
1982,356,42,80,2020-10-05 07:30:00,72.93,Low,Earthquake Triggered,0.0685,0.6175,0.0375,0.5044,0.2527,Manual
1983,99,18,47,2018-06-24 06:19:26,25.56,High,Earthquake Triggered,0.6748,0.9879,0.3638,0.0328,0.483,Manual
1984,59,29,185,2021-05-15 10:19:28,85.46,Extreme,Rainfall Driven,0.6116,0.6968,0.1524,0.1666,0.4811,Routine
1985,182,2,52,2023-09-28 00:18:55,68.33,High,Anthropogenic,0.1643,0.7588,0.1602,0.3563,0.3061,Post Event
1986,375,28,198,2021-02-16 12:32:25,13.98,Extreme,Rainfall Driven,0.4313,0.7173,0.6132,0.7395,0.4323,Post Event
1987,137,29,98,2024-02-08 23:49:27,1.25,Extreme,Seasonal,0.9983,0.8513,0.5018,0.5968,0.1182,Alert Triggered
1988,428,54,131,2020-06-06 09:38:07,85.18,Low,Anthropogenic,0.0607,0.0021,0.1632,0.8255,0.1177,Routine
1989,300,25,17,2022-09-22 04:26:15,99.3,High,Earthquake Triggered,0.384,0.88,0.9274,0.9502,0.4065,Manual
1990,338,44,179,2019-04-15 17:17:11,25.97,High,Rainfall Driven,0.1017,0.9922,0.9415,0.2808,0.9229,Manual
1991,39,4,196,2021-07-27 22:14:11,44.75,Extreme,Rainfall Driven,0.2355,0.2782,0.9299,0.9835,0.4622,Manual
1992,329,8,79,2024-11-30 09:19:18,17.34,Medium,Rainfall Driven,0.8202,0.138,0.0523,0.3393,0.7314,Routine
1993,158,29,46,2020-10-08 15:22:45,53.66,High,Seasonal,0.2404,0.9705,0.3761,0.6876,0.0062,Post Event
1994,270,9,8,2022-03-08 02:57:37,70.24,Low,Seasonal,0.75,0.0717,0.0967,0.6118,0.7965,Post Event
1995,336,47,148,2021-10-15 04:02:07,43.75,Medium,Seasonal,0.0204,0.2597,0.9898,0.416,0.7645,Post Event
1996,343,43,90,2022-04-10 08:23:09,5.71,Extreme,Anthropogenic,0.5131,0.2285,0.7446,0.5802,0.3283,Manual
1997,206,9,187,2018-05-03 03:03:11,25.32,Low,Earthquake Triggered,0.4844,0.1657,0.5371,0.9104,0.5984,Alert Triggered
1998,208,34,44,2020-07-23 13:12:40,38.77,Low,Seasonal,0.556,0.718,0.5768,0.6159,0.9445,Alert Triggered
1999,393,48,155,2024-10-01 18:48:08,24.18,Low,Rainfall Driven,0.2768,0.5334,0.2664,0.3306,0.671,Manual
2000,291,54,18,2020-06-16 07:14:01,57.31,Extreme,Rainfall Driven,0.5836,0.1788,0.3896,0.6849,0.1606,Routine
2001,413,7,38,2021-03-06 04:56:18,80.61,High,Rainfall Driven,0.3324,0.3896,0.058,0.3848,0.6973,Routine
2002,394,62,191,2019-12-19 22:50:01,4.34,Low,Rainfall Driven,0.4227,0.7821,0.1799,0.8307,0.4223,Alert Triggered
2003,64,11,126,2021-07-23 04:37:24,76.39,Extreme,Anthropogenic,0.9784,0.0627,0.1867,0.8041,0.2771,Routine
2004,233,20,135,2020-03-17 13:25:41,33.42,Low,Seasonal,0.6279,0.3697,0.1246,0.9895,0.9858,Routine
2005,32,43,98,2018-06-09 00:41:42,66.05,High,Earthquake Triggered,0.1445,0.0184,0.8718,0.4605,0.6219,Routine
2006,91,53,101,2018-10-09 00:44:15,52.02,Medium,Earthquake Triggered,0.4144,0.6272,0.3003,0.1018,0.7986,Manual
2007,400,48,93,2023-06-17 20:29:53,0.24,Extreme,Rainfall Driven,0.7272,0.5634,0.2462,0.3742,0.1516,Alert Triggered
2008,308,8,39,2021-01-08 17:42:15,30.71,High,Seasonal,0.8375,0.6514,0.0487,0.8615,0.027,Routine
2009,126,31,17,2022-12-30 17:27:24,0.65,Medium,Earthquake Triggered,0.4052,0.8654,0.0898,0.5667,0.5709,Alert Triggered
2010,388,43,25,2024-01-09 18:05:05,0.25,Extreme,Seasonal,0.6358,0.4841,0.6114,0.9013,0.0809,Alert Triggered
2011,402,22,111,2023-03-12 13:09:30,52.56,High,Rainfall Driven,0.1587,0.1925,0.6655,0.1431,0.5617,Routine
2012,215,22,21,2019-11-12 21:22:54,13.68,High,Rainfall Driven,0.1087,0.9298,0.8378,0.1048,0.3981,Post Event
2013,161,24,76,2023-03-06 03:01:10,72.88,High,Seasonal,0.884,0.87,0.2475,0.4432,0.8068,Post Event
2014,138,54,27,2023-07-11 06:38:02,87.91,Medium,Rainfall Driven,0.1781,0.713,0.7386,0.0315,0.6165,Routine
2015,217,47,11,2021-11-06 15:07:36,92.98,Medium,Seasonal,0.4047,0.469,0.8637,0.8594,0.1346,Post Event
2016,453,58,52,2018-02-06 12:50:43,8.12,Medium,Earthquake Triggered,0.1803,0.4977,0.0225,0.1904,0.3503,Alert Triggered
2017,81,61,102,2022-07-10 17:08:52,14.14,High,Anthropogenic,0.8437,0.2587,0.9915,0.5511,0.2976,Manual
2018,88,36,117,2022-02-22 15:07:08,4.56,High,Earthquake Triggered,0.196,0.9251,0.6763,0.9716,0.5361,Routine
2019,113,30,68,2024-06-13 18:27:45,89.2,Medium,Seasonal,0.8129,0.0985,0.8927,0.8027,0.9581,Post Event
2020,269,36,132,2019-07-03 13:01:58,59.94,Extreme,Rainfall Driven,0.9888,0.3884,0.9112,0.9841,0.3298,Routine
2021,33,36,106,2024-12-22 15:38:33,38.93,Extreme,Earthquake Triggered,0.355,0.9951,0.7768,0.3376,0.4115,Routine
2022,162,25,30,2022-10-04 00:03:08,68.89,Low,Anthropogenic,0.8329,0.8657,0.5223,0.0461,0.1591,Alert Triggered
2023,293,43,20,2020-06-22 06:17:39,3.55,Extreme,Rainfall Driven,0.4442,0.6718,0.7692,0.7595,0.2322,Alert Triggered
2024,359,40,191,2024-11-09 19:05:17,2.05,Medium,Rainfall Driven,0.6329,0.7523,0.7946,0.5057,0.9721,Manual
2025,333,36,119,2022-09-25 14:54:40,31.14,Low,Seasonal,0.775,0.2911,0.3439,0.5863,0.214,Post Event
2026,105,61,180,2020-09-24 03:42:32,21.74,High,Anthropogenic,0.3321,0.7297,0.017,0.8159,0.5285,Post Event
2027,498,11,193,2022-04-29 03:41:32,80.37,High,Rainfall Driven,0.5739,0.4809,0.5325,0.1582,0.15,Post Event
2028,497,32,23,2023-05-19 08:41:45,30.42,Low,Seasonal,0.9811,0.8377,0.7087,0.8789,0.3772,Routine
2029,83,6,112,2021-07-25 06:11:40,19.15,Medium,Earthquake Triggered,0.7471,0.6939,0.0316,0.7387,0.4607,Manual
2030,86,16,12,2021-11-15 01:48:10,70.96,High,Anthropogenic,0.2588,0.8882,0.9378,0.3153,0.7071,Post Event
2031,364,17,72,2020-12-06 03:52:00,35.07,Low,Earthquake Triggered,0.9828,0.7241,0.5676,0.1531,0.2668,Post Event
2032,328,58,75,2018-11-02 05:10:17,44.39,Low,Earthquake Triggered,0.1089,0.8979,0.3877,0.3807,0.3668,Manual
2033,98,27,52,2022-12-21 02:27:51,87.01,Extreme,Seasonal,0.1626,0.4038,0.6238,0.6183,0.2196,Routine
2034,483,39,138,2022-09-06 03:10:35,30.14,Low,Rainfall Driven,0.6924,0.0995,0.5366,0.7584,0.2379,Post Event
2035,262,52,10,2024-07-01 00:28:27,11.4,Low,Seasonal,0.4389,0.3376,0.7937,0.9221,0.658,Post Event
2036,43,55,112,2018-03-04 05:18:36,54.09,Low,Anthropogenic,0.7726,0.6962,0.7638,0.7464,0.876,Routine
2037,437,26,50,2021-03-03 01:52:41,56.0,Medium,Earthquake Triggered,0.8073,0.8825,0.552,0.3162,0.5424,Alert Triggered
2038,432,24,50,2018-07-10 23:33:32,5.34,Low,Earthquake Triggered,0.9743,0.1597,0.286,0.4391,0.6611,Manual
2039,285,41,122,2018-08-10 13:30:21,69.93,Medium,Rainfall Driven,0.3905,0.0245,0.7442,0.1619,0.6185,Routine
2040,350,18,38,2019-05-17 23:13:48,59.33,Medium,Anthropogenic,0.3693,0.3758,0.4483,0.6327,0.8222,Routine
2041,148,62,159,2020-08-06 22:26:34,1.49,Medium,Earthquake Triggered,0.5676,0.3524,0.8104,0.3973,0.311,Routine
2042,247,49,4,2020-06-02 09:27:58,49.04,High,Rainfall Driven,0.9752,0.5709,0.8336,0.3906,0.6497,Alert Triggered
2043,112,20,102,2021-04-13 15:00:12,10.16,High,Seasonal,0.2008,0.9558,0.36,0.73,0.8637,Alert Triggered
2044,76,7,81,2021-12-23 19:35:20,65.14,Low,Seasonal,0.5285,0.1313,0.6957,0.4525,0.083,Routine
2045,197,62,11,2022-12-03 16:01:01,1.98,Medium,Rainfall Driven,0.6237,0.1213,0.9295,0.2944,0.6267,Alert Triggered
2046,51,20,124,2023-07-07 05:51:48,19.93,Extreme,Earthquake Triggered,0.8093,0.9567,0.5061,0.5055,0.1809,Routine
2047,325,10,91,2019-07-27 02:14:41,85.34,Extreme,Earthquake Triggered,0.6444,0.9909,0.2517,0.3007,0.7214,Manual
2048,288,37,188,2024-03-03 19:50:40,22.98,Extreme,Rainfall Driven,0.237,0.1379,0.1131,0.2521,0.588,Post Event
2049,145,47,64,2022-03-20 01:47:27,0.27,High,Earthquake Triggered,0.8673,0.9273,0.0389,0.4346,0.4412,Post Event
2050,59,29,185,2019-06-29 21:49:27,28.24,Low,Earthquake Triggered,0.2864,0.8392,0.2817,0.7278,0.9076,Post Event
2051,494,56,85,2022-11-24 03:22:32,53.23,Medium,Seasonal,0.4882,0.0602,0.7596,0.3364,0.3252,Alert Triggered
2052,250,11,109,2021-01-20 03:47:09,80.74,Medium,Anthropogenic,0.191,0.292,0.5372,0.5532,0.92,Alert Triggered
2053,24,8,16,2018-09-29 20:24:16,69.12,Low,Anthropogenic,0.2289,0.1604,0.9056,0.1978,0.4902,Alert Triggered
2054,91,53,101,2024-09-17 18:59:17,9.78,Extreme,Anthropogenic,0.1607,0.3468,0.5687,0.1675,0.4121,Manual
2055,469,21,172,2021-07-26 07:58:54,82.75,Low,Seasonal,0.1381,0.0707,0.3152,0.3012,0.4306,Manual
2056,120,14,105,2018-05-13 07:52:36,33.65,Low,Anthropogenic,0.9268,0.4423,0.1294,0.8201,0.6782,Alert Triggered
2057,369,35,61,2023-05-20 08:46:56,20.72,Extreme,Earthquake Triggered,0.1996,0.4228,0.5338,0.3221,0.2751,Manual
2058,279,26,161,2019-09-30 04:09:05,18.39,Low,Seasonal,0.3148,0.1467,0.3299,0.8924,0.3149,Alert Triggered
2059,348,34,169,2020-06-28 18:47:38,53.97,Medium,Earthquake Triggered,0.272,0.8511,0.9333,0.2793,0.4248,Post Event
2060,425,4,82,2022-04-30 22:12:44,1.85,Low,Seasonal,0.9439,0.0352,0.1016,0.323,0.5406,Manual
2061,437,26,50,2022-11-01 16:20:59,86.68,Extreme,Anthropogenic,0.6467,0.5165,0.0235,0.6601,0.2279,Manual
2062,21,25,61,2023-11-27 12:20:48,21.94,Extreme,Seasonal,0.3205,0.2878,0.5896,0.6078,0.2373,Manual
2063,340,31,90,2021-12-11 20:00:58,65.77,Extreme,Anthropogenic,0.4064,0.6547,0.6949,0.8605,0.9245,Manual
2064,395,53,5,2022-10-05 10:25:20,2.52,Medium,Seasonal,0.0519,0.9367,0.6708,0.8512,0.9637,Post Event
2065,193,62,66,2021-10-25 23:59:20,5.98,Low,Earthquake Triggered,0.0356,0.9228,0.1867,0.0959,0.0036,Manual
2066,306,45,33,2021-12-20 20:39:25,95.47,Low,Rainfall Driven,0.2444,0.5126,0.6024,0.9408,0.1729,Routine
2067,157,27,176,2019-05-25 21:22:26,81.48,High,Seasonal,0.0384,0.6524,0.0913,0.2791,0.0527,Manual
2068,176,21,27,2020-07-18 16:07:36,94.91,Extreme,Seasonal,0.8423,0.0855,0.9746,0.6642,0.7879,Routine
2069,451,41,72,2024-10-15 10:15:01,24.45,High,Earthquake Triggered,0.0179,0.6814,0.8796,0.3932,0.7014,Manual
2070,20,55,164,2022-02-03 13:31:16,96.22,Extreme,Earthquake Triggered,0.0973,0.7147,0.9659,0.7729,0.2691,Post Event
2071,148,62,159,2018-08-03 13:01:07,58.06,Extreme,Rainfall Driven,0.4768,0.5807,0.158,0.1396,0.6918,Manual
2072,10,27,150,2022-10-09 02:39:59,67.91,Low,Earthquake Triggered,0.3581,0.8093,0.9767,0.8829,0.7767,Alert Triggered
2073,415,9,181,2019-02-22 03:49:48,36.17,Medium,Anthropogenic,0.6979,0.2112,0.0873,0.0444,0.5458,Alert Triggered
2074,479,15,188,2023-02-12 10:07:15,23.79,Extreme,Earthquake Triggered,0.9561,0.5589,0.4627,0.6167,0.2122,Alert Triggered
2075,154,46,167,2023-02-13 03:24:42,17.89,Low,Seasonal,0.9709,0.8149,0.2074,0.6606,0.5213,Post Event
2076,469,21,172,2020-10-16 16:30:15,36.6,Medium,Rainfall Driven,0.4147,0.454,0.6284,0.6985,0.6267,Routine
2077,257,50,77,2021-10-24 12:12:39,67.11,Low,Earthquake Triggered,0.2242,0.6222,0.1746,0.4639,0.389,Alert Triggered
2078,359,40,191,2022-12-31 23:08:45,95.59,High,Anthropogenic,0.2874,0.0187,0.3171,0.0906,0.2951,Manual
2079,256,59,23,2021-11-25 13:56:37,90.85,High,Seasonal,0.6339,0.031,0.7243,0.2763,0.7955,Manual
2080,16,7,106,2022-10-13 05:08:53,96.7,Medium,Rainfall Driven,0.7119,0.652,0.5776,0.2189,0.5404,Alert Triggered
2081,354,36,41,2023-12-04 20:48:06,90.55,Low,Anthropogenic,0.8055,0.4449,0.0701,0.3037,0.8951,Post Event
2082,414,36,133,2022-10-16 21:11:52,53.49,Extreme,Seasonal,0.2107,0.5317,0.2266,0.3443,0.1538,Post Event
2083,189,17,57,2022-05-17 15:28:11,59.6,Low,Earthquake Triggered,0.6027,0.6233,0.5905,0.6921,0.2818,Routine
2084,300,25,17,2022-07-05 10:42:33,16.55,Medium,Anthropogenic,0.9201,0.7915,0.1352,0.7457,0.859,Manual
2085,342,3,169,2021-10-16 16:40:46,7.17,High,Seasonal,0.2649,0.4825,0.0969,0.8124,0.6154,Manual
2086,289,31,68,2022-03-30 17:52:29,53.76,High,Seasonal,0.8451,0.1932,0.0279,0.6951,0.7543,Alert Triggered
2087,415,9,181,2024-10-29 15:16:31,35.35,High,Rainfall Driven,0.2792,0.728,0.8658,0.6413,0.257,Alert Triggered
2088,380,28,37,2020-01-08 03:50:33,67.11,Low,Seasonal,0.3741,0.0352,0.6932,0.4632,0.1904,Post Event
2089,284,35,200,2019-01-06 14:21:38,40.3,Extreme,Rainfall Driven,0.995,0.7342,0.4316,0.7179,0.1035,Manual
2090,343,43,90,2020-11-05 08:12:39,17.63,Extreme,Seasonal,0.029,0.3608,0.9975,0.4696,0.4418,Routine
2091,287,12,136,2018-02-13 11:32:47,20.44,Extreme,Rainfall Driven,0.5206,0.2846,0.196,0.1146,0.7735,Manual
2092,74,43,167,2022-05-29 18:39:36,13.51,High,Anthropogenic,0.8966,0.5301,0.7315,0.8746,0.2108,Alert Triggered
2093,469,21,172,2024-08-22 04:07:14,94.93,Extreme,Seasonal,0.8664,0.3311,0.5453,0.546,0.9142,Routine
2094,307,27,2,2022-07-05 04:58:51,55.75,Medium,Earthquake Triggered,0.4734,0.5025,0.1696,0.7034,0.9416,Post Event
2095,187,36,143,2021-11-03 13:24:20,47.9,Low,Seasonal,0.6646,0.9736,0.0607,0.8592,0.7346,Routine
2096,490,11,46,2024-07-24 09:43:16,55.51,Extreme,Earthquake Triggered,0.0498,0.9606,0.5634,0.2942,0.5403,Routine
2097,173,36,67,2018-10-07 10:33:32,16.4,Medium,Earthquake Triggered,0.9514,0.6382,0.949,0.2034,0.7276,Routine
2098,170,32,116,2021-05-25 15:35:10,91.21,Low,Earthquake Triggered,0.1407,0.9043,0.5353,0.8817,0.3468,Post Event
2099,208,34,44,2024-02-05 20:27:57,15.45,Medium,Earthquake Triggered,0.209,0.218,0.9766,0.8691,0.4722,Post Event
2100,369,35,61,2019-10-17 21:15:07,92.26,Extreme,Anthropogenic,0.5938,0.4748,0.5505,0.823,0.9813,Alert Triggered
2101,353,3,46,2018-06-27 01:23:09,87.8,High,Rainfall Driven,0.6246,0.1937,0.6855,0.0978,0.8213,Routine
2102,401,51,107,2018-09-14 06:25:17,85.93,Extreme,Seasonal,0.5422,0.2878,0.5116,0.3504,0.0154,Manual
2103,179,11,166,2019-09-04 18:23:07,92.87,High,Earthquake Triggered,0.7566,0.1388,0.2653,0.1175,0.7896,Alert Triggered
2104,229,62,102,2021-05-01 22:26:08,20.31,Medium,Anthropogenic,0.5979,0.0927,0.0692,0.3181,0.3443,Routine
2105,349,15,109,2024-06-08 13:49:47,61.58,Medium,Anthropogenic,0.9425,0.2915,0.2127,0.681,0.4052,Routine
2106,122,33,102,2022-12-04 09:53:53,31.89,Medium,Earthquake Triggered,0.5005,0.7305,0.8247,0.3712,0.795,Manual
2107,487,39,149,2022-08-18 16:45:13,96.85,Extreme,Earthquake Triggered,0.1424,0.8764,0.7309,0.3901,0.1811,Routine
2108,69,58,174,2024-08-27 19:32:55,61.33,Extreme,Rainfall Driven,0.1979,0.1845,0.3355,0.655,0.7894,Routine
2109,40,32,5,2020-10-08 13:19:42,49.16,Low,Earthquake Triggered,0.4178,0.3023,0.7778,0.2497,0.8913,Post Event
2110,434,13,169,2023-09-14 09:20:21,64.77,Low,Seasonal,0.7542,0.3096,0.6193,0.6218,0.5745,Alert Triggered
2111,150,17,157,2019-04-17 18:29:21,1.23,Extreme,Seasonal,0.5163,0.3623,0.9635,0.9952,0.6848,Alert Triggered
2112,488,17,178,2019-01-27 12:57:39,7.38,High,Rainfall Driven,0.0736,0.8386,0.8024,0.7793,0.2581,Alert Triggered
2113,253,56,38,2019-10-22 22:16:15,16.66,Medium,Earthquake Triggered,0.9332,0.9623,0.4599,0.9011,0.1988,Alert Triggered
2114,302,59,159,2020-10-22 22:44:29,7.18,Low,Earthquake Triggered,0.1807,0.6273,0.1198,0.7125,0.8992,Alert Triggered
2115,410,11,6,2020-12-13 22:01:39,6.17,Low,Rainfall Driven,0.7597,0.9185,0.2562,0.2695,0.0758,Routine
2116,119,18,126,2024-02-22 20:57:24,10.75,Low,Earthquake Triggered,0.1232,0.2633,0.771,0.3302,0.2204,Post Event
2117,497,32,23,2018-05-27 13:00:20,88.84,Low,Anthropogenic,0.782,0.478,0.8378,0.1806,0.1385,Routine
2118,42,44,21,2023-02-17 16:39:06,89.24,Low,Anthropogenic,0.0544,0.5341,0.2912,0.5022,0.4753,Alert Triggered
2119,261,20,77,2019-07-27 10:11:56,57.63,Medium,Anthropogenic,0.4397,0.2049,0.3143,0.9531,0.8604,Manual
2120,408,59,89,2024-04-18 11:38:46,87.26,High,Anthropogenic,0.3888,0.0227,0.96,0.363,0.1291,Alert Triggered
2121,171,46,190,2020-02-11 08:41:26,97.46,Extreme,Anthropogenic,0.7447,0.3798,0.2139,0.4235,0.2241,Manual
2122,164,2,118,2023-09-11 22:43:27,51.36,Extreme,Seasonal,0.141,0.0576,0.9781,0.0919,0.2633,Manual
2123,19,30,70,2022-02-11 19:35:00,50.84,Medium,Rainfall Driven,0.6994,0.966,0.8778,0.2273,0.2066,Alert Triggered
2124,214,18,33,2024-12-01 12:00:12,31.74,Medium,Earthquake Triggered,0.2766,0.0003,0.3654,0.2981,0.8286,Alert Triggered
2125,423,20,105,2022-07-22 16:54:23,19.92,Extreme,Anthropogenic,0.4425,0.5612,0.3815,0.7093,0.788,Alert Triggered
2126,155,34,28,2024-07-28 00:31:40,59.38,Low,Anthropogenic,0.6649,0.9065,0.4128,0.1469,0.8644,Post Event
2127,458,31,60,2022-09-03 16:51:45,55.1,Extreme,Earthquake Triggered,0.7425,0.4218,0.9925,0.6629,0.3609,Alert Triggered
2128,5,32,6,2024-06-29 10:33:59,43.52,Low,Anthropogenic,0.0385,0.5004,0.1738,0.2481,0.3522,Routine
2129,453,58,52,2024-03-04 07:24:18,57.97,High,Earthquake Triggered,0.3616,0.6643,0.5784,0.5079,0.0353,Alert Triggered
2130,134,20,34,2024-05-02 03:26:13,70.47,Medium,Anthropogenic,0.2317,0.3877,0.1655,0.5812,0.7139,Alert Triggered
2131,143,27,152,2019-07-29 12:16:56,31.13,Low,Earthquake Triggered,0.9463,0.9401,0.9343,0.8986,0.8614,Manual
2132,341,45,59,2024-06-15 16:16:26,12.72,Medium,Anthropogenic,0.6624,0.787,0.668,0.5411,0.0514,Post Event
2133,430,62,154,2020-12-08 05:26:10,74.32,Low,Anthropogenic,0.8906,0.7641,0.4552,0.9883,0.0754,Routine
2134,236,28,94,2018-05-05 04:14:46,98.62,Extreme,Earthquake Triggered,0.8914,0.2523,0.2094,0.7187,0.4187,Routine
2135,283,10,187,2022-10-13 17:34:28,39.04,High,Rainfall Driven,0.1286,0.898,0.5118,0.0908,0.7589,Alert Triggered
2136,382,31,67,2024-07-30 15:46:08,0.79,Extreme,Seasonal,0.0246,0.0491,0.9085,0.2733,0.6883,Manual
2137,233,20,135,2023-09-22 11:41:24,54.36,High,Earthquake Triggered,0.782,0.5816,0.345,0.9061,0.1356,Manual
2138,245,60,190,2018-07-29 12:07:10,71.25,Medium,Anthropogenic,0.3259,0.1265,0.4504,0.8627,0.9039,Post Event
2139,269,36,132,2018-12-18 17:55:45,54.14,Low,Anthropogenic,0.3008,0.2466,0.3012,0.9553,0.4407,Manual
2140,59,29,185,2019-08-04 03:33:26,20.35,Medium,Anthropogenic,0.5854,0.9852,0.9305,0.5738,0.392,Alert Triggered
2141,385,6,118,2023-07-09 12:38:27,79.71,High,Earthquake Triggered,0.713,0.16,0.6203,0.2402,0.0181,Alert Triggered
2142,467,57,161,2024-08-11 06:42:26,40.34,High,Rainfall Driven,0.4956,0.7532,0.8158,0.3958,0.3583,Routine
2143,353,3,46,2022-08-13 14:20:47,4.66,High,Anthropogenic,0.0718,0.9101,0.6565,0.5407,0.8704,Alert Triggered
2144,224,56,9,2018-04-20 23:29:21,38.05,High,Earthquake Triggered,0.8661,0.8509,0.8833,0.3374,0.8912,Post Event
2145,63,21,31,2024-05-08 15:25:10,1.74,Low,Earthquake Triggered,0.1634,0.1717,0.3274,0.7914,0.3531,Manual
2146,28,54,1,2018-03-04 18:28:32,27.9,Low,Earthquake Triggered,0.6629,0.7281,0.4971,0.3551,0.2176,Routine
2147,268,58,54,2022-06-04 20:33:26,90.71,Medium,Anthropogenic,0.1891,0.6958,0.6635,0.8503,0.9472,Routine
2148,117,50,26,2022-01-05 05:27:40,82.64,Low,Anthropogenic,0.4958,0.6347,0.1092,0.2614,0.2235,Routine
2149,3,47,89,2023-04-25 16:11:37,79.22,Medium,Anthropogenic,0.8549,0.1025,0.0641,0.1841,0.6253,Alert Triggered
2150,4,19,99,2019-05-28 17:43:51,40.76,Medium,Anthropogenic,0.9006,0.5593,0.427,0.8343,0.8285,Manual
2151,158,29,46,2022-01-28 11:40:33,29.52,High,Rainfall Driven,0.3761,0.1149,0.0121,0.8572,0.4915,Alert Triggered
2152,430,62,154,2021-12-05 13:30:22,97.02,Extreme,Seasonal,0.6451,0.1385,0.6109,0.1573,0.7915,Manual
2153,173,36,67,2019-06-01 21:21:51,26.93,Low,Seasonal,0.2323,0.1203,0.1143,0.1414,0.2939,Routine
2154,331,24,4,2018-08-15 14:43:55,22.1,Extreme,Rainfall Driven,0.8049,0.1012,0.0034,0.1143,0.9873,Post Event
2155,282,32,188,2020-09-01 15:57:43,61.26,Low,Earthquake Triggered,0.6899,0.4201,0.8804,0.2137,0.1198,Post Event
2156,423,20,105,2018-09-19 12:46:31,14.1,Medium,Earthquake Triggered,0.1737,0.3797,0.8968,0.5611,0.4078,Routine
2157,195,6,103,2020-03-08 03:08:25,41.78,Extreme,Seasonal,0.6531,0.1318,0.7031,0.1999,0.7026,Post Event
2158,424,17,97,2020-09-06 22:03:23,82.46,Medium,Rainfall Driven,0.5248,0.5231,0.0951,0.8487,0.7263,Manual
2159,314,31,119,2022-03-26 20:41:29,64.81,Medium,Anthropogenic,0.2714,0.4852,0.3316,0.5622,0.3468,Alert Triggered
2160,235,36,51,2024-02-18 16:07:45,0.89,High,Earthquake Triggered,0.495,0.0504,0.3419,0.5691,0.4408,Alert Triggered
2161,431,6,167,2021-12-25 09:02:41,8.05,Low,Rainfall Driven,0.2453,0.0207,0.2342,0.0496,0.7056,Manual
2162,73,29,117,2019-03-07 04:07:26,11.17,Medium,Seasonal,0.4963,0.5894,0.6982,0.1623,0.3109,Post Event
2163,330,35,115,2022-09-06 14:11:45,20.08,Medium,Rainfall Driven,0.9324,0.369,0.4094,0.9718,0.1242,Manual
2164,156,3,92,2020-07-20 18:38:10,5.52,Medium,Seasonal,0.4797,0.9574,0.3998,0.0358,0.8382,Post Event
2165,300,25,17,2023-02-07 16:52:21,7.74,Medium,Rainfall Driven,0.2911,0.9235,0.0448,0.6365,0.2959,Post Event
2166,283,10,187,2022-07-03 05:16:49,99.53,Medium,Earthquake Triggered,0.8067,0.6371,0.1424,0.2812,0.5676,Routine
2167,407,21,103,2022-02-19 21:15:00,67.69,Medium,Earthquake Triggered,0.3523,0.8938,0.2845,0.1318,0.8853,Post Event
2168,24,8,16,2019-11-09 01:42:23,99.7,Low,Seasonal,0.1445,0.0129,0.0966,0.5982,0.5092,Post Event
2169,213,8,164,2018-08-09 16:49:14,77.31,Low,Anthropogenic,0.991,0.5551,0.054,0.4492,0.7783,Manual
2170,128,44,137,2022-02-23 23:15:55,12.11,High,Rainfall Driven,0.4848,0.7521,0.0474,0.6349,0.5468,Routine
2171,405,16,122,2024-10-22 10:38:59,5.16,High,Anthropogenic,0.4163,0.682,0.7182,0.432,0.2754,Routine
2172,135,22,126,2022-06-09 22:16:09,56.25,Low,Rainfall Driven,0.0245,0.9359,0.6551,0.7791,0.5125,Routine
2173,256,59,23,2018-04-18 17:09:56,64.38,Low,Seasonal,0.539,0.6041,0.1702,0.7877,0.5942,Alert Triggered
2174,198,52,109,2023-10-22 12:17:26,44.26,High,Seasonal,0.4992,0.5754,0.2088,0.5798,0.7175,Alert Triggered
2175,364,17,72,2019-07-10 23:40:29,54.21,High,Seasonal,0.509,0.1377,0.5929,0.8603,0.7382,Routine
2176,451,41,72,2021-09-19 04:30:12,61.62,Low,Rainfall Driven,0.0827,0.2743,0.6697,0.3654,0.614,Post Event
2177,431,6,167,2022-08-19 07:55:44,57.18,Low,Rainfall Driven,0.3643,0.3093,0.0014,0.1006,0.8976,Manual
2178,404,11,187,2020-04-03 17:31:50,25.46,High,Earthquake Triggered,0.3273,0.5311,0.7097,0.8985,0.7924,Routine
2179,342,3,169,2019-04-05 10:03:29,1.05,Medium,Earthquake Triggered,0.4742,0.9862,0.0655,0.0399,0.4713,Manual
2180,244,42,145,2018-12-13 23:06:24,40.88,High,Seasonal,0.2005,0.7369,0.0231,0.3524,0.1802,Routine
2181,26,28,89,2023-07-28 19:20:26,99.96,Medium,Seasonal,0.2803,0.1001,0.1914,0.0997,0.7619,Alert Triggered
2182,375,28,198,2022-07-28 23:45:00,99.2,Medium,Rainfall Driven,0.1577,0.6274,0.2709,0.9651,0.1018,Post Event
2183,468,11,65,2024-04-06 09:27:45,78.12,High,Seasonal,0.2158,0.1364,0.4263,0.6796,0.8532,Routine
2184,490,11,46,2024-12-27 02:33:22,42.33,High,Seasonal,0.7643,0.9204,0.0816,0.3667,0.9499,Alert Triggered
2185,359,40,191,2024-05-20 08:04:26,56.83,Low,Seasonal,0.2255,0.5455,0.3702,0.5919,0.8282,Post Event
2186,346,34,35,2023-05-02 09:41:28,16.39,High,Anthropogenic,0.2709,0.4497,0.7797,0.0653,0.3998,Routine
2187,403,60,113,2020-11-07 16:46:29,1.37,Low,Earthquake Triggered,0.569,0.9236,0.6467,0.5989,0.3325,Alert Triggered
2188,128,44,137,2022-06-23 19:41:31,99.03,Medium,Earthquake Triggered,0.3289,0.04,0.5144,0.597,0.4715,Post Event
2189,399,2,42,2020-12-30 19:18:27,72.2,High,Rainfall Driven,0.2455,0.1815,0.9316,0.722,0.128,Routine
2190,457,50,77,2019-09-13 06:33:21,96.59,High,Anthropogenic,0.5988,0.9169,0.1133,0.3749,0.0644,Alert Triggered
2191,494,56,85,2022-08-08 06:06:44,88.68,Extreme,Rainfall Driven,0.8932,0.7524,0.8405,0.6482,0.5479,Routine
2192,151,43,151,2018-10-25 19:30:09,85.37,High,Seasonal,0.9916,0.0365,0.6144,0.7089,0.1437,Post Event
2193,83,6,112,2018-11-08 22:50:11,44.01,High,Earthquake Triggered,0.8474,0.1431,0.3665,0.2055,0.9612,Post Event
2194,279,26,161,2023-10-28 18:24:04,45.67,Extreme,Seasonal,0.9898,0.384,0.8204,0.3163,0.7599,Post Event
2195,402,22,111,2021-11-22 18:52:41,30.02,High,Seasonal,0.5425,0.9388,0.0795,0.2577,0.8324,Post Event
2196,331,24,4,2018-02-26 18:53:45,54.33,High,Earthquake Triggered,0.4955,0.003,0.4601,0.7938,0.789,Post Event
2197,380,28,37,2020-11-21 06:32:26,86.65,Medium,Rainfall Driven,0.9356,0.7038,0.6687,0.5599,0.3437,Routine
2198,254,49,65,2023-12-12 14:42:37,97.83,Extreme,Seasonal,0.1213,0.7436,0.1471,0.219,0.1274,Alert Triggered
2199,14,37,174,2020-10-03 07:55:12,22.45,Extreme,Seasonal,0.5509,0.4035,0.8853,0.5903,0.2788,Routine
2200,195,6,103,2022-05-16 14:33:51,98.77,High,Rainfall Driven,0.3148,0.5964,0.6155,0.7366,0.9832,Alert Triggered
2201,281,58,179,2019-12-25 16:04:33,42.72,High,Anthropogenic,0.5472,0.5303,0.9205,0.1918,0.4736,Routine
2202,104,21,45,2021-05-21 21:06:45,37.62,High,Anthropogenic,0.0723,0.5949,0.3565,0.0891,0.6887,Post Event
2203,269,36,132,2020-12-17 15:09:58,12.11,Extreme,Anthropogenic,0.5449,0.6232,0.8762,0.2139,0.4287,Routine
2204,172,39,21,2020-03-10 04:02:34,81.23,Extreme,Earthquake Triggered,0.7962,0.5072,0.9141,0.7854,0.2396,Routine
2205,263,37,176,2020-11-19 03:50:16,75.61,Extreme,Earthquake Triggered,0.4604,0.6524,0.1992,0.0682,0.1866,Post Event
2206,229,62,102,2018-02-11 01:23:58,73.73,Extreme,Seasonal,0.3857,0.3635,0.6391,0.2943,0.8477,Manual
2207,340,31,90,2018-02-05 19:04:55,51.67,Low,Anthropogenic,0.1518,0.7987,0.6068,0.3418,0.1123,Routine
2208,230,59,142,2019-08-25 03:33:01,5.14,High,Rainfall Driven,0.1162,0.0211,0.544,0.1882,0.7621,Alert Triggered
2209,456,7,31,2024-11-26 05:35:01,10.23,Extreme,Earthquake Triggered,0.4741,0.5912,0.3135,0.2261,0.1038,Post Event
2210,63,21,31,2022-10-24 11:17:25,87.16,Extreme,Seasonal,0.986,0.0645,0.5182,0.8034,0.8346,Alert Triggered
2211,151,43,151,2019-01-30 18:29:13,10.59,Medium,Anthropogenic,0.5803,0.5059,0.6478,0.6177,0.4482,Post Event
2212,156,3,92,2021-03-23 06:49:56,42.93,Medium,Anthropogenic,0.3299,0.4586,0.0012,0.4694,0.2055,Post Event
2213,40,32,5,2024-06-16 02:19:14,0.95,Extreme,Earthquake Triggered,0.3321,0.9926,0.6498,0.1859,0.9614,Alert Triggered
2214,96,6,85,2020-07-13 09:39:16,56.15,High,Anthropogenic,0.9606,0.1711,0.4943,0.2258,0.0413,Alert Triggered
2215,103,56,94,2018-07-13 06:22:47,58.25,Medium,Anthropogenic,0.0129,0.0568,0.7458,0.8541,0.185,Alert Triggered
2216,472,50,52,2019-07-12 00:40:16,93.37,Low,Earthquake Triggered,0.6273,0.7347,0.8845,0.2145,0.2952,Alert Triggered
2217,373,44,152,2021-09-25 06:01:46,88.97,Medium,Earthquake Triggered,0.4013,0.0562,0.7315,0.8836,0.0053,Manual
2218,500,17,30,2019-10-03 16:21:30,76.46,Low,Rainfall Driven,0.9767,0.2776,0.7308,0.1981,0.6738,Routine
2219,57,1,26,2020-12-30 08:38:42,60.01,Low,Seasonal,0.9308,0.1249,0.8248,0.5526,0.1181,Routine
2220,467,57,161,2023-06-16 21:34:08,96.44,Low,Earthquake Triggered,0.6263,0.2157,0.2029,0.0096,0.16,Post Event
2221,295,50,111,2020-10-16 12:51:12,70.22,Extreme,Anthropogenic,0.0648,0.4143,0.3273,0.778,0.117,Manual
2222,9,21,42,2021-01-31 00:11:57,58.48,Low,Rainfall Driven,0.2761,0.0245,0.1127,0.2511,0.498,Manual
2223,102,34,123,2024-09-04 05:55:17,78.37,Extreme,Seasonal,0.0637,0.211,0.2128,0.0878,0.839,Manual
2224,138,54,27,2021-09-11 20:04:48,45.59,High,Earthquake Triggered,0.8418,0.0677,0.5748,0.6894,0.3818,Routine
2225,284,35,200,2022-12-15 04:28:09,25.35,High,Rainfall Driven,0.9614,0.2887,0.3831,0.1213,0.4669,Alert Triggered
2226,449,51,29,2024-03-09 10:09:06,7.62,High,Earthquake Triggered,0.4782,0.769,0.9998,0.3429,0.9312,Post Event
2227,358,52,196,2022-02-02 04:28:18,31.93,Low,Rainfall Driven,0.3813,0.5652,0.4816,0.1006,0.0256,Routine
2228,222,50,164,2020-12-04 18:50:19,51.08,Low,Seasonal,0.3762,0.7504,0.2305,0.0276,0.8446,Manual
2229,388,43,25,2022-02-19 18:11:13,16.86,High,Rainfall Driven,0.7769,0.2674,0.771,0.4911,0.3353,Manual
2230,392,54,101,2020-06-12 20:44:22,59.33,High,Rainfall Driven,0.8418,0.7298,0.4348,0.5339,0.8239,Alert Triggered
2231,142,53,88,2019-12-17 06:01:24,39.25,Extreme,Earthquake Triggered,0.6068,0.5869,0.1741,0.1025,0.5072,Routine
2232,126,31,17,2021-08-12 23:24:49,96.35,High,Seasonal,0.7296,0.2584,0.6883,0.7471,0.3046,Manual
2233,331,24,4,2023-11-29 14:06:28,56.89,Extreme,Rainfall Driven,0.9565,0.1716,0.6844,0.5974,0.1116,Routine
2234,221,23,83,2024-03-22 08:07:42,96.72,Low,Anthropogenic,0.5285,0.3751,0.2951,0.827,0.3368,Routine
2235,248,28,104,2018-08-31 10:42:14,53.11,Extreme,Anthropogenic,0.4549,0.0956,0.2708,0.3784,0.1422,Post Event
2236,28,54,1,2019-01-11 18:53:21,17.59,High,Earthquake Triggered,0.0433,0.7837,0.9072,0.5728,0.7703,Post Event
2237,263,37,176,2020-03-18 02:03:30,69.42,Extreme,Anthropogenic,0.7404,0.266,0.842,0.6351,0.2339,Alert Triggered
2238,39,4,196,2018-02-28 12:40:32,12.02,Low,Rainfall Driven,0.2348,0.6483,0.2722,0.0492,0.3062,Alert Triggered
2239,446,57,11,2019-11-03 10:51:21,32.03,Extreme,Earthquake Triggered,0.6887,0.4486,0.5825,0.426,0.6291,Routine
2240,34,25,173,2021-05-02 10:41:31,57.82,Low,Rainfall Driven,0.7155,0.6762,0.9765,0.3419,0.0823,Alert Triggered
2241,126,31,17,2022-05-03 16:49:25,19.2,Medium,Rainfall Driven,0.4757,0.5692,0.256,0.7956,0.0845,Alert Triggered
2242,69,58,174,2020-11-22 06:46:23,98.72,Extreme,Seasonal,0.0323,0.8014,0.9843,0.2305,0.5043,Alert Triggered
2243,27,58,98,2019-05-30 11:56:46,46.2,High,Anthropogenic,0.8193,0.3385,0.0431,0.097,0.3763,Alert Triggered
2244,80,56,146,2024-11-22 07:26:38,61.66,Low,Anthropogenic,0.1951,0.1129,0.5911,0.4624,0.6498,Alert Triggered
2245,27,58,98,2024-09-18 19:53:38,91.18,High,Seasonal,0.4941,0.2148,0.3092,0.8308,0.8852,Routine
2246,465,39,64,2022-09-08 20:21:40,59.14,Low,Seasonal,0.7121,0.27,0.5866,0.19,0.4666,Post Event
2247,186,38,65,2021-07-12 01:31:56,81.79,High,Anthropogenic,0.8653,0.9629,0.0426,0.5636,0.8909,Routine
2248,90,62,16,2022-07-03 03:31:50,44.35,Medium,Earthquake Triggered,0.9604,0.5107,0.7008,0.3746,0.8559,Post Event
2249,396,28,6,2022-12-19 19:49:31,29.72,Medium,Seasonal,0.1114,0.5825,0.0231,0.5779,0.8854,Routine
2250,488,17,178,2019-09-23 04:19:00,44.65,High,Anthropogenic,0.3498,0.8496,0.0756,0.7385,0.4251,Routine
2251,195,6,103,2022-03-15 02:34:15,82.22,Medium,Anthropogenic,0.3385,0.8418,0.0704,0.5405,0.1346,Post Event
2252,17,21,74,2023-04-07 16:27:46,90.86,Extreme,Anthropogenic,0.2726,0.5357,0.9016,0.2576,0.0763,Alert Triggered
2253,108,42,195,2019-07-09 17:42:42,85.76,High,Earthquake Triggered,0.2332,0.6507,0.3702,0.4738,0.3521,Routine
2254,22,26,176,2023-05-06 11:50:13,34.89,Low,Rainfall Driven,0.7292,0.3422,0.365,0.1068,0.2808,Routine
2255,141,24,174,2024-12-02 21:54:14,76.92,Medium,Anthropogenic,0.6003,0.3793,0.8962,0.7233,0.2846,Manual
2256,149,8,25,2024-07-07 05:14:02,41.07,Low,Earthquake Triggered,0.5981,0.2887,0.6034,0.847,0.8336,Post Event
2257,389,28,24,2021-09-16 23:15:19,82.61,High,Seasonal,0.7608,0.6417,0.4755,0.2594,0.4858,Routine
2258,181,10,150,2024-10-28 23:32:10,71.62,Low,Anthropogenic,0.6588,0.5034,0.2953,0.2216,0.4182,Routine
2259,70,32,37,2020-12-22 01:06:10,34.64,Low,Seasonal,0.9951,0.4688,0.1079,0.3518,0.2724,Alert Triggered
2260,308,8,39,2019-08-15 17:55:53,90.72,Medium,Rainfall Driven,0.7574,0.8642,0.8483,0.6941,0.5447,Post Event
2261,447,12,2,2019-08-08 09:51:30,20.7,Extreme,Rainfall Driven,0.0735,0.3715,0.0187,0.2857,0.3894,Alert Triggered
2262,362,55,112,2019-07-18 02:45:43,98.13,Medium,Anthropogenic,0.5257,0.4321,0.8371,0.0951,0.7135,Post Event
2263,81,61,102,2019-11-26 02:32:46,42.12,Medium,Earthquake Triggered,0.8402,0.6338,0.1686,0.4012,0.1074,Manual
2264,24,8,16,2023-02-17 09:20:07,58.5,Low,Rainfall Driven,0.0854,0.3988,0.7646,0.6336,0.1853,Alert Triggered
2265,114,44,122,2018-07-28 11:11:11,24.09,Medium,Earthquake Triggered,0.2078,0.3582,0.6633,0.9136,0.9333,Post Event
2266,257,50,77,2018-01-10 12:39:55,34.2,Extreme,Anthropogenic,0.9021,0.0914,0.8028,0.5128,0.5366,Manual
2267,37,17,142,2024-12-30 15:59:22,27.71,Extreme,Anthropogenic,0.3106,0.3337,0.4326,0.0011,0.1754,Alert Triggered
2268,401,51,107,2024-04-14 04:34:39,12.2,Low,Anthropogenic,0.4649,0.4654,0.3946,0.7827,0.8033,Routine
2269,262,52,10,2018-03-10 04:18:47,61.78,Medium,Rainfall Driven,0.3826,0.7938,0.4114,0.0648,0.3961,Alert Triggered
2270,40,32,5,2019-06-09 15:14:38,74.15,Extreme,Seasonal,0.931,0.9938,0.2325,0.6495,0.5086,Routine
2271,359,40,191,2022-08-29 16:25:59,70.03,High,Seasonal,0.6587,0.8359,0.1118,0.5527,0.3777,Alert Triggered
2272,135,22,126,2023-10-21 06:50:26,16.74,Medium,Anthropogenic,0.2005,0.2824,0.003,0.9389,0.6026,Alert Triggered
2273,409,6,10,2024-10-24 03:59:19,68.95,High,Seasonal,0.2903,0.5415,0.526,0.5712,0.3336,Routine
2274,185,1,182,2021-09-10 21:07:28,90.26,Medium,Anthropogenic,0.3468,0.1223,0.6262,0.5906,0.7123,Alert Triggered
2275,46,15,20,2023-05-07 00:22:06,4.85,Extreme,Earthquake Triggered,0.8004,0.7652,0.8177,0.1932,0.349,Routine
2276,386,9,55,2023-05-24 08:01:47,85.3,Medium,Earthquake Triggered,0.3318,0.0526,0.9237,0.2261,0.5427,Post Event
2277,145,47,64,2022-04-04 13:39:44,87.16,Low,Anthropogenic,0.0115,0.4673,0.0402,0.2603,0.4986,Manual
2278,337,59,92,2019-04-17 18:21:15,21.16,High,Rainfall Driven,0.8968,0.2618,0.7682,0.6133,0.6748,Routine
2279,283,10,187,2021-01-10 20:25:37,42.2,Low,Anthropogenic,0.9244,0.8361,0.6602,0.1803,0.3763,Manual
2280,200,32,109,2021-01-30 17:04:30,22.18,Low,Seasonal,0.0137,0.7807,0.5798,0.4686,0.3004,Routine
2281,232,47,148,2021-05-02 20:51:56,88.37,High,Anthropogenic,0.7776,0.1566,0.1462,0.102,0.4209,Post Event
2282,127,21,175,2021-09-13 21:44:50,35.65,High,Seasonal,0.8558,0.5093,0.9385,0.4187,0.9902,Post Event
2283,469,21,172,2021-03-01 17:50:32,46.49,High,Anthropogenic,0.5339,0.7739,0.1777,0.9155,0.2656,Alert Triggered
2284,54,13,152,2020-12-30 07:08:47,90.99,High,Seasonal,0.5388,0.9063,0.7814,0.2185,0.997,Alert Triggered
2285,274,38,106,2022-07-17 05:53:12,53.44,Low,Rainfall Driven,0.3187,0.3531,0.5934,0.3944,0.1057,Manual
2286,383,6,53,2020-11-30 12:58:37,98.4,Low,Seasonal,0.4141,0.0447,0.9335,0.3042,0.4237,Post Event
2287,398,46,16,2019-05-19 04:23:10,6.12,Medium,Anthropogenic,0.2446,0.321,0.8585,0.175,0.3867,Post Event
2288,166,39,23,2019-10-31 22:11:17,45.1,High,Rainfall Driven,0.5548,0.3697,0.6252,0.0395,0.8988,Post Event
2289,321,24,173,2020-10-05 17:02:18,52.75,High,Seasonal,0.677,0.1931,0.9337,0.607,0.0656,Post Event
2290,11,53,175,2021-10-12 21:02:53,59.05,Extreme,Seasonal,0.8188,0.2831,0.6312,0.4119,0.0948,Routine
2291,222,50,164,2021-04-12 19:06:28,95.9,Low,Earthquake Triggered,0.0363,0.2202,0.7845,0.3902,0.4962,Post Event
2292,293,43,20,2018-05-14 06:37:29,86.07,Medium,Seasonal,0.2203,0.877,0.5426,0.654,0.1717,Manual
2293,188,26,87,2020-04-13 16:27:23,59.61,Extreme,Seasonal,0.6929,0.775,0.0027,0.7309,0.4089,Manual
2294,95,4,200,2019-02-07 08:21:37,58.85,Medium,Anthropogenic,0.5319,0.9795,0.6135,0.5791,0.7697,Alert Triggered
2295,126,31,17,2020-11-10 18:14:37,98.42,Extreme,Rainfall Driven,0.7515,0.3589,0.1887,0.047,0.2256,Routine
2296,349,15,109,2022-08-21 00:37:09,84.59,Low,Seasonal,0.9135,0.6156,0.1728,0.0475,0.4486,Post Event
2297,356,42,80,2019-07-07 19:52:07,79.41,Medium,Earthquake Triggered,0.1949,0.0477,0.201,0.0178,0.389,Manual
2298,217,47,11,2018-04-23 16:12:45,89.1,Low,Rainfall Driven,0.8145,0.6193,0.54,0.6911,0.6879,Alert Triggered
2299,499,9,137,2018-02-19 14:33:15,48.85,Low,Anthropogenic,0.2244,0.9087,0.2298,0.5052,0.5076,Manual
2300,226,5,56,2020-12-07 13:01:21,10.42,Extreme,Anthropogenic,0.1285,0.1966,0.7561,0.8088,0.3195,Manual
2301,132,29,71,2018-07-13 10:15:08,12.58,Extreme,Seasonal,0.2134,0.0822,0.8936,0.357,0.6935,Post Event
2302,121,57,146,2022-09-02 05:51:42,22.97,Low,Seasonal,0.8301,0.657,0.648,0.5877,0.5793,Manual
2303,94,33,13,2018-05-19 20:44:25,78.73,Medium,Rainfall Driven,0.2834,0.4397,0.7693,0.3302,0.1922,Routine
2304,41,34,39,2019-10-12 00:17:31,71.58,Medium,Anthropogenic,0.6891,0.9904,0.4803,0.4521,0.4647,Routine
2305,450,35,97,2019-04-23 17:39:13,92.65,Extreme,Seasonal,0.3843,0.4389,0.5402,0.2035,0.4224,Post Event
2306,79,42,14,2022-05-17 19:32:11,61.99,Medium,Earthquake Triggered,0.0278,0.8931,0.8202,0.244,0.1109,Manual
2307,249,34,138,2023-12-30 04:47:41,6.73,Low,Seasonal,0.742,0.3535,0.0316,0.8431,0.5753,Routine
2308,380,28,37,2018-02-20 07:35:56,33.97,High,Anthropogenic,0.1521,0.2673,0.1231,0.4951,0.3581,Post Event
2309,400,48,93,2018-02-23 19:38:03,2.91,High,Rainfall Driven,0.4108,0.5557,0.4201,0.8864,0.3104,Manual
2310,269,36,132,2024-01-03 09:04:49,93.42,High,Anthropogenic,0.1745,0.9609,0.9355,0.31,0.5684,Manual
2311,122,33,102,2024-08-16 10:57:04,84.07,Medium,Earthquake Triggered,0.1625,0.6158,0.5127,0.2,0.5259,Post Event
2312,106,23,82,2022-06-09 03:52:03,65.77,Extreme,Seasonal,0.9151,0.6974,0.1684,0.7445,0.3807,Post Event
2313,231,52,77,2024-09-21 08:58:01,31.69,Medium,Seasonal,0.9386,0.8093,0.7301,0.1321,0.4079,Manual
2314,352,17,139,2019-02-18 10:59:11,42.82,Low,Earthquake Triggered,0.3683,0.9693,0.7105,0.585,0.6268,Post Event
2315,302,59,159,2019-06-09 02:05:13,68.42,High,Seasonal,0.1973,0.8636,0.2048,0.6502,0.1381,Alert Triggered
2316,63,21,31,2021-11-29 20:02:20,77.64,Extreme,Earthquake Triggered,0.3563,0.6843,0.4144,0.4814,0.3533,Manual
2317,77,47,55,2020-01-03 05:21:02,39.95,Low,Earthquake Triggered,0.0119,0.6036,0.9162,0.2172,0.0975,Manual
2318,473,11,186,2020-10-09 09:21:36,35.6,High,Seasonal,0.9833,0.1115,0.3339,0.8055,0.9363,Manual
2319,100,35,189,2019-04-28 02:38:42,99.14,Extreme,Earthquake Triggered,0.0379,0.9448,0.5168,0.7806,0.2694,Routine
2320,322,11,71,2023-11-18 20:57:28,90.22,Medium,Earthquake Triggered,0.8579,0.7165,0.6922,0.3401,0.0611,Alert Triggered
2321,18,60,192,2019-02-24 18:51:30,57.82,Medium,Anthropogenic,0.5535,0.2874,0.8623,0.6327,0.5171,Routine
2322,312,23,70,2023-07-02 17:23:29,6.07,High,Earthquake Triggered,0.0169,0.0246,0.0681,0.155,0.1909,Alert Triggered
2323,74,43,167,2021-01-15 08:44:29,46.04,High,Rainfall Driven,0.1843,0.0575,0.4885,0.1935,0.8721,Manual
2324,116,34,118,2023-01-29 17:15:18,78.39,Extreme,Rainfall Driven,0.695,0.9879,0.1574,0.3656,0.8919,Post Event
2325,124,27,132,2024-08-07 10:43:20,58.97,High,Anthropogenic,0.5293,0.6727,0.5991,0.012,0.442,Post Event
2326,440,51,33,2023-12-14 01:15:35,42.84,Low,Earthquake Triggered,0.6796,0.4089,0.4181,0.2136,0.8631,Alert Triggered
2327,219,16,41,2019-02-19 12:03:54,11.75,Medium,Anthropogenic,0.8083,0.8302,0.6921,0.9963,0.8953,Post Event
2328,101,61,146,2020-07-07 19:44:31,11.96,Extreme,Seasonal,0.2481,0.2167,0.3896,0.1267,0.9565,Post Event
2329,72,18,83,2024-08-25 18:23:14,67.75,Extreme,Earthquake Triggered,0.454,0.8198,0.3949,0.1169,0.7647,Routine
2330,168,14,106,2023-12-08 03:40:06,22.28,Extreme,Earthquake Triggered,0.5489,0.0735,0.5059,0.8243,0.9612,Manual
2331,276,62,104,2019-08-26 02:06:52,98.74,High,Rainfall Driven,0.9743,0.0963,0.8327,0.7915,0.38,Manual
2332,4,19,99,2019-04-18 15:53:33,14.33,High,Rainfall Driven,0.7297,0.2657,0.6435,0.6669,0.5877,Routine
2333,175,3,57,2021-11-19 18:39:18,95.08,High,Rainfall Driven,0.2496,0.812,0.0809,0.1082,0.888,Routine
2334,157,27,176,2022-11-16 19:38:16,87.08,Low,Anthropogenic,0.4575,0.1688,0.8811,0.3805,0.3948,Routine
2335,489,48,54,2019-07-01 04:10:01,74.34,Extreme,Seasonal,0.3586,0.5403,0.3872,0.3865,0.5051,Manual
2336,123,54,67,2020-03-23 10:46:15,40.8,Medium,Rainfall Driven,0.7356,0.3533,0.6875,0.3328,0.9342,Alert Triggered
2337,113,30,68,2022-07-30 22:11:19,80.36,Extreme,Earthquake Triggered,0.1654,0.6686,0.99,0.7211,0.329,Alert Triggered
2338,142,53,88,2019-05-20 08:52:49,4.14,Medium,Rainfall Driven,0.829,0.306,0.0418,0.5287,0.8552,Manual
2339,269,36,132,2018-10-26 06:50:43,79.57,Extreme,Earthquake Triggered,0.1721,0.5071,0.989,0.6833,0.4656,Post Event
2340,70,32,37,2020-01-22 11:49:22,86.27,Extreme,Rainfall Driven,0.2353,0.5651,0.8996,0.8617,0.9069,Routine
2341,500,17,30,2019-04-17 21:18:31,4.41,Medium,Earthquake Triggered,0.5774,0.307,0.7044,0.8718,0.2544,Manual
2342,123,54,67,2019-03-25 23:11:24,75.95,Extreme,Seasonal,0.8985,0.5278,0.9036,0.966,0.913,Alert Triggered
2343,359,40,191,2019-12-30 01:54:11,94.95,Extreme,Rainfall Driven,0.5632,0.5223,0.6623,0.1083,0.0659,Routine
2344,69,58,174,2021-06-27 12:50:19,15.35,Medium,Earthquake Triggered,0.5692,0.6662,0.5801,0.3406,0.9189,Alert Triggered
2345,223,44,128,2022-02-10 01:16:16,31.75,Low,Earthquake Triggered,0.7859,0.2176,0.7838,0.931,0.219,Alert Triggered
2346,39,4,196,2024-03-31 01:42:52,51.85,Medium,Earthquake Triggered,0.3077,0.9234,0.1525,0.0987,0.709,Routine
2347,10,27,150,2024-09-21 22:28:26,36.57,Low,Anthropogenic,0.1839,0.6688,0.8249,0.6945,0.6316,Post Event
2348,91,53,101,2023-06-20 00:49:07,93.65,Low,Anthropogenic,0.6437,0.7745,0.596,0.0917,0.0836,Manual
2349,144,5,67,2023-02-09 08:32:11,34.19,Medium,Seasonal,0.6532,0.7499,0.8377,0.533,0.8342,Manual
2350,425,4,82,2021-10-09 06:50:39,33.48,Low,Earthquake Triggered,0.2559,0.1802,0.9789,0.0805,0.2196,Routine
2351,403,60,113,2019-09-27 21:52:41,68.27,High,Anthropogenic,0.7942,0.3177,0.4049,0.1969,0.3685,Routine
2352,275,43,172,2019-10-11 23:55:57,0.15,Low,Rainfall Driven,0.624,0.1444,0.9749,0.7621,0.5978,Post Event
2353,243,37,40,2018-06-12 07:36:17,27.25,High,Rainfall Driven,0.7809,0.9065,0.8042,0.4983,0.9361,Manual
2354,34,25,173,2018-05-15 14:41:21,84.44,Medium,Earthquake Triggered,0.0954,0.2277,0.2831,0.2081,0.6234,Manual
2355,347,36,105,2020-03-01 11:39:00,68.55,Medium,Rainfall Driven,0.5556,0.6346,0.5576,0.3686,0.8377,Routine
2356,292,43,56,2019-11-29 10:41:24,71.98,Extreme,Anthropogenic,0.4576,0.392,0.0874,0.2884,0.7029,Routine
2357,238,31,6,2022-05-12 18:26:27,43.41,Extreme,Rainfall Driven,0.538,0.9989,0.2651,0.0749,0.3932,Manual
2358,82,20,21,2021-11-10 22:44:50,89.43,Medium,Earthquake Triggered,0.775,0.7359,0.4256,0.5515,0.3042,Routine
2359,499,9,137,2022-11-24 03:12:10,23.16,Medium,Anthropogenic,0.7221,0.1904,0.0535,0.9797,0.1094,Routine
2360,139,3,141,2018-08-26 13:24:51,62.81,Low,Seasonal,0.1487,0.7255,0.76,0.0751,0.4257,Routine
2361,216,25,198,2023-08-31 01:52:38,38.29,Extreme,Rainfall Driven,0.6733,0.7473,0.7356,0.6194,0.9581,Manual
2362,408,59,89,2024-08-19 17:23:19,97.61,Medium,Anthropogenic,0.5576,0.9352,0.1494,0.5979,0.0491,Routine
2363,288,37,188,2021-06-15 15:36:52,60.82,Low,Rainfall Driven,0.1103,0.5362,0.7204,0.2745,0.1485,Post Event
2364,40,32,5,2020-10-18 01:02:14,64.7,Medium,Rainfall Driven,0.2764,0.1121,0.0898,0.0671,0.6123,Manual
2365,121,57,146,2023-09-13 02:14:27,69.49,Medium,Earthquake Triggered,0.931,0.6617,0.5947,0.8026,0.4249,Routine
2366,465,39,64,2024-10-08 02:09:20,10.61,Medium,Seasonal,0.6066,0.8757,0.1285,0.4105,0.5565,Post Event
2367,202,36,146,2020-06-27 15:15:26,93.96,High,Seasonal,0.9277,0.3959,0.1121,0.1392,0.5484,Alert Triggered
2368,164,2,118,2020-02-01 02:27:13,24.82,High,Earthquake Triggered,0.9327,0.0956,0.009,0.4995,0.4448,Routine
2369,274,38,106,2023-12-23 09:51:57,25.88,High,Seasonal,0.6949,0.7839,0.9871,0.1845,0.3143,Alert Triggered
2370,321,24,173,2018-06-22 05:07:55,96.43,High,Anthropogenic,0.6814,0.106,0.292,0.8118,0.0574,Post Event
2371,196,48,62,2018-02-27 20:05:00,66.6,Low,Rainfall Driven,0.5182,0.4409,0.8343,0.3596,0.9859,Manual
2372,10,27,150,2022-08-25 19:49:24,78.07,Low,Earthquake Triggered,0.1403,0.7886,0.8545,0.0075,0.2198,Routine
2373,200,32,109,2021-12-23 21:47:07,36.59,Extreme,Earthquake Triggered,0.6879,0.9732,0.1898,0.4297,0.703,Post Event
2374,398,46,16,2023-05-23 16:33:07,28.06,High,Earthquake Triggered,0.6596,0.7871,0.1226,0.6507,0.4285,Post Event
2375,418,51,97,2021-05-24 22:19:14,54.73,High,Seasonal,0.8966,0.3644,0.221,0.2924,0.3061,Manual
2376,113,30,68,2021-01-08 12:46:23,27.11,Extreme,Earthquake Triggered,0.3575,0.3333,0.204,0.4747,0.8944,Alert Triggered
2377,265,14,135,2019-05-08 23:47:35,45.52,High,Rainfall Driven,0.815,0.0663,0.5754,0.3343,0.0553,Alert Triggered
2378,58,19,107,2020-09-13 04:45:52,50.4,High,Rainfall Driven,0.5877,0.3201,0.0001,0.7568,0.6465,Routine
2379,6,1,28,2022-05-25 08:43:17,17.43,Extreme,Earthquake Triggered,0.5101,0.3091,0.6975,0.4042,0.0282,Routine
2380,408,59,89,2020-11-18 03:39:16,55.1,High,Rainfall Driven,0.8226,0.8507,0.3933,0.528,0.1415,Post Event
2381,138,54,27,2019-05-02 17:36:20,2.65,Low,Earthquake Triggered,0.1031,0.4673,0.4308,0.5754,0.6811,Post Event
2382,373,44,152,2019-09-27 23:42:55,11.55,Medium,Rainfall Driven,0.4104,0.2561,0.4663,0.8508,0.4285,Post Event
2383,395,53,5,2023-02-28 15:21:41,60.0,Medium,Anthropogenic,0.6648,0.6132,0.3269,0.1814,0.5962,Routine
2384,107,47,1,2021-10-02 10:36:10,35.38,High,Earthquake Triggered,0.8991,0.512,0.0507,0.0821,0.8428,Routine
2385,76,7,81,2018-02-04 21:59:38,72.64,High,Seasonal,0.5251,0.3691,0.1674,0.9668,0.4093,Post Event
2386,471,58,173,2022-10-13 14:26:05,1.98,Medium,Seasonal,0.3318,0.3859,0.8477,0.1559,0.8813,Post Event
2387,381,58,43,2022-05-04 06:33:27,12.46,Medium,Earthquake Triggered,0.0454,0.5538,0.2479,0.545,0.3286,Post Event
2388,158,29,46,2021-07-13 13:23:33,79.16,Low,Seasonal,0.8308,0.4619,0.241,0.4769,0.6255,Alert Triggered
2389,174,33,3,2018-10-29 13:16:49,93.64,High,Anthropogenic,0.7035,0.1897,0.9644,0.9339,0.7004,Alert Triggered
2390,291,54,18,2021-02-17 08:29:19,21.57,High,Seasonal,0.7505,0.4088,0.3562,0.847,0.0969,Post Event
2391,342,3,169,2024-08-15 12:06:57,6.98,Medium,Anthropogenic,0.7048,0.8812,0.4165,0.3632,0.3218,Manual
2392,259,40,145,2020-09-01 16:47:35,2.33,Extreme,Earthquake Triggered,0.1119,0.345,0.1049,0.4101,0.0107,Post Event
2393,236,28,94,2021-05-20 17:00:22,6.6,Low,Rainfall Driven,0.1045,0.7181,0.5882,0.3464,0.2322,Routine
2394,293,43,20,2022-11-02 06:17:01,66.07,Extreme,Earthquake Triggered,0.6188,0.4019,0.5833,0.3732,0.2297,Routine
2395,484,10,49,2019-04-17 21:50:53,80.68,High,Anthropogenic,0.5015,0.7369,0.6918,0.069,0.3594,Alert Triggered
2396,126,31,17,2021-08-24 14:39:08,0.11,High,Anthropogenic,0.5043,0.0044,0.3729,0.925,0.5167,Routine
2397,153,27,155,2024-05-04 12:11:50,7.85,Medium,Earthquake Triggered,0.8622,0.2267,0.7099,0.501,0.8296,Routine
2398,272,61,58,2020-10-01 04:06:51,15.79,High,Rainfall Driven,0.4653,0.498,0.9956,0.5344,0.6949,Post Event
2399,71,21,149,2023-10-09 11:51:34,66.4,Low,Seasonal,0.3377,0.9807,0.9803,0.2316,0.1435,Alert Triggered
2400,468,11,65,2020-02-27 02:31:10,23.88,Extreme,Rainfall Driven,0.2796,0.8738,0.1106,0.3072,0.5506,Manual
2401,466,40,45,2022-06-15 00:48:50,55.7,High,Anthropogenic,0.2367,0.3136,0.574,0.4305,0.9036,Routine
2402,106,23,82,2020-03-09 16:53:31,53.17,High,Seasonal,0.6245,0.5482,0.1407,0.1695,0.9934,Routine
2403,168,14,106,2024-10-13 02:25:11,20.7,Low,Anthropogenic,0.5468,0.805,0.9961,0.4612,0.5336,Routine
2404,427,53,119,2020-09-03 13:49:26,90.71,Medium,Earthquake Triggered,0.9607,0.1505,0.483,0.2496,0.4712,Manual
2405,97,59,48,2023-08-21 09:06:13,98.56,Medium,Earthquake Triggered,0.0537,0.2607,0.4571,0.0864,0.6451,Post Event
2406,271,46,195,2021-04-30 21:51:15,35.07,Low,Rainfall Driven,0.9429,0.7642,0.4272,0.1937,0.3811,Routine
2407,342,3,169,2022-11-24 05:49:52,16.39,High,Earthquake Triggered,0.8064,0.3435,0.7892,0.4504,0.0585,Routine
2408,170,32,116,2020-01-17 12:46:49,66.01,Extreme,Earthquake Triggered,0.6752,0.8601,0.7948,0.1483,0.3354,Manual
2409,179,11,166,2020-06-03 09:28:35,0.45,Extreme,Anthropogenic,0.3005,0.7701,0.4128,0.2396,0.7577,Post Event
2410,382,31,67,2022-04-26 07:06:46,61.12,Low,Anthropogenic,0.0197,0.0165,0.3097,0.8824,0.4313,Routine
2411,155,34,28,2019-09-06 17:18:42,95.45,Low,Earthquake Triggered,0.2672,0.2008,0.5938,0.1334,0.3274,Alert Triggered
2412,7,33,116,2022-11-05 06:11:59,74.61,Medium,Anthropogenic,0.8041,0.343,0.0858,0.4784,0.7345,Routine
2413,389,28,24,2018-09-13 00:44:18,99.91,High,Seasonal,0.8437,0.1712,0.6184,0.9194,0.7042,Manual
2414,277,10,116,2022-06-18 18:39:00,11.09,Medium,Anthropogenic,0.3265,0.1096,0.0301,0.9802,0.9659,Routine
2415,164,2,118,2024-08-31 06:00:56,1.73,Low,Seasonal,0.0108,0.3395,0.0798,0.6218,0.9291,Manual
2416,76,7,81,2022-10-25 15:26:50,0.98,Extreme,Seasonal,0.2174,0.6374,0.6231,0.4545,0.9642,Manual
2417,192,15,156,2024-08-11 14:52:12,58.06,Medium,Seasonal,0.7097,0.8099,0.4996,0.3523,0.1267,Routine
2418,369,35,61,2019-05-31 17:39:25,86.33,Low,Seasonal,0.6327,0.8825,0.5971,0.2311,0.7149,Routine
2419,276,62,104,2023-11-21 00:59:24,11.2,Medium,Seasonal,0.8225,0.7722,0.4162,0.8472,0.2597,Post Event
2420,255,6,154,2023-04-13 04:53:03,63.75,Extreme,Anthropogenic,0.7206,0.2309,0.819,0.893,0.0716,Alert Triggered
2421,247,49,4,2018-06-29 15:50:29,3.89,Medium,Rainfall Driven,0.2934,0.7425,0.0691,0.2987,0.0753,Alert Triggered
2422,301,14,168,2024-04-14 05:35:12,86.71,High,Earthquake Triggered,0.1098,0.5809,0.2168,0.9927,0.6342,Manual
2423,153,27,155,2019-09-28 02:18:00,27.01,High,Earthquake Triggered,0.5054,0.6298,0.1744,0.2423,0.2993,Alert Triggered
2424,103,56,94,2023-07-04 23:59:53,94.47,Extreme,Anthropogenic,0.2493,0.9929,0.1663,0.6208,0.5353,Manual
2425,128,44,137,2022-05-19 06:07:45,30.14,Extreme,Earthquake Triggered,0.7326,0.1961,0.7121,0.6477,0.6011,Routine
2426,223,44,128,2019-03-28 10:14:56,71.53,Medium,Earthquake Triggered,0.8972,0.9146,0.4509,0.5265,0.8678,Routine
2427,378,36,16,2024-04-08 00:59:18,30.2,Low,Earthquake Triggered,0.157,0.499,0.8894,0.1639,0.0906,Routine
2428,301,14,168,2020-09-05 00:27:49,68.52,Extreme,Anthropogenic,0.2474,0.1611,0.2235,0.3505,0.4397,Manual
2429,313,39,41,2019-01-29 16:43:02,21.38,Extreme,Seasonal,0.2802,0.0121,0.4566,0.587,0.0537,Manual
2430,456,7,31,2023-07-06 20:33:13,97.41,Medium,Rainfall Driven,0.6102,0.0423,0.9772,0.0345,0.0623,Post Event
2431,322,11,71,2024-08-12 05:29:42,28.02,Extreme,Seasonal,0.6095,0.0248,0.3181,0.8581,0.9975,Manual
2432,79,42,14,2021-08-04 02:35:15,60.08,Extreme,Anthropogenic,0.6041,0.7028,0.5002,0.5692,0.8652,Routine
2433,286,9,158,2020-11-17 13:06:29,11.87,Low,Earthquake Triggered,0.1388,0.2034,0.8914,0.6124,0.5972,Routine
2434,117,50,26,2024-07-08 00:40:30,16.6,Medium,Anthropogenic,0.1637,0.4686,0.6003,0.3711,0.758,Routine
2435,134,20,34,2022-01-04 03:37:21,5.38,High,Earthquake Triggered,0.6059,0.7261,0.6443,0.9523,0.0507,Alert Triggered
2436,445,22,49,2023-07-28 18:42:45,42.1,Medium,Seasonal,0.3362,0.274,0.9142,0.5367,0.9897,Post Event
2437,341,45,59,2023-03-17 23:34:22,82.57,High,Earthquake Triggered,0.5709,0.174,0.665,0.5998,0.3527,Alert Triggered
2438,35,45,155,2019-03-31 07:27:21,59.96,Low,Anthropogenic,0.5911,0.6597,0.186,0.2014,0.2644,Manual
2439,485,57,10,2023-01-23 00:48:04,17.02,Medium,Seasonal,0.4374,0.5716,0.4362,0.895,0.9287,Manual
2440,303,32,153,2019-10-14 06:43:27,68.61,Medium,Rainfall Driven,0.9164,0.3178,0.8759,0.3099,0.3208,Post Event
2441,390,28,21,2024-12-12 09:01:52,28.1,Low,Anthropogenic,0.9272,0.2119,0.2767,0.5803,0.3241,Post Event
2442,377,24,150,2021-12-30 20:18:36,82.72,Low,Rainfall Driven,0.5332,0.4787,0.9653,0.1413,0.2275,Alert Triggered
2443,15,17,192,2019-06-22 20:50:30,48.86,High,Rainfall Driven,0.7716,0.5341,0.9475,0.5521,0.2652,Routine
2444,371,53,42,2018-03-22 08:29:57,35.3,Medium,Rainfall Driven,0.5765,0.3751,0.1663,0.0806,0.8128,Routine
2445,248,28,104,2023-04-10 11:19:08,6.42,Medium,Anthropogenic,0.1033,0.15,0.2936,0.6248,0.3782,Routine
2446,435,55,174,2020-05-27 11:05:10,53.3,Extreme,Anthropogenic,0.8947,0.0298,0.2366,0.2184,0.7908,Manual
2447,19,30,70,2023-10-13 21:41:27,41.55,Extreme,Anthropogenic,0.8311,0.0535,0.9502,0.2594,0.0432,Routine
2448,122,33,102,2024-01-24 05:34:41,17.65,Low,Seasonal,0.85,0.4233,0.6177,0.2696,0.0617,Post Event
2449,96,6,85,2024-02-07 13:20:26,19.55,Medium,Earthquake Triggered,0.2256,0.7079,0.12,0.7265,0.5939,Manual
2450,447,12,2,2019-10-10 21:31:23,26.47,High,Rainfall Driven,0.433,0.6553,0.9177,0.638,0.8195,Post Event
2451,34,25,173,2022-05-07 11:04:22,8.92,High,Anthropogenic,0.1638,0.8704,0.5856,0.8962,0.0615,Manual
2452,51,20,124,2023-04-04 16:42:46,67.84,High,Anthropogenic,0.1973,0.6922,0.4089,0.4909,0.6825,Routine
2453,368,31,184,2020-09-14 08:50:23,57.37,Extreme,Seasonal,0.5694,0.8582,0.8172,0.1333,0.3503,Routine
2454,147,29,23,2020-01-14 18:14:53,56.54,Extreme,Anthropogenic,0.1345,0.9146,0.4632,0.5419,0.9633,Post Event
2455,429,40,130,2023-03-20 10:54:33,48.05,Medium,Rainfall Driven,0.7355,0.8344,0.2414,0.0815,0.0267,Post Event
2456,448,12,57,2024-03-15 10:22:03,61.73,Low,Earthquake Triggered,0.5556,0.6183,0.4819,0.4591,0.8369,Routine
2457,77,47,55,2020-10-18 13:20:23,84.05,High,Rainfall Driven,0.513,0.493,0.714,0.7461,0.3407,Routine
2458,217,47,11,2019-05-09 01:29:17,12.93,High,Anthropogenic,0.4291,0.4981,0.6655,0.5193,0.9007,Routine
2459,422,28,47,2023-01-09 17:01:50,63.34,Extreme,Anthropogenic,0.577,0.9275,0.159,0.9671,0.1998,Post Event
2460,480,56,126,2024-03-01 08:12:30,11.85,High,Anthropogenic,0.8618,0.2669,0.0234,0.4625,0.7088,Manual
2461,139,3,141,2018-01-29 12:49:04,23.27,Low,Earthquake Triggered,0.3705,0.8178,0.7786,0.2869,0.6551,Manual
2462,411,33,91,2021-04-07 23:33:45,33.63,Medium,Rainfall Driven,0.0006,0.3703,0.9208,0.0992,0.4318,Post Event
2463,277,10,116,2021-10-02 00:31:32,32.78,Medium,Seasonal,0.5504,0.3438,0.2027,0.1237,0.1743,Alert Triggered
2464,191,18,200,2024-03-28 13:50:58,61.51,Extreme,Seasonal,0.3137,0.4011,0.9901,0.9437,0.8424,Routine
2465,15,17,192,2024-09-22 13:44:29,78.61,Extreme,Seasonal,0.7854,0.1765,0.3179,0.3574,0.2495,Alert Triggered
2466,381,58,43,2021-05-12 12:33:23,65.32,Medium,Seasonal,0.0708,0.0468,0.946,0.7449,0.2552,Post Event
2467,366,16,154,2019-02-05 17:45:29,65.56,High,Anthropogenic,0.2231,0.5535,0.8269,0.3519,0.7445,Post Event
2468,58,19,107,2020-07-17 16:20:01,56.89,High,Earthquake Triggered,0.9538,0.2751,0.0488,0.9418,0.414,Alert Triggered
2469,147,29,23,2018-01-23 20:59:00,1.18,Low,Earthquake Triggered,0.0136,0.8158,0.9165,0.7979,0.9437,Alert Triggered
2470,166,39,23,2023-12-25 01:43:13,10.93,Low,Rainfall Driven,0.4412,0.6857,0.2287,0.489,0.459,Routine
2471,397,54,101,2019-05-30 12:53:54,74.42,Medium,Anthropogenic,0.6214,0.964,0.5535,0.6573,0.8653,Manual
2472,412,19,171,2024-04-05 18:36:17,72.56,Extreme,Earthquake Triggered,0.7271,0.9296,0.3662,0.7711,0.3767,Post Event
2473,207,34,196,2023-02-09 17:13:20,16.95,High,Seasonal,0.4234,0.784,0.7829,0.2656,0.2248,Alert Triggered
2474,491,17,105,2023-06-24 12:53:52,47.86,Medium,Earthquake Triggered,0.5929,0.9676,0.2414,0.2899,0.4216,Post Event
2475,465,39,64,2018-09-17 20:41:30,11.45,Extreme,Anthropogenic,0.7424,0.4854,0.9379,0.9705,0.508,Routine
2476,4,19,99,2019-01-18 12:10:27,39.66,Medium,Seasonal,0.0315,0.8409,0.8117,0.2445,0.6294,Alert Triggered
2477,358,52,196,2021-08-14 10:58:07,2.0,Extreme,Anthropogenic,0.537,0.0389,0.2084,0.8498,0.9084,Routine
2478,387,6,6,2020-05-14 11:04:06,83.48,Extreme,Seasonal,0.815,0.3022,0.8718,0.2468,0.2825,Post Event
2479,133,25,2,2020-05-01 08:05:53,67.64,Medium,Rainfall Driven,0.0417,0.3327,0.2515,0.4244,0.8437,Alert Triggered
2480,255,6,154,2022-10-01 08:00:26,80.79,Low,Seasonal,0.5488,0.7217,0.8319,0.1946,0.9133,Manual
2481,55,41,78,2024-11-05 16:29:48,14.62,Medium,Seasonal,0.701,0.7781,0.907,0.8208,0.9683,Post Event
2482,266,47,135,2019-01-27 03:06:39,32.8,Medium,Seasonal,0.9745,0.8634,0.4223,0.142,0.6778,Manual
2483,23,48,156,2022-10-14 17:24:40,70.46,Extreme,Anthropogenic,0.7358,0.0586,0.0205,0.8061,0.3966,Post Event
2484,330,35,115,2018-09-29 18:52:34,23.04,Low,Anthropogenic,0.2858,0.3078,0.7928,0.8027,0.3525,Routine
2485,255,6,154,2021-08-08 06:21:53,0.82,High,Earthquake Triggered,0.8496,0.096,0.7707,0.2812,0.5887,Post Event
2486,143,27,152,2019-01-20 07:18:23,27.18,Low,Rainfall Driven,0.9803,0.0612,0.2299,0.3567,0.4807,Routine
2487,3,47,89,2022-11-10 13:15:38,6.97,Extreme,Anthropogenic,0.0426,0.7591,0.1686,0.5034,0.444,Manual
2488,6,1,28,2020-10-02 14:03:21,80.87,Low,Seasonal,0.863,0.5253,0.2416,0.5111,0.0186,Alert Triggered
2489,48,10,190,2018-10-16 15:22:01,47.05,Medium,Rainfall Driven,0.6091,0.6605,0.9185,0.4184,0.7655,Routine
2490,83,6,112,2020-01-22 07:56:20,99.72,Extreme,Anthropogenic,0.7179,0.4287,0.4563,0.7148,0.7403,Routine
2491,58,19,107,2020-07-24 04:24:05,87.54,Low,Anthropogenic,0.8518,0.9181,0.9722,0.941,0.4027,Manual
2492,348,34,169,2020-12-21 00:28:19,81.86,Medium,Earthquake Triggered,0.8289,0.3362,0.2001,0.5433,0.7898,Alert Triggered
2493,212,16,133,2022-09-03 06:11:51,44.14,Extreme,Rainfall Driven,0.4136,0.1119,0.4793,0.8792,0.7402,Routine
2494,363,8,39,2024-05-04 07:22:48,74.73,Low,Seasonal,0.5864,0.6465,0.7424,0.7053,0.4201,Alert Triggered
2495,51,20,124,2024-04-27 16:55:05,46.53,Medium,Earthquake Triggered,0.4563,0.0843,0.7682,0.7364,0.9891,Routine
2496,99,18,47,2024-02-20 03:04:10,82.19,Low,Earthquake Triggered,0.9925,0.5973,0.0868,0.4339,0.1864,Manual
2497,476,22,45,2022-06-25 02:27:58,52.61,Extreme,Rainfall Driven,0.3502,0.4575,0.342,0.9762,0.3986,Alert Triggered
2498,210,17,40,2020-04-13 01:04:38,11.4,High,Rainfall Driven,0.1741,0.5884,0.4137,0.2939,0.9248,Routine
2499,217,47,11,2018-10-09 10:04:05,4.1,Medium,Rainfall Driven,0.4451,0.5837,0.3187,0.3619,0.4398,Alert Triggered
2500,75,15,133,2022-09-25 06:39:20,8.98,Low,Rainfall Driven,0.5084,0.3081,0.5956,0.8904,0.1433,Alert Triggered
2501,408,59,89,2019-03-22 21:35:11,20.61,Low,Seasonal,0.8176,0.6838,0.448,0.6577,0.8057,Alert Triggered
2502,163,6,25,2022-07-27 23:12:56,8.41,High,Rainfall Driven,0.2941,0.0079,0.8304,0.2106,0.9782,Manual
2503,35,45,155,2019-04-27 23:36:34,57.72,Low,Anthropogenic,0.0131,0.5062,0.0495,0.4674,0.4713,Routine
2504,111,24,1,2018-06-14 00:17:50,73.86,High,Earthquake Triggered,0.3933,0.3058,0.9061,0.8122,0.0789,Manual
2505,319,12,166,2020-02-02 19:45:44,75.25,Low,Rainfall Driven,0.5259,0.2321,0.5416,0.9173,0.2948,Manual
2506,126,31,17,2020-07-27 13:27:54,81.32,Medium,Seasonal,0.3917,0.2852,0.0074,0.815,0.1159,Alert Triggered
2507,14,37,174,2023-09-03 22:50:40,70.14,Extreme,Rainfall Driven,0.4407,0.6976,0.471,0.9868,0.7164,Manual
2508,114,44,122,2020-02-18 17:59:55,31.76,Low,Earthquake Triggered,0.2289,0.1871,0.4653,0.5454,0.1756,Manual
2509,400,48,93,2020-01-03 07:19:06,80.08,Low,Earthquake Triggered,0.2136,0.1577,0.9908,0.7235,0.8898,Routine
2510,51,20,124,2018-12-31 04:14:40,49.36,Low,Seasonal,0.2358,0.9551,0.9269,0.7397,0.3886,Routine
2511,377,24,150,2022-09-07 08:33:12,34.74,Medium,Rainfall Driven,0.7957,0.3247,0.4245,0.4422,0.0588,Manual
2512,472,50,52,2024-01-26 11:02:05,29.47,Low,Anthropogenic,0.3414,0.6154,0.9215,0.1943,0.7643,Manual
2513,274,38,106,2018-02-04 05:05:05,22.99,High,Earthquake Triggered,0.3891,0.689,0.2155,0.3995,0.2875,Alert Triggered
2514,150,17,157,2022-04-17 15:19:44,17.38,Low,Seasonal,0.46,0.9138,0.0757,0.5025,0.4142,Post Event
2515,393,48,155,2019-12-07 21:23:28,91.14,Medium,Rainfall Driven,0.4232,0.8413,0.019,0.1615,0.8894,Routine
2516,71,21,149,2018-12-05 14:31:48,48.44,Medium,Rainfall Driven,0.8618,0.2221,0.1479,0.4122,0.6245,Manual
2517,219,16,41,2021-01-21 20:20:00,44.43,High,Seasonal,0.1653,0.0187,0.6725,0.7408,0.7191,Manual
2518,480,56,126,2022-01-07 07:13:03,70.8,High,Seasonal,0.7514,0.7394,0.759,0.4063,0.0877,Alert Triggered
2519,88,36,117,2023-08-05 01:58:41,37.64,High,Anthropogenic,0.2146,0.9363,0.6047,0.9787,0.5585,Alert Triggered
2520,297,55,187,2020-08-09 03:59:03,74.07,Low,Rainfall Driven,0.1235,0.6066,0.937,0.363,0.5175,Post Event
2521,267,8,2,2020-01-12 01:28:06,11.57,Extreme,Seasonal,0.5214,0.7744,0.5763,0.0159,0.0445,Routine
2522,439,51,61,2021-03-19 13:06:13,91.07,Extreme,Rainfall Driven,0.8378,0.8109,0.2485,0.0021,0.9707,Post Event
2523,254,49,65,2019-02-26 14:38:05,39.47,High,Seasonal,0.5347,0.2973,0.5607,0.1056,0.6351,Alert Triggered
2524,165,26,111,2024-01-23 13:11:00,12.76,Low,Earthquake Triggered,0.0403,0.381,0.5888,0.8907,0.8986,Routine
2525,425,4,82,2018-09-21 21:06:43,35.03,High,Rainfall Driven,0.7302,0.4266,0.0117,0.9438,0.0629,Routine
2526,491,17,105,2023-06-20 16:49:36,81.45,Medium,Rainfall Driven,0.5409,0.9895,0.8821,0.8197,0.339,Manual
2527,485,57,10,2021-06-28 06:19:12,99.2,Extreme,Earthquake Triggered,0.8175,0.0917,0.3205,0.5759,0.965,Alert Triggered
2528,83,6,112,2024-06-07 02:38:26,46.33,Extreme,Anthropogenic,0.9436,0.4426,0.5763,0.5638,0.7022,Manual
2529,363,8,39,2020-04-18 03:34:06,88.27,Low,Seasonal,0.0884,0.8534,0.1568,0.847,0.5895,Alert Triggered
2530,201,13,38,2023-07-24 17:16:24,10.84,Extreme,Earthquake Triggered,0.4172,0.8783,0.7367,0.1848,0.8256,Post Event
2531,143,27,152,2019-04-29 05:59:30,78.39,Medium,Rainfall Driven,0.9521,0.644,0.528,0.7075,0.3548,Routine
2532,97,59,48,2023-12-31 23:06:55,31.95,Low,Rainfall Driven,0.4462,0.1665,0.0632,0.8518,0.0926,Alert Triggered
2533,207,34,196,2024-10-02 10:40:10,5.17,Low,Earthquake Triggered,0.6747,0.9943,0.3801,0.9479,0.4503,Alert Triggered
2534,186,38,65,2019-01-30 04:23:36,64.67,High,Rainfall Driven,0.4523,0.8833,0.0926,0.6787,0.5641,Manual
2535,442,7,4,2024-12-10 06:16:02,9.28,Low,Earthquake Triggered,0.7894,0.9909,0.1486,0.4677,0.7014,Manual
2536,237,13,176,2020-04-08 06:16:50,83.57,Extreme,Earthquake Triggered,0.3616,0.2962,0.3261,0.7931,0.1848,Manual
2537,465,39,64,2019-09-18 20:08:32,48.25,Extreme,Earthquake Triggered,0.5829,0.3857,0.56,0.5659,0.7387,Routine
2538,113,30,68,2022-05-25 15:32:42,51.01,Medium,Anthropogenic,0.3719,0.4148,0.8422,0.6122,0.342,Routine
2539,215,22,21,2023-01-22 13:21:42,5.75,Low,Anthropogenic,0.6399,0.7248,0.8762,0.3581,0.9603,Alert Triggered
2540,89,1,105,2022-09-30 03:08:17,4.56,High,Seasonal,0.8015,0.2071,0.6404,0.2713,0.3146,Manual
2541,166,39,23,2023-06-03 01:21:39,95.88,Extreme,Earthquake Triggered,0.7768,0.1559,0.4382,0.1244,0.9997,Routine
2542,444,1,133,2021-03-13 22:13:47,69.87,High,Seasonal,0.4758,0.7671,0.725,0.1073,0.1095,Alert Triggered
2543,89,1,105,2022-03-09 07:01:43,13.51,Low,Earthquake Triggered,0.9696,0.763,0.6287,0.1924,0.4099,Alert Triggered
2544,177,17,97,2024-11-30 18:48:33,84.99,High,Anthropogenic,0.574,0.9437,0.0144,0.5535,0.0927,Post Event
2545,351,12,98,2018-05-03 21:43:07,52.78,Low,Seasonal,0.4476,0.6256,0.842,0.2514,0.3941,Routine
2546,230,59,142,2021-12-09 16:16:13,71.31,Medium,Seasonal,0.7973,0.953,0.5167,0.3442,0.7923,Alert Triggered
2547,278,33,104,2024-02-13 13:28:48,31.1,Extreme,Earthquake Triggered,0.3238,0.7511,0.1438,0.7182,0.4324,Manual
2548,120,14,105,2021-12-04 12:40:32,79.53,Extreme,Earthquake Triggered,0.4959,0.4129,0.7386,0.9687,0.9783,Manual
2549,144,5,67,2018-06-06 04:29:46,27.28,Extreme,Rainfall Driven,0.5791,0.8322,0.4784,0.6573,0.4113,Routine
2550,403,60,113,2018-06-19 15:39:45,30.81,Medium,Seasonal,0.9272,0.9856,0.6799,0.5151,0.5968,Alert Triggered
2551,302,59,159,2023-09-22 10:27:12,90.61,High,Rainfall Driven,0.4542,0.4045,0.6,0.5631,0.2267,Manual
2552,94,33,13,2021-12-21 17:57:53,41.12,Medium,Anthropogenic,0.7501,0.4999,0.6845,0.358,0.9034,Alert Triggered
2553,131,9,52,2024-11-06 03:18:21,31.59,High,Earthquake Triggered,0.8009,0.4933,0.3847,0.3018,0.3684,Routine
2554,41,34,39,2021-04-15 15:14:25,18.94,Extreme,Anthropogenic,0.9229,0.2426,0.0548,0.0323,0.1142,Routine
2555,229,62,102,2024-03-01 08:17:45,61.85,Medium,Rainfall Driven,0.7422,0.7645,0.8576,0.7179,0.9249,Manual
2556,302,59,159,2021-07-28 07:51:53,8.28,Extreme,Earthquake Triggered,0.7718,0.2762,0.0815,0.808,0.4267,Alert Triggered
2557,235,36,51,2019-01-09 13:20:06,42.11,High,Rainfall Driven,0.8605,0.1956,0.6436,0.5845,0.8611,Alert Triggered
2558,179,11,166,2021-03-13 12:31:20,97.61,High,Seasonal,0.4735,0.077,0.1103,0.8591,0.5373,Routine
2559,247,49,4,2024-01-29 04:41:57,76.65,High,Seasonal,0.0916,0.1803,0.2942,0.6725,0.8258,Post Event
2560,473,11,186,2022-10-23 11:20:54,87.03,Low,Seasonal,0.2171,0.7133,0.9374,0.0177,0.5786,Alert Triggered
2561,217,47,11,2020-01-09 09:38:39,18.64,Medium,Anthropogenic,0.8655,0.536,0.4951,0.3208,0.0489,Routine
2562,302,59,159,2023-11-22 13:11:12,16.91,Medium,Earthquake Triggered,0.4901,0.0022,0.9163,0.7333,0.6558,Post Event
2563,429,40,130,2023-08-27 01:07:30,27.24,Extreme,Seasonal,0.8736,0.7845,0.2408,0.2772,0.2315,Alert Triggered
2564,403,60,113,2021-08-28 10:11:05,57.84,High,Earthquake Triggered,0.3172,0.4294,0.14,0.6261,0.0776,Routine
2565,430,62,154,2019-07-28 15:36:20,83.05,Low,Anthropogenic,0.3681,0.7563,0.7608,0.5365,0.0347,Alert Triggered
2566,249,34,138,2022-04-24 06:18:49,25.9,Medium,Seasonal,0.1014,0.1758,0.5227,0.7814,0.3535,Manual
2567,268,58,54,2024-08-21 05:33:40,8.96,Medium,Anthropogenic,0.6012,0.9297,0.671,0.4538,0.8509,Manual
2568,182,2,52,2023-07-09 16:23:02,53.89,High,Rainfall Driven,0.2342,0.5779,0.3419,0.9137,0.7818,Post Event
2569,14,37,174,2023-07-16 21:07:43,57.2,High,Seasonal,0.9827,0.2758,0.6917,0.3724,0.5142,Post Event
2570,451,41,72,2018-03-05 20:16:06,62.11,High,Seasonal,0.7792,0.065,0.1454,0.1515,0.7709,Manual
2571,423,20,105,2020-04-18 04:59:27,21.11,Low,Anthropogenic,0.0113,0.6348,0.3753,0.3533,0.9185,Alert Triggered
2572,466,40,45,2022-02-27 23:29:24,40.7,Low,Seasonal,0.3091,0.4025,0.7997,0.5858,0.1424,Manual
2573,43,55,112,2023-03-08 15:12:20,86.3,High,Seasonal,0.0865,0.9067,0.7832,0.3482,0.1748,Post Event
2574,366,16,154,2019-04-18 15:20:33,0.29,High,Earthquake Triggered,0.3469,0.03,0.0133,0.0786,0.2058,Alert Triggered
2575,72,18,83,2018-12-24 13:35:52,49.24,Medium,Rainfall Driven,0.0509,0.1123,0.5648,0.7337,0.3458,Manual
2576,344,53,149,2024-09-17 06:45:24,47.51,High,Rainfall Driven,0.1007,0.0147,0.6598,0.9275,0.9003,Post Event
2577,182,2,52,2023-04-01 10:19:49,41.49,Low,Seasonal,0.1379,0.8224,0.1336,0.5555,0.731,Manual
2578,475,57,56,2022-09-25 07:13:13,68.57,Medium,Rainfall Driven,0.4897,0.7392,0.0712,0.259,0.1379,Routine
2579,292,43,56,2018-10-19 07:45:45,57.33,High,Earthquake Triggered,0.1183,0.6344,0.6939,0.4734,0.6489,Alert Triggered
2580,154,46,167,2022-03-13 21:03:36,13.83,High,Earthquake Triggered,0.0143,0.5525,0.2081,0.6652,0.4038,Manual
2581,72,18,83,2021-03-07 17:28:21,22.09,High,Seasonal,0.1533,0.2038,0.0785,0.8885,0.917,Alert Triggered
2582,18,60,192,2022-08-08 02:26:12,1.82,Low,Anthropogenic,0.4452,0.6945,0.3117,0.7938,0.3576,Alert Triggered
2583,42,44,21,2021-04-29 13:54:25,43.97,Extreme,Anthropogenic,0.1188,0.1416,0.3746,0.0265,0.7131,Post Event
2584,20,55,164,2024-10-09 08:20:30,29.02,Extreme,Anthropogenic,0.7347,0.4391,0.6294,0.2062,0.5206,Alert Triggered
2585,405,16,122,2023-01-09 06:15:53,61.51,High,Anthropogenic,0.9047,0.8048,0.7345,0.3137,0.8172,Manual
2586,157,27,176,2020-10-23 01:16:22,75.36,Low,Seasonal,0.5384,0.2323,0.3843,0.6769,0.2907,Manual
2587,288,37,188,2024-10-29 21:45:29,23.53,Medium,Rainfall Driven,0.8171,0.671,0.5673,0.8581,0.7307,Manual
2588,126,31,17,2020-07-23 19:49:29,3.85,Low,Anthropogenic,0.8729,0.862,0.1813,0.7252,0.2293,Routine
2589,286,9,158,2018-08-05 09:59:31,89.91,Extreme,Earthquake Triggered,0.0984,0.6379,0.5244,0.699,0.1045,Manual
2590,194,8,67,2022-12-24 07:34:00,15.1,Medium,Anthropogenic,0.7811,0.3788,0.017,0.5493,0.059,Post Event
2591,249,34,138,2021-11-01 01:03:11,97.24,Medium,Rainfall Driven,0.3324,0.8569,0.5219,0.516,0.0847,Alert Triggered
2592,28,54,1,2020-10-10 18:30:43,33.26,Low,Anthropogenic,0.3999,0.3197,0.699,0.2648,0.6644,Manual
2593,256,59,23,2024-05-14 09:41:38,59.75,Extreme,Earthquake Triggered,0.0179,0.6578,0.0593,0.5299,0.3635,Routine
2594,117,50,26,2022-01-06 07:42:26,12.79,High,Anthropogenic,0.6934,0.2035,0.1393,0.5041,0.6352,Manual
2595,211,39,60,2023-09-19 14:29:15,0.58,Extreme,Seasonal,0.5625,0.2651,0.6208,0.9957,0.429,Post Event
2596,251,21,116,2018-04-30 12:34:48,72.24,Low,Rainfall Driven,0.9173,0.0048,0.0692,0.089,0.6191,Alert Triggered
2597,48,10,190,2022-01-21 22:29:39,34.21,High,Seasonal,0.8664,0.8421,0.3596,0.6844,0.8024,Post Event
2598,313,39,41,2018-08-10 11:13:47,84.23,Medium,Seasonal,0.0183,0.9014,0.3858,0.9611,0.6479,Manual
2599,488,17,178,2021-07-01 09:06:57,53.09,Medium,Earthquake Triggered,0.601,0.0247,0.181,0.7546,0.5458,Manual
2600,242,17,100,2019-12-15 10:24:57,5.41,Low,Earthquake Triggered,0.6623,0.4342,0.6499,0.5079,0.5371,Manual
2601,304,49,12,2023-09-18 10:25:25,37.98,High,Rainfall Driven,0.3589,0.7721,0.0523,0.1911,0.4178,Manual
2602,377,24,150,2023-04-24 00:03:48,35.16,Medium,Earthquake Triggered,0.3561,0.9084,0.7497,0.8923,0.3617,Routine
2603,442,7,4,2021-06-08 02:03:34,29.12,Extreme,Seasonal,0.6702,0.5022,0.349,0.0954,0.0563,Routine
2604,259,40,145,2023-06-04 15:00:59,54.53,Extreme,Rainfall Driven,0.8766,0.5779,0.0908,0.0624,0.6205,Alert Triggered
2605,131,9,52,2021-05-13 12:14:24,73.48,Low,Seasonal,0.3,0.3323,0.8524,0.7206,0.4497,Manual
2606,326,3,82,2024-09-26 22:47:08,33.19,Medium,Earthquake Triggered,0.5257,0.4155,0.2884,0.6071,0.9285,Manual
2607,388,43,25,2022-11-21 02:36:03,23.97,Low,Rainfall Driven,0.7174,0.2764,0.7479,0.3196,0.1206,Manual
2608,331,24,4,2023-03-23 07:07:52,78.7,High,Rainfall Driven,0.1175,0.0031,0.7086,0.5517,0.813,Manual
2609,7,33,116,2021-05-29 16:01:37,34.58,Medium,Anthropogenic,0.9694,0.7183,0.619,0.8152,0.0274,Alert Triggered
2610,275,43,172,2022-05-14 13:50:50,28.3,High,Rainfall Driven,0.3324,0.8951,0.0549,0.3933,0.0952,Post Event
2611,500,17,30,2019-12-21 00:50:27,11.94,Low,Anthropogenic,0.6685,0.5286,0.3243,0.3797,0.67,Manual
2612,85,33,93,2022-08-31 02:18:10,87.72,High,Seasonal,0.1668,0.9855,0.1183,0.7078,0.4763,Post Event
2613,178,33,165,2020-01-07 08:12:38,44.86,High,Seasonal,0.121,0.2343,0.4453,0.663,0.2429,Alert Triggered
2614,37,17,142,2019-10-07 11:07:28,65.78,Medium,Rainfall Driven,0.0597,0.8803,0.6974,0.0084,0.7701,Alert Triggered
2615,72,18,83,2022-10-30 13:20:53,89.43,Medium,Rainfall Driven,0.3957,0.578,0.7057,0.2295,0.5907,Routine
2616,409,6,10,2022-09-23 15:32:23,18.47,Medium,Rainfall Driven,0.5285,0.365,0.9038,0.6812,0.1514,Alert Triggered
2617,464,31,41,2024-06-14 18:17:00,59.96,High,Anthropogenic,0.932,0.2593,0.6467,0.5507,0.8221,Alert Triggered
2618,83,6,112,2019-08-03 06:39:52,87.85,Medium,Rainfall Driven,0.1715,0.7319,0.8511,0.4343,0.8121,Routine
2619,231,52,77,2019-02-16 03:30:29,23.91,Low,Rainfall Driven,0.1026,0.0216,0.963,0.61,0.6697,Manual
2620,335,8,196,2024-06-11 08:06:21,66.4,High,Anthropogenic,0.2248,0.8506,0.8577,0.3271,0.0063,Routine
2621,369,35,61,2018-08-01 00:30:47,89.27,High,Earthquake Triggered,0.1914,0.0574,0.6198,0.049,0.2571,Post Event
2622,244,42,145,2020-06-13 01:43:08,90.29,Extreme,Earthquake Triggered,0.5575,0.0949,0.9415,0.4968,0.6133,Post Event
2623,225,42,126,2023-09-28 07:26:06,74.93,High,Seasonal,0.669,0.154,0.1537,0.2765,0.5254,Alert Triggered
2624,133,25,2,2023-02-05 10:01:06,62.71,Medium,Rainfall Driven,0.7641,0.3703,0.661,0.0447,0.1583,Post Event
2625,41,34,39,2023-06-19 13:35:47,4.74,Extreme,Seasonal,0.8121,0.7373,0.7074,0.7846,0.9254,Routine
2626,441,56,154,2020-12-14 11:41:34,48.05,Low,Seasonal,0.8883,0.9474,0.7151,0.884,0.7351,Routine
2627,233,20,135,2018-05-24 02:46:22,42.27,Medium,Rainfall Driven,0.5266,0.9466,0.1969,0.3554,0.865,Post Event
2628,54,13,152,2022-02-28 17:07:01,47.71,Extreme,Seasonal,0.5275,0.3085,0.2278,0.5058,0.4301,Alert Triggered
2629,384,16,197,2020-04-02 12:35:54,61.56,Medium,Rainfall Driven,0.7033,0.8999,0.9562,0.9532,0.692,Manual
2630,460,49,200,2021-03-03 10:15:06,63.46,Low,Seasonal,0.0999,0.1669,0.9703,0.1538,0.8159,Manual
2631,64,11,126,2021-03-21 10:19:56,93.07,Medium,Seasonal,0.1557,0.4256,0.663,0.2517,0.2911,Alert Triggered
2632,128,44,137,2024-01-22 13:12:46,40.04,High,Rainfall Driven,0.7076,0.7838,0.7499,0.3537,0.3073,Post Event
2633,8,39,131,2024-09-29 01:10:51,23.2,Extreme,Rainfall Driven,0.173,0.4992,0.5668,0.7572,0.72,Manual
2634,445,22,49,2018-02-23 04:52:23,81.75,High,Anthropogenic,0.3372,0.4314,0.5675,0.6978,0.4908,Manual
2635,179,11,166,2022-09-28 18:21:18,82.49,High,Seasonal,0.5075,0.7302,0.4047,0.0166,0.4093,Alert Triggered
2636,358,52,196,2024-11-25 08:28:12,78.24,High,Anthropogenic,0.0962,0.5905,0.9593,0.8962,0.5396,Routine
2637,320,23,69,2018-06-06 06:21:57,43.15,Low,Anthropogenic,0.5988,0.3892,0.1076,0.7384,0.9816,Routine
2638,283,10,187,2024-02-14 16:03:26,81.96,Low,Rainfall Driven,0.0765,0.701,0.216,0.1946,0.3623,Post Event
2639,30,26,113,2019-11-12 16:25:15,59.55,Extreme,Seasonal,0.6265,0.7795,0.6031,0.3964,0.0347,Routine
2640,126,31,17,2023-03-05 06:42:04,98.64,Low,Anthropogenic,0.0877,0.0764,0.0313,0.6878,0.3635,Alert Triggered
2641,66,37,191,2023-01-23 12:21:26,58.0,Low,Seasonal,0.7941,0.5578,0.1786,0.4789,0.8871,Post Event
2642,167,44,187,2018-12-03 07:53:49,30.13,Medium,Rainfall Driven,0.3072,0.9652,0.8014,0.5255,0.2915,Post Event
2643,77,47,55,2023-05-28 21:51:23,64.21,High,Rainfall Driven,0.9414,0.9074,0.2703,0.1302,0.9113,Manual
2644,50,58,63,2019-11-19 18:33:43,0.81,Low,Rainfall Driven,0.7617,0.1133,0.3679,0.6712,0.2809,Post Event
2645,396,28,6,2019-02-27 00:27:37,70.51,Extreme,Earthquake Triggered,0.5781,0.618,0.9053,0.0779,0.0494,Routine
2646,59,29,185,2024-06-29 21:43:11,56.06,High,Anthropogenic,0.0135,0.2192,0.5919,0.0554,0.2582,Routine
2647,377,24,150,2021-04-01 13:46:14,44.77,Medium,Seasonal,0.7706,0.5548,0.4694,0.8311,0.0143,Routine
2648,368,31,184,2019-05-22 02:00:33,22.87,High,Anthropogenic,0.6143,0.4601,0.2558,0.2648,0.0361,Manual
2649,71,21,149,2023-04-29 14:12:43,58.91,Low,Anthropogenic,0.1908,0.0736,0.4642,0.6164,0.4512,Alert Triggered
2650,331,24,4,2020-12-30 18:50:54,92.81,Low,Seasonal,0.2518,0.9206,0.7279,0.0728,0.1369,Manual
2651,439,51,61,2022-12-04 18:59:32,83.94,Extreme,Seasonal,0.0687,0.8535,0.5448,0.6997,0.3657,Routine
2652,459,55,143,2019-07-31 13:19:01,6.94,Medium,Anthropogenic,0.0762,0.29,0.767,0.2103,0.6508,Routine
2653,71,21,149,2024-08-17 17:25:16,62.79,Medium,Seasonal,0.547,0.8245,0.0521,0.4621,0.789,Alert Triggered
2654,117,50,26,2018-03-05 15:00:19,66.16,Low,Seasonal,0.4663,0.4023,0.9033,0.1685,0.223,Routine
2655,133,25,2,2022-05-31 19:29:19,79.67,Medium,Rainfall Driven,0.6049,0.7747,0.4774,0.3886,0.5494,Post Event
2656,353,3,46,2018-09-17 04:37:58,53.15,High,Seasonal,0.9603,0.1121,0.3684,0.4211,0.3931,Manual
2657,239,11,16,2024-09-26 08:06:34,60.36,Low,Seasonal,0.6958,0.5334,0.1358,0.9513,0.1207,Manual
2658,302,59,159,2018-09-05 08:29:04,8.97,High,Rainfall Driven,0.3767,0.1833,0.7081,0.7801,0.2728,Post Event
2659,80,56,146,2020-02-20 08:31:37,75.93,High,Earthquake Triggered,0.2266,0.5267,0.0711,0.8295,0.4169,Manual
2660,422,28,47,2023-03-10 03:50:15,95.15,Low,Rainfall Driven,0.6661,0.8434,0.3699,0.2789,0.3626,Manual
2661,268,58,54,2022-10-11 04:09:41,75.51,Low,Seasonal,0.6877,0.9114,0.213,0.4801,0.1038,Manual
2662,441,56,154,2019-09-22 16:09:13,3.86,Medium,Seasonal,0.3686,0.3237,0.0101,0.7744,0.0933,Manual
2663,332,54,151,2023-04-06 15:24:02,55.55,Medium,Seasonal,0.6001,0.0898,0.0605,0.7098,0.5331,Routine
2664,228,36,84,2019-03-14 13:56:16,83.95,Medium,Seasonal,0.761,0.821,0.9023,0.7806,0.6782,Routine
2665,137,29,98,2024-04-30 09:27:13,48.1,Extreme,Rainfall Driven,0.2876,0.1673,0.1843,0.3561,0.9179,Post Event
2666,388,43,25,2022-10-03 00:30:19,32.15,Low,Seasonal,0.5138,0.8696,0.1568,0.56,0.5066,Routine
2667,247,49,4,2018-11-27 07:03:50,35.7,Medium,Anthropogenic,0.6037,0.1953,0.0577,0.5222,0.3898,Manual
2668,171,46,190,2018-05-15 00:15:34,95.84,Medium,Seasonal,0.1554,0.063,0.096,0.984,0.9813,Alert Triggered
2669,368,31,184,2023-02-19 10:21:19,40.81,High,Seasonal,0.1417,0.6471,0.536,0.7723,0.3773,Post Event
2670,40,32,5,2021-10-02 09:58:46,96.61,Medium,Earthquake Triggered,0.4042,0.366,0.3784,0.2975,0.9874,Alert Triggered
2671,368,31,184,2024-09-17 08:07:12,93.91,Medium,Rainfall Driven,0.605,0.9138,0.9291,0.3557,0.3482,Routine
2672,124,27,132,2019-02-12 01:46:34,99.74,High,Seasonal,0.6113,0.491,0.4709,0.0749,0.5263,Manual
2673,476,22,45,2023-02-06 12:08:56,0.96,Low,Earthquake Triggered,0.5796,0.7065,0.7384,0.0776,0.1163,Post Event
2674,497,32,23,2020-07-17 01:51:38,1.82,Extreme,Rainfall Driven,0.8852,0.392,0.6545,0.8002,0.1546,Manual
2675,147,29,23,2024-02-14 20:28:12,7.72,Medium,Rainfall Driven,0.5705,0.9468,0.0776,0.7665,0.6258,Manual
2676,117,50,26,2023-02-20 13:57:20,79.26,Low,Anthropogenic,0.4561,0.6992,0.6523,0.5067,0.013,Routine
2677,285,41,122,2023-03-07 04:49:04,98.63,Low,Seasonal,0.6492,0.3292,0.9997,0.3359,0.5698,Manual
2678,337,59,92,2023-04-09 19:08:56,37.56,Extreme,Anthropogenic,0.8359,0.223,0.1473,0.0565,0.8835,Alert Triggered
2679,123,54,67,2023-02-16 14:12:08,72.21,Low,Rainfall Driven,0.834,0.8889,0.8493,0.36,0.455,Routine
2680,167,44,187,2020-11-06 23:43:38,42.05,Medium,Anthropogenic,0.8982,0.6554,0.6801,0.1751,0.6393,Post Event
2681,152,25,169,2021-10-02 07:11:13,65.46,Medium,Rainfall Driven,0.7258,0.2564,0.2094,0.4103,0.0414,Post Event
2682,138,54,27,2022-05-16 19:29:42,20.16,Medium,Seasonal,0.4882,0.8708,0.5821,0.6848,0.4297,Routine
2683,223,44,128,2018-09-24 04:45:54,40.34,Extreme,Anthropogenic,0.5966,0.5259,0.894,0.5519,0.4493,Post Event
2684,356,42,80,2022-11-22 16:27:39,53.27,High,Earthquake Triggered,0.1126,0.3234,0.6127,0.3694,0.4774,Alert Triggered
2685,145,47,64,2020-08-06 01:46:09,15.89,Medium,Rainfall Driven,0.1565,0.4179,0.8068,0.5057,0.5788,Routine
2686,127,21,175,2018-12-29 15:28:27,25.3,Extreme,Rainfall Driven,0.9327,0.8907,0.8897,0.0699,0.5325,Manual
2687,30,26,113,2023-05-17 17:15:42,89.91,Extreme,Anthropogenic,0.5865,0.1149,0.6583,0.2119,0.4342,Routine
2688,480,56,126,2018-11-25 04:12:36,24.4,Medium,Rainfall Driven,0.0254,0.4235,0.5994,0.8801,0.824,Manual
2689,154,46,167,2021-11-14 11:59:50,28.38,Extreme,Seasonal,0.9155,0.6689,0.7666,0.7741,0.0618,Alert Triggered
2690,70,32,37,2024-10-27 12:04:20,82.28,Low,Seasonal,0.2116,0.342,0.3367,0.6868,0.4614,Alert Triggered
2691,427,53,119,2021-08-22 08:12:25,75.57,Extreme,Rainfall Driven,0.6103,0.8599,0.8302,0.6037,0.1331,Manual
2692,296,41,1,2019-12-19 12:17:17,73.45,High,Earthquake Triggered,0.415,0.6348,0.3696,0.8255,0.0053,Manual
2693,117,50,26,2024-06-17 08:52:10,65.84,Medium,Anthropogenic,0.8065,0.8583,0.0697,0.6355,0.137,Post Event
2694,402,22,111,2023-08-18 20:01:17,46.52,High,Earthquake Triggered,0.2251,0.2921,0.9982,0.2588,0.8392,Manual
2695,428,54,131,2019-10-28 09:36:51,8.35,High,Earthquake Triggered,0.4524,0.5375,0.7967,0.6895,0.6264,Post Event
2696,303,32,153,2020-05-21 19:52:28,45.79,High,Earthquake Triggered,0.7666,0.8392,0.2716,0.3342,0.5814,Manual
2697,324,43,179,2022-06-25 19:22:19,93.41,Extreme,Seasonal,0.6337,0.4394,0.1544,0.083,0.3215,Manual
2698,432,24,50,2023-10-20 10:35:42,28.09,Medium,Anthropogenic,0.6716,0.876,0.4824,0.6418,0.4063,Alert Triggered
2699,490,11,46,2024-01-24 11:03:04,69.06,Medium,Anthropogenic,0.7658,0.3862,0.9141,0.9833,0.1289,Routine
2700,307,27,2,2024-06-01 23:16:00,71.13,Low,Earthquake Triggered,0.1213,0.8885,0.8864,0.3874,0.7328,Alert Triggered
2701,267,8,2,2022-06-14 12:48:30,42.26,High,Seasonal,0.2872,0.6432,0.9273,0.8748,0.919,Manual
2702,481,6,110,2022-10-15 02:04:32,69.3,Low,Rainfall Driven,0.2213,0.3051,0.8291,0.0097,0.8875,Manual
2703,395,53,5,2019-06-23 22:09:56,58.16,High,Anthropogenic,0.6413,0.372,0.7604,0.227,0.1691,Alert Triggered
2704,318,57,86,2023-09-18 15:07:46,42.53,Low,Rainfall Driven,0.5276,0.1725,0.8856,0.0497,0.0748,Manual
2705,44,60,20,2022-04-17 14:59:05,39.96,Extreme,Rainfall Driven,0.4257,0.2609,0.6503,0.0541,0.511,Manual
2706,379,43,95,2020-03-29 23:25:34,78.2,Low,Earthquake Triggered,0.8949,0.224,0.5884,0.6702,0.3489,Routine
2707,446,57,11,2021-06-17 14:49:12,73.49,Medium,Rainfall Driven,0.2359,0.1115,0.2079,0.6521,0.56,Routine
2708,389,28,24,2018-04-30 13:08:11,54.57,Medium,Seasonal,0.7125,0.8166,0.1277,0.5836,0.2822,Manual
2709,223,44,128,2018-12-19 12:33:10,1.94,High,Anthropogenic,0.1636,0.3525,0.8434,0.4262,0.3783,Routine
2710,154,46,167,2023-11-17 06:53:50,41.96,High,Anthropogenic,0.6136,0.7873,0.1038,0.9854,0.761,Manual
2711,381,58,43,2019-05-05 17:53:04,85.73,High,Earthquake Triggered,0.7869,0.6243,0.8414,0.1435,0.3967,Manual
2712,71,21,149,2019-04-16 22:22:52,69.9,High,Seasonal,0.4785,0.9218,0.3061,0.4862,0.3776,Manual
2713,140,5,186,2020-03-26 12:42:01,4.31,Low,Anthropogenic,0.1714,0.6268,0.5041,0.1536,0.2108,Post Event
2714,68,40,36,2020-09-07 22:01:24,55.76,Medium,Earthquake Triggered,0.6249,0.7197,0.4697,0.5113,0.8462,Manual
2715,217,47,11,2020-07-16 20:10:46,45.1,Low,Anthropogenic,0.104,0.5576,0.6991,0.749,0.9714,Alert Triggered
2716,427,53,119,2023-05-14 22:38:24,54.24,Low,Anthropogenic,0.1064,0.975,0.2918,0.3773,0.2961,Post Event
2717,411,33,91,2024-06-05 02:13:12,54.21,Extreme,Rainfall Driven,0.3047,0.7794,0.0323,0.8312,0.9852,Manual
2718,330,35,115,2019-09-05 23:50:23,70.84,Medium,Earthquake Triggered,0.6489,0.0284,0.9661,0.2893,0.1452,Alert Triggered
2719,474,23,83,2023-05-31 00:02:45,97.9,Medium,Earthquake Triggered,0.0684,0.1047,0.3451,0.1938,0.3912,Manual
2720,59,29,185,2020-02-19 22:47:24,27.35,Medium,Anthropogenic,0.2477,0.0171,0.2297,0.8457,0.8339,Manual
2721,87,37,96,2022-10-31 09:40:59,64.58,Low,Rainfall Driven,0.1261,0.5912,0.1345,0.5966,0.6104,Routine
2722,477,40,195,2023-02-26 09:33:59,55.06,Medium,Rainfall Driven,0.6472,0.0483,0.5805,0.1877,0.0177,Manual
2723,484,10,49,2023-09-07 12:41:02,97.44,High,Earthquake Triggered,0.3703,0.5447,0.8129,0.5862,0.0018,Routine
2724,231,52,77,2021-11-22 12:36:51,21.1,Medium,Earthquake Triggered,0.0067,0.3536,0.8469,0.1453,0.55,Routine
2725,496,32,103,2020-02-19 20:23:46,93.97,Medium,Anthropogenic,0.3421,0.5832,0.6616,0.3793,0.2199,Routine
2726,212,16,133,2022-06-27 11:31:42,96.42,Low,Seasonal,0.3069,0.9603,0.3023,0.1739,0.4595,Manual
2727,186,38,65,2018-11-07 16:05:51,12.18,Low,Anthropogenic,0.287,0.9008,0.257,0.4675,0.5954,Routine
2728,377,24,150,2020-04-26 03:32:27,19.49,High,Seasonal,0.2471,0.984,0.2023,0.9353,0.0988,Routine
2729,23,48,156,2023-07-17 06:07:29,30.78,Medium,Seasonal,0.863,0.0005,0.4921,0.1403,0.9225,Alert Triggered
2730,423,20,105,2021-05-16 00:28:10,36.47,Medium,Earthquake Triggered,0.1476,0.0978,0.8753,0.2542,0.0355,Routine
2731,403,60,113,2020-01-06 09:09:31,78.74,Medium,Earthquake Triggered,0.2481,0.6957,0.1321,0.4768,0.4575,Alert Triggered
2732,285,41,122,2024-01-28 23:41:10,19.11,Medium,Anthropogenic,0.7204,0.0715,0.9381,0.495,0.767,Post Event
2733,172,39,21,2023-05-16 18:45:26,84.24,Medium,Earthquake Triggered,0.7539,0.6065,0.0221,0.1287,0.7266,Alert Triggered
2734,457,50,77,2021-08-13 01:12:03,0.45,High,Earthquake Triggered,0.6895,0.0277,0.7245,0.8311,0.0251,Manual
2735,77,47,55,2020-12-02 20:09:21,15.4,High,Seasonal,0.7287,0.1733,0.7179,0.3212,0.5563,Alert Triggered
2736,89,1,105,2023-09-06 22:00:26,69.72,Low,Earthquake Triggered,0.5415,0.4441,0.2427,0.117,0.1266,Post Event
2737,363,8,39,2022-08-07 05:09:58,76.76,Extreme,Anthropogenic,0.8101,0.1373,0.5093,0.997,0.7721,Post Event
2738,411,33,91,2018-12-29 07:19:22,19.98,Extreme,Seasonal,0.7636,0.4578,0.7918,0.7692,0.8811,Alert Triggered
2739,283,10,187,2023-08-30 04:28:47,62.9,Low,Anthropogenic,0.2918,0.9486,0.6956,0.7472,0.5297,Post Event
2740,279,26,161,2019-01-08 03:02:51,14.36,Low,Earthquake Triggered,0.997,0.8986,0.4425,0.549,0.2902,Manual
2741,236,28,94,2022-08-07 11:32:47,47.61,Low,Seasonal,0.0092,0.6314,0.2346,0.1414,0.1165,Alert Triggered
2742,358,52,196,2022-06-06 12:04:34,31.79,Low,Seasonal,0.2979,0.1533,0.5594,0.7294,0.1958,Routine
2743,296,41,1,2023-11-26 10:36:53,27.29,Medium,Seasonal,0.9341,0.2351,0.4701,0.5385,0.8275,Routine
2744,294,22,16,2023-04-04 21:18:30,37.38,Medium,Earthquake Triggered,0.0461,0.5533,0.5781,0.398,0.4417,Manual
2745,491,17,105,2023-04-04 05:07:06,65.13,Extreme,Anthropogenic,0.7535,0.3507,0.0668,0.7982,0.4576,Manual
2746,27,58,98,2019-10-21 07:32:07,30.59,Medium,Seasonal,0.0944,0.0285,0.8629,0.5287,0.0032,Routine
2747,248,28,104,2018-10-22 16:51:35,52.42,Extreme,Anthropogenic,0.5831,0.1451,0.9572,0.1558,0.1541,Manual
2748,40,32,5,2022-04-05 21:56:07,8.65,High,Anthropogenic,0.8936,0.7213,0.1019,0.3202,0.4905,Manual
2749,13,31,50,2019-01-14 09:46:56,0.67,Extreme,Anthropogenic,0.0495,0.2071,0.6825,0.791,0.2211,Manual
2750,253,56,38,2024-08-04 22:11:01,1.04,Extreme,Earthquake Triggered,0.3132,0.7573,0.4165,0.0114,0.6772,Post Event
2751,7,33,116,2023-01-16 18:57:24,77.82,Extreme,Seasonal,0.1783,0.6558,0.974,0.3979,0.8178,Routine
2752,179,11,166,2020-10-18 19:49:13,2.53,Low,Earthquake Triggered,0.7367,0.7994,0.3619,0.3532,0.8704,Post Event
2753,350,18,38,2024-03-06 21:45:12,72.79,High,Seasonal,0.2064,0.6753,0.7789,0.029,0.687,Post Event
2754,352,17,139,2022-07-03 15:03:38,72.33,Extreme,Seasonal,0.2291,0.5823,0.1918,0.4085,0.5861,Manual
2755,106,23,82,2018-06-01 17:38:40,78.9,High,Seasonal,0.9879,0.1041,0.7971,0.7165,0.9863,Routine
2756,261,20,77,2019-09-21 05:22:14,18.48,Extreme,Rainfall Driven,0.6846,0.1628,0.4067,0.069,0.5887,Post Event
2757,418,51,97,2024-12-18 19:46:52,99.54,Extreme,Seasonal,0.7057,0.0957,0.7808,0.9157,0.7926,Manual
2758,129,49,47,2022-06-01 04:41:26,83.72,Extreme,Rainfall Driven,0.6164,0.467,0.0412,0.4902,0.8576,Routine
2759,120,14,105,2018-08-12 10:52:12,90.7,Extreme,Seasonal,0.8346,0.9306,0.8418,0.8811,0.2936,Manual
2760,122,33,102,2021-08-30 17:14:52,71.69,High,Earthquake Triggered,0.7548,0.7355,0.1106,0.0689,0.5148,Alert Triggered
2761,373,44,152,2023-07-25 01:53:18,60.41,High,Earthquake Triggered,0.7737,0.4211,0.3034,0.1226,0.7021,Routine
2762,233,20,135,2023-08-19 02:46:16,54.64,Low,Anthropogenic,0.9255,0.6365,0.2553,0.0455,0.9405,Routine
2763,155,34,28,2022-01-10 17:52:01,87.31,Low,Earthquake Triggered,0.4512,0.127,0.4327,0.2073,0.3616,Routine
2764,455,18,98,2020-03-12 16:56:25,21.1,Extreme,Seasonal,0.6085,0.4949,0.4145,0.5887,0.1626,Alert Triggered
2765,257,50,77,2021-08-18 22:00:45,29.89,Low,Earthquake Triggered,0.9951,0.9885,0.5364,0.6731,0.1273,Routine
2766,339,14,40,2023-10-18 22:01:20,46.13,Low,Earthquake Triggered,0.0085,0.518,0.5655,0.7802,0.0533,Routine
2767,190,55,169,2020-01-14 22:07:13,72.23,Medium,Earthquake Triggered,0.6627,0.1558,0.5993,0.7379,0.2843,Alert Triggered
2768,334,48,119,2020-07-26 08:11:42,8.98,High,Rainfall Driven,0.4944,0.752,0.2806,0.8788,0.869,Routine
2769,141,24,174,2019-07-29 23:01:21,99.9,Extreme,Earthquake Triggered,0.0216,0.7927,0.3431,0.604,0.2721,Manual
2770,223,44,128,2024-11-23 13:08:45,60.26,High,Anthropogenic,0.4421,0.4434,0.6188,0.2363,0.1212,Post Event
2771,60,36,110,2023-11-01 08:15:54,63.96,Extreme,Earthquake Triggered,0.5351,0.8099,0.524,0.7315,0.6459,Routine
2772,495,40,176,2022-03-17 09:25:44,24.83,Low,Anthropogenic,0.953,0.0479,0.1773,0.6547,0.5545,Routine
2773,263,37,176,2020-04-01 06:19:14,42.12,Low,Rainfall Driven,0.1527,0.9761,0.4387,0.0266,0.4849,Routine
2774,272,61,58,2023-01-29 06:49:50,23.85,High,Seasonal,0.1197,0.8126,0.169,0.1336,0.3415,Alert Triggered
2775,394,62,191,2019-10-30 23:05:11,52.49,High,Earthquake Triggered,0.8444,0.42,0.5132,0.4312,0.3445,Alert Triggered
2776,381,58,43,2020-04-26 15:08:29,80.96,Low,Seasonal,0.2145,0.2125,0.8212,0.9775,0.1233,Post Event
2777,474,23,83,2018-06-23 23:37:13,5.62,Extreme,Earthquake Triggered,0.2723,0.7411,0.7272,0.8998,0.5042,Post Event
2778,113,30,68,2019-03-14 08:22:08,31.53,Low,Anthropogenic,0.8631,0.7175,0.3556,0.0306,0.5736,Routine
2779,254,49,65,2019-06-10 18:09:02,49.55,Low,Rainfall Driven,0.931,0.8845,0.312,0.2145,0.0477,Alert Triggered
2780,128,44,137,2023-08-01 17:23:21,97.71,High,Earthquake Triggered,0.6462,0.1865,0.0234,0.4055,0.4359,Post Event
2781,356,42,80,2021-10-07 14:21:40,37.83,Medium,Seasonal,0.7366,0.2479,0.8738,0.1131,0.1232,Manual
2782,339,14,40,2022-04-29 10:18:41,72.76,Extreme,Earthquake Triggered,0.301,0.9562,0.5041,0.2382,0.6849,Manual
2783,303,32,153,2023-10-06 03:53:29,70.69,Extreme,Earthquake Triggered,0.0147,0.4293,0.7738,0.306,0.9365,Post Event
2784,435,55,174,2023-04-10 13:40:22,24.69,Low,Seasonal,0.8801,0.9642,0.5448,0.4478,0.7315,Manual
2785,151,43,151,2024-04-10 22:27:31,21.03,Low,Earthquake Triggered,0.0339,0.945,0.7816,0.1753,0.1358,Manual
2786,95,4,200,2023-07-17 00:59:18,14.3,High,Anthropogenic,0.6026,0.9676,0.5245,0.2394,0.0976,Alert Triggered
2787,371,53,42,2020-11-14 06:28:37,74.32,Extreme,Rainfall Driven,0.9083,0.6401,0.5605,0.7362,0.0696,Routine
2788,129,49,47,2020-10-28 02:21:52,23.85,High,Anthropogenic,0.7603,0.8089,0.1661,0.4171,0.512,Alert Triggered
2789,272,61,58,2022-08-09 06:37:36,80.99,Extreme,Rainfall Driven,0.5693,0.1731,0.2359,0.2133,0.5191,Alert Triggered
2790,291,54,18,2020-04-10 08:48:31,49.81,Low,Rainfall Driven,0.1038,0.4416,0.5568,0.0988,0.5235,Post Event
2791,373,44,152,2018-05-19 18:02:52,28.7,Medium,Earthquake Triggered,0.8653,0.5636,0.3821,0.5985,0.161,Manual
2792,64,11,126,2021-01-20 15:27:52,19.39,High,Rainfall Driven,0.5338,0.2273,0.2896,0.9929,0.2502,Alert Triggered
2793,433,62,93,2021-01-27 01:24:08,57.02,Low,Seasonal,0.0859,0.1066,0.3765,0.5816,0.4404,Post Event
2794,71,21,149,2023-09-17 00:49:08,38.05,Medium,Anthropogenic,0.5747,0.3506,0.1114,0.0077,0.5331,Alert Triggered
2795,110,13,105,2019-06-27 16:39:31,37.44,Medium,Earthquake Triggered,0.2022,0.0215,0.5743,0.6287,0.4944,Post Event
2796,190,55,169,2019-02-17 05:31:19,21.43,High,Seasonal,0.0191,0.625,0.62,0.0677,0.209,Routine
2797,31,57,37,2023-03-03 16:43:20,42.67,Extreme,Rainfall Driven,0.2327,0.394,0.2226,0.4606,0.9084,Post Event
2798,219,16,41,2023-09-17 00:36:16,98.46,High,Earthquake Triggered,0.8621,0.9408,0.3085,0.1702,0.8633,Post Event
2799,497,32,23,2018-12-30 01:47:16,52.33,Extreme,Earthquake Triggered,0.6798,0.9623,0.1093,0.2863,0.857,Manual
2800,150,17,157,2020-03-13 22:57:40,90.1,Extreme,Seasonal,0.8872,0.2927,0.641,0.682,0.5773,Post Event
2801,154,46,167,2019-11-09 07:27:22,90.75,Extreme,Seasonal,0.3992,0.5067,0.3492,0.115,0.6147,Alert Triggered
2802,476,22,45,2019-02-15 14:54:29,73.26,High,Seasonal,0.0508,0.6751,0.5437,0.5927,0.554,Routine
2803,356,42,80,2022-10-17 14:40:31,30.79,Medium,Seasonal,0.2166,0.5183,0.0523,0.4061,0.594,Manual
2804,472,50,52,2021-01-01 11:32:41,72.01,Medium,Rainfall Driven,0.6884,0.6541,0.3073,0.7743,0.3036,Alert Triggered
2805,113,30,68,2021-11-16 22:27:32,72.99,High,Earthquake Triggered,0.8377,0.6748,0.0083,0.66,0.7392,Manual
2806,220,47,50,2021-09-02 07:11:29,73.08,Medium,Anthropogenic,0.8981,0.3173,0.1302,0.2376,0.7847,Alert Triggered
2807,411,33,91,2022-06-19 07:09:50,78.49,Low,Rainfall Driven,0.4522,0.2087,0.5361,0.7553,0.8675,Routine
2808,26,28,89,2020-10-20 14:51:05,37.83,High,Earthquake Triggered,0.925,0.2758,0.3061,0.9192,0.3847,Post Event
2809,99,18,47,2022-12-17 03:44:59,15.01,Low,Seasonal,0.3806,0.2715,0.8168,0.0444,0.9159,Routine
2810,145,47,64,2023-04-18 09:50:17,68.57,Medium,Anthropogenic,0.5865,0.4461,0.6011,0.1171,0.2431,Routine
2811,496,32,103,2022-08-12 07:26:10,19.58,High,Seasonal,0.4158,0.2718,0.775,0.5597,0.843,Routine
2812,418,51,97,2024-10-25 10:56:28,24.71,High,Earthquake Triggered,0.614,0.3736,0.8357,0.7322,0.5909,Routine
2813,334,48,119,2018-02-08 16:44:48,7.84,Extreme,Seasonal,0.2838,0.7224,0.9516,0.2916,0.8954,Post Event
2814,277,10,116,2020-10-17 04:07:18,78.37,Medium,Earthquake Triggered,0.503,0.1612,0.2086,0.7491,0.6466,Manual
2815,209,48,163,2021-02-14 14:25:32,9.43,Extreme,Earthquake Triggered,0.7151,0.8129,0.3116,0.4588,0.6323,Alert Triggered
2816,254,49,65,2021-03-03 11:22:33,1.97,Medium,Seasonal,0.0668,0.6755,0.8284,0.371,0.5649,Post Event
2817,66,37,191,2023-01-08 22:43:54,54.85,Medium,Anthropogenic,0.2829,0.1181,0.8162,0.4363,0.6669,Manual
2818,415,9,181,2018-04-07 19:05:37,65.47,Medium,Earthquake Triggered,0.2085,0.6322,0.6165,0.0915,0.5266,Alert Triggered
2819,291,54,18,2019-01-04 05:32:54,73.19,High,Anthropogenic,0.9066,0.2026,0.3011,0.2436,0.7287,Routine
2820,377,24,150,2019-04-24 20:57:13,53.77,High,Anthropogenic,0.668,0.9633,0.5226,0.4198,0.5972,Manual
2821,375,28,198,2018-11-27 11:42:13,82.67,High,Seasonal,0.5374,0.2151,0.9718,0.4125,0.793,Post Event
2822,435,55,174,2020-11-16 04:51:38,2.17,High,Rainfall Driven,0.5067,0.0942,0.3954,0.893,0.0525,Alert Triggered
2823,8,39,131,2018-02-13 16:50:24,64.71,High,Earthquake Triggered,0.5178,0.6666,0.213,0.3116,0.6054,Routine
2824,25,29,15,2020-06-29 11:22:30,80.25,Extreme,Rainfall Driven,0.6719,0.4286,0.6485,0.5967,0.7928,Manual
2825,456,7,31,2024-04-13 04:55:16,12.47,Low,Anthropogenic,0.0887,0.0295,0.3478,0.9468,0.3179,Alert Triggered
2826,22,26,176,2020-08-28 14:01:03,50.34,High,Earthquake Triggered,0.7697,0.608,0.093,0.8177,0.3895,Manual
2827,320,23,69,2023-03-31 08:31:11,13.83,Medium,Earthquake Triggered,0.6647,0.0556,0.8441,0.6746,0.336,Post Event
2828,392,54,101,2019-01-27 19:06:03,33.26,Extreme,Rainfall Driven,0.3829,0.4625,0.058,0.0022,0.3869,Routine
2829,60,36,110,2019-07-10 08:09:56,13.51,Low,Seasonal,0.527,0.4412,0.1716,0.5782,0.707,Alert Triggered
2830,403,60,113,2022-06-15 18:51:33,87.42,Medium,Anthropogenic,0.0715,0.4845,0.7321,0.1277,0.5059,Alert Triggered
2831,144,5,67,2021-09-14 10:36:56,79.16,Extreme,Seasonal,0.789,0.8506,0.3547,0.0798,0.4203,Post Event
2832,312,23,70,2021-04-19 21:51:13,47.75,Extreme,Seasonal,0.3629,0.8332,0.7681,0.7764,0.5957,Routine
2833,404,11,187,2019-08-12 14:55:26,44.03,Low,Seasonal,0.9159,0.8274,0.6383,0.5257,0.1403,Post Event
2834,449,51,29,2018-06-21 07:30:39,99.58,Extreme,Rainfall Driven,0.429,0.9524,0.1785,0.3279,0.3131,Manual
2835,188,26,87,2018-05-08 03:44:55,21.62,Extreme,Earthquake Triggered,0.2136,0.9939,0.9034,0.3396,0.4973,Post Event
2836,459,55,143,2022-05-25 14:52:58,47.82,Low,Earthquake Triggered,0.9021,0.827,0.4391,0.2526,0.0885,Routine
2837,382,31,67,2020-05-11 03:50:46,77.58,Extreme,Anthropogenic,0.7155,0.3997,0.653,0.5744,0.7303,Post Event
2838,492,16,123,2023-04-15 04:50:07,22.2,Extreme,Anthropogenic,0.0988,0.2796,0.8444,0.0899,0.4756,Alert Triggered
2839,234,19,101,2019-04-16 09:22:49,27.05,Low,Seasonal,0.9153,0.2987,0.2519,0.1207,0.4732,Routine
2840,403,60,113,2018-01-16 18:01:50,43.81,High,Anthropogenic,0.1122,0.1603,0.138,0.8018,0.1826,Post Event
2841,170,32,116,2022-12-22 15:14:14,35.05,Medium,Seasonal,0.0535,0.0306,0.7418,0.3435,0.5109,Alert Triggered
2842,13,31,50,2019-04-01 05:07:10,75.92,Extreme,Anthropogenic,0.8903,0.2457,0.4513,0.7896,0.0732,Routine
2843,293,43,20,2019-11-23 22:38:07,18.41,Extreme,Rainfall Driven,0.8947,0.6128,0.6702,0.5839,0.2363,Routine
2844,23,48,156,2020-12-17 05:36:49,6.67,Low,Anthropogenic,0.7463,0.1943,0.0874,0.09,0.9141,Routine
2845,89,1,105,2019-04-24 08:40:15,27.95,Low,Seasonal,0.6268,0.7525,0.4196,0.1571,0.2738,Routine
2846,482,6,93,2020-07-08 02:26:56,55.66,Low,Rainfall Driven,0.1034,0.6412,0.9341,0.6448,0.6745,Manual
2847,209,48,163,2018-04-08 14:32:33,27.54,Low,Rainfall Driven,0.7816,0.0866,0.6278,0.2081,0.6065,Alert Triggered
2848,263,37,176,2020-03-30 03:46:29,66.82,High,Seasonal,0.3794,0.238,0.4107,0.1703,0.5713,Manual
2849,100,35,189,2022-06-07 01:09:51,60.5,Extreme,Rainfall Driven,0.6203,0.3143,0.2893,0.6623,0.0924,Post Event
2850,261,20,77,2020-08-16 16:44:28,62.24,Extreme,Seasonal,0.2406,0.928,0.6022,0.845,0.4489,Alert Triggered
2851,54,13,152,2020-09-12 17:57:08,15.97,Medium,Anthropogenic,0.3408,0.0813,0.7373,0.9546,0.2013,Post Event
2852,113,30,68,2019-06-28 07:13:30,63.19,Low,Rainfall Driven,0.5133,0.2439,0.394,0.7917,0.5149,Alert Triggered
2853,325,10,91,2021-06-04 01:24:38,36.39,High,Earthquake Triggered,0.9999,0.7309,0.183,0.4569,0.3452,Manual
2854,75,15,133,2021-01-21 01:08:33,92.95,Extreme,Rainfall Driven,0.5403,0.682,0.3025,0.6628,0.8635,Routine
2855,376,55,53,2022-04-25 13:29:22,52.0,Extreme,Seasonal,0.9706,0.0657,0.3723,0.276,0.5677,Routine
2856,261,20,77,2018-06-12 23:21:13,58.94,High,Earthquake Triggered,0.6979,0.2169,0.1682,0.8421,0.1115,Routine
2857,213,8,164,2023-12-15 09:05:41,39.98,High,Rainfall Driven,0.9544,0.8979,0.5279,0.3182,0.2337,Routine
2858,350,18,38,2021-05-14 20:24:50,87.61,Medium,Seasonal,0.4984,0.2094,0.3536,0.1007,0.5123,Post Event
2859,7,33,116,2022-05-22 05:06:43,98.02,Extreme,Rainfall Driven,0.3173,0.2148,0.5894,0.8847,0.3826,Manual
2860,439,51,61,2024-01-08 03:08:19,27.3,High,Rainfall Driven,0.1049,0.0481,0.1058,0.4552,0.0493,Post Event
2861,493,34,195,2018-02-20 21:46:16,27.96,Medium,Rainfall Driven,0.2032,0.7066,0.8423,0.1237,0.7942,Routine
2862,354,36,41,2023-04-12 18:05:41,70.05,Medium,Earthquake Triggered,0.6955,0.9552,0.1401,0.7733,0.1947,Routine
2863,382,31,67,2022-08-05 02:40:46,53.76,High,Earthquake Triggered,0.3516,0.9594,0.1876,0.2305,0.8834,Manual
2864,19,30,70,2020-08-30 15:51:19,0.77,Extreme,Anthropogenic,0.4967,0.4684,0.614,0.7941,0.2081,Manual
2865,220,47,50,2023-01-26 21:39:05,50.56,High,Rainfall Driven,0.3694,0.0015,0.8233,0.151,0.8725,Manual
2866,467,57,161,2020-12-13 03:32:57,50.25,High,Earthquake Triggered,0.9853,0.3041,0.5732,0.4341,0.7943,Alert Triggered
2867,331,24,4,2019-05-25 05:07:40,45.72,Low,Seasonal,0.5917,0.8591,0.7136,0.6487,0.9865,Alert Triggered
2868,480,56,126,2023-09-16 18:06:25,42.99,Medium,Rainfall Driven,0.597,0.8383,0.6223,0.8513,0.9145,Post Event
2869,271,46,195,2023-02-04 14:13:27,68.18,High,Rainfall Driven,0.5732,0.1122,0.9808,0.6317,0.076,Routine
2870,147,29,23,2024-04-14 07:37:07,54.15,Extreme,Rainfall Driven,0.9946,0.1352,0.5899,0.4609,0.669,Post Event
2871,77,47,55,2024-11-26 13:01:00,11.19,Extreme,Rainfall Driven,0.4968,0.6651,0.6333,0.8741,0.24,Alert Triggered
2872,63,21,31,2019-07-04 17:00:56,9.7,Low,Anthropogenic,0.4208,0.8581,0.3158,0.2847,0.3127,Manual
2873,112,20,102,2020-11-17 09:28:08,79.45,High,Anthropogenic,0.6752,0.6246,0.0412,0.1254,0.3353,Post Event
2874,56,45,138,2019-10-05 14:22:43,35.88,Extreme,Earthquake Triggered,0.5936,0.9084,0.6913,0.6393,0.8614,Manual
2875,383,6,53,2022-08-02 03:56:12,19.41,Medium,Anthropogenic,0.9226,0.1022,0.323,0.2758,0.5028,Manual
2876,301,14,168,2023-05-29 19:50:32,11.75,High,Earthquake Triggered,0.6383,0.2936,0.001,0.4244,0.2892,Manual
2877,183,43,34,2023-07-11 08:29:35,84.05,Extreme,Rainfall Driven,0.7632,0.5284,0.9512,0.7063,0.0122,Routine
2878,453,58,52,2021-06-04 20:44:30,14.17,High,Earthquake Triggered,0.4566,0.3023,0.6628,0.9298,0.305,Manual
2879,39,4,196,2022-09-24 14:26:16,71.04,Low,Seasonal,0.2775,0.5679,0.3356,0.5506,0.3024,Routine
2880,378,36,16,2019-04-03 23:05:17,72.41,High,Rainfall Driven,0.7899,0.1258,0.8843,0.6486,0.2021,Post Event
2881,29,60,186,2023-10-23 18:28:00,66.75,High,Seasonal,0.5421,0.5028,0.3766,0.8483,0.9141,Post Event
2882,403,60,113,2020-12-22 05:38:52,75.25,Extreme,Earthquake Triggered,0.3202,0.6504,0.9435,0.6297,0.185,Manual
2883,20,55,164,2023-08-05 09:14:56,53.87,High,Earthquake Triggered,0.7357,0.4254,0.5517,0.3983,0.8515,Post Event
2884,129,49,47,2024-06-11 05:57:00,73.97,Medium,Rainfall Driven,0.3673,0.0769,0.5076,0.9637,0.8288,Manual
2885,293,43,20,2020-09-22 11:41:35,78.49,Medium,Seasonal,0.8229,0.6443,0.8602,0.1595,0.6704,Post Event
2886,481,6,110,2019-05-19 18:45:26,22.07,Medium,Anthropogenic,0.9296,0.8408,0.8596,0.3118,0.8953,Manual
2887,223,44,128,2018-11-21 01:06:43,89.47,High,Rainfall Driven,0.3963,0.8892,0.0471,0.3845,0.2604,Routine
2888,12,46,36,2023-08-26 20:09:30,18.7,Low,Seasonal,0.3535,0.3809,0.0041,0.8489,0.5188,Manual
2889,258,27,135,2019-04-16 22:39:29,89.66,Medium,Anthropogenic,0.2886,0.5068,0.1983,0.4641,0.0445,Manual
2890,217,47,11,2018-02-24 01:32:05,42.25,High,Rainfall Driven,0.3541,0.5483,0.1826,0.8245,0.5922,Alert Triggered
2891,496,32,103,2023-08-14 00:13:32,92.77,Extreme,Anthropogenic,0.0521,0.1095,0.0595,0.8752,0.8341,Post Event
2892,302,59,159,2022-10-10 06:38:54,13.12,Extreme,Anthropogenic,0.7532,0.8457,0.7779,0.1759,0.829,Routine
2893,412,19,171,2021-09-08 07:58:48,49.29,Extreme,Earthquake Triggered,0.1439,0.515,0.6447,0.5302,0.4701,Routine
2894,108,42,195,2024-06-23 01:50:21,53.2,Low,Anthropogenic,0.6655,0.4036,0.9897,0.5679,0.0337,Routine
2895,14,37,174,2024-09-07 02:56:46,78.5,Low,Earthquake Triggered,0.4253,0.1139,0.8176,0.3856,0.5016,Manual
2896,396,28,6,2024-04-20 03:57:11,20.55,Extreme,Seasonal,0.0132,0.2166,0.7733,0.5375,0.3604,Routine
2897,213,8,164,2023-06-13 16:53:12,71.73,Low,Seasonal,0.0273,0.6069,0.2461,0.9701,0.7322,Routine
2898,365,43,169,2019-04-17 05:56:52,56.28,Low,Seasonal,0.5044,0.6059,0.2116,0.2261,0.1378,Manual
2899,197,62,11,2019-01-30 12:51:04,98.3,Extreme,Rainfall Driven,0.63,0.8871,0.0487,0.8901,0.384,Alert Triggered
2900,51,20,124,2022-02-24 07:08:15,80.57,Medium,Rainfall Driven,0.6015,0.4531,0.4383,0.5083,0.1336,Post Event
2901,38,62,186,2018-08-18 20:27:33,67.18,Medium,Anthropogenic,0.8444,0.5471,0.6357,0.4224,0.8391,Alert Triggered
2902,120,14,105,2021-10-25 10:17:23,58.06,Extreme,Earthquake Triggered,0.0309,0.2375,0.8268,0.598,0.7142,Routine
2903,126,31,17,2019-12-06 22:47:28,76.55,Low,Seasonal,0.8554,0.8583,0.1218,0.5403,0.8468,Manual
2904,77,47,55,2022-05-02 00:32:00,70.93,Extreme,Rainfall Driven,0.7223,0.916,0.5105,0.5687,0.8148,Routine
2905,101,61,146,2020-08-02 09:00:03,1.88,Medium,Anthropogenic,0.0553,0.5297,0.9182,0.5114,0.0575,Post Event
2906,164,2,118,2022-09-04 05:01:32,41.09,Low,Earthquake Triggered,0.8431,0.6303,0.8837,0.889,0.1868,Post Event
2907,469,21,172,2020-11-13 08:44:09,55.46,Extreme,Anthropogenic,0.8983,0.4626,0.7763,0.1091,0.1918,Post Event
2908,147,29,23,2018-12-04 04:24:44,5.1,Low,Earthquake Triggered,0.7227,0.1013,0.0655,0.4906,0.7464,Manual
2909,113,30,68,2020-05-30 02:07:08,51.32,Medium,Seasonal,0.5629,0.7957,0.4171,0.0312,0.7351,Manual
2910,294,22,16,2024-10-20 16:58:29,17.65,Extreme,Anthropogenic,0.5025,0.482,0.8037,0.6217,0.4145,Manual
2911,16,7,106,2020-06-26 10:10:48,57.67,Medium,Anthropogenic,0.8683,0.1284,0.235,0.6886,0.4368,Routine
2912,75,15,133,2022-05-31 15:52:48,66.08,High,Seasonal,0.0959,0.3373,0.4996,0.8774,0.9233,Post Event
2913,463,56,106,2020-10-16 18:56:57,36.79,Medium,Anthropogenic,0.4191,0.3,0.2353,0.0097,0.7144,Manual
2914,53,12,102,2019-01-22 21:07:43,49.41,Extreme,Seasonal,0.6139,0.3307,0.2608,0.9175,0.2329,Manual
2915,181,10,150,2020-02-03 03:11:31,26.23,Extreme,Rainfall Driven,0.0238,0.6631,0.029,0.6142,0.6052,Routine
2916,473,11,186,2024-07-18 01:15:57,63.68,Medium,Rainfall Driven,0.2481,0.1726,0.9474,0.8679,0.7486,Alert Triggered
2917,488,17,178,2023-10-09 11:01:52,48.16,High,Anthropogenic,0.0144,0.364,0.6174,0.159,0.5756,Routine
2918,478,14,165,2023-08-30 09:51:10,97.11,Extreme,Anthropogenic,0.6486,0.4091,0.9861,0.1956,0.7316,Routine
2919,56,45,138,2024-04-03 22:48:30,2.64,Extreme,Seasonal,0.9111,0.857,0.1872,0.3999,0.9291,Routine
2920,425,4,82,2024-12-29 23:09:33,27.5,High,Anthropogenic,0.1896,0.2904,0.7329,0.1805,0.8859,Routine
2921,432,24,50,2018-03-30 03:59:13,82.23,Extreme,Seasonal,0.5614,0.2363,0.6302,0.9969,0.4201,Alert Triggered
2922,275,43,172,2019-12-28 11:42:26,98.64,Low,Rainfall Driven,0.3707,0.2377,0.8588,0.417,0.4769,Routine
2923,147,29,23,2022-09-21 06:54:36,54.5,Medium,Earthquake Triggered,0.7573,0.5343,0.5786,0.4039,0.5901,Routine
2924,70,32,37,2020-03-08 14:16:18,93.71,High,Seasonal,0.6322,0.1527,0.7654,0.0655,0.6217,Manual
2925,10,27,150,2021-02-18 09:06:23,72.3,Extreme,Seasonal,0.834,0.1013,0.4061,0.1116,0.9212,Manual
2926,463,56,106,2024-11-21 15:40:58,14.17,High,Anthropogenic,0.094,0.3362,0.842,0.2401,0.5479,Routine
2927,490,11,46,2020-09-24 10:05:19,26.4,Extreme,Seasonal,0.4489,0.48,0.6941,0.7615,0.72,Post Event
2928,408,59,89,2021-12-03 21:23:33,69.99,Medium,Seasonal,0.9443,0.2109,0.8125,0.6937,0.5986,Routine
2929,419,15,102,2023-03-15 01:40:59,72.74,High,Anthropogenic,0.5576,0.7427,0.5279,0.6685,0.0511,Post Event
2930,56,45,138,2021-01-12 00:06:19,97.53,Medium,Rainfall Driven,0.0654,0.0593,0.0075,0.0584,0.4486,Manual
2931,77,47,55,2022-04-03 04:42:45,53.81,Low,Rainfall Driven,0.2028,0.7562,0.9987,0.0565,0.7838,Manual
2932,451,41,72,2021-05-24 09:16:19,54.03,Extreme,Rainfall Driven,0.9558,0.5628,0.9827,0.0694,0.5941,Routine
2933,185,1,182,2024-12-23 05:23:40,55.89,Medium,Rainfall Driven,0.2973,0.1516,0.9578,0.1575,0.1097,Manual
2934,357,2,179,2018-05-22 02:06:00,20.25,Medium,Earthquake Triggered,0.1887,0.3412,0.8407,0.4995,0.2546,Post Event
2935,430,62,154,2023-01-04 23:34:42,50.46,High,Anthropogenic,0.037,0.5564,0.0788,0.3162,0.2237,Post Event
2936,54,13,152,2018-08-29 15:09:05,25.47,Low,Seasonal,0.7692,0.8071,0.7328,0.4444,0.7835,Alert Triggered
2937,343,43,90,2023-04-20 10:33:17,4.11,Extreme,Earthquake Triggered,0.1565,0.707,0.2017,0.5637,0.6659,Manual
2938,299,45,100,2018-07-18 06:04:58,38.17,High,Anthropogenic,0.2467,0.6542,0.0763,0.0347,0.5395,Post Event
2939,462,13,18,2021-05-03 04:04:58,23.04,Low,Seasonal,0.644,0.0152,0.4119,0.7346,0.4768,Post Event
2940,341,45,59,2024-04-15 06:10:29,9.13,Low,Rainfall Driven,0.9069,0.7001,0.4039,0.439,0.0632,Post Event
2941,118,39,175,2019-08-13 10:02:19,8.45,Extreme,Anthropogenic,0.2327,0.216,0.8971,0.4675,0.4798,Post Event
2942,296,41,1,2024-11-23 03:13:41,6.9,Low,Rainfall Driven,0.7773,0.7179,0.2917,0.5898,0.9486,Post Event
2943,232,47,148,2024-06-22 17:08:22,47.06,High,Earthquake Triggered,0.1569,0.8927,0.2693,0.5886,0.5825,Post Event
2944,57,1,26,2024-01-19 12:58:36,96.99,High,Seasonal,0.6976,0.8299,0.3691,0.3564,0.8601,Manual
2945,398,46,16,2023-08-08 22:25:58,7.29,Extreme,Earthquake Triggered,0.6102,0.35,0.7294,0.6756,0.4525,Alert Triggered
2946,79,42,14,2018-08-16 02:23:02,37.93,Medium,Rainfall Driven,0.7078,0.7356,0.2484,0.3076,0.0499,Manual
2947,73,29,117,2022-02-20 08:24:43,86.03,Medium,Anthropogenic,0.8236,0.4103,0.9226,0.3559,0.6934,Routine
2948,70,32,37,2021-05-09 12:27:32,87.19,High,Seasonal,0.7257,0.2119,0.6051,0.6801,0.9845,Routine
2949,384,16,197,2019-03-12 07:37:04,75.78,Low,Anthropogenic,0.0497,0.0234,0.852,0.314,0.5293,Alert Triggered
2950,198,52,109,2018-07-29 19:38:25,51.43,High,Anthropogenic,0.9155,0.6615,0.9879,0.3753,0.992,Routine
2951,251,21,116,2022-08-28 05:57:38,82.74,High,Rainfall Driven,0.0955,0.577,0.8048,0.8542,0.2881,Routine
2952,260,51,31,2022-10-18 10:58:13,15.7,Medium,Anthropogenic,0.844,0.8429,0.2648,0.5979,0.1495,Post Event
2953,326,3,82,2020-06-08 22:30:26,16.92,High,Earthquake Triggered,0.8213,0.5236,0.5433,0.359,0.192,Manual
2954,157,27,176,2023-06-05 03:52:47,48.54,Low,Rainfall Driven,0.2427,0.0836,0.3054,0.0937,0.92,Post Event
2955,489,48,54,2022-07-06 16:15:23,80.68,High,Anthropogenic,0.6722,0.1525,0.091,0.3936,0.5927,Manual
2956,222,50,164,2020-06-02 22:19:16,56.64,Extreme,Earthquake Triggered,0.3144,0.2295,0.8615,0.9937,0.8907,Manual
2957,229,62,102,2024-12-21 22:03:38,48.08,High,Earthquake Triggered,0.7103,0.2161,0.9295,0.1949,0.3614,Alert Triggered
2958,126,31,17,2019-10-27 02:20:24,53.02,High,Anthropogenic,0.2411,0.2918,0.4445,0.9642,0.4198,Manual
2959,319,12,166,2024-01-03 20:48:42,50.4,Medium,Seasonal,0.4816,0.9229,0.6059,0.7146,0.2568,Routine
2960,41,34,39,2020-02-24 03:28:46,88.48,Extreme,Earthquake Triggered,0.9463,0.9986,0.1665,0.6685,0.1115,Routine
2961,72,18,83,2023-07-30 17:43:24,87.0,Extreme,Anthropogenic,0.743,0.9844,0.6608,0.69,0.3493,Manual
2962,116,34,118,2020-01-11 05:30:23,1.37,Extreme,Anthropogenic,0.8738,0.5837,0.0199,0.3424,0.6275,Manual
2963,263,37,176,2022-02-23 19:10:51,73.85,High,Anthropogenic,0.1908,0.7036,0.6686,0.6613,0.0007,Post Event
2964,451,41,72,2018-02-21 03:04:16,64.96,Extreme,Anthropogenic,0.1556,0.5879,0.142,0.1366,0.3539,Manual
2965,237,13,176,2024-09-10 14:17:41,8.78,Low,Anthropogenic,0.6645,0.2366,0.5153,0.3574,0.9211,Post Event
2966,89,1,105,2020-08-27 01:46:45,88.48,High,Seasonal,0.1312,0.779,0.2527,0.5153,0.789,Routine
2967,228,36,84,2022-08-19 02:28:07,23.53,Extreme,Anthropogenic,0.0004,0.7449,0.0573,0.9087,0.6609,Manual
2968,188,26,87,2022-06-13 02:56:39,46.84,Extreme,Rainfall Driven,0.434,0.6126,0.048,0.9294,0.8828,Routine
2969,361,43,191,2023-11-04 11:38:18,59.21,Medium,Anthropogenic,0.0787,0.9315,0.9182,0.5947,0.3782,Routine
2970,180,62,104,2024-04-25 23:43:59,90.0,Medium,Rainfall Driven,0.6423,0.6139,0.5141,0.5801,0.8381,Manual
2971,125,58,97,2020-06-08 18:21:35,35.35,High,Anthropogenic,0.6246,0.3509,0.9107,0.8098,0.4302,Manual
2972,293,43,20,2024-03-30 14:22:28,16.7,Low,Earthquake Triggered,0.4861,0.1815,0.884,0.5615,0.7682,Alert Triggered
2973,2,16,176,2018-02-04 23:36:42,4.97,Low,Earthquake Triggered,0.6735,0.5882,0.1156,0.903,0.3364,Post Event
2974,130,31,14,2024-12-29 23:46:44,35.71,Low,Rainfall Driven,0.6704,0.5719,0.3153,0.9333,0.7785,Routine
2975,335,8,196,2024-04-11 10:33:21,8.0,High,Rainfall Driven,0.9333,0.1987,0.9087,0.43,0.673,Post Event
2976,492,16,123,2022-04-08 04:55:55,97.08,Extreme,Anthropogenic,0.9333,0.6585,0.9605,0.0034,0.0107,Routine
2977,167,44,187,2023-02-15 15:57:54,17.68,Extreme,Seasonal,0.2716,0.2945,0.3902,0.8511,0.4711,Post Event
2978,365,43,169,2021-03-11 06:11:20,41.65,High,Anthropogenic,0.0245,0.3637,0.3261,0.4727,0.8227,Post Event
2979,355,23,190,2019-04-23 01:30:12,9.88,Low,Anthropogenic,0.4173,0.2829,0.7773,0.3908,0.9029,Post Event
2980,209,48,163,2023-12-04 23:15:01,77.82,Extreme,Seasonal,0.5579,0.6848,0.2934,0.7698,0.9937,Routine
2981,170,32,116,2024-02-01 09:17:57,49.5,High,Seasonal,0.6678,0.0682,0.3104,0.7431,0.3474,Post Event
2982,312,23,70,2018-08-17 08:35:26,40.79,Low,Anthropogenic,0.9768,0.3834,0.1098,0.484,0.5216,Manual
2983,274,38,106,2019-10-09 17:14:59,29.78,High,Rainfall Driven,0.5594,0.5679,0.4931,0.7666,0.341,Alert Triggered
2984,158,29,46,2019-03-14 20:17:11,84.67,Low,Anthropogenic,0.457,0.0146,0.5197,0.2209,0.2257,Post Event
2985,164,2,118,2022-08-08 00:47:06,1.49,Extreme,Earthquake Triggered,0.9373,0.2695,0.3275,0.1168,0.0988,Routine
2986,275,43,172,2024-09-18 14:18:48,33.26,Medium,Earthquake Triggered,0.4129,0.7674,0.6817,0.3779,0.995,Post Event
2987,49,36,132,2024-08-02 07:12:36,65.9,Low,Anthropogenic,0.2299,0.7521,0.7115,0.4649,0.7637,Alert Triggered
2988,309,40,195,2021-05-15 04:03:32,45.35,Medium,Anthropogenic,0.5014,0.5273,0.0524,0.914,0.4678,Routine
2989,461,25,49,2020-04-15 17:07:35,4.76,High,Rainfall Driven,0.0096,0.9653,0.6579,0.1093,0.0038,Manual
2990,252,46,116,2018-07-04 16:38:58,45.89,High,Earthquake Triggered,0.5545,0.2675,0.1968,0.7833,0.0399,Routine
2991,5,32,6,2023-05-16 06:04:17,93.11,Medium,Rainfall Driven,0.9167,0.1096,0.3582,0.5738,0.6538,Post Event
2992,363,8,39,2024-10-22 17:32:20,46.96,Extreme,Rainfall Driven,0.4068,0.2646,0.045,0.1105,0.3828,Alert Triggered
2993,212,16,133,2020-12-01 14:10:34,93.26,Medium,Rainfall Driven,0.9585,0.0539,0.9476,0.0511,0.7856,Routine
2994,149,8,25,2019-11-01 01:33:31,25.88,Medium,Earthquake Triggered,0.5893,0.1597,0.844,0.9672,0.9196,Post Event
2995,26,28,89,2023-09-17 07:55:41,48.76,Extreme,Seasonal,0.5954,0.679,0.1589,0.0197,0.5338,Manual
2996,299,45,100,2020-01-14 10:17:27,73.76,Medium,Earthquake Triggered,0.9466,0.3442,0.573,0.8866,0.7916,Alert Triggered
2997,271,46,195,2024-02-12 00:59:56,72.41,Extreme,Earthquake Triggered,0.715,0.4517,0.5482,0.0476,0.3846,Manual
2998,37,17,142,2020-12-09 15:13:40,76.67,Extreme,Earthquake Triggered,0.7003,0.4489,0.2571,0.1461,0.6908,Post Event
2999,66,37,191,2023-11-27 15:58:47,73.16,Low,Seasonal,0.4601,0.9093,0.9055,0.2316,0.0339,Post Event
3000,396,28,6,2018-11-13 02:41:39,68.8,High,Seasonal,0.3154,0.1763,0.2878,0.6438,0.3024,Routine
