road_id,state_id,district_id,road_code,road_type,road_name,start_lat,start_lon,end_lat,end_lon,length_km,width_m,surface_type,condition,historical_blockages,landslide_vulnerability,daily_traffic_vehicles
1,30,3,RD00001,NH,SH-58,25.83115,92.58462,25.88115,92.63462,44.4,12.0,Bituminous,Fair,6,High,347.8
2,28,3,RD00002,Village Road,SH-67,28.85499,93.1439,28.90499,93.1939,44.6,6.4,Concrete,Fair,1,Medium,152.5
3,52,6,RD00003,Village Road,NH-380,28.52291,99.80087,28.57291,99.85087,39.8,4.0,Gravel,Good,13,Medium,216.3
4,9,1,RD00004,Forest Road,SH-58,27.6441,93.23194,27.6941,93.28194,0.7,9.2,Earthen,Poor,8,Low,488.8
5,39,4,RD00005,Village Road,NH-101,27.3573,91.25021,27.4073,91.30021,49.1,3.4,Gravel,Fair,15,Medium,345.1
6,45,5,RD00006,Village Road,SH-24,28.62788,95.2203,28.67788,95.2703,8.3,10.9,Earthen,Good,20,Medium,373.9
7,3,1,RD00007,SH,SH-73,27.5692,98.7265,27.6192,98.7765,27.0,11.6,Bituminous,Fair,10,Medium,442.7
8,50,6,RD00008,NH,SH-60,23.98734,92.57562,24.03734,92.62562,7.0,6.7,Bituminous,Good,13,High,274.9
9,31,3,RD00009,Forest Road,SH-40,27.94333,95.39394,27.99333,95.44394,24.1,6.7,Earthen,Good,18,High,463.8
10,17,2,RD00010,MDR,NH-269,23.74028,93.04447,23.79028,93.09447,42.7,6.3,Earthen,Poor,2,Medium,431.8
11,33,4,RD00011,MDR,SH-81,23.71836,99.91706,23.76836,99.96706,22.5,8.3,Bituminous,Poor,0,High,389.8
12,33,4,RD00012,MDR,NH-33,23.63816,100.14787,23.68816,100.19787,14.8,11.1,Concrete,Good,8,Low,225.0
13,36,4,RD00013,Forest Road,NH-2,25.43219,90.78503,25.48219,90.83503,14.8,6.3,Bituminous,Poor,15,High,476.5
14,10,1,RD00014,Village Road,SH-36,23.83057,97.77532,23.88057,97.82532,37.1,5.9,Earthen,Good,9,Low,187.6
15,50,6,RD00015,Forest Road,SH-42,23.86683,92.37711,23.91683,92.42711,3.1,5.9,Concrete,Poor,0,Low,76.3
16,42,5,RD00016,NH,NH-205,22.19264,97.2163,22.24264,97.2663,2.1,11.2,Gravel,Good,3,Medium,57.9
17,25,3,RD00017,ODR,SH-18,26.37775,96.99376,26.42775,97.04376,36.8,7.4,Earthen,Fair,10,Medium,322.6
18,47,6,RD00018,ODR,NH-392,29.67401,99.39814,29.72401,99.44814,14.0,6.6,Concrete,Fair,5,Medium,26.3
19,52,6,RD00019,MDR,SH-98,28.39636,99.67951,28.44636,99.72951,32.0,5.8,Concrete,Good,19,Medium,7.3
20,52,6,RD00020,MDR,SH-11,28.68882,99.86209,28.73882,99.91209,1.7,6.9,Earthen,Poor,1,Medium,357.3
21,13,2,RD00021,Forest Road,NH-212,26.48679,99.54574,26.53679,99.59574,39.4,11.5,Bituminous,Fair,15,Low,36.0
22,10,1,RD00022,Forest Road,NH-101,23.91138,97.50091,23.96138,97.55091,21.9,4.0,Bituminous,Good,3,High,493.2
23,13,2,RD00023,Village Road,NH-219,26.13775,99.89687,26.18775,99.94687,11.0,6.7,Bituminous,Good,5,Medium,318.3
24,4,1,RD00024,Forest Road,SH-11,26.80727,90.46209,26.85727,90.51209,42.4,4.6,Earthen,Poor,10,Low,252.0
25,13,2,RD00025,ODR,SH-14,26.42874,99.92419,26.47874,99.97419,10.3,11.2,Gravel,Poor,17,High,480.2
26,23,3,RD00026,MDR,SH-44,27.74188,91.44562,27.79188,91.49562,40.7,7.6,Earthen,Poor,3,High,187.1
27,24,3,RD00027,SH,SH-39,24.20626,99.42568,24.25626,99.47568,14.3,7.3,Concrete,Good,9,High,350.4
28,5,1,RD00028,Forest Road,NH-274,23.74051,94.99835,23.79051,95.04835,17.5,4.1,Earthen,Fair,15,Low,162.8
29,34,4,RD00029,NH,NH-23,25.98008,97.63619,26.03008,97.68619,14.6,10.7,Gravel,Fair,7,High,429.4
30,45,5,RD00030,SH,SH-21,28.56283,95.15067,28.61283,95.20067,4.2,9.8,Concrete,Poor,16,Low,137.3
31,29,3,RD00031,Village Road,SH-28,25.91768,98.91166,25.96768,98.96166,13.3,12.0,Bituminous,Good,14,High,215.9
32,38,4,RD00032,Forest Road,NH-379,29.75153,98.45646,29.80153,98.50646,34.4,7.8,Gravel,Good,4,Low,350.9
33,32,3,RD00033,SH,SH-34,25.2451,95.94625,25.2951,95.99625,1.2,11.3,Gravel,Poor,1,Low,66.0
34,56,7,RD00034,NH,SH-55,29.34903,97.62529,29.39903,97.67529,1.8,3.6,Gravel,Good,4,Low,240.9
35,1,1,RD00035,Forest Road,SH-75,26.91935,90.33259,26.96935,90.38259,28.0,5.9,Concrete,Good,9,Low,329.9
36,21,2,RD00036,Forest Road,SH-48,23.98012,99.28191,24.03012,99.33191,10.8,10.0,Concrete,Poor,13,High,263.5
37,30,3,RD00037,Forest Road,SH-92,25.83971,92.65472,25.88971,92.70472,14.4,6.9,Earthen,Fair,18,Medium,296.0
38,50,6,RD00038,NH,NH-120,23.77931,92.58892,23.82931,92.63892,3.7,11.6,Concrete,Poor,7,Low,392.2
39,33,4,RD00039,NH,NH-140,23.8202,100.17508,23.8702,100.22508,33.0,8.0,Gravel,Fair,11,Medium,412.6
40,51,6,RD00040,NH,NH-194,29.74739,90.97248,29.79739,91.02248,42.5,3.4,Concrete,Poor,15,Medium,170.9
41,36,4,RD00041,Village Road,NH-284,25.47871,90.57248,25.52871,90.62248,29.0,9.3,Earthen,Good,20,High,359.0
42,41,5,RD00042,NH,NH-97,22.99352,94.49993,23.04352,94.54993,2.6,7.2,Earthen,Good,10,High,308.6
43,5,1,RD00043,Village Road,NH-149,23.66092,95.07624,23.71092,95.12624,19.2,11.4,Bituminous,Fair,0,High,69.2
44,61,8,RD00044,SH,SH-5,26.5443,89.93496,26.5943,89.98496,25.7,8.7,Gravel,Poor,16,High,106.1
45,41,5,RD00045,NH,SH-83,22.96008,94.32215,23.01008,94.37215,43.9,8.4,Gravel,Good,12,Medium,345.1
46,49,6,RD00046,NH,NH-186,29.44649,98.7641,29.49649,98.8141,15.7,3.5,Gravel,Fair,18,High,422.2
47,62,8,RD00047,NH,SH-74,27.11071,92.29534,27.16071,92.34534,23.5,7.3,Concrete,Good,16,Medium,457.1
48,41,5,RD00048,Forest Road,NH-359,22.88117,94.41467,22.93117,94.46467,6.5,3.4,Concrete,Poor,1,Medium,298.9
49,30,3,RD00049,SH,SH-63,25.81029,92.6816,25.86029,92.7316,5.3,9.3,Gravel,Good,13,High,322.1
50,30,3,RD00050,Village Road,NH-418,25.57551,92.73571,25.62551,92.78571,46.6,10.6,Bituminous,Fair,8,Medium,46.1
51,8,1,RD00051,MDR,SH-22,24.10509,98.84342,24.15509,98.89342,14.8,6.6,Earthen,Good,15,Low,118.3
52,53,6,RD00052,ODR,NH-409,28.07702,91.30731,28.12702,91.35731,12.0,10.6,Concrete,Good,1,Medium,489.5
53,38,4,RD00053,SH,SH-8,29.86395,98.76484,29.91395,98.81484,11.9,5.9,Gravel,Poor,10,High,111.4
54,20,2,RD00054,Village Road,NH-138,23.49267,93.47042,23.54267,93.52042,39.9,9.3,Concrete,Poor,20,Medium,261.3
55,60,8,RD00055,ODR,NH-248,24.81908,95.91764,24.86908,95.96764,11.9,10.0,Earthen,Good,13,High,323.3
56,16,2,RD00056,NH,SH-58,23.56324,90.87072,23.61324,90.92072,8.9,8.1,Concrete,Poor,3,High,125.2
57,43,5,RD00057,Village Road,NH-296,29.57808,97.62223,29.62808,97.67223,10.3,5.5,Gravel,Good,7,High,98.1
58,53,6,RD00058,MDR,NH-143,28.0603,91.13571,28.1103,91.18571,11.2,10.1,Concrete,Fair,2,Medium,281.7
59,39,4,RD00059,SH,SH-43,27.30149,91.3412,27.35149,91.3912,35.9,10.3,Gravel,Good,15,Medium,238.1
60,37,4,RD00060,MDR,NH-453,26.61104,94.82447,26.66104,94.87447,38.2,10.2,Gravel,Fair,3,Medium,345.6
61,12,1,RD00061,ODR,SH-25,26.64055,98.17924,26.69055,98.22924,4.2,12.0,Earthen,Fair,6,Low,7.9
62,31,3,RD00062,Village Road,SH-60,27.86501,95.25543,27.91501,95.30543,17.6,7.4,Earthen,Fair,18,Low,32.3
63,35,4,RD00063,NH,NH-179,23.29304,91.62119,23.34304,91.67119,2.6,10.9,Earthen,Good,19,Medium,105.8
64,9,1,RD00064,MDR,SH-17,27.69993,93.50559,27.74993,93.55559,8.6,4.9,Earthen,Poor,17,Low,131.3
65,8,1,RD00065,ODR,NH-458,24.34815,98.80887,24.39815,98.85887,18.4,9.0,Bituminous,Good,9,Low,434.3
66,60,8,RD00066,ODR,NH-429,24.82045,96.02298,24.87045,96.07298,20.7,4.6,Concrete,Good,15,Medium,240.9
67,18,2,RD00067,Forest Road,NH-176,28.81135,98.60608,28.86135,98.65608,48.7,10.0,Gravel,Fair,5,Low,90.6
68,7,1,RD00068,ODR,SH-46,26.38884,92.2708,26.43884,92.3208,10.0,6.4,Concrete,Good,17,Low,140.0
69,13,2,RD00069,ODR,SH-84,26.29132,99.58718,26.34132,99.63718,37.3,5.8,Gravel,Good,10,Low,462.4
70,59,8,RD00070,SH,SH-90,25.63727,92.5954,25.68727,92.6454,23.9,10.1,Earthen,Fair,15,Low,343.8
71,41,5,RD00071,MDR,NH-17,22.99205,94.5434,23.04205,94.5934,11.0,6.9,Gravel,Good,11,Medium,80.8
72,50,6,RD00072,MDR,SH-44,24.0117,92.21165,24.0617,92.26165,16.6,11.0,Earthen,Fair,3,High,296.3
73,48,6,RD00073,ODR,SH-90,26.85607,94.70496,26.90607,94.75496,18.2,10.1,Concrete,Poor,8,High,217.0
74,9,1,RD00074,Village Road,SH-40,27.42771,93.4859,27.47771,93.5359,22.0,3.4,Gravel,Poor,8,High,317.0
75,45,5,RD00075,NH,NH-181,28.61466,95.27302,28.66466,95.32302,33.3,7.1,Earthen,Poor,0,Medium,125.0
76,45,5,RD00076,ODR,NH-111,28.56351,95.05194,28.61351,95.10194,8.1,5.6,Bituminous,Poor,13,High,281.3
77,45,5,RD00077,SH,NH-320,28.78078,95.08888,28.83078,95.13888,15.2,7.7,Earthen,Fair,8,Medium,390.9
78,46,5,RD00078,SH,NH-118,23.15343,97.43807,23.20343,97.48807,11.1,9.8,Concrete,Poor,2,Medium,498.2
79,36,4,RD00079,Village Road,SH-51,25.379,90.49798,25.429,90.54798,30.3,9.4,Concrete,Poor,16,High,316.3
80,29,3,RD00080,SH,SH-15,26.18424,98.84582,26.23424,98.89582,44.2,10.2,Bituminous,Poor,14,Low,359.8
81,10,1,RD00081,Forest Road,SH-43,23.81243,97.65222,23.86243,97.70222,19.8,3.9,Concrete,Fair,11,Low,16.7
82,8,1,RD00082,ODR,NH-23,24.2257,98.52581,24.2757,98.57581,18.7,10.1,Concrete,Good,12,Medium,460.5
83,59,8,RD00083,NH,NH-30,25.6494,92.37745,25.6994,92.42745,33.6,9.3,Bituminous,Poor,1,Medium,106.7
84,47,6,RD00084,SH,SH-72,29.63421,99.05158,29.68421,99.10158,48.1,8.3,Earthen,Poor,9,Medium,419.7
85,6,1,RD00085,SH,NH-170,26.56453,97.30396,26.61453,97.35396,18.1,6.6,Earthen,Fair,17,High,489.6
86,30,3,RD00086,MDR,SH-30,25.72521,92.77311,25.77521,92.82311,50.0,4.9,Gravel,Poor,20,Medium,450.1
87,14,2,RD00087,NH,NH-471,22.5642,92.77881,22.6142,92.82881,4.7,4.2,Bituminous,Fair,6,Medium,222.8
88,57,7,RD00088,Forest Road,SH-87,23.71926,93.29016,23.76926,93.34016,25.5,8.8,Earthen,Fair,7,Low,224.1
89,11,1,RD00089,Forest Road,SH-34,22.60472,90.79551,22.65472,90.84551,39.9,5.7,Gravel,Poor,8,Low,47.7
90,43,5,RD00090,NH,NH-429,29.7383,97.70188,29.7883,97.75188,23.0,3.6,Bituminous,Good,19,Medium,453.7
91,8,1,RD00091,Forest Road,SH-78,24.11294,98.49354,24.16294,98.54354,49.6,8.9,Gravel,Poor,10,Medium,0.1
92,25,3,RD00092,MDR,SH-14,26.61289,96.69121,26.66289,96.74121,6.7,8.3,Gravel,Fair,4,Low,310.7
93,9,1,RD00093,Village Road,SH-54,27.40281,93.23596,27.45281,93.28596,37.6,5.2,Gravel,Poor,7,Low,240.5
94,24,3,RD00094,NH,NH-107,24.32656,99.3681,24.37656,99.4181,5.8,7.2,Bituminous,Good,11,Low,84.3
95,31,3,RD00095,Village Road,SH-18,27.86806,95.22082,27.91806,95.27082,31.1,11.7,Concrete,Good,8,High,176.5
96,18,2,RD00096,SH,SH-17,29.02692,98.74572,29.07692,98.79572,19.4,5.1,Concrete,Good,4,High,443.9
97,7,1,RD00097,Forest Road,SH-44,26.33322,92.05148,26.38322,92.10148,25.0,11.5,Earthen,Poor,3,High,106.8
98,35,4,RD00098,SH,NH-408,23.37175,91.54402,23.42175,91.59402,40.5,3.4,Earthen,Fair,9,Low,257.9
99,24,3,RD00099,MDR,SH-4,24.32088,99.27417,24.37088,99.32417,26.9,5.1,Earthen,Good,8,High,110.0
100,61,8,RD00100,ODR,NH-77,26.69764,90.26904,26.74764,90.31904,9.4,10.7,Gravel,Good,6,Low,13.4
101,49,6,RD00101,ODR,SH-60,29.43285,98.63383,29.48285,98.68383,38.6,8.6,Gravel,Poor,12,High,152.9
102,4,1,RD00102,Forest Road,NH-372,26.62218,90.27114,26.67218,90.32114,11.9,8.6,Earthen,Good,0,Medium,432.2
103,35,4,RD00103,ODR,SH-56,23.17345,91.58153,23.22345,91.63153,15.6,3.9,Gravel,Poor,20,Low,206.7
104,7,1,RD00104,NH,SH-43,26.31943,92.26891,26.36943,92.31891,13.0,11.9,Earthen,Good,14,Low,299.0
105,48,6,RD00105,Village Road,NH-144,26.71629,95.02901,26.76629,95.07901,11.5,9.4,Earthen,Poor,3,High,47.4
106,19,2,RD00106,SH,NH-203,24.18892,96.52519,24.23892,96.57519,34.5,8.8,Concrete,Fair,9,Low,484.4
107,6,1,RD00107,SH,NH-336,26.45821,96.97243,26.50821,97.02243,3.1,10.8,Bituminous,Good,2,Medium,133.1
108,50,6,RD00108,MDR,NH-439,23.77951,92.22091,23.82951,92.27091,9.5,9.1,Earthen,Poor,2,Medium,34.2
109,13,2,RD00109,MDR,SH-94,26.12826,99.67102,26.17826,99.72102,14.4,6.4,Gravel,Good,9,High,406.5
110,58,7,RD00110,SH,SH-45,27.28978,94.36692,27.33978,94.41692,15.9,10.7,Earthen,Fair,1,Low,63.5
111,39,4,RD00111,ODR,NH-79,27.31058,91.0627,27.36058,91.1127,16.5,8.8,Earthen,Poor,14,Low,429.5
112,26,3,RD00112,Village Road,SH-63,23.67188,90.24856,23.72188,90.29856,23.7,9.9,Earthen,Fair,12,Medium,427.8
113,53,6,RD00113,ODR,SH-17,28.16762,91.10534,28.21762,91.15534,19.6,3.2,Bituminous,Good,3,High,19.2
114,3,1,RD00114,SH,SH-39,27.47413,98.94023,27.52413,98.99023,39.9,11.7,Gravel,Good,19,Medium,65.7
115,27,3,RD00115,Forest Road,SH-17,25.363,90.57161,25.413,90.62161,16.7,11.7,Earthen,Fair,15,Medium,342.7
116,22,2,RD00116,NH,NH-33,22.56493,96.25157,22.61493,96.30157,16.6,8.4,Earthen,Poor,3,Low,108.4
117,36,4,RD00117,Village Road,SH-13,25.51485,90.60105,25.56485,90.65105,48.3,6.6,Concrete,Good,5,High,205.9
118,25,3,RD00118,SH,SH-91,26.39796,96.89078,26.44796,96.94078,6.3,9.5,Concrete,Poor,19,Medium,4.8
119,32,3,RD00119,MDR,NH-131,25.4155,95.84971,25.4655,95.89971,48.0,4.3,Concrete,Poor,13,Low,176.8
120,61,8,RD00120,Forest Road,NH-65,26.75331,90.00699,26.80331,90.05699,19.7,11.6,Earthen,Good,19,Medium,460.4
121,42,5,RD00121,ODR,SH-1,22.03509,97.31692,22.08509,97.36692,31.1,6.5,Earthen,Good,4,High,358.4
122,24,3,RD00122,NH,NH-498,24.20487,99.3529,24.25487,99.4029,6.2,3.5,Concrete,Good,15,High,99.7
123,8,1,RD00123,ODR,NH-437,24.23785,98.85713,24.28785,98.90713,8.9,6.4,Earthen,Poor,18,Low,407.8
124,40,5,RD00124,ODR,SH-38,27.9875,97.87541,28.0375,97.92541,6.6,5.9,Earthen,Poor,1,Low,222.1
125,40,5,RD00125,ODR,SH-83,27.91655,97.63163,27.96655,97.68163,26.8,11.2,Bituminous,Poor,0,Low,456.7
126,51,6,RD00126,Village Road,NH-209,29.75111,90.86186,29.80111,90.91186,1.3,5.5,Earthen,Good,5,High,350.5
127,6,1,RD00127,MDR,NH-470,26.47108,96.98047,26.52108,97.03047,2.5,11.8,Gravel,Fair,7,Low,30.4
128,30,3,RD00128,Village Road,NH-159,25.74989,92.49072,25.79989,92.54072,12.2,3.3,Concrete,Good,4,Low,294.9
129,54,6,RD00129,Village Road,NH-463,29.50568,91.78071,29.55568,91.83071,49.3,6.5,Gravel,Good,20,High,402.3
130,16,2,RD00130,NH,SH-50,23.45055,90.72464,23.50055,90.77464,32.1,9.2,Concrete,Good,16,High,426.0
131,40,5,RD00131,Village Road,SH-80,28.0966,97.59738,28.1466,97.64738,20.2,3.1,Concrete,Good,14,High,483.0
132,27,3,RD00132,Forest Road,SH-15,25.274,90.63403,25.324,90.68403,27.5,6.8,Concrete,Poor,16,Medium,289.9
133,29,3,RD00133,MDR,NH-114,26.11003,98.93766,26.16003,98.98766,13.6,10.3,Earthen,Poor,11,High,217.4
134,15,2,RD00134,SH,SH-41,26.82442,98.73956,26.87442,98.78956,9.3,11.2,Earthen,Poor,13,Medium,371.6
135,29,3,RD00135,Forest Road,SH-90,26.03401,98.64829,26.08401,98.69829,9.7,4.3,Bituminous,Fair,11,Medium,460.1
136,9,1,RD00136,Forest Road,NH-215,27.76988,93.30646,27.81988,93.35646,8.9,9.4,Gravel,Fair,13,High,341.8
137,8,1,RD00137,Forest Road,NH-163,24.21437,98.71282,24.26437,98.76282,10.5,11.4,Gravel,Fair,17,Low,21.0
138,27,3,RD00138,SH,SH-30,25.27321,90.69363,25.32321,90.74363,15.3,9.2,Gravel,Poor,7,High,256.0
139,12,1,RD00139,Village Road,SH-93,26.90855,97.88013,26.95855,97.93013,15.6,11.4,Earthen,Fair,8,High,125.6
140,9,1,RD00140,Forest Road,SH-62,27.47962,93.59271,27.52962,93.64271,13.0,8.7,Earthen,Poor,11,High,301.5
141,62,8,RD00141,Village Road,NH-409,27.12787,92.42463,27.17787,92.47463,35.8,5.3,Concrete,Poor,1,Low,485.2
142,13,2,RD00142,ODR,SH-27,26.33337,99.65251,26.38337,99.70251,28.4,5.6,Bituminous,Poor,0,Medium,204.5
143,18,2,RD00143,ODR,NH-356,28.68111,98.51901,28.73111,98.56901,11.4,10.8,Earthen,Good,2,High,330.4
144,37,4,RD00144,Village Road,SH-46,26.90351,94.50026,26.95351,94.55026,40.1,7.0,Gravel,Poor,13,High,176.2
145,15,2,RD00145,NH,NH-179,27.01255,98.64083,27.06255,98.69083,41.4,9.0,Gravel,Good,5,High,63.1
146,40,5,RD00146,NH,NH-359,28.04669,97.57538,28.09669,97.62538,36.9,3.4,Gravel,Fair,16,Medium,459.1
147,30,3,RD00147,ODR,SH-17,25.50975,92.55164,25.55975,92.60164,24.1,5.7,Concrete,Fair,6,High,326.2
148,22,2,RD00148,NH,NH-497,22.74671,96.49745,22.79671,96.54745,5.2,8.7,Bituminous,Good,15,Medium,379.5
149,35,4,RD00149,SH,SH-5,23.04807,91.63391,23.09807,91.68391,15.4,10.2,Gravel,Fair,19,Medium,104.7
150,62,8,RD00150,SH,SH-93,26.9077,92.18714,26.9577,92.23714,37.4,3.3,Gravel,Good,5,Low,230.6
151,27,3,RD00151,Village Road,NH-150,25.21047,90.69527,25.26047,90.74527,49.2,8.1,Bituminous,Good,1,Low,378.0
152,56,7,RD00152,Forest Road,NH-305,29.39084,97.36099,29.44084,97.41099,17.7,4.7,Concrete,Good,3,Medium,437.7
153,11,1,RD00153,Village Road,SH-14,22.74122,91.01152,22.79122,91.06152,15.6,5.2,Bituminous,Good,3,Low,259.5
154,46,5,RD00154,MDR,SH-80,23.03176,97.49233,23.08176,97.54233,12.8,8.3,Bituminous,Poor,14,High,339.9
155,60,8,RD00155,Village Road,NH-287,24.64209,95.88222,24.69209,95.93222,7.0,10.5,Concrete,Fair,3,High,142.2
156,59,8,RD00156,ODR,SH-61,25.71296,92.51442,25.76296,92.56442,13.6,4.1,Concrete,Fair,10,Low,137.4
157,39,4,RD00157,ODR,NH-285,27.30573,91.24687,27.35573,91.29687,21.9,11.3,Bituminous,Fair,4,Low,239.5
158,3,1,RD00158,NH,SH-18,27.30102,98.89651,27.35102,98.94651,23.3,9.6,Bituminous,Fair,16,Low,266.0
159,57,7,RD00159,Village Road,NH-105,23.48484,93.03106,23.53484,93.08106,28.4,5.0,Gravel,Good,1,High,110.8
160,61,8,RD00160,Village Road,SH-52,26.88245,89.95768,26.93245,90.00768,17.2,10.9,Concrete,Poor,6,Medium,94.1
161,62,8,RD00161,Village Road,SH-64,26.92886,92.1918,26.97886,92.2418,23.5,8.3,Earthen,Fair,17,High,56.1
162,28,3,RD00162,NH,NH-279,29.15631,93.12692,29.20631,93.17692,22.8,9.8,Concrete,Good,1,High,174.6
163,34,4,RD00163,ODR,SH-89,25.9368,97.48163,25.9868,97.53163,23.8,6.0,Earthen,Good,3,Medium,158.6
164,35,4,RD00164,SH,NH-453,23.27682,91.50778,23.32682,91.55778,37.1,11.7,Earthen,Fair,10,Medium,135.1
165,28,3,RD00165,NH,SH-25,29.1874,93.05728,29.2374,93.10728,32.6,10.5,Bituminous,Good,4,Low,180.5
166,54,6,RD00166,SH,NH-141,29.692,91.63663,29.742,91.68663,48.4,9.1,Bituminous,Fair,19,Medium,322.4
167,45,5,RD00167,MDR,SH-21,28.64923,95.13056,28.69923,95.18056,33.9,8.2,Concrete,Poor,9,Low,410.9
168,34,4,RD00168,MDR,NH-305,25.78862,97.51032,25.83862,97.56032,22.6,10.8,Earthen,Good,4,Low,276.0
169,20,2,RD00169,ODR,NH-12,23.30629,93.51205,23.35629,93.56205,23.3,11.4,Gravel,Good,20,Low,462.1
170,16,2,RD00170,NH,SH-15,23.62682,90.77759,23.67682,90.82759,38.1,8.5,Earthen,Good,13,Low,298.5
171,42,5,RD00171,ODR,SH-16,22.08091,97.02263,22.13091,97.07263,36.7,6.0,Earthen,Fair,4,Medium,441.0
172,26,3,RD00172,MDR,NH-494,23.87721,90.17059,23.92721,90.22059,29.2,5.8,Earthen,Fair,16,High,351.4
173,28,3,RD00173,Village Road,NH-42,29.00377,93.03299,29.05377,93.08299,44.8,7.2,Earthen,Fair,2,Low,215.2
174,8,1,RD00174,Village Road,SH-17,24.03756,98.58304,24.08756,98.63304,37.3,3.5,Earthen,Poor,13,Medium,310.6
175,15,2,RD00175,ODR,SH-26,26.75671,98.55684,26.80671,98.60684,43.8,7.2,Earthen,Good,17,Low,116.3
176,28,3,RD00176,ODR,NH-229,29.18158,93.25693,29.23158,93.30693,15.4,11.1,Bituminous,Poor,3,Medium,264.6
177,12,1,RD00177,SH,NH-167,26.80921,97.98338,26.85921,98.03338,39.3,8.6,Bituminous,Poor,3,Medium,313.7
178,60,8,RD00178,Forest Road,NH-400,24.63323,95.9501,24.68323,96.0001,36.4,4.5,Earthen,Poor,16,Low,145.7
179,30,3,RD00179,Village Road,NH-11,25.62355,92.81053,25.67355,92.86053,30.1,10.4,Concrete,Fair,3,Medium,143.5
180,40,5,RD00180,Village Road,SH-61,27.91054,97.75312,27.96054,97.80312,30.8,11.0,Bituminous,Poor,16,Medium,408.5
181,54,6,RD00181,NH,NH-267,29.44325,91.66726,29.49325,91.71726,2.6,11.6,Earthen,Poor,12,Medium,463.0
182,59,8,RD00182,SH,SH-4,25.74238,92.432,25.79238,92.482,35.1,6.3,Gravel,Good,16,Low,49.5
183,33,4,RD00183,ODR,SH-71,23.79074,100.06699,23.84074,100.11699,48.9,9.7,Gravel,Fair,14,Low,86.1
184,34,4,RD00184,MDR,NH-250,25.99415,97.42893,26.04415,97.47893,39.6,6.6,Concrete,Good,17,High,495.6
185,31,3,RD00185,NH,NH-408,27.76274,95.55574,27.81274,95.60574,23.5,7.7,Gravel,Fair,18,Medium,193.1
186,30,3,RD00186,ODR,NH-149,25.48461,92.53721,25.53461,92.58721,25.3,3.3,Concrete,Poor,2,Medium,341.3
187,43,5,RD00187,Forest Road,SH-72,29.97284,97.67332,30.02284,97.72332,25.4,11.5,Concrete,Fair,9,High,88.5
188,39,4,RD00188,MDR,NH-364,27.34074,91.08845,27.39074,91.13845,22.6,9.3,Concrete,Poor,5,High,260.0
189,9,1,RD00189,Village Road,SH-11,27.44497,93.23048,27.49497,93.28048,24.7,10.2,Earthen,Fair,4,High,273.5
190,5,1,RD00190,NH,SH-80,23.58083,95.12652,23.63083,95.17652,35.9,6.6,Bituminous,Good,5,High,452.0
191,35,4,RD00191,ODR,SH-16,23.23655,91.48833,23.28655,91.53833,49.4,11.7,Bituminous,Good,13,Medium,20.0
192,53,6,RD00192,SH,NH-16,28.2997,91.45141,28.3497,91.50141,5.2,11.2,Earthen,Fair,11,High,324.6
193,8,1,RD00193,Village Road,NH-247,24.34951,98.80631,24.39951,98.85631,37.6,3.2,Earthen,Fair,16,Medium,279.5
194,7,1,RD00194,Village Road,NH-152,26.18614,92.08774,26.23614,92.13774,2.4,11.4,Concrete,Poor,11,High,109.3
195,49,6,RD00195,Village Road,SH-21,29.25209,98.81769,29.30209,98.86769,15.3,3.8,Earthen,Poor,16,High,291.6
196,56,7,RD00196,Village Road,NH-418,29.46077,97.6112,29.51077,97.6612,16.7,4.1,Gravel,Fair,12,Low,352.9
197,11,1,RD00197,NH,SH-65,22.88635,90.82009,22.93635,90.87009,36.3,7.2,Bituminous,Poor,5,Medium,143.2
198,9,1,RD00198,ODR,NH-352,27.55982,93.4771,27.60982,93.5271,17.6,6.7,Concrete,Fair,0,Medium,52.5
199,18,2,RD00199,SH,NH-226,28.77247,98.59306,28.82247,98.64306,19.7,8.7,Bituminous,Poor,20,Low,436.9
200,5,1,RD00200,Forest Road,SH-21,23.55344,94.98631,23.60344,95.03631,9.0,5.8,Gravel,Good,20,Low,111.5
201,14,2,RD00201,ODR,SH-58,22.55155,92.87157,22.60155,92.92157,37.7,11.2,Earthen,Poor,2,Medium,488.3
202,21,2,RD00202,ODR,NH-472,24.11863,99.55664,24.16863,99.60664,14.8,7.4,Gravel,Good,9,Low,429.1
203,31,3,RD00203,Village Road,NH-67,28.03738,95.29378,28.08738,95.34378,15.7,9.3,Bituminous,Poor,3,High,434.0
204,49,6,RD00204,NH,NH-317,29.34184,98.61044,29.39184,98.66044,2.0,6.0,Bituminous,Poor,7,Medium,192.4
205,30,3,RD00205,SH,NH-170,25.68152,92.78914,25.73152,92.83914,43.7,3.5,Concrete,Poor,11,High,490.5
206,47,6,RD00206,MDR,NH-28,29.54425,99.11852,29.59425,99.16852,14.4,5.8,Bituminous,Fair,3,Medium,416.7
207,11,1,RD00207,MDR,SH-15,22.62762,91.01806,22.67762,91.06806,11.8,4.3,Gravel,Fair,11,High,313.2
208,47,6,RD00208,ODR,SH-86,29.61133,99.0855,29.66133,99.1355,42.6,8.3,Bituminous,Poor,12,High,288.1
209,62,8,RD00209,MDR,SH-78,26.91023,92.45474,26.96023,92.50474,11.6,3.7,Gravel,Good,4,Low,146.1
210,38,4,RD00210,SH,SH-17,29.65329,98.54058,29.70329,98.59058,41.4,4.7,Gravel,Poor,13,High,111.4
211,8,1,RD00211,Forest Road,SH-90,24.28075,98.68951,24.33075,98.73951,41.5,9.4,Earthen,Fair,16,Low,348.2
212,26,3,RD00212,MDR,NH-170,23.79707,90.40546,23.84707,90.45546,18.4,11.8,Bituminous,Poor,20,High,429.5
213,47,6,RD00213,NH,NH-16,29.81197,99.37009,29.86197,99.42009,36.3,9.0,Concrete,Fair,19,High,35.6
214,52,6,RD00214,SH,NH-192,28.37506,99.82464,28.42506,99.87464,31.4,10.8,Concrete,Fair,5,High,31.7
215,40,5,RD00215,Forest Road,SH-87,28.14105,97.53273,28.19105,97.58273,24.9,11.5,Bituminous,Poor,0,High,330.7
216,15,2,RD00216,Forest Road,SH-85,27.14149,98.60155,27.19149,98.65155,13.4,3.1,Gravel,Fair,20,High,400.1
217,30,3,RD00217,MDR,NH-50,25.66298,92.81287,25.71298,92.86287,14.8,8.1,Concrete,Fair,12,Medium,433.2
218,51,6,RD00218,Village Road,NH-418,29.40121,90.8094,29.45121,90.8594,25.5,9.7,Bituminous,Fair,16,Low,32.3
219,3,1,RD00219,Forest Road,SH-85,27.31641,98.95527,27.36641,99.00527,45.4,9.3,Earthen,Fair,1,Medium,323.1
220,27,3,RD00220,MDR,NH-293,25.25244,90.73855,25.30244,90.78855,47.7,5.0,Gravel,Good,17,Low,37.7
221,31,3,RD00221,MDR,NH-173,28.01344,95.46483,28.06344,95.51483,13.5,3.7,Earthen,Fair,9,High,227.8
222,17,2,RD00222,MDR,SH-20,23.98586,93.00156,24.03586,93.05156,13.7,5.1,Concrete,Poor,19,Low,242.6
223,20,2,RD00223,NH,NH-263,23.38712,93.4393,23.43712,93.4893,39.0,5.8,Gravel,Poor,16,Low,247.1
224,10,1,RD00224,Forest Road,SH-1,23.89428,97.49591,23.94428,97.54591,26.9,10.5,Concrete,Fair,3,High,416.4
225,8,1,RD00225,NH,NH-105,24.20006,98.81,24.25006,98.86,40.8,9.1,Bituminous,Fair,12,Low,467.7
226,51,6,RD00226,ODR,NH-444,29.38045,90.97295,29.43045,91.02295,33.1,3.8,Gravel,Poor,0,Low,419.0
227,23,3,RD00227,SH,NH-114,27.89537,91.58037,27.94537,91.63037,18.3,7.2,Concrete,Fair,6,High,238.0
228,6,1,RD00228,ODR,SH-74,26.64596,97.19036,26.69596,97.24036,38.0,8.7,Gravel,Good,5,Low,258.5
229,38,4,RD00229,SH,NH-294,29.6391,98.68348,29.6891,98.73348,39.7,8.4,Concrete,Fair,14,Medium,80.2
230,61,8,RD00230,NH,NH-365,26.57729,89.91615,26.62729,89.96615,37.4,8.2,Gravel,Poor,1,High,351.1
231,45,5,RD00231,Forest Road,SH-94,28.63289,95.25567,28.68289,95.30567,4.6,4.5,Bituminous,Fair,2,Medium,256.2
232,5,1,RD00232,NH,NH-291,23.81838,95.03829,23.86838,95.08829,3.3,4.8,Bituminous,Fair,0,Low,429.4
233,37,4,RD00233,NH,NH-207,26.73779,94.76574,26.78779,94.81574,1.0,7.6,Concrete,Fair,15,High,152.8
234,47,6,RD00234,Forest Road,SH-75,29.44255,99.0452,29.49255,99.0952,2.0,9.4,Concrete,Fair,5,Medium,97.0
235,60,8,RD00235,NH,NH-65,24.68915,95.73294,24.73915,95.78294,39.4,5.5,Gravel,Poor,12,High,132.8
236,26,3,RD00236,Village Road,NH-404,23.79199,90.38806,23.84199,90.43806,49.5,7.9,Concrete,Good,20,High,497.1
237,33,4,RD00237,Forest Road,SH-70,23.91335,100.15254,23.96335,100.20254,32.3,11.8,Bituminous,Good,9,Low,97.3
238,17,2,RD00238,Village Road,SH-10,23.78691,92.92429,23.83691,92.97429,6.3,4.8,Earthen,Poor,14,Medium,7.1
239,38,4,RD00239,Forest Road,SH-11,29.63195,98.50878,29.68195,98.55878,10.2,7.8,Bituminous,Good,13,High,31.0
240,19,2,RD00240,Village Road,NH-37,24.36837,96.31967,24.41837,96.36967,0.6,8.2,Bituminous,Poor,12,High,414.6
241,5,1,RD00241,NH,SH-91,23.75099,95.15625,23.80099,95.20625,49.5,5.3,Bituminous,Poor,18,Low,222.1
242,59,8,RD00242,Forest Road,NH-452,25.67744,92.28274,25.72744,92.33274,14.6,3.3,Gravel,Fair,16,Medium,102.8
243,12,1,RD00243,SH,SH-80,26.85819,98.17439,26.90819,98.22439,12.5,10.1,Earthen,Fair,20,High,469.8
244,39,4,RD00244,Forest Road,SH-87,27.2632,91.11115,27.3132,91.16115,49.9,8.5,Earthen,Poor,2,Medium,261.6
245,13,2,RD00245,MDR,SH-16,26.1203,99.80933,26.1703,99.85933,21.3,5.3,Bituminous,Fair,0,Low,2.4
246,26,3,RD00246,SH,SH-41,23.78257,90.17662,23.83257,90.22662,32.1,11.3,Earthen,Fair,19,Low,88.3
247,2,1,RD00247,ODR,NH-182,24.09615,91.26935,24.14615,91.31935,11.6,11.6,Gravel,Fair,15,Low,403.0
248,15,2,RD00248,Village Road,SH-85,26.88488,98.41936,26.93488,98.46936,23.2,9.8,Gravel,Fair,5,High,355.9
249,38,4,RD00249,NH,NH-83,29.75645,98.50983,29.80645,98.55983,21.6,9.7,Gravel,Poor,8,Medium,495.9
250,59,8,RD00250,ODR,NH-489,25.62364,92.29814,25.67364,92.34814,38.7,8.4,Gravel,Poor,0,Low,277.1
251,9,1,RD00251,NH,SH-69,27.53745,93.44662,27.58745,93.49662,34.4,3.7,Concrete,Poor,20,Low,51.2
252,61,8,RD00252,ODR,NH-168,26.87963,89.97083,26.92963,90.02083,12.2,3.1,Gravel,Good,2,High,199.2
253,11,1,RD00253,Village Road,NH-350,22.76119,90.86242,22.81119,90.91242,38.7,9.4,Concrete,Fair,14,Low,54.1
254,40,5,RD00254,Village Road,NH-285,28.14244,97.51662,28.19244,97.56662,17.7,6.0,Bituminous,Poor,12,Low,4.2
255,14,2,RD00255,NH,NH-374,22.59026,92.97899,22.64026,93.02899,47.9,9.4,Gravel,Good,7,High,165.7
256,54,6,RD00256,MDR,NH-208,29.39233,91.57702,29.44233,91.62702,17.6,10.3,Bituminous,Good,18,High,195.5
257,16,2,RD00257,ODR,SH-19,23.46068,90.8426,23.51068,90.8926,9.4,9.7,Earthen,Fair,15,High,106.4
258,17,2,RD00258,ODR,NH-375,23.97541,93.04419,24.02541,93.09419,33.7,8.9,Bituminous,Good,17,Low,439.9
259,38,4,RD00259,ODR,NH-86,29.90081,98.71683,29.95081,98.76683,39.3,9.7,Gravel,Poor,18,Medium,105.9
260,27,3,RD00260,Village Road,NH-213,25.36313,90.75451,25.41313,90.80451,4.1,4.2,Gravel,Poor,2,Medium,96.6
261,3,1,RD00261,SH,SH-86,27.45998,98.845,27.50998,98.895,16.3,11.9,Bituminous,Good,2,Medium,390.0
262,32,3,RD00262,SH,NH-269,25.23315,95.81939,25.28315,95.86939,8.4,10.4,Gravel,Fair,10,Medium,297.0
263,10,1,RD00263,Forest Road,SH-53,23.80554,97.79674,23.85554,97.84674,27.0,7.4,Bituminous,Good,7,Medium,43.7
264,29,3,RD00264,SH,SH-14,25.94004,98.92103,25.99004,98.97103,22.2,4.7,Gravel,Fair,5,Medium,160.8
265,50,6,RD00265,MDR,SH-89,23.95063,92.22658,24.00063,92.27658,38.1,7.1,Earthen,Good,3,Low,213.4
266,24,3,RD00266,Forest Road,SH-70,24.19951,99.43602,24.24951,99.48602,24.0,3.1,Concrete,Fair,0,High,485.2
267,27,3,RD00267,ODR,NH-253,25.10579,90.83516,25.15579,90.88516,16.0,6.7,Bituminous,Good,1,High,322.7
268,35,4,RD00268,NH,NH-140,23.17514,91.60247,23.22514,91.65247,20.6,3.6,Earthen,Good,18,High,434.2
269,36,4,RD00269,MDR,SH-6,25.28382,90.59038,25.33382,90.64038,37.4,6.2,Earthen,Poor,17,Low,385.6
270,47,6,RD00270,NH,NH-473,29.71231,99.10948,29.76231,99.15948,5.7,10.0,Gravel,Good,4,High,480.8
271,1,1,RD00271,ODR,NH-88,27.23185,90.42141,27.28185,90.47141,32.0,11.9,Earthen,Poor,17,Medium,55.0
272,8,1,RD00272,MDR,SH-76,24.02946,98.75103,24.07946,98.80103,18.7,11.7,Gravel,Fair,5,High,85.4
273,35,4,RD00273,Forest Road,NH-420,23.29881,91.53328,23.34881,91.58328,19.6,4.5,Gravel,Poor,14,Medium,297.0
274,38,4,RD00274,ODR,SH-27,29.88514,98.55213,29.93514,98.60213,26.9,8.1,Gravel,Fair,4,Low,326.0
275,48,6,RD00275,NH,SH-88,26.75188,95.08529,26.80188,95.13529,22.3,11.3,Gravel,Good,15,High,138.4
276,46,5,RD00276,ODR,NH-206,23.26026,97.63113,23.31026,97.68113,13.7,6.7,Gravel,Good,8,High,471.1
277,34,4,RD00277,Village Road,SH-7,26.14467,97.44958,26.19467,97.49958,30.5,8.9,Bituminous,Poor,9,Low,276.8
278,32,3,RD00278,Village Road,NH-247,25.38207,96.02996,25.43207,96.07996,3.5,8.8,Concrete,Poor,5,High,381.4
279,50,6,RD00279,SH,NH-172,24.03877,92.50635,24.08877,92.55635,14.9,7.6,Concrete,Good,4,Low,357.8
280,19,2,RD00280,ODR,NH-66,24.19332,96.2566,24.24332,96.3066,15.7,7.9,Concrete,Poor,11,Low,245.8
281,32,3,RD00281,MDR,NH-498,25.30765,95.99298,25.35765,96.04298,44.4,11.7,Gravel,Good,0,Medium,240.0
282,27,3,RD00282,Village Road,NH-497,25.10791,90.8321,25.15791,90.8821,9.2,5.1,Gravel,Good,19,Low,328.7
283,8,1,RD00283,NH,SH-92,24.1161,98.7036,24.1661,98.7536,35.6,6.8,Earthen,Poor,9,Low,447.7
284,50,6,RD00284,NH,SH-26,24.06167,92.5102,24.11167,92.5602,43.8,3.8,Earthen,Poor,10,Medium,155.4
285,14,2,RD00285,SH,NH-95,22.74057,92.95291,22.79057,93.00291,13.8,9.4,Earthen,Fair,20,Low,254.0
286,16,2,RD00286,Forest Road,SH-45,23.66833,90.86777,23.71833,90.91777,16.1,6.5,Earthen,Fair,20,Low,141.6
287,37,4,RD00287,MDR,SH-93,26.69822,94.50989,26.74822,94.55989,10.8,8.2,Gravel,Poor,12,High,299.7
288,40,5,RD00288,ODR,NH-147,28.17137,97.54457,28.22137,97.59457,11.7,4.9,Bituminous,Good,12,Medium,122.2
289,19,2,RD00289,Forest Road,NH-2,24.04963,96.42144,24.09963,96.47144,22.4,4.6,Bituminous,Good,1,High,320.2
290,13,2,RD00290,SH,SH-56,26.28641,99.77267,26.33641,99.82267,41.8,6.4,Gravel,Good,4,Medium,97.9
291,62,8,RD00291,MDR,SH-78,26.9662,92.19695,27.0162,92.24695,21.0,7.6,Earthen,Poor,19,High,434.5
292,22,2,RD00292,Village Road,NH-76,22.72605,96.28997,22.77605,96.33997,10.8,9.3,Bituminous,Poor,8,Low,330.6
293,46,5,RD00293,NH,NH-302,23.19429,97.51147,23.24429,97.56147,5.6,11.8,Gravel,Poor,19,Medium,372.8
294,22,2,RD00294,NH,SH-49,22.57013,96.52625,22.62013,96.57625,16.7,9.3,Concrete,Fair,1,Low,337.1
295,17,2,RD00295,ODR,NH-283,24.00433,92.70309,24.05433,92.75309,33.1,10.5,Concrete,Good,4,Medium,90.7
296,55,7,RD00296,NH,NH-51,28.89003,94.28255,28.94003,94.33255,38.9,6.9,Concrete,Good,10,Medium,157.2
297,42,5,RD00297,NH,SH-44,21.97285,97.25797,22.02285,97.30797,25.3,9.6,Earthen,Fair,7,Medium,113.7
298,27,3,RD00298,SH,SH-82,25.31521,90.55512,25.36521,90.60512,24.8,8.6,Bituminous,Good,6,Medium,369.1
299,17,2,RD00299,SH,NH-274,23.70058,92.91865,23.75058,92.96865,46.1,8.2,Gravel,Poor,10,High,42.3
300,42,5,RD00300,SH,SH-82,21.94277,97.29763,21.99277,97.34763,41.6,7.4,Concrete,Fair,3,Medium,100.1
301,4,1,RD00301,MDR,SH-54,26.73701,90.50863,26.78701,90.55863,27.2,10.5,Concrete,Good,2,Medium,372.3
302,20,2,RD00302,Forest Road,NH-484,23.29905,93.43104,23.34905,93.48104,47.8,6.0,Bituminous,Good,14,Medium,221.1
303,25,3,RD00303,SH,SH-82,26.35103,96.80647,26.40103,96.85647,5.1,8.3,Bituminous,Fair,18,Medium,348.9
304,41,5,RD00304,NH,SH-56,22.91908,94.52057,22.96908,94.57057,34.7,11.0,Concrete,Fair,20,Medium,331.5
305,16,2,RD00305,MDR,SH-70,23.68759,90.8051,23.73759,90.8551,49.2,6.4,Earthen,Good,2,Medium,37.6
306,17,2,RD00306,NH,SH-5,23.93805,92.93135,23.98805,92.98135,48.1,4.8,Gravel,Good,3,Low,271.2
307,57,7,RD00307,ODR,NH-356,23.80278,93.03059,23.85278,93.08059,1.5,10.2,Bituminous,Poor,18,High,196.2
308,27,3,RD00308,Forest Road,NH-331,25.07032,90.51417,25.12032,90.56417,19.8,7.4,Bituminous,Fair,15,Low,28.9
309,27,3,RD00309,Village Road,SH-76,25.10018,90.7061,25.15018,90.7561,8.7,11.6,Bituminous,Poor,8,Medium,367.6
310,26,3,RD00310,ODR,NH-190,24.02537,90.49789,24.07537,90.54789,32.8,8.3,Bituminous,Good,14,Medium,433.1
311,59,8,RD00311,SH,NH-263,25.68173,92.51666,25.73173,92.56666,21.8,8.1,Earthen,Poor,7,Medium,194.6
312,42,5,RD00312,NH,SH-37,22.17972,97.17168,22.22972,97.22168,35.7,9.7,Concrete,Fair,5,High,182.8
313,31,3,RD00313,Forest Road,SH-62,28.04844,95.42837,28.09844,95.47837,29.2,4.2,Gravel,Poor,12,High,492.0
314,35,4,RD00314,ODR,SH-39,23.30247,91.72617,23.35247,91.77617,30.5,4.8,Concrete,Poor,6,Medium,8.0
315,54,6,RD00315,NH,NH-26,29.65141,91.56131,29.70141,91.61131,11.0,8.7,Concrete,Fair,20,Medium,279.7
316,42,5,RD00316,SH,NH-187,22.12338,97.19923,22.17338,97.24923,34.4,11.5,Concrete,Poor,13,Medium,272.0
317,46,5,RD00317,ODR,SH-5,23.23585,97.61451,23.28585,97.66451,1.5,4.0,Earthen,Poor,16,High,149.3
318,39,4,RD00318,SH,SH-4,27.36709,91.00822,27.41709,91.05822,19.0,6.0,Gravel,Fair,11,Low,474.3
319,32,3,RD00319,Village Road,NH-162,25.473,95.775,25.523,95.825,12.9,3.5,Concrete,Fair,20,Low,349.8
320,45,5,RD00320,Village Road,NH-253,28.55342,95.21196,28.60342,95.26196,38.9,4.2,Gravel,Fair,9,Low,397.7
321,58,7,RD00321,MDR,SH-45,27.0867,94.1969,27.1367,94.2469,10.8,3.6,Bituminous,Fair,10,Low,458.9
322,38,4,RD00322,Village Road,NH-493,29.72657,98.50407,29.77657,98.55407,2.9,4.3,Concrete,Poor,17,High,201.6
323,22,2,RD00323,ODR,SH-13,22.49698,96.32581,22.54698,96.37581,1.0,6.4,Gravel,Good,14,High,280.6
324,61,8,RD00324,NH,NH-428,26.80351,90.25218,26.85351,90.30218,34.8,3.2,Concrete,Fair,20,Medium,288.7
325,37,4,RD00325,SH,SH-18,26.84131,94.49031,26.89131,94.54031,11.5,11.8,Bituminous,Good,3,Low,254.5
326,4,1,RD00326,Forest Road,NH-299,26.63582,90.43866,26.68582,90.48866,35.7,5.4,Gravel,Good,8,Medium,275.4
327,18,2,RD00327,ODR,NH-61,28.96773,98.52225,29.01773,98.57225,7.1,6.1,Gravel,Fair,1,High,72.7
328,14,2,RD00328,NH,NH-375,22.6577,92.74956,22.7077,92.79956,19.5,10.0,Concrete,Good,19,Low,446.4
329,21,2,RD00329,Forest Road,SH-10,24.06017,99.513,24.11017,99.563,16.5,7.8,Bituminous,Fair,5,High,380.2
330,18,2,RD00330,NH,SH-85,28.85063,98.62077,28.90063,98.67077,26.1,9.1,Gravel,Good,8,High,105.4
331,12,1,RD00331,MDR,SH-89,26.98828,98.25072,27.03828,98.30072,20.7,4.6,Concrete,Fair,3,High,7.9
332,48,6,RD00332,NH,SH-25,26.715,94.73085,26.765,94.78085,40.5,6.2,Gravel,Good,6,Low,158.9
333,20,2,RD00333,SH,NH-214,23.29836,93.41142,23.34836,93.46142,32.0,7.8,Bituminous,Good,2,High,455.6
334,27,3,RD00334,SH,SH-26,25.0211,90.70567,25.0711,90.75567,31.6,7.0,Concrete,Good,4,Medium,330.2
335,43,5,RD00335,Village Road,NH-68,29.86602,97.66032,29.91602,97.71032,5.1,7.3,Gravel,Fair,18,Low,174.1
336,32,3,RD00336,Forest Road,SH-55,25.48934,95.8234,25.53934,95.8734,6.6,8.4,Concrete,Good,0,High,184.7
337,10,1,RD00337,ODR,SH-9,23.68336,97.6402,23.73336,97.6902,9.7,10.3,Gravel,Fair,15,Medium,285.1
338,7,1,RD00338,NH,NH-423,26.29779,92.13405,26.34779,92.18405,0.8,10.2,Concrete,Good,10,Low,124.9
339,21,2,RD00339,Forest Road,NH-89,24.217,99.37234,24.267,99.42234,8.0,9.3,Earthen,Good,20,Medium,278.6
340,48,6,RD00340,MDR,SH-87,26.85286,94.99356,26.90286,95.04356,21.9,5.7,Gravel,Good,3,High,308.7
341,37,4,RD00341,Forest Road,SH-21,26.80278,94.54614,26.85278,94.59614,4.5,11.4,Concrete,Good,3,High,489.7
342,12,1,RD00342,MDR,SH-36,26.73578,98.22836,26.78578,98.27836,0.7,5.3,Concrete,Good,3,Low,81.4
343,38,4,RD00343,NH,SH-51,29.63463,98.67803,29.68463,98.72803,17.0,7.4,Gravel,Poor,7,High,122.3
344,54,6,RD00344,MDR,SH-5,29.59525,91.6979,29.64525,91.7479,39.1,10.9,Earthen,Poor,16,Medium,287.7
345,40,5,RD00345,ODR,NH-62,27.90915,97.86974,27.95915,97.91974,15.3,3.9,Bituminous,Good,0,Low,379.5
346,42,5,RD00346,ODR,NH-475,22.06012,97.13689,22.11012,97.18689,45.3,6.1,Gravel,Poor,20,Low,445.0
347,40,5,RD00347,Forest Road,SH-28,27.96044,97.65452,28.01044,97.70452,30.6,10.2,Concrete,Good,8,Medium,355.6
348,28,3,RD00348,ODR,SH-64,28.93487,93.32019,28.98487,93.37019,29.6,10.7,Concrete,Good,1,High,437.0
349,55,7,RD00349,MDR,SH-83,29.01156,94.2476,29.06156,94.2976,7.1,6.7,Bituminous,Fair,16,Medium,397.4
350,17,2,RD00350,Forest Road,SH-96,23.9411,93.00501,23.9911,93.05501,33.8,3.3,Gravel,Poor,19,Medium,362.2
351,35,4,RD00351,NH,SH-56,23.21473,91.62191,23.26473,91.67191,23.5,10.7,Earthen,Poor,7,High,257.4
352,29,3,RD00352,SH,NH-250,25.95587,98.97647,26.00587,99.02647,1.1,8.8,Gravel,Poor,4,Medium,188.7
353,9,1,RD00353,Forest Road,SH-57,27.52205,93.49813,27.57205,93.54813,42.0,3.6,Concrete,Good,4,Medium,462.8
354,11,1,RD00354,Village Road,NH-473,22.88196,90.87038,22.93196,90.92038,14.8,9.8,Bituminous,Good,20,Low,418.6
355,41,5,RD00355,MDR,SH-39,22.83796,94.47343,22.88796,94.52343,29.4,9.8,Earthen,Fair,6,Medium,127.6
356,43,5,RD00356,MDR,NH-253,29.71684,97.72049,29.76684,97.77049,16.0,11.5,Earthen,Fair,18,Low,497.7
357,57,7,RD00357,SH,SH-58,23.46589,93.06962,23.51589,93.11962,26.0,7.7,Concrete,Good,4,Low,75.5
358,56,7,RD00358,NH,SH-93,29.28963,97.56275,29.33963,97.61275,39.5,7.6,Earthen,Fair,14,Medium,474.7
359,23,3,RD00359,Village Road,SH-14,27.66836,91.8217,27.71836,91.8717,22.0,8.5,Concrete,Fair,10,Low,164.0
360,36,4,RD00360,SH,NH-369,25.29979,90.63603,25.34979,90.68603,41.6,10.4,Earthen,Poor,14,High,178.5
361,46,5,RD00361,NH,SH-38,23.06021,97.66922,23.11021,97.71922,8.8,7.5,Earthen,Fair,1,Medium,140.9
362,39,4,RD00362,MDR,SH-3,27.57936,91.07259,27.62936,91.12259,23.9,9.5,Bituminous,Poor,0,Medium,266.1
363,52,6,RD00363,SH,SH-70,28.44706,99.59492,28.49706,99.64492,4.1,3.4,Earthen,Poor,5,Low,95.0
364,56,7,RD00364,Forest Road,NH-226,29.61806,97.56749,29.66806,97.61749,19.6,6.0,Bituminous,Fair,11,High,384.2
365,54,6,RD00365,NH,SH-9,29.72419,91.67221,29.77419,91.72221,46.1,9.4,Bituminous,Fair,4,Low,312.5
366,44,5,RD00366,ODR,SH-75,29.3476,98.55995,29.3976,98.60995,49.3,7.1,Gravel,Good,6,High,78.0
367,17,2,RD00367,MDR,SH-54,23.90025,93.00686,23.95025,93.05686,2.4,10.3,Earthen,Good,1,High,256.2
368,32,3,RD00368,MDR,SH-76,25.45461,95.82973,25.50461,95.87973,18.1,4.6,Bituminous,Fair,8,Low,121.2
369,37,4,RD00369,ODR,SH-34,26.67219,94.83522,26.72219,94.88522,1.5,8.9,Bituminous,Poor,12,Low,349.6
370,53,6,RD00370,Forest Road,NH-158,27.99508,91.14803,28.04508,91.19803,12.0,4.5,Gravel,Fair,4,High,357.5
371,57,7,RD00371,NH,NH-66,23.70982,93.20013,23.75982,93.25013,5.4,11.6,Bituminous,Fair,20,High,384.0
372,49,6,RD00372,ODR,NH-500,29.47786,98.69736,29.52786,98.74736,18.9,10.3,Concrete,Good,5,Medium,353.5
373,4,1,RD00373,Forest Road,NH-178,26.56437,90.37216,26.61437,90.42216,35.2,6.8,Gravel,Poor,11,High,290.5
374,37,4,RD00374,ODR,NH-107,26.67614,94.76149,26.72614,94.81149,1.5,6.8,Gravel,Fair,1,Low,6.0
375,33,4,RD00375,Village Road,SH-73,23.8318,99.89844,23.8818,99.94844,28.0,11.9,Gravel,Poor,17,Medium,144.8
376,53,6,RD00376,Village Road,NH-349,28.04238,91.26064,28.09238,91.31064,29.3,3.8,Concrete,Good,14,Low,67.8
377,59,8,RD00377,MDR,SH-57,25.46884,92.30414,25.51884,92.35414,7.9,5.3,Gravel,Good,9,Medium,295.5
378,20,2,RD00378,MDR,SH-61,23.2615,93.65268,23.3115,93.70268,37.3,4.4,Gravel,Fair,0,High,339.9
379,60,8,RD00379,SH,NH-450,24.79341,95.77644,24.84341,95.82644,12.1,10.3,Bituminous,Good,7,Low,278.7
380,3,1,RD00380,SH,NH-289,27.23688,99.11561,27.28688,99.16561,3.1,4.6,Bituminous,Fair,2,Medium,231.0
381,13,2,RD00381,Village Road,NH-408,26.36057,99.84058,26.41057,99.89058,3.3,8.0,Earthen,Good,2,Low,371.6
382,38,4,RD00382,Forest Road,NH-167,29.68402,98.76416,29.73402,98.81416,28.9,9.2,Earthen,Poor,1,Low,264.7
383,14,2,RD00383,ODR,NH-452,22.62341,92.78513,22.67341,92.83513,44.0,6.6,Concrete,Fair,5,Low,8.4
384,8,1,RD00384,Forest Road,NH-151,24.25525,98.73956,24.30525,98.78956,24.3,7.4,Bituminous,Fair,12,Medium,459.1
385,55,7,RD00385,MDR,NH-417,29.12093,94.08186,29.17093,94.13186,34.5,5.9,Gravel,Good,1,Medium,113.7
386,5,1,RD00386,ODR,SH-26,23.73669,94.96,23.78669,95.01,22.5,9.6,Bituminous,Good,18,High,359.8
387,54,6,RD00387,Forest Road,SH-1,29.73775,91.65731,29.78775,91.70731,49.3,7.5,Bituminous,Good,11,Medium,51.7
388,48,6,RD00388,NH,NH-39,26.73405,94.92362,26.78405,94.97362,42.5,10.3,Earthen,Fair,13,Medium,290.0
389,26,3,RD00389,Village Road,SH-65,23.70176,90.15928,23.75176,90.20928,42.3,4.4,Gravel,Poor,8,Low,164.0
390,55,7,RD00390,Forest Road,SH-68,28.90322,94.38979,28.95322,94.43979,21.2,3.3,Gravel,Poor,0,Low,11.5
391,29,3,RD00391,Village Road,NH-254,25.83056,98.75239,25.88056,98.80239,45.9,10.4,Gravel,Fair,18,Medium,493.4
392,43,5,RD00392,ODR,SH-18,29.60055,97.77458,29.65055,97.82458,45.1,5.2,Earthen,Fair,17,Medium,149.4
393,28,3,RD00393,ODR,SH-13,28.8146,93.07252,28.8646,93.12252,30.5,7.0,Earthen,Poor,20,Medium,205.9
394,35,4,RD00394,Forest Road,NH-128,23.33342,91.42645,23.38342,91.47645,31.5,3.8,Gravel,Good,4,High,75.8
395,31,3,RD00395,ODR,NH-33,27.83426,95.2564,27.88426,95.3064,38.1,6.0,Earthen,Good,10,Low,373.6
396,2,1,RD00396,Forest Road,SH-39,24.12232,91.37872,24.17232,91.42872,11.0,4.6,Concrete,Poor,12,High,455.9
397,38,4,RD00397,SH,NH-227,29.7422,98.63888,29.7922,98.68888,41.8,11.9,Bituminous,Poor,4,Low,277.2
398,40,5,RD00398,MDR,NH-260,28.19517,97.69578,28.24517,97.74578,22.0,10.4,Earthen,Good,1,Low,297.4
399,56,7,RD00399,Forest Road,SH-58,29.38047,97.58302,29.43047,97.63302,25.6,11.4,Concrete,Good,14,Low,336.8
400,11,1,RD00400,Village Road,NH-266,22.60684,90.8759,22.65684,90.9259,29.0,11.8,Earthen,Good,13,Medium,148.0
401,45,5,RD00401,Forest Road,NH-183,28.7869,94.90826,28.8369,94.95826,5.8,11.8,Concrete,Fair,1,Medium,10.5
402,28,3,RD00402,Village Road,SH-49,29.04169,93.13182,29.09169,93.18182,24.8,7.0,Concrete,Poor,17,High,337.5
403,57,7,RD00403,ODR,NH-168,23.76409,93.13628,23.81409,93.18628,43.8,7.1,Bituminous,Poor,13,High,174.2
404,40,5,RD00404,NH,SH-86,28.15104,97.51652,28.20104,97.56652,12.7,6.3,Gravel,Good,2,High,183.7
405,2,1,RD00405,MDR,NH-396,23.90717,91.46375,23.95717,91.51375,23.1,4.7,Gravel,Fair,11,Low,416.3
406,3,1,RD00406,Forest Road,SH-93,27.4821,98.9513,27.5321,99.0013,39.3,7.7,Bituminous,Fair,9,Low,264.2
407,11,1,RD00407,Forest Road,SH-84,22.6453,90.96312,22.6953,91.01312,24.3,7.2,Concrete,Good,19,Medium,381.9
408,24,3,RD00408,MDR,NH-447,24.00488,99.21712,24.05488,99.26712,47.3,3.9,Earthen,Poor,5,Low,5.3
409,23,3,RD00409,MDR,SH-19,27.87591,91.73954,27.92591,91.78954,9.1,10.1,Bituminous,Fair,16,Low,100.1
410,56,7,RD00410,SH,SH-25,29.48014,97.71843,29.53014,97.76843,31.8,3.0,Concrete,Poor,6,High,317.4
411,57,7,RD00411,ODR,SH-42,23.615,93.23406,23.665,93.28406,48.2,3.2,Bituminous,Poor,2,Medium,46.9
412,46,5,RD00412,Village Road,NH-205,23.38077,97.45285,23.43077,97.50285,35.9,10.9,Earthen,Good,3,Medium,240.5
413,47,6,RD00413,NH,NH-354,29.73558,99.3373,29.78558,99.3873,9.9,7.4,Concrete,Fair,1,High,437.5
414,7,1,RD00414,ODR,NH-53,26.4466,92.26032,26.4966,92.31032,50.0,11.4,Bituminous,Fair,17,Medium,141.0
415,34,4,RD00415,MDR,NH-402,25.84983,97.38009,25.89983,97.43009,14.1,4.5,Gravel,Poor,1,High,316.9
416,31,3,RD00416,SH,SH-46,27.84893,95.24391,27.89893,95.29391,36.2,5.2,Bituminous,Poor,11,Medium,44.0
417,57,7,RD00417,NH,NH-347,23.43519,92.95593,23.48519,93.00593,41.2,7.9,Bituminous,Fair,6,Low,190.8
418,58,7,RD00418,Forest Road,SH-81,27.31191,94.4721,27.36191,94.5221,25.0,7.6,Gravel,Fair,5,Medium,431.4
419,18,2,RD00419,Village Road,SH-42,28.86687,98.79203,28.91687,98.84203,13.8,7.4,Concrete,Poor,18,Medium,210.2
420,18,2,RD00420,Forest Road,NH-6,28.67482,98.60076,28.72482,98.65076,23.3,8.6,Gravel,Fair,12,High,440.4
421,49,6,RD00421,ODR,SH-98,29.60698,98.73666,29.65698,98.78666,23.6,10.7,Earthen,Fair,9,Medium,456.5
422,14,2,RD00422,Forest Road,SH-69,22.66475,92.74253,22.71475,92.79253,17.0,4.8,Concrete,Good,13,Low,431.3
423,55,7,RD00423,Village Road,NH-72,28.92177,94.07738,28.97177,94.12738,40.9,10.1,Concrete,Good,20,Low,353.1
424,8,1,RD00424,SH,NH-176,24.34632,98.6893,24.39632,98.7393,21.6,8.6,Bituminous,Fair,15,High,306.6
425,27,3,RD00425,NH,SH-10,25.12698,90.71162,25.17698,90.76162,27.2,11.2,Earthen,Poor,1,Medium,238.8
426,3,1,RD00426,SH,SH-44,27.46826,98.80722,27.51826,98.85722,30.1,10.0,Bituminous,Fair,17,Medium,150.9
427,10,1,RD00427,Forest Road,SH-41,23.79811,97.70357,23.84811,97.75357,4.0,4.0,Gravel,Fair,11,Medium,242.3
428,18,2,RD00428,Forest Road,SH-30,28.84281,98.48111,28.89281,98.53111,7.9,4.1,Bituminous,Good,6,High,384.6
429,11,1,RD00429,SH,NH-121,22.64818,91.0451,22.69818,91.0951,6.6,11.8,Gravel,Fair,12,Medium,456.4
430,30,3,RD00430,MDR,NH-121,25.68517,92.69229,25.73517,92.74229,36.4,4.2,Bituminous,Good,10,Medium,94.6
431,35,4,RD00431,MDR,NH-244,23.0966,91.70117,23.1466,91.75117,47.1,3.4,Gravel,Fair,17,Medium,317.8
432,50,6,RD00432,NH,SH-94,24.05454,92.38903,24.10454,92.43903,49.1,7.7,Concrete,Poor,9,Medium,51.0
433,45,5,RD00433,MDR,NH-368,28.92408,95.14368,28.97408,95.19368,38.2,6.6,Concrete,Poor,17,Medium,374.9
434,34,4,RD00434,SH,SH-55,25.91819,97.74377,25.96819,97.79377,37.7,5.9,Earthen,Fair,4,Low,421.7
435,31,3,RD00435,SH,NH-311,27.7846,95.5745,27.8346,95.6245,42.6,7.6,Bituminous,Poor,16,Medium,146.9
436,45,5,RD00436,ODR,NH-486,28.63408,94.92416,28.68408,94.97416,18.2,4.0,Bituminous,Fair,12,Low,372.0
437,18,2,RD00437,Forest Road,NH-82,28.72438,98.59616,28.77438,98.64616,30.8,7.5,Earthen,Fair,12,Low,265.9
438,60,8,RD00438,Forest Road,NH-105,24.74878,96.00911,24.79878,96.05911,16.4,9.0,Gravel,Fair,18,Medium,345.0
439,20,2,RD00439,NH,NH-233,23.46938,93.73007,23.51938,93.78007,16.8,4.5,Gravel,Good,6,Medium,379.7
440,35,4,RD00440,Village Road,SH-22,23.05076,91.73164,23.10076,91.78164,26.4,11.3,Gravel,Fair,10,High,68.8
441,39,4,RD00441,ODR,NH-109,27.55403,91.26892,27.60403,91.31892,49.5,8.0,Earthen,Good,4,Medium,367.7
442,14,2,RD00442,NH,NH-192,22.7035,93.10007,22.7535,93.15007,37.3,5.2,Bituminous,Good,14,Medium,110.0
443,42,5,RD00443,Village Road,NH-44,22.20522,97.40106,22.25522,97.45106,30.8,10.5,Concrete,Poor,18,Medium,292.1
444,55,7,RD00444,ODR,SH-66,28.93986,94.14267,28.98986,94.19267,21.9,9.2,Gravel,Good,17,High,357.6
445,40,5,RD00445,Village Road,SH-18,28.09737,97.62686,28.14737,97.67686,41.0,3.8,Earthen,Poor,4,Low,138.6
446,55,7,RD00446,Forest Road,SH-34,29.08309,94.25265,29.13309,94.30265,26.0,9.0,Concrete,Good,17,Low,309.0
447,51,6,RD00447,MDR,SH-24,29.4561,90.97265,29.5061,91.02265,43.9,9.2,Earthen,Good,8,Low,359.6
448,56,7,RD00448,MDR,SH-73,29.39599,97.63038,29.44599,97.68038,36.6,9.1,Gravel,Fair,1,High,124.7
449,25,3,RD00449,NH,SH-97,26.30563,96.96654,26.35563,97.01654,14.0,4.2,Earthen,Fair,3,Low,498.9
450,43,5,RD00450,Forest Road,NH-367,29.61915,97.67994,29.66915,97.72994,9.1,5.6,Gravel,Fair,9,Low,4.9
451,23,3,RD00451,MDR,SH-52,27.86562,91.48796,27.91562,91.53796,15.0,4.8,Gravel,Poor,6,Low,321.7
452,10,1,RD00452,Village Road,SH-9,23.67528,97.50379,23.72528,97.55379,39.1,9.9,Bituminous,Fair,10,Medium,238.6
453,4,1,RD00453,SH,SH-77,26.57129,90.36254,26.62129,90.41254,12.0,5.3,Earthen,Fair,11,Low,412.2
454,19,2,RD00454,MDR,NH-244,24.05368,96.55444,24.10368,96.60444,42.5,6.5,Bituminous,Poor,14,Low,317.6
455,33,4,RD00455,NH,NH-187,23.81824,100.13617,23.86824,100.18617,41.5,11.1,Earthen,Good,1,High,108.4
456,43,5,RD00456,ODR,SH-14,29.58933,97.74707,29.63933,97.79707,21.6,4.4,Concrete,Good,9,Low,182.5
457,13,2,RD00457,ODR,NH-460,26.45112,99.73152,26.50112,99.78152,19.1,8.1,Gravel,Fair,7,Medium,207.0
458,22,2,RD00458,SH,SH-46,22.39175,96.26261,22.44175,96.31261,19.7,10.3,Bituminous,Poor,13,Low,469.2
459,60,8,RD00459,Forest Road,NH-477,24.73533,95.97517,24.78533,96.02517,8.2,10.1,Concrete,Good,3,High,380.9
460,60,8,RD00460,NH,NH-170,24.52855,95.8154,24.57855,95.8654,22.9,11.0,Bituminous,Good,11,Medium,352.2
461,32,3,RD00461,SH,NH-445,25.47251,95.90466,25.52251,95.95466,4.3,11.1,Bituminous,Fair,13,High,9.2
462,44,5,RD00462,MDR,SH-29,29.4477,98.66533,29.4977,98.71533,22.1,3.7,Earthen,Poor,17,Medium,222.6
463,20,2,RD00463,SH,NH-467,23.16466,93.66474,23.21466,93.71474,18.4,8.7,Gravel,Poor,9,High,16.3
464,62,8,RD00464,Village Road,NH-189,27.11119,92.44312,27.16119,92.49312,6.4,8.3,Earthen,Good,17,Medium,150.1
465,24,3,RD00465,ODR,NH-454,24.17391,99.18277,24.22391,99.23277,31.8,4.1,Concrete,Fair,8,High,381.1
466,28,3,RD00466,MDR,NH-348,29.00104,93.03284,29.05104,93.08284,27.6,10.9,Gravel,Poor,11,High,479.4
467,58,7,RD00467,MDR,SH-23,27.16412,94.33147,27.21412,94.38147,15.5,10.2,Concrete,Fair,11,Low,114.9
468,53,6,RD00468,MDR,SH-48,28.32533,91.43467,28.37533,91.48467,11.1,6.2,Bituminous,Fair,11,High,345.7
469,57,7,RD00469,NH,NH-227,23.50438,92.92496,23.55438,92.97496,3.8,3.5,Gravel,Fair,8,Low,278.6
470,11,1,RD00470,MDR,NH-264,22.57385,91.12796,22.62385,91.17796,11.3,3.2,Concrete,Good,3,Low,223.4
471,51,6,RD00471,Village Road,SH-51,29.59928,90.7192,29.64928,90.7692,5.9,3.5,Bituminous,Good,3,Low,335.5
472,36,4,RD00472,SH,NH-16,25.36768,90.49514,25.41768,90.54514,5.1,5.6,Gravel,Poor,0,High,265.3
473,24,3,RD00473,NH,SH-43,24.34777,99.44151,24.39777,99.49151,32.5,4.2,Concrete,Fair,6,Medium,465.3
474,9,1,RD00474,ODR,SH-89,27.41792,93.56856,27.46792,93.61856,48.2,5.7,Bituminous,Fair,8,Medium,483.0
475,57,7,RD00475,ODR,SH-31,23.69729,93.01673,23.74729,93.06673,43.0,7.5,Concrete,Poor,18,High,174.4
476,36,4,RD00476,NH,NH-169,25.44718,90.7626,25.49718,90.8126,41.7,7.0,Concrete,Fair,10,Medium,272.3
477,21,2,RD00477,MDR,SH-74,23.9587,99.445,24.0087,99.495,48.4,11.6,Concrete,Poor,16,Low,101.5
478,30,3,RD00478,Village Road,SH-48,25.48232,92.69004,25.53232,92.74004,35.1,4.2,Bituminous,Good,12,High,307.0
479,50,6,RD00479,Village Road,SH-96,24.09062,92.377,24.14062,92.427,12.6,3.3,Gravel,Good,16,High,444.6
480,58,7,RD00480,ODR,SH-100,27.27087,94.20743,27.32087,94.25743,22.4,10.4,Gravel,Poor,4,Medium,483.0
481,4,1,RD00481,Forest Road,NH-30,26.8636,90.24921,26.9136,90.29921,36.0,3.2,Earthen,Poor,12,Medium,240.4
482,52,6,RD00482,Village Road,SH-65,28.64847,99.68115,28.69847,99.73115,14.3,8.9,Bituminous,Good,14,Low,58.1
483,46,5,RD00483,Forest Road,SH-62,23.33583,97.78426,23.38583,97.83426,1.8,5.5,Earthen,Poor,20,Medium,325.4
484,36,4,RD00484,Village Road,NH-335,25.56026,90.67459,25.61026,90.72459,32.6,11.0,Gravel,Fair,19,Low,87.8
485,54,6,RD00485,ODR,SH-69,29.52138,91.71573,29.57138,91.76573,17.1,6.5,Bituminous,Good,2,High,11.8
486,31,3,RD00486,MDR,SH-24,27.82998,95.55974,27.87998,95.60974,37.8,10.2,Concrete,Fair,10,Medium,322.1
487,10,1,RD00487,SH,NH-300,23.72385,97.70566,23.77385,97.75566,5.7,11.6,Concrete,Fair,0,Low,25.2
488,25,3,RD00488,MDR,NH-453,26.40262,97.01466,26.45262,97.06466,36.4,3.3,Earthen,Poor,9,Medium,285.4
489,44,5,RD00489,Village Road,SH-55,29.40523,98.54188,29.45523,98.59188,49.7,9.8,Gravel,Good,3,Low,199.2
490,25,3,RD00490,NH,SH-69,26.56341,97.03909,26.61341,97.08909,36.4,10.9,Concrete,Poor,18,Medium,52.9
491,39,4,RD00491,ODR,NH-307,27.40361,91.17555,27.45361,91.22555,11.4,6.7,Gravel,Good,2,Low,139.6
492,8,1,RD00492,SH,NH-263,24.24954,98.57725,24.29954,98.62725,1.4,7.4,Earthen,Poor,12,Medium,267.2
493,22,2,RD00493,SH,NH-9,22.69979,96.28834,22.74979,96.33834,45.4,6.2,Gravel,Good,4,Medium,141.1
494,55,7,RD00494,Forest Road,SH-81,28.91056,94.27265,28.96056,94.32265,24.2,5.5,Bituminous,Fair,3,Low,213.6
495,28,3,RD00495,SH,SH-70,28.81418,93.22718,28.86418,93.27718,1.1,6.7,Concrete,Poor,3,Medium,6.0
496,1,1,RD00496,ODR,SH-37,27.26494,90.33855,27.31494,90.38855,25.0,7.3,Bituminous,Poor,0,Medium,162.5
497,40,5,RD00497,SH,SH-99,27.89662,97.71369,27.94662,97.76369,43.5,3.5,Concrete,Good,4,Low,382.1
498,29,3,RD00498,Forest Road,SH-61,26.09909,98.92608,26.14909,98.97608,37.9,7.1,Gravel,Poor,11,Medium,445.8
499,31,3,RD00499,Village Road,NH-11,27.85121,95.57263,27.90121,95.62263,19.8,11.0,Gravel,Poor,1,High,395.6
500,51,6,RD00500,NH,SH-90,29.66158,90.92167,29.71158,90.97167,32.0,7.5,Concrete,Fair,19,High,453.3
501,13,2,RD00501,SH,SH-73,26.39798,99.76632,26.44798,99.81632,4.3,5.4,Gravel,Good,19,Low,257.1
502,17,2,RD00502,Village Road,SH-16,23.91038,92.70985,23.96038,92.75985,20.6,7.7,Concrete,Good,5,High,61.8
503,49,6,RD00503,Village Road,SH-48,29.5544,98.93619,29.6044,98.98619,7.2,11.4,Earthen,Fair,12,Medium,70.4
504,34,4,RD00504,Village Road,SH-98,25.77255,97.54111,25.82255,97.59111,6.9,11.7,Earthen,Poor,8,Medium,440.6
505,28,3,RD00505,ODR,SH-100,29.16253,93.05606,29.21253,93.10606,29.9,9.1,Concrete,Fair,10,Low,183.6
506,44,5,RD00506,Village Road,SH-38,29.20568,98.78417,29.25568,98.83417,43.2,8.5,Concrete,Poor,16,High,188.9
507,8,1,RD00507,MDR,SH-97,24.27226,98.85841,24.32226,98.90841,13.8,5.9,Gravel,Good,14,Medium,380.6
508,7,1,RD00508,ODR,SH-65,26.20751,92.02556,26.25751,92.07556,49.5,3.4,Bituminous,Fair,4,Medium,453.8
509,52,6,RD00509,ODR,NH-489,28.50522,99.69505,28.55522,99.74505,6.3,7.6,Gravel,Fair,9,Low,337.8
510,53,6,RD00510,NH,SH-84,28.09249,91.35854,28.14249,91.40854,35.2,7.7,Concrete,Fair,12,Low,346.5
511,33,4,RD00511,SH,SH-69,23.78536,100.09466,23.83536,100.14466,2.1,3.5,Gravel,Fair,5,Medium,379.9
512,37,4,RD00512,SH,SH-87,26.74667,94.5123,26.79667,94.5623,5.3,3.7,Concrete,Poor,15,High,454.4
513,55,7,RD00513,ODR,NH-165,28.84629,94.36852,28.89629,94.41852,22.6,3.5,Concrete,Fair,20,High,346.7
514,19,2,RD00514,NH,NH-275,24.03553,96.26314,24.08553,96.31314,5.9,3.5,Bituminous,Poor,13,Low,353.2
515,36,4,RD00515,NH,SH-25,25.51117,90.61797,25.56117,90.66797,2.7,11.1,Bituminous,Fair,0,Medium,362.2
516,42,5,RD00516,MDR,SH-23,21.93815,97.27218,21.98815,97.32218,36.5,8.0,Earthen,Fair,12,High,294.6
517,25,3,RD00517,NH,NH-416,26.49628,96.68827,26.54628,96.73827,33.0,6.2,Gravel,Fair,3,Medium,424.6
518,12,1,RD00518,Forest Road,NH-152,26.99308,98.26754,27.04308,98.31754,25.5,9.9,Earthen,Poor,16,High,468.7
519,54,6,RD00519,ODR,NH-60,29.55271,91.56279,29.60271,91.61279,39.0,7.1,Bituminous,Poor,16,Medium,233.6
520,21,2,RD00520,SH,SH-82,24.22975,99.53119,24.27975,99.58119,18.0,3.5,Gravel,Poor,17,Low,256.8
521,7,1,RD00521,NH,NH-355,26.53356,92.24899,26.58356,92.29899,37.1,10.1,Earthen,Poor,4,Low,337.1
522,48,6,RD00522,SH,NH-212,26.63406,94.81619,26.68406,94.86619,12.5,4.6,Earthen,Poor,20,Medium,301.0
523,35,4,RD00523,NH,SH-87,23.32373,91.75218,23.37373,91.80218,24.7,8.4,Earthen,Poor,10,Medium,92.0
524,33,4,RD00524,SH,SH-77,23.72756,99.94093,23.77756,99.99093,43.5,10.6,Concrete,Fair,6,Low,441.3
525,23,3,RD00525,ODR,NH-298,27.91647,91.45637,27.96647,91.50637,4.3,8.4,Bituminous,Fair,1,High,439.7
526,60,8,RD00526,SH,NH-386,24.69511,95.8849,24.74511,95.9349,46.3,9.6,Earthen,Poor,15,Medium,17.6
527,51,6,RD00527,Forest Road,NH-374,29.45745,90.87008,29.50745,90.92008,11.8,6.3,Earthen,Good,3,High,384.5
528,21,2,RD00528,MDR,NH-53,24.20087,99.19057,24.25087,99.24057,6.7,9.3,Earthen,Poor,11,Medium,310.2
529,30,3,RD00529,Forest Road,NH-408,25.47841,92.76818,25.52841,92.81818,31.4,10.6,Earthen,Good,19,Low,323.2
530,49,6,RD00530,MDR,NH-101,29.54132,98.80229,29.59132,98.85229,8.5,6.4,Earthen,Good,10,Low,256.6
531,23,3,RD00531,Forest Road,SH-39,27.9224,91.55616,27.9724,91.60616,5.2,11.4,Bituminous,Fair,14,Low,454.9
532,49,6,RD00532,Forest Road,NH-170,29.56258,98.87902,29.61258,98.92902,40.2,9.4,Earthen,Good,4,Low,434.3
533,1,1,RD00533,SH,SH-39,27.303,90.38442,27.353,90.43442,41.6,6.8,Gravel,Good,18,High,200.1
534,10,1,RD00534,SH,SH-88,23.82571,97.7871,23.87571,97.8371,46.0,5.5,Bituminous,Fair,19,Medium,481.2
535,60,8,RD00535,SH,NH-233,24.64912,96.03471,24.69912,96.08471,34.0,4.2,Earthen,Good,16,Medium,262.0
536,58,7,RD00536,Village Road,SH-19,27.31663,94.37737,27.36663,94.42737,29.7,3.1,Earthen,Fair,11,Low,376.7
537,61,8,RD00537,Village Road,SH-78,26.59847,89.87267,26.64847,89.92267,31.4,11.4,Gravel,Good,18,High,392.6
538,28,3,RD00538,NH,SH-58,28.90161,93.28302,28.95161,93.33302,6.9,9.5,Gravel,Poor,10,High,44.1
539,33,4,RD00539,Village Road,NH-245,23.5611,100.01575,23.6111,100.06575,44.5,11.3,Gravel,Good,9,High,417.2
540,24,3,RD00540,SH,SH-3,24.15156,99.21694,24.20156,99.26694,10.0,8.8,Concrete,Good,0,Medium,293.5
541,33,4,RD00541,Forest Road,NH-485,23.68332,100.13557,23.73332,100.18557,22.2,7.2,Earthen,Fair,1,Medium,252.8
542,41,5,RD00542,NH,NH-473,22.91093,94.42035,22.96093,94.47035,18.5,10.4,Concrete,Fair,16,High,454.3
543,4,1,RD00543,ODR,SH-9,26.68366,90.12904,26.73366,90.17904,41.3,10.0,Earthen,Fair,7,Low,170.2
544,19,2,RD00544,Forest Road,SH-28,24.13961,96.38905,24.18961,96.43905,39.6,9.2,Gravel,Good,7,High,277.9
545,41,5,RD00545,Village Road,SH-36,22.8598,94.31435,22.9098,94.36435,28.8,4.8,Concrete,Fair,8,Medium,368.3
546,35,4,RD00546,Forest Road,SH-7,23.08104,91.69785,23.13104,91.74785,2.3,3.2,Bituminous,Good,10,Medium,203.7
547,30,3,RD00547,Village Road,NH-245,25.65076,92.67275,25.70076,92.72275,2.7,10.7,Bituminous,Poor,14,High,104.9
548,22,2,RD00548,SH,SH-30,22.74464,96.3315,22.79464,96.3815,29.6,7.8,Concrete,Fair,14,Medium,427.4
549,53,6,RD00549,NH,SH-69,28.30256,91.41121,28.35256,91.46121,0.5,4.6,Concrete,Fair,2,High,499.1
550,34,4,RD00550,ODR,NH-117,26.03636,97.44001,26.08636,97.49001,31.8,11.5,Gravel,Poor,8,Low,337.8
551,44,5,RD00551,Village Road,SH-20,29.39215,98.64353,29.44215,98.69353,33.2,8.3,Concrete,Poor,2,Low,33.4
552,58,7,RD00552,Forest Road,NH-9,27.15006,94.42483,27.20006,94.47483,46.7,5.1,Bituminous,Good,9,Medium,8.3
553,5,1,RD00553,NH,NH-320,23.9062,94.97642,23.9562,95.02642,27.4,8.4,Concrete,Good,9,High,486.1
554,54,6,RD00554,Village Road,NH-124,29.62183,91.59281,29.67183,91.64281,30.2,6.9,Concrete,Fair,15,Low,445.3
555,53,6,RD00555,ODR,NH-34,28.15559,91.45918,28.20559,91.50918,42.2,8.1,Earthen,Good,2,Low,226.7
556,6,1,RD00556,MDR,SH-12,26.41085,97.09117,26.46085,97.14117,34.8,3.5,Earthen,Poor,6,High,181.8
557,46,5,RD00557,ODR,NH-240,23.23189,97.62902,23.28189,97.67902,2.7,8.6,Gravel,Poor,20,Medium,339.0
558,46,5,RD00558,SH,NH-267,23.12927,97.72512,23.17927,97.77512,39.0,3.3,Gravel,Fair,18,Low,71.4
559,48,6,RD00559,Village Road,NH-84,26.61125,94.83195,26.66125,94.88195,40.7,6.5,Bituminous,Good,11,Low,121.6
560,58,7,RD00560,SH,SH-47,27.16698,94.33128,27.21698,94.38128,16.0,9.5,Gravel,Good,8,High,179.7
561,54,6,RD00561,SH,SH-31,29.63971,91.67482,29.68971,91.72482,14.6,11.3,Bituminous,Poor,17,High,471.0
562,45,5,RD00562,ODR,NH-34,28.82602,94.90841,28.87602,94.95841,5.3,7.4,Earthen,Good,1,Low,67.9
563,30,3,RD00563,Forest Road,NH-423,25.68786,92.73027,25.73786,92.78027,7.3,3.4,Gravel,Good,6,Low,14.7
564,52,6,RD00564,SH,SH-11,28.59528,99.62682,28.64528,99.67682,15.7,10.2,Bituminous,Good,6,Medium,356.0
565,57,7,RD00565,MDR,SH-95,23.50794,93.21459,23.55794,93.26459,32.7,4.8,Concrete,Good,10,Medium,482.0
566,48,6,RD00566,Forest Road,SH-70,26.66612,94.74341,26.71612,94.79341,8.3,7.1,Gravel,Fair,11,Medium,321.7
567,36,4,RD00567,NH,SH-49,25.32615,90.80232,25.37615,90.85232,10.0,5.5,Concrete,Good,18,Low,234.4
568,11,1,RD00568,MDR,NH-125,22.69319,90.78612,22.74319,90.83612,12.7,11.4,Earthen,Poor,10,High,251.3
569,15,2,RD00569,MDR,SH-56,26.7578,98.64747,26.8078,98.69747,45.8,8.4,Earthen,Good,11,High,399.8
570,21,2,RD00570,MDR,NH-257,23.94871,99.23766,23.99871,99.28766,4.9,7.5,Concrete,Fair,19,High,256.0
571,22,2,RD00571,SH,NH-145,22.76038,96.20197,22.81038,96.25197,13.0,4.9,Concrete,Fair,15,Low,86.1
572,40,5,RD00572,ODR,SH-44,28.02906,97.78805,28.07906,97.83805,8.3,4.0,Concrete,Fair,19,Low,231.5
573,21,2,RD00573,Village Road,NH-150,24.26637,99.3312,24.31637,99.3812,6.6,9.3,Gravel,Good,5,Low,428.0
574,6,1,RD00574,ODR,NH-256,26.50772,97.16318,26.55772,97.21318,47.6,8.4,Concrete,Good,11,High,44.4
575,26,3,RD00575,Forest Road,SH-56,23.90056,90.50177,23.95056,90.55177,39.4,3.7,Gravel,Poor,14,Low,131.1
576,42,5,RD00576,SH,SH-19,22.13423,97.2661,22.18423,97.3161,14.1,4.2,Bituminous,Fair,5,Medium,208.4
577,53,6,RD00577,ODR,NH-315,28.32179,91.15444,28.37179,91.20444,11.0,3.1,Concrete,Poor,20,Low,475.1
578,5,1,RD00578,MDR,NH-233,23.74072,94.89619,23.79072,94.94619,30.8,11.4,Gravel,Good,16,Low,369.8
579,45,5,RD00579,Village Road,NH-165,28.75904,95.02543,28.80904,95.07543,15.2,3.5,Concrete,Poor,0,Medium,87.3
580,35,4,RD00580,ODR,NH-215,23.10633,91.69135,23.15633,91.74135,19.4,6.9,Concrete,Poor,7,Medium,397.1
581,46,5,RD00581,ODR,SH-15,23.31317,97.445,23.36317,97.495,17.4,7.0,Bituminous,Good,6,Medium,157.0
582,14,2,RD00582,SH,NH-141,22.75235,92.94297,22.80235,92.99297,12.1,4.5,Earthen,Good,14,High,387.2
583,30,3,RD00583,NH,NH-394,25.84582,92.78163,25.89582,92.83163,44.1,10.6,Earthen,Poor,7,High,135.9
584,30,3,RD00584,Village Road,SH-48,25.71284,92.63314,25.76284,92.68314,32.7,3.5,Bituminous,Poor,17,High,469.2
585,3,1,RD00585,SH,SH-95,27.49077,98.7605,27.54077,98.8105,48.7,3.2,Concrete,Poor,12,Medium,283.6
586,45,5,RD00586,NH,NH-226,28.66583,94.90131,28.71583,94.95131,13.9,9.2,Gravel,Fair,12,Medium,29.0
587,46,5,RD00587,SH,NH-315,23.31426,97.54544,23.36426,97.59544,12.0,4.2,Gravel,Good,13,Medium,74.6
588,56,7,RD00588,SH,SH-92,29.2558,97.46991,29.3058,97.51991,33.2,4.1,Concrete,Good,16,High,190.9
589,3,1,RD00589,MDR,NH-466,27.25494,99.0615,27.30494,99.1115,15.5,6.1,Earthen,Fair,0,Medium,355.1
590,47,6,RD00590,Village Road,SH-33,29.6955,99.21686,29.7455,99.26686,1.6,7.3,Bituminous,Fair,10,Low,113.9
591,45,5,RD00591,MDR,NH-265,28.70865,95.14603,28.75865,95.19603,19.4,5.0,Bituminous,Fair,18,Low,286.6
592,18,2,RD00592,ODR,SH-38,29.00681,98.62326,29.05681,98.67326,12.9,10.2,Earthen,Good,11,Medium,317.5
593,50,6,RD00593,ODR,NH-447,23.95308,92.60445,24.00308,92.65445,46.5,6.9,Gravel,Fair,13,Medium,116.0
594,55,7,RD00594,ODR,NH-450,28.89038,94.23436,28.94038,94.28436,8.3,5.6,Bituminous,Good,2,Low,26.0
595,34,4,RD00595,Forest Road,SH-24,25.76159,97.35808,25.81159,97.40808,38.8,11.7,Earthen,Poor,15,Medium,473.9
596,24,3,RD00596,Forest Road,SH-87,24.00774,99.34663,24.05774,99.39663,11.4,4.5,Earthen,Poor,15,High,354.2
597,36,4,RD00597,Village Road,NH-495,25.18158,90.60764,25.23158,90.65764,44.5,9.1,Gravel,Poor,19,High,348.0
598,54,6,RD00598,Village Road,SH-9,29.4553,91.76142,29.5053,91.81142,39.9,8.2,Bituminous,Fair,10,Medium,59.8
599,16,2,RD00599,NH,SH-31,23.46034,90.87281,23.51034,90.92281,23.8,8.9,Concrete,Poor,16,High,206.1
600,16,2,RD00600,Village Road,SH-44,23.41848,90.58207,23.46848,90.63207,33.2,6.1,Concrete,Good,8,Medium,214.4
601,18,2,RD00601,NH,SH-43,29.00301,98.50146,29.05301,98.55146,19.9,11.1,Earthen,Poor,3,High,265.6
602,9,1,RD00602,SH,SH-1,27.63557,93.57175,27.68557,93.62175,7.7,9.5,Earthen,Poor,14,Low,0.1
603,58,7,RD00603,MDR,NH-430,27.07533,94.3606,27.12533,94.4106,1.9,10.3,Earthen,Fair,6,High,376.9
604,62,8,RD00604,ODR,NH-236,26.99355,92.36417,27.04355,92.41417,25.7,11.2,Concrete,Good,11,Low,388.2
605,30,3,RD00605,NH,NH-157,25.73184,92.67488,25.78184,92.72488,16.9,8.2,Earthen,Fair,0,Low,288.9
606,26,3,RD00606,NH,SH-33,23.99805,90.35895,24.04805,90.40895,32.5,9.6,Gravel,Good,0,Medium,386.8
607,17,2,RD00607,SH,NH-413,23.77915,93.07477,23.82915,93.12477,11.3,3.6,Gravel,Poor,4,Medium,166.6
608,31,3,RD00608,NH,NH-414,28.06756,95.30789,28.11756,95.35789,2.8,6.0,Concrete,Good,7,Medium,201.5
609,21,2,RD00609,ODR,NH-320,24.32335,99.41747,24.37335,99.46747,4.6,3.6,Earthen,Poor,3,Low,189.2
610,51,6,RD00610,SH,NH-350,29.50086,91.05515,29.55086,91.10515,46.3,4.5,Concrete,Poor,7,Low,343.5
611,1,1,RD00611,ODR,SH-84,27.18964,90.08921,27.23964,90.13921,36.4,3.5,Bituminous,Fair,5,High,244.3
612,20,2,RD00612,ODR,SH-84,23.32593,93.43715,23.37593,93.48715,27.4,4.8,Gravel,Fair,6,Low,2.5
613,30,3,RD00613,ODR,NH-425,25.55386,92.67078,25.60386,92.72078,7.0,5.5,Bituminous,Good,15,High,432.6
614,51,6,RD00614,ODR,SH-85,29.41221,90.81,29.46221,90.86,17.5,6.7,Earthen,Fair,7,Medium,297.9
615,52,6,RD00615,Forest Road,SH-89,28.56644,99.68185,28.61644,99.73185,33.2,6.1,Concrete,Good,13,Medium,464.5
616,10,1,RD00616,SH,SH-86,23.9203,97.51834,23.9703,97.56834,14.8,5.3,Concrete,Poor,18,High,182.0
617,2,1,RD00617,Village Road,NH-477,23.82954,91.55265,23.87954,91.60265,8.7,3.8,Concrete,Fair,14,High,177.2
618,27,3,RD00618,SH,SH-30,25.37854,90.7628,25.42854,90.8128,20.0,3.1,Bituminous,Good,6,Low,40.7
619,27,3,RD00619,Village Road,NH-14,25.06106,90.68963,25.11106,90.73963,32.2,10.7,Gravel,Good,18,High,466.6
620,24,3,RD00620,Village Road,NH-74,24.02658,99.29127,24.07658,99.34127,21.7,11.3,Bituminous,Poor,7,Medium,314.7
621,20,2,RD00621,ODR,NH-130,23.17882,93.38898,23.22882,93.43898,14.7,6.5,Gravel,Fair,16,Low,252.4
622,46,5,RD00622,Village Road,NH-177,23.20346,97.44526,23.25346,97.49526,18.8,5.5,Earthen,Good,9,High,475.5
623,54,6,RD00623,Village Road,NH-358,29.64956,91.56368,29.69956,91.61368,28.3,9.7,Bituminous,Poor,16,Low,19.0
624,54,6,RD00624,MDR,NH-136,29.75526,91.52307,29.80526,91.57307,23.5,4.7,Gravel,Poor,19,Medium,431.5
625,37,4,RD00625,NH,NH-384,26.64333,94.80785,26.69333,94.85785,2.2,9.1,Earthen,Good,7,High,167.5
626,23,3,RD00626,ODR,NH-86,27.81866,91.6985,27.86866,91.7485,9.8,8.1,Bituminous,Good,16,Medium,362.0
627,59,8,RD00627,Forest Road,SH-25,25.6113,92.55574,25.6613,92.60574,42.2,11.2,Gravel,Fair,13,High,188.9
628,49,6,RD00628,SH,SH-17,29.25778,98.91826,29.30778,98.96826,33.7,7.7,Earthen,Good,12,Low,59.5
629,22,2,RD00629,SH,NH-164,22.38037,96.50734,22.43037,96.55734,12.1,5.0,Concrete,Fair,2,Medium,20.4
630,40,5,RD00630,Village Road,NH-224,27.91392,97.85864,27.96392,97.90864,3.3,4.5,Bituminous,Fair,12,Low,420.8
631,25,3,RD00631,SH,NH-226,26.40541,96.77369,26.45541,96.82369,9.9,8.2,Earthen,Good,4,Low,315.6
632,29,3,RD00632,SH,SH-85,25.99364,98.91216,26.04364,98.96216,6.5,4.7,Earthen,Fair,20,High,352.3
633,13,2,RD00633,Village Road,NH-146,26.32655,99.5565,26.37655,99.6065,16.9,7.5,Concrete,Fair,8,High,216.3
634,9,1,RD00634,SH,NH-226,27.45765,93.59482,27.50765,93.64482,47.9,11.8,Gravel,Poor,0,High,295.0
635,47,6,RD00635,NH,SH-47,29.68861,99.42084,29.73861,99.47084,25.0,5.3,Earthen,Good,16,Medium,363.6
636,42,5,RD00636,SH,SH-30,21.96969,97.38237,22.01969,97.43237,36.7,6.7,Concrete,Fair,18,Medium,473.3
637,4,1,RD00637,SH,SH-92,26.62456,90.32468,26.67456,90.37468,31.2,8.8,Earthen,Good,6,Medium,467.5
638,2,1,RD00638,Village Road,SH-46,23.82363,91.57882,23.87363,91.62882,41.2,11.0,Earthen,Poor,13,High,100.3
639,55,7,RD00639,NH,SH-95,28.92478,94.29393,28.97478,94.34393,31.0,8.1,Concrete,Fair,17,Medium,452.3
640,39,4,RD00640,Forest Road,SH-44,27.64227,91.3305,27.69227,91.3805,23.2,3.3,Gravel,Poor,14,Medium,115.4
641,28,3,RD00641,Village Road,SH-40,29.10073,93.09897,29.15073,93.14897,45.6,3.8,Concrete,Fair,15,High,369.5
642,14,2,RD00642,ODR,NH-397,22.52911,92.83622,22.57911,92.88622,27.4,6.9,Bituminous,Fair,0,Low,63.2
643,58,7,RD00643,Village Road,NH-68,27.08976,94.34036,27.13976,94.39036,44.2,8.2,Concrete,Poor,13,High,231.2
644,14,2,RD00644,ODR,SH-82,22.52945,92.95806,22.57945,93.00806,37.4,9.1,Gravel,Fair,1,Medium,172.5
645,60,8,RD00645,MDR,NH-359,24.55154,95.97101,24.60154,96.02101,8.1,4.9,Bituminous,Fair,7,Medium,245.5
646,38,4,RD00646,Village Road,SH-58,29.79981,98.76069,29.84981,98.81069,16.3,6.0,Bituminous,Good,17,Low,368.0
647,54,6,RD00647,MDR,SH-80,29.75195,91.74644,29.80195,91.79644,10.1,4.5,Gravel,Fair,3,Medium,489.4
648,12,1,RD00648,NH,NH-194,26.71648,97.88001,26.76648,97.93001,48.1,8.5,Earthen,Good,3,Low,193.5
649,35,4,RD00649,Village Road,NH-464,23.1694,91.49235,23.2194,91.54235,5.5,3.6,Bituminous,Good,13,High,302.1
650,2,1,RD00650,NH,SH-21,23.9421,91.304,23.9921,91.354,41.7,10.6,Concrete,Poor,12,Medium,325.8
651,31,3,RD00651,NH,NH-10,27.77201,95.23217,27.82201,95.28217,18.2,3.9,Earthen,Good,3,High,299.9
652,22,2,RD00652,Forest Road,SH-63,22.70185,96.40863,22.75185,96.45863,9.5,5.2,Gravel,Good,5,Medium,40.0
653,6,1,RD00653,Village Road,NH-425,26.4339,97.21115,26.4839,97.26115,39.3,8.8,Earthen,Fair,19,High,103.2
654,29,3,RD00654,ODR,NH-71,26.08016,98.97651,26.13016,99.02651,5.8,8.5,Concrete,Good,10,High,461.6
655,24,3,RD00655,SH,SH-58,24.16411,99.22595,24.21411,99.27595,15.2,6.7,Concrete,Fair,5,High,66.1
656,62,8,RD00656,SH,NH-439,27.08808,92.4112,27.13808,92.4612,4.9,3.9,Bituminous,Good,16,Low,151.9
657,52,6,RD00657,ODR,NH-426,28.66706,99.9466,28.71706,99.9966,24.7,5.7,Concrete,Good,8,Low,77.5
658,62,8,RD00658,Village Road,NH-367,27.12759,92.39831,27.17759,92.44831,48.0,5.4,Concrete,Poor,6,Low,273.4
659,9,1,RD00659,Forest Road,SH-1,27.7586,93.28063,27.8086,93.33063,21.7,11.2,Bituminous,Poor,11,High,101.0
660,57,7,RD00660,ODR,SH-19,23.54687,92.94412,23.59687,92.99412,12.6,3.0,Earthen,Poor,1,Low,108.6
661,43,5,RD00661,SH,SH-49,29.73258,97.51436,29.78258,97.56436,33.1,11.5,Gravel,Good,15,High,242.0
662,20,2,RD00662,NH,NH-374,23.31788,93.43145,23.36788,93.48145,21.4,11.2,Gravel,Poor,19,Low,450.6
663,46,5,RD00663,MDR,SH-6,23.39985,97.46041,23.44985,97.51041,3.4,7.6,Gravel,Poor,3,Low,146.8
664,23,3,RD00664,MDR,SH-84,27.80986,91.4868,27.85986,91.5368,33.1,5.9,Bituminous,Poor,4,Medium,488.1
665,22,2,RD00665,MDR,SH-99,22.68377,96.45054,22.73377,96.50054,1.9,9.9,Gravel,Poor,16,Medium,461.3
666,12,1,RD00666,ODR,SH-81,26.88804,98.07343,26.93804,98.12343,29.7,5.8,Earthen,Fair,7,Medium,228.9
667,6,1,RD00667,ODR,SH-73,26.44553,97.11764,26.49553,97.16764,36.8,4.5,Gravel,Fair,7,Medium,48.1
668,9,1,RD00668,SH,SH-80,27.63863,93.31648,27.68863,93.36648,45.1,3.7,Bituminous,Fair,1,High,6.0
669,54,6,RD00669,Forest Road,NH-342,29.51812,91.5316,29.56812,91.5816,14.9,10.7,Gravel,Fair,14,Medium,357.9
670,28,3,RD00670,Village Road,SH-25,29.01375,93.22704,29.06375,93.27704,42.2,3.8,Earthen,Poor,10,Medium,16.7
671,54,6,RD00671,NH,NH-250,29.49921,91.67779,29.54921,91.72779,2.2,10.6,Gravel,Good,16,Low,235.1
672,1,1,RD00672,MDR,SH-54,27.23973,90.1268,27.28973,90.1768,35.7,8.2,Concrete,Good,14,Low,358.8
673,3,1,RD00673,Village Road,NH-103,27.21666,99.06795,27.26666,99.11795,33.2,8.5,Gravel,Good,8,Low,313.9
674,59,8,RD00674,Forest Road,SH-91,25.67247,92.30097,25.72247,92.35097,44.5,8.9,Earthen,Poor,16,Low,488.3
675,47,6,RD00675,Village Road,NH-278,29.71528,99.20615,29.76528,99.25615,11.3,10.5,Earthen,Fair,9,Medium,12.2
676,5,1,RD00676,ODR,SH-56,23.55884,94.95736,23.60884,95.00736,23.6,5.2,Bituminous,Good,17,High,64.2
677,8,1,RD00677,SH,NH-361,24.27113,98.66633,24.32113,98.71633,15.3,6.1,Earthen,Good,7,Medium,239.0
678,33,4,RD00678,Forest Road,NH-124,23.63088,100.11183,23.68088,100.16183,39.7,9.7,Gravel,Good,2,Medium,241.7
679,50,6,RD00679,MDR,SH-59,23.92092,92.44139,23.97092,92.49139,35.0,10.9,Bituminous,Good,6,Low,355.6
680,24,3,RD00680,SH,NH-339,24.27663,99.11088,24.32663,99.16088,15.1,3.4,Gravel,Fair,3,Medium,14.1
681,50,6,RD00681,NH,NH-243,23.78015,92.36346,23.83015,92.41346,7.9,8.4,Earthen,Fair,18,Low,178.3
682,12,1,RD00682,NH,SH-30,26.9578,98.07876,27.0078,98.12876,13.5,11.7,Bituminous,Poor,7,Medium,62.9
683,23,3,RD00683,Village Road,SH-29,27.73756,91.54076,27.78756,91.59076,6.0,4.8,Earthen,Poor,8,Medium,26.2
684,9,1,RD00684,Forest Road,SH-71,27.74157,93.40793,27.79157,93.45793,4.0,7.6,Gravel,Good,20,Medium,171.3
685,15,2,RD00685,SH,NH-68,26.87321,98.51574,26.92321,98.56574,24.6,6.2,Bituminous,Fair,14,Low,309.3
686,40,5,RD00686,ODR,NH-259,27.97959,97.77971,28.02959,97.82971,7.6,11.6,Gravel,Fair,9,High,115.2
687,5,1,RD00687,Forest Road,SH-19,23.75325,95.03888,23.80325,95.08888,3.9,9.0,Concrete,Poor,2,Medium,258.2
688,12,1,RD00688,SH,NH-197,26.67816,98.13659,26.72816,98.18659,17.4,9.6,Concrete,Poor,10,Medium,471.3
689,2,1,RD00689,NH,SH-24,23.87853,91.21197,23.92853,91.26197,25.8,4.8,Concrete,Fair,17,Medium,146.0
690,31,3,RD00690,MDR,NH-387,27.80684,95.34653,27.85684,95.39653,1.2,10.3,Gravel,Fair,13,Low,263.0
691,46,5,RD00691,ODR,NH-30,23.02665,97.43133,23.07665,97.48133,3.4,6.1,Bituminous,Good,3,Low,471.1
692,12,1,RD00692,Forest Road,NH-169,26.74998,98.10632,26.79998,98.15632,25.7,6.1,Gravel,Fair,12,High,43.2
693,3,1,RD00693,Forest Road,SH-22,27.22798,98.7261,27.27798,98.7761,6.4,3.5,Earthen,Fair,4,Low,370.9
694,13,2,RD00694,MDR,SH-17,26.13875,99.65286,26.18875,99.70286,38.3,9.5,Earthen,Poor,19,Medium,457.7
695,31,3,RD00695,Village Road,NH-500,27.78825,95.40707,27.83825,95.45707,41.9,4.0,Gravel,Good,10,High,235.9
696,9,1,RD00696,Forest Road,NH-425,27.51642,93.51488,27.56642,93.56488,16.1,3.8,Bituminous,Poor,3,Low,86.2
697,54,6,RD00697,NH,NH-227,29.47061,91.53499,29.52061,91.58499,38.0,7.3,Bituminous,Poor,7,High,257.8
698,3,1,RD00698,NH,SH-79,27.57103,98.93459,27.62103,98.98459,2.3,10.9,Concrete,Poor,14,Medium,46.3
699,49,6,RD00699,Village Road,SH-47,29.24735,98.62044,29.29735,98.67044,47.0,10.5,Bituminous,Poor,0,Medium,275.4
700,58,7,RD00700,NH,NH-39,27.20063,94.532,27.25063,94.582,7.6,10.8,Earthen,Fair,11,High,473.6
701,56,7,RD00701,NH,NH-131,29.52176,97.48486,29.57176,97.53486,2.2,10.9,Bituminous,Poor,0,High,179.5
702,3,1,RD00702,Forest Road,SH-71,27.2917,98.95912,27.3417,99.00912,2.6,8.2,Gravel,Good,17,Low,136.8
703,47,6,RD00703,Forest Road,NH-325,29.76841,99.30974,29.81841,99.35974,0.8,5.7,Bituminous,Good,18,High,220.4
704,37,4,RD00704,MDR,SH-7,26.87831,94.7181,26.92831,94.7681,36.8,6.0,Bituminous,Good,14,Low,476.0
705,43,5,RD00705,NH,SH-19,29.83877,97.60554,29.88877,97.65554,16.8,9.1,Concrete,Fair,4,Low,366.6
706,44,5,RD00706,Forest Road,NH-204,29.18411,98.62706,29.23411,98.67706,21.7,11.2,Concrete,Good,7,High,268.8
707,51,6,RD00707,Village Road,NH-66,29.44426,90.80416,29.49426,90.85416,24.4,6.3,Bituminous,Good,2,Medium,415.2
708,12,1,RD00708,Village Road,SH-60,26.80156,97.91352,26.85156,97.96352,1.6,7.8,Earthen,Fair,10,High,4.6
709,15,2,RD00709,NH,NH-18,27.01765,98.42636,27.06765,98.47636,23.6,8.7,Concrete,Good,18,High,262.8
710,31,3,RD00710,Village Road,NH-207,27.93202,95.33834,27.98202,95.38834,44.9,5.9,Bituminous,Poor,13,Low,462.7
711,61,8,RD00711,SH,NH-379,26.6285,90.04933,26.6785,90.09933,2.1,5.3,Concrete,Poor,2,Low,414.6
712,61,8,RD00712,ODR,NH-85,26.55894,89.95188,26.60894,90.00188,42.0,6.6,Earthen,Poor,19,Low,284.1
713,16,2,RD00713,ODR,NH-241,23.42165,90.6048,23.47165,90.6548,44.8,4.3,Bituminous,Fair,1,High,379.2
714,45,5,RD00714,ODR,NH-236,28.7273,95.00565,28.7773,95.05565,46.4,6.9,Concrete,Fair,9,Medium,182.1
715,55,7,RD00715,NH,NH-410,28.92676,94.31187,28.97676,94.36187,38.2,11.6,Bituminous,Fair,13,Medium,452.2
716,28,3,RD00716,SH,SH-97,29.01207,93.14077,29.06207,93.19077,42.4,5.5,Concrete,Fair,5,Low,58.9
717,4,1,RD00717,ODR,NH-490,26.73229,90.48698,26.78229,90.53698,44.4,10.7,Earthen,Fair,4,Medium,67.5
718,55,7,RD00718,SH,NH-72,28.88463,94.12394,28.93463,94.17394,45.6,11.5,Bituminous,Fair,10,Low,302.0
719,42,5,RD00719,MDR,SH-81,22.14988,97.02755,22.19988,97.07755,30.1,4.7,Bituminous,Fair,9,High,192.6
720,44,5,RD00720,NH,SH-22,29.29267,98.5793,29.34267,98.6293,48.9,4.1,Bituminous,Good,16,High,418.4
721,12,1,RD00721,SH,SH-14,26.83505,97.89579,26.88505,97.94579,46.2,9.7,Bituminous,Fair,5,High,486.1
722,33,4,RD00722,Forest Road,SH-27,23.71642,99.79714,23.76642,99.84714,20.4,3.6,Gravel,Good,20,High,261.1
723,47,6,RD00723,MDR,SH-90,29.51654,99.07967,29.56654,99.12967,49.7,8.8,Earthen,Fair,2,High,426.4
724,31,3,RD00724,Village Road,SH-4,27.97563,95.28137,28.02563,95.33137,8.2,7.0,Concrete,Poor,8,Low,19.6
725,50,6,RD00725,Forest Road,NH-161,24.07732,92.29574,24.12732,92.34574,1.6,5.5,Concrete,Poor,19,High,238.8
726,23,3,RD00726,MDR,SH-87,28.01269,91.57671,28.06269,91.62671,14.5,9.4,Bituminous,Fair,1,Low,14.4
727,7,1,RD00727,ODR,NH-445,26.53533,92.1421,26.58533,92.1921,30.5,8.9,Bituminous,Poor,8,Low,179.5
728,41,5,RD00728,Village Road,SH-50,22.91126,94.44123,22.96126,94.49123,14.2,3.8,Gravel,Fair,19,Medium,64.4
729,49,6,RD00729,NH,NH-161,29.40321,98.81701,29.45321,98.86701,29.2,11.8,Bituminous,Good,18,Medium,161.1
730,36,4,RD00730,NH,NH-71,25.36182,90.71174,25.41182,90.76174,29.3,6.9,Bituminous,Good,16,Medium,252.3
731,56,7,RD00731,ODR,NH-391,29.52702,97.44768,29.57702,97.49768,10.8,6.6,Bituminous,Fair,14,Medium,481.6
732,57,7,RD00732,ODR,NH-296,23.45856,93.27986,23.50856,93.32986,10.5,3.5,Bituminous,Good,8,Medium,138.1
733,38,4,RD00733,MDR,NH-50,29.95237,98.76106,30.00237,98.81106,8.6,6.4,Concrete,Fair,10,High,104.3
734,8,1,RD00734,SH,NH-452,24.28958,98.66727,24.33958,98.71727,15.0,5.9,Earthen,Good,8,Low,224.6
735,53,6,RD00735,Village Road,NH-487,28.02945,91.35459,28.07945,91.40459,5.4,4.0,Concrete,Poor,18,Medium,237.4
736,52,6,RD00736,Forest Road,NH-337,28.69266,99.83855,28.74266,99.88855,10.6,5.9,Gravel,Fair,9,Low,250.2
737,39,4,RD00737,Forest Road,NH-468,27.42606,91.25649,27.47606,91.30649,31.9,7.1,Bituminous,Fair,6,Medium,224.2
738,55,7,RD00738,ODR,SH-39,28.79761,94.30181,28.84761,94.35181,21.5,5.6,Bituminous,Poor,17,High,457.8
739,50,6,RD00739,Village Road,NH-27,24.02902,92.25301,24.07902,92.30301,20.2,5.7,Concrete,Good,14,High,183.6
740,39,4,RD00740,ODR,SH-30,27.56614,91.24278,27.61614,91.29278,45.4,11.0,Gravel,Poor,18,Low,257.8
741,30,3,RD00741,ODR,SH-61,25.67515,92.60798,25.72515,92.65798,6.1,4.8,Concrete,Poor,16,High,470.0
742,46,5,RD00742,MDR,NH-474,23.03356,97.71865,23.08356,97.76865,27.0,3.1,Bituminous,Poor,14,Low,190.4
743,9,1,RD00743,NH,SH-51,27.42991,93.4894,27.47991,93.5394,12.7,8.2,Earthen,Good,11,Low,147.7
744,26,3,RD00744,Forest Road,SH-30,23.79237,90.28848,23.84237,90.33848,19.0,5.4,Gravel,Good,0,Low,154.4
745,62,8,RD00745,Forest Road,NH-101,27.20881,92.31022,27.25881,92.36022,43.7,6.8,Earthen,Fair,5,Medium,273.1
746,9,1,RD00746,NH,SH-10,27.4232,93.58354,27.4732,93.63354,25.2,11.2,Gravel,Good,9,Low,127.8
747,35,4,RD00747,Forest Road,SH-3,23.34498,91.73487,23.39498,91.78487,25.2,6.5,Bituminous,Poor,3,Low,244.9
748,16,2,RD00748,Forest Road,NH-334,23.65046,90.62197,23.70046,90.67197,7.8,8.5,Earthen,Fair,7,Medium,155.3
749,60,8,RD00749,NH,NH-397,24.86559,95.71786,24.91559,95.76786,24.9,6.5,Gravel,Good,3,High,343.9
750,60,8,RD00750,Forest Road,SH-27,24.83223,95.97854,24.88223,96.02854,7.5,11.6,Earthen,Fair,2,High,391.9
751,14,2,RD00751,MDR,SH-97,22.77947,92.8426,22.82947,92.8926,14.5,7.2,Bituminous,Poor,19,Low,58.8
752,41,5,RD00752,ODR,SH-33,22.81156,94.51884,22.86156,94.56884,4.4,9.3,Concrete,Poor,17,Low,210.1
753,53,6,RD00753,MDR,SH-27,28.06366,91.19083,28.11366,91.24083,37.1,7.6,Bituminous,Poor,8,Medium,297.0
754,60,8,RD00754,NH,SH-69,24.59061,95.94548,24.64061,95.99548,38.6,8.5,Earthen,Fair,10,Low,61.5
755,7,1,RD00755,ODR,NH-459,26.45313,92.40323,26.50313,92.45323,37.2,10.1,Earthen,Poor,10,Low,74.6
756,26,3,RD00756,Forest Road,NH-178,23.77635,90.12248,23.82635,90.17248,15.1,5.2,Bituminous,Poor,15,Low,293.3
757,40,5,RD00757,Village Road,NH-383,27.9043,97.65569,27.9543,97.70569,15.0,11.0,Earthen,Poor,15,Low,348.5
758,32,3,RD00758,Village Road,NH-16,25.38286,95.96087,25.43286,96.01087,16.1,6.7,Earthen,Good,20,High,397.1
759,9,1,RD00759,Forest Road,NH-385,27.59953,93.3665,27.64953,93.4165,23.8,6.7,Earthen,Poor,0,Low,221.0
760,25,3,RD00760,Forest Road,NH-475,26.27785,96.89395,26.32785,96.94395,22.3,5.7,Earthen,Fair,5,Medium,44.6
761,14,2,RD00761,Forest Road,SH-37,22.66522,92.96238,22.71522,93.01238,17.9,9.3,Concrete,Poor,15,Medium,21.8
762,18,2,RD00762,NH,SH-45,28.81661,98.51764,28.86661,98.56764,7.9,11.7,Bituminous,Poor,10,Low,134.0
763,47,6,RD00763,SH,SH-23,29.82126,99.37372,29.87126,99.42372,25.2,7.6,Concrete,Fair,12,Medium,87.6
764,59,8,RD00764,Village Road,SH-57,25.73863,92.51982,25.78863,92.56982,29.2,6.8,Earthen,Fair,1,Low,446.9
765,3,1,RD00765,Village Road,NH-117,27.37404,98.99687,27.42404,99.04687,3.9,11.5,Bituminous,Good,6,Low,359.6
766,61,8,RD00766,ODR,NH-214,26.88809,89.97542,26.93809,90.02542,22.3,5.2,Gravel,Poor,15,Low,178.3
767,25,3,RD00767,SH,NH-408,26.53222,96.99342,26.58222,97.04342,24.9,6.9,Earthen,Good,1,High,126.6
768,30,3,RD00768,Forest Road,SH-27,25.83984,92.83947,25.88984,92.88947,19.7,10.8,Gravel,Fair,14,Low,44.4
769,43,5,RD00769,ODR,SH-83,29.78398,97.62951,29.83398,97.67951,26.2,8.8,Bituminous,Poor,17,Medium,166.1
770,60,8,RD00770,ODR,SH-60,24.51904,95.86644,24.56904,95.91644,34.1,11.2,Gravel,Good,18,Medium,278.5
771,18,2,RD00771,MDR,NH-294,28.80152,98.76611,28.85152,98.81611,12.4,6.9,Gravel,Good,2,High,172.5
772,58,7,RD00772,Forest Road,NH-397,27.33734,94.53057,27.38734,94.58057,48.7,5.6,Earthen,Good,13,Medium,478.0
773,4,1,RD00773,Village Road,SH-94,26.79683,90.33487,26.84683,90.38487,8.9,5.3,Gravel,Good,3,Medium,273.0
774,25,3,RD00774,SH,NH-121,26.36582,96.75044,26.41582,96.80044,24.7,7.3,Gravel,Poor,0,High,285.2
775,26,3,RD00775,Village Road,NH-90,23.80426,90.49234,23.85426,90.54234,45.6,10.4,Gravel,Good,14,Low,139.4
776,14,2,RD00776,Forest Road,SH-50,22.72622,92.97591,22.77622,93.02591,30.9,3.7,Earthen,Poor,6,Medium,458.1
777,41,5,RD00777,MDR,SH-2,22.75852,94.53313,22.80852,94.58313,29.4,10.3,Earthen,Fair,8,Medium,278.1
778,61,8,RD00778,ODR,SH-53,26.73373,90.23573,26.78373,90.28573,34.2,3.9,Bituminous,Fair,9,Medium,72.5
779,55,7,RD00779,ODR,NH-344,29.07545,94.22149,29.12545,94.27149,11.6,3.2,Bituminous,Fair,3,Low,167.9
780,11,1,RD00780,ODR,NH-217,22.89812,91.04652,22.94812,91.09652,12.9,8.7,Gravel,Good,18,Medium,487.2
781,34,4,RD00781,Forest Road,NH-448,26.04473,97.48692,26.09473,97.53692,14.1,5.3,Earthen,Poor,2,Low,379.5
782,45,5,RD00782,SH,NH-155,28.72312,94.98341,28.77312,95.03341,20.3,4.7,Bituminous,Poor,17,Low,422.3
783,41,5,RD00783,ODR,SH-3,22.79848,94.39146,22.84848,94.44146,19.1,7.6,Earthen,Good,12,Medium,171.0
784,31,3,RD00784,Village Road,SH-57,28.09859,95.24337,28.14859,95.29337,26.1,9.2,Earthen,Poor,6,Medium,63.2
785,40,5,RD00785,MDR,SH-62,27.87176,97.66211,27.92176,97.71211,20.3,8.4,Earthen,Poor,4,High,69.3
786,62,8,RD00786,Forest Road,SH-64,26.86735,92.32024,26.91735,92.37024,38.6,11.8,Gravel,Poor,18,Low,155.5
787,9,1,RD00787,Village Road,NH-250,27.60339,93.21192,27.65339,93.26192,17.5,9.8,Gravel,Poor,20,High,358.7
788,47,6,RD00788,Forest Road,NH-446,29.66945,99.22193,29.71945,99.27193,39.0,10.6,Gravel,Good,9,Medium,274.9
789,33,4,RD00789,Forest Road,SH-80,23.78499,100.12724,23.83499,100.17724,38.5,11.0,Earthen,Good,7,High,319.7
790,21,2,RD00790,Village Road,NH-85,24.06659,99.18015,24.11659,99.23015,30.0,10.4,Gravel,Poor,1,Low,168.1
791,51,6,RD00791,MDR,SH-45,29.56688,90.78193,29.61688,90.83193,20.3,9.2,Bituminous,Fair,3,High,94.2
792,54,6,RD00792,SH,NH-36,29.56254,91.82984,29.61254,91.87984,26.5,9.5,Earthen,Fair,5,Medium,219.3
793,59,8,RD00793,SH,NH-127,25.79592,92.4442,25.84592,92.4942,4.8,5.2,Concrete,Fair,5,Low,476.8
794,39,4,RD00794,SH,NH-57,27.63311,91.33556,27.68311,91.38556,3.0,8.1,Bituminous,Good,11,High,382.6
795,7,1,RD00795,Village Road,NH-124,26.259,92.02093,26.309,92.07093,3.4,11.8,Concrete,Fair,4,Medium,72.9
796,31,3,RD00796,ODR,NH-291,28.07383,95.35768,28.12383,95.40768,36.3,11.7,Bituminous,Fair,6,Medium,360.1
797,53,6,RD00797,ODR,NH-495,28.10516,91.33342,28.15516,91.38342,3.4,6.5,Earthen,Poor,4,High,175.2
798,49,6,RD00798,ODR,SH-40,29.30781,98.9078,29.35781,98.9578,29.5,5.0,Earthen,Fair,10,Low,330.5
799,29,3,RD00799,Village Road,SH-77,25.80278,98.75486,25.85278,98.80486,12.3,10.3,Bituminous,Good,13,Medium,251.8
800,60,8,RD00800,NH,NH-153,24.7241,95.97329,24.7741,96.02329,30.9,5.6,Gravel,Good,6,Medium,225.3
801,32,3,RD00801,Forest Road,NH-83,25.3707,95.68264,25.4207,95.73264,7.3,8.4,Gravel,Good,14,High,117.1
802,3,1,RD00802,NH,SH-43,27.33743,98.9262,27.38743,98.9762,19.8,6.4,Earthen,Good,18,High,228.6
803,4,1,RD00803,Forest Road,SH-49,26.86426,90.20896,26.91426,90.25896,7.2,9.1,Gravel,Fair,6,Medium,16.8
804,15,2,RD00804,NH,NH-168,26.92886,98.62862,26.97886,98.67862,20.6,3.8,Gravel,Fair,17,Low,298.5
805,1,1,RD00805,MDR,NH-215,27.25987,90.21243,27.30987,90.26243,13.9,7.7,Bituminous,Poor,4,Medium,287.9
806,5,1,RD00806,MDR,NH-229,23.78932,95.22791,23.83932,95.27791,41.8,11.2,Earthen,Poor,15,Medium,447.9
807,62,8,RD00807,Village Road,NH-246,27.23665,92.43921,27.28665,92.48921,31.4,4.1,Earthen,Good,10,High,301.8
808,58,7,RD00808,Village Road,SH-22,27.09934,94.57016,27.14934,94.62016,29.8,6.4,Bituminous,Good,18,High,414.4
809,41,5,RD00809,ODR,SH-57,22.74922,94.50601,22.79922,94.55601,32.0,7.0,Concrete,Fair,8,Low,421.9
810,6,1,RD00810,Village Road,NH-290,26.37216,97.11325,26.42216,97.16325,23.7,4.9,Bituminous,Good,17,Medium,379.6
811,61,8,RD00811,Village Road,SH-91,26.58463,90.16949,26.63463,90.21949,14.2,6.4,Earthen,Fair,13,High,178.7
812,21,2,RD00812,ODR,SH-41,24.14132,99.21315,24.19132,99.26315,4.4,5.6,Bituminous,Good,6,Low,183.3
813,62,8,RD00813,NH,SH-48,26.85489,92.17613,26.90489,92.22613,43.6,10.4,Bituminous,Fair,2,High,191.3
814,56,7,RD00814,Forest Road,SH-92,29.27205,97.49838,29.32205,97.54838,7.2,5.3,Concrete,Good,2,High,175.0
815,57,7,RD00815,Forest Road,SH-52,23.50722,93.31177,23.55722,93.36177,12.8,10.1,Bituminous,Poor,15,High,217.3
816,33,4,RD00816,MDR,NH-216,23.63739,99.97064,23.68739,100.02064,21.8,10.5,Gravel,Good,13,Medium,224.0
817,56,7,RD00817,ODR,NH-212,29.23541,97.45504,29.28541,97.50504,10.6,10.9,Gravel,Good,15,Medium,65.6
818,38,4,RD00818,Forest Road,NH-439,29.95414,98.50757,30.00414,98.55757,23.8,4.3,Bituminous,Good,9,Low,160.4
819,59,8,RD00819,SH,NH-291,25.47438,92.35043,25.52438,92.40043,44.9,6.5,Bituminous,Good,14,Medium,253.4
820,19,2,RD00820,SH,SH-22,24.0931,96.25126,24.1431,96.30126,18.8,8.5,Bituminous,Poor,14,High,457.8
821,4,1,RD00821,SH,NH-51,26.81828,90.20345,26.86828,90.25345,13.3,5.1,Gravel,Good,7,Medium,482.4
822,30,3,RD00822,Forest Road,SH-16,25.8125,92.68025,25.8625,92.73025,22.0,9.2,Concrete,Poor,0,High,307.1
823,37,4,RD00823,MDR,NH-213,26.70492,94.7134,26.75492,94.7634,49.9,7.3,Earthen,Fair,20,Medium,372.3
824,22,2,RD00824,NH,NH-77,22.49091,96.47275,22.54091,96.52275,48.3,6.1,Bituminous,Poor,19,Low,170.0
825,17,2,RD00825,MDR,NH-34,23.94691,92.99723,23.99691,93.04723,7.9,4.5,Concrete,Fair,4,High,263.9
826,46,5,RD00826,Forest Road,NH-204,23.21022,97.65965,23.26022,97.70965,10.2,10.3,Concrete,Good,18,Low,5.0
827,37,4,RD00827,NH,SH-91,26.8798,94.74812,26.9298,94.79812,4.6,4.8,Gravel,Poor,5,Low,170.7
828,27,3,RD00828,SH,NH-81,25.20138,90.83799,25.25138,90.88799,48.2,3.5,Concrete,Good,2,Low,194.0
829,33,4,RD00829,Forest Road,SH-35,23.58579,99.86472,23.63579,99.91472,32.3,6.0,Bituminous,Good,1,Medium,137.3
830,1,1,RD00830,MDR,NH-242,27.23695,90.05212,27.28695,90.10212,26.7,3.8,Gravel,Good,0,Low,224.4
831,50,6,RD00831,SH,NH-500,24.09181,92.28909,24.14181,92.33909,48.9,8.1,Bituminous,Fair,16,Medium,221.6
832,27,3,RD00832,Forest Road,NH-399,25.05572,90.70133,25.10572,90.75133,23.4,8.0,Earthen,Good,9,Low,71.1
833,48,6,RD00833,MDR,NH-478,26.64112,94.8803,26.69112,94.9303,2.5,5.9,Concrete,Good,9,Medium,77.0
834,27,3,RD00834,MDR,SH-14,25.18296,90.47555,25.23296,90.52555,6.9,10.8,Concrete,Poor,0,High,147.6
835,38,4,RD00835,ODR,NH-151,29.81645,98.51066,29.86645,98.56066,16.1,10.6,Gravel,Poor,12,Low,308.4
836,55,7,RD00836,Village Road,NH-90,29.09422,94.40744,29.14422,94.45744,40.0,10.2,Earthen,Good,19,High,4.0
837,52,6,RD00837,Village Road,SH-86,28.50034,99.7118,28.55034,99.7618,35.3,11.5,Gravel,Poor,2,Medium,99.2
838,35,4,RD00838,MDR,SH-63,23.04566,91.7094,23.09566,91.7594,33.2,10.0,Gravel,Fair,9,High,154.5
839,45,5,RD00839,SH,SH-58,28.82365,94.87814,28.87365,94.92814,18.7,7.0,Concrete,Poor,8,Low,92.1
840,10,1,RD00840,ODR,NH-119,23.9221,97.77135,23.9721,97.82135,21.0,10.7,Earthen,Poor,4,High,427.1
841,37,4,RD00841,NH,SH-21,26.57145,94.87094,26.62145,94.92094,48.3,11.3,Gravel,Good,12,High,226.4
842,21,2,RD00842,SH,NH-52,24.05523,99.51679,24.10523,99.56679,12.4,4.3,Concrete,Good,11,High,372.7
843,33,4,RD00843,MDR,NH-369,23.86025,100.14296,23.91025,100.19296,15.5,6.1,Bituminous,Fair,7,Low,132.4
844,44,5,RD00844,Village Road,SH-48,29.4199,98.63076,29.4699,98.68076,37.3,4.1,Gravel,Poor,14,Medium,370.3
845,10,1,RD00845,Village Road,NH-326,23.74904,97.51842,23.79904,97.56842,35.4,11.9,Gravel,Good,12,High,192.1
846,20,2,RD00846,Village Road,SH-94,23.3922,93.49675,23.4422,93.54675,45.9,10.6,Bituminous,Fair,12,High,413.7
847,11,1,RD00847,SH,SH-90,22.58609,90.8756,22.63609,90.9256,21.5,11.2,Concrete,Good,14,Low,96.9
848,9,1,RD00848,ODR,NH-120,27.56942,93.23545,27.61942,93.28545,12.1,10.2,Gravel,Poor,13,Medium,195.4
849,41,5,RD00849,Forest Road,SH-56,22.82952,94.47894,22.87952,94.52894,20.5,11.2,Earthen,Good,19,Medium,326.6
850,28,3,RD00850,SH,SH-91,29.04959,92.98753,29.09959,93.03753,26.3,8.3,Gravel,Fair,18,High,292.1
851,32,3,RD00851,Forest Road,SH-82,25.58185,95.6723,25.63185,95.7223,46.7,8.8,Gravel,Fair,10,Medium,143.4
852,15,2,RD00852,MDR,SH-56,27.11161,98.65892,27.16161,98.70892,23.1,10.3,Bituminous,Poor,13,Medium,386.0
853,47,6,RD00853,Village Road,SH-88,29.49256,99.27344,29.54256,99.32344,35.6,7.5,Gravel,Good,1,High,385.2
854,29,3,RD00854,MDR,SH-62,25.91542,98.98804,25.96542,99.03804,40.6,11.9,Gravel,Poor,8,High,256.8
855,8,1,RD00855,NH,SH-55,24.33634,98.65224,24.38634,98.70224,6.4,8.1,Bituminous,Fair,16,Low,358.2
856,23,3,RD00856,SH,NH-4,28.02425,91.66276,28.07425,91.71276,30.4,3.2,Bituminous,Poor,15,Medium,471.7
857,47,6,RD00857,SH,SH-88,29.81273,99.2247,29.86273,99.2747,33.2,11.6,Bituminous,Poor,6,Low,335.1
858,29,3,RD00858,ODR,SH-90,26.04192,98.6535,26.09192,98.7035,16.8,5.0,Bituminous,Poor,11,High,38.7
859,56,7,RD00859,Village Road,NH-406,29.3085,97.54109,29.3585,97.59109,32.2,8.8,Gravel,Good,0,Medium,168.2
860,54,6,RD00860,MDR,SH-55,29.50641,91.68895,29.55641,91.73895,31.9,11.0,Bituminous,Good,14,High,386.6
861,2,1,RD00861,Village Road,NH-370,23.8655,91.33429,23.9155,91.38429,27.8,10.2,Concrete,Poor,20,High,34.9
862,6,1,RD00862,MDR,NH-165,26.34048,97.29701,26.39048,97.34701,5.1,10.1,Gravel,Fair,5,High,111.8
863,35,4,RD00863,SH,NH-30,23.30387,91.43077,23.35387,91.48077,41.8,6.4,Gravel,Good,3,Low,282.0
864,43,5,RD00864,Forest Road,SH-57,29.71391,97.76315,29.76391,97.81315,36.0,5.5,Gravel,Fair,3,Medium,186.4
865,36,4,RD00865,Forest Road,SH-82,25.53021,90.52149,25.58021,90.57149,38.2,11.9,Gravel,Poor,1,Low,361.4
866,19,2,RD00866,Village Road,SH-12,24.12661,96.39187,24.17661,96.44187,41.6,9.2,Concrete,Poor,15,Low,154.3
867,25,3,RD00867,Village Road,NH-353,26.4869,96.69044,26.5369,96.74044,41.7,10.0,Concrete,Good,17,Medium,480.8
868,6,1,RD00868,Village Road,NH-169,26.6259,97.24784,26.6759,97.29784,5.1,9.2,Bituminous,Fair,20,Medium,111.7
869,53,6,RD00869,ODR,SH-93,28.16926,91.13357,28.21926,91.18357,15.7,6.2,Concrete,Fair,19,Low,116.5
870,22,2,RD00870,Village Road,NH-24,22.71399,96.45272,22.76399,96.50272,31.2,4.0,Gravel,Good,7,Low,52.6
871,31,3,RD00871,Forest Road,SH-74,28.15543,95.39482,28.20543,95.44482,10.3,4.0,Bituminous,Good,7,Medium,354.2
872,34,4,RD00872,Forest Road,SH-70,25.86286,97.61527,25.91286,97.66527,42.5,11.3,Earthen,Good,1,Medium,113.2
873,60,8,RD00873,Forest Road,NH-307,24.81132,95.77535,24.86132,95.82535,4.3,4.3,Concrete,Fair,5,High,156.3
874,19,2,RD00874,MDR,SH-83,24.33862,96.41351,24.38862,96.46351,14.7,10.4,Bituminous,Fair,16,Low,167.0
875,24,3,RD00875,ODR,SH-12,24.04788,99.43915,24.09788,99.48915,10.6,11.0,Earthen,Poor,20,High,308.6
876,1,1,RD00876,ODR,NH-371,27.02006,90.37896,27.07006,90.42896,45.0,6.6,Earthen,Poor,15,Medium,233.8
877,31,3,RD00877,Forest Road,SH-39,28.02718,95.48918,28.07718,95.53918,19.7,8.9,Concrete,Poor,12,Low,10.5
878,11,1,RD00878,MDR,SH-60,22.58182,90.83838,22.63182,90.88838,6.6,5.2,Bituminous,Fair,1,Low,356.0
879,61,8,RD00879,SH,SH-95,26.6511,90.18335,26.7011,90.23335,35.5,6.7,Gravel,Fair,4,Low,166.3
880,43,5,RD00880,MDR,NH-408,29.58847,97.45971,29.63847,97.50971,13.8,5.6,Gravel,Poor,17,Low,354.6
881,36,4,RD00881,Forest Road,SH-73,25.25711,90.63503,25.30711,90.68503,46.7,4.1,Earthen,Good,17,High,190.5
882,41,5,RD00882,MDR,NH-423,22.95132,94.21878,23.00132,94.26878,43.3,11.0,Concrete,Poor,11,Low,223.9
883,42,5,RD00883,Village Road,NH-243,22.20697,97.33706,22.25697,97.38706,31.3,4.0,Concrete,Fair,16,Low,402.1
884,10,1,RD00884,MDR,SH-73,23.8551,97.57377,23.9051,97.62377,1.1,10.4,Earthen,Fair,14,Low,164.3
885,32,3,RD00885,MDR,NH-340,25.31177,96.018,25.36177,96.068,18.8,10.5,Bituminous,Poor,18,Low,242.1
886,43,5,RD00886,ODR,NH-398,29.74291,97.72005,29.79291,97.77005,24.0,10.7,Concrete,Good,14,Low,43.3
887,57,7,RD00887,MDR,SH-86,23.43443,93.15927,23.48443,93.20927,30.2,6.0,Gravel,Good,3,Medium,66.6
888,46,5,RD00888,NH,SH-27,23.04313,97.5668,23.09313,97.6168,49.5,4.4,Concrete,Poor,5,Low,81.9
889,17,2,RD00889,SH,SH-55,23.71375,92.97981,23.76375,93.02981,31.1,4.0,Gravel,Poor,13,Medium,156.5
890,57,7,RD00890,ODR,NH-259,23.57432,93.10847,23.62432,93.15847,31.1,4.5,Earthen,Poor,5,Medium,21.3
891,54,6,RD00891,ODR,NH-377,29.75776,91.57983,29.80776,91.62983,7.4,3.3,Earthen,Poor,8,High,207.3
892,8,1,RD00892,ODR,SH-60,24.40861,98.55111,24.45861,98.60111,45.2,5.3,Concrete,Poor,13,Low,204.6
893,29,3,RD00893,Village Road,SH-31,26.00366,98.92291,26.05366,98.97291,24.8,11.6,Gravel,Good,2,Low,123.6
894,46,5,RD00894,Forest Road,NH-291,23.07323,97.67183,23.12323,97.72183,28.6,7.6,Gravel,Good,7,Low,325.9
895,58,7,RD00895,Forest Road,SH-34,27.26898,94.22225,27.31898,94.27225,47.8,7.5,Gravel,Fair,3,Medium,378.3
896,1,1,RD00896,Forest Road,SH-99,27.05405,90.33614,27.10405,90.38614,8.5,11.9,Bituminous,Good,13,High,332.3
897,34,4,RD00897,Forest Road,SH-71,25.81305,97.68147,25.86305,97.73147,1.2,7.6,Concrete,Good,0,Low,104.5
898,53,6,RD00898,NH,SH-18,27.99175,91.29633,28.04175,91.34633,45.2,7.0,Bituminous,Poor,16,High,440.5
899,4,1,RD00899,SH,NH-70,26.78082,90.21229,26.83082,90.26229,45.6,10.9,Concrete,Poor,14,High,29.3
900,14,2,RD00900,Village Road,SH-88,22.74205,92.91533,22.79205,92.96533,3.2,10.0,Concrete,Poor,17,Low,131.9
901,14,2,RD00901,SH,SH-65,22.5585,92.79654,22.6085,92.84654,33.1,12.0,Bituminous,Good,15,High,344.6
902,62,8,RD00902,MDR,SH-83,27.1032,92.44463,27.1532,92.49463,14.5,3.7,Gravel,Good,19,High,319.2
903,58,7,RD00903,ODR,NH-12,27.16312,94.42114,27.21312,94.47114,2.1,3.6,Concrete,Poor,1,Low,84.3
904,11,1,RD00904,NH,SH-76,22.68703,90.86141,22.73703,90.91141,16.5,11.9,Gravel,Good,8,Medium,320.8
905,43,5,RD00905,ODR,SH-12,29.74242,97.6536,29.79242,97.7036,47.2,11.5,Earthen,Good,20,Low,30.5
906,37,4,RD00906,Forest Road,NH-414,26.72858,94.58979,26.77858,94.63979,2.8,4.2,Bituminous,Fair,0,Medium,364.3
907,52,6,RD00907,Forest Road,NH-158,28.51993,99.59957,28.56993,99.64957,47.2,6.1,Concrete,Poor,11,High,227.7
908,59,8,RD00908,ODR,SH-70,25.57422,92.65599,25.62422,92.70599,39.7,5.8,Earthen,Fair,12,High,87.8
909,12,1,RD00909,ODR,SH-99,26.84799,98.15533,26.89799,98.20533,27.5,11.3,Earthen,Fair,12,Low,68.8
910,55,7,RD00910,Village Road,SH-15,28.84858,94.20817,28.89858,94.25817,15.5,6.9,Gravel,Good,19,Medium,122.8
911,48,6,RD00911,NH,NH-41,26.75412,94.95405,26.80412,95.00405,41.5,9.7,Gravel,Fair,3,High,393.2
912,34,4,RD00912,MDR,NH-156,25.87263,97.54734,25.92263,97.59734,46.4,9.8,Bituminous,Poor,19,Low,84.0
913,17,2,RD00913,ODR,SH-69,23.8567,93.06169,23.9067,93.11169,34.0,6.8,Bituminous,Poor,8,Medium,454.6
914,29,3,RD00914,Village Road,SH-10,26.03242,98.73931,26.08242,98.78931,7.5,10.8,Earthen,Fair,13,Medium,342.0
915,11,1,RD00915,SH,NH-442,22.90388,91.073,22.95388,91.123,5.9,3.8,Concrete,Good,8,Medium,319.8
916,47,6,RD00916,NH,NH-483,29.82777,99.17649,29.87777,99.22649,11.5,10.1,Concrete,Poor,3,Medium,159.9
917,1,1,RD00917,NH,SH-67,27.0313,90.35145,27.0813,90.40145,13.1,6.1,Bituminous,Fair,18,High,248.2
918,34,4,RD00918,ODR,SH-4,26.01281,97.75725,26.06281,97.80725,14.1,10.5,Gravel,Good,14,Low,56.9
919,33,4,RD00919,Village Road,NH-86,23.77182,99.95869,23.82182,100.00869,48.1,8.3,Concrete,Fair,1,Medium,473.6
920,7,1,RD00920,Forest Road,SH-81,26.43309,92.24067,26.48309,92.29067,8.9,5.1,Earthen,Poor,16,Medium,144.1
921,38,4,RD00921,MDR,SH-97,29.66729,98.43182,29.71729,98.48182,31.4,3.9,Concrete,Good,17,Low,287.2
922,38,4,RD00922,NH,NH-22,29.85591,98.59991,29.90591,98.64991,43.9,3.5,Gravel,Poor,0,Low,18.8
923,15,2,RD00923,SH,SH-74,26.79076,98.61761,26.84076,98.66761,48.9,5.7,Concrete,Good,20,Medium,90.1
924,30,3,RD00924,SH,NH-144,25.85149,92.57455,25.90149,92.62455,49.9,3.3,Earthen,Fair,16,High,248.2
925,34,4,RD00925,ODR,SH-24,25.91664,97.51082,25.96664,97.56082,8.9,10.2,Earthen,Fair,5,Medium,288.3
926,39,4,RD00926,Forest Road,NH-145,27.25714,91.06882,27.30714,91.11882,6.5,3.2,Bituminous,Poor,19,Medium,130.9
927,26,3,RD00927,MDR,SH-64,24.01599,90.43765,24.06599,90.48765,4.0,9.9,Earthen,Good,18,Medium,217.9
928,59,8,RD00928,MDR,SH-66,25.79633,92.53082,25.84633,92.58082,24.8,5.5,Earthen,Good,14,High,221.2
929,7,1,RD00929,NH,SH-12,26.1772,92.22809,26.2272,92.27809,34.3,6.4,Concrete,Poor,9,Low,38.2
930,35,4,RD00930,SH,SH-96,23.06931,91.72566,23.11931,91.77566,5.9,5.1,Concrete,Good,2,Low,14.0
931,8,1,RD00931,Village Road,SH-80,24.07318,98.6741,24.12318,98.7241,20.3,11.2,Concrete,Fair,0,Medium,30.2
932,28,3,RD00932,Forest Road,NH-423,28.84761,93.30156,28.89761,93.35156,26.2,9.2,Concrete,Good,19,Low,104.6
933,6,1,RD00933,Village Road,NH-406,26.41507,97.0162,26.46507,97.0662,27.2,3.8,Concrete,Good,0,Medium,362.8
934,25,3,RD00934,Forest Road,NH-271,26.50065,96.74283,26.55065,96.79283,28.5,5.4,Concrete,Fair,14,Low,130.6
935,55,7,RD00935,ODR,SH-11,29.16355,94.14986,29.21355,94.19986,1.9,5.6,Bituminous,Poor,6,High,355.3
936,46,5,RD00936,Village Road,NH-388,23.12676,97.71014,23.17676,97.76014,2.9,9.2,Gravel,Poor,17,High,162.0
937,28,3,RD00937,ODR,NH-196,29.17804,93.10254,29.22804,93.15254,3.1,5.7,Gravel,Fair,5,Low,195.2
938,7,1,RD00938,Village Road,NH-322,26.26128,92.18325,26.31128,92.23325,2.4,4.3,Concrete,Good,18,Medium,195.6
939,18,2,RD00939,MDR,SH-88,28.6939,98.67506,28.7439,98.72506,24.9,6.0,Gravel,Good,18,Low,386.3
940,32,3,RD00940,Forest Road,SH-83,25.54199,95.87064,25.59199,95.92064,37.7,4.3,Gravel,Poor,3,Low,178.4
941,54,6,RD00941,SH,NH-179,29.47288,91.5152,29.52288,91.5652,40.5,10.4,Gravel,Poor,11,Medium,334.1
942,39,4,RD00942,ODR,NH-368,27.50248,91.01422,27.55248,91.06422,36.8,8.1,Bituminous,Poor,19,Medium,57.1
943,35,4,RD00943,ODR,NH-360,23.1094,91.61869,23.1594,91.66869,27.9,6.4,Bituminous,Good,17,Low,389.3
944,2,1,RD00944,Forest Road,NH-124,24.03958,91.20655,24.08958,91.25655,2.6,8.1,Earthen,Good,7,Medium,44.5
945,22,2,RD00945,ODR,NH-380,22.5548,96.15604,22.6048,96.20604,27.6,8.2,Earthen,Fair,8,High,14.1
946,21,2,RD00946,Forest Road,NH-404,24.03123,99.55699,24.08123,99.60699,18.9,7.5,Bituminous,Poor,0,High,305.8
947,41,5,RD00947,MDR,SH-73,22.79117,94.52399,22.84117,94.57399,27.7,11.1,Earthen,Poor,20,Low,126.2
948,40,5,RD00948,SH,SH-75,27.93787,97.83222,27.98787,97.88222,9.9,4.1,Concrete,Good,8,Medium,254.9
949,32,3,RD00949,Village Road,NH-176,25.50975,95.78108,25.55975,95.83108,32.2,10.8,Gravel,Poor,2,Low,420.1
950,45,5,RD00950,ODR,SH-64,28.67919,94.91675,28.72919,94.96675,28.9,8.0,Bituminous,Good,0,High,223.6
951,57,7,RD00951,NH,SH-21,23.55956,93.24308,23.60956,93.29308,32.3,4.4,Concrete,Good,19,Low,181.0
952,50,6,RD00952,NH,SH-65,23.76815,92.44119,23.81815,92.49119,21.1,7.1,Bituminous,Poor,10,Low,109.7
953,12,1,RD00953,Village Road,NH-421,27.00185,98.00506,27.05185,98.05506,43.3,7.6,Earthen,Poor,6,Low,316.9
954,19,2,RD00954,NH,NH-453,24.1831,96.44409,24.2331,96.49409,37.5,7.0,Bituminous,Poor,14,High,337.6
955,40,5,RD00955,Village Road,NH-22,28.01738,97.77867,28.06738,97.82867,7.9,11.2,Gravel,Poor,17,Low,439.6
956,15,2,RD00956,SH,NH-259,26.95473,98.51791,27.00473,98.56791,31.6,7.1,Bituminous,Good,1,High,217.0
957,28,3,RD00957,SH,NH-37,28.87854,93.19193,28.92854,93.24193,47.4,3.7,Earthen,Good,14,Medium,498.2
958,13,2,RD00958,SH,SH-37,26.25402,99.7563,26.30402,99.8063,5.7,9.7,Bituminous,Fair,19,Low,427.8
959,55,7,RD00959,Village Road,SH-41,28.9142,94.12822,28.9642,94.17822,30.7,5.9,Gravel,Fair,10,Low,380.1
960,30,3,RD00960,ODR,SH-31,25.64931,92.46069,25.69931,92.51069,29.0,9.4,Bituminous,Fair,6,Medium,158.9
961,48,6,RD00961,Village Road,NH-71,26.72948,94.9033,26.77948,94.9533,45.0,9.9,Earthen,Good,7,Medium,193.6
962,40,5,RD00962,SH,NH-456,28.18867,97.8382,28.23867,97.8882,9.5,7.5,Bituminous,Good,9,Medium,222.7
963,41,5,RD00963,NH,NH-258,22.76642,94.50327,22.81642,94.55327,23.4,7.8,Bituminous,Good,5,Medium,47.1
964,29,3,RD00964,NH,SH-100,25.98482,98.79783,26.03482,98.84783,42.2,3.6,Concrete,Fair,10,Medium,371.6
965,38,4,RD00965,MDR,NH-489,29.68995,98.46014,29.73995,98.51014,6.3,8.7,Gravel,Fair,8,Medium,146.5
966,52,6,RD00966,NH,NH-112,28.5363,99.5998,28.5863,99.6498,1.5,10.5,Gravel,Fair,9,Low,231.0
967,30,3,RD00967,SH,NH-253,25.78607,92.48678,25.83607,92.53678,15.9,7.2,Bituminous,Fair,13,Low,15.9
968,27,3,RD00968,MDR,SH-67,25.07582,90.50486,25.12582,90.55486,16.8,8.7,Bituminous,Good,15,High,232.3
969,1,1,RD00969,ODR,NH-298,27.00887,90.21817,27.05887,90.26817,11.9,7.6,Earthen,Good,19,Medium,350.6
970,24,3,RD00970,SH,NH-71,24.34517,99.16101,24.39517,99.21101,11.0,8.9,Bituminous,Poor,6,Medium,218.8
971,41,5,RD00971,ODR,SH-30,22.83551,94.40175,22.88551,94.45175,31.8,4.3,Earthen,Good,3,High,455.1
972,14,2,RD00972,MDR,NH-72,22.55153,92.73841,22.60153,92.78841,43.8,3.2,Bituminous,Good,3,Medium,181.3
973,36,4,RD00973,MDR,NH-256,25.3274,90.53758,25.3774,90.58758,43.9,3.1,Bituminous,Good,1,Medium,265.4
974,9,1,RD00974,Village Road,SH-80,27.6784,93.50528,27.7284,93.55528,12.6,10.4,Earthen,Fair,20,Medium,23.4
975,8,1,RD00975,Forest Road,NH-96,24.03365,98.819,24.08365,98.869,29.9,4.5,Bituminous,Fair,17,High,40.9
976,27,3,RD00976,Forest Road,SH-58,25.20454,90.68428,25.25454,90.73428,26.1,4.6,Bituminous,Poor,17,High,181.7
977,42,5,RD00977,NH,NH-43,22.21619,97.0346,22.26619,97.0846,41.5,5.4,Concrete,Poor,0,Low,8.6
978,55,7,RD00978,ODR,NH-265,29.0184,94.28077,29.0684,94.33077,34.9,7.9,Bituminous,Poor,17,Low,276.5
979,21,2,RD00979,MDR,NH-105,24.31907,99.20543,24.36907,99.25543,23.1,11.3,Concrete,Good,5,Medium,381.7
980,13,2,RD00980,NH,SH-8,26.34881,99.77589,26.39881,99.82589,19.5,6.9,Gravel,Good,10,Medium,107.1
981,28,3,RD00981,Forest Road,SH-63,28.86127,93.01494,28.91127,93.06494,43.3,3.7,Earthen,Poor,0,Medium,289.1
982,1,1,RD00982,Forest Road,SH-51,27.1628,90.20562,27.2128,90.25562,12.3,6.1,Concrete,Good,11,Low,432.2
983,9,1,RD00983,NH,SH-1,27.60256,93.46995,27.65256,93.51995,16.6,5.9,Concrete,Fair,18,Medium,447.8
984,14,2,RD00984,NH,SH-87,22.77001,92.87778,22.82001,92.92778,29.1,8.6,Gravel,Poor,16,Medium,359.8
985,19,2,RD00985,Forest Road,NH-290,24.1004,96.45438,24.1504,96.50438,47.4,8.1,Gravel,Fair,12,High,17.0
986,22,2,RD00986,Forest Road,SH-16,22.37855,96.39866,22.42855,96.44866,47.8,4.3,Bituminous,Fair,7,High,38.7
987,40,5,RD00987,SH,NH-91,27.81518,97.53725,27.86518,97.58725,45.5,6.2,Earthen,Good,18,High,91.9
988,56,7,RD00988,NH,SH-92,29.38747,97.68081,29.43747,97.73081,9.4,7.3,Earthen,Good,2,Medium,169.5
989,18,2,RD00989,NH,NH-494,28.95382,98.71418,29.00382,98.76418,3.7,6.6,Bituminous,Good,17,Low,160.7
990,56,7,RD00990,ODR,SH-3,29.60427,97.55634,29.65427,97.60634,33.7,9.9,Earthen,Fair,14,High,442.0
991,33,4,RD00991,ODR,NH-265,23.61234,99.94188,23.66234,99.99188,20.5,10.2,Earthen,Fair,2,Low,227.6
992,43,5,RD00992,Forest Road,SH-94,29.77292,97.7269,29.82292,97.7769,15.8,10.2,Concrete,Fair,12,Medium,130.1
993,48,6,RD00993,MDR,NH-3,26.95651,94.94196,27.00651,94.99196,16.2,3.2,Gravel,Poor,4,Low,95.0
994,6,1,RD00994,ODR,NH-331,26.68854,97.21965,26.73854,97.26965,29.3,5.1,Gravel,Poor,9,High,219.7
995,5,1,RD00995,NH,SH-16,23.81055,95.09112,23.86055,95.14112,8.4,10.7,Earthen,Poor,19,Medium,325.9
996,19,2,RD00996,SH,NH-277,24.29687,96.23548,24.34687,96.28548,16.2,9.3,Concrete,Poor,14,Medium,373.8
997,14,2,RD00997,Forest Road,SH-45,22.71018,92.98647,22.76018,93.03647,30.4,4.6,Earthen,Good,3,Low,265.3
998,51,6,RD00998,MDR,NH-144,29.71755,90.96186,29.76755,91.01186,38.2,4.6,Bituminous,Poor,1,Low,107.1
999,52,6,RD00999,Forest Road,NH-21,28.45355,99.85,28.50355,99.9,5.7,10.3,Earthen,Good,11,High,267.5
1000,22,2,RD01000,SH,NH-169,22.4839,96.47734,22.5339,96.52734,41.3,9.9,Earthen,Good,11,High,445.8
