change_id,image_before_id,image_after_id,state_id,district_id,lat,lon,area_changed_sqkm,change_type,confidence_score,detection_datetime,ndvi_change,ndwi_change,backscatter_change_db,landslide_indicator,validation_status
1,2943,1138,31,3,28.45839,95.38348,4.27,Erosion,0.869,2024-07-01 04:01:21,0.4766,-0.7034,0.2254,1,False Positive
2,680,2169,4,1,26.82659,89.91742,7.881,Flooding,0.585,2024-05-29 07:13:04,-0.8333,0.3215,0.2688,1,Validated
3,1838,380,41,5,23.31063,94.50556,3.015,Construction,0.512,2020-08-05 13:47:18,-0.9335,0.0468,0.4202,1,False Positive
4,556,559,33,4,23.86844,100.47011,7.498,Flooding,0.833,2018-06-20 13:27:10,-0.7565,0.1769,0.0911,1,Validated
5,160,149,22,2,22.58325,96.52567,8.01,Debris Flow,0.89,2018-01-06 08:21:18,-0.5349,-0.3198,0.2576,1,False Positive
6,1618,222,6,1,26.06439,96.74557,2.26,Vegetation Loss,0.788,2022-01-27 10:16:41,0.6382,0.7553,0.3478,1,Unvalidated
7,1014,2292,32,3,25.7343,96.19871,1.801,Landslide,0.621,2020-01-05 11:09:45,0.7296,0.5904,0.3828,1,Validated
8,2284,2150,4,1,26.67002,89.86798,4.832,Landslide,0.541,2024-11-28 22:06:56,0.8658,0.1992,0.1584,1,Validated
9,1490,2166,35,4,23.08545,91.157,0.934,Construction,0.979,2022-10-26 16:00:41,0.0147,0.0432,0.0813,1,Unvalidated
10,1724,2293,28,3,28.98245,93.23487,9.971,Debris Flow,0.805,2024-06-09 10:13:37,0.5938,0.2648,0.04,1,Validated
11,135,2980,33,4,24.23038,99.71968,2.429,Debris Flow,0.512,2018-03-29 10:50:48,-0.2979,0.0413,0.2733,1,False Positive
12,1530,2101,8,1,24.54357,98.46049,6.611,Landslide,0.77,2020-04-18 02:31:06,-0.2936,0.5788,0.0278,1,Validated
13,2991,1019,14,2,22.30431,92.89713,6.702,Flooding,0.783,2024-12-09 16:14:07,-0.2141,0.8757,0.2721,1,False Positive
14,1726,519,17,2,23.60496,92.62838,2.659,Landslide,0.682,2018-01-31 14:18:03,0.701,0.6036,0.112,1,Unvalidated
15,1592,1434,39,4,27.40106,91.60151,3.772,Erosion,0.757,2024-08-31 16:11:54,-0.809,0.125,0.2484,1,Unvalidated
16,1812,578,36,4,25.86329,90.41148,7.875,Debris Flow,0.535,2018-09-09 22:56:13,-0.0461,0.4622,0.1925,1,False Positive
17,1510,1747,62,8,27.52342,92.42775,5.082,Construction,0.65,2018-06-02 19:41:42,-0.1796,-0.0702,0.4537,1,Validated
18,240,2897,23,3,27.92286,91.34018,3.447,Vegetation Loss,0.767,2019-05-20 23:04:28,0.2537,0.0641,0.1209,1,Validated
19,1655,748,61,8,26.96822,90.01003,6.039,Vegetation Loss,0.89,2023-02-24 07:31:57,-0.8466,0.6317,0.0175,1,Unvalidated
20,788,1168,45,5,28.89655,94.92935,9.714,No Change,0.586,2020-05-22 07:38:29,-0.2722,0.1656,0.43,0,False Positive
21,2532,1029,2,1,23.49972,91.60469,5.975,Debris Flow,0.641,2019-01-02 19:51:17,0.6974,-0.7592,0.4557,1,Validated
22,2542,2737,30,3,25.30742,92.51874,6.571,Landslide,0.998,2022-06-13 02:05:12,-0.4789,-0.8299,0.181,1,Unvalidated
23,2488,406,49,6,29.13174,98.57225,0.671,Erosion,0.803,2018-10-17 05:49:04,-0.2581,-0.5439,0.1171,1,Unvalidated
24,679,1656,39,4,27.67644,91.00484,6.236,Erosion,0.779,2019-11-27 00:58:56,0.7107,-0.7575,0.4834,1,Validated
25,1289,575,60,8,24.72716,95.55743,1.19,Landslide,0.973,2018-08-29 16:47:26,-0.3214,0.5695,0.4969,1,Unvalidated
26,1720,467,46,5,23.38215,97.96899,6.143,Flooding,0.683,2022-03-06 05:31:05,-0.1012,0.7448,0.4196,1,Validated
27,2511,2536,32,3,25.13832,95.64447,5.068,Landslide,0.764,2021-04-06 22:48:02,0.5684,-0.3583,0.0905,1,Unvalidated
28,1924,2521,34,4,26.04151,97.72487,9.886,No Change,0.931,2018-08-11 15:55:27,0.7112,0.4653,0.4662,0,Validated
29,1656,2109,44,5,28.83455,98.74797,9.993,Landslide,0.821,2021-12-28 22:23:10,0.3604,0.7099,0.3728,1,Unvalidated
30,1037,1666,1,1,26.79858,90.43439,6.555,No Change,0.662,2019-01-19 18:23:10,-0.7374,0.6595,0.2188,0,False Positive
31,2655,293,19,2,24.45783,95.91414,4.917,Construction,0.822,2022-07-02 20:17:52,-0.6234,0.9128,0.1515,1,False Positive
32,637,2252,23,3,27.52787,91.22527,5.297,Vegetation Loss,0.734,2024-04-21 00:51:55,-0.8087,-0.1823,0.3677,1,False Positive
33,408,721,16,2,23.20367,90.57541,8.82,Debris Flow,0.919,2023-07-23 18:31:11,0.1644,-0.3125,0.0852,1,False Positive
34,2879,2031,35,4,22.7361,91.85242,5.025,Debris Flow,0.591,2020-09-17 09:57:56,0.0057,-0.6069,0.4411,1,Unvalidated
35,1907,1011,53,6,28.28067,91.31668,6.413,No Change,0.999,2021-02-03 14:14:55,-0.3275,-0.1103,0.417,0,Validated
36,2674,717,48,6,26.67635,94.95927,5.479,Landslide,0.98,2024-10-27 00:25:37,-0.1174,-0.6664,0.4815,1,Validated
37,2812,23,58,7,27.38466,94.44334,3.868,Vegetation Loss,0.928,2018-10-09 23:30:50,0.4662,0.2519,0.0592,1,False Positive
38,293,2587,2,1,23.75183,91.70976,0.724,Vegetation Loss,0.683,2019-07-22 05:38:20,0.3668,-0.7124,0.374,1,False Positive
39,1975,1891,30,3,25.21725,92.31405,0.505,Vegetation Loss,0.778,2019-01-22 01:49:27,0.5521,0.6835,0.0229,1,False Positive
40,2877,1233,17,2,23.92103,92.40208,8.754,Debris Flow,0.719,2019-02-11 12:24:58,-0.7126,0.609,0.3516,1,False Positive
41,2041,1284,48,6,27.27425,94.52766,2.463,Construction,0.859,2019-09-02 03:29:29,-0.0999,0.3546,0.3774,1,False Positive
42,2895,1103,61,8,26.39539,90.2341,5.901,Construction,0.843,2022-09-24 21:39:59,0.5969,-0.164,0.4447,1,Unvalidated
43,2752,2249,45,5,28.38057,95.09371,8.471,Construction,0.733,2018-08-06 20:05:44,-0.6777,0.3847,0.1213,1,False Positive
44,2747,1092,41,5,22.61528,94.1778,2.346,Flooding,0.683,2022-10-26 09:34:24,0.9173,0.6586,0.4463,1,False Positive
45,816,1840,55,7,29.17252,94.07154,0.317,Erosion,0.757,2021-12-31 02:59:05,0.947,-0.9717,0.4433,1,Validated
46,1736,1123,22,2,22.20465,95.93017,7.288,Debris Flow,0.593,2020-03-29 15:39:46,0.2316,-0.5266,0.3622,1,False Positive
47,338,1705,4,1,27.02693,90.57141,4.524,Vegetation Loss,0.796,2024-04-29 22:19:03,0.8121,0.9617,0.4732,1,False Positive
48,2348,2899,44,5,29.65827,98.96975,7.216,Debris Flow,0.884,2021-08-22 08:02:41,-0.4165,0.2976,0.2123,1,Validated
49,190,317,38,4,29.74006,98.9877,4.895,Debris Flow,0.622,2020-07-27 08:05:14,0.1112,-0.2876,0.2325,1,Validated
50,1368,469,60,8,24.84552,96.36911,8.026,Vegetation Loss,0.626,2022-05-19 07:04:22,0.2886,-0.4415,0.1764,1,False Positive
51,2797,548,36,4,25.53633,91.01235,0.478,Erosion,0.589,2020-09-25 22:48:24,-0.5451,-0.9412,0.0354,1,Validated
52,2376,693,9,1,27.29261,93.14671,3.511,Construction,0.717,2022-01-17 15:17:04,0.4814,0.9901,0.0182,1,False Positive
53,1687,625,5,1,24.09128,95.04468,9.19,Debris Flow,0.608,2023-01-26 07:25:59,0.4876,-0.1719,0.371,1,Unvalidated
54,2733,873,12,1,27.07697,98.16315,4.269,Debris Flow,0.937,2023-01-10 23:05:43,0.7463,-0.8617,0.2264,1,Validated
55,208,2949,5,1,23.31328,95.34892,8.52,Landslide,0.989,2020-09-04 17:59:28,0.9161,0.5225,0.4234,1,False Positive
56,178,549,38,4,30.22659,98.46802,8.921,Vegetation Loss,0.65,2022-10-10 07:58:44,-0.4424,-0.2713,0.1677,1,Unvalidated
57,1076,2171,26,3,23.67047,90.78475,5.483,Flooding,0.996,2018-07-02 13:19:13,-0.4702,0.209,0.0977,1,Validated
58,1935,2106,59,8,25.49587,92.49754,3.365,Vegetation Loss,0.965,2020-11-03 08:14:05,-0.3415,0.4804,0.3662,1,Unvalidated
59,1378,592,13,2,26.51488,99.71366,3.964,Debris Flow,0.797,2019-06-05 22:51:26,0.4937,-0.9088,0.2316,1,False Positive
60,1822,2957,5,1,23.48306,95.15607,8.294,Construction,0.759,2022-08-11 00:57:12,-0.4159,-0.4269,0.2932,1,Unvalidated
61,1433,2689,24,3,24.61108,99.40663,1.492,Landslide,0.668,2018-07-09 12:51:08,0.6862,-0.9829,0.1532,1,False Positive
62,520,853,36,4,25.63859,90.58553,9.607,Construction,0.729,2020-12-04 02:41:42,-0.6682,0.1256,0.066,1,Unvalidated
63,2179,1002,9,1,27.56539,93.60835,8.899,Flooding,0.857,2022-07-30 14:48:46,0.631,-0.2828,0.0941,1,False Positive
64,2041,206,48,6,27.27425,94.52766,0.843,Landslide,0.592,2020-05-25 04:43:28,-0.8686,0.0129,0.4621,1,Unvalidated
65,987,947,24,3,23.78072,98.8902,2.246,Landslide,0.502,2019-11-16 11:29:14,-0.8469,-0.4413,0.0226,1,False Positive
66,2144,1742,57,7,23.34767,93.48492,0.817,Vegetation Loss,0.964,2018-04-10 13:53:47,-0.6827,0.5573,0.2681,1,Validated
67,58,2371,39,4,27.15997,91.39911,3.364,Landslide,0.711,2018-03-22 12:26:12,-0.468,-0.0456,0.2305,1,False Positive
68,909,372,48,6,26.86387,95.2708,0.073,Landslide,0.994,2022-06-22 23:32:28,0.4953,-0.6061,0.3101,1,False Positive
69,2316,1982,5,1,23.70464,94.56484,7.537,Flooding,0.827,2019-12-31 13:57:16,0.0685,-0.8543,0.2161,1,Unvalidated
70,967,621,60,8,24.31275,96.25679,5.166,Vegetation Loss,0.765,2022-05-21 13:03:32,0.11,0.8898,0.345,1,Validated
71,516,416,4,1,26.35963,89.92804,8.707,Erosion,0.996,2018-11-03 16:42:18,0.0365,0.1405,0.3759,1,Unvalidated
72,2596,1749,40,5,27.96797,97.33147,0.114,Debris Flow,0.721,2019-09-22 09:30:00,0.5536,0.9551,0.4614,1,Validated
73,998,1714,33,4,23.27431,100.19092,5.762,Debris Flow,0.642,2022-10-05 23:15:00,-0.713,0.3904,0.0592,1,Unvalidated
74,1540,1302,24,3,23.77615,98.9949,2.384,Vegetation Loss,0.656,2021-10-24 21:12:49,-0.085,-0.8194,0.4944,1,Unvalidated
75,1485,1045,25,3,26.75617,96.68986,7.355,Construction,0.664,2018-02-22 15:29:02,0.1891,0.4379,0.1822,1,Unvalidated
76,2931,435,39,4,27.20212,91.12217,0.448,Construction,0.794,2022-03-12 03:04:13,-0.3097,0.485,0.2581,1,Unvalidated
77,604,1395,15,2,26.86698,98.16011,8.77,Flooding,0.716,2024-08-25 06:30:31,-0.518,-0.1405,0.088,1,Unvalidated
78,2344,1618,19,2,24.02537,96.77277,5.861,Landslide,0.609,2024-07-09 06:47:50,0.9109,-0.2852,0.1079,1,Validated
79,1528,530,35,4,23.34934,91.17666,4.499,Vegetation Loss,0.836,2024-03-01 03:21:21,0.7767,-0.4808,0.2626,1,False Positive
80,364,1007,19,2,24.26338,96.26391,8.224,Construction,0.562,2024-08-01 13:03:13,0.6369,-0.2162,0.4936,1,Unvalidated
81,612,2058,57,7,23.35797,92.69443,7.133,Vegetation Loss,0.57,2023-01-06 13:51:22,-0.8843,-0.774,0.1708,1,False Positive
82,1291,1160,29,3,26.38104,98.88665,7.111,Vegetation Loss,0.864,2022-09-05 20:43:54,-0.3312,-0.151,0.3641,1,False Positive
83,2137,2083,10,1,23.43209,98.05816,0.904,Construction,0.966,2022-07-11 14:47:22,-0.2045,-0.4113,0.4084,1,False Positive
84,2616,905,39,4,27.89203,91.43846,6.9,Vegetation Loss,0.824,2021-07-28 01:08:39,-0.2626,0.1398,0.4667,1,Validated
85,2417,1723,18,2,28.45422,98.25021,4.63,No Change,0.604,2021-05-29 11:40:50,-0.5253,0.8249,0.1784,0,Unvalidated
86,1651,953,56,7,29.79654,97.44244,8.164,Flooding,0.645,2023-12-07 01:39:36,0.8314,0.2901,0.0704,1,Unvalidated
87,2906,289,20,2,23.54978,93.12259,0.482,Construction,0.978,2020-07-14 12:50:05,0.9209,0.3764,0.1303,1,Unvalidated
88,1291,1813,29,3,26.38104,98.88665,2.981,No Change,0.623,2022-12-21 05:32:30,-0.5714,-0.3054,0.206,0,Validated
89,1329,1851,40,5,27.6021,98.0893,0.877,Erosion,0.833,2023-02-08 17:41:54,-0.6577,0.843,0.0689,1,Unvalidated
90,145,1390,28,3,28.51848,93.56893,0.808,Flooding,0.988,2020-03-27 07:20:49,0.5081,0.1247,0.2548,1,Unvalidated
91,1254,2411,60,8,24.56472,96.11865,6.336,Vegetation Loss,0.802,2024-03-17 14:05:15,-0.5242,-0.5897,0.1596,1,Validated
92,2264,1979,8,1,24.19822,98.52776,2.098,Debris Flow,0.902,2018-08-06 05:26:55,-0.6244,0.3453,0.4262,1,Validated
93,2228,260,5,1,23.56754,94.66541,3.529,Erosion,0.827,2019-04-15 12:02:20,0.4946,0.948,0.1304,1,False Positive
94,586,1657,29,3,26.38971,98.68424,9.424,Landslide,0.872,2021-01-19 22:55:59,-0.0583,-0.4732,0.1967,1,Validated
95,433,2282,15,2,27.27495,98.80234,9.526,Landslide,0.927,2019-09-18 23:19:40,-0.2362,0.1797,0.3181,1,False Positive
96,536,112,24,3,23.7979,99.68578,6.199,Vegetation Loss,0.563,2018-09-25 01:27:43,0.9988,0.2089,0.4083,1,False Positive
97,887,36,33,4,23.65494,100.35805,1.564,Vegetation Loss,0.856,2021-04-30 23:52:26,0.2727,0.6065,0.0786,1,False Positive
98,1901,1355,28,3,29.4055,93.14702,6.694,Debris Flow,0.99,2024-09-22 07:52:17,0.6987,0.1655,0.1865,1,Validated
99,228,2028,56,7,29.73257,97.38808,2.558,Debris Flow,0.968,2018-04-20 13:57:48,-0.4724,-0.2148,0.3183,1,Unvalidated
100,672,227,16,2,23.29903,90.74334,0.265,Construction,0.708,2020-08-28 00:04:08,0.3497,-0.3788,0.4198,1,Validated
101,560,2145,62,8,26.73426,92.41385,3.801,Construction,0.848,2018-03-10 17:43:27,-0.4669,0.2194,0.3851,1,Validated
102,2597,294,55,7,28.69311,94.4558,9.051,Flooding,0.757,2024-04-25 10:23:59,0.9512,0.4175,0.0719,1,Validated
103,959,993,31,3,27.64635,95.57795,4.908,Vegetation Loss,0.75,2021-09-29 06:19:08,-0.851,-0.2452,0.3272,1,Unvalidated
104,1442,2117,62,8,27.12541,92.17541,4.334,Flooding,0.742,2019-03-03 08:41:53,-0.8207,0.3747,0.4051,1,Unvalidated
105,1937,2876,10,1,23.61714,97.66085,9.343,Debris Flow,0.766,2018-12-27 07:39:04,0.6422,-0.4728,0.0485,1,False Positive
106,1904,1748,32,3,25.69514,95.5354,5.888,Landslide,0.524,2023-03-19 21:30:24,0.8619,-0.0785,0.0259,1,Unvalidated
107,1209,2415,16,2,23.9036,91.16128,0.537,Flooding,0.58,2020-05-31 23:24:04,0.0768,0.8978,0.046,1,False Positive
108,1737,2393,21,2,24.1569,99.80997,2.454,No Change,0.536,2018-12-16 22:31:43,0.6963,0.0606,0.3021,0,Validated
109,2756,1060,47,6,29.65748,98.92047,2.503,No Change,0.986,2018-01-14 07:24:50,-0.9353,-0.5199,0.1382,0,Unvalidated
110,2303,1136,8,1,24.46786,98.41066,9.934,No Change,0.881,2022-01-29 09:43:57,0.0356,0.5446,0.352,0,Validated
111,780,507,24,3,23.84981,99.00323,3.848,Debris Flow,0.53,2022-04-12 05:33:10,0.3375,-0.2774,0.0527,1,False Positive
112,1519,223,31,3,27.77353,94.90972,7.167,Erosion,0.658,2019-08-21 05:45:41,0.3148,-0.0788,0.3137,1,Validated
113,2398,814,6,1,26.12063,97.14503,4.555,Construction,0.833,2022-08-05 20:14:36,-0.3206,0.0858,0.4388,1,False Positive
114,1242,2053,4,1,26.5705,90.51974,6.401,No Change,0.566,2019-12-07 19:56:38,0.7306,-0.8654,0.405,0,Unvalidated
115,2169,343,18,2,28.79813,98.72453,5.17,Flooding,0.938,2022-08-27 22:12:16,-0.3654,0.4523,0.1224,1,Unvalidated
116,207,1087,25,3,26.41248,96.79673,4.801,Vegetation Loss,0.967,2019-11-10 11:48:15,-0.2078,-0.1095,0.3551,1,Validated
117,2828,788,36,4,25.43463,90.65514,0.815,Flooding,0.603,2022-09-13 10:33:20,0.5682,0.7633,0.2938,1,Unvalidated
118,1638,993,62,8,27.52571,92.22644,8.093,No Change,0.611,2021-01-17 03:04:31,0.7924,0.5956,0.1299,0,Unvalidated
119,472,1310,21,2,24.60324,99.12116,5.329,Erosion,0.973,2022-11-25 09:27:59,0.6114,-0.6841,0.4143,1,Validated
120,2410,820,47,6,29.15314,99.24344,0.832,Debris Flow,0.583,2018-11-24 17:05:14,-0.9863,-0.5042,0.1022,1,Validated
121,1337,1729,31,3,27.71899,95.53684,3.265,Erosion,0.556,2022-04-06 09:37:12,0.8918,0.8919,0.3013,1,False Positive
122,2294,2908,21,2,24.21394,99.69634,9.698,Construction,0.974,2018-07-01 16:52:25,-0.8135,0.7002,0.1365,1,Validated
123,2875,150,22,2,22.46224,96.82171,6.723,Construction,0.658,2023-03-05 10:17:04,0.6501,0.1087,0.4596,1,Unvalidated
124,2357,1596,49,6,29.50731,98.56644,7.528,Flooding,0.739,2024-02-16 20:00:45,0.5693,-0.5829,0.2345,1,Validated
125,2468,491,24,3,23.97355,99.42002,7.006,Landslide,0.632,2023-06-16 14:10:04,-0.8058,0.5621,0.1435,1,False Positive
126,2444,198,13,2,25.84291,99.85898,4.362,Erosion,0.809,2018-12-15 23:33:51,-0.3186,0.5982,0.1873,1,Validated
127,532,2260,21,2,24.04921,99.8343,5.083,Construction,0.874,2020-02-26 11:07:42,0.3195,-0.0865,0.2995,1,Unvalidated
128,727,2802,28,3,28.95921,93.27042,6.766,No Change,0.537,2023-09-30 20:53:12,0.0873,-0.2397,0.3903,0,Unvalidated
129,1486,1335,58,7,26.97055,94.36196,1.972,Landslide,0.928,2018-10-25 11:45:01,-0.4304,0.339,0.3999,1,False Positive
130,1130,1041,27,3,24.92094,90.19313,4.987,No Change,0.981,2022-01-03 01:42:09,-0.4167,0.3228,0.2635,0,Validated
131,2159,1814,30,3,25.21069,92.80645,0.623,No Change,0.855,2024-07-12 16:22:31,0.0776,0.9564,0.2237,0,Validated
132,1535,80,29,3,25.65554,98.65482,5.459,Construction,0.523,2023-09-26 02:57:14,-0.5183,-0.7225,0.2782,1,Unvalidated
133,2435,2450,25,3,26.49142,97.17334,0.186,Erosion,0.994,2024-05-05 05:53:24,0.5803,-0.146,0.4873,1,Validated
134,1874,308,21,2,23.91213,99.45019,1.49,No Change,0.575,2024-01-11 14:39:42,0.9247,-0.8094,0.0741,0,False Positive
135,555,139,43,5,29.97932,97.16143,8.335,Construction,0.594,2018-09-05 06:29:53,0.3084,0.3735,0.3258,1,Unvalidated
136,2221,1698,26,3,23.72349,90.62996,5.757,Landslide,0.525,2022-10-22 13:46:02,0.3458,0.7982,0.3536,1,False Positive
137,1424,2686,38,4,30.16992,99.03338,2.58,Flooding,0.584,2018-11-03 21:18:37,0.5784,-0.2765,0.1411,1,False Positive
138,2816,231,59,8,25.79939,92.54538,9.355,Construction,0.972,2024-08-09 18:25:35,0.1316,-0.1269,0.1642,1,Validated
139,1997,333,42,5,21.80343,97.11362,1.318,Flooding,0.668,2018-01-06 19:13:14,-0.2725,0.2231,0.0258,1,Validated
140,429,1402,40,5,28.46492,97.39698,7.559,Flooding,0.848,2020-04-20 12:27:58,0.9116,-0.9741,0.012,1,Unvalidated
141,2016,1999,51,6,29.10351,91.3181,9.008,Landslide,0.681,2020-05-22 03:13:14,0.58,0.931,0.2582,1,False Positive
142,1987,2029,19,2,24.15989,96.10856,8.42,No Change,0.815,2023-05-24 11:09:15,0.7401,0.7045,0.0176,0,Validated
143,1011,2937,28,3,29.06114,92.90405,7.454,Vegetation Loss,0.504,2023-02-22 03:16:34,0.9951,0.1012,0.3144,1,False Positive
144,1792,474,61,8,26.33031,90.12708,6.646,Vegetation Loss,0.54,2024-09-26 07:02:39,0.685,0.3582,0.2237,1,False Positive
145,295,2648,25,3,26.14655,96.51343,5.567,Flooding,0.915,2023-04-18 04:20:52,-0.4233,0.9383,0.4401,1,Unvalidated
146,2272,2742,1,1,26.88418,90.48884,8.324,Vegetation Loss,0.556,2022-09-13 22:26:39,0.8036,-0.4152,0.3929,1,Unvalidated
147,2784,1467,47,6,29.16847,99.64476,6.416,Debris Flow,0.971,2021-10-27 09:23:42,0.3034,0.8072,0.036,1,Validated
148,807,2718,37,4,26.82459,94.88554,6.668,Flooding,0.666,2024-12-23 08:34:19,-0.0379,0.2403,0.055,1,Unvalidated
149,2471,562,5,1,23.3622,95.26859,7.172,Construction,0.856,2024-07-23 21:13:42,-0.4614,0.3223,0.3304,1,False Positive
150,2277,2833,60,8,24.58007,95.8024,4.851,Vegetation Loss,0.702,2024-09-05 03:56:38,0.4605,0.8942,0.3278,1,Validated
151,2535,2921,47,6,29.33607,99.07875,4.963,Construction,0.891,2024-02-16 04:18:01,-0.1492,0.727,0.2012,1,Validated
152,1787,586,14,2,22.70925,92.46235,7.793,Flooding,0.919,2020-04-28 23:50:38,-0.6305,0.7249,0.4622,1,Validated
153,2622,2469,9,1,27.62766,93.52514,8.316,Flooding,0.646,2018-07-26 15:17:42,-0.734,0.8574,0.0973,1,Validated
154,541,2349,27,3,24.79773,90.83179,9.571,Erosion,0.511,2022-02-19 04:24:27,-0.6861,0.1853,0.182,1,Unvalidated
155,2666,2159,2,1,23.94253,91.80424,3.522,Flooding,0.608,2024-03-25 07:24:50,-0.8394,0.3657,0.098,1,False Positive
156,1794,1634,17,2,23.45164,92.61602,6.679,Landslide,0.748,2021-02-26 22:36:08,0.4936,0.1327,0.1176,1,False Positive
157,1509,1108,32,3,25.70727,95.77032,0.924,No Change,0.753,2024-06-10 23:41:11,0.5632,-0.9736,0.2175,0,Validated
158,1184,2762,44,5,29.77287,98.29354,1.766,No Change,0.881,2018-10-25 12:38:17,0.7774,-0.5998,0.3443,0,Validated
159,2464,709,41,5,22.45011,93.86363,6.753,Vegetation Loss,0.768,2019-12-30 16:15:39,-0.1574,-0.9792,0.3416,1,False Positive
160,2405,1368,62,8,27.53958,91.79244,4.413,No Change,0.797,2021-06-27 05:25:57,-0.3963,-0.9155,0.0429,0,Unvalidated
161,645,1976,62,8,27.37977,92.73575,2.079,Erosion,0.948,2018-07-08 08:53:47,-0.1641,-0.397,0.0197,1,Unvalidated
162,279,473,34,4,26.14926,97.62015,4.265,Construction,0.654,2018-03-03 01:27:53,-0.5532,-0.0235,0.2726,1,Validated
163,2147,1097,30,3,25.69417,92.66538,4.045,Vegetation Loss,0.788,2022-06-29 19:16:19,-0.239,0.9486,0.4673,1,Unvalidated
164,181,1501,37,4,26.52328,94.29788,7.88,Flooding,0.558,2022-08-04 07:29:06,-0.8713,0.2309,0.0384,1,Validated
165,921,2521,14,2,23.07792,92.73077,9.241,Landslide,0.746,2020-03-11 18:06:45,0.1182,0.1502,0.4992,1,False Positive
166,1327,1059,2,1,23.98124,91.18809,1.637,Landslide,0.517,2020-05-03 12:53:44,0.6872,-0.8029,0.3288,1,Unvalidated
167,2044,2688,23,3,27.87073,92.01584,2.672,Erosion,0.611,2023-03-18 16:11:51,0.7154,-0.4322,0.1241,1,False Positive
168,1100,345,10,1,23.31844,97.43029,4.031,Vegetation Loss,0.76,2018-04-20 15:49:10,0.6008,0.3679,0.0499,1,Validated
169,284,360,58,7,26.84021,94.27735,0.761,Landslide,0.717,2020-03-14 15:13:15,-0.7913,-0.8036,0.0535,1,False Positive
170,1319,2855,10,1,23.50132,97.51627,2.882,Vegetation Loss,0.545,2022-09-08 18:45:02,0.3794,0.8145,0.4631,1,Validated
171,2117,2103,44,5,29.56344,98.84684,2.362,Landslide,0.844,2022-10-22 18:19:40,-0.4272,-0.0936,0.1689,1,False Positive
172,1635,2065,62,8,26.75729,92.48945,9.978,Erosion,0.556,2024-11-30 09:31:49,0.067,-0.7302,0.1887,1,False Positive
173,1608,2300,2,1,24.25676,91.22877,9.94,Landslide,0.573,2023-06-24 12:59:35,0.2686,-0.8406,0.1379,1,False Positive
174,2780,903,11,1,22.46697,91.33322,8.224,No Change,0.846,2020-10-14 06:03:09,0.1132,0.155,0.3141,0,Validated
175,2169,13,18,2,28.79813,98.72453,3.961,No Change,0.572,2022-02-25 04:16:18,-0.4437,0.9351,0.3587,0,Validated
176,2584,1580,54,6,29.08663,91.72596,6.749,Erosion,0.834,2019-05-29 20:38:13,-0.9957,0.2098,0.004,1,Validated
177,1159,1217,58,7,27.12958,94.6738,8.73,Vegetation Loss,0.837,2022-02-22 20:36:50,-0.0184,-0.6805,0.359,1,Validated
178,75,2991,18,2,29.0094,98.60159,5.804,No Change,0.939,2018-12-16 14:02:46,-0.9632,0.5832,0.4499,0,Validated
179,1949,2976,28,3,28.78039,93.5596,2.664,Vegetation Loss,0.515,2023-07-12 18:30:42,0.9593,0.4574,0.2565,1,Unvalidated
180,2128,1736,42,5,21.71738,97.15954,7.076,Flooding,0.822,2019-02-02 17:32:44,0.1725,0.3007,0.4726,1,Validated
181,720,614,62,8,27.20857,92.03139,0.209,Vegetation Loss,0.682,2023-11-14 12:45:19,-0.2953,0.0412,0.4885,1,Validated
182,1768,306,27,3,24.77203,90.23363,4.008,Landslide,0.824,2020-03-08 07:01:09,0.1435,-0.294,0.0463,1,Unvalidated
183,1123,2164,61,8,26.54411,90.21398,5.332,Flooding,0.724,2019-08-06 01:40:14,-0.7654,0.6245,0.2106,1,Validated
184,739,717,16,2,23.76071,90.50075,5.108,Flooding,0.824,2021-02-12 14:49:25,0.81,0.1086,0.3286,1,Validated
185,1466,1818,37,4,26.82016,94.76274,0.083,Flooding,0.738,2022-09-21 15:58:29,-0.6919,-0.251,0.0388,1,False Positive
186,2636,1121,43,5,30.10501,97.15896,4.159,No Change,0.894,2019-03-22 23:12:46,-0.3275,-0.4143,0.016,0,False Positive
187,1317,2105,18,2,28.87656,99.09986,3.406,Landslide,0.579,2020-01-24 02:26:31,-0.441,-0.3038,0.1373,1,Validated
188,565,1460,43,5,29.49233,97.56212,8.906,Vegetation Loss,0.896,2023-04-26 14:41:01,-0.8349,-0.8667,0.4752,1,Validated
189,2590,2372,50,6,23.65336,92.89346,3.512,Flooding,0.745,2024-05-25 03:41:59,0.2945,0.7263,0.3795,1,False Positive
190,1621,1541,62,8,27.29661,92.4574,1.398,Debris Flow,0.96,2023-05-10 10:36:40,-0.4187,-0.0806,0.3233,1,False Positive
191,2105,1490,34,4,26.04617,97.57668,4.357,Landslide,0.842,2019-07-27 17:22:40,0.0919,-0.8788,0.1948,1,Validated
192,1319,735,10,1,23.50132,97.51627,2.046,Erosion,0.646,2024-02-06 02:23:56,0.0109,-0.9636,0.4177,1,Validated
193,1276,2267,32,3,25.4035,96.05347,5.013,No Change,0.984,2024-05-28 00:53:43,0.5494,-0.5313,0.2847,0,Validated
194,2243,505,46,5,23.43312,97.66013,2.901,Vegetation Loss,0.796,2021-12-14 22:47:43,-0.8822,-0.3829,0.3535,1,Unvalidated
195,1849,1172,40,5,27.91142,97.70119,5.87,Vegetation Loss,0.946,2019-08-22 03:20:35,-0.6326,-0.9219,0.3107,1,False Positive
196,1471,2429,1,1,27.5525,90.1257,2.437,Flooding,0.922,2021-03-02 19:28:55,0.1659,-0.8199,0.1482,1,False Positive
197,130,1318,33,4,23.83926,100.19228,0.612,Construction,0.993,2020-09-12 03:00:50,-0.2626,-0.418,0.4924,1,Validated
198,1511,154,53,6,28.17534,91.18126,2.213,Landslide,0.822,2024-07-28 14:38:06,0.0401,-0.4912,0.2072,1,False Positive
199,1472,1115,56,7,29.5031,97.09899,4.729,Flooding,0.724,2022-12-30 18:19:30,-0.4236,-0.5921,0.0539,1,Unvalidated
200,1259,2137,54,6,29.9985,92.03866,3.138,Vegetation Loss,0.517,2023-01-23 08:01:29,-0.6186,0.9989,0.1708,1,Validated
201,1248,2943,50,6,23.82801,92.51454,9.523,Debris Flow,0.779,2020-02-17 09:10:04,-0.2587,-0.1037,0.0385,1,Validated
202,1067,1023,42,5,21.76946,96.9635,1.412,Debris Flow,0.797,2024-10-29 22:50:13,-0.1506,0.8679,0.2682,1,Unvalidated
203,1093,2947,15,2,27.40517,98.42655,3.619,Erosion,0.695,2023-10-31 09:49:32,0.1987,-0.7711,0.0929,1,Validated
204,815,408,11,1,22.56174,90.97034,5.978,Erosion,0.622,2019-07-10 08:42:50,0.23,-0.8987,0.3856,1,Validated
205,1147,775,40,5,27.87909,98.0464,4.129,Debris Flow,0.61,2019-08-06 17:31:03,0.9349,0.2087,0.025,1,Unvalidated
206,106,2022,5,1,24.02113,95.16207,8.948,Vegetation Loss,0.616,2022-02-05 06:53:47,0.9453,-0.4939,0.3875,1,Unvalidated
207,356,898,45,5,28.39418,94.69104,8.437,No Change,0.779,2023-10-25 11:39:09,0.1068,-0.4616,0.3426,0,False Positive
208,2319,2636,28,3,29.4889,93.60393,2.295,Erosion,0.527,2019-01-28 14:05:27,-0.69,0.6808,0.1002,1,Unvalidated
209,1204,2813,37,4,27.17873,95.10084,9.756,Vegetation Loss,0.639,2019-10-17 20:07:29,0.4451,0.8894,0.3288,1,Unvalidated
210,1375,44,14,2,22.16334,92.95611,6.483,Flooding,0.625,2019-03-11 05:19:18,0.3499,0.5069,0.379,1,Unvalidated
211,2497,2860,3,1,27.1511,98.50713,0.728,Landslide,0.907,2022-02-15 18:23:06,-0.986,0.2558,0.3555,1,False Positive
212,432,2292,11,1,22.35602,91.37345,9.639,Debris Flow,0.578,2024-02-06 13:01:04,-0.7162,-0.0769,0.2817,1,Validated
213,2329,2068,59,8,25.25693,92.12647,5.833,Vegetation Loss,0.771,2020-10-12 09:27:42,-0.1969,0.8452,0.3396,1,Unvalidated
214,849,1537,21,2,24.1784,99.28137,6.206,Vegetation Loss,0.641,2018-07-13 12:33:22,0.6354,0.0408,0.3388,1,False Positive
215,2632,1592,6,1,26.63102,97.01297,4.879,Vegetation Loss,0.649,2020-09-10 23:55:26,0.3737,0.7243,0.2657,1,False Positive
216,1686,137,35,4,23.04508,91.36192,9.151,Flooding,0.646,2023-01-18 19:32:08,-0.2305,0.2254,0.2122,1,False Positive
217,1193,471,27,3,25.4918,90.33462,9.629,Vegetation Loss,0.952,2023-04-11 11:42:25,-0.1157,-0.6332,0.3148,1,False Positive
218,1205,2742,36,4,25.03327,90.43411,8.422,No Change,0.581,2022-07-09 22:01:36,0.7841,0.7012,0.1319,0,False Positive
219,1551,2133,61,8,26.29793,89.6941,9.307,Flooding,0.809,2022-07-24 18:23:22,-0.6287,0.0045,0.0065,1,Validated
220,1030,1792,34,4,26.23785,97.78113,5.469,Erosion,0.984,2019-03-25 15:40:17,-0.4741,0.6268,0.2755,1,Unvalidated
221,2923,403,20,2,23.2308,93.6492,5.908,Erosion,0.702,2020-07-04 16:54:00,0.6128,0.9541,0.2114,1,False Positive
222,2713,1340,42,5,22.3555,97.45971,0.775,Erosion,0.865,2021-09-14 02:48:13,0.8756,0.2873,0.2251,1,Unvalidated
223,1378,2636,13,2,26.51488,99.71366,8.806,Construction,0.711,2023-07-30 03:58:30,-0.1087,0.5098,0.4865,1,Unvalidated
224,330,223,32,3,25.62294,95.85067,9.282,No Change,0.801,2020-12-20 09:08:27,-0.3588,0.3803,0.0881,0,Unvalidated
225,1164,709,8,1,24.55049,98.3365,5.28,No Change,0.58,2019-07-05 02:52:08,-0.9519,0.9911,0.0284,0,Validated
226,1250,2453,21,2,23.89701,99.53376,0.298,Landslide,0.903,2022-09-16 01:32:03,-0.2982,-0.7703,0.4815,1,Unvalidated
227,587,999,15,2,26.51918,98.45156,2.487,Flooding,0.509,2020-04-13 22:41:09,0.5362,0.8258,0.1493,1,Unvalidated
228,2068,2796,34,4,25.86084,97.91039,7.753,Landslide,0.973,2022-05-24 02:30:09,-0.8782,0.2779,0.1283,1,Unvalidated
229,81,1753,40,5,28.44534,97.55846,6.092,No Change,0.742,2024-03-22 08:56:30,0.8768,0.7719,0.2273,0,False Positive
230,1111,197,41,5,22.51919,94.06163,9.844,Flooding,0.556,2024-10-13 15:51:05,0.7799,0.1379,0.1787,1,False Positive
231,2980,521,39,4,27.67702,90.842,5.837,No Change,0.789,2018-01-27 05:03:45,-0.2896,-0.0097,0.0326,0,False Positive
232,390,961,35,4,22.87697,91.61693,0.393,No Change,0.779,2020-12-20 14:53:53,-0.5102,-0.1144,0.222,0,False Positive
233,1484,393,48,6,26.5695,95.35984,8.287,Debris Flow,0.72,2022-11-04 18:15:19,0.3474,-0.8983,0.2582,1,Unvalidated
234,2377,1043,34,4,25.63654,97.33453,0.856,Landslide,0.559,2019-05-22 12:59:10,0.3696,0.0938,0.2898,1,Unvalidated
235,668,1671,57,7,23.87749,93.14352,9.976,Vegetation Loss,0.92,2019-05-14 15:07:54,0.9269,-0.9134,0.2985,1,Validated
236,838,742,21,2,23.71802,98.97271,8.847,Construction,0.619,2024-07-17 18:23:49,0.1041,-0.9291,0.2339,1,Validated
237,1396,2935,26,3,23.37048,90.14432,8.706,No Change,0.733,2024-06-17 06:11:57,-0.3702,0.7226,0.3212,0,Unvalidated
238,1106,1257,3,1,26.91725,99.37108,9.653,Debris Flow,0.908,2018-10-10 02:16:29,0.6268,0.5148,0.0104,1,Unvalidated
239,1900,2107,23,3,28.02771,92.06025,3.834,Flooding,0.783,2022-04-28 04:09:09,0.266,0.7013,0.0055,1,Unvalidated
240,1527,1789,29,3,26.40341,98.41153,1.882,Vegetation Loss,0.733,2024-06-20 12:42:40,0.926,-0.8108,0.4959,1,Validated
241,247,392,61,8,27.02238,90.28965,9.697,Flooding,0.525,2022-08-27 14:21:32,0.0207,-0.9072,0.378,1,Unvalidated
242,1487,2356,51,6,29.60344,91.2224,5.796,Vegetation Loss,0.516,2022-07-10 10:22:41,0.3975,-0.1883,0.3155,1,False Positive
243,888,1379,18,2,29.19511,98.75947,2.582,Vegetation Loss,0.559,2018-02-27 21:05:03,-0.5605,0.2185,0.1933,1,False Positive
244,1663,2571,44,5,29.01655,98.37484,1.043,Debris Flow,0.671,2018-04-15 14:23:33,-0.3533,-0.9306,0.0917,1,Unvalidated
245,966,2670,46,5,23.11545,97.4363,0.32,Construction,0.65,2018-09-09 07:29:44,-0.446,-0.1837,0.2682,1,False Positive
246,1498,1852,18,2,28.73991,98.41296,4.586,Vegetation Loss,0.812,2022-12-01 01:03:27,0.4833,0.8589,0.4708,1,False Positive
247,1225,2230,5,1,24.14979,95.46588,0.417,Erosion,0.953,2020-03-18 01:35:22,0.4346,0.8877,0.0118,1,False Positive
248,2860,2135,26,3,23.88431,90.63723,2.634,Vegetation Loss,0.608,2019-05-24 20:46:21,-0.6397,-0.8017,0.33,1,Validated
249,2873,2585,7,1,26.615,91.7784,2.093,Vegetation Loss,0.516,2023-11-26 17:29:23,0.1287,-0.8268,0.3226,1,Validated
250,1502,2489,61,8,27.0786,89.9686,0.223,Construction,0.861,2022-01-19 18:25:22,0.8453,-0.1606,0.1125,1,Unvalidated
251,96,904,29,3,26.43525,98.84097,7.606,Vegetation Loss,0.979,2019-03-24 14:47:12,0.4925,0.3557,0.3536,1,Unvalidated
252,2991,2291,14,2,22.30431,92.89713,5.695,Erosion,0.54,2024-06-19 09:45:00,0.6015,0.6618,0.0334,1,False Positive
253,2163,794,39,4,27.19281,90.8943,8.149,No Change,0.8,2018-05-01 21:04:33,0.8712,-0.4015,0.3961,0,Unvalidated
254,1992,89,7,1,26.38906,91.88856,7.542,Vegetation Loss,0.509,2023-05-30 22:46:16,-0.0709,-0.5069,0.2268,1,Validated
255,781,2633,51,6,29.8661,91.29763,5.141,Debris Flow,0.753,2022-02-09 13:55:19,0.7619,0.2031,0.3219,1,False Positive
256,933,2877,18,2,29.04897,98.55275,0.251,Flooding,0.917,2021-02-27 09:12:07,-0.927,-0.2521,0.0025,1,Unvalidated
257,1094,1784,9,1,27.25094,93.4237,5.632,Landslide,0.81,2018-04-16 14:13:33,-0.9536,0.8407,0.3757,1,Unvalidated
258,963,2874,15,2,27.25887,98.64469,4.726,Flooding,0.507,2019-10-01 04:10:00,-0.2664,-0.563,0.4849,1,Validated
259,1698,2418,40,5,28.03075,97.98332,5.259,Flooding,0.731,2018-04-02 06:00:00,-0.0609,0.438,0.0998,1,False Positive
260,2902,2735,4,1,26.61819,90.4781,1.777,Landslide,0.725,2020-09-02 06:06:21,0.8742,0.9199,0.1352,1,Validated
261,1868,1649,12,1,26.44731,98.54322,0.803,Landslide,0.928,2022-02-22 15:56:58,-0.1859,-0.8762,0.4487,1,Unvalidated
262,1783,465,29,3,25.90853,99.17687,7.601,Debris Flow,0.592,2021-02-09 15:01:06,-0.1806,-0.0167,0.4741,1,Validated
263,1322,605,19,2,24.44551,96.12002,4.171,Landslide,0.693,2018-01-10 11:22:31,-0.1932,-0.1501,0.4497,1,Unvalidated
264,1920,2461,62,8,26.74029,92.04958,4.332,Landslide,0.754,2021-07-06 01:39:57,-0.2827,0.4787,0.1564,1,False Positive
265,789,2044,8,1,24.24148,99.0517,5.689,Construction,0.698,2018-12-21 18:13:30,-0.6391,0.2639,0.0513,1,Unvalidated
266,318,944,7,1,26.36912,92.05549,3.421,Erosion,0.951,2021-02-20 23:56:13,-0.9645,0.5577,0.3515,1,Unvalidated
267,2638,1201,30,3,25.59662,92.67261,7.218,Landslide,0.95,2020-06-15 12:07:30,0.9498,-0.4153,0.0497,1,Validated
268,2620,2515,31,3,28.43015,95.19133,9.492,Erosion,0.514,2023-10-12 00:20:02,0.0372,0.9314,0.2528,1,Unvalidated
269,975,2264,33,4,24.09315,99.66551,5.31,Erosion,0.706,2020-03-18 13:10:50,-0.089,-0.9119,0.0378,1,Unvalidated
270,2502,1053,30,3,25.21665,92.18612,7.199,Vegetation Loss,0.745,2020-02-03 22:12:28,0.7111,-0.9303,0.1569,1,Unvalidated
271,1073,604,30,3,25.2174,93.11928,2.705,Debris Flow,0.937,2024-04-17 20:30:40,-0.9956,-0.2774,0.0371,1,Unvalidated
272,2362,309,46,5,22.75998,97.91482,4.861,Flooding,0.735,2019-01-13 15:51:26,-0.8334,-0.8823,0.2716,1,Validated
273,76,2620,40,5,28.46087,98.18184,0.108,Construction,0.677,2024-06-27 09:17:50,-0.6323,0.5945,0.4118,1,False Positive
274,2489,484,40,5,27.56848,97.92522,6.927,Flooding,0.831,2023-06-10 03:19:31,-0.6567,0.3936,0.0001,1,Validated
275,409,161,19,2,23.78899,96.26679,6.369,Debris Flow,0.697,2022-03-27 20:42:53,0.4605,0.5551,0.4829,1,Unvalidated
276,797,1152,36,4,25.69226,90.57305,8.554,Landslide,0.777,2024-01-30 15:38:56,-0.3384,0.2138,0.319,1,Validated
277,68,1696,15,2,27.42753,98.31379,6.433,Landslide,0.824,2021-10-10 03:55:53,0.5794,-0.6207,0.1567,1,Validated
278,2558,262,51,6,29.60522,91.08919,0.814,Landslide,0.683,2020-06-21 05:05:54,-0.9736,-0.6699,0.1067,1,Unvalidated
279,1649,2060,46,5,23.66206,97.88837,1.698,Debris Flow,0.671,2021-04-13 21:50:02,0.491,0.2723,0.0781,1,Unvalidated
280,2243,1576,46,5,23.43312,97.66013,5.353,Landslide,0.781,2024-12-23 06:03:57,-0.1344,0.2275,0.4931,1,Validated
281,1838,687,41,5,23.31063,94.50556,3.116,No Change,0.834,2019-09-23 07:23:42,-0.2021,-0.01,0.289,0,False Positive
282,821,2542,15,2,26.85069,98.77055,2.419,Flooding,0.957,2018-03-07 18:33:04,-0.0367,0.4079,0.2812,1,False Positive
283,426,2459,11,1,22.92047,90.90472,6.054,Vegetation Loss,0.931,2023-05-13 06:51:51,-0.0366,0.3289,0.2802,1,False Positive
284,873,1162,46,5,23.4633,97.57637,2.383,Landslide,0.945,2022-05-03 10:11:20,-0.8208,-0.5702,0.309,1,Validated
285,1083,776,51,6,29.45084,90.57592,7.617,No Change,0.597,2023-10-28 00:13:56,-0.5643,0.7914,0.214,0,False Positive
286,291,1525,31,3,28.38103,95.4036,1.68,Erosion,0.905,2020-10-12 05:43:08,0.2963,-0.8705,0.0085,1,Unvalidated
287,233,2259,49,6,29.66741,98.72424,4.83,No Change,0.7,2024-09-02 16:56:31,-0.5198,0.0837,0.0223,0,Validated
288,2143,1585,19,2,24.01775,95.89678,3.795,Flooding,0.631,2018-05-08 23:57:24,0.8235,0.8844,0.043,1,Unvalidated
289,1295,2088,6,1,26.35773,97.62498,2.702,Flooding,0.596,2023-12-01 17:57:59,-0.5416,0.4623,0.4547,1,False Positive
290,2231,534,61,8,26.27669,89.647,4.801,Construction,0.553,2019-04-25 12:24:04,0.9021,0.2629,0.0927,1,Validated
291,1839,2001,48,6,26.72977,95.24975,7.872,Landslide,0.832,2020-12-12 05:17:05,0.007,0.1616,0.495,1,False Positive
292,1693,2306,38,4,30.06342,98.53515,3.269,Vegetation Loss,0.948,2022-08-05 23:47:12,0.2102,-0.2923,0.1884,1,False Positive
293,1034,1341,43,5,30.02533,97.25874,6.65,Construction,0.995,2021-11-22 14:32:21,0.0919,0.8773,0.2893,1,False Positive
294,2165,2369,14,2,22.63015,92.46196,1.876,Erosion,0.971,2019-05-09 23:35:47,-0.8753,-0.6082,0.3738,1,False Positive
295,706,1835,34,4,25.68203,97.48363,3.582,Construction,0.862,2021-09-07 14:00:53,0.5671,0.6865,0.4316,1,False Positive
296,2844,2304,22,2,22.27362,95.85504,9.942,No Change,0.951,2022-11-20 06:21:10,-0.0613,-0.725,0.1707,0,Validated
297,925,938,46,5,23.23007,97.40481,8.761,Construction,0.809,2024-11-11 11:20:12,0.2261,-0.0278,0.307,1,Validated
298,579,2325,14,2,22.76313,92.90763,4.836,Vegetation Loss,0.66,2018-12-01 00:20:31,0.7264,0.3493,0.2754,1,False Positive
299,346,101,39,4,26.95135,91.15178,8.848,Construction,0.796,2018-04-20 18:15:34,0.6445,-0.8104,0.0886,1,Validated
300,1201,2499,52,6,28.19656,99.2832,0.272,Debris Flow,0.664,2020-03-30 22:30:01,-0.5195,-0.0679,0.2709,1,Validated
301,1685,2333,58,7,26.76056,94.12261,9.411,No Change,0.846,2020-04-30 23:11:51,0.8356,-0.1718,0.4388,0,Unvalidated
302,926,1534,1,1,27.1926,89.87332,0.27,Landslide,0.95,2022-11-04 14:15:34,0.2299,0.5076,0.2837,1,False Positive
303,278,38,3,1,27.04319,99.04975,9.31,Construction,0.896,2020-10-06 02:11:00,0.009,-0.6052,0.086,1,False Positive
304,54,2643,4,1,26.47742,90.23328,0.811,Debris Flow,0.636,2023-07-15 16:42:15,0.5539,-0.4384,0.0269,1,Validated
305,2657,907,44,5,29.36363,98.8839,2.467,Erosion,0.7,2023-01-12 22:58:49,-0.5965,0.7802,0.388,1,False Positive
306,396,709,45,5,28.33113,94.93279,9.792,Construction,0.786,2021-07-27 10:35:18,-0.0543,-0.7077,0.003,1,False Positive
307,1181,2884,15,2,26.76042,98.72516,0.415,Construction,0.535,2022-05-07 07:39:45,0.7662,0.0422,0.4852,1,False Positive
308,1801,40,23,3,28.20585,91.43787,9.721,Flooding,1.0,2023-10-11 23:37:49,-0.0063,-0.4159,0.3376,1,Unvalidated
309,2457,1156,46,5,23.1387,97.8806,2.15,Vegetation Loss,0.747,2024-08-19 16:38:20,0.8392,0.6274,0.1826,1,False Positive
310,2818,986,14,2,22.3952,93.0066,6.173,No Change,0.908,2022-06-25 17:46:04,-0.106,0.4765,0.2351,0,Validated
311,767,231,48,6,27.13709,94.61744,0.429,Landslide,0.552,2022-07-07 05:08:15,-0.2629,-0.3289,0.3086,1,False Positive
312,2967,821,23,3,27.97995,91.71193,5.787,No Change,0.646,2024-08-14 00:18:31,0.3945,0.0739,0.4243,0,False Positive
313,1495,257,1,1,27.41628,90.62403,5.371,Landslide,0.676,2019-07-19 17:26:42,-0.4436,0.3457,0.2449,1,Validated
314,1361,254,4,1,26.98831,89.83125,4.46,Flooding,0.688,2024-07-29 00:04:02,-0.3601,-0.3871,0.0024,1,Unvalidated
315,1075,70,5,1,24.08413,95.50103,2.261,Construction,0.884,2023-05-08 01:04:51,0.1724,-0.5009,0.1491,1,False Positive
316,2836,121,60,8,24.71163,95.8327,1.295,Landslide,0.676,2022-01-06 03:29:11,-0.9724,-0.6701,0.485,1,False Positive
317,2423,381,2,1,23.78888,90.89997,5.769,Debris Flow,0.727,2023-02-05 05:32:42,0.88,0.5002,0.0616,1,Unvalidated
318,119,1822,39,4,27.62526,91.62549,7.676,Construction,0.94,2019-03-07 10:21:30,-0.822,0.9407,0.487,1,False Positive
319,121,1661,5,1,23.7845,95.14353,2.972,No Change,0.591,2020-08-22 15:08:19,0.8775,-0.8491,0.3328,0,False Positive
320,1957,1308,45,5,28.61481,94.67837,1.998,Construction,0.926,2018-08-29 08:27:41,-0.4978,-0.8501,0.1074,1,Unvalidated
321,321,912,26,3,24.26243,90.0913,3.582,Vegetation Loss,0.831,2022-04-16 12:45:06,-0.6939,-0.7873,0.406,1,Validated
322,2796,1578,57,7,23.15542,92.85014,1.404,Flooding,0.542,2020-03-20 03:01:27,0.83,-0.2804,0.3677,1,Unvalidated
323,1540,2330,24,3,23.77615,98.9949,0.803,Erosion,0.771,2020-03-09 13:17:28,0.6999,0.6544,0.0857,1,Unvalidated
324,1371,1382,51,6,29.8276,91.31258,3.355,Vegetation Loss,0.588,2022-12-23 19:11:25,-0.9018,0.6532,0.1491,1,Validated
325,1418,2222,29,3,25.8686,99.22009,4.97,Landslide,0.972,2019-05-03 00:57:20,-0.4859,0.5946,0.2532,1,Validated
326,736,2474,20,2,22.93877,93.88036,4.31,Landslide,0.599,2019-01-08 23:21:24,0.6088,0.1622,0.4908,1,False Positive
327,2364,65,19,2,24.43236,96.60944,6.329,Erosion,0.84,2020-03-30 10:38:58,-0.034,0.7424,0.3818,1,Unvalidated
328,1215,732,13,2,26.77651,99.81766,4.548,Erosion,0.611,2019-10-08 16:01:29,-0.9893,0.3504,0.2768,1,Unvalidated
329,2710,1225,61,8,27.03371,90.14204,2.843,Construction,0.998,2020-10-29 03:13:42,-0.7709,-0.9636,0.146,1,Unvalidated
330,975,1969,33,4,24.09315,99.66551,3.414,Flooding,0.566,2020-02-09 16:09:16,-0.9139,-0.1358,0.2577,1,Validated
331,2736,751,10,1,23.68346,97.15867,3.792,Landslide,0.741,2024-05-20 11:11:43,0.8577,-0.9612,0.1541,1,Unvalidated
332,1714,1480,12,1,26.51216,97.71074,0.481,Debris Flow,0.844,2023-09-02 12:15:07,0.8708,0.0262,0.173,1,False Positive
333,117,1132,24,3,24.00492,99.37968,8.217,No Change,0.857,2024-06-04 03:18:07,-0.0856,-0.3645,0.1097,0,Validated
334,2722,2925,2,1,24.43786,91.89502,6.705,Debris Flow,0.713,2021-08-16 16:32:30,0.2628,-0.0679,0.2574,1,False Positive
335,2000,2839,61,8,26.38228,89.86802,1.576,Debris Flow,0.811,2021-05-30 00:42:24,0.9337,0.7162,0.1369,1,False Positive
336,2673,1272,11,1,22.89019,90.5403,7.375,Construction,0.78,2018-02-13 22:41:23,-0.1839,-0.0105,0.4576,1,Unvalidated
337,1209,1156,16,2,23.9036,91.16128,6.183,Vegetation Loss,0.684,2021-06-17 20:27:31,0.326,-0.0722,0.1763,1,False Positive
338,2217,1286,7,1,25.96272,92.50641,5.893,Debris Flow,0.879,2018-10-25 20:23:06,-0.3309,-0.3743,0.2674,1,False Positive
339,1189,2943,40,5,28.192,98.17429,9.893,Construction,0.842,2024-02-19 05:49:56,-0.48,-0.3098,0.3384,1,Validated
340,2609,2520,26,3,23.68815,89.99515,9.093,Erosion,0.827,2022-02-20 13:56:02,-0.0483,0.8235,0.0774,1,Unvalidated
341,2051,2195,45,5,28.78807,95.08775,7.453,Flooding,0.634,2023-10-30 08:37:01,0.5219,-0.5642,0.0731,1,False Positive
342,481,1225,16,2,24.00977,91.10763,0.366,Erosion,0.916,2022-12-25 18:34:44,0.7532,-0.9886,0.3017,1,Unvalidated
343,719,1830,10,1,24.04676,97.21956,6.984,Landslide,0.56,2018-01-31 06:47:48,-0.765,0.7298,0.3381,1,Validated
344,1661,2572,15,2,27.20189,98.50753,3.178,Vegetation Loss,0.63,2019-01-16 07:23:17,0.2865,0.4037,0.1695,1,False Positive
345,2658,1598,11,1,22.61104,90.79638,6.304,Erosion,0.816,2023-12-31 05:43:45,0.3108,-0.2228,0.2415,1,Unvalidated
346,752,885,35,4,23.50306,91.40772,9.035,Erosion,0.798,2022-06-19 18:31:16,-0.9283,0.858,0.1119,1,Unvalidated
347,229,1783,42,5,21.81356,97.72042,0.106,Debris Flow,0.513,2019-07-19 09:43:31,0.8069,-0.1348,0.166,1,Validated
348,531,2023,62,8,26.67273,92.74204,6.624,Debris Flow,0.955,2024-06-14 02:58:58,-0.7982,0.9343,0.2355,1,False Positive
349,2739,1521,5,1,23.5013,94.70472,9.443,Construction,0.667,2020-02-02 10:45:08,-0.7107,0.0832,0.2283,1,False Positive
350,1626,2231,54,6,29.82838,91.30974,6.644,Vegetation Loss,0.844,2019-06-11 09:43:46,-0.8815,0.1404,0.0551,1,Validated
351,2992,2379,52,6,28.85983,99.59984,0.797,Landslide,0.767,2019-08-10 06:15:06,0.5411,0.2788,0.3704,1,Unvalidated
352,379,623,57,7,24.0001,92.80311,1.406,Debris Flow,0.761,2018-12-17 13:08:49,0.3596,0.8243,0.1647,1,Unvalidated
353,527,2631,36,4,25.0033,90.95118,4.088,Flooding,0.526,2021-01-21 14:33:04,0.4385,0.2692,0.0145,1,False Positive
354,73,1027,55,7,28.88097,94.47742,7.639,Debris Flow,0.694,2020-04-18 23:36:45,-0.8195,0.395,0.4606,1,Validated
355,89,2346,51,6,29.82661,90.8616,7.806,Flooding,0.758,2021-01-04 05:31:54,0.3438,-0.9686,0.3034,1,False Positive
356,2942,1587,10,1,24.03508,97.19885,8.861,No Change,0.921,2021-02-26 14:30:26,0.7066,0.948,0.2489,0,Unvalidated
357,2994,1893,1,1,26.99734,90.57013,0.083,Vegetation Loss,0.797,2024-08-10 12:38:15,0.3444,0.3744,0.4815,1,False Positive
358,2051,2903,45,5,28.78807,95.08775,6.481,Debris Flow,0.56,2024-06-09 04:55:12,-0.6576,-0.948,0.0728,1,Validated
359,2848,774,4,1,26.54595,90.43698,3.6,Debris Flow,0.934,2022-04-16 04:12:21,0.7068,-0.4407,0.1652,1,False Positive
360,2272,2705,1,1,26.88418,90.48884,3.485,Debris Flow,0.78,2019-01-02 14:39:00,-0.3743,0.3615,0.0438,1,Unvalidated
361,508,181,1,1,27.37333,90.65806,7.563,Erosion,0.871,2024-01-08 19:40:11,0.8883,0.1826,0.311,1,Unvalidated
362,1538,1939,33,4,23.87532,100.01075,7.772,Erosion,0.94,2019-01-09 18:01:04,0.8891,0.3399,0.399,1,Unvalidated
363,569,1739,14,2,22.86356,93.33428,8.894,Vegetation Loss,0.791,2022-08-02 19:18:48,-0.6413,0.6493,0.1939,1,False Positive
364,1515,2432,14,2,22.18494,92.86346,2.346,Construction,0.582,2020-04-17 03:42:25,0.7919,-0.3211,0.365,1,False Positive
365,2577,941,26,3,24.17595,90.3022,2.867,Landslide,0.787,2018-09-10 09:00:46,0.2671,0.4535,0.2397,1,Validated
366,1391,1882,43,5,29.62899,97.64976,9.01,Debris Flow,0.587,2020-10-28 12:51:52,0.1431,-0.0073,0.148,1,Validated
367,1037,832,1,1,26.79858,90.43439,4.333,Erosion,0.755,2021-04-18 22:12:49,0.4842,-0.8338,0.2337,1,Validated
368,1100,1723,10,1,23.31844,97.43029,4.488,No Change,0.972,2024-09-03 15:45:19,0.341,-0.9017,0.0628,0,Unvalidated
369,2469,1652,58,7,26.72481,94.59935,1.751,Landslide,0.741,2020-04-05 10:23:41,-0.6821,-0.5631,0.3066,1,False Positive
370,1671,960,52,6,28.83153,99.55907,0.011,Flooding,0.882,2018-01-08 00:36:41,0.0587,-0.9775,0.1543,1,False Positive
371,2806,622,62,8,26.94677,92.09194,1.793,Flooding,0.766,2020-07-16 04:03:55,-0.4398,0.0542,0.378,1,False Positive
372,2129,1792,5,1,23.43778,94.58273,9.811,Construction,0.665,2022-05-05 20:50:03,-0.3932,0.8342,0.4738,1,Validated
373,2272,2233,1,1,26.88418,90.48884,2.656,Landslide,0.77,2020-06-01 12:32:57,0.5962,-0.591,0.3594,1,False Positive
374,2282,95,12,1,27.06671,98.28765,8.408,Landslide,0.592,2024-06-30 16:18:24,-0.8202,0.5716,0.3245,1,Unvalidated
375,2638,22,30,3,25.59662,92.67261,4.23,Flooding,0.65,2023-01-04 10:23:24,0.8019,-0.8486,0.2899,1,False Positive
376,1969,1149,32,3,25.91629,96.06128,6.34,Erosion,0.756,2022-04-10 17:42:45,0.2879,-0.8794,0.2724,1,Validated
377,1920,1181,62,8,26.74029,92.04958,5.727,Construction,0.831,2022-12-27 18:29:07,-0.1041,-0.5398,0.3792,1,False Positive
378,2106,524,6,1,26.13554,97.25019,7.924,Construction,0.738,2023-12-09 18:40:26,0.7067,0.4619,0.1036,1,Unvalidated
379,432,114,11,1,22.35602,91.37345,1.838,Landslide,0.812,2023-03-23 10:37:51,-0.8913,0.1336,0.0756,1,Unvalidated
380,2997,539,38,4,29.86919,98.32802,5.458,No Change,0.582,2018-08-29 14:54:13,-0.0621,0.9099,0.1103,0,Validated
381,2575,1374,53,6,28.16118,91.22464,4.714,Landslide,0.651,2019-04-05 08:54:52,-0.2871,-0.0073,0.3733,1,Validated
382,482,1629,18,2,29.20318,98.94271,7.499,Vegetation Loss,0.945,2022-09-29 03:59:51,0.9889,-0.194,0.3849,1,Validated
383,2546,605,35,4,23.29668,91.61958,2.926,No Change,0.81,2018-11-20 03:24:57,-0.8362,0.9814,0.2389,0,Unvalidated
384,1448,1082,26,3,23.81774,90.77962,0.17,Construction,0.921,2024-08-20 01:31:21,-0.4705,-0.8651,0.0265,1,Unvalidated
385,2408,1541,27,3,24.98547,91.04987,7.768,Flooding,0.933,2022-01-29 03:45:46,0.5432,-0.5189,0.2493,1,Validated
386,2425,2938,15,2,26.6623,98.63636,7.691,Erosion,0.759,2021-10-29 10:14:10,0.7573,0.955,0.339,1,False Positive
387,1735,2225,9,1,27.85856,93.22287,8.97,Vegetation Loss,0.847,2024-11-21 23:18:06,0.879,0.6475,0.3162,1,Unvalidated
388,1736,2574,22,2,22.20465,95.93017,1.644,Erosion,0.92,2020-02-17 02:47:25,-0.3467,-0.7859,0.3775,1,Unvalidated
389,1334,174,29,3,25.50678,99.23831,0.453,Vegetation Loss,0.818,2021-01-19 14:34:51,0.7387,-0.9685,0.0406,1,False Positive
390,823,2764,12,1,27.28797,97.94749,3.645,No Change,0.651,2020-05-02 16:10:08,0.8525,-0.9335,0.0264,0,Validated
391,2501,476,51,6,30.05057,91.24356,8.382,Debris Flow,0.755,2022-07-18 22:38:31,-0.6104,-0.698,0.2842,1,Unvalidated
392,395,1572,7,1,26.3853,91.74197,3.887,Erosion,0.703,2019-10-07 04:30:05,-0.9455,-0.2689,0.489,1,Unvalidated
393,860,814,1,1,27.48049,89.93552,1.48,Landslide,0.734,2023-02-07 16:43:00,0.1243,-0.6063,0.3611,1,False Positive
394,856,1477,18,2,29.18128,98.93966,6.279,No Change,0.582,2018-08-22 20:46:14,0.906,-0.1445,0.3975,0,False Positive
395,457,2103,36,4,24.9809,91.0626,6.725,Erosion,0.839,2020-07-14 21:49:01,-0.0438,0.7573,0.0877,1,Validated
396,1573,1097,48,6,26.43006,95.03113,7.421,Construction,0.986,2023-01-16 02:50:27,0.471,-0.3201,0.1092,1,Unvalidated
397,952,2505,20,2,22.88403,93.68287,9.108,Erosion,0.817,2024-07-15 11:31:58,-0.9942,-0.7589,0.2362,1,Validated
398,2288,1922,61,8,26.535,90.3743,6.541,No Change,0.559,2019-07-11 13:47:27,-0.847,-0.0262,0.1819,0,False Positive
399,288,1851,23,3,28.29268,91.95298,8.927,No Change,0.506,2022-01-11 01:41:45,0.6585,0.7269,0.3519,0,Unvalidated
400,406,1519,59,8,25.66864,92.47892,9.987,Landslide,0.788,2021-09-01 18:10:55,-0.6268,0.3771,0.1727,1,False Positive
401,1798,46,25,3,26.24493,96.68838,3.339,Flooding,0.601,2019-01-25 15:13:54,-0.6683,-0.0438,0.2523,1,Validated
402,2778,1034,44,5,28.96654,99.11289,8.054,Construction,0.724,2018-01-04 23:55:19,-0.2614,0.6931,0.425,1,Unvalidated
403,2300,30,62,8,26.60352,92.27006,8.581,Debris Flow,0.894,2022-04-24 17:05:55,0.1263,-0.5951,0.077,1,False Positive
404,1695,556,40,5,27.51959,97.59806,6.887,Vegetation Loss,0.7,2021-03-05 20:15:44,0.8396,0.8159,0.3242,1,Unvalidated
405,698,2182,1,1,27.46574,90.54042,3.202,Erosion,0.853,2020-10-28 18:02:22,-0.0038,0.2134,0.1245,1,Validated
406,1157,568,7,1,26.19668,92.34683,2.37,Erosion,0.59,2018-01-27 11:43:57,0.9599,-0.5492,0.0664,1,Validated
407,2079,256,12,1,26.3504,98.40179,0.296,Erosion,0.866,2019-12-05 13:20:31,0.7365,0.0155,0.3146,1,Unvalidated
408,506,1156,7,1,26.28286,91.85248,0.325,Construction,0.869,2021-03-07 07:18:46,-0.758,-0.3158,0.1838,1,False Positive
409,2222,2209,59,8,25.99875,92.02128,2.921,Erosion,0.91,2023-01-31 04:49:52,0.5659,-0.7159,0.1234,1,Unvalidated
410,1799,2119,33,4,23.6757,99.88814,2.525,Erosion,0.534,2023-06-27 16:09:25,-0.3294,-0.6594,0.3303,1,Unvalidated
411,1298,2246,16,2,23.96366,91.09817,1.858,Debris Flow,0.904,2022-08-11 13:42:54,0.4132,0.1057,0.4427,1,Validated
412,2947,1161,28,3,29.20369,93.41799,5.241,No Change,0.93,2024-12-18 22:39:28,-0.628,-0.0611,0.4824,0,Unvalidated
413,822,890,62,8,27.02688,92.0771,4.319,Vegetation Loss,0.954,2024-08-01 19:20:28,0.4207,-0.2324,0.3975,1,Unvalidated
414,218,820,33,4,23.41818,100.23471,3.554,Flooding,0.611,2021-07-29 12:01:41,0.6882,0.4868,0.021,1,Validated
415,1019,2628,35,4,22.72724,91.93391,3.352,Flooding,0.733,2022-02-07 13:16:49,-0.0896,0.8585,0.3957,1,Validated
416,112,1345,4,1,26.30627,90.70422,9.023,Erosion,0.716,2018-02-16 04:32:53,0.9339,-0.8105,0.1364,1,Validated
417,1924,1697,34,4,26.04151,97.72487,0.917,Erosion,0.505,2019-11-22 19:54:08,-0.9489,0.5915,0.1291,1,False Positive
418,322,1537,21,2,24.38984,99.40479,4.082,No Change,0.907,2019-08-04 14:39:51,-0.6221,0.6291,0.0588,0,Unvalidated
419,1015,613,26,3,23.7158,90.50677,1.537,Flooding,0.911,2024-11-24 13:32:17,-0.5052,0.3003,0.1186,1,Unvalidated
420,2365,238,34,4,26.05631,97.61331,7.383,Erosion,0.641,2019-04-27 15:34:38,0.1207,0.3204,0.3233,1,False Positive
421,1886,2195,59,8,25.83856,92.44552,0.341,Construction,0.881,2019-01-29 16:04:37,0.8935,-0.6338,0.347,1,Unvalidated
422,1874,2628,21,2,23.91213,99.45019,9.609,Landslide,0.625,2020-08-03 22:18:57,-0.5227,-0.9577,0.1251,1,False Positive
423,2191,2807,27,3,25.06464,90.93385,6.906,Construction,0.935,2019-12-28 13:13:44,-0.2655,-0.6818,0.1151,1,Unvalidated
424,2590,1488,50,6,23.65336,92.89346,0.153,Landslide,0.929,2024-06-04 18:45:41,0.0594,-0.1171,0.1635,1,Validated
425,2850,448,37,4,26.61392,95.1196,9.863,Debris Flow,0.883,2021-07-02 15:30:10,-0.3832,0.4269,0.3511,1,False Positive
426,2438,376,40,5,28.4876,97.74258,4.334,Construction,0.822,2018-12-17 18:32:35,0.0062,0.5865,0.4162,1,Unvalidated
427,1434,537,20,2,23.39423,93.38419,3.959,Debris Flow,0.959,2023-02-09 12:43:29,0.9489,-0.4056,0.097,1,Unvalidated
428,673,2653,1,1,26.84201,90.50041,8.91,Vegetation Loss,0.788,2023-06-29 11:53:12,0.9516,0.8321,0.4682,1,Unvalidated
429,2123,1158,1,1,26.70698,89.93068,6.365,Construction,0.553,2018-08-18 02:53:32,-0.3029,0.5497,0.1531,1,Unvalidated
430,264,1123,38,4,29.62548,98.2867,8.611,Debris Flow,0.616,2019-07-13 00:32:17,0.9028,-0.1723,0.4099,1,Validated
431,1599,1894,26,3,23.58336,90.54303,5.128,Erosion,0.749,2022-11-25 20:27:48,-0.1106,-0.5606,0.1908,1,Unvalidated
432,162,1936,11,1,22.99505,90.53646,2.406,No Change,0.864,2022-04-01 04:49:31,-0.8493,-0.2391,0.1168,0,Validated
433,745,2481,59,8,25.83117,92.78388,6.517,Debris Flow,0.761,2019-08-03 07:44:50,0.6165,-0.8604,0.3574,1,False Positive
434,2318,956,50,6,24.15547,92.64756,3.426,Landslide,0.717,2024-10-19 18:11:20,0.8684,0.4341,0.1175,1,Unvalidated
435,320,1341,21,2,24.21737,99.07571,8.25,Construction,0.766,2022-07-20 23:39:33,-0.9592,-0.8407,0.3279,1,False Positive
436,2527,2596,57,7,23.88222,93.33351,6.356,Flooding,0.856,2021-09-08 13:03:38,-0.3135,0.2696,0.3221,1,False Positive
437,479,1117,35,4,23.36534,91.2109,2.82,Construction,0.71,2020-01-26 13:57:24,0.7722,0.262,0.2231,1,Unvalidated
438,1179,1412,1,1,27.60731,90.54547,7.061,No Change,0.841,2024-07-26 18:49:21,0.379,0.0238,0.1303,0,Unvalidated
439,719,1272,10,1,24.04676,97.21956,6.893,Construction,0.746,2022-05-06 15:44:00,-0.2326,0.2679,0.3803,1,Validated
440,425,1944,23,3,27.68909,91.41631,4.712,No Change,0.673,2018-06-25 02:27:10,0.2694,0.6066,0.1312,0,Validated
441,155,36,59,8,25.17671,92.88087,0.421,Landslide,0.572,2018-04-16 12:04:33,-0.7732,0.3626,0.2982,1,False Positive
442,1339,899,9,1,27.76436,93.09372,9.616,Landslide,0.576,2023-09-23 07:59:13,0.2177,-0.508,0.2817,1,Validated
443,1527,2330,29,3,26.40341,98.41153,4.947,Debris Flow,0.584,2019-12-16 10:11:27,0.8631,0.2793,0.2259,1,False Positive
444,2083,1530,51,6,29.23017,90.7665,0.586,Erosion,0.51,2019-08-08 10:03:15,-0.7895,0.3981,0.4883,1,False Positive
445,2918,2249,36,4,25.72336,90.38656,3.027,Flooding,0.988,2021-04-18 22:12:51,0.6795,0.379,0.2209,1,Unvalidated
446,2420,2834,45,5,28.79409,94.83578,3.223,No Change,0.967,2021-01-20 22:52:17,-0.2413,-0.5423,0.1457,0,False Positive
447,910,1851,19,2,24.14519,96.39598,2.901,Flooding,0.606,2023-06-10 23:43:45,0.7645,-0.8423,0.0539,1,Validated
448,1899,1105,5,1,23.44116,95.5535,9.744,Landslide,0.663,2024-10-17 22:55:45,0.6268,0.7487,0.309,1,False Positive
449,822,2428,62,8,27.02688,92.0771,1.012,Landslide,0.803,2022-04-27 03:31:27,-0.8414,0.2932,0.3245,1,False Positive
450,473,2048,4,1,26.94782,90.15267,0.725,No Change,0.923,2023-04-17 12:26:18,0.0097,-0.0499,0.0428,0,Unvalidated
451,725,995,23,3,28.13639,91.86667,5.693,No Change,0.875,2024-10-28 23:00:35,-0.6118,-0.128,0.427,0,Validated
452,1887,1067,46,5,23.09996,97.36681,1.27,Erosion,0.797,2022-09-05 10:39:20,-0.9054,-0.5121,0.489,1,Unvalidated
453,1155,192,46,5,23.41341,97.92484,2.849,Erosion,0.521,2023-05-02 23:43:04,-0.343,0.5277,0.1789,1,Validated
454,2986,388,32,3,25.51349,96.05963,4.105,Flooding,0.744,2022-03-27 20:55:41,-0.7575,0.1851,0.2769,1,False Positive
455,451,66,55,7,29.23211,94.5959,7.363,Flooding,0.648,2021-10-25 20:07:22,-0.955,0.2962,0.4449,1,Unvalidated
456,1287,2054,3,1,26.94719,99.31839,5.375,Vegetation Loss,0.565,2021-04-05 23:45:44,-0.9408,0.1975,0.2815,1,Unvalidated
457,2018,1193,14,2,22.28172,92.96504,2.655,No Change,0.803,2024-02-16 11:22:51,0.9956,-0.995,0.4033,0,Unvalidated
458,1513,621,14,2,22.87531,92.77848,7.601,Construction,0.761,2020-06-12 23:32:46,-0.6881,0.9995,0.2492,1,Unvalidated
459,2749,773,46,5,23.56033,97.53471,0.505,No Change,0.954,2018-03-21 08:06:32,0.6101,-0.2348,0.2513,0,False Positive
460,1577,2742,62,8,27.28993,92.31456,7.563,Landslide,0.795,2022-04-22 13:57:40,-0.4506,-0.713,0.1777,1,False Positive
461,720,2990,62,8,27.20857,92.03139,0.741,Debris Flow,0.917,2024-12-31 09:37:30,0.0471,0.5222,0.3142,1,Validated
462,2340,1072,3,1,27.44322,99.41946,9.249,Vegetation Loss,0.654,2024-02-16 15:41:00,-0.808,-0.7861,0.2235,1,Validated
463,1495,2544,1,1,27.41628,90.62403,7.895,Flooding,0.703,2023-10-12 22:49:39,0.6811,0.6893,0.444,1,False Positive
464,2266,191,59,8,25.84824,92.25942,9.261,Landslide,0.517,2021-12-06 00:17:26,-0.8456,0.3598,0.2564,1,Validated
465,819,632,33,4,24.05459,100.15028,1.099,Flooding,0.823,2019-09-18 15:38:28,-0.8508,0.108,0.0316,1,False Positive
466,278,981,3,1,27.04319,99.04975,8.59,Construction,0.942,2020-04-17 00:05:17,-0.0858,-0.6575,0.496,1,Validated
467,2993,2510,8,1,24.5221,98.77475,3.053,Landslide,0.845,2020-03-22 09:19:02,-0.1801,0.7863,0.014,1,Validated
468,48,1538,24,3,23.92457,99.25841,0.902,Flooding,0.513,2023-08-05 09:15:53,-0.9608,0.8686,0.4115,1,Unvalidated
469,1733,1508,47,6,29.67787,98.74718,8.383,No Change,0.667,2021-07-17 05:01:08,-0.7582,-0.7442,0.0871,0,False Positive
470,1498,553,18,2,28.73991,98.41296,8.861,Landslide,0.619,2021-08-04 23:33:16,-0.7267,-0.0215,0.4096,1,Validated
471,1203,2429,13,2,26.71413,99.73974,8.252,Debris Flow,0.689,2019-12-03 10:03:27,-0.3518,0.9135,0.4014,1,False Positive
472,202,2148,3,1,27.16525,98.93501,7.281,Flooding,0.889,2024-09-11 06:58:17,-0.2611,0.9033,0.489,1,Validated
473,178,1791,38,4,30.22659,98.46802,1.404,Flooding,0.865,2024-07-25 12:52:25,0.7,-0.8247,0.048,1,Unvalidated
474,172,1963,22,2,22.6994,95.97323,7.41,Erosion,0.608,2023-05-22 01:29:24,-0.1071,0.9883,0.3569,1,Validated
475,1193,941,27,3,25.4918,90.33462,1.986,Vegetation Loss,0.576,2022-07-30 04:05:26,0.7136,0.8373,0.1747,1,Validated
476,2299,2576,55,7,29.10184,93.9542,8.574,Construction,0.757,2024-05-07 06:26:13,-0.9877,0.7766,0.2697,1,False Positive
477,2811,225,16,2,23.56183,90.20123,0.172,Landslide,0.82,2021-10-11 20:18:16,-0.1113,-0.6801,0.1218,1,Validated
478,253,2634,29,3,25.51369,98.7451,8.578,Landslide,0.588,2023-02-17 11:02:39,-0.668,0.2918,0.0014,1,Unvalidated
479,343,2954,53,6,27.99866,91.74972,5.369,Landslide,0.621,2018-11-30 22:40:32,-0.7352,-0.3997,0.3944,1,False Positive
480,227,279,33,4,23.81392,99.87882,2.226,Vegetation Loss,0.797,2018-09-11 22:10:22,0.2659,-0.4852,0.4417,1,False Positive
481,1609,723,31,3,28.03119,95.43041,9.137,Erosion,0.668,2024-12-14 12:36:54,0.8355,-0.6078,0.2256,1,Validated
482,229,1941,42,5,21.81356,97.72042,2.664,Construction,0.798,2021-01-02 15:02:33,0.8197,-0.7885,0.3519,1,Unvalidated
483,1090,1022,28,3,28.65286,92.95783,4.64,Vegetation Loss,0.85,2022-09-07 14:55:06,-0.1241,0.2773,0.1594,1,Validated
484,2697,2915,37,4,26.49944,94.63798,3.936,Landslide,0.764,2019-10-07 07:16:53,0.1701,0.4056,0.46,1,Validated
485,1871,2586,28,3,28.91812,92.87696,3.65,No Change,0.526,2023-08-22 15:35:22,0.5843,0.7231,0.0632,0,False Positive
486,2294,936,21,2,24.21394,99.69634,7.735,Construction,0.824,2023-06-13 19:28:07,0.4116,-0.7431,0.1337,1,False Positive
487,609,2093,23,3,27.4763,92.06932,8.095,Landslide,0.585,2020-11-17 17:23:54,0.3478,-0.1463,0.1983,1,Validated
488,2502,2636,30,3,25.21665,92.18612,6.098,Landslide,0.94,2023-06-08 11:32:47,-0.0309,0.4521,0.4218,1,False Positive
489,2029,1957,21,2,24.0911,98.88527,5.019,Erosion,0.75,2024-01-12 22:40:11,0.8331,0.6989,0.2064,1,Validated
490,2957,2928,22,2,23.05091,96.66836,9.254,No Change,0.524,2023-05-23 12:36:38,-0.6103,0.1565,0.1342,0,Validated
491,1002,2706,59,8,25.69866,92.27401,3.794,Flooding,0.884,2021-11-27 00:43:44,0.1886,0.0036,0.2756,1,Validated
492,2048,2737,36,4,25.87232,90.79943,4.989,Erosion,0.632,2023-12-26 20:00:06,-0.8472,-0.1199,0.0252,1,Unvalidated
493,755,2259,1,1,27.22759,90.29485,9.381,Vegetation Loss,0.961,2022-10-05 21:51:59,0.6798,-0.1296,0.0025,1,Unvalidated
494,1553,1353,28,3,28.7071,93.47508,0.365,Debris Flow,0.62,2023-10-23 09:24:04,-0.9894,-0.261,0.4446,1,False Positive
495,1021,2582,38,4,29.6987,98.77814,1.051,No Change,0.68,2024-12-19 05:54:09,-0.3421,-0.8772,0.4827,0,False Positive
496,2722,2044,2,1,24.43786,91.89502,4.792,Erosion,0.631,2020-02-23 21:53:21,-0.7434,0.9822,0.0541,1,False Positive
497,1412,2651,55,7,28.61346,94.44272,6.832,Flooding,0.708,2022-05-15 12:59:40,0.5588,0.8478,0.0111,1,False Positive
498,1236,156,27,3,24.75831,90.51135,4.889,Vegetation Loss,0.735,2024-09-30 14:42:37,0.6174,-0.3613,0.3688,1,Unvalidated
499,289,1158,13,2,25.82461,99.43767,7.777,Flooding,0.809,2018-06-05 01:51:52,-0.3312,0.2316,0.1487,1,Unvalidated
500,1457,757,45,5,28.96289,95.35843,1.771,Erosion,0.779,2019-11-08 04:30:29,0.5543,0.556,0.1526,1,Validated
501,1009,2853,43,5,29.82436,98.11126,6.832,No Change,0.918,2022-02-24 11:14:12,0.515,0.2762,0.4511,0,Unvalidated
502,1043,2965,30,3,25.42414,92.85293,2.279,Vegetation Loss,0.51,2018-06-30 06:42:08,-0.0608,0.1568,0.2112,1,Unvalidated
503,605,2145,23,3,27.44228,91.71172,8.981,Erosion,0.884,2020-02-02 12:23:27,0.3691,-0.2462,0.2309,1,False Positive
504,429,808,40,5,28.46492,97.39698,7.579,Flooding,0.756,2024-03-20 23:14:10,-0.8965,-0.6265,0.3442,1,Validated
505,410,2418,42,5,22.35267,97.46457,8.277,No Change,0.554,2018-09-02 15:18:16,0.7919,0.6606,0.42,0,Unvalidated
506,141,2258,50,6,24.09808,92.10226,9.256,Erosion,0.941,2019-11-15 09:54:07,-0.794,0.6233,0.1206,1,False Positive
507,2446,312,19,2,24.53981,96.78099,6.045,No Change,0.554,2023-01-01 17:56:24,0.402,0.0456,0.3818,0,Validated
508,1776,168,8,1,24.71597,99.10966,8.438,Erosion,0.699,2018-11-13 20:02:48,-0.8982,-0.1371,0.4235,1,Unvalidated
509,2110,2586,23,3,28.03915,91.34457,6.466,No Change,0.807,2019-05-01 11:03:05,0.0679,-0.238,0.3435,0,Unvalidated
510,2730,509,45,5,28.24278,94.9524,4.543,Landslide,0.515,2020-10-22 16:44:42,-0.3657,-0.3616,0.345,1,False Positive
511,1061,1202,14,2,22.77924,92.82853,0.105,Vegetation Loss,0.93,2020-11-24 04:23:42,-0.9038,0.5981,0.3662,1,False Positive
512,2579,2148,27,3,25.23783,90.59536,0.491,Debris Flow,0.864,2023-03-10 01:20:28,-0.6537,0.2999,0.0572,1,Unvalidated
513,493,2899,58,7,27.00989,94.6889,9.217,Debris Flow,0.759,2021-01-23 06:29:48,-0.4334,-0.9793,0.1291,1,Unvalidated
514,819,704,33,4,24.05459,100.15028,4.364,Landslide,0.79,2018-09-11 17:32:00,-0.7341,-0.2782,0.0088,1,Validated
515,1553,1190,28,3,28.7071,93.47508,9.176,Construction,0.86,2019-01-02 08:12:43,-0.9376,0.9822,0.4846,1,Validated
516,1563,637,13,2,26.45906,99.48424,4.315,No Change,0.676,2019-07-10 22:37:25,-0.8675,0.4501,0.3129,0,Validated
517,2741,665,17,2,24.09341,92.97118,8.083,Erosion,0.858,2023-08-02 17:57:40,-0.4173,-0.4635,0.1579,1,Unvalidated
518,822,128,62,8,27.02688,92.0771,2.721,Erosion,0.636,2020-11-19 14:29:07,0.3114,-0.6701,0.0249,1,Validated
519,1931,283,19,2,23.99054,96.41388,8.032,Construction,0.895,2023-08-02 04:30:07,0.754,0.9875,0.2664,1,Validated
520,132,1028,44,5,29.3057,98.44479,4.029,Landslide,0.639,2021-06-07 20:56:59,0.4984,0.7222,0.1801,1,Validated
521,488,430,27,3,24.74951,90.92208,4.043,Erosion,0.934,2022-11-23 07:08:53,-0.7532,-0.7112,0.4032,1,False Positive
522,2651,1412,29,3,26.32998,98.82019,2.838,Landslide,0.923,2018-07-22 10:15:15,0.6206,0.96,0.3932,1,Validated
523,1865,2992,47,6,29.50743,98.99227,3.974,Debris Flow,0.972,2019-10-22 16:17:38,-0.3703,0.7118,0.4361,1,False Positive
524,1305,94,29,3,25.50125,98.45068,9.65,Vegetation Loss,0.536,2022-03-28 18:13:47,0.332,-0.9214,0.3965,1,Unvalidated
525,1714,1106,12,1,26.51216,97.71074,0.434,Flooding,0.61,2020-10-01 06:49:42,-0.0975,-0.5028,0.4415,1,Unvalidated
526,2933,342,51,6,30.07224,90.59946,6.305,Construction,0.738,2022-03-24 02:04:59,0.344,0.3685,0.2896,1,Validated
527,2601,2943,35,4,23.44467,91.1235,1.973,Debris Flow,0.734,2021-04-03 11:04:10,-0.7158,-0.3294,0.3477,1,Validated
528,666,2842,12,1,26.8248,98.4508,2.761,Flooding,0.626,2019-03-24 14:03:18,0.8599,0.6578,0.4464,1,False Positive
529,2678,1048,60,8,24.52044,96.1248,5.895,Erosion,0.561,2024-04-14 23:02:11,0.807,-0.4925,0.0629,1,Unvalidated
530,2593,438,48,6,26.36778,94.62553,9.104,Construction,0.502,2022-11-20 17:25:22,-0.1508,0.0627,0.2169,1,False Positive
531,1553,2062,28,3,28.7071,93.47508,7.863,Flooding,0.643,2024-04-17 09:46:12,0.7415,-0.5266,0.2706,1,Unvalidated
532,2595,1598,26,3,24.09042,90.37668,3.653,Construction,0.92,2019-02-15 23:16:29,0.7332,0.3655,0.0618,1,False Positive
533,1181,1061,15,2,26.76042,98.72516,9.205,Debris Flow,0.629,2020-02-28 03:13:13,0.0197,-0.588,0.2058,1,Validated
534,1417,1166,52,6,28.12783,99.41446,2.693,Vegetation Loss,0.521,2018-07-03 15:37:49,0.1885,-0.3633,0.1732,1,False Positive
535,291,2937,31,3,28.38103,95.4036,1.384,Debris Flow,0.888,2022-12-19 04:18:49,-0.8887,0.4574,0.3953,1,Validated
536,345,201,40,5,27.60693,97.63254,0.293,Landslide,0.585,2018-06-16 09:26:49,-0.3173,0.3216,0.4744,1,Validated
537,817,573,15,2,26.59906,98.81457,0.473,Flooding,0.811,2022-12-15 14:28:17,0.3881,0.9799,0.4337,1,False Positive
538,2883,1767,43,5,29.78405,98.10711,7.547,Debris Flow,0.582,2020-11-20 01:48:09,-0.808,-0.0893,0.1193,1,False Positive
539,635,7,15,2,26.67666,98.83459,4.129,Debris Flow,0.523,2020-09-02 23:02:44,-0.322,0.7654,0.4525,1,False Positive
540,1926,1277,57,7,23.16362,93.58544,0.152,Construction,0.606,2022-02-20 16:48:55,-0.6687,-0.0096,0.3727,1,Validated
541,1759,1999,53,6,27.67983,91.63973,3.104,No Change,0.953,2024-03-28 13:48:05,-0.6744,-0.5566,0.4326,0,Validated
542,561,425,14,2,22.3082,93.13924,7.844,No Change,0.747,2018-06-13 10:22:24,-0.35,0.2604,0.047,0,False Positive
543,2173,96,29,3,25.89255,98.66491,2.073,No Change,0.575,2023-01-19 02:39:29,-0.1252,-0.0335,0.3556,0,Validated
544,204,2978,56,7,29.01113,97.54398,3.971,No Change,0.92,2023-12-15 00:01:14,-0.9316,-0.0172,0.4012,0,Validated
545,1141,2961,60,8,24.94048,96.11345,5.0,Landslide,0.633,2022-08-18 20:05:14,0.461,0.0901,0.3927,1,Unvalidated
546,2294,316,21,2,24.21394,99.69634,6.88,Erosion,0.875,2023-08-30 07:04:42,-0.3354,0.0701,0.4475,1,False Positive
547,1486,1272,58,7,26.97055,94.36196,8.876,No Change,0.635,2018-09-15 01:40:34,0.4263,0.5897,0.2386,0,False Positive
548,2322,2251,56,7,29.68677,97.78892,9.602,Vegetation Loss,0.927,2023-12-20 08:46:02,0.4511,0.4794,0.0395,1,Validated
549,1826,1495,55,7,28.76698,93.86217,8.065,No Change,0.797,2018-04-21 13:29:11,-0.4882,-0.2942,0.2734,0,Unvalidated
550,2325,1964,61,8,26.73593,90.24504,4.168,Debris Flow,0.629,2019-08-27 23:21:15,-0.8553,0.7031,0.2787,1,Unvalidated
551,579,469,14,2,22.76313,92.90763,8.943,Debris Flow,0.833,2021-12-16 06:40:07,-0.5465,0.5286,0.0428,1,Validated
552,2457,1397,46,5,23.1387,97.8806,6.518,Construction,0.761,2021-11-06 00:58:16,-0.5498,-0.4435,0.1858,1,Validated
553,1535,1821,29,3,25.65554,98.65482,8.735,No Change,0.982,2023-06-15 19:07:11,0.4772,-0.7799,0.2317,0,Validated
554,954,1801,60,8,24.32545,95.78786,8.154,Landslide,0.873,2020-08-07 08:16:18,0.3746,-0.1924,0.1445,1,Unvalidated
555,2760,667,48,6,26.64208,95.32358,3.172,Debris Flow,0.51,2018-03-22 12:24:50,0.996,-0.6437,0.1506,1,Unvalidated
556,380,1734,60,8,24.78897,95.61865,5.035,Vegetation Loss,0.816,2023-05-07 16:10:48,0.1071,-0.8672,0.0068,1,Unvalidated
557,2092,877,35,4,22.8241,91.74307,2.61,Flooding,0.844,2018-01-07 09:09:18,-0.5551,0.5888,0.0731,1,False Positive
558,888,2813,18,2,29.19511,98.75947,1.797,Vegetation Loss,0.645,2019-02-25 09:09:56,0.6446,-0.1216,0.22,1,Validated
559,1431,1408,58,7,26.84802,94.03806,6.911,Landslide,0.854,2024-07-16 03:43:22,-0.2143,0.8321,0.0435,1,Unvalidated
560,2405,2058,62,8,27.53958,91.79244,2.346,Erosion,0.558,2024-07-01 01:15:28,-0.6546,0.6159,0.4745,1,False Positive
561,2236,645,15,2,26.52195,98.36947,5.585,Erosion,0.672,2021-09-27 07:12:12,-0.7417,0.9137,0.1488,1,Validated
562,1617,1877,39,4,27.64755,91.58898,2.299,No Change,0.986,2019-01-30 23:01:17,-0.6232,0.2356,0.2074,0,Unvalidated
563,2739,975,5,1,23.5013,94.70472,8.028,Construction,0.81,2019-10-12 23:21:20,-0.5203,0.7736,0.1834,1,Validated
564,948,1061,33,4,23.79407,99.94333,4.616,Construction,0.846,2021-08-11 10:09:47,-0.8407,-0.1394,0.0889,1,Validated
565,2021,530,43,5,29.32076,97.69302,5.806,Erosion,0.517,2019-01-29 17:37:11,0.36,-0.0032,0.4169,1,False Positive
566,2537,1208,15,2,27.35359,98.83406,1.44,Debris Flow,0.85,2022-04-21 04:13:18,-0.4317,-0.1937,0.3788,1,Unvalidated
567,2810,97,33,4,23.41884,99.80921,7.03,Construction,0.809,2019-02-06 17:43:20,0.9703,0.4568,0.2024,1,Unvalidated
568,2772,1935,34,4,26.11473,98.01972,2.11,Debris Flow,0.745,2022-12-25 06:38:06,-0.6879,-0.9667,0.496,1,Validated
569,1893,2809,22,2,22.38027,96.56559,6.194,Erosion,0.925,2022-09-20 16:40:13,-0.548,-0.1205,0.0544,1,Validated
570,958,1809,26,3,23.83887,90.65464,2.685,Flooding,0.528,2019-12-10 09:40:08,-0.9589,-0.3236,0.2977,1,False Positive
571,2174,5,28,3,29.0867,93.19115,4.457,Debris Flow,0.809,2018-05-26 12:57:43,0.8795,0.8067,0.4651,1,False Positive
572,2280,2551,40,5,27.66094,97.9977,1.498,Construction,0.851,2023-07-01 10:37:30,-0.5746,0.2405,0.155,1,Validated
573,1773,2806,30,3,25.39622,92.26255,4.991,Vegetation Loss,0.952,2021-07-18 06:06:19,-0.7402,-0.971,0.3203,1,Validated
574,2561,19,21,2,24.55748,98.94792,1.506,Erosion,0.903,2019-02-04 15:50:42,0.1279,-0.544,0.3372,1,False Positive
575,2869,885,33,4,24.17825,99.98968,3.257,Debris Flow,0.505,2018-08-18 23:48:36,0.8757,0.178,0.3497,1,Validated
576,87,908,50,6,24.26474,92.24418,8.204,No Change,0.674,2018-10-12 19:51:12,-0.5731,-0.6125,0.0175,0,Unvalidated
577,1201,1274,52,6,28.19656,99.2832,5.412,Erosion,0.799,2019-11-30 19:00:50,-0.9201,0.1778,0.1261,1,Unvalidated
578,1770,489,18,2,29.29982,98.77218,8.21,Vegetation Loss,0.636,2022-02-24 16:00:27,-0.267,-0.7485,0.3423,1,Unvalidated
579,1270,800,15,2,27.07599,98.15262,9.643,Erosion,0.675,2022-08-23 05:20:42,-0.3726,-0.8005,0.1486,1,False Positive
580,18,2784,6,1,26.20822,96.83025,8.819,Debris Flow,0.93,2023-07-07 03:23:26,0.8528,0.5103,0.2081,1,Unvalidated
581,1462,983,51,6,29.81305,91.30114,9.533,Vegetation Loss,0.73,2021-05-21 02:20:04,-0.7402,0.0776,0.2472,1,Validated
582,1557,1717,58,7,27.58636,94.10638,4.908,Vegetation Loss,0.994,2023-09-03 15:12:55,-0.3109,0.5884,0.2465,1,Validated
583,382,1912,31,3,27.78545,95.4661,2.401,Vegetation Loss,0.759,2019-09-17 23:03:43,0.8611,-0.6454,0.1213,1,Validated
584,2717,2130,29,3,25.84721,98.37017,0.551,Landslide,0.506,2018-07-20 03:58:14,-0.9723,-0.6753,0.0313,1,Unvalidated
585,1462,2824,51,6,29.81305,91.30114,3.669,Debris Flow,0.552,2024-02-18 10:01:42,0.6364,-0.2005,0.1251,1,Unvalidated
586,238,2063,12,1,27.12686,97.67377,7.166,Debris Flow,0.523,2020-08-31 12:45:05,0.9905,0.1326,0.3011,1,False Positive
587,2777,989,41,5,23.07244,94.31149,2.132,Vegetation Loss,0.532,2022-02-24 04:31:20,0.6817,-0.3615,0.1497,1,Validated
588,2478,1826,59,8,25.52323,92.32732,5.622,Flooding,0.959,2024-07-15 16:55:56,-0.6734,-0.557,0.3922,1,Unvalidated
589,2150,247,43,5,29.70383,97.44532,2.243,No Change,0.644,2020-07-27 23:53:32,0.7157,0.7109,0.1371,0,Validated
590,1018,735,14,2,22.27314,92.92244,7.671,Vegetation Loss,0.72,2019-05-23 01:48:46,0.1067,-0.6964,0.0419,1,Validated
591,2710,1848,61,8,27.03371,90.14204,9.179,No Change,0.91,2023-03-16 13:38:37,-0.3774,0.4288,0.2624,0,Unvalidated
592,86,478,15,2,27.11579,98.43218,2.618,Debris Flow,0.852,2024-03-07 09:25:46,-0.1818,-0.101,0.3216,1,False Positive
593,2703,1717,41,5,23.26368,94.4887,3.801,Construction,0.923,2020-08-15 03:30:59,-0.1306,0.4767,0.2019,1,Validated
594,1174,619,59,8,25.49024,92.68329,3.155,Vegetation Loss,0.519,2024-01-05 16:01:03,0.3033,-0.5364,0.0999,1,False Positive
595,452,2173,40,5,27.76664,97.332,1.376,Flooding,0.596,2020-12-26 08:36:44,0.0918,-0.9216,0.3048,1,Unvalidated
596,1365,1507,30,3,25.78982,92.73364,9.087,Debris Flow,0.654,2020-11-19 12:29:37,0.2014,0.5731,0.4634,1,False Positive
597,1312,868,36,4,24.90784,91.00557,5.555,Landslide,0.831,2021-03-21 18:29:04,-0.0682,-0.379,0.488,1,False Positive
598,1826,856,55,7,28.76698,93.86217,9.639,Debris Flow,0.686,2023-03-01 06:28:57,0.8873,0.4772,0.3172,1,Unvalidated
599,1828,540,52,6,28.52492,99.99556,0.852,Construction,0.984,2019-12-17 04:53:16,0.0091,0.6546,0.2231,1,False Positive
600,480,2352,51,6,29.73528,90.51944,4.768,Landslide,0.972,2023-08-20 21:14:53,0.1651,0.5441,0.3093,1,False Positive
601,1549,2157,55,7,28.64723,93.76755,6.667,Vegetation Loss,0.584,2022-03-01 00:25:04,-0.2017,0.1898,0.4324,1,Validated
602,521,2902,20,2,23.02596,93.35204,6.375,Landslide,0.581,2021-06-17 13:52:46,0.4995,-0.4128,0.3971,1,Validated
603,1711,1111,28,3,29.42384,92.90743,8.883,Debris Flow,0.979,2018-08-17 21:01:40,0.5018,0.571,0.3088,1,Unvalidated
604,2826,564,13,2,26.42451,99.57366,0.91,Vegetation Loss,0.542,2024-10-19 07:05:06,0.1399,0.9945,0.2307,1,False Positive
605,1027,1620,3,1,27.18042,98.92548,4.895,Flooding,0.798,2024-01-09 11:44:09,0.8641,0.5155,0.3338,1,False Positive
606,2757,2989,3,1,27.53654,99.40233,7.173,Construction,0.694,2024-02-06 12:20:54,0.2323,-0.5853,0.349,1,False Positive
607,2687,300,36,4,25.23869,90.86748,5.369,Debris Flow,0.575,2019-09-22 04:56:00,-0.4207,-0.426,0.0922,1,Validated
608,2304,433,25,3,26.42212,97.27222,5.797,Flooding,0.513,2018-05-13 14:46:52,0.2841,-0.1771,0.4387,1,Unvalidated
609,1338,1096,11,1,22.34062,90.86087,4.311,Erosion,0.564,2019-03-16 11:16:47,-0.125,-0.637,0.4791,1,False Positive
610,1280,665,17,2,23.66545,92.92545,1.873,Landslide,0.6,2019-03-20 04:51:55,-0.9227,0.0312,0.1613,1,Unvalidated
611,2681,497,56,7,29.2414,97.11469,1.986,Landslide,0.51,2024-10-28 04:58:30,0.793,0.2411,0.2916,1,Validated
612,460,1692,15,2,26.98931,98.7476,6.483,Erosion,0.704,2021-02-23 20:46:33,0.1854,-0.6724,0.3054,1,Unvalidated
613,2011,918,17,2,23.62641,93.2582,5.378,Flooding,0.741,2021-07-26 18:38:48,-0.1157,-0.2815,0.3568,1,False Positive
614,1948,1883,28,3,29.07268,93.33385,5.095,Construction,0.914,2020-01-22 08:31:38,-0.8479,0.2904,0.0102,1,Unvalidated
615,1295,1247,6,1,26.35773,97.62498,8.75,Construction,0.744,2022-05-25 07:36:07,-0.4389,-0.8485,0.0763,1,Validated
616,376,1139,14,2,22.79215,93.27108,3.048,Debris Flow,0.546,2023-06-10 07:05:13,-0.213,0.8487,0.3498,1,False Positive
617,1341,1967,47,6,29.26651,98.87369,0.347,Landslide,0.772,2019-12-20 11:08:35,0.7824,0.1451,0.4043,1,False Positive
618,2309,1942,54,6,29.79685,91.21996,7.116,Construction,0.858,2024-11-27 11:28:30,0.4778,-0.6836,0.0055,1,Validated
619,264,2803,38,4,29.62548,98.2867,8.939,Landslide,0.818,2018-08-19 21:58:07,0.562,0.6306,0.4623,1,Validated
620,2059,411,15,2,26.75912,99.11467,2.61,Flooding,0.529,2023-06-09 23:41:04,-0.8556,0.7252,0.3806,1,False Positive
621,433,1895,15,2,27.27495,98.80234,9.105,Erosion,0.986,2018-10-11 13:44:14,-0.4269,0.8167,0.2287,1,Unvalidated
622,2216,2249,54,6,29.40304,91.3202,4.883,Flooding,0.731,2022-06-12 15:14:12,0.2025,0.0916,0.0504,1,Unvalidated
623,1499,895,11,1,23.13057,90.6793,0.596,Construction,0.857,2019-08-29 20:01:59,-0.3019,-0.4539,0.2793,1,False Positive
624,2240,63,40,5,28.46526,97.35442,7.316,Erosion,0.728,2021-07-22 15:25:58,0.0536,0.5112,0.1256,1,Validated
625,1773,700,30,3,25.39622,92.26255,0.088,Erosion,0.6,2023-09-10 20:02:47,-0.8675,-0.7212,0.0505,1,Unvalidated
626,479,380,35,4,23.36534,91.2109,4.692,No Change,0.896,2021-12-22 03:48:51,-0.4288,0.95,0.1603,0,Validated
627,996,1109,42,5,21.53179,97.64054,6.383,No Change,0.907,2018-09-04 02:15:25,0.5272,0.8227,0.3657,0,Unvalidated
628,658,2179,29,3,25.56551,98.61434,2.991,Debris Flow,0.901,2023-01-12 04:41:27,0.9066,0.2579,0.0378,1,Validated
629,2293,2850,39,4,27.66072,90.67428,4.225,No Change,0.529,2019-05-07 12:24:39,0.2118,-0.8663,0.1204,0,Validated
630,2291,851,11,1,22.48287,90.69577,1.035,Landslide,0.516,2019-10-11 06:33:40,-0.0655,0.2237,0.2754,1,False Positive
631,1532,2870,47,6,29.4164,99.57699,8.979,Flooding,0.797,2021-04-08 20:48:07,0.9691,0.2095,0.0571,1,Validated
632,1160,953,22,2,22.40957,96.41001,5.081,Vegetation Loss,0.671,2018-11-19 00:01:09,-0.5196,0.5429,0.1411,1,Validated
633,815,1727,11,1,22.56174,90.97034,4.35,Debris Flow,0.963,2023-07-10 12:43:13,-0.7906,-0.1849,0.3772,1,False Positive
634,2836,882,60,8,24.71163,95.8327,1.407,Erosion,0.882,2018-12-28 08:17:39,-0.3482,0.6364,0.1444,1,False Positive
635,1352,2390,39,4,27.8697,91.43756,5.097,Debris Flow,0.605,2018-01-11 03:14:20,0.1892,-0.5232,0.3794,1,Validated
636,651,2045,34,4,26.26714,97.87022,4.842,No Change,0.681,2020-10-30 11:40:28,0.3243,-0.438,0.2583,0,Validated
637,1839,331,48,6,26.72977,95.24975,2.888,Landslide,0.955,2023-02-03 16:33:39,0.1384,0.4545,0.3543,1,False Positive
638,1563,1110,13,2,26.45906,99.48424,9.413,No Change,0.744,2023-11-23 13:48:21,0.2155,0.0926,0.019,0,Validated
639,8,399,20,2,22.87109,93.857,1.217,Landslide,0.624,2024-11-11 21:01:08,0.148,-0.1479,0.3747,1,Validated
640,1284,340,58,7,27.36865,94.09468,3.11,Vegetation Loss,0.689,2018-10-12 19:51:12,0.9206,0.5047,0.0003,1,False Positive
641,2357,1917,49,6,29.50731,98.56644,2.79,Construction,0.798,2018-12-08 06:10:44,0.8403,-0.0304,0.1411,1,Unvalidated
642,999,1274,22,2,22.35634,96.76815,5.455,Erosion,0.603,2024-11-18 02:02:50,0.4582,0.6137,0.4686,1,Unvalidated
643,1833,1898,28,3,29.23423,92.73003,3.48,No Change,0.984,2019-03-07 02:29:12,0.8089,-0.8316,0.1736,0,Unvalidated
644,2514,1918,35,4,23.55482,91.90609,4.712,Erosion,0.531,2018-12-04 21:33:59,0.9057,0.4693,0.0067,1,False Positive
645,706,1105,34,4,25.68203,97.48363,9.763,Landslide,0.745,2018-01-07 16:05:53,0.3255,0.5598,0.4932,1,Unvalidated
646,2896,2505,7,1,25.93039,91.9051,5.545,Debris Flow,0.603,2021-09-14 03:15:09,0.8147,-0.3211,0.0581,1,Unvalidated
647,2571,131,40,5,28.40452,97.7704,8.984,Debris Flow,0.504,2018-04-12 01:56:49,0.7008,0.4187,0.0723,1,Unvalidated
648,2502,470,30,3,25.21665,92.18612,2.218,Landslide,0.984,2022-01-05 09:42:43,0.0684,0.725,0.069,1,False Positive
649,1485,384,25,3,26.75617,96.68986,3.519,Debris Flow,0.951,2024-11-04 08:14:25,0.5191,-0.475,0.2088,1,False Positive
650,1179,1818,1,1,27.60731,90.54547,9.93,Vegetation Loss,0.887,2020-08-13 09:09:50,0.3132,-0.6554,0.4475,1,Unvalidated
651,1824,1777,23,3,28.04116,91.21509,1.4,Landslide,0.691,2022-10-04 23:40:50,-0.9595,0.5139,0.2729,1,False Positive
652,1945,784,50,6,24.187,92.71586,9.428,Debris Flow,0.795,2021-09-15 17:09:51,0.0419,-0.339,0.1663,1,False Positive
653,2798,78,30,3,26.15781,92.1901,3.752,Erosion,0.808,2023-07-14 06:51:36,0.499,0.4583,0.3657,1,Validated
654,1591,895,38,4,29.64754,98.95213,4.056,Landslide,0.539,2018-05-26 17:00:56,0.0538,-0.3738,0.4374,1,Unvalidated
655,1046,1148,5,1,23.4581,95.1572,7.641,Flooding,0.771,2019-04-27 06:48:07,0.6397,-0.2325,0.1031,1,False Positive
656,2585,2267,10,1,23.38524,97.34429,1.815,Debris Flow,0.796,2019-12-20 05:02:00,-0.451,-0.4888,0.4091,1,Validated
657,474,2515,35,4,22.88827,91.13089,0.296,Construction,0.613,2023-08-06 09:53:07,0.7074,-0.6022,0.1158,1,Unvalidated
658,1853,1150,27,3,24.71706,90.56456,1.726,Landslide,0.644,2024-07-21 19:50:41,0.7507,-0.4715,0.1322,1,Validated
659,2373,158,41,5,23.32861,94.60026,0.208,Vegetation Loss,0.722,2020-12-22 01:42:21,-0.7887,-0.7723,0.3794,1,Unvalidated
660,678,2242,40,5,28.09825,97.99449,8.267,No Change,0.908,2019-10-09 14:56:17,0.4956,-0.0042,0.4183,0,False Positive
661,1995,1397,55,7,29.16102,94.17034,9.921,Debris Flow,0.512,2018-07-05 18:53:46,0.4287,-0.7582,0.3754,1,Validated
662,599,2674,54,6,30.03048,91.35818,3.705,Debris Flow,0.803,2023-01-16 18:25:54,-0.7698,0.8624,0.4203,1,False Positive
663,184,1989,33,4,23.87231,100.35535,9.809,Construction,0.536,2019-11-08 04:15:12,0.7275,-0.5762,0.0088,1,Unvalidated
664,16,1265,7,1,26.54923,92.21149,5.241,Construction,0.806,2023-03-23 13:01:13,0.2019,-0.7022,0.4464,1,False Positive
665,2712,2460,59,8,25.92873,92.44421,7.62,Erosion,0.894,2019-02-28 16:25:22,0.6271,-0.7276,0.0863,1,False Positive
666,37,2648,18,2,28.42948,98.98749,2.866,Construction,0.605,2020-09-13 02:59:21,-0.2783,-0.7511,0.2489,1,False Positive
667,121,2135,5,1,23.7845,95.14353,0.209,Debris Flow,0.552,2024-04-04 17:41:22,0.4561,-0.1357,0.1567,1,Unvalidated
668,3,860,60,8,24.35606,96.11259,2.988,Landslide,0.937,2020-09-20 04:38:36,0.9447,0.8762,0.0915,1,Unvalidated
669,1427,801,6,1,26.25973,97.59557,6.255,Erosion,0.655,2024-07-04 06:44:12,-0.9132,-0.0962,0.1079,1,Validated
670,1890,586,23,3,27.52323,91.9495,6.761,No Change,0.68,2018-08-31 12:37:18,-0.987,0.1543,0.328,0,False Positive
671,2189,1279,45,5,28.54876,95.33217,1.839,Vegetation Loss,0.755,2021-08-30 00:49:25,-0.3978,0.8585,0.3894,1,Unvalidated
672,551,2868,57,7,23.20684,93.47467,7.535,No Change,0.564,2020-08-07 22:41:03,-0.7687,-0.9659,0.379,0,Validated
673,486,2573,44,5,29.7662,99.01452,6.618,Vegetation Loss,0.643,2024-06-22 18:30:51,-0.6311,0.9361,0.0722,1,False Positive
674,1953,1882,9,1,27.11512,93.01801,1.589,Vegetation Loss,0.854,2022-07-29 12:01:10,0.4492,0.3389,0.4173,1,False Positive
675,478,2278,55,7,28.9849,93.7873,8.882,No Change,0.921,2024-05-27 23:06:12,-0.4659,0.7626,0.1936,0,False Positive
676,1719,594,59,8,25.87734,92.3902,4.196,No Change,0.617,2023-04-09 11:38:26,-0.7966,-0.6197,0.354,0,Validated
677,1134,1530,54,6,29.88006,92.00466,5.615,No Change,0.939,2019-08-13 16:29:00,0.005,-0.4876,0.0721,0,Validated
678,512,839,38,4,29.28293,98.11708,5.301,Construction,0.982,2024-11-07 22:12:01,-0.7313,-0.6558,0.4558,1,Unvalidated
679,2462,2563,31,3,28.07033,95.03967,8.149,Erosion,0.624,2022-12-24 02:10:00,0.3556,-0.4133,0.0764,1,Validated
680,51,1491,29,3,25.52799,99.07113,0.091,No Change,0.721,2022-06-20 13:25:35,-0.8427,0.1093,0.2328,0,Validated
681,1638,573,62,8,27.52571,92.22644,0.02,Vegetation Loss,0.852,2018-11-18 02:51:42,0.0833,0.3677,0.2877,1,Unvalidated
682,1119,1099,33,4,23.47979,99.91973,6.443,Debris Flow,0.948,2020-06-06 12:59:44,0.954,0.7968,0.0378,1,False Positive
683,46,53,49,6,29.79245,98.66856,1.803,Erosion,0.827,2024-08-08 15:01:51,-0.6171,0.4913,0.0417,1,Unvalidated
684,178,1259,38,4,30.22659,98.46802,8.247,Construction,0.601,2022-10-23 09:43:16,0.4439,0.4257,0.1569,1,Unvalidated
685,1831,1859,8,1,24.39053,98.62576,5.357,No Change,0.55,2020-07-15 05:49:26,0.2151,-0.0615,0.1428,0,Unvalidated
686,957,34,10,1,23.43017,97.94197,6.941,Erosion,0.76,2021-12-10 09:57:21,-0.0878,0.0333,0.1715,1,Validated
687,841,1767,23,3,27.74411,91.91486,8.793,Vegetation Loss,0.952,2023-05-24 02:15:51,0.8832,-0.6274,0.4835,1,Validated
688,145,2372,28,3,28.51848,93.56893,3.619,Flooding,0.551,2024-01-06 06:36:36,0.2171,0.0801,0.1325,1,Unvalidated
689,1552,982,25,3,26.82961,97.11541,2.827,Erosion,0.721,2022-02-13 19:23:02,0.5056,-0.0966,0.2381,1,Unvalidated
690,2914,2531,33,4,24.08678,99.93102,9.013,Vegetation Loss,0.8,2021-11-19 19:33:07,0.397,-0.3608,0.3276,1,False Positive
691,2084,14,41,5,22.55415,93.98445,6.855,Debris Flow,0.578,2021-09-26 07:52:44,-0.8703,-0.9661,0.0416,1,Validated
692,629,2955,50,6,24.14272,92.13908,2.421,Debris Flow,0.501,2024-09-01 07:04:44,0.9714,0.0851,0.1451,1,False Positive
693,1750,2019,1,1,27.42409,90.34506,4.734,Debris Flow,0.853,2018-02-08 05:28:12,-0.275,-0.2863,0.0801,1,Unvalidated
694,284,2946,58,7,26.84021,94.27735,0.452,Erosion,0.981,2020-01-25 09:56:02,0.5104,-0.5796,0.3348,1,Validated
695,2530,1376,55,7,28.87759,94.17745,6.498,Vegetation Loss,0.959,2018-02-12 01:16:44,-0.5296,-0.6838,0.3898,1,Unvalidated
696,322,1989,21,2,24.38984,99.40479,2.104,Vegetation Loss,0.53,2023-08-07 18:18:41,-0.4498,-0.5899,0.437,1,Unvalidated
697,564,2667,27,3,25.56692,90.54351,4.754,No Change,0.934,2019-03-10 04:32:29,-0.0317,0.732,0.1156,0,False Positive
698,944,843,7,1,26.4975,92.11292,7.43,Construction,0.901,2021-07-06 21:09:00,0.2298,-0.5405,0.486,1,False Positive
699,2496,1016,43,5,30.13192,97.38177,0.984,No Change,0.768,2020-09-05 19:53:20,0.2131,0.1529,0.215,0,False Positive
700,2659,2273,5,1,23.88086,94.56312,2.299,Construction,0.983,2023-02-27 11:57:22,0.5061,0.514,0.4711,1,False Positive
701,1414,1706,26,3,23.39046,89.9804,5.68,Landslide,0.894,2024-10-25 23:36:28,0.13,-0.9275,0.0502,1,False Positive
702,1816,1653,16,2,23.56029,90.7519,5.855,Erosion,0.905,2020-11-15 17:14:22,-0.1679,0.7912,0.4779,1,Validated
703,2791,242,58,7,27.14395,94.62867,1.964,No Change,0.919,2020-02-11 18:08:19,-0.0911,-0.2166,0.2779,0,Validated
704,2119,1390,34,4,26.35008,97.1776,9.814,Vegetation Loss,0.695,2018-06-08 16:39:36,0.3575,-0.9012,0.1797,1,False Positive
705,2404,2408,17,2,23.57317,93.17028,6.974,Debris Flow,0.909,2019-01-01 08:34:01,0.6054,-0.2062,0.3916,1,Unvalidated
706,2661,1750,11,1,22.41736,90.46799,6.707,Debris Flow,0.746,2024-12-16 03:03:47,-0.2117,0.3642,0.2978,1,Validated
707,1687,2333,5,1,24.09128,95.04468,7.251,Vegetation Loss,0.612,2021-02-07 06:11:24,0.9679,0.9458,0.0323,1,False Positive
708,1839,2668,48,6,26.72977,95.24975,2.386,Landslide,0.524,2021-08-29 09:05:05,0.5625,-0.7731,0.0875,1,False Positive
709,100,1926,31,3,27.53253,95.07464,8.837,Debris Flow,0.868,2019-04-12 17:55:59,0.2529,-0.2405,0.1705,1,Validated
710,2737,2346,48,6,26.48537,95.27645,1.53,Vegetation Loss,0.812,2020-08-07 11:15:43,0.9989,0.1543,0.1782,1,Validated
711,2568,2954,14,2,22.7206,93.38815,2.692,Vegetation Loss,0.523,2024-03-27 01:15:51,0.5947,-0.5461,0.0906,1,Unvalidated
712,2692,2864,49,6,29.65324,98.54653,6.022,Vegetation Loss,0.793,2021-04-11 20:15:48,-0.4201,0.2784,0.3918,1,False Positive
713,960,1156,30,3,26.04479,93.12356,9.77,Construction,0.971,2021-05-16 10:00:35,-0.7693,-0.7912,0.2285,1,Validated
714,2463,338,32,3,25.18284,95.68278,9.382,Erosion,0.701,2022-05-05 12:30:09,-0.4507,-0.3725,0.4949,1,Validated
715,233,71,49,6,29.66741,98.72424,6.179,No Change,0.873,2019-08-26 03:17:42,0.07,0.2357,0.3019,0,Unvalidated
716,2824,2994,31,3,28.4526,95.83076,4.065,Erosion,0.933,2022-05-03 10:27:38,0.404,0.193,0.4251,1,Unvalidated
717,2133,1979,49,6,29.61728,98.54783,7.694,Landslide,0.615,2020-09-11 23:29:03,0.3713,-0.6891,0.445,1,Validated
718,2307,2830,4,1,27.05217,89.82193,6.588,Construction,0.781,2021-01-21 11:01:57,0.7749,0.8627,0.4864,1,Unvalidated
719,2835,2497,59,8,26.04365,92.29503,4.636,Flooding,0.669,2019-12-14 19:27:59,0.3817,-0.8473,0.4469,1,Unvalidated
720,1489,900,40,5,28.3557,97.78051,2.487,Debris Flow,0.602,2021-02-16 19:16:58,-0.0456,0.1768,0.3543,1,Validated
721,85,2976,61,8,26.94633,90.51807,0.264,No Change,0.906,2020-06-12 18:35:23,-0.6341,0.4275,0.4315,0,False Positive
722,1182,1936,21,2,24.35824,99.4544,8.389,Flooding,0.978,2019-08-31 14:08:53,0.2836,0.0677,0.1687,1,Unvalidated
723,2780,2196,11,1,22.46697,91.33322,8.634,Vegetation Loss,0.894,2018-04-17 01:35:16,-0.9314,-0.746,0.1343,1,False Positive
724,683,961,5,1,23.39892,95.53935,5.73,Flooding,0.752,2020-01-04 02:30:39,0.948,-0.6964,0.2231,1,Unvalidated
725,674,2899,11,1,22.3661,91.34052,5.478,Construction,0.872,2024-09-21 14:40:49,0.6428,-0.6993,0.1845,1,False Positive
726,2967,530,23,3,27.97995,91.71193,4.13,Vegetation Loss,0.869,2022-09-19 22:51:44,-0.2637,0.6248,0.0268,1,Validated
727,2525,970,13,2,25.93755,99.57575,5.327,Construction,0.863,2023-10-05 13:43:20,0.0648,0.5054,0.0208,1,False Positive
728,1654,1100,29,3,26.06454,99.22037,0.628,No Change,0.521,2023-02-23 09:14:05,-0.498,-0.7931,0.4009,0,Unvalidated
729,1430,1865,20,2,23.19309,93.75441,7.668,Landslide,0.81,2019-08-10 05:42:23,0.4576,0.6201,0.2499,1,Validated
730,818,1596,47,6,29.87305,99.45365,9.042,Debris Flow,0.853,2020-10-16 18:26:22,-0.4816,0.4706,0.2923,1,False Positive
731,650,2701,21,2,23.75132,98.89855,5.181,Construction,0.52,2018-02-05 22:32:26,-0.7902,-0.3776,0.0547,1,Unvalidated
732,1633,275,62,8,26.96591,92.75145,4.834,No Change,0.516,2024-03-30 20:12:24,0.686,-0.8962,0.3777,0,Validated
733,2282,915,12,1,27.06671,98.28765,7.993,Vegetation Loss,0.536,2020-07-24 09:29:19,-0.7675,0.2708,0.2424,1,False Positive
734,1470,2082,47,6,29.19736,98.92592,4.668,Construction,0.655,2021-12-15 21:23:29,0.5672,0.9956,0.2542,1,False Positive
735,413,337,16,2,23.70192,91.0767,8.485,Construction,0.525,2023-09-15 16:58:56,0.4628,-0.7682,0.426,1,Unvalidated
736,1006,2862,39,4,27.64316,90.9801,1.934,Vegetation Loss,0.501,2024-04-03 22:56:07,0.1047,0.7984,0.0909,1,Validated
737,2901,2368,1,1,27.296,90.4365,4.8,Landslide,0.932,2024-05-27 05:25:31,-0.5585,0.1279,0.0042,1,False Positive
738,2908,2186,35,4,22.83522,91.95761,5.811,Landslide,0.924,2021-08-23 15:17:15,0.425,0.0683,0.2752,1,False Positive
739,1556,227,42,5,22.49355,97.64344,2.87,Debris Flow,0.924,2020-11-12 13:10:13,0.7216,-0.9148,0.1754,1,False Positive
740,2058,618,46,5,23.35908,98.11897,9.783,Construction,0.845,2018-06-05 05:24:27,0.8086,-0.4394,0.1606,1,Unvalidated
741,1869,635,60,8,24.89039,96.38019,9.253,Construction,0.802,2018-03-18 12:18:00,-0.5716,0.1934,0.054,1,Validated
742,236,141,32,3,25.71318,95.53748,1.284,Debris Flow,0.7,2022-02-01 09:38:55,-0.1606,0.1371,0.4929,1,Unvalidated
743,2024,975,37,4,26.82319,95.07105,3.837,No Change,0.758,2021-12-08 16:32:26,-0.0654,0.5584,0.2186,0,Validated
744,855,824,19,2,24.70569,96.4233,0.941,Erosion,0.848,2020-07-16 06:45:23,0.5466,-0.0305,0.1378,1,False Positive
745,2346,867,15,2,26.50783,98.52516,1.583,Erosion,0.961,2023-01-05 19:54:37,-0.0084,-0.8141,0.3548,1,Validated
746,1368,2131,60,8,24.84552,96.36911,0.893,Erosion,0.548,2020-02-18 04:42:22,-0.3771,0.7598,0.491,1,Unvalidated
747,1281,417,59,8,25.26532,92.88446,3.767,Debris Flow,0.818,2019-06-10 01:46:25,0.2837,-0.0442,0.3687,1,Validated
748,2628,1170,41,5,23.16035,94.30471,2.052,No Change,0.652,2023-08-24 19:15:37,-0.2605,-0.0118,0.2264,0,Unvalidated
749,1695,2598,40,5,27.51959,97.59806,2.664,Debris Flow,0.59,2019-08-04 11:45:33,-0.8499,-0.1684,0.0602,1,False Positive
750,2881,608,39,4,27.15972,90.89208,9.811,No Change,0.605,2023-05-16 02:02:05,0.9395,0.0035,0.2183,0,False Positive
751,2573,186,32,3,25.29245,95.43176,1.906,Debris Flow,0.526,2021-02-06 08:54:38,-0.3342,0.5968,0.4467,1,Validated
752,799,1021,54,6,29.44877,91.32798,1.117,Landslide,0.896,2023-12-08 02:38:22,0.7111,0.1422,0.1365,1,False Positive
753,2455,2,52,6,28.03845,99.85205,1.735,Construction,0.998,2023-04-25 21:39:35,-0.2661,-0.6994,0.3013,1,Validated
754,1611,2295,13,2,25.85892,99.99612,7.421,Construction,0.862,2019-09-01 04:05:02,-0.1101,-0.2473,0.2028,1,Validated
755,1917,23,43,5,29.63291,98.07033,6.211,Debris Flow,0.832,2022-04-03 01:57:47,0.2415,-0.1223,0.4247,1,Unvalidated
756,187,2403,7,1,26.10545,92.07878,1.999,Flooding,0.886,2023-04-23 10:32:13,-0.8987,0.6551,0.3906,1,False Positive
757,187,2475,7,1,26.10545,92.07878,5.677,Construction,0.907,2024-12-05 22:56:40,0.7022,0.5558,0.0132,1,Unvalidated
758,2231,982,61,8,26.27669,89.647,3.047,Landslide,0.54,2018-08-27 00:44:49,0.1121,0.6077,0.348,1,Unvalidated
759,1390,1484,24,3,24.35868,99.2195,2.38,Flooding,0.761,2018-08-22 08:51:35,-0.2066,-0.0769,0.2617,1,False Positive
760,286,1084,26,3,23.69462,90.2693,5.623,Landslide,0.664,2018-06-04 21:53:03,-0.2924,-0.1246,0.0071,1,False Positive
761,440,674,59,8,25.161,92.76842,5.318,Debris Flow,0.869,2024-04-30 13:28:12,-0.8823,-0.3018,0.054,1,False Positive
762,1559,680,37,4,27.20685,94.9141,2.364,Erosion,0.642,2020-06-05 22:42:12,-0.2701,0.5221,0.0988,1,Unvalidated
763,1111,686,41,5,22.51919,94.06163,1.927,No Change,0.714,2019-09-10 01:10:53,0.7302,-0.7511,0.1452,0,Unvalidated
764,890,482,45,5,28.77811,95.2089,6.831,Flooding,0.554,2024-07-28 23:40:44,0.1126,-0.0832,0.2739,1,Unvalidated
765,1131,1458,52,6,28.64858,100.14659,0.686,Landslide,0.507,2024-11-14 18:35:53,0.3228,0.05,0.222,1,Validated
766,2340,1321,3,1,27.44322,99.41946,6.601,Erosion,0.579,2018-05-10 01:02:56,0.9342,0.2867,0.4342,1,Validated
767,843,2603,52,6,28.22312,99.39615,4.066,Debris Flow,0.825,2019-10-14 16:24:43,-0.5865,-0.1914,0.3142,1,False Positive
768,1626,1177,54,6,29.82838,91.30974,2.973,Construction,0.726,2023-02-16 09:40:30,0.8729,0.2825,0.3843,1,False Positive
769,431,2066,33,4,23.41065,100.23723,0.788,Flooding,0.667,2024-02-08 15:54:59,-0.04,0.637,0.113,1,Validated
770,1578,2319,23,3,27.51408,91.27029,7.134,Landslide,0.689,2020-07-16 09:17:06,0.1562,0.3785,0.2072,1,Validated
771,385,2273,25,3,26.20844,96.37627,3.608,No Change,0.794,2019-10-07 17:04:30,0.8372,0.7219,0.4551,0,Unvalidated
772,747,2838,57,7,23.36669,93.26179,7.402,Vegetation Loss,0.906,2022-07-24 08:41:28,-0.2536,-0.0334,0.479,1,False Positive
773,1292,2211,26,3,23.71365,90.57546,0.431,Debris Flow,0.693,2022-01-19 22:53:09,-0.4534,0.6876,0.1542,1,Unvalidated
774,1002,2422,59,8,25.69866,92.27401,8.825,Vegetation Loss,0.703,2018-09-17 07:39:19,-0.9567,-0.7451,0.0358,1,Validated
775,1664,2684,32,3,25.25158,95.61554,8.43,Construction,0.56,2024-09-15 13:56:03,0.1014,-0.2504,0.4637,1,Validated
776,1809,1516,4,1,26.47961,90.15651,3.649,Construction,0.998,2020-12-14 19:59:30,-0.0167,-0.2942,0.4974,1,Validated
777,935,121,26,3,23.9063,90.01323,4.388,Construction,0.965,2024-02-23 13:02:12,0.98,0.3315,0.4491,1,False Positive
778,1453,1609,16,2,23.71803,90.5528,0.706,Vegetation Loss,0.847,2023-09-10 12:27:37,-0.7819,-0.1321,0.4495,1,Validated
779,2847,1370,22,2,22.651,95.89996,6.621,Landslide,0.994,2022-01-05 18:39:43,0.6672,-0.3826,0.0116,1,False Positive
780,1824,1389,23,3,28.04116,91.21509,2.942,Landslide,0.865,2020-04-06 19:34:47,-0.5053,-0.9427,0.104,1,Validated
781,30,832,21,2,23.86485,99.4408,2.428,Erosion,0.906,2023-04-13 14:34:36,-0.4603,-0.8554,0.3642,1,Unvalidated
782,1651,1306,56,7,29.79654,97.44244,2.489,No Change,0.938,2020-03-29 14:09:39,-0.6107,-0.5994,0.2214,0,Validated
783,2931,2682,39,4,27.20212,91.12217,6.566,Erosion,0.61,2024-06-12 21:34:57,-0.3566,-0.5672,0.475,1,False Positive
784,1835,2492,61,8,26.32533,90.32875,6.37,Construction,0.863,2024-08-11 07:46:54,-0.0169,-0.9562,0.3606,1,False Positive
785,2357,186,49,6,29.50731,98.56644,6.459,Flooding,0.965,2023-03-30 20:33:12,-0.4292,-0.1481,0.2363,1,False Positive
786,299,2826,42,5,22.48952,97.24902,3.297,Landslide,0.982,2019-02-28 23:18:07,-0.8182,-0.4179,0.1641,1,Unvalidated
787,527,1277,36,4,25.0033,90.95118,6.669,No Change,0.671,2019-03-15 01:08:54,0.0053,-0.4685,0.4632,0,False Positive
788,2025,528,42,5,22.24736,96.92448,5.073,Debris Flow,0.681,2019-11-27 21:16:17,-0.2813,-0.9236,0.2801,1,False Positive
789,926,948,1,1,27.1926,89.87332,0.246,Flooding,0.958,2018-04-07 20:19:12,0.0802,0.9167,0.2924,1,False Positive
790,2731,496,54,6,29.20161,91.68074,5.637,Flooding,0.665,2020-04-24 23:35:33,-0.7665,0.9059,0.1005,1,Validated
791,1196,551,38,4,29.70712,98.54747,0.256,Vegetation Loss,0.925,2022-08-25 18:41:22,0.5543,-0.9038,0.1375,1,Validated
792,73,2596,55,7,28.88097,94.47742,3.871,Debris Flow,0.512,2018-02-26 04:13:28,0.9141,-0.3657,0.36,1,Unvalidated
793,1065,1167,56,7,29.10113,97.32918,7.449,Vegetation Loss,0.545,2023-03-22 07:26:06,0.4852,-0.058,0.1753,1,Validated
794,659,15,59,8,25.87398,92.417,4.791,Debris Flow,0.976,2023-10-19 14:41:13,-0.0676,0.4736,0.1562,1,False Positive
795,811,2737,8,1,24.31543,98.80115,3.791,Construction,0.938,2020-12-13 04:32:23,0.9221,0.484,0.2562,1,False Positive
796,2696,221,26,3,23.94413,90.03466,1.236,Construction,0.639,2021-03-04 02:21:50,-0.277,-0.2062,0.1888,1,Validated
797,281,1283,53,6,28.10796,91.08741,8.201,Debris Flow,0.806,2021-03-24 02:12:44,0.5894,-0.5293,0.094,1,False Positive
798,2111,411,20,2,23.07497,93.24169,0.351,No Change,0.999,2022-08-23 14:29:25,0.6214,0.3739,0.2893,0,False Positive
799,444,136,5,1,23.67435,94.68358,9.117,Flooding,0.723,2024-12-18 10:47:58,-0.677,0.7547,0.0869,1,False Positive
800,1703,867,23,3,27.89123,91.54933,9.219,No Change,0.604,2022-03-06 19:05:08,0.298,0.4738,0.0151,0,Validated
801,1834,36,58,7,27.1846,94.27143,2.677,No Change,0.586,2018-05-04 04:57:26,0.8213,0.6985,0.0129,0,Unvalidated
802,2186,1318,10,1,23.67846,97.89032,1.48,Debris Flow,0.703,2020-08-06 18:47:30,-0.9097,0.8014,0.37,1,Validated
803,387,1879,42,5,21.97115,97.22969,0.304,Construction,0.995,2018-02-09 22:02:02,-0.5747,-0.4406,0.1656,1,False Positive
804,85,929,61,8,26.94633,90.51807,0.834,Debris Flow,0.731,2022-03-22 08:57:49,-0.8109,0.8388,0.1857,1,Unvalidated
805,1141,441,60,8,24.94048,96.11345,9.943,No Change,0.783,2018-04-13 08:21:30,0.3839,-0.5301,0.4823,0,Unvalidated
806,1489,978,40,5,28.3557,97.78051,4.26,Flooding,0.538,2021-05-18 13:58:18,-0.0391,-0.8527,0.0736,1,False Positive
807,2050,116,31,3,27.79586,94.9741,4.578,Vegetation Loss,0.86,2019-10-15 19:24:15,0.478,-0.7345,0.1751,1,Unvalidated
808,1498,503,18,2,28.73991,98.41296,7.298,Construction,0.807,2021-07-25 07:30:55,-0.8108,-0.1398,0.4447,1,False Positive
809,742,653,7,1,26.81874,92.34597,2.724,Construction,0.892,2018-07-26 23:53:54,0.8449,-0.6595,0.4354,1,Unvalidated
810,1897,1529,22,2,22.75703,96.28343,0.578,No Change,0.611,2021-08-07 20:26:58,0.7341,0.8854,0.4058,0,Unvalidated
811,691,1655,22,2,22.84493,96.12981,0.296,Vegetation Loss,0.62,2022-09-23 16:44:22,-0.5739,0.2571,0.1517,1,Unvalidated
812,1532,370,47,6,29.4164,99.57699,7.94,Landslide,0.89,2024-10-23 16:06:27,0.0519,-0.6505,0.0774,1,False Positive
813,470,2878,33,4,24.03188,100.08236,1.753,Landslide,0.923,2020-06-05 10:38:02,-0.9864,0.871,0.112,1,Validated
814,1539,346,6,1,25.99626,97.4721,4.552,Debris Flow,0.724,2024-09-30 04:28:19,-0.5187,-0.0981,0.3451,1,Validated
815,378,2651,55,7,29.07994,94.4034,2.24,Vegetation Loss,0.643,2024-10-05 21:14:03,0.7533,-0.5805,0.0258,1,False Positive
816,2899,2938,54,6,29.88171,91.57259,1.632,Landslide,0.708,2018-05-07 13:45:05,-0.6014,-0.7766,0.4013,1,Unvalidated
817,2591,2017,10,1,23.42032,97.40941,2.413,Flooding,0.722,2024-05-10 12:39:04,0.808,-0.6122,0.0869,1,Unvalidated
818,2234,636,3,1,27.64064,99.04393,8.244,Landslide,0.909,2024-09-22 19:12:30,-0.7788,-0.6879,0.1007,1,False Positive
819,30,2167,21,2,23.86485,99.4408,6.269,Flooding,0.988,2021-11-29 08:08:38,-0.8349,0.5978,0.241,1,Unvalidated
820,241,2046,37,4,27.08831,94.6391,2.792,Flooding,0.859,2020-05-05 14:27:33,0.758,0.2896,0.0459,1,Validated
821,2203,2695,47,6,29.75542,99.23416,7.761,Flooding,0.771,2018-05-23 17:39:17,0.5618,0.7665,0.264,1,Validated
822,1998,2032,24,3,24.24531,99.56906,9.321,Erosion,0.542,2018-09-13 15:45:21,0.3218,0.5966,0.1145,1,False Positive
823,17,2763,9,1,27.76745,93.78308,5.177,Construction,0.938,2021-02-13 09:27:24,-0.2449,0.9558,0.3132,1,Unvalidated
824,2681,1676,56,7,29.2414,97.11469,7.636,Construction,0.731,2022-09-11 00:28:01,0.7338,0.1234,0.3598,1,False Positive
825,1555,1474,41,5,22.66071,94.10772,9.79,Vegetation Loss,0.553,2018-10-12 15:17:52,-0.9986,0.114,0.3332,1,Unvalidated
826,843,1047,52,6,28.22312,99.39615,9.192,Erosion,0.866,2020-10-12 12:20:32,-0.777,-0.8286,0.1705,1,Unvalidated
827,742,1834,7,1,26.81874,92.34597,3.926,Flooding,0.712,2024-01-05 00:40:38,-0.5146,0.3378,0.3695,1,Unvalidated
828,1327,1079,2,1,23.98124,91.18809,2.507,Debris Flow,0.693,2022-05-10 19:20:34,-0.9061,-0.9872,0.4796,1,False Positive
829,385,2613,25,3,26.20844,96.37627,6.346,Debris Flow,0.78,2020-06-10 21:48:47,-0.6575,-0.1157,0.2197,1,Validated
830,206,1622,54,6,29.87565,91.71794,6.978,Erosion,0.82,2021-06-02 09:36:30,-0.3017,0.5395,0.0878,1,False Positive
831,2391,1520,23,3,28.32675,91.29667,3.285,No Change,0.994,2019-05-13 13:32:18,-0.5922,-0.2454,0.2155,0,Validated
832,1330,452,16,2,23.83367,90.28142,7.42,Landslide,0.974,2018-03-14 01:31:41,0.6101,0.439,0.2655,1,Validated
833,2068,1659,34,4,25.86084,97.91039,3.068,No Change,0.713,2020-04-04 22:06:54,-0.4278,0.3314,0.3198,0,False Positive
834,2536,147,21,2,24.35229,98.91473,5.324,No Change,0.922,2021-04-25 14:21:41,-0.5963,0.6116,0.1946,0,Validated
835,1237,2657,39,4,27.24653,90.93687,4.962,No Change,0.629,2024-11-13 11:57:10,-0.825,0.3323,0.2804,0,Validated
836,1892,302,55,7,28.68074,94.12467,9.884,Landslide,0.76,2023-12-17 19:57:12,-0.9611,0.8111,0.3918,1,False Positive
837,1833,508,28,3,29.23423,92.73003,9.995,Debris Flow,0.524,2020-08-30 05:58:03,-0.906,-0.0627,0.27,1,Unvalidated
838,1944,2315,60,8,24.90033,96.3796,4.859,Construction,0.898,2019-01-12 10:52:44,0.4565,-0.7181,0.207,1,Unvalidated
839,1210,1477,37,4,27.17734,94.32836,5.118,Erosion,0.885,2020-05-29 14:55:37,0.6345,0.2396,0.3035,1,False Positive
840,2433,724,39,4,26.96894,90.90808,3.045,No Change,0.617,2020-06-13 15:10:14,0.5098,0.251,0.0493,0,Validated
841,747,1078,57,7,23.36669,93.26179,3.764,Construction,0.864,2019-04-03 18:27:20,-0.9923,0.801,0.3802,1,Validated
842,665,1686,61,8,27.08217,90.15322,5.047,Erosion,0.883,2019-08-06 08:08:47,0.6688,-0.1644,0.403,1,False Positive
843,1693,1294,38,4,30.06342,98.53515,9.95,Debris Flow,0.517,2023-07-29 08:26:55,0.2112,-0.4642,0.1113,1,Unvalidated
844,2287,1699,30,3,25.40816,92.67329,1.218,Landslide,0.738,2023-01-20 18:17:11,-0.9755,0.7913,0.1595,1,Validated
845,876,365,43,5,29.32479,97.72338,9.251,Flooding,0.956,2020-04-08 19:03:39,0.1593,0.5093,0.3846,1,Validated
846,1170,2390,15,2,27.09404,98.96499,8.16,No Change,0.994,2018-11-21 12:02:29,-0.1369,-0.4242,0.3876,0,Unvalidated
847,2744,1267,5,1,23.46835,94.91009,6.147,Debris Flow,0.789,2018-07-21 20:29:39,0.895,0.7786,0.3263,1,Unvalidated
848,1433,2085,24,3,24.61108,99.40663,8.207,Debris Flow,0.607,2024-01-20 09:48:06,-0.3618,0.3014,0.284,1,Unvalidated
849,1329,1048,40,5,27.6021,98.0893,9.218,Flooding,0.574,2020-06-26 15:19:20,-0.5143,-0.7738,0.1556,1,Unvalidated
850,1126,2973,23,3,28.32961,91.97459,0.291,Landslide,0.921,2020-06-05 21:21:50,-0.8955,-0.5677,0.0995,1,Validated
851,1628,2666,27,3,25.53167,90.43539,3.856,Construction,0.51,2022-10-19 16:30:01,-0.3969,0.7815,0.4407,1,Validated
852,93,279,31,3,27.834,95.62531,7.132,Debris Flow,0.605,2018-08-02 07:58:51,-0.3983,0.4603,0.4317,1,False Positive
853,88,2738,10,1,23.74373,97.177,5.617,Landslide,0.753,2019-05-26 16:48:21,0.7903,0.3841,0.0927,1,Unvalidated
854,1623,1772,34,4,26.12297,97.13711,1.869,Construction,0.882,2018-05-27 03:46:09,0.1212,0.6667,0.0369,1,False Positive
855,1155,1543,46,5,23.41341,97.92484,7.529,Flooding,0.51,2024-12-24 09:48:49,-0.365,-0.3274,0.426,1,False Positive
856,1433,922,24,3,24.61108,99.40663,2.41,Debris Flow,0.78,2020-04-12 11:20:10,0.95,-0.8927,0.3985,1,False Positive
857,742,578,7,1,26.81874,92.34597,6.306,Debris Flow,0.922,2024-10-22 16:33:55,0.8483,-0.0728,0.0647,1,False Positive
858,2660,1276,37,4,26.56539,94.80198,2.962,Flooding,0.696,2018-12-11 07:58:13,0.7234,0.66,0.1397,1,Validated
859,2515,1060,19,2,23.73116,96.75316,8.467,No Change,0.979,2024-07-19 07:03:43,0.5435,-0.6541,0.4214,0,Unvalidated
860,2770,331,22,2,23.04911,96.05926,9.379,Flooding,0.596,2021-02-02 12:33:19,-0.9017,0.593,0.1984,1,False Positive
861,2163,1147,39,4,27.19281,90.8943,4.192,Construction,0.758,2022-06-02 23:58:40,0.5392,0.08,0.3323,1,Unvalidated
862,982,2580,21,2,23.6662,99.01716,1.984,Vegetation Loss,0.792,2018-11-02 18:05:11,-0.1413,0.1028,0.3621,1,Unvalidated
863,1094,2685,9,1,27.25094,93.4237,8.588,Flooding,0.998,2021-04-01 00:00:07,-0.8659,0.1226,0.2842,1,False Positive
864,2773,2224,24,3,24.55135,99.19566,2.607,Construction,0.617,2023-07-19 07:35:24,0.985,0.2826,0.1407,1,Unvalidated
865,820,822,62,8,27.46002,92.58756,3.65,No Change,0.95,2024-06-20 13:16:03,-0.8022,0.9322,0.4751,0,Unvalidated
866,1681,1895,39,4,27.75691,91.06739,4.136,Vegetation Loss,0.88,2020-09-17 07:52:51,0.9795,-0.8438,0.3288,1,Unvalidated
867,2810,2319,33,4,23.41884,99.80921,1.717,Flooding,0.519,2022-12-22 10:43:17,0.4305,0.2559,0.4455,1,Validated
868,1294,75,55,7,28.74059,93.951,4.224,Debris Flow,0.747,2024-04-12 18:52:41,-0.55,-0.5996,0.0549,1,False Positive
869,2786,323,36,4,25.18446,91.0132,3.488,Construction,0.685,2020-10-03 20:39:56,0.5147,-0.3548,0.0473,1,False Positive
870,409,1513,19,2,23.78899,96.26679,8.333,Erosion,0.519,2023-10-13 16:28:05,0.9684,-0.2617,0.2389,1,Validated
871,1388,744,42,5,21.52912,96.78675,4.945,Landslide,0.739,2020-05-16 00:55:35,0.2803,0.2997,0.3557,1,False Positive
872,1607,1396,49,6,29.69134,98.42709,6.527,Construction,0.822,2022-08-21 08:53:39,-0.375,0.2684,0.4654,1,Validated
873,2405,1269,62,8,27.53958,91.79244,4.851,Debris Flow,0.882,2020-06-07 15:56:54,0.3865,-0.4501,0.0111,1,Unvalidated
874,1706,1251,54,6,29.44943,91.84062,7.876,No Change,0.674,2019-11-08 18:57:51,0.1566,-0.8887,0.1403,0,Unvalidated
875,970,2594,59,8,25.68965,92.77299,4.011,Construction,0.886,2022-12-20 01:28:37,0.1381,-0.8928,0.0247,1,Unvalidated
876,1211,2768,60,8,24.50925,95.47418,4.698,No Change,0.597,2024-03-02 18:54:32,-0.2602,0.406,0.1552,0,False Positive
877,926,1904,1,1,27.1926,89.87332,2.421,Landslide,0.746,2023-12-01 18:23:45,-0.9521,-0.8731,0.258,1,Validated
878,663,2835,32,3,24.96431,95.6846,8.246,Debris Flow,0.638,2024-08-08 04:13:36,-0.5167,0.1196,0.0634,1,Unvalidated
879,1272,1448,6,1,26.05613,97.54811,6.357,Erosion,0.531,2024-01-19 19:20:00,-0.3181,-0.2205,0.4226,1,Validated
880,1143,1702,59,8,25.72888,92.0065,4.431,Construction,0.924,2020-03-19 14:01:10,0.2861,0.6497,0.2777,1,Unvalidated
881,1607,2050,49,6,29.69134,98.42709,4.024,Erosion,0.692,2018-05-18 06:36:38,-0.1879,0.4308,0.2511,1,False Positive
882,2715,1993,5,1,23.74854,94.71047,6.549,Flooding,0.909,2019-10-12 09:34:07,0.0302,-0.9366,0.2563,1,Unvalidated
883,1364,1964,29,3,25.66888,98.98037,8.661,Erosion,0.522,2023-04-28 12:17:32,0.3884,-0.1781,0.1157,1,Unvalidated
884,1926,1372,57,7,23.16362,93.58544,5.01,Flooding,0.542,2020-02-05 21:37:24,-0.4667,-0.4775,0.1939,1,Unvalidated
885,2274,1763,55,7,28.5188,94.42764,8.68,Construction,0.593,2020-02-10 08:48:56,-0.2213,0.157,0.4298,1,False Positive
886,1688,1305,30,3,25.76651,93.07229,8.882,Construction,0.668,2019-08-18 08:34:29,0.7104,0.9884,0.1135,1,Validated
887,49,544,12,1,26.63225,98.36858,5.402,Vegetation Loss,0.726,2024-01-22 14:31:09,-0.0033,-0.8858,0.0744,1,Validated
888,1351,1070,10,1,24.05096,97.20802,6.532,Erosion,0.603,2024-05-08 12:25:51,0.6224,-0.689,0.1663,1,Validated
889,1429,1766,33,4,23.43252,100.20726,5.161,Vegetation Loss,0.719,2020-02-01 02:30:21,0.2402,0.9075,0.0507,1,False Positive
890,1324,1281,46,5,23.57738,97.32621,6.733,Flooding,0.759,2020-11-10 06:57:19,0.7253,0.7462,0.202,1,Unvalidated
891,1049,554,10,1,23.32689,97.55114,3.791,Erosion,0.814,2019-05-26 21:30:36,-0.2739,-0.7012,0.1895,1,Validated
892,754,836,41,5,22.47487,94.31756,9.781,Landslide,0.644,2023-11-04 16:18:52,-0.3215,-0.1024,0.1612,1,False Positive
893,1649,2943,46,5,23.66206,97.88837,8.678,Vegetation Loss,0.891,2022-06-04 15:14:50,-0.036,-0.8927,0.3685,1,Unvalidated
894,2076,2936,56,7,29.76338,97.2562,7.718,Flooding,0.725,2023-03-15 14:20:02,-0.34,-0.4731,0.4013,1,False Positive
895,2821,1096,31,3,28.31215,95.80928,9.697,No Change,0.717,2021-06-06 03:09:37,0.9767,0.2245,0.1058,0,Unvalidated
896,1519,2595,31,3,27.77353,94.90972,3.068,No Change,0.678,2019-08-05 11:07:03,0.3999,0.5966,0.4377,0,Unvalidated
897,1634,1482,47,6,29.15215,98.99379,5.708,Erosion,0.508,2023-09-01 20:37:51,-0.9944,-0.0794,0.4269,1,Unvalidated
898,2456,2739,8,1,24.04769,98.28172,8.022,Flooding,0.799,2019-10-07 08:00:09,-0.7577,0.0347,0.3828,1,Unvalidated
899,2345,1154,10,1,23.95851,97.96434,2.884,Flooding,0.808,2019-06-06 09:15:23,-0.3697,0.6317,0.0768,1,Unvalidated
900,2956,2401,49,6,29.25724,98.70586,1.458,No Change,0.906,2024-04-10 04:43:57,0.1504,0.4545,0.1054,0,Unvalidated
901,1593,2859,62,8,26.81211,92.10251,3.786,No Change,0.954,2022-01-10 16:51:05,-0.832,-0.8399,0.2912,0,False Positive
902,768,612,21,2,23.68975,99.21052,5.867,Flooding,0.849,2020-12-24 15:54:06,0.0752,0.6395,0.1024,1,Validated
903,1114,2333,14,2,22.21555,93.09401,3.484,Debris Flow,0.682,2024-07-08 12:24:06,-0.0448,0.4934,0.2852,1,False Positive
904,1054,2571,24,3,23.80181,99.34082,1.116,Debris Flow,0.843,2019-10-04 23:11:45,-0.256,-0.1137,0.0447,1,False Positive
905,1306,2861,36,4,25.78281,90.61562,4.34,Vegetation Loss,0.783,2020-10-23 20:51:03,-0.4806,0.3411,0.4069,1,Validated
906,1403,741,52,6,28.99108,99.94639,6.497,Landslide,0.893,2020-10-02 09:40:34,0.8996,-0.653,0.0246,1,False Positive
907,1394,2975,10,1,23.56909,97.31134,9.552,Construction,0.865,2021-01-22 19:48:03,0.1153,0.222,0.0775,1,Unvalidated
908,828,880,36,4,25.57418,90.6069,3.996,Construction,0.748,2020-04-06 11:27:44,0.781,0.3543,0.3821,1,Unvalidated
909,2742,1682,16,2,23.77646,90.56899,1.718,Construction,0.907,2019-08-15 19:35:10,-0.9298,-0.8903,0.4521,1,Validated
910,598,520,4,1,26.90226,90.22954,2.541,Vegetation Loss,0.939,2022-02-05 02:48:07,-0.0878,-0.9687,0.2233,1,Unvalidated
911,1406,562,18,2,28.67604,98.82982,2.671,Debris Flow,0.889,2018-11-13 11:24:55,0.5491,0.3791,0.2998,1,Unvalidated
912,506,466,7,1,26.28286,91.85248,4.581,No Change,0.863,2024-05-09 06:25:44,0.4215,0.4364,0.0631,0,Unvalidated
913,45,470,40,5,28.00712,97.60818,4.429,Vegetation Loss,0.506,2024-03-18 00:50:36,-0.602,0.7231,0.2526,1,Validated
914,2019,1961,20,2,23.69532,93.38156,9.77,Flooding,0.668,2021-02-08 22:29:41,0.3774,-0.8825,0.4361,1,Validated
915,2847,1487,22,2,22.651,95.89996,0.851,Construction,0.836,2020-05-23 00:06:25,0.9172,0.9149,0.0202,1,False Positive
916,1789,1461,46,5,22.75862,97.86966,6.963,No Change,0.609,2022-04-16 13:19:42,0.6828,-0.8763,0.168,0,Validated
917,441,367,46,5,23.25335,97.18398,6.092,Debris Flow,0.973,2020-12-21 11:25:17,0.9106,-0.8485,0.2697,1,Unvalidated
918,2684,2264,54,6,30.03154,91.35009,6.538,Construction,0.562,2021-03-05 06:01:08,0.3082,0.593,0.2353,1,Validated
919,1750,2735,1,1,27.42409,90.34506,0.163,No Change,0.908,2023-07-14 21:48:21,-0.039,0.2364,0.1436,0,Validated
920,1382,2257,56,7,29.20079,97.94174,8.735,Debris Flow,0.845,2020-09-04 05:08:09,-0.989,0.9679,0.2568,1,False Positive
921,1056,159,38,4,29.49028,99.0795,0.811,Landslide,0.737,2022-06-10 04:07:34,0.8717,-0.0941,0.2492,1,Unvalidated
922,2926,2570,50,6,24.01656,92.00664,7.228,No Change,0.625,2018-08-03 12:04:47,-0.4778,0.274,0.167,0,Unvalidated
923,846,942,36,4,25.63503,91.05981,6.223,Flooding,0.659,2023-11-29 02:27:26,0.7366,-0.2724,0.1374,1,Unvalidated
924,1964,428,40,5,27.7546,97.59797,9.366,Erosion,0.61,2021-03-17 10:19:02,-0.183,0.4188,0.0517,1,Validated
925,2533,1593,55,7,29.24853,94.13097,2.012,Flooding,0.588,2024-06-23 16:04:27,-0.36,0.873,0.2808,1,Validated
926,974,413,7,1,26.50651,91.98294,0.225,Vegetation Loss,0.688,2019-12-09 18:59:19,0.8308,-0.8893,0.1688,1,Unvalidated
927,2857,2892,35,4,23.01694,91.84117,6.78,Landslide,0.553,2020-07-22 15:46:58,0.4758,-0.0819,0.0493,1,False Positive
928,2403,1667,19,2,23.82515,95.87632,6.251,Vegetation Loss,0.802,2020-08-09 16:30:46,0.9103,0.3595,0.2926,1,False Positive
929,2511,54,32,3,25.13832,95.64447,3.04,Debris Flow,0.626,2020-11-16 04:34:29,0.9961,-0.3677,0.1504,1,Validated
930,1577,1398,62,8,27.28993,92.31456,2.814,Erosion,0.581,2022-01-20 03:13:54,0.2234,-0.6473,0.2975,1,Validated
931,2173,490,29,3,25.89255,98.66491,4.357,Erosion,0.667,2024-07-05 10:21:31,0.3986,0.37,0.294,1,False Positive
932,296,1678,21,2,24.01169,99.85825,6.52,Erosion,0.752,2018-01-30 05:21:55,0.4905,0.1418,0.2373,1,Validated
933,1241,147,33,4,23.42111,99.8236,9.466,Debris Flow,0.795,2024-03-24 19:26:17,0.2799,0.1748,0.1952,1,Validated
934,2442,1278,6,1,26.1662,97.62053,1.182,No Change,0.663,2023-05-18 03:37:51,0.6134,-0.0353,0.3834,0,Validated
935,931,1482,49,6,29.85683,98.64986,9.644,Debris Flow,0.548,2022-06-06 23:39:36,-0.1732,-0.0986,0.4147,1,Unvalidated
936,2482,2311,58,7,27.23366,94.27695,7.395,Erosion,0.765,2022-10-09 02:42:00,0.1393,0.8706,0.2205,1,Unvalidated
937,2290,2001,49,6,29.4017,98.96876,2.897,No Change,0.831,2020-01-12 01:27:03,-0.9949,-0.0359,0.3432,0,Unvalidated
938,1649,1342,46,5,23.66206,97.88837,2.105,No Change,0.632,2022-01-10 00:27:31,0.9357,0.4148,0.3967,0,Validated
939,2165,1138,14,2,22.63015,92.46196,0.32,Landslide,0.885,2019-09-24 06:19:58,0.3993,-0.7613,0.0675,1,False Positive
940,2247,272,37,4,26.55829,94.32501,6.24,Erosion,0.777,2023-12-25 23:47:26,-0.9857,0.5466,0.2289,1,Validated
941,965,2035,27,3,25.65237,90.83679,6.325,Landslide,0.789,2022-11-28 23:50:32,0.5983,0.9531,0.1524,1,False Positive
942,2174,2311,28,3,29.0867,93.19115,0.669,Landslide,0.613,2023-02-14 14:32:33,-0.974,0.3728,0.312,1,Unvalidated
943,435,1286,44,5,29.63029,98.743,8.676,Construction,0.514,2020-10-08 20:22:10,-0.5494,-0.0428,0.1429,1,Unvalidated
944,1783,2488,29,3,25.90853,99.17687,0.563,Construction,0.985,2021-02-24 18:56:31,0.1932,0.1636,0.2129,1,Unvalidated
945,2112,950,46,5,22.75081,98.06277,2.357,No Change,0.845,2019-09-27 10:45:24,-0.8529,-0.8074,0.1869,0,Unvalidated
946,2494,244,61,8,26.27951,89.95292,8.179,No Change,0.981,2019-01-17 17:58:02,-0.3809,-0.8569,0.3488,0,Unvalidated
947,2454,103,60,8,24.58523,96.01148,6.569,Flooding,0.633,2023-03-14 14:40:41,0.264,-0.866,0.142,1,Unvalidated
948,1317,695,18,2,28.87656,99.09986,5.42,Erosion,0.705,2022-09-29 15:13:24,0.1104,0.6041,0.3571,1,False Positive
949,599,1231,54,6,30.03048,91.35818,9.187,Flooding,0.638,2022-11-16 02:51:13,0.9015,-0.4182,0.1144,1,False Positive
950,1761,1449,25,3,26.20156,96.8563,4.875,No Change,0.948,2024-01-25 15:24:50,0.0415,0.6848,0.0073,0,Validated
951,1478,180,18,2,28.44771,98.96029,3.573,Landslide,0.809,2023-10-01 00:13:25,-0.2517,0.1933,0.4691,1,Unvalidated
952,983,1172,59,8,25.1789,92.15118,3.767,Erosion,0.732,2018-12-03 19:12:14,0.5284,0.197,0.2597,1,Validated
953,2574,1525,48,6,26.93442,94.41189,1.807,No Change,0.524,2020-03-08 20:16:01,0.0476,-0.0572,0.3817,0,Validated
954,897,2073,36,4,25.03202,90.2537,0.815,Debris Flow,0.788,2020-08-01 16:09:17,-0.2688,0.3805,0.4812,1,Validated
955,2038,301,9,1,28.06378,93.16331,3.475,Construction,0.907,2018-08-23 06:56:35,0.3846,-0.5542,0.2224,1,Validated
956,1098,1659,10,1,23.67229,97.58762,0.676,Erosion,0.607,2022-10-19 22:38:41,0.8257,0.4453,0.1958,1,Unvalidated
957,2944,2863,12,1,27.27761,97.94687,7.279,Flooding,0.96,2018-09-06 12:58:02,0.8426,-0.5698,0.4754,1,Unvalidated
958,928,1797,7,1,26.59446,92.52278,4.685,Debris Flow,0.842,2020-12-20 08:16:05,0.136,-0.8375,0.2923,1,Unvalidated
959,591,1867,57,7,23.2463,93.15337,7.136,No Change,0.587,2023-12-21 00:49:20,-0.6135,0.9036,0.3825,0,Validated
960,2450,2554,60,8,25.0933,95.79864,4.445,Debris Flow,0.916,2022-01-25 09:50:13,-0.7103,0.1734,0.3919,1,Validated
961,1116,1293,48,6,26.81024,94.89239,5.684,Flooding,0.53,2021-12-14 04:57:59,-0.1094,-0.8278,0.4139,1,Validated
962,1637,2558,17,2,24.00141,93.3048,1.476,Vegetation Loss,0.95,2024-12-19 20:02:07,0.5534,0.29,0.472,1,False Positive
963,957,2545,10,1,23.43017,97.94197,9.314,Erosion,0.854,2021-06-05 14:38:38,0.2262,-0.6442,0.3711,1,Validated
964,75,2630,18,2,29.0094,98.60159,6.853,Debris Flow,0.941,2021-11-22 11:01:32,0.2784,0.4085,0.1903,1,Validated
965,2883,1066,43,5,29.78405,98.10711,0.333,Vegetation Loss,0.709,2019-11-18 09:59:54,0.0861,0.0397,0.2161,1,Validated
966,2628,366,41,5,23.16035,94.30471,0.459,Debris Flow,0.922,2019-03-14 10:54:22,0.5393,0.9274,0.4145,1,Validated
967,1664,1618,32,3,25.25158,95.61554,9.471,Vegetation Loss,0.817,2019-05-03 05:19:36,0.6845,0.812,0.2131,1,Unvalidated
968,144,612,23,3,28.17708,91.2297,5.585,Vegetation Loss,0.53,2022-07-20 09:48:11,0.3684,0.6785,0.1556,1,False Positive
969,1576,1246,52,6,28.36297,99.5616,8.609,Flooding,0.642,2022-05-08 00:46:30,0.0122,-0.2391,0.2777,1,Validated
970,932,1956,61,8,26.25194,89.7782,5.241,Debris Flow,0.745,2021-09-02 15:12:39,0.7146,-0.8674,0.2926,1,Unvalidated
971,1687,1367,5,1,24.09128,95.04468,7.829,No Change,0.938,2021-04-30 20:03:07,-0.7879,-0.9572,0.3089,0,Unvalidated
972,1821,1518,11,1,22.72499,90.50341,1.692,Vegetation Loss,0.957,2018-08-20 15:18:41,-0.2548,0.4524,0.0633,1,Unvalidated
973,2250,849,19,2,23.90826,96.13126,7.587,Flooding,0.998,2021-02-19 20:34:22,-0.6895,-0.0075,0.0485,1,Validated
974,2477,184,49,6,29.35132,98.46354,1.557,Erosion,0.788,2022-03-24 12:22:34,-0.0606,-0.6531,0.1048,1,Unvalidated
975,246,2652,20,2,22.98214,93.10165,8.694,Vegetation Loss,0.768,2021-02-04 17:54:28,-0.7463,0.7998,0.015,1,False Positive
976,23,1633,14,2,22.94829,93.40104,3.844,Debris Flow,0.806,2020-04-05 15:28:33,-0.5932,0.8401,0.1892,1,Validated
977,632,71,46,5,23.03772,97.24623,6.576,Flooding,0.839,2021-06-06 03:30:07,0.909,0.0126,0.1688,1,Validated
978,2696,1481,26,3,23.94413,90.03466,7.985,Debris Flow,0.688,2018-04-26 21:50:19,0.5764,0.5114,0.0612,1,Validated
979,2792,2834,14,2,22.3287,93.19616,2.861,Vegetation Loss,0.835,2018-03-10 10:01:52,0.3472,0.3294,0.2743,1,Validated
980,2397,1449,56,7,29.32234,97.30544,2.47,Debris Flow,0.856,2024-05-21 11:34:53,0.2698,0.8784,0.0213,1,Unvalidated
981,2771,910,3,1,27.04398,98.85397,2.692,Flooding,0.945,2018-06-29 05:00:15,0.813,0.075,0.307,1,Validated
982,245,1148,50,6,23.63308,92.44147,5.905,Vegetation Loss,0.971,2020-12-15 11:27:25,-0.8222,-0.9975,0.2584,1,False Positive
983,1390,2016,24,3,24.35868,99.2195,3.142,Erosion,0.765,2021-03-15 18:12:55,-0.0625,0.1127,0.0781,1,False Positive
984,2057,62,31,3,27.75623,95.24931,9.264,Debris Flow,0.713,2020-08-19 15:43:25,-0.2438,0.0481,0.1433,1,Unvalidated
985,2683,1864,43,5,29.64058,97.41157,8.951,No Change,0.931,2024-02-03 16:19:29,0.8797,0.5858,0.0885,0,False Positive
986,2616,729,39,4,27.89203,91.43846,9.71,Construction,0.714,2023-02-19 17:57:38,-0.2911,0.7925,0.0349,1,Unvalidated
987,1723,1999,15,2,27.035,98.83492,1.428,Erosion,0.687,2021-05-14 10:26:34,0.6033,-0.0772,0.1364,1,Unvalidated
988,1209,2046,16,2,23.9036,91.16128,9.312,Construction,0.718,2020-10-09 23:56:37,0.7103,-0.3553,0.1693,1,Validated
989,1094,358,9,1,27.25094,93.4237,5.811,Flooding,0.776,2024-02-18 23:09:13,0.5405,0.3853,0.0901,1,False Positive
990,2681,252,56,7,29.2414,97.11469,3.093,Vegetation Loss,0.601,2022-11-02 14:09:40,-0.1231,0.1202,0.165,1,Unvalidated
991,1380,895,46,5,23.3619,97.23063,0.316,Vegetation Loss,0.512,2022-10-28 17:56:18,0.3926,0.2791,0.2302,1,Validated
992,1526,222,32,3,25.45863,96.26358,0.417,Flooding,0.761,2022-04-01 15:06:20,-0.768,0.4,0.1242,1,False Positive
993,2353,294,33,4,23.74904,99.5112,9.237,No Change,0.61,2022-07-28 22:29:00,-0.5057,-0.0777,0.4583,0,Unvalidated
994,2976,1069,10,1,23.7315,97.51022,3.738,Vegetation Loss,0.839,2024-11-18 13:43:32,0.9968,0.3188,0.2318,1,Unvalidated
995,2714,1340,13,2,26.31069,100.15301,3.086,Flooding,0.671,2023-04-25 13:52:11,-0.4176,0.4848,0.3229,1,False Positive
996,528,936,40,5,27.96698,97.3295,6.708,No Change,0.852,2021-04-16 14:31:50,0.9191,0.6192,0.1721,0,False Positive
997,638,2294,15,2,27.02597,98.56807,3.297,Erosion,0.725,2020-03-14 05:33:58,-0.3178,-0.5913,0.0953,1,Unvalidated
998,1824,2610,23,3,28.04116,91.21509,5.243,Landslide,0.967,2018-07-30 15:49:13,0.8143,0.4464,0.1524,1,Unvalidated
999,2179,2092,9,1,27.56539,93.60835,2.038,No Change,0.72,2018-05-13 11:24:43,-0.0132,-0.4489,0.3112,0,Unvalidated
1000,1345,1316,14,2,23.09187,93.39292,8.271,Debris Flow,0.687,2023-07-27 12:23:01,0.5059,-0.8643,0.4018,1,Unvalidated
1001,147,1476,8,1,23.96976,98.22489,1.706,Landslide,0.555,2022-07-05 02:35:47,-0.8336,0.5998,0.4704,1,Unvalidated
1002,877,1422,6,1,26.98647,97.47092,3.46,Vegetation Loss,0.622,2024-04-26 22:00:13,-0.5976,-0.9824,0.09,1,Unvalidated
1003,2355,1210,58,7,27.53189,94.50289,9.881,Construction,0.829,2019-10-12 20:40:24,-0.7803,-0.0688,0.2801,1,False Positive
1004,185,57,43,5,29.5655,97.30517,7.798,Landslide,0.603,2022-10-28 15:55:53,-0.7348,-0.4138,0.0013,1,False Positive
1005,2711,1636,41,5,23.13273,94.12704,7.681,Erosion,0.925,2024-11-15 09:11:28,0.6962,0.799,0.0071,1,Unvalidated
1006,2393,711,29,3,25.57116,98.76013,1.742,Debris Flow,0.945,2024-09-26 21:58:59,0.3243,0.4952,0.3753,1,Unvalidated
1007,1535,1165,29,3,25.65554,98.65482,3.918,Landslide,0.936,2023-08-05 08:07:18,-0.6703,-0.513,0.459,1,Unvalidated
1008,1185,1447,16,2,23.17863,91.18005,4.912,No Change,0.894,2024-07-13 23:16:28,0.4571,-0.2735,0.0583,0,Unvalidated
1009,2320,940,49,6,29.12631,99.22417,9.039,Erosion,0.939,2024-06-07 05:28:44,0.5257,-0.1286,0.1723,1,Validated
1010,2219,1063,59,8,25.49565,92.87444,4.251,Flooding,0.721,2019-11-10 09:53:40,0.1478,0.6274,0.3061,1,Unvalidated
1011,2906,1654,20,2,23.54978,93.12259,9.735,Landslide,0.563,2024-04-28 01:47:54,0.3383,0.5413,0.4755,1,Unvalidated
1012,2047,647,31,3,27.65593,95.81858,6.931,Erosion,0.649,2019-10-14 08:09:31,0.0857,0.0287,0.1099,1,False Positive
1013,1416,1415,5,1,23.92877,95.09907,1.184,Landslide,0.609,2022-12-30 07:33:19,-0.9635,-0.4746,0.4168,1,Validated
1014,1798,1499,25,3,26.24493,96.68838,8.984,Erosion,0.676,2019-10-18 05:20:00,0.6862,-0.979,0.1781,1,Unvalidated
1015,2190,1013,61,8,26.73822,89.74541,8.53,Vegetation Loss,0.894,2021-03-15 18:54:26,0.7653,-0.6396,0.0672,1,Validated
1016,362,2525,46,5,23.13211,97.22185,0.862,Construction,0.705,2024-04-18 12:37:16,0.0844,-0.014,0.4661,1,False Positive
1017,594,167,53,6,27.76421,91.64191,6.754,Construction,0.603,2021-06-28 16:53:31,0.5097,0.5264,0.1775,1,Unvalidated
1018,478,58,55,7,28.9849,93.7873,0.828,Flooding,0.865,2024-12-24 18:14:43,0.8721,-0.3711,0.2861,1,Validated
1019,2712,1004,59,8,25.92873,92.44421,2.735,Vegetation Loss,0.744,2023-03-05 14:37:57,-0.9393,-0.0112,0.0635,1,False Positive
1020,849,225,21,2,24.1784,99.28137,9.426,Vegetation Loss,0.677,2021-08-19 17:59:56,-0.0108,0.9036,0.0943,1,Validated
1021,875,2637,32,3,25.22835,95.386,2.408,Construction,0.706,2021-05-31 15:28:09,-0.5219,0.2845,0.3022,1,Validated
1022,2848,1863,4,1,26.54595,90.43698,6.097,Debris Flow,0.802,2021-11-23 06:10:43,-0.5591,-0.7487,0.0448,1,False Positive
1023,2250,436,19,2,23.90826,96.13126,1.326,Landslide,0.537,2023-07-09 13:19:18,0.2656,-0.8809,0.1124,1,Unvalidated
1024,1914,1543,14,2,22.33703,93.34425,1.732,No Change,0.51,2022-10-27 12:24:40,0.0254,0.7798,0.1033,0,False Positive
1025,2211,925,47,6,29.98804,99.50192,2.525,Vegetation Loss,0.947,2019-04-19 07:24:39,0.1436,-0.0108,0.3209,1,Unvalidated
1026,576,1217,20,2,23.74432,93.77273,8.839,Flooding,0.802,2020-12-03 06:32:36,-0.8127,0.1509,0.0494,1,Unvalidated
1027,2021,2007,43,5,29.32076,97.69302,1.589,Landslide,0.717,2018-09-03 05:53:25,-0.5006,-0.0277,0.323,1,False Positive
1028,1431,2647,58,7,26.84802,94.03806,4.36,Construction,0.799,2023-12-14 21:30:45,-0.8736,-0.885,0.0462,1,Validated
1029,2824,1970,31,3,28.4526,95.83076,7.108,No Change,0.63,2020-10-13 00:39:35,0.1156,0.1902,0.3806,0,False Positive
1030,607,1788,48,6,27.24793,94.4085,9.182,No Change,0.772,2019-07-31 05:49:01,0.6475,-0.2712,0.0636,0,False Positive
1031,1295,2056,6,1,26.35773,97.62498,4.766,No Change,0.663,2022-06-12 06:28:32,0.3765,-0.611,0.28,0,False Positive
1032,207,2364,25,3,26.41248,96.79673,5.58,Flooding,0.83,2020-09-12 01:37:58,-0.005,-0.3105,0.2165,1,Unvalidated
1033,838,2404,21,2,23.71802,98.97271,0.032,Vegetation Loss,0.976,2022-10-18 15:30:09,-0.9221,0.9152,0.3574,1,False Positive
1034,1877,750,45,5,28.26116,95.38624,4.05,Erosion,0.875,2023-07-20 17:43:51,-0.8639,-0.3137,0.2353,1,False Positive
1035,2764,1935,4,1,27.1424,89.87446,1.189,Erosion,0.993,2021-09-24 04:52:49,0.5646,-0.6871,0.1589,1,Validated
1036,1140,788,4,1,27.14228,90.7477,7.359,Debris Flow,0.658,2023-07-03 14:37:49,-0.6227,-0.4666,0.1492,1,Unvalidated
1037,1291,1620,29,3,26.38104,98.88665,2.457,Erosion,0.66,2020-05-27 11:00:22,0.3476,-0.6687,0.0244,1,Validated
1038,1729,1529,57,7,23.62316,93.52194,1.668,Debris Flow,0.873,2024-10-13 14:45:09,0.6659,-0.8946,0.3771,1,Validated
1039,1228,1268,43,5,29.53337,97.67069,3.635,Landslide,0.678,2022-11-29 05:00:20,0.1334,-0.0926,0.1412,1,Validated
1040,595,2525,59,8,25.4291,92.69172,2.16,Construction,0.731,2022-05-11 21:17:33,-0.8782,0.6241,0.3668,1,Unvalidated
1041,229,1696,42,5,21.81356,97.72042,8.22,Erosion,0.525,2023-05-08 22:51:48,0.6782,0.4778,0.4435,1,Unvalidated
1042,40,636,59,8,25.27869,92.43764,9.753,Vegetation Loss,0.621,2018-05-09 11:54:47,-0.8502,-0.2811,0.4229,1,Unvalidated
1043,1445,368,26,3,23.85394,90.24079,9.197,Vegetation Loss,0.802,2020-02-26 23:19:39,0.5907,-0.7955,0.2872,1,Validated
1044,1601,1139,23,3,28.32266,91.32293,3.402,Construction,0.564,2021-03-12 07:11:40,-0.2634,-0.7875,0.0314,1,Validated
1045,140,1642,20,2,22.96272,93.88136,5.394,Vegetation Loss,0.669,2023-05-24 05:13:54,0.4365,-0.126,0.0754,1,Unvalidated
1046,96,1980,29,3,26.43525,98.84097,4.472,Flooding,0.608,2021-05-19 00:28:56,-0.6401,0.7744,0.3079,1,Validated
1047,1885,1046,62,8,26.57155,92.78489,7.442,Debris Flow,0.532,2018-01-16 18:46:33,-0.329,-0.2242,0.088,1,Validated
1048,2286,1802,7,1,26.63649,91.75458,3.499,Debris Flow,0.795,2018-06-04 07:08:22,0.1745,0.6607,0.1845,1,Unvalidated
1049,753,311,11,1,22.91194,91.33083,5.963,Vegetation Loss,0.785,2023-03-24 09:28:50,0.9327,-0.4565,0.3938,1,False Positive
1050,1719,1151,59,8,25.87734,92.3902,8.79,Landslide,0.784,2024-11-03 18:10:10,0.007,-0.5142,0.2512,1,Validated
1051,1738,1662,51,6,29.30717,91.15051,4.348,No Change,0.727,2021-04-19 01:43:19,-0.177,-0.1386,0.1158,0,Validated
1052,94,30,44,5,28.96612,99.18532,9.994,Landslide,0.723,2019-09-15 00:55:59,0.3552,0.2768,0.3162,1,False Positive
1053,2790,1372,33,4,24.24211,100.3506,7.162,Debris Flow,0.652,2020-08-08 17:49:39,0.5091,0.3574,0.1669,1,Validated
1054,1013,1520,50,6,24.01042,92.26387,8.633,Vegetation Loss,0.719,2019-08-20 02:15:53,-0.9351,-0.4264,0.2831,1,False Positive
1055,1479,1737,17,2,24.00626,93.33891,4.665,Erosion,0.931,2020-11-02 18:12:39,0.1129,-0.8785,0.3331,1,False Positive
1056,2496,359,43,5,30.13192,97.38177,4.47,Erosion,0.554,2020-02-18 23:57:45,0.455,-0.9729,0.2343,1,Validated
1057,2712,2875,59,8,25.92873,92.44421,2.785,Debris Flow,0.985,2023-11-19 22:52:52,0.794,0.9762,0.4666,1,False Positive
1058,1231,539,25,3,26.00244,96.61691,5.106,Debris Flow,0.542,2018-01-25 07:44:24,-0.4958,-0.3196,0.3766,1,False Positive
1059,2206,1117,3,1,27.48024,98.94176,4.905,Vegetation Loss,0.722,2020-10-18 23:38:37,-0.6189,-0.5333,0.3665,1,Validated
1060,333,2944,38,4,29.99631,98.3504,8.299,Debris Flow,0.848,2018-12-03 10:37:59,0.2564,0.8766,0.0569,1,False Positive
1061,887,1977,33,4,23.65494,100.35805,1.33,Flooding,0.549,2018-10-04 11:39:46,0.1237,0.9792,0.459,1,False Positive
1062,1240,1888,57,7,23.93367,92.92665,5.606,No Change,0.818,2018-07-28 02:24:46,-0.2999,-0.5042,0.1502,0,Unvalidated
1063,1446,1808,38,4,29.90023,98.67332,4.552,Debris Flow,0.917,2022-08-05 04:28:36,0.154,-0.056,0.356,1,False Positive
1064,484,2076,53,6,27.6375,91.11689,8.962,Vegetation Loss,0.874,2018-06-22 05:22:42,-0.6828,-0.751,0.4043,1,Unvalidated
1065,36,2840,48,6,26.48932,94.66116,1.775,Erosion,0.75,2021-02-28 02:38:14,0.2015,0.7831,0.1923,1,Validated
1066,2425,3,15,2,26.6623,98.63636,0.624,Flooding,0.873,2018-05-22 15:31:57,0.2976,-0.3753,0.1266,1,False Positive
1067,1433,2013,24,3,24.61108,99.40663,0.75,Debris Flow,0.571,2021-02-28 05:21:03,-0.1458,0.6817,0.4514,1,Validated
1068,1639,2457,50,6,24.08646,92.13343,9.458,Flooding,0.724,2023-05-24 02:53:14,-0.9586,-0.3598,0.2129,1,False Positive
1069,162,177,11,1,22.99505,90.53646,1.663,Erosion,0.936,2019-11-03 14:53:47,-0.1767,-0.3911,0.0857,1,Validated
1070,1293,909,51,6,29.94299,91.11386,4.26,No Change,0.555,2024-04-19 17:14:54,0.3395,0.3315,0.1407,0,Unvalidated
1071,549,1309,31,3,27.64712,95.72703,4.964,Landslide,0.658,2019-01-31 20:07:15,-0.1217,-0.6279,0.2027,1,False Positive
1072,1027,496,3,1,27.18042,98.92548,1.526,Flooding,0.719,2023-12-14 14:05:15,-0.4502,0.0893,0.2704,1,False Positive
1073,126,1514,6,1,26.12343,97.51372,7.342,Vegetation Loss,0.569,2021-08-22 07:33:26,0.183,-0.7133,0.2069,1,False Positive
1074,225,1137,52,6,28.68305,99.817,1.98,No Change,0.96,2018-04-24 11:25:52,-0.1282,0.2031,0.3582,0,Unvalidated
1075,1619,1291,16,2,23.55646,91.13307,6.474,Flooding,0.988,2018-03-01 13:56:00,-0.1198,0.4474,0.3821,1,False Positive
1076,2666,1192,2,1,23.94253,91.80424,9.431,Debris Flow,0.595,2023-03-06 09:15:49,0.3464,-0.1479,0.3811,1,Validated
1077,841,1980,23,3,27.74411,91.91486,6.531,Construction,0.741,2020-04-21 00:36:54,-0.1256,-0.9295,0.1398,1,Validated
1078,227,155,33,4,23.81392,99.87882,4.503,Landslide,0.655,2020-06-28 00:30:07,0.5866,-0.2223,0.4404,1,Unvalidated
1079,2794,478,33,4,23.46365,100.29763,7.682,Debris Flow,0.958,2024-04-14 23:31:50,-0.327,-0.4072,0.4011,1,Validated
1080,2531,211,47,6,29.52171,99.48653,8.782,Flooding,0.742,2018-02-24 12:49:09,0.8668,-0.1479,0.066,1,Validated
1081,2191,2096,27,3,25.06464,90.93385,0.072,Construction,0.544,2019-01-22 04:32:36,-0.0148,-0.3118,0.3913,1,Unvalidated
1082,2915,2185,7,1,26.79762,91.77727,5.161,Erosion,0.851,2019-09-07 03:06:30,-0.3773,-0.7528,0.2474,1,False Positive
1083,1017,713,24,3,24.09818,99.4971,8.118,Flooding,0.698,2021-02-13 13:03:46,-0.6452,-0.7004,0.3856,1,False Positive
1084,2373,274,41,5,23.32861,94.60026,1.654,Vegetation Loss,0.79,2019-11-01 08:51:41,0.8787,0.674,0.1801,1,Unvalidated
1085,1649,2904,46,5,23.66206,97.88837,2.39,Landslide,0.713,2022-09-10 16:40:08,-0.6747,0.7661,0.3261,1,Unvalidated
1086,1528,2517,35,4,23.34934,91.17666,0.465,Flooding,0.99,2023-10-01 23:48:12,0.9567,-0.232,0.0523,1,Validated
1087,778,655,42,5,21.56299,96.99762,8.85,No Change,0.51,2020-11-30 17:36:18,-0.2798,0.306,0.2826,0,Unvalidated
1088,1487,2470,51,6,29.60344,91.2224,7.789,Construction,0.953,2020-12-10 11:09:06,-0.5559,-0.3539,0.0049,1,False Positive
1089,455,532,21,2,23.6873,99.53052,9.893,Landslide,0.7,2021-06-29 04:49:00,0.5778,-0.3715,0.4594,1,Validated
1090,874,1076,14,2,23.03033,92.93531,0.141,Flooding,0.512,2021-05-18 01:24:18,0.8177,-0.7648,0.0584,1,False Positive
1091,882,849,53,6,27.77622,91.11158,1.468,Flooding,0.997,2022-01-31 00:02:59,-0.4141,-0.7563,0.0477,1,Validated
1092,43,67,20,2,23.02804,93.37925,3.35,No Change,0.792,2021-03-21 13:21:29,-0.5418,0.0854,0.459,0,Unvalidated
1093,42,1800,50,6,23.57655,92.58965,7.975,Construction,0.825,2023-07-22 01:05:10,0.6705,0.5978,0.3036,1,Validated
1094,1532,1144,47,6,29.4164,99.57699,3.362,Construction,0.977,2020-02-19 23:58:35,-0.71,-0.6765,0.0312,1,Unvalidated
1095,226,857,50,6,23.63485,92.17325,2.794,Erosion,0.623,2020-12-31 04:04:45,0.1584,0.113,0.4153,1,Validated
1096,165,2957,14,2,22.49237,92.5803,8.619,Vegetation Loss,0.554,2019-07-25 16:34:17,0.7498,-0.0714,0.4314,1,Unvalidated
1097,2787,1872,56,7,29.60635,98.02235,8.518,Construction,0.986,2023-02-07 01:21:48,-0.4729,0.8819,0.0755,1,Unvalidated
1098,1188,2737,62,8,27.14792,91.82371,4.028,Landslide,0.921,2020-04-19 10:20:09,0.2629,0.6151,0.2883,1,Validated
1099,2247,2565,37,4,26.55829,94.32501,3.065,Construction,0.916,2020-11-24 21:40:37,-0.6426,0.0094,0.2844,1,Validated
1100,695,2202,5,1,23.78539,95.02424,9.712,Landslide,0.849,2019-11-05 20:07:28,-0.3329,-0.8661,0.2719,1,Unvalidated
1101,1055,4,17,2,24.1959,93.30752,9.707,Vegetation Loss,0.799,2018-09-01 10:44:42,-0.0212,-0.1499,0.3293,1,Validated
1102,2810,276,33,4,23.41884,99.80921,7.646,Landslide,0.64,2023-10-14 10:32:00,0.9902,-0.7408,0.1313,1,Validated
1103,1425,1660,55,7,29.04677,94.69385,4.206,Erosion,0.909,2018-09-18 05:06:09,-0.1529,0.7372,0.3935,1,Validated
1104,1620,2691,25,3,26.65964,96.98378,0.376,Flooding,0.542,2024-01-25 09:21:02,-0.6368,-0.6843,0.0186,1,Validated
1105,997,943,19,2,24.14577,96.46491,7.645,Landslide,0.662,2020-06-13 01:47:05,0.5009,0.0768,0.1878,1,Validated
1106,1884,369,56,7,29.64052,97.81466,7.395,Flooding,0.881,2022-10-07 19:54:19,0.7259,-0.8366,0.428,1,False Positive
1107,241,2160,37,4,27.08831,94.6391,3.603,No Change,0.58,2020-02-09 04:20:21,0.1163,-0.4554,0.1944,0,Unvalidated
1108,1798,1522,25,3,26.24493,96.68838,6.844,Erosion,0.971,2021-03-10 09:25:47,0.797,-0.3009,0.3717,1,Unvalidated
1109,1375,853,14,2,22.16334,92.95611,8.219,No Change,0.718,2024-07-29 11:55:17,0.9342,0.4693,0.4555,0,Validated
1110,2061,150,8,1,24.21995,98.73585,9.465,Erosion,0.995,2022-05-19 16:44:32,0.5637,0.7757,0.0384,1,False Positive
1111,572,1104,50,6,23.74007,92.09777,0.779,No Change,0.791,2021-05-21 20:11:46,-0.277,0.5387,0.2971,0,False Positive
1112,783,2104,26,3,23.59549,89.86139,3.238,Construction,0.506,2018-08-09 06:41:54,-0.7513,-0.8523,0.4451,1,False Positive
1113,2365,2663,34,4,26.05631,97.61331,9.486,Landslide,0.832,2022-10-22 06:56:00,-0.1951,-0.02,0.3419,1,Unvalidated
1114,1290,1317,39,4,27.23952,91.08887,8.705,Debris Flow,0.811,2023-07-11 00:41:14,0.8866,-0.4636,0.4205,1,Unvalidated
1115,2330,259,51,6,29.25209,90.74342,4.866,Erosion,0.576,2021-01-20 09:35:05,0.3167,0.6991,0.0529,1,Validated
1116,972,691,29,3,26.12408,99.11373,0.792,Vegetation Loss,0.616,2023-01-10 20:53:21,0.3053,0.1912,0.0406,1,False Positive
1117,127,235,13,2,26.44208,99.27257,8.093,Debris Flow,0.54,2018-07-03 07:23:18,0.765,-0.0523,0.4306,1,Validated
1118,2704,1951,59,8,25.8327,92.20414,3.819,Erosion,0.713,2018-12-24 20:50:27,0.0654,-0.5767,0.0171,1,Validated
1119,2836,988,60,8,24.71163,95.8327,8.382,Flooding,0.938,2023-09-28 02:29:20,-0.2919,-0.8558,0.2965,1,Validated
1120,1379,937,46,5,23.41403,97.98657,7.117,Debris Flow,0.507,2018-12-17 03:32:51,0.2555,-0.6439,0.2077,1,Unvalidated
1121,676,881,1,1,27.03084,90.599,3.99,Construction,0.955,2024-07-22 16:22:21,-0.598,-0.5316,0.213,1,Validated
1122,2418,792,12,1,26.47086,98.2111,5.811,No Change,0.638,2022-07-05 07:31:58,0.0663,-0.2135,0.3566,0,False Positive
1123,2613,1186,47,6,29.56748,99.64101,6.871,Landslide,0.923,2020-09-27 01:24:25,0.625,0.2738,0.2586,1,Unvalidated
1124,744,1522,27,3,24.91687,90.35571,5.599,Vegetation Loss,0.941,2018-02-07 21:14:38,0.7541,0.624,0.4511,1,Validated
1125,81,1041,40,5,28.44534,97.55846,8.051,Debris Flow,0.852,2019-09-17 21:14:24,0.1918,-0.4586,0.2606,1,Unvalidated
1126,2674,1394,48,6,26.67635,94.95927,0.886,Erosion,0.757,2024-11-02 22:11:11,-0.3719,0.9163,0.1913,1,Validated
1127,941,2944,53,6,27.74993,91.48866,0.033,Erosion,0.501,2024-02-19 15:09:39,-0.3711,-0.7435,0.3503,1,Unvalidated
1128,112,118,4,1,26.30627,90.70422,4.967,Construction,0.826,2021-01-24 14:53:56,0.2904,0.4285,0.372,1,False Positive
1129,624,598,62,8,27.48693,92.05958,6.059,Landslide,0.617,2019-05-28 10:14:44,0.578,0.9068,0.2443,1,Validated
1130,213,1335,42,5,22.34782,97.23829,8.638,Vegetation Loss,0.712,2018-10-19 07:58:10,-0.8263,0.2606,0.3677,1,False Positive
1131,625,1117,34,4,25.62966,97.88066,7.597,Landslide,0.877,2023-08-04 23:27:19,-0.5843,0.8395,0.4306,1,False Positive
1132,633,1889,23,3,27.99847,91.81728,5.604,Landslide,0.568,2021-05-23 11:56:14,-0.2824,0.1278,0.4959,1,Unvalidated
1133,966,504,46,5,23.11545,97.4363,3.896,Debris Flow,0.972,2023-07-23 09:23:54,-0.0427,-0.7405,0.2715,1,Validated
1134,1579,2865,45,5,28.56692,94.87506,4.309,Erosion,0.513,2024-12-17 02:13:54,0.1709,-0.2205,0.3597,1,Validated
1135,77,2686,40,5,28.16996,97.50059,0.085,Debris Flow,0.853,2020-11-07 03:15:10,-0.5105,0.0121,0.4615,1,Validated
1136,2361,247,18,2,28.35805,98.28391,2.396,Vegetation Loss,0.857,2018-03-01 22:05:21,-0.8568,0.805,0.0023,1,Unvalidated
1137,1694,640,31,3,27.93231,94.95152,5.94,Construction,0.698,2021-06-16 23:17:54,0.6479,0.5945,0.0169,1,Unvalidated
1138,1371,1139,51,6,29.8276,91.31258,1.505,Construction,0.903,2023-06-09 08:33:45,0.7491,0.7631,0.4722,1,False Positive
1139,1401,1795,23,3,28.26257,91.75432,7.805,Vegetation Loss,0.899,2020-11-06 08:06:25,0.8562,-0.2873,0.3038,1,Validated
1140,421,2987,40,5,28.19774,97.9593,9.83,Erosion,0.72,2019-01-10 07:30:51,-0.0305,-0.6732,0.3999,1,Validated
1141,1282,361,23,3,28.29839,92.12885,4.959,Debris Flow,0.717,2018-01-19 15:17:57,0.3811,0.8398,0.1044,1,Unvalidated
1142,2592,1900,42,5,21.78505,97.23606,6.137,Debris Flow,0.958,2019-08-28 21:38:43,-0.7108,-0.6333,0.0637,1,Validated
1143,1447,633,7,1,25.98894,92.15591,5.081,Vegetation Loss,0.907,2022-11-14 15:52:37,-0.4398,-0.3131,0.4349,1,Validated
1144,1736,1017,22,2,22.20465,95.93017,2.777,Erosion,0.616,2022-01-25 06:18:38,0.5799,0.1918,0.4083,1,Unvalidated
1145,1186,944,32,3,25.60869,95.3627,1.125,Landslide,0.605,2024-07-11 22:25:56,-0.2322,0.7604,0.4406,1,False Positive
1146,781,400,51,6,29.8661,91.29763,1.966,No Change,0.85,2021-09-03 06:24:12,0.2871,-0.6155,0.4016,0,False Positive
1147,1907,1713,53,6,28.28067,91.31668,2.864,No Change,0.534,2020-04-05 19:37:12,-0.0596,0.8155,0.0718,0,False Positive
1148,1693,855,38,4,30.06342,98.53515,5.699,Vegetation Loss,0.849,2020-02-19 12:54:11,0.314,-0.7037,0.2386,1,Validated
1149,1233,2725,29,3,25.63765,98.4695,2.607,Vegetation Loss,0.666,2024-05-19 05:11:58,0.1198,-0.2693,0.2718,1,Validated
1150,539,1703,32,3,24.93391,95.46381,4.916,Flooding,0.804,2023-06-25 16:54:09,-0.4982,-0.1308,0.2074,1,Validated
1151,1948,2311,28,3,29.07268,93.33385,8.464,Debris Flow,0.509,2020-05-30 04:36:47,-0.7108,-0.143,0.143,1,Validated
1152,1001,765,56,7,29.36739,98.00562,9.81,Landslide,0.87,2018-04-27 14:38:24,0.5171,-0.0279,0.0566,1,Validated
1153,1241,69,33,4,23.42111,99.8236,9.036,Construction,0.989,2018-01-27 16:29:49,-0.2465,-0.8448,0.4574,1,False Positive
1154,1243,2017,40,5,28.08782,98.17235,5.657,Debris Flow,0.676,2020-04-03 02:22:22,0.7731,0.2241,0.306,1,False Positive
1155,702,1338,43,5,29.55105,97.87265,0.504,Erosion,0.641,2022-02-18 08:12:04,-0.2745,0.9253,0.3706,1,Validated
1156,1132,376,59,8,25.58405,92.82816,3.041,No Change,0.664,2019-07-15 02:11:29,-0.6373,-0.4339,0.2955,0,Unvalidated
1157,1037,1706,1,1,26.79858,90.43439,6.526,Landslide,0.782,2020-05-16 18:10:19,-0.6629,0.8904,0.2146,1,False Positive
1158,1153,126,61,8,26.38875,90.18439,2.985,Vegetation Loss,0.802,2021-12-10 12:37:04,0.4517,0.2157,0.3403,1,Unvalidated
1159,2977,2716,33,4,23.89528,99.55803,4.914,Landslide,0.529,2021-03-23 13:50:58,0.3131,0.8239,0.0149,1,Unvalidated
1160,33,2740,54,6,29.74804,91.84277,9.345,Erosion,0.66,2020-02-03 00:55:18,-0.4558,0.0344,0.0913,1,Unvalidated
1161,2366,2628,33,4,23.40224,100.08669,6.092,Debris Flow,0.946,2018-08-06 02:33:20,0.6452,-0.4689,0.3611,1,Unvalidated
1162,60,278,29,3,25.87398,98.70622,9.874,Debris Flow,0.822,2020-03-10 19:11:37,0.6532,-0.3737,0.4615,1,Unvalidated
1163,1395,1352,22,2,22.61346,96.73133,9.698,Construction,0.869,2018-09-14 14:12:55,0.8588,-0.3686,0.2946,1,Validated
1164,2767,1864,5,1,23.62218,95.24549,9.742,No Change,0.671,2022-04-30 23:12:51,-0.9893,0.3679,0.017,0,Validated
1165,80,1661,24,3,24.14765,99.21378,0.371,Flooding,0.921,2021-10-01 05:49:54,0.7878,-0.715,0.03,1,False Positive
1166,1626,1440,54,6,29.82838,91.30974,1.939,Construction,0.509,2023-05-27 13:20:34,-0.0954,-0.2389,0.4578,1,Unvalidated
1167,1452,961,38,4,29.28814,98.82042,3.522,Debris Flow,0.613,2024-11-12 23:33:56,0.8024,0.259,0.181,1,False Positive
1168,2150,85,43,5,29.70383,97.44532,6.178,Vegetation Loss,0.671,2021-02-19 07:07:38,-0.5578,-0.3566,0.4779,1,Validated
1169,2696,1997,26,3,23.94413,90.03466,1.443,Flooding,0.542,2022-09-03 19:36:40,0.6187,-0.3618,0.1729,1,Unvalidated
1170,1207,1735,28,3,29.20553,93.36687,5.238,Erosion,0.756,2019-04-22 22:17:46,0.711,0.5717,0.0159,1,Unvalidated
1171,488,2748,27,3,24.74951,90.92208,3.116,Flooding,0.616,2018-08-27 14:07:45,-0.9682,-0.6145,0.488,1,False Positive
1172,1237,2014,39,4,27.24653,90.93687,0.308,Erosion,0.865,2021-04-17 23:03:11,-0.7956,0.2271,0.3481,1,Unvalidated
1173,109,2589,4,1,26.96605,90.02327,9.778,Landslide,0.994,2024-01-20 13:18:38,0.2659,-0.1218,0.3267,1,False Positive
1174,1866,1149,7,1,26.01067,92.56314,6.427,No Change,0.562,2022-06-23 15:58:24,-0.1704,-0.8371,0.1055,0,Unvalidated
1175,739,2586,16,2,23.76071,90.50075,4.027,Debris Flow,0.952,2019-07-20 16:43:42,0.3869,-0.4004,0.4639,1,Validated
1176,421,914,40,5,28.19774,97.9593,2.49,Landslide,0.684,2023-12-26 04:49:38,-0.7464,-0.6377,0.0077,1,Unvalidated
1177,2004,2654,6,1,26.81747,97.65842,7.639,Construction,0.76,2019-10-17 23:37:06,0.3268,0.2622,0.1895,1,Validated
1178,581,2936,33,4,23.57815,99.84505,4.533,Vegetation Loss,0.728,2022-01-27 15:39:58,-0.6223,0.5559,0.0038,1,Validated
1179,1057,1574,30,3,25.88803,93.11782,4.887,Flooding,0.857,2024-02-07 11:53:28,0.508,-0.8608,0.0178,1,False Positive
1180,1112,2650,13,2,26.08482,100.19191,5.468,Erosion,0.516,2018-03-23 04:27:06,0.0396,0.9953,0.2179,1,Validated
1181,93,288,31,3,27.834,95.62531,7.364,Vegetation Loss,0.678,2018-09-28 01:47:37,-0.6644,0.3896,0.1686,1,Unvalidated
1182,2826,501,13,2,26.42451,99.57366,1.973,Debris Flow,0.525,2022-09-22 17:26:52,-0.9581,-0.9648,0.0041,1,False Positive
1183,2537,2635,15,2,27.35359,98.83406,4.202,Construction,0.657,2019-05-22 10:59:27,0.8734,0.7632,0.0524,1,Unvalidated
1184,716,651,23,3,28.0413,91.86524,2.577,Construction,0.923,2024-11-21 08:50:16,-0.4074,0.9133,0.428,1,False Positive
1185,2285,1112,36,4,25.38658,90.5725,1.096,Flooding,0.888,2023-10-21 22:26:55,-0.6805,-0.1905,0.071,1,False Positive
1186,2326,2679,62,8,27.0366,92.30469,2.484,Debris Flow,0.523,2020-05-03 07:56:39,0.2126,0.6092,0.4613,1,Validated
1187,1261,2222,57,7,23.4414,93.42624,9.987,No Change,0.674,2023-08-20 04:05:17,0.4867,-0.6662,0.4822,0,Validated
1188,434,2766,13,2,26.09404,99.72514,9.092,No Change,0.932,2020-07-31 19:10:03,0.0562,0.7194,0.4835,0,False Positive
1189,1452,909,38,4,29.28814,98.82042,0.414,Vegetation Loss,0.633,2018-05-29 10:26:14,0.2645,0.6704,0.2244,1,Unvalidated
1190,1430,2949,20,2,23.19309,93.75441,8.627,Flooding,0.978,2019-01-28 05:49:50,0.5321,0.6623,0.0614,1,Unvalidated
1191,177,613,10,1,23.59393,97.16169,3.735,Flooding,0.501,2018-02-26 06:47:28,0.8163,-0.3411,0.0738,1,Validated
1192,79,2040,2,1,24.27491,91.53067,4.191,Debris Flow,0.898,2018-04-06 11:30:28,-0.5961,0.8529,0.0117,1,Validated
1193,2222,726,59,8,25.99875,92.02128,6.618,Erosion,0.833,2024-01-31 14:53:59,-0.4838,0.3777,0.3704,1,Validated
1194,2236,2203,15,2,26.52195,98.36947,6.505,No Change,0.714,2019-07-12 04:42:58,0.203,0.5635,0.3168,0,Validated
1195,944,512,7,1,26.4975,92.11292,0.661,Debris Flow,0.559,2019-03-05 11:16:46,0.9453,0.7019,0.4195,1,False Positive
1196,994,1258,42,5,21.53854,97.58162,8.776,Landslide,0.649,2018-07-22 13:49:48,-0.1431,-0.1356,0.2131,1,Validated
1197,945,2469,35,4,23.53823,91.53562,3.049,Vegetation Loss,0.715,2018-07-05 22:05:44,-0.7417,-0.1987,0.1115,1,Unvalidated
1198,729,1837,55,7,29.07274,94.23429,3.816,Erosion,0.832,2024-07-29 00:11:01,-0.4901,0.2556,0.0277,1,Unvalidated
1199,546,1215,20,2,23.57207,93.50274,2.598,Landslide,0.931,2024-12-07 23:59:57,-0.2587,-0.3715,0.1468,1,Unvalidated
1200,1573,1589,48,6,26.43006,95.03113,2.469,Debris Flow,0.936,2018-02-18 08:26:59,-0.621,-0.6425,0.2592,1,Validated
1201,2092,658,35,4,22.8241,91.74307,9.814,Debris Flow,0.541,2021-08-26 09:24:05,0.9387,-0.2898,0.1704,1,Unvalidated
1202,740,5,12,1,26.8859,98.32447,7.788,Vegetation Loss,0.779,2019-08-23 12:51:35,-0.4293,0.9131,0.3833,1,False Positive
1203,1454,639,41,5,22.51182,94.27899,0.297,Erosion,0.625,2022-06-09 22:01:10,0.8693,-0.225,0.2867,1,False Positive
1204,681,897,48,6,26.7888,95.05543,3.14,No Change,0.654,2023-10-15 18:58:34,-0.5371,-0.0383,0.3399,0,False Positive
1205,1433,1865,24,3,24.61108,99.40663,6.958,Flooding,0.623,2021-11-05 14:49:18,0.279,-0.9418,0.1307,1,False Positive
1206,1623,118,34,4,26.12297,97.13711,3.454,Construction,0.801,2024-10-12 16:39:15,-0.9879,0.4009,0.431,1,False Positive
1207,1582,2777,44,5,29.47054,98.82765,5.629,Flooding,0.634,2022-04-24 08:22:44,-0.8542,0.2482,0.1632,1,Validated
1208,849,1877,21,2,24.1784,99.28137,8.765,Vegetation Loss,0.891,2021-12-21 03:42:36,-0.1801,0.991,0.2065,1,Unvalidated
1209,1811,1387,2,1,23.94291,91.80508,2.728,Construction,0.868,2022-05-23 06:54:04,-0.0309,0.3009,0.0648,1,Unvalidated
1210,1182,2716,21,2,24.35824,99.4544,3.273,Vegetation Loss,0.748,2021-10-14 21:25:10,-0.8185,0.146,0.0592,1,Validated
1211,1474,2618,48,6,26.85534,95.17901,5.672,Vegetation Loss,0.579,2024-05-16 20:07:21,0.5344,-0.3238,0.1954,1,Unvalidated
1212,1839,754,48,6,26.72977,95.24975,4.961,Vegetation Loss,0.906,2018-10-07 03:16:25,0.3719,0.6661,0.2231,1,False Positive
1213,1274,2503,39,4,27.72259,91.60971,6.504,Erosion,0.787,2020-09-14 17:05:52,-0.9204,0.38,0.3808,1,False Positive
1214,529,649,20,2,23.12871,93.32083,5.377,No Change,0.673,2021-01-03 14:05:10,0.9782,-0.9571,0.1908,0,Validated
1215,1321,2954,36,4,25.76056,90.32936,6.088,Landslide,0.601,2021-10-16 01:12:53,-0.2556,-0.5983,0.3296,1,False Positive
1216,2687,927,36,4,25.23869,90.86748,5.265,No Change,0.78,2022-10-12 21:50:19,-0.1032,-0.3845,0.0301,0,Unvalidated
1217,2511,376,32,3,25.13832,95.64447,9.843,Vegetation Loss,0.614,2018-10-18 03:15:23,0.2575,0.7754,0.3374,1,False Positive
1218,666,2296,12,1,26.8248,98.4508,2.737,Landslide,0.649,2024-12-28 20:25:20,0.7976,-0.902,0.4988,1,Unvalidated
1219,1193,848,27,3,25.4918,90.33462,5.516,Vegetation Loss,0.518,2024-08-11 19:35:11,-0.2521,-0.0256,0.2422,1,Validated
1220,284,1083,58,7,26.84021,94.27735,4.75,Erosion,0.656,2021-12-08 18:57:07,0.5598,-0.3989,0.4967,1,Validated
1221,1987,1459,19,2,24.15989,96.10856,6.657,Flooding,0.548,2020-05-27 03:55:21,-0.3219,-0.0367,0.4968,1,Validated
1222,1629,726,31,3,28.1823,95.60691,1.609,Vegetation Loss,0.97,2018-07-17 22:19:43,0.567,0.3673,0.3178,1,False Positive
1223,1836,2702,21,2,24.19912,99.01769,2.091,Vegetation Loss,0.732,2021-07-20 17:48:20,-0.4054,0.5001,0.4708,1,False Positive
1224,849,1411,21,2,24.1784,99.28137,5.057,Erosion,0.693,2020-04-30 19:00:03,-0.1017,-0.0336,0.4298,1,Validated
1225,1198,1652,43,5,29.74469,97.40864,7.358,Debris Flow,0.505,2019-12-30 18:24:05,-0.7393,-0.7545,0.2862,1,Unvalidated
1226,2103,1849,42,5,22.12317,97.09246,3.702,Debris Flow,0.501,2018-01-05 20:26:25,-0.9001,-0.1165,0.3917,1,Unvalidated
1227,2380,868,8,1,24.70738,98.24955,9.494,Vegetation Loss,0.533,2019-03-06 21:35:04,0.8092,0.5769,0.0173,1,False Positive
1228,2308,1336,20,2,23.2111,94.03953,2.522,Construction,0.999,2024-12-13 19:46:38,-0.539,-0.0708,0.4982,1,Validated
1229,175,2576,34,4,25.75112,98.00468,0.046,Vegetation Loss,0.507,2019-11-30 23:21:14,0.4818,0.6431,0.3783,1,Unvalidated
1230,584,1310,8,1,23.83802,99.08501,1.0,Debris Flow,0.774,2020-02-13 23:15:10,-0.448,0.7093,0.349,1,Unvalidated
1231,1945,129,50,6,24.187,92.71586,1.493,Erosion,0.71,2021-11-30 10:48:08,0.5823,0.4968,0.0371,1,Validated
1232,1174,2502,59,8,25.49024,92.68329,3.587,Erosion,0.806,2020-02-10 02:15:53,0.0439,-0.6,0.1432,1,Unvalidated
1233,367,2422,14,2,22.48149,93.06284,7.016,Construction,0.672,2018-06-14 03:19:52,0.0462,-0.2761,0.4839,1,False Positive
1234,651,2403,34,4,26.26714,97.87022,0.793,Vegetation Loss,0.837,2020-07-29 11:23:35,0.6765,-0.6168,0.2547,1,False Positive
1235,1108,2097,6,1,26.45425,96.95843,2.694,Vegetation Loss,0.604,2019-08-16 03:26:42,0.8336,-0.9926,0.4415,1,Validated
1236,1447,1598,7,1,25.98894,92.15591,7.528,Erosion,0.838,2021-06-26 12:49:15,-0.2661,-0.5429,0.4933,1,Validated
1237,1884,2651,56,7,29.64052,97.81466,3.806,Debris Flow,0.906,2024-09-13 13:18:41,-0.0512,0.434,0.2385,1,Validated
1238,320,614,21,2,24.21737,99.07571,9.019,Vegetation Loss,0.863,2020-03-24 21:07:51,0.5183,-0.1517,0.3482,1,Unvalidated
1239,189,1334,31,3,28.07333,94.93608,3.752,Construction,0.959,2023-04-16 21:18:06,0.1664,0.785,0.3253,1,Validated
1240,1834,219,58,7,27.1846,94.27143,5.996,Debris Flow,0.93,2024-06-20 09:15:36,0.8726,0.5315,0.0263,1,Unvalidated
1241,712,1841,21,2,24.1861,99.18286,3.632,Erosion,0.577,2022-04-17 14:35:55,0.1953,0.6817,0.1328,1,Unvalidated
1242,1042,3000,55,7,29.07584,94.53487,2.486,Vegetation Loss,0.758,2018-03-11 03:01:22,-0.7253,-0.5383,0.141,1,Unvalidated
1243,1583,2001,4,1,27.03978,89.90819,8.173,Construction,0.633,2019-01-22 17:34:02,-0.6978,-0.3568,0.1253,1,False Positive
1244,1248,720,50,6,23.82801,92.51454,7.524,Flooding,0.92,2019-07-23 18:38:56,0.2297,-0.0055,0.398,1,Unvalidated
1245,1596,1434,7,1,25.96211,92.01197,2.941,Construction,0.838,2024-06-27 05:27:12,0.3109,0.0376,0.4122,1,False Positive
1246,860,174,1,1,27.48049,89.93552,3.962,Construction,0.902,2019-08-24 15:32:42,0.1999,-0.3777,0.0911,1,False Positive
1247,2256,586,20,2,22.85368,93.4305,9.297,Debris Flow,0.97,2018-01-26 18:29:48,0.5241,-0.8737,0.0794,1,False Positive
1248,2236,68,15,2,26.52195,98.36947,4.517,Debris Flow,0.634,2024-06-05 10:16:25,-0.5065,0.4338,0.4829,1,Validated
1249,537,68,19,2,23.80474,96.02521,5.258,Construction,0.563,2024-09-01 16:12:01,-0.6158,-0.6432,0.1014,1,Unvalidated
1250,1655,703,61,8,26.96822,90.01003,1.914,No Change,0.738,2018-03-02 03:42:31,0.9921,-0.1239,0.4346,0,Unvalidated
1251,44,1789,35,4,23.31506,91.50904,9.265,Construction,0.587,2020-07-14 13:11:06,0.1624,0.9828,0.1571,1,False Positive
1252,426,1217,11,1,22.92047,90.90472,5.429,Landslide,0.572,2023-07-17 05:03:26,0.5991,0.7744,0.3417,1,False Positive
1253,1912,1490,11,1,22.98808,90.79278,2.611,Erosion,0.531,2022-09-24 22:06:50,-0.4434,0.184,0.1754,1,Validated
1254,2940,1554,4,1,26.35708,89.93871,4.914,Landslide,0.692,2022-10-01 13:17:17,0.2886,0.7438,0.4511,1,False Positive
1255,2733,1227,12,1,27.07697,98.16315,3.676,Debris Flow,0.558,2018-08-11 09:12:50,-0.5088,0.0215,0.2049,1,Validated
1256,1668,1164,57,7,23.73876,92.64888,6.815,No Change,0.841,2020-09-19 04:37:46,0.7573,-0.0648,0.1224,0,Validated
1257,1003,20,35,4,22.75782,91.86642,9.945,Landslide,0.967,2022-06-02 08:24:48,0.3665,-0.4147,0.2439,1,Validated
1258,615,2073,57,7,23.5238,92.97423,9.995,Construction,0.911,2023-10-27 01:00:14,-0.7662,0.848,0.1549,1,False Positive
1259,1391,2547,43,5,29.62899,97.64976,7.243,Vegetation Loss,0.72,2021-09-11 17:57:09,0.6231,0.6417,0.1814,1,Unvalidated
1260,1956,2919,62,8,26.61553,92.02736,5.95,Construction,0.957,2021-10-08 08:41:20,-0.9955,-0.7415,0.3771,1,False Positive
1261,2587,1387,22,2,22.4713,96.06987,2.73,Erosion,0.549,2022-10-25 02:10:25,-0.4459,0.6632,0.0073,1,Validated
1262,657,1771,3,1,27.84979,99.38639,0.449,Flooding,0.965,2024-01-09 06:20:44,-0.4394,-0.1931,0.2157,1,Validated
1263,2360,1179,54,6,29.96126,91.93281,9.004,Landslide,0.75,2020-09-06 18:04:58,-0.5427,-0.5004,0.0086,1,Unvalidated
1264,2112,1976,46,5,22.75081,98.06277,4.985,Flooding,0.86,2022-01-12 13:20:35,-0.3141,-0.6782,0.262,1,False Positive
1265,2813,2049,59,8,25.19045,92.58081,1.182,Construction,0.825,2024-03-01 13:37:41,-0.6739,-0.1364,0.0335,1,Unvalidated
1266,2186,585,10,1,23.67846,97.89032,9.43,Vegetation Loss,0.977,2019-05-28 13:46:14,0.9132,0.1233,0.1065,1,False Positive
1267,644,607,16,2,23.50515,90.39938,8.095,Construction,0.88,2018-11-10 11:01:07,0.5516,-0.0136,0.3417,1,False Positive
1268,2077,2438,16,2,23.7977,90.60208,3.926,Construction,0.813,2022-01-11 00:12:25,-0.1479,0.8553,0.2724,1,Validated
1269,1316,1852,55,7,28.8653,94.09934,3.017,Erosion,0.882,2023-09-26 10:19:57,0.4889,0.5767,0.0375,1,Validated
1270,2645,2355,12,1,27.11557,98.0614,0.82,No Change,0.798,2023-11-14 06:32:45,0.0171,0.7689,0.438,0,Unvalidated
1271,589,2649,1,1,26.86708,90.33374,9.781,Debris Flow,0.728,2018-04-14 17:48:02,-0.8214,0.1022,0.4109,1,Validated
1272,453,519,3,1,27.58731,99.30279,9.356,Vegetation Loss,0.935,2021-05-26 17:54:56,0.0035,-0.3062,0.2533,1,False Positive
1273,605,1066,23,3,27.44228,91.71172,4.441,Flooding,0.741,2023-04-14 13:05:39,-0.5248,0.1868,0.4657,1,False Positive
1274,2914,2448,33,4,24.08678,99.93102,0.028,Debris Flow,0.815,2022-11-13 00:06:04,-0.4423,-0.7754,0.0866,1,Unvalidated
1275,2111,2098,20,2,23.07497,93.24169,8.642,Flooding,0.512,2020-12-20 19:43:15,0.5075,0.4897,0.3075,1,Unvalidated
1276,2522,1615,51,6,30.06673,91.0603,6.51,Construction,0.709,2023-01-09 19:57:31,0.8958,0.7298,0.2719,1,Validated
1277,2445,339,8,1,24.67767,98.9556,4.987,Landslide,0.659,2018-08-04 20:35:43,0.8313,0.9211,0.3042,1,Validated
1278,2525,2804,13,2,25.93755,99.57575,5.003,Vegetation Loss,0.726,2024-04-02 22:12:47,-0.4154,-0.1113,0.2028,1,Unvalidated
1279,2026,1409,35,4,22.79217,91.46292,7.675,Construction,0.697,2023-11-17 19:52:10,-0.4927,0.14,0.2515,1,Unvalidated
1280,2344,500,19,2,24.02537,96.77277,1.553,Flooding,0.672,2020-07-27 00:16:17,0.7728,0.9309,0.4817,1,Validated
1281,1895,2014,25,3,26.75711,97.24011,7.702,Erosion,0.734,2019-11-25 03:26:48,-0.1043,0.3577,0.3925,1,False Positive
1282,1095,1721,19,2,23.97299,96.45748,7.713,Vegetation Loss,0.559,2024-04-20 09:54:57,-0.1225,0.5988,0.3335,1,Unvalidated
1283,907,2904,57,7,23.37075,92.66214,3.641,Flooding,0.586,2020-09-09 20:09:18,0.5643,-0.1292,0.1392,1,False Positive
1284,1446,617,38,4,29.90023,98.67332,3.506,Flooding,0.52,2021-06-01 14:02:55,-0.6015,0.1339,0.3487,1,Validated
1285,1541,2888,23,3,28.08552,91.78003,3.039,Flooding,0.917,2023-01-20 08:51:36,0.2023,0.8073,0.1922,1,Validated
1286,944,1677,7,1,26.4975,92.11292,4.161,Flooding,0.942,2018-01-03 13:26:09,0.6858,-0.6181,0.4122,1,Unvalidated
1287,1303,132,44,5,29.77946,98.39947,6.258,Flooding,0.863,2018-07-25 02:27:22,-0.9931,-0.8367,0.2003,1,False Positive
1288,1556,1722,42,5,22.49355,97.64344,0.166,Landslide,0.887,2024-09-27 06:46:13,-0.7013,0.7063,0.1368,1,False Positive
1289,468,619,28,3,28.55842,92.92813,0.675,Vegetation Loss,0.551,2018-12-02 17:38:39,0.8226,0.6239,0.3146,1,Validated
1290,1880,304,10,1,23.51852,97.92463,2.053,Vegetation Loss,0.754,2019-06-05 01:40:51,-0.7897,0.3674,0.4652,1,Unvalidated
1291,1086,96,29,3,25.50628,99.28587,5.737,No Change,0.949,2021-04-24 00:42:42,0.3493,0.7021,0.3356,0,Unvalidated
1292,2638,1742,30,3,25.59662,92.67261,1.235,Erosion,0.8,2024-05-06 04:41:01,0.2038,0.4456,0.3382,1,Unvalidated
1293,2668,193,52,6,28.33641,99.52148,9.588,Erosion,0.902,2020-10-11 11:30:19,-0.0288,-0.8316,0.0531,1,Unvalidated
1294,1646,530,19,2,24.48659,96.28008,6.736,Vegetation Loss,0.847,2024-11-27 22:57:51,0.0944,0.959,0.3018,1,Unvalidated
1295,2679,623,48,6,26.92208,95.16734,1.455,Debris Flow,0.952,2023-05-24 09:53:23,-0.4187,-0.6634,0.2852,1,Unvalidated
1296,1606,2084,29,3,26.06091,99.171,2.911,Erosion,0.581,2020-04-08 16:58:59,-0.4048,0.8424,0.2056,1,Unvalidated
1297,629,186,50,6,24.14272,92.13908,2.867,Landslide,0.878,2023-06-21 19:49:37,0.9148,0.6477,0.3908,1,Unvalidated
1298,2673,436,11,1,22.89019,90.5403,2.054,Flooding,0.636,2021-10-31 22:16:03,-0.3517,-0.4283,0.2229,1,Unvalidated
1299,782,468,26,3,24.30845,89.89833,7.093,Vegetation Loss,0.983,2023-12-22 12:28:35,-0.5113,0.6884,0.3235,1,False Positive
1300,1540,1137,24,3,23.77615,98.9949,3.889,No Change,0.638,2023-08-16 18:56:17,0.6528,-0.8798,0.2614,0,False Positive
1301,702,730,43,5,29.55105,97.87265,1.776,Vegetation Loss,0.819,2023-07-03 09:54:37,-0.7983,-0.376,0.3629,1,Validated
1302,2628,190,41,5,23.16035,94.30471,8.318,Landslide,0.824,2020-01-04 21:19:25,-0.6244,0.2831,0.1948,1,Unvalidated
1303,162,2077,11,1,22.99505,90.53646,0.33,Vegetation Loss,0.865,2024-04-24 23:50:54,-0.1802,0.2914,0.4138,1,Validated
1304,1724,2743,28,3,28.98245,93.23487,1.1,Debris Flow,0.672,2024-09-08 14:04:52,-0.23,0.5226,0.4379,1,Validated
1305,2599,2306,12,1,27.08271,98.43305,2.264,Vegetation Loss,0.725,2020-06-09 05:56:07,-0.1108,0.1705,0.2188,1,Validated
1306,2488,2533,49,6,29.13174,98.57225,0.066,Erosion,0.521,2022-09-04 09:52:31,0.4632,0.6067,0.009,1,Validated
1307,2814,1349,50,6,24.21494,92.20676,8.352,No Change,0.658,2023-02-12 19:46:26,-0.7784,0.5911,0.4683,0,Validated
1308,551,755,57,7,23.20684,93.47467,7.235,Debris Flow,0.941,2022-03-21 12:25:28,0.1546,-0.9195,0.082,1,Unvalidated
1309,638,2151,15,2,27.02597,98.56807,4.194,Construction,0.602,2024-06-22 01:07:51,-0.5781,-0.1135,0.3733,1,Unvalidated
1310,998,2096,33,4,23.27431,100.19092,9.588,Vegetation Loss,0.931,2022-05-10 08:43:12,0.6029,-0.895,0.4539,1,Unvalidated
1311,1684,1622,50,6,24.27671,92.14592,6.464,Vegetation Loss,0.713,2018-01-22 19:45:54,-0.1263,-0.1275,0.1203,1,False Positive
1312,1826,350,55,7,28.76698,93.86217,8.711,Landslide,0.973,2020-11-02 16:39:29,-0.0784,0.9612,0.3785,1,Validated
1313,2435,2795,25,3,26.49142,97.17334,2.352,Debris Flow,0.753,2022-08-02 00:49:04,0.9625,-0.3032,0.3958,1,False Positive
1314,433,1837,15,2,27.27495,98.80234,5.234,Construction,0.969,2021-02-05 08:33:19,-0.6219,0.5594,0.0628,1,False Positive
1315,2787,1033,56,7,29.60635,98.02235,0.987,Debris Flow,0.854,2023-02-18 17:22:45,0.1429,-0.3575,0.0917,1,Validated
1316,468,573,28,3,28.55842,92.92813,9.705,Erosion,0.548,2023-08-13 04:27:18,-0.7727,0.1418,0.2425,1,Validated
1317,1339,2212,9,1,27.76436,93.09372,2.448,Landslide,0.799,2024-12-22 23:00:54,0.0672,-0.3052,0.1259,1,False Positive
1318,299,2892,42,5,22.48952,97.24902,4.311,Vegetation Loss,0.74,2022-12-24 23:32:16,-0.8718,0.8939,0.2898,1,Unvalidated
1319,102,2953,16,2,23.99893,90.96774,9.788,Construction,0.946,2024-12-21 22:47:34,-0.3632,0.118,0.0131,1,False Positive
1320,1151,2553,23,3,27.55413,91.28212,3.343,Construction,0.905,2018-04-07 05:50:30,-0.2319,-0.8655,0.3822,1,False Positive
1321,135,843,33,4,24.23038,99.71968,8.802,Vegetation Loss,0.924,2019-08-15 15:22:26,-0.4607,-0.6239,0.1623,1,Unvalidated
1322,2820,886,10,1,23.34587,97.74505,6.376,No Change,0.951,2020-06-11 21:34:20,0.4921,-0.8439,0.1749,0,False Positive
1323,761,641,12,1,27.04482,98.30533,9.301,Construction,0.843,2023-09-21 05:48:31,-0.5908,0.9295,0.2744,1,False Positive
1324,2965,785,30,3,26.10495,92.75761,8.535,Construction,0.936,2021-03-27 18:10:29,-0.9839,0.0357,0.0146,1,Unvalidated
1325,2719,1807,36,4,25.05695,90.40525,6.439,Vegetation Loss,0.738,2023-11-20 11:08:24,0.093,0.647,0.0018,1,Validated
1326,923,651,7,1,26.79342,92.31384,6.102,Vegetation Loss,0.811,2020-12-10 15:28:11,-0.2056,0.6684,0.1255,1,Unvalidated
1327,1970,1877,46,5,23.67245,97.45183,9.385,Debris Flow,0.821,2023-10-23 03:11:23,0.6918,0.195,0.1637,1,Validated
1328,1414,411,26,3,23.39046,89.9804,8.7,Erosion,0.816,2024-10-07 07:26:15,-0.7714,0.1281,0.1522,1,Unvalidated
1329,553,2663,20,2,22.87071,93.89212,7.398,No Change,0.711,2023-12-06 14:56:43,0.2342,0.5923,0.4955,0,Validated
1330,2837,1764,35,4,23.71929,91.45695,2.506,Erosion,0.775,2018-11-16 02:23:56,-0.2557,-0.2759,0.4651,1,False Positive
1331,1465,93,23,3,28.2226,92.01648,3.476,Construction,0.603,2019-01-03 05:12:40,-0.8767,0.1558,0.2161,1,Unvalidated
1332,3000,2518,53,6,28.47721,90.96536,1.044,Construction,0.908,2020-08-03 05:54:42,-0.7684,-0.8374,0.0249,1,False Positive
1333,1701,792,22,2,22.60106,96.72631,5.256,Flooding,0.545,2021-03-28 11:58:57,0.8041,0.2926,0.0769,1,Validated
1334,1735,107,9,1,27.85856,93.22287,1.819,Construction,0.641,2022-03-26 11:04:22,0.8638,0.9209,0.3011,1,Unvalidated
1335,2370,5,23,3,28.07323,91.41601,4.457,Debris Flow,0.902,2022-04-20 22:04:37,-0.358,0.4816,0.3935,1,Unvalidated
1336,2250,1457,19,2,23.90826,96.13126,3.926,No Change,0.827,2020-10-22 08:37:55,0.5572,-0.1844,0.4201,0,False Positive
1337,147,1961,8,1,23.96976,98.22489,9.358,Flooding,0.683,2019-01-23 04:28:51,0.8067,-0.1015,0.341,1,False Positive
1338,2659,583,5,1,23.88086,94.56312,0.317,No Change,0.504,2018-10-13 06:07:07,0.419,-0.3624,0.3109,0,False Positive
1339,162,1976,11,1,22.99505,90.53646,8.901,Debris Flow,0.643,2020-02-23 12:39:17,0.5912,0.3039,0.098,1,Validated
1340,999,2741,22,2,22.35634,96.76815,7.218,Debris Flow,0.51,2018-03-27 00:35:32,0.4118,-0.3208,0.1648,1,Validated
1341,2494,2730,61,8,26.27951,89.95292,2.563,Debris Flow,0.582,2024-04-23 22:23:50,0.9036,-0.2451,0.4502,1,False Positive
1342,2253,71,30,3,25.18538,92.32433,6.042,Debris Flow,0.828,2022-12-22 09:11:09,-0.4703,0.91,0.2354,1,False Positive
1343,1441,1310,34,4,26.18154,97.3933,6.485,Debris Flow,0.713,2018-10-05 14:43:54,-0.5784,0.7442,0.3183,1,Validated
1344,1421,2651,25,3,26.45138,97.29758,6.031,Construction,0.591,2018-12-08 03:12:56,0.3334,-0.1786,0.1439,1,Unvalidated
1345,1007,2804,23,3,27.95105,91.86371,7.429,Erosion,0.804,2019-11-18 20:23:32,-0.5493,-0.9596,0.2701,1,Unvalidated
1346,2618,637,11,1,23.21428,90.76622,1.885,Construction,0.662,2019-03-25 00:50:55,-0.4617,0.9594,0.4955,1,Validated
1347,135,816,33,4,24.23038,99.71968,7.193,Flooding,0.561,2019-11-16 22:02:36,-0.4358,0.4457,0.0997,1,False Positive
1348,1724,1117,28,3,28.98245,93.23487,8.928,Landslide,0.882,2023-03-24 17:47:03,0.7769,0.1873,0.4037,1,Unvalidated
1349,20,1445,40,5,28.39305,97.29411,5.07,No Change,0.859,2019-07-23 10:20:01,0.478,-0.6621,0.3221,0,Validated
1350,2832,845,16,2,23.05804,90.99612,5.294,Erosion,0.5,2024-11-05 21:41:24,-0.7313,0.6738,0.4997,1,Validated
1351,1931,1064,19,2,23.99054,96.41388,5.908,Landslide,0.625,2023-01-13 04:15:58,0.7357,0.3222,0.2112,1,Unvalidated
1352,712,1430,21,2,24.1861,99.18286,9.719,Erosion,0.877,2018-04-14 23:45:20,0.2522,-0.1435,0.428,1,Unvalidated
1353,678,890,40,5,28.09825,97.99449,7.711,Debris Flow,0.808,2024-03-09 20:06:55,0.1084,-0.291,0.2031,1,Validated
1354,2575,1165,53,6,28.16118,91.22464,8.132,Construction,0.857,2018-02-06 13:07:10,-0.1387,-0.5137,0.3525,1,Unvalidated
1355,1126,1074,23,3,28.32961,91.97459,5.252,Erosion,0.549,2024-04-27 19:31:27,0.9025,-0.3451,0.2994,1,False Positive
1356,796,2397,9,1,27.80386,93.04977,0.436,Erosion,0.982,2021-01-21 09:45:57,0.3572,-0.0937,0.3701,1,Unvalidated
1357,1966,2182,26,3,23.77947,90.42311,2.686,Debris Flow,0.89,2020-02-12 06:06:20,-0.4843,-0.6583,0.3185,1,Validated
1358,2576,166,16,2,24.0027,90.62457,7.916,Flooding,0.679,2022-06-07 03:13:14,-0.7126,0.7542,0.4832,1,Unvalidated
1359,1889,1364,57,7,23.70782,92.83451,0.164,Construction,0.775,2023-07-30 08:16:50,-0.0463,0.107,0.3538,1,Validated
1360,2489,2533,40,5,27.56848,97.92522,2.569,No Change,0.63,2020-05-21 10:33:44,0.1208,0.3322,0.1495,0,Unvalidated
1361,270,2117,30,3,25.55252,93.09651,9.156,Vegetation Loss,0.933,2020-07-04 16:57:46,-0.4247,-0.0202,0.3422,1,Validated
1362,703,2852,7,1,26.8157,92.27936,6.75,Debris Flow,0.777,2022-03-06 06:56:22,-0.7649,-0.4459,0.432,1,Validated
1363,2247,2042,37,4,26.55829,94.32501,6.94,Vegetation Loss,0.631,2019-08-06 17:07:36,0.2731,-0.2864,0.3003,1,Validated
1364,2769,2426,51,6,29.42558,90.85589,2.155,Debris Flow,0.686,2021-11-14 00:56:24,-0.0989,0.7558,0.1786,1,False Positive
1365,1110,2914,4,1,26.92931,90.37302,4.111,Erosion,0.678,2020-06-21 06:54:54,-0.5754,0.9987,0.459,1,False Positive
1366,2619,1131,30,3,25.25836,92.71093,9.5,No Change,0.783,2019-09-06 20:45:40,-0.6154,-0.9865,0.2284,0,Validated
1367,2322,389,56,7,29.68677,97.78892,6.972,No Change,0.81,2022-11-04 20:22:14,0.9938,0.5521,0.0015,0,Validated
1368,537,251,19,2,23.80474,96.02521,0.473,Erosion,0.79,2020-02-02 18:42:04,0.781,-0.0969,0.2239,1,False Positive
1369,882,1105,53,6,27.77622,91.11158,7.837,Debris Flow,0.782,2019-01-26 18:29:26,0.3801,-0.3112,0.0791,1,Validated
1370,362,1815,46,5,23.13211,97.22185,3.05,Landslide,0.989,2024-07-26 22:47:10,-0.0096,0.536,0.2512,1,Validated
1371,2795,908,8,1,24.38287,99.00488,2.529,Erosion,0.963,2024-01-01 21:51:47,0.8953,-0.1659,0.1974,1,Unvalidated
1372,316,885,23,3,28.13318,91.25149,3.606,Construction,0.52,2024-10-31 21:44:13,-0.5167,-0.6752,0.3104,1,False Positive
1373,1933,1635,48,6,26.93738,95.13847,9.527,Erosion,0.889,2023-01-03 23:20:18,0.9811,-0.6696,0.2887,1,Unvalidated
1374,2952,2978,50,6,23.59632,92.78115,9.823,Landslide,0.796,2021-03-31 22:54:30,-0.0736,0.6191,0.2606,1,False Positive
1375,1325,589,20,2,23.79734,93.83437,2.358,Construction,0.707,2018-09-13 00:32:52,-0.927,0.2612,0.1757,1,Validated
1376,205,1341,33,4,24.24171,99.63181,5.143,Flooding,0.981,2024-03-30 08:50:26,0.8557,0.0988,0.3221,1,Unvalidated
1377,222,941,18,2,28.99974,98.88216,8.477,Landslide,0.701,2022-12-10 19:31:18,-0.9847,0.5677,0.4112,1,Unvalidated
1378,1059,151,19,2,23.73726,95.92044,1.091,Construction,0.575,2020-09-15 03:47:00,0.5264,0.9248,0.3159,1,Unvalidated
1379,2395,2183,48,6,27.06499,95.20148,5.991,Flooding,0.773,2024-03-09 06:43:25,0.2758,-0.6544,0.0471,1,False Positive
1380,970,429,59,8,25.68965,92.77299,0.197,No Change,0.824,2023-01-20 21:19:16,0.4395,-0.8115,0.3153,0,False Positive
1381,1738,664,51,6,29.30717,91.15051,9.927,Debris Flow,0.648,2018-06-22 05:27:36,0.7225,-0.5083,0.3399,1,Validated
1382,664,1246,54,6,29.41229,91.84423,4.042,Construction,0.589,2024-01-05 19:06:21,-0.0115,-0.7288,0.1342,1,Unvalidated
1383,1434,733,20,2,23.39423,93.38419,5.452,Construction,0.636,2019-11-15 18:10:16,0.9912,0.188,0.0583,1,Validated
1384,1591,1857,38,4,29.64754,98.95213,4.033,Landslide,0.862,2020-11-02 03:38:03,-0.1823,-0.1984,0.2178,1,Unvalidated
1385,265,1553,27,3,25.01381,90.71824,4.549,Construction,0.51,2023-07-03 16:19:39,0.0702,0.827,0.3291,1,Unvalidated
1386,1413,1325,2,1,24.1364,91.07411,1.854,Erosion,0.503,2021-01-15 09:34:30,0.2448,-0.4688,0.4859,1,Unvalidated
1387,2637,402,52,6,28.87399,100.18816,0.803,Debris Flow,0.588,2018-09-02 00:06:52,-0.4806,0.1515,0.2089,1,False Positive
1388,367,610,14,2,22.48149,93.06284,0.989,Construction,0.546,2024-09-03 22:56:07,-0.6047,-0.8274,0.2016,1,False Positive
1389,1897,678,22,2,22.75703,96.28343,8.451,No Change,0.854,2018-11-30 19:27:45,-0.5247,0.3702,0.3408,0,Unvalidated
1390,700,63,1,1,26.99626,90.26425,3.08,Construction,0.766,2020-01-20 04:03:04,-0.8786,-0.6442,0.3258,1,False Positive
1391,2698,52,33,4,23.28812,99.49003,3.449,No Change,0.671,2022-05-11 15:39:49,0.5498,-0.9024,0.4641,0,Unvalidated
1392,960,2995,30,3,26.04479,93.12356,8.407,Debris Flow,0.691,2019-12-27 10:28:39,0.2936,0.3021,0.4396,1,Unvalidated
1393,1947,2219,50,6,24.26593,92.57896,3.766,Vegetation Loss,0.599,2021-07-17 02:11:36,-0.8999,-0.705,0.4929,1,Unvalidated
1394,1437,511,9,1,27.5507,93.61688,2.396,No Change,0.658,2024-10-12 02:37:00,-0.2809,-0.3988,0.3787,0,Validated
1395,1849,2169,40,5,27.91142,97.70119,2.629,Landslide,0.772,2019-01-15 16:30:23,-0.1866,-0.817,0.1693,1,Validated
1396,629,1152,50,6,24.14272,92.13908,8.892,Debris Flow,0.533,2020-10-30 09:32:01,0.7163,0.6519,0.1526,1,Validated
1397,1950,100,26,3,23.99652,89.93112,5.975,Erosion,0.621,2024-06-08 19:38:14,-0.8433,-0.2683,0.2475,1,False Positive
1398,2260,39,44,5,29.51433,98.2822,6.492,Erosion,0.853,2021-09-21 22:33:09,-0.473,0.4462,0.1455,1,False Positive
1399,212,1310,52,6,28.72824,100.04894,3.66,Debris Flow,0.645,2020-02-11 15:19:36,0.9541,-0.9106,0.2129,1,Unvalidated
1400,242,87,27,3,24.77588,90.23635,0.507,Vegetation Loss,0.832,2021-11-22 01:26:34,-0.9489,-0.4947,0.1316,1,Unvalidated
1401,713,2731,25,3,26.01144,97.04489,7.818,Erosion,0.838,2020-05-12 15:46:14,0.0584,-0.1425,0.2515,1,False Positive
1402,649,167,18,2,28.72607,99.10951,6.191,Debris Flow,0.556,2021-07-05 15:28:13,0.7498,-0.0283,0.2852,1,Unvalidated
1403,2121,814,8,1,24.0428,98.67051,9.119,No Change,0.63,2019-03-04 01:28:29,0.6951,-0.3561,0.1424,0,False Positive
1404,2751,2160,30,3,25.29643,93.11324,1.979,Debris Flow,0.589,2024-03-30 03:20:09,0.9716,-0.4922,0.0441,1,Validated
1405,2578,1282,26,3,23.60335,90.32664,3.472,Debris Flow,0.948,2018-05-25 21:05:09,0.8501,0.9332,0.3641,1,Unvalidated
1406,1808,127,22,2,22.99003,95.85872,9.038,Vegetation Loss,0.639,2024-04-24 22:34:43,-0.9419,0.1,0.0886,1,Unvalidated
1407,1321,1388,36,4,25.76056,90.32936,0.594,Flooding,0.635,2021-12-30 06:09:05,-0.8298,0.9297,0.0754,1,False Positive
1408,963,1792,15,2,27.25887,98.64469,5.189,No Change,0.604,2023-01-21 10:21:47,-0.7576,-0.0959,0.0392,0,False Positive
1409,357,1509,12,1,26.68663,98.32976,2.123,No Change,0.501,2019-03-22 05:46:53,-0.2736,-0.1834,0.4932,0,Validated
1410,391,2069,41,5,22.91986,93.86019,3.502,Construction,0.614,2018-06-22 12:47:13,0.3953,-0.8742,0.1652,1,False Positive
1411,1976,2754,35,4,22.77251,91.27576,3.909,No Change,0.595,2018-09-08 13:22:50,-0.1212,0.9857,0.2779,0,False Positive
1412,1741,2404,41,5,22.58148,94.35443,6.344,Flooding,0.511,2018-12-22 20:32:25,0.441,-0.612,0.1184,1,Validated
1413,1536,2769,16,2,23.50249,90.323,6.977,No Change,0.882,2019-01-09 06:20:25,0.9758,-0.7172,0.4066,0,Validated
1414,959,2108,31,3,27.64635,95.57795,2.083,Erosion,0.512,2023-07-31 04:54:23,0.3526,-0.4678,0.0398,1,Unvalidated
1415,1175,1292,54,6,29.36641,91.97017,5.104,No Change,0.972,2023-11-08 23:11:46,0.2461,0.615,0.343,0,Validated
1416,2844,1473,22,2,22.27362,95.85504,8.253,Vegetation Loss,0.78,2018-04-14 20:56:40,-0.88,0.1354,0.2585,1,Unvalidated
1417,2518,908,36,4,25.2364,91.0548,7.26,No Change,0.606,2019-10-14 07:58:44,-0.2175,0.8668,0.3795,0,False Positive
1418,2470,2791,5,1,23.96454,94.6088,6.613,Erosion,0.64,2018-02-28 10:54:40,0.7947,-0.379,0.1353,1,Validated
1419,2991,1845,14,2,22.30431,92.89713,5.124,Landslide,0.654,2022-10-19 02:05:26,-0.7833,0.2297,0.4549,1,Validated
1420,2992,1934,52,6,28.85983,99.59984,1.004,Construction,0.767,2021-07-07 18:55:37,-0.0111,0.4963,0.1398,1,Unvalidated
1421,2752,655,45,5,28.38057,95.09371,8.669,Debris Flow,0.702,2022-11-19 02:02:44,0.9588,0.7062,0.0831,1,Unvalidated
1422,2387,2145,35,4,23.54014,91.10883,2.108,Debris Flow,0.6,2020-04-08 14:42:51,-0.4378,-0.6534,0.1093,1,Unvalidated
1423,1841,676,40,5,28.08454,97.99956,1.703,Flooding,0.875,2023-10-29 15:07:43,-0.231,-0.7316,0.2915,1,False Positive
1424,1012,131,25,3,26.311,97.21791,0.957,No Change,0.588,2022-11-05 13:31:27,-0.9437,-0.7532,0.2338,0,False Positive
1425,978,2042,19,2,24.22088,96.71443,6.633,No Change,0.751,2020-03-27 10:30:59,0.3365,0.5492,0.1303,0,False Positive
1426,429,2536,40,5,28.46492,97.39698,4.161,Landslide,0.802,2018-03-19 20:17:36,0.5049,-0.44,0.1221,1,Unvalidated
1427,591,1360,57,7,23.2463,93.15337,5.941,Landslide,0.838,2018-12-27 00:37:05,0.9908,-0.3737,0.1069,1,False Positive
1428,1633,2932,62,8,26.96591,92.75145,2.43,Construction,0.728,2024-12-22 06:19:15,0.4142,0.2074,0.4993,1,Unvalidated
1429,1990,1968,11,1,22.43458,91.01954,0.982,Erosion,0.655,2020-06-11 14:58:10,0.2717,0.0907,0.2491,1,False Positive
1430,904,1484,41,5,23.12656,94.65299,9.909,Vegetation Loss,0.815,2020-03-19 03:27:42,0.5377,-0.5716,0.0944,1,Unvalidated
1431,1453,1399,16,2,23.71803,90.5528,6.304,Erosion,0.607,2021-02-24 15:39:23,-0.4635,0.3347,0.0512,1,False Positive
1432,1629,1953,31,3,28.1823,95.60691,0.374,Landslide,0.657,2023-01-17 07:01:45,-0.2932,0.58,0.1344,1,False Positive
1433,1983,2590,32,3,25.87356,96.11339,1.584,No Change,0.884,2019-04-23 20:57:39,-0.3675,-0.8351,0.2075,0,Unvalidated
1434,261,1022,59,8,26.09537,92.96461,8.148,Flooding,0.902,2022-07-08 23:17:27,-0.5506,0.0667,0.0782,1,False Positive
1435,1016,1571,45,5,28.82081,95.21913,8.544,Debris Flow,0.652,2019-01-29 17:07:37,-0.3225,-0.9102,0.0088,1,False Positive
1436,1333,348,42,5,21.61335,97.71547,4.453,Construction,0.795,2019-09-26 07:28:21,-0.4033,0.3753,0.2297,1,False Positive
1437,2365,616,34,4,26.05631,97.61331,9.758,Debris Flow,0.823,2020-05-09 13:50:48,-0.0244,-0.5625,0.304,1,Unvalidated
1438,881,2919,48,6,26.71138,94.54043,8.303,Debris Flow,0.869,2022-04-10 03:03:09,-0.9613,0.413,0.2047,1,Validated
1439,1651,2921,56,7,29.79654,97.44244,1.873,Flooding,0.793,2024-07-23 18:22:14,0.4624,-0.067,0.2889,1,Unvalidated
1440,1572,2345,27,3,24.87603,90.86569,0.507,Debris Flow,0.681,2024-10-05 19:39:08,0.3285,0.068,0.3362,1,Unvalidated
1441,1268,666,57,7,23.21061,93.54442,5.192,No Change,0.78,2023-11-17 08:43:36,-0.4013,-0.2376,0.2947,0,Validated
1442,160,679,22,2,22.58325,96.52567,3.807,Flooding,0.898,2022-03-25 21:09:26,0.2564,-0.0315,0.0282,1,False Positive
1443,426,2209,11,1,22.92047,90.90472,0.394,Vegetation Loss,0.509,2023-04-16 08:12:32,0.9854,-0.1187,0.013,1,Unvalidated
1444,1491,1221,34,4,25.90126,97.43775,0.095,No Change,0.899,2019-06-09 17:47:07,-0.238,0.6219,0.4111,0,Unvalidated
1445,1492,595,26,3,23.7365,90.50067,6.078,No Change,0.827,2021-07-15 04:00:57,0.4655,-0.107,0.4914,0,Unvalidated
1446,2117,2413,44,5,29.56344,98.84684,0.637,Erosion,0.913,2022-07-29 08:47:32,0.8023,0.8349,0.4537,1,Validated
1447,2897,1154,8,1,24.09924,98.48181,8.527,Flooding,0.888,2019-02-21 01:32:19,-0.8147,-0.9589,0.125,1,False Positive
1448,1997,1713,42,5,21.80343,97.11362,4.199,Landslide,0.817,2020-05-04 17:06:45,-0.011,0.4656,0.161,1,Validated
1449,2180,695,44,5,29.24462,98.67341,7.025,Flooding,0.794,2022-05-13 07:15:58,-0.6995,-0.8509,0.4586,1,Validated
1450,802,1336,30,3,25.6724,92.39939,2.859,No Change,0.838,2020-03-20 04:26:08,0.9325,0.2968,0.4144,0,False Positive
1451,2690,2997,30,3,25.72307,92.78703,0.373,Debris Flow,0.622,2020-06-19 00:04:36,-0.2,-0.7823,0.2296,1,False Positive
1452,1969,2196,32,3,25.91629,96.06128,9.252,Debris Flow,0.81,2023-12-11 09:12:16,-0.0519,-0.3783,0.4763,1,False Positive
1453,1642,247,24,3,23.90881,99.38382,7.119,No Change,0.596,2020-10-23 02:54:21,0.3225,0.2257,0.1383,0,Validated
1454,2651,1270,29,3,26.32998,98.82019,1.937,Construction,0.935,2020-08-12 22:01:35,0.9123,-0.4424,0.3151,1,Validated
1455,2745,1747,17,2,23.6304,92.78119,7.012,Debris Flow,0.545,2020-04-09 07:16:03,-0.4082,0.1567,0.1007,1,Validated
1456,2783,1106,10,1,23.91173,97.68208,6.793,Flooding,0.747,2021-05-29 10:15:02,-0.1181,-0.6543,0.4117,1,False Positive
1457,2959,396,32,3,25.53705,95.85542,0.643,Landslide,0.619,2024-04-19 21:24:40,0.0346,-0.837,0.3741,1,False Positive
1458,1518,647,62,8,27.49124,92.14131,7.888,Flooding,0.609,2018-02-12 21:31:28,-0.3511,0.1904,0.0326,1,Unvalidated
1459,2779,605,32,3,25.31711,95.87411,2.108,No Change,0.811,2019-10-03 10:16:43,0.0017,0.4992,0.3795,0,False Positive
1460,459,2957,5,1,24.16108,94.91513,4.564,No Change,0.827,2018-05-10 01:08:55,-0.9196,0.4936,0.4187,0,Validated
1461,2450,155,60,8,25.0933,95.79864,4.119,Flooding,0.95,2018-06-27 01:44:43,0.5717,-0.0307,0.2815,1,Validated
1462,396,2696,45,5,28.33113,94.93279,0.287,Erosion,0.871,2019-07-19 19:54:24,-0.9853,0.4273,0.137,1,Unvalidated
1463,711,1144,18,2,28.67136,98.52501,0.881,Landslide,0.539,2021-04-28 22:58:44,-0.5569,0.9389,0.335,1,False Positive
1464,2370,600,23,3,28.07323,91.41601,4.342,No Change,0.679,2020-11-01 11:16:31,0.4981,-0.0896,0.2446,0,Validated
1465,736,185,20,2,22.93877,93.88036,5.973,Flooding,0.525,2021-10-16 10:12:49,-0.1067,-0.1071,0.2011,1,False Positive
1466,2510,2871,22,2,22.50965,96.69688,5.61,Flooding,0.623,2019-01-21 19:58:27,-0.8615,-0.8897,0.3904,1,Unvalidated
1467,526,61,55,7,29.13412,94.68562,4.349,Vegetation Loss,0.996,2019-10-17 23:16:20,-0.9885,0.0215,0.2768,1,Validated
1468,2612,733,40,5,27.9107,97.61003,7.131,Debris Flow,0.782,2020-05-08 00:15:17,0.0744,0.3039,0.0525,1,Unvalidated
1469,2150,1302,43,5,29.70383,97.44532,3.043,Erosion,0.504,2018-09-01 12:43:14,-0.7485,-0.0035,0.4673,1,False Positive
1470,193,2441,58,7,27.5637,94.1012,4.911,Erosion,0.625,2018-06-10 21:18:14,-0.3814,-0.7732,0.09,1,Validated
1471,303,891,59,8,25.92624,92.96772,4.973,Construction,0.841,2018-02-06 08:29:25,0.2587,-0.1622,0.3983,1,Validated
1472,1682,2449,46,5,22.82467,97.17491,4.914,Landslide,0.609,2024-10-07 16:15:20,-0.33,-0.0436,0.3805,1,False Positive
1473,1476,1309,55,7,28.51149,94.71887,9.698,Erosion,0.611,2024-07-01 11:40:29,-0.9578,-0.4258,0.4732,1,Validated
1474,1553,2447,28,3,28.7071,93.47508,2.148,Debris Flow,0.637,2022-07-29 17:14:57,-0.4946,-0.0253,0.3344,1,Validated
1475,1744,658,61,8,26.61369,90.26923,1.852,Construction,0.562,2022-07-25 23:47:49,-0.9981,0.3726,0.2342,1,Unvalidated
1476,1688,567,30,3,25.76651,93.07229,4.964,Vegetation Loss,0.536,2022-03-26 18:55:32,0.8599,0.2532,0.4739,1,False Positive
1477,2264,881,8,1,24.19822,98.52776,3.05,Erosion,0.755,2019-07-05 19:46:35,-0.5534,-0.287,0.2345,1,Validated
1478,954,1651,60,8,24.32545,95.78786,0.136,Construction,0.746,2020-07-01 06:03:26,-0.0388,0.1454,0.0268,1,Unvalidated
1479,2626,2140,42,5,22.18816,97.48987,8.01,Debris Flow,0.818,2023-12-17 03:56:09,0.7191,0.9747,0.1415,1,False Positive
1480,1774,1845,25,3,26.25937,96.71345,2.97,Debris Flow,0.661,2020-01-12 16:10:58,0.0753,-0.0641,0.1234,1,Unvalidated
1481,2486,1691,3,1,26.91539,98.71323,0.363,Landslide,0.522,2020-09-13 19:38:18,-0.6769,-0.5636,0.4689,1,False Positive
1482,149,346,8,1,24.49886,98.7118,6.535,No Change,0.839,2021-03-12 15:15:53,0.0434,-0.3787,0.467,0,False Positive
1483,324,831,7,1,26.47304,92.10146,2.336,No Change,0.807,2021-02-19 21:44:36,-0.4246,-0.0033,0.1785,0,False Positive
1484,851,297,4,1,27.20962,90.39573,8.219,No Change,0.86,2020-09-26 11:00:29,0.3525,-0.6166,0.2285,0,Unvalidated
1485,367,1192,14,2,22.48149,93.06284,9.006,Flooding,0.889,2021-06-18 15:16:43,0.657,-0.9953,0.1797,1,Unvalidated
1486,1550,2413,41,5,22.58021,94.02022,4.824,No Change,0.551,2022-06-15 11:07:57,0.3397,0.3056,0.2816,0,False Positive
1487,2979,2628,17,2,23.91565,92.53987,9.667,Vegetation Loss,0.725,2021-04-01 14:52:18,0.4411,0.4516,0.186,1,False Positive
1488,1444,1468,9,1,27.40517,93.87518,7.364,Landslide,0.568,2022-04-09 05:39:27,-0.4451,-0.2865,0.2042,1,Unvalidated
1489,1213,1067,2,1,23.84392,91.59862,2.775,Construction,0.833,2024-01-20 18:33:54,0.7972,0.3641,0.3548,1,Unvalidated
1490,1138,1843,17,2,23.87469,93.37468,8.117,Landslide,0.637,2018-01-28 17:23:31,-0.3223,0.4231,0.3656,1,False Positive
1491,1541,2006,23,3,28.08552,91.78003,7.008,Vegetation Loss,0.776,2021-07-16 22:24:03,0.7207,0.2089,0.4102,1,False Positive
1492,1262,1685,2,1,23.95921,91.62481,3.464,Debris Flow,0.55,2019-04-29 17:42:20,-0.0442,0.3762,0.2306,1,Unvalidated
1493,253,776,29,3,25.51369,98.7451,7.057,Flooding,0.647,2021-04-28 08:40:38,-0.2613,-0.0762,0.3606,1,Unvalidated
1494,2737,985,48,6,26.48537,95.27645,1.554,No Change,0.922,2021-01-17 15:29:32,0.8721,0.8498,0.2306,0,Unvalidated
1495,956,14,53,6,28.30315,91.67173,7.933,Flooding,0.622,2018-04-21 06:58:06,0.1416,-0.1581,0.3147,1,Unvalidated
1496,1507,2014,59,8,25.26284,92.82866,6.631,Construction,0.812,2024-03-21 13:06:14,-0.2929,0.9067,0.2401,1,Unvalidated
1497,258,2107,27,3,25.55812,90.20347,6.241,No Change,0.565,2020-06-07 01:58:20,-0.8274,0.4629,0.3163,0,False Positive
1498,252,1305,33,4,23.29457,99.88953,4.04,Vegetation Loss,0.794,2020-03-22 17:15:51,-0.9708,-0.8246,0.3839,1,False Positive
1499,150,1573,56,7,29.10247,97.72944,3.207,No Change,0.711,2024-01-31 04:06:01,-0.7988,-0.1071,0.0991,0,Unvalidated
1500,2758,115,28,3,28.60598,93.63392,5.034,No Change,0.92,2023-07-28 23:26:29,0.9244,-0.7958,0.3009,0,False Positive
1501,671,2967,19,2,24.61604,96.28723,1.516,Flooding,0.917,2022-11-24 06:27:01,0.3697,0.2407,0.0218,1,Unvalidated
1502,2601,1870,35,4,23.44467,91.1235,5.463,No Change,0.927,2024-10-23 18:28:37,0.8037,-0.824,0.3669,0,Unvalidated
1503,2824,258,31,3,28.4526,95.83076,2.55,Construction,0.567,2019-09-17 22:40:58,0.2632,0.4319,0.3285,1,Unvalidated
1504,790,1466,25,3,26.33715,96.69094,7.243,Erosion,0.589,2024-04-21 20:52:06,0.707,-0.819,0.4659,1,Validated
1505,2456,360,8,1,24.04769,98.28172,5.06,No Change,0.567,2020-01-17 13:13:01,0.9522,0.8293,0.0254,0,False Positive
1506,866,379,21,2,24.12713,99.75017,4.303,Construction,0.671,2022-10-01 13:58:23,-0.814,0.2228,0.2971,1,Validated
1507,1211,2301,60,8,24.50925,95.47418,4.178,Construction,0.906,2018-12-29 15:21:51,0.7201,-0.5546,0.4614,1,False Positive
1508,92,1919,48,6,27.03221,94.63479,0.536,Construction,0.923,2020-01-02 13:25:37,-0.8664,0.3363,0.4601,1,False Positive
1509,1822,1893,5,1,23.48306,95.15607,4.109,No Change,0.637,2024-03-01 23:48:01,-0.628,0.3601,0.2703,0,Unvalidated
1510,1232,2753,17,2,23.798,93.3067,5.212,Erosion,0.563,2018-03-22 09:35:59,0.5956,-0.4087,0.191,1,Validated
1511,1653,679,53,6,28.21065,90.8617,8.822,Flooding,0.945,2020-07-23 19:02:43,0.047,0.5527,0.072,1,Unvalidated
1512,2490,2682,53,6,28.53178,91.01211,4.784,Vegetation Loss,0.893,2019-04-08 06:20:44,0.1338,0.7584,0.1876,1,False Positive
1513,2865,1098,61,8,26.86752,90.25382,4.733,Erosion,0.696,2024-05-24 10:45:01,-0.9318,0.712,0.2637,1,Unvalidated
1514,2518,1791,36,4,25.2364,91.0548,0.275,Flooding,0.818,2022-11-16 13:21:02,-0.8077,-0.66,0.2248,1,False Positive
1515,2148,835,47,6,29.65609,99.51082,9.832,Landslide,0.777,2024-11-26 12:21:49,-0.8213,-0.4475,0.1622,1,Validated
1516,471,2722,62,8,27.40144,92.11049,5.898,Construction,0.835,2023-12-20 15:12:50,-0.1101,-0.7382,0.1271,1,Unvalidated
1517,970,2515,59,8,25.68965,92.77299,1.639,Erosion,0.673,2021-08-02 16:35:12,0.6979,0.6458,0.3863,1,Validated
1518,2072,881,34,4,26.05875,97.68683,0.645,Erosion,0.58,2018-09-07 02:18:11,-0.6875,0.9209,0.0123,1,Validated
1519,2532,291,2,1,23.49972,91.60469,8.504,Debris Flow,0.759,2018-10-17 17:11:03,0.2504,0.7124,0.3631,1,False Positive
1520,1478,1157,18,2,28.44771,98.96029,9.282,Erosion,0.696,2024-01-20 19:51:14,0.7206,0.7573,0.4723,1,Validated
1521,2292,1632,49,6,29.13215,98.91037,1.797,Erosion,0.845,2024-10-05 13:18:06,0.2916,0.7386,0.3344,1,Validated
1522,978,2962,19,2,24.22088,96.71443,8.345,Construction,0.936,2024-07-10 03:00:25,0.4327,0.6436,0.1844,1,False Positive
1523,1038,1912,56,7,29.15268,97.92298,6.158,Vegetation Loss,0.952,2023-09-01 18:34:43,-0.8624,-0.2925,0.1421,1,Unvalidated
1524,1663,398,44,5,29.01655,98.37484,5.243,Debris Flow,0.53,2022-12-08 16:27:03,0.4284,-0.128,0.0314,1,Unvalidated
1525,2630,2434,29,3,26.45534,99.32285,2.513,Erosion,0.984,2024-06-03 07:41:39,-0.4641,-0.5378,0.0407,1,False Positive
1526,2019,1479,20,2,23.69532,93.38156,2.431,Debris Flow,0.946,2024-06-23 15:31:23,-0.2451,0.0468,0.2537,1,Validated
1527,441,1550,46,5,23.25335,97.18398,7.2,Construction,0.819,2018-02-12 22:38:19,-0.3346,-0.9025,0.4197,1,Validated
1528,2726,1150,7,1,25.91243,92.03355,4.161,Flooding,0.845,2022-02-08 19:04:01,-0.4325,-0.9594,0.2303,1,Validated
1529,352,2251,32,3,25.89604,95.46463,9.682,Debris Flow,0.985,2023-06-24 19:10:08,-0.3961,0.3426,0.0817,1,Unvalidated
1530,2867,1355,37,4,26.78839,95.05087,7.43,Debris Flow,0.561,2020-03-03 01:53:40,-0.8053,-0.4423,0.2783,1,Validated
1531,2548,1031,49,6,29.39647,98.4001,1.251,Erosion,0.71,2020-09-19 18:45:39,0.2547,0.7392,0.4751,1,False Positive
1532,2108,1447,53,6,28.11448,91.10988,1.31,Landslide,0.815,2019-06-05 21:36:57,0.4413,-0.0132,0.1624,1,False Positive
1533,560,2062,62,8,26.73426,92.41385,9.711,No Change,0.515,2024-02-10 18:37:56,-0.7238,-0.9683,0.2964,0,Unvalidated
1534,1938,2282,30,3,25.8344,92.81781,2.07,Landslide,0.749,2021-01-09 19:30:39,-0.7123,-0.8809,0.0309,1,Unvalidated
1535,1048,1866,45,5,29.06214,94.93205,8.131,No Change,0.877,2018-02-13 13:10:46,-0.5831,0.7525,0.0264,0,Validated
1536,2861,1671,33,4,24.02428,100.35066,4.939,Construction,0.832,2024-10-12 20:05:13,-0.8712,0.5401,0.07,1,Unvalidated
1537,376,2040,14,2,22.79215,93.27108,5.226,No Change,0.656,2024-10-20 06:05:02,0.8917,0.957,0.1089,0,Unvalidated
1538,2282,1680,12,1,27.06671,98.28765,9.162,Flooding,0.531,2023-03-26 13:12:41,0.3013,0.7671,0.1176,1,False Positive
1539,2205,2453,47,6,30.11903,98.78843,0.115,Erosion,0.681,2022-01-25 16:24:51,-0.6959,-0.5076,0.0463,1,False Positive
1540,2910,287,33,4,23.98374,100.30789,2.188,Debris Flow,0.768,2018-08-04 04:10:27,0.224,-0.2669,0.3235,1,Validated
1541,2243,1574,46,5,23.43312,97.66013,3.73,Vegetation Loss,0.948,2022-03-21 12:13:25,0.9082,-0.3062,0.17,1,Unvalidated
1542,68,2406,15,2,27.42753,98.31379,1.016,Construction,0.549,2023-04-28 17:22:50,-0.271,0.3648,0.1114,1,False Positive
1543,2114,2683,62,8,27.44717,91.82177,0.583,No Change,0.786,2021-07-15 02:46:22,-0.3157,0.5492,0.0403,0,Unvalidated
1544,2910,2026,33,4,23.98374,100.30789,3.464,No Change,0.689,2021-04-27 05:39:06,0.0966,0.1503,0.003,0,Validated
1545,1506,2909,49,6,29.62271,98.85514,4.833,Construction,0.872,2024-06-13 05:08:52,-0.0208,0.9534,0.1732,1,False Positive
1546,1597,825,41,5,22.64016,94.38705,5.434,Flooding,0.77,2023-07-25 20:46:28,-0.3712,-0.5192,0.0519,1,Unvalidated
1547,2968,1250,3,1,27.60843,99.32694,9.78,Erosion,0.601,2024-10-09 09:59:42,-0.2654,-0.7411,0.2872,1,Validated
1548,2748,2330,53,6,27.77555,91.74499,2.448,Flooding,0.573,2021-09-29 20:12:55,0.2873,0.7656,0.3923,1,False Positive
1549,309,2716,42,5,22.20548,96.88512,3.274,Construction,0.821,2024-09-29 14:12:36,-0.6674,0.8597,0.3092,1,Validated
1550,840,2587,24,3,23.76599,99.14914,6.74,Erosion,1.0,2019-02-19 11:41:13,-0.2671,-0.6039,0.204,1,False Positive
1551,2672,543,10,1,23.54915,97.27485,6.069,Vegetation Loss,0.577,2021-07-02 11:31:37,-0.8231,-0.6057,0.375,1,False Positive
1552,2657,1907,44,5,29.36363,98.8839,0.313,Vegetation Loss,0.551,2024-05-19 14:55:52,-0.0251,-0.5192,0.1515,1,Validated
1553,929,1066,28,3,28.6813,93.33529,4.272,Flooding,0.785,2018-05-01 22:27:33,0.4457,-0.1953,0.4872,1,Validated
1554,1701,2434,22,2,22.60106,96.72631,5.143,Flooding,0.551,2021-02-07 08:41:14,0.1498,-0.5987,0.4153,1,Validated
1555,850,829,13,2,25.94504,100.03098,2.002,Flooding,0.877,2018-10-06 17:07:39,0.3073,0.2429,0.4064,1,False Positive
1556,1097,2953,8,1,24.38352,98.55731,8.699,No Change,0.529,2020-07-18 17:55:01,-0.1122,-0.8468,0.2577,0,Unvalidated
1557,2161,1904,6,1,26.28743,96.72137,2.808,Debris Flow,0.555,2022-10-27 12:04:27,-0.1781,-0.0548,0.0821,1,Validated
1558,300,381,43,5,29.68005,97.34278,4.818,Landslide,0.856,2020-01-03 14:36:04,0.1031,0.8106,0.051,1,Validated
1559,483,1250,5,1,23.89768,95.03041,3.817,Landslide,0.707,2019-10-29 07:43:24,0.0627,-0.4727,0.4547,1,Validated
1560,2038,9,9,1,28.06378,93.16331,0.499,Construction,0.861,2024-06-20 15:44:32,0.0039,0.1207,0.1632,1,Unvalidated
1561,2023,1230,59,8,25.12737,92.43473,7.481,Flooding,0.89,2021-12-21 01:01:06,0.2928,-0.5121,0.458,1,False Positive
1562,69,1674,8,1,24.27934,98.25314,0.774,No Change,0.821,2022-06-10 19:43:14,-0.7665,0.3659,0.396,0,False Positive
1563,2767,1405,5,1,23.62218,95.24549,1.523,No Change,0.864,2018-02-06 20:28:06,-0.5242,0.1623,0.2391,0,Validated
1564,2295,2722,47,6,29.68921,99.69615,1.16,Flooding,0.555,2018-09-07 22:48:49,0.7146,0.9761,0.3006,1,Unvalidated
1565,254,1604,10,1,23.30607,97.9331,9.813,Construction,0.607,2020-12-08 10:37:21,-0.3067,-0.3697,0.4402,1,Validated
1566,2704,215,59,8,25.8327,92.20414,6.589,Landslide,0.78,2019-08-18 19:12:24,-0.9415,0.5527,0.2425,1,False Positive
1567,215,1382,9,1,27.60477,92.91682,2.259,Flooding,0.681,2021-11-07 06:49:24,0.8011,0.8064,0.4054,1,Validated
1568,2355,1478,58,7,27.53189,94.50289,5.279,Landslide,0.526,2020-03-01 18:20:40,-0.2737,-0.1921,0.0508,1,Validated
1569,804,1542,35,4,23.35124,92.07142,7.971,Landslide,0.835,2024-06-22 09:37:02,-0.1846,-0.8541,0.247,1,False Positive
1570,218,2067,33,4,23.41818,100.23471,0.897,Flooding,0.783,2022-06-25 02:38:36,0.6682,0.0654,0.2985,1,Unvalidated
1571,2147,882,30,3,25.69417,92.66538,3.258,Erosion,0.901,2018-01-14 14:22:23,-0.5679,0.3311,0.2482,1,Validated
1572,2642,349,18,2,29.04655,98.97831,2.322,Landslide,0.94,2018-07-28 14:21:17,-0.2321,0.6992,0.2938,1,Validated
1573,2651,2107,29,3,26.32998,98.82019,0.17,Vegetation Loss,0.654,2021-06-22 14:37:45,0.5965,-0.2885,0.1765,1,False Positive
1574,172,138,22,2,22.6994,95.97323,8.752,Vegetation Loss,0.631,2020-06-21 21:51:19,0.9856,0.7489,0.0783,1,Validated
1575,1259,2786,54,6,29.9985,92.03866,8.773,No Change,0.527,2019-05-27 02:04:00,0.9202,0.8747,0.1626,0,False Positive
1576,2859,411,20,2,23.32449,93.88063,9.299,Debris Flow,0.509,2018-11-29 22:22:08,0.1588,0.6562,0.0329,1,False Positive
1577,982,2490,21,2,23.6662,99.01716,3.535,Erosion,0.534,2024-08-25 06:59:35,0.0384,0.8721,0.1171,1,Unvalidated
1578,1879,2376,38,4,29.59447,98.93923,9.897,Debris Flow,0.725,2020-11-27 18:26:32,-0.3171,0.6414,0.1892,1,Validated
1579,1080,857,17,2,23.62699,92.62462,6.368,Debris Flow,0.943,2022-11-10 17:59:36,0.324,-0.5599,0.0635,1,Validated
1580,2106,2212,6,1,26.13554,97.25019,2.814,Construction,0.906,2021-01-03 22:50:49,-0.6428,-0.3236,0.2208,1,Validated
1581,894,2938,37,4,26.60387,94.27028,4.571,Debris Flow,0.821,2019-04-26 17:28:00,0.0582,0.4069,0.3014,1,False Positive
1582,291,1991,31,3,28.38103,95.4036,3.811,Erosion,0.523,2020-07-21 03:06:11,-0.6852,-0.2431,0.4548,1,False Positive
1583,1300,324,27,3,25.50677,90.27676,4.869,Vegetation Loss,0.684,2021-03-02 23:29:49,0.6114,-0.809,0.3384,1,Validated
1584,1985,2552,25,3,26.68288,97.21738,7.701,No Change,0.959,2022-05-17 21:01:47,-0.2998,-0.0581,0.1221,0,False Positive
1585,825,1904,24,3,24.62321,99.07141,9.081,Erosion,0.9,2020-04-15 06:11:52,0.7842,-0.4517,0.3017,1,Unvalidated
1586,661,2278,16,2,23.17335,91.1156,7.71,Vegetation Loss,0.605,2020-10-01 03:11:29,0.7205,-0.2839,0.3283,1,Validated
1587,1920,2067,62,8,26.74029,92.04958,0.949,Construction,0.622,2018-01-27 22:19:15,-0.7027,0.8809,0.1703,1,Validated
1588,178,2807,38,4,30.22659,98.46802,3.009,Erosion,0.802,2024-05-13 03:19:13,0.86,-0.2694,0.3972,1,False Positive
1589,2219,1887,59,8,25.49565,92.87444,2.513,Vegetation Loss,0.538,2020-03-30 14:44:47,0.7823,0.3767,0.3962,1,Validated
1590,1802,493,58,7,27.57038,93.88218,8.34,Vegetation Loss,0.922,2020-03-16 13:08:25,-0.5697,0.3556,0.2149,1,Unvalidated
1591,1813,2821,14,2,22.56804,93.09285,6.442,Vegetation Loss,0.707,2023-11-13 18:57:40,-0.519,-0.0603,0.3838,1,False Positive
1592,1142,803,24,3,24.31731,99.05456,3.502,Debris Flow,0.675,2023-12-31 03:42:31,0.646,0.1018,0.4985,1,Validated
1593,941,1426,53,6,27.74993,91.48866,9.186,Vegetation Loss,0.606,2020-10-29 17:31:44,0.1403,-0.5425,0.2832,1,False Positive
1594,1202,579,28,3,28.79501,93.23213,3.739,Landslide,0.778,2023-05-03 16:44:30,-0.5256,0.2477,0.1962,1,False Positive
1595,2809,2173,52,6,28.60878,99.77199,7.189,No Change,0.809,2018-09-14 17:00:05,0.8308,0.1621,0.1974,0,Validated
1596,2252,1400,11,1,22.54297,91.40234,8.909,Construction,0.689,2020-09-21 06:21:18,-0.0853,-0.6698,0.2702,1,False Positive
1597,200,388,50,6,23.85941,91.93637,2.141,Erosion,0.989,2018-09-25 07:37:29,-0.7529,0.7777,0.023,1,False Positive
1598,2862,862,4,1,27.06348,90.66503,7.965,Debris Flow,0.734,2019-04-10 05:04:49,-0.0772,-0.7061,0.3447,1,Unvalidated
1599,1049,1303,10,1,23.32689,97.55114,8.866,Construction,0.666,2021-12-04 15:00:12,-0.4132,-0.0769,0.268,1,False Positive
1600,1384,922,38,4,29.79165,98.17036,6.275,Debris Flow,0.521,2020-09-02 17:53:47,-0.0906,0.4138,0.231,1,False Positive
1601,1707,1001,24,3,24.16144,99.28855,7.432,Erosion,0.628,2024-02-05 03:55:19,0.8048,0.262,0.1826,1,Validated
1602,2064,1980,21,2,24.37202,99.76816,3.075,Debris Flow,0.827,2024-03-11 18:27:22,0.7236,-0.5716,0.1912,1,Unvalidated
1603,930,2112,28,3,29.35216,92.79829,4.892,Landslide,0.737,2019-05-06 19:56:34,-0.2385,-0.6097,0.4074,1,Unvalidated
1604,161,398,4,1,26.38178,90.6672,0.431,Construction,0.732,2019-01-19 18:24:45,-0.1762,-0.8348,0.4696,1,False Positive
1605,1940,1298,25,3,26.57508,96.92306,8.764,Debris Flow,0.719,2020-10-02 23:27:01,-0.9661,-0.5151,0.4338,1,Validated
1606,2228,2302,5,1,23.56754,94.66541,1.406,Landslide,0.862,2023-11-13 14:06:46,0.8456,0.1097,0.268,1,Unvalidated
1607,198,564,49,6,29.20574,98.98179,4.185,No Change,0.577,2020-03-04 18:23:30,-0.5839,-0.3651,0.2559,0,Validated
1608,2129,406,5,1,23.43778,94.58273,0.08,No Change,0.98,2024-12-15 07:13:41,-0.6334,-0.4469,0.0613,0,Validated
1609,949,2660,37,4,26.83828,95.05433,0.193,Vegetation Loss,0.951,2022-09-04 15:28:23,-0.1107,0.2102,0.0648,1,Unvalidated
1610,2713,2404,42,5,22.3555,97.45971,0.68,Landslide,0.567,2022-05-27 12:55:23,-0.2687,-0.2045,0.3913,1,Validated
1611,585,1736,40,5,28.08557,97.37615,5.822,Erosion,0.73,2018-03-16 02:59:32,-0.427,-0.399,0.2812,1,False Positive
1612,303,2338,59,8,25.92624,92.96772,9.564,No Change,0.856,2018-05-20 08:54:25,-0.7529,-0.919,0.3083,0,Unvalidated
1613,2073,390,43,5,29.86537,97.8385,7.007,Debris Flow,0.773,2020-02-13 01:50:21,-0.0347,-0.5871,0.1842,1,False Positive
1614,2099,598,24,3,24.40513,99.31517,6.603,Erosion,0.93,2023-02-20 22:16:37,-0.149,-0.3366,0.402,1,Unvalidated
1615,2086,2148,23,3,27.9899,91.97195,8.512,Erosion,0.507,2020-01-04 01:45:51,-0.5519,-0.4901,0.2767,1,Unvalidated
1616,2848,451,4,1,26.54595,90.43698,1.714,Vegetation Loss,0.662,2019-10-27 22:21:37,0.4312,0.6732,0.3198,1,False Positive
1617,1316,1882,55,7,28.8653,94.09934,1.218,Landslide,0.919,2023-05-16 07:41:38,0.743,-0.2336,0.3512,1,Unvalidated
1618,2449,1818,34,4,25.48461,97.86888,6.63,Debris Flow,0.774,2022-10-17 17:37:02,-0.5167,0.3439,0.113,1,False Positive
1619,1730,979,8,1,23.81615,98.54837,4.829,Flooding,0.553,2021-07-05 15:08:26,0.214,-0.1799,0.0872,1,Unvalidated
1620,1639,1208,50,6,24.08646,92.13343,0.784,Debris Flow,0.525,2019-06-24 22:22:25,0.5247,0.8366,0.1905,1,Unvalidated
1621,2680,2421,61,8,27.19232,90.06564,2.056,Debris Flow,0.619,2020-01-29 09:23:25,0.9833,-0.651,0.2448,1,Unvalidated
1622,861,1057,11,1,22.53756,91.25996,5.203,Vegetation Loss,0.803,2024-10-08 07:37:09,-0.4838,-0.9999,0.0795,1,False Positive
1623,1404,1836,11,1,22.93608,90.62962,9.129,Construction,0.802,2019-05-11 10:25:51,-0.0885,0.5696,0.4414,1,Unvalidated
1624,1956,508,62,8,26.61553,92.02736,7.494,Erosion,0.922,2024-10-27 15:57:35,0.7343,0.1311,0.4226,1,False Positive
1625,1239,2474,18,2,28.99077,98.32356,3.219,Erosion,0.851,2022-01-24 07:38:10,0.6908,0.5098,0.0637,1,Validated
1626,2012,822,48,6,26.63587,94.86001,2.768,No Change,0.996,2023-06-11 00:29:35,-0.4048,-0.0507,0.4118,0,False Positive
1627,2197,531,52,6,28.5221,100.23985,7.99,Landslide,0.741,2019-09-24 14:04:50,0.6063,0.5138,0.0914,1,Unvalidated
1628,1561,2499,15,2,27.43567,98.7506,0.736,Debris Flow,0.938,2018-11-26 16:28:38,0.5311,0.1322,0.1708,1,False Positive
1629,2113,2019,7,1,26.0963,92.7001,4.827,Construction,0.692,2021-04-30 19:42:04,0.8567,0.7249,0.0966,1,Unvalidated
1630,1633,25,62,8,26.96591,92.75145,9.466,Vegetation Loss,0.636,2019-10-04 13:21:37,0.7039,-0.226,0.2509,1,Unvalidated
1631,1888,482,32,3,25.42673,95.41203,2.549,Flooding,0.57,2018-11-17 04:00:40,0.983,-0.42,0.2189,1,Unvalidated
1632,1291,2342,29,3,26.38104,98.88665,4.261,Vegetation Loss,0.801,2020-05-30 22:19:39,-0.9904,0.583,0.1896,1,False Positive
1633,2074,2429,3,1,27.67329,99.24687,4.337,Landslide,0.501,2021-02-23 21:05:20,-0.4252,-0.8691,0.0251,1,Unvalidated
1634,1887,2430,46,5,23.09996,97.36681,3.472,Construction,0.701,2024-01-20 20:45:18,-0.3281,0.4179,0.2984,1,Validated
1635,775,471,31,3,27.62012,95.80459,6.89,No Change,0.53,2020-05-07 06:41:34,0.2472,0.4975,0.4043,0,Validated
1636,1243,961,40,5,28.08782,98.17235,5.673,Flooding,0.841,2021-07-19 17:18:36,0.0615,0.1637,0.3854,1,Validated
1637,2859,2741,20,2,23.32449,93.88063,4.171,No Change,0.705,2024-12-03 00:11:54,0.7645,0.2615,0.3166,0,False Positive
1638,761,786,12,1,27.04482,98.30533,4.175,Debris Flow,0.528,2018-09-20 19:24:14,0.6644,0.0326,0.222,1,False Positive
1639,230,598,31,3,27.80599,95.18981,3.696,Landslide,0.58,2020-03-02 19:33:15,-0.1091,-0.1089,0.2161,1,Validated
1640,2847,538,22,2,22.651,95.89996,8.033,Vegetation Loss,0.716,2018-09-23 13:57:31,0.6727,0.6046,0.4864,1,False Positive
1641,1029,1074,12,1,27.01315,97.85292,2.774,No Change,0.772,2021-12-03 19:29:45,-0.5178,-0.5777,0.3186,0,Validated
1642,163,914,60,8,24.34481,95.40829,9.647,Vegetation Loss,0.538,2019-01-11 20:56:45,-0.482,-0.0616,0.4449,1,False Positive
1643,2846,1563,9,1,27.53379,93.23854,9.4,Landslide,0.779,2021-04-11 04:43:19,0.3646,-0.5187,0.1383,1,False Positive
1644,1711,300,28,3,29.42384,92.90743,1.954,Construction,0.622,2022-04-14 05:23:49,0.9445,-0.7919,0.2269,1,Validated
1645,1995,1699,55,7,29.16102,94.17034,3.261,Construction,0.881,2023-02-17 02:32:20,0.2389,0.2335,0.073,1,Validated
1646,1514,477,60,8,24.28274,96.343,5.645,Flooding,0.528,2019-04-14 03:29:35,0.3079,-0.4739,0.0754,1,Validated
1647,260,147,51,6,29.63997,91.09488,1.202,Vegetation Loss,0.67,2022-10-12 10:16:13,-0.7067,0.0911,0.2369,1,Unvalidated
1648,1264,105,38,4,29.98846,98.72437,5.93,Erosion,0.687,2020-03-17 19:52:56,-0.3655,-0.2378,0.4104,1,Validated
1649,554,1721,44,5,29.26195,98.46492,5.228,No Change,0.589,2019-02-02 22:36:58,-0.7126,0.535,0.0339,0,False Positive
1650,2774,1276,58,7,27.28705,94.54522,7.561,Flooding,0.606,2018-01-21 22:18:05,-0.1522,-0.3343,0.1978,1,Validated
1651,2531,2591,47,6,29.52171,99.48653,4.986,No Change,0.907,2020-08-02 22:46:47,-0.0056,-0.7084,0.4134,0,Validated
1652,157,1329,38,4,29.54197,98.71025,4.916,Erosion,0.588,2023-01-15 05:38:01,0.498,-0.0198,0.3199,1,False Positive
1653,1297,2443,22,2,22.51843,96.64579,0.501,Erosion,0.814,2024-09-27 10:21:13,-0.1643,-0.8217,0.3783,1,Validated
1654,2895,510,61,8,26.39539,90.2341,1.697,Flooding,0.643,2024-10-23 10:44:43,0.5889,-0.3464,0.4069,1,Validated
1655,792,2194,14,2,22.32484,93.35324,4.778,Flooding,0.72,2021-12-12 07:46:54,-0.0417,-0.9567,0.3566,1,Unvalidated
1656,2588,312,62,8,27.13633,92.49107,0.054,Vegetation Loss,0.612,2018-12-09 05:20:10,-0.4964,0.1813,0.1672,1,Validated
1657,2203,1477,47,6,29.75542,99.23416,9.858,Erosion,0.529,2020-07-10 10:42:53,-0.4017,-0.5885,0.4878,1,Validated
1658,2255,2439,45,5,28.8397,94.89711,3.0,Erosion,0.548,2020-09-21 18:59:56,-0.0636,-0.9312,0.1122,1,Unvalidated
1659,965,2202,27,3,25.65237,90.83679,0.304,Vegetation Loss,0.911,2021-08-21 13:53:17,-0.6907,-0.6579,0.0514,1,Unvalidated
1660,741,2343,4,1,26.90011,90.62993,9.774,Flooding,0.684,2018-05-26 23:54:16,0.5697,-0.3463,0.4282,1,False Positive
1661,1969,2713,32,3,25.91629,96.06128,7.949,Erosion,0.671,2024-07-31 06:53:04,0.1284,0.2017,0.039,1,False Positive
1662,2216,1540,54,6,29.40304,91.3202,7.908,Construction,0.544,2020-04-29 00:50:31,0.7037,0.3212,0.0782,1,Unvalidated
1663,184,608,33,4,23.87231,100.35535,2.664,No Change,0.837,2020-04-24 13:05:17,-0.0328,0.5548,0.064,0,Validated
1664,2910,1050,33,4,23.98374,100.30789,9.694,Erosion,0.723,2024-12-18 22:01:08,0.1473,0.9556,0.1965,1,Validated
1665,531,2353,62,8,26.67273,92.74204,8.794,No Change,0.795,2022-08-17 02:57:38,0.2746,0.3625,0.4885,0,Unvalidated
1666,1774,1131,25,3,26.25937,96.71345,3.974,Erosion,0.625,2022-06-26 12:21:43,0.9295,-0.365,0.4065,1,False Positive
1667,2717,2108,29,3,25.84721,98.37017,6.688,Erosion,0.676,2024-06-12 11:42:11,-0.6879,0.5681,0.1466,1,False Positive
1668,672,296,16,2,23.29903,90.74334,0.085,Debris Flow,0.747,2022-01-26 16:43:54,0.3189,-0.4177,0.0806,1,Unvalidated
1669,1477,2226,27,3,25.02806,90.24461,8.408,No Change,0.568,2024-06-28 12:09:53,0.3088,0.3667,0.434,0,False Positive
1670,676,2758,1,1,27.03084,90.599,6.005,No Change,0.614,2018-04-07 12:37:27,0.4738,0.212,0.2285,0,False Positive
1671,1639,668,50,6,24.08646,92.13343,9.342,No Change,0.967,2024-07-24 23:57:04,-0.5045,0.702,0.0004,0,Unvalidated
1672,295,1043,25,3,26.14655,96.51343,5.972,No Change,0.987,2022-11-04 09:23:12,-0.3969,-0.2336,0.4481,0,False Positive
1673,476,2392,55,7,28.93996,93.77101,1.303,Construction,0.665,2022-02-19 12:45:03,-0.4692,-0.3532,0.108,1,Unvalidated
1674,1156,2086,42,5,21.82276,97.05366,0.206,Landslide,0.772,2022-03-04 04:46:20,-0.8429,0.7605,0.4325,1,Unvalidated
1675,2577,1702,26,3,24.17595,90.3022,0.271,Construction,0.709,2023-06-20 16:12:36,0.3108,-0.0972,0.0847,1,False Positive
1676,556,136,33,4,23.86844,100.47011,9.583,Construction,0.852,2019-12-16 07:17:59,-0.0641,0.0749,0.1087,1,Validated
1677,2327,1625,52,6,28.36047,99.49789,8.461,Construction,0.921,2021-12-18 22:32:04,0.0514,-0.1828,0.3865,1,Validated
1678,150,2939,56,7,29.10247,97.72944,2.533,No Change,0.991,2022-07-27 17:24:23,0.3396,0.9086,0.3595,0,Validated
1679,2298,489,52,6,28.69691,99.98762,7.216,Vegetation Loss,0.997,2022-07-28 21:28:16,-0.0423,-0.7916,0.1961,1,Validated
1680,2839,1684,3,1,27.61073,98.66643,5.514,No Change,0.528,2020-03-19 18:44:38,0.7192,0.6987,0.2542,0,Unvalidated
1681,2009,2998,49,6,29.44672,98.57586,4.853,No Change,0.813,2020-12-04 01:30:21,-0.3439,-0.9899,0.0995,0,False Positive
1682,1969,39,32,3,25.91629,96.06128,9.732,Debris Flow,0.868,2021-12-02 10:53:41,0.9887,0.9445,0.4271,1,False Positive
1683,151,1927,5,1,23.54633,95.01742,7.045,Flooding,0.533,2018-08-13 20:02:28,0.602,0.9387,0.1919,1,Unvalidated
1684,1755,1303,44,5,29.26346,98.61292,5.391,Landslide,0.671,2020-09-23 19:03:52,0.48,0.1879,0.1548,1,Unvalidated
1685,2446,1675,19,2,24.53981,96.78099,5.228,Debris Flow,0.959,2018-05-20 18:02:11,0.7878,-0.2927,0.2364,1,Unvalidated
1686,1367,674,51,6,29.2149,90.47812,8.063,Landslide,0.671,2022-07-24 12:54:16,0.0831,0.8884,0.4031,1,Unvalidated
1687,2162,1548,57,7,24.05295,92.71317,8.978,Landslide,0.685,2018-12-04 22:57:03,-0.3265,-0.1549,0.4808,1,Unvalidated
1688,277,2438,25,3,26.55023,96.87936,9.61,Construction,0.608,2021-08-06 12:19:12,0.5269,0.0238,0.036,1,False Positive
1689,1951,2487,27,3,25.42416,90.50734,1.922,Erosion,0.507,2024-05-08 07:48:17,0.2317,-0.4999,0.0478,1,False Positive
1690,867,1827,23,3,28.07919,91.79411,5.984,Erosion,0.504,2020-02-08 14:36:49,-0.9856,0.2648,0.0598,1,Unvalidated
1691,2793,2964,34,4,26.04988,97.96961,2.118,No Change,0.9,2018-11-20 20:12:32,-0.2007,0.9135,0.227,0,Unvalidated
1692,2045,2217,22,2,22.8341,96.18343,4.734,Flooding,0.98,2024-02-04 05:29:39,0.0656,0.1275,0.2747,1,False Positive
1693,2601,782,35,4,23.44467,91.1235,4.666,No Change,0.664,2020-09-19 12:10:52,0.6109,-0.3315,0.2706,0,Validated
1694,2387,254,35,4,23.54014,91.10883,4.062,No Change,0.76,2024-03-01 19:59:06,-0.2058,-0.5496,0.452,0,False Positive
1695,2934,2996,9,1,27.60879,93.58763,3.292,Erosion,0.844,2023-04-14 21:32:46,0.7372,-0.7762,0.0071,1,False Positive
1696,550,2524,28,3,28.58473,92.97458,9.255,Debris Flow,0.711,2018-02-17 10:39:31,-0.0104,0.7714,0.3924,1,False Positive
1697,2888,697,24,3,24.08796,99.72935,5.708,Debris Flow,0.743,2024-11-22 13:02:02,-0.2567,0.1249,0.4846,1,False Positive
1698,1813,2467,14,2,22.56804,93.09285,0.345,Landslide,0.759,2024-03-03 18:28:10,-0.4367,-0.5919,0.4397,1,False Positive
1699,1331,2156,41,5,22.62955,94.73996,7.206,Landslide,0.552,2018-11-28 11:27:30,0.354,-0.0723,0.1186,1,Validated
1700,130,2259,33,4,23.83926,100.19228,5.41,Debris Flow,0.601,2024-08-15 22:03:32,-0.7667,-0.619,0.3474,1,Validated
1701,2725,2155,40,5,27.71167,97.93925,0.889,Construction,0.985,2021-06-09 20:50:30,-0.0089,-0.7925,0.0693,1,Validated
1702,67,1260,54,6,29.76431,91.49997,8.593,Vegetation Loss,0.981,2021-06-30 15:38:12,0.0942,0.5511,0.3402,1,False Positive
1703,249,1757,5,1,23.32085,94.58532,8.938,Erosion,0.572,2021-01-03 15:08:12,-0.9995,0.3538,0.2652,1,False Positive
1704,595,77,59,8,25.4291,92.69172,0.042,Debris Flow,0.612,2022-06-06 14:37:45,-0.9008,0.6826,0.4226,1,Unvalidated
1705,2267,2547,58,7,26.71895,93.91298,4.572,Landslide,0.801,2024-01-13 04:43:23,0.2823,0.0477,0.0316,1,Validated
1706,1177,1584,35,4,23.21078,91.74893,3.885,Erosion,0.782,2019-08-05 06:45:17,0.3831,-0.7977,0.0886,1,Unvalidated
1707,219,2532,5,1,23.66029,94.6345,8.623,Flooding,0.751,2020-02-04 19:30:13,-0.5552,-0.3784,0.2081,1,Validated
1708,47,2715,45,5,28.97689,94.88371,4.931,Construction,0.853,2019-11-15 23:12:13,-0.5585,0.0551,0.0217,1,False Positive
1709,2188,1338,34,4,26.42569,97.10979,8.565,Debris Flow,0.821,2020-11-15 00:54:05,-0.5298,-0.5394,0.4354,1,Validated
1710,2708,430,52,6,28.1996,99.78081,9.889,Landslide,0.808,2023-09-29 20:20:27,-0.9074,-0.0379,0.0569,1,Unvalidated
1711,1889,2252,57,7,23.70782,92.83451,6.13,Flooding,0.612,2019-04-05 15:52:38,-0.8205,-0.2619,0.4002,1,Unvalidated
1712,1922,18,51,6,29.31248,91.26571,0.319,Flooding,0.576,2024-02-25 02:21:31,0.4393,0.1658,0.2975,1,Unvalidated
1713,1123,2081,61,8,26.54411,90.21398,3.844,Debris Flow,0.726,2021-12-31 20:04:03,0.7558,-0.0371,0.3469,1,False Positive
1714,952,181,20,2,22.88403,93.68287,3.568,Vegetation Loss,0.591,2019-09-18 10:34:13,0.1388,-0.6002,0.18,1,Unvalidated
1715,1595,1634,18,2,28.52564,98.32798,3.918,Flooding,0.924,2019-05-11 11:12:23,0.3661,0.5195,0.0084,1,Validated
1716,2006,2468,21,2,23.77693,99.66424,8.755,Landslide,0.851,2019-09-16 23:52:36,0.4817,0.2595,0.4147,1,Validated
1717,591,1784,57,7,23.2463,93.15337,9.165,Debris Flow,0.504,2020-10-10 04:03:27,0.102,0.3169,0.0014,1,Validated
1718,2198,2438,59,8,25.58958,92.0868,8.571,Debris Flow,0.521,2019-11-07 23:38:08,-0.0147,0.7752,0.198,1,Unvalidated
1719,1920,2152,62,8,26.74029,92.04958,6.376,Erosion,0.636,2018-09-05 18:42:47,-0.9723,-0.4346,0.4133,1,False Positive
1720,2483,2055,28,3,29.2208,92.65537,3.887,Construction,0.71,2021-07-16 00:46:36,0.3521,-0.6847,0.2173,1,Unvalidated
1721,2542,655,30,3,25.30742,92.51874,9.741,Flooding,0.645,2021-11-26 05:16:09,-0.1833,0.7625,0.0299,1,Unvalidated
1722,1926,2405,57,7,23.16362,93.58544,3.733,Vegetation Loss,0.527,2024-06-28 10:21:17,0.0844,-0.2463,0.2742,1,Validated
1723,240,754,23,3,27.92286,91.34018,0.782,Construction,0.792,2024-09-18 17:02:44,-0.9139,0.2138,0.0773,1,False Positive
1724,1403,1956,52,6,28.99108,99.94639,7.292,Debris Flow,0.583,2021-12-03 11:27:41,-0.6356,-0.8774,0.053,1,False Positive
1725,515,408,59,8,25.56695,92.65706,7.508,Construction,0.718,2020-01-27 21:49:03,-0.9641,0.9807,0.0341,1,False Positive
1726,1171,2392,38,4,29.39606,98.31497,5.772,Erosion,0.932,2022-12-03 12:31:03,0.1707,-0.3836,0.4749,1,Validated
1727,573,1033,61,8,26.71665,89.86283,8.089,Erosion,0.534,2022-07-10 01:13:40,0.5734,0.4925,0.0081,1,Unvalidated
1728,2270,2591,31,3,27.94934,95.49002,6.324,No Change,0.817,2019-09-07 07:54:38,-0.0329,0.1104,0.3858,0,Unvalidated
1729,930,2342,28,3,29.35216,92.79829,2.529,Landslide,0.634,2020-10-07 03:23:30,-0.1593,-0.9337,0.2624,1,False Positive
1730,337,2804,19,2,24.12271,96.68248,1.518,Landslide,0.949,2020-11-07 13:10:31,-0.2783,0.6822,0.3575,1,Unvalidated
1731,2592,793,42,5,21.78505,97.23606,5.595,Erosion,0.669,2019-11-08 02:37:41,0.8929,0.823,0.0067,1,Validated
1732,845,1824,5,1,23.96826,94.97959,4.002,No Change,0.54,2022-09-13 12:04:54,-0.8497,0.7504,0.0142,0,False Positive
1733,66,989,58,7,27.29445,94.33961,0.099,No Change,0.739,2018-11-20 08:01:34,-0.3045,0.268,0.0179,0,False Positive
1734,796,1423,9,1,27.80386,93.04977,7.707,Vegetation Loss,0.722,2019-01-14 09:51:53,-0.4139,-0.8998,0.3097,1,False Positive
1735,1526,807,32,3,25.45863,96.26358,7.284,Erosion,0.616,2023-01-15 03:18:30,0.0273,-0.1602,0.0859,1,Unvalidated
1736,2051,1149,45,5,28.78807,95.08775,0.337,No Change,0.748,2021-07-19 23:25:56,0.2824,0.6611,0.0095,0,Unvalidated
1737,321,2453,26,3,24.26243,90.0913,8.412,Construction,0.951,2019-03-24 16:41:10,0.6859,0.8806,0.0956,1,Validated
1738,1253,747,21,2,24.32363,98.88953,1.145,Construction,0.634,2020-01-03 14:53:16,-0.2672,0.6106,0.2216,1,Validated
1739,2359,1410,4,1,26.28051,90.61898,3.497,Construction,0.734,2018-04-29 10:52:59,-0.9054,-0.731,0.0611,1,Unvalidated
1740,1248,1337,50,6,23.82801,92.51454,0.831,No Change,0.656,2021-10-11 23:30:01,-0.5188,-0.6808,0.3424,0,Unvalidated
1741,1135,1513,10,1,23.28782,97.19614,3.693,Flooding,0.926,2024-11-24 08:01:06,0.6631,0.5258,0.2593,1,False Positive
1742,1139,2867,61,8,26.65789,90.48374,1.159,Landslide,0.757,2022-05-24 02:14:51,0.2837,0.1773,0.1142,1,False Positive
1743,2337,1571,17,2,24.0529,93.25237,5.646,Vegetation Loss,0.535,2020-05-23 20:14:43,0.0307,-0.6105,0.0191,1,False Positive
1744,2737,1284,48,6,26.48537,95.27645,7.834,Erosion,0.933,2018-04-21 12:36:22,0.508,0.29,0.2202,1,Unvalidated
1745,1262,2723,2,1,23.95921,91.62481,5.809,Construction,0.739,2018-10-03 20:49:01,-0.1636,0.1486,0.3939,1,Validated
1746,184,989,33,4,23.87231,100.35535,6.182,Erosion,0.799,2024-09-02 00:13:43,0.9676,-0.4839,0.3553,1,Unvalidated
1747,292,2445,18,2,28.78669,98.70949,3.811,Debris Flow,0.625,2023-06-19 03:50:34,0.0147,-0.7741,0.4599,1,Validated
1748,1879,2074,38,4,29.59447,98.93923,4.516,Debris Flow,0.79,2019-12-05 02:30:28,-0.6313,0.6866,0.1718,1,Validated
1749,610,2428,14,2,22.24633,92.4636,0.678,Erosion,0.769,2018-10-03 05:01:18,-0.6922,0.4185,0.1803,1,Validated
1750,2819,2324,12,1,26.43661,98.14272,5.346,Debris Flow,0.577,2021-11-01 05:22:44,0.1176,-0.5277,0.4536,1,Unvalidated
1751,254,186,10,1,23.30607,97.9331,5.674,Construction,0.61,2024-02-19 10:32:07,0.1679,-0.4153,0.2736,1,Unvalidated
1752,259,2877,20,2,23.28994,94.02175,2.601,Landslide,0.674,2018-09-11 23:09:29,-0.0867,-0.6475,0.354,1,Validated
1753,75,2345,18,2,29.0094,98.60159,3.531,Flooding,0.629,2020-04-22 19:04:21,-0.0053,0.3528,0.185,1,False Positive
1754,1897,1036,22,2,22.75703,96.28343,7.29,Debris Flow,0.881,2020-12-31 13:28:02,0.4202,-0.984,0.4709,1,Unvalidated
1755,1107,2248,29,3,25.56155,99.21775,7.555,Erosion,0.574,2019-10-07 01:38:59,0.1338,0.6647,0.0976,1,Validated
1756,553,1723,20,2,22.87071,93.89212,7.124,Vegetation Loss,0.887,2019-05-14 23:40:45,-0.0973,0.5533,0.4692,1,False Positive
1757,2888,2304,24,3,24.08796,99.72935,1.008,Erosion,0.642,2022-10-28 12:31:25,-0.1119,0.3215,0.2177,1,Unvalidated
1758,1553,1195,28,3,28.7071,93.47508,1.649,Erosion,0.865,2021-05-12 18:41:16,0.7831,-0.4968,0.1628,1,False Positive
1759,2431,1762,55,7,28.88338,94.26552,7.454,Landslide,0.742,2020-05-10 01:18:10,-0.2412,-0.0302,0.3509,1,Validated
1760,1168,774,46,5,23.31891,97.80223,3.827,Flooding,0.951,2022-10-04 16:23:12,-0.2231,0.8269,0.3981,1,False Positive
1761,1224,558,57,7,23.22098,92.87823,2.254,No Change,0.68,2018-03-19 20:31:50,-0.8715,0.0167,0.3045,0,False Positive
1762,1001,393,56,7,29.36739,98.00562,3.38,Construction,0.528,2022-11-17 16:50:36,0.5338,0.5933,0.309,1,Unvalidated
1763,2393,2451,29,3,25.57116,98.76013,7.632,Flooding,0.656,2020-08-08 15:31:30,-0.2724,0.0688,0.2984,1,False Positive
1764,1282,1676,23,3,28.29839,92.12885,3.644,Landslide,0.859,2018-10-31 01:35:15,-0.773,-0.1324,0.3818,1,Unvalidated
1765,1926,2443,57,7,23.16362,93.58544,4.084,Debris Flow,0.513,2020-04-01 18:01:47,0.8792,0.808,0.1549,1,False Positive
1766,620,81,38,4,29.29567,98.96373,1.416,Landslide,0.75,2021-05-31 09:18:53,-0.4968,0.3257,0.3066,1,False Positive
1767,1653,2335,53,6,28.21065,90.8617,8.325,Landslide,0.56,2020-12-21 08:35:54,-0.9604,-0.2224,0.2171,1,Unvalidated
1768,2415,431,43,5,29.66595,97.62043,9.439,Construction,0.943,2021-05-21 07:56:52,0.4169,0.8973,0.2116,1,Validated
1769,1551,2014,61,8,26.29793,89.6941,8.51,Debris Flow,0.892,2022-07-04 11:39:57,0.0508,0.8265,0.0019,1,Unvalidated
1770,1825,2766,14,2,22.16911,93.0421,3.496,Vegetation Loss,0.799,2024-04-11 14:46:28,0.2489,0.2906,0.0975,1,False Positive
1771,2361,472,18,2,28.35805,98.28391,9.67,Construction,0.656,2018-01-06 23:44:27,-0.7195,0.1376,0.2919,1,Validated
1772,2503,161,7,1,26.01165,91.93176,4.757,No Change,0.709,2023-01-01 13:31:58,-0.2561,0.4136,0.2299,0,Unvalidated
1773,2081,2995,27,3,24.81905,90.62671,4.233,Vegetation Loss,0.737,2023-10-20 02:42:53,-0.6771,-0.9146,0.1403,1,False Positive
1774,800,2559,25,3,26.73966,96.56424,4.673,Erosion,0.795,2021-04-03 18:53:19,0.7282,0.4489,0.3203,1,Validated
1775,1923,2097,43,5,29.80831,98.07379,9.132,Debris Flow,0.626,2019-06-21 02:38:02,-0.8232,-0.0188,0.2776,1,False Positive
1776,1417,1191,52,6,28.12783,99.41446,4.544,Vegetation Loss,0.718,2022-08-03 20:38:08,0.1649,-0.4437,0.226,1,Unvalidated
1777,1974,187,52,6,28.64905,99.71958,0.204,Flooding,0.88,2023-01-06 20:45:36,0.9757,-0.7592,0.3113,1,Unvalidated
1778,2621,742,46,5,22.76137,97.84584,2.69,Debris Flow,0.728,2023-08-26 15:23:06,0.3901,0.8607,0.0202,1,Validated
1779,1340,2342,9,1,27.08949,93.06292,2.384,No Change,0.981,2021-06-17 08:56:57,-0.0576,0.3178,0.1936,0,False Positive
1780,1513,1252,14,2,22.87531,92.77848,4.915,Debris Flow,0.851,2020-08-03 02:54:22,-0.7092,0.2722,0.389,1,False Positive
1781,150,2657,56,7,29.10247,97.72944,4.562,Landslide,0.596,2024-02-06 06:14:37,0.6646,-0.4843,0.3328,1,Validated
1782,1472,826,56,7,29.5031,97.09899,6.751,No Change,0.922,2019-08-08 21:41:07,0.288,0.7906,0.1583,0,Validated
1783,1368,1731,60,8,24.84552,96.36911,2.89,No Change,0.504,2023-01-22 18:44:12,-0.9825,-0.3314,0.2076,0,Validated
1784,108,2125,14,2,22.66291,92.60833,5.786,Vegetation Loss,0.736,2024-06-25 15:33:49,-0.5636,0.5231,0.3443,1,False Positive
1785,1951,6,27,3,25.42416,90.50734,2.529,Landslide,0.815,2018-01-29 05:14:35,-0.7847,0.2542,0.0211,1,False Positive
1786,1191,453,35,4,23.06954,91.56279,6.173,Erosion,0.878,2024-05-12 08:21:58,-0.7093,-0.2996,0.3521,1,Unvalidated
1787,734,2080,38,4,29.31449,99.04924,0.068,Debris Flow,0.722,2022-02-26 04:27:01,0.6676,-0.9166,0.0818,1,False Positive
1788,1377,1708,51,6,30.034,91.10445,8.927,Vegetation Loss,0.504,2024-07-19 03:59:37,-0.0575,-0.3605,0.1635,1,Unvalidated
1789,2526,1463,55,7,28.8453,94.26833,3.111,Construction,0.551,2019-02-05 13:04:01,-0.9425,-0.5111,0.1256,1,False Positive
1790,1421,2508,25,3,26.45138,97.29758,3.249,Debris Flow,0.915,2023-02-26 15:46:35,-0.3606,0.3236,0.1736,1,Unvalidated
1791,2088,312,58,7,26.85762,94.58232,9.477,Debris Flow,0.728,2021-08-04 09:40:06,0.3747,-0.9541,0.3821,1,Validated
1792,2717,355,29,3,25.84721,98.37017,3.664,Construction,0.735,2020-05-14 01:36:32,-0.1707,0.5742,0.4025,1,False Positive
1793,671,15,19,2,24.61604,96.28723,5.774,Landslide,0.598,2020-01-10 23:36:41,0.9571,-0.8787,0.0778,1,False Positive
1794,2750,1738,62,8,26.97414,92.74597,9.977,No Change,0.904,2023-11-21 06:01:14,-0.6264,-0.7266,0.3248,0,Unvalidated
1795,456,1803,36,4,25.34536,90.99434,7.493,Vegetation Loss,0.52,2024-04-18 13:59:15,-0.0072,-0.1668,0.0613,1,Unvalidated
1796,574,766,16,2,23.66842,90.94786,0.341,Construction,0.899,2019-03-12 14:31:35,-0.6661,-0.3406,0.4385,1,Validated
1797,429,146,40,5,28.46492,97.39698,0.165,No Change,0.652,2024-11-02 06:45:36,-0.4671,0.1498,0.2418,0,False Positive
1798,269,2889,35,4,23.04246,91.9157,5.004,Debris Flow,0.613,2022-02-22 13:57:17,-0.3944,-0.4937,0.4129,1,False Positive
1799,501,2090,5,1,23.32252,95.40366,9.648,Flooding,0.636,2021-12-10 04:58:29,0.5829,-0.5827,0.3223,1,False Positive
1800,1385,1319,56,7,29.28915,97.93761,0.965,Flooding,0.536,2022-02-05 02:49:05,-0.5435,0.3359,0.449,1,False Positive
1801,2749,1566,46,5,23.56033,97.53471,7.926,Landslide,0.58,2024-09-20 11:58:06,0.0324,-0.9674,0.0419,1,Unvalidated
1802,850,740,13,2,25.94504,100.03098,2.393,Landslide,0.694,2021-11-04 16:04:17,0.5555,0.6483,0.0593,1,Validated
1803,1473,1541,38,4,29.59133,98.46492,9.988,Erosion,0.847,2019-09-03 05:49:50,0.5143,-0.4069,0.4193,1,Validated
1804,5,157,54,6,29.2711,91.27081,5.369,Debris Flow,0.805,2023-04-04 13:45:20,0.0156,-0.2952,0.2875,1,False Positive
1805,1866,2464,7,1,26.01067,92.56314,1.368,Debris Flow,0.776,2021-09-18 04:14:12,0.2253,-0.9167,0.2502,1,Validated
1806,897,1652,36,4,25.03202,90.2537,2.062,Construction,0.725,2022-06-26 06:46:19,0.0627,0.623,0.2079,1,False Positive
1807,1229,2533,56,7,29.39638,97.89902,8.983,Construction,0.527,2023-04-26 06:17:59,-0.939,-0.745,0.0833,1,Unvalidated
1808,212,1691,52,6,28.72824,100.04894,9.688,No Change,0.729,2020-11-30 03:05:56,-0.9464,0.8228,0.1187,0,Unvalidated
1809,2992,2797,52,6,28.85983,99.59984,2.273,No Change,0.769,2020-02-26 17:48:01,-0.1152,0.6675,0.1231,0,False Positive
1810,2060,1429,61,8,26.66481,89.80678,0.895,Debris Flow,0.942,2022-11-23 14:28:29,0.8715,0.5075,0.2737,1,Unvalidated
1811,2906,2186,20,2,23.54978,93.12259,2.504,No Change,0.533,2024-09-23 00:30:40,-0.3192,-0.5754,0.1713,0,Unvalidated
1812,2748,1541,53,6,27.77555,91.74499,9.926,Erosion,0.752,2024-06-26 01:41:11,0.616,-0.2467,0.1477,1,Validated
1813,1290,2644,39,4,27.23952,91.08887,2.298,No Change,0.982,2018-05-04 02:49:46,-0.6079,0.0409,0.1179,0,Validated
1814,1448,967,26,3,23.81774,90.77962,6.071,Flooding,0.645,2018-08-10 09:52:03,-0.0428,0.9454,0.3302,1,Validated
1815,1662,1217,5,1,23.64366,94.58252,3.607,Erosion,0.906,2020-12-05 17:31:58,-0.3953,-0.965,0.176,1,Validated
1816,1063,1622,36,4,25.44781,90.40018,9.213,No Change,0.893,2021-04-21 17:56:58,-0.0485,0.6821,0.1764,0,Validated
1817,47,1182,45,5,28.97689,94.88371,4.516,Construction,0.84,2023-12-18 07:40:50,-0.496,0.8155,0.0023,1,False Positive
1818,559,2783,26,3,23.74992,90.3726,1.512,Erosion,0.658,2021-02-22 00:37:38,-0.8854,-0.1608,0.4738,1,Unvalidated
1819,366,1515,51,6,29.63021,90.95093,2.164,No Change,0.976,2018-03-06 18:46:03,-0.7004,0.4116,0.0138,0,Unvalidated
1820,182,2623,36,4,24.9045,90.77781,5.129,Construction,0.644,2019-04-14 10:50:28,0.8819,-0.6545,0.2226,1,False Positive
1821,2016,2121,51,6,29.10351,91.3181,5.242,Erosion,0.695,2024-06-04 13:32:41,0.7184,0.8414,0.1497,1,False Positive
1822,895,2869,42,5,22.42162,97.31463,8.882,Vegetation Loss,0.71,2021-01-23 13:21:07,-0.6227,-0.7323,0.0138,1,Validated
1823,622,2178,5,1,23.42685,94.62444,5.477,Debris Flow,0.912,2022-12-02 19:13:16,0.6317,-0.2612,0.2839,1,Unvalidated
1824,181,1269,37,4,26.52328,94.29788,6.4,Construction,0.976,2019-08-18 11:49:55,0.8592,-0.1116,0.2831,1,Unvalidated
1825,84,104,55,7,29.40154,93.90126,5.939,Construction,0.959,2023-04-17 16:00:36,0.0097,0.5859,0.0746,1,False Positive
1826,1726,204,17,2,23.60496,92.62838,5.528,No Change,0.744,2024-03-07 14:55:40,-0.174,0.2196,0.2644,0,Unvalidated
1827,2084,1032,41,5,22.55415,93.98445,7.133,Debris Flow,0.709,2022-11-24 22:29:54,-0.1253,0.4559,0.1296,1,False Positive
1828,2389,958,44,5,28.82733,98.81238,1.161,No Change,0.567,2020-08-01 08:59:16,-0.2756,0.1292,0.2771,0,Unvalidated
1829,393,312,37,4,27.15878,94.86488,1.564,Flooding,0.856,2019-04-15 21:32:48,0.7536,-0.0773,0.1854,1,False Positive
1830,1681,204,39,4,27.75691,91.06739,5.788,No Change,0.758,2021-04-06 06:36:59,-0.533,0.8263,0.4894,0,False Positive
1831,1095,2321,19,2,23.97299,96.45748,7.657,Erosion,0.932,2021-10-19 03:05:04,-0.5473,-0.8223,0.3624,1,Validated
1832,1582,2324,44,5,29.47054,98.82765,5.155,Erosion,0.539,2024-01-05 19:30:23,-0.6896,-0.7968,0.3336,1,Unvalidated
1833,287,1301,62,8,27.22564,92.20234,9.125,Erosion,0.634,2024-02-03 20:20:07,-0.9139,0.0317,0.0071,1,False Positive
1834,1975,1446,30,3,25.21725,92.31405,9.315,Landslide,0.786,2022-06-25 15:42:19,0.5128,-0.4878,0.2572,1,Unvalidated
1835,1827,2522,1,1,26.85091,90.73019,7.386,Flooding,0.755,2020-03-22 21:06:52,-0.1107,0.2619,0.3442,1,Unvalidated
1836,2578,2944,26,3,23.60335,90.32664,6.735,Landslide,0.662,2021-11-12 21:34:11,-0.1039,-0.1287,0.2029,1,False Positive
1837,84,860,55,7,29.40154,93.90126,1.443,No Change,0.946,2018-09-17 13:00:18,0.9196,0.032,0.3071,0,Validated
1838,1896,2951,62,8,26.79628,92.40097,9.789,Vegetation Loss,0.58,2024-11-19 06:27:24,0.0835,0.3239,0.3184,1,Unvalidated
1839,1873,272,4,1,26.46627,90.5707,3.676,Vegetation Loss,0.513,2021-06-26 03:01:40,-0.9355,0.9088,0.3929,1,Unvalidated
1840,2149,2711,44,5,28.83873,98.70686,7.929,Landslide,0.789,2024-03-09 00:17:17,-0.5455,0.8384,0.3909,1,Unvalidated
1841,102,2116,16,2,23.99893,90.96774,5.677,Vegetation Loss,0.755,2019-05-26 04:00:20,-0.8455,-0.1287,0.2539,1,Unvalidated
1842,2153,1049,8,1,23.77738,98.63939,3.07,Flooding,0.613,2021-09-09 14:32:48,-0.9253,0.6497,0.1723,1,False Positive
1843,96,2520,29,3,26.43525,98.84097,9.548,Flooding,0.531,2018-09-26 21:19:31,0.5656,0.6529,0.29,1,False Positive
1844,1266,2183,12,1,27.05907,98.03444,7.777,Construction,0.759,2021-06-21 16:45:47,-0.6703,-0.1234,0.1099,1,Validated
1845,418,2445,42,5,22.21379,97.24417,3.621,Construction,0.715,2023-10-21 08:11:14,-0.3845,-0.6186,0.2368,1,Validated
1846,453,2861,3,1,27.58731,99.30279,2.122,Construction,0.86,2021-08-12 09:04:48,0.2968,-0.7491,0.19,1,Unvalidated
1847,902,1328,54,6,29.60166,91.85798,8.713,Vegetation Loss,0.743,2018-11-26 18:50:47,-0.0495,-0.1036,0.2451,1,Unvalidated
1848,100,1180,31,3,27.53253,95.07464,7.082,Vegetation Loss,0.632,2022-04-03 22:34:04,-0.7478,0.6052,0.2785,1,Unvalidated
1849,376,2912,14,2,22.79215,93.27108,4.058,Construction,0.982,2020-03-09 08:51:37,0.1343,0.8636,0.4912,1,Unvalidated
1850,972,2740,29,3,26.12408,99.11373,3.003,No Change,0.979,2024-12-15 01:36:40,0.7775,0.1929,0.2829,0,False Positive
1851,1685,1445,58,7,26.76056,94.12261,8.07,Construction,0.926,2023-06-21 04:30:57,-0.6419,-0.3096,0.1773,1,False Positive
1852,2870,80,60,8,24.89613,96.37204,5.806,Landslide,0.853,2020-02-13 20:37:24,0.8785,-0.6863,0.2064,1,False Positive
1853,1839,1723,48,6,26.72977,95.24975,4.423,Debris Flow,0.994,2020-02-29 05:28:57,-0.2169,-0.5762,0.1651,1,Unvalidated
1854,657,175,3,1,27.84979,99.38639,1.732,Erosion,0.775,2020-05-09 08:29:37,-0.9223,0.0631,0.3089,1,Validated
1855,1284,97,58,7,27.36865,94.09468,3.056,Vegetation Loss,0.899,2020-09-19 13:08:52,0.213,-0.3241,0.4217,1,False Positive
1856,1087,1326,36,4,25.80368,90.14127,9.69,No Change,0.53,2023-01-03 17:42:02,-0.4224,-0.4523,0.3533,0,False Positive
1857,2893,218,50,6,24.05535,92.36057,0.291,Flooding,0.83,2020-11-04 05:40:25,0.7549,-0.6858,0.1592,1,Validated
1858,2924,546,41,5,22.96991,93.94238,9.227,Flooding,0.728,2018-11-23 19:21:06,0.5164,0.6069,0.0188,1,False Positive
1859,2863,2000,10,1,23.69479,97.49696,2.48,Landslide,0.968,2021-11-03 21:32:28,0.7417,-0.966,0.3112,1,False Positive
1860,589,1729,1,1,26.86708,90.33374,2.707,Construction,0.537,2019-01-28 04:16:54,-0.8187,0.7596,0.451,1,Unvalidated
1861,2429,2610,37,4,26.87366,94.38413,9.659,Flooding,0.721,2024-02-03 19:57:49,0.1426,-0.3593,0.3577,1,False Positive
1862,1256,947,16,2,23.72426,90.37785,5.149,Erosion,0.855,2018-07-02 18:09:54,-0.9886,0.527,0.3102,1,Unvalidated
1863,34,2349,1,1,26.94896,90.6184,4.507,Erosion,0.875,2018-05-08 07:03:58,0.8533,0.9563,0.4419,1,Unvalidated
1864,1335,2083,39,4,27.2139,91.46156,0.843,Flooding,0.821,2021-03-15 05:15:21,0.1181,-0.2783,0.2806,1,Unvalidated
1865,858,659,9,1,27.12605,93.67126,0.597,Erosion,0.566,2023-04-08 10:02:28,0.541,0.8329,0.2841,1,False Positive
1866,157,769,38,4,29.54197,98.71025,1.137,Flooding,0.807,2023-07-09 10:41:22,0.9047,0.9678,0.087,1,Validated
1867,654,151,16,2,23.95147,90.44386,7.384,Landslide,0.976,2018-07-24 00:10:43,0.6029,-0.8484,0.0056,1,Unvalidated
1868,2008,1127,2,1,24.45105,91.39466,6.399,Landslide,0.676,2024-11-06 15:35:16,-0.7305,-0.3073,0.477,1,Validated
1869,2862,1888,4,1,27.06348,90.66503,9.697,Construction,0.591,2021-01-19 03:46:46,0.3367,0.5735,0.2321,1,Validated
1870,2139,2279,6,1,26.38709,96.69877,5.81,Flooding,0.573,2021-12-24 17:49:40,-0.429,0.7454,0.1939,1,Validated
1871,2023,1487,59,8,25.12737,92.43473,0.634,Landslide,0.75,2020-10-15 21:01:07,0.1613,0.7834,0.1849,1,Unvalidated
1872,1684,2493,50,6,24.27671,92.14592,5.406,Debris Flow,0.675,2023-01-05 12:57:31,-0.7352,-0.7194,0.4119,1,Unvalidated
1873,678,654,40,5,28.09825,97.99449,2.148,Flooding,0.55,2020-11-15 09:28:44,-0.3891,0.2738,0.2621,1,Validated
1874,2927,1709,3,1,27.84067,98.58742,5.047,Landslide,0.814,2023-08-28 10:03:40,-0.8015,0.5439,0.378,1,Unvalidated
1875,555,980,43,5,29.97932,97.16143,5.049,Vegetation Loss,0.951,2021-03-06 06:19:15,-0.3879,-0.9602,0.1662,1,False Positive
1876,2718,569,36,4,25.18986,90.67258,0.534,Debris Flow,0.645,2022-09-24 23:59:07,-0.429,0.7248,0.4929,1,False Positive
1877,1406,2912,18,2,28.67604,98.82982,5.762,Erosion,0.584,2022-07-15 17:30:31,-0.8387,-0.8133,0.0631,1,Validated
1878,287,2433,62,8,27.22564,92.20234,1.174,Landslide,0.86,2022-05-14 15:29:15,-0.5026,0.9692,0.1849,1,False Positive
1879,367,827,14,2,22.48149,93.06284,7.463,No Change,0.971,2024-05-12 16:46:40,-0.9153,-0.4832,0.3953,0,False Positive
1880,2773,2331,24,3,24.55135,99.19566,7.724,Landslide,0.549,2024-01-12 15:44:52,-0.6682,0.6552,0.2869,1,Unvalidated
1881,295,1448,25,3,26.14655,96.51343,4.779,Construction,0.634,2019-04-22 23:27:46,0.6939,0.2187,0.2404,1,Unvalidated
1882,1325,2678,20,2,23.79734,93.83437,4.96,Debris Flow,0.954,2024-08-04 07:14:36,-0.2913,-0.7257,0.0274,1,Unvalidated
1883,2645,983,12,1,27.11557,98.0614,1.217,Flooding,0.588,2023-11-26 18:22:06,-0.0747,-0.3253,0.1893,1,Validated
1884,2949,21,6,1,26.58869,97.4373,7.353,Landslide,0.945,2018-08-28 04:45:54,0.5494,-0.3056,0.1241,1,Validated
1885,980,681,9,1,27.61808,93.18032,2.32,Flooding,0.642,2022-03-20 19:10:03,0.6748,0.0398,0.0088,1,Validated
1886,846,1874,36,4,25.63503,91.05981,3.731,Landslide,0.983,2018-12-03 23:28:49,0.7995,0.1164,0.3697,1,False Positive
1887,201,1796,56,7,29.55843,97.83366,7.837,Erosion,0.725,2022-06-01 13:30:09,-0.7416,-0.4976,0.1861,1,Validated
1888,1148,210,1,1,26.79452,90.74237,5.142,Construction,0.961,2023-08-13 01:42:39,0.692,0.7494,0.4584,1,False Positive
1889,310,639,16,2,23.93284,90.98814,1.501,Flooding,0.694,2021-08-23 14:28:25,0.2713,-0.6933,0.1013,1,Unvalidated
1890,785,548,30,3,25.44091,92.6781,0.306,Construction,0.883,2020-11-24 12:37:45,-0.7002,0.7752,0.2375,1,Validated
1891,2467,2342,37,4,26.60492,94.74914,9.079,Debris Flow,0.824,2023-10-13 02:50:43,-0.808,0.4884,0.2,1,Validated
1892,2401,1769,55,7,29.26221,93.98626,7.824,No Change,0.605,2024-12-10 16:17:38,0.1917,0.2885,0.4586,0,Validated
1893,1219,976,43,5,29.50044,97.62229,6.67,Erosion,0.693,2023-10-18 09:49:25,-0.2608,0.9643,0.0727,1,Validated
1894,420,2502,47,6,29.71159,99.17715,9.84,Landslide,0.804,2024-08-11 17:29:49,0.8282,0.1529,0.3487,1,False Positive
1895,2958,2887,16,2,23.61841,90.65982,9.129,Landslide,0.57,2023-07-04 14:08:14,0.2709,-0.4264,0.0062,1,Unvalidated
1896,143,1752,10,1,23.8694,98.00232,5.079,Debris Flow,0.592,2023-11-04 09:25:25,0.4884,0.2057,0.075,1,Unvalidated
1897,2519,1078,19,2,24.09119,96.31493,1.408,Vegetation Loss,0.913,2020-11-14 00:03:28,0.856,0.8128,0.3775,1,Unvalidated
1898,839,378,10,1,23.9063,97.13917,4.41,Construction,0.593,2018-09-19 18:23:09,-0.2616,0.7511,0.4404,1,False Positive
1899,1644,1262,40,5,28.19958,97.62762,1.255,Landslide,0.861,2020-05-12 05:39:13,-0.3822,-0.9732,0.036,1,Unvalidated
1900,2078,842,17,2,24.07655,93.18235,0.414,Landslide,0.745,2018-04-25 09:49:00,-0.139,0.2369,0.2787,1,Validated
1901,1478,1683,18,2,28.44771,98.96029,3.186,Vegetation Loss,0.82,2022-08-07 02:59:52,0.5054,-0.8371,0.0847,1,Validated
1902,368,536,9,1,27.26934,93.16666,5.834,Vegetation Loss,0.611,2023-10-06 01:10:34,0.3156,-0.7039,0.0971,1,Unvalidated
1903,2163,1788,39,4,27.19281,90.8943,2.359,Debris Flow,0.701,2024-10-12 17:25:59,0.1046,-0.8074,0.1352,1,Unvalidated
1904,2568,322,14,2,22.7206,93.38815,6.226,Landslide,0.773,2019-08-31 16:25:02,-0.4746,-0.7658,0.4761,1,Validated
1905,2234,2677,3,1,27.64064,99.04393,4.636,Erosion,0.811,2023-06-05 03:33:20,-0.3084,0.8959,0.4276,1,Unvalidated
1906,1820,1530,52,6,28.20831,99.56884,3.438,No Change,0.712,2020-12-09 07:48:39,0.5775,0.5684,0.3967,0,False Positive
1907,1045,1175,61,8,26.69433,90.04332,4.533,Construction,0.795,2022-08-26 15:03:06,0.7647,0.7456,0.15,1,False Positive
1908,1816,330,16,2,23.56029,90.7519,4.395,Debris Flow,0.878,2022-12-07 03:12:06,0.3501,-0.2001,0.4891,1,Unvalidated
1909,1031,921,9,1,27.62883,93.06201,2.584,Landslide,0.815,2021-11-30 19:03:08,0.9244,0.9573,0.0015,1,Validated
1910,1291,960,29,3,26.38104,98.88665,5.491,Landslide,0.772,2018-07-25 22:58:11,-0.1053,-0.1215,0.0352,1,Validated
1911,479,1823,35,4,23.36534,91.2109,7.452,Flooding,0.903,2023-04-30 00:23:26,0.735,-0.653,0.4098,1,Validated
1912,1307,982,48,6,26.38085,95.03639,1.388,Erosion,0.919,2024-06-12 11:56:56,-0.6128,-0.33,0.0289,1,Validated
1913,2581,1545,29,3,25.61341,98.41944,2.253,Debris Flow,0.762,2022-06-13 04:03:30,-0.535,0.8149,0.3171,1,False Positive
1914,2083,1746,51,6,29.23017,90.7665,0.219,Erosion,0.606,2023-04-24 11:43:11,-0.5339,0.4312,0.3003,1,Unvalidated
1915,2596,2542,40,5,27.96797,97.33147,4.081,Construction,0.524,2023-03-06 01:02:15,-0.2281,-0.9398,0.0021,1,Unvalidated
1916,413,456,16,2,23.70192,91.0767,1.053,Construction,0.925,2018-03-13 18:44:40,0.4655,0.0977,0.1711,1,Unvalidated
1917,2777,2711,41,5,23.07244,94.31149,8.673,No Change,0.589,2023-09-06 06:19:59,0.3674,0.1494,0.3327,0,Unvalidated
1918,1068,2863,40,5,28.42896,97.87672,7.069,Vegetation Loss,0.965,2021-07-30 12:49:15,0.8481,0.1527,0.0892,1,Unvalidated
1919,1841,2748,40,5,28.08454,97.99956,2.671,Construction,0.716,2018-07-22 19:29:03,0.8928,0.648,0.1516,1,False Positive
1920,1760,2177,59,8,25.48564,92.57778,5.83,Construction,0.714,2020-12-17 14:36:50,0.1941,-0.4252,0.4367,1,False Positive
1921,992,2189,10,1,23.38486,97.65725,2.015,Vegetation Loss,0.778,2021-02-27 20:59:08,-0.1609,0.0139,0.2998,1,Validated
1922,2040,120,19,2,24.61065,96.31606,8.319,Landslide,0.879,2023-08-29 22:20:40,-0.2125,0.288,0.2463,1,Validated
1923,2724,2959,49,6,29.0431,98.29701,2.537,Vegetation Loss,0.802,2024-12-17 10:22:27,-0.8829,-0.3989,0.4195,1,Unvalidated
1924,2001,1907,18,2,29.32592,98.62234,8.448,Vegetation Loss,0.813,2022-05-15 09:22:01,0.2767,0.5981,0.0003,1,Validated
1925,2701,2456,26,3,23.49284,89.88771,8.193,Debris Flow,0.803,2023-07-10 03:39:51,0.9819,0.5668,0.2162,1,Validated
1926,2605,2235,52,6,28.81424,99.62631,3.808,Debris Flow,0.921,2021-04-10 16:09:32,-0.2649,-0.9899,0.161,1,False Positive
1927,2289,2567,3,1,27.54611,99.22438,4.465,Flooding,0.721,2021-10-01 18:49:19,-0.5702,-0.4764,0.2381,1,Validated
1928,136,42,25,3,26.05722,97.31694,7.389,Vegetation Loss,0.875,2022-06-02 19:04:51,0.2783,0.3598,0.3771,1,Unvalidated
1929,2098,2600,1,1,27.19752,90.13251,4.431,Landslide,0.84,2022-03-15 01:17:10,-0.173,0.8505,0.3848,1,False Positive
1930,2048,2165,36,4,25.87232,90.79943,0.981,Flooding,0.869,2021-07-19 00:21:48,0.0287,0.7282,0.1895,1,Validated
1931,684,1435,58,7,27.02287,93.93886,5.884,Construction,0.794,2019-02-12 06:47:26,-0.8656,0.9183,0.0346,1,Unvalidated
1932,409,51,19,2,23.78899,96.26679,9.125,Erosion,0.55,2023-05-22 13:11:01,-0.6536,-0.493,0.1397,1,Validated
1933,2256,1976,20,2,22.85368,93.4305,1.896,Construction,0.779,2018-05-16 09:34:36,-0.3985,-0.438,0.1967,1,Validated
1934,435,2649,44,5,29.63029,98.743,0.085,Landslide,0.961,2022-11-18 06:56:29,0.0349,-0.9692,0.2438,1,False Positive
1935,2993,2321,8,1,24.5221,98.77475,3.435,No Change,0.828,2022-03-11 00:50:19,0.0674,0.7543,0.296,0,Unvalidated
1936,570,1442,40,5,28.41477,97.25676,3.403,Vegetation Loss,0.715,2020-03-23 13:07:13,-0.933,-0.2101,0.1182,1,False Positive
1937,1768,1218,27,3,24.77203,90.23363,2.36,Flooding,0.556,2023-06-13 17:13:32,-0.8465,-0.4806,0.3048,1,Unvalidated
1938,1460,2050,46,5,22.85708,97.34532,7.1,Landslide,0.979,2024-07-15 22:55:01,-0.6646,0.4411,0.0449,1,False Positive
1939,2516,2312,5,1,23.45089,94.63146,5.84,Debris Flow,0.528,2024-03-18 09:14:39,-0.5553,0.4711,0.2265,1,Validated
1940,1084,1624,22,2,22.47309,96.23953,6.121,Construction,0.698,2024-05-21 09:58:26,0.2212,-0.7427,0.4179,1,False Positive
1941,2139,2532,6,1,26.38709,96.69877,9.556,Landslide,0.662,2018-11-13 10:26:46,-0.3147,-0.1719,0.1734,1,Validated
1942,2856,2054,1,1,26.99576,90.37321,6.889,Construction,0.775,2019-11-14 21:26:42,-0.3674,0.756,0.3423,1,Unvalidated
1943,1001,134,56,7,29.36739,98.00562,8.161,Construction,0.696,2024-06-04 17:58:24,-0.5416,0.2691,0.2064,1,False Positive
1944,116,2375,44,5,29.12148,98.74115,7.16,Construction,0.517,2021-01-11 04:30:15,0.48,-0.2618,0.301,1,False Positive
1945,855,2407,19,2,24.70569,96.4233,2.627,Landslide,0.626,2023-09-08 14:33:07,0.602,-0.6594,0.3834,1,False Positive
1946,1208,1530,49,6,29.79125,98.95112,4.491,Erosion,0.708,2024-11-24 05:43:30,0.3752,0.1681,0.0275,1,Validated
1947,1290,1131,39,4,27.23952,91.08887,9.938,Vegetation Loss,0.978,2024-11-28 00:59:16,0.1311,0.8414,0.0392,1,Validated
1948,2719,2341,36,4,25.05695,90.40525,2.034,Vegetation Loss,0.957,2023-04-23 02:15:59,-0.1326,-0.8802,0.0437,1,Validated
1949,2788,1524,51,6,29.61631,91.00022,4.869,No Change,0.814,2023-03-10 02:54:05,0.569,-0.1653,0.3943,0,Validated
1950,803,1043,33,4,23.53284,99.88575,1.176,Construction,0.956,2023-04-24 23:50:21,0.9832,-0.5384,0.2355,1,Unvalidated
1951,101,930,56,7,29.27911,97.27724,4.083,Flooding,0.618,2021-07-03 19:37:14,0.2045,0.7414,0.2094,1,Validated
1952,1955,1521,2,1,24.02949,90.92972,9.963,Vegetation Loss,0.663,2019-11-24 21:13:22,-0.4788,0.295,0.1274,1,Validated
1953,1186,644,32,3,25.60869,95.3627,9.376,No Change,0.584,2021-07-28 00:20:42,0.3961,-0.9027,0.215,0,Validated
1954,20,943,40,5,28.39305,97.29411,5.72,Erosion,0.831,2020-06-25 09:28:49,-0.4454,-0.5385,0.2104,1,Validated
1955,419,622,20,2,22.81948,93.53165,7.794,Construction,0.667,2024-07-04 06:38:55,0.2826,-0.1964,0.2928,1,False Positive
1956,1451,562,10,1,24.06433,97.60049,5.027,Erosion,0.732,2023-02-03 17:49:18,-0.2753,0.3327,0.0657,1,Unvalidated
1957,562,1062,31,3,27.74861,95.1264,3.102,Landslide,0.843,2022-06-21 23:51:18,-0.2035,-0.0424,0.3933,1,Validated
1958,1605,2832,28,3,29.39073,93.07215,4.897,No Change,0.811,2019-04-22 17:21:05,0.9355,0.7654,0.4647,0,Validated
1959,1166,2917,10,1,23.93768,97.3993,6.322,Vegetation Loss,0.743,2019-03-02 11:07:22,-0.8558,-0.3528,0.2455,1,Validated
1960,815,1490,11,1,22.56174,90.97034,6.751,Vegetation Loss,0.761,2023-09-30 00:09:53,-0.4251,0.9408,0.36,1,Validated
1961,2610,1738,33,4,23.58712,100.32963,3.118,Erosion,0.527,2019-08-27 18:38:33,-0.7609,0.7024,0.2939,1,Validated
1962,2905,1189,50,6,23.64053,92.35547,5.947,Vegetation Loss,0.948,2020-05-10 16:07:05,-0.5044,0.2572,0.291,1,False Positive
1963,323,809,6,1,26.22962,96.8415,2.815,Landslide,0.976,2020-01-17 16:30:28,-0.948,-0.3745,0.0468,1,Unvalidated
1964,1916,265,58,7,27.47975,94.21009,4.008,Flooding,0.723,2023-05-24 03:59:45,0.1931,0.9507,0.4942,1,Unvalidated
1965,275,2031,26,3,24.29385,90.77324,6.979,No Change,0.826,2022-03-27 13:09:04,-0.4554,-0.5433,0.0233,0,Validated
1966,2819,228,12,1,26.43661,98.14272,2.303,Landslide,0.869,2022-02-23 04:02:19,-0.748,-0.033,0.1891,1,Unvalidated
1967,464,466,60,8,24.51653,96.30577,5.882,Vegetation Loss,0.765,2018-05-13 12:03:23,-0.0422,0.1596,0.2598,1,False Positive
1968,874,2400,14,2,23.03033,92.93531,1.934,No Change,0.809,2022-03-11 07:57:02,0.0322,-0.8021,0.2695,0,Unvalidated
1969,162,519,11,1,22.99505,90.53646,1.339,Landslide,0.706,2023-05-19 14:52:36,0.8535,0.7478,0.387,1,Unvalidated
1970,225,1059,52,6,28.68305,99.817,3.297,Erosion,0.856,2023-02-06 05:11:26,-0.1407,-0.7773,0.328,1,Validated
1971,1709,197,51,6,29.90264,91.06129,7.894,Debris Flow,0.808,2024-02-22 13:37:07,-0.0605,0.7532,0.2429,1,False Positive
1972,2535,1240,47,6,29.33607,99.07875,9.617,Erosion,0.639,2020-11-13 01:48:11,0.2574,-0.477,0.2477,1,False Positive
1973,2736,1212,10,1,23.68346,97.15867,8.656,Landslide,0.636,2019-09-04 04:52:57,-0.294,0.4803,0.2813,1,Unvalidated
1974,535,2564,27,3,25.32793,90.44822,7.586,Flooding,0.618,2019-02-18 12:24:01,0.111,-0.7539,0.0658,1,Validated
1975,2810,1143,33,4,23.41884,99.80921,4.905,Construction,0.782,2019-05-27 01:45:31,0.2277,0.2808,0.269,1,False Positive
1976,1636,1218,22,2,23.03029,96.46976,4.331,Erosion,0.574,2019-05-10 20:56:25,0.8672,0.447,0.0387,1,Unvalidated
1977,1313,81,53,6,28.03196,90.91908,9.336,Erosion,0.997,2023-09-12 08:14:14,0.9841,0.9947,0.3973,1,False Positive
1978,305,420,41,5,22.4043,94.50411,2.259,Landslide,0.546,2021-02-07 21:02:19,0.0597,0.4796,0.3288,1,Validated
1979,2557,1419,49,6,29.19327,98.33372,4.519,Construction,0.694,2021-11-09 06:04:10,0.6213,-0.611,0.3598,1,Validated
1980,317,2331,9,1,27.85578,93.72911,3.283,Erosion,0.806,2023-09-13 21:28:47,-0.8719,-0.8338,0.249,1,Validated
1981,1908,1380,45,5,28.43868,95.20673,8.375,Flooding,0.61,2018-07-24 05:45:37,-0.7366,0.3513,0.4951,1,Unvalidated
1982,854,1406,3,1,27.40998,98.84177,3.066,Construction,0.545,2022-06-13 14:25:05,0.1308,-0.3568,0.3093,1,False Positive
1983,362,2276,46,5,23.13211,97.22185,1.246,Construction,0.579,2020-04-03 01:40:52,-0.1646,0.5488,0.2947,1,Unvalidated
1984,1485,2222,25,3,26.75617,96.68986,6.958,Landslide,0.543,2021-09-22 07:16:38,0.8463,-0.4788,0.3071,1,False Positive
1985,2659,2628,5,1,23.88086,94.56312,4.57,Construction,0.536,2018-07-17 02:25:35,-0.034,0.9377,0.4001,1,Unvalidated
1986,1360,749,40,5,28.07281,97.5369,1.361,Landslide,0.663,2018-08-04 10:11:58,-0.2363,0.5057,0.1879,1,Unvalidated
1987,1043,1595,30,3,25.42414,92.85293,0.624,Landslide,0.562,2023-01-26 14:33:19,-0.1274,-0.2209,0.3583,1,Unvalidated
1988,2060,2689,61,8,26.66481,89.80678,1.88,Vegetation Loss,0.523,2022-05-03 20:05:44,-0.4027,-0.0264,0.2689,1,False Positive
1989,148,385,23,3,27.6189,91.82984,5.998,Erosion,0.77,2018-08-24 17:09:00,-0.733,0.0314,0.2184,1,Unvalidated
1990,55,2060,52,6,28.98418,99.80646,2.702,Erosion,0.744,2019-06-07 16:34:54,0.0749,-0.9373,0.3935,1,False Positive
1991,2678,1752,60,8,24.52044,96.1248,0.117,Erosion,0.663,2019-08-10 08:57:08,0.5668,-0.0962,0.1131,1,False Positive
1992,381,1317,34,4,25.54435,97.78878,2.055,Flooding,0.778,2023-12-08 08:42:04,-0.874,0.0363,0.0235,1,False Positive
1993,1798,1123,25,3,26.24493,96.68838,5.121,Construction,0.951,2024-08-07 21:56:20,0.1836,-0.3884,0.4823,1,Validated
1994,2030,2708,45,5,29.06011,94.63969,1.808,Erosion,0.8,2024-08-13 09:04:50,-0.6336,0.1261,0.0568,1,Unvalidated
1995,902,2134,54,6,29.60166,91.85798,9.54,No Change,0.581,2022-11-25 02:13:03,0.431,-0.8816,0.1729,0,Unvalidated
1996,838,2672,21,2,23.71802,98.97271,6.829,Debris Flow,0.517,2020-11-04 05:46:13,-0.2006,0.1611,0.2704,1,Validated
1997,573,723,61,8,26.71665,89.86283,4.071,Landslide,0.52,2024-09-25 13:31:16,0.8277,0.9024,0.2545,1,False Positive
1998,2499,420,51,6,29.42964,90.60671,5.646,Erosion,0.739,2023-07-20 10:48:35,-0.8882,0.9339,0.1318,1,Unvalidated
1999,763,78,19,2,24.42405,96.08921,5.262,Erosion,0.588,2019-12-07 01:44:02,-0.1032,-0.9028,0.3756,1,False Positive
2000,2740,970,22,2,22.38386,96.74616,9.145,Debris Flow,0.898,2019-06-01 14:10:22,0.2759,-0.9912,0.362,1,Validated
