image_id,state_id,district_id,acquisition_datetime,lat_nw,lon_nw,lat_ne,lon_ne,lat_se,lon_se,lat_sw,lon_sw,sensor,image_type,resolution_m,cloud_cover_pct,processing_level,filename,incidence_angle_deg
1,29,3,2021-10-10 07:05:30,26.21583,98.71154,26.31583,98.81154,26.31583,98.71154,26.21583,98.81154,Sentinel-1A,SAR,23.3,29.4,Preprocessed,S2_000001.tif,0.26
2,53,6,2019-04-25 19:58:13,28.52208,91.06353,28.62208,91.16353,28.62208,91.06353,28.52208,91.16353,Landsat-9,Optical,6.8,84.9,Raw,S2_000002.tif,4.92
3,60,8,2018-07-02 08:23:06,24.35606,96.11259,24.45606,96.21259,24.45606,96.11259,24.35606,96.21259,Landsat-9,Optical,9.1,60.5,Preprocessed,S2_000003.tif,4.42
4,21,2,2024-10-08 07:12:37,23.78074,99.56049,23.88074,99.66049,23.88074,99.56049,23.78074,99.66049,Landsat-8,Optical,28.3,79.5,Analysis Ready,S2_000004.tif,1.66
5,54,6,2023-08-06 21:53:42,29.2711,91.27081,29.3711,91.37081,29.3711,91.27081,29.2711,91.37081,Landsat-8,Optical,27.4,54.8,Raw,S2_000005.tif,2.29
6,46,5,2024-01-10 14:31:03,23.60744,97.19378,23.70744,97.29378,23.70744,97.19378,23.60744,97.29378,Sentinel-2A,Optical,29.2,99.9,Raw,S2_000006.tif,3.04
7,46,5,2022-06-25 14:13:08,22.91905,98.09248,23.01905,98.19248,23.01905,98.09248,22.91905,98.19248,Sentinel-2A,Optical,4.8,82.4,Analysis Ready,S2_000007.tif,4.54
8,20,2,2024-12-25 08:53:45,22.87109,93.857,22.97109,93.957,22.97109,93.857,22.87109,93.957,Sentinel-1B,SAR,23.9,74.2,Preprocessed,S2_000008.tif,2.9
9,21,2,2019-03-10 00:51:13,24.40863,99.61353,24.50863,99.71353,24.50863,99.61353,24.40863,99.71353,Sentinel-1A,SAR,12.9,20.0,Raw,S2_000009.tif,3.67
10,40,5,2020-06-24 18:49:20,28.29378,97.42161,28.39378,97.52161,28.39378,97.42161,28.29378,97.52161,Sentinel-1B,SAR,13.8,61.6,Preprocessed,S2_000010.tif,1.29
11,9,1,2018-07-11 03:44:39,27.54871,93.2787,27.64871,93.3787,27.64871,93.2787,27.54871,93.3787,RESOURCESAT-2,Optical,4.1,88.1,Analysis Ready,S2_000011.tif,1.74
12,30,3,2020-03-08 17:27:09,25.82045,92.77696,25.92045,92.87696,25.92045,92.77696,25.82045,92.87696,RESOURCESAT-2,Optical,24.3,34.0,Preprocessed,S2_000012.tif,3.42
13,39,4,2021-08-06 20:08:48,27.87551,90.86376,27.97551,90.96376,27.97551,90.86376,27.87551,90.96376,Landsat-9,Optical,27.3,84.7,Preprocessed,S2_000013.tif,0.26
14,29,3,2020-08-24 06:31:18,25.73937,99.01403,25.83937,99.11403,25.83937,99.01403,25.73937,99.11403,Sentinel-2B,Optical,28.6,92.5,Raw,S2_000014.tif,1.42
15,48,6,2024-08-01 22:10:41,26.79412,94.42533,26.89412,94.52533,26.89412,94.42533,26.79412,94.52533,Sentinel-2A,Optical,25.0,45.0,Analysis Ready,S2_000015.tif,4.52
16,7,1,2022-06-26 18:22:25,26.54923,92.21149,26.64923,92.31149,26.64923,92.21149,26.54923,92.31149,Landsat-8,Optical,14.1,77.1,Preprocessed,S2_000016.tif,2.91
17,9,1,2021-11-23 14:58:30,27.76745,93.78308,27.86745,93.88308,27.86745,93.78308,27.76745,93.88308,Sentinel-1B,SAR,3.3,90.4,Raw,S2_000017.tif,1.95
18,6,1,2023-12-21 09:51:14,26.20822,96.83025,26.30822,96.93025,26.30822,96.83025,26.20822,96.93025,Sentinel-1A,SAR,15.0,33.2,Raw,S2_000018.tif,2.5
19,60,8,2021-03-17 01:28:22,24.23382,95.69192,24.33382,95.79192,24.33382,95.69192,24.23382,95.79192,RESOURCESAT-2,Optical,14.9,28.7,Analysis Ready,S2_000019.tif,4.63
20,40,5,2023-12-17 08:48:32,28.39305,97.29411,28.49305,97.39411,28.49305,97.29411,28.39305,97.39411,Sentinel-2B,Optical,3.4,27.6,Analysis Ready,S2_000020.tif,4.88
21,26,3,2019-12-19 00:11:19,23.96842,90.33142,24.06842,90.43142,24.06842,90.33142,23.96842,90.43142,Sentinel-2A,Optical,4.6,98.6,Preprocessed,S2_000021.tif,4.43
22,16,2,2020-08-02 00:41:35,23.85056,90.24372,23.95056,90.34372,23.95056,90.24372,23.85056,90.34372,RESOURCESAT-2,Optical,22.4,5.7,Raw,S2_000022.tif,2.77
23,14,2,2022-03-03 04:43:48,22.94829,93.40104,23.04829,93.50104,23.04829,93.40104,22.94829,93.50104,Landsat-9,Optical,7.8,53.6,Analysis Ready,S2_000023.tif,3.58
24,31,3,2021-10-18 03:29:21,28.14192,95.22811,28.24192,95.32811,28.24192,95.22811,28.14192,95.32811,Sentinel-1A,SAR,12.6,67.7,Raw,S2_000024.tif,2.25
25,33,4,2018-01-29 22:43:52,23.87293,99.78345,23.97293,99.88345,23.97293,99.78345,23.87293,99.88345,Sentinel-1A,SAR,5.8,82.3,Analysis Ready,S2_000025.tif,3.2
26,27,3,2020-08-11 11:12:32,25.05131,91.06761,25.15131,91.16761,25.15131,91.06761,25.05131,91.16761,Sentinel-2B,Optical,20.7,16.0,Analysis Ready,S2_000026.tif,4.22
27,48,6,2018-04-18 14:18:47,27.25721,95.21846,27.35721,95.31846,27.35721,95.21846,27.25721,95.31846,Sentinel-1A,SAR,25.1,32.1,Raw,S2_000027.tif,4.76
28,22,2,2019-10-04 13:15:04,22.71398,96.15676,22.81398,96.25676,22.81398,96.15676,22.71398,96.25676,Landsat-8,Optical,26.6,50.0,Analysis Ready,S2_000028.tif,3.71
29,9,1,2023-08-19 02:46:29,27.76083,93.47269,27.86083,93.57269,27.86083,93.47269,27.76083,93.57269,Sentinel-1A,SAR,22.5,64.9,Analysis Ready,S2_000029.tif,4.78
30,21,2,2019-07-12 07:49:46,23.86485,99.4408,23.96485,99.5408,23.96485,99.4408,23.86485,99.5408,Landsat-9,Optical,23.3,38.9,Raw,S2_000030.tif,0.47
31,35,4,2023-02-24 17:43:00,23.66772,91.26815,23.76772,91.36815,23.76772,91.26815,23.66772,91.36815,RESOURCESAT-2,Optical,11.0,73.7,Raw,S2_000031.tif,3.0
32,15,2,2024-12-03 21:11:42,26.77526,99.10557,26.87526,99.20557,26.87526,99.10557,26.77526,99.20557,Sentinel-2B,Optical,10.7,34.5,Analysis Ready,S2_000032.tif,1.59
33,54,6,2019-06-22 19:15:45,29.74804,91.84277,29.84804,91.94277,29.84804,91.84277,29.74804,91.94277,Sentinel-2A,Optical,22.0,52.8,Analysis Ready,S2_000033.tif,0.94
34,1,1,2018-07-28 09:23:25,26.94896,90.6184,27.04896,90.7184,27.04896,90.6184,26.94896,90.7184,RESOURCESAT-2,Optical,18.9,10.3,Preprocessed,S2_000034.tif,3.33
35,42,5,2021-04-01 02:42:14,22.15564,96.89737,22.25564,96.99737,22.25564,96.89737,22.15564,96.99737,Sentinel-2B,Optical,28.2,60.5,Preprocessed,S2_000035.tif,1.42
36,48,6,2018-08-18 20:42:06,26.48932,94.66116,26.58932,94.76116,26.58932,94.66116,26.48932,94.76116,RESOURCESAT-2,Optical,18.8,4.1,Preprocessed,S2_000036.tif,0.88
37,18,2,2022-03-30 04:59:25,28.42948,98.98749,28.52948,99.08749,28.52948,98.98749,28.42948,99.08749,Sentinel-2A,Optical,14.6,30.3,Preprocessed,S2_000037.tif,1.46
38,31,3,2019-11-14 05:37:19,28.28212,95.2884,28.38212,95.3884,28.38212,95.2884,28.28212,95.3884,Landsat-8,Optical,27.4,9.5,Raw,S2_000038.tif,3.36
39,2,1,2021-12-01 17:03:14,23.48765,91.5817,23.58765,91.6817,23.58765,91.5817,23.48765,91.6817,Sentinel-1A,SAR,20.6,8.3,Raw,S2_000039.tif,3.89
40,59,8,2019-06-01 07:19:18,25.27869,92.43764,25.37869,92.53764,25.37869,92.43764,25.27869,92.53764,Sentinel-2A,Optical,20.6,51.1,Analysis Ready,S2_000040.tif,0.93
41,56,7,2022-07-13 21:58:03,29.85213,97.05766,29.95213,97.15766,29.95213,97.05766,29.85213,97.15766,RESOURCESAT-2,Optical,29.5,28.5,Raw,S2_000041.tif,4.01
42,50,6,2018-11-04 19:59:34,23.57655,92.58965,23.67655,92.68965,23.67655,92.58965,23.57655,92.68965,Sentinel-1A,SAR,18.6,42.7,Raw,S2_000042.tif,3.74
43,20,2,2024-06-03 06:37:10,23.02804,93.37925,23.12804,93.47925,23.12804,93.37925,23.02804,93.47925,Sentinel-1B,SAR,10.8,97.9,Raw,S2_000043.tif,2.89
44,35,4,2019-05-12 01:52:47,23.31506,91.50904,23.41506,91.60904,23.41506,91.50904,23.31506,91.60904,Sentinel-1A,SAR,11.7,65.4,Raw,S2_000044.tif,3.79
45,40,5,2024-11-07 15:09:17,28.00712,97.60818,28.10712,97.70818,28.10712,97.60818,28.00712,97.70818,Sentinel-1B,SAR,27.8,17.8,Raw,S2_000045.tif,1.57
46,49,6,2023-01-03 19:17:20,29.79245,98.66856,29.89245,98.76856,29.89245,98.66856,29.79245,98.76856,Landsat-9,Optical,28.2,31.3,Analysis Ready,S2_000046.tif,3.08
47,45,5,2020-02-22 13:00:07,28.97689,94.88371,29.07689,94.98371,29.07689,94.88371,28.97689,94.98371,Landsat-9,Optical,16.4,84.3,Raw,S2_000047.tif,2.8
48,24,3,2023-07-26 06:21:49,23.92457,99.25841,24.02457,99.35841,24.02457,99.25841,23.92457,99.35841,Sentinel-1B,SAR,8.8,50.7,Raw,S2_000048.tif,2.67
49,12,1,2021-01-28 22:37:55,26.63225,98.36858,26.73225,98.46858,26.73225,98.36858,26.63225,98.46858,Sentinel-2B,Optical,4.4,13.0,Preprocessed,S2_000049.tif,2.88
50,6,1,2024-12-02 10:36:41,26.08696,97.48292,26.18696,97.58292,26.18696,97.48292,26.08696,97.58292,Sentinel-1A,SAR,19.0,97.5,Analysis Ready,S2_000050.tif,1.03
51,29,3,2018-12-05 11:50:57,25.52799,99.07113,25.62799,99.17113,25.62799,99.07113,25.52799,99.17113,Sentinel-2A,Optical,18.3,98.7,Analysis Ready,S2_000051.tif,4.72
52,23,3,2019-07-26 20:56:36,28.26278,91.29395,28.36278,91.39395,28.36278,91.29395,28.26278,91.39395,Sentinel-2B,Optical,28.6,45.8,Raw,S2_000052.tif,2.02
53,26,3,2023-02-18 07:07:26,24.16857,90.22724,24.26857,90.32724,24.26857,90.22724,24.16857,90.32724,Landsat-9,Optical,5.4,33.5,Raw,S2_000053.tif,0.8
54,4,1,2019-11-21 13:52:58,26.47742,90.23328,26.57742,90.33328,26.57742,90.23328,26.47742,90.33328,Sentinel-2A,Optical,26.2,85.3,Raw,S2_000054.tif,3.63
55,52,6,2019-05-21 00:13:25,28.98418,99.80646,29.08418,99.90646,29.08418,99.80646,28.98418,99.90646,Sentinel-1B,SAR,16.6,0.3,Preprocessed,S2_000055.tif,0.86
56,25,3,2019-11-20 09:10:56,26.37084,96.76461,26.47084,96.86461,26.47084,96.76461,26.37084,96.86461,Sentinel-1B,SAR,16.2,84.7,Raw,S2_000056.tif,0.68
57,59,8,2021-06-24 09:36:09,26.02888,92.67564,26.12888,92.77564,26.12888,92.67564,26.02888,92.77564,Sentinel-1B,SAR,25.6,0.3,Analysis Ready,S2_000057.tif,4.12
58,39,4,2020-04-22 09:15:57,27.15997,91.39911,27.25997,91.49911,27.25997,91.39911,27.15997,91.49911,Sentinel-2A,Optical,22.8,52.4,Raw,S2_000058.tif,3.96
59,51,6,2021-04-15 06:01:27,29.48567,90.51267,29.58567,90.61267,29.58567,90.51267,29.48567,90.61267,RESOURCESAT-2,Optical,28.7,59.3,Analysis Ready,S2_000059.tif,3.76
60,29,3,2019-06-27 06:20:46,25.87398,98.70622,25.97398,98.80622,25.97398,98.70622,25.87398,98.80622,Sentinel-2A,Optical,18.6,5.4,Preprocessed,S2_000060.tif,1.34
61,59,8,2019-04-18 14:18:38,25.77686,92.75121,25.87686,92.85121,25.87686,92.75121,25.77686,92.85121,Sentinel-2A,Optical,5.9,7.8,Preprocessed,S2_000061.tif,0.87
62,8,1,2019-02-02 15:34:34,24.16787,98.77412,24.26787,98.87412,24.26787,98.77412,24.16787,98.87412,Sentinel-1B,SAR,18.3,10.0,Preprocessed,S2_000062.tif,2.72
63,41,5,2022-01-01 02:58:37,23.20021,94.66574,23.30021,94.76574,23.30021,94.66574,23.20021,94.76574,Sentinel-1B,SAR,9.6,19.8,Analysis Ready,S2_000063.tif,4.79
64,3,1,2019-07-14 09:00:35,27.15686,98.97868,27.25686,99.07868,27.25686,98.97868,27.15686,99.07868,Sentinel-1A,SAR,12.4,88.2,Raw,S2_000064.tif,0.39
65,7,1,2019-11-29 01:29:14,25.91327,92.33949,26.01327,92.43949,26.01327,92.33949,25.91327,92.43949,Sentinel-2B,Optical,10.1,46.7,Analysis Ready,S2_000065.tif,3.08
66,58,7,2018-01-23 11:52:36,27.29445,94.33961,27.39445,94.43961,27.39445,94.33961,27.29445,94.43961,Landsat-8,Optical,21.7,43.4,Analysis Ready,S2_000066.tif,4.72
67,54,6,2020-06-18 22:11:31,29.76431,91.49997,29.86431,91.59997,29.86431,91.49997,29.76431,91.59997,Sentinel-1B,SAR,16.4,57.5,Raw,S2_000067.tif,0.8
68,15,2,2022-06-22 23:34:29,27.42753,98.31379,27.52753,98.41379,27.52753,98.31379,27.42753,98.41379,Sentinel-2B,Optical,12.3,18.5,Analysis Ready,S2_000068.tif,2.34
69,8,1,2023-01-29 12:41:13,24.27934,98.25314,24.37934,98.35314,24.37934,98.25314,24.27934,98.35314,RESOURCESAT-2,Optical,25.2,13.5,Preprocessed,S2_000069.tif,4.72
70,45,5,2019-03-27 13:53:52,28.35599,94.94027,28.45599,95.04027,28.45599,94.94027,28.35599,95.04027,Sentinel-1B,SAR,21.5,27.8,Preprocessed,S2_000070.tif,0.7
71,52,6,2024-08-19 20:47:35,28.54702,99.34137,28.64702,99.44137,28.64702,99.34137,28.54702,99.44137,Sentinel-2A,Optical,8.8,13.2,Raw,S2_000071.tif,0.73
72,13,2,2019-02-15 09:19:54,25.85299,99.50215,25.95299,99.60215,25.95299,99.50215,25.85299,99.60215,Sentinel-1A,SAR,18.8,68.3,Preprocessed,S2_000072.tif,4.3
73,55,7,2018-09-23 09:49:14,28.88097,94.47742,28.98097,94.57742,28.98097,94.47742,28.88097,94.57742,Sentinel-2B,Optical,13.2,89.7,Analysis Ready,S2_000073.tif,4.28
74,48,6,2024-10-27 03:35:03,26.49047,94.51603,26.59047,94.61603,26.59047,94.51603,26.49047,94.61603,Landsat-9,Optical,23.9,83.5,Preprocessed,S2_000074.tif,0.92
75,18,2,2022-12-19 18:28:19,29.0094,98.60159,29.1094,98.70159,29.1094,98.60159,29.0094,98.70159,Sentinel-2A,Optical,25.6,7.7,Preprocessed,S2_000075.tif,2.88
76,40,5,2018-09-01 10:55:28,28.46087,98.18184,28.56087,98.28184,28.56087,98.18184,28.46087,98.28184,RESOURCESAT-2,Optical,8.5,44.8,Raw,S2_000076.tif,2.02
77,40,5,2024-07-09 05:04:34,28.16996,97.50059,28.26996,97.60059,28.26996,97.50059,28.16996,97.60059,Sentinel-2A,Optical,28.9,34.4,Preprocessed,S2_000077.tif,0.43
78,31,3,2024-11-06 10:33:07,27.84087,95.50609,27.94087,95.60609,27.94087,95.50609,27.84087,95.60609,Landsat-9,Optical,14.6,5.4,Raw,S2_000078.tif,4.65
79,2,1,2023-07-16 02:31:41,24.27491,91.53067,24.37491,91.63067,24.37491,91.53067,24.27491,91.63067,Sentinel-1A,SAR,9.2,1.1,Preprocessed,S2_000079.tif,0.74
80,24,3,2022-03-28 17:56:15,24.14765,99.21378,24.24765,99.31378,24.24765,99.21378,24.14765,99.31378,Sentinel-1B,SAR,26.4,41.4,Raw,S2_000080.tif,3.09
81,40,5,2019-05-01 12:25:44,28.44534,97.55846,28.54534,97.65846,28.54534,97.55846,28.44534,97.65846,Sentinel-2B,Optical,16.7,58.3,Analysis Ready,S2_000081.tif,2.64
82,9,1,2023-12-15 23:23:42,27.46495,93.08322,27.56495,93.18322,27.56495,93.08322,27.46495,93.18322,Landsat-8,Optical,28.2,87.9,Preprocessed,S2_000082.tif,0.91
83,4,1,2023-03-04 14:13:42,26.50534,90.73127,26.60534,90.83127,26.60534,90.73127,26.50534,90.83127,RESOURCESAT-2,Optical,8.6,58.7,Raw,S2_000083.tif,3.31
84,55,7,2023-05-08 20:22:15,29.40154,93.90126,29.50154,94.00126,29.50154,93.90126,29.40154,94.00126,RESOURCESAT-2,Optical,16.7,89.7,Raw,S2_000084.tif,4.97
85,61,8,2020-05-31 13:04:53,26.94633,90.51807,27.04633,90.61807,27.04633,90.51807,26.94633,90.61807,Sentinel-2A,Optical,20.0,73.5,Analysis Ready,S2_000085.tif,1.77
86,15,2,2018-05-09 00:01:12,27.11579,98.43218,27.21579,98.53218,27.21579,98.43218,27.11579,98.53218,Landsat-8,Optical,9.7,64.5,Preprocessed,S2_000086.tif,2.66
87,50,6,2024-12-09 07:38:36,24.26474,92.24418,24.36474,92.34418,24.36474,92.24418,24.26474,92.34418,Sentinel-1B,SAR,27.9,70.6,Analysis Ready,S2_000087.tif,1.46
88,10,1,2019-03-18 02:06:39,23.74373,97.177,23.84373,97.277,23.84373,97.177,23.74373,97.277,Sentinel-2B,Optical,13.6,93.7,Raw,S2_000088.tif,0.18
89,51,6,2022-10-14 03:09:44,29.82661,90.8616,29.92661,90.9616,29.92661,90.8616,29.82661,90.9616,Sentinel-1A,SAR,19.4,48.2,Preprocessed,S2_000089.tif,2.2
90,20,2,2021-04-28 03:41:30,22.93822,93.23825,23.03822,93.33825,23.03822,93.23825,22.93822,93.33825,Landsat-9,Optical,24.4,83.5,Analysis Ready,S2_000090.tif,1.23
91,46,5,2019-08-22 13:40:33,23.56355,97.33709,23.66355,97.43709,23.66355,97.33709,23.56355,97.43709,Landsat-9,Optical,29.1,62.6,Raw,S2_000091.tif,0.45
92,48,6,2023-06-24 04:38:26,27.03221,94.63479,27.13221,94.73479,27.13221,94.63479,27.03221,94.73479,Sentinel-2A,Optical,9.5,3.8,Analysis Ready,S2_000092.tif,1.62
93,31,3,2021-10-06 10:08:55,27.834,95.62531,27.934,95.72531,27.934,95.62531,27.834,95.72531,Landsat-9,Optical,13.6,12.4,Analysis Ready,S2_000093.tif,0.83
94,44,5,2021-08-10 08:43:12,28.96612,99.18532,29.06612,99.28532,29.06612,99.18532,28.96612,99.28532,Sentinel-1B,SAR,22.5,16.9,Analysis Ready,S2_000094.tif,2.62
95,57,7,2019-07-17 14:12:40,23.70151,93.50961,23.80151,93.60961,23.80151,93.50961,23.70151,93.60961,Sentinel-2B,Optical,17.5,79.4,Raw,S2_000095.tif,0.99
96,29,3,2020-07-22 04:03:12,26.43525,98.84097,26.53525,98.94097,26.53525,98.84097,26.43525,98.94097,Landsat-9,Optical,22.9,35.9,Raw,S2_000096.tif,0.58
97,11,1,2024-04-30 19:44:01,22.78845,90.64692,22.88845,90.74692,22.88845,90.64692,22.78845,90.74692,Sentinel-1A,SAR,4.1,36.2,Analysis Ready,S2_000097.tif,1.12
98,45,5,2024-08-08 11:08:35,28.36656,94.60184,28.46656,94.70184,28.46656,94.60184,28.36656,94.70184,RESOURCESAT-2,Optical,7.4,46.1,Raw,S2_000098.tif,4.04
99,39,4,2024-08-29 11:26:45,27.50155,90.73644,27.60155,90.83644,27.60155,90.73644,27.50155,90.83644,Sentinel-2A,Optical,25.1,38.4,Raw,S2_000099.tif,0.44
100,31,3,2020-02-22 04:40:54,27.53253,95.07464,27.63253,95.17464,27.63253,95.07464,27.53253,95.17464,Sentinel-2A,Optical,24.2,15.5,Raw,S2_000100.tif,0.18
101,56,7,2020-06-08 18:29:57,29.27911,97.27724,29.37911,97.37724,29.37911,97.27724,29.27911,97.37724,Sentinel-2B,Optical,21.2,19.5,Preprocessed,S2_000101.tif,4.13
102,16,2,2020-04-18 01:15:48,23.99893,90.96774,24.09893,91.06774,24.09893,90.96774,23.99893,91.06774,Landsat-9,Optical,13.1,98.6,Raw,S2_000102.tif,4.91
103,8,1,2019-10-13 14:57:11,23.9203,98.2306,24.0203,98.3306,24.0203,98.2306,23.9203,98.3306,Sentinel-2A,Optical,9.1,89.0,Raw,S2_000103.tif,4.83
104,13,2,2020-11-01 09:36:12,26.23619,99.30927,26.33619,99.40927,26.33619,99.30927,26.23619,99.40927,Landsat-9,Optical,18.7,5.6,Preprocessed,S2_000104.tif,2.09
105,55,7,2019-10-27 02:55:32,29.17523,94.57304,29.27523,94.67304,29.27523,94.57304,29.17523,94.67304,Sentinel-2B,Optical,8.1,82.0,Preprocessed,S2_000105.tif,0.63
106,5,1,2024-02-24 03:00:53,24.02113,95.16207,24.12113,95.26207,24.12113,95.16207,24.02113,95.26207,Landsat-9,Optical,5.0,67.3,Raw,S2_000106.tif,1.42
107,34,4,2024-11-30 09:41:57,25.48828,97.89884,25.58828,97.99884,25.58828,97.89884,25.48828,97.99884,Sentinel-1A,SAR,22.9,74.1,Analysis Ready,S2_000107.tif,4.4
108,14,2,2020-10-23 14:37:53,22.66291,92.60833,22.76291,92.70833,22.76291,92.60833,22.66291,92.70833,Sentinel-1A,SAR,4.7,24.6,Analysis Ready,S2_000108.tif,0.73
109,4,1,2023-06-18 02:34:32,26.96605,90.02327,27.06605,90.12327,27.06605,90.02327,26.96605,90.12327,Sentinel-2A,Optical,11.2,47.1,Raw,S2_000109.tif,4.62
110,33,4,2022-03-29 06:14:02,23.25929,99.82382,23.35929,99.92382,23.35929,99.82382,23.25929,99.92382,Landsat-9,Optical,14.5,46.8,Raw,S2_000110.tif,3.73
111,42,5,2020-07-18 03:37:13,22.29241,97.32929,22.39241,97.42929,22.39241,97.32929,22.29241,97.42929,Sentinel-2A,Optical,18.6,94.0,Preprocessed,S2_000111.tif,3.94
112,4,1,2021-05-26 09:58:38,26.30627,90.70422,26.40627,90.80422,26.40627,90.70422,26.30627,90.80422,Landsat-8,Optical,5.5,64.1,Analysis Ready,S2_000112.tif,3.14
113,49,6,2020-02-11 02:27:19,29.883,98.47572,29.983,98.57572,29.983,98.47572,29.883,98.57572,Landsat-8,Optical,15.9,48.8,Raw,S2_000113.tif,3.53
114,19,2,2020-08-02 06:05:55,24.10437,96.50811,24.20437,96.60811,24.20437,96.50811,24.10437,96.60811,Sentinel-1B,SAR,20.3,26.5,Preprocessed,S2_000114.tif,0.31
115,55,7,2021-03-11 14:59:13,29.23317,94.24296,29.33317,94.34296,29.33317,94.24296,29.23317,94.34296,Sentinel-2B,Optical,13.3,56.4,Analysis Ready,S2_000115.tif,4.7
116,44,5,2023-10-30 03:40:14,29.12148,98.74115,29.22148,98.84115,29.22148,98.74115,29.12148,98.84115,Landsat-9,Optical,5.7,5.6,Raw,S2_000116.tif,3.83
117,24,3,2021-11-11 07:45:08,24.00492,99.37968,24.10492,99.47968,24.10492,99.37968,24.00492,99.47968,Sentinel-1B,SAR,4.2,63.0,Analysis Ready,S2_000117.tif,3.49
118,5,1,2020-02-11 07:07:39,23.85855,95.40807,23.95855,95.50807,23.95855,95.40807,23.85855,95.50807,Sentinel-2A,Optical,25.7,34.3,Preprocessed,S2_000118.tif,2.28
119,39,4,2022-10-31 08:57:46,27.62526,91.62549,27.72526,91.72549,27.72526,91.62549,27.62526,91.72549,RESOURCESAT-2,Optical,15.5,24.8,Analysis Ready,S2_000119.tif,4.82
120,42,5,2019-05-09 09:55:54,22.15121,97.28307,22.25121,97.38307,22.25121,97.28307,22.15121,97.38307,Landsat-9,Optical,13.9,29.4,Analysis Ready,S2_000120.tif,4.87
121,5,1,2024-09-03 02:51:40,23.7845,95.14353,23.8845,95.24353,23.8845,95.14353,23.7845,95.24353,Sentinel-2A,Optical,8.6,80.4,Raw,S2_000121.tif,1.08
122,27,3,2024-12-26 22:07:20,24.79581,90.75141,24.89581,90.85141,24.89581,90.75141,24.79581,90.85141,Sentinel-2B,Optical,10.5,47.4,Preprocessed,S2_000122.tif,4.38
123,2,1,2023-05-30 12:50:47,24.38722,91.29767,24.48722,91.39767,24.48722,91.29767,24.38722,91.39767,Sentinel-2B,Optical,28.7,13.6,Raw,S2_000123.tif,3.17
124,12,1,2020-10-29 06:14:42,27.02676,97.80468,27.12676,97.90468,27.12676,97.80468,27.02676,97.90468,Sentinel-1A,SAR,7.2,19.9,Preprocessed,S2_000124.tif,4.4
125,20,2,2019-04-20 11:52:41,23.62077,93.50459,23.72077,93.60459,23.72077,93.50459,23.62077,93.60459,Sentinel-2A,Optical,24.8,31.0,Preprocessed,S2_000125.tif,0.26
126,6,1,2018-06-14 16:40:20,26.12343,97.51372,26.22343,97.61372,26.22343,97.51372,26.12343,97.61372,RESOURCESAT-2,Optical,21.4,63.3,Preprocessed,S2_000126.tif,4.67
127,13,2,2018-07-08 21:38:28,26.44208,99.27257,26.54208,99.37257,26.54208,99.27257,26.44208,99.37257,Landsat-9,Optical,8.9,79.6,Analysis Ready,S2_000127.tif,0.42
128,27,3,2022-07-11 04:40:40,24.94421,90.87669,25.04421,90.97669,25.04421,90.87669,24.94421,90.97669,Landsat-8,Optical,27.4,36.6,Analysis Ready,S2_000128.tif,2.3
129,13,2,2018-08-19 20:56:37,26.22622,99.84333,26.32622,99.94333,26.32622,99.84333,26.22622,99.94333,Sentinel-1A,SAR,7.7,55.5,Preprocessed,S2_000129.tif,4.71
130,33,4,2021-07-16 22:47:30,23.83926,100.19228,23.93926,100.29228,23.93926,100.19228,23.83926,100.29228,Sentinel-2B,Optical,19.0,23.4,Preprocessed,S2_000130.tif,1.09
131,2,1,2019-03-28 08:51:18,23.8487,91.35965,23.9487,91.45965,23.9487,91.35965,23.8487,91.45965,Sentinel-1A,SAR,17.5,52.8,Preprocessed,S2_000131.tif,4.76
132,44,5,2023-10-19 14:09:58,29.3057,98.44479,29.4057,98.54479,29.4057,98.44479,29.3057,98.54479,Sentinel-2B,Optical,22.1,75.5,Analysis Ready,S2_000132.tif,3.42
133,30,3,2023-01-29 02:12:15,26.09329,92.44967,26.19329,92.54967,26.19329,92.44967,26.09329,92.54967,Sentinel-2B,Optical,21.2,94.6,Preprocessed,S2_000133.tif,0.82
134,14,2,2022-05-16 01:03:24,22.52569,93.06427,22.62569,93.16427,22.62569,93.06427,22.52569,93.16427,Sentinel-1B,SAR,21.7,31.3,Raw,S2_000134.tif,2.19
135,33,4,2019-01-19 10:51:22,24.23038,99.71968,24.33038,99.81968,24.33038,99.71968,24.23038,99.81968,Sentinel-1B,SAR,21.0,70.2,Raw,S2_000135.tif,2.24
136,25,3,2020-03-30 10:29:27,26.05722,97.31694,26.15722,97.41694,26.15722,97.31694,26.05722,97.41694,Sentinel-1A,SAR,21.5,90.2,Raw,S2_000136.tif,3.37
137,58,7,2020-04-18 14:20:43,26.99168,94.87513,27.09168,94.97513,27.09168,94.87513,26.99168,94.97513,Sentinel-2A,Optical,16.6,89.9,Raw,S2_000137.tif,0.59
138,3,1,2023-08-27 15:57:18,27.77162,98.99527,27.87162,99.09527,27.87162,98.99527,27.77162,99.09527,Landsat-9,Optical,9.7,8.4,Preprocessed,S2_000138.tif,2.95
139,14,2,2021-09-28 06:42:40,22.69519,93.16389,22.79519,93.26389,22.79519,93.16389,22.69519,93.26389,Landsat-8,Optical,10.2,31.0,Preprocessed,S2_000139.tif,1.28
140,20,2,2020-12-28 17:26:49,22.96272,93.88136,23.06272,93.98136,23.06272,93.88136,22.96272,93.98136,Sentinel-2B,Optical,15.4,13.5,Preprocessed,S2_000140.tif,4.6
141,50,6,2021-03-01 00:36:03,24.09808,92.10226,24.19808,92.20226,24.19808,92.10226,24.09808,92.20226,Sentinel-1B,SAR,13.8,17.5,Preprocessed,S2_000141.tif,2.89
142,47,6,2020-09-26 02:22:06,30.10309,99.27718,30.20309,99.37718,30.20309,99.27718,30.10309,99.37718,Sentinel-1B,SAR,6.5,1.8,Preprocessed,S2_000142.tif,1.95
143,10,1,2022-08-29 02:59:25,23.8694,98.00232,23.9694,98.10232,23.9694,98.00232,23.8694,98.10232,Sentinel-2B,Optical,15.4,81.3,Analysis Ready,S2_000143.tif,1.21
144,23,3,2019-09-14 21:48:38,28.17708,91.2297,28.27708,91.3297,28.27708,91.2297,28.17708,91.3297,RESOURCESAT-2,Optical,5.4,1.1,Analysis Ready,S2_000144.tif,1.76
145,28,3,2021-12-13 07:25:53,28.51848,93.56893,28.61848,93.66893,28.61848,93.56893,28.51848,93.66893,Landsat-8,Optical,25.5,25.1,Raw,S2_000145.tif,0.76
146,34,4,2018-11-18 11:23:07,26.26074,97.9216,26.36074,98.0216,26.36074,97.9216,26.26074,98.0216,Sentinel-1A,SAR,23.5,61.2,Analysis Ready,S2_000146.tif,3.7
147,8,1,2021-08-01 04:24:55,23.96976,98.22489,24.06976,98.32489,24.06976,98.22489,23.96976,98.32489,Sentinel-2B,Optical,6.5,93.5,Preprocessed,S2_000147.tif,1.32
148,23,3,2019-09-06 03:52:47,27.6189,91.82984,27.7189,91.92984,27.7189,91.82984,27.6189,91.92984,Sentinel-2B,Optical,15.7,51.7,Raw,S2_000148.tif,3.3
149,8,1,2023-12-27 00:33:16,24.49886,98.7118,24.59886,98.8118,24.59886,98.7118,24.49886,98.8118,Sentinel-1A,SAR,10.8,54.5,Preprocessed,S2_000149.tif,2.82
150,56,7,2021-02-17 11:08:28,29.10247,97.72944,29.20247,97.82944,29.20247,97.72944,29.10247,97.82944,Landsat-8,Optical,23.6,60.3,Analysis Ready,S2_000150.tif,4.14
151,5,1,2023-02-19 23:22:42,23.54633,95.01742,23.64633,95.11742,23.64633,95.01742,23.54633,95.11742,Landsat-9,Optical,25.5,35.0,Analysis Ready,S2_000151.tif,0.4
152,14,2,2023-05-07 05:49:33,22.83849,92.78138,22.93849,92.88138,22.93849,92.78138,22.83849,92.88138,Sentinel-1A,SAR,8.5,65.8,Raw,S2_000152.tif,2.5
153,33,4,2023-04-07 08:04:31,23.79535,99.67509,23.89535,99.77509,23.89535,99.67509,23.79535,99.77509,Landsat-8,Optical,4.0,18.9,Preprocessed,S2_000153.tif,0.07
154,35,4,2021-10-28 18:30:41,23.63909,91.40085,23.73909,91.50085,23.73909,91.40085,23.63909,91.50085,RESOURCESAT-2,Optical,25.0,65.8,Analysis Ready,S2_000154.tif,4.72
155,59,8,2021-05-21 08:33:12,25.17671,92.88087,25.27671,92.98087,25.27671,92.88087,25.17671,92.98087,Sentinel-1A,SAR,10.3,7.7,Raw,S2_000155.tif,2.89
156,14,2,2019-11-22 11:44:02,22.2126,92.47387,22.3126,92.57387,22.3126,92.47387,22.2126,92.57387,Landsat-8,Optical,15.4,55.0,Analysis Ready,S2_000156.tif,2.13
157,38,4,2019-10-06 02:07:17,29.54197,98.71025,29.64197,98.81025,29.64197,98.71025,29.54197,98.81025,Sentinel-2A,Optical,20.0,73.8,Analysis Ready,S2_000157.tif,3.44
158,12,1,2024-10-15 13:01:33,26.69383,97.69217,26.79383,97.79217,26.79383,97.69217,26.69383,97.79217,Sentinel-1B,SAR,12.1,57.0,Preprocessed,S2_000158.tif,3.03
159,19,2,2021-01-05 17:21:17,23.92964,96.61956,24.02964,96.71956,24.02964,96.61956,23.92964,96.71956,RESOURCESAT-2,Optical,10.4,85.1,Analysis Ready,S2_000159.tif,0.15
160,22,2,2023-10-27 04:20:56,22.58325,96.52567,22.68325,96.62567,22.68325,96.52567,22.58325,96.62567,Sentinel-2A,Optical,27.8,94.4,Raw,S2_000160.tif,1.21
161,4,1,2020-11-21 20:25:13,26.38178,90.6672,26.48178,90.7672,26.48178,90.6672,26.38178,90.7672,Sentinel-2A,Optical,26.5,31.7,Analysis Ready,S2_000161.tif,4.49
162,11,1,2019-11-05 21:41:30,22.99505,90.53646,23.09505,90.63646,23.09505,90.53646,22.99505,90.63646,Landsat-9,Optical,13.3,97.9,Analysis Ready,S2_000162.tif,0.81
163,60,8,2018-09-29 16:55:58,24.34481,95.40829,24.44481,95.50829,24.44481,95.40829,24.34481,95.50829,Sentinel-2B,Optical,19.3,65.6,Preprocessed,S2_000163.tif,2.74
164,61,8,2018-08-02 10:15:58,26.26277,89.94296,26.36277,90.04296,26.36277,89.94296,26.26277,90.04296,Sentinel-2A,Optical,10.3,90.2,Analysis Ready,S2_000164.tif,2.11
165,14,2,2019-09-20 16:10:48,22.49237,92.5803,22.59237,92.6803,22.59237,92.5803,22.49237,92.6803,Sentinel-1B,SAR,26.9,71.7,Preprocessed,S2_000165.tif,4.63
166,20,2,2022-01-08 17:41:51,23.32422,93.81204,23.42422,93.91204,23.42422,93.81204,23.32422,93.91204,Landsat-9,Optical,18.4,62.2,Raw,S2_000166.tif,1.8
167,13,2,2022-11-19 13:04:34,25.82724,99.32309,25.92724,99.42309,25.92724,99.32309,25.82724,99.42309,Landsat-9,Optical,3.2,93.7,Raw,S2_000167.tif,1.08
168,5,1,2022-12-19 20:45:28,23.88795,94.99761,23.98795,95.09761,23.98795,94.99761,23.88795,95.09761,Landsat-8,Optical,3.1,57.9,Raw,S2_000168.tif,2.9
169,52,6,2023-08-28 21:34:13,28.72689,100.19727,28.82689,100.29727,28.82689,100.19727,28.72689,100.29727,Landsat-9,Optical,18.8,5.0,Preprocessed,S2_000169.tif,1.47
170,57,7,2024-01-15 21:39:35,24.08265,93.2047,24.18265,93.3047,24.18265,93.2047,24.08265,93.3047,RESOURCESAT-2,Optical,4.6,75.1,Analysis Ready,S2_000170.tif,1.66
171,19,2,2022-06-14 07:39:49,24.68593,96.82926,24.78593,96.92926,24.78593,96.82926,24.68593,96.92926,Sentinel-1A,SAR,21.5,10.3,Preprocessed,S2_000171.tif,3.61
172,22,2,2023-11-07 04:29:43,22.6994,95.97323,22.7994,96.07323,22.7994,95.97323,22.6994,96.07323,Sentinel-2B,Optical,22.1,69.7,Preprocessed,S2_000172.tif,0.93
173,48,6,2020-10-05 03:41:05,27.28231,94.6155,27.38231,94.7155,27.38231,94.6155,27.28231,94.7155,Sentinel-2B,Optical,7.6,75.2,Analysis Ready,S2_000173.tif,4.22
174,53,6,2023-01-12 21:00:03,28.31199,91.07141,28.41199,91.17141,28.41199,91.07141,28.31199,91.17141,Sentinel-2A,Optical,26.4,73.2,Analysis Ready,S2_000174.tif,3.73
175,34,4,2018-01-02 17:27:49,25.75112,98.00468,25.85112,98.10468,25.85112,98.00468,25.75112,98.10468,Sentinel-1B,SAR,4.6,53.8,Preprocessed,S2_000175.tif,2.63
176,55,7,2022-07-26 18:24:54,28.62416,94.15091,28.72416,94.25091,28.72416,94.15091,28.62416,94.25091,Sentinel-2B,Optical,20.7,28.6,Analysis Ready,S2_000176.tif,0.75
177,10,1,2018-02-15 13:50:59,23.59393,97.16169,23.69393,97.26169,23.69393,97.16169,23.59393,97.26169,Sentinel-2A,Optical,16.6,98.3,Raw,S2_000177.tif,4.6
178,38,4,2021-01-28 22:26:52,30.22659,98.46802,30.32659,98.56802,30.32659,98.46802,30.22659,98.56802,Sentinel-2A,Optical,14.1,97.0,Raw,S2_000178.tif,1.36
179,31,3,2020-08-06 00:36:02,27.58297,95.63276,27.68297,95.73276,27.68297,95.63276,27.58297,95.73276,Sentinel-2A,Optical,9.4,57.3,Raw,S2_000179.tif,2.37
180,35,4,2024-08-14 22:22:42,22.89818,91.19235,22.99818,91.29235,22.99818,91.19235,22.89818,91.29235,Landsat-8,Optical,10.2,86.0,Raw,S2_000180.tif,4.2
181,37,4,2024-07-29 15:52:18,26.52328,94.29788,26.62328,94.39788,26.62328,94.29788,26.52328,94.39788,Sentinel-1B,SAR,22.6,29.6,Raw,S2_000181.tif,4.21
182,36,4,2019-07-08 19:39:54,24.9045,90.77781,25.0045,90.87781,25.0045,90.77781,24.9045,90.87781,Landsat-8,Optical,16.5,62.4,Raw,S2_000182.tif,0.24
183,59,8,2024-12-18 16:11:18,26.07593,92.24223,26.17593,92.34223,26.17593,92.24223,26.07593,92.34223,Sentinel-1A,SAR,7.5,73.1,Preprocessed,S2_000183.tif,4.18
184,33,4,2018-10-11 05:14:19,23.87231,100.35535,23.97231,100.45535,23.97231,100.35535,23.87231,100.45535,Sentinel-2A,Optical,19.4,44.6,Preprocessed,S2_000184.tif,3.68
185,43,5,2021-10-11 21:40:06,29.5655,97.30517,29.6655,97.40517,29.6655,97.30517,29.5655,97.40517,Sentinel-1B,SAR,18.8,65.8,Raw,S2_000185.tif,1.33
186,52,6,2018-04-21 02:49:18,28.41568,99.91036,28.51568,100.01036,28.51568,99.91036,28.41568,100.01036,Landsat-8,Optical,26.5,38.3,Analysis Ready,S2_000186.tif,3.01
187,7,1,2018-09-01 00:01:10,26.10545,92.07878,26.20545,92.17878,26.20545,92.07878,26.10545,92.17878,Sentinel-1A,SAR,18.9,91.3,Preprocessed,S2_000187.tif,3.89
188,46,5,2022-07-15 10:32:25,23.02332,97.15931,23.12332,97.25931,23.12332,97.15931,23.02332,97.25931,Sentinel-2B,Optical,24.5,13.2,Analysis Ready,S2_000188.tif,0.62
189,31,3,2020-11-20 02:50:32,28.07333,94.93608,28.17333,95.03608,28.17333,94.93608,28.07333,95.03608,RESOURCESAT-2,Optical,14.6,74.0,Raw,S2_000189.tif,0.28
190,38,4,2024-03-12 22:56:19,29.74006,98.9877,29.84006,99.0877,29.84006,98.9877,29.74006,99.0877,Sentinel-2B,Optical,17.9,75.5,Preprocessed,S2_000190.tif,0.7
191,42,5,2018-01-29 07:36:01,21.87588,97.06225,21.97588,97.16225,21.97588,97.06225,21.87588,97.16225,Sentinel-1B,SAR,21.2,48.0,Preprocessed,S2_000191.tif,0.96
192,1,1,2019-12-08 16:31:00,26.66281,90.4564,26.76281,90.5564,26.76281,90.4564,26.66281,90.5564,Landsat-8,Optical,15.3,5.0,Analysis Ready,S2_000192.tif,3.07
193,58,7,2023-06-24 10:53:41,27.5637,94.1012,27.6637,94.2012,27.6637,94.1012,27.5637,94.2012,Sentinel-1B,SAR,8.5,59.6,Analysis Ready,S2_000193.tif,1.72
194,50,6,2024-11-21 05:13:45,23.41612,92.06459,23.51612,92.16459,23.51612,92.06459,23.41612,92.16459,Sentinel-1B,SAR,6.5,37.6,Preprocessed,S2_000194.tif,1.57
195,40,5,2019-10-01 07:50:11,27.99074,97.82984,28.09074,97.92984,28.09074,97.82984,27.99074,97.92984,Landsat-8,Optical,9.4,78.9,Raw,S2_000195.tif,2.84
196,24,3,2020-06-26 17:35:13,24.29025,99.16254,24.39025,99.26254,24.39025,99.16254,24.29025,99.26254,Landsat-9,Optical,29.0,73.5,Raw,S2_000196.tif,4.08
197,53,6,2021-01-14 06:01:41,27.66867,91.57903,27.76867,91.67903,27.76867,91.57903,27.66867,91.67903,Landsat-8,Optical,10.7,66.6,Raw,S2_000197.tif,4.44
198,49,6,2023-02-05 02:22:53,29.20574,98.98179,29.30574,99.08179,29.30574,98.98179,29.20574,99.08179,Sentinel-2B,Optical,23.7,70.3,Preprocessed,S2_000198.tif,2.17
199,29,3,2021-10-10 23:33:43,25.79113,98.56852,25.89113,98.66852,25.89113,98.56852,25.79113,98.66852,Sentinel-2A,Optical,27.4,42.4,Preprocessed,S2_000199.tif,0.61
200,50,6,2020-04-05 14:09:11,23.85941,91.93637,23.95941,92.03637,23.95941,91.93637,23.85941,92.03637,Sentinel-2A,Optical,13.0,50.9,Analysis Ready,S2_000200.tif,3.39
201,56,7,2022-05-17 19:11:09,29.55843,97.83366,29.65843,97.93366,29.65843,97.83366,29.55843,97.93366,Landsat-8,Optical,23.2,6.2,Analysis Ready,S2_000201.tif,3.08
202,3,1,2023-04-28 22:50:48,27.16525,98.93501,27.26525,99.03501,27.26525,98.93501,27.16525,99.03501,Landsat-9,Optical,6.0,61.5,Raw,S2_000202.tif,0.09
203,17,2,2024-07-31 01:52:17,23.86252,93.19777,23.96252,93.29777,23.96252,93.19777,23.86252,93.29777,Sentinel-1A,SAR,27.3,98.8,Analysis Ready,S2_000203.tif,3.87
204,56,7,2022-02-04 17:26:00,29.01113,97.54398,29.11113,97.64398,29.11113,97.54398,29.01113,97.64398,Sentinel-2A,Optical,14.6,60.8,Analysis Ready,S2_000204.tif,1.0
205,33,4,2023-11-28 04:31:36,24.24171,99.63181,24.34171,99.73181,24.34171,99.63181,24.24171,99.73181,Landsat-9,Optical,27.3,81.6,Analysis Ready,S2_000205.tif,3.37
206,54,6,2019-09-27 10:42:10,29.87565,91.71794,29.97565,91.81794,29.97565,91.71794,29.87565,91.81794,Landsat-9,Optical,15.8,21.5,Raw,S2_000206.tif,3.0
207,25,3,2024-05-30 01:36:48,26.41248,96.79673,26.51248,96.89673,26.51248,96.79673,26.41248,96.89673,Landsat-9,Optical,13.9,58.9,Raw,S2_000207.tif,0.97
208,5,1,2023-09-06 06:18:13,23.31328,95.34892,23.41328,95.44892,23.41328,95.34892,23.31328,95.44892,Sentinel-2B,Optical,12.9,95.5,Raw,S2_000208.tif,3.39
209,26,3,2020-05-28 08:04:47,23.81954,89.93187,23.91954,90.03187,23.91954,89.93187,23.81954,90.03187,Landsat-8,Optical,18.6,0.8,Analysis Ready,S2_000209.tif,3.0
210,10,1,2021-04-17 13:03:00,23.93326,97.97081,24.03326,98.07081,24.03326,97.97081,23.93326,98.07081,Sentinel-1B,SAR,8.4,35.6,Analysis Ready,S2_000210.tif,3.64
211,7,1,2019-10-01 07:47:12,25.97573,91.93135,26.07573,92.03135,26.07573,91.93135,25.97573,92.03135,Landsat-8,Optical,22.4,92.0,Raw,S2_000211.tif,0.86
212,52,6,2022-06-01 00:01:12,28.72824,100.04894,28.82824,100.14894,28.82824,100.04894,28.72824,100.14894,Sentinel-2A,Optical,4.2,21.1,Analysis Ready,S2_000212.tif,1.04
213,42,5,2020-11-27 09:43:33,22.34782,97.23829,22.44782,97.33829,22.44782,97.23829,22.34782,97.33829,Sentinel-2B,Optical,22.9,31.1,Raw,S2_000213.tif,1.67
214,15,2,2021-09-12 12:22:12,27.33221,98.27839,27.43221,98.37839,27.43221,98.27839,27.33221,98.37839,Sentinel-1A,SAR,13.3,22.1,Raw,S2_000214.tif,0.37
215,9,1,2024-05-13 04:15:28,27.60477,92.91682,27.70477,93.01682,27.70477,92.91682,27.60477,93.01682,Sentinel-2B,Optical,3.6,59.0,Preprocessed,S2_000215.tif,1.34
216,25,3,2022-02-12 05:52:35,26.09602,97.01112,26.19602,97.11112,26.19602,97.01112,26.09602,97.11112,RESOURCESAT-2,Optical,4.5,83.1,Raw,S2_000216.tif,1.45
217,60,8,2024-01-22 05:37:12,25.10938,96.30431,25.20938,96.40431,25.20938,96.30431,25.10938,96.40431,Sentinel-1B,SAR,27.3,76.2,Preprocessed,S2_000217.tif,3.26
218,33,4,2018-02-06 02:14:42,23.41818,100.23471,23.51818,100.33471,23.51818,100.23471,23.41818,100.33471,Sentinel-2B,Optical,19.4,43.4,Raw,S2_000218.tif,2.17
219,5,1,2023-05-26 21:11:45,23.66029,94.6345,23.76029,94.7345,23.76029,94.6345,23.66029,94.7345,Sentinel-1B,SAR,13.3,83.2,Analysis Ready,S2_000219.tif,4.99
220,17,2,2023-12-25 14:00:17,24.29081,92.51598,24.39081,92.61598,24.39081,92.51598,24.29081,92.61598,RESOURCESAT-2,Optical,19.3,7.2,Preprocessed,S2_000220.tif,1.54
221,58,7,2024-12-22 11:00:15,26.9005,94.69924,27.0005,94.79924,27.0005,94.69924,26.9005,94.79924,Sentinel-2B,Optical,10.2,95.8,Preprocessed,S2_000221.tif,1.37
222,18,2,2019-02-23 09:13:54,28.99974,98.88216,29.09974,98.98216,29.09974,98.88216,28.99974,98.98216,Landsat-8,Optical,29.5,71.3,Raw,S2_000222.tif,3.66
223,53,6,2020-12-31 06:06:09,28.21906,91.4106,28.31906,91.5106,28.31906,91.4106,28.21906,91.5106,Sentinel-1A,SAR,28.4,52.0,Preprocessed,S2_000223.tif,4.87
224,22,2,2018-02-26 18:44:02,22.94461,96.15039,23.04461,96.25039,23.04461,96.15039,22.94461,96.25039,Sentinel-2A,Optical,7.3,64.5,Raw,S2_000224.tif,0.61
225,52,6,2023-10-06 18:34:25,28.68305,99.817,28.78305,99.917,28.78305,99.817,28.68305,99.917,RESOURCESAT-2,Optical,24.8,45.2,Analysis Ready,S2_000225.tif,3.19
226,50,6,2021-12-28 05:20:21,23.63485,92.17325,23.73485,92.27325,23.73485,92.17325,23.63485,92.27325,Sentinel-2B,Optical,15.1,85.9,Preprocessed,S2_000226.tif,1.11
227,33,4,2022-09-17 14:06:10,23.81392,99.87882,23.91392,99.97882,23.91392,99.87882,23.81392,99.97882,Sentinel-2A,Optical,24.7,69.3,Preprocessed,S2_000227.tif,2.56
228,56,7,2018-07-13 06:33:42,29.73257,97.38808,29.83257,97.48808,29.83257,97.38808,29.73257,97.48808,Sentinel-1B,SAR,5.9,15.2,Analysis Ready,S2_000228.tif,4.58
229,42,5,2021-10-11 19:16:28,21.81356,97.72042,21.91356,97.82042,21.91356,97.72042,21.81356,97.82042,Sentinel-1B,SAR,14.5,13.9,Analysis Ready,S2_000229.tif,4.01
230,31,3,2021-10-24 23:03:06,27.80599,95.18981,27.90599,95.28981,27.90599,95.18981,27.80599,95.28981,Landsat-8,Optical,18.1,37.2,Raw,S2_000230.tif,4.96
231,49,6,2018-03-22 12:20:06,29.53567,98.44411,29.63567,98.54411,29.63567,98.44411,29.53567,98.54411,Sentinel-1B,SAR,15.2,80.2,Raw,S2_000231.tif,1.18
232,34,4,2023-02-12 05:28:52,25.87142,97.08693,25.97142,97.18693,25.97142,97.08693,25.87142,97.18693,Sentinel-2B,Optical,15.0,95.2,Preprocessed,S2_000232.tif,1.32
233,49,6,2022-04-06 00:05:22,29.66741,98.72424,29.76741,98.82424,29.76741,98.72424,29.66741,98.82424,Landsat-8,Optical,5.4,54.7,Raw,S2_000233.tif,3.69
234,2,1,2019-10-31 04:23:13,23.75805,91.41437,23.85805,91.51437,23.85805,91.41437,23.75805,91.51437,Sentinel-2A,Optical,29.9,44.0,Preprocessed,S2_000234.tif,3.7
235,52,6,2019-03-05 20:32:22,29.02493,100.00309,29.12493,100.10309,29.12493,100.00309,29.02493,100.10309,RESOURCESAT-2,Optical,25.5,76.1,Raw,S2_000235.tif,1.46
236,32,3,2020-03-23 15:49:33,25.71318,95.53748,25.81318,95.63748,25.81318,95.53748,25.71318,95.63748,Sentinel-1A,SAR,11.1,0.4,Preprocessed,S2_000236.tif,3.91
237,16,2,2024-12-26 02:53:52,23.10639,90.77214,23.20639,90.87214,23.20639,90.77214,23.10639,90.87214,Sentinel-2A,Optical,21.3,58.0,Analysis Ready,S2_000237.tif,0.88
238,12,1,2024-06-04 14:29:43,27.12686,97.67377,27.22686,97.77377,27.22686,97.67377,27.12686,97.77377,Landsat-8,Optical,23.5,5.7,Analysis Ready,S2_000238.tif,4.68
239,40,5,2024-12-05 08:36:37,27.90374,97.21861,28.00374,97.31861,28.00374,97.21861,27.90374,97.31861,Landsat-9,Optical,25.2,36.5,Preprocessed,S2_000239.tif,0.57
240,23,3,2020-10-30 17:58:00,27.92286,91.34018,28.02286,91.44018,28.02286,91.34018,27.92286,91.44018,Sentinel-2A,Optical,15.4,13.2,Analysis Ready,S2_000240.tif,1.22
241,37,4,2020-05-01 18:56:38,27.08831,94.6391,27.18831,94.7391,27.18831,94.6391,27.08831,94.7391,Landsat-9,Optical,28.7,56.4,Preprocessed,S2_000241.tif,3.92
242,27,3,2024-01-24 00:29:19,24.77588,90.23635,24.87588,90.33635,24.87588,90.23635,24.77588,90.33635,Sentinel-1B,SAR,18.2,36.8,Raw,S2_000242.tif,2.01
243,10,1,2018-04-28 17:23:40,23.29932,97.48769,23.39932,97.58769,23.39932,97.48769,23.29932,97.58769,Landsat-8,Optical,10.2,47.4,Raw,S2_000243.tif,2.27
244,54,6,2022-12-14 21:52:20,29.95351,92.03434,30.05351,92.13434,30.05351,92.03434,29.95351,92.13434,Sentinel-2B,Optical,11.5,27.5,Analysis Ready,S2_000244.tif,3.77
245,50,6,2020-03-22 05:23:12,23.63308,92.44147,23.73308,92.54147,23.73308,92.44147,23.63308,92.54147,Sentinel-1A,SAR,17.9,98.2,Raw,S2_000245.tif,1.85
246,20,2,2023-10-24 19:56:17,22.98214,93.10165,23.08214,93.20165,23.08214,93.10165,22.98214,93.20165,Sentinel-1A,SAR,23.8,53.0,Raw,S2_000246.tif,1.96
247,61,8,2024-01-29 12:51:51,27.02238,90.28965,27.12238,90.38965,27.12238,90.28965,27.02238,90.38965,Landsat-8,Optical,10.8,3.0,Raw,S2_000247.tif,3.55
248,32,3,2023-01-26 17:09:48,25.82838,95.56096,25.92838,95.66096,25.92838,95.56096,25.82838,95.66096,Sentinel-2A,Optical,26.4,82.7,Preprocessed,S2_000248.tif,1.8
249,5,1,2020-12-23 11:23:25,23.32085,94.58532,23.42085,94.68532,23.42085,94.58532,23.32085,94.68532,Landsat-8,Optical,22.6,86.1,Raw,S2_000249.tif,2.7
250,24,3,2022-08-20 07:00:37,24.296,99.22394,24.396,99.32394,24.396,99.22394,24.296,99.32394,Landsat-9,Optical,26.5,39.6,Raw,S2_000250.tif,2.98
251,3,1,2024-09-28 01:22:32,27.72347,98.70803,27.82347,98.80803,27.82347,98.70803,27.72347,98.80803,Sentinel-2B,Optical,3.1,99.3,Preprocessed,S2_000251.tif,3.71
252,33,4,2019-12-14 11:51:36,23.29457,99.88953,23.39457,99.98953,23.39457,99.88953,23.29457,99.98953,RESOURCESAT-2,Optical,28.1,8.6,Analysis Ready,S2_000252.tif,3.18
253,29,3,2021-11-21 13:52:35,25.51369,98.7451,25.61369,98.8451,25.61369,98.7451,25.51369,98.8451,Sentinel-2A,Optical,18.7,90.0,Preprocessed,S2_000253.tif,3.41
254,10,1,2021-05-17 00:49:48,23.30607,97.9331,23.40607,98.0331,23.40607,97.9331,23.30607,98.0331,Landsat-8,Optical,12.7,38.5,Analysis Ready,S2_000254.tif,2.97
255,42,5,2021-10-07 14:26:50,22.06446,97.18215,22.16446,97.28215,22.16446,97.18215,22.06446,97.28215,Sentinel-2A,Optical,15.1,69.9,Analysis Ready,S2_000255.tif,2.15
256,19,2,2024-04-27 02:09:46,24.15397,95.85911,24.25397,95.95911,24.25397,95.85911,24.15397,95.95911,Landsat-8,Optical,12.1,19.4,Analysis Ready,S2_000256.tif,1.19
257,54,6,2024-07-19 12:02:47,29.14907,91.55245,29.24907,91.65245,29.24907,91.55245,29.14907,91.65245,Sentinel-2B,Optical,5.7,55.5,Raw,S2_000257.tif,1.78
258,27,3,2021-01-12 09:45:38,25.55812,90.20347,25.65812,90.30347,25.65812,90.20347,25.55812,90.30347,Sentinel-2B,Optical,11.4,40.8,Raw,S2_000258.tif,0.37
259,20,2,2023-04-21 22:28:40,23.28994,94.02175,23.38994,94.12175,23.38994,94.02175,23.28994,94.12175,Sentinel-1B,SAR,14.0,59.9,Preprocessed,S2_000259.tif,2.83
260,51,6,2023-01-19 15:36:32,29.63997,91.09488,29.73997,91.19488,29.73997,91.09488,29.63997,91.19488,RESOURCESAT-2,Optical,13.0,17.7,Analysis Ready,S2_000260.tif,0.94
261,59,8,2022-05-04 12:26:08,26.09537,92.96461,26.19537,93.06461,26.19537,92.96461,26.09537,93.06461,Sentinel-2B,Optical,6.6,60.9,Analysis Ready,S2_000261.tif,0.4
262,29,3,2018-07-27 06:48:22,26.47261,98.84742,26.57261,98.94742,26.57261,98.84742,26.47261,98.94742,Sentinel-1A,SAR,24.9,44.7,Raw,S2_000262.tif,0.09
263,62,8,2020-05-03 11:53:00,26.55458,92.31744,26.65458,92.41744,26.65458,92.31744,26.55458,92.41744,Sentinel-2B,Optical,22.1,63.9,Preprocessed,S2_000263.tif,4.16
264,38,4,2019-06-07 14:39:57,29.62548,98.2867,29.72548,98.3867,29.72548,98.2867,29.62548,98.3867,Sentinel-1A,SAR,3.1,51.6,Raw,S2_000264.tif,0.42
265,27,3,2024-06-30 21:33:47,25.01381,90.71824,25.11381,90.81824,25.11381,90.71824,25.01381,90.81824,Sentinel-1A,SAR,5.4,14.1,Analysis Ready,S2_000265.tif,3.51
266,56,7,2021-10-31 01:21:59,29.52014,97.66073,29.62014,97.76073,29.62014,97.66073,29.52014,97.76073,RESOURCESAT-2,Optical,7.6,97.8,Analysis Ready,S2_000266.tif,1.3
267,7,1,2019-11-29 14:34:56,26.65991,92.21237,26.75991,92.31237,26.75991,92.21237,26.65991,92.31237,Sentinel-2A,Optical,12.7,71.4,Preprocessed,S2_000267.tif,2.64
268,31,3,2021-09-29 06:15:11,27.68393,95.73231,27.78393,95.83231,27.78393,95.73231,27.68393,95.83231,Landsat-8,Optical,27.3,26.5,Preprocessed,S2_000268.tif,3.52
269,35,4,2021-03-30 21:09:22,23.04246,91.9157,23.14246,92.0157,23.14246,91.9157,23.04246,92.0157,Sentinel-1A,SAR,23.6,70.9,Raw,S2_000269.tif,0.71
270,30,3,2018-10-07 02:25:37,25.55252,93.09651,25.65252,93.19651,25.65252,93.09651,25.55252,93.19651,Landsat-8,Optical,26.1,83.1,Preprocessed,S2_000270.tif,0.49
271,38,4,2023-09-14 17:05:58,29.54565,98.57119,29.64565,98.67119,29.64565,98.57119,29.54565,98.67119,RESOURCESAT-2,Optical,24.5,47.6,Preprocessed,S2_000271.tif,4.83
272,56,7,2021-04-10 19:03:59,29.11641,97.60938,29.21641,97.70938,29.21641,97.60938,29.11641,97.70938,RESOURCESAT-2,Optical,27.0,12.9,Analysis Ready,S2_000272.tif,0.65
273,27,3,2021-06-21 16:07:48,24.83813,90.58882,24.93813,90.68882,24.93813,90.58882,24.83813,90.68882,Sentinel-1A,SAR,26.7,85.5,Analysis Ready,S2_000273.tif,2.62
274,46,5,2024-06-20 16:11:31,23.23074,97.38482,23.33074,97.48482,23.33074,97.38482,23.23074,97.48482,Sentinel-1A,SAR,12.6,82.4,Preprocessed,S2_000274.tif,1.84
275,26,3,2018-06-20 09:07:18,24.29385,90.77324,24.39385,90.87324,24.39385,90.77324,24.29385,90.87324,Sentinel-2B,Optical,22.6,78.1,Preprocessed,S2_000275.tif,0.01
276,53,6,2018-03-14 22:26:36,28.3759,91.23677,28.4759,91.33677,28.4759,91.23677,28.3759,91.33677,Sentinel-1A,SAR,9.7,4.7,Preprocessed,S2_000276.tif,0.62
277,25,3,2021-11-20 06:52:22,26.55023,96.87936,26.65023,96.97936,26.65023,96.87936,26.55023,96.97936,Sentinel-2A,Optical,24.3,36.2,Preprocessed,S2_000277.tif,1.59
278,3,1,2020-09-02 15:57:02,27.04319,99.04975,27.14319,99.14975,27.14319,99.04975,27.04319,99.14975,Landsat-9,Optical,25.9,29.0,Raw,S2_000278.tif,3.38
279,34,4,2019-02-11 06:06:57,26.14926,97.62015,26.24926,97.72015,26.24926,97.62015,26.14926,97.72015,Sentinel-2B,Optical,4.8,4.5,Raw,S2_000279.tif,4.36
280,15,2,2023-10-07 09:21:38,27.20819,98.52542,27.30819,98.62542,27.30819,98.52542,27.20819,98.62542,Sentinel-2B,Optical,15.0,92.3,Raw,S2_000280.tif,1.42
281,53,6,2019-04-02 02:17:19,28.10796,91.08741,28.20796,91.18741,28.20796,91.08741,28.10796,91.18741,Sentinel-2A,Optical,26.5,90.1,Preprocessed,S2_000281.tif,4.61
282,60,8,2024-12-24 18:02:43,25.12277,96.09625,25.22277,96.19625,25.22277,96.09625,25.12277,96.19625,Sentinel-2A,Optical,9.3,27.7,Analysis Ready,S2_000282.tif,0.79
283,59,8,2024-11-15 22:21:33,25.43531,92.50713,25.53531,92.60713,25.53531,92.50713,25.43531,92.60713,Landsat-9,Optical,7.4,86.3,Preprocessed,S2_000283.tif,3.73
284,58,7,2018-10-14 22:47:58,26.84021,94.27735,26.94021,94.37735,26.94021,94.27735,26.84021,94.37735,Sentinel-1B,SAR,13.4,59.5,Raw,S2_000284.tif,0.13
285,53,6,2018-11-02 19:39:08,27.99588,90.80705,28.09588,90.90705,28.09588,90.80705,27.99588,90.90705,Sentinel-1B,SAR,13.4,22.8,Analysis Ready,S2_000285.tif,1.14
286,26,3,2020-09-10 07:32:09,23.69462,90.2693,23.79462,90.3693,23.79462,90.2693,23.69462,90.3693,Sentinel-1A,SAR,18.0,83.6,Preprocessed,S2_000286.tif,4.31
287,62,8,2023-12-18 09:26:59,27.22564,92.20234,27.32564,92.30234,27.32564,92.20234,27.22564,92.30234,RESOURCESAT-2,Optical,23.4,9.1,Preprocessed,S2_000287.tif,4.44
288,23,3,2019-06-24 07:02:50,28.29268,91.95298,28.39268,92.05298,28.39268,91.95298,28.29268,92.05298,Landsat-9,Optical,9.5,80.3,Preprocessed,S2_000288.tif,4.8
289,13,2,2022-08-09 09:38:35,25.82461,99.43767,25.92461,99.53767,25.92461,99.43767,25.82461,99.53767,Sentinel-2B,Optical,7.5,74.9,Analysis Ready,S2_000289.tif,2.21
290,49,6,2019-04-22 01:32:21,28.96083,98.74521,29.06083,98.84521,29.06083,98.74521,28.96083,98.84521,RESOURCESAT-2,Optical,20.4,15.6,Preprocessed,S2_000290.tif,4.69
291,31,3,2019-04-28 00:37:46,28.38103,95.4036,28.48103,95.5036,28.48103,95.4036,28.38103,95.5036,Sentinel-2B,Optical,9.8,70.9,Analysis Ready,S2_000291.tif,0.57
292,18,2,2019-12-29 06:32:20,28.78669,98.70949,28.88669,98.80949,28.88669,98.70949,28.78669,98.80949,Sentinel-2A,Optical,19.5,80.7,Raw,S2_000292.tif,1.94
293,2,1,2020-09-06 22:14:59,23.75183,91.70976,23.85183,91.80976,23.85183,91.70976,23.75183,91.80976,Sentinel-2A,Optical,13.9,2.8,Preprocessed,S2_000293.tif,1.39
294,36,4,2024-04-24 00:44:54,25.71459,91.13407,25.81459,91.23407,25.81459,91.13407,25.71459,91.23407,Sentinel-2A,Optical,8.1,73.7,Preprocessed,S2_000294.tif,3.69
295,25,3,2022-12-29 04:26:31,26.14655,96.51343,26.24655,96.61343,26.24655,96.51343,26.14655,96.61343,Landsat-9,Optical,15.7,11.8,Preprocessed,S2_000295.tif,2.57
296,21,2,2018-09-11 15:05:48,24.01169,99.85825,24.11169,99.95825,24.11169,99.85825,24.01169,99.95825,Sentinel-1B,SAR,15.2,99.1,Raw,S2_000296.tif,3.71
297,27,3,2019-04-11 13:23:02,25.65471,90.2802,25.75471,90.3802,25.75471,90.2802,25.65471,90.3802,Sentinel-2B,Optical,26.5,95.0,Raw,S2_000297.tif,0.64
298,1,1,2024-12-26 14:59:34,27.30153,90.42374,27.40153,90.52374,27.40153,90.42374,27.30153,90.52374,Sentinel-2A,Optical,17.6,55.2,Analysis Ready,S2_000298.tif,0.65
299,42,5,2023-04-25 09:44:39,22.48952,97.24902,22.58952,97.34902,22.58952,97.24902,22.48952,97.34902,Sentinel-2B,Optical,3.1,71.6,Analysis Ready,S2_000299.tif,1.77
300,43,5,2018-05-05 22:10:25,29.68005,97.34278,29.78005,97.44278,29.78005,97.34278,29.68005,97.44278,Sentinel-2B,Optical,11.1,76.0,Raw,S2_000300.tif,0.56
301,5,1,2024-01-19 18:45:56,23.93561,94.56342,24.03561,94.66342,24.03561,94.56342,23.93561,94.66342,Sentinel-2A,Optical,5.7,80.4,Raw,S2_000301.tif,1.05
302,52,6,2024-12-29 22:49:06,28.70116,99.93981,28.80116,100.03981,28.80116,99.93981,28.70116,100.03981,Landsat-9,Optical,23.0,44.3,Raw,S2_000302.tif,2.88
303,59,8,2023-10-28 01:43:50,25.92624,92.96772,26.02624,93.06772,26.02624,92.96772,25.92624,93.06772,RESOURCESAT-2,Optical,10.9,79.8,Preprocessed,S2_000303.tif,2.65
304,2,1,2018-06-17 06:19:02,24.1175,90.94512,24.2175,91.04512,24.2175,90.94512,24.1175,91.04512,RESOURCESAT-2,Optical,24.0,65.9,Analysis Ready,S2_000304.tif,3.35
305,41,5,2023-08-16 23:47:13,22.4043,94.50411,22.5043,94.60411,22.5043,94.50411,22.4043,94.60411,Sentinel-2A,Optical,5.6,33.3,Preprocessed,S2_000305.tif,2.65
306,31,3,2023-08-09 10:54:19,28.01124,95.68395,28.11124,95.78395,28.11124,95.68395,28.01124,95.78395,RESOURCESAT-2,Optical,7.6,42.4,Raw,S2_000306.tif,4.29
307,44,5,2020-07-24 00:01:19,29.32276,98.30189,29.42276,98.40189,29.42276,98.30189,29.32276,98.40189,Sentinel-1B,SAR,29.5,80.6,Raw,S2_000307.tif,1.91
308,54,6,2022-12-23 02:09:11,29.6639,91.37047,29.7639,91.47047,29.7639,91.37047,29.6639,91.47047,RESOURCESAT-2,Optical,21.2,8.6,Preprocessed,S2_000308.tif,0.23
309,42,5,2023-02-01 20:19:21,22.20548,96.88512,22.30548,96.98512,22.30548,96.88512,22.20548,96.98512,Landsat-8,Optical,11.1,12.5,Raw,S2_000309.tif,4.94
310,16,2,2023-09-05 18:21:02,23.93284,90.98814,24.03284,91.08814,24.03284,90.98814,23.93284,91.08814,Sentinel-2B,Optical,13.0,89.1,Preprocessed,S2_000310.tif,3.45
311,46,5,2020-08-10 16:42:29,22.85743,97.40181,22.95743,97.50181,22.95743,97.40181,22.85743,97.50181,Sentinel-1B,SAR,27.6,80.7,Analysis Ready,S2_000311.tif,2.94
312,56,7,2023-02-16 18:31:19,29.16781,97.36502,29.26781,97.46502,29.26781,97.36502,29.16781,97.46502,Sentinel-1B,SAR,26.0,45.3,Preprocessed,S2_000312.tif,0.47
313,11,1,2023-11-18 16:12:57,22.24818,90.57799,22.34818,90.67799,22.34818,90.57799,22.24818,90.67799,Landsat-8,Optical,5.5,12.1,Analysis Ready,S2_000313.tif,4.73
314,13,2,2020-05-21 21:58:50,26.65243,100.22724,26.75243,100.32724,26.75243,100.22724,26.65243,100.32724,Landsat-9,Optical,13.5,41.6,Raw,S2_000314.tif,1.25
315,50,6,2021-12-28 03:03:44,23.52055,92.20288,23.62055,92.30288,23.62055,92.20288,23.52055,92.30288,Landsat-9,Optical,20.2,53.8,Preprocessed,S2_000315.tif,0.17
316,23,3,2024-09-14 16:18:08,28.13318,91.25149,28.23318,91.35149,28.23318,91.25149,28.13318,91.35149,Sentinel-2B,Optical,11.1,11.1,Preprocessed,S2_000316.tif,2.02
317,9,1,2018-02-25 14:00:57,27.85578,93.72911,27.95578,93.82911,27.95578,93.72911,27.85578,93.82911,RESOURCESAT-2,Optical,22.5,28.7,Analysis Ready,S2_000317.tif,2.65
318,7,1,2021-09-22 14:12:23,26.36912,92.05549,26.46912,92.15549,26.46912,92.05549,26.36912,92.15549,Sentinel-2B,Optical,29.2,8.5,Analysis Ready,S2_000318.tif,3.72
319,50,6,2024-01-18 23:46:31,24.31817,92.0637,24.41817,92.1637,24.41817,92.0637,24.31817,92.1637,RESOURCESAT-2,Optical,18.5,41.0,Preprocessed,S2_000319.tif,1.28
320,21,2,2023-03-02 05:58:38,24.21737,99.07571,24.31737,99.17571,24.31737,99.07571,24.21737,99.17571,RESOURCESAT-2,Optical,12.8,89.9,Raw,S2_000320.tif,4.65
321,26,3,2019-10-12 08:13:42,24.26243,90.0913,24.36243,90.1913,24.36243,90.0913,24.26243,90.1913,Sentinel-2B,Optical,13.1,95.9,Preprocessed,S2_000321.tif,1.51
322,21,2,2023-06-28 01:19:25,24.38984,99.40479,24.48984,99.50479,24.48984,99.40479,24.38984,99.50479,Landsat-8,Optical,4.8,82.2,Preprocessed,S2_000322.tif,4.06
323,6,1,2018-03-17 07:16:35,26.22962,96.8415,26.32962,96.9415,26.32962,96.8415,26.22962,96.9415,Sentinel-1B,SAR,15.6,48.7,Raw,S2_000323.tif,2.36
324,7,1,2024-05-31 05:31:36,26.47304,92.10146,26.57304,92.20146,26.57304,92.10146,26.47304,92.20146,RESOURCESAT-2,Optical,21.2,71.6,Raw,S2_000324.tif,0.63
325,27,3,2024-09-05 10:55:54,24.90229,90.7898,25.00229,90.8898,25.00229,90.7898,24.90229,90.8898,Landsat-8,Optical,20.8,87.5,Analysis Ready,S2_000325.tif,4.02
326,48,6,2019-07-22 23:39:33,26.99923,94.53637,27.09923,94.63637,27.09923,94.53637,26.99923,94.63637,RESOURCESAT-2,Optical,9.3,59.9,Analysis Ready,S2_000326.tif,2.18
327,31,3,2019-07-02 07:24:51,28.18474,95.24079,28.28474,95.34079,28.28474,95.24079,28.18474,95.34079,Sentinel-2A,Optical,12.4,36.7,Preprocessed,S2_000327.tif,0.27
328,29,3,2021-10-15 14:43:38,26.44381,99.15252,26.54381,99.25252,26.54381,99.15252,26.44381,99.25252,Sentinel-1A,SAR,19.1,0.0,Analysis Ready,S2_000328.tif,4.04
329,46,5,2024-12-17 20:49:06,23.29515,97.601,23.39515,97.701,23.39515,97.601,23.29515,97.701,Landsat-8,Optical,6.6,19.7,Analysis Ready,S2_000329.tif,2.59
330,32,3,2023-12-10 14:46:20,25.62294,95.85067,25.72294,95.95067,25.72294,95.85067,25.62294,95.95067,Landsat-8,Optical,27.5,53.9,Preprocessed,S2_000330.tif,3.67
331,26,3,2020-11-12 15:02:07,23.74091,90.68105,23.84091,90.78105,23.84091,90.68105,23.74091,90.78105,RESOURCESAT-2,Optical,13.0,53.3,Raw,S2_000331.tif,2.82
332,35,4,2024-11-26 22:00:00,23.04695,91.37486,23.14695,91.47486,23.14695,91.37486,23.04695,91.47486,Landsat-9,Optical,13.0,76.7,Preprocessed,S2_000332.tif,3.09
333,38,4,2018-08-05 22:20:39,29.99631,98.3504,30.09631,98.4504,30.09631,98.3504,29.99631,98.4504,Sentinel-1B,SAR,21.9,57.4,Preprocessed,S2_000333.tif,4.0
334,32,3,2021-12-11 01:01:31,25.92564,96.23703,26.02564,96.33703,26.02564,96.23703,25.92564,96.33703,RESOURCESAT-2,Optical,5.7,67.3,Raw,S2_000334.tif,2.13
335,36,4,2022-12-24 22:02:22,25.62172,90.9094,25.72172,91.0094,25.72172,90.9094,25.62172,91.0094,Sentinel-1B,SAR,24.6,30.4,Preprocessed,S2_000335.tif,4.11
336,44,5,2023-01-22 12:36:07,29.14963,99.16023,29.24963,99.26023,29.24963,99.16023,29.14963,99.26023,Landsat-9,Optical,29.8,69.3,Preprocessed,S2_000336.tif,0.98
337,19,2,2023-11-18 15:35:37,24.12271,96.68248,24.22271,96.78248,24.22271,96.68248,24.12271,96.78248,RESOURCESAT-2,Optical,12.3,33.6,Raw,S2_000337.tif,3.82
338,4,1,2023-09-02 01:38:20,27.02693,90.57141,27.12693,90.67141,27.12693,90.57141,27.02693,90.67141,Sentinel-2B,Optical,19.4,27.7,Raw,S2_000338.tif,3.44
339,12,1,2024-02-16 13:24:21,26.51007,97.91588,26.61007,98.01588,26.61007,97.91588,26.51007,98.01588,Sentinel-1A,SAR,14.8,73.9,Analysis Ready,S2_000339.tif,2.18
340,53,6,2018-11-10 18:28:41,28.4154,90.90005,28.5154,91.00005,28.5154,90.90005,28.4154,91.00005,Sentinel-1A,SAR,17.2,27.3,Preprocessed,S2_000340.tif,2.87
341,14,2,2021-12-17 21:09:01,22.88176,93.22103,22.98176,93.32103,22.98176,93.22103,22.88176,93.32103,Landsat-9,Optical,3.5,65.6,Raw,S2_000341.tif,3.82
342,6,1,2021-02-01 20:02:52,26.78022,96.90536,26.88022,97.00536,26.88022,96.90536,26.78022,97.00536,RESOURCESAT-2,Optical,13.0,11.0,Preprocessed,S2_000342.tif,4.61
343,53,6,2022-07-13 18:24:41,27.99866,91.74972,28.09866,91.84972,28.09866,91.74972,27.99866,91.84972,Sentinel-2B,Optical,29.5,85.4,Raw,S2_000343.tif,0.33
344,62,8,2022-07-25 04:13:12,27.3185,92.04348,27.4185,92.14348,27.4185,92.04348,27.3185,92.14348,RESOURCESAT-2,Optical,16.9,15.3,Raw,S2_000344.tif,0.37
345,40,5,2018-11-10 01:05:55,27.60693,97.63254,27.70693,97.73254,27.70693,97.63254,27.60693,97.73254,Landsat-8,Optical,27.4,5.9,Analysis Ready,S2_000345.tif,0.38
346,39,4,2019-06-16 08:42:29,26.95135,91.15178,27.05135,91.25178,27.05135,91.15178,26.95135,91.25178,Landsat-9,Optical,10.7,61.4,Analysis Ready,S2_000346.tif,0.65
347,50,6,2020-02-14 21:38:38,24.39929,92.73508,24.49929,92.83508,24.49929,92.73508,24.39929,92.83508,Landsat-8,Optical,16.8,82.4,Preprocessed,S2_000347.tif,3.47
348,46,5,2018-05-17 17:41:41,22.99715,97.54857,23.09715,97.64857,23.09715,97.54857,22.99715,97.64857,Sentinel-1B,SAR,26.6,31.6,Raw,S2_000348.tif,1.64
349,12,1,2022-12-29 07:39:37,26.34187,98.55281,26.44187,98.65281,26.44187,98.55281,26.34187,98.65281,Sentinel-1A,SAR,12.9,97.7,Analysis Ready,S2_000349.tif,1.9
350,50,6,2021-03-26 06:22:59,23.7509,92.20368,23.8509,92.30368,23.8509,92.20368,23.7509,92.30368,RESOURCESAT-2,Optical,22.2,35.3,Analysis Ready,S2_000350.tif,3.72
351,23,3,2024-09-23 11:30:42,28.12511,91.37972,28.22511,91.47972,28.22511,91.37972,28.12511,91.47972,Sentinel-1B,SAR,12.0,96.2,Preprocessed,S2_000351.tif,1.19
352,32,3,2021-09-27 23:46:56,25.89604,95.46463,25.99604,95.56463,25.99604,95.46463,25.89604,95.56463,Sentinel-2B,Optical,23.5,7.0,Raw,S2_000352.tif,4.55
353,18,2,2024-07-16 03:41:44,28.94632,99.0586,29.04632,99.1586,29.04632,99.0586,28.94632,99.1586,Landsat-9,Optical,29.8,31.0,Preprocessed,S2_000353.tif,0.0
354,61,8,2023-11-25 07:27:50,26.73845,90.12033,26.83845,90.22033,26.83845,90.12033,26.73845,90.22033,Sentinel-1B,SAR,13.9,25.7,Analysis Ready,S2_000354.tif,1.35
355,19,2,2023-05-12 12:32:32,24.4358,96.66233,24.5358,96.76233,24.5358,96.66233,24.4358,96.76233,Sentinel-1A,SAR,15.0,53.3,Raw,S2_000355.tif,0.37
356,45,5,2024-11-28 23:30:23,28.39418,94.69104,28.49418,94.79104,28.49418,94.69104,28.39418,94.79104,RESOURCESAT-2,Optical,5.4,84.3,Raw,S2_000356.tif,2.9
357,12,1,2023-07-27 11:39:05,26.68663,98.32976,26.78663,98.42976,26.78663,98.32976,26.68663,98.42976,Sentinel-2A,Optical,14.0,30.4,Analysis Ready,S2_000357.tif,2.9
358,50,6,2023-05-09 09:38:40,24.25304,91.9283,24.35304,92.0283,24.35304,91.9283,24.25304,92.0283,Sentinel-2B,Optical,25.4,51.2,Preprocessed,S2_000358.tif,1.25
359,54,6,2020-11-09 06:25:31,29.17178,92.05578,29.27178,92.15578,29.27178,92.05578,29.17178,92.15578,Landsat-9,Optical,9.1,11.3,Raw,S2_000359.tif,1.69
360,26,3,2020-06-11 16:37:44,23.94492,90.64738,24.04492,90.74738,24.04492,90.64738,23.94492,90.74738,Sentinel-2A,Optical,11.8,48.3,Preprocessed,S2_000360.tif,4.47
361,21,2,2020-03-28 02:05:21,23.67197,99.00671,23.77197,99.10671,23.77197,99.00671,23.67197,99.10671,Sentinel-1B,SAR,27.8,74.0,Raw,S2_000361.tif,4.55
362,46,5,2024-09-14 03:46:03,23.13211,97.22185,23.23211,97.32185,23.23211,97.22185,23.13211,97.32185,Sentinel-2B,Optical,11.0,47.3,Preprocessed,S2_000362.tif,2.9
363,18,2,2019-08-05 08:06:22,29.16203,98.77692,29.26203,98.87692,29.26203,98.77692,29.16203,98.87692,RESOURCESAT-2,Optical,22.0,35.0,Analysis Ready,S2_000363.tif,4.13
364,19,2,2022-06-29 05:08:28,24.26338,96.26391,24.36338,96.36391,24.36338,96.26391,24.26338,96.36391,Landsat-8,Optical,11.4,25.1,Preprocessed,S2_000364.tif,4.58
365,26,3,2023-04-30 23:12:18,24.08855,90.45434,24.18855,90.55434,24.18855,90.45434,24.08855,90.55434,Sentinel-2B,Optical,13.2,66.5,Preprocessed,S2_000365.tif,2.78
366,51,6,2021-10-09 00:53:47,29.63021,90.95093,29.73021,91.05093,29.73021,90.95093,29.63021,91.05093,RESOURCESAT-2,Optical,10.0,13.5,Preprocessed,S2_000366.tif,4.68
367,14,2,2020-12-26 15:45:49,22.48149,93.06284,22.58149,93.16284,22.58149,93.06284,22.48149,93.16284,Sentinel-2A,Optical,3.0,99.5,Raw,S2_000367.tif,2.12
368,9,1,2023-03-17 06:52:21,27.26934,93.16666,27.36934,93.26666,27.36934,93.16666,27.26934,93.26666,RESOURCESAT-2,Optical,29.5,46.2,Preprocessed,S2_000368.tif,1.12
369,23,3,2023-05-22 14:09:43,27.62229,91.93935,27.72229,92.03935,27.72229,91.93935,27.62229,92.03935,RESOURCESAT-2,Optical,17.4,63.1,Raw,S2_000369.tif,2.66
370,30,3,2022-10-16 06:44:15,25.69606,92.58035,25.79606,92.68035,25.79606,92.58035,25.69606,92.68035,Landsat-8,Optical,20.0,98.2,Analysis Ready,S2_000370.tif,3.59
371,28,3,2018-07-03 02:04:09,29.00829,93.52641,29.10829,93.62641,29.10829,93.52641,29.00829,93.62641,Sentinel-1B,SAR,25.9,79.6,Raw,S2_000371.tif,4.72
372,49,6,2020-07-11 01:33:37,29.32608,99.19409,29.42608,99.29409,29.42608,99.19409,29.32608,99.29409,Landsat-9,Optical,3.2,4.5,Preprocessed,S2_000372.tif,0.59
373,54,6,2022-11-11 02:45:57,29.30957,91.17866,29.40957,91.27866,29.40957,91.17866,29.30957,91.27866,Landsat-8,Optical,9.1,15.6,Preprocessed,S2_000373.tif,3.23
374,51,6,2022-10-28 19:00:19,29.2947,90.64783,29.3947,90.74783,29.3947,90.64783,29.2947,90.74783,Sentinel-1B,SAR,14.7,56.1,Raw,S2_000374.tif,2.45
375,21,2,2024-06-06 19:58:13,24.06863,99.01445,24.16863,99.11445,24.16863,99.01445,24.06863,99.11445,Landsat-9,Optical,29.9,74.7,Analysis Ready,S2_000375.tif,2.83
376,14,2,2020-12-26 02:12:20,22.79215,93.27108,22.89215,93.37108,22.89215,93.27108,22.79215,93.37108,Sentinel-2B,Optical,17.2,30.4,Raw,S2_000376.tif,1.06
377,37,4,2022-07-04 04:23:31,26.74296,95.05651,26.84296,95.15651,26.84296,95.05651,26.74296,95.15651,Landsat-9,Optical,16.3,13.0,Analysis Ready,S2_000377.tif,3.07
378,55,7,2024-07-24 14:49:56,29.07994,94.4034,29.17994,94.5034,29.17994,94.4034,29.07994,94.5034,Landsat-9,Optical,14.2,30.0,Preprocessed,S2_000378.tif,3.31
379,57,7,2019-10-18 10:19:36,24.0001,92.80311,24.1001,92.90311,24.1001,92.80311,24.0001,92.90311,Sentinel-1B,SAR,17.4,59.5,Preprocessed,S2_000379.tif,1.55
380,60,8,2021-09-25 15:35:41,24.78897,95.61865,24.88897,95.71865,24.88897,95.61865,24.78897,95.71865,Sentinel-2A,Optical,9.3,11.0,Raw,S2_000380.tif,4.84
381,34,4,2020-07-06 00:30:22,25.54435,97.78878,25.64435,97.88878,25.64435,97.78878,25.54435,97.88878,Sentinel-2A,Optical,26.3,45.6,Raw,S2_000381.tif,0.91
382,31,3,2021-11-29 18:14:32,27.78545,95.4661,27.88545,95.5661,27.88545,95.4661,27.78545,95.5661,Sentinel-1A,SAR,9.9,98.0,Raw,S2_000382.tif,0.51
383,4,1,2024-07-03 03:08:53,26.90356,90.11418,27.00356,90.21418,27.00356,90.11418,26.90356,90.21418,Sentinel-1A,SAR,28.1,56.7,Preprocessed,S2_000383.tif,2.83
384,8,1,2020-06-02 13:18:26,23.74174,98.83963,23.84174,98.93963,23.84174,98.83963,23.74174,98.93963,Sentinel-2A,Optical,24.7,23.7,Preprocessed,S2_000384.tif,3.96
385,25,3,2019-03-14 20:00:07,26.20844,96.37627,26.30844,96.47627,26.30844,96.37627,26.20844,96.47627,Landsat-9,Optical,15.3,41.9,Analysis Ready,S2_000385.tif,3.61
386,19,2,2020-02-16 18:49:34,24.25383,96.13833,24.35383,96.23833,24.35383,96.13833,24.25383,96.23833,Landsat-9,Optical,18.1,52.7,Analysis Ready,S2_000386.tif,0.9
387,42,5,2018-03-02 23:22:43,21.97115,97.22969,22.07115,97.32969,22.07115,97.22969,21.97115,97.32969,Sentinel-2B,Optical,10.9,50.9,Raw,S2_000387.tif,2.0
388,30,3,2024-10-25 08:47:24,25.94133,92.85159,26.04133,92.95159,26.04133,92.85159,25.94133,92.95159,Sentinel-1A,SAR,21.3,44.5,Raw,S2_000388.tif,2.81
389,45,5,2023-08-10 11:33:59,28.97434,95.57181,29.07434,95.67181,29.07434,95.57181,28.97434,95.67181,Landsat-8,Optical,25.5,66.8,Raw,S2_000389.tif,1.04
390,35,4,2018-05-24 11:41:43,22.87697,91.61693,22.97697,91.71693,22.97697,91.61693,22.87697,91.71693,Landsat-9,Optical,29.0,74.8,Preprocessed,S2_000390.tif,3.54
391,41,5,2020-05-03 05:49:37,22.91986,93.86019,23.01986,93.96019,23.01986,93.86019,22.91986,93.96019,Sentinel-1A,SAR,12.0,95.9,Raw,S2_000391.tif,1.06
392,60,8,2022-10-26 13:57:15,24.502,95.63277,24.602,95.73277,24.602,95.63277,24.502,95.73277,Sentinel-2A,Optical,5.1,12.2,Analysis Ready,S2_000392.tif,4.89
393,37,4,2021-01-31 00:03:21,27.15878,94.86488,27.25878,94.96488,27.25878,94.86488,27.15878,94.96488,RESOURCESAT-2,Optical,9.8,63.3,Raw,S2_000393.tif,3.36
394,20,2,2021-12-15 02:15:15,23.13032,93.73705,23.23032,93.83705,23.23032,93.73705,23.13032,93.83705,Landsat-8,Optical,18.7,73.3,Analysis Ready,S2_000394.tif,2.48
395,7,1,2024-06-05 04:07:19,26.3853,91.74197,26.4853,91.84197,26.4853,91.74197,26.3853,91.84197,Landsat-9,Optical,28.6,83.2,Raw,S2_000395.tif,1.06
396,45,5,2024-01-07 09:55:21,28.33113,94.93279,28.43113,95.03279,28.43113,94.93279,28.33113,95.03279,Sentinel-1A,SAR,22.2,37.2,Preprocessed,S2_000396.tif,4.42
397,1,1,2024-08-19 01:39:08,26.95613,90.24238,27.05613,90.34238,27.05613,90.24238,26.95613,90.34238,Landsat-8,Optical,28.6,13.1,Analysis Ready,S2_000397.tif,3.19
398,1,1,2024-03-24 23:27:04,27.26051,90.35293,27.36051,90.45293,27.36051,90.35293,27.26051,90.45293,RESOURCESAT-2,Optical,7.2,11.0,Analysis Ready,S2_000398.tif,4.49
399,47,6,2022-02-02 05:17:09,29.54784,99.34705,29.64784,99.44705,29.64784,99.34705,29.54784,99.44705,Sentinel-2B,Optical,3.1,42.7,Raw,S2_000399.tif,2.31
400,46,5,2019-08-23 02:40:58,23.39065,97.26252,23.49065,97.36252,23.49065,97.26252,23.39065,97.36252,Sentinel-2B,Optical,15.4,95.7,Raw,S2_000400.tif,2.84
401,18,2,2018-07-07 17:23:05,28.34259,98.32178,28.44259,98.42178,28.44259,98.32178,28.34259,98.42178,Landsat-9,Optical,12.7,28.3,Analysis Ready,S2_000401.tif,3.98
402,8,1,2021-05-04 12:00:53,24.0395,98.74838,24.1395,98.84838,24.1395,98.74838,24.0395,98.84838,Sentinel-2B,Optical,14.1,96.1,Analysis Ready,S2_000402.tif,0.04
403,12,1,2022-05-14 11:07:13,26.59601,97.72794,26.69601,97.82794,26.69601,97.72794,26.59601,97.82794,Sentinel-1B,SAR,24.7,8.5,Preprocessed,S2_000403.tif,2.61
404,36,4,2020-10-17 08:54:15,25.22936,90.61112,25.32936,90.71112,25.32936,90.61112,25.22936,90.71112,RESOURCESAT-2,Optical,9.1,21.4,Raw,S2_000404.tif,2.05
405,7,1,2022-07-06 10:47:36,26.53679,91.97759,26.63679,92.07759,26.63679,91.97759,26.53679,92.07759,RESOURCESAT-2,Optical,22.3,22.0,Analysis Ready,S2_000405.tif,4.54
406,59,8,2021-05-09 08:54:40,25.66864,92.47892,25.76864,92.57892,25.76864,92.47892,25.66864,92.57892,Sentinel-2B,Optical,27.6,78.7,Raw,S2_000406.tif,2.81
407,56,7,2024-05-23 09:47:06,29.17064,97.60313,29.27064,97.70313,29.27064,97.60313,29.17064,97.70313,Sentinel-2B,Optical,5.7,55.4,Raw,S2_000407.tif,1.56
408,16,2,2021-11-19 07:50:27,23.20367,90.57541,23.30367,90.67541,23.30367,90.57541,23.20367,90.67541,Landsat-9,Optical,21.2,84.3,Raw,S2_000408.tif,2.8
409,19,2,2018-06-25 20:21:23,23.78899,96.26679,23.88899,96.36679,23.88899,96.26679,23.78899,96.36679,Sentinel-2A,Optical,22.2,30.3,Raw,S2_000409.tif,4.92
410,42,5,2023-05-18 10:50:25,22.35267,97.46457,22.45267,97.56457,22.45267,97.46457,22.35267,97.56457,RESOURCESAT-2,Optical,22.3,54.6,Analysis Ready,S2_000410.tif,0.78
411,13,2,2018-01-20 03:52:35,26.43105,99.73202,26.53105,99.83202,26.53105,99.73202,26.43105,99.83202,Sentinel-1B,SAR,8.4,75.9,Analysis Ready,S2_000411.tif,1.42
412,62,8,2019-11-28 21:51:57,26.7808,92.48541,26.8808,92.58541,26.8808,92.48541,26.7808,92.58541,RESOURCESAT-2,Optical,27.3,48.4,Analysis Ready,S2_000412.tif,0.65
413,16,2,2020-07-21 02:50:28,23.70192,91.0767,23.80192,91.1767,23.80192,91.0767,23.70192,91.1767,Sentinel-2B,Optical,7.1,64.7,Preprocessed,S2_000413.tif,2.86
414,30,3,2024-12-10 02:10:46,25.96277,92.92653,26.06277,93.02653,26.06277,92.92653,25.96277,93.02653,Sentinel-2B,Optical,26.4,23.8,Preprocessed,S2_000414.tif,2.89
415,17,2,2022-06-02 08:09:13,23.35888,93.16381,23.45888,93.26381,23.45888,93.16381,23.35888,93.26381,Sentinel-1B,SAR,27.5,21.1,Analysis Ready,S2_000415.tif,2.2
416,32,3,2018-12-18 18:30:44,25.76452,95.63015,25.86452,95.73015,25.86452,95.63015,25.76452,95.73015,Sentinel-2A,Optical,9.1,45.5,Analysis Ready,S2_000416.tif,4.39
417,19,2,2021-12-08 15:10:31,23.88017,96.23017,23.98017,96.33017,23.98017,96.23017,23.88017,96.33017,Sentinel-2A,Optical,29.7,97.7,Analysis Ready,S2_000417.tif,2.55
418,42,5,2020-08-09 04:12:44,22.21379,97.24417,22.31379,97.34417,22.31379,97.24417,22.21379,97.34417,Sentinel-1A,SAR,10.5,31.6,Preprocessed,S2_000418.tif,2.51
419,20,2,2024-12-31 02:36:32,22.81948,93.53165,22.91948,93.63165,22.91948,93.53165,22.81948,93.63165,Landsat-9,Optical,18.4,57.7,Raw,S2_000419.tif,0.41
420,47,6,2020-08-02 20:15:08,29.71159,99.17715,29.81159,99.27715,29.81159,99.17715,29.71159,99.27715,Sentinel-1A,SAR,16.5,38.9,Analysis Ready,S2_000420.tif,3.74
421,40,5,2020-01-25 11:36:54,28.19774,97.9593,28.29774,98.0593,28.29774,97.9593,28.19774,98.0593,Landsat-8,Optical,12.3,64.7,Analysis Ready,S2_000421.tif,1.41
422,44,5,2018-03-26 03:38:09,29.28603,98.83875,29.38603,98.93875,29.38603,98.83875,29.28603,98.93875,Sentinel-2B,Optical,20.0,2.1,Analysis Ready,S2_000422.tif,0.38
423,42,5,2021-12-19 13:33:29,21.67225,97.67413,21.77225,97.77413,21.77225,97.67413,21.67225,97.77413,Sentinel-1B,SAR,16.1,73.1,Analysis Ready,S2_000423.tif,4.05
424,54,6,2018-12-01 09:27:02,29.38964,91.27934,29.48964,91.37934,29.48964,91.27934,29.38964,91.37934,RESOURCESAT-2,Optical,5.9,1.1,Preprocessed,S2_000424.tif,1.62
425,23,3,2019-03-19 01:09:12,27.68909,91.41631,27.78909,91.51631,27.78909,91.41631,27.68909,91.51631,Sentinel-1A,SAR,29.6,75.0,Preprocessed,S2_000425.tif,4.81
426,11,1,2018-07-06 01:37:46,22.92047,90.90472,23.02047,91.00472,23.02047,90.90472,22.92047,91.00472,Landsat-8,Optical,11.1,96.2,Preprocessed,S2_000426.tif,4.91
427,48,6,2020-10-31 04:09:47,27.1139,94.81446,27.2139,94.91446,27.2139,94.81446,27.1139,94.91446,Sentinel-2B,Optical,29.4,51.3,Analysis Ready,S2_000427.tif,3.7
428,11,1,2021-08-12 09:22:07,22.24628,91.29369,22.34628,91.39369,22.34628,91.29369,22.24628,91.39369,Sentinel-1A,SAR,9.6,95.5,Preprocessed,S2_000428.tif,2.17
429,40,5,2019-06-02 04:50:24,28.46492,97.39698,28.56492,97.49698,28.56492,97.39698,28.46492,97.49698,RESOURCESAT-2,Optical,22.4,49.3,Raw,S2_000429.tif,1.18
430,37,4,2019-09-07 13:37:02,26.50935,94.40035,26.60935,94.50035,26.60935,94.40035,26.50935,94.50035,Landsat-8,Optical,15.2,97.0,Raw,S2_000430.tif,3.09
431,33,4,2020-02-22 06:17:26,23.41065,100.23723,23.51065,100.33723,23.51065,100.23723,23.41065,100.33723,Landsat-8,Optical,24.8,26.5,Preprocessed,S2_000431.tif,4.13
432,11,1,2020-08-09 23:18:26,22.35602,91.37345,22.45602,91.47345,22.45602,91.37345,22.35602,91.47345,Landsat-9,Optical,28.1,98.0,Analysis Ready,S2_000432.tif,4.96
433,15,2,2023-03-21 06:55:12,27.27495,98.80234,27.37495,98.90234,27.37495,98.80234,27.27495,98.90234,Landsat-9,Optical,24.1,77.3,Preprocessed,S2_000433.tif,4.98
434,13,2,2023-01-10 18:47:17,26.09404,99.72514,26.19404,99.82514,26.19404,99.72514,26.09404,99.82514,RESOURCESAT-2,Optical,10.0,5.2,Preprocessed,S2_000434.tif,0.78
435,44,5,2022-02-18 22:50:56,29.63029,98.743,29.73029,98.843,29.73029,98.743,29.63029,98.843,Landsat-9,Optical,25.1,20.9,Raw,S2_000435.tif,1.03
436,28,3,2020-10-03 17:23:11,28.58065,93.57548,28.68065,93.67548,28.68065,93.57548,28.58065,93.67548,Sentinel-1B,SAR,10.8,29.8,Analysis Ready,S2_000436.tif,0.42
437,52,6,2024-05-19 08:50:30,28.07263,99.51594,28.17263,99.61594,28.17263,99.51594,28.07263,99.61594,Sentinel-1B,SAR,27.9,1.6,Analysis Ready,S2_000437.tif,4.22
438,16,2,2021-07-10 23:06:43,23.12941,90.1998,23.22941,90.2998,23.22941,90.1998,23.12941,90.2998,Sentinel-1A,SAR,26.2,6.6,Analysis Ready,S2_000438.tif,4.47
439,29,3,2019-03-25 09:28:15,26.38788,98.89843,26.48788,98.99843,26.48788,98.89843,26.38788,98.99843,RESOURCESAT-2,Optical,9.9,57.9,Analysis Ready,S2_000439.tif,3.38
440,59,8,2020-02-16 22:20:58,25.161,92.76842,25.261,92.86842,25.261,92.76842,25.161,92.86842,Sentinel-1A,SAR,7.7,69.3,Preprocessed,S2_000440.tif,1.93
441,46,5,2024-03-13 03:23:00,23.25335,97.18398,23.35335,97.28398,23.35335,97.18398,23.25335,97.28398,Landsat-8,Optical,6.0,52.1,Analysis Ready,S2_000441.tif,1.55
442,18,2,2020-05-27 08:00:46,28.82464,98.35049,28.92464,98.45049,28.92464,98.35049,28.82464,98.45049,RESOURCESAT-2,Optical,28.7,30.7,Raw,S2_000442.tif,0.22
443,27,3,2021-07-14 23:42:45,24.79119,90.20641,24.89119,90.30641,24.89119,90.20641,24.79119,90.30641,Sentinel-2A,Optical,9.9,77.9,Analysis Ready,S2_000443.tif,4.44
444,5,1,2021-08-25 07:13:51,23.67435,94.68358,23.77435,94.78358,23.77435,94.68358,23.67435,94.78358,Sentinel-2A,Optical,14.7,27.2,Preprocessed,S2_000444.tif,2.08
445,9,1,2019-01-17 00:06:47,27.22937,93.02273,27.32937,93.12273,27.32937,93.02273,27.22937,93.12273,Sentinel-1A,SAR,13.2,2.4,Raw,S2_000445.tif,0.66
446,49,6,2024-05-09 08:32:48,29.47685,99.13539,29.57685,99.23539,29.57685,99.13539,29.47685,99.23539,Landsat-9,Optical,11.5,4.7,Raw,S2_000446.tif,4.33
447,30,3,2022-11-24 14:18:26,25.54097,92.60725,25.64097,92.70725,25.64097,92.60725,25.54097,92.70725,Landsat-9,Optical,28.6,3.6,Raw,S2_000447.tif,3.31
448,3,1,2023-01-09 22:26:48,27.20664,98.60006,27.30664,98.70006,27.30664,98.60006,27.20664,98.70006,Sentinel-2B,Optical,21.1,70.3,Raw,S2_000448.tif,1.1
449,20,2,2024-04-24 14:49:46,22.86434,93.56728,22.96434,93.66728,22.96434,93.56728,22.86434,93.66728,Landsat-9,Optical,29.9,62.7,Analysis Ready,S2_000449.tif,2.51
450,38,4,2022-05-27 10:25:59,30.02909,98.93919,30.12909,99.03919,30.12909,98.93919,30.02909,99.03919,Sentinel-2B,Optical,21.7,28.7,Preprocessed,S2_000450.tif,1.31
451,55,7,2024-06-27 12:32:36,29.23211,94.5959,29.33211,94.6959,29.33211,94.5959,29.23211,94.6959,Landsat-8,Optical,22.1,1.5,Analysis Ready,S2_000451.tif,1.59
452,40,5,2018-08-18 13:34:56,27.76664,97.332,27.86664,97.432,27.86664,97.332,27.76664,97.432,Landsat-9,Optical,4.1,84.0,Analysis Ready,S2_000452.tif,3.44
453,3,1,2021-11-07 21:09:33,27.58731,99.30279,27.68731,99.40279,27.68731,99.30279,27.58731,99.40279,Sentinel-1A,SAR,19.8,54.2,Analysis Ready,S2_000453.tif,0.08
454,12,1,2021-03-06 12:28:34,26.75593,98.29754,26.85593,98.39754,26.85593,98.29754,26.75593,98.39754,Sentinel-2A,Optical,3.2,74.7,Preprocessed,S2_000454.tif,1.59
455,21,2,2022-08-27 02:19:27,23.6873,99.53052,23.7873,99.63052,23.7873,99.53052,23.6873,99.63052,Sentinel-2B,Optical,11.8,17.6,Preprocessed,S2_000455.tif,1.11
456,36,4,2024-12-30 16:05:56,25.34536,90.99434,25.44536,91.09434,25.44536,90.99434,25.34536,91.09434,Sentinel-1B,SAR,5.3,20.8,Preprocessed,S2_000456.tif,1.79
457,36,4,2024-03-29 15:43:24,24.9809,91.0626,25.0809,91.1626,25.0809,91.0626,24.9809,91.1626,Sentinel-2B,Optical,18.8,21.7,Raw,S2_000457.tif,1.1
458,28,3,2020-11-24 18:31:52,28.95396,93.22438,29.05396,93.32438,29.05396,93.22438,28.95396,93.32438,Landsat-8,Optical,8.0,54.4,Preprocessed,S2_000458.tif,0.23
459,5,1,2019-12-18 20:07:47,24.16108,94.91513,24.26108,95.01513,24.26108,94.91513,24.16108,95.01513,Sentinel-1B,SAR,6.3,32.9,Preprocessed,S2_000459.tif,0.56
460,15,2,2019-10-21 00:14:56,26.98931,98.7476,27.08931,98.8476,27.08931,98.7476,26.98931,98.8476,Landsat-9,Optical,29.2,76.1,Raw,S2_000460.tif,3.7
461,27,3,2021-04-24 03:14:08,25.17974,90.90804,25.27974,91.00804,25.27974,90.90804,25.17974,91.00804,Landsat-9,Optical,6.6,97.4,Analysis Ready,S2_000461.tif,0.92
462,14,2,2024-09-01 09:35:34,22.2626,93.26654,22.3626,93.36654,22.3626,93.26654,22.2626,93.36654,Sentinel-1A,SAR,5.9,11.5,Preprocessed,S2_000462.tif,4.92
463,11,1,2019-04-04 00:46:19,22.39283,90.54259,22.49283,90.64259,22.49283,90.54259,22.39283,90.64259,Sentinel-2B,Optical,19.8,96.0,Raw,S2_000463.tif,0.01
464,60,8,2022-11-30 16:48:18,24.51653,96.30577,24.61653,96.40577,24.61653,96.30577,24.51653,96.40577,Sentinel-2A,Optical,19.4,26.7,Raw,S2_000464.tif,3.56
465,60,8,2023-12-31 13:50:58,24.68258,96.16544,24.78258,96.26544,24.78258,96.16544,24.68258,96.26544,Sentinel-1B,SAR,22.3,59.0,Analysis Ready,S2_000465.tif,4.45
466,39,4,2024-03-22 00:51:36,27.40205,90.76359,27.50205,90.86359,27.50205,90.76359,27.40205,90.86359,Sentinel-2A,Optical,14.8,57.9,Raw,S2_000466.tif,3.06
467,29,3,2021-02-12 16:42:50,25.7868,99.30135,25.8868,99.40135,25.8868,99.30135,25.7868,99.40135,Sentinel-2A,Optical,9.6,85.6,Analysis Ready,S2_000467.tif,1.2
468,28,3,2021-04-16 17:23:23,28.55842,92.92813,28.65842,93.02813,28.65842,92.92813,28.55842,93.02813,Sentinel-1A,SAR,5.6,1.3,Preprocessed,S2_000468.tif,4.61
469,17,2,2023-03-21 02:12:44,24.20958,93.20211,24.30958,93.30211,24.30958,93.20211,24.20958,93.30211,RESOURCESAT-2,Optical,12.8,84.2,Raw,S2_000469.tif,4.26
470,33,4,2019-04-08 08:12:11,24.03188,100.08236,24.13188,100.18236,24.13188,100.08236,24.03188,100.18236,RESOURCESAT-2,Optical,22.8,66.5,Preprocessed,S2_000470.tif,1.5
471,62,8,2021-12-28 21:18:06,27.40144,92.11049,27.50144,92.21049,27.50144,92.11049,27.40144,92.21049,Sentinel-2A,Optical,13.6,50.8,Preprocessed,S2_000471.tif,0.48
472,21,2,2022-09-11 21:51:07,24.60324,99.12116,24.70324,99.22116,24.70324,99.12116,24.60324,99.22116,Sentinel-2A,Optical,26.1,41.4,Preprocessed,S2_000472.tif,2.67
473,4,1,2018-09-09 23:08:35,26.94782,90.15267,27.04782,90.25267,27.04782,90.15267,26.94782,90.25267,Landsat-8,Optical,12.7,35.5,Analysis Ready,S2_000473.tif,3.95
474,35,4,2021-04-17 18:27:00,22.88827,91.13089,22.98827,91.23089,22.98827,91.13089,22.88827,91.23089,Landsat-9,Optical,28.3,68.8,Analysis Ready,S2_000474.tif,1.23
475,7,1,2019-04-05 13:21:48,26.41579,92.26908,26.51579,92.36908,26.51579,92.26908,26.41579,92.36908,Sentinel-2A,Optical,20.6,88.9,Preprocessed,S2_000475.tif,0.88
476,55,7,2021-07-30 18:47:01,28.93996,93.77101,29.03996,93.87101,29.03996,93.77101,28.93996,93.87101,Sentinel-2A,Optical,25.3,38.4,Raw,S2_000476.tif,0.16
477,26,3,2022-08-22 12:19:10,23.53836,90.7653,23.63836,90.8653,23.63836,90.7653,23.53836,90.8653,Landsat-9,Optical,18.0,12.5,Raw,S2_000477.tif,4.76
478,55,7,2022-03-07 07:44:09,28.9849,93.7873,29.0849,93.8873,29.0849,93.7873,28.9849,93.8873,Sentinel-2B,Optical,3.0,64.8,Preprocessed,S2_000478.tif,2.12
479,35,4,2019-04-30 17:49:18,23.36534,91.2109,23.46534,91.3109,23.46534,91.2109,23.36534,91.3109,Landsat-8,Optical,21.6,97.9,Analysis Ready,S2_000479.tif,4.06
480,51,6,2018-11-05 00:17:48,29.73528,90.51944,29.83528,90.61944,29.83528,90.51944,29.73528,90.61944,Landsat-8,Optical,16.3,12.1,Preprocessed,S2_000480.tif,4.06
481,16,2,2023-02-10 13:51:30,24.00977,91.10763,24.10977,91.20763,24.10977,91.10763,24.00977,91.20763,Landsat-9,Optical,25.3,35.7,Preprocessed,S2_000481.tif,4.53
482,18,2,2021-04-20 05:19:29,29.20318,98.94271,29.30318,99.04271,29.30318,98.94271,29.20318,99.04271,Sentinel-2A,Optical,8.3,18.2,Raw,S2_000482.tif,1.5
483,5,1,2020-09-21 11:49:02,23.89768,95.03041,23.99768,95.13041,23.99768,95.03041,23.89768,95.13041,Landsat-9,Optical,20.7,44.3,Preprocessed,S2_000483.tif,1.09
484,53,6,2020-11-15 11:07:42,27.6375,91.11689,27.7375,91.21689,27.7375,91.11689,27.6375,91.21689,RESOURCESAT-2,Optical,15.7,41.1,Preprocessed,S2_000484.tif,1.9
485,31,3,2024-01-07 10:22:57,27.76993,94.99363,27.86993,95.09363,27.86993,94.99363,27.76993,95.09363,Sentinel-1B,SAR,21.4,37.7,Analysis Ready,S2_000485.tif,4.21
486,44,5,2023-12-19 16:25:24,29.7662,99.01452,29.8662,99.11452,29.8662,99.01452,29.7662,99.11452,Landsat-9,Optical,11.6,26.9,Preprocessed,S2_000486.tif,4.13
487,41,5,2021-02-20 00:34:23,22.70208,94.12918,22.80208,94.22918,22.80208,94.12918,22.70208,94.22918,Sentinel-1B,SAR,13.5,60.7,Raw,S2_000487.tif,2.39
488,27,3,2018-08-26 01:26:11,24.74951,90.92208,24.84951,91.02208,24.84951,90.92208,24.74951,91.02208,Sentinel-1A,SAR,26.0,30.5,Analysis Ready,S2_000488.tif,2.45
489,14,2,2019-06-19 00:07:51,22.41649,93.08915,22.51649,93.18915,22.51649,93.08915,22.41649,93.18915,Sentinel-2A,Optical,13.3,33.8,Preprocessed,S2_000489.tif,4.72
490,53,6,2022-04-18 08:12:42,27.80369,90.94421,27.90369,91.04421,27.90369,90.94421,27.80369,91.04421,Sentinel-1B,SAR,11.5,64.0,Raw,S2_000490.tif,0.71
491,27,3,2020-05-01 17:18:36,24.82424,90.21245,24.92424,90.31245,24.92424,90.21245,24.82424,90.31245,Sentinel-1B,SAR,17.6,31.4,Raw,S2_000491.tif,2.53
492,26,3,2023-04-27 21:21:06,23.79001,89.85695,23.89001,89.95695,23.89001,89.85695,23.79001,89.95695,RESOURCESAT-2,Optical,19.2,26.4,Preprocessed,S2_000492.tif,3.9
493,58,7,2020-06-17 07:48:47,27.00989,94.6889,27.10989,94.7889,27.10989,94.6889,27.00989,94.7889,Sentinel-2B,Optical,19.2,58.6,Preprocessed,S2_000493.tif,0.71
494,51,6,2019-12-24 16:18:08,29.1768,90.92678,29.2768,91.02678,29.2768,90.92678,29.1768,91.02678,RESOURCESAT-2,Optical,12.2,51.4,Analysis Ready,S2_000494.tif,3.19
495,48,6,2023-09-10 14:25:49,27.28845,94.95587,27.38845,95.05587,27.38845,94.95587,27.28845,95.05587,Landsat-9,Optical,27.5,59.0,Preprocessed,S2_000495.tif,3.4
496,36,4,2023-02-03 10:43:04,25.28386,90.56918,25.38386,90.66918,25.38386,90.56918,25.28386,90.66918,Sentinel-1A,SAR,10.8,12.1,Analysis Ready,S2_000496.tif,2.52
497,38,4,2023-05-02 09:19:22,29.28442,98.34294,29.38442,98.44294,29.38442,98.34294,29.28442,98.44294,Sentinel-1B,SAR,7.2,14.8,Raw,S2_000497.tif,3.77
498,1,1,2019-02-09 23:50:18,27.51251,90.03638,27.61251,90.13638,27.61251,90.03638,27.51251,90.13638,Sentinel-1A,SAR,27.9,13.4,Preprocessed,S2_000498.tif,3.8
499,50,6,2019-05-11 15:12:45,23.7269,92.75449,23.8269,92.85449,23.8269,92.75449,23.7269,92.85449,Landsat-9,Optical,15.6,59.2,Analysis Ready,S2_000499.tif,2.53
500,44,5,2020-04-01 19:56:38,28.97546,98.34656,29.07546,98.44656,29.07546,98.34656,28.97546,98.44656,RESOURCESAT-2,Optical,18.1,91.0,Preprocessed,S2_000500.tif,3.22
501,5,1,2018-11-24 20:13:52,23.32252,95.40366,23.42252,95.50366,23.42252,95.40366,23.32252,95.50366,Landsat-9,Optical,22.2,3.9,Analysis Ready,S2_000501.tif,0.83
502,57,7,2021-03-29 02:10:02,23.31781,93.47278,23.41781,93.57278,23.41781,93.47278,23.31781,93.57278,Sentinel-2B,Optical,13.7,13.8,Raw,S2_000502.tif,2.24
503,34,4,2018-11-05 14:42:21,26.1299,97.75628,26.2299,97.85628,26.2299,97.75628,26.1299,97.85628,Landsat-9,Optical,5.9,56.3,Preprocessed,S2_000503.tif,0.71
504,7,1,2022-04-28 16:38:20,26.73831,92.59971,26.83831,92.69971,26.83831,92.59971,26.73831,92.69971,Sentinel-1B,SAR,13.1,4.3,Preprocessed,S2_000504.tif,0.56
505,34,4,2021-02-22 07:15:08,25.64574,97.78306,25.74574,97.88306,25.74574,97.78306,25.64574,97.88306,Sentinel-1B,SAR,5.2,79.0,Raw,S2_000505.tif,2.65
506,7,1,2024-08-01 23:26:57,26.28286,91.85248,26.38286,91.95248,26.38286,91.85248,26.28286,91.95248,Sentinel-2B,Optical,7.7,18.8,Raw,S2_000506.tif,3.19
507,3,1,2019-09-09 17:27:25,27.20463,98.51647,27.30463,98.61647,27.30463,98.51647,27.20463,98.61647,Sentinel-2A,Optical,17.6,59.5,Raw,S2_000507.tif,4.29
508,1,1,2020-10-21 14:09:10,27.37333,90.65806,27.47333,90.75806,27.47333,90.65806,27.37333,90.75806,Landsat-9,Optical,27.6,67.3,Analysis Ready,S2_000508.tif,0.66
509,2,1,2023-08-21 07:57:36,24.1179,91.66292,24.2179,91.76292,24.2179,91.66292,24.1179,91.76292,Sentinel-1B,SAR,8.8,65.0,Preprocessed,S2_000509.tif,2.9
510,23,3,2022-10-17 05:53:36,27.75575,91.82641,27.85575,91.92641,27.85575,91.82641,27.75575,91.92641,Landsat-9,Optical,28.5,65.1,Raw,S2_000510.tif,3.95
511,47,6,2023-04-21 00:44:21,29.529,98.89673,29.629,98.99673,29.629,98.89673,29.529,98.99673,Landsat-9,Optical,22.6,50.2,Raw,S2_000511.tif,1.79
512,38,4,2021-07-04 03:41:49,29.28293,98.11708,29.38293,98.21708,29.38293,98.11708,29.28293,98.21708,Sentinel-2A,Optical,9.1,86.6,Raw,S2_000512.tif,2.77
513,33,4,2022-09-26 01:39:44,23.32653,100.26576,23.42653,100.36576,23.42653,100.26576,23.32653,100.36576,Landsat-9,Optical,28.8,19.0,Preprocessed,S2_000513.tif,3.9
514,29,3,2024-01-15 01:19:41,26.20226,98.41572,26.30226,98.51572,26.30226,98.41572,26.20226,98.51572,Landsat-9,Optical,19.8,79.2,Raw,S2_000514.tif,2.46
515,59,8,2023-06-03 10:44:36,25.56695,92.65706,25.66695,92.75706,25.66695,92.65706,25.56695,92.75706,Sentinel-1A,SAR,22.2,42.2,Raw,S2_000515.tif,3.07
516,4,1,2022-01-24 11:36:19,26.35963,89.92804,26.45963,90.02804,26.45963,89.92804,26.35963,90.02804,Sentinel-2B,Optical,13.1,16.5,Raw,S2_000516.tif,2.77
517,3,1,2023-02-18 23:18:38,27.50528,98.98259,27.60528,99.08259,27.60528,98.98259,27.50528,99.08259,Sentinel-1B,SAR,5.4,66.8,Raw,S2_000517.tif,2.04
518,60,8,2022-05-05 18:22:35,24.31394,95.77343,24.41394,95.87343,24.41394,95.77343,24.31394,95.87343,RESOURCESAT-2,Optical,10.6,93.6,Raw,S2_000518.tif,1.52
519,16,2,2023-12-17 05:28:04,23.48126,91.0671,23.58126,91.1671,23.58126,91.0671,23.48126,91.1671,RESOURCESAT-2,Optical,10.7,73.8,Raw,S2_000519.tif,0.38
520,36,4,2021-07-19 20:27:20,25.63859,90.58553,25.73859,90.68553,25.73859,90.58553,25.63859,90.68553,Sentinel-2A,Optical,8.6,73.1,Analysis Ready,S2_000520.tif,3.3
521,20,2,2020-11-19 11:46:24,23.02596,93.35204,23.12596,93.45204,23.12596,93.35204,23.02596,93.45204,Sentinel-1B,SAR,25.2,17.8,Raw,S2_000521.tif,3.06
522,9,1,2021-03-16 18:53:27,27.17101,93.73677,27.27101,93.83677,27.27101,93.73677,27.17101,93.83677,RESOURCESAT-2,Optical,11.1,63.4,Preprocessed,S2_000522.tif,0.69
523,28,3,2023-10-02 05:33:12,28.80279,92.85627,28.90279,92.95627,28.90279,92.85627,28.80279,92.95627,Sentinel-2B,Optical,4.0,26.2,Preprocessed,S2_000523.tif,2.07
524,36,4,2023-05-03 19:40:13,25.38193,90.23935,25.48193,90.33935,25.48193,90.23935,25.38193,90.33935,Landsat-8,Optical,5.3,31.8,Analysis Ready,S2_000524.tif,0.4
525,5,1,2022-03-11 16:28:14,23.38733,94.72704,23.48733,94.82704,23.48733,94.72704,23.38733,94.82704,Sentinel-1A,SAR,12.4,23.1,Analysis Ready,S2_000525.tif,2.55
526,55,7,2019-04-25 17:10:30,29.13412,94.68562,29.23412,94.78562,29.23412,94.68562,29.13412,94.78562,Landsat-9,Optical,17.0,3.9,Raw,S2_000526.tif,2.73
527,36,4,2021-11-13 10:42:09,25.0033,90.95118,25.1033,91.05118,25.1033,90.95118,25.0033,91.05118,Landsat-8,Optical,5.2,84.4,Analysis Ready,S2_000527.tif,2.57
528,40,5,2023-08-02 15:43:09,27.96698,97.3295,28.06698,97.4295,28.06698,97.3295,27.96698,97.4295,Landsat-8,Optical,11.3,56.1,Analysis Ready,S2_000528.tif,2.07
529,20,2,2019-12-13 18:46:43,23.12871,93.32083,23.22871,93.42083,23.22871,93.32083,23.12871,93.42083,Landsat-8,Optical,13.6,44.8,Analysis Ready,S2_000529.tif,3.0
530,33,4,2023-03-06 09:11:47,23.47562,100.33114,23.57562,100.43114,23.57562,100.33114,23.47562,100.43114,RESOURCESAT-2,Optical,7.6,32.1,Analysis Ready,S2_000530.tif,4.01
531,62,8,2019-08-06 19:37:35,26.67273,92.74204,26.77273,92.84204,26.77273,92.74204,26.67273,92.84204,Landsat-9,Optical,21.8,50.6,Preprocessed,S2_000531.tif,4.28
532,21,2,2018-07-13 01:29:55,24.04921,99.8343,24.14921,99.9343,24.14921,99.8343,24.04921,99.9343,Sentinel-1B,SAR,3.3,53.0,Raw,S2_000532.tif,4.82
533,13,2,2021-11-20 02:57:15,26.12595,99.81661,26.22595,99.91661,26.22595,99.81661,26.12595,99.91661,Landsat-8,Optical,8.4,31.3,Analysis Ready,S2_000533.tif,4.23
534,45,5,2023-07-09 12:16:38,28.34356,95.39691,28.44356,95.49691,28.44356,95.39691,28.34356,95.49691,Sentinel-1A,SAR,23.6,97.8,Analysis Ready,S2_000534.tif,1.49
535,27,3,2022-05-11 04:32:40,25.32793,90.44822,25.42793,90.54822,25.42793,90.44822,25.32793,90.54822,Landsat-9,Optical,15.5,68.9,Raw,S2_000535.tif,3.25
536,24,3,2021-03-15 03:11:21,23.7979,99.68578,23.8979,99.78578,23.8979,99.68578,23.7979,99.78578,RESOURCESAT-2,Optical,4.8,57.0,Preprocessed,S2_000536.tif,2.58
537,19,2,2022-07-21 15:47:27,23.80474,96.02521,23.90474,96.12521,23.90474,96.02521,23.80474,96.12521,RESOURCESAT-2,Optical,26.4,77.9,Raw,S2_000537.tif,3.25
538,16,2,2019-01-06 15:47:15,23.96188,90.67999,24.06188,90.77999,24.06188,90.67999,23.96188,90.77999,Landsat-8,Optical,24.0,72.4,Raw,S2_000538.tif,3.81
539,32,3,2023-02-17 08:36:21,24.93391,95.46381,25.03391,95.56381,25.03391,95.46381,24.93391,95.56381,Landsat-9,Optical,26.9,46.9,Raw,S2_000539.tif,0.71
540,57,7,2020-11-29 09:17:43,24.00476,92.93194,24.10476,93.03194,24.10476,92.93194,24.00476,93.03194,Sentinel-2A,Optical,27.4,46.4,Preprocessed,S2_000540.tif,2.93
541,27,3,2021-12-10 10:00:59,24.79773,90.83179,24.89773,90.93179,24.89773,90.83179,24.79773,90.93179,Landsat-9,Optical,17.0,48.7,Analysis Ready,S2_000541.tif,4.79
542,6,1,2018-08-27 18:57:12,26.09756,96.69475,26.19756,96.79475,26.19756,96.69475,26.09756,96.79475,RESOURCESAT-2,Optical,7.8,27.7,Preprocessed,S2_000542.tif,0.46
543,18,2,2024-11-16 10:24:02,29.13708,98.53932,29.23708,98.63932,29.23708,98.53932,29.13708,98.63932,Sentinel-2A,Optical,29.3,78.0,Analysis Ready,S2_000543.tif,3.12
544,59,8,2021-11-09 03:18:26,25.93947,92.87473,26.03947,92.97473,26.03947,92.87473,25.93947,92.97473,Landsat-8,Optical,18.2,1.0,Preprocessed,S2_000544.tif,4.55
545,6,1,2018-02-07 08:10:25,26.0445,96.66755,26.1445,96.76755,26.1445,96.66755,26.0445,96.76755,Sentinel-1A,SAR,28.1,93.7,Raw,S2_000545.tif,1.28
546,20,2,2022-12-19 12:18:38,23.57207,93.50274,23.67207,93.60274,23.67207,93.50274,23.57207,93.60274,Landsat-9,Optical,14.4,85.1,Analysis Ready,S2_000546.tif,2.97
547,48,6,2022-07-18 11:51:01,27.05802,95.26381,27.15802,95.36381,27.15802,95.26381,27.05802,95.36381,Sentinel-1B,SAR,18.4,75.9,Preprocessed,S2_000547.tif,4.95
548,46,5,2024-12-25 22:56:41,23.52069,97.77495,23.62069,97.87495,23.62069,97.77495,23.52069,97.87495,Sentinel-1A,SAR,8.9,83.8,Analysis Ready,S2_000548.tif,1.29
549,31,3,2018-05-17 09:36:35,27.64712,95.72703,27.74712,95.82703,27.74712,95.72703,27.64712,95.82703,Sentinel-2A,Optical,9.3,36.5,Raw,S2_000549.tif,0.1
550,28,3,2021-06-21 02:55:58,28.58473,92.97458,28.68473,93.07458,28.68473,92.97458,28.58473,93.07458,Sentinel-2A,Optical,28.5,38.0,Raw,S2_000550.tif,3.04
551,57,7,2021-07-30 17:56:45,23.20684,93.47467,23.30684,93.57467,23.30684,93.47467,23.20684,93.57467,Sentinel-2A,Optical,15.5,57.9,Raw,S2_000551.tif,1.74
552,10,1,2018-06-11 12:28:39,24.2029,97.27635,24.3029,97.37635,24.3029,97.27635,24.2029,97.37635,RESOURCESAT-2,Optical,12.0,41.0,Analysis Ready,S2_000552.tif,2.87
553,20,2,2021-07-05 15:54:36,22.87071,93.89212,22.97071,93.99212,22.97071,93.89212,22.87071,93.99212,RESOURCESAT-2,Optical,19.1,88.9,Raw,S2_000553.tif,4.32
554,44,5,2022-03-21 23:15:25,29.26195,98.46492,29.36195,98.56492,29.36195,98.46492,29.26195,98.56492,Sentinel-2B,Optical,23.4,49.2,Preprocessed,S2_000554.tif,0.7
555,43,5,2022-07-15 14:38:38,29.97932,97.16143,30.07932,97.26143,30.07932,97.16143,29.97932,97.26143,Landsat-8,Optical,19.5,75.0,Analysis Ready,S2_000555.tif,2.79
556,33,4,2021-06-28 14:16:37,23.86844,100.47011,23.96844,100.57011,23.96844,100.47011,23.86844,100.57011,Sentinel-1B,SAR,29.3,73.1,Analysis Ready,S2_000556.tif,3.6
557,56,7,2020-07-15 11:29:48,29.44706,97.98124,29.54706,98.08124,29.54706,97.98124,29.44706,98.08124,Sentinel-1B,SAR,19.3,39.2,Raw,S2_000557.tif,3.94
558,48,6,2019-12-02 02:12:29,26.98156,95.04181,27.08156,95.14181,27.08156,95.04181,26.98156,95.14181,Sentinel-2B,Optical,27.5,15.7,Raw,S2_000558.tif,2.26
559,26,3,2018-06-27 10:35:14,23.74992,90.3726,23.84992,90.4726,23.84992,90.3726,23.74992,90.4726,Landsat-9,Optical,6.5,41.7,Preprocessed,S2_000559.tif,2.48
560,62,8,2019-04-03 23:13:42,26.73426,92.41385,26.83426,92.51385,26.83426,92.41385,26.73426,92.51385,Sentinel-1B,SAR,5.7,78.4,Analysis Ready,S2_000560.tif,1.16
561,14,2,2020-08-05 13:33:02,22.3082,93.13924,22.4082,93.23924,22.4082,93.13924,22.3082,93.23924,Landsat-8,Optical,27.6,30.7,Raw,S2_000561.tif,1.12
562,31,3,2020-12-12 10:51:36,27.74861,95.1264,27.84861,95.2264,27.84861,95.1264,27.74861,95.2264,Sentinel-2B,Optical,22.0,24.0,Analysis Ready,S2_000562.tif,0.78
563,40,5,2024-11-13 14:55:43,28.32739,97.76049,28.42739,97.86049,28.42739,97.76049,28.32739,97.86049,Sentinel-1A,SAR,3.2,36.8,Preprocessed,S2_000563.tif,3.33
564,27,3,2019-06-15 13:18:52,25.56692,90.54351,25.66692,90.64351,25.66692,90.54351,25.56692,90.64351,Sentinel-1B,SAR,29.2,55.5,Raw,S2_000564.tif,1.29
565,43,5,2023-12-10 21:57:16,29.49233,97.56212,29.59233,97.66212,29.59233,97.56212,29.49233,97.66212,Landsat-8,Optical,7.5,71.7,Raw,S2_000565.tif,2.65
566,54,6,2018-02-25 23:25:13,29.82688,92.05805,29.92688,92.15805,29.92688,92.05805,29.82688,92.15805,Sentinel-2A,Optical,3.0,30.6,Raw,S2_000566.tif,0.26
567,17,2,2019-05-20 06:33:17,24.20698,92.51921,24.30698,92.61921,24.30698,92.51921,24.20698,92.61921,Landsat-9,Optical,27.6,7.5,Analysis Ready,S2_000567.tif,1.37
568,37,4,2021-04-07 09:17:16,26.27972,95.02694,26.37972,95.12694,26.37972,95.02694,26.27972,95.12694,Sentinel-1A,SAR,25.3,56.0,Preprocessed,S2_000568.tif,1.73
569,14,2,2023-11-24 02:52:33,22.86356,93.33428,22.96356,93.43428,22.96356,93.33428,22.86356,93.43428,Sentinel-2B,Optical,11.5,46.4,Analysis Ready,S2_000569.tif,3.14
570,40,5,2023-05-31 17:34:45,28.41477,97.25676,28.51477,97.35676,28.51477,97.25676,28.41477,97.35676,Landsat-8,Optical,13.1,80.1,Raw,S2_000570.tif,0.16
571,1,1,2020-05-23 04:57:48,27.43398,90.46167,27.53398,90.56167,27.53398,90.46167,27.43398,90.56167,RESOURCESAT-2,Optical,16.0,42.7,Preprocessed,S2_000571.tif,3.23
572,50,6,2019-11-10 21:02:41,23.74007,92.09777,23.84007,92.19777,23.84007,92.09777,23.74007,92.19777,Sentinel-1B,SAR,17.0,32.2,Analysis Ready,S2_000572.tif,2.96
573,61,8,2024-02-17 09:56:47,26.71665,89.86283,26.81665,89.96283,26.81665,89.86283,26.71665,89.96283,Sentinel-2B,Optical,15.1,38.7,Preprocessed,S2_000573.tif,0.96
574,16,2,2023-11-26 18:10:58,23.66842,90.94786,23.76842,91.04786,23.76842,90.94786,23.66842,91.04786,Sentinel-1A,SAR,11.5,32.8,Analysis Ready,S2_000574.tif,2.01
575,26,3,2018-01-08 23:50:36,23.74011,89.92833,23.84011,90.02833,23.84011,89.92833,23.74011,90.02833,Landsat-9,Optical,29.5,27.1,Raw,S2_000575.tif,4.05
576,20,2,2020-04-13 21:36:47,23.74432,93.77273,23.84432,93.87273,23.84432,93.77273,23.74432,93.87273,Landsat-9,Optical,10.6,99.9,Analysis Ready,S2_000576.tif,2.72
577,5,1,2020-02-18 11:47:00,23.8419,95.42045,23.9419,95.52045,23.9419,95.42045,23.8419,95.52045,Landsat-9,Optical,22.1,73.8,Analysis Ready,S2_000577.tif,0.58
578,31,3,2024-04-30 06:18:49,27.51144,95.19942,27.61144,95.29942,27.61144,95.19942,27.51144,95.29942,Sentinel-2B,Optical,9.4,28.6,Raw,S2_000578.tif,4.48
579,14,2,2020-03-10 02:48:25,22.76313,92.90763,22.86313,93.00763,22.86313,92.90763,22.76313,93.00763,Landsat-9,Optical,17.4,34.3,Analysis Ready,S2_000579.tif,3.31
580,35,4,2018-12-29 11:05:33,23.27427,91.60901,23.37427,91.70901,23.37427,91.60901,23.27427,91.70901,Sentinel-2B,Optical,27.2,27.8,Analysis Ready,S2_000580.tif,0.34
581,33,4,2019-08-04 05:44:17,23.57815,99.84505,23.67815,99.94505,23.67815,99.84505,23.57815,99.94505,Sentinel-1B,SAR,26.2,19.1,Analysis Ready,S2_000581.tif,3.99
582,10,1,2022-08-05 19:14:20,23.68088,97.2122,23.78088,97.3122,23.78088,97.2122,23.68088,97.3122,Sentinel-2B,Optical,13.7,4.4,Raw,S2_000582.tif,1.35
583,36,4,2021-05-20 12:11:01,25.48358,90.18824,25.58358,90.28824,25.58358,90.18824,25.48358,90.28824,Sentinel-2B,Optical,12.2,89.6,Preprocessed,S2_000583.tif,4.35
584,8,1,2022-05-06 22:34:23,23.83802,99.08501,23.93802,99.18501,23.93802,99.08501,23.83802,99.18501,Sentinel-2B,Optical,4.7,59.2,Preprocessed,S2_000584.tif,2.27
585,40,5,2024-09-20 13:16:34,28.08557,97.37615,28.18557,97.47615,28.18557,97.37615,28.08557,97.47615,Sentinel-1A,SAR,5.9,84.9,Analysis Ready,S2_000585.tif,2.36
586,29,3,2023-11-18 22:26:18,26.38971,98.68424,26.48971,98.78424,26.48971,98.68424,26.38971,98.78424,Sentinel-1B,SAR,14.9,8.3,Raw,S2_000586.tif,1.45
587,15,2,2024-06-23 12:54:59,26.51918,98.45156,26.61918,98.55156,26.61918,98.45156,26.51918,98.55156,Sentinel-1B,SAR,12.7,82.2,Analysis Ready,S2_000587.tif,4.29
588,21,2,2023-02-09 19:57:05,24.583,99.4397,24.683,99.5397,24.683,99.4397,24.583,99.5397,Sentinel-1A,SAR,24.8,48.0,Raw,S2_000588.tif,1.67
589,1,1,2022-10-25 05:21:27,26.86708,90.33374,26.96708,90.43374,26.96708,90.33374,26.86708,90.43374,Landsat-8,Optical,6.7,79.4,Analysis Ready,S2_000589.tif,1.73
590,14,2,2020-11-07 11:29:12,22.71986,93.29115,22.81986,93.39115,22.81986,93.29115,22.71986,93.39115,RESOURCESAT-2,Optical,25.2,51.1,Preprocessed,S2_000590.tif,4.45
591,57,7,2024-12-24 20:10:19,23.2463,93.15337,23.3463,93.25337,23.3463,93.15337,23.2463,93.25337,Landsat-9,Optical,14.4,34.4,Analysis Ready,S2_000591.tif,2.91
592,62,8,2018-11-22 07:36:15,27.4162,92.78106,27.5162,92.88106,27.5162,92.78106,27.4162,92.88106,Sentinel-1A,SAR,5.1,44.1,Raw,S2_000592.tif,4.83
593,52,6,2024-09-10 18:40:08,28.88702,99.31332,28.98702,99.41332,28.98702,99.31332,28.88702,99.41332,Sentinel-2B,Optical,6.8,2.1,Analysis Ready,S2_000593.tif,3.47
594,53,6,2018-01-24 19:07:46,27.76421,91.64191,27.86421,91.74191,27.86421,91.64191,27.76421,91.74191,RESOURCESAT-2,Optical,26.5,12.9,Preprocessed,S2_000594.tif,3.69
595,59,8,2018-09-22 10:18:47,25.4291,92.69172,25.5291,92.79172,25.5291,92.69172,25.4291,92.79172,Landsat-8,Optical,14.0,36.3,Preprocessed,S2_000595.tif,3.05
596,25,3,2022-12-17 20:07:26,26.59175,96.76592,26.69175,96.86592,26.69175,96.76592,26.59175,96.86592,Landsat-8,Optical,10.4,87.9,Preprocessed,S2_000596.tif,2.95
597,50,6,2019-12-25 21:49:56,24.41309,91.9833,24.51309,92.0833,24.51309,91.9833,24.41309,92.0833,Landsat-8,Optical,19.3,79.3,Preprocessed,S2_000597.tif,1.01
598,4,1,2019-06-30 03:07:32,26.90226,90.22954,27.00226,90.32954,27.00226,90.22954,26.90226,90.32954,Sentinel-1A,SAR,12.8,36.1,Raw,S2_000598.tif,4.8
599,54,6,2018-09-10 04:25:07,30.03048,91.35818,30.13048,91.45818,30.13048,91.35818,30.03048,91.45818,Sentinel-1A,SAR,16.7,22.8,Analysis Ready,S2_000599.tif,2.6
600,57,7,2018-11-16 12:55:15,23.50917,93.47919,23.60917,93.57919,23.60917,93.47919,23.50917,93.57919,Sentinel-2B,Optical,22.2,86.8,Preprocessed,S2_000600.tif,4.78
601,23,3,2020-08-15 08:33:21,27.89585,91.5909,27.99585,91.6909,27.99585,91.5909,27.89585,91.6909,Sentinel-1B,SAR,14.7,25.6,Analysis Ready,S2_000601.tif,0.86
602,33,4,2020-05-21 00:04:14,24.25449,99.8151,24.35449,99.9151,24.35449,99.8151,24.25449,99.9151,Landsat-8,Optical,20.3,43.0,Analysis Ready,S2_000602.tif,3.95
603,35,4,2019-04-28 04:21:02,23.43468,91.59691,23.53468,91.69691,23.53468,91.59691,23.43468,91.69691,Sentinel-1A,SAR,22.7,38.3,Raw,S2_000603.tif,2.94
604,15,2,2021-11-21 14:18:55,26.86698,98.16011,26.96698,98.26011,26.96698,98.16011,26.86698,98.26011,Sentinel-1B,SAR,14.9,16.1,Raw,S2_000604.tif,3.84
605,23,3,2021-06-29 11:32:55,27.44228,91.71172,27.54228,91.81172,27.54228,91.71172,27.44228,91.81172,Sentinel-2A,Optical,19.4,6.9,Raw,S2_000605.tif,1.85
606,34,4,2021-12-22 01:00:27,26.16273,97.71067,26.26273,97.81067,26.26273,97.71067,26.16273,97.81067,Landsat-8,Optical,6.5,54.8,Analysis Ready,S2_000606.tif,0.74
607,48,6,2023-11-21 22:57:46,27.24793,94.4085,27.34793,94.5085,27.34793,94.4085,27.24793,94.5085,Landsat-9,Optical,17.7,9.6,Analysis Ready,S2_000607.tif,3.16
608,7,1,2021-10-22 05:09:29,26.61343,91.78478,26.71343,91.88478,26.71343,91.78478,26.61343,91.88478,RESOURCESAT-2,Optical,8.8,36.4,Analysis Ready,S2_000608.tif,1.12
609,23,3,2021-06-14 10:03:29,27.4763,92.06932,27.5763,92.16932,27.5763,92.06932,27.4763,92.16932,Sentinel-2B,Optical,27.7,87.8,Raw,S2_000609.tif,2.68
610,14,2,2022-12-02 06:52:44,22.24633,92.4636,22.34633,92.5636,22.34633,92.4636,22.24633,92.5636,Sentinel-1A,SAR,10.1,76.4,Preprocessed,S2_000610.tif,2.81
611,43,5,2018-04-12 14:54:03,30.0511,98.08827,30.1511,98.18827,30.1511,98.08827,30.0511,98.18827,Landsat-8,Optical,9.7,14.6,Preprocessed,S2_000611.tif,0.48
612,57,7,2021-06-26 08:11:15,23.35797,92.69443,23.45797,92.79443,23.45797,92.69443,23.35797,92.79443,Sentinel-1A,SAR,4.8,22.3,Raw,S2_000612.tif,3.03
613,26,3,2020-07-27 04:49:41,24.27843,90.31993,24.37843,90.41993,24.37843,90.31993,24.27843,90.41993,Sentinel-2A,Optical,10.9,47.5,Raw,S2_000613.tif,3.64
614,17,2,2022-03-03 16:25:53,24.31879,92.41195,24.41879,92.51195,24.41879,92.41195,24.31879,92.51195,Landsat-9,Optical,8.1,90.2,Raw,S2_000614.tif,2.12
615,57,7,2021-06-04 23:25:27,23.5238,92.97423,23.6238,93.07423,23.6238,92.97423,23.5238,93.07423,Sentinel-1B,SAR,11.0,64.6,Analysis Ready,S2_000615.tif,1.3
616,14,2,2022-10-26 05:56:04,22.56439,92.64657,22.66439,92.74657,22.66439,92.64657,22.56439,92.74657,RESOURCESAT-2,Optical,7.5,78.7,Raw,S2_000616.tif,4.55
617,2,1,2023-11-17 07:22:03,24.01104,91.39916,24.11104,91.49916,24.11104,91.39916,24.01104,91.49916,Landsat-9,Optical,9.4,88.5,Preprocessed,S2_000617.tif,4.44
618,26,3,2021-05-27 08:03:46,24.19085,90.02573,24.29085,90.12573,24.29085,90.02573,24.19085,90.12573,Landsat-9,Optical,18.1,41.6,Raw,S2_000618.tif,0.5
619,62,8,2021-10-29 22:20:38,26.968,92.19105,27.068,92.29105,27.068,92.19105,26.968,92.29105,RESOURCESAT-2,Optical,29.6,25.4,Preprocessed,S2_000619.tif,1.01
620,38,4,2020-09-22 10:42:58,29.29567,98.96373,29.39567,99.06373,29.39567,98.96373,29.29567,99.06373,Sentinel-1A,SAR,17.2,95.0,Analysis Ready,S2_000620.tif,1.31
621,58,7,2020-04-19 02:07:22,27.12299,94.52127,27.22299,94.62127,27.22299,94.52127,27.12299,94.62127,Sentinel-1A,SAR,19.5,67.4,Raw,S2_000621.tif,2.04
622,5,1,2018-08-19 07:49:05,23.42685,94.62444,23.52685,94.72444,23.52685,94.62444,23.42685,94.72444,Landsat-9,Optical,15.7,11.3,Preprocessed,S2_000622.tif,0.09
623,53,6,2021-09-19 16:13:03,28.11881,90.88029,28.21881,90.98029,28.21881,90.88029,28.11881,90.98029,Sentinel-2A,Optical,4.8,66.4,Analysis Ready,S2_000623.tif,4.49
624,62,8,2019-08-07 00:21:24,27.48693,92.05958,27.58693,92.15958,27.58693,92.05958,27.48693,92.15958,Landsat-9,Optical,28.3,36.4,Raw,S2_000624.tif,2.36
625,34,4,2022-05-15 01:45:58,25.62966,97.88066,25.72966,97.98066,25.72966,97.88066,25.62966,97.98066,Sentinel-1B,SAR,23.3,33.6,Preprocessed,S2_000625.tif,2.33
626,46,5,2019-03-04 23:59:14,23.23258,97.7187,23.33258,97.8187,23.33258,97.7187,23.23258,97.8187,RESOURCESAT-2,Optical,8.1,90.1,Preprocessed,S2_000626.tif,1.98
627,4,1,2019-11-30 09:14:50,26.439,90.58517,26.539,90.68517,26.539,90.58517,26.439,90.68517,Sentinel-2A,Optical,5.3,89.5,Analysis Ready,S2_000627.tif,1.06
628,45,5,2021-08-04 04:38:23,29.02262,95.20671,29.12262,95.30671,29.12262,95.20671,29.02262,95.30671,Sentinel-2A,Optical,22.6,80.7,Preprocessed,S2_000628.tif,1.74
629,50,6,2022-03-21 02:08:30,24.14272,92.13908,24.24272,92.23908,24.24272,92.13908,24.14272,92.23908,Landsat-8,Optical,22.4,25.9,Raw,S2_000629.tif,4.04
630,15,2,2019-05-11 11:17:18,26.87406,98.71358,26.97406,98.81358,26.97406,98.71358,26.87406,98.81358,Sentinel-2A,Optical,7.4,74.1,Preprocessed,S2_000630.tif,0.08
631,33,4,2022-06-20 08:00:03,23.95943,99.79122,24.05943,99.89122,24.05943,99.79122,23.95943,99.89122,Sentinel-1A,SAR,18.5,98.0,Preprocessed,S2_000631.tif,1.45
632,46,5,2024-04-19 23:35:33,23.03772,97.24623,23.13772,97.34623,23.13772,97.24623,23.03772,97.34623,Sentinel-2A,Optical,6.2,69.6,Raw,S2_000632.tif,4.69
633,23,3,2024-06-09 16:20:14,27.99847,91.81728,28.09847,91.91728,28.09847,91.81728,27.99847,91.91728,Landsat-8,Optical,12.3,38.9,Preprocessed,S2_000633.tif,4.14
634,51,6,2023-06-04 07:42:45,29.68212,90.63267,29.78212,90.73267,29.78212,90.63267,29.68212,90.73267,Landsat-9,Optical,21.9,43.3,Preprocessed,S2_000634.tif,2.44
635,15,2,2023-02-10 03:20:31,26.67666,98.83459,26.77666,98.93459,26.77666,98.83459,26.67666,98.93459,Sentinel-1B,SAR,26.7,81.9,Preprocessed,S2_000635.tif,4.02
636,22,2,2021-03-05 16:34:33,22.11983,95.88597,22.21983,95.98597,22.21983,95.88597,22.11983,95.98597,Sentinel-1A,SAR,21.1,42.3,Preprocessed,S2_000636.tif,4.77
637,23,3,2018-09-19 02:23:50,27.52787,91.22527,27.62787,91.32527,27.62787,91.22527,27.52787,91.32527,Sentinel-1B,SAR,27.7,93.2,Analysis Ready,S2_000637.tif,0.48
638,15,2,2023-12-07 21:45:25,27.02597,98.56807,27.12597,98.66807,27.12597,98.56807,27.02597,98.66807,Sentinel-1B,SAR,22.3,55.2,Preprocessed,S2_000638.tif,4.94
639,55,7,2020-05-20 21:06:12,29.13937,94.69849,29.23937,94.79849,29.23937,94.69849,29.13937,94.79849,Landsat-9,Optical,21.3,52.0,Raw,S2_000639.tif,0.79
640,36,4,2022-09-19 22:21:03,25.65457,90.50657,25.75457,90.60657,25.75457,90.50657,25.65457,90.60657,Sentinel-2B,Optical,16.0,73.7,Preprocessed,S2_000640.tif,1.41
641,47,6,2023-12-06 01:36:41,29.90572,99.63533,30.00572,99.73533,30.00572,99.63533,29.90572,99.73533,Sentinel-1B,SAR,10.6,61.0,Preprocessed,S2_000641.tif,0.18
642,59,8,2023-06-27 19:36:33,25.48795,92.39694,25.58795,92.49694,25.58795,92.39694,25.48795,92.49694,Landsat-8,Optical,26.0,94.3,Preprocessed,S2_000642.tif,0.51
643,41,5,2022-07-29 20:07:28,23.31245,94.23681,23.41245,94.33681,23.41245,94.23681,23.31245,94.33681,Sentinel-1A,SAR,28.2,43.7,Analysis Ready,S2_000643.tif,4.05
644,16,2,2024-01-12 05:35:08,23.50515,90.39938,23.60515,90.49938,23.60515,90.39938,23.50515,90.49938,Landsat-8,Optical,10.8,95.1,Analysis Ready,S2_000644.tif,2.51
645,62,8,2024-03-18 00:24:24,27.37977,92.73575,27.47977,92.83575,27.47977,92.73575,27.37977,92.83575,Sentinel-2A,Optical,20.1,50.7,Preprocessed,S2_000645.tif,4.68
646,15,2,2022-07-27 16:23:11,26.55532,99.04164,26.65532,99.14164,26.65532,99.04164,26.55532,99.14164,Sentinel-1A,SAR,19.7,30.6,Raw,S2_000646.tif,3.89
647,43,5,2024-10-29 12:49:31,29.9099,97.18046,30.0099,97.28046,30.0099,97.18046,29.9099,97.28046,RESOURCESAT-2,Optical,9.3,60.8,Analysis Ready,S2_000647.tif,1.43
648,10,1,2018-12-10 20:54:03,23.93896,97.25765,24.03896,97.35765,24.03896,97.25765,23.93896,97.35765,Sentinel-2B,Optical,28.3,16.7,Raw,S2_000648.tif,3.68
649,18,2,2021-01-31 02:46:45,28.72607,99.10951,28.82607,99.20951,28.82607,99.10951,28.72607,99.20951,Landsat-8,Optical,24.2,59.0,Preprocessed,S2_000649.tif,3.03
650,21,2,2023-12-01 15:30:12,23.75132,98.89855,23.85132,98.99855,23.85132,98.89855,23.75132,98.99855,Sentinel-2A,Optical,17.7,52.0,Raw,S2_000650.tif,2.16
651,34,4,2019-09-04 10:14:10,26.26714,97.87022,26.36714,97.97022,26.36714,97.87022,26.26714,97.97022,RESOURCESAT-2,Optical,15.9,5.8,Analysis Ready,S2_000651.tif,4.21
652,53,6,2023-07-01 04:04:01,28.25627,91.04499,28.35627,91.14499,28.35627,91.04499,28.25627,91.14499,Sentinel-1B,SAR,15.2,92.5,Preprocessed,S2_000652.tif,3.15
653,53,6,2024-09-01 14:04:26,27.64721,91.69193,27.74721,91.79193,27.74721,91.69193,27.64721,91.79193,Landsat-8,Optical,6.3,64.1,Raw,S2_000653.tif,0.85
654,16,2,2022-08-12 19:31:43,23.95147,90.44386,24.05147,90.54386,24.05147,90.44386,23.95147,90.54386,Sentinel-1A,SAR,4.7,26.7,Preprocessed,S2_000654.tif,1.39
655,19,2,2019-02-11 11:58:47,23.94458,96.14003,24.04458,96.24003,24.04458,96.14003,23.94458,96.24003,Sentinel-2A,Optical,30.0,89.7,Analysis Ready,S2_000655.tif,2.7
656,40,5,2018-10-16 16:05:51,28.48515,97.48994,28.58515,97.58994,28.58515,97.48994,28.48515,97.58994,Sentinel-2B,Optical,15.1,16.5,Raw,S2_000656.tif,1.84
657,3,1,2018-04-07 03:48:44,27.84979,99.38639,27.94979,99.48639,27.94979,99.38639,27.84979,99.48639,RESOURCESAT-2,Optical,19.3,11.9,Preprocessed,S2_000657.tif,1.97
658,29,3,2020-08-15 12:15:11,25.56551,98.61434,25.66551,98.71434,25.66551,98.61434,25.56551,98.71434,Sentinel-2A,Optical,29.3,78.7,Analysis Ready,S2_000658.tif,2.73
659,59,8,2024-01-09 05:47:23,25.87398,92.417,25.97398,92.517,25.97398,92.417,25.87398,92.517,RESOURCESAT-2,Optical,13.4,98.6,Analysis Ready,S2_000659.tif,4.24
660,47,6,2018-06-22 07:06:50,30.05275,98.82232,30.15275,98.92232,30.15275,98.82232,30.05275,98.92232,Sentinel-1A,SAR,19.6,11.9,Analysis Ready,S2_000660.tif,4.57
661,16,2,2023-05-25 04:50:49,23.17335,91.1156,23.27335,91.2156,23.27335,91.1156,23.17335,91.2156,RESOURCESAT-2,Optical,4.2,32.3,Preprocessed,S2_000661.tif,4.76
662,15,2,2024-04-19 16:38:03,26.87964,99.05175,26.97964,99.15175,26.97964,99.05175,26.87964,99.15175,Sentinel-2B,Optical,25.0,70.0,Preprocessed,S2_000662.tif,4.76
663,32,3,2022-03-11 16:57:23,24.96431,95.6846,25.06431,95.7846,25.06431,95.6846,24.96431,95.7846,Sentinel-2B,Optical,6.4,45.0,Analysis Ready,S2_000663.tif,4.76
664,54,6,2024-11-28 17:43:04,29.41229,91.84423,29.51229,91.94423,29.51229,91.84423,29.41229,91.94423,RESOURCESAT-2,Optical,22.9,63.5,Analysis Ready,S2_000664.tif,4.42
665,61,8,2023-07-31 14:32:40,27.08217,90.15322,27.18217,90.25322,27.18217,90.15322,27.08217,90.25322,Sentinel-2A,Optical,12.6,25.1,Analysis Ready,S2_000665.tif,1.0
666,12,1,2024-12-01 19:09:33,26.8248,98.4508,26.9248,98.5508,26.9248,98.4508,26.8248,98.5508,Sentinel-2A,Optical,8.6,75.6,Raw,S2_000666.tif,0.51
667,56,7,2020-03-22 19:06:20,29.84477,97.55744,29.94477,97.65744,29.94477,97.55744,29.84477,97.65744,Sentinel-2B,Optical,19.0,30.7,Analysis Ready,S2_000667.tif,1.29
668,57,7,2020-08-30 02:34:52,23.87749,93.14352,23.97749,93.24352,23.97749,93.14352,23.87749,93.24352,RESOURCESAT-2,Optical,22.9,60.6,Preprocessed,S2_000668.tif,3.19
669,18,2,2022-11-20 15:10:55,28.75486,98.32527,28.85486,98.42527,28.85486,98.32527,28.75486,98.42527,RESOURCESAT-2,Optical,17.1,4.2,Analysis Ready,S2_000669.tif,3.59
670,2,1,2019-11-24 08:19:47,24.39121,91.43553,24.49121,91.53553,24.49121,91.43553,24.39121,91.53553,Sentinel-2B,Optical,28.3,89.4,Preprocessed,S2_000670.tif,1.8
671,19,2,2024-05-17 21:41:58,24.61604,96.28723,24.71604,96.38723,24.71604,96.28723,24.61604,96.38723,Sentinel-2A,Optical,17.4,32.2,Raw,S2_000671.tif,2.99
672,16,2,2021-01-23 07:33:14,23.29903,90.74334,23.39903,90.84334,23.39903,90.74334,23.29903,90.84334,Landsat-8,Optical,19.4,93.6,Raw,S2_000672.tif,2.97
673,1,1,2018-01-15 01:38:12,26.84201,90.50041,26.94201,90.60041,26.94201,90.50041,26.84201,90.60041,RESOURCESAT-2,Optical,16.7,62.1,Preprocessed,S2_000673.tif,1.79
674,11,1,2020-10-10 14:00:00,22.3661,91.34052,22.4661,91.44052,22.4661,91.34052,22.3661,91.44052,RESOURCESAT-2,Optical,28.7,44.6,Raw,S2_000674.tif,3.16
675,23,3,2022-07-12 01:08:50,27.88946,91.51089,27.98946,91.61089,27.98946,91.51089,27.88946,91.61089,Landsat-9,Optical,19.9,14.8,Raw,S2_000675.tif,4.95
676,1,1,2023-01-17 06:49:42,27.03084,90.599,27.13084,90.699,27.13084,90.599,27.03084,90.699,Landsat-9,Optical,28.4,29.1,Analysis Ready,S2_000676.tif,0.82
677,17,2,2020-11-06 16:54:55,24.00592,93.11375,24.10592,93.21375,24.10592,93.11375,24.00592,93.21375,RESOURCESAT-2,Optical,18.4,36.8,Analysis Ready,S2_000677.tif,0.74
678,40,5,2020-03-03 01:55:20,28.09825,97.99449,28.19825,98.09449,28.19825,97.99449,28.09825,98.09449,RESOURCESAT-2,Optical,6.8,11.6,Preprocessed,S2_000678.tif,3.52
679,39,4,2020-07-11 09:02:45,27.67644,91.00484,27.77644,91.10484,27.77644,91.00484,27.67644,91.10484,Sentinel-2B,Optical,27.5,30.8,Raw,S2_000679.tif,1.69
680,4,1,2018-12-10 03:37:54,26.82659,89.91742,26.92659,90.01742,26.92659,89.91742,26.82659,90.01742,Sentinel-2A,Optical,29.8,54.1,Raw,S2_000680.tif,1.54
681,48,6,2019-01-16 19:16:15,26.7888,95.05543,26.8888,95.15543,26.8888,95.05543,26.7888,95.15543,Sentinel-1B,SAR,25.1,72.8,Analysis Ready,S2_000681.tif,4.67
682,24,3,2024-01-04 07:45:58,23.83202,99.3503,23.93202,99.4503,23.93202,99.3503,23.83202,99.4503,Sentinel-2A,Optical,21.8,87.3,Raw,S2_000682.tif,2.07
683,5,1,2020-10-07 07:25:25,23.39892,95.53935,23.49892,95.63935,23.49892,95.53935,23.39892,95.63935,Sentinel-1A,SAR,14.0,77.2,Raw,S2_000683.tif,4.93
684,58,7,2021-06-12 15:54:30,27.02287,93.93886,27.12287,94.03886,27.12287,93.93886,27.02287,94.03886,Landsat-9,Optical,12.9,74.7,Preprocessed,S2_000684.tif,2.97
685,27,3,2020-07-04 21:35:22,25.57727,90.90087,25.67727,91.00087,25.67727,90.90087,25.57727,91.00087,Sentinel-2A,Optical,18.8,45.9,Preprocessed,S2_000685.tif,3.12
686,30,3,2024-06-25 20:24:01,26.1492,92.5244,26.2492,92.6244,26.2492,92.5244,26.1492,92.6244,Sentinel-1B,SAR,22.8,1.3,Raw,S2_000686.tif,4.52
687,23,3,2023-11-11 18:57:04,27.36004,91.95999,27.46004,92.05999,27.46004,91.95999,27.36004,92.05999,Sentinel-2B,Optical,11.5,20.0,Analysis Ready,S2_000687.tif,1.24
688,19,2,2019-01-10 18:17:28,24.45254,96.22829,24.55254,96.32829,24.55254,96.22829,24.45254,96.32829,Sentinel-1B,SAR,21.3,97.7,Analysis Ready,S2_000688.tif,4.54
689,27,3,2019-07-23 13:46:04,25.16535,90.37993,25.26535,90.47993,25.26535,90.37993,25.16535,90.47993,Sentinel-1B,SAR,18.7,72.3,Analysis Ready,S2_000689.tif,4.67
690,55,7,2024-03-14 21:55:45,28.92215,94.30398,29.02215,94.40398,29.02215,94.30398,28.92215,94.40398,Sentinel-1B,SAR,18.2,21.5,Preprocessed,S2_000690.tif,1.23
691,22,2,2019-10-10 07:26:44,22.84493,96.12981,22.94493,96.22981,22.94493,96.12981,22.84493,96.22981,Sentinel-2B,Optical,27.7,57.7,Analysis Ready,S2_000691.tif,4.42
692,19,2,2018-10-31 06:02:55,24.41645,96.04732,24.51645,96.14732,24.51645,96.04732,24.41645,96.14732,Landsat-9,Optical,8.1,68.1,Analysis Ready,S2_000692.tif,2.1
693,20,2,2021-11-09 20:36:47,23.66659,93.24145,23.76659,93.34145,23.76659,93.24145,23.66659,93.34145,Sentinel-1B,SAR,19.7,82.6,Raw,S2_000693.tif,4.57
694,17,2,2023-03-21 02:59:09,23.98122,92.48968,24.08122,92.58968,24.08122,92.48968,23.98122,92.58968,Sentinel-2B,Optical,12.4,79.4,Analysis Ready,S2_000694.tif,2.76
695,5,1,2019-08-28 12:48:45,23.78539,95.02424,23.88539,95.12424,23.88539,95.02424,23.78539,95.12424,Landsat-9,Optical,14.1,33.1,Raw,S2_000695.tif,2.89
696,6,1,2018-11-10 06:17:43,26.7921,97.41493,26.8921,97.51493,26.8921,97.41493,26.7921,97.51493,Landsat-8,Optical,14.1,23.6,Preprocessed,S2_000696.tif,4.92
697,58,7,2022-05-06 19:20:39,27.15688,94.01964,27.25688,94.11964,27.25688,94.01964,27.15688,94.11964,Sentinel-1B,SAR,7.2,54.8,Raw,S2_000697.tif,0.43
698,1,1,2018-09-08 15:34:06,27.46574,90.54042,27.56574,90.64042,27.56574,90.54042,27.46574,90.64042,Landsat-9,Optical,7.1,94.6,Preprocessed,S2_000698.tif,0.18
699,3,1,2024-11-08 00:25:41,27.58927,98.65798,27.68927,98.75798,27.68927,98.65798,27.58927,98.75798,Landsat-9,Optical,3.7,55.5,Raw,S2_000699.tif,0.26
700,1,1,2020-10-02 12:34:01,26.99626,90.26425,27.09626,90.36425,27.09626,90.26425,26.99626,90.36425,Sentinel-2B,Optical,19.2,37.7,Analysis Ready,S2_000700.tif,4.89
701,37,4,2019-01-09 11:06:10,27.25541,94.47662,27.35541,94.57662,27.35541,94.47662,27.25541,94.57662,Sentinel-2A,Optical,19.5,65.2,Analysis Ready,S2_000701.tif,1.85
702,43,5,2024-04-26 19:01:34,29.55105,97.87265,29.65105,97.97265,29.65105,97.87265,29.55105,97.97265,Sentinel-2B,Optical,22.9,77.6,Analysis Ready,S2_000702.tif,1.78
703,7,1,2024-05-25 06:28:35,26.8157,92.27936,26.9157,92.37936,26.9157,92.27936,26.8157,92.37936,Sentinel-2B,Optical,17.2,66.2,Analysis Ready,S2_000703.tif,3.82
704,60,8,2020-03-22 18:59:41,24.57471,95.92526,24.67471,96.02526,24.67471,95.92526,24.57471,96.02526,Sentinel-1A,SAR,8.4,51.6,Raw,S2_000704.tif,1.35
705,31,3,2021-01-13 22:32:25,28.06438,95.05979,28.16438,95.15979,28.16438,95.05979,28.06438,95.15979,Sentinel-2A,Optical,8.7,69.0,Raw,S2_000705.tif,4.4
706,34,4,2023-07-09 13:32:26,25.68203,97.48363,25.78203,97.58363,25.78203,97.48363,25.68203,97.58363,Landsat-8,Optical,10.0,92.3,Analysis Ready,S2_000706.tif,2.64
707,16,2,2021-09-08 12:27:29,23.26023,91.12793,23.36023,91.22793,23.36023,91.12793,23.26023,91.22793,Landsat-9,Optical,6.9,64.5,Preprocessed,S2_000707.tif,2.22
708,36,4,2021-06-15 23:34:04,25.38881,90.44986,25.48881,90.54986,25.48881,90.44986,25.38881,90.54986,Sentinel-2B,Optical,16.5,66.2,Raw,S2_000708.tif,4.2
709,4,1,2023-12-07 08:40:56,27.12811,90.24616,27.22811,90.34616,27.22811,90.24616,27.12811,90.34616,Landsat-9,Optical,3.0,35.1,Preprocessed,S2_000709.tif,4.18
710,8,1,2019-03-16 11:27:53,23.91726,98.63859,24.01726,98.73859,24.01726,98.63859,23.91726,98.73859,Sentinel-2A,Optical,18.4,62.7,Analysis Ready,S2_000710.tif,4.01
711,18,2,2021-01-24 01:11:46,28.67136,98.52501,28.77136,98.62501,28.77136,98.52501,28.67136,98.62501,Landsat-8,Optical,14.5,71.4,Analysis Ready,S2_000711.tif,3.29
712,21,2,2020-05-08 10:04:28,24.1861,99.18286,24.2861,99.28286,24.2861,99.18286,24.1861,99.28286,Landsat-9,Optical,12.1,7.4,Raw,S2_000712.tif,3.06
713,25,3,2019-01-25 05:38:01,26.01144,97.04489,26.11144,97.14489,26.11144,97.04489,26.01144,97.14489,Sentinel-1B,SAR,12.1,81.9,Analysis Ready,S2_000713.tif,1.78
714,56,7,2018-05-12 01:18:36,29.48758,97.22011,29.58758,97.32011,29.58758,97.22011,29.48758,97.32011,Sentinel-1B,SAR,28.4,87.7,Raw,S2_000714.tif,4.59
715,20,2,2019-11-25 17:18:17,23.14756,93.6021,23.24756,93.7021,23.24756,93.6021,23.14756,93.7021,Landsat-9,Optical,11.9,68.9,Preprocessed,S2_000715.tif,3.92
716,23,3,2022-06-01 12:30:08,28.0413,91.86524,28.1413,91.96524,28.1413,91.86524,28.0413,91.96524,Landsat-9,Optical,5.5,62.6,Preprocessed,S2_000716.tif,1.83
717,46,5,2020-04-16 16:14:10,22.87972,97.26165,22.97972,97.36165,22.97972,97.26165,22.87972,97.36165,Sentinel-2B,Optical,17.6,44.9,Raw,S2_000717.tif,0.6
718,11,1,2020-12-25 12:07:17,22.87516,91.4396,22.97516,91.5396,22.97516,91.4396,22.87516,91.5396,Sentinel-2B,Optical,10.0,70.0,Preprocessed,S2_000718.tif,3.4
719,10,1,2024-12-22 00:24:21,24.04676,97.21956,24.14676,97.31956,24.14676,97.21956,24.04676,97.31956,Landsat-8,Optical,11.8,47.7,Preprocessed,S2_000719.tif,3.69
720,62,8,2021-05-27 06:13:49,27.20857,92.03139,27.30857,92.13139,27.30857,92.03139,27.20857,92.13139,Sentinel-1A,SAR,28.5,28.8,Analysis Ready,S2_000720.tif,2.54
721,44,5,2019-06-22 10:35:26,29.6274,98.76595,29.7274,98.86595,29.7274,98.76595,29.6274,98.86595,Sentinel-1B,SAR,27.6,18.1,Raw,S2_000721.tif,3.47
722,30,3,2024-03-14 22:26:42,25.7687,92.92931,25.8687,93.02931,25.8687,92.92931,25.7687,93.02931,Sentinel-1A,SAR,18.5,71.0,Preprocessed,S2_000722.tif,2.96
723,29,3,2020-12-16 23:34:07,26.46502,99.14402,26.56502,99.24402,26.56502,99.14402,26.46502,99.24402,Sentinel-1A,SAR,15.8,76.7,Analysis Ready,S2_000723.tif,0.78
724,8,1,2021-04-24 01:00:28,23.914,98.795,24.014,98.895,24.014,98.795,23.914,98.895,Landsat-8,Optical,19.5,95.2,Preprocessed,S2_000724.tif,2.03
725,23,3,2018-11-13 07:09:53,28.13639,91.86667,28.23639,91.96667,28.23639,91.86667,28.13639,91.96667,Landsat-8,Optical,27.9,93.2,Raw,S2_000725.tif,4.69
726,37,4,2024-04-11 23:10:36,27.00011,94.86598,27.10011,94.96598,27.10011,94.86598,27.00011,94.96598,Landsat-8,Optical,18.8,10.6,Analysis Ready,S2_000726.tif,1.26
727,28,3,2024-06-13 04:29:04,28.95921,93.27042,29.05921,93.37042,29.05921,93.27042,28.95921,93.37042,RESOURCESAT-2,Optical,20.1,25.2,Raw,S2_000727.tif,1.61
728,38,4,2018-04-23 23:25:16,30.22469,98.83318,30.32469,98.93318,30.32469,98.83318,30.22469,98.93318,Sentinel-1B,SAR,27.6,32.0,Preprocessed,S2_000728.tif,4.42
729,55,7,2024-01-02 05:58:45,29.07274,94.23429,29.17274,94.33429,29.17274,94.23429,29.07274,94.33429,Sentinel-2A,Optical,16.2,73.2,Preprocessed,S2_000729.tif,4.65
730,17,2,2021-02-08 23:43:05,23.59846,92.42553,23.69846,92.52553,23.69846,92.42553,23.59846,92.52553,Sentinel-2B,Optical,10.4,50.7,Analysis Ready,S2_000730.tif,4.2
731,52,6,2024-11-20 14:46:47,28.32024,99.43144,28.42024,99.53144,28.42024,99.43144,28.32024,99.53144,RESOURCESAT-2,Optical,24.9,85.7,Preprocessed,S2_000731.tif,3.38
732,24,3,2021-12-24 07:14:03,24.52988,99.05938,24.62988,99.15938,24.62988,99.05938,24.52988,99.15938,Landsat-8,Optical,17.6,32.5,Raw,S2_000732.tif,1.74
733,57,7,2018-04-03 21:25:35,23.54142,93.15022,23.64142,93.25022,23.64142,93.15022,23.54142,93.25022,Landsat-8,Optical,27.1,70.7,Raw,S2_000733.tif,3.75
734,38,4,2018-02-05 15:34:05,29.31449,99.04924,29.41449,99.14924,29.41449,99.04924,29.31449,99.14924,Landsat-8,Optical,12.4,50.5,Raw,S2_000734.tif,4.06
735,34,4,2018-11-24 19:35:08,26.24659,97.96629,26.34659,98.06629,26.34659,97.96629,26.24659,98.06629,Landsat-9,Optical,9.3,34.0,Preprocessed,S2_000735.tif,3.63
736,20,2,2019-12-31 09:20:32,22.93877,93.88036,23.03877,93.98036,23.03877,93.88036,22.93877,93.98036,Sentinel-2B,Optical,20.8,0.9,Analysis Ready,S2_000736.tif,0.28
737,12,1,2022-12-26 03:06:10,26.45494,98.46159,26.55494,98.56159,26.55494,98.46159,26.45494,98.56159,Sentinel-1A,SAR,19.2,60.9,Analysis Ready,S2_000737.tif,1.44
738,53,6,2020-04-22 05:41:35,28.31249,91.47361,28.41249,91.57361,28.41249,91.47361,28.31249,91.57361,Landsat-9,Optical,20.3,65.3,Raw,S2_000738.tif,4.56
739,16,2,2018-10-19 20:18:53,23.76071,90.50075,23.86071,90.60075,23.86071,90.50075,23.76071,90.60075,Sentinel-1B,SAR,20.2,43.4,Preprocessed,S2_000739.tif,0.3
740,12,1,2022-10-09 10:20:14,26.8859,98.32447,26.9859,98.42447,26.9859,98.32447,26.8859,98.42447,Landsat-8,Optical,15.2,52.7,Raw,S2_000740.tif,0.6
741,4,1,2024-12-01 16:54:58,26.90011,90.62993,27.00011,90.72993,27.00011,90.62993,26.90011,90.72993,Sentinel-1B,SAR,6.1,44.8,Preprocessed,S2_000741.tif,3.3
742,7,1,2024-04-14 01:34:06,26.81874,92.34597,26.91874,92.44597,26.91874,92.34597,26.81874,92.44597,Landsat-8,Optical,4.2,61.5,Raw,S2_000742.tif,3.19
743,23,3,2018-10-28 21:07:42,28.04029,91.51166,28.14029,91.61166,28.14029,91.51166,28.04029,91.61166,Sentinel-1B,SAR,21.6,34.4,Preprocessed,S2_000743.tif,2.97
744,27,3,2024-04-30 04:34:59,24.91687,90.35571,25.01687,90.45571,25.01687,90.35571,24.91687,90.45571,Sentinel-1A,SAR,10.5,73.0,Raw,S2_000744.tif,0.15
745,59,8,2018-06-07 09:06:54,25.83117,92.78388,25.93117,92.88388,25.93117,92.78388,25.83117,92.88388,Landsat-9,Optical,21.4,27.4,Analysis Ready,S2_000745.tif,3.58
746,27,3,2021-03-31 07:24:05,25.01872,90.59718,25.11872,90.69718,25.11872,90.59718,25.01872,90.69718,RESOURCESAT-2,Optical,12.7,25.1,Raw,S2_000746.tif,4.91
747,57,7,2020-10-22 23:42:17,23.36669,93.26179,23.46669,93.36179,23.46669,93.26179,23.36669,93.36179,Sentinel-1A,SAR,12.3,69.9,Analysis Ready,S2_000747.tif,2.08
748,31,3,2021-02-08 17:08:38,27.85618,95.43409,27.95618,95.53409,27.95618,95.43409,27.85618,95.53409,Sentinel-2B,Optical,5.1,61.2,Analysis Ready,S2_000748.tif,2.94
749,41,5,2018-12-25 02:38:46,22.97051,93.97306,23.07051,94.07306,23.07051,93.97306,22.97051,94.07306,Sentinel-1B,SAR,28.4,24.5,Preprocessed,S2_000749.tif,2.21
750,39,4,2021-11-11 03:32:32,27.33958,91.28347,27.43958,91.38347,27.43958,91.28347,27.33958,91.38347,Sentinel-2A,Optical,14.2,41.6,Preprocessed,S2_000750.tif,4.62
751,50,6,2018-08-29 11:55:43,23.58168,92.44396,23.68168,92.54396,23.68168,92.44396,23.58168,92.54396,RESOURCESAT-2,Optical,27.9,86.9,Raw,S2_000751.tif,3.37
752,35,4,2020-10-09 04:12:09,23.50306,91.40772,23.60306,91.50772,23.60306,91.40772,23.50306,91.50772,Sentinel-2A,Optical,27.3,88.5,Raw,S2_000752.tif,4.59
753,11,1,2022-04-26 19:46:23,22.91194,91.33083,23.01194,91.43083,23.01194,91.33083,22.91194,91.43083,Sentinel-1B,SAR,28.3,15.5,Preprocessed,S2_000753.tif,4.32
754,41,5,2020-05-05 09:04:09,22.47487,94.31756,22.57487,94.41756,22.57487,94.31756,22.47487,94.41756,RESOURCESAT-2,Optical,22.8,61.0,Raw,S2_000754.tif,0.48
755,1,1,2021-05-30 09:08:27,27.22759,90.29485,27.32759,90.39485,27.32759,90.29485,27.22759,90.39485,Sentinel-2A,Optical,10.2,71.0,Raw,S2_000755.tif,4.99
756,8,1,2024-01-08 07:05:19,23.73286,98.36163,23.83286,98.46163,23.83286,98.36163,23.73286,98.46163,Sentinel-1A,SAR,29.6,73.9,Raw,S2_000756.tif,1.07
757,24,3,2018-03-14 05:13:36,24.44876,99.60234,24.54876,99.70234,24.54876,99.60234,24.44876,99.70234,RESOURCESAT-2,Optical,6.7,73.1,Analysis Ready,S2_000757.tif,4.19
758,61,8,2019-02-26 09:58:16,26.89837,90.21723,26.99837,90.31723,26.99837,90.21723,26.89837,90.31723,Landsat-9,Optical,10.8,77.8,Analysis Ready,S2_000758.tif,2.61
759,50,6,2021-04-04 11:05:47,24.23938,91.91869,24.33938,92.01869,24.33938,91.91869,24.23938,92.01869,Sentinel-1A,SAR,20.1,10.7,Analysis Ready,S2_000759.tif,1.01
760,61,8,2023-12-30 08:50:49,26.60213,89.85677,26.70213,89.95677,26.70213,89.85677,26.60213,89.95677,Sentinel-2A,Optical,19.9,77.5,Preprocessed,S2_000760.tif,3.57
761,12,1,2018-01-19 17:37:39,27.04482,98.30533,27.14482,98.40533,27.14482,98.30533,27.04482,98.40533,Sentinel-2B,Optical,29.5,85.3,Analysis Ready,S2_000761.tif,0.44
762,24,3,2018-09-21 06:40:59,24.32061,99.19831,24.42061,99.29831,24.42061,99.19831,24.32061,99.29831,Sentinel-1B,SAR,3.9,98.7,Raw,S2_000762.tif,0.24
763,19,2,2022-09-20 03:22:22,24.42405,96.08921,24.52405,96.18921,24.52405,96.08921,24.42405,96.18921,Sentinel-2A,Optical,20.3,46.1,Raw,S2_000763.tif,1.95
764,10,1,2019-08-22 03:56:22,23.35523,98.05063,23.45523,98.15063,23.45523,98.05063,23.35523,98.15063,Sentinel-2A,Optical,3.2,15.7,Preprocessed,S2_000764.tif,0.21
765,28,3,2020-11-11 00:55:14,28.71349,93.08949,28.81349,93.18949,28.81349,93.08949,28.71349,93.18949,Landsat-8,Optical,13.0,71.8,Preprocessed,S2_000765.tif,1.4
766,59,8,2021-03-23 04:26:21,25.45418,92.55433,25.55418,92.65433,25.55418,92.55433,25.45418,92.65433,Sentinel-2B,Optical,8.9,63.1,Raw,S2_000766.tif,1.02
767,48,6,2023-02-24 10:26:29,27.13709,94.61744,27.23709,94.71744,27.23709,94.61744,27.13709,94.71744,Sentinel-1A,SAR,6.5,50.9,Raw,S2_000767.tif,4.31
768,21,2,2024-07-29 23:56:58,23.68975,99.21052,23.78975,99.31052,23.78975,99.21052,23.68975,99.31052,Sentinel-2B,Optical,8.4,18.3,Analysis Ready,S2_000768.tif,3.42
769,22,2,2020-04-22 03:00:47,22.67812,96.24462,22.77812,96.34462,22.77812,96.24462,22.67812,96.34462,RESOURCESAT-2,Optical,4.2,96.6,Preprocessed,S2_000769.tif,3.9
770,53,6,2021-12-28 22:23:16,27.62757,90.99306,27.72757,91.09306,27.72757,90.99306,27.62757,91.09306,Sentinel-1B,SAR,19.4,74.9,Raw,S2_000770.tif,3.83
771,5,1,2022-08-15 06:29:38,24.22801,94.97091,24.32801,95.07091,24.32801,94.97091,24.22801,95.07091,RESOURCESAT-2,Optical,6.4,66.1,Raw,S2_000771.tif,4.5
772,50,6,2022-05-31 18:08:45,23.68919,92.21166,23.78919,92.31166,23.78919,92.21166,23.68919,92.31166,Landsat-9,Optical,15.0,50.2,Analysis Ready,S2_000772.tif,3.81
773,54,6,2019-12-29 01:43:35,29.56219,91.72998,29.66219,91.82998,29.66219,91.72998,29.56219,91.82998,Sentinel-2A,Optical,18.3,81.3,Preprocessed,S2_000773.tif,3.67
774,50,6,2021-04-09 05:29:34,23.70223,92.02568,23.80223,92.12568,23.80223,92.02568,23.70223,92.12568,RESOURCESAT-2,Optical,20.6,14.0,Preprocessed,S2_000774.tif,2.56
775,31,3,2019-04-28 21:58:24,27.62012,95.80459,27.72012,95.90459,27.72012,95.80459,27.62012,95.90459,Landsat-9,Optical,19.2,48.1,Analysis Ready,S2_000775.tif,0.18
776,55,7,2021-12-13 09:29:42,28.60831,94.37238,28.70831,94.47238,28.70831,94.37238,28.60831,94.47238,Sentinel-2A,Optical,28.6,56.7,Analysis Ready,S2_000776.tif,2.27
777,2,1,2019-04-06 20:28:22,23.66017,91.1837,23.76017,91.2837,23.76017,91.1837,23.66017,91.2837,Sentinel-2B,Optical,27.5,69.9,Raw,S2_000777.tif,4.87
778,42,5,2020-03-04 12:38:22,21.56299,96.99762,21.66299,97.09762,21.66299,96.99762,21.56299,97.09762,Landsat-9,Optical,7.3,75.9,Raw,S2_000778.tif,3.67
779,2,1,2023-01-12 08:05:13,24.01066,91.06043,24.11066,91.16043,24.11066,91.06043,24.01066,91.16043,Sentinel-2A,Optical,7.6,52.6,Analysis Ready,S2_000779.tif,1.39
780,24,3,2022-09-05 16:01:28,23.84981,99.00323,23.94981,99.10323,23.94981,99.00323,23.84981,99.10323,Sentinel-1A,SAR,13.3,53.3,Analysis Ready,S2_000780.tif,4.71
781,51,6,2018-04-18 17:16:16,29.8661,91.29763,29.9661,91.39763,29.9661,91.29763,29.8661,91.39763,Sentinel-2B,Optical,16.2,42.7,Analysis Ready,S2_000781.tif,2.94
782,26,3,2022-09-19 23:22:20,24.30845,89.89833,24.40845,89.99833,24.40845,89.89833,24.30845,89.99833,Landsat-9,Optical,20.1,99.9,Analysis Ready,S2_000782.tif,1.91
783,26,3,2022-10-10 23:02:53,23.59549,89.86139,23.69549,89.96139,23.69549,89.86139,23.59549,89.96139,Sentinel-2A,Optical,28.1,38.4,Analysis Ready,S2_000783.tif,3.99
784,24,3,2019-05-17 14:12:13,24.24097,99.38416,24.34097,99.48416,24.34097,99.38416,24.24097,99.48416,Sentinel-1B,SAR,11.4,90.5,Analysis Ready,S2_000784.tif,3.96
785,30,3,2020-10-08 02:19:20,25.44091,92.6781,25.54091,92.7781,25.54091,92.6781,25.44091,92.7781,Sentinel-1B,SAR,14.6,72.9,Preprocessed,S2_000785.tif,1.91
786,42,5,2018-10-26 21:37:28,22.2315,97.24428,22.3315,97.34428,22.3315,97.24428,22.2315,97.34428,Landsat-9,Optical,15.9,71.0,Analysis Ready,S2_000786.tif,1.44
787,34,4,2023-02-16 20:48:32,25.98166,97.08512,26.08166,97.18512,26.08166,97.08512,25.98166,97.18512,Landsat-8,Optical,10.1,47.5,Preprocessed,S2_000787.tif,3.41
788,45,5,2024-07-31 09:08:38,28.89655,94.92935,28.99655,95.02935,28.99655,94.92935,28.89655,95.02935,Sentinel-2B,Optical,8.2,52.8,Raw,S2_000788.tif,4.8
789,8,1,2020-10-27 04:09:19,24.24148,99.0517,24.34148,99.1517,24.34148,99.0517,24.24148,99.1517,Sentinel-2A,Optical,8.7,66.9,Preprocessed,S2_000789.tif,4.88
790,25,3,2019-07-24 04:22:23,26.33715,96.69094,26.43715,96.79094,26.43715,96.69094,26.33715,96.79094,Sentinel-1A,SAR,29.7,54.5,Analysis Ready,S2_000790.tif,1.79
791,28,3,2020-07-16 05:48:07,29.12011,92.9698,29.22011,93.0698,29.22011,92.9698,29.12011,93.0698,Sentinel-2B,Optical,24.0,2.4,Raw,S2_000791.tif,4.94
792,14,2,2022-08-12 07:25:24,22.32484,93.35324,22.42484,93.45324,22.42484,93.35324,22.32484,93.45324,Sentinel-2B,Optical,25.6,39.2,Analysis Ready,S2_000792.tif,3.55
793,59,8,2022-12-02 00:06:11,25.12741,92.48537,25.22741,92.58537,25.22741,92.48537,25.12741,92.58537,Sentinel-1A,SAR,19.7,59.4,Raw,S2_000793.tif,4.81
794,59,8,2023-03-26 00:19:54,25.87735,92.95131,25.97735,93.05131,25.97735,92.95131,25.87735,93.05131,Landsat-8,Optical,19.2,16.6,Analysis Ready,S2_000794.tif,2.61
795,52,6,2020-11-19 16:27:51,28.66907,100.14096,28.76907,100.24096,28.76907,100.14096,28.66907,100.24096,Sentinel-1B,SAR,24.9,34.3,Preprocessed,S2_000795.tif,3.0
796,9,1,2023-07-31 22:31:57,27.80386,93.04977,27.90386,93.14977,27.90386,93.04977,27.80386,93.14977,Sentinel-2A,Optical,5.7,6.9,Analysis Ready,S2_000796.tif,3.65
797,36,4,2022-08-05 13:47:00,25.69226,90.57305,25.79226,90.67305,25.79226,90.57305,25.69226,90.67305,Landsat-8,Optical,5.7,57.7,Analysis Ready,S2_000797.tif,3.66
798,30,3,2022-10-14 20:11:39,25.35813,92.79079,25.45813,92.89079,25.45813,92.79079,25.35813,92.89079,Landsat-9,Optical,9.3,8.5,Analysis Ready,S2_000798.tif,0.97
799,54,6,2022-10-19 01:54:48,29.44877,91.32798,29.54877,91.42798,29.54877,91.32798,29.44877,91.42798,Landsat-8,Optical,25.9,49.7,Analysis Ready,S2_000799.tif,2.17
800,25,3,2024-09-03 15:47:10,26.73966,96.56424,26.83966,96.66424,26.83966,96.56424,26.73966,96.66424,Sentinel-1A,SAR,9.1,20.7,Preprocessed,S2_000800.tif,2.49
801,44,5,2019-06-08 07:56:34,28.90884,99.14403,29.00884,99.24403,29.00884,99.14403,28.90884,99.24403,Sentinel-2B,Optical,24.4,77.2,Preprocessed,S2_000801.tif,1.82
802,30,3,2023-04-13 12:59:32,25.6724,92.39939,25.7724,92.49939,25.7724,92.39939,25.6724,92.49939,Sentinel-2B,Optical,10.0,6.8,Analysis Ready,S2_000802.tif,2.61
803,33,4,2020-12-13 00:04:07,23.53284,99.88575,23.63284,99.98575,23.63284,99.88575,23.53284,99.98575,RESOURCESAT-2,Optical,18.4,91.0,Preprocessed,S2_000803.tif,2.6
804,35,4,2022-10-08 00:10:01,23.35124,92.07142,23.45124,92.17142,23.45124,92.07142,23.35124,92.17142,RESOURCESAT-2,Optical,10.2,53.2,Analysis Ready,S2_000804.tif,0.89
805,38,4,2024-01-20 01:04:41,30.21316,98.10866,30.31316,98.20866,30.31316,98.10866,30.21316,98.20866,Sentinel-1A,SAR,14.2,49.8,Preprocessed,S2_000805.tif,4.15
806,37,4,2020-09-29 04:43:44,27.01024,94.58913,27.11024,94.68913,27.11024,94.58913,27.01024,94.68913,Sentinel-1B,SAR,10.5,88.6,Raw,S2_000806.tif,1.5
807,37,4,2024-08-18 00:01:12,26.82459,94.88554,26.92459,94.98554,26.92459,94.88554,26.82459,94.98554,RESOURCESAT-2,Optical,7.1,59.9,Preprocessed,S2_000807.tif,2.76
808,40,5,2018-06-02 08:45:07,27.71281,97.18603,27.81281,97.28603,27.81281,97.18603,27.71281,97.28603,Landsat-9,Optical,8.5,57.7,Raw,S2_000808.tif,2.2
809,47,6,2018-11-03 14:06:57,30.05267,99.56726,30.15267,99.66726,30.15267,99.56726,30.05267,99.66726,Sentinel-1B,SAR,10.5,3.2,Analysis Ready,S2_000809.tif,1.97
810,40,5,2018-05-02 14:18:04,27.56776,98.15616,27.66776,98.25616,27.66776,98.15616,27.56776,98.25616,Landsat-9,Optical,21.8,5.1,Analysis Ready,S2_000810.tif,4.47
811,8,1,2018-12-08 00:20:45,24.31543,98.80115,24.41543,98.90115,24.41543,98.80115,24.31543,98.90115,Sentinel-1A,SAR,23.1,29.2,Raw,S2_000811.tif,2.65
812,32,3,2024-12-03 03:22:46,25.5426,96.20628,25.6426,96.30628,25.6426,96.20628,25.5426,96.30628,Landsat-8,Optical,21.4,48.1,Analysis Ready,S2_000812.tif,3.36
813,60,8,2022-08-24 03:41:41,24.79023,95.54666,24.89023,95.64666,24.89023,95.54666,24.79023,95.64666,Sentinel-1B,SAR,28.2,98.0,Raw,S2_000813.tif,0.73
814,10,1,2023-05-08 18:20:20,23.31044,97.30223,23.41044,97.40223,23.41044,97.30223,23.31044,97.40223,Landsat-9,Optical,24.0,96.8,Preprocessed,S2_000814.tif,2.57
815,11,1,2018-12-11 07:09:43,22.56174,90.97034,22.66174,91.07034,22.66174,90.97034,22.56174,91.07034,Sentinel-1B,SAR,30.0,45.7,Preprocessed,S2_000815.tif,2.26
816,55,7,2024-01-22 16:01:51,29.17252,94.07154,29.27252,94.17154,29.27252,94.07154,29.17252,94.17154,Sentinel-1B,SAR,12.8,62.7,Preprocessed,S2_000816.tif,3.13
817,15,2,2019-01-11 19:14:31,26.59906,98.81457,26.69906,98.91457,26.69906,98.81457,26.59906,98.91457,Sentinel-1B,SAR,17.1,59.5,Raw,S2_000817.tif,0.71
818,47,6,2021-12-13 17:58:26,29.87305,99.45365,29.97305,99.55365,29.97305,99.45365,29.87305,99.55365,Sentinel-2B,Optical,16.6,54.6,Analysis Ready,S2_000818.tif,3.01
819,33,4,2023-12-19 04:33:23,24.05459,100.15028,24.15459,100.25028,24.15459,100.15028,24.05459,100.25028,Sentinel-2B,Optical,24.0,46.3,Analysis Ready,S2_000819.tif,4.55
820,62,8,2023-09-13 08:41:44,27.46002,92.58756,27.56002,92.68756,27.56002,92.58756,27.46002,92.68756,Landsat-9,Optical,13.2,7.9,Analysis Ready,S2_000820.tif,0.14
821,15,2,2021-08-10 10:43:29,26.85069,98.77055,26.95069,98.87055,26.95069,98.77055,26.85069,98.87055,Sentinel-1A,SAR,4.5,95.6,Preprocessed,S2_000821.tif,3.25
822,62,8,2020-07-03 06:24:13,27.02688,92.0771,27.12688,92.1771,27.12688,92.0771,27.02688,92.1771,Landsat-8,Optical,11.5,1.1,Analysis Ready,S2_000822.tif,0.02
823,12,1,2019-08-02 14:12:02,27.28797,97.94749,27.38797,98.04749,27.38797,97.94749,27.28797,98.04749,Sentinel-1B,SAR,17.9,7.5,Raw,S2_000823.tif,2.7
824,34,4,2019-12-30 11:21:36,26.38677,97.97358,26.48677,98.07358,26.48677,97.97358,26.38677,98.07358,Landsat-9,Optical,21.0,26.9,Analysis Ready,S2_000824.tif,0.41
825,24,3,2018-10-31 05:45:24,24.62321,99.07141,24.72321,99.17141,24.72321,99.07141,24.62321,99.17141,Sentinel-1B,SAR,17.7,60.0,Analysis Ready,S2_000825.tif,2.1
826,1,1,2018-12-11 06:16:54,26.6684,89.77342,26.7684,89.87342,26.7684,89.77342,26.6684,89.87342,Landsat-9,Optical,27.8,28.2,Raw,S2_000826.tif,2.94
827,52,6,2019-09-18 05:11:31,28.12001,99.52572,28.22001,99.62572,28.22001,99.52572,28.12001,99.62572,RESOURCESAT-2,Optical,16.5,37.3,Analysis Ready,S2_000827.tif,0.09
828,36,4,2020-01-24 17:27:48,25.57418,90.6069,25.67418,90.7069,25.67418,90.6069,25.57418,90.7069,Sentinel-1A,SAR,29.6,38.9,Raw,S2_000828.tif,4.75
829,28,3,2023-06-09 21:38:31,29.20619,92.64858,29.30619,92.74858,29.30619,92.64858,29.20619,92.74858,Sentinel-1A,SAR,23.5,8.0,Analysis Ready,S2_000829.tif,4.33
830,34,4,2019-01-11 20:29:23,25.68689,97.51618,25.78689,97.61618,25.78689,97.51618,25.68689,97.61618,RESOURCESAT-2,Optical,27.1,65.7,Preprocessed,S2_000830.tif,3.05
831,44,5,2023-03-26 01:58:19,29.12302,99.12949,29.22302,99.22949,29.22302,99.12949,29.12302,99.22949,Landsat-8,Optical,26.1,67.4,Raw,S2_000831.tif,3.51
832,33,4,2018-03-25 01:03:42,23.83135,99.66353,23.93135,99.76353,23.93135,99.66353,23.83135,99.76353,Sentinel-2A,Optical,10.9,20.5,Preprocessed,S2_000832.tif,1.87
833,20,2,2018-05-19 03:41:14,23.19222,93.10063,23.29222,93.20063,23.29222,93.10063,23.19222,93.20063,Landsat-8,Optical,9.8,38.7,Analysis Ready,S2_000833.tif,0.9
834,23,3,2020-08-13 13:27:26,27.45444,91.79804,27.55444,91.89804,27.55444,91.79804,27.45444,91.89804,Sentinel-2A,Optical,19.8,35.5,Preprocessed,S2_000834.tif,1.83
835,48,6,2021-09-14 02:55:09,26.75705,94.76777,26.85705,94.86777,26.85705,94.76777,26.75705,94.86777,Sentinel-2A,Optical,3.2,38.6,Preprocessed,S2_000835.tif,4.79
836,41,5,2024-07-22 07:29:29,23.15191,94.51882,23.25191,94.61882,23.25191,94.51882,23.15191,94.61882,Sentinel-1A,SAR,15.6,43.1,Raw,S2_000836.tif,0.38
837,57,7,2020-01-12 04:33:24,23.55304,92.78034,23.65304,92.88034,23.65304,92.78034,23.55304,92.88034,Landsat-9,Optical,4.3,19.2,Analysis Ready,S2_000837.tif,2.97
838,21,2,2022-02-21 06:44:01,23.71802,98.97271,23.81802,99.07271,23.81802,98.97271,23.71802,99.07271,Sentinel-1A,SAR,25.6,49.6,Analysis Ready,S2_000838.tif,2.33
839,10,1,2020-03-02 19:53:53,23.9063,97.13917,24.0063,97.23917,24.0063,97.13917,23.9063,97.23917,RESOURCESAT-2,Optical,18.6,51.6,Raw,S2_000839.tif,2.66
840,24,3,2020-06-25 03:53:18,23.76599,99.14914,23.86599,99.24914,23.86599,99.14914,23.76599,99.24914,Sentinel-2B,Optical,16.0,38.9,Preprocessed,S2_000840.tif,3.45
841,23,3,2024-04-23 13:08:37,27.74411,91.91486,27.84411,92.01486,27.84411,91.91486,27.74411,92.01486,Sentinel-2B,Optical,3.8,20.2,Raw,S2_000841.tif,4.36
842,46,5,2022-10-13 15:10:22,22.73228,97.2311,22.83228,97.3311,22.83228,97.2311,22.73228,97.3311,Sentinel-2A,Optical,3.2,2.6,Raw,S2_000842.tif,1.44
843,52,6,2022-11-26 23:15:33,28.22312,99.39615,28.32312,99.49615,28.32312,99.39615,28.22312,99.49615,Sentinel-1B,SAR,13.4,92.3,Preprocessed,S2_000843.tif,1.42
844,35,4,2022-04-12 10:33:51,23.10994,91.29433,23.20994,91.39433,23.20994,91.29433,23.10994,91.39433,Sentinel-2B,Optical,20.3,71.9,Preprocessed,S2_000844.tif,0.61
845,5,1,2020-10-11 23:15:35,23.96826,94.97959,24.06826,95.07959,24.06826,94.97959,23.96826,95.07959,Sentinel-1A,SAR,12.6,98.0,Raw,S2_000845.tif,0.9
846,36,4,2019-10-25 17:42:06,25.63503,91.05981,25.73503,91.15981,25.73503,91.05981,25.63503,91.15981,Sentinel-2B,Optical,7.4,22.8,Analysis Ready,S2_000846.tif,4.82
847,37,4,2024-05-09 04:22:19,26.44949,94.32429,26.54949,94.42429,26.54949,94.32429,26.44949,94.42429,Landsat-8,Optical,27.8,86.0,Analysis Ready,S2_000847.tif,0.64
848,57,7,2023-07-08 08:54:09,23.367,93.03423,23.467,93.13423,23.467,93.03423,23.367,93.13423,Sentinel-1A,SAR,5.2,63.3,Analysis Ready,S2_000848.tif,0.78
849,21,2,2020-12-03 11:46:58,24.1784,99.28137,24.2784,99.38137,24.2784,99.28137,24.1784,99.38137,Sentinel-2A,Optical,12.0,19.8,Analysis Ready,S2_000849.tif,4.98
850,13,2,2019-11-24 09:14:45,25.94504,100.03098,26.04504,100.13098,26.04504,100.03098,25.94504,100.13098,Sentinel-1A,SAR,6.5,50.9,Analysis Ready,S2_000850.tif,3.98
851,4,1,2018-01-01 20:30:38,27.20962,90.39573,27.30962,90.49573,27.30962,90.39573,27.20962,90.49573,Sentinel-1B,SAR,8.2,20.5,Analysis Ready,S2_000851.tif,1.02
852,29,3,2023-10-08 22:49:32,26.25052,99.09756,26.35052,99.19756,26.35052,99.09756,26.25052,99.19756,Sentinel-1B,SAR,4.9,60.4,Preprocessed,S2_000852.tif,4.14
853,58,7,2024-12-17 20:47:19,27.54682,93.93895,27.64682,94.03895,27.64682,93.93895,27.54682,94.03895,Landsat-9,Optical,17.4,26.8,Preprocessed,S2_000853.tif,1.67
854,3,1,2020-07-23 17:52:22,27.40998,98.84177,27.50998,98.94177,27.50998,98.84177,27.40998,98.94177,Sentinel-2B,Optical,13.0,17.5,Raw,S2_000854.tif,2.78
855,19,2,2018-05-20 13:06:20,24.70569,96.4233,24.80569,96.5233,24.80569,96.4233,24.70569,96.5233,Sentinel-2B,Optical,12.8,26.6,Raw,S2_000855.tif,4.58
856,18,2,2024-07-07 12:14:16,29.18128,98.93966,29.28128,99.03966,29.28128,98.93966,29.18128,99.03966,Sentinel-1A,SAR,4.5,60.0,Raw,S2_000856.tif,0.6
857,1,1,2023-02-16 17:12:33,27.24201,90.16652,27.34201,90.26652,27.34201,90.16652,27.24201,90.26652,Sentinel-2B,Optical,28.4,61.9,Analysis Ready,S2_000857.tif,3.7
858,9,1,2022-02-15 00:03:17,27.12605,93.67126,27.22605,93.77126,27.22605,93.67126,27.12605,93.77126,Landsat-8,Optical,6.9,47.4,Preprocessed,S2_000858.tif,0.02
859,15,2,2021-02-12 19:25:06,27.09959,98.39218,27.19959,98.49218,27.19959,98.39218,27.09959,98.49218,Sentinel-2B,Optical,17.9,3.1,Analysis Ready,S2_000859.tif,2.23
860,1,1,2019-07-11 12:12:01,27.48049,89.93552,27.58049,90.03552,27.58049,89.93552,27.48049,90.03552,Landsat-8,Optical,28.9,8.6,Analysis Ready,S2_000860.tif,2.82
861,11,1,2019-03-02 07:01:47,22.53756,91.25996,22.63756,91.35996,22.63756,91.25996,22.53756,91.35996,RESOURCESAT-2,Optical,17.7,89.5,Preprocessed,S2_000861.tif,1.12
862,27,3,2024-09-13 13:33:58,24.87732,90.63904,24.97732,90.73904,24.97732,90.63904,24.87732,90.73904,Sentinel-2A,Optical,19.2,94.4,Raw,S2_000862.tif,4.53
863,2,1,2023-04-24 01:42:51,24.20775,91.27456,24.30775,91.37456,24.30775,91.27456,24.20775,91.37456,Sentinel-2B,Optical,9.2,83.1,Preprocessed,S2_000863.tif,2.73
864,14,2,2022-08-09 14:34:26,22.73683,92.57796,22.83683,92.67796,22.83683,92.57796,22.73683,92.67796,Landsat-9,Optical,23.2,27.2,Analysis Ready,S2_000864.tif,2.61
865,62,8,2023-10-22 01:03:36,27.05849,92.32193,27.15849,92.42193,27.15849,92.32193,27.05849,92.42193,Sentinel-1B,SAR,4.5,67.8,Analysis Ready,S2_000865.tif,2.03
866,21,2,2024-03-26 10:17:01,24.12713,99.75017,24.22713,99.85017,24.22713,99.75017,24.12713,99.85017,Sentinel-1B,SAR,3.6,76.4,Raw,S2_000866.tif,2.89
867,23,3,2020-06-02 03:34:45,28.07919,91.79411,28.17919,91.89411,28.17919,91.79411,28.07919,91.89411,Landsat-8,Optical,17.9,65.7,Raw,S2_000867.tif,4.85
868,48,6,2024-02-20 18:48:20,26.61053,94.60666,26.71053,94.70666,26.71053,94.60666,26.61053,94.70666,Landsat-8,Optical,7.1,45.6,Preprocessed,S2_000868.tif,4.71
869,39,4,2022-07-18 14:13:03,27.47566,91.38803,27.57566,91.48803,27.57566,91.38803,27.47566,91.48803,Landsat-9,Optical,20.8,35.3,Raw,S2_000869.tif,2.8
870,62,8,2022-06-10 07:30:35,27.1074,92.72414,27.2074,92.82414,27.2074,92.72414,27.1074,92.82414,Sentinel-2A,Optical,29.7,41.5,Preprocessed,S2_000870.tif,2.6
871,58,7,2024-01-01 08:09:33,26.99336,94.31871,27.09336,94.41871,27.09336,94.31871,26.99336,94.41871,Landsat-9,Optical,10.8,69.6,Raw,S2_000871.tif,2.75
872,31,3,2020-01-26 07:25:29,27.46657,95.44668,27.56657,95.54668,27.56657,95.44668,27.46657,95.54668,Landsat-8,Optical,23.1,78.6,Analysis Ready,S2_000872.tif,3.21
873,46,5,2020-01-26 01:39:34,23.4633,97.57637,23.5633,97.67637,23.5633,97.57637,23.4633,97.67637,Sentinel-1A,SAR,8.9,9.3,Preprocessed,S2_000873.tif,4.08
874,14,2,2019-10-22 21:21:18,23.03033,92.93531,23.13033,93.03531,23.13033,92.93531,23.03033,93.03531,Sentinel-2A,Optical,12.7,94.7,Preprocessed,S2_000874.tif,3.88
875,32,3,2024-03-03 12:46:38,25.22835,95.386,25.32835,95.486,25.32835,95.386,25.22835,95.486,Landsat-8,Optical,8.1,56.0,Analysis Ready,S2_000875.tif,1.08
876,43,5,2021-02-02 21:34:14,29.32479,97.72338,29.42479,97.82338,29.42479,97.72338,29.32479,97.82338,Sentinel-2B,Optical,23.9,27.4,Analysis Ready,S2_000876.tif,1.93
877,6,1,2020-05-04 05:02:27,26.98647,97.47092,27.08647,97.57092,27.08647,97.47092,26.98647,97.57092,Landsat-8,Optical,13.7,9.3,Raw,S2_000877.tif,4.82
878,15,2,2021-03-21 14:43:49,27.1428,98.60415,27.2428,98.70415,27.2428,98.60415,27.1428,98.70415,Landsat-9,Optical,10.8,16.7,Analysis Ready,S2_000878.tif,3.16
879,6,1,2023-09-02 00:26:11,26.69419,97.40232,26.79419,97.50232,26.79419,97.40232,26.69419,97.50232,Sentinel-2B,Optical,9.3,77.2,Preprocessed,S2_000879.tif,1.23
880,6,1,2023-03-13 11:59:39,26.57715,97.53639,26.67715,97.63639,26.67715,97.53639,26.57715,97.63639,RESOURCESAT-2,Optical,26.1,16.0,Raw,S2_000880.tif,3.94
881,48,6,2018-10-17 14:22:16,26.71138,94.54043,26.81138,94.64043,26.81138,94.54043,26.71138,94.64043,Sentinel-1B,SAR,27.4,6.1,Raw,S2_000881.tif,4.51
882,53,6,2019-08-10 20:06:14,27.77622,91.11158,27.87622,91.21158,27.87622,91.11158,27.77622,91.21158,Landsat-9,Optical,29.6,25.7,Preprocessed,S2_000882.tif,0.56
883,3,1,2020-11-24 22:15:50,27.87027,98.87856,27.97027,98.97856,27.97027,98.87856,27.87027,98.97856,Landsat-8,Optical,13.9,77.7,Analysis Ready,S2_000883.tif,0.24
884,43,5,2024-02-12 16:43:18,30.14411,97.94605,30.24411,98.04605,30.24411,97.94605,30.14411,98.04605,RESOURCESAT-2,Optical,27.5,83.5,Preprocessed,S2_000884.tif,4.18
885,40,5,2024-11-08 05:26:29,27.94022,97.77069,28.04022,97.87069,28.04022,97.77069,27.94022,97.87069,Sentinel-2A,Optical,22.2,67.8,Preprocessed,S2_000885.tif,4.55
886,13,2,2019-07-31 01:50:16,25.83753,100.16882,25.93753,100.26882,25.93753,100.16882,25.83753,100.26882,RESOURCESAT-2,Optical,11.0,23.1,Preprocessed,S2_000886.tif,3.91
887,33,4,2023-08-13 23:13:20,23.65494,100.35805,23.75494,100.45805,23.75494,100.35805,23.65494,100.45805,Landsat-9,Optical,22.2,80.2,Raw,S2_000887.tif,1.07
888,18,2,2018-12-12 17:38:38,29.19511,98.75947,29.29511,98.85947,29.29511,98.75947,29.19511,98.85947,Sentinel-2B,Optical,15.7,36.9,Preprocessed,S2_000888.tif,4.06
889,13,2,2020-09-02 15:51:35,26.25249,99.64631,26.35249,99.74631,26.35249,99.64631,26.25249,99.74631,Sentinel-1A,SAR,10.7,25.6,Raw,S2_000889.tif,4.27
890,45,5,2021-10-19 16:02:12,28.77811,95.2089,28.87811,95.3089,28.87811,95.2089,28.77811,95.3089,RESOURCESAT-2,Optical,9.4,44.1,Preprocessed,S2_000890.tif,3.87
891,17,2,2024-03-28 16:41:57,23.70166,93.36845,23.80166,93.46845,23.80166,93.36845,23.70166,93.46845,Sentinel-2B,Optical,9.8,94.3,Raw,S2_000891.tif,1.87
892,16,2,2019-08-04 01:58:29,23.8045,90.2394,23.9045,90.3394,23.9045,90.2394,23.8045,90.3394,Landsat-9,Optical,3.1,56.8,Analysis Ready,S2_000892.tif,3.78
893,59,8,2024-06-22 19:50:34,25.37833,92.48342,25.47833,92.58342,25.47833,92.48342,25.37833,92.58342,Sentinel-1B,SAR,21.8,47.7,Raw,S2_000893.tif,2.49
894,37,4,2020-10-15 00:20:02,26.60387,94.27028,26.70387,94.37028,26.70387,94.27028,26.60387,94.37028,Sentinel-1A,SAR,11.4,24.5,Preprocessed,S2_000894.tif,0.3
895,42,5,2018-11-15 21:54:27,22.42162,97.31463,22.52162,97.41463,22.52162,97.31463,22.42162,97.41463,Landsat-8,Optical,24.7,64.5,Raw,S2_000895.tif,2.35
896,25,3,2018-11-19 00:35:33,26.5733,96.68386,26.6733,96.78386,26.6733,96.68386,26.5733,96.78386,Sentinel-1B,SAR,4.3,77.9,Preprocessed,S2_000896.tif,1.66
897,36,4,2022-04-25 12:51:28,25.03202,90.2537,25.13202,90.3537,25.13202,90.2537,25.03202,90.3537,Sentinel-1B,SAR,20.6,88.1,Raw,S2_000897.tif,1.98
898,43,5,2022-10-11 10:21:58,29.60882,97.77014,29.70882,97.87014,29.70882,97.77014,29.60882,97.87014,Sentinel-2B,Optical,21.7,41.2,Preprocessed,S2_000898.tif,0.59
899,30,3,2023-12-27 18:37:11,26.03631,93.00487,26.13631,93.10487,26.13631,93.00487,26.03631,93.10487,Sentinel-2A,Optical,23.5,97.4,Analysis Ready,S2_000899.tif,0.22
900,16,2,2022-06-20 18:41:44,23.46404,90.71517,23.56404,90.81517,23.56404,90.71517,23.46404,90.81517,Sentinel-2A,Optical,5.0,69.7,Preprocessed,S2_000900.tif,0.92
901,10,1,2022-12-19 17:26:16,23.4784,97.19167,23.5784,97.29167,23.5784,97.19167,23.4784,97.29167,RESOURCESAT-2,Optical,27.6,93.3,Analysis Ready,S2_000901.tif,4.63
902,54,6,2018-10-02 10:00:04,29.60166,91.85798,29.70166,91.95798,29.70166,91.85798,29.60166,91.95798,Landsat-8,Optical,17.5,33.6,Analysis Ready,S2_000902.tif,2.75
903,39,4,2022-12-01 00:18:19,27.15561,91.36989,27.25561,91.46989,27.25561,91.36989,27.15561,91.46989,Sentinel-1A,SAR,16.3,92.1,Raw,S2_000903.tif,1.81
904,41,5,2024-06-03 06:08:53,23.12656,94.65299,23.22656,94.75299,23.22656,94.65299,23.12656,94.75299,Sentinel-2B,Optical,28.8,1.8,Raw,S2_000904.tif,1.86
905,44,5,2020-11-01 15:28:02,29.78034,98.98669,29.88034,99.08669,29.88034,98.98669,29.78034,99.08669,Landsat-8,Optical,12.1,89.9,Raw,S2_000905.tif,2.95
906,22,2,2021-07-23 11:34:59,22.18476,96.17362,22.28476,96.27362,22.28476,96.17362,22.18476,96.27362,Sentinel-1B,SAR,24.0,90.3,Analysis Ready,S2_000906.tif,2.23
907,57,7,2022-03-05 21:23:25,23.37075,92.66214,23.47075,92.76214,23.47075,92.66214,23.37075,92.76214,Sentinel-1B,SAR,11.5,58.6,Preprocessed,S2_000907.tif,0.83
908,20,2,2019-07-25 23:27:47,23.47107,93.50104,23.57107,93.60104,23.57107,93.50104,23.47107,93.60104,Sentinel-1B,SAR,21.7,35.6,Preprocessed,S2_000908.tif,3.2
909,48,6,2021-02-20 08:48:46,26.86387,95.2708,26.96387,95.3708,26.96387,95.2708,26.86387,95.3708,Sentinel-2B,Optical,27.5,21.8,Raw,S2_000909.tif,0.51
910,19,2,2022-07-02 11:56:14,24.14519,96.39598,24.24519,96.49598,24.24519,96.39598,24.14519,96.49598,RESOURCESAT-2,Optical,26.5,29.7,Analysis Ready,S2_000910.tif,0.39
911,7,1,2020-04-29 07:37:02,26.22171,91.81683,26.32171,91.91683,26.32171,91.81683,26.22171,91.91683,Sentinel-2B,Optical,16.8,45.4,Preprocessed,S2_000911.tif,4.81
912,50,6,2024-09-12 23:08:49,23.93479,92.76119,24.03479,92.86119,24.03479,92.76119,23.93479,92.86119,Sentinel-2B,Optical,25.7,85.1,Analysis Ready,S2_000912.tif,3.69
913,19,2,2019-12-22 18:29:24,24.18558,95.90793,24.28558,96.00793,24.28558,95.90793,24.18558,96.00793,Landsat-9,Optical,11.3,38.2,Preprocessed,S2_000913.tif,0.1
914,51,6,2024-09-20 13:41:20,29.22393,90.98816,29.32393,91.08816,29.32393,90.98816,29.22393,91.08816,Sentinel-2B,Optical,28.2,20.1,Preprocessed,S2_000914.tif,4.53
915,7,1,2024-10-24 08:03:52,26.44802,92.24369,26.54802,92.34369,26.54802,92.24369,26.44802,92.34369,Sentinel-1B,SAR,14.8,25.8,Analysis Ready,S2_000915.tif,0.68
916,41,5,2019-08-31 19:08:25,22.78976,93.89202,22.88976,93.99202,22.88976,93.89202,22.78976,93.99202,Sentinel-2A,Optical,7.1,80.8,Raw,S2_000916.tif,3.18
917,37,4,2018-01-30 18:17:41,26.51349,94.76195,26.61349,94.86195,26.61349,94.76195,26.51349,94.86195,Sentinel-1A,SAR,27.0,99.0,Analysis Ready,S2_000917.tif,1.73
918,11,1,2020-10-30 06:22:11,23.23937,90.83777,23.33937,90.93777,23.33937,90.83777,23.23937,90.93777,Landsat-9,Optical,15.7,66.5,Raw,S2_000918.tif,4.15
919,8,1,2023-10-03 11:38:30,24.12627,98.27072,24.22627,98.37072,24.22627,98.27072,24.12627,98.37072,Sentinel-1B,SAR,15.1,42.7,Preprocessed,S2_000919.tif,0.17
920,6,1,2018-04-12 05:19:50,26.84249,97.36782,26.94249,97.46782,26.94249,97.36782,26.84249,97.46782,Sentinel-2A,Optical,14.6,76.9,Preprocessed,S2_000920.tif,0.63
921,14,2,2021-04-22 06:10:05,23.07792,92.73077,23.17792,92.83077,23.17792,92.73077,23.07792,92.83077,Sentinel-1B,SAR,3.5,33.3,Preprocessed,S2_000921.tif,0.96
922,15,2,2020-06-01 04:53:29,27.06646,98.37533,27.16646,98.47533,27.16646,98.37533,27.06646,98.47533,Landsat-8,Optical,11.9,42.2,Raw,S2_000922.tif,1.47
923,7,1,2024-11-02 20:20:47,26.79342,92.31384,26.89342,92.41384,26.89342,92.31384,26.79342,92.41384,Landsat-9,Optical,29.1,35.4,Raw,S2_000923.tif,1.06
924,62,8,2019-09-26 19:34:57,27.25921,92.28973,27.35921,92.38973,27.35921,92.28973,27.25921,92.38973,Landsat-9,Optical,5.1,90.3,Analysis Ready,S2_000924.tif,0.36
925,46,5,2019-06-04 18:49:39,23.23007,97.40481,23.33007,97.50481,23.33007,97.40481,23.23007,97.50481,Sentinel-2B,Optical,8.9,84.6,Raw,S2_000925.tif,2.18
926,1,1,2019-11-24 00:17:03,27.1926,89.87332,27.2926,89.97332,27.2926,89.87332,27.1926,89.97332,Sentinel-1A,SAR,26.8,39.9,Raw,S2_000926.tif,2.35
927,45,5,2022-03-09 19:28:45,28.51114,94.97396,28.61114,95.07396,28.61114,94.97396,28.51114,95.07396,Landsat-9,Optical,8.2,16.6,Preprocessed,S2_000927.tif,1.42
928,7,1,2020-08-07 04:19:21,26.59446,92.52278,26.69446,92.62278,26.69446,92.52278,26.59446,92.62278,RESOURCESAT-2,Optical,5.7,53.7,Preprocessed,S2_000928.tif,0.78
929,28,3,2022-09-21 18:22:22,28.6813,93.33529,28.7813,93.43529,28.7813,93.33529,28.6813,93.43529,Sentinel-2B,Optical,6.0,95.8,Analysis Ready,S2_000929.tif,1.84
930,28,3,2018-04-06 13:52:29,29.35216,92.79829,29.45216,92.89829,29.45216,92.79829,29.35216,92.89829,Landsat-8,Optical,10.0,68.4,Analysis Ready,S2_000930.tif,4.89
931,49,6,2020-03-20 13:54:20,29.85683,98.64986,29.95683,98.74986,29.95683,98.64986,29.85683,98.74986,Sentinel-2B,Optical,7.4,63.8,Preprocessed,S2_000931.tif,2.23
932,61,8,2024-12-19 18:22:16,26.25194,89.7782,26.35194,89.8782,26.35194,89.7782,26.25194,89.8782,Landsat-8,Optical,28.9,28.8,Preprocessed,S2_000932.tif,3.86
933,18,2,2020-01-21 08:26:07,29.04897,98.55275,29.14897,98.65275,29.14897,98.55275,29.04897,98.65275,Landsat-8,Optical,19.0,33.8,Analysis Ready,S2_000933.tif,4.02
934,12,1,2020-11-10 06:54:05,27.04353,98.07963,27.14353,98.17963,27.14353,98.07963,27.04353,98.17963,Landsat-9,Optical,21.6,75.5,Preprocessed,S2_000934.tif,3.83
935,26,3,2018-10-03 14:03:35,23.9063,90.01323,24.0063,90.11323,24.0063,90.01323,23.9063,90.11323,Sentinel-1A,SAR,12.2,44.9,Analysis Ready,S2_000935.tif,2.7
936,9,1,2019-03-07 23:41:03,27.40776,93.74421,27.50776,93.84421,27.50776,93.74421,27.40776,93.84421,Sentinel-1A,SAR,15.9,39.0,Preprocessed,S2_000936.tif,0.45
937,21,2,2018-12-20 06:44:43,23.73756,99.06033,23.83756,99.16033,23.83756,99.06033,23.73756,99.16033,Landsat-8,Optical,11.2,24.5,Raw,S2_000937.tif,0.77
938,8,1,2023-08-12 23:34:02,24.46802,99.06388,24.56802,99.16388,24.56802,99.06388,24.46802,99.16388,Sentinel-2A,Optical,29.2,40.6,Raw,S2_000938.tif,2.5
939,49,6,2021-04-21 06:25:06,29.59416,98.45073,29.69416,98.55073,29.69416,98.45073,29.59416,98.55073,Landsat-8,Optical,17.1,3.9,Raw,S2_000939.tif,3.18
940,33,4,2023-03-08 21:44:58,23.58131,99.80541,23.68131,99.90541,23.68131,99.80541,23.58131,99.90541,RESOURCESAT-2,Optical,22.2,43.2,Raw,S2_000940.tif,0.85
941,53,6,2021-11-30 07:15:13,27.74993,91.48866,27.84993,91.58866,27.84993,91.48866,27.74993,91.58866,Landsat-9,Optical,28.2,27.6,Raw,S2_000941.tif,3.75
942,58,7,2018-09-22 08:49:52,26.72019,94.15517,26.82019,94.25517,26.82019,94.15517,26.72019,94.25517,Sentinel-2A,Optical,5.7,9.2,Preprocessed,S2_000942.tif,0.01
943,4,1,2022-08-13 21:26:25,27.194,90.2841,27.294,90.3841,27.294,90.2841,27.194,90.3841,Landsat-8,Optical,11.6,6.4,Raw,S2_000943.tif,2.29
944,7,1,2021-04-21 22:27:34,26.4975,92.11292,26.5975,92.21292,26.5975,92.11292,26.4975,92.21292,Sentinel-1A,SAR,10.4,89.2,Preprocessed,S2_000944.tif,1.34
945,35,4,2021-09-11 08:01:37,23.53823,91.53562,23.63823,91.63562,23.63823,91.53562,23.53823,91.63562,Sentinel-1A,SAR,10.4,41.2,Preprocessed,S2_000945.tif,4.66
946,50,6,2020-03-22 02:25:06,23.77077,92.46813,23.87077,92.56813,23.87077,92.46813,23.77077,92.56813,Sentinel-1B,SAR,27.4,99.0,Preprocessed,S2_000946.tif,0.94
947,24,3,2022-08-13 15:52:10,23.7797,99.22141,23.8797,99.32141,23.8797,99.22141,23.7797,99.32141,Landsat-8,Optical,7.1,77.5,Analysis Ready,S2_000947.tif,3.38
948,33,4,2022-05-28 00:43:44,23.79407,99.94333,23.89407,100.04333,23.89407,99.94333,23.79407,100.04333,Landsat-9,Optical,20.1,67.9,Preprocessed,S2_000948.tif,2.43
949,37,4,2021-07-19 11:57:02,26.83828,95.05433,26.93828,95.15433,26.93828,95.05433,26.83828,95.15433,Sentinel-1B,SAR,16.7,41.3,Analysis Ready,S2_000949.tif,0.49
950,40,5,2018-10-05 19:16:43,28.28346,97.24054,28.38346,97.34054,28.38346,97.24054,28.28346,97.34054,Sentinel-2A,Optical,5.7,21.8,Raw,S2_000950.tif,2.07
951,28,3,2022-06-26 10:09:44,28.92561,93.10823,29.02561,93.20823,29.02561,93.10823,28.92561,93.20823,RESOURCESAT-2,Optical,25.3,98.4,Preprocessed,S2_000951.tif,3.15
952,20,2,2022-08-20 16:41:54,22.88403,93.68287,22.98403,93.78287,22.98403,93.68287,22.88403,93.78287,Landsat-8,Optical,24.9,48.0,Analysis Ready,S2_000952.tif,0.89
953,48,6,2018-07-31 08:53:16,26.40781,94.53745,26.50781,94.63745,26.50781,94.53745,26.40781,94.63745,Sentinel-2B,Optical,5.1,61.8,Preprocessed,S2_000953.tif,4.44
954,60,8,2019-09-28 22:09:53,24.32545,95.78786,24.42545,95.88786,24.42545,95.78786,24.32545,95.88786,Sentinel-1A,SAR,18.0,5.8,Raw,S2_000954.tif,4.34
955,33,4,2023-10-25 09:34:26,23.45305,99.79091,23.55305,99.89091,23.55305,99.79091,23.45305,99.89091,Sentinel-1A,SAR,28.4,20.2,Preprocessed,S2_000955.tif,3.38
956,53,6,2018-06-06 21:25:03,28.30315,91.67173,28.40315,91.77173,28.40315,91.67173,28.30315,91.77173,Sentinel-1A,SAR,5.5,17.9,Preprocessed,S2_000956.tif,3.06
957,10,1,2023-09-19 14:56:56,23.43017,97.94197,23.53017,98.04197,23.53017,97.94197,23.43017,98.04197,Landsat-9,Optical,18.0,67.6,Preprocessed,S2_000957.tif,2.73
958,26,3,2024-01-25 16:08:37,23.83887,90.65464,23.93887,90.75464,23.93887,90.65464,23.83887,90.75464,Sentinel-2B,Optical,18.8,16.3,Preprocessed,S2_000958.tif,0.17
959,31,3,2024-03-08 06:28:04,27.64635,95.57795,27.74635,95.67795,27.74635,95.57795,27.64635,95.67795,Sentinel-1A,SAR,18.0,83.0,Preprocessed,S2_000959.tif,4.15
960,30,3,2022-11-22 04:45:58,26.04479,93.12356,26.14479,93.22356,26.14479,93.12356,26.04479,93.22356,Sentinel-1B,SAR,16.7,10.4,Analysis Ready,S2_000960.tif,3.64
961,17,2,2021-04-11 08:31:18,24.30295,93.33828,24.40295,93.43828,24.40295,93.33828,24.30295,93.43828,Landsat-8,Optical,7.9,52.5,Raw,S2_000961.tif,1.26
962,55,7,2018-12-21 01:08:23,29.35847,94.10824,29.45847,94.20824,29.45847,94.10824,29.35847,94.20824,RESOURCESAT-2,Optical,23.9,9.6,Preprocessed,S2_000962.tif,3.34
963,15,2,2021-03-24 13:13:47,27.25887,98.64469,27.35887,98.74469,27.35887,98.64469,27.25887,98.74469,Landsat-9,Optical,5.9,30.0,Preprocessed,S2_000963.tif,1.51
964,42,5,2024-12-02 13:40:40,21.77876,97.54048,21.87876,97.64048,21.87876,97.54048,21.77876,97.64048,Landsat-9,Optical,15.6,84.3,Preprocessed,S2_000964.tif,0.41
965,27,3,2022-04-29 00:46:59,25.65237,90.83679,25.75237,90.93679,25.75237,90.83679,25.65237,90.93679,Sentinel-2B,Optical,25.6,15.7,Raw,S2_000965.tif,2.44
966,46,5,2023-03-19 18:19:16,23.11545,97.4363,23.21545,97.5363,23.21545,97.4363,23.11545,97.5363,Sentinel-2A,Optical,13.6,5.5,Preprocessed,S2_000966.tif,0.51
967,60,8,2022-02-18 15:09:01,24.31275,96.25679,24.41275,96.35679,24.41275,96.25679,24.31275,96.35679,Landsat-8,Optical,22.9,7.0,Preprocessed,S2_000967.tif,3.29
968,18,2,2024-08-28 22:21:31,28.68383,98.32618,28.78383,98.42618,28.78383,98.32618,28.68383,98.42618,Landsat-8,Optical,22.8,42.6,Analysis Ready,S2_000968.tif,1.98
969,3,1,2021-03-03 17:24:36,27.69735,99.34733,27.79735,99.44733,27.79735,99.34733,27.69735,99.44733,Sentinel-2A,Optical,17.4,42.1,Raw,S2_000969.tif,2.15
970,59,8,2024-05-31 01:46:47,25.68965,92.77299,25.78965,92.87299,25.78965,92.77299,25.68965,92.87299,Sentinel-1A,SAR,27.1,75.8,Preprocessed,S2_000970.tif,3.87
971,8,1,2019-11-21 09:00:16,23.7938,98.83889,23.8938,98.93889,23.8938,98.83889,23.7938,98.93889,Landsat-8,Optical,26.9,24.7,Raw,S2_000971.tif,0.45
972,29,3,2018-04-24 15:49:05,26.12408,99.11373,26.22408,99.21373,26.22408,99.11373,26.12408,99.21373,Landsat-9,Optical,18.3,88.6,Raw,S2_000972.tif,0.56
973,53,6,2019-08-03 22:29:45,27.8529,90.90198,27.9529,91.00198,27.9529,90.90198,27.8529,91.00198,Sentinel-2B,Optical,29.8,92.6,Raw,S2_000973.tif,1.14
974,7,1,2020-05-16 02:06:49,26.50651,91.98294,26.60651,92.08294,26.60651,91.98294,26.50651,92.08294,Sentinel-1B,SAR,18.7,91.2,Analysis Ready,S2_000974.tif,2.12
975,33,4,2023-07-25 15:44:22,24.09315,99.66551,24.19315,99.76551,24.19315,99.66551,24.09315,99.76551,Landsat-9,Optical,8.4,75.3,Raw,S2_000975.tif,0.55
976,54,6,2022-03-05 11:41:26,29.91431,92.04207,30.01431,92.14207,30.01431,92.04207,29.91431,92.14207,RESOURCESAT-2,Optical,26.8,1.6,Preprocessed,S2_000976.tif,4.63
977,48,6,2020-03-22 20:07:57,26.89653,94.53242,26.99653,94.63242,26.99653,94.53242,26.89653,94.63242,Sentinel-2A,Optical,23.4,48.0,Raw,S2_000977.tif,4.67
978,19,2,2021-03-08 21:06:54,24.22088,96.71443,24.32088,96.81443,24.32088,96.71443,24.22088,96.81443,Sentinel-1B,SAR,15.6,19.6,Raw,S2_000978.tif,2.76
979,20,2,2023-02-26 23:25:13,23.65414,93.52349,23.75414,93.62349,23.75414,93.52349,23.65414,93.62349,Sentinel-1B,SAR,5.4,90.4,Raw,S2_000979.tif,1.3
980,9,1,2023-12-13 11:00:55,27.61808,93.18032,27.71808,93.28032,27.71808,93.18032,27.61808,93.28032,Sentinel-1B,SAR,14.3,44.0,Preprocessed,S2_000980.tif,2.69
981,34,4,2018-09-19 09:55:06,26.31703,97.92399,26.41703,98.02399,26.41703,97.92399,26.31703,98.02399,Sentinel-2B,Optical,12.5,31.2,Preprocessed,S2_000981.tif,4.02
982,21,2,2022-07-01 19:14:01,23.6662,99.01716,23.7662,99.11716,23.7662,99.01716,23.6662,99.11716,Sentinel-1B,SAR,7.3,22.4,Analysis Ready,S2_000982.tif,3.27
983,59,8,2023-04-20 22:45:15,25.1789,92.15118,25.2789,92.25118,25.2789,92.15118,25.1789,92.25118,Sentinel-2A,Optical,13.2,8.9,Analysis Ready,S2_000983.tif,3.05
984,41,5,2022-02-15 17:46:29,22.39599,94.72771,22.49599,94.82771,22.49599,94.72771,22.39599,94.82771,RESOURCESAT-2,Optical,7.5,68.6,Raw,S2_000984.tif,3.56
985,21,2,2021-08-13 10:51:10,24.21854,99.83946,24.31854,99.93946,24.31854,99.83946,24.21854,99.93946,Sentinel-2B,Optical,8.3,59.6,Preprocessed,S2_000985.tif,0.42
986,7,1,2019-03-21 20:55:03,26.55964,91.72795,26.65964,91.82795,26.65964,91.72795,26.55964,91.82795,Landsat-9,Optical,25.7,45.6,Preprocessed,S2_000986.tif,0.82
987,24,3,2024-11-28 17:11:33,23.78072,98.8902,23.88072,98.9902,23.88072,98.8902,23.78072,98.9902,Sentinel-2A,Optical,7.8,6.1,Preprocessed,S2_000987.tif,3.79
988,38,4,2019-10-09 19:52:54,29.57224,98.87926,29.67224,98.97926,29.67224,98.87926,29.57224,98.97926,Sentinel-2B,Optical,3.9,14.7,Analysis Ready,S2_000988.tif,0.47
989,13,2,2023-11-28 19:44:29,26.46561,99.88919,26.56561,99.98919,26.56561,99.88919,26.46561,99.98919,Sentinel-1A,SAR,25.7,34.2,Analysis Ready,S2_000989.tif,4.85
990,4,1,2018-02-03 20:33:46,27.03939,89.84395,27.13939,89.94395,27.13939,89.84395,27.03939,89.94395,RESOURCESAT-2,Optical,6.9,62.7,Raw,S2_000990.tif,0.8
991,30,3,2022-10-17 01:17:42,25.23824,93.13465,25.33824,93.23465,25.33824,93.13465,25.23824,93.23465,Sentinel-2B,Optical,7.1,22.6,Preprocessed,S2_000991.tif,2.93
992,10,1,2023-10-22 01:06:40,23.38486,97.65725,23.48486,97.75725,23.48486,97.65725,23.38486,97.75725,Landsat-9,Optical,9.8,74.8,Preprocessed,S2_000992.tif,0.73
993,39,4,2018-11-09 19:55:03,27.52041,91.3545,27.62041,91.4545,27.62041,91.3545,27.52041,91.4545,Landsat-9,Optical,12.4,49.2,Analysis Ready,S2_000993.tif,2.33
994,42,5,2020-01-02 06:58:36,21.53854,97.58162,21.63854,97.68162,21.63854,97.58162,21.53854,97.68162,Sentinel-2B,Optical,9.3,75.6,Analysis Ready,S2_000994.tif,0.24
995,19,2,2021-03-27 17:39:18,24.62299,95.91725,24.72299,96.01725,24.72299,95.91725,24.62299,96.01725,Sentinel-2B,Optical,4.0,37.4,Analysis Ready,S2_000995.tif,2.97
996,42,5,2019-03-18 10:51:38,21.53179,97.64054,21.63179,97.74054,21.63179,97.64054,21.53179,97.74054,Landsat-9,Optical,23.0,40.4,Analysis Ready,S2_000996.tif,2.5
997,19,2,2020-05-23 05:52:46,24.14577,96.46491,24.24577,96.56491,24.24577,96.46491,24.14577,96.56491,Sentinel-1A,SAR,25.3,96.5,Raw,S2_000997.tif,0.16
998,33,4,2021-05-15 20:49:50,23.27431,100.19092,23.37431,100.29092,23.37431,100.19092,23.27431,100.29092,Landsat-9,Optical,23.2,44.8,Preprocessed,S2_000998.tif,4.34
999,22,2,2020-08-27 09:50:23,22.35634,96.76815,22.45634,96.86815,22.45634,96.76815,22.35634,96.86815,Sentinel-2A,Optical,18.5,38.2,Raw,S2_000999.tif,3.95
1000,12,1,2019-11-14 20:58:35,27.26158,98.20283,27.36158,98.30283,27.36158,98.20283,27.26158,98.30283,Sentinel-2B,Optical,7.9,84.1,Analysis Ready,S2_001000.tif,2.93
1001,56,7,2019-01-24 05:41:17,29.36739,98.00562,29.46739,98.10562,29.46739,98.00562,29.36739,98.10562,Sentinel-2A,Optical,25.2,24.0,Raw,S2_001001.tif,4.14
1002,59,8,2024-12-01 19:12:05,25.69866,92.27401,25.79866,92.37401,25.79866,92.27401,25.69866,92.37401,Sentinel-2A,Optical,10.8,83.5,Raw,S2_001002.tif,0.75
1003,35,4,2020-09-23 05:46:47,22.75782,91.86642,22.85782,91.96642,22.85782,91.86642,22.75782,91.96642,Sentinel-1A,SAR,27.7,96.9,Preprocessed,S2_001003.tif,2.69
1004,29,3,2021-08-14 14:04:03,26.00507,99.00674,26.10507,99.10674,26.10507,99.00674,26.00507,99.10674,Landsat-8,Optical,27.4,94.8,Raw,S2_001004.tif,4.02
1005,4,1,2020-09-12 23:04:05,26.69324,90.55449,26.79324,90.65449,26.79324,90.55449,26.69324,90.65449,Sentinel-1A,SAR,18.9,90.0,Preprocessed,S2_001005.tif,2.4
1006,39,4,2019-12-26 01:01:16,27.64316,90.9801,27.74316,91.0801,27.74316,90.9801,27.64316,91.0801,Sentinel-2A,Optical,25.2,95.2,Raw,S2_001006.tif,2.58
1007,23,3,2019-12-01 13:25:44,27.95105,91.86371,28.05105,91.96371,28.05105,91.86371,27.95105,91.96371,Sentinel-2B,Optical,10.7,13.9,Analysis Ready,S2_001007.tif,0.03
1008,34,4,2023-03-29 01:55:17,25.66211,97.8078,25.76211,97.9078,25.76211,97.8078,25.66211,97.9078,Landsat-8,Optical,3.5,8.0,Analysis Ready,S2_001008.tif,4.82
1009,43,5,2018-11-14 19:18:00,29.82436,98.11126,29.92436,98.21126,29.92436,98.11126,29.82436,98.21126,Landsat-8,Optical,22.8,38.3,Preprocessed,S2_001009.tif,3.32
1010,54,6,2022-01-24 10:29:00,29.42525,91.87735,29.52525,91.97735,29.52525,91.87735,29.42525,91.97735,Sentinel-2A,Optical,23.5,26.2,Analysis Ready,S2_001010.tif,2.96
1011,28,3,2018-10-06 11:04:40,29.06114,92.90405,29.16114,93.00405,29.16114,92.90405,29.06114,93.00405,Sentinel-1A,SAR,18.1,86.9,Raw,S2_001011.tif,0.9
1012,25,3,2022-01-10 06:17:51,26.311,97.21791,26.411,97.31791,26.411,97.21791,26.311,97.31791,Sentinel-2B,Optical,15.2,59.8,Preprocessed,S2_001012.tif,2.44
1013,50,6,2021-05-25 10:08:04,24.01042,92.26387,24.11042,92.36387,24.11042,92.26387,24.01042,92.36387,Landsat-8,Optical,10.6,56.9,Analysis Ready,S2_001013.tif,1.86
1014,32,3,2022-03-07 06:18:57,25.7343,96.19871,25.8343,96.29871,25.8343,96.19871,25.7343,96.29871,Landsat-9,Optical,17.1,15.9,Analysis Ready,S2_001014.tif,1.58
1015,26,3,2021-02-11 12:30:26,23.7158,90.50677,23.8158,90.60677,23.8158,90.50677,23.7158,90.60677,Sentinel-2A,Optical,11.3,38.3,Preprocessed,S2_001015.tif,4.73
1016,45,5,2020-04-30 14:40:39,28.82081,95.21913,28.92081,95.31913,28.92081,95.21913,28.82081,95.31913,Sentinel-1B,SAR,17.7,1.2,Preprocessed,S2_001016.tif,1.36
1017,24,3,2018-08-22 19:59:27,24.09818,99.4971,24.19818,99.5971,24.19818,99.4971,24.09818,99.5971,Sentinel-2A,Optical,16.1,47.5,Raw,S2_001017.tif,0.77
1018,14,2,2023-05-11 08:27:10,22.27314,92.92244,22.37314,93.02244,22.37314,92.92244,22.27314,93.02244,Sentinel-2B,Optical,9.3,41.6,Raw,S2_001018.tif,2.41
1019,35,4,2023-02-07 07:25:56,22.72724,91.93391,22.82724,92.03391,22.82724,91.93391,22.72724,92.03391,Landsat-8,Optical,16.1,21.4,Raw,S2_001019.tif,2.02
1020,58,7,2021-06-24 07:14:06,27.21314,94.64186,27.31314,94.74186,27.31314,94.64186,27.21314,94.74186,RESOURCESAT-2,Optical,8.7,29.2,Preprocessed,S2_001020.tif,0.5
1021,38,4,2022-11-30 04:54:26,29.6987,98.77814,29.7987,98.87814,29.7987,98.77814,29.6987,98.87814,Sentinel-1A,SAR,27.6,73.2,Raw,S2_001021.tif,1.99
1022,18,2,2018-03-28 15:57:39,28.77726,98.88805,28.87726,98.98805,28.87726,98.88805,28.77726,98.98805,Sentinel-2A,Optical,18.8,36.8,Preprocessed,S2_001022.tif,0.5
1023,5,1,2020-02-13 08:00:58,23.68275,94.93371,23.78275,95.03371,23.78275,94.93371,23.68275,95.03371,Sentinel-1B,SAR,20.9,5.2,Raw,S2_001023.tif,2.53
1024,35,4,2019-08-22 20:41:11,23.65465,91.18112,23.75465,91.28112,23.75465,91.18112,23.65465,91.28112,Sentinel-1A,SAR,22.2,18.5,Analysis Ready,S2_001024.tif,2.82
1025,10,1,2024-06-21 23:31:59,23.23009,97.89124,23.33009,97.99124,23.33009,97.89124,23.23009,97.99124,Sentinel-1A,SAR,4.3,98.6,Analysis Ready,S2_001025.tif,4.51
1026,59,8,2021-12-19 17:48:13,25.85541,92.36819,25.95541,92.46819,25.95541,92.36819,25.85541,92.46819,RESOURCESAT-2,Optical,24.2,8.9,Raw,S2_001026.tif,1.65
1027,3,1,2019-04-18 20:10:07,27.18042,98.92548,27.28042,99.02548,27.28042,98.92548,27.18042,99.02548,Sentinel-2B,Optical,11.3,57.7,Raw,S2_001027.tif,4.9
1028,32,3,2022-09-13 02:19:59,25.17505,95.69895,25.27505,95.79895,25.27505,95.69895,25.17505,95.79895,Landsat-9,Optical,13.3,48.5,Raw,S2_001028.tif,2.55
1029,12,1,2020-10-18 01:48:35,27.01315,97.85292,27.11315,97.95292,27.11315,97.85292,27.01315,97.95292,Sentinel-2B,Optical,16.8,72.6,Preprocessed,S2_001029.tif,4.7
1030,34,4,2024-05-12 23:36:45,26.23785,97.78113,26.33785,97.88113,26.33785,97.78113,26.23785,97.88113,Landsat-9,Optical,7.2,77.0,Analysis Ready,S2_001030.tif,2.19
1031,9,1,2023-12-12 00:47:49,27.62883,93.06201,27.72883,93.16201,27.72883,93.06201,27.62883,93.16201,Sentinel-1B,SAR,20.0,93.3,Preprocessed,S2_001031.tif,3.23
1032,42,5,2020-12-31 14:42:02,22.26186,97.19917,22.36186,97.29917,22.36186,97.19917,22.26186,97.29917,Landsat-8,Optical,5.6,94.0,Raw,S2_001032.tif,1.72
1033,32,3,2024-09-23 22:39:55,25.43228,95.52394,25.53228,95.62394,25.53228,95.52394,25.43228,95.62394,Sentinel-1B,SAR,26.1,91.3,Preprocessed,S2_001033.tif,3.8
1034,43,5,2021-10-16 05:03:59,30.02533,97.25874,30.12533,97.35874,30.12533,97.25874,30.02533,97.35874,Sentinel-1B,SAR,24.7,87.0,Raw,S2_001034.tif,2.0
1035,53,6,2018-02-06 11:33:22,28.14277,91.35382,28.24277,91.45382,28.24277,91.35382,28.14277,91.45382,Landsat-8,Optical,23.3,76.2,Raw,S2_001035.tif,1.79
1036,61,8,2024-01-15 14:58:05,26.35609,89.92793,26.45609,90.02793,26.45609,89.92793,26.35609,90.02793,Sentinel-2B,Optical,28.2,77.0,Raw,S2_001036.tif,3.59
1037,1,1,2023-10-21 00:25:32,26.79858,90.43439,26.89858,90.53439,26.89858,90.43439,26.79858,90.53439,RESOURCESAT-2,Optical,21.5,8.0,Analysis Ready,S2_001037.tif,4.47
1038,56,7,2021-08-29 22:14:58,29.15268,97.92298,29.25268,98.02298,29.25268,97.92298,29.15268,98.02298,RESOURCESAT-2,Optical,3.5,79.6,Preprocessed,S2_001038.tif,3.42
1039,24,3,2021-02-22 22:58:09,24.64245,99.16018,24.74245,99.26018,24.74245,99.16018,24.64245,99.26018,Sentinel-1A,SAR,18.8,16.9,Preprocessed,S2_001039.tif,1.95
1040,55,7,2023-11-12 12:15:19,28.98575,94.5038,29.08575,94.6038,29.08575,94.5038,28.98575,94.6038,Sentinel-1B,SAR,22.4,73.5,Analysis Ready,S2_001040.tif,1.03
1041,35,4,2021-10-18 02:44:48,23.14242,91.93945,23.24242,92.03945,23.24242,91.93945,23.14242,92.03945,Sentinel-2A,Optical,5.3,86.6,Raw,S2_001041.tif,1.37
1042,55,7,2019-11-30 04:38:43,29.07584,94.53487,29.17584,94.63487,29.17584,94.53487,29.07584,94.63487,Landsat-8,Optical,26.9,97.3,Analysis Ready,S2_001042.tif,3.18
1043,30,3,2020-03-05 16:39:07,25.42414,92.85293,25.52414,92.95293,25.52414,92.85293,25.42414,92.95293,Landsat-8,Optical,24.6,92.5,Analysis Ready,S2_001043.tif,1.44
1044,60,8,2023-07-04 06:31:26,25.1708,95.75626,25.2708,95.85626,25.2708,95.75626,25.1708,95.85626,Sentinel-2A,Optical,9.0,25.2,Analysis Ready,S2_001044.tif,2.25
1045,61,8,2019-06-03 06:03:24,26.69433,90.04332,26.79433,90.14332,26.79433,90.04332,26.69433,90.14332,Sentinel-2B,Optical,5.5,38.7,Raw,S2_001045.tif,3.5
1046,5,1,2020-10-16 23:54:15,23.4581,95.1572,23.5581,95.2572,23.5581,95.1572,23.4581,95.2572,RESOURCESAT-2,Optical,19.4,9.2,Raw,S2_001046.tif,0.72
1047,8,1,2023-10-26 16:12:01,24.69813,98.54676,24.79813,98.64676,24.79813,98.54676,24.69813,98.64676,Sentinel-2A,Optical,21.3,87.2,Preprocessed,S2_001047.tif,2.73
1048,45,5,2019-11-12 14:19:16,29.06214,94.93205,29.16214,95.03205,29.16214,94.93205,29.06214,95.03205,Sentinel-1B,SAR,5.3,66.9,Preprocessed,S2_001048.tif,2.26
1049,10,1,2021-08-14 13:45:20,23.32689,97.55114,23.42689,97.65114,23.42689,97.55114,23.32689,97.65114,Sentinel-1B,SAR,11.3,70.5,Preprocessed,S2_001049.tif,1.99
1050,42,5,2023-04-04 05:42:21,21.92586,97.6476,22.02586,97.7476,22.02586,97.6476,21.92586,97.7476,Landsat-9,Optical,6.0,0.6,Raw,S2_001050.tif,4.03
1051,27,3,2022-03-06 06:01:08,25.33007,90.93722,25.43007,91.03722,25.43007,90.93722,25.33007,91.03722,Sentinel-2B,Optical,28.6,29.8,Analysis Ready,S2_001051.tif,3.92
1052,37,4,2023-09-03 11:07:14,26.78309,94.81927,26.88309,94.91927,26.88309,94.81927,26.78309,94.91927,Sentinel-2A,Optical,20.4,41.7,Preprocessed,S2_001052.tif,3.78
1053,8,1,2020-12-16 09:37:06,24.47811,98.54045,24.57811,98.64045,24.57811,98.54045,24.47811,98.64045,Sentinel-1A,SAR,18.2,62.9,Raw,S2_001053.tif,3.26
1054,24,3,2019-10-18 10:01:02,23.80181,99.34082,23.90181,99.44082,23.90181,99.34082,23.80181,99.44082,Sentinel-1A,SAR,12.1,80.8,Analysis Ready,S2_001054.tif,3.79
1055,17,2,2023-05-11 08:13:49,24.1959,93.30752,24.2959,93.40752,24.2959,93.30752,24.1959,93.40752,Sentinel-2B,Optical,3.5,44.0,Preprocessed,S2_001055.tif,1.64
1056,38,4,2019-11-28 14:30:13,29.49028,99.0795,29.59028,99.1795,29.59028,99.0795,29.49028,99.1795,Sentinel-2A,Optical,25.6,92.7,Preprocessed,S2_001056.tif,0.87
1057,30,3,2018-02-08 15:48:32,25.88803,93.11782,25.98803,93.21782,25.98803,93.11782,25.88803,93.21782,Sentinel-1B,SAR,15.3,38.1,Analysis Ready,S2_001057.tif,1.6
1058,56,7,2021-05-12 22:40:21,29.74658,97.86768,29.84658,97.96768,29.84658,97.86768,29.74658,97.96768,Sentinel-1A,SAR,20.1,26.9,Preprocessed,S2_001058.tif,1.5
1059,19,2,2024-07-28 17:47:04,23.73726,95.92044,23.83726,96.02044,23.83726,95.92044,23.73726,96.02044,Sentinel-2A,Optical,26.9,26.4,Raw,S2_001059.tif,3.74
1060,15,2,2020-10-02 01:22:14,27.09021,98.16211,27.19021,98.26211,27.19021,98.16211,27.09021,98.26211,Landsat-8,Optical,18.5,7.2,Analysis Ready,S2_001060.tif,3.87
1061,14,2,2020-12-23 07:40:01,22.77924,92.82853,22.87924,92.92853,22.87924,92.82853,22.77924,92.92853,Sentinel-2A,Optical,22.8,80.7,Preprocessed,S2_001061.tif,0.35
1062,45,5,2023-07-30 15:00:43,29.006,95.43522,29.106,95.53522,29.106,95.43522,29.006,95.53522,Sentinel-1A,SAR,22.7,74.5,Analysis Ready,S2_001062.tif,3.5
1063,36,4,2018-01-13 09:58:32,25.44781,90.40018,25.54781,90.50018,25.54781,90.40018,25.44781,90.50018,Sentinel-1B,SAR,3.3,75.8,Analysis Ready,S2_001063.tif,1.78
1064,8,1,2020-08-21 09:23:25,24.42764,98.35639,24.52764,98.45639,24.52764,98.35639,24.42764,98.45639,Landsat-9,Optical,26.8,99.2,Raw,S2_001064.tif,4.76
1065,56,7,2023-02-07 23:48:11,29.10113,97.32918,29.20113,97.42918,29.20113,97.32918,29.10113,97.42918,Landsat-9,Optical,24.1,35.0,Raw,S2_001065.tif,2.38
1066,3,1,2020-04-15 09:13:49,27.11061,98.62636,27.21061,98.72636,27.21061,98.62636,27.11061,98.72636,Landsat-8,Optical,29.7,14.6,Raw,S2_001066.tif,1.43
1067,42,5,2023-02-19 05:28:09,21.76946,96.9635,21.86946,97.0635,21.86946,96.9635,21.76946,97.0635,Landsat-8,Optical,28.7,80.8,Raw,S2_001067.tif,0.28
1068,40,5,2019-11-20 10:05:53,28.42896,97.87672,28.52896,97.97672,28.52896,97.87672,28.42896,97.97672,Sentinel-1B,SAR,27.7,37.9,Preprocessed,S2_001068.tif,3.39
1069,54,6,2021-12-26 08:06:27,29.46985,91.59927,29.56985,91.69927,29.56985,91.59927,29.46985,91.69927,Landsat-9,Optical,12.9,17.2,Preprocessed,S2_001069.tif,3.61
1070,1,1,2021-09-27 00:15:07,27.35663,90.17134,27.45663,90.27134,27.45663,90.17134,27.35663,90.27134,Landsat-8,Optical,3.6,32.3,Raw,S2_001070.tif,3.27
1071,40,5,2019-11-24 23:34:07,28.33358,97.34899,28.43358,97.44899,28.43358,97.34899,28.33358,97.44899,Sentinel-2B,Optical,7.7,3.2,Preprocessed,S2_001071.tif,0.5
1072,15,2,2020-04-29 22:45:05,27.19407,98.86434,27.29407,98.96434,27.29407,98.86434,27.19407,98.96434,Sentinel-1A,SAR,25.5,6.9,Analysis Ready,S2_001072.tif,4.3
1073,30,3,2022-04-16 20:27:39,25.2174,93.11928,25.3174,93.21928,25.3174,93.11928,25.2174,93.21928,Sentinel-2B,Optical,28.7,54.5,Preprocessed,S2_001073.tif,0.91
1074,52,6,2022-01-02 15:20:35,28.62158,100.05229,28.72158,100.15229,28.72158,100.05229,28.62158,100.15229,Sentinel-2B,Optical,25.4,68.2,Preprocessed,S2_001074.tif,1.79
1075,5,1,2019-03-03 06:58:06,24.08413,95.50103,24.18413,95.60103,24.18413,95.50103,24.08413,95.60103,Sentinel-2A,Optical,27.8,87.6,Analysis Ready,S2_001075.tif,0.22
1076,26,3,2021-12-22 14:24:13,23.67047,90.78475,23.77047,90.88475,23.77047,90.78475,23.67047,90.88475,Landsat-9,Optical,22.8,92.8,Preprocessed,S2_001076.tif,1.91
1077,45,5,2021-06-10 21:40:22,28.90499,95.35957,29.00499,95.45957,29.00499,95.35957,28.90499,95.45957,Sentinel-2B,Optical,5.3,4.6,Raw,S2_001077.tif,3.46
1078,57,7,2020-01-28 21:49:08,23.93665,93.09193,24.03665,93.19193,24.03665,93.09193,23.93665,93.19193,RESOURCESAT-2,Optical,3.7,39.7,Preprocessed,S2_001078.tif,3.28
1079,27,3,2023-06-12 00:39:45,24.94119,91.02188,25.04119,91.12188,25.04119,91.02188,24.94119,91.12188,RESOURCESAT-2,Optical,13.8,88.1,Analysis Ready,S2_001079.tif,3.44
1080,17,2,2023-02-25 20:27:31,23.62699,92.62462,23.72699,92.72462,23.72699,92.62462,23.62699,92.72462,Sentinel-2A,Optical,10.9,39.2,Analysis Ready,S2_001080.tif,3.46
1081,42,5,2022-02-07 01:01:56,21.88732,97.51908,21.98732,97.61908,21.98732,97.51908,21.88732,97.61908,Sentinel-2A,Optical,3.5,45.3,Preprocessed,S2_001081.tif,4.58
1082,58,7,2019-04-08 14:46:16,27.68581,94.32845,27.78581,94.42845,27.78581,94.32845,27.68581,94.42845,Sentinel-1B,SAR,21.4,38.7,Raw,S2_001082.tif,1.71
1083,51,6,2021-01-28 21:09:50,29.45084,90.57592,29.55084,90.67592,29.55084,90.57592,29.45084,90.67592,Sentinel-2B,Optical,13.4,19.1,Raw,S2_001083.tif,1.31
1084,22,2,2019-05-12 21:39:05,22.47309,96.23953,22.57309,96.33953,22.57309,96.23953,22.47309,96.33953,Landsat-9,Optical,11.1,65.6,Analysis Ready,S2_001084.tif,2.95
1085,33,4,2019-05-22 19:42:30,23.50533,99.92262,23.60533,100.02262,23.60533,99.92262,23.50533,100.02262,Sentinel-1B,SAR,18.0,21.9,Analysis Ready,S2_001085.tif,3.3
1086,29,3,2024-01-26 06:23:50,25.50628,99.28587,25.60628,99.38587,25.60628,99.28587,25.50628,99.38587,Sentinel-2A,Optical,26.7,55.2,Analysis Ready,S2_001086.tif,1.65
1087,36,4,2018-12-26 04:05:14,25.80368,90.14127,25.90368,90.24127,25.90368,90.14127,25.80368,90.24127,Sentinel-1B,SAR,28.3,96.3,Preprocessed,S2_001087.tif,4.88
1088,20,2,2024-10-22 11:38:57,22.93113,93.16372,23.03113,93.26372,23.03113,93.16372,22.93113,93.26372,RESOURCESAT-2,Optical,16.5,95.7,Raw,S2_001088.tif,0.18
1089,37,4,2019-05-19 08:49:27,26.66284,95.025,26.76284,95.125,26.76284,95.025,26.66284,95.125,Landsat-9,Optical,25.4,15.2,Analysis Ready,S2_001089.tif,2.25
1090,28,3,2020-05-07 00:38:13,28.65286,92.95783,28.75286,93.05783,28.75286,92.95783,28.65286,93.05783,Sentinel-2B,Optical,26.4,16.9,Analysis Ready,S2_001090.tif,0.65
1091,36,4,2021-09-11 14:32:14,25.52911,90.75959,25.62911,90.85959,25.62911,90.75959,25.52911,90.85959,Landsat-9,Optical,19.9,30.0,Raw,S2_001091.tif,3.14
1092,15,2,2019-04-02 09:06:22,26.63771,98.12392,26.73771,98.22392,26.73771,98.12392,26.63771,98.22392,Sentinel-1B,SAR,10.5,2.3,Analysis Ready,S2_001092.tif,0.33
1093,15,2,2022-06-25 00:29:09,27.40517,98.42655,27.50517,98.52655,27.50517,98.42655,27.40517,98.52655,Landsat-8,Optical,12.2,23.3,Preprocessed,S2_001093.tif,3.39
1094,9,1,2024-11-01 22:22:22,27.25094,93.4237,27.35094,93.5237,27.35094,93.4237,27.25094,93.5237,Sentinel-2A,Optical,20.3,78.5,Analysis Ready,S2_001094.tif,2.57
1095,19,2,2022-11-27 15:17:04,23.97299,96.45748,24.07299,96.55748,24.07299,96.45748,23.97299,96.55748,Landsat-8,Optical,27.2,40.5,Analysis Ready,S2_001095.tif,2.41
1096,44,5,2024-09-29 06:57:46,28.83863,98.83949,28.93863,98.93949,28.93863,98.83949,28.83863,98.93949,Landsat-8,Optical,28.2,96.5,Preprocessed,S2_001096.tif,1.12
1097,8,1,2018-11-02 08:40:37,24.38352,98.55731,24.48352,98.65731,24.48352,98.55731,24.38352,98.65731,Sentinel-1A,SAR,25.7,94.9,Preprocessed,S2_001097.tif,4.28
1098,10,1,2024-10-20 04:04:21,23.67229,97.58762,23.77229,97.68762,23.77229,97.58762,23.67229,97.68762,Landsat-9,Optical,24.5,66.3,Analysis Ready,S2_001098.tif,1.63
1099,58,7,2019-09-14 11:07:10,27.09701,94.2767,27.19701,94.3767,27.19701,94.2767,27.09701,94.3767,Landsat-9,Optical,28.0,22.2,Raw,S2_001099.tif,2.56
1100,10,1,2024-03-22 18:44:41,23.31844,97.43029,23.41844,97.53029,23.41844,97.43029,23.31844,97.53029,Landsat-8,Optical,14.5,1.8,Raw,S2_001100.tif,3.09
1101,62,8,2021-09-11 08:42:17,27.09741,92.53145,27.19741,92.63145,27.19741,92.53145,27.09741,92.63145,Landsat-9,Optical,20.6,88.7,Preprocessed,S2_001101.tif,1.45
1102,29,3,2018-10-23 13:44:20,25.90193,98.43051,26.00193,98.53051,26.00193,98.43051,25.90193,98.53051,Landsat-8,Optical,14.3,4.5,Preprocessed,S2_001102.tif,3.86
1103,30,3,2023-03-27 09:33:26,25.45472,92.33538,25.55472,92.43538,25.55472,92.33538,25.45472,92.43538,Sentinel-2A,Optical,22.2,72.5,Preprocessed,S2_001103.tif,3.03
1104,27,3,2020-05-11 08:59:11,25.092,90.18742,25.192,90.28742,25.192,90.18742,25.092,90.28742,Landsat-9,Optical,6.1,87.2,Raw,S2_001104.tif,3.75
1105,39,4,2021-07-26 15:30:42,27.1275,90.68354,27.2275,90.78354,27.2275,90.68354,27.1275,90.78354,Sentinel-2A,Optical,15.3,18.8,Analysis Ready,S2_001105.tif,2.92
1106,3,1,2023-12-18 14:18:58,26.91725,99.37108,27.01725,99.47108,27.01725,99.37108,26.91725,99.47108,Landsat-9,Optical,12.2,22.8,Preprocessed,S2_001106.tif,0.46
1107,29,3,2021-10-07 04:34:56,25.56155,99.21775,25.66155,99.31775,25.66155,99.21775,25.56155,99.31775,Sentinel-2B,Optical,3.5,45.5,Raw,S2_001107.tif,2.56
1108,6,1,2019-11-22 23:22:26,26.45425,96.95843,26.55425,97.05843,26.55425,96.95843,26.45425,97.05843,Sentinel-1A,SAR,8.2,82.5,Analysis Ready,S2_001108.tif,1.32
1109,54,6,2021-01-24 02:30:12,29.73673,92.14009,29.83673,92.24009,29.83673,92.14009,29.73673,92.24009,Landsat-8,Optical,28.5,45.1,Analysis Ready,S2_001109.tif,3.19
1110,4,1,2024-09-10 00:06:34,26.92931,90.37302,27.02931,90.47302,27.02931,90.37302,26.92931,90.47302,Sentinel-1A,SAR,7.9,92.5,Preprocessed,S2_001110.tif,0.15
1111,41,5,2023-02-13 10:04:20,22.51919,94.06163,22.61919,94.16163,22.61919,94.06163,22.51919,94.16163,Sentinel-2A,Optical,3.8,26.0,Preprocessed,S2_001111.tif,4.77
1112,13,2,2019-02-03 23:42:15,26.08482,100.19191,26.18482,100.29191,26.18482,100.19191,26.08482,100.29191,Landsat-8,Optical,18.7,77.3,Raw,S2_001112.tif,0.91
1113,15,2,2022-09-20 07:39:51,26.67059,98.51015,26.77059,98.61015,26.77059,98.51015,26.67059,98.61015,Landsat-8,Optical,4.4,43.7,Preprocessed,S2_001113.tif,3.85
1114,14,2,2024-04-02 00:23:06,22.21555,93.09401,22.31555,93.19401,22.31555,93.09401,22.21555,93.19401,Sentinel-2B,Optical,18.1,89.0,Raw,S2_001114.tif,3.14
1115,4,1,2018-04-12 17:12:06,26.57432,90.1943,26.67432,90.2943,26.67432,90.1943,26.57432,90.2943,Sentinel-1A,SAR,9.5,83.6,Raw,S2_001115.tif,1.51
1116,48,6,2023-02-27 10:34:00,26.81024,94.89239,26.91024,94.99239,26.91024,94.89239,26.81024,94.99239,Sentinel-1B,SAR,20.5,38.5,Analysis Ready,S2_001116.tif,2.98
1117,14,2,2018-03-25 14:41:09,22.17377,92.55681,22.27377,92.65681,22.27377,92.55681,22.17377,92.65681,Sentinel-1B,SAR,14.4,12.2,Preprocessed,S2_001117.tif,0.3
1118,37,4,2018-04-15 12:06:56,26.60128,94.65241,26.70128,94.75241,26.70128,94.65241,26.60128,94.75241,Landsat-8,Optical,3.2,32.4,Analysis Ready,S2_001118.tif,2.55
1119,33,4,2019-10-04 22:07:23,23.47979,99.91973,23.57979,100.01973,23.57979,99.91973,23.47979,100.01973,Sentinel-2A,Optical,18.8,63.1,Preprocessed,S2_001119.tif,3.82
1120,27,3,2022-11-27 11:48:49,25.11268,90.773,25.21268,90.873,25.21268,90.773,25.11268,90.873,Sentinel-1B,SAR,28.0,18.5,Raw,S2_001120.tif,0.49
1121,57,7,2024-06-18 06:10:55,23.89571,92.97035,23.99571,93.07035,23.99571,92.97035,23.89571,93.07035,Landsat-9,Optical,7.3,1.1,Analysis Ready,S2_001121.tif,2.05
1122,38,4,2021-02-02 22:16:51,29.76601,98.82211,29.86601,98.92211,29.86601,98.82211,29.76601,98.92211,Sentinel-2B,Optical,18.2,0.2,Preprocessed,S2_001122.tif,3.71
1123,61,8,2023-10-29 18:21:39,26.54411,90.21398,26.64411,90.31398,26.64411,90.21398,26.54411,90.31398,Sentinel-1B,SAR,23.8,69.6,Analysis Ready,S2_001123.tif,2.09
1124,17,2,2022-09-13 18:09:57,24.17841,92.71989,24.27841,92.81989,24.27841,92.71989,24.17841,92.81989,RESOURCESAT-2,Optical,26.2,61.8,Raw,S2_001124.tif,4.44
1125,41,5,2021-07-26 16:09:48,22.72299,93.93608,22.82299,94.03608,22.82299,93.93608,22.72299,94.03608,Sentinel-1A,SAR,26.0,81.2,Analysis Ready,S2_001125.tif,4.53
1126,23,3,2023-05-17 13:55:09,28.32961,91.97459,28.42961,92.07459,28.42961,91.97459,28.32961,92.07459,Sentinel-1A,SAR,6.1,23.1,Raw,S2_001126.tif,2.64
1127,7,1,2022-03-30 03:26:21,26.01636,92.34982,26.11636,92.44982,26.11636,92.34982,26.01636,92.44982,Sentinel-1B,SAR,11.6,26.3,Analysis Ready,S2_001127.tif,2.27
1128,4,1,2021-02-04 07:30:15,26.78118,90.63659,26.88118,90.73659,26.88118,90.63659,26.78118,90.73659,Sentinel-2B,Optical,17.3,47.6,Preprocessed,S2_001128.tif,3.87
1129,33,4,2021-10-06 14:59:10,24.24126,99.60686,24.34126,99.70686,24.34126,99.60686,24.24126,99.70686,Sentinel-1B,SAR,24.6,4.9,Analysis Ready,S2_001129.tif,1.46
1130,27,3,2019-10-16 23:09:53,24.92094,90.19313,25.02094,90.29313,25.02094,90.19313,24.92094,90.29313,RESOURCESAT-2,Optical,7.2,11.8,Raw,S2_001130.tif,2.02
1131,52,6,2020-01-11 10:22:27,28.64858,100.14659,28.74858,100.24659,28.74858,100.14659,28.64858,100.24659,RESOURCESAT-2,Optical,14.0,5.5,Preprocessed,S2_001131.tif,0.64
1132,59,8,2023-09-30 21:49:06,25.58405,92.82816,25.68405,92.92816,25.68405,92.82816,25.58405,92.92816,Sentinel-2A,Optical,15.7,66.1,Preprocessed,S2_001132.tif,1.57
1133,20,2,2023-10-12 19:36:25,23.03288,93.17733,23.13288,93.27733,23.13288,93.17733,23.03288,93.27733,Landsat-8,Optical,28.0,19.7,Analysis Ready,S2_001133.tif,4.11
1134,54,6,2022-09-07 09:08:25,29.88006,92.00466,29.98006,92.10466,29.98006,92.00466,29.88006,92.10466,Sentinel-2B,Optical,25.8,61.7,Raw,S2_001134.tif,2.38
1135,10,1,2024-10-25 07:48:47,23.28782,97.19614,23.38782,97.29614,23.38782,97.19614,23.28782,97.29614,Sentinel-1B,SAR,6.7,90.3,Analysis Ready,S2_001135.tif,0.83
1136,58,7,2020-01-29 07:00:49,26.8521,94.00908,26.9521,94.10908,26.9521,94.00908,26.8521,94.10908,Landsat-9,Optical,12.0,67.8,Preprocessed,S2_001136.tif,4.57
1137,29,3,2019-12-03 00:31:36,26.08308,98.54104,26.18308,98.64104,26.18308,98.54104,26.08308,98.64104,Landsat-9,Optical,26.9,2.2,Analysis Ready,S2_001137.tif,1.53
1138,17,2,2023-07-29 22:08:53,23.87469,93.37468,23.97469,93.47468,23.97469,93.37468,23.87469,93.47468,Sentinel-1B,SAR,18.3,78.9,Analysis Ready,S2_001138.tif,1.1
1139,61,8,2018-08-06 22:22:39,26.65789,90.48374,26.75789,90.58374,26.75789,90.48374,26.65789,90.58374,RESOURCESAT-2,Optical,15.6,49.4,Analysis Ready,S2_001139.tif,4.38
1140,4,1,2022-03-31 05:36:07,27.14228,90.7477,27.24228,90.8477,27.24228,90.7477,27.14228,90.8477,Sentinel-1B,SAR,29.3,47.7,Preprocessed,S2_001140.tif,1.86
1141,60,8,2023-10-16 23:32:49,24.94048,96.11345,25.04048,96.21345,25.04048,96.11345,24.94048,96.21345,RESOURCESAT-2,Optical,19.5,20.9,Preprocessed,S2_001141.tif,4.82
1142,24,3,2018-11-12 18:03:52,24.31731,99.05456,24.41731,99.15456,24.41731,99.05456,24.31731,99.15456,Landsat-9,Optical,24.1,3.1,Analysis Ready,S2_001142.tif,1.42
1143,59,8,2018-10-31 13:54:11,25.72888,92.0065,25.82888,92.1065,25.82888,92.0065,25.72888,92.1065,Sentinel-1B,SAR,21.4,99.1,Analysis Ready,S2_001143.tif,3.31
1144,49,6,2019-07-13 22:23:27,29.64547,98.83089,29.74547,98.93089,29.74547,98.83089,29.64547,98.93089,RESOURCESAT-2,Optical,28.6,60.9,Raw,S2_001144.tif,1.61
1145,9,1,2020-03-24 02:38:12,27.94762,92.95966,28.04762,93.05966,28.04762,92.95966,27.94762,93.05966,Landsat-8,Optical,18.1,40.3,Preprocessed,S2_001145.tif,3.79
1146,22,2,2018-10-14 05:46:51,22.1114,96.18642,22.2114,96.28642,22.2114,96.18642,22.1114,96.28642,Sentinel-2B,Optical,19.5,57.0,Preprocessed,S2_001146.tif,0.8
1147,40,5,2024-06-16 08:33:21,27.87909,98.0464,27.97909,98.1464,27.97909,98.0464,27.87909,98.1464,Landsat-8,Optical,16.6,6.5,Preprocessed,S2_001147.tif,4.51
1148,1,1,2021-03-22 08:06:58,26.79452,90.74237,26.89452,90.84237,26.89452,90.74237,26.79452,90.84237,Landsat-9,Optical,16.4,98.2,Preprocessed,S2_001148.tif,0.4
1149,58,7,2024-03-04 07:59:40,27.00019,94.82775,27.10019,94.92775,27.10019,94.82775,27.00019,94.92775,Landsat-8,Optical,4.8,39.1,Preprocessed,S2_001149.tif,3.17
1150,17,2,2024-09-06 20:11:39,24.04881,93.13334,24.14881,93.23334,24.14881,93.13334,24.04881,93.23334,Landsat-9,Optical,17.0,18.2,Preprocessed,S2_001150.tif,3.07
1151,23,3,2018-04-07 01:12:05,27.55413,91.28212,27.65413,91.38212,27.65413,91.28212,27.55413,91.38212,Landsat-8,Optical,12.8,19.2,Analysis Ready,S2_001151.tif,1.25
1152,20,2,2023-02-10 18:10:02,23.77543,93.47368,23.87543,93.57368,23.87543,93.47368,23.77543,93.57368,Landsat-9,Optical,8.1,33.6,Preprocessed,S2_001152.tif,2.33
1153,61,8,2021-05-31 06:57:16,26.38875,90.18439,26.48875,90.28439,26.48875,90.18439,26.38875,90.28439,Sentinel-2A,Optical,7.2,50.5,Preprocessed,S2_001153.tif,4.79
1154,25,3,2024-11-05 00:52:33,26.60033,96.81732,26.70033,96.91732,26.70033,96.81732,26.60033,96.91732,Sentinel-2A,Optical,20.6,46.3,Preprocessed,S2_001154.tif,1.34
1155,46,5,2022-04-15 12:10:30,23.41341,97.92484,23.51341,98.02484,23.51341,97.92484,23.41341,98.02484,RESOURCESAT-2,Optical,12.9,24.7,Analysis Ready,S2_001155.tif,3.14
1156,42,5,2023-04-07 10:22:45,21.82276,97.05366,21.92276,97.15366,21.92276,97.05366,21.82276,97.15366,RESOURCESAT-2,Optical,13.5,8.1,Raw,S2_001156.tif,3.37
1157,7,1,2023-02-04 17:27:08,26.19668,92.34683,26.29668,92.44683,26.29668,92.34683,26.19668,92.44683,RESOURCESAT-2,Optical,12.4,88.2,Analysis Ready,S2_001157.tif,1.87
1158,16,2,2022-10-26 06:25:43,23.71989,90.37694,23.81989,90.47694,23.81989,90.37694,23.71989,90.47694,Landsat-9,Optical,13.6,41.2,Raw,S2_001158.tif,2.89
1159,58,7,2022-12-05 18:51:23,27.12958,94.6738,27.22958,94.7738,27.22958,94.6738,27.12958,94.7738,RESOURCESAT-2,Optical,10.9,45.2,Preprocessed,S2_001159.tif,4.65
1160,22,2,2020-08-30 01:23:32,22.40957,96.41001,22.50957,96.51001,22.50957,96.41001,22.40957,96.51001,Sentinel-1B,SAR,20.2,22.7,Raw,S2_001160.tif,0.56
1161,11,1,2022-09-18 19:04:12,22.91541,91.36451,23.01541,91.46451,23.01541,91.36451,22.91541,91.46451,Sentinel-1B,SAR,4.3,55.1,Preprocessed,S2_001161.tif,1.24
1162,48,6,2019-04-19 01:41:17,26.40011,95.17307,26.50011,95.27307,26.50011,95.17307,26.40011,95.27307,Sentinel-1A,SAR,11.1,81.7,Preprocessed,S2_001162.tif,4.76
1163,36,4,2022-05-25 22:44:38,25.81172,90.85655,25.91172,90.95655,25.91172,90.85655,25.81172,90.95655,Sentinel-2B,Optical,7.5,87.8,Raw,S2_001163.tif,4.16
1164,8,1,2020-01-05 11:35:51,24.55049,98.3365,24.65049,98.4365,24.65049,98.3365,24.55049,98.4365,Landsat-8,Optical,3.2,93.3,Preprocessed,S2_001164.tif,2.36
1165,28,3,2021-04-08 04:27:23,29.03659,93.00017,29.13659,93.10017,29.13659,93.00017,29.03659,93.10017,Landsat-9,Optical,26.5,33.7,Analysis Ready,S2_001165.tif,1.38
1166,10,1,2024-02-18 17:04:06,23.93768,97.3993,24.03768,97.4993,24.03768,97.3993,23.93768,97.4993,Sentinel-1B,SAR,6.9,42.7,Analysis Ready,S2_001166.tif,0.18
1167,25,3,2020-12-19 14:28:49,26.84932,96.43712,26.94932,96.53712,26.94932,96.43712,26.84932,96.53712,Landsat-8,Optical,22.3,99.5,Preprocessed,S2_001167.tif,4.12
1168,46,5,2021-04-26 03:54:49,23.31891,97.80223,23.41891,97.90223,23.41891,97.80223,23.31891,97.90223,Landsat-9,Optical,10.1,21.4,Raw,S2_001168.tif,4.99
1169,25,3,2018-09-19 09:53:53,26.68344,96.68322,26.78344,96.78322,26.78344,96.68322,26.68344,96.78322,Sentinel-2B,Optical,17.2,43.1,Analysis Ready,S2_001169.tif,1.08
1170,15,2,2020-11-28 03:14:20,27.09404,98.96499,27.19404,99.06499,27.19404,98.96499,27.09404,99.06499,Landsat-9,Optical,19.4,53.7,Preprocessed,S2_001170.tif,2.26
1171,38,4,2019-03-02 12:52:41,29.39606,98.31497,29.49606,98.41497,29.49606,98.31497,29.39606,98.41497,Landsat-9,Optical,16.2,21.5,Analysis Ready,S2_001171.tif,3.82
1172,60,8,2019-02-01 09:58:58,25.12473,96.05879,25.22473,96.15879,25.22473,96.05879,25.12473,96.15879,RESOURCESAT-2,Optical,26.1,89.9,Raw,S2_001172.tif,0.96
1173,60,8,2022-05-17 06:31:58,24.88355,95.72074,24.98355,95.82074,24.98355,95.72074,24.88355,95.82074,RESOURCESAT-2,Optical,12.9,5.7,Raw,S2_001173.tif,4.35
1174,59,8,2019-06-25 18:28:17,25.49024,92.68329,25.59024,92.78329,25.59024,92.68329,25.49024,92.78329,Landsat-9,Optical,20.4,90.5,Raw,S2_001174.tif,1.84
1175,54,6,2021-01-01 13:44:16,29.36641,91.97017,29.46641,92.07017,29.46641,91.97017,29.36641,92.07017,Landsat-8,Optical,12.7,90.8,Analysis Ready,S2_001175.tif,4.57
1176,20,2,2021-01-18 02:43:06,23.17446,93.55798,23.27446,93.65798,23.27446,93.55798,23.17446,93.65798,Landsat-9,Optical,3.3,60.7,Raw,S2_001176.tif,1.83
1177,35,4,2020-02-05 21:25:35,23.21078,91.74893,23.31078,91.84893,23.31078,91.74893,23.21078,91.84893,RESOURCESAT-2,Optical,10.4,56.8,Preprocessed,S2_001177.tif,4.62
1178,6,1,2019-09-20 17:22:30,26.66706,96.90206,26.76706,97.00206,26.76706,96.90206,26.66706,97.00206,Landsat-8,Optical,26.1,8.4,Preprocessed,S2_001178.tif,1.32
1179,1,1,2023-04-21 04:07:05,27.60731,90.54547,27.70731,90.64547,27.70731,90.54547,27.60731,90.64547,Sentinel-1A,SAR,20.8,58.8,Preprocessed,S2_001179.tif,1.43
1180,56,7,2024-05-19 09:20:20,29.33151,97.88357,29.43151,97.98357,29.43151,97.88357,29.33151,97.98357,Landsat-8,Optical,17.4,74.2,Analysis Ready,S2_001180.tif,2.36
1181,15,2,2020-10-15 08:24:09,26.76042,98.72516,26.86042,98.82516,26.86042,98.72516,26.76042,98.82516,Sentinel-2B,Optical,26.1,2.3,Preprocessed,S2_001181.tif,4.11
1182,21,2,2024-07-02 02:16:04,24.35824,99.4544,24.45824,99.5544,24.45824,99.4544,24.35824,99.5544,Sentinel-2A,Optical,18.6,9.0,Analysis Ready,S2_001182.tif,2.52
1183,3,1,2024-06-18 09:57:31,27.44427,98.93299,27.54427,99.03299,27.54427,98.93299,27.44427,99.03299,Sentinel-1A,SAR,7.5,7.1,Raw,S2_001183.tif,4.13
1184,44,5,2020-10-24 08:06:46,29.77287,98.29354,29.87287,98.39354,29.87287,98.29354,29.77287,98.39354,RESOURCESAT-2,Optical,4.3,41.5,Raw,S2_001184.tif,0.5
1185,16,2,2023-01-03 13:44:07,23.17863,91.18005,23.27863,91.28005,23.27863,91.18005,23.17863,91.28005,Landsat-8,Optical,8.1,13.1,Raw,S2_001185.tif,1.05
1186,32,3,2024-06-22 04:33:03,25.60869,95.3627,25.70869,95.4627,25.70869,95.3627,25.60869,95.4627,RESOURCESAT-2,Optical,7.7,25.4,Preprocessed,S2_001186.tif,1.17
1187,48,6,2023-04-01 06:49:36,26.71253,94.65403,26.81253,94.75403,26.81253,94.65403,26.71253,94.75403,Sentinel-1B,SAR,28.1,51.5,Raw,S2_001187.tif,0.82
1188,62,8,2024-08-18 15:53:52,27.14792,91.82371,27.24792,91.92371,27.24792,91.82371,27.14792,91.92371,Landsat-8,Optical,12.8,35.4,Preprocessed,S2_001188.tif,4.67
1189,40,5,2018-06-09 19:54:01,28.192,98.17429,28.292,98.27429,28.292,98.17429,28.192,98.27429,Sentinel-2B,Optical,18.8,47.5,Raw,S2_001189.tif,2.28
1190,51,6,2023-04-18 14:09:09,30.05515,90.40798,30.15515,90.50798,30.15515,90.40798,30.05515,90.50798,Landsat-8,Optical,17.3,18.5,Analysis Ready,S2_001190.tif,3.22
1191,35,4,2021-02-02 15:19:18,23.06954,91.56279,23.16954,91.66279,23.16954,91.56279,23.06954,91.66279,Sentinel-2A,Optical,21.0,89.7,Raw,S2_001191.tif,3.7
1192,47,6,2020-01-13 20:08:10,29.27404,99.20235,29.37404,99.30235,29.37404,99.20235,29.27404,99.30235,Landsat-9,Optical,22.8,4.1,Analysis Ready,S2_001192.tif,0.02
1193,27,3,2022-07-03 06:55:53,25.4918,90.33462,25.5918,90.43462,25.5918,90.33462,25.4918,90.43462,Sentinel-2A,Optical,22.1,62.0,Raw,S2_001193.tif,2.27
1194,39,4,2018-03-28 22:49:41,27.30658,90.9572,27.40658,91.0572,27.40658,90.9572,27.30658,91.0572,Landsat-9,Optical,17.9,37.6,Raw,S2_001194.tif,3.84
1195,50,6,2023-11-30 18:51:30,23.46086,92.57395,23.56086,92.67395,23.56086,92.57395,23.46086,92.67395,Sentinel-2A,Optical,25.2,48.3,Analysis Ready,S2_001195.tif,0.52
1196,38,4,2019-01-03 19:47:22,29.70712,98.54747,29.80712,98.64747,29.80712,98.54747,29.70712,98.64747,Landsat-8,Optical,5.3,99.8,Analysis Ready,S2_001196.tif,0.2
1197,53,6,2021-07-17 14:16:33,27.9009,91.15146,28.0009,91.25146,28.0009,91.15146,27.9009,91.25146,Sentinel-1A,SAR,24.9,63.9,Analysis Ready,S2_001197.tif,2.71
1198,43,5,2020-10-05 18:11:36,29.74469,97.40864,29.84469,97.50864,29.84469,97.40864,29.74469,97.50864,Sentinel-2A,Optical,26.3,53.3,Analysis Ready,S2_001198.tif,3.97
1199,58,7,2021-11-25 00:47:08,27.4003,94.82961,27.5003,94.92961,27.5003,94.82961,27.4003,94.92961,Landsat-9,Optical,3.7,93.4,Analysis Ready,S2_001199.tif,0.28
1200,44,5,2022-01-09 12:45:30,28.8645,98.96604,28.9645,99.06604,28.9645,98.96604,28.8645,99.06604,Landsat-9,Optical,28.7,95.0,Analysis Ready,S2_001200.tif,0.27
1201,52,6,2022-10-02 05:35:01,28.19656,99.2832,28.29656,99.3832,28.29656,99.2832,28.19656,99.3832,Landsat-8,Optical,17.7,6.5,Raw,S2_001201.tif,4.53
1202,28,3,2021-06-10 18:29:28,28.79501,93.23213,28.89501,93.33213,28.89501,93.23213,28.79501,93.33213,Sentinel-2A,Optical,7.0,46.0,Analysis Ready,S2_001202.tif,4.49
1203,13,2,2018-04-06 15:46:12,26.71413,99.73974,26.81413,99.83974,26.81413,99.73974,26.71413,99.83974,Sentinel-2B,Optical,12.0,54.6,Preprocessed,S2_001203.tif,2.39
1204,37,4,2020-09-26 11:14:33,27.17873,95.10084,27.27873,95.20084,27.27873,95.10084,27.17873,95.20084,Sentinel-2A,Optical,16.9,19.4,Raw,S2_001204.tif,1.52
1205,36,4,2022-10-10 21:44:18,25.03327,90.43411,25.13327,90.53411,25.13327,90.43411,25.03327,90.53411,Sentinel-2A,Optical,29.2,58.8,Preprocessed,S2_001205.tif,4.02
1206,1,1,2019-04-13 20:31:46,27.14733,90.14879,27.24733,90.24879,27.24733,90.14879,27.14733,90.24879,Sentinel-2A,Optical,27.2,30.6,Analysis Ready,S2_001206.tif,4.07
1207,28,3,2023-11-20 00:17:44,29.20553,93.36687,29.30553,93.46687,29.30553,93.36687,29.20553,93.46687,RESOURCESAT-2,Optical,15.0,65.2,Raw,S2_001207.tif,1.12
1208,49,6,2018-09-18 14:08:05,29.79125,98.95112,29.89125,99.05112,29.89125,98.95112,29.79125,99.05112,Sentinel-1B,SAR,25.6,98.4,Raw,S2_001208.tif,0.11
1209,16,2,2021-01-01 19:04:38,23.9036,91.16128,24.0036,91.26128,24.0036,91.16128,23.9036,91.26128,Sentinel-1B,SAR,9.1,97.1,Preprocessed,S2_001209.tif,1.56
1210,37,4,2018-05-26 12:49:55,27.17734,94.32836,27.27734,94.42836,27.27734,94.32836,27.17734,94.42836,Landsat-8,Optical,13.4,0.6,Analysis Ready,S2_001210.tif,4.56
1211,60,8,2018-01-07 18:45:56,24.50925,95.47418,24.60925,95.57418,24.60925,95.47418,24.50925,95.57418,Sentinel-1A,SAR,20.2,29.5,Raw,S2_001211.tif,2.7
1212,9,1,2022-06-28 08:58:42,27.38056,93.24184,27.48056,93.34184,27.48056,93.24184,27.38056,93.34184,Sentinel-2B,Optical,19.5,86.3,Raw,S2_001212.tif,0.36
1213,2,1,2020-08-24 07:27:43,23.84392,91.59862,23.94392,91.69862,23.94392,91.59862,23.84392,91.69862,Sentinel-1A,SAR,25.4,16.5,Raw,S2_001213.tif,2.94
1214,60,8,2024-11-15 18:57:08,24.29982,95.9139,24.39982,96.0139,24.39982,95.9139,24.29982,96.0139,Sentinel-2B,Optical,11.2,70.7,Raw,S2_001214.tif,3.73
1215,13,2,2021-07-08 02:39:55,26.77651,99.81766,26.87651,99.91766,26.87651,99.81766,26.77651,99.91766,Sentinel-2B,Optical,15.2,21.4,Preprocessed,S2_001215.tif,3.09
1216,47,6,2018-07-30 16:23:01,30.06365,98.85169,30.16365,98.95169,30.16365,98.85169,30.06365,98.95169,Landsat-9,Optical,14.2,35.7,Analysis Ready,S2_001216.tif,1.12
1217,30,3,2021-05-12 04:54:02,25.69084,92.69857,25.79084,92.79857,25.79084,92.69857,25.69084,92.79857,Sentinel-1A,SAR,19.3,57.6,Analysis Ready,S2_001217.tif,2.16
1218,39,4,2018-07-31 00:38:22,27.67927,90.86062,27.77927,90.96062,27.77927,90.86062,27.67927,90.96062,Landsat-8,Optical,17.6,45.4,Raw,S2_001218.tif,2.18
1219,43,5,2019-12-17 01:01:21,29.50044,97.62229,29.60044,97.72229,29.60044,97.62229,29.50044,97.72229,Sentinel-1B,SAR,17.2,67.8,Analysis Ready,S2_001219.tif,2.35
1220,33,4,2022-10-12 02:01:43,23.46572,99.56201,23.56572,99.66201,23.56572,99.56201,23.46572,99.66201,Sentinel-2A,Optical,17.6,19.8,Preprocessed,S2_001220.tif,1.49
1221,15,2,2024-11-28 16:08:24,26.49176,98.19774,26.59176,98.29774,26.59176,98.19774,26.49176,98.29774,Sentinel-1B,SAR,4.3,89.9,Raw,S2_001221.tif,4.69
1222,35,4,2021-01-17 11:36:51,22.84152,91.79128,22.94152,91.89128,22.94152,91.79128,22.84152,91.89128,Landsat-8,Optical,5.5,6.1,Preprocessed,S2_001222.tif,2.15
1223,19,2,2021-06-15 21:47:06,24.30385,95.96791,24.40385,96.06791,24.40385,95.96791,24.30385,96.06791,Landsat-9,Optical,15.7,9.0,Analysis Ready,S2_001223.tif,2.95
1224,57,7,2020-02-24 18:19:26,23.22098,92.87823,23.32098,92.97823,23.32098,92.87823,23.22098,92.97823,Landsat-9,Optical,14.5,37.3,Preprocessed,S2_001224.tif,1.6
1225,5,1,2023-08-05 16:16:32,24.14979,95.46588,24.24979,95.56588,24.24979,95.46588,24.14979,95.56588,Sentinel-1A,SAR,6.6,22.6,Preprocessed,S2_001225.tif,4.31
1226,48,6,2023-03-21 07:48:46,26.9124,94.83454,27.0124,94.93454,27.0124,94.83454,26.9124,94.93454,Sentinel-1A,SAR,23.2,95.6,Analysis Ready,S2_001226.tif,0.89
1227,28,3,2021-09-11 00:48:26,29.42337,93.60981,29.52337,93.70981,29.52337,93.60981,29.42337,93.70981,RESOURCESAT-2,Optical,21.3,29.6,Analysis Ready,S2_001227.tif,1.56
1228,43,5,2023-06-29 19:14:15,29.53337,97.67069,29.63337,97.77069,29.63337,97.67069,29.53337,97.77069,Landsat-9,Optical,18.1,62.7,Preprocessed,S2_001228.tif,0.79
1229,56,7,2024-12-01 21:21:41,29.39638,97.89902,29.49638,97.99902,29.49638,97.89902,29.39638,97.99902,RESOURCESAT-2,Optical,25.1,47.0,Raw,S2_001229.tif,3.56
1230,52,6,2022-10-27 14:11:22,28.10776,99.46692,28.20776,99.56692,28.20776,99.46692,28.10776,99.56692,Sentinel-2A,Optical,19.5,92.2,Raw,S2_001230.tif,4.16
1231,25,3,2021-05-26 01:54:01,26.00244,96.61691,26.10244,96.71691,26.10244,96.61691,26.00244,96.71691,Sentinel-1B,SAR,11.7,73.2,Preprocessed,S2_001231.tif,4.99
1232,17,2,2018-03-04 09:38:10,23.798,93.3067,23.898,93.4067,23.898,93.3067,23.798,93.4067,Sentinel-1A,SAR,27.3,88.0,Raw,S2_001232.tif,1.74
1233,29,3,2019-05-09 19:30:01,25.63765,98.4695,25.73765,98.5695,25.73765,98.4695,25.63765,98.5695,Sentinel-2B,Optical,7.1,31.6,Preprocessed,S2_001233.tif,2.11
1234,13,2,2020-03-01 05:01:06,25.94832,100.05271,26.04832,100.15271,26.04832,100.05271,25.94832,100.15271,Sentinel-1A,SAR,29.8,15.8,Raw,S2_001234.tif,0.72
1235,12,1,2021-07-25 02:03:08,26.95809,98.41883,27.05809,98.51883,27.05809,98.41883,26.95809,98.51883,RESOURCESAT-2,Optical,22.9,7.5,Analysis Ready,S2_001235.tif,1.28
1236,27,3,2022-10-14 09:30:33,24.75831,90.51135,24.85831,90.61135,24.85831,90.51135,24.75831,90.61135,Landsat-8,Optical,15.4,34.8,Raw,S2_001236.tif,3.84
1237,39,4,2020-12-14 08:15:11,27.24653,90.93687,27.34653,91.03687,27.34653,90.93687,27.24653,91.03687,Landsat-8,Optical,19.5,52.2,Preprocessed,S2_001237.tif,0.78
1238,56,7,2021-07-07 13:52:40,29.16206,97.85505,29.26206,97.95505,29.26206,97.85505,29.16206,97.95505,Sentinel-2B,Optical,3.8,74.0,Preprocessed,S2_001238.tif,1.37
1239,18,2,2021-11-10 21:33:22,28.99077,98.32356,29.09077,98.42356,29.09077,98.32356,28.99077,98.42356,Sentinel-2A,Optical,9.5,7.6,Preprocessed,S2_001239.tif,2.67
1240,57,7,2024-12-03 01:59:41,23.93367,92.92665,24.03367,93.02665,24.03367,92.92665,23.93367,93.02665,Sentinel-2A,Optical,20.3,79.9,Analysis Ready,S2_001240.tif,0.16
1241,33,4,2021-05-07 04:27:45,23.42111,99.8236,23.52111,99.9236,23.52111,99.8236,23.42111,99.9236,RESOURCESAT-2,Optical,28.1,11.4,Raw,S2_001241.tif,0.87
1242,4,1,2021-12-05 11:23:37,26.5705,90.51974,26.6705,90.61974,26.6705,90.51974,26.5705,90.61974,RESOURCESAT-2,Optical,18.7,4.2,Analysis Ready,S2_001242.tif,2.98
1243,40,5,2024-03-08 12:12:41,28.08782,98.17235,28.18782,98.27235,28.18782,98.17235,28.08782,98.27235,Landsat-8,Optical,10.9,0.3,Preprocessed,S2_001243.tif,0.34
1244,62,8,2020-06-28 06:30:04,27.28007,91.88827,27.38007,91.98827,27.38007,91.88827,27.28007,91.98827,Sentinel-2B,Optical,26.7,69.6,Raw,S2_001244.tif,1.66
1245,18,2,2022-03-22 06:30:03,28.35996,98.71843,28.45996,98.81843,28.45996,98.71843,28.35996,98.81843,Sentinel-1B,SAR,29.7,16.3,Analysis Ready,S2_001245.tif,0.24
1246,31,3,2022-03-28 17:36:44,28.25419,95.30506,28.35419,95.40506,28.35419,95.30506,28.25419,95.40506,Landsat-8,Optical,4.3,43.4,Preprocessed,S2_001246.tif,1.16
1247,16,2,2018-05-04 18:04:29,23.65539,90.81313,23.75539,90.91313,23.75539,90.81313,23.65539,90.91313,Landsat-9,Optical,23.8,7.3,Raw,S2_001247.tif,3.0
1248,50,6,2019-03-01 03:01:42,23.82801,92.51454,23.92801,92.61454,23.92801,92.51454,23.82801,92.61454,Landsat-9,Optical,14.6,73.6,Analysis Ready,S2_001248.tif,2.73
1249,56,7,2018-01-26 12:57:49,29.42757,97.32962,29.52757,97.42962,29.52757,97.32962,29.42757,97.42962,Sentinel-2A,Optical,6.9,26.1,Analysis Ready,S2_001249.tif,1.06
1250,21,2,2024-11-04 06:35:03,23.89701,99.53376,23.99701,99.63376,23.99701,99.53376,23.89701,99.63376,Sentinel-2B,Optical,3.5,62.3,Preprocessed,S2_001250.tif,1.49
1251,55,7,2018-12-23 22:38:27,29.03731,93.92904,29.13731,94.02904,29.13731,93.92904,29.03731,94.02904,RESOURCESAT-2,Optical,24.7,22.5,Analysis Ready,S2_001251.tif,3.93
1252,53,6,2018-06-26 03:57:02,28.32031,91.60731,28.42031,91.70731,28.42031,91.60731,28.32031,91.70731,Sentinel-2B,Optical,8.2,72.6,Preprocessed,S2_001252.tif,2.12
1253,21,2,2020-07-20 21:02:49,24.32363,98.88953,24.42363,98.98953,24.42363,98.88953,24.32363,98.98953,Landsat-9,Optical,4.2,65.7,Preprocessed,S2_001253.tif,4.84
1254,60,8,2018-07-19 08:31:34,24.56472,96.11865,24.66472,96.21865,24.66472,96.11865,24.56472,96.21865,Sentinel-2A,Optical,17.1,50.6,Analysis Ready,S2_001254.tif,3.35
1255,28,3,2024-11-26 23:09:34,28.52945,93.5186,28.62945,93.6186,28.62945,93.5186,28.52945,93.6186,Sentinel-2B,Optical,11.0,19.3,Preprocessed,S2_001255.tif,3.4
1256,16,2,2020-04-15 10:42:50,23.72426,90.37785,23.82426,90.47785,23.82426,90.37785,23.72426,90.47785,RESOURCESAT-2,Optical,10.7,77.4,Raw,S2_001256.tif,4.49
1257,17,2,2019-10-07 03:52:06,23.88432,93.21793,23.98432,93.31793,23.98432,93.21793,23.88432,93.31793,Sentinel-1A,SAR,8.7,73.2,Analysis Ready,S2_001257.tif,4.44
1258,21,2,2021-08-12 14:14:57,24.08186,99.48744,24.18186,99.58744,24.18186,99.48744,24.08186,99.58744,RESOURCESAT-2,Optical,22.4,31.1,Analysis Ready,S2_001258.tif,0.68
1259,54,6,2021-07-07 20:17:36,29.9985,92.03866,30.0985,92.13866,30.0985,92.03866,29.9985,92.13866,Sentinel-2B,Optical,11.0,17.2,Analysis Ready,S2_001259.tif,4.24
1260,8,1,2018-09-09 04:16:27,24.14825,98.5373,24.24825,98.6373,24.24825,98.5373,24.14825,98.6373,RESOURCESAT-2,Optical,7.7,74.1,Analysis Ready,S2_001260.tif,0.69
1261,57,7,2018-03-13 23:42:02,23.4414,93.42624,23.5414,93.52624,23.5414,93.42624,23.4414,93.52624,Sentinel-2B,Optical,3.9,17.7,Preprocessed,S2_001261.tif,4.42
1262,2,1,2021-05-21 01:16:08,23.95921,91.62481,24.05921,91.72481,24.05921,91.62481,23.95921,91.72481,RESOURCESAT-2,Optical,30.0,9.9,Preprocessed,S2_001262.tif,4.96
1263,37,4,2019-11-18 05:02:54,26.66932,94.24392,26.76932,94.34392,26.76932,94.24392,26.66932,94.34392,Landsat-8,Optical,8.7,26.5,Preprocessed,S2_001263.tif,0.51
1264,38,4,2022-06-05 11:09:15,29.98846,98.72437,30.08846,98.82437,30.08846,98.72437,29.98846,98.82437,Landsat-8,Optical,24.8,46.0,Analysis Ready,S2_001264.tif,1.55
1265,9,1,2020-05-04 17:26:28,27.10053,93.16779,27.20053,93.26779,27.20053,93.16779,27.10053,93.26779,Sentinel-1B,SAR,26.5,73.9,Analysis Ready,S2_001265.tif,3.68
1266,12,1,2019-02-09 05:03:42,27.05907,98.03444,27.15907,98.13444,27.15907,98.03444,27.05907,98.13444,Sentinel-2B,Optical,25.8,99.3,Preprocessed,S2_001266.tif,2.3
1267,55,7,2023-09-21 03:52:32,28.58178,93.83174,28.68178,93.93174,28.68178,93.83174,28.58178,93.93174,Sentinel-1A,SAR,3.2,88.0,Preprocessed,S2_001267.tif,0.76
1268,57,7,2024-06-13 23:50:54,23.21061,93.54442,23.31061,93.64442,23.31061,93.54442,23.21061,93.64442,Landsat-8,Optical,21.2,65.2,Raw,S2_001268.tif,3.19
1269,24,3,2024-08-31 02:03:31,24.38359,98.75655,24.48359,98.85655,24.48359,98.75655,24.38359,98.85655,Sentinel-2B,Optical,8.2,9.8,Preprocessed,S2_001269.tif,3.84
1270,15,2,2024-06-08 07:55:49,27.07599,98.15262,27.17599,98.25262,27.17599,98.15262,27.07599,98.25262,Sentinel-1A,SAR,8.8,60.9,Preprocessed,S2_001270.tif,4.9
1271,4,1,2018-12-21 21:41:23,26.52131,90.57522,26.62131,90.67522,26.62131,90.57522,26.52131,90.67522,Landsat-8,Optical,21.6,89.9,Analysis Ready,S2_001271.tif,0.69
1272,6,1,2023-08-20 06:35:13,26.05613,97.54811,26.15613,97.64811,26.15613,97.54811,26.05613,97.64811,Sentinel-2B,Optical,5.1,22.6,Raw,S2_001272.tif,3.41
1273,42,5,2018-03-24 11:18:27,21.55353,96.87447,21.65353,96.97447,21.65353,96.87447,21.55353,96.97447,RESOURCESAT-2,Optical,19.7,61.7,Raw,S2_001273.tif,3.32
1274,39,4,2023-01-04 12:53:12,27.72259,91.60971,27.82259,91.70971,27.82259,91.60971,27.72259,91.70971,Landsat-8,Optical,17.6,57.7,Analysis Ready,S2_001274.tif,2.13
1275,56,7,2022-10-01 00:50:59,29.65225,97.69316,29.75225,97.79316,29.75225,97.69316,29.65225,97.79316,Landsat-9,Optical,6.2,14.9,Raw,S2_001275.tif,1.28
1276,32,3,2022-04-06 16:23:50,25.4035,96.05347,25.5035,96.15347,25.5035,96.05347,25.4035,96.15347,RESOURCESAT-2,Optical,5.9,55.0,Preprocessed,S2_001276.tif,2.17
1277,23,3,2021-04-30 17:07:00,27.75219,92.12158,27.85219,92.22158,27.85219,92.12158,27.75219,92.22158,RESOURCESAT-2,Optical,17.3,0.6,Preprocessed,S2_001277.tif,0.43
1278,45,5,2024-04-02 04:23:43,28.47217,95.51455,28.57217,95.61455,28.57217,95.51455,28.47217,95.61455,Sentinel-2A,Optical,26.0,37.3,Preprocessed,S2_001278.tif,3.06
1279,54,6,2022-02-03 16:29:45,29.57638,91.66862,29.67638,91.76862,29.67638,91.66862,29.57638,91.76862,Landsat-9,Optical,12.5,29.2,Raw,S2_001279.tif,1.67
1280,17,2,2024-10-22 20:28:35,23.66545,92.92545,23.76545,93.02545,23.76545,92.92545,23.66545,93.02545,Sentinel-1A,SAR,8.6,95.4,Raw,S2_001280.tif,3.54
1281,59,8,2023-12-06 09:26:50,25.26532,92.88446,25.36532,92.98446,25.36532,92.88446,25.26532,92.98446,Sentinel-2A,Optical,20.4,29.1,Raw,S2_001281.tif,2.73
1282,23,3,2022-08-01 21:18:08,28.29839,92.12885,28.39839,92.22885,28.39839,92.12885,28.29839,92.22885,Sentinel-2B,Optical,29.6,92.4,Analysis Ready,S2_001282.tif,4.78
1283,47,6,2021-08-27 08:00:35,29.98521,99.45403,30.08521,99.55403,30.08521,99.45403,29.98521,99.55403,Sentinel-1B,SAR,28.8,8.9,Raw,S2_001283.tif,0.5
1284,58,7,2018-08-27 14:11:22,27.36865,94.09468,27.46865,94.19468,27.46865,94.09468,27.36865,94.19468,Landsat-9,Optical,3.7,23.3,Preprocessed,S2_001284.tif,1.83
1285,55,7,2021-07-20 11:51:06,29.19546,93.95672,29.29546,94.05672,29.29546,93.95672,29.19546,94.05672,Sentinel-1A,SAR,11.1,75.6,Preprocessed,S2_001285.tif,1.23
1286,41,5,2022-04-08 06:29:24,23.13468,94.28841,23.23468,94.38841,23.23468,94.28841,23.13468,94.38841,Landsat-8,Optical,3.0,68.9,Analysis Ready,S2_001286.tif,3.62
1287,3,1,2023-04-10 05:08:24,26.94719,99.31839,27.04719,99.41839,27.04719,99.31839,26.94719,99.41839,Landsat-9,Optical,27.3,13.9,Raw,S2_001287.tif,4.21
1288,24,3,2018-02-07 11:45:42,24.63408,99.25732,24.73408,99.35732,24.73408,99.25732,24.63408,99.35732,Sentinel-1B,SAR,21.7,70.9,Preprocessed,S2_001288.tif,3.53
1289,60,8,2022-03-02 22:11:12,24.72716,95.55743,24.82716,95.65743,24.82716,95.55743,24.72716,95.65743,Sentinel-2A,Optical,18.0,86.6,Analysis Ready,S2_001289.tif,2.48
1290,39,4,2019-10-25 13:15:28,27.23952,91.08887,27.33952,91.18887,27.33952,91.08887,27.23952,91.18887,Sentinel-2B,Optical,13.9,24.2,Raw,S2_001290.tif,3.7
1291,29,3,2021-12-25 08:47:35,26.38104,98.88665,26.48104,98.98665,26.48104,98.88665,26.38104,98.98665,Landsat-8,Optical,10.9,56.2,Analysis Ready,S2_001291.tif,3.34
1292,26,3,2019-06-17 08:23:29,23.71365,90.57546,23.81365,90.67546,23.81365,90.57546,23.71365,90.67546,Landsat-9,Optical,19.9,71.5,Analysis Ready,S2_001292.tif,4.73
1293,51,6,2023-07-17 16:44:40,29.94299,91.11386,30.04299,91.21386,30.04299,91.11386,29.94299,91.21386,Sentinel-2B,Optical,15.8,96.9,Analysis Ready,S2_001293.tif,3.71
1294,55,7,2023-06-26 00:32:53,28.74059,93.951,28.84059,94.051,28.84059,93.951,28.74059,94.051,Sentinel-2A,Optical,8.8,40.7,Raw,S2_001294.tif,2.97
1295,6,1,2023-08-08 02:35:53,26.35773,97.62498,26.45773,97.72498,26.45773,97.62498,26.35773,97.72498,Sentinel-1A,SAR,5.3,84.0,Raw,S2_001295.tif,3.32
1296,41,5,2020-11-12 01:46:21,22.58422,93.90821,22.68422,94.00821,22.68422,93.90821,22.58422,94.00821,Landsat-8,Optical,13.1,44.2,Raw,S2_001296.tif,2.8
1297,22,2,2018-04-22 18:14:31,22.51843,96.64579,22.61843,96.74579,22.61843,96.64579,22.51843,96.74579,Sentinel-1A,SAR,10.3,61.0,Preprocessed,S2_001297.tif,0.15
1298,16,2,2024-01-26 01:44:32,23.96366,91.09817,24.06366,91.19817,24.06366,91.09817,23.96366,91.19817,Sentinel-2A,Optical,27.8,29.8,Preprocessed,S2_001298.tif,2.37
1299,51,6,2023-12-05 05:27:41,29.2013,90.96194,29.3013,91.06194,29.3013,90.96194,29.2013,91.06194,Sentinel-2B,Optical,24.2,71.2,Preprocessed,S2_001299.tif,3.23
1300,27,3,2019-01-07 15:27:03,25.50677,90.27676,25.60677,90.37676,25.60677,90.27676,25.50677,90.37676,Sentinel-1B,SAR,11.9,11.8,Raw,S2_001300.tif,4.0
1301,53,6,2024-06-16 05:32:12,28.02915,90.98438,28.12915,91.08438,28.12915,90.98438,28.02915,91.08438,Sentinel-1B,SAR,11.9,34.5,Raw,S2_001301.tif,2.19
1302,18,2,2023-10-11 18:48:48,28.97411,98.93422,29.07411,99.03422,29.07411,98.93422,28.97411,99.03422,Sentinel-1A,SAR,29.7,51.1,Preprocessed,S2_001302.tif,2.35
1303,44,5,2020-08-13 22:42:08,29.77946,98.39947,29.87946,98.49947,29.87946,98.39947,29.77946,98.49947,Sentinel-1B,SAR,12.3,90.7,Preprocessed,S2_001303.tif,4.11
1304,27,3,2019-07-08 07:19:28,25.59042,90.80054,25.69042,90.90054,25.69042,90.80054,25.59042,90.90054,Sentinel-1A,SAR,22.9,83.6,Analysis Ready,S2_001304.tif,2.92
1305,29,3,2018-05-10 10:27:30,25.50125,98.45068,25.60125,98.55068,25.60125,98.45068,25.50125,98.55068,Sentinel-2A,Optical,12.2,25.8,Analysis Ready,S2_001305.tif,3.28
1306,36,4,2020-07-21 04:36:21,25.78281,90.61562,25.88281,90.71562,25.88281,90.61562,25.78281,90.71562,RESOURCESAT-2,Optical,7.4,48.9,Raw,S2_001306.tif,3.86
1307,48,6,2020-01-24 15:53:36,26.38085,95.03639,26.48085,95.13639,26.48085,95.03639,26.38085,95.13639,Landsat-8,Optical,26.1,38.5,Raw,S2_001307.tif,2.01
1308,10,1,2022-09-09 09:56:04,23.56831,98.03365,23.66831,98.13365,23.66831,98.03365,23.56831,98.13365,Sentinel-2B,Optical,23.4,95.5,Raw,S2_001308.tif,1.35
1309,42,5,2019-10-14 01:20:58,22.41267,97.69599,22.51267,97.79599,22.51267,97.69599,22.41267,97.79599,Landsat-8,Optical,19.1,95.0,Analysis Ready,S2_001309.tif,0.45
1310,50,6,2021-11-15 05:07:59,24.29107,92.05207,24.39107,92.15207,24.39107,92.05207,24.29107,92.15207,Landsat-8,Optical,17.0,72.7,Preprocessed,S2_001310.tif,1.47
1311,58,7,2020-02-18 09:01:53,26.88633,93.93758,26.98633,94.03758,26.98633,93.93758,26.88633,94.03758,Sentinel-1A,SAR,8.5,24.0,Raw,S2_001311.tif,0.35
1312,36,4,2018-07-08 16:42:19,24.90784,91.00557,25.00784,91.10557,25.00784,91.00557,24.90784,91.10557,Sentinel-2A,Optical,7.7,59.0,Analysis Ready,S2_001312.tif,3.83
1313,53,6,2022-08-11 15:00:51,28.03196,90.91908,28.13196,91.01908,28.13196,90.91908,28.03196,91.01908,Sentinel-2B,Optical,10.6,56.3,Preprocessed,S2_001313.tif,0.94
1314,3,1,2020-05-21 07:42:04,27.68936,98.93593,27.78936,99.03593,27.78936,98.93593,27.68936,99.03593,Sentinel-2B,Optical,28.4,88.9,Analysis Ready,S2_001314.tif,4.19
1315,61,8,2018-02-24 13:03:07,27.19793,89.91282,27.29793,90.01282,27.29793,89.91282,27.19793,90.01282,Sentinel-2A,Optical,22.8,28.0,Preprocessed,S2_001315.tif,0.4
1316,55,7,2018-11-11 12:56:06,28.8653,94.09934,28.9653,94.19934,28.9653,94.09934,28.8653,94.19934,Sentinel-1A,SAR,29.2,18.0,Raw,S2_001316.tif,1.55
1317,18,2,2022-01-17 02:36:33,28.87656,99.09986,28.97656,99.19986,28.97656,99.09986,28.87656,99.19986,Sentinel-1B,SAR,24.5,79.2,Analysis Ready,S2_001317.tif,1.2
1318,58,7,2021-08-21 23:58:30,27.40035,94.62403,27.50035,94.72403,27.50035,94.62403,27.40035,94.72403,RESOURCESAT-2,Optical,27.0,91.3,Preprocessed,S2_001318.tif,3.53
1319,10,1,2023-01-21 04:29:05,23.50132,97.51627,23.60132,97.61627,23.60132,97.51627,23.50132,97.61627,RESOURCESAT-2,Optical,18.0,77.2,Analysis Ready,S2_001319.tif,4.35
1320,8,1,2022-07-18 02:10:01,24.15319,98.44713,24.25319,98.54713,24.25319,98.44713,24.15319,98.54713,Landsat-8,Optical,24.3,81.3,Raw,S2_001320.tif,2.54
1321,36,4,2019-03-25 05:35:19,25.76056,90.32936,25.86056,90.42936,25.86056,90.32936,25.76056,90.42936,Sentinel-1B,SAR,13.2,72.7,Analysis Ready,S2_001321.tif,0.02
1322,19,2,2018-08-04 18:50:23,24.44551,96.12002,24.54551,96.22002,24.54551,96.12002,24.44551,96.22002,Landsat-8,Optical,16.7,29.1,Analysis Ready,S2_001322.tif,3.52
1323,48,6,2022-02-28 13:23:38,26.56586,94.60337,26.66586,94.70337,26.66586,94.60337,26.56586,94.70337,RESOURCESAT-2,Optical,12.8,81.3,Analysis Ready,S2_001323.tif,2.84
1324,46,5,2019-06-05 01:32:11,23.57738,97.32621,23.67738,97.42621,23.67738,97.32621,23.57738,97.42621,Landsat-8,Optical,26.4,66.9,Preprocessed,S2_001324.tif,4.86
1325,20,2,2018-08-24 14:29:02,23.79734,93.83437,23.89734,93.93437,23.89734,93.83437,23.79734,93.93437,Sentinel-1B,SAR,24.1,49.2,Preprocessed,S2_001325.tif,1.58
1326,15,2,2024-07-02 07:44:54,27.12996,98.2956,27.22996,98.3956,27.22996,98.2956,27.12996,98.3956,Sentinel-2B,Optical,5.6,8.3,Analysis Ready,S2_001326.tif,3.15
1327,2,1,2018-03-01 02:32:45,23.98124,91.18809,24.08124,91.28809,24.08124,91.18809,23.98124,91.28809,Sentinel-1A,SAR,23.4,46.9,Raw,S2_001327.tif,3.82
1328,33,4,2022-08-13 07:51:13,24.12492,100.32413,24.22492,100.42413,24.22492,100.32413,24.12492,100.42413,Sentinel-1B,SAR,16.9,79.4,Preprocessed,S2_001328.tif,3.37
1329,40,5,2022-04-23 09:41:03,27.6021,98.0893,27.7021,98.1893,27.7021,98.0893,27.6021,98.1893,Sentinel-2B,Optical,8.6,22.7,Preprocessed,S2_001329.tif,0.91
1330,16,2,2024-10-17 20:26:46,23.83367,90.28142,23.93367,90.38142,23.93367,90.28142,23.83367,90.38142,Sentinel-1B,SAR,12.7,19.7,Preprocessed,S2_001330.tif,3.51
1331,41,5,2021-12-13 22:02:13,22.62955,94.73996,22.72955,94.83996,22.72955,94.73996,22.62955,94.83996,Landsat-8,Optical,12.6,61.8,Raw,S2_001331.tif,4.94
1332,47,6,2024-12-20 09:41:51,29.35645,98.77385,29.45645,98.87385,29.45645,98.77385,29.35645,98.87385,Sentinel-2B,Optical,14.6,42.4,Raw,S2_001332.tif,4.63
1333,42,5,2023-10-10 02:24:48,21.61335,97.71547,21.71335,97.81547,21.71335,97.71547,21.61335,97.81547,RESOURCESAT-2,Optical,7.2,93.2,Preprocessed,S2_001333.tif,2.0
1334,29,3,2020-03-01 20:52:57,25.50678,99.23831,25.60678,99.33831,25.60678,99.23831,25.50678,99.33831,Sentinel-1A,SAR,11.1,43.5,Analysis Ready,S2_001334.tif,1.06
1335,39,4,2023-05-19 05:52:13,27.2139,91.46156,27.3139,91.56156,27.3139,91.46156,27.2139,91.56156,Sentinel-1A,SAR,17.6,57.8,Preprocessed,S2_001335.tif,3.07
1336,18,2,2023-10-22 19:19:31,29.03937,98.71817,29.13937,98.81817,29.13937,98.71817,29.03937,98.81817,Sentinel-1B,SAR,24.9,92.8,Preprocessed,S2_001336.tif,4.76
1337,31,3,2021-10-20 13:04:32,27.71899,95.53684,27.81899,95.63684,27.81899,95.53684,27.71899,95.63684,Landsat-9,Optical,29.3,59.4,Analysis Ready,S2_001337.tif,4.17
1338,11,1,2018-12-27 13:37:32,22.34062,90.86087,22.44062,90.96087,22.44062,90.86087,22.34062,90.96087,Sentinel-1B,SAR,10.7,69.1,Preprocessed,S2_001338.tif,4.0
1339,9,1,2020-08-11 07:29:01,27.76436,93.09372,27.86436,93.19372,27.86436,93.09372,27.76436,93.19372,Sentinel-1A,SAR,29.4,96.5,Preprocessed,S2_001339.tif,2.28
1340,9,1,2022-02-10 18:36:39,27.08949,93.06292,27.18949,93.16292,27.18949,93.06292,27.08949,93.16292,RESOURCESAT-2,Optical,29.1,30.5,Raw,S2_001340.tif,4.94
1341,47,6,2020-05-06 02:24:32,29.26651,98.87369,29.36651,98.97369,29.36651,98.87369,29.26651,98.97369,Sentinel-1A,SAR,12.5,59.3,Analysis Ready,S2_001341.tif,4.58
1342,51,6,2021-04-13 09:18:27,29.32449,91.25172,29.42449,91.35172,29.42449,91.25172,29.32449,91.35172,Sentinel-2B,Optical,3.1,62.4,Raw,S2_001342.tif,0.29
1343,15,2,2024-08-19 07:26:01,26.58952,98.69802,26.68952,98.79802,26.68952,98.69802,26.58952,98.79802,Sentinel-1B,SAR,17.4,54.2,Raw,S2_001343.tif,1.55
1344,34,4,2020-06-27 15:48:45,26.20651,97.11303,26.30651,97.21303,26.30651,97.11303,26.20651,97.21303,Sentinel-2B,Optical,15.3,98.3,Preprocessed,S2_001344.tif,1.02
1345,14,2,2024-06-14 11:13:13,23.09187,93.39292,23.19187,93.49292,23.19187,93.39292,23.09187,93.49292,Sentinel-2B,Optical,15.5,73.2,Analysis Ready,S2_001345.tif,2.44
1346,53,6,2022-10-08 23:05:52,28.58605,91.46236,28.68605,91.56236,28.68605,91.46236,28.58605,91.56236,Landsat-9,Optical,19.2,78.6,Analysis Ready,S2_001346.tif,0.42
1347,46,5,2022-03-28 10:01:02,22.90469,97.50355,23.00469,97.60355,23.00469,97.50355,22.90469,97.60355,RESOURCESAT-2,Optical,19.9,86.5,Raw,S2_001347.tif,4.87
1348,41,5,2020-11-05 20:36:27,22.67237,94.05001,22.77237,94.15001,22.77237,94.05001,22.67237,94.15001,Sentinel-2B,Optical,21.1,62.5,Preprocessed,S2_001348.tif,0.42
1349,36,4,2020-04-06 19:30:37,25.35715,90.66002,25.45715,90.76002,25.45715,90.66002,25.35715,90.76002,Sentinel-2B,Optical,6.3,92.6,Preprocessed,S2_001349.tif,3.25
1350,10,1,2020-02-06 16:06:12,23.94518,97.57535,24.04518,97.67535,24.04518,97.57535,23.94518,97.67535,Sentinel-2A,Optical,8.3,92.4,Preprocessed,S2_001350.tif,1.25
1351,10,1,2018-01-17 02:31:57,24.05096,97.20802,24.15096,97.30802,24.15096,97.20802,24.05096,97.30802,Sentinel-1A,SAR,4.8,31.1,Analysis Ready,S2_001351.tif,2.75
1352,39,4,2023-01-27 20:55:03,27.8697,91.43756,27.9697,91.53756,27.9697,91.43756,27.8697,91.53756,Sentinel-1A,SAR,8.9,9.2,Analysis Ready,S2_001352.tif,4.0
1353,23,3,2019-07-10 04:52:54,28.22217,91.30119,28.32217,91.40119,28.32217,91.30119,28.22217,91.40119,Sentinel-2B,Optical,14.6,0.3,Preprocessed,S2_001353.tif,1.39
1354,43,5,2020-04-25 04:35:48,29.79927,97.13943,29.89927,97.23943,29.89927,97.13943,29.79927,97.23943,Sentinel-1B,SAR,22.1,71.7,Preprocessed,S2_001354.tif,4.78
1355,45,5,2019-03-05 14:39:08,29.18427,95.3705,29.28427,95.4705,29.28427,95.3705,29.18427,95.4705,Sentinel-1B,SAR,18.7,34.2,Preprocessed,S2_001355.tif,2.35
1356,60,8,2023-06-09 00:50:20,25.01676,95.7475,25.11676,95.8475,25.11676,95.7475,25.01676,95.8475,Landsat-8,Optical,8.1,6.4,Preprocessed,S2_001356.tif,1.11
1357,6,1,2024-08-23 20:10:32,26.64563,97.56482,26.74563,97.66482,26.74563,97.56482,26.64563,97.66482,Sentinel-2B,Optical,6.3,78.7,Preprocessed,S2_001357.tif,0.27
1358,36,4,2022-06-26 09:26:58,25.40084,90.53442,25.50084,90.63442,25.50084,90.53442,25.40084,90.63442,RESOURCESAT-2,Optical,16.1,45.8,Raw,S2_001358.tif,3.03
1359,52,6,2023-02-23 20:00:42,28.61606,100.24157,28.71606,100.34157,28.71606,100.24157,28.61606,100.34157,Sentinel-2B,Optical,12.9,47.0,Analysis Ready,S2_001359.tif,0.31
1360,40,5,2023-11-24 01:24:50,28.07281,97.5369,28.17281,97.6369,28.17281,97.5369,28.07281,97.6369,RESOURCESAT-2,Optical,6.3,43.2,Raw,S2_001360.tif,4.25
1361,4,1,2020-06-12 04:29:48,26.98831,89.83125,27.08831,89.93125,27.08831,89.83125,26.98831,89.93125,Sentinel-1B,SAR,25.7,12.1,Analysis Ready,S2_001361.tif,2.78
1362,60,8,2024-07-08 08:55:20,24.30944,95.59693,24.40944,95.69693,24.40944,95.59693,24.30944,95.69693,Landsat-9,Optical,14.8,34.0,Analysis Ready,S2_001362.tif,0.48
1363,60,8,2020-05-01 17:44:52,24.48311,95.46573,24.58311,95.56573,24.58311,95.46573,24.48311,95.56573,Sentinel-1A,SAR,16.5,73.9,Preprocessed,S2_001363.tif,3.92
1364,29,3,2018-01-01 17:39:01,25.66888,98.98037,25.76888,99.08037,25.76888,98.98037,25.66888,99.08037,Landsat-8,Optical,27.1,35.9,Preprocessed,S2_001364.tif,3.69
1365,30,3,2019-07-13 12:52:37,25.78982,92.73364,25.88982,92.83364,25.88982,92.73364,25.78982,92.83364,Sentinel-2A,Optical,18.0,26.7,Analysis Ready,S2_001365.tif,3.32
1366,40,5,2020-12-07 01:21:57,27.82471,98.0773,27.92471,98.1773,27.92471,98.0773,27.82471,98.1773,Sentinel-1A,SAR,4.5,96.2,Analysis Ready,S2_001366.tif,1.31
1367,51,6,2021-12-20 10:10:28,29.2149,90.47812,29.3149,90.57812,29.3149,90.47812,29.2149,90.57812,RESOURCESAT-2,Optical,12.8,91.5,Raw,S2_001367.tif,4.93
1368,60,8,2019-01-11 11:58:01,24.84552,96.36911,24.94552,96.46911,24.94552,96.36911,24.84552,96.46911,Sentinel-2B,Optical,11.0,0.0,Raw,S2_001368.tif,2.88
1369,37,4,2020-01-26 17:57:34,26.48587,95.08309,26.58587,95.18309,26.58587,95.08309,26.48587,95.18309,Sentinel-2B,Optical,12.5,66.3,Raw,S2_001369.tif,1.11
1370,32,3,2021-01-17 12:27:52,24.97954,95.73017,25.07954,95.83017,25.07954,95.73017,24.97954,95.83017,Sentinel-2A,Optical,23.2,98.8,Analysis Ready,S2_001370.tif,0.18
1371,51,6,2024-12-10 04:57:10,29.8276,91.31258,29.9276,91.41258,29.9276,91.31258,29.8276,91.41258,Landsat-8,Optical,29.8,33.0,Preprocessed,S2_001371.tif,2.4
1372,13,2,2020-06-21 01:33:15,26.4918,100.19028,26.5918,100.29028,26.5918,100.19028,26.4918,100.29028,Landsat-9,Optical,28.5,24.5,Preprocessed,S2_001372.tif,1.08
1373,25,3,2021-07-06 05:48:56,26.77654,97.3166,26.87654,97.4166,26.87654,97.3166,26.77654,97.4166,Sentinel-2B,Optical,22.0,5.9,Raw,S2_001373.tif,3.22
1374,14,2,2018-01-06 17:20:09,22.31761,93.12139,22.41761,93.22139,22.41761,93.12139,22.31761,93.22139,Sentinel-1B,SAR,17.3,15.8,Preprocessed,S2_001374.tif,0.07
1375,14,2,2021-04-08 02:33:08,22.16334,92.95611,22.26334,93.05611,22.26334,92.95611,22.16334,93.05611,Sentinel-1A,SAR,12.7,8.0,Preprocessed,S2_001375.tif,4.15
1376,31,3,2021-04-12 08:12:07,28.16646,95.55328,28.26646,95.65328,28.26646,95.55328,28.16646,95.65328,Sentinel-1B,SAR,26.0,31.5,Raw,S2_001376.tif,1.47
1377,51,6,2023-04-20 21:54:16,30.034,91.10445,30.134,91.20445,30.134,91.10445,30.034,91.20445,Landsat-8,Optical,24.4,25.8,Analysis Ready,S2_001377.tif,0.23
1378,13,2,2020-02-11 18:22:23,26.51488,99.71366,26.61488,99.81366,26.61488,99.71366,26.51488,99.81366,Sentinel-2B,Optical,15.8,13.1,Analysis Ready,S2_001378.tif,4.73
1379,46,5,2020-06-08 03:07:43,23.41403,97.98657,23.51403,98.08657,23.51403,97.98657,23.41403,98.08657,Landsat-8,Optical,29.0,54.2,Preprocessed,S2_001379.tif,2.96
1380,46,5,2023-08-10 14:46:30,23.3619,97.23063,23.4619,97.33063,23.4619,97.23063,23.3619,97.33063,Landsat-9,Optical,10.4,93.5,Analysis Ready,S2_001380.tif,1.76
1381,44,5,2020-10-11 00:12:37,29.63718,98.50601,29.73718,98.60601,29.73718,98.50601,29.63718,98.60601,Landsat-8,Optical,8.7,55.3,Raw,S2_001381.tif,3.11
1382,56,7,2024-03-27 00:49:49,29.20079,97.94174,29.30079,98.04174,29.30079,97.94174,29.20079,98.04174,Sentinel-1B,SAR,29.1,58.1,Preprocessed,S2_001382.tif,4.65
1383,51,6,2019-10-03 14:02:14,29.43395,91.05545,29.53395,91.15545,29.53395,91.05545,29.43395,91.15545,Sentinel-1A,SAR,15.9,64.6,Raw,S2_001383.tif,1.0
1384,38,4,2022-08-15 11:56:36,29.79165,98.17036,29.89165,98.27036,29.89165,98.17036,29.79165,98.27036,Sentinel-1B,SAR,6.2,62.1,Analysis Ready,S2_001384.tif,1.74
1385,56,7,2022-10-15 13:55:49,29.28915,97.93761,29.38915,98.03761,29.38915,97.93761,29.28915,98.03761,Landsat-9,Optical,22.2,54.9,Preprocessed,S2_001385.tif,2.45
1386,25,3,2023-04-13 09:42:30,26.30307,97.057,26.40307,97.157,26.40307,97.057,26.30307,97.157,Landsat-8,Optical,21.1,20.8,Analysis Ready,S2_001386.tif,0.52
1387,52,6,2020-06-14 22:04:39,28.12664,99.53584,28.22664,99.63584,28.22664,99.53584,28.12664,99.63584,RESOURCESAT-2,Optical,13.5,94.7,Analysis Ready,S2_001387.tif,1.07
1388,42,5,2021-04-30 03:16:01,21.52912,96.78675,21.62912,96.88675,21.62912,96.78675,21.52912,96.88675,Sentinel-2A,Optical,20.0,18.6,Raw,S2_001388.tif,0.27
1389,13,2,2023-01-01 07:21:04,25.90731,100.02133,26.00731,100.12133,26.00731,100.02133,25.90731,100.12133,Sentinel-2A,Optical,12.8,11.0,Raw,S2_001389.tif,0.13
1390,24,3,2023-12-22 00:15:00,24.35868,99.2195,24.45868,99.3195,24.45868,99.2195,24.35868,99.3195,Sentinel-1B,SAR,18.4,46.3,Raw,S2_001390.tif,3.01
1391,43,5,2022-03-03 22:53:07,29.62899,97.64976,29.72899,97.74976,29.72899,97.64976,29.62899,97.74976,Landsat-9,Optical,22.0,20.1,Preprocessed,S2_001391.tif,0.71
1392,3,1,2021-07-31 06:32:09,27.45865,99.00165,27.55865,99.10165,27.55865,99.00165,27.45865,99.10165,Landsat-8,Optical,22.9,0.7,Analysis Ready,S2_001392.tif,3.76
1393,51,6,2018-06-17 21:33:41,29.45546,91.15065,29.55546,91.25065,29.55546,91.15065,29.45546,91.25065,Sentinel-2B,Optical,13.6,99.8,Preprocessed,S2_001393.tif,1.32
1394,10,1,2019-11-08 23:32:49,23.56909,97.31134,23.66909,97.41134,23.66909,97.31134,23.56909,97.41134,Sentinel-1A,SAR,9.8,84.1,Preprocessed,S2_001394.tif,1.5
1395,22,2,2021-11-03 14:30:58,22.61346,96.73133,22.71346,96.83133,22.71346,96.73133,22.61346,96.83133,RESOURCESAT-2,Optical,14.7,47.0,Preprocessed,S2_001395.tif,2.15
1396,26,3,2020-07-13 22:01:01,23.37048,90.14432,23.47048,90.24432,23.47048,90.14432,23.37048,90.24432,Landsat-9,Optical,27.5,11.2,Preprocessed,S2_001396.tif,1.63
1397,40,5,2018-01-17 15:55:52,27.84734,97.73448,27.94734,97.83448,27.94734,97.73448,27.84734,97.83448,Sentinel-2A,Optical,6.9,27.7,Raw,S2_001397.tif,2.22
1398,19,2,2023-01-24 18:02:16,23.95858,96.42361,24.05858,96.52361,24.05858,96.42361,23.95858,96.52361,Sentinel-1B,SAR,28.5,92.6,Preprocessed,S2_001398.tif,2.34
1399,53,6,2020-07-14 02:53:26,28.15447,91.28372,28.25447,91.38372,28.25447,91.28372,28.15447,91.38372,Sentinel-1A,SAR,17.5,73.1,Raw,S2_001399.tif,1.91
1400,39,4,2021-12-15 08:04:01,26.98472,90.68777,27.08472,90.78777,27.08472,90.68777,26.98472,90.78777,RESOURCESAT-2,Optical,6.8,51.4,Analysis Ready,S2_001400.tif,4.28
1401,23,3,2022-03-03 10:35:35,28.26257,91.75432,28.36257,91.85432,28.36257,91.75432,28.26257,91.85432,Sentinel-2B,Optical,3.0,73.1,Analysis Ready,S2_001401.tif,4.16
1402,38,4,2021-02-19 06:14:54,29.49709,98.4612,29.59709,98.5612,29.59709,98.4612,29.49709,98.5612,Landsat-8,Optical,16.8,71.4,Analysis Ready,S2_001402.tif,1.78
1403,52,6,2024-04-11 09:19:40,28.99108,99.94639,29.09108,100.04639,29.09108,99.94639,28.99108,100.04639,Landsat-8,Optical,6.4,16.0,Preprocessed,S2_001403.tif,4.47
1404,11,1,2024-05-13 16:51:17,22.93608,90.62962,23.03608,90.72962,23.03608,90.62962,22.93608,90.72962,RESOURCESAT-2,Optical,12.8,82.8,Raw,S2_001404.tif,1.63
1405,8,1,2020-04-01 02:34:44,24.19474,98.40547,24.29474,98.50547,24.29474,98.40547,24.19474,98.50547,Sentinel-2B,Optical,23.2,50.5,Analysis Ready,S2_001405.tif,4.61
1406,18,2,2023-06-21 18:31:28,28.67604,98.82982,28.77604,98.92982,28.77604,98.82982,28.67604,98.92982,Sentinel-1B,SAR,12.6,67.7,Raw,S2_001406.tif,3.61
1407,30,3,2020-10-26 02:07:04,25.83149,92.25039,25.93149,92.35039,25.93149,92.25039,25.83149,92.35039,Landsat-9,Optical,19.9,1.0,Analysis Ready,S2_001407.tif,1.1
1408,38,4,2024-05-19 18:23:33,30.0465,98.43792,30.1465,98.53792,30.1465,98.43792,30.0465,98.53792,Sentinel-2B,Optical,14.6,79.9,Analysis Ready,S2_001408.tif,3.82
1409,55,7,2018-04-02 00:51:33,28.7625,94.13889,28.8625,94.23889,28.8625,94.13889,28.7625,94.23889,Landsat-8,Optical,13.8,63.7,Preprocessed,S2_001409.tif,0.2
1410,37,4,2020-04-23 08:35:24,26.6812,94.87154,26.7812,94.97154,26.7812,94.87154,26.6812,94.97154,RESOURCESAT-2,Optical,7.9,72.1,Raw,S2_001410.tif,1.3
1411,15,2,2021-10-10 02:21:17,27.13669,98.8254,27.23669,98.9254,27.23669,98.8254,27.13669,98.9254,Sentinel-1A,SAR,12.3,25.3,Analysis Ready,S2_001411.tif,0.76
1412,55,7,2022-01-01 07:46:32,28.61346,94.44272,28.71346,94.54272,28.71346,94.44272,28.61346,94.54272,Landsat-8,Optical,29.4,5.6,Preprocessed,S2_001412.tif,4.81
1413,2,1,2020-12-16 09:53:37,24.1364,91.07411,24.2364,91.17411,24.2364,91.07411,24.1364,91.17411,Sentinel-1A,SAR,14.5,6.8,Analysis Ready,S2_001413.tif,3.43
1414,26,3,2019-03-02 11:12:15,23.39046,89.9804,23.49046,90.0804,23.49046,89.9804,23.39046,90.0804,Landsat-8,Optical,20.8,27.0,Analysis Ready,S2_001414.tif,2.39
1415,46,5,2022-04-01 18:05:15,22.83888,97.72817,22.93888,97.82817,22.93888,97.72817,22.83888,97.82817,RESOURCESAT-2,Optical,3.5,82.0,Preprocessed,S2_001415.tif,0.17
1416,5,1,2021-01-24 12:13:59,23.92877,95.09907,24.02877,95.19907,24.02877,95.09907,23.92877,95.19907,Sentinel-1B,SAR,11.9,18.1,Preprocessed,S2_001416.tif,2.61
1417,52,6,2023-04-05 13:09:43,28.12783,99.41446,28.22783,99.51446,28.22783,99.41446,28.12783,99.51446,Sentinel-2A,Optical,15.3,65.2,Raw,S2_001417.tif,4.99
1418,29,3,2020-05-19 08:32:30,25.8686,99.22009,25.9686,99.32009,25.9686,99.22009,25.8686,99.32009,Sentinel-1A,SAR,15.7,32.6,Analysis Ready,S2_001418.tif,1.69
1419,19,2,2024-08-19 08:10:21,24.24573,96.63943,24.34573,96.73943,24.34573,96.63943,24.24573,96.73943,Sentinel-2B,Optical,14.4,39.5,Raw,S2_001419.tif,3.54
1420,62,8,2023-05-02 17:08:28,26.85756,92.15931,26.95756,92.25931,26.95756,92.15931,26.85756,92.25931,Sentinel-2B,Optical,26.6,56.3,Raw,S2_001420.tif,1.55
1421,25,3,2024-05-19 02:48:47,26.45138,97.29758,26.55138,97.39758,26.55138,97.29758,26.45138,97.39758,Landsat-8,Optical,6.5,51.1,Raw,S2_001421.tif,2.21
1422,21,2,2018-08-14 22:33:35,24.28298,99.61409,24.38298,99.71409,24.38298,99.61409,24.28298,99.71409,Landsat-8,Optical,20.6,9.9,Raw,S2_001422.tif,0.77
1423,9,1,2021-08-10 08:11:19,27.38553,93.24054,27.48553,93.34054,27.48553,93.24054,27.38553,93.34054,RESOURCESAT-2,Optical,9.7,36.7,Preprocessed,S2_001423.tif,1.16
1424,38,4,2019-01-25 12:16:58,30.16992,99.03338,30.26992,99.13338,30.26992,99.03338,30.16992,99.13338,Landsat-9,Optical,30.0,85.4,Raw,S2_001424.tif,3.56
1425,55,7,2022-12-28 06:11:40,29.04677,94.69385,29.14677,94.79385,29.14677,94.69385,29.04677,94.79385,Landsat-8,Optical,19.7,70.5,Preprocessed,S2_001425.tif,4.71
1426,17,2,2023-09-22 22:12:47,23.88458,93.36887,23.98458,93.46887,23.98458,93.36887,23.88458,93.46887,Sentinel-1B,SAR,19.3,88.0,Preprocessed,S2_001426.tif,1.3
1427,6,1,2019-01-05 23:46:35,26.25973,97.59557,26.35973,97.69557,26.35973,97.59557,26.25973,97.69557,Sentinel-2B,Optical,23.0,92.8,Preprocessed,S2_001427.tif,0.5
1428,18,2,2024-03-21 00:58:29,28.75775,98.89082,28.85775,98.99082,28.85775,98.89082,28.75775,98.99082,Sentinel-1B,SAR,5.5,30.5,Raw,S2_001428.tif,0.98
1429,33,4,2022-05-25 01:14:16,23.43252,100.20726,23.53252,100.30726,23.53252,100.20726,23.43252,100.30726,Landsat-8,Optical,25.6,73.9,Preprocessed,S2_001429.tif,3.54
1430,20,2,2021-07-29 11:53:07,23.19309,93.75441,23.29309,93.85441,23.29309,93.75441,23.19309,93.85441,RESOURCESAT-2,Optical,19.2,1.1,Analysis Ready,S2_001430.tif,1.35
1431,58,7,2019-05-11 12:34:20,26.84802,94.03806,26.94802,94.13806,26.94802,94.03806,26.84802,94.13806,RESOURCESAT-2,Optical,28.3,8.6,Analysis Ready,S2_001431.tif,0.91
1432,47,6,2023-12-05 03:19:25,29.60416,99.16284,29.70416,99.26284,29.70416,99.16284,29.60416,99.26284,Sentinel-2B,Optical,25.0,40.7,Raw,S2_001432.tif,4.07
1433,24,3,2019-01-24 17:53:33,24.61108,99.40663,24.71108,99.50663,24.71108,99.40663,24.61108,99.50663,RESOURCESAT-2,Optical,19.9,45.4,Raw,S2_001433.tif,3.69
1434,20,2,2019-05-17 01:52:10,23.39423,93.38419,23.49423,93.48419,23.49423,93.38419,23.39423,93.48419,Sentinel-2B,Optical,24.3,76.5,Analysis Ready,S2_001434.tif,0.25
1435,40,5,2023-12-05 07:30:43,27.76618,97.57387,27.86618,97.67387,27.86618,97.57387,27.76618,97.67387,Landsat-8,Optical,14.8,21.9,Raw,S2_001435.tif,4.82
1436,3,1,2022-10-25 15:38:42,26.93111,98.51023,27.03111,98.61023,27.03111,98.51023,26.93111,98.61023,Sentinel-1B,SAR,18.0,23.6,Analysis Ready,S2_001436.tif,1.31
1437,9,1,2021-02-09 11:29:39,27.5507,93.61688,27.6507,93.71688,27.6507,93.61688,27.5507,93.71688,Sentinel-2B,Optical,20.0,22.5,Preprocessed,S2_001437.tif,3.9
1438,17,2,2024-12-27 03:02:43,24.2127,92.63288,24.3127,92.73288,24.3127,92.63288,24.2127,92.73288,Landsat-8,Optical,17.3,60.9,Raw,S2_001438.tif,2.91
1439,35,4,2023-11-05 15:02:13,22.81723,91.84882,22.91723,91.94882,22.91723,91.84882,22.81723,91.94882,Landsat-9,Optical,19.9,35.5,Raw,S2_001439.tif,2.31
1440,36,4,2018-12-13 03:39:35,25.24545,91.03789,25.34545,91.13789,25.34545,91.03789,25.24545,91.13789,Landsat-9,Optical,20.8,38.1,Preprocessed,S2_001440.tif,3.25
1441,34,4,2020-04-05 02:45:51,26.18154,97.3933,26.28154,97.4933,26.28154,97.3933,26.18154,97.4933,RESOURCESAT-2,Optical,12.6,12.2,Raw,S2_001441.tif,3.02
1442,62,8,2018-01-03 09:03:17,27.12541,92.17541,27.22541,92.27541,27.22541,92.17541,27.12541,92.27541,Landsat-8,Optical,16.3,22.5,Analysis Ready,S2_001442.tif,3.98
1443,10,1,2023-06-09 13:19:11,23.79559,97.35326,23.89559,97.45326,23.89559,97.35326,23.79559,97.45326,Landsat-9,Optical,18.3,78.4,Analysis Ready,S2_001443.tif,3.58
1444,9,1,2024-04-04 17:43:12,27.40517,93.87518,27.50517,93.97518,27.50517,93.87518,27.40517,93.97518,Sentinel-2B,Optical,11.2,12.6,Analysis Ready,S2_001444.tif,4.45
1445,26,3,2019-06-05 08:36:39,23.85394,90.24079,23.95394,90.34079,23.95394,90.24079,23.85394,90.34079,Sentinel-1B,SAR,27.6,52.1,Preprocessed,S2_001445.tif,1.24
1446,38,4,2021-03-10 09:20:46,29.90023,98.67332,30.00023,98.77332,30.00023,98.67332,29.90023,98.77332,Sentinel-1B,SAR,15.5,89.7,Raw,S2_001446.tif,1.86
1447,7,1,2024-08-28 11:34:49,25.98894,92.15591,26.08894,92.25591,26.08894,92.15591,25.98894,92.25591,Landsat-9,Optical,5.9,96.9,Preprocessed,S2_001447.tif,4.59
1448,26,3,2021-08-08 18:46:27,23.81774,90.77962,23.91774,90.87962,23.91774,90.77962,23.81774,90.87962,Sentinel-2A,Optical,20.2,65.4,Analysis Ready,S2_001448.tif,2.66
1449,17,2,2018-06-18 20:47:32,24.26148,93.39084,24.36148,93.49084,24.36148,93.39084,24.26148,93.49084,Sentinel-2B,Optical,28.4,1.6,Raw,S2_001449.tif,2.0
1450,4,1,2021-06-10 06:26:55,26.80911,90.11621,26.90911,90.21621,26.90911,90.11621,26.80911,90.21621,RESOURCESAT-2,Optical,15.0,6.4,Raw,S2_001450.tif,4.4
1451,10,1,2021-09-07 13:42:01,24.06433,97.60049,24.16433,97.70049,24.16433,97.60049,24.06433,97.70049,Sentinel-2A,Optical,21.6,88.1,Analysis Ready,S2_001451.tif,1.7
1452,38,4,2021-02-13 20:30:59,29.28814,98.82042,29.38814,98.92042,29.38814,98.82042,29.28814,98.92042,RESOURCESAT-2,Optical,28.2,96.8,Analysis Ready,S2_001452.tif,2.09
1453,16,2,2021-02-05 18:15:38,23.71803,90.5528,23.81803,90.6528,23.81803,90.5528,23.71803,90.6528,RESOURCESAT-2,Optical,3.1,65.8,Analysis Ready,S2_001453.tif,3.59
1454,41,5,2024-05-05 09:05:07,22.51182,94.27899,22.61182,94.37899,22.61182,94.27899,22.51182,94.37899,RESOURCESAT-2,Optical,20.2,1.1,Raw,S2_001454.tif,0.26
1455,21,2,2024-06-12 19:44:11,24.44397,99.67306,24.54397,99.77306,24.54397,99.67306,24.44397,99.77306,RESOURCESAT-2,Optical,18.3,20.5,Analysis Ready,S2_001455.tif,4.84
1456,2,1,2020-09-03 17:06:15,24.45863,91.4833,24.55863,91.5833,24.55863,91.4833,24.45863,91.5833,Sentinel-1A,SAR,18.7,62.5,Analysis Ready,S2_001456.tif,0.72
1457,45,5,2018-06-30 08:49:14,28.96289,95.35843,29.06289,95.45843,29.06289,95.35843,28.96289,95.45843,Landsat-8,Optical,18.8,65.1,Analysis Ready,S2_001457.tif,0.25
1458,14,2,2021-09-20 12:59:48,22.26693,92.56082,22.36693,92.66082,22.36693,92.56082,22.26693,92.66082,Landsat-9,Optical,14.4,62.2,Preprocessed,S2_001458.tif,3.02
1459,26,3,2018-07-06 22:50:04,23.65087,90.3824,23.75087,90.4824,23.75087,90.3824,23.65087,90.4824,Landsat-8,Optical,19.4,94.7,Raw,S2_001459.tif,3.74
1460,46,5,2021-12-14 05:49:53,22.85708,97.34532,22.95708,97.44532,22.95708,97.34532,22.85708,97.44532,Landsat-8,Optical,4.6,28.2,Preprocessed,S2_001460.tif,3.22
1461,52,6,2021-10-03 15:13:04,28.37773,99.65749,28.47773,99.75749,28.47773,99.65749,28.37773,99.75749,Sentinel-1B,SAR,17.7,12.1,Analysis Ready,S2_001461.tif,0.87
1462,51,6,2020-05-03 11:43:59,29.81305,91.30114,29.91305,91.40114,29.91305,91.30114,29.81305,91.40114,Landsat-8,Optical,6.1,24.8,Analysis Ready,S2_001462.tif,0.98
1463,26,3,2019-08-10 23:34:11,23.89173,89.86236,23.99173,89.96236,23.99173,89.86236,23.89173,89.96236,Landsat-8,Optical,6.4,33.1,Preprocessed,S2_001463.tif,1.43
1464,37,4,2023-07-23 04:15:22,26.97621,94.64571,27.07621,94.74571,27.07621,94.64571,26.97621,94.74571,Sentinel-1B,SAR,15.7,54.7,Analysis Ready,S2_001464.tif,0.87
1465,23,3,2018-05-01 23:44:31,28.2226,92.01648,28.3226,92.11648,28.3226,92.01648,28.2226,92.11648,RESOURCESAT-2,Optical,24.8,92.5,Analysis Ready,S2_001465.tif,4.4
1466,37,4,2021-12-13 04:52:42,26.82016,94.76274,26.92016,94.86274,26.92016,94.76274,26.82016,94.86274,Landsat-8,Optical,22.5,97.7,Preprocessed,S2_001466.tif,3.64
1467,34,4,2022-02-10 15:32:25,25.6851,97.60531,25.7851,97.70531,25.7851,97.60531,25.6851,97.70531,RESOURCESAT-2,Optical,19.6,17.6,Preprocessed,S2_001467.tif,1.2
1468,24,3,2022-05-05 23:04:51,24.33297,99.39645,24.43297,99.49645,24.43297,99.39645,24.33297,99.49645,Landsat-8,Optical,16.6,42.2,Analysis Ready,S2_001468.tif,0.2
1469,4,1,2024-09-08 13:50:56,26.49272,89.9813,26.59272,90.0813,26.59272,89.9813,26.49272,90.0813,Landsat-8,Optical,12.2,67.4,Preprocessed,S2_001469.tif,4.62
1470,47,6,2023-07-18 22:48:53,29.19736,98.92592,29.29736,99.02592,29.29736,98.92592,29.19736,99.02592,Sentinel-1B,SAR,7.6,4.8,Preprocessed,S2_001470.tif,0.92
1471,1,1,2024-01-04 09:40:07,27.5525,90.1257,27.6525,90.2257,27.6525,90.1257,27.5525,90.2257,Sentinel-1A,SAR,9.9,83.1,Raw,S2_001471.tif,2.12
1472,56,7,2024-01-05 01:51:13,29.5031,97.09899,29.6031,97.19899,29.6031,97.09899,29.5031,97.19899,RESOURCESAT-2,Optical,27.8,24.2,Preprocessed,S2_001472.tif,3.83
1473,38,4,2023-10-31 13:47:50,29.59133,98.46492,29.69133,98.56492,29.69133,98.46492,29.59133,98.56492,Sentinel-2B,Optical,26.3,60.6,Raw,S2_001473.tif,2.47
1474,48,6,2022-11-07 20:20:32,26.85534,95.17901,26.95534,95.27901,26.95534,95.17901,26.85534,95.27901,Sentinel-2B,Optical,8.8,57.2,Analysis Ready,S2_001474.tif,3.34
1475,10,1,2021-09-15 09:30:58,23.94755,97.66558,24.04755,97.76558,24.04755,97.66558,23.94755,97.76558,Sentinel-2B,Optical,15.5,46.9,Preprocessed,S2_001475.tif,3.37
1476,55,7,2020-03-06 14:30:57,28.51149,94.71887,28.61149,94.81887,28.61149,94.71887,28.51149,94.81887,Sentinel-2B,Optical,26.8,16.2,Preprocessed,S2_001476.tif,4.3
1477,27,3,2020-02-28 22:48:12,25.02806,90.24461,25.12806,90.34461,25.12806,90.24461,25.02806,90.34461,Sentinel-2A,Optical,13.9,88.6,Analysis Ready,S2_001477.tif,4.47
1478,18,2,2021-08-16 13:57:08,28.44771,98.96029,28.54771,99.06029,28.54771,98.96029,28.44771,99.06029,Sentinel-1A,SAR,3.5,93.5,Analysis Ready,S2_001478.tif,3.14
1479,17,2,2022-07-23 07:50:23,24.00626,93.33891,24.10626,93.43891,24.10626,93.33891,24.00626,93.43891,Sentinel-2B,Optical,11.0,15.4,Preprocessed,S2_001479.tif,3.91
1480,4,1,2020-04-12 22:59:43,26.60414,90.39292,26.70414,90.49292,26.70414,90.39292,26.60414,90.49292,RESOURCESAT-2,Optical,11.3,99.6,Preprocessed,S2_001480.tif,2.68
1481,2,1,2024-07-06 21:38:02,23.67232,91.60755,23.77232,91.70755,23.77232,91.60755,23.67232,91.70755,Landsat-8,Optical,21.9,1.9,Preprocessed,S2_001481.tif,3.81
1482,20,2,2018-04-19 19:16:11,23.13031,94.05218,23.23031,94.15218,23.23031,94.05218,23.13031,94.15218,Sentinel-1A,SAR,12.4,97.5,Raw,S2_001482.tif,2.89
1483,57,7,2019-03-13 09:21:11,23.46651,93.28278,23.56651,93.38278,23.56651,93.28278,23.46651,93.38278,Sentinel-2A,Optical,5.7,91.3,Preprocessed,S2_001483.tif,1.63
1484,48,6,2020-08-20 15:19:34,26.5695,95.35984,26.6695,95.45984,26.6695,95.35984,26.5695,95.45984,RESOURCESAT-2,Optical,20.0,89.9,Raw,S2_001484.tif,4.3
1485,25,3,2023-07-16 07:18:16,26.75617,96.68986,26.85617,96.78986,26.85617,96.68986,26.75617,96.78986,Landsat-9,Optical,22.8,9.7,Analysis Ready,S2_001485.tif,3.7
1486,58,7,2018-05-14 22:57:37,26.97055,94.36196,27.07055,94.46196,27.07055,94.36196,26.97055,94.46196,Sentinel-1B,SAR,18.8,73.6,Analysis Ready,S2_001486.tif,1.3
1487,51,6,2019-09-23 10:23:02,29.60344,91.2224,29.70344,91.3224,29.70344,91.2224,29.60344,91.3224,Sentinel-1B,SAR,12.5,52.5,Preprocessed,S2_001487.tif,0.6
1488,57,7,2023-08-26 07:04:16,23.20052,93.39889,23.30052,93.49889,23.30052,93.39889,23.20052,93.49889,RESOURCESAT-2,Optical,19.8,25.8,Preprocessed,S2_001488.tif,3.49
1489,40,5,2021-10-17 07:24:59,28.3557,97.78051,28.4557,97.88051,28.4557,97.78051,28.3557,97.88051,Sentinel-2A,Optical,19.8,55.3,Preprocessed,S2_001489.tif,1.75
1490,35,4,2020-03-07 21:44:08,23.08545,91.157,23.18545,91.257,23.18545,91.157,23.08545,91.257,RESOURCESAT-2,Optical,19.2,12.5,Raw,S2_001490.tif,4.95
1491,34,4,2019-05-01 05:54:26,25.90126,97.43775,26.00126,97.53775,26.00126,97.43775,25.90126,97.53775,Sentinel-2B,Optical,20.5,10.1,Raw,S2_001491.tif,0.86
1492,26,3,2024-02-17 17:44:37,23.7365,90.50067,23.8365,90.60067,23.8365,90.50067,23.7365,90.60067,Sentinel-2A,Optical,18.1,82.1,Analysis Ready,S2_001492.tif,3.59
1493,22,2,2022-12-21 02:25:44,22.74134,96.23461,22.84134,96.33461,22.84134,96.23461,22.74134,96.33461,Sentinel-1A,SAR,13.5,89.3,Preprocessed,S2_001493.tif,2.66
1494,40,5,2019-09-24 20:58:25,27.98892,98.12799,28.08892,98.22799,28.08892,98.12799,27.98892,98.22799,Landsat-8,Optical,12.5,32.3,Raw,S2_001494.tif,0.56
1495,1,1,2019-04-20 07:34:30,27.41628,90.62403,27.51628,90.72403,27.51628,90.62403,27.41628,90.72403,Sentinel-2B,Optical,12.0,66.1,Analysis Ready,S2_001495.tif,1.56
1496,10,1,2024-02-29 01:00:27,23.79032,97.40875,23.89032,97.50875,23.89032,97.40875,23.79032,97.50875,Landsat-8,Optical,28.3,74.6,Analysis Ready,S2_001496.tif,3.94
1497,59,8,2023-09-03 22:58:32,25.99617,92.47973,26.09617,92.57973,26.09617,92.47973,25.99617,92.57973,Sentinel-2B,Optical,5.9,47.6,Raw,S2_001497.tif,2.06
1498,18,2,2022-04-08 00:53:00,28.73991,98.41296,28.83991,98.51296,28.83991,98.41296,28.73991,98.51296,RESOURCESAT-2,Optical,29.6,75.6,Raw,S2_001498.tif,1.1
1499,11,1,2020-01-17 12:19:49,23.13057,90.6793,23.23057,90.7793,23.23057,90.6793,23.13057,90.7793,Sentinel-1B,SAR,7.4,41.4,Preprocessed,S2_001499.tif,1.24
1500,13,2,2018-02-23 19:11:41,25.95034,99.5681,26.05034,99.6681,26.05034,99.5681,25.95034,99.6681,RESOURCESAT-2,Optical,25.1,32.3,Analysis Ready,S2_001500.tif,1.09
1501,46,5,2022-05-30 16:16:22,23.22982,97.65808,23.32982,97.75808,23.32982,97.65808,23.22982,97.75808,Sentinel-2A,Optical,8.8,1.7,Analysis Ready,S2_001501.tif,2.56
1502,61,8,2020-09-25 21:56:24,27.0786,89.9686,27.1786,90.0686,27.1786,89.9686,27.0786,90.0686,Landsat-9,Optical,23.6,34.0,Raw,S2_001502.tif,0.81
1503,13,2,2020-12-10 15:29:44,25.80971,99.88372,25.90971,99.98372,25.90971,99.88372,25.80971,99.98372,Sentinel-1A,SAR,14.9,3.7,Raw,S2_001503.tif,2.68
1504,46,5,2022-06-20 08:42:19,23.16929,97.28368,23.26929,97.38368,23.26929,97.28368,23.16929,97.38368,Landsat-9,Optical,6.3,3.5,Analysis Ready,S2_001504.tif,1.32
1505,44,5,2019-05-11 22:47:27,29.31912,98.85162,29.41912,98.95162,29.41912,98.85162,29.31912,98.95162,Landsat-9,Optical,21.5,55.6,Raw,S2_001505.tif,0.52
1506,49,6,2024-07-12 01:08:38,29.62271,98.85514,29.72271,98.95514,29.72271,98.85514,29.62271,98.95514,Sentinel-2A,Optical,17.7,44.2,Raw,S2_001506.tif,1.81
1507,59,8,2021-01-13 12:40:33,25.26284,92.82866,25.36284,92.92866,25.36284,92.82866,25.26284,92.92866,Sentinel-1B,SAR,27.1,19.4,Analysis Ready,S2_001507.tif,0.88
1508,37,4,2021-10-29 16:52:29,26.62065,94.99978,26.72065,95.09978,26.72065,94.99978,26.62065,95.09978,Landsat-9,Optical,6.7,11.5,Raw,S2_001508.tif,3.48
1509,32,3,2020-07-14 19:58:00,25.70727,95.77032,25.80727,95.87032,25.80727,95.77032,25.70727,95.87032,Sentinel-1B,SAR,15.2,74.3,Analysis Ready,S2_001509.tif,4.25
1510,62,8,2018-03-05 23:23:39,27.52342,92.42775,27.62342,92.52775,27.62342,92.42775,27.52342,92.52775,Sentinel-1A,SAR,29.6,24.8,Raw,S2_001510.tif,0.31
1511,53,6,2018-09-22 06:15:28,28.17534,91.18126,28.27534,91.28126,28.27534,91.18126,28.17534,91.28126,RESOURCESAT-2,Optical,6.8,39.4,Raw,S2_001511.tif,1.35
1512,24,3,2024-03-15 09:16:33,24.40754,98.83436,24.50754,98.93436,24.50754,98.83436,24.40754,98.93436,RESOURCESAT-2,Optical,11.1,26.1,Raw,S2_001512.tif,3.22
1513,14,2,2018-12-23 19:19:51,22.87531,92.77848,22.97531,92.87848,22.97531,92.77848,22.87531,92.87848,Landsat-8,Optical,16.8,64.0,Raw,S2_001513.tif,0.83
1514,60,8,2020-07-07 08:13:46,24.28274,96.343,24.38274,96.443,24.38274,96.343,24.28274,96.443,RESOURCESAT-2,Optical,12.4,63.9,Raw,S2_001514.tif,4.13
1515,14,2,2023-04-08 00:55:39,22.18494,92.86346,22.28494,92.96346,22.28494,92.86346,22.18494,92.96346,Sentinel-1A,SAR,7.1,71.3,Preprocessed,S2_001515.tif,3.55
1516,59,8,2020-12-03 13:00:27,25.83235,92.72198,25.93235,92.82198,25.93235,92.72198,25.83235,92.82198,Sentinel-2A,Optical,5.5,59.3,Analysis Ready,S2_001516.tif,4.41
1517,58,7,2021-06-26 16:27:21,27.22368,94.50828,27.32368,94.60828,27.32368,94.50828,27.22368,94.60828,Landsat-9,Optical,5.9,64.6,Raw,S2_001517.tif,0.5
1518,62,8,2019-01-17 04:12:24,27.49124,92.14131,27.59124,92.24131,27.59124,92.14131,27.49124,92.24131,Sentinel-1A,SAR,7.4,28.1,Raw,S2_001518.tif,0.01
1519,31,3,2024-04-22 23:17:50,27.77353,94.90972,27.87353,95.00972,27.87353,94.90972,27.77353,95.00972,Sentinel-2B,Optical,11.5,16.2,Analysis Ready,S2_001519.tif,4.18
1520,16,2,2023-09-05 22:21:35,23.33314,90.33012,23.43314,90.43012,23.43314,90.33012,23.33314,90.43012,Landsat-9,Optical,23.3,44.5,Preprocessed,S2_001520.tif,1.58
1521,19,2,2023-05-03 23:22:19,24.05533,96.45687,24.15533,96.55687,24.15533,96.45687,24.05533,96.55687,Landsat-8,Optical,21.1,84.9,Preprocessed,S2_001521.tif,2.47
1522,61,8,2024-01-25 15:01:16,26.81164,90.52073,26.91164,90.62073,26.91164,90.52073,26.81164,90.62073,Landsat-9,Optical,27.3,12.3,Analysis Ready,S2_001522.tif,2.33
1523,29,3,2022-03-31 01:53:25,25.88267,99.25506,25.98267,99.35506,25.98267,99.25506,25.88267,99.35506,Sentinel-1A,SAR,6.7,17.7,Analysis Ready,S2_001523.tif,0.11
1524,38,4,2019-05-25 23:57:57,29.86674,98.62547,29.96674,98.72547,29.96674,98.62547,29.86674,98.72547,Landsat-8,Optical,29.0,89.4,Raw,S2_001524.tif,2.49
1525,33,4,2022-04-15 06:03:50,23.9685,99.98517,24.0685,100.08517,24.0685,99.98517,23.9685,100.08517,Sentinel-1B,SAR,4.0,52.1,Analysis Ready,S2_001525.tif,0.22
1526,32,3,2019-12-18 09:01:26,25.45863,96.26358,25.55863,96.36358,25.55863,96.26358,25.45863,96.36358,Landsat-9,Optical,22.6,51.4,Raw,S2_001526.tif,1.7
1527,29,3,2020-01-19 17:40:18,26.40341,98.41153,26.50341,98.51153,26.50341,98.41153,26.40341,98.51153,RESOURCESAT-2,Optical,13.2,80.1,Raw,S2_001527.tif,4.99
1528,35,4,2021-11-19 13:37:37,23.34934,91.17666,23.44934,91.27666,23.44934,91.17666,23.34934,91.27666,Sentinel-2A,Optical,9.0,59.7,Preprocessed,S2_001528.tif,4.24
1529,28,3,2022-08-02 22:19:23,29.25465,92.75133,29.35465,92.85133,29.35465,92.75133,29.25465,92.85133,Sentinel-1A,SAR,20.8,0.1,Preprocessed,S2_001529.tif,1.98
1530,8,1,2020-04-12 09:33:07,24.54357,98.46049,24.64357,98.56049,24.64357,98.46049,24.54357,98.56049,Sentinel-2B,Optical,5.5,30.1,Raw,S2_001530.tif,4.82
1531,10,1,2018-12-24 02:35:06,23.47308,97.75073,23.57308,97.85073,23.57308,97.75073,23.47308,97.85073,Landsat-9,Optical,28.3,82.2,Raw,S2_001531.tif,2.15
1532,47,6,2018-02-25 22:00:03,29.4164,99.57699,29.5164,99.67699,29.5164,99.57699,29.4164,99.67699,Sentinel-1A,SAR,5.7,27.7,Analysis Ready,S2_001532.tif,2.02
1533,30,3,2022-08-01 21:19:32,25.94329,92.74973,26.04329,92.84973,26.04329,92.74973,25.94329,92.84973,Sentinel-1B,SAR,21.3,1.1,Analysis Ready,S2_001533.tif,3.73
1534,20,2,2018-06-14 09:21:13,22.85463,93.14784,22.95463,93.24784,22.95463,93.14784,22.85463,93.24784,Sentinel-2B,Optical,15.8,37.9,Preprocessed,S2_001534.tif,2.02
1535,29,3,2018-06-27 15:14:46,25.65554,98.65482,25.75554,98.75482,25.75554,98.65482,25.65554,98.75482,Sentinel-2A,Optical,9.0,12.9,Analysis Ready,S2_001535.tif,1.5
1536,16,2,2018-01-30 16:16:20,23.50249,90.323,23.60249,90.423,23.60249,90.323,23.50249,90.423,Sentinel-2A,Optical,12.3,6.6,Analysis Ready,S2_001536.tif,4.54
1537,23,3,2020-02-21 08:44:26,27.57136,91.56686,27.67136,91.66686,27.67136,91.56686,27.57136,91.66686,Sentinel-2B,Optical,15.9,2.1,Preprocessed,S2_001537.tif,1.74
1538,33,4,2020-01-30 02:17:12,23.87532,100.01075,23.97532,100.11075,23.97532,100.01075,23.87532,100.11075,Landsat-9,Optical,7.6,76.3,Analysis Ready,S2_001538.tif,0.69
1539,6,1,2023-06-17 14:19:23,25.99626,97.4721,26.09626,97.5721,26.09626,97.4721,25.99626,97.5721,Landsat-8,Optical,27.4,14.0,Analysis Ready,S2_001539.tif,1.55
1540,24,3,2024-04-15 14:05:59,23.77615,98.9949,23.87615,99.0949,23.87615,98.9949,23.77615,99.0949,Sentinel-2B,Optical,18.2,65.4,Analysis Ready,S2_001540.tif,0.2
1541,23,3,2023-11-20 17:35:06,28.08552,91.78003,28.18552,91.88003,28.18552,91.78003,28.08552,91.88003,Sentinel-1B,SAR,5.4,42.1,Preprocessed,S2_001541.tif,2.7
1542,1,1,2018-10-19 21:15:27,27.35039,89.90439,27.45039,90.00439,27.45039,89.90439,27.35039,90.00439,Landsat-8,Optical,23.5,45.7,Preprocessed,S2_001542.tif,2.77
1543,30,3,2019-05-30 15:38:00,25.93911,92.19231,26.03911,92.29231,26.03911,92.19231,25.93911,92.29231,Sentinel-1B,SAR,5.3,65.9,Analysis Ready,S2_001543.tif,1.56
1544,21,2,2018-02-26 01:02:28,24.19265,99.8436,24.29265,99.9436,24.29265,99.8436,24.19265,99.9436,Landsat-9,Optical,24.6,96.1,Preprocessed,S2_001544.tif,0.83
1545,43,5,2021-03-15 15:23:01,29.88746,98.01877,29.98746,98.11877,29.98746,98.01877,29.88746,98.11877,Sentinel-1A,SAR,4.0,98.8,Raw,S2_001545.tif,2.24
1546,46,5,2022-08-09 20:24:48,23.4216,97.16644,23.5216,97.26644,23.5216,97.16644,23.4216,97.26644,Sentinel-2B,Optical,4.1,48.6,Raw,S2_001546.tif,1.27
1547,50,6,2019-09-30 19:53:23,23.64042,92.76051,23.74042,92.86051,23.74042,92.76051,23.64042,92.86051,Sentinel-2A,Optical,10.3,51.2,Analysis Ready,S2_001547.tif,2.99
1548,36,4,2018-05-19 13:01:14,25.03457,90.71719,25.13457,90.81719,25.13457,90.71719,25.03457,90.81719,Sentinel-2A,Optical,21.3,7.7,Analysis Ready,S2_001548.tif,2.16
1549,55,7,2022-11-06 19:16:46,28.64723,93.76755,28.74723,93.86755,28.74723,93.76755,28.64723,93.86755,Landsat-8,Optical,9.6,8.2,Raw,S2_001549.tif,0.86
1550,41,5,2022-04-08 16:34:39,22.58021,94.02022,22.68021,94.12022,22.68021,94.02022,22.58021,94.12022,Landsat-9,Optical,7.2,37.7,Analysis Ready,S2_001550.tif,0.89
1551,61,8,2020-12-22 11:49:50,26.29793,89.6941,26.39793,89.7941,26.39793,89.6941,26.29793,89.7941,Landsat-8,Optical,7.8,10.5,Preprocessed,S2_001551.tif,2.21
1552,25,3,2023-04-02 03:41:14,26.82961,97.11541,26.92961,97.21541,26.92961,97.11541,26.82961,97.21541,Sentinel-1B,SAR,17.3,57.7,Analysis Ready,S2_001552.tif,1.42
1553,28,3,2018-11-24 04:17:58,28.7071,93.47508,28.8071,93.57508,28.8071,93.47508,28.7071,93.57508,RESOURCESAT-2,Optical,13.1,86.6,Analysis Ready,S2_001553.tif,1.03
1554,15,2,2022-05-31 16:55:12,26.5064,98.46927,26.6064,98.56927,26.6064,98.46927,26.5064,98.56927,Landsat-8,Optical,23.0,73.0,Analysis Ready,S2_001554.tif,4.3
1555,41,5,2024-11-10 22:27:20,22.66071,94.10772,22.76071,94.20772,22.76071,94.10772,22.66071,94.20772,Landsat-8,Optical,19.2,62.6,Preprocessed,S2_001555.tif,4.35
1556,42,5,2019-10-08 23:56:01,22.49355,97.64344,22.59355,97.74344,22.59355,97.64344,22.49355,97.74344,Sentinel-2A,Optical,15.4,56.1,Analysis Ready,S2_001556.tif,0.37
1557,58,7,2021-10-22 12:12:37,27.58636,94.10638,27.68636,94.20638,27.68636,94.10638,27.58636,94.20638,Landsat-9,Optical,11.0,68.0,Preprocessed,S2_001557.tif,0.74
1558,33,4,2021-12-31 08:41:59,23.82196,100.02453,23.92196,100.12453,23.92196,100.02453,23.82196,100.12453,Sentinel-2B,Optical,25.2,39.0,Analysis Ready,S2_001558.tif,2.3
1559,37,4,2024-08-03 03:08:25,27.20685,94.9141,27.30685,95.0141,27.30685,94.9141,27.20685,95.0141,Sentinel-1B,SAR,15.9,17.4,Raw,S2_001559.tif,4.29
1560,56,7,2024-06-01 10:52:28,29.43961,97.21317,29.53961,97.31317,29.53961,97.21317,29.43961,97.31317,Landsat-9,Optical,23.1,47.2,Raw,S2_001560.tif,2.76
1561,15,2,2023-09-30 09:05:04,27.43567,98.7506,27.53567,98.8506,27.53567,98.7506,27.43567,98.8506,RESOURCESAT-2,Optical,12.9,37.5,Raw,S2_001561.tif,2.98
1562,42,5,2024-11-12 14:57:13,22.40037,96.77241,22.50037,96.87241,22.50037,96.77241,22.40037,96.87241,Sentinel-2B,Optical,7.8,57.4,Analysis Ready,S2_001562.tif,4.23
1563,13,2,2019-10-26 01:58:29,26.45906,99.48424,26.55906,99.58424,26.55906,99.48424,26.45906,99.58424,RESOURCESAT-2,Optical,21.7,42.8,Analysis Ready,S2_001563.tif,2.46
1564,43,5,2018-05-08 20:06:06,29.92766,97.54911,30.02766,97.64911,30.02766,97.54911,29.92766,97.64911,Landsat-9,Optical,24.6,97.1,Preprocessed,S2_001564.tif,3.0
1565,8,1,2024-09-23 07:49:45,23.83888,98.73338,23.93888,98.83338,23.93888,98.73338,23.83888,98.83338,Landsat-9,Optical,5.8,30.8,Raw,S2_001565.tif,2.88
1566,4,1,2018-11-06 23:56:24,26.3412,90.66568,26.4412,90.76568,26.4412,90.66568,26.3412,90.76568,Sentinel-2B,Optical,6.1,70.5,Preprocessed,S2_001566.tif,4.85
1567,61,8,2023-11-14 13:33:51,26.65511,90.01405,26.75511,90.11405,26.75511,90.01405,26.65511,90.11405,Landsat-9,Optical,4.8,4.0,Preprocessed,S2_001567.tif,1.71
1568,55,7,2021-07-06 15:52:23,28.61381,94.34107,28.71381,94.44107,28.71381,94.34107,28.61381,94.44107,Sentinel-1B,SAR,8.2,3.1,Analysis Ready,S2_001568.tif,2.96
1569,21,2,2020-04-30 19:01:55,24.34774,99.00652,24.44774,99.10652,24.44774,99.00652,24.34774,99.10652,Sentinel-1B,SAR,27.1,70.2,Preprocessed,S2_001569.tif,1.79
1570,35,4,2020-11-09 11:34:57,23.31038,91.52546,23.41038,91.62546,23.41038,91.52546,23.31038,91.62546,Sentinel-1B,SAR,25.7,39.3,Raw,S2_001570.tif,2.05
1571,53,6,2019-02-24 16:12:22,27.9754,91.75264,28.0754,91.85264,28.0754,91.75264,27.9754,91.85264,Landsat-9,Optical,3.6,54.4,Analysis Ready,S2_001571.tif,2.76
1572,27,3,2024-11-26 10:52:19,24.87603,90.86569,24.97603,90.96569,24.97603,90.86569,24.87603,90.96569,Landsat-9,Optical,18.5,39.6,Analysis Ready,S2_001572.tif,0.03
1573,48,6,2021-09-29 23:07:41,26.43006,95.03113,26.53006,95.13113,26.53006,95.03113,26.43006,95.13113,Sentinel-2B,Optical,23.1,19.1,Raw,S2_001573.tif,2.98
1574,17,2,2024-08-11 01:57:25,24.17081,93.23264,24.27081,93.33264,24.27081,93.23264,24.17081,93.33264,Sentinel-1B,SAR,12.7,61.2,Analysis Ready,S2_001574.tif,1.81
1575,13,2,2018-02-27 07:27:16,26.47993,99.26839,26.57993,99.36839,26.57993,99.26839,26.47993,99.36839,Sentinel-1B,SAR,21.8,67.1,Raw,S2_001575.tif,0.45
1576,52,6,2018-05-24 13:32:38,28.36297,99.5616,28.46297,99.6616,28.46297,99.5616,28.36297,99.6616,Sentinel-1B,SAR,22.4,18.9,Analysis Ready,S2_001576.tif,0.14
1577,62,8,2021-07-28 13:41:42,27.28993,92.31456,27.38993,92.41456,27.38993,92.31456,27.28993,92.41456,Sentinel-1B,SAR,28.8,47.1,Analysis Ready,S2_001577.tif,0.11
1578,23,3,2024-10-25 01:40:13,27.51408,91.27029,27.61408,91.37029,27.61408,91.27029,27.51408,91.37029,Landsat-8,Optical,10.7,66.0,Analysis Ready,S2_001578.tif,1.04
1579,45,5,2019-05-07 07:49:27,28.56692,94.87506,28.66692,94.97506,28.66692,94.87506,28.56692,94.97506,Sentinel-1A,SAR,24.7,0.7,Preprocessed,S2_001579.tif,3.53
1580,35,4,2018-02-22 19:29:33,23.4825,91.95685,23.5825,92.05685,23.5825,91.95685,23.4825,92.05685,Landsat-8,Optical,7.1,33.1,Analysis Ready,S2_001580.tif,0.95
1581,49,6,2022-01-25 20:43:21,29.13902,98.62244,29.23902,98.72244,29.23902,98.62244,29.13902,98.72244,Sentinel-2A,Optical,9.7,76.2,Preprocessed,S2_001581.tif,4.45
1582,44,5,2018-04-10 16:16:07,29.47054,98.82765,29.57054,98.92765,29.57054,98.82765,29.47054,98.92765,Sentinel-2A,Optical,9.9,3.7,Raw,S2_001582.tif,0.14
1583,4,1,2020-05-26 03:36:51,27.03978,89.90819,27.13978,90.00819,27.13978,89.90819,27.03978,90.00819,Landsat-8,Optical,22.4,0.1,Raw,S2_001583.tif,1.06
1584,59,8,2019-09-01 17:41:25,25.77911,92.50739,25.87911,92.60739,25.87911,92.50739,25.77911,92.60739,Landsat-8,Optical,9.8,82.0,Raw,S2_001584.tif,2.99
1585,19,2,2019-07-11 10:20:33,24.41203,96.08095,24.51203,96.18095,24.51203,96.08095,24.41203,96.18095,Sentinel-2A,Optical,19.6,29.8,Analysis Ready,S2_001585.tif,4.24
1586,7,1,2022-04-09 12:30:32,25.99248,91.72875,26.09248,91.82875,26.09248,91.72875,25.99248,91.82875,RESOURCESAT-2,Optical,19.6,20.4,Raw,S2_001586.tif,0.72
1587,5,1,2024-03-18 02:45:46,23.38404,95.551,23.48404,95.651,23.48404,95.551,23.38404,95.651,Sentinel-1B,SAR,13.4,37.8,Analysis Ready,S2_001587.tif,4.12
1588,14,2,2024-10-03 19:39:24,22.51381,92.94529,22.61381,93.04529,22.61381,92.94529,22.51381,93.04529,RESOURCESAT-2,Optical,18.5,92.5,Raw,S2_001588.tif,3.66
1589,12,1,2024-08-17 22:03:58,27.07312,97.70621,27.17312,97.80621,27.17312,97.70621,27.07312,97.80621,Landsat-8,Optical,3.4,87.8,Preprocessed,S2_001589.tif,1.25
1590,60,8,2020-02-23 15:42:49,24.38591,96.2704,24.48591,96.3704,24.48591,96.2704,24.38591,96.3704,RESOURCESAT-2,Optical,22.3,45.5,Analysis Ready,S2_001590.tif,2.14
1591,38,4,2023-10-12 13:39:12,29.64754,98.95213,29.74754,99.05213,29.74754,98.95213,29.64754,99.05213,Landsat-8,Optical,19.7,16.1,Raw,S2_001591.tif,3.09
1592,39,4,2019-02-14 06:08:42,27.40106,91.60151,27.50106,91.70151,27.50106,91.60151,27.40106,91.70151,Sentinel-2A,Optical,27.7,75.2,Preprocessed,S2_001592.tif,1.53
1593,62,8,2019-01-27 19:55:11,26.81211,92.10251,26.91211,92.20251,26.91211,92.10251,26.81211,92.20251,Sentinel-1B,SAR,3.9,44.4,Analysis Ready,S2_001593.tif,2.62
1594,50,6,2023-01-15 18:08:27,24.16728,92.65448,24.26728,92.75448,24.26728,92.65448,24.16728,92.75448,Sentinel-2B,Optical,6.2,82.0,Preprocessed,S2_001594.tif,1.94
1595,18,2,2024-07-11 13:33:40,28.52564,98.32798,28.62564,98.42798,28.62564,98.32798,28.52564,98.42798,Sentinel-1A,SAR,12.2,20.3,Preprocessed,S2_001595.tif,2.27
1596,7,1,2023-03-23 08:10:56,25.96211,92.01197,26.06211,92.11197,26.06211,92.01197,25.96211,92.11197,Landsat-8,Optical,22.9,6.5,Raw,S2_001596.tif,1.82
1597,41,5,2021-03-24 05:13:28,22.64016,94.38705,22.74016,94.48705,22.74016,94.38705,22.64016,94.48705,RESOURCESAT-2,Optical,23.9,77.1,Raw,S2_001597.tif,3.68
1598,21,2,2024-08-12 16:46:10,23.85678,99.85787,23.95678,99.95787,23.95678,99.85787,23.85678,99.95787,Sentinel-2B,Optical,22.1,3.5,Preprocessed,S2_001598.tif,3.05
1599,26,3,2020-04-23 16:13:49,23.58336,90.54303,23.68336,90.64303,23.68336,90.54303,23.58336,90.64303,Sentinel-1B,SAR,14.3,31.0,Analysis Ready,S2_001599.tif,3.77
1600,42,5,2019-02-01 07:01:27,22.1912,96.88478,22.2912,96.98478,22.2912,96.88478,22.1912,96.98478,RESOURCESAT-2,Optical,12.5,9.9,Analysis Ready,S2_001600.tif,1.83
1601,23,3,2023-08-03 15:32:07,28.32266,91.32293,28.42266,91.42293,28.42266,91.32293,28.32266,91.42293,Sentinel-2B,Optical,10.8,86.9,Analysis Ready,S2_001601.tif,4.51
1602,3,1,2018-09-13 05:26:16,27.77729,98.65553,27.87729,98.75553,27.87729,98.65553,27.77729,98.75553,Sentinel-1A,SAR,11.1,51.7,Analysis Ready,S2_001602.tif,2.96
1603,45,5,2023-06-08 07:10:07,28.51948,95.00144,28.61948,95.10144,28.61948,95.00144,28.51948,95.10144,Sentinel-1B,SAR,17.4,43.1,Preprocessed,S2_001603.tif,3.36
1604,24,3,2019-09-26 16:52:09,23.99443,98.97461,24.09443,99.07461,24.09443,98.97461,23.99443,99.07461,Sentinel-2A,Optical,26.8,72.1,Preprocessed,S2_001604.tif,2.02
1605,28,3,2022-11-25 01:35:04,29.39073,93.07215,29.49073,93.17215,29.49073,93.07215,29.39073,93.17215,Sentinel-2B,Optical,4.5,21.1,Analysis Ready,S2_001605.tif,3.55
1606,29,3,2021-06-23 00:39:36,26.06091,99.171,26.16091,99.271,26.16091,99.171,26.06091,99.271,Sentinel-1A,SAR,4.9,94.4,Analysis Ready,S2_001606.tif,0.01
1607,49,6,2021-01-26 03:58:09,29.69134,98.42709,29.79134,98.52709,29.79134,98.42709,29.69134,98.52709,Sentinel-1A,SAR,29.3,25.7,Analysis Ready,S2_001607.tif,3.34
1608,2,1,2019-03-08 18:02:48,24.25676,91.22877,24.35676,91.32877,24.35676,91.22877,24.25676,91.32877,Landsat-8,Optical,28.6,57.8,Preprocessed,S2_001608.tif,4.45
1609,31,3,2020-10-29 04:26:56,28.03119,95.43041,28.13119,95.53041,28.13119,95.43041,28.03119,95.53041,RESOURCESAT-2,Optical,9.9,43.4,Preprocessed,S2_001609.tif,0.95
1610,9,1,2023-04-04 05:03:14,27.4135,93.51426,27.5135,93.61426,27.5135,93.51426,27.4135,93.61426,Sentinel-2A,Optical,12.1,41.5,Preprocessed,S2_001610.tif,3.25
1611,13,2,2023-06-09 10:19:17,25.85892,99.99612,25.95892,100.09612,25.95892,99.99612,25.85892,100.09612,Landsat-8,Optical,22.9,26.5,Preprocessed,S2_001611.tif,0.81
1612,22,2,2023-02-03 08:12:55,22.47759,95.9929,22.57759,96.0929,22.57759,95.9929,22.47759,96.0929,Sentinel-1B,SAR,25.8,18.9,Preprocessed,S2_001612.tif,1.92
1613,1,1,2018-07-08 19:56:16,27.45628,89.77072,27.55628,89.87072,27.55628,89.77072,27.45628,89.87072,Sentinel-2B,Optical,19.2,71.1,Analysis Ready,S2_001613.tif,2.34
1614,23,3,2018-06-20 06:24:50,27.82397,91.42399,27.92397,91.52399,27.92397,91.42399,27.82397,91.52399,Landsat-9,Optical,3.5,23.5,Raw,S2_001614.tif,3.07
1615,49,6,2020-01-09 13:32:27,29.59298,98.90746,29.69298,99.00746,29.69298,98.90746,29.59298,99.00746,Landsat-8,Optical,7.8,49.4,Analysis Ready,S2_001615.tif,3.57
1616,51,6,2018-02-14 16:43:36,29.43035,90.49486,29.53035,90.59486,29.53035,90.49486,29.43035,90.59486,Sentinel-2B,Optical,3.2,93.9,Preprocessed,S2_001616.tif,3.11
1617,39,4,2022-09-28 04:55:06,27.64755,91.58898,27.74755,91.68898,27.74755,91.58898,27.64755,91.68898,Sentinel-2B,Optical,3.2,37.3,Raw,S2_001617.tif,3.29
1618,6,1,2019-09-16 05:06:24,26.06439,96.74557,26.16439,96.84557,26.16439,96.74557,26.06439,96.84557,Sentinel-1B,SAR,21.5,7.8,Raw,S2_001618.tif,1.04
1619,16,2,2024-01-26 18:28:21,23.55646,91.13307,23.65646,91.23307,23.65646,91.13307,23.55646,91.23307,Sentinel-1B,SAR,17.1,92.8,Preprocessed,S2_001619.tif,3.64
1620,25,3,2018-03-01 06:11:25,26.65964,96.98378,26.75964,97.08378,26.75964,96.98378,26.65964,97.08378,Sentinel-1A,SAR,21.5,15.7,Preprocessed,S2_001620.tif,0.73
1621,62,8,2018-09-29 17:35:40,27.29661,92.4574,27.39661,92.5574,27.39661,92.4574,27.29661,92.5574,Sentinel-1B,SAR,22.9,80.9,Raw,S2_001621.tif,1.31
1622,49,6,2021-09-03 18:05:18,29.2954,98.60578,29.3954,98.70578,29.3954,98.60578,29.2954,98.70578,Landsat-8,Optical,22.1,71.6,Preprocessed,S2_001622.tif,0.14
1623,34,4,2021-02-28 05:28:20,26.12297,97.13711,26.22297,97.23711,26.22297,97.13711,26.12297,97.23711,Sentinel-1A,SAR,25.9,9.1,Raw,S2_001623.tif,0.37
1624,40,5,2021-06-22 15:55:48,28.47785,97.1901,28.57785,97.2901,28.57785,97.1901,28.47785,97.2901,RESOURCESAT-2,Optical,19.0,100.0,Analysis Ready,S2_001624.tif,4.77
1625,6,1,2019-10-05 00:08:15,26.52433,96.77407,26.62433,96.87407,26.62433,96.77407,26.52433,96.87407,Sentinel-2B,Optical,16.8,37.5,Preprocessed,S2_001625.tif,3.1
1626,54,6,2018-04-14 05:13:24,29.82838,91.30974,29.92838,91.40974,29.92838,91.30974,29.82838,91.40974,Landsat-8,Optical,20.1,24.9,Raw,S2_001626.tif,1.76
1627,61,8,2020-02-01 06:04:59,26.77844,90.19944,26.87844,90.29944,26.87844,90.19944,26.77844,90.29944,Sentinel-2B,Optical,12.3,66.2,Raw,S2_001627.tif,1.91
1628,27,3,2024-08-30 08:40:44,25.53167,90.43539,25.63167,90.53539,25.63167,90.43539,25.53167,90.53539,Landsat-9,Optical,8.3,64.8,Preprocessed,S2_001628.tif,4.88
1629,31,3,2021-04-19 19:26:06,28.1823,95.60691,28.2823,95.70691,28.2823,95.60691,28.1823,95.70691,Sentinel-2B,Optical,26.7,41.6,Analysis Ready,S2_001629.tif,0.59
1630,16,2,2024-09-02 12:05:14,23.44576,90.22979,23.54576,90.32979,23.54576,90.22979,23.44576,90.32979,RESOURCESAT-2,Optical,19.1,63.4,Preprocessed,S2_001630.tif,4.95
1631,49,6,2020-11-17 17:27:46,29.3374,98.40668,29.4374,98.50668,29.4374,98.40668,29.3374,98.50668,RESOURCESAT-2,Optical,26.6,39.7,Preprocessed,S2_001631.tif,0.42
1632,34,4,2020-05-18 14:28:05,25.8194,97.53611,25.9194,97.63611,25.9194,97.53611,25.8194,97.63611,Sentinel-1B,SAR,15.9,33.9,Analysis Ready,S2_001632.tif,4.0
1633,62,8,2018-01-21 20:30:02,26.96591,92.75145,27.06591,92.85145,27.06591,92.75145,26.96591,92.85145,Sentinel-2B,Optical,11.5,19.7,Analysis Ready,S2_001633.tif,2.41
1634,47,6,2022-07-06 18:53:18,29.15215,98.99379,29.25215,99.09379,29.25215,98.99379,29.15215,99.09379,Sentinel-2B,Optical,13.2,52.9,Preprocessed,S2_001634.tif,1.83
1635,62,8,2024-05-23 10:02:07,26.75729,92.48945,26.85729,92.58945,26.85729,92.48945,26.75729,92.58945,Sentinel-2A,Optical,13.2,95.3,Raw,S2_001635.tif,2.52
1636,22,2,2022-03-28 10:54:01,23.03029,96.46976,23.13029,96.56976,23.13029,96.46976,23.03029,96.56976,Landsat-9,Optical,4.8,8.7,Analysis Ready,S2_001636.tif,0.41
1637,17,2,2018-02-03 01:21:42,24.00141,93.3048,24.10141,93.4048,24.10141,93.3048,24.00141,93.4048,Sentinel-1B,SAR,6.9,55.6,Preprocessed,S2_001637.tif,3.14
1638,62,8,2020-02-16 05:21:19,27.52571,92.22644,27.62571,92.32644,27.62571,92.22644,27.52571,92.32644,Sentinel-2A,Optical,8.6,94.7,Analysis Ready,S2_001638.tif,0.04
1639,50,6,2018-08-21 09:16:06,24.08646,92.13343,24.18646,92.23343,24.18646,92.13343,24.08646,92.23343,Sentinel-2A,Optical,22.6,33.7,Analysis Ready,S2_001639.tif,4.07
1640,31,3,2024-11-17 04:03:15,27.78078,95.21062,27.88078,95.31062,27.88078,95.21062,27.78078,95.31062,Landsat-9,Optical,21.7,33.0,Raw,S2_001640.tif,3.84
1641,54,6,2021-04-02 06:55:36,30.01096,91.35838,30.11096,91.45838,30.11096,91.35838,30.01096,91.45838,Sentinel-1B,SAR,16.3,81.4,Analysis Ready,S2_001641.tif,4.68
1642,24,3,2018-02-16 22:48:24,23.90881,99.38382,24.00881,99.48382,24.00881,99.38382,23.90881,99.48382,RESOURCESAT-2,Optical,7.6,98.6,Analysis Ready,S2_001642.tif,0.08
1643,6,1,2023-01-29 11:28:36,26.90469,96.91172,27.00469,97.01172,27.00469,96.91172,26.90469,97.01172,Landsat-9,Optical,23.6,45.9,Preprocessed,S2_001643.tif,1.18
1644,40,5,2023-02-20 10:25:28,28.19958,97.62762,28.29958,97.72762,28.29958,97.62762,28.19958,97.72762,Landsat-8,Optical,12.3,47.3,Raw,S2_001644.tif,0.66
1645,22,2,2021-05-02 16:35:53,22.21544,96.38167,22.31544,96.48167,22.31544,96.38167,22.21544,96.48167,Landsat-8,Optical,4.9,85.3,Analysis Ready,S2_001645.tif,3.16
1646,19,2,2019-04-22 02:00:15,24.48659,96.28008,24.58659,96.38008,24.58659,96.28008,24.48659,96.38008,RESOURCESAT-2,Optical,27.9,85.6,Analysis Ready,S2_001646.tif,4.1
1647,55,7,2024-01-17 22:31:23,28.99317,93.97362,29.09317,94.07362,29.09317,93.97362,28.99317,94.07362,Landsat-8,Optical,3.8,30.0,Raw,S2_001647.tif,3.07
1648,41,5,2023-04-30 09:30:59,22.6486,94.18319,22.7486,94.28319,22.7486,94.18319,22.6486,94.28319,Sentinel-1B,SAR,19.5,97.3,Analysis Ready,S2_001648.tif,0.89
1649,46,5,2018-08-03 11:27:08,23.66206,97.88837,23.76206,97.98837,23.76206,97.88837,23.66206,97.98837,Sentinel-1A,SAR,16.4,50.3,Raw,S2_001649.tif,2.25
1650,55,7,2019-12-30 21:56:28,29.0818,93.73908,29.1818,93.83908,29.1818,93.73908,29.0818,93.83908,Sentinel-2B,Optical,17.6,3.0,Preprocessed,S2_001650.tif,0.64
1651,56,7,2024-12-10 04:29:57,29.79654,97.44244,29.89654,97.54244,29.89654,97.44244,29.79654,97.54244,RESOURCESAT-2,Optical,24.1,43.9,Raw,S2_001651.tif,4.11
1652,9,1,2022-05-22 04:07:02,27.46937,93.22422,27.56937,93.32422,27.56937,93.22422,27.46937,93.32422,Sentinel-1B,SAR,25.4,51.7,Preprocessed,S2_001652.tif,4.36
1653,53,6,2024-11-16 15:55:36,28.21065,90.8617,28.31065,90.9617,28.31065,90.8617,28.21065,90.9617,Landsat-9,Optical,12.7,63.6,Raw,S2_001653.tif,1.16
1654,29,3,2021-09-01 22:52:44,26.06454,99.22037,26.16454,99.32037,26.16454,99.22037,26.06454,99.32037,Sentinel-2A,Optical,9.0,84.5,Preprocessed,S2_001654.tif,3.13
1655,61,8,2022-10-25 22:21:45,26.96822,90.01003,27.06822,90.11003,27.06822,90.01003,26.96822,90.11003,Sentinel-1B,SAR,9.2,84.1,Analysis Ready,S2_001655.tif,1.16
1656,44,5,2019-10-31 05:03:15,28.83455,98.74797,28.93455,98.84797,28.93455,98.74797,28.83455,98.84797,Sentinel-1A,SAR,21.9,12.1,Analysis Ready,S2_001656.tif,1.03
1657,12,1,2019-12-17 15:49:30,27.08731,97.70826,27.18731,97.80826,27.18731,97.70826,27.08731,97.80826,Sentinel-1B,SAR,20.4,73.9,Analysis Ready,S2_001657.tif,4.46
1658,19,2,2020-12-01 14:29:13,23.88773,96.85643,23.98773,96.95643,23.98773,96.85643,23.88773,96.95643,Sentinel-2B,Optical,18.3,52.2,Raw,S2_001658.tif,0.8
1659,11,1,2018-03-14 13:09:18,22.94871,90.80201,23.04871,90.90201,23.04871,90.80201,22.94871,90.90201,RESOURCESAT-2,Optical,18.2,99.2,Raw,S2_001659.tif,0.13
1660,2,1,2024-03-01 09:50:58,23.81493,91.71436,23.91493,91.81436,23.91493,91.71436,23.81493,91.81436,Sentinel-1A,SAR,28.6,67.1,Preprocessed,S2_001660.tif,0.81
1661,15,2,2023-08-18 10:15:38,27.20189,98.50753,27.30189,98.60753,27.30189,98.50753,27.20189,98.60753,Landsat-9,Optical,15.1,92.3,Analysis Ready,S2_001661.tif,2.62
1662,5,1,2024-12-22 12:14:03,23.64366,94.58252,23.74366,94.68252,23.74366,94.58252,23.64366,94.68252,Sentinel-2B,Optical,15.4,43.0,Analysis Ready,S2_001662.tif,0.31
1663,44,5,2024-10-02 13:01:41,29.01655,98.37484,29.11655,98.47484,29.11655,98.37484,29.01655,98.47484,Sentinel-1B,SAR,7.0,92.7,Raw,S2_001663.tif,0.05
1664,32,3,2019-04-10 23:27:59,25.25158,95.61554,25.35158,95.71554,25.35158,95.61554,25.25158,95.71554,Sentinel-1A,SAR,16.3,5.7,Analysis Ready,S2_001664.tif,3.9
1665,20,2,2018-11-15 02:55:09,23.65166,93.54273,23.75166,93.64273,23.75166,93.54273,23.65166,93.64273,Landsat-8,Optical,25.7,20.7,Preprocessed,S2_001665.tif,4.66
1666,55,7,2019-09-25 11:19:10,28.59148,94.53069,28.69148,94.63069,28.69148,94.53069,28.59148,94.63069,Sentinel-2A,Optical,8.0,87.0,Analysis Ready,S2_001666.tif,4.07
1667,43,5,2021-04-11 03:10:29,30.10473,97.51384,30.20473,97.61384,30.20473,97.51384,30.10473,97.61384,Sentinel-1B,SAR,17.3,1.7,Analysis Ready,S2_001667.tif,0.52
1668,57,7,2021-10-19 08:58:28,23.73876,92.64888,23.83876,92.74888,23.83876,92.64888,23.73876,92.74888,RESOURCESAT-2,Optical,11.5,21.0,Preprocessed,S2_001668.tif,4.94
1669,18,2,2021-01-27 18:15:09,28.68564,99.04332,28.78564,99.14332,28.78564,99.04332,28.68564,99.14332,Landsat-9,Optical,4.4,40.9,Analysis Ready,S2_001669.tif,1.61
1670,18,2,2021-04-03 19:46:08,28.88663,99.09647,28.98663,99.19647,28.98663,99.09647,28.88663,99.19647,Landsat-9,Optical,12.8,70.5,Raw,S2_001670.tif,0.17
1671,52,6,2018-11-25 16:08:09,28.83153,99.55907,28.93153,99.65907,28.93153,99.55907,28.83153,99.65907,Sentinel-1B,SAR,4.6,61.3,Raw,S2_001671.tif,0.19
1672,13,2,2023-04-01 21:13:06,26.62279,99.35611,26.72279,99.45611,26.72279,99.35611,26.62279,99.45611,Sentinel-1B,SAR,20.9,22.6,Preprocessed,S2_001672.tif,2.12
1673,16,2,2019-06-02 05:54:50,23.75296,91.03042,23.85296,91.13042,23.85296,91.03042,23.75296,91.13042,Sentinel-2B,Optical,25.0,61.9,Raw,S2_001673.tif,0.28
1674,31,3,2021-04-28 09:20:39,28.15184,95.27691,28.25184,95.37691,28.25184,95.27691,28.15184,95.37691,Landsat-9,Optical,5.8,54.4,Analysis Ready,S2_001674.tif,1.82
1675,17,2,2020-07-22 16:38:09,24.20187,92.54178,24.30187,92.64178,24.30187,92.54178,24.20187,92.64178,Landsat-9,Optical,4.1,33.3,Raw,S2_001675.tif,1.24
1676,51,6,2019-09-11 23:59:29,29.60527,90.59246,29.70527,90.69246,29.70527,90.59246,29.60527,90.69246,Sentinel-2A,Optical,10.2,58.6,Preprocessed,S2_001676.tif,3.17
1677,13,2,2024-05-01 11:58:40,26.29379,99.7389,26.39379,99.8389,26.39379,99.7389,26.29379,99.8389,Sentinel-2A,Optical,21.7,61.5,Preprocessed,S2_001677.tif,4.16
1678,36,4,2018-12-29 03:32:05,25.39047,90.68199,25.49047,90.78199,25.49047,90.68199,25.39047,90.78199,Landsat-9,Optical,28.5,15.3,Raw,S2_001678.tif,0.96
1679,53,6,2022-02-23 07:47:23,28.33543,91.61997,28.43543,91.71997,28.43543,91.61997,28.33543,91.71997,Landsat-8,Optical,12.6,81.2,Raw,S2_001679.tif,3.52
1680,9,1,2021-07-12 17:09:08,27.38135,93.0431,27.48135,93.1431,27.48135,93.0431,27.38135,93.1431,Sentinel-2A,Optical,3.1,77.8,Raw,S2_001680.tif,4.74
1681,39,4,2018-05-31 16:59:40,27.75691,91.06739,27.85691,91.16739,27.85691,91.06739,27.75691,91.16739,Sentinel-1B,SAR,10.7,69.2,Analysis Ready,S2_001681.tif,3.05
1682,46,5,2021-05-14 20:26:06,22.82467,97.17491,22.92467,97.27491,22.92467,97.17491,22.82467,97.27491,Sentinel-2B,Optical,23.1,78.0,Raw,S2_001682.tif,3.95
1683,18,2,2019-08-28 22:29:39,28.89169,98.30813,28.99169,98.40813,28.99169,98.30813,28.89169,98.40813,Sentinel-2A,Optical,25.1,16.9,Preprocessed,S2_001683.tif,1.64
1684,50,6,2021-06-02 16:34:17,24.27671,92.14592,24.37671,92.24592,24.37671,92.14592,24.27671,92.24592,Sentinel-1B,SAR,10.2,13.1,Analysis Ready,S2_001684.tif,1.66
1685,58,7,2019-10-24 12:48:59,26.76056,94.12261,26.86056,94.22261,26.86056,94.12261,26.76056,94.22261,Landsat-9,Optical,22.3,53.1,Analysis Ready,S2_001685.tif,4.8
1686,35,4,2022-01-30 16:22:57,23.04508,91.36192,23.14508,91.46192,23.14508,91.36192,23.04508,91.46192,Landsat-9,Optical,9.5,41.9,Raw,S2_001686.tif,3.54
1687,5,1,2018-03-14 10:38:52,24.09128,95.04468,24.19128,95.14468,24.19128,95.04468,24.09128,95.14468,Sentinel-2A,Optical,6.2,27.1,Analysis Ready,S2_001687.tif,2.46
1688,30,3,2021-10-23 21:57:14,25.76651,93.07229,25.86651,93.17229,25.86651,93.07229,25.76651,93.17229,Sentinel-1A,SAR,12.4,6.3,Analysis Ready,S2_001688.tif,1.28
1689,8,1,2023-06-08 00:09:32,24.24655,98.93914,24.34655,99.03914,24.34655,98.93914,24.24655,99.03914,Sentinel-1A,SAR,9.0,95.4,Preprocessed,S2_001689.tif,0.05
1690,51,6,2022-04-24 13:20:09,30.04519,90.89241,30.14519,90.99241,30.14519,90.89241,30.04519,90.99241,Landsat-9,Optical,15.9,9.4,Analysis Ready,S2_001690.tif,3.35
1691,57,7,2022-11-08 05:13:15,23.69646,93.32432,23.79646,93.42432,23.79646,93.32432,23.69646,93.42432,Landsat-8,Optical,12.8,73.9,Analysis Ready,S2_001691.tif,3.79
1692,47,6,2022-11-02 04:00:41,29.51573,99.13719,29.61573,99.23719,29.61573,99.13719,29.51573,99.23719,Sentinel-2B,Optical,21.8,36.2,Analysis Ready,S2_001692.tif,3.55
1693,38,4,2019-01-25 00:58:46,30.06342,98.53515,30.16342,98.63515,30.16342,98.53515,30.06342,98.63515,Sentinel-1A,SAR,5.5,92.8,Raw,S2_001693.tif,3.74
1694,31,3,2024-06-01 12:13:14,27.93231,94.95152,28.03231,95.05152,28.03231,94.95152,27.93231,95.05152,Landsat-9,Optical,6.8,27.6,Raw,S2_001694.tif,2.77
1695,40,5,2021-11-26 16:41:41,27.51959,97.59806,27.61959,97.69806,27.61959,97.59806,27.51959,97.69806,Sentinel-2A,Optical,11.5,88.6,Raw,S2_001695.tif,4.65
1696,11,1,2018-09-08 07:56:37,22.60297,90.78643,22.70297,90.88643,22.70297,90.78643,22.60297,90.88643,Landsat-9,Optical,27.5,66.9,Preprocessed,S2_001696.tif,0.09
1697,19,2,2023-05-25 05:39:54,24.12277,96.32843,24.22277,96.42843,24.22277,96.32843,24.12277,96.42843,Sentinel-2B,Optical,15.4,32.1,Raw,S2_001697.tif,1.7
1698,40,5,2024-09-03 04:34:22,28.03075,97.98332,28.13075,98.08332,28.13075,97.98332,28.03075,98.08332,Sentinel-1B,SAR,25.9,87.8,Analysis Ready,S2_001698.tif,2.35
1699,6,1,2021-01-15 18:31:18,26.51081,97.23809,26.61081,97.33809,26.61081,97.23809,26.51081,97.33809,Sentinel-2B,Optical,22.7,48.4,Raw,S2_001699.tif,1.28
1700,8,1,2024-11-25 09:31:34,24.47292,98.69373,24.57292,98.79373,24.57292,98.69373,24.47292,98.79373,Sentinel-1B,SAR,16.1,65.2,Preprocessed,S2_001700.tif,0.47
1701,22,2,2024-06-24 19:17:46,22.60106,96.72631,22.70106,96.82631,22.70106,96.72631,22.60106,96.82631,Sentinel-1B,SAR,19.8,73.8,Preprocessed,S2_001701.tif,3.47
1702,40,5,2019-07-02 22:58:37,27.73016,98.18099,27.83016,98.28099,27.83016,98.18099,27.73016,98.28099,Sentinel-2A,Optical,25.1,45.5,Analysis Ready,S2_001702.tif,2.02
1703,23,3,2020-03-01 00:04:35,27.89123,91.54933,27.99123,91.64933,27.99123,91.54933,27.89123,91.64933,RESOURCESAT-2,Optical,19.9,9.5,Analysis Ready,S2_001703.tif,3.56
1704,23,3,2019-06-13 17:36:56,28.24362,91.70744,28.34362,91.80744,28.34362,91.70744,28.24362,91.80744,Sentinel-2A,Optical,25.8,89.1,Raw,S2_001704.tif,2.7
1705,23,3,2023-03-09 17:53:26,28.30459,91.45623,28.40459,91.55623,28.40459,91.45623,28.30459,91.55623,Landsat-9,Optical,12.0,20.2,Preprocessed,S2_001705.tif,0.31
1706,54,6,2023-12-14 08:22:52,29.44943,91.84062,29.54943,91.94062,29.54943,91.84062,29.44943,91.94062,Sentinel-1B,SAR,15.6,57.3,Raw,S2_001706.tif,1.69
1707,24,3,2019-04-11 09:44:32,24.16144,99.28855,24.26144,99.38855,24.26144,99.28855,24.16144,99.38855,Sentinel-2A,Optical,4.0,91.3,Preprocessed,S2_001707.tif,1.07
1708,8,1,2020-07-27 09:01:03,23.94546,98.8479,24.04546,98.9479,24.04546,98.8479,23.94546,98.9479,Landsat-8,Optical,19.8,11.9,Preprocessed,S2_001708.tif,1.48
1709,51,6,2020-11-26 15:35:48,29.90264,91.06129,30.00264,91.16129,30.00264,91.06129,29.90264,91.16129,Landsat-8,Optical,20.0,46.5,Preprocessed,S2_001709.tif,3.76
1710,39,4,2020-11-23 19:27:12,27.84034,90.94103,27.94034,91.04103,27.94034,90.94103,27.84034,91.04103,Landsat-9,Optical,3.5,91.2,Preprocessed,S2_001710.tif,0.71
1711,28,3,2020-02-25 21:42:43,29.42384,92.90743,29.52384,93.00743,29.52384,92.90743,29.42384,93.00743,Sentinel-2B,Optical,17.4,31.6,Analysis Ready,S2_001711.tif,3.55
1712,1,1,2024-09-24 02:47:02,27.55786,90.34285,27.65786,90.44285,27.65786,90.34285,27.55786,90.44285,Sentinel-2B,Optical,27.6,27.2,Preprocessed,S2_001712.tif,4.3
1713,33,4,2020-04-21 12:10:52,23.8956,99.99334,23.9956,100.09334,23.9956,99.99334,23.8956,100.09334,Landsat-8,Optical,9.1,89.2,Raw,S2_001713.tif,3.85
1714,12,1,2022-03-14 06:34:36,26.51216,97.71074,26.61216,97.81074,26.61216,97.71074,26.51216,97.81074,Sentinel-2B,Optical,25.6,98.8,Raw,S2_001714.tif,3.11
1715,20,2,2022-11-02 05:55:23,22.87218,93.8916,22.97218,93.9916,22.97218,93.8916,22.87218,93.9916,Landsat-8,Optical,4.5,81.8,Raw,S2_001715.tif,0.3
1716,28,3,2022-10-14 23:16:57,29.21769,93.58987,29.31769,93.68987,29.31769,93.58987,29.21769,93.68987,Sentinel-1B,SAR,18.4,38.1,Preprocessed,S2_001716.tif,3.33
1717,61,8,2023-09-01 12:45:35,26.35816,89.98985,26.45816,90.08985,26.45816,89.98985,26.35816,90.08985,Landsat-8,Optical,10.1,53.3,Preprocessed,S2_001717.tif,0.08
1718,45,5,2021-02-20 11:52:54,29.12959,95.03867,29.22959,95.13867,29.22959,95.03867,29.12959,95.13867,Landsat-8,Optical,21.2,14.6,Analysis Ready,S2_001718.tif,3.4
1719,59,8,2023-01-29 07:28:18,25.87734,92.3902,25.97734,92.4902,25.97734,92.3902,25.87734,92.4902,Sentinel-2A,Optical,12.5,6.0,Raw,S2_001719.tif,0.76
1720,46,5,2018-03-02 12:46:07,23.38215,97.96899,23.48215,98.06899,23.48215,97.96899,23.38215,98.06899,Sentinel-1A,SAR,5.8,35.4,Preprocessed,S2_001720.tif,1.89
1721,9,1,2018-09-30 11:17:59,27.69722,92.90417,27.79722,93.00417,27.79722,92.90417,27.69722,93.00417,Sentinel-2B,Optical,12.7,0.9,Raw,S2_001721.tif,4.51
1722,42,5,2018-11-16 03:38:39,21.84731,96.96521,21.94731,97.06521,21.94731,96.96521,21.84731,97.06521,Sentinel-1B,SAR,28.5,62.3,Raw,S2_001722.tif,2.12
1723,15,2,2021-06-20 10:35:29,27.035,98.83492,27.135,98.93492,27.135,98.83492,27.035,98.93492,Sentinel-2A,Optical,25.7,32.5,Preprocessed,S2_001723.tif,1.31
1724,28,3,2018-03-13 13:17:49,28.98245,93.23487,29.08245,93.33487,29.08245,93.23487,28.98245,93.33487,Sentinel-1B,SAR,20.4,88.9,Raw,S2_001724.tif,3.08
1725,41,5,2022-01-30 15:12:09,23.32431,94.28129,23.42431,94.38129,23.42431,94.28129,23.32431,94.38129,Sentinel-2B,Optical,3.7,31.5,Analysis Ready,S2_001725.tif,4.22
1726,17,2,2020-12-28 20:56:22,23.60496,92.62838,23.70496,92.72838,23.70496,92.62838,23.60496,92.72838,RESOURCESAT-2,Optical,17.9,92.3,Preprocessed,S2_001726.tif,4.85
1727,9,1,2022-12-19 21:12:02,27.78255,93.19209,27.88255,93.29209,27.88255,93.19209,27.78255,93.29209,Landsat-9,Optical,16.2,88.4,Preprocessed,S2_001727.tif,2.94
1728,37,4,2023-01-04 23:28:20,26.59369,94.3987,26.69369,94.4987,26.69369,94.3987,26.59369,94.4987,Sentinel-1B,SAR,11.1,9.6,Analysis Ready,S2_001728.tif,1.39
1729,57,7,2020-07-14 05:11:44,23.62316,93.52194,23.72316,93.62194,23.72316,93.52194,23.62316,93.62194,Landsat-8,Optical,11.5,0.9,Raw,S2_001729.tif,2.95
1730,8,1,2023-12-26 08:09:39,23.81615,98.54837,23.91615,98.64837,23.91615,98.54837,23.81615,98.64837,Landsat-8,Optical,5.0,38.2,Raw,S2_001730.tif,1.75
1731,22,2,2023-09-05 12:36:22,22.27909,96.26795,22.37909,96.36795,22.37909,96.26795,22.27909,96.36795,Landsat-9,Optical,25.9,9.4,Raw,S2_001731.tif,4.28
1732,40,5,2021-12-25 16:02:21,28.07883,97.64507,28.17883,97.74507,28.17883,97.64507,28.07883,97.74507,Sentinel-1A,SAR,10.9,31.7,Preprocessed,S2_001732.tif,4.57
1733,47,6,2020-12-13 09:10:11,29.67787,98.74718,29.77787,98.84718,29.77787,98.74718,29.67787,98.84718,Sentinel-1A,SAR,21.5,94.3,Preprocessed,S2_001733.tif,2.02
1734,62,8,2023-01-20 16:27:26,27.47876,92.21487,27.57876,92.31487,27.57876,92.21487,27.47876,92.31487,Sentinel-1A,SAR,3.1,45.1,Preprocessed,S2_001734.tif,1.53
1735,9,1,2022-06-03 23:25:57,27.85856,93.22287,27.95856,93.32287,27.95856,93.22287,27.85856,93.32287,Sentinel-2B,Optical,12.8,16.8,Preprocessed,S2_001735.tif,3.56
1736,22,2,2020-08-24 03:41:11,22.20465,95.93017,22.30465,96.03017,22.30465,95.93017,22.20465,96.03017,Sentinel-2B,Optical,7.5,1.9,Raw,S2_001736.tif,3.85
1737,21,2,2024-02-08 11:20:12,24.1569,99.80997,24.2569,99.90997,24.2569,99.80997,24.1569,99.90997,Landsat-9,Optical,10.6,72.3,Raw,S2_001737.tif,2.57
1738,51,6,2024-01-27 17:00:38,29.30717,91.15051,29.40717,91.25051,29.40717,91.15051,29.30717,91.25051,RESOURCESAT-2,Optical,8.2,18.0,Raw,S2_001738.tif,1.32
1739,27,3,2018-12-21 08:52:48,25.11145,90.8962,25.21145,90.9962,25.21145,90.8962,25.11145,90.9962,Sentinel-1B,SAR,23.1,51.2,Preprocessed,S2_001739.tif,2.55
1740,6,1,2019-02-25 01:08:14,26.06687,97.52578,26.16687,97.62578,26.16687,97.52578,26.06687,97.62578,Sentinel-1A,SAR,5.2,58.9,Analysis Ready,S2_001740.tif,1.03
1741,41,5,2018-09-10 23:56:06,22.58148,94.35443,22.68148,94.45443,22.68148,94.35443,22.58148,94.45443,Sentinel-1A,SAR,29.5,78.1,Preprocessed,S2_001741.tif,1.99
1742,60,8,2024-09-30 10:17:42,24.9542,95.97525,25.0542,96.07525,25.0542,95.97525,24.9542,96.07525,Sentinel-1B,SAR,24.6,38.4,Analysis Ready,S2_001742.tif,0.63
1743,55,7,2021-08-10 09:10:49,28.80653,94.44068,28.90653,94.54068,28.90653,94.44068,28.80653,94.54068,Sentinel-2B,Optical,23.8,91.8,Preprocessed,S2_001743.tif,3.47
1744,61,8,2018-10-26 14:31:17,26.61369,90.26923,26.71369,90.36923,26.71369,90.26923,26.61369,90.36923,Sentinel-1B,SAR,20.9,18.9,Raw,S2_001744.tif,1.64
1745,47,6,2019-07-11 18:47:16,29.74771,99.22566,29.84771,99.32566,29.84771,99.22566,29.74771,99.32566,RESOURCESAT-2,Optical,7.6,58.7,Raw,S2_001745.tif,3.34
1746,8,1,2020-05-31 06:34:30,23.84654,98.43171,23.94654,98.53171,23.94654,98.43171,23.84654,98.53171,RESOURCESAT-2,Optical,18.1,75.5,Analysis Ready,S2_001746.tif,0.05
1747,60,8,2023-11-13 09:14:17,24.8149,95.57888,24.9149,95.67888,24.9149,95.57888,24.8149,95.67888,Landsat-9,Optical,25.4,71.3,Preprocessed,S2_001747.tif,1.03
1748,31,3,2019-06-27 10:41:58,27.61095,95.01922,27.71095,95.11922,27.71095,95.01922,27.61095,95.11922,Sentinel-2A,Optical,27.6,50.6,Raw,S2_001748.tif,3.99
1749,13,2,2021-02-13 11:32:57,25.95255,99.54268,26.05255,99.64268,26.05255,99.54268,25.95255,99.64268,Sentinel-2A,Optical,23.7,14.9,Raw,S2_001749.tif,3.35
1750,1,1,2019-07-09 13:02:00,27.42409,90.34506,27.52409,90.44506,27.52409,90.34506,27.42409,90.44506,Landsat-8,Optical,17.3,14.2,Raw,S2_001750.tif,0.92
1751,43,5,2023-03-05 16:06:49,30.1827,97.44968,30.2827,97.54968,30.2827,97.44968,30.1827,97.54968,Sentinel-1A,SAR,21.6,82.3,Raw,S2_001751.tif,0.83
1752,13,2,2020-10-04 00:51:53,25.91737,99.99909,26.01737,100.09909,26.01737,99.99909,25.91737,100.09909,Landsat-8,Optical,6.3,60.8,Preprocessed,S2_001752.tif,1.63
1753,44,5,2024-08-06 10:04:47,29.79478,98.75666,29.89478,98.85666,29.89478,98.75666,29.79478,98.85666,RESOURCESAT-2,Optical,21.5,74.1,Preprocessed,S2_001753.tif,0.23
1754,39,4,2018-10-27 22:48:10,27.30793,91.18637,27.40793,91.28637,27.40793,91.18637,27.30793,91.28637,Sentinel-2A,Optical,15.6,62.2,Preprocessed,S2_001754.tif,1.57
1755,44,5,2024-03-27 07:30:44,29.26346,98.61292,29.36346,98.71292,29.36346,98.61292,29.26346,98.71292,Sentinel-1B,SAR,10.6,78.0,Preprocessed,S2_001755.tif,3.95
1756,8,1,2023-10-02 09:36:22,24.23317,98.90954,24.33317,99.00954,24.33317,98.90954,24.23317,99.00954,Sentinel-2A,Optical,9.5,96.9,Analysis Ready,S2_001756.tif,3.29
1757,39,4,2020-08-17 12:50:57,27.88646,91.51847,27.98646,91.61847,27.98646,91.51847,27.88646,91.61847,Sentinel-1B,SAR,7.6,71.5,Analysis Ready,S2_001757.tif,1.28
1758,42,5,2019-04-02 07:10:32,22.22709,97.15881,22.32709,97.25881,22.32709,97.15881,22.22709,97.25881,Sentinel-2A,Optical,17.7,24.8,Analysis Ready,S2_001758.tif,0.9
1759,53,6,2019-07-24 05:55:44,27.67983,91.63973,27.77983,91.73973,27.77983,91.63973,27.67983,91.73973,RESOURCESAT-2,Optical,16.4,5.6,Analysis Ready,S2_001759.tif,2.1
1760,59,8,2019-01-24 03:43:08,25.48564,92.57778,25.58564,92.67778,25.58564,92.57778,25.48564,92.67778,RESOURCESAT-2,Optical,4.7,6.2,Raw,S2_001760.tif,3.52
1761,25,3,2018-10-23 02:56:04,26.20156,96.8563,26.30156,96.9563,26.30156,96.8563,26.20156,96.9563,Sentinel-2B,Optical,27.6,92.1,Analysis Ready,S2_001761.tif,3.35
1762,28,3,2024-04-18 10:05:59,28.75443,93.0509,28.85443,93.1509,28.85443,93.0509,28.75443,93.1509,Sentinel-1A,SAR,8.2,56.8,Raw,S2_001762.tif,1.05
1763,52,6,2021-09-18 16:09:18,28.47881,99.75537,28.57881,99.85537,28.57881,99.75537,28.47881,99.85537,RESOURCESAT-2,Optical,16.9,52.3,Raw,S2_001763.tif,1.78
1764,58,7,2019-02-26 22:08:19,27.21152,94.83254,27.31152,94.93254,27.31152,94.83254,27.21152,94.93254,Sentinel-1B,SAR,24.6,38.1,Raw,S2_001764.tif,3.42
1765,24,3,2021-06-07 21:09:51,24.23159,99.43304,24.33159,99.53304,24.33159,99.43304,24.23159,99.53304,Sentinel-2B,Optical,24.1,27.1,Raw,S2_001765.tif,2.3
1766,20,2,2018-10-04 12:02:37,23.56396,93.27989,23.66396,93.37989,23.66396,93.27989,23.56396,93.37989,Sentinel-1A,SAR,13.2,54.5,Preprocessed,S2_001766.tif,4.25
1767,43,5,2020-01-07 20:27:28,29.46626,98.09558,29.56626,98.19558,29.56626,98.09558,29.46626,98.19558,Sentinel-2A,Optical,14.0,30.0,Raw,S2_001767.tif,4.67
1768,27,3,2018-10-31 16:36:58,24.77203,90.23363,24.87203,90.33363,24.87203,90.23363,24.77203,90.33363,Sentinel-1A,SAR,23.4,7.2,Raw,S2_001768.tif,2.47
1769,17,2,2020-06-10 21:07:43,23.39646,93.18252,23.49646,93.28252,23.49646,93.18252,23.39646,93.28252,RESOURCESAT-2,Optical,28.6,86.0,Raw,S2_001769.tif,4.43
1770,18,2,2019-10-08 05:15:28,29.29982,98.77218,29.39982,98.87218,29.39982,98.77218,29.29982,98.87218,Landsat-8,Optical,15.0,22.6,Preprocessed,S2_001770.tif,2.96
1771,3,1,2021-03-22 01:49:50,27.84891,99.02719,27.94891,99.12719,27.94891,99.02719,27.84891,99.12719,Sentinel-2A,Optical,9.7,58.9,Preprocessed,S2_001771.tif,4.65
1772,31,3,2024-10-15 01:22:14,28.28439,95.49919,28.38439,95.59919,28.38439,95.49919,28.28439,95.59919,Sentinel-1B,SAR,8.3,14.7,Preprocessed,S2_001772.tif,3.38
1773,30,3,2018-11-04 06:15:12,25.39622,92.26255,25.49622,92.36255,25.49622,92.26255,25.39622,92.36255,Sentinel-1B,SAR,14.9,71.8,Analysis Ready,S2_001773.tif,3.52
1774,25,3,2023-11-27 06:02:57,26.25937,96.71345,26.35937,96.81345,26.35937,96.71345,26.25937,96.81345,RESOURCESAT-2,Optical,12.7,20.2,Raw,S2_001774.tif,4.06
1775,11,1,2020-06-30 10:52:29,22.67837,91.3386,22.77837,91.4386,22.77837,91.3386,22.67837,91.4386,Landsat-8,Optical,17.0,87.9,Analysis Ready,S2_001775.tif,3.1
1776,8,1,2018-11-06 13:36:17,24.71597,99.10966,24.81597,99.20966,24.81597,99.10966,24.71597,99.20966,Landsat-8,Optical,12.5,64.5,Preprocessed,S2_001776.tif,3.84
1777,3,1,2020-08-12 04:46:03,27.57903,99.15862,27.67903,99.25862,27.67903,99.15862,27.57903,99.25862,RESOURCESAT-2,Optical,17.6,86.3,Preprocessed,S2_001777.tif,4.69
1778,5,1,2021-08-05 01:56:09,23.38545,95.16745,23.48545,95.26745,23.48545,95.16745,23.38545,95.26745,Landsat-9,Optical,8.3,61.9,Preprocessed,S2_001778.tif,2.48
1779,19,2,2018-07-26 14:02:32,24.24506,96.46886,24.34506,96.56886,24.34506,96.46886,24.24506,96.56886,Landsat-9,Optical,16.9,85.5,Analysis Ready,S2_001779.tif,0.93
1780,13,2,2021-01-13 09:48:05,26.55091,99.7997,26.65091,99.8997,26.65091,99.7997,26.55091,99.8997,Landsat-8,Optical,13.1,15.8,Raw,S2_001780.tif,1.47
1781,9,1,2023-06-06 08:23:03,27.94661,93.20788,28.04661,93.30788,28.04661,93.20788,27.94661,93.30788,Sentinel-1B,SAR,27.4,84.2,Raw,S2_001781.tif,4.02
1782,41,5,2022-07-29 22:56:09,22.70696,94.24035,22.80696,94.34035,22.80696,94.24035,22.70696,94.34035,Landsat-8,Optical,6.0,54.6,Analysis Ready,S2_001782.tif,4.49
1783,29,3,2021-09-28 10:03:16,25.90853,99.17687,26.00853,99.27687,26.00853,99.17687,25.90853,99.27687,Landsat-8,Optical,21.9,64.0,Analysis Ready,S2_001783.tif,0.75
1784,37,4,2022-03-12 18:09:28,26.30126,94.68481,26.40126,94.78481,26.40126,94.68481,26.30126,94.78481,Landsat-8,Optical,8.4,73.5,Analysis Ready,S2_001784.tif,4.43
1785,2,1,2023-03-12 17:13:18,24.31719,91.16455,24.41719,91.26455,24.41719,91.16455,24.31719,91.26455,Landsat-8,Optical,3.6,82.5,Preprocessed,S2_001785.tif,0.68
1786,31,3,2024-04-21 17:07:16,28.1894,95.46861,28.2894,95.56861,28.2894,95.46861,28.1894,95.56861,Sentinel-2A,Optical,4.2,31.0,Preprocessed,S2_001786.tif,1.8
1787,14,2,2018-10-11 21:24:39,22.70925,92.46235,22.80925,92.56235,22.80925,92.46235,22.70925,92.56235,Sentinel-1B,SAR,27.5,14.5,Analysis Ready,S2_001787.tif,4.89
1788,58,7,2018-04-03 17:39:30,27.32612,94.50138,27.42612,94.60138,27.42612,94.50138,27.32612,94.60138,Landsat-9,Optical,9.1,36.1,Analysis Ready,S2_001788.tif,0.1
1789,46,5,2021-06-14 22:38:58,22.75862,97.86966,22.85862,97.96966,22.85862,97.86966,22.75862,97.96966,Sentinel-2A,Optical,6.0,57.8,Preprocessed,S2_001789.tif,0.79
1790,49,6,2020-04-28 13:07:26,29.29426,98.68277,29.39426,98.78277,29.39426,98.68277,29.29426,98.78277,Landsat-9,Optical,25.5,9.8,Preprocessed,S2_001790.tif,3.08
1791,55,7,2023-08-16 04:50:45,29.23451,94.4714,29.33451,94.5714,29.33451,94.4714,29.23451,94.5714,Sentinel-2B,Optical,3.6,23.3,Raw,S2_001791.tif,2.33
1792,61,8,2018-03-31 05:34:51,26.33031,90.12708,26.43031,90.22708,26.43031,90.12708,26.33031,90.22708,Sentinel-1B,SAR,4.9,67.5,Analysis Ready,S2_001792.tif,2.68
1793,21,2,2020-04-06 13:51:08,23.90191,99.28318,24.00191,99.38318,24.00191,99.28318,23.90191,99.38318,Sentinel-1B,SAR,28.2,29.9,Preprocessed,S2_001793.tif,2.96
1794,17,2,2023-07-28 21:35:46,23.45164,92.61602,23.55164,92.71602,23.55164,92.61602,23.45164,92.71602,Sentinel-1A,SAR,16.0,76.5,Analysis Ready,S2_001794.tif,2.52
1795,15,2,2022-04-19 23:33:47,26.83668,98.13391,26.93668,98.23391,26.93668,98.13391,26.83668,98.23391,RESOURCESAT-2,Optical,26.5,73.9,Analysis Ready,S2_001795.tif,3.49
1796,42,5,2020-11-22 20:55:35,21.69724,97.20882,21.79724,97.30882,21.79724,97.20882,21.69724,97.30882,Sentinel-1B,SAR,28.8,63.7,Preprocessed,S2_001796.tif,0.3
1797,61,8,2021-01-02 11:05:12,26.26465,90.09257,26.36465,90.19257,26.36465,90.09257,26.26465,90.19257,Landsat-9,Optical,29.2,74.7,Analysis Ready,S2_001797.tif,3.17
1798,25,3,2019-05-24 01:54:27,26.24493,96.68838,26.34493,96.78838,26.34493,96.68838,26.24493,96.78838,Sentinel-2A,Optical,19.9,62.8,Preprocessed,S2_001798.tif,2.5
1799,33,4,2024-04-16 22:50:45,23.6757,99.88814,23.7757,99.98814,23.7757,99.88814,23.6757,99.98814,Sentinel-1A,SAR,27.0,58.4,Analysis Ready,S2_001799.tif,1.66
1800,40,5,2023-08-20 11:45:43,27.93235,97.41148,28.03235,97.51148,28.03235,97.41148,27.93235,97.51148,Sentinel-2B,Optical,15.7,17.2,Raw,S2_001800.tif,1.87
1801,23,3,2018-10-24 17:31:00,28.20585,91.43787,28.30585,91.53787,28.30585,91.43787,28.20585,91.53787,RESOURCESAT-2,Optical,9.1,64.9,Analysis Ready,S2_001801.tif,2.76
1802,58,7,2019-09-26 05:51:47,27.57038,93.88218,27.67038,93.98218,27.67038,93.88218,27.57038,93.98218,Landsat-8,Optical,15.4,22.6,Preprocessed,S2_001802.tif,0.59
1803,20,2,2018-05-19 17:05:29,23.40803,93.3315,23.50803,93.4315,23.50803,93.3315,23.40803,93.4315,Sentinel-1B,SAR,11.2,32.7,Raw,S2_001803.tif,0.99
1804,6,1,2019-11-22 05:02:49,26.17171,96.67118,26.27171,96.77118,26.27171,96.67118,26.17171,96.77118,Sentinel-1B,SAR,27.2,11.0,Raw,S2_001804.tif,0.07
1805,9,1,2021-06-30 03:13:07,27.74233,93.89859,27.84233,93.99859,27.84233,93.89859,27.74233,93.99859,Sentinel-2A,Optical,17.6,81.1,Preprocessed,S2_001805.tif,0.53
1806,33,4,2021-04-12 16:53:45,23.2739,99.65769,23.3739,99.75769,23.3739,99.65769,23.2739,99.75769,Sentinel-2A,Optical,17.7,99.3,Raw,S2_001806.tif,2.74
1807,19,2,2024-09-29 15:36:06,24.50715,96.4892,24.60715,96.5892,24.60715,96.4892,24.50715,96.5892,Sentinel-2B,Optical,17.6,88.0,Preprocessed,S2_001807.tif,3.95
1808,22,2,2019-02-18 17:10:29,22.99003,95.85872,23.09003,95.95872,23.09003,95.85872,22.99003,95.95872,Sentinel-2B,Optical,5.1,99.0,Preprocessed,S2_001808.tif,2.5
1809,4,1,2019-04-03 14:58:05,26.47961,90.15651,26.57961,90.25651,26.57961,90.15651,26.47961,90.25651,RESOURCESAT-2,Optical,22.8,86.3,Analysis Ready,S2_001809.tif,1.26
1810,1,1,2021-03-05 04:06:56,27.06884,90.25788,27.16884,90.35788,27.16884,90.25788,27.06884,90.35788,RESOURCESAT-2,Optical,18.4,15.1,Preprocessed,S2_001810.tif,4.74
1811,2,1,2021-03-21 10:23:57,23.94291,91.80508,24.04291,91.90508,24.04291,91.80508,23.94291,91.90508,Landsat-9,Optical,4.8,75.0,Raw,S2_001811.tif,2.19
1812,36,4,2023-08-23 18:36:31,25.86329,90.41148,25.96329,90.51148,25.96329,90.41148,25.86329,90.51148,Landsat-9,Optical,27.3,89.8,Analysis Ready,S2_001812.tif,1.94
1813,14,2,2018-05-10 07:57:00,22.56804,93.09285,22.66804,93.19285,22.66804,93.09285,22.56804,93.19285,Landsat-9,Optical,7.1,76.7,Analysis Ready,S2_001813.tif,3.62
1814,32,3,2022-10-25 00:02:00,25.12747,95.77722,25.22747,95.87722,25.22747,95.77722,25.12747,95.87722,RESOURCESAT-2,Optical,21.8,65.3,Raw,S2_001814.tif,1.73
1815,29,3,2022-05-16 03:20:43,25.70224,98.68021,25.80224,98.78021,25.80224,98.68021,25.70224,98.78021,Landsat-9,Optical,24.9,59.5,Analysis Ready,S2_001815.tif,0.49
1816,16,2,2020-11-03 11:00:34,23.56029,90.7519,23.66029,90.8519,23.66029,90.7519,23.56029,90.8519,Landsat-8,Optical,23.2,55.4,Raw,S2_001816.tif,3.09
1817,58,7,2022-09-22 07:47:55,27.63881,94.12746,27.73881,94.22746,27.73881,94.12746,27.63881,94.22746,Sentinel-2B,Optical,26.1,89.2,Raw,S2_001817.tif,0.17
1818,10,1,2018-03-08 11:59:22,23.99939,97.91947,24.09939,98.01947,24.09939,97.91947,23.99939,98.01947,RESOURCESAT-2,Optical,24.5,11.9,Raw,S2_001818.tif,2.55
1819,60,8,2022-07-27 16:25:17,24.72719,96.11626,24.82719,96.21626,24.82719,96.11626,24.72719,96.21626,Landsat-9,Optical,23.4,47.0,Analysis Ready,S2_001819.tif,0.0
1820,52,6,2023-09-14 14:30:31,28.20831,99.56884,28.30831,99.66884,28.30831,99.56884,28.20831,99.66884,RESOURCESAT-2,Optical,27.2,92.0,Analysis Ready,S2_001820.tif,1.83
1821,11,1,2024-12-18 08:43:41,22.72499,90.50341,22.82499,90.60341,22.82499,90.50341,22.72499,90.60341,Sentinel-2A,Optical,5.9,82.8,Preprocessed,S2_001821.tif,4.0
1822,5,1,2024-06-14 15:12:07,23.48306,95.15607,23.58306,95.25607,23.58306,95.15607,23.48306,95.25607,Sentinel-1B,SAR,26.7,19.9,Preprocessed,S2_001822.tif,2.1
1823,42,5,2023-06-17 07:53:00,22.25856,97.258,22.35856,97.358,22.35856,97.258,22.25856,97.358,Sentinel-2A,Optical,8.9,0.8,Preprocessed,S2_001823.tif,3.81
1824,23,3,2020-11-01 14:39:41,28.04116,91.21509,28.14116,91.31509,28.14116,91.21509,28.04116,91.31509,Landsat-8,Optical,19.1,81.5,Analysis Ready,S2_001824.tif,1.57
1825,14,2,2021-10-11 16:46:22,22.16911,93.0421,22.26911,93.1421,22.26911,93.0421,22.16911,93.1421,Sentinel-2B,Optical,12.7,55.1,Analysis Ready,S2_001825.tif,2.0
1826,55,7,2021-12-12 01:16:14,28.76698,93.86217,28.86698,93.96217,28.86698,93.86217,28.76698,93.96217,RESOURCESAT-2,Optical,11.0,81.5,Preprocessed,S2_001826.tif,2.19
1827,1,1,2020-11-10 06:52:09,26.85091,90.73019,26.95091,90.83019,26.95091,90.73019,26.85091,90.83019,Sentinel-2B,Optical,6.8,74.2,Analysis Ready,S2_001827.tif,4.64
1828,52,6,2022-07-24 00:34:05,28.52492,99.99556,28.62492,100.09556,28.62492,99.99556,28.52492,100.09556,Sentinel-2A,Optical,4.8,55.3,Analysis Ready,S2_001828.tif,3.36
1829,28,3,2020-08-05 10:45:19,29.1075,92.68556,29.2075,92.78556,29.2075,92.68556,29.1075,92.78556,Landsat-8,Optical,5.2,39.9,Preprocessed,S2_001829.tif,1.17
1830,55,7,2023-10-11 05:02:33,28.96025,94.34488,29.06025,94.44488,29.06025,94.34488,28.96025,94.44488,Sentinel-2B,Optical,7.8,98.4,Raw,S2_001830.tif,3.4
1831,8,1,2021-05-06 00:02:45,24.39053,98.62576,24.49053,98.72576,24.49053,98.62576,24.39053,98.72576,Landsat-8,Optical,23.9,70.8,Analysis Ready,S2_001831.tif,4.32
1832,29,3,2024-10-19 15:33:51,26.02944,98.42701,26.12944,98.52701,26.12944,98.42701,26.02944,98.52701,RESOURCESAT-2,Optical,19.3,98.2,Preprocessed,S2_001832.tif,1.13
1833,28,3,2019-10-26 13:53:13,29.23423,92.73003,29.33423,92.83003,29.33423,92.73003,29.23423,92.83003,Sentinel-1A,SAR,17.5,22.9,Analysis Ready,S2_001833.tif,3.7
1834,58,7,2024-02-17 03:27:15,27.1846,94.27143,27.2846,94.37143,27.2846,94.27143,27.1846,94.37143,Sentinel-1A,SAR,29.3,88.2,Preprocessed,S2_001834.tif,1.53
1835,61,8,2020-06-23 22:36:56,26.32533,90.32875,26.42533,90.42875,26.42533,90.32875,26.32533,90.42875,Sentinel-1B,SAR,24.4,40.9,Analysis Ready,S2_001835.tif,4.06
1836,21,2,2018-01-21 09:40:17,24.19912,99.01769,24.29912,99.11769,24.29912,99.01769,24.19912,99.11769,Sentinel-2A,Optical,19.8,15.5,Preprocessed,S2_001836.tif,4.16
1837,56,7,2020-04-30 05:39:01,29.90494,97.29539,30.00494,97.39539,30.00494,97.29539,29.90494,97.39539,RESOURCESAT-2,Optical,24.4,3.3,Preprocessed,S2_001837.tif,2.69
1838,41,5,2022-12-28 18:12:18,23.31063,94.50556,23.41063,94.60556,23.41063,94.50556,23.31063,94.60556,Landsat-8,Optical,29.6,60.2,Analysis Ready,S2_001838.tif,0.3
1839,48,6,2022-04-08 11:47:57,26.72977,95.24975,26.82977,95.34975,26.82977,95.24975,26.72977,95.34975,Sentinel-2A,Optical,9.1,8.8,Analysis Ready,S2_001839.tif,2.37
1840,18,2,2020-05-11 14:41:43,28.78806,98.53267,28.88806,98.63267,28.88806,98.53267,28.78806,98.63267,Sentinel-1B,SAR,25.0,78.8,Preprocessed,S2_001840.tif,4.13
1841,40,5,2024-09-15 04:51:44,28.08454,97.99956,28.18454,98.09956,28.18454,97.99956,28.08454,98.09956,Sentinel-1B,SAR,24.9,81.5,Preprocessed,S2_001841.tif,2.84
1842,21,2,2020-03-26 11:52:04,24.58697,99.7248,24.68697,99.8248,24.68697,99.7248,24.58697,99.8248,RESOURCESAT-2,Optical,27.6,39.4,Raw,S2_001842.tif,3.42
1843,62,8,2023-03-04 10:16:40,26.62245,92.64151,26.72245,92.74151,26.72245,92.64151,26.62245,92.74151,RESOURCESAT-2,Optical,18.7,67.8,Analysis Ready,S2_001843.tif,3.11
1844,53,6,2021-07-08 05:18:11,28.36902,91.0574,28.46902,91.1574,28.46902,91.0574,28.36902,91.1574,Landsat-8,Optical,29.2,67.3,Raw,S2_001844.tif,2.15
1845,22,2,2018-12-11 13:07:34,22.11458,96.4355,22.21458,96.5355,22.21458,96.4355,22.11458,96.5355,Landsat-8,Optical,17.8,32.5,Preprocessed,S2_001845.tif,2.46
1846,50,6,2019-04-29 22:50:28,23.92564,92.37631,24.02564,92.47631,24.02564,92.37631,23.92564,92.47631,Sentinel-2B,Optical,11.9,3.4,Preprocessed,S2_001846.tif,2.35
1847,2,1,2023-05-10 02:35:25,24.1666,91.46753,24.2666,91.56753,24.2666,91.46753,24.1666,91.56753,Sentinel-2B,Optical,22.7,88.4,Analysis Ready,S2_001847.tif,1.14
1848,12,1,2024-02-15 07:06:17,26.99369,98.13053,27.09369,98.23053,27.09369,98.13053,26.99369,98.23053,Sentinel-1A,SAR,7.7,34.7,Raw,S2_001848.tif,3.33
1849,40,5,2020-09-20 14:04:40,27.91142,97.70119,28.01142,97.80119,28.01142,97.70119,27.91142,97.80119,Sentinel-1B,SAR,25.7,85.9,Raw,S2_001849.tif,4.61
1850,42,5,2019-02-19 01:16:55,22.06001,97.13066,22.16001,97.23066,22.16001,97.13066,22.06001,97.23066,Sentinel-2B,Optical,21.3,46.4,Analysis Ready,S2_001850.tif,2.22
1851,5,1,2019-06-26 01:55:51,23.68599,95.28949,23.78599,95.38949,23.78599,95.28949,23.68599,95.38949,Landsat-8,Optical,23.2,31.0,Raw,S2_001851.tif,2.79
1852,60,8,2020-07-17 18:58:40,24.38095,96.09331,24.48095,96.19331,24.48095,96.09331,24.38095,96.19331,Sentinel-2A,Optical,20.7,75.8,Preprocessed,S2_001852.tif,2.74
1853,27,3,2023-04-27 11:40:08,24.71706,90.56456,24.81706,90.66456,24.81706,90.56456,24.71706,90.66456,RESOURCESAT-2,Optical,22.0,47.0,Raw,S2_001853.tif,2.33
1854,26,3,2022-12-12 22:14:06,24.17493,89.99806,24.27493,90.09806,24.27493,89.99806,24.17493,90.09806,Sentinel-1A,SAR,25.6,37.5,Raw,S2_001854.tif,1.36
1855,32,3,2018-07-21 05:11:47,25.69561,96.01544,25.79561,96.11544,25.79561,96.01544,25.69561,96.11544,Sentinel-1B,SAR,24.2,33.4,Preprocessed,S2_001855.tif,4.11
1856,35,4,2023-05-05 05:49:57,23.49404,91.65333,23.59404,91.75333,23.59404,91.65333,23.49404,91.75333,Landsat-8,Optical,24.1,78.4,Preprocessed,S2_001856.tif,3.25
1857,54,6,2023-04-02 10:00:10,29.17892,92.01161,29.27892,92.11161,29.27892,92.01161,29.17892,92.11161,Landsat-9,Optical,18.0,13.5,Raw,S2_001857.tif,0.7
1858,2,1,2021-10-27 02:56:12,24.37379,91.45378,24.47379,91.55378,24.47379,91.45378,24.37379,91.55378,Sentinel-1A,SAR,25.2,70.3,Analysis Ready,S2_001858.tif,1.88
1859,37,4,2022-11-16 12:06:06,27.09581,94.62101,27.19581,94.72101,27.19581,94.62101,27.09581,94.72101,Sentinel-2B,Optical,10.6,44.2,Analysis Ready,S2_001859.tif,2.9
1860,22,2,2020-02-02 12:28:59,22.27585,95.89855,22.37585,95.99855,22.37585,95.89855,22.27585,95.99855,RESOURCESAT-2,Optical,8.6,85.9,Raw,S2_001860.tif,3.7
1861,55,7,2021-09-18 19:20:27,29.03637,94.29701,29.13637,94.39701,29.13637,94.29701,29.03637,94.39701,Sentinel-1B,SAR,16.6,70.6,Preprocessed,S2_001861.tif,2.82
1862,40,5,2021-06-04 22:57:41,28.36108,97.61057,28.46108,97.71057,28.46108,97.61057,28.36108,97.71057,Sentinel-1B,SAR,7.2,100.0,Analysis Ready,S2_001862.tif,3.44
1863,19,2,2020-12-16 19:05:53,24.11292,96.79829,24.21292,96.89829,24.21292,96.79829,24.11292,96.89829,Landsat-9,Optical,5.2,70.8,Raw,S2_001863.tif,0.19
1864,37,4,2020-04-16 06:47:18,26.99329,94.69093,27.09329,94.79093,27.09329,94.69093,26.99329,94.79093,Sentinel-1A,SAR,11.8,15.4,Analysis Ready,S2_001864.tif,4.16
1865,47,6,2024-03-06 19:23:01,29.50743,98.99227,29.60743,99.09227,29.60743,98.99227,29.50743,99.09227,Landsat-9,Optical,19.0,28.9,Preprocessed,S2_001865.tif,1.51
1866,7,1,2024-11-16 18:13:06,26.01067,92.56314,26.11067,92.66314,26.11067,92.56314,26.01067,92.66314,Sentinel-1B,SAR,25.9,69.5,Raw,S2_001866.tif,2.48
1867,16,2,2022-01-24 08:06:29,23.45054,90.26555,23.55054,90.36555,23.55054,90.26555,23.45054,90.36555,Sentinel-2A,Optical,29.9,29.4,Preprocessed,S2_001867.tif,2.91
1868,12,1,2019-04-16 17:03:47,26.44731,98.54322,26.54731,98.64322,26.54731,98.54322,26.44731,98.64322,RESOURCESAT-2,Optical,8.3,49.4,Analysis Ready,S2_001868.tif,3.92
1869,60,8,2023-07-20 16:41:39,24.89039,96.38019,24.99039,96.48019,24.99039,96.38019,24.89039,96.48019,Landsat-8,Optical,26.2,94.5,Raw,S2_001869.tif,4.33
1870,9,1,2018-10-31 06:37:08,27.60421,92.93542,27.70421,93.03542,27.70421,92.93542,27.60421,93.03542,Sentinel-1A,SAR,28.1,17.5,Analysis Ready,S2_001870.tif,4.15
1871,28,3,2019-06-13 08:04:03,28.91812,92.87696,29.01812,92.97696,29.01812,92.87696,28.91812,92.97696,Sentinel-1A,SAR,14.0,98.8,Raw,S2_001871.tif,2.81
1872,32,3,2022-03-12 14:24:05,25.30562,95.6583,25.40562,95.7583,25.40562,95.6583,25.30562,95.7583,RESOURCESAT-2,Optical,10.7,19.9,Raw,S2_001872.tif,0.96
1873,4,1,2022-09-14 21:05:01,26.46627,90.5707,26.56627,90.6707,26.56627,90.5707,26.46627,90.6707,Sentinel-2A,Optical,25.0,78.9,Raw,S2_001873.tif,4.06
1874,21,2,2022-08-03 09:25:25,23.91213,99.45019,24.01213,99.55019,24.01213,99.45019,23.91213,99.55019,RESOURCESAT-2,Optical,22.9,86.4,Raw,S2_001874.tif,2.29
1875,27,3,2023-10-26 22:49:06,25.412,90.95426,25.512,91.05426,25.512,90.95426,25.412,91.05426,Sentinel-2B,Optical,11.8,26.2,Raw,S2_001875.tif,1.88
1876,11,1,2023-10-04 19:42:33,23.17318,91.10769,23.27318,91.20769,23.27318,91.10769,23.17318,91.20769,Landsat-8,Optical,14.3,43.8,Preprocessed,S2_001876.tif,0.58
1877,45,5,2018-05-11 15:50:17,28.26116,95.38624,28.36116,95.48624,28.36116,95.38624,28.26116,95.48624,Landsat-9,Optical,18.4,43.5,Raw,S2_001877.tif,0.22
1878,59,8,2022-03-26 07:58:08,25.17452,92.56686,25.27452,92.66686,25.27452,92.56686,25.17452,92.66686,Sentinel-2B,Optical,11.0,84.0,Analysis Ready,S2_001878.tif,2.95
1879,38,4,2024-01-05 21:12:11,29.59447,98.93923,29.69447,99.03923,29.69447,98.93923,29.59447,99.03923,RESOURCESAT-2,Optical,9.4,13.0,Analysis Ready,S2_001879.tif,2.02
1880,10,1,2024-07-30 07:04:41,23.51852,97.92463,23.61852,98.02463,23.61852,97.92463,23.51852,98.02463,Sentinel-2A,Optical,8.1,49.3,Analysis Ready,S2_001880.tif,0.41
1881,36,4,2020-05-28 16:13:46,25.28204,90.2033,25.38204,90.3033,25.38204,90.2033,25.28204,90.3033,Landsat-9,Optical,20.4,1.2,Raw,S2_001881.tif,1.26
1882,36,4,2024-12-20 23:18:43,25.27468,90.41683,25.37468,90.51683,25.37468,90.41683,25.27468,90.51683,Landsat-9,Optical,7.1,42.4,Preprocessed,S2_001882.tif,4.81
1883,44,5,2021-10-04 19:27:17,29.45653,98.98108,29.55653,99.08108,29.55653,98.98108,29.45653,99.08108,Sentinel-2B,Optical,15.8,98.2,Preprocessed,S2_001883.tif,2.79
1884,56,7,2023-09-08 16:56:42,29.64052,97.81466,29.74052,97.91466,29.74052,97.81466,29.64052,97.91466,Sentinel-1A,SAR,6.7,19.2,Analysis Ready,S2_001884.tif,3.07
1885,62,8,2018-03-08 08:03:39,26.57155,92.78489,26.67155,92.88489,26.67155,92.78489,26.57155,92.88489,RESOURCESAT-2,Optical,22.0,31.2,Raw,S2_001885.tif,1.4
1886,59,8,2021-06-15 11:40:33,25.83856,92.44552,25.93856,92.54552,25.93856,92.44552,25.83856,92.54552,Sentinel-2A,Optical,7.9,75.8,Preprocessed,S2_001886.tif,3.19
1887,46,5,2022-11-18 09:35:34,23.09996,97.36681,23.19996,97.46681,23.19996,97.36681,23.09996,97.46681,Sentinel-1A,SAR,23.9,61.9,Raw,S2_001887.tif,0.76
1888,32,3,2022-05-18 15:16:35,25.42673,95.41203,25.52673,95.51203,25.52673,95.41203,25.42673,95.51203,Sentinel-1A,SAR,27.5,68.0,Preprocessed,S2_001888.tif,3.63
1889,57,7,2022-11-14 22:49:56,23.70782,92.83451,23.80782,92.93451,23.80782,92.83451,23.70782,92.93451,Sentinel-2B,Optical,5.1,19.1,Preprocessed,S2_001889.tif,1.45
1890,23,3,2024-04-04 04:18:14,27.52323,91.9495,27.62323,92.0495,27.62323,91.9495,27.52323,92.0495,Sentinel-2A,Optical,18.6,77.6,Raw,S2_001890.tif,4.91
1891,24,3,2020-07-01 04:24:54,23.85623,98.75636,23.95623,98.85636,23.95623,98.75636,23.85623,98.85636,RESOURCESAT-2,Optical,24.3,34.5,Preprocessed,S2_001891.tif,3.8
1892,55,7,2023-06-24 03:57:45,28.68074,94.12467,28.78074,94.22467,28.78074,94.12467,28.68074,94.22467,Sentinel-1A,SAR,29.1,61.3,Analysis Ready,S2_001892.tif,0.41
1893,22,2,2018-01-26 23:57:57,22.38027,96.56559,22.48027,96.66559,22.48027,96.56559,22.38027,96.66559,Landsat-8,Optical,9.0,67.8,Raw,S2_001893.tif,0.78
1894,21,2,2020-06-08 00:55:37,23.67216,99.47632,23.77216,99.57632,23.77216,99.47632,23.67216,99.57632,Landsat-8,Optical,6.0,8.7,Preprocessed,S2_001894.tif,4.65
1895,25,3,2024-03-06 09:57:04,26.75711,97.24011,26.85711,97.34011,26.85711,97.24011,26.75711,97.34011,Sentinel-1A,SAR,28.4,9.9,Raw,S2_001895.tif,0.22
1896,62,8,2020-08-24 13:15:50,26.79628,92.40097,26.89628,92.50097,26.89628,92.40097,26.79628,92.50097,Landsat-8,Optical,7.9,56.7,Raw,S2_001896.tif,2.6
1897,22,2,2022-06-04 09:57:20,22.75703,96.28343,22.85703,96.38343,22.85703,96.28343,22.75703,96.38343,Sentinel-2B,Optical,5.9,82.4,Preprocessed,S2_001897.tif,3.69
1898,52,6,2022-05-20 23:44:07,28.91459,99.7366,29.01459,99.8366,29.01459,99.7366,28.91459,99.8366,Sentinel-2B,Optical,15.7,91.6,Raw,S2_001898.tif,2.37
1899,5,1,2022-03-05 18:06:52,23.44116,95.5535,23.54116,95.6535,23.54116,95.5535,23.44116,95.6535,Landsat-8,Optical,14.4,18.0,Preprocessed,S2_001899.tif,2.65
1900,23,3,2019-03-12 12:33:52,28.02771,92.06025,28.12771,92.16025,28.12771,92.06025,28.02771,92.16025,Sentinel-1A,SAR,20.2,82.3,Raw,S2_001900.tif,4.76
1901,28,3,2022-09-24 06:09:28,29.4055,93.14702,29.5055,93.24702,29.5055,93.14702,29.4055,93.24702,Landsat-8,Optical,16.4,55.0,Preprocessed,S2_001901.tif,1.65
1902,59,8,2018-08-10 16:56:20,25.22061,92.12944,25.32061,92.22944,25.32061,92.12944,25.22061,92.22944,RESOURCESAT-2,Optical,6.1,71.7,Raw,S2_001902.tif,3.55
1903,8,1,2022-01-19 03:15:22,24.22054,98.36686,24.32054,98.46686,24.32054,98.36686,24.22054,98.46686,Sentinel-2A,Optical,9.9,9.1,Preprocessed,S2_001903.tif,4.13
1904,32,3,2021-05-29 16:32:41,25.69514,95.5354,25.79514,95.6354,25.79514,95.5354,25.69514,95.6354,Landsat-8,Optical,26.6,45.9,Analysis Ready,S2_001904.tif,0.26
1905,59,8,2020-03-06 11:23:44,25.24552,92.26764,25.34552,92.36764,25.34552,92.26764,25.24552,92.36764,Sentinel-1A,SAR,8.8,84.1,Analysis Ready,S2_001905.tif,3.05
1906,7,1,2019-02-25 13:42:56,26.61494,92.41929,26.71494,92.51929,26.71494,92.41929,26.61494,92.51929,Sentinel-1B,SAR,5.4,68.3,Preprocessed,S2_001906.tif,1.12
1907,53,6,2018-01-20 03:15:28,28.28067,91.31668,28.38067,91.41668,28.38067,91.31668,28.28067,91.41668,Sentinel-1B,SAR,5.6,19.1,Analysis Ready,S2_001907.tif,2.22
1908,45,5,2022-12-28 20:27:06,28.43868,95.20673,28.53868,95.30673,28.53868,95.20673,28.43868,95.30673,Landsat-9,Optical,24.8,48.1,Analysis Ready,S2_001908.tif,1.41
1909,4,1,2022-08-08 00:25:03,26.36917,89.8334,26.46917,89.9334,26.46917,89.8334,26.36917,89.9334,Landsat-9,Optical,3.3,75.0,Preprocessed,S2_001909.tif,3.04
1910,19,2,2022-02-02 01:46:24,24.51002,96.68001,24.61002,96.78001,24.61002,96.68001,24.51002,96.78001,Landsat-9,Optical,13.4,76.3,Analysis Ready,S2_001910.tif,3.86
1911,19,2,2024-07-23 11:44:30,24.39307,96.71383,24.49307,96.81383,24.49307,96.71383,24.39307,96.81383,Sentinel-2A,Optical,27.3,37.5,Analysis Ready,S2_001911.tif,1.28
1912,11,1,2020-12-20 02:31:54,22.98808,90.79278,23.08808,90.89278,23.08808,90.79278,22.98808,90.89278,Landsat-8,Optical,27.8,73.2,Raw,S2_001912.tif,1.31
1913,29,3,2021-06-09 20:55:39,25.76295,98.51734,25.86295,98.61734,25.86295,98.51734,25.76295,98.61734,RESOURCESAT-2,Optical,4.5,85.3,Analysis Ready,S2_001913.tif,1.35
1914,14,2,2023-02-03 16:46:24,22.33703,93.34425,22.43703,93.44425,22.43703,93.34425,22.33703,93.44425,Sentinel-1B,SAR,6.5,57.9,Analysis Ready,S2_001914.tif,4.35
1915,62,8,2020-11-23 01:50:39,26.84602,91.99874,26.94602,92.09874,26.94602,91.99874,26.84602,92.09874,Landsat-9,Optical,14.1,85.0,Preprocessed,S2_001915.tif,2.45
1916,58,7,2019-11-16 13:24:19,27.47975,94.21009,27.57975,94.31009,27.57975,94.21009,27.47975,94.31009,Sentinel-1A,SAR,19.3,20.3,Analysis Ready,S2_001916.tif,3.83
1917,43,5,2022-09-14 12:11:39,29.63291,98.07033,29.73291,98.17033,29.73291,98.07033,29.63291,98.17033,Sentinel-2B,Optical,10.7,40.2,Preprocessed,S2_001917.tif,1.56
1918,29,3,2024-09-20 10:45:18,26.36159,98.93875,26.46159,99.03875,26.46159,98.93875,26.36159,99.03875,Sentinel-2A,Optical,24.0,37.2,Raw,S2_001918.tif,4.86
1919,22,2,2018-07-23 14:11:36,22.6199,96.64168,22.7199,96.74168,22.7199,96.64168,22.6199,96.74168,RESOURCESAT-2,Optical,23.0,21.7,Raw,S2_001919.tif,1.34
1920,62,8,2023-03-30 21:36:10,26.74029,92.04958,26.84029,92.14958,26.84029,92.04958,26.74029,92.14958,Sentinel-1A,SAR,26.7,40.6,Raw,S2_001920.tif,4.62
1921,20,2,2020-09-16 05:11:26,23.0406,93.34012,23.1406,93.44012,23.1406,93.34012,23.0406,93.44012,Sentinel-2B,Optical,7.9,30.5,Analysis Ready,S2_001921.tif,1.77
1922,51,6,2019-02-04 05:24:34,29.31248,91.26571,29.41248,91.36571,29.41248,91.26571,29.31248,91.36571,Sentinel-2A,Optical,5.1,50.1,Raw,S2_001922.tif,1.99
1923,43,5,2020-02-01 11:46:38,29.80831,98.07379,29.90831,98.17379,29.90831,98.07379,29.80831,98.17379,Sentinel-1A,SAR,21.1,21.3,Preprocessed,S2_001923.tif,4.14
1924,34,4,2023-12-18 02:07:20,26.04151,97.72487,26.14151,97.82487,26.14151,97.72487,26.04151,97.82487,Landsat-8,Optical,26.3,18.8,Preprocessed,S2_001924.tif,4.05
1925,58,7,2023-03-10 01:02:01,26.8599,93.91757,26.9599,94.01757,26.9599,93.91757,26.8599,94.01757,Sentinel-2A,Optical,22.8,12.9,Analysis Ready,S2_001925.tif,1.16
1926,57,7,2018-11-19 18:07:12,23.16362,93.58544,23.26362,93.68544,23.26362,93.58544,23.16362,93.68544,Landsat-8,Optical,22.8,31.3,Preprocessed,S2_001926.tif,1.93
1927,29,3,2022-05-24 07:04:34,26.14776,98.4438,26.24776,98.5438,26.24776,98.4438,26.14776,98.5438,Sentinel-1B,SAR,12.8,20.1,Preprocessed,S2_001927.tif,4.02
1928,40,5,2019-12-14 14:43:03,28.42746,97.43877,28.52746,97.53877,28.52746,97.43877,28.42746,97.53877,Sentinel-1A,SAR,21.0,31.9,Preprocessed,S2_001928.tif,4.81
1929,22,2,2021-04-03 17:46:06,22.11467,96.56822,22.21467,96.66822,22.21467,96.56822,22.11467,96.66822,Landsat-9,Optical,16.0,56.6,Raw,S2_001929.tif,4.0
1930,22,2,2023-03-13 02:28:08,22.40713,96.54941,22.50713,96.64941,22.50713,96.54941,22.40713,96.64941,Landsat-9,Optical,19.7,10.5,Analysis Ready,S2_001930.tif,4.37
1931,19,2,2021-12-13 01:28:54,23.99054,96.41388,24.09054,96.51388,24.09054,96.41388,23.99054,96.51388,Sentinel-1A,SAR,6.0,21.2,Analysis Ready,S2_001931.tif,4.92
1932,54,6,2023-05-10 13:50:26,29.44255,91.16161,29.54255,91.26161,29.54255,91.16161,29.44255,91.26161,Landsat-9,Optical,10.9,44.6,Raw,S2_001932.tif,0.54
1933,48,6,2020-06-21 12:44:13,26.93738,95.13847,27.03738,95.23847,27.03738,95.13847,26.93738,95.23847,Sentinel-2A,Optical,10.1,74.7,Preprocessed,S2_001933.tif,0.35
1934,3,1,2023-09-11 15:11:27,27.29861,98.45602,27.39861,98.55602,27.39861,98.45602,27.29861,98.55602,Sentinel-2B,Optical,18.2,19.0,Preprocessed,S2_001934.tif,0.93
1935,59,8,2022-07-16 04:02:42,25.49587,92.49754,25.59587,92.59754,25.59587,92.49754,25.49587,92.59754,Sentinel-2B,Optical,26.9,40.9,Preprocessed,S2_001935.tif,3.6
1936,39,4,2024-06-13 12:03:31,27.61604,91.30597,27.71604,91.40597,27.71604,91.30597,27.61604,91.40597,Landsat-8,Optical,20.2,31.4,Preprocessed,S2_001936.tif,4.21
1937,10,1,2018-10-08 03:36:12,23.61714,97.66085,23.71714,97.76085,23.71714,97.66085,23.61714,97.76085,Sentinel-1A,SAR,22.3,25.4,Preprocessed,S2_001937.tif,2.42
1938,30,3,2023-04-11 11:16:42,25.8344,92.81781,25.9344,92.91781,25.9344,92.81781,25.8344,92.91781,Sentinel-2A,Optical,25.0,8.4,Preprocessed,S2_001938.tif,0.98
1939,46,5,2022-11-26 21:00:51,23.12587,97.99587,23.22587,98.09587,23.22587,97.99587,23.12587,98.09587,Sentinel-1B,SAR,24.5,91.7,Preprocessed,S2_001939.tif,3.38
1940,25,3,2023-01-27 04:24:33,26.57508,96.92306,26.67508,97.02306,26.67508,96.92306,26.57508,97.02306,Sentinel-2B,Optical,23.9,24.0,Preprocessed,S2_001940.tif,2.96
1941,11,1,2020-08-15 14:48:39,22.54448,90.80057,22.64448,90.90057,22.64448,90.80057,22.54448,90.90057,Sentinel-1A,SAR,29.9,19.2,Analysis Ready,S2_001941.tif,3.06
1942,25,3,2018-08-24 13:49:29,26.75916,96.69311,26.85916,96.79311,26.85916,96.69311,26.75916,96.79311,Landsat-8,Optical,26.4,33.7,Analysis Ready,S2_001942.tif,0.47
1943,38,4,2023-06-12 17:47:05,29.9496,98.72801,30.0496,98.82801,30.0496,98.72801,29.9496,98.82801,Sentinel-1B,SAR,13.3,64.0,Preprocessed,S2_001943.tif,4.87
1944,60,8,2021-03-26 10:59:25,24.90033,96.3796,25.00033,96.4796,25.00033,96.3796,24.90033,96.4796,Sentinel-1B,SAR,7.2,82.6,Raw,S2_001944.tif,3.08
1945,50,6,2023-04-08 19:44:25,24.187,92.71586,24.287,92.81586,24.287,92.71586,24.187,92.81586,RESOURCESAT-2,Optical,24.9,26.1,Raw,S2_001945.tif,2.4
1946,7,1,2021-10-10 01:32:47,26.27266,92.43085,26.37266,92.53085,26.37266,92.43085,26.27266,92.53085,Sentinel-2B,Optical,5.7,92.9,Preprocessed,S2_001946.tif,3.82
1947,50,6,2018-08-12 16:51:27,24.26593,92.57896,24.36593,92.67896,24.36593,92.57896,24.26593,92.67896,Sentinel-1A,SAR,3.2,31.7,Preprocessed,S2_001947.tif,1.28
1948,28,3,2021-09-12 21:38:09,29.07268,93.33385,29.17268,93.43385,29.17268,93.33385,29.07268,93.43385,Sentinel-2A,Optical,22.1,17.9,Raw,S2_001948.tif,3.5
1949,28,3,2024-04-07 11:40:22,28.78039,93.5596,28.88039,93.6596,28.88039,93.5596,28.78039,93.6596,RESOURCESAT-2,Optical,20.8,32.6,Preprocessed,S2_001949.tif,1.17
1950,26,3,2018-05-22 02:17:04,23.99652,89.93112,24.09652,90.03112,24.09652,89.93112,23.99652,90.03112,Sentinel-1B,SAR,24.4,3.4,Raw,S2_001950.tif,0.08
1951,27,3,2021-03-05 14:02:25,25.42416,90.50734,25.52416,90.60734,25.52416,90.50734,25.42416,90.60734,RESOURCESAT-2,Optical,8.2,32.8,Analysis Ready,S2_001951.tif,4.02
1952,55,7,2019-05-21 12:19:28,29.04295,94.66493,29.14295,94.76493,29.14295,94.66493,29.04295,94.76493,Landsat-9,Optical,3.9,90.6,Analysis Ready,S2_001952.tif,0.17
1953,9,1,2020-02-13 20:42:14,27.11512,93.01801,27.21512,93.11801,27.21512,93.01801,27.11512,93.11801,RESOURCESAT-2,Optical,4.4,50.9,Preprocessed,S2_001953.tif,1.28
1954,48,6,2019-11-18 14:52:57,26.50353,95.07449,26.60353,95.17449,26.60353,95.07449,26.50353,95.17449,Landsat-8,Optical,14.4,65.5,Preprocessed,S2_001954.tif,1.02
1955,2,1,2020-10-02 12:51:57,24.02949,90.92972,24.12949,91.02972,24.12949,90.92972,24.02949,91.02972,Landsat-8,Optical,3.8,26.9,Analysis Ready,S2_001955.tif,3.19
1956,62,8,2022-11-26 10:30:49,26.61553,92.02736,26.71553,92.12736,26.71553,92.02736,26.61553,92.12736,Landsat-8,Optical,23.7,29.5,Raw,S2_001956.tif,3.56
1957,45,5,2018-07-20 22:59:52,28.61481,94.67837,28.71481,94.77837,28.71481,94.67837,28.61481,94.77837,Landsat-8,Optical,15.2,38.3,Raw,S2_001957.tif,4.36
1958,57,7,2019-04-14 14:26:35,23.25295,92.69608,23.35295,92.79608,23.35295,92.69608,23.25295,92.79608,Sentinel-2B,Optical,5.2,17.7,Analysis Ready,S2_001958.tif,0.03
1959,25,3,2018-11-26 17:52:59,26.90003,96.96016,27.00003,97.06016,27.00003,96.96016,26.90003,97.06016,Sentinel-2A,Optical,13.9,65.9,Raw,S2_001959.tif,4.64
1960,29,3,2021-07-04 08:17:48,26.0045,98.79584,26.1045,98.89584,26.1045,98.79584,26.0045,98.89584,Landsat-9,Optical,14.3,70.2,Analysis Ready,S2_001960.tif,3.56
1961,55,7,2023-09-16 16:53:40,29.33487,94.3877,29.43487,94.4877,29.43487,94.3877,29.33487,94.4877,RESOURCESAT-2,Optical,13.9,51.1,Preprocessed,S2_001961.tif,1.32
1962,41,5,2018-01-19 11:46:49,22.56969,94.51949,22.66969,94.61949,22.66969,94.51949,22.56969,94.61949,Landsat-8,Optical,26.2,1.5,Analysis Ready,S2_001962.tif,2.02
1963,56,7,2020-06-24 08:22:08,29.86203,97.67865,29.96203,97.77865,29.96203,97.67865,29.86203,97.77865,Sentinel-1B,SAR,29.8,27.3,Analysis Ready,S2_001963.tif,1.08
1964,40,5,2021-09-18 02:52:15,27.7546,97.59797,27.8546,97.69797,27.8546,97.59797,27.7546,97.69797,Sentinel-2B,Optical,10.3,23.4,Raw,S2_001964.tif,3.86
1965,43,5,2019-10-16 14:37:03,29.35395,97.29083,29.45395,97.39083,29.45395,97.29083,29.35395,97.39083,Sentinel-2B,Optical,7.7,82.5,Analysis Ready,S2_001965.tif,2.87
1966,26,3,2022-03-04 21:26:25,23.77947,90.42311,23.87947,90.52311,23.87947,90.42311,23.77947,90.52311,Landsat-8,Optical,7.2,98.5,Analysis Ready,S2_001966.tif,3.33
1967,6,1,2024-09-06 22:56:41,26.45702,97.34433,26.55702,97.44433,26.55702,97.34433,26.45702,97.44433,RESOURCESAT-2,Optical,22.6,35.5,Analysis Ready,S2_001967.tif,2.55
1968,52,6,2019-09-30 10:18:47,28.3184,99.93411,28.4184,100.03411,28.4184,99.93411,28.3184,100.03411,Sentinel-2B,Optical,20.4,61.0,Preprocessed,S2_001968.tif,3.65
1969,32,3,2019-01-03 17:54:23,25.91629,96.06128,26.01629,96.16128,26.01629,96.06128,25.91629,96.16128,Sentinel-1A,SAR,8.0,17.1,Raw,S2_001969.tif,4.22
1970,46,5,2022-09-19 14:27:31,23.67245,97.45183,23.77245,97.55183,23.77245,97.45183,23.67245,97.55183,Sentinel-1A,SAR,16.6,13.2,Preprocessed,S2_001970.tif,3.01
1971,27,3,2019-08-09 04:37:16,24.907,90.23508,25.007,90.33508,25.007,90.23508,24.907,90.33508,Sentinel-1B,SAR,5.9,12.8,Raw,S2_001971.tif,1.92
1972,14,2,2021-07-30 09:00:18,22.73319,92.48462,22.83319,92.58462,22.83319,92.48462,22.73319,92.58462,Landsat-8,Optical,14.4,69.2,Preprocessed,S2_001972.tif,2.68
1973,26,3,2019-04-15 15:03:05,24.25944,90.54307,24.35944,90.64307,24.35944,90.54307,24.25944,90.64307,Landsat-8,Optical,13.6,69.9,Analysis Ready,S2_001973.tif,4.27
1974,52,6,2019-06-07 07:49:03,28.64905,99.71958,28.74905,99.81958,28.74905,99.71958,28.64905,99.81958,Landsat-8,Optical,5.2,92.4,Analysis Ready,S2_001974.tif,3.6
1975,30,3,2018-08-09 17:50:56,25.21725,92.31405,25.31725,92.41405,25.31725,92.31405,25.21725,92.41405,Landsat-8,Optical,21.9,27.8,Preprocessed,S2_001975.tif,0.29
1976,35,4,2019-12-18 10:50:17,22.77251,91.27576,22.87251,91.37576,22.87251,91.27576,22.77251,91.37576,Sentinel-1B,SAR,20.4,27.5,Analysis Ready,S2_001976.tif,1.48
1977,1,1,2024-10-21 20:25:34,26.73767,90.11365,26.83767,90.21365,26.83767,90.11365,26.73767,90.21365,RESOURCESAT-2,Optical,14.8,52.0,Analysis Ready,S2_001977.tif,4.84
1978,35,4,2023-06-25 05:34:39,23.01747,92.09979,23.11747,92.19979,23.11747,92.09979,23.01747,92.19979,RESOURCESAT-2,Optical,17.7,27.5,Raw,S2_001978.tif,2.6
1979,45,5,2020-12-04 00:31:38,29.07923,95.47561,29.17923,95.57561,29.17923,95.47561,29.07923,95.57561,Landsat-9,Optical,19.7,51.5,Analysis Ready,S2_001979.tif,2.64
1980,30,3,2024-09-07 13:30:56,25.706,92.55127,25.806,92.65127,25.806,92.55127,25.706,92.65127,RESOURCESAT-2,Optical,22.7,37.2,Preprocessed,S2_001980.tif,3.15
1981,6,1,2019-02-09 14:20:56,26.90728,97.65052,27.00728,97.75052,27.00728,97.65052,26.90728,97.75052,Landsat-8,Optical,13.8,27.6,Raw,S2_001981.tif,4.93
1982,5,1,2024-11-12 01:37:27,24.03714,95.19676,24.13714,95.29676,24.13714,95.19676,24.03714,95.29676,Sentinel-2A,Optical,10.8,62.8,Raw,S2_001982.tif,2.01
1983,32,3,2023-05-29 22:47:32,25.87356,96.11339,25.97356,96.21339,25.97356,96.11339,25.87356,96.21339,Landsat-8,Optical,19.3,35.5,Preprocessed,S2_001983.tif,4.27
1984,4,1,2018-12-11 16:14:49,26.9163,90.31164,27.0163,90.41164,27.0163,90.31164,26.9163,90.41164,Landsat-9,Optical,8.8,71.7,Preprocessed,S2_001984.tif,3.53
1985,25,3,2020-07-15 07:24:39,26.68288,97.21738,26.78288,97.31738,26.78288,97.21738,26.68288,97.31738,Landsat-8,Optical,13.7,52.9,Raw,S2_001985.tif,2.93
1986,47,6,2019-03-25 15:25:31,29.35899,98.94171,29.45899,99.04171,29.45899,98.94171,29.35899,99.04171,Sentinel-1B,SAR,29.6,38.3,Preprocessed,S2_001986.tif,1.82
1987,19,2,2023-12-30 04:42:18,24.15989,96.10856,24.25989,96.20856,24.25989,96.10856,24.15989,96.20856,Sentinel-1B,SAR,24.8,47.0,Analysis Ready,S2_001987.tif,3.14
1988,25,3,2021-08-10 10:24:02,26.91381,96.42825,27.01381,96.52825,27.01381,96.42825,26.91381,96.52825,Landsat-9,Optical,8.4,87.8,Preprocessed,S2_001988.tif,2.36
1989,42,5,2023-12-27 08:31:56,21.64143,96.74948,21.74143,96.84948,21.74143,96.74948,21.64143,96.84948,Landsat-8,Optical,12.9,56.3,Preprocessed,S2_001989.tif,4.36
1990,11,1,2021-10-08 16:12:51,22.43458,91.01954,22.53458,91.11954,22.53458,91.01954,22.43458,91.11954,RESOURCESAT-2,Optical,10.0,15.6,Raw,S2_001990.tif,3.59
1991,19,2,2021-11-02 16:37:35,24.41639,96.76055,24.51639,96.86055,24.51639,96.76055,24.41639,96.86055,RESOURCESAT-2,Optical,17.2,93.6,Analysis Ready,S2_001991.tif,1.44
1992,7,1,2018-07-14 21:50:14,26.38906,91.88856,26.48906,91.98856,26.48906,91.88856,26.38906,91.98856,Sentinel-2B,Optical,5.8,34.7,Raw,S2_001992.tif,4.8
1993,5,1,2018-01-12 14:44:02,24.19064,94.841,24.29064,94.941,24.29064,94.841,24.19064,94.941,RESOURCESAT-2,Optical,16.9,55.2,Raw,S2_001993.tif,3.72
1994,53,6,2023-07-25 18:21:36,28.23662,90.95497,28.33662,91.05497,28.33662,90.95497,28.23662,91.05497,Landsat-9,Optical,13.7,34.2,Preprocessed,S2_001994.tif,2.59
1995,55,7,2023-06-10 10:56:50,29.16102,94.17034,29.26102,94.27034,29.26102,94.17034,29.16102,94.27034,Sentinel-2B,Optical,23.5,81.5,Raw,S2_001995.tif,0.45
1996,53,6,2022-03-16 23:58:32,28.07137,91.50114,28.17137,91.60114,28.17137,91.50114,28.07137,91.60114,Landsat-9,Optical,4.9,0.9,Analysis Ready,S2_001996.tif,1.51
1997,42,5,2021-01-11 16:48:48,21.80343,97.11362,21.90343,97.21362,21.90343,97.11362,21.80343,97.21362,Landsat-9,Optical,9.9,70.7,Analysis Ready,S2_001997.tif,2.18
1998,24,3,2019-03-31 12:41:01,24.24531,99.56906,24.34531,99.66906,24.34531,99.56906,24.24531,99.66906,Sentinel-1A,SAR,26.2,28.4,Analysis Ready,S2_001998.tif,1.82
1999,10,1,2024-05-26 19:56:11,23.85653,97.77129,23.95653,97.87129,23.95653,97.77129,23.85653,97.87129,Sentinel-2B,Optical,10.8,64.6,Raw,S2_001999.tif,1.44
2000,61,8,2021-03-17 18:11:32,26.38228,89.86802,26.48228,89.96802,26.48228,89.86802,26.38228,89.96802,Landsat-8,Optical,19.7,58.5,Raw,S2_002000.tif,0.58
2001,18,2,2023-12-05 01:53:14,29.32592,98.62234,29.42592,98.72234,29.42592,98.62234,29.32592,98.72234,Sentinel-2A,Optical,7.5,2.2,Preprocessed,S2_002001.tif,2.23
2002,30,3,2022-10-17 06:29:00,25.80469,92.98863,25.90469,93.08863,25.90469,92.98863,25.80469,93.08863,Landsat-8,Optical,11.6,88.9,Raw,S2_002002.tif,1.98
2003,2,1,2021-05-20 11:13:59,23.7424,91.54888,23.8424,91.64888,23.8424,91.54888,23.7424,91.64888,Sentinel-1A,SAR,12.2,41.8,Preprocessed,S2_002003.tif,3.71
2004,6,1,2023-12-26 12:13:02,26.81747,97.65842,26.91747,97.75842,26.91747,97.65842,26.81747,97.75842,Sentinel-1B,SAR,25.9,67.9,Analysis Ready,S2_002004.tif,2.71
2005,19,2,2021-09-05 22:25:35,23.8358,96.65477,23.9358,96.75477,23.9358,96.65477,23.8358,96.75477,RESOURCESAT-2,Optical,10.4,97.1,Preprocessed,S2_002005.tif,4.49
2006,21,2,2019-01-24 12:01:41,23.77693,99.66424,23.87693,99.76424,23.87693,99.66424,23.77693,99.76424,Landsat-9,Optical,8.7,22.5,Preprocessed,S2_002006.tif,4.03
2007,50,6,2018-05-27 01:34:19,23.46711,92.70332,23.56711,92.80332,23.56711,92.70332,23.46711,92.80332,Sentinel-1A,SAR,22.5,7.8,Analysis Ready,S2_002007.tif,0.65
2008,2,1,2019-09-14 19:42:50,24.45105,91.39466,24.55105,91.49466,24.55105,91.39466,24.45105,91.49466,Sentinel-2B,Optical,28.9,10.8,Analysis Ready,S2_002008.tif,0.48
2009,49,6,2021-11-17 10:20:14,29.44672,98.57586,29.54672,98.67586,29.54672,98.57586,29.44672,98.67586,Landsat-9,Optical,10.8,3.9,Preprocessed,S2_002009.tif,2.4
2010,16,2,2020-04-19 05:54:03,23.70368,91.0903,23.80368,91.1903,23.80368,91.0903,23.70368,91.1903,Landsat-9,Optical,28.7,16.2,Raw,S2_002010.tif,0.14
2011,17,2,2024-03-01 04:10:46,23.62641,93.2582,23.72641,93.3582,23.72641,93.2582,23.62641,93.3582,Sentinel-1A,SAR,7.1,90.6,Preprocessed,S2_002011.tif,0.78
2012,48,6,2021-01-06 07:03:21,26.63587,94.86001,26.73587,94.96001,26.73587,94.86001,26.63587,94.96001,Landsat-8,Optical,28.8,27.9,Analysis Ready,S2_002012.tif,2.51
2013,40,5,2023-04-03 12:26:48,27.75912,97.74041,27.85912,97.84041,27.85912,97.74041,27.75912,97.84041,RESOURCESAT-2,Optical,26.5,98.9,Preprocessed,S2_002013.tif,3.74
2014,14,2,2021-11-30 16:36:06,22.1903,92.9709,22.2903,93.0709,22.2903,92.9709,22.1903,93.0709,Sentinel-1B,SAR,27.7,83.0,Preprocessed,S2_002014.tif,1.17
2015,57,7,2024-12-02 00:53:02,23.33153,93.23432,23.43153,93.33432,23.43153,93.23432,23.33153,93.33432,Sentinel-2A,Optical,20.6,79.3,Preprocessed,S2_002015.tif,2.09
2016,51,6,2019-05-22 12:47:04,29.10351,91.3181,29.20351,91.4181,29.20351,91.3181,29.10351,91.4181,RESOURCESAT-2,Optical,5.4,22.3,Raw,S2_002016.tif,4.36
2017,34,4,2023-02-01 00:38:13,26.10042,97.17351,26.20042,97.27351,26.20042,97.17351,26.10042,97.27351,Landsat-9,Optical,27.5,29.1,Analysis Ready,S2_002017.tif,2.07
2018,14,2,2022-12-19 17:09:20,22.28172,92.96504,22.38172,93.06504,22.38172,92.96504,22.28172,93.06504,RESOURCESAT-2,Optical,14.8,14.7,Raw,S2_002018.tif,4.41
2019,20,2,2022-03-23 14:30:13,23.69532,93.38156,23.79532,93.48156,23.79532,93.38156,23.69532,93.48156,Sentinel-2B,Optical,14.6,79.5,Analysis Ready,S2_002019.tif,2.24
2020,13,2,2019-10-30 06:12:22,26.19424,99.71281,26.29424,99.81281,26.29424,99.71281,26.19424,99.81281,Sentinel-2B,Optical,7.9,49.6,Raw,S2_002020.tif,2.21
2021,43,5,2019-09-09 17:07:57,29.32076,97.69302,29.42076,97.79302,29.42076,97.69302,29.32076,97.79302,Sentinel-1A,SAR,16.1,86.2,Analysis Ready,S2_002021.tif,0.04
2022,37,4,2022-07-05 04:03:36,26.58755,94.65145,26.68755,94.75145,26.68755,94.65145,26.58755,94.75145,Sentinel-1A,SAR,5.6,39.2,Preprocessed,S2_002022.tif,4.25
2023,59,8,2023-04-08 17:23:34,25.12737,92.43473,25.22737,92.53473,25.22737,92.43473,25.12737,92.53473,Sentinel-1A,SAR,10.0,55.7,Preprocessed,S2_002023.tif,3.94
2024,37,4,2020-02-25 14:52:55,26.82319,95.07105,26.92319,95.17105,26.92319,95.07105,26.82319,95.17105,Landsat-9,Optical,21.6,63.9,Preprocessed,S2_002024.tif,1.69
2025,42,5,2018-03-19 07:30:26,22.24736,96.92448,22.34736,97.02448,22.34736,96.92448,22.24736,97.02448,RESOURCESAT-2,Optical,23.2,29.5,Preprocessed,S2_002025.tif,0.71
2026,35,4,2020-08-20 14:16:48,22.79217,91.46292,22.89217,91.56292,22.89217,91.46292,22.79217,91.56292,Sentinel-2A,Optical,20.8,99.5,Preprocessed,S2_002026.tif,4.45
2027,40,5,2018-07-11 06:50:55,27.62939,97.53843,27.72939,97.63843,27.72939,97.53843,27.62939,97.63843,RESOURCESAT-2,Optical,5.9,64.6,Raw,S2_002027.tif,4.12
2028,30,3,2021-03-24 06:27:49,25.88925,92.21897,25.98925,92.31897,25.98925,92.21897,25.88925,92.31897,RESOURCESAT-2,Optical,6.8,83.7,Analysis Ready,S2_002028.tif,3.83
2029,21,2,2020-11-29 04:02:34,24.0911,98.88527,24.1911,98.98527,24.1911,98.88527,24.0911,98.98527,RESOURCESAT-2,Optical,27.2,31.4,Analysis Ready,S2_002029.tif,0.23
2030,45,5,2023-06-20 19:34:52,29.06011,94.63969,29.16011,94.73969,29.16011,94.63969,29.06011,94.73969,Sentinel-2A,Optical,8.9,48.7,Analysis Ready,S2_002030.tif,1.68
2031,60,8,2018-12-08 04:16:30,24.64103,96.34378,24.74103,96.44378,24.74103,96.34378,24.64103,96.44378,Sentinel-2B,Optical,8.0,38.2,Preprocessed,S2_002031.tif,4.58
2032,9,1,2024-02-21 23:52:14,28.06326,93.78155,28.16326,93.88155,28.16326,93.78155,28.06326,93.88155,Landsat-8,Optical,12.0,52.9,Preprocessed,S2_002032.tif,1.27
2033,61,8,2022-11-22 13:09:19,26.61013,89.62222,26.71013,89.72222,26.71013,89.62222,26.61013,89.72222,Sentinel-1B,SAR,5.0,92.2,Analysis Ready,S2_002033.tif,1.22
2034,8,1,2024-05-07 08:51:53,23.97751,99.14965,24.07751,99.24965,24.07751,99.14965,23.97751,99.24965,RESOURCESAT-2,Optical,7.2,61.2,Analysis Ready,S2_002034.tif,3.55
2035,28,3,2018-06-10 20:44:26,28.99527,93.31352,29.09527,93.41352,29.09527,93.31352,28.99527,93.41352,RESOURCESAT-2,Optical,18.3,23.2,Raw,S2_002035.tif,3.18
2036,42,5,2022-03-07 01:53:12,21.94619,97.08081,22.04619,97.18081,22.04619,97.08081,21.94619,97.18081,Sentinel-2B,Optical,27.1,12.8,Raw,S2_002036.tif,3.71
2037,38,4,2021-06-26 14:12:28,29.63299,98.37754,29.73299,98.47754,29.73299,98.37754,29.63299,98.47754,RESOURCESAT-2,Optical,22.8,40.5,Analysis Ready,S2_002037.tif,0.18
2038,9,1,2020-02-15 21:13:46,28.06378,93.16331,28.16378,93.26331,28.16378,93.16331,28.06378,93.26331,Sentinel-1A,SAR,7.2,66.9,Analysis Ready,S2_002038.tif,2.36
2039,62,8,2021-09-24 20:47:31,27.09847,91.94221,27.19847,92.04221,27.19847,91.94221,27.09847,92.04221,Sentinel-1B,SAR,14.3,77.2,Raw,S2_002039.tif,0.9
2040,19,2,2024-02-15 01:11:52,24.61065,96.31606,24.71065,96.41606,24.71065,96.31606,24.61065,96.41606,Sentinel-2A,Optical,13.5,64.7,Preprocessed,S2_002040.tif,2.65
2041,48,6,2022-12-05 07:49:33,27.27425,94.52766,27.37425,94.62766,27.37425,94.52766,27.27425,94.62766,Sentinel-2A,Optical,3.6,80.6,Preprocessed,S2_002041.tif,0.24
2042,30,3,2022-12-25 18:57:07,25.51815,92.65624,25.61815,92.75624,25.61815,92.65624,25.51815,92.75624,RESOURCESAT-2,Optical,27.9,62.7,Analysis Ready,S2_002042.tif,2.44
2043,56,7,2019-05-12 22:46:31,29.65369,97.50415,29.75369,97.60415,29.75369,97.50415,29.65369,97.60415,Sentinel-1B,SAR,12.8,42.9,Preprocessed,S2_002043.tif,0.99
2044,23,3,2022-09-10 12:41:25,27.87073,92.01584,27.97073,92.11584,27.97073,92.01584,27.87073,92.11584,Landsat-8,Optical,24.3,98.0,Raw,S2_002044.tif,2.65
2045,22,2,2021-02-12 02:24:58,22.8341,96.18343,22.9341,96.28343,22.9341,96.18343,22.8341,96.28343,Landsat-9,Optical,3.9,98.6,Preprocessed,S2_002045.tif,4.28
2046,24,3,2024-10-26 20:04:06,24.54824,98.97457,24.64824,99.07457,24.64824,98.97457,24.54824,99.07457,Sentinel-1A,SAR,3.2,53.4,Analysis Ready,S2_002046.tif,1.83
2047,31,3,2020-08-09 11:47:31,27.65593,95.81858,27.75593,95.91858,27.75593,95.81858,27.65593,95.91858,Sentinel-1A,SAR,18.0,96.7,Raw,S2_002047.tif,2.99
2048,36,4,2021-06-11 21:29:59,25.87232,90.79943,25.97232,90.89943,25.97232,90.79943,25.87232,90.89943,Sentinel-1B,SAR,24.7,20.8,Raw,S2_002048.tif,1.41
2049,53,6,2022-08-06 07:31:41,28.09954,90.92594,28.19954,91.02594,28.19954,90.92594,28.09954,91.02594,RESOURCESAT-2,Optical,7.8,18.7,Preprocessed,S2_002049.tif,1.21
2050,31,3,2023-10-09 06:35:36,27.79586,94.9741,27.89586,95.0741,27.89586,94.9741,27.79586,95.0741,RESOURCESAT-2,Optical,29.6,80.4,Preprocessed,S2_002050.tif,0.04
2051,45,5,2020-02-08 22:08:54,28.78807,95.08775,28.88807,95.18775,28.88807,95.08775,28.78807,95.18775,Sentinel-1A,SAR,23.6,44.7,Analysis Ready,S2_002051.tif,3.8
2052,61,8,2020-11-11 21:32:43,26.70185,89.64454,26.80185,89.74454,26.80185,89.64454,26.70185,89.74454,Sentinel-2B,Optical,23.0,11.8,Preprocessed,S2_002052.tif,1.66
2053,1,1,2018-05-14 10:39:28,26.95753,90.32587,27.05753,90.42587,27.05753,90.32587,26.95753,90.42587,Landsat-8,Optical,20.1,8.4,Preprocessed,S2_002053.tif,3.2
2054,10,1,2020-12-21 00:54:43,24.1551,97.46779,24.2551,97.56779,24.2551,97.46779,24.1551,97.56779,Sentinel-1B,SAR,16.5,81.8,Analysis Ready,S2_002054.tif,4.15
2055,14,2,2019-11-26 08:20:06,23.07308,93.16155,23.17308,93.26155,23.17308,93.16155,23.07308,93.26155,Sentinel-2B,Optical,29.8,60.6,Analysis Ready,S2_002055.tif,0.22
2056,35,4,2020-07-20 11:01:56,22.88875,92.00998,22.98875,92.10998,22.98875,92.00998,22.88875,92.10998,Sentinel-2A,Optical,10.9,52.7,Analysis Ready,S2_002056.tif,2.67
2057,31,3,2020-03-07 02:57:53,27.75623,95.24931,27.85623,95.34931,27.85623,95.24931,27.75623,95.34931,Landsat-8,Optical,12.1,81.6,Raw,S2_002057.tif,3.03
2058,46,5,2021-12-21 07:46:31,23.35908,98.11897,23.45908,98.21897,23.45908,98.11897,23.35908,98.21897,Sentinel-1A,SAR,12.3,25.4,Preprocessed,S2_002058.tif,3.23
2059,15,2,2024-07-24 15:49:56,26.75912,99.11467,26.85912,99.21467,26.85912,99.11467,26.75912,99.21467,Sentinel-1B,SAR,26.1,43.0,Preprocessed,S2_002059.tif,4.68
2060,61,8,2019-06-14 00:32:03,26.66481,89.80678,26.76481,89.90678,26.76481,89.80678,26.66481,89.90678,RESOURCESAT-2,Optical,26.8,36.4,Preprocessed,S2_002060.tif,0.71
2061,8,1,2018-01-27 04:20:14,24.21995,98.73585,24.31995,98.83585,24.31995,98.73585,24.21995,98.83585,Landsat-8,Optical,15.1,90.6,Raw,S2_002061.tif,4.17
2062,28,3,2022-03-18 16:27:36,28.5583,92.82076,28.6583,92.92076,28.6583,92.82076,28.5583,92.92076,Sentinel-1A,SAR,5.9,41.5,Analysis Ready,S2_002062.tif,4.54
2063,32,3,2021-02-08 10:32:33,25.31013,95.93751,25.41013,96.03751,25.41013,95.93751,25.31013,96.03751,Sentinel-2A,Optical,12.9,80.2,Analysis Ready,S2_002063.tif,2.99
2064,21,2,2019-08-09 19:04:00,24.37202,99.76816,24.47202,99.86816,24.47202,99.76816,24.37202,99.86816,Sentinel-1B,SAR,14.3,48.7,Preprocessed,S2_002064.tif,0.29
2065,23,3,2019-04-12 02:27:42,28.22889,91.85896,28.32889,91.95896,28.32889,91.85896,28.22889,91.95896,RESOURCESAT-2,Optical,4.8,58.7,Analysis Ready,S2_002065.tif,3.27
2066,38,4,2018-02-14 18:23:06,29.9755,99.05885,30.0755,99.15885,30.0755,99.05885,29.9755,99.15885,Sentinel-1B,SAR,29.4,90.6,Raw,S2_002066.tif,2.25
2067,48,6,2018-06-07 23:35:47,26.37061,95.14931,26.47061,95.24931,26.47061,95.14931,26.37061,95.24931,Sentinel-2B,Optical,7.1,92.7,Preprocessed,S2_002067.tif,4.74
2068,34,4,2020-01-05 18:57:15,25.86084,97.91039,25.96084,98.01039,25.96084,97.91039,25.86084,98.01039,Sentinel-1A,SAR,21.6,50.6,Analysis Ready,S2_002068.tif,0.51
2069,50,6,2021-06-14 22:12:54,23.95608,92.42386,24.05608,92.52386,24.05608,92.42386,23.95608,92.52386,RESOURCESAT-2,Optical,26.5,48.1,Analysis Ready,S2_002069.tif,2.89
2070,26,3,2018-10-01 17:19:21,24.0434,90.66668,24.1434,90.76668,24.1434,90.66668,24.0434,90.76668,Sentinel-1B,SAR,5.4,36.9,Raw,S2_002070.tif,3.77
2071,52,6,2019-03-20 23:58:41,28.21404,99.59358,28.31404,99.69358,28.31404,99.59358,28.21404,99.69358,RESOURCESAT-2,Optical,5.3,77.2,Raw,S2_002071.tif,2.27
2072,34,4,2018-04-06 19:20:03,26.05875,97.68683,26.15875,97.78683,26.15875,97.68683,26.05875,97.78683,Landsat-8,Optical,3.1,45.7,Raw,S2_002072.tif,0.04
2073,43,5,2023-10-10 17:45:13,29.86537,97.8385,29.96537,97.9385,29.96537,97.8385,29.86537,97.9385,Landsat-8,Optical,26.2,29.1,Analysis Ready,S2_002073.tif,4.8
2074,3,1,2019-10-07 12:48:39,27.67329,99.24687,27.77329,99.34687,27.77329,99.24687,27.67329,99.34687,Landsat-8,Optical,7.2,64.5,Analysis Ready,S2_002074.tif,3.59
2075,2,1,2023-06-07 05:41:41,24.22369,91.43495,24.32369,91.53495,24.32369,91.43495,24.22369,91.53495,Sentinel-1B,SAR,17.5,83.1,Analysis Ready,S2_002075.tif,3.09
2076,56,7,2022-04-08 16:38:45,29.76338,97.2562,29.86338,97.3562,29.86338,97.2562,29.76338,97.3562,Landsat-9,Optical,11.9,65.7,Preprocessed,S2_002076.tif,1.83
2077,16,2,2018-05-07 02:56:01,23.7977,90.60208,23.8977,90.70208,23.8977,90.60208,23.7977,90.70208,Sentinel-1B,SAR,26.5,99.5,Analysis Ready,S2_002077.tif,4.82
2078,17,2,2019-02-11 01:39:59,24.07655,93.18235,24.17655,93.28235,24.17655,93.18235,24.07655,93.28235,Sentinel-1B,SAR,3.2,17.9,Analysis Ready,S2_002078.tif,4.53
2079,12,1,2020-06-05 10:24:57,26.3504,98.40179,26.4504,98.50179,26.4504,98.40179,26.3504,98.50179,Sentinel-1B,SAR,20.2,36.6,Preprocessed,S2_002079.tif,1.21
2080,10,1,2023-01-26 19:18:03,23.52546,97.9629,23.62546,98.0629,23.62546,97.9629,23.52546,98.0629,Landsat-9,Optical,15.8,27.9,Preprocessed,S2_002080.tif,0.11
2081,27,3,2019-04-14 20:44:23,24.81905,90.62671,24.91905,90.72671,24.91905,90.62671,24.81905,90.72671,Landsat-8,Optical,28.1,28.8,Analysis Ready,S2_002081.tif,2.41
2082,32,3,2018-09-17 06:55:32,25.01747,95.37198,25.11747,95.47198,25.11747,95.37198,25.01747,95.47198,RESOURCESAT-2,Optical,13.5,72.7,Preprocessed,S2_002082.tif,3.2
2083,51,6,2019-08-09 19:33:02,29.23017,90.7665,29.33017,90.8665,29.33017,90.7665,29.23017,90.8665,Landsat-9,Optical,10.1,6.0,Preprocessed,S2_002083.tif,3.8
2084,41,5,2024-03-01 17:07:46,22.55415,93.98445,22.65415,94.08445,22.65415,93.98445,22.55415,94.08445,Sentinel-1B,SAR,16.8,68.1,Preprocessed,S2_002084.tif,1.4
2085,36,4,2023-10-26 09:25:31,25.26657,90.88813,25.36657,90.98813,25.36657,90.88813,25.26657,90.98813,Sentinel-2B,Optical,7.0,96.0,Raw,S2_002085.tif,2.95
2086,23,3,2020-03-24 22:23:03,27.9899,91.97195,28.0899,92.07195,28.0899,91.97195,27.9899,92.07195,Sentinel-2A,Optical,27.9,89.2,Raw,S2_002086.tif,3.72
2087,28,3,2021-06-03 18:12:04,29.31805,93.24782,29.41805,93.34782,29.41805,93.24782,29.31805,93.34782,Sentinel-1A,SAR,25.7,45.6,Preprocessed,S2_002087.tif,1.0
2088,58,7,2024-12-06 16:38:34,26.85762,94.58232,26.95762,94.68232,26.95762,94.58232,26.85762,94.68232,Sentinel-1A,SAR,24.5,39.1,Raw,S2_002088.tif,2.68
2089,16,2,2021-10-21 11:21:13,23.15643,90.21431,23.25643,90.31431,23.25643,90.21431,23.15643,90.31431,Sentinel-2B,Optical,5.5,26.8,Preprocessed,S2_002089.tif,1.78
2090,52,6,2019-04-06 19:00:41,28.56343,100.0114,28.66343,100.1114,28.66343,100.0114,28.56343,100.1114,Sentinel-2A,Optical,17.1,53.9,Raw,S2_002090.tif,1.43
2091,55,7,2020-06-07 14:00:59,28.81895,94.39944,28.91895,94.49944,28.91895,94.39944,28.81895,94.49944,RESOURCESAT-2,Optical,27.1,11.8,Analysis Ready,S2_002091.tif,2.46
2092,35,4,2019-10-02 15:19:34,22.8241,91.74307,22.9241,91.84307,22.9241,91.74307,22.8241,91.84307,Landsat-8,Optical,11.6,38.1,Raw,S2_002092.tif,0.38
2093,7,1,2018-08-11 22:49:45,26.51223,92.25323,26.61223,92.35323,26.61223,92.25323,26.51223,92.35323,Sentinel-2B,Optical,24.2,37.3,Preprocessed,S2_002093.tif,1.23
2094,46,5,2020-03-27 19:40:38,23.04609,98.05729,23.14609,98.15729,23.14609,98.05729,23.04609,98.15729,Sentinel-2A,Optical,23.2,75.3,Raw,S2_002094.tif,1.98
2095,38,4,2023-02-11 05:05:53,29.60817,98.2888,29.70817,98.3888,29.70817,98.2888,29.60817,98.3888,Sentinel-1B,SAR,17.5,48.1,Raw,S2_002095.tif,0.96
2096,21,2,2018-01-25 16:02:44,23.69653,98.88948,23.79653,98.98948,23.79653,98.88948,23.69653,98.98948,Sentinel-2B,Optical,11.4,61.4,Preprocessed,S2_002096.tif,3.86
2097,47,6,2021-01-06 21:58:21,29.61756,99.35025,29.71756,99.45025,29.71756,99.35025,29.61756,99.45025,Sentinel-2A,Optical,24.5,51.5,Preprocessed,S2_002097.tif,2.34
2098,1,1,2019-12-05 16:49:02,27.19752,90.13251,27.29752,90.23251,27.29752,90.13251,27.19752,90.23251,Sentinel-2A,Optical,6.7,6.2,Analysis Ready,S2_002098.tif,0.93
2099,24,3,2019-04-21 06:29:25,24.40513,99.31517,24.50513,99.41517,24.50513,99.31517,24.40513,99.41517,Sentinel-2A,Optical,25.7,29.5,Raw,S2_002099.tif,0.21
2100,35,4,2023-08-07 11:28:59,23.6946,91.61631,23.7946,91.71631,23.7946,91.61631,23.6946,91.71631,Sentinel-2A,Optical,14.2,56.0,Raw,S2_002100.tif,1.36
2101,17,2,2019-01-30 02:48:42,24.26353,92.88186,24.36353,92.98186,24.36353,92.88186,24.26353,92.98186,Sentinel-2A,Optical,19.4,67.9,Analysis Ready,S2_002101.tif,3.91
2102,17,2,2022-12-17 21:08:02,23.97289,93.17438,24.07289,93.27438,24.07289,93.17438,23.97289,93.27438,Sentinel-1B,SAR,16.4,0.5,Preprocessed,S2_002102.tif,3.16
2103,42,5,2024-05-11 14:23:34,22.12317,97.09246,22.22317,97.19246,22.22317,97.09246,22.12317,97.19246,Sentinel-1B,SAR,24.8,88.1,Raw,S2_002103.tif,0.5
2104,12,1,2024-12-24 14:31:08,27.19759,97.79338,27.29759,97.89338,27.29759,97.79338,27.19759,97.89338,Sentinel-2A,Optical,20.5,50.3,Raw,S2_002104.tif,0.84
2105,34,4,2021-03-03 09:34:19,26.04617,97.57668,26.14617,97.67668,26.14617,97.57668,26.04617,97.67668,Sentinel-1A,SAR,12.1,78.1,Analysis Ready,S2_002105.tif,0.95
2106,6,1,2020-06-08 13:23:08,26.13554,97.25019,26.23554,97.35019,26.23554,97.25019,26.13554,97.35019,Sentinel-2A,Optical,7.6,22.3,Analysis Ready,S2_002106.tif,4.47
2107,12,1,2022-10-01 13:12:55,27.32914,98.35442,27.42914,98.45442,27.42914,98.35442,27.32914,98.45442,Sentinel-2A,Optical,23.0,7.7,Raw,S2_002107.tif,0.48
2108,53,6,2018-10-06 03:52:49,28.11448,91.10988,28.21448,91.20988,28.21448,91.10988,28.11448,91.20988,Landsat-9,Optical,4.8,86.4,Preprocessed,S2_002108.tif,4.62
2109,15,2,2018-05-17 15:47:28,26.4804,98.66276,26.5804,98.76276,26.5804,98.66276,26.4804,98.76276,RESOURCESAT-2,Optical,12.2,48.1,Preprocessed,S2_002109.tif,3.6
2110,23,3,2018-10-12 04:12:07,28.03915,91.34457,28.13915,91.44457,28.13915,91.34457,28.03915,91.44457,Sentinel-2B,Optical,8.9,22.2,Raw,S2_002110.tif,2.0
2111,20,2,2021-06-01 13:44:40,23.07497,93.24169,23.17497,93.34169,23.17497,93.24169,23.07497,93.34169,Landsat-9,Optical,5.8,62.3,Raw,S2_002111.tif,2.14
2112,46,5,2019-12-21 15:24:11,22.75081,98.06277,22.85081,98.16277,22.85081,98.06277,22.75081,98.16277,Sentinel-2A,Optical,10.9,77.3,Raw,S2_002112.tif,3.25
2113,7,1,2019-04-21 12:31:35,26.0963,92.7001,26.1963,92.8001,26.1963,92.7001,26.0963,92.8001,Landsat-8,Optical,19.8,48.0,Analysis Ready,S2_002113.tif,4.74
2114,62,8,2022-11-20 01:37:30,27.44717,91.82177,27.54717,91.92177,27.54717,91.82177,27.44717,91.92177,RESOURCESAT-2,Optical,9.6,86.9,Analysis Ready,S2_002114.tif,2.53
2115,61,8,2021-09-23 04:16:31,26.92288,89.63261,27.02288,89.73261,27.02288,89.63261,26.92288,89.73261,Sentinel-1A,SAR,24.1,61.2,Preprocessed,S2_002115.tif,2.99
2116,46,5,2020-09-05 07:53:33,23.07885,97.58593,23.17885,97.68593,23.17885,97.58593,23.07885,97.68593,Sentinel-2A,Optical,11.3,57.1,Analysis Ready,S2_002116.tif,4.0
2117,44,5,2023-07-29 20:26:44,29.56344,98.84684,29.66344,98.94684,29.66344,98.84684,29.56344,98.94684,Sentinel-2A,Optical,4.2,94.9,Analysis Ready,S2_002117.tif,2.72
2118,38,4,2018-05-14 14:39:46,29.8956,98.48188,29.9956,98.58188,29.9956,98.48188,29.8956,98.58188,Sentinel-1A,SAR,28.7,17.1,Analysis Ready,S2_002118.tif,1.47
2119,34,4,2022-02-15 23:24:09,26.35008,97.1776,26.45008,97.2776,26.45008,97.1776,26.35008,97.2776,Sentinel-2A,Optical,14.6,53.1,Analysis Ready,S2_002119.tif,4.86
2120,6,1,2024-12-06 10:50:52,26.02716,97.29982,26.12716,97.39982,26.12716,97.29982,26.02716,97.39982,Landsat-9,Optical,4.4,99.0,Raw,S2_002120.tif,1.15
2121,8,1,2024-02-07 21:05:48,24.0428,98.67051,24.1428,98.77051,24.1428,98.67051,24.0428,98.77051,Sentinel-2B,Optical,20.5,10.9,Preprocessed,S2_002121.tif,0.47
2122,4,1,2018-07-09 05:06:16,26.45547,90.2209,26.55547,90.3209,26.55547,90.2209,26.45547,90.3209,Landsat-8,Optical,22.5,15.3,Raw,S2_002122.tif,4.49
2123,1,1,2020-11-27 10:38:42,26.70698,89.93068,26.80698,90.03068,26.80698,89.93068,26.70698,90.03068,RESOURCESAT-2,Optical,19.1,56.0,Preprocessed,S2_002123.tif,1.35
2124,2,1,2019-07-31 16:54:41,23.94731,91.24789,24.04731,91.34789,24.04731,91.24789,23.94731,91.34789,Sentinel-2A,Optical,29.6,46.7,Analysis Ready,S2_002124.tif,0.8
2125,25,3,2019-07-05 10:47:08,26.30175,96.66021,26.40175,96.76021,26.40175,96.66021,26.30175,96.76021,Sentinel-2A,Optical,17.3,42.1,Raw,S2_002125.tif,4.37
2126,62,8,2020-03-20 02:42:40,27.45195,91.92038,27.55195,92.02038,27.55195,91.92038,27.45195,92.02038,Sentinel-2A,Optical,6.1,15.4,Analysis Ready,S2_002126.tif,3.33
2127,56,7,2019-09-04 23:11:37,29.16254,97.57589,29.26254,97.67589,29.26254,97.57589,29.16254,97.67589,Sentinel-2A,Optical,13.4,59.6,Raw,S2_002127.tif,0.66
2128,42,5,2024-10-04 15:34:24,21.71738,97.15954,21.81738,97.25954,21.81738,97.15954,21.71738,97.25954,RESOURCESAT-2,Optical,20.6,22.1,Preprocessed,S2_002128.tif,3.24
2129,5,1,2019-10-15 15:36:00,23.43778,94.58273,23.53778,94.68273,23.53778,94.58273,23.43778,94.68273,Sentinel-2A,Optical,29.0,74.6,Raw,S2_002129.tif,3.59
2130,55,7,2022-10-15 11:11:44,29.1746,94.59232,29.2746,94.69232,29.2746,94.59232,29.1746,94.69232,Sentinel-2B,Optical,3.9,17.0,Raw,S2_002130.tif,3.43
2131,33,4,2020-01-30 08:19:12,24.17816,99.84463,24.27816,99.94463,24.27816,99.84463,24.17816,99.94463,Sentinel-2A,Optical,19.3,48.9,Preprocessed,S2_002131.tif,4.28
2132,52,6,2019-10-10 15:23:54,28.18384,99.28399,28.28384,99.38399,28.28384,99.28399,28.18384,99.38399,Sentinel-1B,SAR,4.2,83.3,Preprocessed,S2_002132.tif,4.98
2133,49,6,2020-07-19 03:28:46,29.61728,98.54783,29.71728,98.64783,29.71728,98.54783,29.61728,98.64783,Sentinel-1A,SAR,13.7,59.9,Analysis Ready,S2_002133.tif,0.64
2134,34,4,2023-04-17 06:35:45,26.42143,98.00729,26.52143,98.10729,26.52143,98.00729,26.42143,98.10729,Sentinel-1A,SAR,5.9,8.3,Raw,S2_002134.tif,1.04
2135,60,8,2021-09-20 19:42:30,24.63427,96.27179,24.73427,96.37179,24.73427,96.27179,24.63427,96.37179,Landsat-8,Optical,17.0,56.1,Raw,S2_002135.tif,1.07
2136,51,6,2024-12-29 04:28:40,29.3836,91.23004,29.4836,91.33004,29.4836,91.23004,29.3836,91.33004,Sentinel-1A,SAR,4.7,33.2,Preprocessed,S2_002136.tif,4.44
2137,10,1,2023-05-13 05:59:19,23.43209,98.05816,23.53209,98.15816,23.53209,98.05816,23.43209,98.15816,RESOURCESAT-2,Optical,13.4,47.1,Raw,S2_002137.tif,4.57
2138,15,2,2023-07-22 03:23:26,27.31469,98.36205,27.41469,98.46205,27.41469,98.36205,27.31469,98.46205,Sentinel-1A,SAR,21.2,71.9,Analysis Ready,S2_002138.tif,1.56
2139,6,1,2019-10-30 07:39:13,26.38709,96.69877,26.48709,96.79877,26.48709,96.69877,26.38709,96.79877,Landsat-9,Optical,15.5,9.2,Analysis Ready,S2_002139.tif,1.18
2140,57,7,2019-02-23 11:15:53,23.29529,93.56473,23.39529,93.66473,23.39529,93.56473,23.29529,93.66473,Sentinel-1B,SAR,26.8,2.2,Analysis Ready,S2_002140.tif,4.43
2141,43,5,2021-01-01 23:50:06,30.17568,97.43692,30.27568,97.53692,30.27568,97.43692,30.17568,97.53692,Sentinel-2A,Optical,24.7,8.0,Analysis Ready,S2_002141.tif,3.91
2142,5,1,2024-06-13 20:18:22,24.18431,94.77363,24.28431,94.87363,24.28431,94.77363,24.18431,94.87363,RESOURCESAT-2,Optical,21.4,93.4,Preprocessed,S2_002142.tif,1.56
2143,19,2,2018-05-16 23:06:28,24.01775,95.89678,24.11775,95.99678,24.11775,95.89678,24.01775,95.99678,Sentinel-1A,SAR,8.1,38.2,Raw,S2_002143.tif,2.92
2144,57,7,2024-11-30 00:40:44,23.34767,93.48492,23.44767,93.58492,23.44767,93.48492,23.34767,93.58492,Sentinel-2A,Optical,22.1,23.0,Analysis Ready,S2_002144.tif,4.97
2145,2,1,2024-08-07 08:54:56,23.69579,90.90987,23.79579,91.00987,23.79579,90.90987,23.69579,91.00987,Sentinel-1A,SAR,29.9,61.9,Raw,S2_002145.tif,0.46
2146,11,1,2021-01-12 06:31:53,22.78668,90.52065,22.88668,90.62065,22.88668,90.52065,22.78668,90.62065,Sentinel-1A,SAR,15.4,25.9,Analysis Ready,S2_002146.tif,3.42
2147,30,3,2018-02-27 14:33:23,25.69417,92.66538,25.79417,92.76538,25.79417,92.66538,25.69417,92.76538,Sentinel-2A,Optical,4.9,51.1,Raw,S2_002147.tif,2.72
2148,47,6,2020-01-28 02:37:50,29.65609,99.51082,29.75609,99.61082,29.75609,99.51082,29.65609,99.61082,Sentinel-1B,SAR,5.8,13.8,Analysis Ready,S2_002148.tif,4.22
2149,44,5,2019-12-15 06:35:23,28.83873,98.70686,28.93873,98.80686,28.93873,98.70686,28.83873,98.80686,Landsat-8,Optical,29.1,84.2,Analysis Ready,S2_002149.tif,1.32
2150,43,5,2021-05-08 21:55:35,29.70383,97.44532,29.80383,97.54532,29.80383,97.44532,29.70383,97.54532,Sentinel-2B,Optical,21.8,84.0,Analysis Ready,S2_002150.tif,1.83
2151,39,4,2018-05-14 15:27:42,27.51864,91.58102,27.61864,91.68102,27.61864,91.58102,27.51864,91.68102,Sentinel-2A,Optical,8.2,94.4,Preprocessed,S2_002151.tif,4.51
2152,60,8,2023-08-17 00:10:55,24.48382,96.19322,24.58382,96.29322,24.58382,96.19322,24.48382,96.29322,Sentinel-1B,SAR,17.2,26.9,Analysis Ready,S2_002152.tif,1.62
2153,8,1,2022-12-15 00:22:20,23.77738,98.63939,23.87738,98.73939,23.87738,98.63939,23.77738,98.73939,Sentinel-2A,Optical,7.5,55.7,Analysis Ready,S2_002153.tif,2.1
2154,61,8,2022-03-15 08:52:59,27.18182,90.31238,27.28182,90.41238,27.28182,90.31238,27.18182,90.41238,Sentinel-2B,Optical,6.7,23.9,Raw,S2_002154.tif,2.81
2155,21,2,2019-03-06 23:08:13,24.58391,98.91174,24.68391,99.01174,24.68391,98.91174,24.58391,99.01174,Sentinel-2A,Optical,15.2,23.1,Raw,S2_002155.tif,4.23
2156,19,2,2024-03-03 06:53:41,23.85833,95.94429,23.95833,96.04429,23.95833,95.94429,23.85833,96.04429,Sentinel-1B,SAR,19.9,40.6,Preprocessed,S2_002156.tif,4.47
2157,29,3,2023-04-14 15:18:51,25.66413,99.30805,25.76413,99.40805,25.76413,99.30805,25.66413,99.40805,Sentinel-1A,SAR,27.5,12.9,Raw,S2_002157.tif,2.17
2158,23,3,2021-07-09 05:49:18,28.00404,92.09902,28.10404,92.19902,28.10404,92.09902,28.00404,92.19902,Sentinel-1B,SAR,4.7,21.8,Analysis Ready,S2_002158.tif,3.81
2159,30,3,2020-07-14 03:10:00,25.21069,92.80645,25.31069,92.90645,25.31069,92.80645,25.21069,92.90645,Sentinel-2B,Optical,18.1,87.4,Preprocessed,S2_002159.tif,1.5
2160,61,8,2023-08-21 09:37:34,26.72912,89.67236,26.82912,89.77236,26.82912,89.67236,26.72912,89.77236,Sentinel-2A,Optical,29.1,26.4,Analysis Ready,S2_002160.tif,2.59
2161,6,1,2023-10-14 19:31:50,26.28743,96.72137,26.38743,96.82137,26.38743,96.72137,26.28743,96.82137,Landsat-9,Optical,15.0,81.0,Raw,S2_002161.tif,1.0
2162,57,7,2024-05-07 22:19:30,24.05295,92.71317,24.15295,92.81317,24.15295,92.71317,24.05295,92.81317,Sentinel-2A,Optical,22.0,86.0,Analysis Ready,S2_002162.tif,0.38
2163,39,4,2024-03-08 04:58:51,27.19281,90.8943,27.29281,90.9943,27.29281,90.8943,27.19281,90.9943,Sentinel-2A,Optical,11.9,26.6,Raw,S2_002163.tif,4.89
2164,58,7,2019-04-24 17:12:39,26.88553,94.82146,26.98553,94.92146,26.98553,94.82146,26.88553,94.92146,Sentinel-2A,Optical,27.0,99.6,Analysis Ready,S2_002164.tif,2.99
2165,14,2,2022-01-17 17:48:26,22.63015,92.46196,22.73015,92.56196,22.73015,92.46196,22.63015,92.56196,Sentinel-1B,SAR,27.3,22.4,Analysis Ready,S2_002165.tif,2.58
2166,21,2,2020-06-25 18:51:06,24.45623,99.77327,24.55623,99.87327,24.55623,99.77327,24.45623,99.87327,Sentinel-2A,Optical,5.5,79.7,Analysis Ready,S2_002166.tif,2.81
2167,11,1,2022-02-18 15:09:35,22.62276,91.12452,22.72276,91.22452,22.72276,91.12452,22.62276,91.22452,Landsat-9,Optical,21.8,11.2,Raw,S2_002167.tif,1.33
2168,18,2,2023-07-26 16:58:47,29.15989,98.95211,29.25989,99.05211,29.25989,98.95211,29.15989,99.05211,Sentinel-1B,SAR,15.3,77.3,Raw,S2_002168.tif,2.02
2169,18,2,2019-02-19 15:03:25,28.79813,98.72453,28.89813,98.82453,28.89813,98.72453,28.79813,98.82453,Landsat-8,Optical,10.1,65.7,Preprocessed,S2_002169.tif,0.94
2170,6,1,2022-08-19 14:01:40,26.11098,97.44448,26.21098,97.54448,26.21098,97.44448,26.11098,97.54448,Landsat-9,Optical,9.3,80.3,Analysis Ready,S2_002170.tif,1.72
2171,62,8,2018-12-21 11:03:18,27.50022,92.74246,27.60022,92.84246,27.60022,92.74246,27.50022,92.84246,RESOURCESAT-2,Optical,6.2,69.8,Analysis Ready,S2_002171.tif,0.78
2172,7,1,2018-05-25 14:57:07,26.6155,91.99759,26.7155,92.09759,26.7155,91.99759,26.6155,92.09759,Sentinel-1B,SAR,8.5,4.6,Analysis Ready,S2_002172.tif,1.08
2173,29,3,2021-07-17 14:31:20,25.89255,98.66491,25.99255,98.76491,25.99255,98.66491,25.89255,98.76491,Landsat-8,Optical,29.1,43.3,Analysis Ready,S2_002173.tif,1.53
2174,28,3,2021-10-29 23:08:06,29.0867,93.19115,29.1867,93.29115,29.1867,93.19115,29.0867,93.29115,Sentinel-2B,Optical,6.6,35.0,Raw,S2_002174.tif,1.97
2175,3,1,2024-02-04 01:48:10,27.70015,99.0262,27.80015,99.1262,27.80015,99.0262,27.70015,99.1262,Sentinel-1B,SAR,17.2,67.4,Analysis Ready,S2_002175.tif,1.74
2176,41,5,2021-08-19 19:57:39,23.03124,93.95991,23.13124,94.05991,23.13124,93.95991,23.03124,94.05991,Sentinel-2B,Optical,27.0,83.9,Raw,S2_002176.tif,0.64
2177,29,3,2024-11-12 05:27:00,26.15338,99.23212,26.25338,99.33212,26.25338,99.23212,26.15338,99.33212,RESOURCESAT-2,Optical,20.5,75.9,Raw,S2_002177.tif,3.84
2178,48,6,2019-01-07 00:59:41,26.35738,95.29697,26.45738,95.39697,26.45738,95.29697,26.35738,95.39697,RESOURCESAT-2,Optical,7.1,15.6,Raw,S2_002178.tif,4.36
2179,9,1,2024-03-18 20:45:56,27.56539,93.60835,27.66539,93.70835,27.66539,93.60835,27.56539,93.70835,Landsat-8,Optical,22.6,89.1,Raw,S2_002179.tif,2.15
2180,44,5,2019-04-18 08:42:45,29.24462,98.67341,29.34462,98.77341,29.34462,98.67341,29.24462,98.77341,Landsat-9,Optical,12.7,37.5,Preprocessed,S2_002180.tif,0.32
2181,51,6,2023-09-20 20:55:08,29.10563,91.06756,29.20563,91.16756,29.20563,91.06756,29.10563,91.16756,Sentinel-2A,Optical,10.8,6.2,Preprocessed,S2_002181.tif,2.08
2182,30,3,2018-10-11 13:02:34,25.21128,92.50567,25.31128,92.60567,25.31128,92.50567,25.21128,92.60567,Sentinel-2A,Optical,5.6,6.3,Raw,S2_002182.tif,0.91
2183,21,2,2020-03-22 16:28:04,24.22956,99.09167,24.32956,99.19167,24.32956,99.09167,24.22956,99.19167,Sentinel-1A,SAR,3.4,59.0,Preprocessed,S2_002183.tif,0.19
2184,30,3,2020-07-04 07:40:14,25.65765,92.88905,25.75765,92.98905,25.75765,92.88905,25.65765,92.98905,Sentinel-2A,Optical,17.4,49.5,Raw,S2_002184.tif,3.24
2185,25,3,2021-03-24 04:15:22,26.49542,97.28188,26.59542,97.38188,26.59542,97.28188,26.49542,97.38188,Sentinel-2A,Optical,19.0,31.0,Analysis Ready,S2_002185.tif,1.32
2186,10,1,2018-12-09 10:24:10,23.67846,97.89032,23.77846,97.99032,23.77846,97.89032,23.67846,97.99032,RESOURCESAT-2,Optical,6.5,52.8,Raw,S2_002186.tif,4.17
2187,54,6,2019-06-01 16:35:37,29.10873,91.39269,29.20873,91.49269,29.20873,91.39269,29.10873,91.49269,Sentinel-2B,Optical,12.2,41.0,Preprocessed,S2_002187.tif,2.12
2188,34,4,2020-12-29 01:49:56,26.42569,97.10979,26.52569,97.20979,26.52569,97.10979,26.42569,97.20979,Sentinel-2A,Optical,21.0,48.9,Preprocessed,S2_002188.tif,0.57
2189,45,5,2023-07-01 23:29:18,28.54876,95.33217,28.64876,95.43217,28.64876,95.33217,28.54876,95.43217,Sentinel-1B,SAR,25.7,69.6,Raw,S2_002189.tif,1.57
2190,61,8,2024-05-02 18:15:17,26.73822,89.74541,26.83822,89.84541,26.83822,89.74541,26.73822,89.84541,Sentinel-1B,SAR,28.8,24.9,Preprocessed,S2_002190.tif,1.75
2191,27,3,2020-12-08 06:27:26,25.06464,90.93385,25.16464,91.03385,25.16464,90.93385,25.06464,91.03385,RESOURCESAT-2,Optical,5.4,49.7,Analysis Ready,S2_002191.tif,0.91
2192,22,2,2021-04-25 15:40:29,22.73195,96.65471,22.83195,96.75471,22.83195,96.65471,22.73195,96.75471,RESOURCESAT-2,Optical,14.1,55.5,Analysis Ready,S2_002192.tif,0.62
2193,35,4,2024-12-01 10:18:36,23.01201,91.78428,23.11201,91.88428,23.11201,91.78428,23.01201,91.88428,Landsat-8,Optical,23.2,8.8,Analysis Ready,S2_002193.tif,4.97
2194,36,4,2024-04-13 19:55:11,25.7045,90.15705,25.8045,90.25705,25.8045,90.15705,25.7045,90.25705,RESOURCESAT-2,Optical,5.5,80.5,Raw,S2_002194.tif,2.91
2195,38,4,2018-05-14 19:30:04,29.6059,98.84381,29.7059,98.94381,29.7059,98.84381,29.6059,98.94381,Sentinel-1A,SAR,18.5,67.6,Raw,S2_002195.tif,4.61
2196,46,5,2018-07-23 18:19:26,23.0729,98.05781,23.1729,98.15781,23.1729,98.05781,23.0729,98.15781,Sentinel-2A,Optical,14.1,44.6,Preprocessed,S2_002196.tif,1.36
2197,52,6,2018-08-19 16:55:07,28.5221,100.23985,28.6221,100.33985,28.6221,100.23985,28.5221,100.33985,Sentinel-2B,Optical,24.8,77.6,Raw,S2_002197.tif,3.57
2198,59,8,2023-11-26 04:48:37,25.58958,92.0868,25.68958,92.1868,25.68958,92.0868,25.58958,92.1868,Sentinel-1A,SAR,9.4,11.3,Analysis Ready,S2_002198.tif,0.01
2199,25,3,2021-12-14 21:36:57,26.74437,97.05444,26.84437,97.15444,26.84437,97.05444,26.74437,97.15444,RESOURCESAT-2,Optical,24.9,43.7,Preprocessed,S2_002199.tif,3.92
2200,6,1,2019-05-08 01:32:19,26.46862,96.74158,26.56862,96.84158,26.56862,96.74158,26.46862,96.84158,Sentinel-1A,SAR,9.5,21.7,Preprocessed,S2_002200.tif,1.88
2201,9,1,2020-06-12 15:50:47,27.81752,93.64646,27.91752,93.74646,27.91752,93.64646,27.81752,93.74646,Sentinel-2B,Optical,14.2,35.6,Analysis Ready,S2_002201.tif,3.85
2202,58,7,2021-02-17 14:49:13,26.76619,94.10654,26.86619,94.20654,26.86619,94.10654,26.76619,94.20654,Sentinel-1B,SAR,12.2,87.4,Analysis Ready,S2_002202.tif,4.75
2203,47,6,2024-06-22 04:10:11,29.75542,99.23416,29.85542,99.33416,29.85542,99.23416,29.75542,99.33416,Sentinel-1A,SAR,16.3,74.7,Preprocessed,S2_002203.tif,0.88
2204,34,4,2018-04-22 23:34:05,25.83535,97.46716,25.93535,97.56716,25.93535,97.46716,25.83535,97.56716,Landsat-9,Optical,20.1,19.3,Raw,S2_002204.tif,0.66
2205,47,6,2018-05-30 01:43:20,30.11903,98.78843,30.21903,98.88843,30.21903,98.78843,30.11903,98.88843,RESOURCESAT-2,Optical,13.8,79.3,Raw,S2_002205.tif,1.73
2206,3,1,2022-03-18 18:45:44,27.48024,98.94176,27.58024,99.04176,27.58024,98.94176,27.48024,99.04176,Landsat-8,Optical,27.8,67.0,Preprocessed,S2_002206.tif,1.03
2207,10,1,2019-06-13 11:03:04,23.32231,97.20867,23.42231,97.30867,23.42231,97.20867,23.32231,97.30867,Sentinel-1B,SAR,18.5,49.9,Raw,S2_002207.tif,2.69
2208,25,3,2018-05-27 10:15:42,26.75318,97.21707,26.85318,97.31707,26.85318,97.21707,26.75318,97.31707,Sentinel-2A,Optical,10.3,11.4,Raw,S2_002208.tif,1.35
2209,24,3,2018-11-14 09:10:43,23.80651,99.61948,23.90651,99.71948,23.90651,99.61948,23.80651,99.71948,Landsat-8,Optical,13.0,95.5,Analysis Ready,S2_002209.tif,3.72
2210,23,3,2021-09-05 13:54:29,27.82204,91.35677,27.92204,91.45677,27.92204,91.35677,27.82204,91.45677,Landsat-9,Optical,17.2,36.9,Raw,S2_002210.tif,4.82
2211,47,6,2023-07-29 06:55:18,29.98804,99.50192,30.08804,99.60192,30.08804,99.50192,29.98804,99.60192,Sentinel-1A,SAR,8.6,55.0,Preprocessed,S2_002211.tif,3.4
2212,62,8,2019-07-07 19:16:36,27.50369,92.12987,27.60369,92.22987,27.60369,92.12987,27.50369,92.22987,Sentinel-2B,Optical,13.5,79.7,Raw,S2_002212.tif,3.52
2213,37,4,2020-07-12 17:50:15,26.55279,94.94919,26.65279,95.04919,26.65279,94.94919,26.55279,95.04919,Landsat-8,Optical,3.1,98.0,Raw,S2_002213.tif,1.32
2214,46,5,2023-07-23 06:53:03,23.1651,97.5351,23.2651,97.6351,23.2651,97.5351,23.1651,97.6351,Sentinel-1B,SAR,28.8,11.1,Analysis Ready,S2_002214.tif,1.0
2215,61,8,2020-07-04 14:55:17,27.10074,90.206,27.20074,90.306,27.20074,90.206,27.10074,90.306,RESOURCESAT-2,Optical,19.8,72.5,Raw,S2_002215.tif,1.37
2216,54,6,2021-03-02 08:44:37,29.40304,91.3202,29.50304,91.4202,29.50304,91.3202,29.40304,91.4202,RESOURCESAT-2,Optical,18.9,31.6,Preprocessed,S2_002216.tif,1.36
2217,7,1,2023-09-17 21:16:26,25.96272,92.50641,26.06272,92.60641,26.06272,92.50641,25.96272,92.60641,Sentinel-1A,SAR,8.1,16.1,Raw,S2_002217.tif,0.66
2218,13,2,2018-11-12 19:43:13,26.6411,99.75614,26.7411,99.85614,26.7411,99.75614,26.6411,99.85614,Landsat-8,Optical,15.4,35.6,Analysis Ready,S2_002218.tif,0.84
2219,59,8,2020-07-02 11:26:06,25.49565,92.87444,25.59565,92.97444,25.59565,92.87444,25.49565,92.97444,Landsat-9,Optical,9.9,88.6,Analysis Ready,S2_002219.tif,4.32
2220,59,8,2019-08-04 22:02:48,25.66345,92.03301,25.76345,92.13301,25.76345,92.03301,25.66345,92.13301,RESOURCESAT-2,Optical,29.7,13.6,Preprocessed,S2_002220.tif,4.95
2221,26,3,2023-11-18 08:47:48,23.72349,90.62996,23.82349,90.72996,23.82349,90.62996,23.72349,90.72996,Landsat-8,Optical,24.0,20.9,Raw,S2_002221.tif,2.06
2222,59,8,2018-04-27 09:39:33,25.99875,92.02128,26.09875,92.12128,26.09875,92.02128,25.99875,92.12128,Landsat-9,Optical,26.8,6.4,Raw,S2_002222.tif,2.32
2223,24,3,2018-11-10 16:25:34,23.87062,99.4626,23.97062,99.5626,23.97062,99.4626,23.87062,99.5626,Sentinel-2A,Optical,29.6,3.0,Analysis Ready,S2_002223.tif,0.18
2224,46,5,2020-03-12 23:21:31,23.18051,97.75869,23.28051,97.85869,23.28051,97.75869,23.18051,97.85869,Landsat-9,Optical,28.1,46.5,Raw,S2_002224.tif,1.59
2225,20,2,2024-07-06 04:26:54,22.93271,93.67553,23.03271,93.77553,23.03271,93.67553,22.93271,93.77553,Landsat-8,Optical,8.3,45.2,Raw,S2_002225.tif,0.2
2226,19,2,2021-01-28 09:37:01,24.29431,96.19507,24.39431,96.29507,24.39431,96.19507,24.29431,96.29507,Landsat-8,Optical,18.2,34.2,Analysis Ready,S2_002226.tif,0.79
2227,8,1,2019-09-25 04:37:07,24.40293,98.30703,24.50293,98.40703,24.50293,98.30703,24.40293,98.40703,Landsat-8,Optical,24.0,89.9,Raw,S2_002227.tif,0.66
2228,5,1,2021-04-11 22:17:27,23.56754,94.66541,23.66754,94.76541,23.66754,94.66541,23.56754,94.76541,Sentinel-1B,SAR,6.0,76.9,Preprocessed,S2_002228.tif,2.32
2229,54,6,2024-02-16 23:28:12,29.10601,92.051,29.20601,92.151,29.20601,92.051,29.10601,92.151,Landsat-8,Optical,25.7,84.7,Analysis Ready,S2_002229.tif,2.85
2230,46,5,2022-03-28 18:01:20,22.96583,98.00583,23.06583,98.10583,23.06583,98.00583,22.96583,98.10583,Sentinel-1A,SAR,5.4,90.6,Analysis Ready,S2_002230.tif,1.13
2231,61,8,2024-03-11 12:41:05,26.27669,89.647,26.37669,89.747,26.37669,89.647,26.27669,89.747,Sentinel-2B,Optical,12.2,85.8,Analysis Ready,S2_002231.tif,4.51
2232,4,1,2023-12-28 05:10:00,26.30312,90.71039,26.40312,90.81039,26.40312,90.71039,26.30312,90.81039,Landsat-8,Optical,20.6,93.9,Analysis Ready,S2_002232.tif,3.12
2233,51,6,2021-11-08 08:51:24,29.20274,90.63538,29.30274,90.73538,29.30274,90.63538,29.20274,90.73538,Sentinel-2B,Optical,19.5,1.1,Preprocessed,S2_002233.tif,3.84
2234,3,1,2023-11-13 21:28:16,27.64064,99.04393,27.74064,99.14393,27.74064,99.04393,27.64064,99.14393,Landsat-8,Optical,5.6,78.7,Analysis Ready,S2_002234.tif,3.49
2235,48,6,2021-12-06 08:16:24,26.47648,94.82365,26.57648,94.92365,26.57648,94.82365,26.47648,94.92365,Sentinel-2A,Optical,23.0,34.7,Preprocessed,S2_002235.tif,3.61
2236,15,2,2020-07-01 10:01:35,26.52195,98.36947,26.62195,98.46947,26.62195,98.36947,26.52195,98.46947,Sentinel-1A,SAR,9.9,32.9,Preprocessed,S2_002236.tif,2.17
2237,46,5,2020-02-14 02:29:12,22.82589,97.72055,22.92589,97.82055,22.92589,97.72055,22.82589,97.82055,Landsat-8,Optical,28.5,89.7,Preprocessed,S2_002237.tif,4.61
2238,36,4,2024-11-30 02:05:33,24.99425,90.22201,25.09425,90.32201,25.09425,90.22201,24.99425,90.32201,Landsat-8,Optical,21.2,87.5,Raw,S2_002238.tif,3.91
2239,21,2,2020-08-12 00:01:42,23.67095,99.39083,23.77095,99.49083,23.77095,99.39083,23.67095,99.49083,Landsat-8,Optical,5.7,44.7,Raw,S2_002239.tif,4.29
2240,40,5,2022-01-02 10:07:18,28.46526,97.35442,28.56526,97.45442,28.56526,97.35442,28.46526,97.45442,Sentinel-2B,Optical,6.8,11.5,Preprocessed,S2_002240.tif,1.15
2241,7,1,2022-06-29 23:14:29,26.24128,91.92933,26.34128,92.02933,26.34128,91.92933,26.24128,92.02933,Landsat-8,Optical,20.9,92.3,Preprocessed,S2_002241.tif,2.38
2242,1,1,2018-12-04 00:36:54,27.28611,90.06184,27.38611,90.16184,27.38611,90.06184,27.28611,90.16184,Landsat-8,Optical,10.9,81.3,Preprocessed,S2_002242.tif,1.7
2243,46,5,2018-01-18 13:13:04,23.43312,97.66013,23.53312,97.76013,23.53312,97.66013,23.43312,97.76013,Landsat-9,Optical,20.8,88.4,Analysis Ready,S2_002243.tif,0.85
2244,1,1,2023-09-15 21:07:09,27.40395,90.69332,27.50395,90.79332,27.50395,90.69332,27.40395,90.79332,Sentinel-2B,Optical,3.4,99.6,Analysis Ready,S2_002244.tif,1.14
2245,16,2,2019-01-05 11:46:16,23.10711,91.17766,23.20711,91.27766,23.20711,91.17766,23.10711,91.27766,Sentinel-2A,Optical,15.4,6.9,Analysis Ready,S2_002245.tif,2.07
2246,53,6,2024-10-07 16:36:14,28.5814,91.35515,28.6814,91.45515,28.6814,91.35515,28.5814,91.45515,RESOURCESAT-2,Optical,27.6,85.2,Raw,S2_002246.tif,2.86
2247,37,4,2020-02-06 02:42:55,26.55829,94.32501,26.65829,94.42501,26.65829,94.32501,26.55829,94.42501,Sentinel-1B,SAR,7.0,10.3,Raw,S2_002247.tif,4.13
2248,14,2,2018-01-12 17:02:23,22.39088,92.49097,22.49088,92.59097,22.49088,92.49097,22.39088,92.59097,RESOURCESAT-2,Optical,29.8,26.4,Preprocessed,S2_002248.tif,4.25
2249,61,8,2019-03-16 22:16:18,26.26042,90.00445,26.36042,90.10445,26.36042,90.00445,26.26042,90.10445,Landsat-8,Optical,4.9,4.6,Raw,S2_002249.tif,4.51
2250,19,2,2018-01-18 19:40:00,23.90826,96.13126,24.00826,96.23126,24.00826,96.13126,23.90826,96.23126,Sentinel-1A,SAR,6.5,51.5,Raw,S2_002250.tif,1.75
2251,62,8,2022-01-21 00:43:30,27.01713,92.47323,27.11713,92.57323,27.11713,92.47323,27.01713,92.57323,RESOURCESAT-2,Optical,27.4,5.2,Raw,S2_002251.tif,1.1
2252,11,1,2022-02-16 11:40:51,22.54297,91.40234,22.64297,91.50234,22.64297,91.40234,22.54297,91.50234,Landsat-8,Optical,13.0,44.6,Analysis Ready,S2_002252.tif,0.94
2253,30,3,2021-11-10 22:47:28,25.18538,92.32433,25.28538,92.42433,25.28538,92.32433,25.18538,92.42433,Landsat-9,Optical,20.9,44.0,Analysis Ready,S2_002253.tif,2.44
2254,59,8,2021-08-06 03:03:39,25.73733,92.06728,25.83733,92.16728,25.83733,92.06728,25.73733,92.16728,Sentinel-2B,Optical,5.1,9.4,Raw,S2_002254.tif,0.56
2255,45,5,2021-06-24 20:53:36,28.8397,94.89711,28.9397,94.99711,28.9397,94.89711,28.8397,94.99711,Sentinel-2A,Optical,18.6,24.0,Analysis Ready,S2_002255.tif,1.54
2256,20,2,2018-09-22 01:18:17,22.85368,93.4305,22.95368,93.5305,22.95368,93.4305,22.85368,93.5305,Sentinel-2A,Optical,14.5,85.0,Preprocessed,S2_002256.tif,3.27
2257,46,5,2018-05-28 03:23:13,22.95069,97.21947,23.05069,97.31947,23.05069,97.21947,22.95069,97.31947,Sentinel-2B,Optical,17.0,89.7,Preprocessed,S2_002257.tif,1.37
2258,41,5,2023-11-01 16:31:17,23.16047,94.5648,23.26047,94.6648,23.26047,94.5648,23.16047,94.6648,Landsat-9,Optical,15.0,24.3,Preprocessed,S2_002258.tif,3.12
2259,10,1,2024-06-09 21:22:07,23.86966,97.56905,23.96966,97.66905,23.96966,97.56905,23.86966,97.66905,Landsat-9,Optical,12.4,98.5,Raw,S2_002259.tif,0.15
2260,44,5,2024-03-18 18:27:17,29.51433,98.2822,29.61433,98.3822,29.61433,98.2822,29.51433,98.3822,Landsat-8,Optical,3.6,38.3,Raw,S2_002260.tif,2.64
2261,57,7,2022-07-11 06:47:50,23.56078,93.01287,23.66078,93.11287,23.66078,93.01287,23.56078,93.11287,Landsat-8,Optical,11.9,22.1,Raw,S2_002261.tif,2.18
2262,35,4,2018-10-09 19:05:28,22.97594,91.47525,23.07594,91.57525,23.07594,91.47525,22.97594,91.57525,Landsat-9,Optical,12.5,7.6,Raw,S2_002262.tif,1.74
2263,60,8,2020-06-21 18:03:18,25.11182,95.86041,25.21182,95.96041,25.21182,95.86041,25.11182,95.96041,Landsat-9,Optical,3.6,2.9,Raw,S2_002263.tif,4.54
2264,8,1,2022-10-08 15:06:27,24.19822,98.52776,24.29822,98.62776,24.29822,98.52776,24.19822,98.62776,RESOURCESAT-2,Optical,9.6,65.8,Analysis Ready,S2_002264.tif,1.2
2265,37,4,2023-05-05 14:39:11,27.13283,95.12827,27.23283,95.22827,27.23283,95.12827,27.13283,95.22827,RESOURCESAT-2,Optical,19.4,12.9,Analysis Ready,S2_002265.tif,2.86
2266,59,8,2018-07-11 19:48:19,25.84824,92.25942,25.94824,92.35942,25.94824,92.25942,25.84824,92.35942,Sentinel-2A,Optical,26.7,57.4,Analysis Ready,S2_002266.tif,4.41
2267,58,7,2018-12-30 19:11:49,26.71895,93.91298,26.81895,94.01298,26.81895,93.91298,26.71895,94.01298,Sentinel-1B,SAR,13.6,70.9,Raw,S2_002267.tif,3.72
2268,7,1,2021-11-29 08:38:05,26.04094,92.046,26.14094,92.146,26.14094,92.046,26.04094,92.146,Landsat-9,Optical,10.9,43.5,Raw,S2_002268.tif,3.45
2269,18,2,2018-06-14 14:34:31,29.29772,98.57921,29.39772,98.67921,29.39772,98.57921,29.29772,98.67921,Sentinel-1A,SAR,6.9,65.4,Preprocessed,S2_002269.tif,2.32
2270,31,3,2024-01-28 15:54:00,27.94934,95.49002,28.04934,95.59002,28.04934,95.49002,27.94934,95.59002,Landsat-9,Optical,24.9,76.7,Raw,S2_002270.tif,4.38
2271,12,1,2022-10-31 18:50:04,26.42052,97.78256,26.52052,97.88256,26.52052,97.78256,26.42052,97.88256,Sentinel-1B,SAR,27.8,10.4,Preprocessed,S2_002271.tif,4.2
2272,1,1,2022-04-14 19:06:44,26.88418,90.48884,26.98418,90.58884,26.98418,90.48884,26.88418,90.58884,Sentinel-2A,Optical,13.0,2.1,Raw,S2_002272.tif,4.61
2273,41,5,2022-09-03 12:06:24,22.73659,94.80093,22.83659,94.90093,22.83659,94.80093,22.73659,94.90093,Sentinel-2A,Optical,23.3,99.5,Preprocessed,S2_002273.tif,3.08
2274,55,7,2023-12-03 05:55:21,28.5188,94.42764,28.6188,94.52764,28.6188,94.42764,28.5188,94.52764,Landsat-9,Optical,10.4,43.4,Raw,S2_002274.tif,4.27
2275,43,5,2022-04-13 13:47:06,29.80038,98.1129,29.90038,98.2129,29.90038,98.1129,29.80038,98.2129,Landsat-9,Optical,21.5,21.3,Analysis Ready,S2_002275.tif,0.62
2276,28,3,2022-07-02 06:40:39,28.56849,93.25712,28.66849,93.35712,28.66849,93.25712,28.56849,93.35712,Landsat-9,Optical,5.7,91.5,Raw,S2_002276.tif,2.23
2277,60,8,2023-06-02 17:02:12,24.58007,95.8024,24.68007,95.9024,24.68007,95.8024,24.58007,95.9024,Sentinel-1A,SAR,8.2,3.7,Preprocessed,S2_002277.tif,1.09
2278,10,1,2019-12-08 15:16:30,24.05746,97.68951,24.15746,97.78951,24.15746,97.68951,24.05746,97.78951,Landsat-9,Optical,27.4,88.6,Preprocessed,S2_002278.tif,1.96
2279,61,8,2019-06-13 13:16:12,26.75969,89.57806,26.85969,89.67806,26.85969,89.57806,26.75969,89.67806,Sentinel-2B,Optical,24.5,92.2,Analysis Ready,S2_002279.tif,4.38
2280,40,5,2023-09-06 19:34:57,27.66094,97.9977,27.76094,98.0977,27.76094,97.9977,27.66094,98.0977,Landsat-8,Optical,3.6,34.8,Analysis Ready,S2_002280.tif,2.44
2281,42,5,2018-08-12 09:44:31,21.81323,97.04237,21.91323,97.14237,21.91323,97.04237,21.81323,97.14237,RESOURCESAT-2,Optical,20.2,72.2,Analysis Ready,S2_002281.tif,2.67
2282,12,1,2020-04-24 07:18:20,27.06671,98.28765,27.16671,98.38765,27.16671,98.28765,27.06671,98.38765,Landsat-8,Optical,16.2,63.3,Analysis Ready,S2_002282.tif,4.48
2283,10,1,2020-05-01 23:22:05,23.28772,97.3301,23.38772,97.4301,23.38772,97.3301,23.28772,97.4301,Sentinel-1A,SAR,17.8,91.5,Raw,S2_002283.tif,0.31
2284,4,1,2020-09-11 13:33:33,26.67002,89.86798,26.77002,89.96798,26.77002,89.86798,26.67002,89.96798,Landsat-9,Optical,4.5,35.3,Raw,S2_002284.tif,3.84
2285,36,4,2023-01-10 02:44:13,25.38658,90.5725,25.48658,90.6725,25.48658,90.5725,25.38658,90.6725,RESOURCESAT-2,Optical,10.1,73.0,Raw,S2_002285.tif,0.31
2286,7,1,2018-06-14 15:46:49,26.63649,91.75458,26.73649,91.85458,26.73649,91.75458,26.63649,91.85458,Sentinel-2B,Optical,15.8,98.5,Raw,S2_002286.tif,1.24
2287,30,3,2019-12-04 06:39:10,25.40816,92.67329,25.50816,92.77329,25.50816,92.67329,25.40816,92.77329,Sentinel-1B,SAR,29.4,16.1,Preprocessed,S2_002287.tif,4.52
2288,61,8,2024-12-05 08:21:29,26.535,90.3743,26.635,90.4743,26.635,90.3743,26.535,90.4743,RESOURCESAT-2,Optical,8.7,97.7,Preprocessed,S2_002288.tif,3.31
2289,3,1,2019-08-07 10:28:46,27.54611,99.22438,27.64611,99.32438,27.64611,99.22438,27.54611,99.32438,Sentinel-1A,SAR,24.9,89.7,Preprocessed,S2_002289.tif,1.47
2290,49,6,2021-07-29 16:20:17,29.4017,98.96876,29.5017,99.06876,29.5017,98.96876,29.4017,99.06876,Landsat-9,Optical,14.2,12.3,Preprocessed,S2_002290.tif,4.38
2291,11,1,2018-12-27 22:48:23,22.48287,90.69577,22.58287,90.79577,22.58287,90.69577,22.48287,90.79577,Landsat-9,Optical,27.3,82.9,Analysis Ready,S2_002291.tif,4.38
2292,49,6,2018-10-03 06:51:07,29.13215,98.91037,29.23215,99.01037,29.23215,98.91037,29.13215,99.01037,Sentinel-1A,SAR,20.5,19.3,Analysis Ready,S2_002292.tif,2.54
2293,39,4,2021-03-20 22:56:12,27.66072,90.67428,27.76072,90.77428,27.76072,90.67428,27.66072,90.77428,Landsat-8,Optical,7.5,59.9,Raw,S2_002293.tif,0.51
2294,21,2,2021-12-18 11:44:08,24.21394,99.69634,24.31394,99.79634,24.31394,99.69634,24.21394,99.79634,Landsat-8,Optical,3.5,82.1,Preprocessed,S2_002294.tif,4.33
2295,47,6,2021-10-31 16:00:17,29.68921,99.69615,29.78921,99.79615,29.78921,99.69615,29.68921,99.79615,Sentinel-1A,SAR,15.8,73.0,Analysis Ready,S2_002295.tif,2.15
2296,60,8,2023-06-06 21:58:13,24.75513,96.30334,24.85513,96.40334,24.85513,96.30334,24.75513,96.40334,RESOURCESAT-2,Optical,22.8,72.4,Preprocessed,S2_002296.tif,3.26
2297,62,8,2018-02-15 14:39:29,27.32116,91.87838,27.42116,91.97838,27.42116,91.87838,27.32116,91.97838,Sentinel-2B,Optical,8.8,90.8,Preprocessed,S2_002297.tif,4.41
2298,52,6,2022-05-10 10:54:33,28.69691,99.98762,28.79691,100.08762,28.79691,99.98762,28.69691,100.08762,RESOURCESAT-2,Optical,7.1,27.7,Raw,S2_002298.tif,4.37
2299,55,7,2018-08-19 18:07:26,29.10184,93.9542,29.20184,94.0542,29.20184,93.9542,29.10184,94.0542,Sentinel-1A,SAR,24.0,4.8,Analysis Ready,S2_002299.tif,1.94
2300,62,8,2020-01-24 06:59:54,26.60352,92.27006,26.70352,92.37006,26.70352,92.27006,26.60352,92.37006,Landsat-9,Optical,17.0,86.9,Analysis Ready,S2_002300.tif,1.26
2301,58,7,2018-05-31 07:55:43,27.56548,94.6883,27.66548,94.7883,27.66548,94.6883,27.56548,94.7883,Landsat-8,Optical,9.2,31.6,Preprocessed,S2_002301.tif,2.57
2302,39,4,2022-08-14 02:24:56,27.16886,90.80397,27.26886,90.90397,27.26886,90.80397,27.16886,90.90397,Landsat-8,Optical,14.2,95.6,Analysis Ready,S2_002302.tif,3.35
2303,8,1,2022-09-18 12:31:39,24.46786,98.41066,24.56786,98.51066,24.56786,98.41066,24.46786,98.51066,Sentinel-1B,SAR,22.2,32.9,Raw,S2_002303.tif,0.34
2304,25,3,2024-05-10 12:10:27,26.42212,97.27222,26.52212,97.37222,26.52212,97.27222,26.42212,97.37222,Sentinel-2A,Optical,10.0,48.7,Analysis Ready,S2_002304.tif,2.22
2305,39,4,2021-04-22 20:05:00,27.21635,91.28648,27.31635,91.38648,27.31635,91.28648,27.21635,91.38648,Sentinel-1B,SAR,28.9,53.7,Raw,S2_002305.tif,2.48
2306,62,8,2024-09-19 09:09:47,26.84156,92.62288,26.94156,92.72288,26.94156,92.62288,26.84156,92.72288,Sentinel-2A,Optical,23.8,68.7,Preprocessed,S2_002306.tif,4.24
2307,4,1,2020-08-05 15:15:51,27.05217,89.82193,27.15217,89.92193,27.15217,89.82193,27.05217,89.92193,Sentinel-1B,SAR,15.1,72.0,Analysis Ready,S2_002307.tif,1.47
2308,20,2,2023-10-09 16:00:58,23.2111,94.03953,23.3111,94.13953,23.3111,94.03953,23.2111,94.13953,Sentinel-1A,SAR,15.5,69.2,Analysis Ready,S2_002308.tif,0.2
2309,54,6,2019-12-23 00:44:29,29.79685,91.21996,29.89685,91.31996,29.89685,91.21996,29.79685,91.31996,Sentinel-1A,SAR,21.8,16.4,Analysis Ready,S2_002309.tif,1.73
2310,5,1,2022-01-11 03:37:40,24.20835,95.21871,24.30835,95.31871,24.30835,95.21871,24.20835,95.31871,Landsat-9,Optical,29.7,28.6,Analysis Ready,S2_002310.tif,0.03
2311,20,2,2018-12-05 07:39:31,22.98101,93.57132,23.08101,93.67132,23.08101,93.57132,22.98101,93.67132,Sentinel-1A,SAR,27.9,51.4,Preprocessed,S2_002311.tif,1.11
2312,34,4,2022-11-08 20:32:01,26.20923,97.7079,26.30923,97.8079,26.30923,97.7079,26.20923,97.8079,Landsat-9,Optical,27.5,27.4,Raw,S2_002312.tif,1.37
2313,47,6,2024-04-21 21:37:58,29.89007,98.75273,29.99007,98.85273,29.99007,98.75273,29.89007,98.85273,Sentinel-1B,SAR,19.6,9.1,Analysis Ready,S2_002313.tif,2.63
2314,14,2,2024-09-01 03:57:47,22.72577,93.24031,22.82577,93.34031,22.82577,93.24031,22.72577,93.34031,Landsat-8,Optical,9.1,72.2,Preprocessed,S2_002314.tif,1.67
2315,14,2,2019-02-14 11:21:05,22.17311,93.38129,22.27311,93.48129,22.27311,93.38129,22.17311,93.48129,Landsat-8,Optical,5.7,45.8,Raw,S2_002315.tif,3.08
2316,5,1,2022-07-12 11:56:20,23.70464,94.56484,23.80464,94.66484,23.80464,94.56484,23.70464,94.66484,Sentinel-2B,Optical,27.3,55.3,Preprocessed,S2_002316.tif,3.18
2317,3,1,2022-11-25 06:44:48,27.87294,99.21314,27.97294,99.31314,27.97294,99.21314,27.87294,99.31314,Sentinel-2B,Optical,26.3,78.4,Raw,S2_002317.tif,2.12
2318,50,6,2020-04-07 04:08:17,24.15547,92.64756,24.25547,92.74756,24.25547,92.64756,24.15547,92.74756,Sentinel-1B,SAR,20.6,85.5,Raw,S2_002318.tif,4.03
2319,28,3,2022-11-05 03:22:06,29.4889,93.60393,29.5889,93.70393,29.5889,93.60393,29.4889,93.70393,Landsat-8,Optical,22.5,3.9,Analysis Ready,S2_002319.tif,3.1
2320,49,6,2023-04-13 07:01:19,29.12631,99.22417,29.22631,99.32417,29.22631,99.22417,29.12631,99.32417,Sentinel-1A,SAR,6.8,81.8,Preprocessed,S2_002320.tif,3.37
2321,7,1,2018-11-18 02:29:01,26.26876,91.93388,26.36876,92.03388,26.36876,91.93388,26.26876,92.03388,RESOURCESAT-2,Optical,4.6,49.8,Preprocessed,S2_002321.tif,2.77
2322,56,7,2024-01-16 11:00:45,29.68677,97.78892,29.78677,97.88892,29.78677,97.78892,29.68677,97.88892,Landsat-8,Optical,29.8,36.0,Analysis Ready,S2_002322.tif,3.36
2323,22,2,2021-02-21 06:48:34,22.90832,95.93962,23.00832,96.03962,23.00832,95.93962,22.90832,96.03962,Sentinel-1B,SAR,20.6,82.4,Analysis Ready,S2_002323.tif,3.72
2324,29,3,2021-07-08 03:50:47,25.84783,98.6537,25.94783,98.7537,25.94783,98.6537,25.84783,98.7537,Sentinel-2A,Optical,21.3,41.3,Raw,S2_002324.tif,0.53
2325,61,8,2022-04-17 02:20:12,26.73593,90.24504,26.83593,90.34504,26.83593,90.24504,26.73593,90.34504,Landsat-8,Optical,7.1,5.2,Analysis Ready,S2_002325.tif,3.36
2326,62,8,2022-02-28 05:33:50,27.0366,92.30469,27.1366,92.40469,27.1366,92.30469,27.0366,92.40469,RESOURCESAT-2,Optical,6.0,54.3,Raw,S2_002326.tif,2.9
2327,52,6,2023-09-30 21:08:15,28.36047,99.49789,28.46047,99.59789,28.46047,99.49789,28.36047,99.59789,Sentinel-1B,SAR,24.3,13.1,Preprocessed,S2_002327.tif,3.21
2328,13,2,2021-03-05 19:08:27,26.66435,99.44629,26.76435,99.54629,26.76435,99.44629,26.66435,99.54629,Sentinel-1B,SAR,4.6,80.0,Analysis Ready,S2_002328.tif,1.11
2329,59,8,2023-08-15 13:25:06,25.25693,92.12647,25.35693,92.22647,25.35693,92.12647,25.25693,92.22647,Sentinel-2B,Optical,10.2,81.3,Preprocessed,S2_002329.tif,4.67
2330,51,6,2021-12-30 03:27:36,29.25209,90.74342,29.35209,90.84342,29.35209,90.74342,29.25209,90.84342,RESOURCESAT-2,Optical,26.6,67.1,Preprocessed,S2_002330.tif,1.7
2331,11,1,2023-12-29 01:19:14,22.28729,91.17511,22.38729,91.27511,22.38729,91.17511,22.28729,91.27511,Sentinel-2B,Optical,27.0,67.7,Preprocessed,S2_002331.tif,2.39
2332,52,6,2021-06-10 15:46:50,28.03059,99.52269,28.13059,99.62269,28.13059,99.52269,28.03059,99.62269,Sentinel-2B,Optical,10.0,54.0,Raw,S2_002332.tif,3.41
2333,1,1,2023-09-17 05:10:30,26.79954,90.23131,26.89954,90.33131,26.89954,90.23131,26.79954,90.33131,Landsat-9,Optical,9.4,81.7,Preprocessed,S2_002333.tif,0.82
2334,21,2,2018-09-03 12:13:38,24.24289,99.08712,24.34289,99.18712,24.34289,99.08712,24.24289,99.18712,Landsat-8,Optical,26.3,81.7,Preprocessed,S2_002334.tif,0.31
2335,19,2,2024-08-31 10:33:45,24.39171,96.21479,24.49171,96.31479,24.49171,96.21479,24.39171,96.31479,Sentinel-2B,Optical,29.1,47.3,Raw,S2_002335.tif,4.35
2336,45,5,2024-02-17 17:33:41,28.4237,95.32794,28.5237,95.42794,28.5237,95.32794,28.4237,95.42794,Landsat-8,Optical,10.6,10.3,Preprocessed,S2_002336.tif,0.32
2337,17,2,2024-07-06 22:21:15,24.0529,93.25237,24.1529,93.35237,24.1529,93.25237,24.0529,93.35237,Landsat-9,Optical,16.1,66.2,Analysis Ready,S2_002337.tif,0.09
2338,35,4,2024-04-17 00:22:37,23.51343,91.22441,23.61343,91.32441,23.61343,91.22441,23.51343,91.32441,Sentinel-2A,Optical,17.4,34.6,Analysis Ready,S2_002338.tif,4.57
2339,45,5,2022-08-15 01:52:51,29.02027,95.05178,29.12027,95.15178,29.12027,95.05178,29.02027,95.15178,Landsat-8,Optical,13.4,6.4,Analysis Ready,S2_002339.tif,1.01
2340,3,1,2019-02-26 00:12:38,27.44322,99.41946,27.54322,99.51946,27.54322,99.41946,27.44322,99.51946,Sentinel-1A,SAR,20.1,42.8,Raw,S2_002340.tif,3.21
2341,45,5,2024-10-06 00:08:07,28.31729,95.01429,28.41729,95.11429,28.41729,95.01429,28.31729,95.11429,Landsat-9,Optical,24.3,87.9,Analysis Ready,S2_002341.tif,0.79
2342,58,7,2023-05-23 18:38:22,27.30217,94.87713,27.40217,94.97713,27.40217,94.87713,27.30217,94.97713,Landsat-9,Optical,11.5,23.4,Analysis Ready,S2_002342.tif,3.11
2343,42,5,2022-09-29 11:44:21,22.37916,96.97965,22.47916,97.07965,22.47916,96.97965,22.37916,97.07965,Sentinel-2A,Optical,6.6,12.2,Preprocessed,S2_002343.tif,4.68
2344,19,2,2022-07-24 10:33:55,24.02537,96.77277,24.12537,96.87277,24.12537,96.77277,24.02537,96.87277,Landsat-8,Optical,26.6,55.7,Preprocessed,S2_002344.tif,2.18
2345,10,1,2018-10-22 02:59:38,23.95851,97.96434,24.05851,98.06434,24.05851,97.96434,23.95851,98.06434,RESOURCESAT-2,Optical,4.5,32.5,Raw,S2_002345.tif,1.86
2346,15,2,2018-07-31 04:19:20,26.50783,98.52516,26.60783,98.62516,26.60783,98.52516,26.50783,98.62516,Sentinel-2A,Optical,7.2,40.3,Analysis Ready,S2_002346.tif,4.68
2347,19,2,2021-04-11 00:37:47,24.40337,96.53087,24.50337,96.63087,24.50337,96.53087,24.40337,96.63087,RESOURCESAT-2,Optical,3.4,90.5,Preprocessed,S2_002347.tif,0.9
2348,44,5,2022-02-04 14:52:50,29.65827,98.96975,29.75827,99.06975,29.75827,98.96975,29.65827,99.06975,Sentinel-1A,SAR,22.0,57.0,Raw,S2_002348.tif,3.77
2349,5,1,2019-04-14 08:16:18,23.69797,95.30644,23.79797,95.40644,23.79797,95.30644,23.69797,95.40644,Landsat-9,Optical,24.8,17.2,Raw,S2_002349.tif,0.76
2350,37,4,2021-07-17 09:20:57,27.22629,94.69499,27.32629,94.79499,27.32629,94.69499,27.22629,94.79499,Sentinel-1B,SAR,9.2,70.0,Raw,S2_002350.tif,1.62
2351,21,2,2020-12-15 15:00:57,23.83142,99.6872,23.93142,99.7872,23.93142,99.6872,23.83142,99.7872,Sentinel-2A,Optical,19.9,53.6,Preprocessed,S2_002351.tif,2.37
2352,26,3,2018-01-22 01:05:06,24.25465,90.47009,24.35465,90.57009,24.35465,90.47009,24.25465,90.57009,Landsat-8,Optical,13.3,3.8,Analysis Ready,S2_002352.tif,1.88
2353,33,4,2019-03-02 20:24:42,23.74904,99.5112,23.84904,99.6112,23.84904,99.5112,23.74904,99.6112,Sentinel-1A,SAR,28.7,61.7,Analysis Ready,S2_002353.tif,0.21
2354,25,3,2021-07-07 00:39:45,26.64716,96.56697,26.74716,96.66697,26.74716,96.56697,26.64716,96.66697,Sentinel-2A,Optical,12.2,77.7,Raw,S2_002354.tif,4.21
2355,58,7,2019-03-22 00:31:54,27.53189,94.50289,27.63189,94.60289,27.63189,94.50289,27.53189,94.60289,Sentinel-2B,Optical,17.1,29.6,Analysis Ready,S2_002355.tif,4.72
2356,19,2,2022-03-04 06:05:52,24.59778,96.05304,24.69778,96.15304,24.69778,96.05304,24.59778,96.15304,Sentinel-1A,SAR,12.3,26.1,Preprocessed,S2_002356.tif,0.0
2357,49,6,2023-04-14 00:35:52,29.50731,98.56644,29.60731,98.66644,29.60731,98.56644,29.50731,98.66644,Sentinel-2B,Optical,8.8,53.2,Analysis Ready,S2_002357.tif,4.17
2358,38,4,2021-02-17 07:58:32,29.46401,98.78161,29.56401,98.88161,29.56401,98.78161,29.46401,98.88161,Sentinel-2B,Optical,12.9,43.8,Raw,S2_002358.tif,2.59
2359,4,1,2024-07-26 03:16:35,26.28051,90.61898,26.38051,90.71898,26.38051,90.61898,26.28051,90.71898,Sentinel-1B,SAR,14.4,81.9,Preprocessed,S2_002359.tif,1.97
2360,54,6,2021-05-04 12:19:03,29.96126,91.93281,30.06126,92.03281,30.06126,91.93281,29.96126,92.03281,Landsat-9,Optical,10.7,64.3,Analysis Ready,S2_002360.tif,4.96
2361,18,2,2022-05-22 09:31:34,28.35805,98.28391,28.45805,98.38391,28.45805,98.28391,28.35805,98.38391,Landsat-8,Optical,25.0,34.9,Analysis Ready,S2_002361.tif,1.93
2362,46,5,2022-05-06 05:01:39,22.75998,97.91482,22.85998,98.01482,22.85998,97.91482,22.75998,98.01482,Sentinel-1B,SAR,9.1,29.4,Preprocessed,S2_002362.tif,4.26
2363,45,5,2024-04-04 00:23:12,28.58808,95.40864,28.68808,95.50864,28.68808,95.40864,28.58808,95.50864,Sentinel-2A,Optical,11.7,72.2,Analysis Ready,S2_002363.tif,4.96
2364,19,2,2019-04-11 16:05:48,24.43236,96.60944,24.53236,96.70944,24.53236,96.60944,24.43236,96.70944,Sentinel-2B,Optical,27.6,83.2,Preprocessed,S2_002364.tif,3.12
2365,34,4,2019-03-19 07:36:46,26.05631,97.61331,26.15631,97.71331,26.15631,97.61331,26.05631,97.71331,Landsat-8,Optical,12.0,44.4,Analysis Ready,S2_002365.tif,1.61
2366,33,4,2024-06-25 06:15:22,23.40224,100.08669,23.50224,100.18669,23.50224,100.08669,23.40224,100.18669,Sentinel-2A,Optical,14.2,77.2,Preprocessed,S2_002366.tif,0.27
2367,45,5,2019-05-07 05:47:07,29.17203,94.64511,29.27203,94.74511,29.27203,94.64511,29.17203,94.74511,RESOURCESAT-2,Optical,20.7,57.4,Analysis Ready,S2_002367.tif,3.95
2368,25,3,2024-04-07 22:21:51,26.0102,96.44487,26.1102,96.54487,26.1102,96.44487,26.0102,96.54487,Sentinel-2B,Optical,21.0,87.1,Raw,S2_002368.tif,3.85
2369,35,4,2019-11-24 23:13:18,22.86662,91.57803,22.96662,91.67803,22.96662,91.57803,22.86662,91.67803,RESOURCESAT-2,Optical,11.4,38.1,Raw,S2_002369.tif,3.48
2370,23,3,2024-07-01 17:59:19,28.07323,91.41601,28.17323,91.51601,28.17323,91.41601,28.07323,91.51601,Sentinel-1B,SAR,3.5,16.9,Preprocessed,S2_002370.tif,1.24
2371,56,7,2024-12-16 05:46:06,29.1483,97.24925,29.2483,97.34925,29.2483,97.24925,29.1483,97.34925,Sentinel-2A,Optical,26.4,67.8,Raw,S2_002371.tif,3.59
2372,61,8,2022-06-20 07:02:00,27.03205,90.50691,27.13205,90.60691,27.13205,90.50691,27.03205,90.60691,Landsat-9,Optical,7.5,64.5,Raw,S2_002372.tif,2.42
2373,41,5,2018-12-31 03:06:33,23.32861,94.60026,23.42861,94.70026,23.42861,94.60026,23.32861,94.70026,Sentinel-1A,SAR,9.1,82.9,Analysis Ready,S2_002373.tif,2.55
2374,42,5,2022-01-12 04:56:30,21.93219,97.00992,22.03219,97.10992,22.03219,97.00992,21.93219,97.10992,Landsat-8,Optical,12.1,46.4,Analysis Ready,S2_002374.tif,1.94
2375,56,7,2023-05-22 18:05:31,29.27355,97.23927,29.37355,97.33927,29.37355,97.23927,29.27355,97.33927,Sentinel-1B,SAR,22.6,98.1,Raw,S2_002375.tif,4.86
2376,9,1,2023-04-09 03:07:06,27.29261,93.14671,27.39261,93.24671,27.39261,93.14671,27.29261,93.24671,Sentinel-1A,SAR,29.0,86.6,Analysis Ready,S2_002376.tif,0.32
2377,34,4,2021-09-15 06:30:44,25.63654,97.33453,25.73654,97.43453,25.73654,97.33453,25.63654,97.43453,Sentinel-1A,SAR,6.0,81.1,Analysis Ready,S2_002377.tif,3.67
2378,43,5,2020-01-01 02:41:49,29.98407,97.31182,30.08407,97.41182,30.08407,97.31182,29.98407,97.41182,Sentinel-1A,SAR,8.9,12.9,Raw,S2_002378.tif,3.72
2379,34,4,2021-09-21 19:13:40,26.15321,97.15937,26.25321,97.25937,26.25321,97.15937,26.15321,97.25937,Sentinel-1A,SAR,27.7,70.6,Analysis Ready,S2_002379.tif,1.29
2380,8,1,2021-12-10 12:09:49,24.70738,98.24955,24.80738,98.34955,24.80738,98.24955,24.70738,98.34955,Sentinel-1B,SAR,17.4,22.0,Raw,S2_002380.tif,1.81
2381,48,6,2022-08-29 06:42:21,27.07756,94.68103,27.17756,94.78103,27.17756,94.68103,27.07756,94.78103,Landsat-8,Optical,11.7,25.8,Raw,S2_002381.tif,4.52
2382,37,4,2022-09-23 13:33:05,26.95178,94.53354,27.05178,94.63354,27.05178,94.53354,26.95178,94.63354,Landsat-8,Optical,19.0,86.1,Analysis Ready,S2_002382.tif,1.62
2383,10,1,2020-10-17 03:46:30,23.61705,97.91396,23.71705,98.01396,23.71705,97.91396,23.61705,98.01396,Sentinel-1B,SAR,22.1,77.9,Raw,S2_002383.tif,2.64
2384,13,2,2020-10-21 14:08:55,26.3768,99.4829,26.4768,99.5829,26.4768,99.4829,26.3768,99.5829,Sentinel-1A,SAR,13.9,78.3,Preprocessed,S2_002384.tif,1.51
2385,7,1,2022-03-18 16:14:11,26.6938,91.71233,26.7938,91.81233,26.7938,91.71233,26.6938,91.81233,Sentinel-1B,SAR,17.8,83.1,Analysis Ready,S2_002385.tif,1.03
2386,61,8,2023-05-29 16:34:03,26.45009,89.8353,26.55009,89.9353,26.55009,89.8353,26.45009,89.9353,Sentinel-2B,Optical,24.7,78.2,Analysis Ready,S2_002386.tif,0.33
2387,35,4,2023-04-24 06:06:23,23.54014,91.10883,23.64014,91.20883,23.64014,91.10883,23.54014,91.20883,Sentinel-2B,Optical,21.3,56.2,Preprocessed,S2_002387.tif,0.22
2388,47,6,2024-12-29 10:33:30,29.54166,98.84777,29.64166,98.94777,29.64166,98.84777,29.54166,98.94777,Sentinel-1B,SAR,27.6,74.0,Preprocessed,S2_002388.tif,3.38
2389,44,5,2021-06-20 10:59:43,28.82733,98.81238,28.92733,98.91238,28.92733,98.81238,28.82733,98.91238,Sentinel-1A,SAR,10.7,54.2,Analysis Ready,S2_002389.tif,4.25
2390,31,3,2020-04-06 05:43:42,27.5147,95.01231,27.6147,95.11231,27.6147,95.01231,27.5147,95.11231,Sentinel-2A,Optical,22.7,44.2,Preprocessed,S2_002390.tif,2.24
2391,23,3,2018-09-10 16:25:21,28.32675,91.29667,28.42675,91.39667,28.42675,91.29667,28.32675,91.39667,Landsat-8,Optical,25.3,41.0,Raw,S2_002391.tif,1.3
2392,6,1,2018-11-29 20:26:53,26.51716,96.71246,26.61716,96.81246,26.61716,96.71246,26.51716,96.81246,RESOURCESAT-2,Optical,9.7,51.3,Raw,S2_002392.tif,3.16
2393,29,3,2020-03-05 06:33:33,25.57116,98.76013,25.67116,98.86013,25.67116,98.76013,25.57116,98.86013,Sentinel-1B,SAR,16.5,25.5,Raw,S2_002393.tif,3.38
2394,1,1,2018-09-24 05:02:49,27.35223,90.19149,27.45223,90.29149,27.45223,90.19149,27.35223,90.29149,Sentinel-2A,Optical,14.8,82.0,Raw,S2_002394.tif,2.83
2395,48,6,2021-01-05 21:00:22,27.06499,95.20148,27.16499,95.30148,27.16499,95.20148,27.06499,95.30148,Landsat-9,Optical,27.8,98.2,Analysis Ready,S2_002395.tif,4.43
2396,58,7,2018-08-21 20:55:05,27.35691,94.12922,27.45691,94.22922,27.45691,94.12922,27.35691,94.22922,Sentinel-1B,SAR,17.9,29.1,Raw,S2_002396.tif,0.33
2397,56,7,2020-05-15 12:16:32,29.32234,97.30544,29.42234,97.40544,29.42234,97.30544,29.32234,97.40544,Landsat-8,Optical,25.5,51.7,Analysis Ready,S2_002397.tif,0.61
2398,6,1,2021-07-17 13:33:38,26.12063,97.14503,26.22063,97.24503,26.22063,97.14503,26.12063,97.24503,Sentinel-2B,Optical,15.7,25.5,Preprocessed,S2_002398.tif,2.14
2399,51,6,2022-08-02 22:11:15,29.45355,90.86554,29.55355,90.96554,29.55355,90.86554,29.45355,90.96554,Sentinel-1A,SAR,23.3,53.8,Preprocessed,S2_002399.tif,3.48
2400,33,4,2021-04-20 05:12:19,23.65503,99.78604,23.75503,99.88604,23.75503,99.78604,23.65503,99.88604,Sentinel-1A,SAR,26.0,60.8,Preprocessed,S2_002400.tif,1.22
2401,55,7,2019-07-24 04:57:13,29.26221,93.98626,29.36221,94.08626,29.36221,93.98626,29.26221,94.08626,RESOURCESAT-2,Optical,8.5,21.6,Analysis Ready,S2_002401.tif,0.82
2402,19,2,2020-06-23 23:13:07,24.32719,96.62289,24.42719,96.72289,24.42719,96.62289,24.32719,96.72289,Landsat-9,Optical,22.7,73.7,Preprocessed,S2_002402.tif,4.89
2403,19,2,2024-10-09 03:07:10,23.82515,95.87632,23.92515,95.97632,23.92515,95.87632,23.82515,95.97632,Landsat-8,Optical,17.3,51.2,Analysis Ready,S2_002403.tif,4.03
2404,17,2,2019-11-06 04:41:26,23.57317,93.17028,23.67317,93.27028,23.67317,93.17028,23.57317,93.27028,Landsat-9,Optical,27.7,81.5,Analysis Ready,S2_002404.tif,1.23
2405,62,8,2019-08-03 01:24:37,27.53958,91.79244,27.63958,91.89244,27.63958,91.79244,27.53958,91.89244,Sentinel-1A,SAR,3.1,87.9,Preprocessed,S2_002405.tif,4.38
2406,40,5,2022-08-19 19:07:31,27.59964,97.91622,27.69964,98.01622,27.69964,97.91622,27.59964,98.01622,Sentinel-2A,Optical,9.1,90.5,Preprocessed,S2_002406.tif,1.89
2407,56,7,2020-03-25 01:53:38,29.78844,97.25787,29.88844,97.35787,29.88844,97.25787,29.78844,97.35787,Sentinel-2A,Optical,16.5,13.5,Preprocessed,S2_002407.tif,1.69
2408,27,3,2020-09-12 00:38:45,24.98547,91.04987,25.08547,91.14987,25.08547,91.04987,24.98547,91.14987,Sentinel-1A,SAR,14.3,34.3,Preprocessed,S2_002408.tif,1.22
2409,58,7,2021-09-09 02:51:47,27.66912,94.71309,27.76912,94.81309,27.76912,94.71309,27.66912,94.81309,Sentinel-1A,SAR,29.9,58.6,Raw,S2_002409.tif,2.56
2410,47,6,2019-02-10 16:41:41,29.15314,99.24344,29.25314,99.34344,29.25314,99.24344,29.15314,99.34344,Landsat-8,Optical,24.7,55.2,Raw,S2_002410.tif,3.92
2411,27,3,2019-11-20 15:22:07,25.41941,90.19232,25.51941,90.29232,25.51941,90.19232,25.41941,90.29232,Sentinel-1B,SAR,9.6,7.8,Preprocessed,S2_002411.tif,3.27
2412,1,1,2018-07-10 05:13:22,27.51209,90.38685,27.61209,90.48685,27.61209,90.38685,27.51209,90.48685,Sentinel-1B,SAR,23.4,53.3,Raw,S2_002412.tif,4.23
2413,1,1,2022-09-13 06:17:02,27.09451,89.81164,27.19451,89.91164,27.19451,89.81164,27.09451,89.91164,Sentinel-2B,Optical,19.2,95.2,Raw,S2_002413.tif,3.42
2414,18,2,2021-02-15 21:40:02,28.422,98.31609,28.522,98.41609,28.522,98.31609,28.422,98.41609,Sentinel-2A,Optical,8.4,70.5,Preprocessed,S2_002414.tif,1.36
2415,43,5,2018-11-26 10:56:42,29.66595,97.62043,29.76595,97.72043,29.76595,97.62043,29.66595,97.72043,Landsat-9,Optical,14.2,67.9,Preprocessed,S2_002415.tif,3.36
2416,53,6,2019-11-13 10:17:53,28.0077,91.64383,28.1077,91.74383,28.1077,91.64383,28.0077,91.74383,Sentinel-1B,SAR,22.9,26.4,Preprocessed,S2_002416.tif,0.93
2417,18,2,2018-03-16 23:32:39,28.45422,98.25021,28.55422,98.35021,28.55422,98.25021,28.45422,98.35021,Sentinel-1A,SAR,11.7,21.6,Analysis Ready,S2_002417.tif,1.37
2418,12,1,2020-06-20 12:35:19,26.47086,98.2111,26.57086,98.3111,26.57086,98.2111,26.47086,98.3111,Sentinel-2A,Optical,17.1,88.6,Raw,S2_002418.tif,3.17
2419,3,1,2023-03-31 09:37:16,27.52668,98.99866,27.62668,99.09866,27.62668,98.99866,27.52668,99.09866,Sentinel-1B,SAR,13.9,1.6,Raw,S2_002419.tif,4.3
2420,45,5,2020-06-09 17:36:14,28.79409,94.83578,28.89409,94.93578,28.89409,94.83578,28.79409,94.93578,Sentinel-1A,SAR,6.4,0.3,Preprocessed,S2_002420.tif,0.11
2421,55,7,2021-07-18 12:38:17,28.64014,94.15686,28.74014,94.25686,28.74014,94.15686,28.64014,94.25686,Sentinel-1B,SAR,20.5,55.1,Analysis Ready,S2_002421.tif,1.23
2422,39,4,2021-03-28 00:33:28,27.14692,91.23768,27.24692,91.33768,27.24692,91.23768,27.14692,91.33768,Sentinel-2A,Optical,25.2,81.1,Raw,S2_002422.tif,2.67
2423,2,1,2018-06-07 03:04:10,23.78888,90.89997,23.88888,90.99997,23.88888,90.89997,23.78888,90.99997,Sentinel-1A,SAR,26.8,48.1,Raw,S2_002423.tif,0.94
2424,5,1,2023-11-16 06:07:16,23.26886,95.19811,23.36886,95.29811,23.36886,95.19811,23.26886,95.29811,Sentinel-1B,SAR,19.1,90.9,Preprocessed,S2_002424.tif,2.75
2425,15,2,2020-01-25 00:37:14,26.6623,98.63636,26.7623,98.73636,26.7623,98.63636,26.6623,98.73636,Landsat-8,Optical,29.6,26.5,Analysis Ready,S2_002425.tif,0.26
2426,2,1,2021-07-24 19:02:16,23.55626,91.72017,23.65626,91.82017,23.65626,91.72017,23.55626,91.82017,Landsat-9,Optical,6.9,84.3,Raw,S2_002426.tif,2.78
2427,49,6,2021-01-17 14:29:38,29.19677,98.29427,29.29677,98.39427,29.29677,98.29427,29.19677,98.39427,Sentinel-1A,SAR,12.8,66.8,Preprocessed,S2_002427.tif,0.59
2428,12,1,2024-04-05 17:07:20,27.0073,98.26454,27.1073,98.36454,27.1073,98.26454,27.0073,98.36454,Sentinel-1A,SAR,16.3,30.0,Preprocessed,S2_002428.tif,3.46
2429,37,4,2023-06-07 03:53:14,26.87366,94.38413,26.97366,94.48413,26.97366,94.38413,26.87366,94.48413,Landsat-8,Optical,19.8,96.2,Raw,S2_002429.tif,1.33
2430,50,6,2021-11-20 08:24:07,23.83371,92.0252,23.93371,92.1252,23.93371,92.0252,23.83371,92.1252,Sentinel-2B,Optical,17.0,59.9,Preprocessed,S2_002430.tif,0.81
2431,55,7,2023-04-08 00:58:08,28.88338,94.26552,28.98338,94.36552,28.98338,94.26552,28.88338,94.36552,Landsat-9,Optical,19.9,91.0,Preprocessed,S2_002431.tif,3.01
2432,2,1,2024-08-15 01:39:46,24.43969,91.15465,24.53969,91.25465,24.53969,91.15465,24.43969,91.25465,Sentinel-2A,Optical,8.1,50.4,Preprocessed,S2_002432.tif,2.87
2433,39,4,2018-12-03 06:02:23,26.96894,90.90808,27.06894,91.00808,27.06894,90.90808,26.96894,91.00808,Landsat-9,Optical,26.0,78.6,Raw,S2_002433.tif,4.14
2434,16,2,2023-10-14 15:32:18,23.33224,90.49528,23.43224,90.59528,23.43224,90.49528,23.33224,90.59528,Landsat-8,Optical,16.8,13.0,Analysis Ready,S2_002434.tif,4.94
2435,25,3,2020-07-03 04:30:02,26.49142,97.17334,26.59142,97.27334,26.59142,97.17334,26.49142,97.27334,Sentinel-2B,Optical,5.0,89.4,Raw,S2_002435.tif,2.91
2436,41,5,2019-07-05 06:02:46,23.2623,94.64379,23.3623,94.74379,23.3623,94.64379,23.2623,94.74379,Landsat-9,Optical,7.4,74.8,Raw,S2_002436.tif,3.05
2437,57,7,2023-12-23 07:23:02,24.00915,92.77145,24.10915,92.87145,24.10915,92.77145,24.00915,92.87145,Sentinel-1A,SAR,21.7,35.2,Preprocessed,S2_002437.tif,4.29
2438,40,5,2021-01-18 12:32:10,28.4876,97.74258,28.5876,97.84258,28.5876,97.74258,28.4876,97.84258,Sentinel-2A,Optical,23.1,78.8,Preprocessed,S2_002438.tif,0.34
2439,50,6,2024-08-18 05:03:02,23.48572,92.86724,23.58572,92.96724,23.58572,92.86724,23.48572,92.96724,Landsat-9,Optical,5.7,11.5,Analysis Ready,S2_002439.tif,2.75
2440,27,3,2021-10-11 13:50:27,25.61293,90.34588,25.71293,90.44588,25.71293,90.34588,25.61293,90.44588,Sentinel-1B,SAR,13.9,77.9,Preprocessed,S2_002440.tif,2.33
2441,53,6,2023-05-23 15:22:22,28.43747,90.84483,28.53747,90.94483,28.53747,90.84483,28.43747,90.94483,Sentinel-2A,Optical,16.0,96.2,Analysis Ready,S2_002441.tif,3.51
2442,6,1,2024-04-16 05:39:03,26.1662,97.62053,26.2662,97.72053,26.2662,97.62053,26.1662,97.72053,Landsat-8,Optical,20.1,69.5,Raw,S2_002442.tif,0.04
2443,10,1,2020-04-21 00:33:52,24.15573,97.55131,24.25573,97.65131,24.25573,97.55131,24.15573,97.65131,Sentinel-1A,SAR,11.6,19.8,Analysis Ready,S2_002443.tif,0.38
2444,13,2,2020-07-04 17:15:26,25.84291,99.85898,25.94291,99.95898,25.94291,99.85898,25.84291,99.95898,Landsat-8,Optical,20.0,6.1,Raw,S2_002444.tif,0.56
2445,8,1,2018-05-14 13:05:45,24.67767,98.9556,24.77767,99.0556,24.77767,98.9556,24.67767,99.0556,Landsat-8,Optical,29.2,20.9,Raw,S2_002445.tif,4.95
2446,19,2,2023-12-02 17:25:46,24.53981,96.78099,24.63981,96.88099,24.63981,96.78099,24.53981,96.88099,Sentinel-2B,Optical,4.8,42.7,Raw,S2_002446.tif,4.0
2447,26,3,2023-06-02 22:51:49,24.24868,90.54401,24.34868,90.64401,24.34868,90.54401,24.24868,90.64401,Sentinel-1B,SAR,8.6,10.1,Preprocessed,S2_002447.tif,2.68
2448,30,3,2022-09-08 06:46:02,25.8252,92.43111,25.9252,92.53111,25.9252,92.43111,25.8252,92.53111,Landsat-9,Optical,13.5,92.1,Raw,S2_002448.tif,0.01
2449,34,4,2019-04-23 10:42:31,25.48461,97.86888,25.58461,97.96888,25.58461,97.86888,25.48461,97.96888,Sentinel-2A,Optical,26.4,64.2,Raw,S2_002449.tif,2.22
2450,60,8,2023-07-03 06:32:18,25.0933,95.79864,25.1933,95.89864,25.1933,95.79864,25.0933,95.89864,Landsat-8,Optical,6.9,7.5,Raw,S2_002450.tif,4.35
2451,6,1,2023-07-26 09:56:37,26.08844,97.0732,26.18844,97.1732,26.18844,97.0732,26.08844,97.1732,Landsat-9,Optical,28.1,54.6,Preprocessed,S2_002451.tif,4.12
2452,50,6,2024-12-29 07:38:47,24.39651,92.81628,24.49651,92.91628,24.49651,92.81628,24.39651,92.91628,Sentinel-1A,SAR,11.3,51.5,Preprocessed,S2_002452.tif,2.05
2453,61,8,2018-04-14 04:08:05,26.49113,90.19214,26.59113,90.29214,26.59113,90.19214,26.49113,90.29214,Sentinel-2A,Optical,24.8,60.4,Raw,S2_002453.tif,2.58
2454,60,8,2020-10-09 22:48:45,24.58523,96.01148,24.68523,96.11148,24.68523,96.01148,24.58523,96.11148,Sentinel-1B,SAR,17.1,84.9,Analysis Ready,S2_002454.tif,2.21
2455,52,6,2022-01-13 20:50:19,28.03845,99.85205,28.13845,99.95205,28.13845,99.85205,28.03845,99.95205,Sentinel-2A,Optical,24.8,89.0,Raw,S2_002455.tif,4.59
2456,8,1,2018-06-25 17:34:37,24.04769,98.28172,24.14769,98.38172,24.14769,98.28172,24.04769,98.38172,Sentinel-2B,Optical,8.2,79.5,Analysis Ready,S2_002456.tif,0.46
2457,46,5,2023-07-04 09:04:27,23.1387,97.8806,23.2387,97.9806,23.2387,97.8806,23.1387,97.9806,Sentinel-1B,SAR,8.1,91.6,Preprocessed,S2_002457.tif,3.7
2458,47,6,2020-05-12 05:23:54,29.95797,99.22019,30.05797,99.32019,30.05797,99.22019,29.95797,99.32019,Landsat-8,Optical,3.7,72.8,Raw,S2_002458.tif,1.88
2459,24,3,2019-01-17 04:49:30,24.43665,99.19983,24.53665,99.29983,24.53665,99.19983,24.43665,99.29983,Landsat-8,Optical,24.1,35.4,Raw,S2_002459.tif,4.67
2460,3,1,2023-12-09 20:16:34,27.60829,98.59967,27.70829,98.69967,27.70829,98.59967,27.60829,98.69967,Sentinel-1B,SAR,13.3,33.6,Preprocessed,S2_002460.tif,0.81
2461,58,7,2022-12-20 18:04:52,27.51148,94.65971,27.61148,94.75971,27.61148,94.65971,27.51148,94.75971,Sentinel-1A,SAR,3.3,52.6,Analysis Ready,S2_002461.tif,2.6
2462,31,3,2019-11-18 20:48:23,28.07033,95.03967,28.17033,95.13967,28.17033,95.03967,28.07033,95.13967,Sentinel-1B,SAR,20.4,63.5,Raw,S2_002462.tif,0.78
2463,32,3,2019-05-29 08:56:50,25.18284,95.68278,25.28284,95.78278,25.28284,95.68278,25.18284,95.78278,Sentinel-1B,SAR,13.9,63.5,Preprocessed,S2_002463.tif,1.49
2464,41,5,2021-09-05 20:13:39,22.45011,93.86363,22.55011,93.96363,22.55011,93.86363,22.45011,93.96363,Sentinel-2B,Optical,5.6,45.0,Analysis Ready,S2_002464.tif,0.98
2465,3,1,2022-12-03 13:52:19,27.8419,98.74841,27.9419,98.84841,27.9419,98.74841,27.8419,98.84841,Sentinel-1B,SAR,15.1,8.0,Analysis Ready,S2_002465.tif,2.29
2466,35,4,2024-04-11 14:46:08,23.42018,91.81619,23.52018,91.91619,23.52018,91.81619,23.42018,91.91619,Sentinel-2B,Optical,19.9,94.8,Analysis Ready,S2_002466.tif,2.76
2467,37,4,2018-12-29 08:52:18,26.60492,94.74914,26.70492,94.84914,26.70492,94.74914,26.60492,94.84914,Landsat-9,Optical,3.1,71.1,Raw,S2_002467.tif,3.92
2468,24,3,2018-03-11 16:13:46,23.97355,99.42002,24.07355,99.52002,24.07355,99.42002,23.97355,99.52002,Sentinel-2B,Optical,9.2,68.7,Raw,S2_002468.tif,2.32
2469,58,7,2020-05-26 18:05:32,26.72481,94.59935,26.82481,94.69935,26.82481,94.59935,26.72481,94.69935,Sentinel-2B,Optical,16.0,50.0,Analysis Ready,S2_002469.tif,3.19
2470,5,1,2024-11-04 16:07:17,23.96454,94.6088,24.06454,94.7088,24.06454,94.6088,23.96454,94.7088,RESOURCESAT-2,Optical,14.9,23.1,Analysis Ready,S2_002470.tif,3.82
2471,5,1,2021-09-22 04:08:33,23.3622,95.26859,23.4622,95.36859,23.4622,95.26859,23.3622,95.36859,Sentinel-1B,SAR,4.9,40.4,Analysis Ready,S2_002471.tif,2.1
2472,56,7,2019-02-21 14:16:28,29.58671,97.07999,29.68671,97.17999,29.68671,97.07999,29.58671,97.17999,Sentinel-2A,Optical,14.8,30.3,Preprocessed,S2_002472.tif,2.51
2473,53,6,2023-08-15 18:59:27,28.17328,90.85532,28.27328,90.95532,28.27328,90.85532,28.17328,90.95532,Landsat-8,Optical,5.8,15.4,Analysis Ready,S2_002473.tif,2.43
2474,29,3,2021-06-28 04:29:48,25.72601,98.52345,25.82601,98.62345,25.82601,98.52345,25.72601,98.62345,RESOURCESAT-2,Optical,12.7,76.4,Preprocessed,S2_002474.tif,4.23
2475,13,2,2024-04-07 11:26:20,26.74787,99.30876,26.84787,99.40876,26.84787,99.30876,26.74787,99.40876,Sentinel-1B,SAR,18.5,71.9,Preprocessed,S2_002475.tif,3.57
2476,52,6,2022-04-25 06:15:13,28.9884,100.27167,29.0884,100.37167,29.0884,100.27167,28.9884,100.37167,Landsat-9,Optical,27.3,29.8,Preprocessed,S2_002476.tif,4.44
2477,49,6,2019-11-21 08:44:02,29.35132,98.46354,29.45132,98.56354,29.45132,98.46354,29.35132,98.56354,Sentinel-1A,SAR,7.0,85.3,Analysis Ready,S2_002477.tif,0.71
2478,59,8,2024-09-11 08:55:22,25.52323,92.32732,25.62323,92.42732,25.62323,92.32732,25.52323,92.42732,Sentinel-2B,Optical,9.6,97.9,Analysis Ready,S2_002478.tif,4.09
2479,40,5,2023-04-13 04:23:36,27.97542,98.17815,28.07542,98.27815,28.07542,98.17815,27.97542,98.27815,Sentinel-2B,Optical,26.0,12.9,Preprocessed,S2_002479.tif,4.57
2480,37,4,2020-01-17 20:26:39,27.04198,94.51187,27.14198,94.61187,27.14198,94.51187,27.04198,94.61187,Landsat-9,Optical,26.0,15.5,Analysis Ready,S2_002480.tif,1.55
2481,17,2,2021-03-05 22:47:26,23.93005,92.67977,24.03005,92.77977,24.03005,92.67977,23.93005,92.77977,Sentinel-2A,Optical,4.5,81.4,Preprocessed,S2_002481.tif,1.91
2482,58,7,2022-01-05 19:22:02,27.23366,94.27695,27.33366,94.37695,27.33366,94.27695,27.23366,94.37695,Landsat-9,Optical,15.9,45.3,Raw,S2_002482.tif,2.16
2483,28,3,2023-01-18 07:01:52,29.2208,92.65537,29.3208,92.75537,29.3208,92.65537,29.2208,92.75537,Sentinel-2B,Optical,12.6,0.0,Raw,S2_002483.tif,3.57
2484,61,8,2021-11-14 10:45:32,26.54556,89.64608,26.64556,89.74608,26.64556,89.64608,26.54556,89.74608,Landsat-9,Optical,29.3,0.4,Raw,S2_002484.tif,1.08
2485,58,7,2019-10-11 23:48:00,27.61688,94.75329,27.71688,94.85329,27.71688,94.75329,27.61688,94.85329,Sentinel-2B,Optical,29.7,85.6,Raw,S2_002485.tif,4.73
2486,3,1,2020-10-09 12:15:34,26.91539,98.71323,27.01539,98.81323,27.01539,98.71323,26.91539,98.81323,Sentinel-1A,SAR,25.6,88.3,Analysis Ready,S2_002486.tif,3.07
2487,38,4,2020-04-29 23:00:02,29.71693,98.20192,29.81693,98.30192,29.81693,98.20192,29.71693,98.30192,Sentinel-1A,SAR,22.6,42.9,Preprocessed,S2_002487.tif,0.14
2488,49,6,2019-02-14 10:24:01,29.13174,98.57225,29.23174,98.67225,29.23174,98.57225,29.13174,98.67225,Sentinel-2A,Optical,10.3,91.6,Raw,S2_002488.tif,0.63
2489,40,5,2023-11-11 15:22:10,27.56848,97.92522,27.66848,98.02522,27.66848,97.92522,27.56848,98.02522,Landsat-8,Optical,28.0,47.3,Raw,S2_002489.tif,2.69
2490,53,6,2021-09-09 20:01:28,28.53178,91.01211,28.63178,91.11211,28.63178,91.01211,28.53178,91.11211,RESOURCESAT-2,Optical,29.6,0.1,Preprocessed,S2_002490.tif,4.56
2491,61,8,2019-04-18 17:49:24,27.0925,90.06487,27.1925,90.16487,27.1925,90.06487,27.0925,90.16487,RESOURCESAT-2,Optical,10.3,91.6,Preprocessed,S2_002491.tif,4.39
2492,51,6,2022-10-06 02:52:34,29.71316,91.27457,29.81316,91.37457,29.81316,91.27457,29.71316,91.37457,Landsat-9,Optical,26.4,87.4,Analysis Ready,S2_002492.tif,4.02
2493,29,3,2022-08-25 07:04:10,25.72876,98.7883,25.82876,98.8883,25.82876,98.7883,25.72876,98.8883,RESOURCESAT-2,Optical,22.9,78.6,Raw,S2_002493.tif,2.93
2494,61,8,2018-06-05 05:42:30,26.27951,89.95292,26.37951,90.05292,26.37951,89.95292,26.27951,90.05292,Landsat-9,Optical,16.3,72.9,Raw,S2_002494.tif,3.86
2495,1,1,2019-09-12 08:58:11,27.11431,90.09496,27.21431,90.19496,27.21431,90.09496,27.11431,90.19496,Landsat-9,Optical,8.6,98.5,Preprocessed,S2_002495.tif,3.43
2496,43,5,2019-07-06 20:22:32,30.13192,97.38177,30.23192,97.48177,30.23192,97.38177,30.13192,97.48177,Sentinel-1B,SAR,14.5,43.5,Preprocessed,S2_002496.tif,3.16
2497,3,1,2024-12-20 23:55:11,27.1511,98.50713,27.2511,98.60713,27.2511,98.50713,27.1511,98.60713,Sentinel-1A,SAR,29.8,79.7,Analysis Ready,S2_002497.tif,3.29
2498,27,3,2022-07-04 16:21:54,25.53664,90.35648,25.63664,90.45648,25.63664,90.35648,25.53664,90.45648,Landsat-9,Optical,8.9,33.5,Raw,S2_002498.tif,3.39
2499,51,6,2019-11-05 09:09:39,29.42964,90.60671,29.52964,90.70671,29.52964,90.60671,29.42964,90.70671,Landsat-8,Optical,20.8,29.1,Preprocessed,S2_002499.tif,4.15
2500,43,5,2021-06-23 16:34:15,29.30846,97.50157,29.40846,97.60157,29.40846,97.50157,29.30846,97.60157,Sentinel-1A,SAR,7.2,36.8,Preprocessed,S2_002500.tif,4.13
2501,51,6,2019-05-31 18:55:47,30.05057,91.24356,30.15057,91.34356,30.15057,91.24356,30.05057,91.34356,Sentinel-2B,Optical,25.2,13.3,Analysis Ready,S2_002501.tif,2.36
2502,30,3,2020-11-21 06:40:43,25.21665,92.18612,25.31665,92.28612,25.31665,92.18612,25.21665,92.28612,Sentinel-2A,Optical,3.5,51.2,Raw,S2_002502.tif,3.15
2503,7,1,2018-07-01 00:11:51,26.01165,91.93176,26.11165,92.03176,26.11165,91.93176,26.01165,92.03176,Sentinel-1A,SAR,9.3,55.3,Preprocessed,S2_002503.tif,1.68
2504,11,1,2024-02-26 06:22:52,22.34045,90.76882,22.44045,90.86882,22.44045,90.76882,22.34045,90.86882,Sentinel-1B,SAR,3.3,97.3,Preprocessed,S2_002504.tif,4.0
2505,35,4,2021-01-01 13:10:16,23.54571,92.05999,23.64571,92.15999,23.64571,92.05999,23.54571,92.15999,Landsat-8,Optical,10.2,39.6,Raw,S2_002505.tif,1.6
2506,42,5,2019-02-18 09:52:36,22.51091,96.94357,22.61091,97.04357,22.61091,96.94357,22.51091,97.04357,Landsat-9,Optical,12.1,11.6,Raw,S2_002506.tif,0.3
2507,8,1,2021-04-15 21:08:29,23.88883,98.52029,23.98883,98.62029,23.98883,98.52029,23.88883,98.62029,Sentinel-2B,Optical,5.8,70.5,Preprocessed,S2_002507.tif,4.17
2508,16,2,2019-03-03 00:40:59,23.45664,90.67459,23.55664,90.77459,23.55664,90.67459,23.45664,90.77459,Landsat-8,Optical,26.6,23.7,Preprocessed,S2_002508.tif,0.32
2509,36,4,2021-11-17 14:18:44,25.04155,90.41979,25.14155,90.51979,25.14155,90.41979,25.04155,90.51979,Landsat-8,Optical,21.5,55.9,Analysis Ready,S2_002509.tif,1.21
2510,22,2,2018-01-10 14:57:20,22.50965,96.69688,22.60965,96.79688,22.60965,96.69688,22.50965,96.79688,RESOURCESAT-2,Optical,8.3,22.2,Analysis Ready,S2_002510.tif,4.07
2511,32,3,2018-05-04 12:07:31,25.13832,95.64447,25.23832,95.74447,25.23832,95.64447,25.13832,95.74447,Sentinel-2B,Optical,19.9,62.5,Raw,S2_002511.tif,2.76
2512,48,6,2019-09-18 13:37:41,26.46774,94.55636,26.56774,94.65636,26.56774,94.55636,26.46774,94.65636,Sentinel-2B,Optical,25.4,70.2,Analysis Ready,S2_002512.tif,4.72
2513,7,1,2024-08-23 07:01:05,26.22955,91.91471,26.32955,92.01471,26.32955,91.91471,26.22955,92.01471,Sentinel-2A,Optical,10.3,18.7,Analysis Ready,S2_002513.tif,3.1
2514,35,4,2018-12-17 22:14:15,23.55482,91.90609,23.65482,92.00609,23.65482,91.90609,23.55482,92.00609,Sentinel-1B,SAR,26.3,17.2,Analysis Ready,S2_002514.tif,4.44
2515,19,2,2022-04-23 11:53:19,23.73116,96.75316,23.83116,96.85316,23.83116,96.75316,23.73116,96.85316,RESOURCESAT-2,Optical,7.0,27.4,Preprocessed,S2_002515.tif,4.63
2516,5,1,2018-09-10 14:09:45,23.45089,94.63146,23.55089,94.73146,23.55089,94.63146,23.45089,94.73146,RESOURCESAT-2,Optical,28.4,68.3,Raw,S2_002516.tif,2.15
2517,32,3,2023-02-17 02:23:23,25.22474,95.90153,25.32474,96.00153,25.32474,95.90153,25.22474,96.00153,Sentinel-2B,Optical,19.8,21.2,Raw,S2_002517.tif,4.75
2518,36,4,2018-08-10 07:58:08,25.2364,91.0548,25.3364,91.1548,25.3364,91.0548,25.2364,91.1548,Sentinel-2A,Optical,9.1,33.9,Preprocessed,S2_002518.tif,0.84
2519,19,2,2022-03-22 14:10:42,24.09119,96.31493,24.19119,96.41493,24.19119,96.31493,24.09119,96.41493,Sentinel-1A,SAR,29.8,86.7,Analysis Ready,S2_002519.tif,0.76
2520,62,8,2018-10-13 14:28:58,26.92246,92.68373,27.02246,92.78373,27.02246,92.68373,26.92246,92.78373,Sentinel-2B,Optical,11.4,55.4,Raw,S2_002520.tif,0.6
2521,46,5,2020-06-24 07:57:43,23.70478,97.19184,23.80478,97.29184,23.80478,97.19184,23.70478,97.29184,Landsat-9,Optical,10.8,56.8,Preprocessed,S2_002521.tif,0.81
2522,51,6,2021-11-03 11:50:01,30.06673,91.0603,30.16673,91.1603,30.16673,91.0603,30.06673,91.1603,Sentinel-1B,SAR,4.7,56.8,Analysis Ready,S2_002522.tif,3.26
2523,54,6,2018-01-23 17:56:16,29.80585,91.46008,29.90585,91.56008,29.90585,91.46008,29.80585,91.56008,Sentinel-2B,Optical,29.5,43.8,Raw,S2_002523.tif,4.11
2524,58,7,2021-08-19 14:02:36,27.40585,94.45,27.50585,94.55,27.50585,94.45,27.40585,94.55,RESOURCESAT-2,Optical,9.8,9.6,Preprocessed,S2_002524.tif,4.61
2525,13,2,2021-02-20 19:22:53,25.93755,99.57575,26.03755,99.67575,26.03755,99.57575,25.93755,99.67575,Landsat-8,Optical,11.5,48.8,Raw,S2_002525.tif,3.39
2526,55,7,2022-04-22 19:48:01,28.8453,94.26833,28.9453,94.36833,28.9453,94.26833,28.8453,94.36833,Sentinel-2A,Optical,23.2,94.0,Raw,S2_002526.tif,0.93
2527,57,7,2024-03-12 10:09:27,23.88222,93.33351,23.98222,93.43351,23.98222,93.33351,23.88222,93.43351,Sentinel-1A,SAR,5.2,83.7,Analysis Ready,S2_002527.tif,0.86
2528,22,2,2024-12-21 19:50:26,22.0844,95.86304,22.1844,95.96304,22.1844,95.86304,22.0844,95.96304,Sentinel-1B,SAR,27.0,47.3,Analysis Ready,S2_002528.tif,4.73
2529,48,6,2021-02-26 03:33:18,26.7193,94.47492,26.8193,94.57492,26.8193,94.47492,26.7193,94.57492,Sentinel-2A,Optical,10.4,43.5,Raw,S2_002529.tif,3.11
2530,55,7,2023-01-30 10:13:12,28.87759,94.17745,28.97759,94.27745,28.97759,94.17745,28.87759,94.27745,Sentinel-2B,Optical,4.0,40.1,Raw,S2_002530.tif,3.21
2531,47,6,2018-02-15 01:49:07,29.52171,99.48653,29.62171,99.58653,29.62171,99.48653,29.52171,99.58653,Landsat-9,Optical,18.8,51.1,Raw,S2_002531.tif,2.01
2532,2,1,2019-04-06 12:18:44,23.49972,91.60469,23.59972,91.70469,23.59972,91.60469,23.49972,91.70469,Sentinel-2B,Optical,26.0,74.1,Analysis Ready,S2_002532.tif,4.48
2533,55,7,2021-10-08 21:14:06,29.24853,94.13097,29.34853,94.23097,29.34853,94.13097,29.24853,94.23097,RESOURCESAT-2,Optical,8.2,61.7,Analysis Ready,S2_002533.tif,4.66
2534,7,1,2020-08-04 02:29:02,26.70616,92.13466,26.80616,92.23466,26.80616,92.13466,26.70616,92.23466,Sentinel-1A,SAR,4.7,11.7,Analysis Ready,S2_002534.tif,1.27
2535,47,6,2023-03-04 15:30:12,29.33607,99.07875,29.43607,99.17875,29.43607,99.07875,29.33607,99.17875,Sentinel-1B,SAR,3.4,6.1,Analysis Ready,S2_002535.tif,4.81
2536,21,2,2021-07-14 06:40:47,24.35229,98.91473,24.45229,99.01473,24.45229,98.91473,24.35229,99.01473,RESOURCESAT-2,Optical,13.5,17.4,Analysis Ready,S2_002536.tif,2.93
2537,15,2,2024-12-30 06:09:46,27.35359,98.83406,27.45359,98.93406,27.45359,98.83406,27.35359,98.93406,RESOURCESAT-2,Optical,4.3,43.1,Preprocessed,S2_002537.tif,1.88
2538,1,1,2023-08-05 13:16:27,26.64203,90.57339,26.74203,90.67339,26.74203,90.57339,26.64203,90.67339,Landsat-9,Optical,4.0,92.9,Analysis Ready,S2_002538.tif,0.98
2539,47,6,2022-04-26 18:44:58,29.31662,98.88662,29.41662,98.98662,29.41662,98.88662,29.31662,98.98662,Sentinel-2B,Optical,6.5,87.6,Raw,S2_002539.tif,0.92
2540,23,3,2019-12-06 05:01:23,27.78502,91.33482,27.88502,91.43482,27.88502,91.33482,27.78502,91.43482,Sentinel-2A,Optical,11.9,69.1,Preprocessed,S2_002540.tif,4.69
2541,28,3,2021-01-13 06:03:43,28.65802,93.13073,28.75802,93.23073,28.75802,93.13073,28.65802,93.23073,RESOURCESAT-2,Optical,15.4,52.8,Analysis Ready,S2_002541.tif,4.69
2542,30,3,2018-09-03 08:08:20,25.30742,92.51874,25.40742,92.61874,25.40742,92.51874,25.30742,92.61874,Landsat-8,Optical,10.6,54.6,Preprocessed,S2_002542.tif,3.11
2543,24,3,2020-06-27 23:31:18,24.16366,99.2303,24.26366,99.3303,24.26366,99.2303,24.16366,99.3303,Landsat-8,Optical,4.1,31.3,Preprocessed,S2_002543.tif,2.65
2544,49,6,2018-04-08 20:10:53,29.25842,98.9259,29.35842,99.0259,29.35842,98.9259,29.25842,99.0259,Sentinel-2B,Optical,8.6,51.1,Preprocessed,S2_002544.tif,4.35
2545,49,6,2019-03-22 18:49:09,29.16794,99.0881,29.26794,99.1881,29.26794,99.0881,29.16794,99.1881,Landsat-9,Optical,9.5,70.3,Preprocessed,S2_002545.tif,3.41
2546,35,4,2024-10-05 11:42:18,23.29668,91.61958,23.39668,91.71958,23.39668,91.61958,23.29668,91.71958,Sentinel-1A,SAR,6.6,6.8,Preprocessed,S2_002546.tif,3.78
2547,48,6,2023-10-12 03:46:44,27.00986,95.30704,27.10986,95.40704,27.10986,95.30704,27.00986,95.40704,Landsat-9,Optical,13.0,65.0,Preprocessed,S2_002547.tif,1.18
2548,49,6,2022-09-12 03:32:48,29.39647,98.4001,29.49647,98.5001,29.49647,98.4001,29.39647,98.5001,Sentinel-2A,Optical,18.4,54.2,Analysis Ready,S2_002548.tif,4.11
2549,25,3,2018-07-09 14:08:46,26.62704,97.32204,26.72704,97.42204,26.72704,97.32204,26.62704,97.42204,Landsat-8,Optical,17.3,16.9,Raw,S2_002549.tif,1.9
2550,12,1,2021-04-12 18:52:39,26.57249,97.7222,26.67249,97.8222,26.67249,97.7222,26.57249,97.8222,Sentinel-1B,SAR,25.2,31.7,Preprocessed,S2_002550.tif,4.32
2551,59,8,2023-02-15 07:51:25,25.904,92.21121,26.004,92.31121,26.004,92.21121,25.904,92.31121,Sentinel-1B,SAR,13.5,81.3,Preprocessed,S2_002551.tif,2.02
2552,19,2,2019-04-30 18:17:13,24.34206,96.19507,24.44206,96.29507,24.44206,96.19507,24.34206,96.29507,Sentinel-2A,Optical,7.8,41.8,Analysis Ready,S2_002552.tif,3.99
2553,12,1,2018-10-12 17:13:42,26.94617,97.77871,27.04617,97.87871,27.04617,97.77871,26.94617,97.87871,Landsat-9,Optical,23.8,88.6,Analysis Ready,S2_002553.tif,3.1
2554,50,6,2020-05-26 22:25:31,23.77938,92.60645,23.87938,92.70645,23.87938,92.60645,23.77938,92.70645,Sentinel-2B,Optical,17.7,37.3,Preprocessed,S2_002554.tif,4.71
2555,22,2,2019-09-19 23:32:16,22.70679,95.96364,22.80679,96.06364,22.80679,95.96364,22.70679,96.06364,Sentinel-1B,SAR,20.8,20.7,Raw,S2_002555.tif,0.91
2556,16,2,2022-07-19 17:28:47,23.38186,90.74958,23.48186,90.84958,23.48186,90.74958,23.38186,90.84958,Landsat-8,Optical,29.1,50.9,Preprocessed,S2_002556.tif,3.45
2557,49,6,2019-09-20 10:58:34,29.19327,98.33372,29.29327,98.43372,29.29327,98.33372,29.19327,98.43372,RESOURCESAT-2,Optical,9.2,54.6,Raw,S2_002557.tif,4.81
2558,51,6,2020-09-30 23:41:11,29.60522,91.08919,29.70522,91.18919,29.70522,91.08919,29.60522,91.18919,Sentinel-2B,Optical,17.5,13.5,Raw,S2_002558.tif,0.0
2559,12,1,2023-07-22 02:02:53,26.49117,98.46581,26.59117,98.56581,26.59117,98.46581,26.49117,98.56581,Sentinel-1B,SAR,4.2,13.4,Analysis Ready,S2_002559.tif,1.22
2560,4,1,2024-06-06 21:53:53,27.09296,90.64005,27.19296,90.74005,27.19296,90.64005,27.09296,90.74005,Sentinel-2B,Optical,3.8,57.8,Raw,S2_002560.tif,0.66
2561,21,2,2024-12-18 23:34:12,24.55748,98.94792,24.65748,99.04792,24.65748,98.94792,24.55748,99.04792,Landsat-8,Optical,23.2,61.0,Preprocessed,S2_002561.tif,1.83
2562,15,2,2020-01-02 06:54:28,26.95306,98.67196,27.05306,98.77196,27.05306,98.67196,26.95306,98.77196,Sentinel-1A,SAR,16.5,94.7,Preprocessed,S2_002562.tif,1.57
2563,13,2,2021-10-05 19:26:33,26.3735,99.79548,26.4735,99.89548,26.4735,99.79548,26.3735,99.89548,Sentinel-1B,SAR,10.8,29.4,Analysis Ready,S2_002563.tif,0.5
2564,22,2,2024-08-26 21:20:46,22.53892,96.11474,22.63892,96.21474,22.63892,96.11474,22.53892,96.21474,RESOURCESAT-2,Optical,19.3,73.7,Raw,S2_002564.tif,2.4
2565,2,1,2021-06-18 11:32:42,24.11808,91.32218,24.21808,91.42218,24.21808,91.32218,24.11808,91.42218,Sentinel-1B,SAR,17.9,23.0,Raw,S2_002565.tif,1.35
2566,9,1,2022-07-22 19:04:02,27.35094,93.15023,27.45094,93.25023,27.45094,93.15023,27.35094,93.25023,Sentinel-2B,Optical,20.8,42.0,Analysis Ready,S2_002566.tif,2.64
2567,11,1,2023-03-19 08:59:38,22.83842,90.61865,22.93842,90.71865,22.93842,90.61865,22.83842,90.71865,Sentinel-2B,Optical,28.9,95.9,Analysis Ready,S2_002567.tif,4.31
2568,14,2,2023-06-25 12:26:14,22.7206,93.38815,22.8206,93.48815,22.8206,93.38815,22.7206,93.48815,RESOURCESAT-2,Optical,20.2,29.9,Analysis Ready,S2_002568.tif,0.98
2569,37,4,2018-09-03 17:24:55,27.20131,94.49402,27.30131,94.59402,27.30131,94.49402,27.20131,94.59402,Landsat-9,Optical,16.2,63.1,Preprocessed,S2_002569.tif,4.32
2570,45,5,2021-04-04 04:24:36,29.05168,95.1975,29.15168,95.2975,29.15168,95.1975,29.05168,95.2975,Sentinel-2B,Optical,5.6,12.2,Preprocessed,S2_002570.tif,0.13
2571,40,5,2021-05-12 23:38:15,28.40452,97.7704,28.50452,97.8704,28.50452,97.7704,28.40452,97.8704,Sentinel-1B,SAR,20.0,59.2,Preprocessed,S2_002571.tif,0.44
2572,31,3,2023-11-27 14:15:08,27.5681,94.90383,27.6681,95.00383,27.6681,94.90383,27.5681,95.00383,Landsat-8,Optical,11.6,50.7,Raw,S2_002572.tif,1.64
2573,32,3,2020-12-12 16:20:54,25.29245,95.43176,25.39245,95.53176,25.39245,95.43176,25.29245,95.53176,Sentinel-2B,Optical,20.1,79.7,Preprocessed,S2_002573.tif,2.23
2574,48,6,2022-09-30 06:57:43,26.93442,94.41189,27.03442,94.51189,27.03442,94.41189,26.93442,94.51189,RESOURCESAT-2,Optical,5.7,45.1,Analysis Ready,S2_002574.tif,2.2
2575,53,6,2018-04-23 17:48:51,28.16118,91.22464,28.26118,91.32464,28.26118,91.22464,28.16118,91.32464,Landsat-8,Optical,17.9,9.5,Raw,S2_002575.tif,1.92
2576,16,2,2024-05-05 12:12:11,24.0027,90.62457,24.1027,90.72457,24.1027,90.62457,24.0027,90.72457,Sentinel-2B,Optical,11.0,77.0,Preprocessed,S2_002576.tif,4.08
2577,26,3,2024-05-02 15:08:32,24.17595,90.3022,24.27595,90.4022,24.27595,90.3022,24.17595,90.4022,Sentinel-1A,SAR,18.9,75.8,Raw,S2_002577.tif,2.97
2578,26,3,2024-07-27 22:02:09,23.60335,90.32664,23.70335,90.42664,23.70335,90.32664,23.60335,90.42664,Sentinel-1A,SAR,14.7,25.7,Analysis Ready,S2_002578.tif,3.66
2579,27,3,2019-06-16 10:00:52,25.23783,90.59536,25.33783,90.69536,25.33783,90.59536,25.23783,90.69536,Sentinel-2A,Optical,10.0,78.9,Raw,S2_002579.tif,4.13
2580,32,3,2018-02-10 12:26:58,25.65131,96.32513,25.75131,96.42513,25.75131,96.32513,25.65131,96.42513,Sentinel-2A,Optical,26.8,61.6,Preprocessed,S2_002580.tif,4.72
2581,29,3,2020-05-03 02:06:08,25.61341,98.41944,25.71341,98.51944,25.71341,98.41944,25.61341,98.51944,Sentinel-1A,SAR,7.6,8.8,Raw,S2_002581.tif,4.67
2582,4,1,2022-12-31 08:14:50,26.74133,90.06981,26.84133,90.16981,26.84133,90.06981,26.74133,90.16981,RESOURCESAT-2,Optical,23.3,44.7,Analysis Ready,S2_002582.tif,4.39
2583,37,4,2021-08-21 15:01:46,26.61479,94.69699,26.71479,94.79699,26.71479,94.69699,26.61479,94.79699,Landsat-8,Optical,17.5,17.9,Analysis Ready,S2_002583.tif,2.2
2584,54,6,2024-07-17 05:08:50,29.08663,91.72596,29.18663,91.82596,29.18663,91.72596,29.08663,91.82596,Landsat-9,Optical,19.1,32.5,Raw,S2_002584.tif,3.28
2585,10,1,2019-04-01 23:32:07,23.38524,97.34429,23.48524,97.44429,23.48524,97.34429,23.38524,97.44429,Sentinel-2A,Optical,25.2,37.9,Raw,S2_002585.tif,3.22
2586,52,6,2021-11-25 01:16:55,28.38989,99.28299,28.48989,99.38299,28.48989,99.28299,28.38989,99.38299,RESOURCESAT-2,Optical,13.3,90.4,Raw,S2_002586.tif,3.08
2587,22,2,2019-12-02 01:40:50,22.4713,96.06987,22.5713,96.16987,22.5713,96.06987,22.4713,96.16987,Landsat-9,Optical,27.5,57.9,Raw,S2_002587.tif,4.46
2588,62,8,2021-05-26 08:10:18,27.13633,92.49107,27.23633,92.59107,27.23633,92.49107,27.13633,92.59107,Sentinel-1B,SAR,16.9,75.6,Raw,S2_002588.tif,4.22
2589,57,7,2019-01-01 12:22:02,23.65956,92.92588,23.75956,93.02588,23.75956,92.92588,23.65956,93.02588,Sentinel-2B,Optical,9.1,30.8,Raw,S2_002589.tif,0.15
2590,50,6,2020-07-13 08:46:00,23.65336,92.89346,23.75336,92.99346,23.75336,92.89346,23.65336,92.99346,Sentinel-2B,Optical,25.6,37.8,Analysis Ready,S2_002590.tif,0.5
2591,10,1,2024-07-29 01:40:20,23.42032,97.40941,23.52032,97.50941,23.52032,97.40941,23.42032,97.50941,Sentinel-1B,SAR,24.8,3.0,Raw,S2_002591.tif,3.49
2592,42,5,2019-06-06 00:56:54,21.78505,97.23606,21.88505,97.33606,21.88505,97.23606,21.78505,97.33606,Sentinel-2B,Optical,20.8,36.1,Raw,S2_002592.tif,2.64
2593,48,6,2020-06-04 06:52:01,26.36778,94.62553,26.46778,94.72553,26.46778,94.62553,26.36778,94.72553,Landsat-8,Optical,29.1,23.4,Raw,S2_002593.tif,4.21
2594,62,8,2020-03-17 22:17:39,27.05942,91.8857,27.15942,91.9857,27.15942,91.8857,27.05942,91.9857,Landsat-8,Optical,17.3,66.9,Preprocessed,S2_002594.tif,3.92
2595,26,3,2024-10-17 19:13:53,24.09042,90.37668,24.19042,90.47668,24.19042,90.37668,24.09042,90.47668,RESOURCESAT-2,Optical,11.5,63.2,Raw,S2_002595.tif,1.2
2596,40,5,2023-07-01 10:26:43,27.96797,97.33147,28.06797,97.43147,28.06797,97.33147,27.96797,97.43147,Landsat-8,Optical,25.8,96.3,Analysis Ready,S2_002596.tif,2.78
2597,55,7,2022-01-13 15:48:17,28.69311,94.4558,28.79311,94.5558,28.79311,94.4558,28.69311,94.5558,Sentinel-1B,SAR,13.6,30.0,Analysis Ready,S2_002597.tif,2.2
2598,48,6,2023-07-02 05:29:54,27.13643,94.79302,27.23643,94.89302,27.23643,94.79302,27.13643,94.89302,Sentinel-2A,Optical,24.8,5.5,Raw,S2_002598.tif,4.16
2599,12,1,2024-03-13 12:32:44,27.08271,98.43305,27.18271,98.53305,27.18271,98.43305,27.08271,98.53305,Landsat-8,Optical,16.6,41.4,Preprocessed,S2_002599.tif,3.47
2600,51,6,2022-02-19 09:26:13,29.92034,90.81221,30.02034,90.91221,30.02034,90.81221,29.92034,90.91221,Landsat-8,Optical,4.0,2.1,Analysis Ready,S2_002600.tif,0.36
2601,35,4,2021-02-28 06:53:32,23.44467,91.1235,23.54467,91.2235,23.54467,91.1235,23.44467,91.2235,Landsat-8,Optical,9.7,51.4,Raw,S2_002601.tif,0.18
2602,25,3,2018-09-24 14:52:06,26.85263,97.16743,26.95263,97.26743,26.95263,97.16743,26.85263,97.26743,Sentinel-1A,SAR,29.6,45.0,Preprocessed,S2_002602.tif,3.69
2603,52,6,2023-08-09 08:26:31,28.65261,99.47252,28.75261,99.57252,28.75261,99.47252,28.65261,99.57252,Sentinel-1A,SAR,13.4,1.0,Raw,S2_002603.tif,1.55
2604,39,4,2018-10-08 01:15:02,27.39064,90.6729,27.49064,90.7729,27.49064,90.6729,27.39064,90.7729,Landsat-9,Optical,23.9,97.0,Preprocessed,S2_002604.tif,1.6
2605,52,6,2024-10-27 01:24:16,28.81424,99.62631,28.91424,99.72631,28.91424,99.62631,28.81424,99.72631,Landsat-9,Optical,11.4,48.7,Analysis Ready,S2_002605.tif,2.46
2606,33,4,2021-07-12 09:28:59,24.11484,100.40203,24.21484,100.50203,24.21484,100.40203,24.11484,100.50203,Landsat-9,Optical,22.3,98.0,Raw,S2_002606.tif,0.44
2607,3,1,2022-12-17 16:33:30,27.22561,98.91646,27.32561,99.01646,27.32561,98.91646,27.22561,99.01646,Landsat-9,Optical,6.2,47.5,Analysis Ready,S2_002607.tif,1.39
2608,62,8,2018-03-11 09:09:13,27.2347,92.31795,27.3347,92.41795,27.3347,92.31795,27.2347,92.41795,Sentinel-2A,Optical,18.8,71.8,Preprocessed,S2_002608.tif,4.37
2609,26,3,2018-09-21 06:29:48,23.68815,89.99515,23.78815,90.09515,23.78815,89.99515,23.68815,90.09515,RESOURCESAT-2,Optical,28.3,2.5,Preprocessed,S2_002609.tif,4.05
2610,33,4,2023-08-30 09:40:50,23.58712,100.32963,23.68712,100.42963,23.68712,100.32963,23.58712,100.42963,Landsat-8,Optical,14.4,96.3,Raw,S2_002610.tif,3.84
2611,59,8,2022-07-16 10:32:38,26.07759,92.6915,26.17759,92.7915,26.17759,92.6915,26.07759,92.7915,Sentinel-1A,SAR,21.5,3.8,Raw,S2_002611.tif,2.94
2612,40,5,2020-04-14 15:59:36,27.9107,97.61003,28.0107,97.71003,28.0107,97.61003,27.9107,97.71003,Sentinel-2B,Optical,28.0,92.1,Preprocessed,S2_002612.tif,2.75
2613,47,6,2022-07-12 10:45:46,29.56748,99.64101,29.66748,99.74101,29.66748,99.64101,29.56748,99.74101,Sentinel-2A,Optical,20.2,36.7,Preprocessed,S2_002613.tif,4.33
2614,27,3,2021-12-22 06:18:05,25.34346,91.06835,25.44346,91.16835,25.44346,91.06835,25.34346,91.16835,Sentinel-1A,SAR,8.3,33.0,Raw,S2_002614.tif,3.4
2615,30,3,2022-03-23 22:26:21,25.62962,93.12494,25.72962,93.22494,25.72962,93.12494,25.62962,93.22494,Sentinel-1A,SAR,12.2,43.8,Raw,S2_002615.tif,2.9
2616,39,4,2022-07-08 01:40:01,27.89203,91.43846,27.99203,91.53846,27.99203,91.43846,27.89203,91.53846,Sentinel-1A,SAR,5.3,31.3,Preprocessed,S2_002616.tif,1.01
2617,56,7,2022-09-15 04:37:33,29.67393,97.83802,29.77393,97.93802,29.77393,97.83802,29.67393,97.93802,Sentinel-1A,SAR,25.5,98.2,Raw,S2_002617.tif,1.07
2618,11,1,2020-01-24 00:00:21,23.21428,90.76622,23.31428,90.86622,23.31428,90.76622,23.21428,90.86622,Sentinel-2B,Optical,20.5,48.0,Raw,S2_002618.tif,3.31
2619,30,3,2019-09-06 03:47:16,25.25836,92.71093,25.35836,92.81093,25.35836,92.71093,25.25836,92.81093,Landsat-8,Optical,8.9,80.6,Analysis Ready,S2_002619.tif,2.69
2620,31,3,2021-08-06 12:58:15,28.43015,95.19133,28.53015,95.29133,28.53015,95.19133,28.43015,95.29133,Sentinel-1A,SAR,3.4,19.8,Raw,S2_002620.tif,2.36
2621,46,5,2024-08-06 07:42:02,22.76137,97.84584,22.86137,97.94584,22.86137,97.84584,22.76137,97.94584,Landsat-9,Optical,12.2,73.1,Raw,S2_002621.tif,2.57
2622,9,1,2020-02-02 16:24:48,27.62766,93.52514,27.72766,93.62514,27.72766,93.52514,27.62766,93.62514,Sentinel-1A,SAR,25.0,34.9,Analysis Ready,S2_002622.tif,4.67
2623,17,2,2019-08-24 16:31:28,23.54863,93.16449,23.64863,93.26449,23.64863,93.16449,23.54863,93.26449,Sentinel-1A,SAR,26.0,84.8,Preprocessed,S2_002623.tif,3.69
2624,51,6,2021-02-05 14:43:38,29.23665,90.93727,29.33665,91.03727,29.33665,90.93727,29.23665,91.03727,RESOURCESAT-2,Optical,28.4,51.7,Analysis Ready,S2_002624.tif,3.9
2625,61,8,2021-09-29 04:24:16,27.05168,89.78916,27.15168,89.88916,27.15168,89.78916,27.05168,89.88916,Sentinel-2B,Optical,29.5,84.7,Preprocessed,S2_002625.tif,0.97
2626,42,5,2023-09-23 07:32:36,22.18816,97.48987,22.28816,97.58987,22.28816,97.48987,22.18816,97.58987,RESOURCESAT-2,Optical,18.1,51.8,Analysis Ready,S2_002626.tif,0.18
2627,13,2,2020-12-18 00:29:34,26.6593,100.09293,26.7593,100.19293,26.7593,100.09293,26.6593,100.19293,Sentinel-2B,Optical,18.3,64.8,Analysis Ready,S2_002627.tif,1.09
2628,41,5,2024-04-30 04:44:22,23.16035,94.30471,23.26035,94.40471,23.26035,94.30471,23.16035,94.40471,Sentinel-2A,Optical,13.0,63.4,Preprocessed,S2_002628.tif,2.16
2629,3,1,2022-03-08 19:09:44,27.42066,98.64744,27.52066,98.74744,27.52066,98.64744,27.42066,98.74744,Sentinel-1B,SAR,22.0,31.8,Analysis Ready,S2_002629.tif,3.3
2630,29,3,2024-08-13 00:05:48,26.45534,99.32285,26.55534,99.42285,26.55534,99.32285,26.45534,99.42285,Sentinel-2A,Optical,28.5,18.0,Analysis Ready,S2_002630.tif,0.29
2631,25,3,2023-06-08 06:31:05,26.32266,97.08298,26.42266,97.18298,26.42266,97.08298,26.32266,97.18298,Sentinel-1A,SAR,27.9,25.9,Preprocessed,S2_002631.tif,4.43
2632,6,1,2021-10-06 02:49:44,26.63102,97.01297,26.73102,97.11297,26.73102,97.01297,26.63102,97.11297,RESOURCESAT-2,Optical,25.5,81.0,Analysis Ready,S2_002632.tif,2.08
2633,40,5,2018-03-26 15:24:22,28.06719,98.11367,28.16719,98.21367,28.16719,98.11367,28.06719,98.21367,Landsat-8,Optical,7.0,35.5,Raw,S2_002633.tif,4.1
2634,4,1,2018-08-06 14:49:33,26.57852,90.11857,26.67852,90.21857,26.67852,90.11857,26.57852,90.21857,Sentinel-1A,SAR,5.8,6.1,Preprocessed,S2_002634.tif,0.27
2635,56,7,2018-05-15 17:15:09,29.8205,97.38706,29.9205,97.48706,29.9205,97.38706,29.8205,97.48706,RESOURCESAT-2,Optical,28.2,55.1,Raw,S2_002635.tif,4.55
2636,43,5,2021-09-13 13:30:18,30.10501,97.15896,30.20501,97.25896,30.20501,97.15896,30.10501,97.25896,Sentinel-2A,Optical,29.6,10.2,Raw,S2_002636.tif,3.27
2637,52,6,2021-03-09 17:56:41,28.87399,100.18816,28.97399,100.28816,28.97399,100.18816,28.87399,100.28816,Sentinel-1B,SAR,20.9,39.2,Analysis Ready,S2_002637.tif,3.31
2638,30,3,2021-10-23 08:15:54,25.59662,92.67261,25.69662,92.77261,25.69662,92.67261,25.59662,92.77261,Landsat-9,Optical,25.1,77.4,Preprocessed,S2_002638.tif,0.75
2639,48,6,2022-08-06 10:21:21,26.85203,95.13816,26.95203,95.23816,26.95203,95.13816,26.85203,95.23816,Landsat-9,Optical,10.9,49.0,Raw,S2_002639.tif,0.64
2640,25,3,2024-07-28 12:40:52,26.61926,97.23754,26.71926,97.33754,26.71926,97.23754,26.61926,97.33754,Sentinel-1A,SAR,15.5,32.3,Preprocessed,S2_002640.tif,2.06
2641,19,2,2020-08-15 04:32:17,24.16122,95.95943,24.26122,96.05943,24.26122,95.95943,24.16122,96.05943,Sentinel-2B,Optical,23.4,25.2,Raw,S2_002641.tif,2.8
2642,18,2,2020-02-16 22:26:48,29.04655,98.97831,29.14655,99.07831,29.14655,98.97831,29.04655,99.07831,Landsat-8,Optical,22.0,80.8,Preprocessed,S2_002642.tif,2.48
2643,22,2,2022-03-17 05:07:14,22.93288,95.91855,23.03288,96.01855,23.03288,95.91855,22.93288,96.01855,RESOURCESAT-2,Optical,17.5,55.5,Preprocessed,S2_002643.tif,2.31
2644,10,1,2023-12-07 22:16:47,23.9222,97.87892,24.0222,97.97892,24.0222,97.87892,23.9222,97.97892,Sentinel-1B,SAR,17.8,26.0,Preprocessed,S2_002644.tif,4.84
2645,12,1,2020-01-08 20:58:03,27.11557,98.0614,27.21557,98.1614,27.21557,98.0614,27.11557,98.1614,Landsat-8,Optical,10.9,25.5,Preprocessed,S2_002645.tif,2.89
2646,51,6,2023-02-24 02:00:15,29.92053,90.76519,30.02053,90.86519,30.02053,90.76519,29.92053,90.86519,Sentinel-2B,Optical,12.0,11.8,Analysis Ready,S2_002646.tif,1.5
2647,23,3,2019-02-15 05:59:03,28.10535,91.64412,28.20535,91.74412,28.20535,91.64412,28.10535,91.74412,RESOURCESAT-2,Optical,20.3,84.7,Raw,S2_002647.tif,3.76
2648,39,4,2023-08-24 14:06:01,27.8214,90.96669,27.9214,91.06669,27.9214,90.96669,27.8214,91.06669,Sentinel-1A,SAR,6.2,57.8,Preprocessed,S2_002648.tif,0.92
2649,7,1,2020-05-20 19:04:53,26.83964,92.54273,26.93964,92.64273,26.93964,92.54273,26.83964,92.64273,Sentinel-1A,SAR,23.8,8.2,Preprocessed,S2_002649.tif,0.93
2650,60,8,2020-07-13 05:01:45,24.41928,95.64435,24.51928,95.74435,24.51928,95.64435,24.41928,95.74435,Sentinel-2A,Optical,26.1,3.9,Raw,S2_002650.tif,3.35
2651,29,3,2022-04-13 12:00:04,26.32998,98.82019,26.42998,98.92019,26.42998,98.82019,26.32998,98.92019,RESOURCESAT-2,Optical,15.4,97.3,Preprocessed,S2_002651.tif,1.95
2652,62,8,2024-12-18 07:28:31,26.80558,92.51561,26.90558,92.61561,26.90558,92.51561,26.80558,92.61561,Sentinel-2A,Optical,27.9,74.0,Raw,S2_002652.tif,3.22
2653,7,1,2019-11-03 21:53:47,26.02374,91.72927,26.12374,91.82927,26.12374,91.72927,26.02374,91.82927,Landsat-8,Optical,26.6,37.4,Raw,S2_002653.tif,3.65
2654,60,8,2021-02-16 20:22:03,24.25036,95.85357,24.35036,95.95357,24.35036,95.85357,24.25036,95.95357,Landsat-9,Optical,20.2,38.2,Analysis Ready,S2_002654.tif,4.04
2655,19,2,2018-07-06 09:24:17,24.45783,95.91414,24.55783,96.01414,24.55783,95.91414,24.45783,96.01414,RESOURCESAT-2,Optical,10.2,26.8,Preprocessed,S2_002655.tif,1.03
2656,42,5,2022-10-03 13:14:11,22.43683,97.2711,22.53683,97.3711,22.53683,97.2711,22.43683,97.3711,RESOURCESAT-2,Optical,11.2,73.0,Analysis Ready,S2_002656.tif,4.85
2657,44,5,2021-07-14 04:29:57,29.36363,98.8839,29.46363,98.9839,29.46363,98.8839,29.36363,98.9839,Sentinel-2A,Optical,17.9,9.2,Raw,S2_002657.tif,1.28
2658,11,1,2018-06-23 16:38:52,22.61104,90.79638,22.71104,90.89638,22.71104,90.79638,22.61104,90.89638,Sentinel-2B,Optical,4.3,29.3,Analysis Ready,S2_002658.tif,3.59
2659,5,1,2021-01-31 15:04:15,23.88086,94.56312,23.98086,94.66312,23.98086,94.56312,23.88086,94.66312,Landsat-9,Optical,19.8,20.6,Raw,S2_002659.tif,1.52
2660,37,4,2018-10-08 18:08:38,26.56539,94.80198,26.66539,94.90198,26.66539,94.80198,26.56539,94.90198,Sentinel-1A,SAR,17.5,61.7,Raw,S2_002660.tif,0.37
2661,11,1,2019-01-22 00:29:57,22.41736,90.46799,22.51736,90.56799,22.51736,90.46799,22.41736,90.56799,Landsat-8,Optical,29.0,51.6,Raw,S2_002661.tif,2.66
2662,35,4,2023-01-27 11:18:41,23.07638,91.69509,23.17638,91.79509,23.17638,91.69509,23.07638,91.79509,Sentinel-1A,SAR,28.8,89.4,Analysis Ready,S2_002662.tif,3.11
2663,1,1,2018-01-01 09:40:35,26.78011,90.2634,26.88011,90.3634,26.88011,90.2634,26.78011,90.3634,Sentinel-1B,SAR,12.3,8.0,Preprocessed,S2_002663.tif,2.62
2664,5,1,2021-11-21 04:25:36,23.87227,94.88502,23.97227,94.98502,23.97227,94.88502,23.87227,94.98502,RESOURCESAT-2,Optical,24.9,14.3,Preprocessed,S2_002664.tif,2.49
2665,29,3,2023-04-21 16:10:20,25.61752,99.13611,25.71752,99.23611,25.71752,99.13611,25.61752,99.23611,Sentinel-1B,SAR,12.9,75.0,Raw,S2_002665.tif,2.84
2666,2,1,2023-12-01 00:34:43,23.94253,91.80424,24.04253,91.90424,24.04253,91.80424,23.94253,91.90424,Landsat-8,Optical,16.2,36.8,Analysis Ready,S2_002666.tif,0.58
2667,13,2,2018-12-12 10:38:35,26.65894,99.65289,26.75894,99.75289,26.75894,99.65289,26.65894,99.75289,Sentinel-1B,SAR,24.2,86.1,Preprocessed,S2_002667.tif,1.91
2668,52,6,2019-09-26 23:48:03,28.33641,99.52148,28.43641,99.62148,28.43641,99.52148,28.33641,99.62148,Sentinel-1B,SAR,29.1,56.2,Raw,S2_002668.tif,1.18
2669,29,3,2021-04-01 10:52:55,26.21633,98.84122,26.31633,98.94122,26.31633,98.84122,26.21633,98.94122,Sentinel-2A,Optical,27.3,100.0,Raw,S2_002669.tif,1.6
2670,2,1,2020-03-24 11:49:02,24.20494,91.02779,24.30494,91.12779,24.30494,91.02779,24.20494,91.12779,Sentinel-2A,Optical,16.6,22.2,Analysis Ready,S2_002670.tif,4.72
2671,48,6,2024-10-02 18:54:35,26.85451,94.62553,26.95451,94.72553,26.95451,94.62553,26.85451,94.72553,Sentinel-2B,Optical,10.9,28.5,Preprocessed,S2_002671.tif,2.49
2672,10,1,2018-06-12 04:09:10,23.54915,97.27485,23.64915,97.37485,23.64915,97.27485,23.54915,97.37485,Sentinel-1A,SAR,29.5,23.1,Analysis Ready,S2_002672.tif,0.22
2673,11,1,2024-03-15 21:13:53,22.89019,90.5403,22.99019,90.6403,22.99019,90.5403,22.89019,90.6403,Sentinel-1A,SAR,5.5,8.9,Raw,S2_002673.tif,0.96
2674,48,6,2018-06-03 09:45:06,26.67635,94.95927,26.77635,95.05927,26.77635,94.95927,26.67635,95.05927,Landsat-8,Optical,18.4,81.2,Preprocessed,S2_002674.tif,4.0
2675,29,3,2023-11-05 22:29:18,26.06428,98.51318,26.16428,98.61318,26.16428,98.51318,26.06428,98.61318,Sentinel-1A,SAR,20.1,51.2,Analysis Ready,S2_002675.tif,0.97
2676,19,2,2022-02-18 11:59:10,24.47065,96.83614,24.57065,96.93614,24.57065,96.83614,24.47065,96.93614,Landsat-9,Optical,3.3,0.8,Preprocessed,S2_002676.tif,1.53
2677,39,4,2023-05-21 04:23:03,27.18576,91.07256,27.28576,91.17256,27.28576,91.07256,27.18576,91.17256,Sentinel-2B,Optical,21.8,70.4,Raw,S2_002677.tif,3.44
2678,60,8,2020-05-29 16:29:34,24.52044,96.1248,24.62044,96.2248,24.62044,96.1248,24.52044,96.2248,RESOURCESAT-2,Optical,22.8,77.1,Preprocessed,S2_002678.tif,0.5
2679,48,6,2022-07-07 17:16:47,26.92208,95.16734,27.02208,95.26734,27.02208,95.16734,26.92208,95.26734,Sentinel-2A,Optical,17.6,75.9,Raw,S2_002679.tif,0.95
2680,61,8,2021-08-07 22:48:57,27.19232,90.06564,27.29232,90.16564,27.29232,90.06564,27.19232,90.16564,Landsat-9,Optical,25.7,70.6,Raw,S2_002680.tif,4.26
2681,56,7,2022-01-28 10:22:27,29.2414,97.11469,29.3414,97.21469,29.3414,97.11469,29.2414,97.21469,Landsat-9,Optical,5.4,34.2,Preprocessed,S2_002681.tif,2.74
2682,53,6,2023-09-02 21:52:40,27.91602,90.82668,28.01602,90.92668,28.01602,90.82668,27.91602,90.92668,RESOURCESAT-2,Optical,7.5,51.9,Raw,S2_002682.tif,2.8
2683,43,5,2024-10-12 08:23:02,29.64058,97.41157,29.74058,97.51157,29.74058,97.41157,29.64058,97.51157,Landsat-9,Optical,4.9,85.4,Preprocessed,S2_002683.tif,4.54
2684,54,6,2019-01-01 15:20:55,30.03154,91.35009,30.13154,91.45009,30.13154,91.35009,30.03154,91.45009,Landsat-8,Optical,13.4,47.3,Analysis Ready,S2_002684.tif,4.98
2685,10,1,2023-05-09 12:15:18,23.66802,97.2895,23.76802,97.3895,23.76802,97.2895,23.66802,97.3895,RESOURCESAT-2,Optical,10.7,92.4,Preprocessed,S2_002685.tif,2.53
2686,39,4,2020-09-30 08:05:09,27.29548,90.98076,27.39548,91.08076,27.39548,90.98076,27.29548,91.08076,Landsat-9,Optical,11.5,9.6,Raw,S2_002686.tif,1.31
2687,36,4,2018-05-14 08:53:19,25.23869,90.86748,25.33869,90.96748,25.33869,90.86748,25.23869,90.96748,Sentinel-2A,Optical,17.3,12.7,Preprocessed,S2_002687.tif,2.13
2688,53,6,2018-01-17 06:07:50,27.78243,91.06845,27.88243,91.16845,27.88243,91.06845,27.78243,91.16845,Sentinel-1B,SAR,12.6,89.3,Raw,S2_002688.tif,3.69
2689,56,7,2023-01-28 11:37:04,29.27606,97.3421,29.37606,97.4421,29.37606,97.3421,29.27606,97.4421,Sentinel-2A,Optical,8.4,13.2,Preprocessed,S2_002689.tif,1.88
2690,30,3,2021-03-24 00:39:08,25.72307,92.78703,25.82307,92.88703,25.82307,92.78703,25.72307,92.88703,Sentinel-2B,Optical,10.5,88.4,Raw,S2_002690.tif,3.03
2691,44,5,2018-07-21 01:25:09,29.02425,98.63032,29.12425,98.73032,29.12425,98.63032,29.02425,98.73032,Sentinel-1B,SAR,9.2,62.9,Analysis Ready,S2_002691.tif,0.01
2692,49,6,2023-02-12 21:58:43,29.65324,98.54653,29.75324,98.64653,29.75324,98.54653,29.65324,98.64653,Sentinel-1B,SAR,21.9,44.3,Analysis Ready,S2_002692.tif,1.85
2693,24,3,2020-04-11 05:53:05,24.46799,99.63354,24.56799,99.73354,24.56799,99.63354,24.46799,99.73354,Sentinel-1B,SAR,13.0,7.9,Preprocessed,S2_002693.tif,3.84
2694,33,4,2022-03-02 19:01:33,23.37511,99.87307,23.47511,99.97307,23.47511,99.87307,23.37511,99.97307,Sentinel-2A,Optical,29.9,56.4,Raw,S2_002694.tif,3.3
2695,42,5,2020-10-03 15:06:39,22.16897,97.6435,22.26897,97.7435,22.26897,97.6435,22.16897,97.7435,Sentinel-2A,Optical,9.2,69.2,Raw,S2_002695.tif,4.11
2696,26,3,2021-08-11 21:35:00,23.94413,90.03466,24.04413,90.13466,24.04413,90.03466,23.94413,90.13466,Sentinel-2B,Optical,13.5,23.8,Analysis Ready,S2_002696.tif,4.5
2697,37,4,2020-01-01 02:43:04,26.49944,94.63798,26.59944,94.73798,26.59944,94.63798,26.49944,94.73798,Sentinel-1B,SAR,6.8,49.6,Raw,S2_002697.tif,0.05
2698,33,4,2024-05-24 17:48:20,23.28812,99.49003,23.38812,99.59003,23.38812,99.49003,23.28812,99.59003,Landsat-9,Optical,14.3,8.1,Raw,S2_002698.tif,3.24
2699,5,1,2020-12-24 16:43:30,23.48946,94.71167,23.58946,94.81167,23.58946,94.71167,23.48946,94.81167,Landsat-9,Optical,26.4,17.1,Analysis Ready,S2_002699.tif,2.25
2700,49,6,2023-05-17 12:15:30,29.28093,98.4194,29.38093,98.5194,29.38093,98.4194,29.28093,98.5194,Sentinel-1A,SAR,20.1,63.5,Raw,S2_002700.tif,1.45
2701,26,3,2019-09-07 10:54:28,23.49284,89.88771,23.59284,89.98771,23.59284,89.88771,23.49284,89.98771,Landsat-8,Optical,28.9,25.4,Raw,S2_002701.tif,1.62
2702,58,7,2024-03-05 02:55:00,27.06862,94.355,27.16862,94.455,27.16862,94.355,27.06862,94.455,Sentinel-1B,SAR,29.5,32.7,Raw,S2_002702.tif,0.5
2703,41,5,2018-01-03 15:33:22,23.26368,94.4887,23.36368,94.5887,23.36368,94.4887,23.26368,94.5887,Landsat-9,Optical,9.5,61.3,Preprocessed,S2_002703.tif,0.8
2704,59,8,2021-02-02 21:41:08,25.8327,92.20414,25.9327,92.30414,25.9327,92.20414,25.8327,92.30414,Sentinel-2B,Optical,24.6,89.1,Raw,S2_002704.tif,4.99
2705,29,3,2021-10-02 06:12:31,26.3078,98.72423,26.4078,98.82423,26.4078,98.72423,26.3078,98.82423,RESOURCESAT-2,Optical,7.1,15.9,Analysis Ready,S2_002705.tif,2.46
2706,52,6,2018-05-01 19:59:07,28.3547,100.0832,28.4547,100.1832,28.4547,100.0832,28.3547,100.1832,Sentinel-1B,SAR,24.2,47.8,Raw,S2_002706.tif,1.13
2707,32,3,2018-09-24 02:31:05,25.19958,95.86047,25.29958,95.96047,25.29958,95.86047,25.19958,95.96047,Landsat-8,Optical,12.7,31.4,Raw,S2_002707.tif,3.61
2708,52,6,2022-12-16 23:08:28,28.1996,99.78081,28.2996,99.88081,28.2996,99.78081,28.1996,99.88081,Landsat-8,Optical,6.5,74.9,Preprocessed,S2_002708.tif,0.64
2709,15,2,2024-08-01 03:55:08,26.77974,98.80617,26.87974,98.90617,26.87974,98.80617,26.77974,98.90617,RESOURCESAT-2,Optical,16.4,86.5,Raw,S2_002709.tif,0.26
2710,61,8,2024-10-15 02:29:11,27.03371,90.14204,27.13371,90.24204,27.13371,90.14204,27.03371,90.24204,Sentinel-2A,Optical,8.2,84.3,Analysis Ready,S2_002710.tif,1.41
2711,41,5,2022-10-05 05:10:13,23.13273,94.12704,23.23273,94.22704,23.23273,94.12704,23.13273,94.22704,Sentinel-1A,SAR,25.1,72.2,Analysis Ready,S2_002711.tif,4.28
2712,59,8,2021-07-30 08:06:16,25.92873,92.44421,26.02873,92.54421,26.02873,92.44421,25.92873,92.54421,Landsat-8,Optical,25.8,52.9,Raw,S2_002712.tif,4.49
2713,42,5,2020-06-05 17:19:56,22.3555,97.45971,22.4555,97.55971,22.4555,97.45971,22.3555,97.55971,Sentinel-1A,SAR,23.1,15.2,Raw,S2_002713.tif,4.29
2714,13,2,2020-11-05 18:57:11,26.31069,100.15301,26.41069,100.25301,26.41069,100.15301,26.31069,100.25301,Sentinel-2A,Optical,13.8,70.9,Raw,S2_002714.tif,4.58
2715,5,1,2020-04-26 17:46:43,23.74854,94.71047,23.84854,94.81047,23.84854,94.71047,23.74854,94.81047,Sentinel-1A,SAR,3.9,34.9,Raw,S2_002715.tif,3.01
2716,26,3,2021-01-27 04:12:49,23.47253,90.02259,23.57253,90.12259,23.57253,90.02259,23.47253,90.12259,Sentinel-1A,SAR,7.3,60.7,Analysis Ready,S2_002716.tif,1.79
2717,29,3,2018-01-18 18:49:19,25.84721,98.37017,25.94721,98.47017,25.94721,98.37017,25.84721,98.47017,Sentinel-1B,SAR,8.7,37.5,Preprocessed,S2_002717.tif,4.97
2718,36,4,2023-09-13 09:38:24,25.18986,90.67258,25.28986,90.77258,25.28986,90.67258,25.18986,90.77258,Sentinel-1A,SAR,25.7,24.8,Analysis Ready,S2_002718.tif,2.16
2719,36,4,2022-07-14 08:24:08,25.05695,90.40525,25.15695,90.50525,25.15695,90.40525,25.05695,90.50525,Landsat-8,Optical,16.5,20.6,Raw,S2_002719.tif,2.73
2720,16,2,2024-05-23 02:05:52,23.57314,91.07245,23.67314,91.17245,23.67314,91.07245,23.57314,91.17245,RESOURCESAT-2,Optical,5.4,36.2,Analysis Ready,S2_002720.tif,1.98
2721,31,3,2023-03-28 17:01:33,27.58103,94.89576,27.68103,94.99576,27.68103,94.89576,27.58103,94.99576,Landsat-9,Optical,29.5,50.3,Preprocessed,S2_002721.tif,4.42
2722,2,1,2023-11-06 21:26:00,24.43786,91.89502,24.53786,91.99502,24.53786,91.89502,24.43786,91.99502,Landsat-8,Optical,6.8,84.7,Raw,S2_002722.tif,1.96
2723,45,5,2018-07-31 16:51:23,28.96953,95.2557,29.06953,95.3557,29.06953,95.2557,28.96953,95.3557,Landsat-9,Optical,3.6,40.7,Preprocessed,S2_002723.tif,1.29
2724,49,6,2020-10-23 06:03:06,29.0431,98.29701,29.1431,98.39701,29.1431,98.29701,29.0431,98.39701,Sentinel-2A,Optical,16.5,65.0,Analysis Ready,S2_002724.tif,3.6
2725,40,5,2021-02-19 19:45:18,27.71167,97.93925,27.81167,98.03925,27.81167,97.93925,27.71167,98.03925,Landsat-8,Optical,12.4,60.4,Preprocessed,S2_002725.tif,0.03
2726,7,1,2021-08-21 17:02:19,25.91243,92.03355,26.01243,92.13355,26.01243,92.03355,25.91243,92.13355,Sentinel-1B,SAR,12.0,44.4,Raw,S2_002726.tif,1.12
2727,15,2,2020-01-31 01:17:13,26.61734,98.71438,26.71734,98.81438,26.71734,98.71438,26.61734,98.81438,Sentinel-1B,SAR,3.6,40.6,Analysis Ready,S2_002727.tif,0.93
2728,14,2,2024-05-09 09:49:33,22.85958,92.89342,22.95958,92.99342,22.95958,92.89342,22.85958,92.99342,Landsat-9,Optical,29.2,23.7,Analysis Ready,S2_002728.tif,2.21
2729,41,5,2024-10-26 08:14:08,22.85678,93.84931,22.95678,93.94931,22.95678,93.84931,22.85678,93.94931,Landsat-9,Optical,5.8,69.2,Analysis Ready,S2_002729.tif,4.71
2730,45,5,2022-02-05 11:35:50,28.24278,94.9524,28.34278,95.0524,28.34278,94.9524,28.24278,95.0524,RESOURCESAT-2,Optical,24.0,47.2,Preprocessed,S2_002730.tif,0.67
2731,54,6,2023-05-12 04:32:29,29.20161,91.68074,29.30161,91.78074,29.30161,91.68074,29.20161,91.78074,Sentinel-2B,Optical,9.0,39.4,Analysis Ready,S2_002731.tif,1.48
2732,51,6,2024-10-28 17:15:02,29.62955,91.02642,29.72955,91.12642,29.72955,91.02642,29.62955,91.12642,Landsat-9,Optical,25.3,31.8,Analysis Ready,S2_002732.tif,0.29
2733,12,1,2024-09-21 07:46:26,27.07697,98.16315,27.17697,98.26315,27.17697,98.16315,27.07697,98.26315,RESOURCESAT-2,Optical,15.2,9.5,Preprocessed,S2_002733.tif,4.24
2734,8,1,2018-07-10 01:37:02,24.00559,98.83327,24.10559,98.93327,24.10559,98.83327,24.00559,98.93327,Landsat-9,Optical,29.0,47.1,Raw,S2_002734.tif,1.09
2735,14,2,2021-11-21 03:43:26,22.34502,92.81107,22.44502,92.91107,22.44502,92.81107,22.34502,92.91107,RESOURCESAT-2,Optical,10.6,91.6,Preprocessed,S2_002735.tif,0.71
2736,10,1,2018-06-17 13:03:46,23.68346,97.15867,23.78346,97.25867,23.78346,97.15867,23.68346,97.25867,Sentinel-1B,SAR,7.3,96.8,Analysis Ready,S2_002736.tif,3.28
2737,48,6,2020-08-19 18:53:29,26.48537,95.27645,26.58537,95.37645,26.58537,95.27645,26.48537,95.37645,Sentinel-1B,SAR,14.2,78.0,Preprocessed,S2_002737.tif,2.68
2738,59,8,2021-04-16 12:33:29,25.86219,92.56249,25.96219,92.66249,25.96219,92.56249,25.86219,92.66249,Sentinel-2A,Optical,14.5,94.1,Analysis Ready,S2_002738.tif,2.74
2739,5,1,2024-12-20 15:20:01,23.5013,94.70472,23.6013,94.80472,23.6013,94.70472,23.5013,94.80472,Sentinel-1A,SAR,28.1,89.6,Analysis Ready,S2_002739.tif,1.42
2740,22,2,2020-12-09 23:19:48,22.38386,96.74616,22.48386,96.84616,22.48386,96.74616,22.38386,96.84616,Landsat-8,Optical,24.5,95.7,Raw,S2_002740.tif,2.6
2741,17,2,2019-06-04 07:22:05,24.09341,92.97118,24.19341,93.07118,24.19341,92.97118,24.09341,93.07118,Sentinel-1A,SAR,3.6,93.9,Raw,S2_002741.tif,1.48
2742,16,2,2023-06-14 18:46:45,23.77646,90.56899,23.87646,90.66899,23.87646,90.56899,23.77646,90.66899,RESOURCESAT-2,Optical,22.2,95.3,Preprocessed,S2_002742.tif,2.74
2743,18,2,2021-03-02 20:45:47,28.64329,98.77276,28.74329,98.87276,28.74329,98.77276,28.64329,98.87276,Sentinel-2B,Optical,21.4,13.0,Preprocessed,S2_002743.tif,1.69
2744,5,1,2021-12-13 15:01:51,23.46835,94.91009,23.56835,95.01009,23.56835,94.91009,23.46835,95.01009,RESOURCESAT-2,Optical,27.6,41.0,Analysis Ready,S2_002744.tif,3.43
2745,17,2,2022-01-15 16:22:39,23.6304,92.78119,23.7304,92.88119,23.7304,92.78119,23.6304,92.88119,Landsat-9,Optical,28.9,0.0,Raw,S2_002745.tif,3.74
2746,53,6,2022-05-01 02:10:24,28.28722,90.95429,28.38722,91.05429,28.38722,90.95429,28.28722,91.05429,Landsat-8,Optical,8.2,4.4,Analysis Ready,S2_002746.tif,0.01
2747,41,5,2023-10-08 22:33:06,22.61528,94.1778,22.71528,94.2778,22.71528,94.1778,22.61528,94.2778,Sentinel-1B,SAR,23.1,5.1,Raw,S2_002747.tif,3.03
2748,53,6,2021-11-16 09:08:20,27.77555,91.74499,27.87555,91.84499,27.87555,91.74499,27.77555,91.84499,Landsat-9,Optical,23.2,59.9,Analysis Ready,S2_002748.tif,4.46
2749,46,5,2022-06-18 13:16:45,23.56033,97.53471,23.66033,97.63471,23.66033,97.53471,23.56033,97.63471,Sentinel-2A,Optical,22.0,73.9,Preprocessed,S2_002749.tif,0.96
2750,62,8,2021-03-19 09:52:36,26.97414,92.74597,27.07414,92.84597,27.07414,92.74597,26.97414,92.84597,Landsat-9,Optical,16.7,30.5,Raw,S2_002750.tif,1.58
2751,30,3,2022-06-13 20:51:58,25.29643,93.11324,25.39643,93.21324,25.39643,93.11324,25.29643,93.21324,RESOURCESAT-2,Optical,21.3,91.6,Raw,S2_002751.tif,3.93
2752,45,5,2019-05-14 23:33:10,28.38057,95.09371,28.48057,95.19371,28.48057,95.09371,28.38057,95.19371,Sentinel-2A,Optical,7.2,74.0,Analysis Ready,S2_002752.tif,2.94
2753,45,5,2019-01-17 15:53:56,28.48307,95.32901,28.58307,95.42901,28.58307,95.32901,28.48307,95.42901,Sentinel-2A,Optical,18.2,88.5,Analysis Ready,S2_002753.tif,1.97
2754,5,1,2019-06-02 01:45:50,23.9808,94.94895,24.0808,95.04895,24.0808,94.94895,23.9808,95.04895,Sentinel-2B,Optical,13.3,70.2,Analysis Ready,S2_002754.tif,4.97
2755,21,2,2018-02-21 23:51:49,23.97263,99.44667,24.07263,99.54667,24.07263,99.44667,23.97263,99.54667,Sentinel-1B,SAR,19.6,87.1,Raw,S2_002755.tif,2.06
2756,47,6,2019-12-14 20:14:11,29.65748,98.92047,29.75748,99.02047,29.75748,98.92047,29.65748,99.02047,RESOURCESAT-2,Optical,11.8,62.8,Analysis Ready,S2_002756.tif,3.32
2757,3,1,2022-10-13 14:14:25,27.53654,99.40233,27.63654,99.50233,27.63654,99.40233,27.53654,99.50233,Sentinel-1A,SAR,27.5,29.3,Preprocessed,S2_002757.tif,4.95
2758,28,3,2018-03-02 02:46:57,28.60598,93.63392,28.70598,93.73392,28.70598,93.63392,28.60598,93.73392,Landsat-9,Optical,11.8,93.6,Raw,S2_002758.tif,2.75
2759,60,8,2023-05-11 20:13:38,25.10978,95.40249,25.20978,95.50249,25.20978,95.40249,25.10978,95.50249,Sentinel-2A,Optical,21.0,80.3,Analysis Ready,S2_002759.tif,1.54
2760,48,6,2024-11-14 00:02:33,26.64208,95.32358,26.74208,95.42358,26.74208,95.32358,26.64208,95.42358,Sentinel-1A,SAR,6.1,94.0,Preprocessed,S2_002760.tif,0.89
2761,22,2,2020-03-24 11:24:27,22.91032,96.13151,23.01032,96.23151,23.01032,96.13151,22.91032,96.23151,Landsat-8,Optical,26.1,17.0,Analysis Ready,S2_002761.tif,4.28
2762,23,3,2021-03-09 08:45:25,28.24084,91.67125,28.34084,91.77125,28.34084,91.67125,28.24084,91.77125,Sentinel-1A,SAR,4.3,31.6,Preprocessed,S2_002762.tif,1.9
2763,33,4,2020-06-06 15:31:09,23.31484,100.26417,23.41484,100.36417,23.41484,100.26417,23.31484,100.36417,Landsat-8,Optical,17.8,96.0,Analysis Ready,S2_002763.tif,4.79
2764,4,1,2019-10-20 02:59:09,27.1424,89.87446,27.2424,89.97446,27.2424,89.87446,27.1424,89.97446,Sentinel-2A,Optical,27.1,17.8,Preprocessed,S2_002764.tif,2.75
2765,6,1,2018-02-14 21:56:13,26.62958,96.76,26.72958,96.86,26.72958,96.76,26.62958,96.86,Landsat-8,Optical,5.1,30.5,Preprocessed,S2_002765.tif,3.58
2766,48,6,2024-05-02 08:52:58,26.50788,94.58195,26.60788,94.68195,26.60788,94.58195,26.50788,94.68195,Sentinel-1A,SAR,25.6,64.0,Preprocessed,S2_002766.tif,3.95
2767,5,1,2019-09-07 03:35:03,23.62218,95.24549,23.72218,95.34549,23.72218,95.24549,23.62218,95.34549,Sentinel-2B,Optical,4.8,35.9,Analysis Ready,S2_002767.tif,3.69
2768,19,2,2018-05-07 02:47:53,24.3524,96.6183,24.4524,96.7183,24.4524,96.6183,24.3524,96.7183,Sentinel-1A,SAR,10.2,91.0,Preprocessed,S2_002768.tif,2.81
2769,51,6,2022-03-20 05:11:20,29.42558,90.85589,29.52558,90.95589,29.52558,90.85589,29.42558,90.95589,RESOURCESAT-2,Optical,11.1,50.6,Analysis Ready,S2_002769.tif,2.89
2770,22,2,2022-05-01 14:41:11,23.04911,96.05926,23.14911,96.15926,23.14911,96.05926,23.04911,96.15926,Sentinel-2B,Optical,15.9,36.9,Raw,S2_002770.tif,0.59
2771,3,1,2021-03-30 01:33:10,27.04398,98.85397,27.14398,98.95397,27.14398,98.85397,27.04398,98.95397,Sentinel-1A,SAR,26.3,83.8,Preprocessed,S2_002771.tif,3.02
2772,34,4,2020-06-20 06:43:09,26.11473,98.01972,26.21473,98.11972,26.21473,98.01972,26.11473,98.11972,Sentinel-1A,SAR,3.4,32.7,Analysis Ready,S2_002772.tif,1.18
2773,24,3,2022-06-11 16:00:17,24.55135,99.19566,24.65135,99.29566,24.65135,99.19566,24.55135,99.29566,Landsat-9,Optical,9.8,82.6,Raw,S2_002773.tif,0.06
2774,58,7,2019-08-30 07:34:25,27.28705,94.54522,27.38705,94.64522,27.38705,94.54522,27.28705,94.64522,Sentinel-1A,SAR,5.0,41.3,Preprocessed,S2_002774.tif,4.4
2775,43,5,2024-06-11 12:55:59,29.28361,97.55952,29.38361,97.65952,29.38361,97.55952,29.28361,97.65952,Sentinel-2B,Optical,27.3,37.6,Raw,S2_002775.tif,3.73
2776,14,2,2021-03-07 22:41:12,22.44664,92.65049,22.54664,92.75049,22.54664,92.65049,22.44664,92.75049,Landsat-8,Optical,14.3,63.8,Analysis Ready,S2_002776.tif,1.6
2777,41,5,2024-02-11 19:50:48,23.07244,94.31149,23.17244,94.41149,23.17244,94.31149,23.07244,94.41149,Sentinel-2A,Optical,28.1,24.3,Raw,S2_002777.tif,0.75
2778,44,5,2021-06-25 15:53:49,28.96654,99.11289,29.06654,99.21289,29.06654,99.11289,28.96654,99.21289,Sentinel-1A,SAR,18.4,37.0,Raw,S2_002778.tif,2.01
2779,32,3,2022-10-16 08:16:33,25.31711,95.87411,25.41711,95.97411,25.41711,95.87411,25.31711,95.97411,Sentinel-2A,Optical,15.8,25.6,Analysis Ready,S2_002779.tif,3.2
2780,11,1,2020-08-11 02:50:17,22.46697,91.33322,22.56697,91.43322,22.56697,91.33322,22.46697,91.43322,Sentinel-2B,Optical,5.0,25.5,Analysis Ready,S2_002780.tif,0.98
2781,52,6,2020-04-11 04:45:50,28.13022,100.1898,28.23022,100.2898,28.23022,100.1898,28.13022,100.2898,RESOURCESAT-2,Optical,4.4,17.1,Preprocessed,S2_002781.tif,0.04
2782,13,2,2018-04-25 20:56:11,26.50858,100.06763,26.60858,100.16763,26.60858,100.06763,26.50858,100.16763,RESOURCESAT-2,Optical,25.9,64.1,Analysis Ready,S2_002782.tif,0.26
2783,10,1,2023-02-03 22:56:35,23.91173,97.68208,24.01173,97.78208,24.01173,97.68208,23.91173,97.78208,Sentinel-2B,Optical,4.9,5.2,Analysis Ready,S2_002783.tif,3.32
2784,47,6,2024-11-08 21:24:43,29.16847,99.64476,29.26847,99.74476,29.26847,99.64476,29.16847,99.74476,Landsat-9,Optical,23.5,14.4,Raw,S2_002784.tif,3.48
2785,32,3,2020-11-28 02:58:16,25.01726,95.53129,25.11726,95.63129,25.11726,95.53129,25.01726,95.63129,Landsat-9,Optical,10.0,79.7,Analysis Ready,S2_002785.tif,0.9
2786,36,4,2024-09-09 05:55:03,25.18446,91.0132,25.28446,91.1132,25.28446,91.0132,25.18446,91.1132,Sentinel-1A,SAR,16.8,64.4,Raw,S2_002786.tif,0.39
2787,56,7,2019-09-11 03:39:41,29.60635,98.02235,29.70635,98.12235,29.70635,98.02235,29.60635,98.12235,Landsat-9,Optical,29.9,88.2,Preprocessed,S2_002787.tif,1.41
2788,51,6,2020-09-28 06:45:49,29.61631,91.00022,29.71631,91.10022,29.71631,91.00022,29.61631,91.10022,RESOURCESAT-2,Optical,17.9,84.6,Analysis Ready,S2_002788.tif,4.45
2789,10,1,2019-08-31 20:04:52,23.23742,97.34537,23.33742,97.44537,23.33742,97.34537,23.23742,97.44537,Sentinel-1B,SAR,19.7,45.7,Preprocessed,S2_002789.tif,1.91
2790,33,4,2019-02-24 23:31:52,24.24211,100.3506,24.34211,100.4506,24.34211,100.3506,24.24211,100.4506,Sentinel-1A,SAR,6.9,81.4,Preprocessed,S2_002790.tif,4.14
2791,58,7,2018-08-20 22:08:43,27.14395,94.62867,27.24395,94.72867,27.24395,94.62867,27.14395,94.72867,Sentinel-1A,SAR,3.3,87.1,Preprocessed,S2_002791.tif,3.21
2792,14,2,2023-11-20 10:54:57,22.3287,93.19616,22.4287,93.29616,22.4287,93.19616,22.3287,93.29616,Sentinel-2B,Optical,10.0,51.6,Analysis Ready,S2_002792.tif,0.29
2793,34,4,2024-12-01 19:39:07,26.04988,97.96961,26.14988,98.06961,26.14988,97.96961,26.04988,98.06961,Landsat-8,Optical,3.9,66.9,Preprocessed,S2_002793.tif,2.91
2794,33,4,2019-06-10 17:01:26,23.46365,100.29763,23.56365,100.39763,23.56365,100.29763,23.46365,100.39763,Landsat-9,Optical,28.0,64.0,Raw,S2_002794.tif,2.99
2795,8,1,2024-05-07 08:17:52,24.38287,99.00488,24.48287,99.10488,24.48287,99.00488,24.38287,99.10488,Landsat-9,Optical,12.4,49.9,Raw,S2_002795.tif,4.52
2796,57,7,2019-10-19 20:10:39,23.15542,92.85014,23.25542,92.95014,23.25542,92.85014,23.15542,92.95014,Landsat-9,Optical,12.8,44.2,Preprocessed,S2_002796.tif,4.41
2797,36,4,2021-01-27 08:16:52,25.53633,91.01235,25.63633,91.11235,25.63633,91.01235,25.53633,91.11235,Sentinel-1B,SAR,10.8,21.9,Analysis Ready,S2_002797.tif,0.16
2798,30,3,2022-08-13 02:23:16,26.15781,92.1901,26.25781,92.2901,26.25781,92.1901,26.15781,92.2901,Landsat-9,Optical,13.6,59.5,Preprocessed,S2_002798.tif,2.74
2799,10,1,2021-08-07 09:42:21,23.23548,97.71783,23.33548,97.81783,23.33548,97.71783,23.23548,97.81783,Sentinel-1B,SAR,15.9,41.2,Raw,S2_002799.tif,3.26
2800,30,3,2021-09-26 19:32:38,25.28269,93.04956,25.38269,93.14956,25.38269,93.04956,25.28269,93.14956,Landsat-9,Optical,3.5,79.7,Preprocessed,S2_002800.tif,1.22
2801,25,3,2023-05-27 05:28:53,26.43567,96.85573,26.53567,96.95573,26.53567,96.85573,26.43567,96.95573,RESOURCESAT-2,Optical,15.4,78.2,Preprocessed,S2_002801.tif,4.11
2802,19,2,2019-12-08 10:32:44,24.21142,96.12697,24.31142,96.22697,24.31142,96.12697,24.21142,96.22697,Landsat-9,Optical,9.9,51.3,Preprocessed,S2_002802.tif,0.16
2803,11,1,2023-08-25 06:51:12,23.08236,90.56313,23.18236,90.66313,23.18236,90.56313,23.08236,90.66313,Sentinel-1B,SAR,19.6,46.5,Raw,S2_002803.tif,2.34
2804,34,4,2020-01-08 04:31:07,25.86285,97.99243,25.96285,98.09243,25.96285,97.99243,25.86285,98.09243,Sentinel-1B,SAR,27.2,73.0,Raw,S2_002804.tif,1.96
2805,9,1,2024-02-26 12:49:30,27.95192,93.44255,28.05192,93.54255,28.05192,93.44255,27.95192,93.54255,Sentinel-2B,Optical,23.0,96.3,Analysis Ready,S2_002805.tif,2.62
2806,62,8,2024-02-10 23:40:12,26.94677,92.09194,27.04677,92.19194,27.04677,92.09194,26.94677,92.19194,Landsat-8,Optical,8.6,27.0,Analysis Ready,S2_002806.tif,2.57
2807,7,1,2024-12-29 12:16:41,26.36861,92.22858,26.46861,92.32858,26.46861,92.22858,26.36861,92.32858,Landsat-9,Optical,14.6,30.5,Raw,S2_002807.tif,2.7
2808,40,5,2018-11-27 17:43:48,27.84962,97.387,27.94962,97.487,27.94962,97.387,27.84962,97.487,Sentinel-1B,SAR,17.3,48.1,Raw,S2_002808.tif,2.85
2809,52,6,2024-09-13 07:22:29,28.60878,99.77199,28.70878,99.87199,28.70878,99.77199,28.60878,99.87199,Sentinel-2B,Optical,14.6,5.1,Analysis Ready,S2_002809.tif,0.44
2810,33,4,2019-01-05 03:43:46,23.41884,99.80921,23.51884,99.90921,23.51884,99.80921,23.41884,99.90921,Landsat-9,Optical,20.7,88.7,Analysis Ready,S2_002810.tif,3.09
2811,16,2,2021-07-30 20:44:00,23.56183,90.20123,23.66183,90.30123,23.66183,90.20123,23.56183,90.30123,Sentinel-1B,SAR,9.1,37.8,Preprocessed,S2_002811.tif,1.4
2812,58,7,2022-11-29 14:08:55,27.38466,94.44334,27.48466,94.54334,27.48466,94.44334,27.38466,94.54334,Sentinel-1A,SAR,10.8,52.6,Raw,S2_002812.tif,1.1
2813,59,8,2019-06-25 17:18:34,25.19045,92.58081,25.29045,92.68081,25.29045,92.58081,25.19045,92.68081,Landsat-9,Optical,3.6,65.3,Preprocessed,S2_002813.tif,4.71
2814,50,6,2024-08-23 19:24:53,24.21494,92.20676,24.31494,92.30676,24.31494,92.20676,24.21494,92.30676,Sentinel-1B,SAR,24.2,23.2,Analysis Ready,S2_002814.tif,4.25
2815,48,6,2024-06-18 03:26:35,26.53496,94.86681,26.63496,94.96681,26.63496,94.86681,26.53496,94.96681,RESOURCESAT-2,Optical,5.1,68.8,Analysis Ready,S2_002815.tif,2.45
2816,59,8,2021-08-06 14:36:17,25.79939,92.54538,25.89939,92.64538,25.89939,92.54538,25.79939,92.64538,Landsat-8,Optical,23.3,46.0,Preprocessed,S2_002816.tif,2.26
2817,39,4,2023-01-07 03:40:20,27.82641,91.42045,27.92641,91.52045,27.92641,91.42045,27.82641,91.52045,Landsat-8,Optical,21.5,30.7,Preprocessed,S2_002817.tif,2.25
2818,14,2,2024-10-10 05:43:51,22.3952,93.0066,22.4952,93.1066,22.4952,93.0066,22.3952,93.1066,Sentinel-2B,Optical,28.7,29.7,Analysis Ready,S2_002818.tif,3.39
2819,12,1,2019-12-02 12:55:41,26.43661,98.14272,26.53661,98.24272,26.53661,98.14272,26.43661,98.24272,Sentinel-1B,SAR,7.4,31.9,Analysis Ready,S2_002819.tif,3.4
2820,10,1,2023-06-01 21:25:48,23.34587,97.74505,23.44587,97.84505,23.44587,97.74505,23.34587,97.84505,Landsat-8,Optical,9.1,61.1,Preprocessed,S2_002820.tif,3.43
2821,31,3,2023-04-02 05:17:51,28.31215,95.80928,28.41215,95.90928,28.41215,95.80928,28.31215,95.90928,Sentinel-1A,SAR,11.8,47.8,Raw,S2_002821.tif,0.56
2822,35,4,2022-12-15 15:19:51,22.73868,91.52842,22.83868,91.62842,22.83868,91.52842,22.73868,91.62842,Sentinel-1A,SAR,21.4,11.8,Analysis Ready,S2_002822.tif,1.7
2823,41,5,2023-03-19 23:22:44,22.97222,93.85786,23.07222,93.95786,23.07222,93.85786,22.97222,93.95786,Landsat-9,Optical,14.5,34.4,Preprocessed,S2_002823.tif,3.65
2824,31,3,2023-04-08 23:02:11,28.4526,95.83076,28.5526,95.93076,28.5526,95.83076,28.4526,95.93076,Landsat-9,Optical,7.8,92.3,Preprocessed,S2_002824.tif,0.91
2825,4,1,2021-08-07 19:08:53,26.96204,90.16094,27.06204,90.26094,27.06204,90.16094,26.96204,90.26094,Landsat-9,Optical,26.1,47.3,Raw,S2_002825.tif,3.39
2826,13,2,2021-09-22 05:32:49,26.42451,99.57366,26.52451,99.67366,26.52451,99.57366,26.42451,99.67366,Landsat-8,Optical,8.8,42.6,Preprocessed,S2_002826.tif,3.64
2827,2,1,2021-08-08 14:44:48,23.57096,91.76432,23.67096,91.86432,23.67096,91.76432,23.57096,91.86432,RESOURCESAT-2,Optical,11.7,56.6,Preprocessed,S2_002827.tif,2.23
2828,36,4,2018-12-25 09:22:13,25.43463,90.65514,25.53463,90.75514,25.53463,90.65514,25.43463,90.75514,Landsat-9,Optical,23.2,12.3,Raw,S2_002828.tif,4.1
2829,42,5,2022-06-12 23:15:17,21.55271,97.48691,21.65271,97.58691,21.65271,97.48691,21.55271,97.58691,Sentinel-1A,SAR,24.7,73.5,Raw,S2_002829.tif,1.43
2830,10,1,2018-04-23 19:37:47,24.06998,97.9333,24.16998,98.0333,24.16998,97.9333,24.06998,98.0333,RESOURCESAT-2,Optical,6.1,66.8,Raw,S2_002830.tif,4.04
2831,45,5,2022-11-20 20:30:14,28.25034,95.38872,28.35034,95.48872,28.35034,95.38872,28.25034,95.48872,Landsat-8,Optical,10.8,22.0,Analysis Ready,S2_002831.tif,4.36
2832,16,2,2024-01-17 10:11:38,23.05804,90.99612,23.15804,91.09612,23.15804,90.99612,23.05804,91.09612,Sentinel-1A,SAR,19.6,86.1,Preprocessed,S2_002832.tif,0.46
2833,3,1,2019-10-30 18:51:01,27.01344,98.72886,27.11344,98.82886,27.11344,98.72886,27.01344,98.82886,Sentinel-2A,Optical,14.8,13.3,Preprocessed,S2_002833.tif,3.24
2834,20,2,2024-06-20 15:40:09,22.89699,93.09987,22.99699,93.19987,22.99699,93.09987,22.89699,93.19987,RESOURCESAT-2,Optical,12.5,14.1,Analysis Ready,S2_002834.tif,1.49
2835,59,8,2022-08-17 20:25:58,26.04365,92.29503,26.14365,92.39503,26.14365,92.29503,26.04365,92.39503,Landsat-9,Optical,22.7,30.2,Analysis Ready,S2_002835.tif,0.29
2836,60,8,2018-11-22 12:16:56,24.71163,95.8327,24.81163,95.9327,24.81163,95.8327,24.71163,95.9327,RESOURCESAT-2,Optical,9.3,58.7,Raw,S2_002836.tif,0.2
2837,35,4,2018-03-19 15:46:22,23.71929,91.45695,23.81929,91.55695,23.81929,91.45695,23.71929,91.55695,Sentinel-2B,Optical,16.8,29.9,Analysis Ready,S2_002837.tif,4.11
2838,24,3,2021-12-08 11:56:22,23.75848,99.43174,23.85848,99.53174,23.85848,99.43174,23.75848,99.53174,Landsat-9,Optical,25.8,21.2,Preprocessed,S2_002838.tif,3.82
2839,3,1,2019-05-31 19:44:07,27.61073,98.66643,27.71073,98.76643,27.71073,98.66643,27.61073,98.76643,Landsat-9,Optical,21.2,44.8,Analysis Ready,S2_002839.tif,2.86
2840,47,6,2020-10-21 12:34:47,29.87322,99.51762,29.97322,99.61762,29.97322,99.51762,29.87322,99.61762,RESOURCESAT-2,Optical,27.2,10.8,Analysis Ready,S2_002840.tif,1.28
2841,55,7,2018-01-31 08:22:15,28.90154,94.33105,29.00154,94.43105,29.00154,94.33105,28.90154,94.43105,Landsat-9,Optical,22.0,92.2,Preprocessed,S2_002841.tif,4.76
2842,10,1,2020-11-12 12:06:11,24.18429,97.40928,24.28429,97.50928,24.28429,97.40928,24.18429,97.50928,Sentinel-2B,Optical,13.0,33.0,Preprocessed,S2_002842.tif,2.57
2843,47,6,2021-05-21 00:59:28,29.24001,99.62692,29.34001,99.72692,29.34001,99.62692,29.24001,99.72692,RESOURCESAT-2,Optical,4.0,57.7,Raw,S2_002843.tif,2.81
2844,22,2,2023-06-24 20:43:10,22.27362,95.85504,22.37362,95.95504,22.37362,95.85504,22.27362,95.95504,Sentinel-1A,SAR,4.7,10.9,Raw,S2_002844.tif,0.09
2845,12,1,2018-04-10 11:20:16,26.84399,97.765,26.94399,97.865,26.94399,97.765,26.84399,97.865,Landsat-9,Optical,24.2,99.7,Raw,S2_002845.tif,3.11
2846,9,1,2020-04-27 08:26:39,27.53379,93.23854,27.63379,93.33854,27.63379,93.23854,27.53379,93.33854,Sentinel-2A,Optical,28.8,96.6,Preprocessed,S2_002846.tif,4.14
2847,22,2,2023-05-23 21:13:20,22.651,95.89996,22.751,95.99996,22.751,95.89996,22.651,95.99996,Sentinel-2B,Optical,20.2,13.7,Preprocessed,S2_002847.tif,0.47
2848,4,1,2019-11-11 01:20:02,26.54595,90.43698,26.64595,90.53698,26.64595,90.43698,26.54595,90.53698,Landsat-8,Optical,5.1,74.2,Preprocessed,S2_002848.tif,4.33
2849,24,3,2022-08-13 05:44:21,24.14212,99.2139,24.24212,99.3139,24.24212,99.2139,24.14212,99.3139,RESOURCESAT-2,Optical,28.3,6.2,Raw,S2_002849.tif,0.52
2850,37,4,2020-08-09 21:07:04,26.61392,95.1196,26.71392,95.2196,26.71392,95.1196,26.61392,95.2196,Sentinel-1B,SAR,17.0,31.7,Preprocessed,S2_002850.tif,2.29
2851,19,2,2018-04-25 18:59:22,24.4173,96.35598,24.5173,96.45598,24.5173,96.35598,24.4173,96.45598,Sentinel-2B,Optical,23.0,31.3,Raw,S2_002851.tif,1.01
2852,21,2,2023-05-12 10:08:26,24.53645,99.48718,24.63645,99.58718,24.63645,99.48718,24.53645,99.58718,Sentinel-2A,Optical,29.2,39.4,Preprocessed,S2_002852.tif,3.72
2853,13,2,2021-12-26 16:34:50,26.32779,99.29001,26.42779,99.39001,26.42779,99.29001,26.32779,99.39001,Landsat-8,Optical,10.9,90.9,Raw,S2_002853.tif,2.2
2854,5,1,2022-09-17 05:25:10,23.48845,95.41631,23.58845,95.51631,23.58845,95.41631,23.48845,95.51631,Landsat-9,Optical,4.4,22.1,Raw,S2_002854.tif,4.66
2855,33,4,2023-02-19 04:42:51,24.09807,99.69537,24.19807,99.79537,24.19807,99.69537,24.09807,99.79537,Sentinel-2B,Optical,21.9,87.6,Raw,S2_002855.tif,4.7
2856,1,1,2022-08-04 02:02:46,26.99576,90.37321,27.09576,90.47321,27.09576,90.37321,26.99576,90.47321,Landsat-9,Optical,23.8,93.7,Raw,S2_002856.tif,3.19
2857,35,4,2021-12-30 04:54:42,23.01694,91.84117,23.11694,91.94117,23.11694,91.84117,23.01694,91.94117,Landsat-8,Optical,29.7,44.3,Raw,S2_002857.tif,4.49
2858,2,1,2021-09-15 07:22:01,23.69079,91.61187,23.79079,91.71187,23.79079,91.61187,23.69079,91.71187,Landsat-9,Optical,27.6,34.9,Raw,S2_002858.tif,4.91
2859,20,2,2022-01-05 21:20:45,23.32449,93.88063,23.42449,93.98063,23.42449,93.88063,23.32449,93.98063,Sentinel-1A,SAR,5.9,21.9,Preprocessed,S2_002859.tif,4.86
2860,26,3,2023-09-02 22:19:44,23.88431,90.63723,23.98431,90.73723,23.98431,90.63723,23.88431,90.73723,Sentinel-1A,SAR,3.9,0.9,Raw,S2_002860.tif,3.55
2861,33,4,2020-12-10 12:18:57,24.02428,100.35066,24.12428,100.45066,24.12428,100.35066,24.02428,100.45066,Sentinel-1B,SAR,27.0,51.7,Preprocessed,S2_002861.tif,1.25
2862,4,1,2018-06-19 11:14:28,27.06348,90.66503,27.16348,90.76503,27.16348,90.66503,27.06348,90.76503,Sentinel-2A,Optical,4.9,29.5,Raw,S2_002862.tif,4.68
2863,10,1,2024-01-24 09:53:28,23.69479,97.49696,23.79479,97.59696,23.79479,97.49696,23.69479,97.59696,Landsat-8,Optical,8.8,45.8,Analysis Ready,S2_002863.tif,1.39
2864,6,1,2020-03-03 07:29:53,26.47312,97.47135,26.57312,97.57135,26.57312,97.47135,26.47312,97.57135,Sentinel-2A,Optical,21.6,64.4,Preprocessed,S2_002864.tif,0.36
2865,61,8,2022-04-09 04:56:36,26.86752,90.25382,26.96752,90.35382,26.96752,90.25382,26.86752,90.35382,Landsat-9,Optical,8.5,94.0,Raw,S2_002865.tif,0.65
2866,45,5,2019-08-04 11:09:38,28.25592,94.68694,28.35592,94.78694,28.35592,94.68694,28.25592,94.78694,Sentinel-2A,Optical,13.7,19.9,Preprocessed,S2_002866.tif,0.7
2867,37,4,2020-11-08 08:25:10,26.78839,95.05087,26.88839,95.15087,26.88839,95.05087,26.78839,95.15087,Sentinel-2B,Optical,5.4,33.5,Raw,S2_002867.tif,4.91
2868,17,2,2022-05-29 10:24:03,23.51807,92.51676,23.61807,92.61676,23.61807,92.51676,23.51807,92.61676,Sentinel-2A,Optical,13.8,98.9,Preprocessed,S2_002868.tif,4.17
2869,33,4,2024-03-26 09:18:24,24.17825,99.98968,24.27825,100.08968,24.27825,99.98968,24.17825,100.08968,Sentinel-1A,SAR,24.9,58.0,Raw,S2_002869.tif,0.36
2870,60,8,2023-10-07 14:29:14,24.89613,96.37204,24.99613,96.47204,24.99613,96.37204,24.89613,96.47204,Landsat-8,Optical,15.5,21.3,Raw,S2_002870.tif,3.5
2871,51,6,2022-06-15 01:54:30,29.96354,91.29198,30.06354,91.39198,30.06354,91.29198,29.96354,91.39198,Sentinel-2B,Optical,24.3,14.1,Raw,S2_002871.tif,3.68
2872,25,3,2021-03-27 09:32:43,26.02826,96.97192,26.12826,97.07192,26.12826,96.97192,26.02826,97.07192,Sentinel-1B,SAR,15.2,20.5,Analysis Ready,S2_002872.tif,2.44
2873,7,1,2018-05-10 04:18:49,26.615,91.7784,26.715,91.8784,26.715,91.7784,26.615,91.8784,Sentinel-1B,SAR,29.2,79.1,Raw,S2_002873.tif,0.28
2874,41,5,2022-11-19 19:31:22,22.86069,93.85494,22.96069,93.95494,22.96069,93.85494,22.86069,93.95494,Sentinel-1B,SAR,8.5,27.0,Preprocessed,S2_002874.tif,1.08
2875,22,2,2020-12-14 11:15:40,22.46224,96.82171,22.56224,96.92171,22.56224,96.82171,22.46224,96.92171,RESOURCESAT-2,Optical,20.3,91.0,Analysis Ready,S2_002875.tif,3.47
2876,19,2,2023-06-29 05:51:30,24.30414,96.71815,24.40414,96.81815,24.40414,96.71815,24.30414,96.81815,Sentinel-1B,SAR,12.0,92.2,Analysis Ready,S2_002876.tif,2.47
2877,17,2,2020-01-09 10:13:41,23.92103,92.40208,24.02103,92.50208,24.02103,92.40208,23.92103,92.50208,Sentinel-1A,SAR,22.1,14.2,Analysis Ready,S2_002877.tif,1.66
2878,62,8,2019-01-18 03:43:13,27.0014,91.92367,27.1014,92.02367,27.1014,91.92367,27.0014,92.02367,Landsat-8,Optical,20.7,69.0,Analysis Ready,S2_002878.tif,0.06
2879,35,4,2023-03-31 13:32:30,22.7361,91.85242,22.8361,91.95242,22.8361,91.85242,22.7361,91.95242,Sentinel-2A,Optical,7.3,17.1,Analysis Ready,S2_002879.tif,3.2
2880,5,1,2021-12-15 18:03:39,23.42154,94.68837,23.52154,94.78837,23.52154,94.68837,23.42154,94.78837,Sentinel-1A,SAR,15.2,61.1,Analysis Ready,S2_002880.tif,0.91
2881,39,4,2020-02-18 04:43:36,27.15972,90.89208,27.25972,90.99208,27.25972,90.89208,27.15972,90.99208,Landsat-9,Optical,10.2,72.8,Analysis Ready,S2_002881.tif,1.37
2882,15,2,2020-09-21 11:02:00,27.13398,98.74284,27.23398,98.84284,27.23398,98.74284,27.13398,98.84284,Sentinel-2A,Optical,15.3,12.5,Raw,S2_002882.tif,0.7
2883,43,5,2021-03-02 20:25:08,29.78405,98.10711,29.88405,98.20711,29.88405,98.10711,29.78405,98.20711,Landsat-8,Optical,6.4,92.5,Raw,S2_002883.tif,4.67
2884,55,7,2024-02-06 23:54:25,29.46377,93.94376,29.56377,94.04376,29.56377,93.94376,29.46377,94.04376,Sentinel-1A,SAR,18.3,8.6,Preprocessed,S2_002884.tif,0.89
2885,15,2,2020-08-16 15:38:45,26.77475,99.02244,26.87475,99.12244,26.87475,99.02244,26.77475,99.12244,Landsat-8,Optical,13.4,66.2,Preprocessed,S2_002885.tif,4.8
2886,19,2,2021-07-06 23:17:34,24.61202,96.58316,24.71202,96.68316,24.71202,96.58316,24.61202,96.68316,Sentinel-2A,Optical,18.0,88.9,Raw,S2_002886.tif,0.15
2887,52,6,2020-01-17 02:50:46,28.76058,99.91076,28.86058,100.01076,28.86058,99.91076,28.76058,100.01076,Sentinel-2B,Optical,14.8,68.3,Raw,S2_002887.tif,0.68
2888,24,3,2024-06-25 08:39:50,24.08796,99.72935,24.18796,99.82935,24.18796,99.72935,24.08796,99.82935,Landsat-9,Optical,9.9,98.0,Raw,S2_002888.tif,4.85
2889,7,1,2019-05-29 19:13:58,26.35292,92.64127,26.45292,92.74127,26.45292,92.64127,26.35292,92.74127,Sentinel-1A,SAR,13.3,75.6,Analysis Ready,S2_002889.tif,1.58
2890,54,6,2021-11-23 02:32:19,29.2064,91.3992,29.3064,91.4992,29.3064,91.3992,29.2064,91.4992,Sentinel-1A,SAR,19.9,48.3,Analysis Ready,S2_002890.tif,1.8
2891,4,1,2019-06-23 08:12:57,27.1541,90.46986,27.2541,90.56986,27.2541,90.46986,27.1541,90.56986,Sentinel-1B,SAR,6.3,63.4,Analysis Ready,S2_002891.tif,3.59
2892,26,3,2018-04-22 20:37:42,24.21772,90.63424,24.31772,90.73424,24.31772,90.63424,24.21772,90.73424,Landsat-9,Optical,20.6,30.4,Preprocessed,S2_002892.tif,3.32
2893,50,6,2019-10-05 11:32:42,24.05535,92.36057,24.15535,92.46057,24.15535,92.36057,24.05535,92.46057,Landsat-8,Optical,7.7,79.4,Analysis Ready,S2_002893.tif,3.93
2894,18,2,2020-07-06 18:46:03,28.85449,98.35449,28.95449,98.45449,28.95449,98.35449,28.85449,98.45449,Sentinel-2B,Optical,21.9,68.3,Raw,S2_002894.tif,1.13
2895,61,8,2018-03-28 18:07:17,26.39539,90.2341,26.49539,90.3341,26.49539,90.2341,26.39539,90.3341,Sentinel-1A,SAR,29.0,23.3,Raw,S2_002895.tif,4.25
2896,7,1,2018-09-07 09:19:36,25.93039,91.9051,26.03039,92.0051,26.03039,91.9051,25.93039,92.0051,RESOURCESAT-2,Optical,26.6,62.7,Raw,S2_002896.tif,0.48
2897,8,1,2023-05-15 15:42:56,24.09924,98.48181,24.19924,98.58181,24.19924,98.48181,24.09924,98.58181,Landsat-9,Optical,22.3,77.8,Raw,S2_002897.tif,2.17
2898,23,3,2024-02-12 07:24:20,27.58232,91.38503,27.68232,91.48503,27.68232,91.38503,27.58232,91.48503,Sentinel-1B,SAR,13.0,94.1,Raw,S2_002898.tif,0.17
2899,54,6,2021-05-09 18:56:05,29.88171,91.57259,29.98171,91.67259,29.98171,91.57259,29.88171,91.67259,Sentinel-2A,Optical,7.2,0.5,Preprocessed,S2_002899.tif,3.88
2900,3,1,2019-12-15 03:17:30,27.70794,99.06138,27.80794,99.16138,27.80794,99.06138,27.70794,99.16138,Sentinel-1A,SAR,27.7,65.9,Analysis Ready,S2_002900.tif,3.32
2901,1,1,2021-04-02 01:24:50,27.296,90.4365,27.396,90.5365,27.396,90.4365,27.296,90.5365,Landsat-8,Optical,23.2,82.0,Preprocessed,S2_002901.tif,2.96
2902,4,1,2023-04-23 10:20:45,26.61819,90.4781,26.71819,90.5781,26.71819,90.4781,26.61819,90.5781,Landsat-9,Optical,22.0,76.8,Analysis Ready,S2_002902.tif,0.13
2903,38,4,2024-11-12 13:51:04,29.30511,98.49803,29.40511,98.59803,29.40511,98.49803,29.30511,98.59803,Sentinel-2A,Optical,13.3,23.1,Raw,S2_002903.tif,1.24
2904,50,6,2022-12-06 10:29:47,24.10953,92.88856,24.20953,92.98856,24.20953,92.88856,24.10953,92.98856,Sentinel-1B,SAR,16.0,25.7,Raw,S2_002904.tif,0.39
2905,50,6,2019-02-22 09:55:31,23.64053,92.35547,23.74053,92.45547,23.74053,92.35547,23.64053,92.45547,Sentinel-1A,SAR,21.4,29.3,Raw,S2_002905.tif,2.63
2906,20,2,2022-08-13 02:45:11,23.54978,93.12259,23.64978,93.22259,23.64978,93.12259,23.54978,93.22259,Sentinel-1A,SAR,25.4,93.2,Analysis Ready,S2_002906.tif,0.14
2907,46,5,2022-04-01 09:27:51,23.16748,97.74238,23.26748,97.84238,23.26748,97.74238,23.16748,97.84238,Landsat-9,Optical,26.4,10.1,Analysis Ready,S2_002907.tif,2.16
2908,35,4,2022-06-26 15:37:07,22.83522,91.95761,22.93522,92.05761,22.93522,91.95761,22.83522,92.05761,Landsat-9,Optical,8.3,92.0,Preprocessed,S2_002908.tif,4.37
2909,60,8,2022-06-25 00:42:37,24.8617,96.31571,24.9617,96.41571,24.9617,96.31571,24.8617,96.41571,Sentinel-2B,Optical,15.1,65.2,Preprocessed,S2_002909.tif,2.88
2910,33,4,2021-04-23 23:12:09,23.98374,100.30789,24.08374,100.40789,24.08374,100.30789,23.98374,100.40789,Landsat-8,Optical,16.4,93.7,Analysis Ready,S2_002910.tif,0.95
2911,2,1,2021-10-08 21:42:48,23.75691,91.4312,23.85691,91.5312,23.85691,91.4312,23.75691,91.5312,Sentinel-2B,Optical,18.6,22.1,Preprocessed,S2_002911.tif,1.86
2912,38,4,2019-02-24 02:59:24,29.66978,98.73242,29.76978,98.83242,29.76978,98.73242,29.66978,98.83242,Landsat-9,Optical,9.6,71.9,Preprocessed,S2_002912.tif,1.47
2913,56,7,2021-03-19 19:55:16,29.83054,97.78548,29.93054,97.88548,29.93054,97.78548,29.83054,97.88548,Sentinel-2B,Optical,7.6,80.3,Preprocessed,S2_002913.tif,0.82
2914,33,4,2024-05-15 05:08:36,24.08678,99.93102,24.18678,100.03102,24.18678,99.93102,24.08678,100.03102,Sentinel-2A,Optical,24.6,16.7,Analysis Ready,S2_002914.tif,4.31
2915,7,1,2020-02-07 09:10:43,26.79762,91.77727,26.89762,91.87727,26.89762,91.77727,26.79762,91.87727,Sentinel-2B,Optical,15.2,75.9,Preprocessed,S2_002915.tif,4.03
2916,51,6,2024-07-27 21:09:54,29.25615,91.2492,29.35615,91.3492,29.35615,91.2492,29.25615,91.3492,RESOURCESAT-2,Optical,15.3,44.0,Preprocessed,S2_002916.tif,0.95
2917,54,6,2020-03-03 22:43:34,29.72154,91.79059,29.82154,91.89059,29.82154,91.79059,29.72154,91.89059,Landsat-9,Optical,17.6,12.8,Preprocessed,S2_002917.tif,0.89
2918,36,4,2018-09-06 00:12:50,25.72336,90.38656,25.82336,90.48656,25.82336,90.38656,25.72336,90.48656,Sentinel-1A,SAR,26.1,25.1,Raw,S2_002918.tif,0.71
2919,60,8,2023-06-28 22:03:07,24.71463,95.60878,24.81463,95.70878,24.81463,95.60878,24.71463,95.70878,Sentinel-1B,SAR,21.8,78.1,Raw,S2_002919.tif,0.39
2920,34,4,2019-05-11 06:02:29,25.82596,98.00305,25.92596,98.10305,25.92596,98.00305,25.82596,98.10305,RESOURCESAT-2,Optical,28.8,35.5,Preprocessed,S2_002920.tif,3.41
2921,46,5,2022-05-29 13:40:59,23.06423,97.8583,23.16423,97.9583,23.16423,97.8583,23.06423,97.9583,Sentinel-2A,Optical,7.3,86.0,Preprocessed,S2_002921.tif,2.81
2922,57,7,2021-02-14 01:30:28,23.47225,93.10718,23.57225,93.20718,23.57225,93.10718,23.47225,93.20718,Landsat-8,Optical,19.3,75.0,Analysis Ready,S2_002922.tif,4.09
2923,20,2,2018-04-15 13:58:06,23.2308,93.6492,23.3308,93.7492,23.3308,93.6492,23.2308,93.7492,RESOURCESAT-2,Optical,28.0,71.9,Preprocessed,S2_002923.tif,4.45
2924,41,5,2023-03-19 18:16:53,22.96991,93.94238,23.06991,94.04238,23.06991,93.94238,22.96991,94.04238,Landsat-8,Optical,28.6,90.7,Preprocessed,S2_002924.tif,3.84
2925,11,1,2018-04-08 05:04:15,22.28083,91.27288,22.38083,91.37288,22.38083,91.27288,22.28083,91.37288,Sentinel-2A,Optical,22.9,28.5,Analysis Ready,S2_002925.tif,3.24
2926,50,6,2024-06-02 19:55:32,24.01656,92.00664,24.11656,92.10664,24.11656,92.00664,24.01656,92.10664,Landsat-9,Optical,8.5,5.6,Analysis Ready,S2_002926.tif,4.38
2927,3,1,2020-01-26 11:41:59,27.84067,98.58742,27.94067,98.68742,27.94067,98.58742,27.84067,98.68742,RESOURCESAT-2,Optical,28.4,17.2,Analysis Ready,S2_002927.tif,2.09
2928,29,3,2019-07-24 04:27:26,26.06613,99.00582,26.16613,99.10582,26.16613,99.00582,26.06613,99.10582,Sentinel-2B,Optical,24.6,96.4,Preprocessed,S2_002928.tif,2.5
2929,31,3,2021-08-15 03:40:07,27.57251,95.33819,27.67251,95.43819,27.67251,95.33819,27.57251,95.43819,Sentinel-1B,SAR,4.4,10.1,Preprocessed,S2_002929.tif,0.64
2930,17,2,2024-11-24 11:49:17,23.98844,93.19068,24.08844,93.29068,24.08844,93.19068,23.98844,93.29068,Sentinel-2A,Optical,10.9,80.3,Raw,S2_002930.tif,1.44
2931,39,4,2019-12-25 11:34:55,27.20212,91.12217,27.30212,91.22217,27.30212,91.12217,27.20212,91.22217,RESOURCESAT-2,Optical,17.6,62.2,Preprocessed,S2_002931.tif,2.9
2932,44,5,2023-11-08 06:16:28,29.0102,98.99094,29.1102,99.09094,29.1102,98.99094,29.0102,99.09094,Landsat-8,Optical,30.0,86.2,Analysis Ready,S2_002932.tif,0.31
2933,51,6,2024-12-10 23:29:19,30.07224,90.59946,30.17224,90.69946,30.17224,90.59946,30.07224,90.69946,Sentinel-1A,SAR,25.8,40.1,Raw,S2_002933.tif,0.1
2934,9,1,2021-11-04 17:17:39,27.60879,93.58763,27.70879,93.68763,27.70879,93.58763,27.60879,93.68763,Sentinel-2B,Optical,21.7,94.1,Raw,S2_002934.tif,0.84
2935,38,4,2019-11-28 15:37:41,29.75528,98.97765,29.85528,99.07765,29.85528,98.97765,29.75528,99.07765,Landsat-9,Optical,13.2,48.3,Preprocessed,S2_002935.tif,4.19
2936,54,6,2022-05-18 17:07:05,29.44134,91.6286,29.54134,91.7286,29.54134,91.6286,29.44134,91.7286,Sentinel-1B,SAR,10.7,93.7,Raw,S2_002936.tif,0.79
2937,29,3,2023-03-29 01:51:04,26.16535,99.02116,26.26535,99.12116,26.26535,99.02116,26.16535,99.12116,Sentinel-2A,Optical,20.8,9.5,Preprocessed,S2_002937.tif,3.11
2938,31,3,2019-02-18 05:58:37,28.01554,95.62741,28.11554,95.72741,28.11554,95.62741,28.01554,95.72741,Sentinel-1A,SAR,29.8,31.9,Preprocessed,S2_002938.tif,4.34
2939,39,4,2018-02-10 21:57:58,27.50671,91.30857,27.60671,91.40857,27.60671,91.30857,27.50671,91.40857,Sentinel-2A,Optical,17.9,76.1,Preprocessed,S2_002939.tif,3.78
2940,4,1,2022-10-04 21:02:47,26.35708,89.93871,26.45708,90.03871,26.45708,89.93871,26.35708,90.03871,Sentinel-2B,Optical,21.6,25.1,Analysis Ready,S2_002940.tif,0.96
2941,14,2,2019-03-15 00:30:20,22.69857,93.26252,22.79857,93.36252,22.79857,93.26252,22.69857,93.36252,Sentinel-1A,SAR,8.4,91.6,Preprocessed,S2_002941.tif,2.09
2942,10,1,2024-04-17 01:58:24,24.03508,97.19885,24.13508,97.29885,24.13508,97.19885,24.03508,97.29885,Sentinel-2A,Optical,22.5,47.8,Raw,S2_002942.tif,1.89
2943,31,3,2022-01-28 05:29:05,28.45839,95.38348,28.55839,95.48348,28.55839,95.38348,28.45839,95.48348,Sentinel-2B,Optical,3.1,0.1,Preprocessed,S2_002943.tif,2.31
2944,12,1,2021-03-12 22:40:58,27.27761,97.94687,27.37761,98.04687,27.37761,97.94687,27.27761,98.04687,Sentinel-2A,Optical,9.0,2.1,Preprocessed,S2_002944.tif,1.48
2945,44,5,2023-02-25 15:31:58,28.91818,98.758,29.01818,98.858,29.01818,98.758,28.91818,98.858,Sentinel-1A,SAR,23.3,80.6,Analysis Ready,S2_002945.tif,1.95
2946,3,1,2023-08-02 08:55:58,27.7544,99.33537,27.8544,99.43537,27.8544,99.33537,27.7544,99.43537,Sentinel-1B,SAR,9.4,18.0,Raw,S2_002946.tif,3.18
2947,28,3,2024-12-12 17:54:55,29.20369,93.41799,29.30369,93.51799,29.30369,93.41799,29.20369,93.51799,RESOURCESAT-2,Optical,28.2,71.3,Analysis Ready,S2_002947.tif,3.93
2948,25,3,2024-01-22 12:22:37,26.44313,96.49923,26.54313,96.59923,26.54313,96.49923,26.44313,96.59923,Sentinel-1A,SAR,12.8,32.2,Raw,S2_002948.tif,1.39
2949,6,1,2018-08-24 18:51:45,26.58869,97.4373,26.68869,97.5373,26.68869,97.4373,26.58869,97.5373,Sentinel-2A,Optical,20.7,30.2,Raw,S2_002949.tif,1.06
2950,26,3,2020-03-01 15:15:37,23.58607,90.05108,23.68607,90.15108,23.68607,90.05108,23.58607,90.15108,Sentinel-1A,SAR,22.7,57.3,Analysis Ready,S2_002950.tif,1.01
2951,25,3,2020-06-22 04:04:40,26.89038,97.01199,26.99038,97.11199,26.99038,97.01199,26.89038,97.11199,Sentinel-2A,Optical,5.4,54.4,Raw,S2_002951.tif,4.54
2952,50,6,2018-10-18 06:10:14,23.59632,92.78115,23.69632,92.88115,23.69632,92.78115,23.59632,92.88115,Sentinel-1B,SAR,29.6,75.1,Analysis Ready,S2_002952.tif,3.84
2953,28,3,2024-08-07 12:39:59,29.35172,93.64148,29.45172,93.74148,29.45172,93.64148,29.35172,93.74148,Sentinel-2A,Optical,26.8,11.9,Raw,S2_002953.tif,0.32
2954,11,1,2021-09-04 02:17:58,22.81055,90.8087,22.91055,90.9087,22.91055,90.8087,22.81055,90.9087,Landsat-9,Optical,22.6,56.5,Raw,S2_002954.tif,1.74
2955,42,5,2020-03-05 11:32:14,22.05539,96.79988,22.15539,96.89988,22.15539,96.79988,22.05539,96.89988,Sentinel-1A,SAR,17.4,35.2,Raw,S2_002955.tif,2.1
2956,49,6,2021-12-21 03:21:02,29.25724,98.70586,29.35724,98.80586,29.35724,98.70586,29.25724,98.80586,Landsat-8,Optical,4.4,95.3,Analysis Ready,S2_002956.tif,1.56
2957,22,2,2019-12-09 01:09:54,23.05091,96.66836,23.15091,96.76836,23.15091,96.66836,23.05091,96.76836,RESOURCESAT-2,Optical,19.1,61.5,Raw,S2_002957.tif,1.95
2958,16,2,2024-12-24 11:13:14,23.61841,90.65982,23.71841,90.75982,23.71841,90.65982,23.61841,90.75982,Sentinel-1B,SAR,9.1,11.4,Analysis Ready,S2_002958.tif,4.42
2959,32,3,2022-06-28 00:30:03,25.53705,95.85542,25.63705,95.95542,25.63705,95.85542,25.53705,95.95542,Landsat-8,Optical,6.4,35.9,Analysis Ready,S2_002959.tif,4.9
2960,44,5,2019-12-12 06:31:51,29.36544,98.68483,29.46544,98.78483,29.46544,98.68483,29.36544,98.78483,Sentinel-1B,SAR,16.8,9.4,Preprocessed,S2_002960.tif,2.08
2961,22,2,2023-11-19 19:00:49,22.19213,96.32058,22.29213,96.42058,22.29213,96.32058,22.19213,96.42058,Sentinel-2A,Optical,15.1,45.7,Raw,S2_002961.tif,3.72
2962,46,5,2023-10-25 13:53:23,23.64369,97.20476,23.74369,97.30476,23.74369,97.20476,23.64369,97.30476,Sentinel-1B,SAR,12.6,94.8,Preprocessed,S2_002962.tif,2.78
2963,28,3,2019-04-27 09:54:27,28.69174,93.21111,28.79174,93.31111,28.79174,93.21111,28.69174,93.31111,Sentinel-1B,SAR,15.6,7.5,Raw,S2_002963.tif,2.35
2964,21,2,2020-10-25 20:57:12,24.28333,99.59501,24.38333,99.69501,24.38333,99.59501,24.28333,99.69501,Landsat-8,Optical,24.2,50.1,Analysis Ready,S2_002964.tif,1.28
2965,30,3,2024-02-09 18:29:43,26.10495,92.75761,26.20495,92.85761,26.20495,92.75761,26.10495,92.85761,Sentinel-2B,Optical,25.2,53.8,Preprocessed,S2_002965.tif,3.26
2966,42,5,2023-12-28 04:30:03,22.40207,97.16094,22.50207,97.26094,22.50207,97.16094,22.40207,97.26094,Landsat-9,Optical,6.4,64.0,Preprocessed,S2_002966.tif,3.55
2967,23,3,2020-04-24 11:17:57,27.97995,91.71193,28.07995,91.81193,28.07995,91.71193,27.97995,91.81193,Landsat-8,Optical,10.8,20.0,Raw,S2_002967.tif,0.28
2968,3,1,2018-05-06 23:42:50,27.60843,99.32694,27.70843,99.42694,27.70843,99.32694,27.60843,99.42694,Sentinel-1A,SAR,27.1,71.1,Raw,S2_002968.tif,1.01
2969,52,6,2020-10-13 05:13:46,28.48021,99.34646,28.58021,99.44646,28.58021,99.34646,28.48021,99.44646,Sentinel-2B,Optical,11.5,35.1,Raw,S2_002969.tif,3.07
2970,26,3,2020-09-06 16:01:27,23.67729,90.28797,23.77729,90.38797,23.77729,90.28797,23.67729,90.38797,RESOURCESAT-2,Optical,18.8,65.7,Preprocessed,S2_002970.tif,2.38
2971,2,1,2020-06-17 05:40:33,23.94733,91.19807,24.04733,91.29807,24.04733,91.19807,23.94733,91.29807,Sentinel-2A,Optical,3.6,49.4,Analysis Ready,S2_002971.tif,0.73
2972,54,6,2023-03-26 07:29:11,29.22782,91.47743,29.32782,91.57743,29.32782,91.47743,29.22782,91.57743,Sentinel-2B,Optical,21.1,53.4,Raw,S2_002972.tif,0.27
2973,20,2,2019-11-14 15:18:53,23.08835,93.68256,23.18835,93.78256,23.18835,93.68256,23.08835,93.78256,Sentinel-2A,Optical,25.8,13.6,Analysis Ready,S2_002973.tif,3.77
2974,62,8,2024-02-20 14:27:38,27.2984,92.3212,27.3984,92.4212,27.3984,92.3212,27.2984,92.4212,Sentinel-1B,SAR,10.3,19.1,Analysis Ready,S2_002974.tif,3.68
2975,15,2,2020-03-21 17:27:05,26.75471,98.43652,26.85471,98.53652,26.85471,98.43652,26.75471,98.53652,RESOURCESAT-2,Optical,28.3,99.2,Raw,S2_002975.tif,1.41
2976,10,1,2022-05-29 09:13:24,23.7315,97.51022,23.8315,97.61022,23.8315,97.51022,23.7315,97.61022,Landsat-9,Optical,9.2,21.1,Raw,S2_002976.tif,3.02
2977,33,4,2021-04-20 19:45:08,23.89528,99.55803,23.99528,99.65803,23.99528,99.55803,23.89528,99.65803,Sentinel-2A,Optical,23.9,94.7,Preprocessed,S2_002977.tif,2.92
2978,26,3,2020-10-15 18:25:56,24.28931,90.57371,24.38931,90.67371,24.38931,90.57371,24.28931,90.67371,Sentinel-2B,Optical,6.3,55.5,Analysis Ready,S2_002978.tif,1.3
2979,17,2,2023-02-16 03:54:54,23.91565,92.53987,24.01565,92.63987,24.01565,92.53987,23.91565,92.63987,Sentinel-2A,Optical,17.0,9.5,Analysis Ready,S2_002979.tif,1.92
2980,39,4,2019-08-13 22:07:05,27.67702,90.842,27.77702,90.942,27.77702,90.842,27.67702,90.942,Sentinel-2A,Optical,3.4,33.0,Analysis Ready,S2_002980.tif,4.31
2981,21,2,2021-05-07 02:35:13,24.26363,99.37928,24.36363,99.47928,24.36363,99.37928,24.26363,99.47928,Landsat-8,Optical,4.5,53.1,Preprocessed,S2_002981.tif,2.74
2982,8,1,2023-03-06 17:43:13,23.74471,98.88392,23.84471,98.98392,23.84471,98.88392,23.74471,98.98392,Sentinel-2A,Optical,29.0,52.3,Raw,S2_002982.tif,4.46
2983,22,2,2018-06-02 05:23:27,22.76723,95.85196,22.86723,95.95196,22.86723,95.85196,22.76723,95.95196,Sentinel-2A,Optical,20.3,94.4,Analysis Ready,S2_002983.tif,0.03
2984,37,4,2023-08-30 20:39:29,26.57079,94.49171,26.67079,94.59171,26.67079,94.49171,26.57079,94.59171,Landsat-9,Optical,23.5,34.8,Raw,S2_002984.tif,1.19
2985,39,4,2023-01-12 19:21:20,27.09798,90.74771,27.19798,90.84771,27.19798,90.74771,27.09798,90.84771,RESOURCESAT-2,Optical,4.8,94.0,Raw,S2_002985.tif,2.33
2986,32,3,2022-02-01 12:50:53,25.51349,96.05963,25.61349,96.15963,25.61349,96.05963,25.51349,96.15963,Sentinel-2B,Optical,9.9,48.1,Analysis Ready,S2_002986.tif,4.58
2987,23,3,2020-03-01 18:27:43,28.28522,91.89814,28.38522,91.99814,28.38522,91.89814,28.28522,91.99814,Sentinel-1A,SAR,9.5,22.0,Preprocessed,S2_002987.tif,2.07
2988,22,2,2019-06-24 09:59:17,22.67684,96.76459,22.77684,96.86459,22.77684,96.76459,22.67684,96.86459,Landsat-8,Optical,20.8,67.7,Raw,S2_002988.tif,0.4
2989,39,4,2022-10-04 19:14:37,27.01756,91.2111,27.11756,91.3111,27.11756,91.2111,27.01756,91.3111,Landsat-8,Optical,28.9,29.2,Analysis Ready,S2_002989.tif,2.06
2990,19,2,2024-03-17 23:49:15,24.35276,96.06348,24.45276,96.16348,24.45276,96.06348,24.35276,96.16348,Landsat-8,Optical,25.8,61.6,Analysis Ready,S2_002990.tif,1.88
2991,14,2,2018-06-22 17:25:58,22.30431,92.89713,22.40431,92.99713,22.40431,92.89713,22.30431,92.99713,Sentinel-1A,SAR,17.8,61.5,Preprocessed,S2_002991.tif,2.21
2992,52,6,2020-06-24 16:30:12,28.85983,99.59984,28.95983,99.69984,28.95983,99.59984,28.85983,99.69984,Landsat-8,Optical,10.3,58.2,Analysis Ready,S2_002992.tif,1.82
2993,8,1,2019-01-01 23:40:29,24.5221,98.77475,24.6221,98.87475,24.6221,98.77475,24.5221,98.87475,Landsat-9,Optical,6.3,17.6,Preprocessed,S2_002993.tif,1.11
2994,1,1,2023-10-11 22:43:20,26.99734,90.57013,27.09734,90.67013,27.09734,90.57013,26.99734,90.67013,Sentinel-2B,Optical,19.0,53.6,Raw,S2_002994.tif,1.96
2995,28,3,2024-09-22 15:07:03,28.88781,93.46417,28.98781,93.56417,28.98781,93.46417,28.88781,93.56417,Sentinel-2A,Optical,10.5,47.8,Raw,S2_002995.tif,1.25
2996,50,6,2022-03-10 02:38:10,23.74946,92.88905,23.84946,92.98905,23.84946,92.88905,23.74946,92.98905,Landsat-8,Optical,7.4,9.0,Raw,S2_002996.tif,0.21
2997,38,4,2020-09-09 07:15:14,29.86919,98.32802,29.96919,98.42802,29.96919,98.32802,29.86919,98.42802,Sentinel-1B,SAR,14.7,41.9,Preprocessed,S2_002997.tif,4.97
2998,57,7,2024-07-27 04:09:49,23.42998,92.75167,23.52998,92.85167,23.52998,92.75167,23.42998,92.85167,Sentinel-1A,SAR,10.4,28.1,Raw,S2_002998.tif,0.89
2999,1,1,2023-11-27 10:22:15,27.04788,90.04457,27.14788,90.14457,27.14788,90.04457,27.04788,90.14457,Sentinel-1A,SAR,19.1,3.1,Raw,S2_002999.tif,2.56
3000,53,6,2022-12-16 19:32:39,28.47721,90.96536,28.57721,91.06536,28.57721,90.96536,28.47721,91.06536,Landsat-8,Optical,4.8,43.3,Raw,S2_003000.tif,4.61
