record_id,slope_id,district_id,measurement_date,depth_m,moisture_content_pct,saturation_ratio,porosity_pct,cohesion_kpa,friction_angle_deg,permeability_cm_s,bulk_density_g_cc,sand_pct,silt_pct,clay_pct,hydrological_group,drainage_class
1,33,36,2024-02-26,1.62,18.2,0.397,31.7,79.0,28.3,1.467,2.11,29,25,46,D,Moderately Drained
2,214,18,2023-02-20,0.15,20.6,0.757,67.2,26.6,40.2,32.58,2.14,59,21,20,B,Moderately Drained
3,399,2,2024-05-10,0.41,45.1,0.291,35.5,11.5,17.4,0.456,2.04,60,35,5,D,Poorly Drained
4,422,28,2021-12-22,2.24,11.4,0.561,32.4,79.6,38.6,36.707,2.1,32,19,49,C,Well Drained
5,285,41,2024-09-27,0.22,42.3,0.17,67.1,63.5,28.2,41.328,1.19,37,59,4,C,Moderately Drained
6,377,24,2020-12-28,2.76,34.1,0.614,44.1,30.2,41.8,21.113,1.3,33,21,46,D,Moderately Drained
7,23,48,2019-11-29,2.6,31.4,0.172,61.8,44.8,35.8,38.09,0.81,37,44,19,C,Poorly Drained
8,203,36,2022-07-24,2.32,58.3,0.971,75.8,6.6,28.9,23.571,1.62,28,21,51,B,Poorly Drained
9,361,43,2024-09-02,1.48,21.1,0.78,20.8,52.0,32.9,34.947,2.15,20,52,28,B,Poorly Drained
10,422,28,2022-07-22,1.75,36.8,0.758,60.5,2.6,39.6,36.079,1.76,68,21,11,C,Well Drained
11,259,40,2024-05-13,1.02,50.1,0.619,76.9,64.0,29.4,3.569,1.1,19,29,52,A,Moderately Drained
12,311,5,2019-10-08,1.28,12.2,0.28,32.1,64.8,31.9,33.757,0.99,58,5,37,A,Well Drained
13,231,52,2019-02-26,0.95,42.8,0.978,40.9,56.1,16.6,42.517,1.56,18,32,50,A,Moderately Drained
14,347,36,2022-06-15,1.85,32.4,0.954,58.1,27.7,32.9,38.332,2.2,30,15,55,C,Well Drained
15,311,5,2021-07-03,2.75,24.8,0.798,18.4,35.8,28.4,23.383,1.7,25,50,25,A,Well Drained
16,340,31,2024-10-06,2.58,55.7,0.527,36.5,8.9,22.3,35.395,1.13,59,13,28,C,Moderately Drained
17,269,36,2024-01-13,0.36,30.4,0.913,49.1,30.8,16.1,44.235,1.57,59,7,34,B,Poorly Drained
18,485,57,2018-09-12,0.1,43.9,0.275,44.4,69.3,35.7,34.633,1.97,60,35,5,C,Well Drained
19,145,47,2022-08-08,2.18,31.4,0.553,35.2,18.4,42.1,5.584,0.98,32,21,47,A,Well Drained
20,49,36,2018-06-06,2.59,34.2,0.563,22.7,8.0,28.0,4.133,1.71,51,44,5,A,Poorly Drained
21,155,34,2018-12-18,0.13,47.0,0.631,67.2,14.3,39.8,40.686,1.42,72,10,18,C,Moderately Drained
22,18,60,2020-03-14,1.21,46.5,0.558,10.0,78.3,25.9,49.223,1.0,79,21,0,C,Moderately Drained
23,314,31,2023-06-08,0.44,54.5,0.942,61.4,15.3,44.3,3.483,0.94,66,29,5,C,Moderately Drained
24,477,40,2018-03-14,1.77,24.9,0.469,66.2,52.7,44.8,18.222,1.63,17,23,60,B,Poorly Drained
25,107,47,2023-09-08,1.59,59.0,0.289,43.2,57.9,41.9,36.2,1.25,29,25,46,B,Moderately Drained
26,57,1,2021-11-25,2.84,22.2,0.582,78.6,30.8,28.9,14.594,0.93,59,34,7,C,Moderately Drained
27,480,56,2023-07-09,0.54,17.4,0.352,28.5,10.6,24.4,37.841,1.63,35,59,6,A,Well Drained
28,227,37,2022-11-27,0.9,48.7,0.402,73.7,43.1,34.6,15.378,1.39,73,24,3,D,Well Drained
29,124,27,2023-09-23,2.84,35.9,0.533,18.8,46.2,40.4,3.14,0.92,66,28,6,D,Poorly Drained
30,224,56,2019-07-03,2.07,7.9,0.576,44.0,66.0,29.2,10.167,2.19,56,33,11,B,Poorly Drained
31,484,10,2022-12-26,2.85,48.3,0.228,65.0,29.3,30.5,49.542,1.16,25,42,33,B,Well Drained
32,452,34,2024-12-01,1.42,35.7,0.2,52.4,47.9,31.3,42.997,0.89,37,45,18,B,Moderately Drained
33,133,25,2020-01-17,2.83,45.5,0.254,72.3,40.8,44.3,40.697,1.91,69,26,5,B,Well Drained
34,224,56,2020-06-08,0.21,44.5,0.706,57.0,77.9,38.0,17.531,1.57,20,36,44,A,Moderately Drained
35,347,36,2024-07-05,1.58,16.4,0.834,17.6,35.5,35.5,45.767,1.73,38,49,13,B,Well Drained
36,481,6,2022-10-17,1.17,41.7,0.961,70.0,20.5,32.1,27.804,1.06,44,49,7,C,Moderately Drained
37,196,48,2019-06-21,0.74,27.5,0.416,62.8,67.7,18.7,9.65,1.36,35,45,20,D,Poorly Drained
38,88,36,2019-08-03,1.92,48.5,0.844,29.7,37.9,28.3,46.997,1.71,18,9,73,D,Poorly Drained
39,210,17,2018-03-06,2.49,43.8,0.253,70.9,50.8,25.7,7.935,1.54,52,43,5,B,Moderately Drained
40,104,21,2020-09-03,2.69,45.0,0.758,12.3,35.6,28.1,45.389,0.9,19,24,57,D,Moderately Drained
41,98,27,2024-12-06,2.12,41.4,0.752,50.5,39.7,17.0,31.094,1.93,79,16,5,A,Well Drained
42,222,50,2021-04-02,1.25,41.9,0.329,44.0,57.9,27.0,34.981,1.02,30,25,45,D,Poorly Drained
43,98,27,2023-09-12,0.9,57.6,0.657,33.0,79.8,23.7,27.187,0.83,13,36,51,B,Well Drained
44,264,39,2018-07-04,1.91,10.2,0.741,64.1,10.5,35.3,18.062,1.09,79,17,4,D,Poorly Drained
45,335,8,2020-09-08,1.73,10.5,0.311,73.1,16.6,16.4,41.506,2.14,26,36,38,B,Well Drained
46,190,55,2020-10-02,1.96,5.5,0.582,67.2,49.0,19.2,34.919,1.35,19,45,36,B,Moderately Drained
47,345,12,2021-09-21,1.78,6.9,0.653,47.2,68.2,39.0,35.953,1.23,14,40,46,A,Poorly Drained
48,72,18,2020-10-26,2.53,34.5,0.681,30.3,26.4,39.5,20.002,1.05,64,22,14,C,Moderately Drained
49,479,15,2021-01-18,0.37,31.5,0.55,17.8,8.4,33.3,43.234,0.8,47,48,5,D,Moderately Drained
50,458,31,2021-03-09,0.32,8.3,0.545,54.7,38.0,38.0,1.293,1.53,59,13,28,A,Moderately Drained
51,36,33,2019-11-16,2.2,57.3,0.547,56.6,64.9,32.5,39.482,1.68,50,38,12,D,Well Drained
52,366,16,2022-09-18,0.43,20.0,0.639,63.9,27.2,16.4,25.25,1.09,56,39,5,B,Well Drained
53,137,29,2022-06-24,0.4,14.4,0.163,39.4,39.2,25.3,15.137,1.48,55,12,33,B,Poorly Drained
54,250,11,2021-05-31,0.6,36.8,0.276,72.7,31.4,28.5,24.391,1.5,17,51,32,B,Poorly Drained
55,184,38,2018-10-11,1.1,31.0,0.385,42.5,72.0,23.5,19.321,1.5,47,48,5,D,Poorly Drained
56,27,58,2021-03-07,1.6,14.6,0.44,74.0,64.2,15.4,20.246,1.24,50,9,41,D,Well Drained
57,207,34,2021-10-15,1.98,31.2,0.941,71.3,76.9,31.7,3.298,1.61,34,58,8,B,Moderately Drained
58,129,49,2024-01-22,1.93,47.4,0.576,20.2,0.3,41.6,0.152,1.73,60,35,5,C,Moderately Drained
59,25,29,2018-02-27,1.88,44.7,0.339,43.7,24.9,26.0,13.004,0.89,42,39,19,D,Poorly Drained
60,206,9,2022-11-15,1.11,47.8,0.251,63.6,43.9,24.7,23.181,1.47,33,14,53,D,Poorly Drained
61,397,54,2021-12-04,0.69,22.5,0.649,71.7,52.5,43.9,3.334,1.11,30,10,60,A,Poorly Drained
62,298,41,2018-08-18,2.41,6.3,0.738,79.3,48.7,19.4,31.982,2.16,56,10,34,C,Poorly Drained
63,163,6,2023-01-07,1.63,27.1,0.167,36.5,67.8,18.4,33.069,0.8,26,30,44,B,Moderately Drained
64,108,42,2023-02-10,0.67,57.0,0.135,14.3,21.4,16.0,8.503,1.76,54,16,30,B,Moderately Drained
65,340,31,2018-06-03,1.5,24.9,0.398,55.0,26.0,22.6,47.963,1.72,74,21,5,A,Well Drained
66,377,24,2021-08-01,2.02,12.6,0.758,12.0,13.1,27.8,23.005,0.95,60,35,5,B,Moderately Drained
67,440,51,2024-09-18,2.02,41.5,0.501,57.4,72.3,44.1,35.875,2.04,22,16,62,A,Moderately Drained
68,437,26,2020-07-10,1.68,7.6,0.72,10.0,67.0,40.5,11.463,1.87,8,9,83,C,Poorly Drained
69,361,43,2024-01-03,0.41,18.9,0.945,73.7,53.0,19.3,4.611,1.31,45,21,34,D,Poorly Drained
70,178,33,2019-05-16,1.78,12.8,0.696,14.4,16.5,41.0,39.063,0.85,11,33,56,D,Moderately Drained
71,36,33,2019-08-19,1.94,12.8,0.315,60.1,3.2,20.6,7.231,1.51,26,35,39,C,Poorly Drained
72,458,31,2018-05-30,2.79,23.0,0.381,37.2,4.2,20.6,46.608,1.38,67,28,5,B,Well Drained
73,485,57,2021-04-21,1.83,39.8,0.276,24.8,63.7,20.0,2.955,1.26,75,22,3,C,Moderately Drained
74,301,14,2024-09-11,1.53,56.7,0.438,22.1,7.0,30.2,41.36,1.47,15,50,35,A,Well Drained
75,46,15,2020-04-23,2.64,42.3,0.257,36.2,31.8,43.5,28.427,2.17,22,17,61,C,Moderately Drained
76,335,8,2023-04-08,0.42,42.3,0.913,64.1,43.9,26.6,3.949,1.48,66,29,5,D,Moderately Drained
77,487,39,2021-12-04,2.02,29.8,0.948,71.7,45.6,29.0,23.101,1.96,56,39,5,B,Well Drained
78,385,6,2021-09-29,2.98,42.3,0.955,48.5,35.3,19.4,48.82,1.47,73,22,5,A,Well Drained
79,428,54,2018-04-27,1.66,57.9,0.478,54.8,33.5,31.6,11.646,1.29,18,31,51,A,Well Drained
80,262,52,2021-05-01,2.71,21.4,0.216,63.6,47.9,26.6,42.351,1.43,60,35,5,D,Well Drained
81,382,31,2023-03-05,2.22,45.8,0.497,23.3,24.5,33.1,42.902,0.92,63,7,30,C,Well Drained
82,128,44,2021-12-01,0.32,16.6,0.976,35.8,79.2,18.3,5.435,1.77,15,35,50,A,Well Drained
83,447,12,2021-05-20,2.83,46.2,0.615,57.4,37.0,24.7,47.679,1.5,23,11,66,C,Moderately Drained
84,390,28,2019-10-08,1.24,18.6,0.297,11.2,4.6,34.7,35.062,1.68,53,25,22,C,Moderately Drained
85,306,45,2019-12-22,1.71,53.2,0.64,70.2,18.5,39.0,37.291,1.54,74,21,5,C,Moderately Drained
86,55,41,2021-02-13,1.84,48.8,0.706,75.4,9.3,40.0,7.53,1.3,9,12,79,A,Poorly Drained
87,413,7,2024-03-09,0.18,19.7,0.938,52.8,38.0,30.8,32.624,1.45,10,40,50,C,Moderately Drained
88,239,11,2020-10-25,0.21,23.0,0.688,44.7,72.9,39.9,49.396,1.01,37,8,55,C,Moderately Drained
89,199,1,2022-06-29,1.98,48.7,0.518,27.8,36.3,35.6,36.167,1.62,63,25,12,A,Moderately Drained
90,312,23,2019-09-28,2.63,48.6,0.205,34.4,2.6,29.0,41.335,0.82,55,41,4,C,Moderately Drained
91,300,25,2021-10-22,2.15,58.2,0.366,34.1,29.8,26.2,48.768,1.3,48,10,42,D,Moderately Drained
92,304,49,2024-01-15,1.76,11.9,0.913,72.1,43.4,31.3,12.635,1.93,53,42,5,C,Poorly Drained
93,4,19,2018-07-29,2.38,39.0,0.279,33.1,64.3,30.5,40.503,1.67,12,41,47,C,Well Drained
94,413,7,2020-09-11,1.38,40.0,0.665,76.2,22.9,30.8,20.475,1.14,31,56,13,D,Moderately Drained
95,325,10,2024-12-27,2.5,56.6,0.271,62.8,78.1,31.7,21.136,1.84,56,39,5,D,Poorly Drained
96,310,38,2021-06-01,2.7,55.3,0.688,36.4,48.6,30.8,3.432,1.48,74,21,5,C,Well Drained
97,391,33,2018-10-12,1.39,46.3,0.181,33.5,50.2,39.0,8.725,1.02,9,46,45,A,Moderately Drained
98,180,62,2021-05-18,0.38,29.5,0.239,42.3,43.3,25.0,6.451,1.81,39,19,42,A,Moderately Drained
99,244,42,2021-05-15,0.18,21.7,0.206,63.1,11.6,32.6,5.378,1.24,77,18,5,D,Well Drained
100,439,51,2021-04-03,2.7,33.0,0.234,62.3,54.2,23.7,40.766,1.07,58,27,15,A,Well Drained
101,297,55,2018-02-13,1.97,17.6,0.802,76.3,22.9,43.0,4.194,1.6,23,18,59,C,Moderately Drained
102,55,41,2023-04-06,0.28,18.9,0.604,79.5,27.5,41.9,32.942,2.15,36,47,17,B,Well Drained
103,107,47,2019-07-11,0.91,6.3,0.197,66.2,29.9,30.3,11.001,1.01,54,7,39,A,Well Drained
104,297,55,2024-11-11,1.11,41.2,0.633,23.2,40.9,27.5,30.783,1.77,18,41,41,D,Poorly Drained
105,81,61,2021-05-03,1.88,34.3,0.843,76.4,55.7,29.8,22.855,1.26,78,15,7,B,Well Drained
106,115,9,2023-12-11,0.21,15.6,0.539,56.7,49.3,16.8,33.744,2.18,59,30,11,C,Poorly Drained
107,462,13,2022-02-04,0.88,20.9,0.561,21.5,67.1,29.2,14.391,1.98,80,15,5,D,Moderately Drained
108,159,55,2024-04-14,1.95,25.3,0.873,79.5,11.6,39.1,13.287,1.66,30,7,63,C,Poorly Drained
109,319,12,2018-02-22,0.46,33.7,0.543,49.6,79.5,37.3,11.731,1.91,11,57,32,C,Poorly Drained
110,325,10,2020-02-06,0.32,18.2,0.429,66.4,58.2,24.1,43.519,1.03,15,39,46,D,Well Drained
111,216,25,2023-03-14,0.44,10.7,0.429,68.3,34.2,31.7,7.103,1.24,66,29,5,D,Poorly Drained
112,369,35,2024-01-28,1.89,38.5,0.105,23.5,55.0,18.3,20.311,0.95,47,22,31,A,Poorly Drained
113,121,57,2024-03-14,1.04,12.1,0.975,42.1,31.0,25.6,45.234,1.71,14,38,48,A,Poorly Drained
114,370,41,2024-06-28,1.81,33.8,0.812,77.8,39.0,41.6,1.87,1.2,24,32,44,D,Moderately Drained
115,139,3,2024-01-07,1.79,12.8,0.601,12.8,45.5,39.3,28.648,1.27,79,16,5,A,Poorly Drained
116,119,18,2023-09-22,0.66,32.9,0.532,58.8,32.5,34.7,49.067,1.64,30,17,53,A,Moderately Drained
117,377,24,2021-05-02,0.93,56.3,0.129,71.0,29.7,43.4,9.321,2.07,12,20,68,D,Poorly Drained
118,208,34,2020-10-07,1.5,12.5,0.722,71.0,51.8,23.8,1.12,1.33,49,16,35,B,Poorly Drained
119,286,9,2019-03-01,0.78,23.8,0.612,66.8,9.9,32.3,45.932,1.83,25,38,37,D,Well Drained
120,240,19,2023-04-14,0.46,39.0,0.798,56.0,17.3,31.8,9.945,2.02,20,38,42,C,Moderately Drained
121,62,43,2018-10-25,0.93,59.6,0.423,78.7,14.8,24.8,16.916,1.91,78,17,5,A,Moderately Drained
122,342,3,2021-06-20,2.36,19.9,0.444,24.0,26.2,23.9,40.379,1.6,48,47,5,A,Well Drained
123,101,61,2021-09-20,0.6,17.7,0.534,50.9,64.8,20.2,28.928,1.6,8,53,39,C,Well Drained
124,46,15,2019-02-06,2.33,52.3,0.505,45.3,52.8,42.7,16.614,2.14,65,30,5,B,Moderately Drained
125,466,40,2021-03-26,2.95,54.5,0.401,40.7,52.0,21.1,29.874,1.82,22,14,64,D,Poorly Drained
126,59,29,2021-02-12,1.94,44.1,0.969,45.3,67.1,38.8,25.323,0.83,61,34,5,A,Well Drained
127,63,21,2022-09-12,0.79,7.4,0.195,21.8,73.4,28.7,10.406,0.91,27,23,50,C,Poorly Drained
128,242,17,2020-05-20,2.09,17.5,0.33,65.0,39.4,29.0,19.91,1.41,61,10,29,A,Moderately Drained
129,381,58,2022-11-21,1.47,14.7,0.848,70.5,65.5,34.3,1.502,0.92,11,32,57,D,Moderately Drained
130,487,39,2018-12-23,0.16,41.2,0.748,60.6,19.9,15.9,10.002,0.85,50,45,5,D,Poorly Drained
131,427,53,2021-07-24,1.68,5.8,0.244,11.7,54.9,22.5,24.003,2.15,18,33,49,D,Well Drained
132,40,32,2019-02-03,2.36,7.2,0.964,39.5,68.4,17.1,22.672,2.05,76,14,10,A,Well Drained
133,371,53,2024-03-05,2.54,20.4,0.388,51.3,14.8,44.6,29.292,1.32,61,15,24,B,Well Drained
134,426,27,2021-04-14,0.53,27.8,0.626,12.8,60.0,22.2,9.714,0.89,64,29,7,D,Well Drained
135,221,23,2023-09-14,1.71,13.4,0.125,79.7,58.8,39.0,8.369,2.03,52,43,5,B,Poorly Drained
136,60,36,2019-02-19,2.5,31.3,0.87,37.7,75.1,23.1,1.843,0.81,27,54,19,C,Well Drained
137,23,48,2022-02-20,2.23,26.9,0.843,23.5,58.0,20.8,1.224,1.5,62,38,0,D,Moderately Drained
138,331,24,2022-02-23,2.34,32.8,0.483,14.4,3.8,22.4,16.843,1.49,68,16,16,D,Poorly Drained
139,134,20,2019-03-07,0.11,45.0,0.515,23.9,42.4,16.1,19.955,1.38,19,37,44,D,Moderately Drained
140,172,39,2020-06-26,2.34,10.4,0.447,28.9,30.1,24.3,0.973,1.62,10,24,66,C,Moderately Drained
141,318,57,2019-07-31,0.56,31.5,0.381,27.6,47.4,29.1,27.381,1.56,23,29,48,C,Well Drained
142,171,46,2022-06-15,0.68,59.7,0.249,60.6,5.3,41.9,0.217,1.66,49,35,16,D,Poorly Drained
143,212,16,2021-07-10,0.85,47.1,0.368,25.0,70.4,29.9,43.902,0.95,30,15,55,D,Well Drained
144,50,58,2024-09-18,2.67,43.1,0.519,62.4,73.6,29.2,48.754,1.54,54,33,13,C,Moderately Drained
145,332,54,2019-06-30,0.36,53.3,0.201,31.0,51.2,27.1,46.566,0.95,52,5,43,A,Well Drained
146,108,42,2024-04-20,2.94,14.6,0.37,33.0,48.4,15.4,2.878,1.08,42,11,47,D,Moderately Drained
147,43,55,2021-03-27,0.89,12.9,0.985,59.4,69.9,36.0,24.526,1.72,58,6,36,C,Well Drained
148,199,1,2022-02-28,2.4,46.1,0.715,28.3,71.7,31.6,4.313,2.13,69,26,5,C,Moderately Drained
149,207,34,2020-09-18,0.12,5.9,0.185,51.7,8.0,22.8,12.428,1.57,36,31,33,C,Well Drained
150,411,33,2018-09-04,0.16,58.4,0.188,79.3,72.2,33.0,7.132,1.05,34,19,47,A,Moderately Drained
151,227,37,2018-06-13,2.82,27.5,0.775,25.3,8.4,36.2,27.153,2.15,25,22,53,C,Moderately Drained
152,225,42,2022-05-25,1.46,55.8,0.552,78.1,72.7,29.4,46.289,1.45,33,21,46,B,Poorly Drained
153,139,3,2024-07-07,2.6,20.7,0.31,13.7,31.4,31.7,42.235,1.46,31,44,25,C,Well Drained
154,82,20,2022-02-13,2.9,42.4,0.208,45.6,34.7,22.5,27.155,1.45,80,15,5,C,Well Drained
155,381,58,2021-05-16,2.24,59.5,0.701,17.6,73.5,30.7,15.564,0.86,67,26,7,B,Well Drained
156,358,52,2019-07-18,0.43,42.5,0.472,28.1,67.5,21.4,29.342,1.04,55,6,39,B,Moderately Drained
157,451,41,2020-11-11,1.23,7.8,0.957,42.1,46.6,19.0,7.965,1.64,19,52,29,C,Well Drained
158,185,1,2019-02-26,2.41,49.5,0.697,49.1,36.1,44.6,31.446,1.79,51,21,28,D,Poorly Drained
159,413,7,2023-09-09,0.99,7.7,0.58,11.0,24.9,26.1,42.507,1.48,73,26,1,D,Poorly Drained
160,373,44,2018-03-02,2.45,38.8,0.157,42.4,63.3,39.6,44.645,0.97,9,58,33,A,Poorly Drained
161,479,15,2023-10-23,0.77,48.9,0.157,49.8,8.6,19.9,28.262,1.94,26,11,63,C,Well Drained
162,72,18,2019-04-12,0.8,8.5,0.398,49.9,10.8,32.3,14.634,0.97,69,26,5,A,Well Drained
163,46,15,2022-12-14,0.69,13.3,0.238,57.4,63.9,30.4,38.199,1.49,34,45,21,D,Moderately Drained
164,253,56,2022-05-24,0.64,15.3,0.759,51.8,68.5,31.1,17.862,1.15,60,35,5,B,Well Drained
165,209,48,2018-09-01,2.28,25.5,0.422,56.1,32.2,31.3,10.091,1.18,74,21,5,C,Well Drained
166,243,37,2020-10-07,2.93,11.4,0.912,35.6,41.5,16.1,7.51,2.04,53,23,24,C,Poorly Drained
167,449,51,2020-03-24,1.36,12.1,0.622,61.2,70.3,19.9,33.726,1.46,59,36,5,C,Moderately Drained
168,465,39,2023-07-16,2.01,36.6,0.805,33.3,6.8,37.9,32.023,1.27,62,36,2,B,Well Drained
169,268,58,2019-12-24,0.94,23.5,0.388,68.0,52.7,17.4,29.248,1.69,11,13,76,B,Moderately Drained
170,469,21,2018-01-03,0.76,58.8,0.906,60.7,63.3,27.5,21.992,1.87,35,46,19,B,Poorly Drained
171,348,34,2021-02-08,2.64,32.8,0.946,29.5,21.9,16.1,21.636,1.06,23,45,32,A,Moderately Drained
172,486,25,2022-02-23,2.38,48.3,0.362,18.0,56.8,44.2,40.032,1.99,75,20,5,D,Moderately Drained
173,34,25,2020-01-10,0.88,32.0,0.936,25.0,47.8,31.3,45.198,1.61,9,31,60,B,Poorly Drained
174,117,50,2021-09-14,1.23,33.8,0.345,64.8,40.8,23.1,29.741,1.55,45,6,49,D,Moderately Drained
175,133,25,2023-07-26,2.06,27.5,0.843,47.4,42.5,19.8,5.212,1.18,39,13,48,C,Moderately Drained
176,269,36,2018-05-25,1.44,30.2,0.629,27.2,18.5,30.9,21.089,1.63,78,17,5,D,Well Drained
177,261,20,2024-01-21,2.62,23.3,0.909,38.1,19.0,16.1,4.813,1.14,42,20,38,A,Moderately Drained
178,348,34,2024-10-24,1.12,29.2,0.776,59.9,55.1,41.4,15.636,1.49,28,24,48,D,Well Drained
179,32,43,2021-09-05,1.47,49.5,0.635,70.5,5.4,23.1,1.631,2.06,63,32,5,A,Poorly Drained
180,453,58,2021-10-13,2.47,37.2,0.18,26.6,27.4,26.5,34.628,1.82,9,56,35,D,Poorly Drained
181,220,47,2024-05-29,1.01,31.1,0.355,74.2,38.3,21.5,36.379,2.11,11,10,79,D,Poorly Drained
182,359,40,2023-12-28,1.02,5.0,0.469,66.5,21.9,40.0,1.788,1.84,31,36,33,B,Poorly Drained
183,156,3,2022-02-27,2.03,31.8,0.18,35.8,70.7,21.5,6.19,0.97,37,41,22,B,Poorly Drained
184,13,31,2021-12-03,2.12,42.3,0.818,13.3,42.4,15.2,34.148,1.32,67,9,24,A,Poorly Drained
185,427,53,2023-09-30,0.93,32.9,0.542,79.6,79.6,19.9,19.956,1.23,67,28,5,D,Poorly Drained
186,368,31,2021-04-28,1.54,36.7,0.295,37.5,51.2,26.4,36.566,1.09,66,29,5,D,Well Drained
187,156,3,2023-11-17,0.76,53.9,0.106,52.1,63.3,31.0,10.838,1.47,32,52,16,C,Poorly Drained
188,43,55,2020-07-11,0.4,41.5,0.333,31.0,79.7,44.2,26.901,0.93,55,27,18,B,Moderately Drained
189,397,54,2022-12-16,0.81,31.2,0.405,65.2,38.8,32.7,34.995,0.85,50,50,0,B,Well Drained
190,288,37,2024-04-30,2.76,9.1,0.186,28.9,49.6,26.9,30.972,1.02,71,24,5,D,Well Drained
191,178,33,2020-10-20,0.15,55.0,0.838,28.2,42.9,39.0,13.376,1.68,47,39,14,D,Well Drained
192,432,24,2022-10-17,0.32,28.3,0.654,52.4,30.8,15.6,45.978,1.68,46,31,23,D,Moderately Drained
193,326,3,2020-02-23,0.76,24.8,0.584,45.3,21.7,18.4,19.018,1.65,7,6,87,C,Poorly Drained
194,354,36,2019-04-13,1.68,21.2,0.943,45.5,40.5,20.1,7.585,0.83,78,5,17,B,Poorly Drained
195,15,17,2019-01-08,0.5,56.6,0.354,73.5,31.8,28.3,46.879,1.55,42,10,48,B,Well Drained
196,77,47,2022-03-04,1.85,6.4,0.316,78.0,2.9,17.7,6.966,1.13,34,38,28,C,Well Drained
197,20,55,2020-02-23,1.17,26.5,0.154,43.0,49.3,38.5,20.236,1.21,55,31,14,A,Well Drained
198,298,41,2022-11-11,0.73,25.6,0.602,52.2,11.8,36.1,42.744,2.02,66,13,21,A,Well Drained
199,66,37,2024-07-06,0.31,12.2,0.405,43.3,5.9,22.3,15.598,1.48,70,8,22,D,Moderately Drained
200,179,11,2024-08-21,2.86,28.4,0.737,74.2,62.8,28.5,16.323,0.92,55,17,28,B,Well Drained
201,398,46,2021-10-24,1.73,10.7,0.149,17.3,8.2,34.1,5.913,1.99,25,10,65,A,Poorly Drained
202,273,23,2024-07-16,0.44,29.5,0.217,39.8,12.6,43.3,33.624,1.82,33,21,46,C,Well Drained
203,487,39,2018-09-18,2.03,34.0,0.966,47.0,15.8,18.4,48.429,1.8,44,48,8,B,Poorly Drained
204,389,28,2021-04-15,2.15,34.1,0.377,79.8,29.1,31.3,29.733,1.26,20,36,44,B,Poorly Drained
205,133,25,2022-04-20,2.79,39.6,0.732,66.2,46.8,44.2,23.509,1.42,32,5,63,A,Poorly Drained
206,130,31,2023-03-10,2.3,49.9,0.562,69.6,54.5,29.8,24.536,1.98,18,38,44,D,Moderately Drained
207,494,56,2019-08-13,2.63,51.4,0.567,62.9,24.8,25.4,12.598,1.17,15,42,43,D,Moderately Drained
208,92,15,2021-10-24,0.51,8.3,0.152,70.9,32.2,33.1,13.048,1.95,34,24,42,D,Moderately Drained
209,369,35,2024-08-14,1.2,9.1,0.651,73.5,2.1,29.5,19.371,1.48,21,16,63,C,Moderately Drained
210,378,36,2024-06-23,1.24,29.9,0.681,70.4,11.3,32.7,44.193,1.34,52,11,37,D,Moderately Drained
211,241,16,2019-12-13,2.61,18.3,0.824,69.0,25.5,36.1,4.979,1.99,42,14,44,B,Poorly Drained
212,61,28,2024-12-31,1.51,50.4,0.21,77.1,51.9,31.5,42.318,2.17,69,26,5,A,Moderately Drained
213,446,57,2024-12-14,1.29,46.2,0.907,13.4,14.3,42.2,16.805,0.98,19,23,58,A,Moderately Drained
214,59,29,2020-02-16,0.79,6.9,0.144,26.5,12.3,30.5,38.088,1.77,24,21,55,A,Poorly Drained
215,31,57,2021-10-22,1.56,34.1,0.204,66.6,62.8,27.8,31.629,1.01,34,56,10,D,Moderately Drained
216,397,54,2019-03-07,1.66,22.1,0.416,12.9,14.2,41.8,21.601,1.28,58,7,35,C,Moderately Drained
217,98,27,2020-04-05,0.44,21.6,0.768,11.3,47.6,33.7,13.729,0.97,19,33,48,D,Moderately Drained
218,166,39,2021-06-05,2.92,44.3,0.83,53.4,15.6,29.9,25.8,1.47,30,52,18,C,Well Drained
219,210,17,2024-10-23,2.24,45.9,0.369,26.1,28.2,44.2,30.898,1.01,42,23,35,D,Poorly Drained
220,490,11,2020-06-18,2.02,22.1,0.894,63.1,28.8,34.8,0.62,1.36,55,19,26,C,Well Drained
221,417,57,2019-07-12,0.58,20.3,0.949,66.4,6.8,40.1,15.178,1.29,29,14,57,A,Well Drained
222,418,51,2022-11-22,0.66,22.0,0.523,66.0,76.2,36.8,41.6,1.2,43,7,50,A,Moderately Drained
223,281,58,2021-03-18,2.27,39.3,0.58,72.7,2.1,20.1,39.598,2.01,29,36,35,A,Well Drained
224,447,12,2018-12-25,0.62,33.6,0.699,30.9,40.2,41.2,48.192,1.43,27,23,50,A,Poorly Drained
225,368,31,2021-09-13,0.58,18.7,0.777,57.9,16.6,40.7,36.081,1.88,27,7,66,C,Poorly Drained
226,214,18,2019-10-25,2.07,38.4,0.33,22.7,44.6,17.5,26.509,0.98,29,58,13,B,Well Drained
227,471,58,2024-12-31,2.74,51.6,0.908,39.6,3.5,42.0,45.517,1.05,57,38,5,B,Well Drained
228,301,14,2018-07-21,2.24,32.7,0.212,43.3,8.5,24.6,23.873,1.52,41,23,36,B,Poorly Drained
229,314,31,2024-11-30,1.33,51.1,0.592,45.8,45.8,24.2,4.74,1.39,73,17,10,D,Well Drained
230,157,27,2020-09-30,2.59,59.9,0.379,26.2,2.2,22.4,33.269,2.03,73,9,18,A,Poorly Drained
231,177,17,2020-08-03,1.35,14.3,0.816,39.1,27.8,33.0,13.89,1.83,61,21,18,D,Poorly Drained
232,16,7,2020-07-04,2.76,15.4,0.846,29.1,71.5,31.9,14.239,1.31,46,49,5,D,Moderately Drained
233,401,51,2022-11-24,0.22,59.0,0.177,19.9,31.7,41.1,7.27,1.55,28,31,41,D,Moderately Drained
234,387,6,2021-03-12,0.86,19.1,0.761,39.8,2.3,39.9,19.705,1.61,50,34,16,C,Moderately Drained
235,337,59,2022-02-22,2.5,6.5,0.484,56.1,17.7,35.5,19.452,0.82,74,21,5,D,Moderately Drained
236,328,58,2021-05-20,2.9,26.2,0.852,35.3,38.3,37.1,40.865,2.18,77,18,5,D,Moderately Drained
237,139,3,2019-12-27,1.43,13.9,0.659,29.6,38.8,33.1,24.023,0.91,11,5,84,C,Poorly Drained
238,204,25,2018-03-10,2.68,57.1,0.105,55.0,69.5,18.2,49.063,1.04,26,42,32,A,Poorly Drained
239,441,56,2021-03-15,0.61,35.0,0.302,13.9,15.0,41.7,42.029,1.27,28,24,48,C,Moderately Drained
240,192,15,2022-05-21,1.52,56.7,0.475,36.3,74.0,37.9,5.392,1.71,29,40,31,D,Moderately Drained
241,331,24,2024-08-05,2.23,46.7,0.306,18.7,67.2,31.8,31.443,2.03,33,41,26,D,Well Drained
242,300,25,2021-12-05,1.48,39.5,0.455,29.3,67.2,23.8,36.296,1.65,42,46,12,B,Moderately Drained
243,66,37,2020-08-09,1.46,16.8,0.664,67.5,27.9,40.8,7.359,1.32,64,17,19,D,Well Drained
244,397,54,2018-02-10,2.95,8.1,0.949,61.0,30.9,36.7,11.798,1.71,9,22,69,B,Poorly Drained
245,127,21,2019-10-09,1.79,48.2,0.247,24.3,20.4,41.1,44.277,2.1,67,28,5,B,Moderately Drained
246,153,27,2022-04-14,2.39,19.8,0.183,50.5,78.0,32.6,26.187,1.69,79,16,5,D,Poorly Drained
247,81,61,2019-09-29,1.11,56.4,0.378,51.1,59.5,30.9,16.308,1.94,19,7,74,B,Well Drained
248,341,45,2018-06-12,1.77,48.3,0.364,65.9,68.2,17.0,7.252,1.04,51,42,7,B,Moderately Drained
249,116,34,2020-03-23,0.2,5.4,0.432,58.6,63.7,31.7,21.963,2.18,14,55,31,C,Poorly Drained
250,220,47,2021-12-08,0.69,34.6,0.159,11.3,43.6,27.9,32.298,1.34,9,59,32,A,Poorly Drained
251,77,47,2021-03-24,2.99,25.2,0.895,14.8,78.4,36.4,21.653,1.58,71,24,5,B,Poorly Drained
252,30,26,2019-09-08,2.62,30.5,0.306,25.4,56.8,17.5,27.08,0.87,31,22,47,D,Moderately Drained
253,350,18,2019-11-20,2.28,55.6,0.492,79.8,30.9,29.3,21.669,1.89,24,52,24,B,Well Drained
254,460,49,2018-06-29,0.17,22.5,0.619,78.2,53.3,38.5,23.697,1.02,13,26,61,B,Poorly Drained
255,81,61,2021-06-19,2.18,59.4,0.756,16.2,17.3,35.9,39.738,1.49,75,20,5,D,Poorly Drained
256,178,33,2021-05-31,1.63,42.7,0.571,58.6,73.2,42.3,14.8,1.15,21,37,42,A,Moderately Drained
257,500,17,2021-09-19,2.72,56.3,0.304,46.2,20.2,24.7,21.294,1.21,11,10,79,D,Poorly Drained
258,15,17,2021-12-10,0.94,45.9,0.89,79.0,49.6,25.7,25.222,1.45,69,26,5,C,Well Drained
259,83,6,2020-07-11,2.09,13.0,0.775,17.9,17.0,41.4,38.866,1.61,76,22,2,B,Poorly Drained
260,223,44,2022-01-29,1.5,8.0,0.214,73.4,75.9,31.4,44.192,2.05,17,22,61,C,Poorly Drained
261,189,17,2022-05-30,2.58,23.1,0.309,42.4,51.1,34.0,13.03,1.46,38,29,33,A,Well Drained
262,163,6,2018-05-23,1.27,47.8,0.809,42.6,28.1,29.7,14.424,1.3,25,7,68,D,Poorly Drained
263,392,54,2020-05-07,2.62,32.2,0.128,58.8,36.0,25.5,3.435,1.36,20,32,48,C,Moderately Drained
264,376,55,2020-09-27,1.06,10.4,0.669,50.3,0.3,21.5,30.131,1.33,77,18,5,C,Moderately Drained
265,295,50,2024-03-09,0.35,46.2,0.188,44.0,78.6,17.1,20.276,1.92,19,58,23,A,Poorly Drained
266,205,21,2019-12-27,0.25,34.9,0.319,55.4,74.9,42.1,6.027,1.49,36,33,31,D,Moderately Drained
267,259,40,2018-02-06,0.28,25.1,0.736,78.7,50.2,28.9,41.638,2.08,53,26,21,B,Well Drained
268,350,18,2023-01-22,2.94,44.7,0.138,29.5,30.2,19.0,43.937,1.01,31,16,53,A,Moderately Drained
269,350,18,2024-02-07,1.22,11.3,0.632,38.8,30.6,27.6,48.987,1.4,7,36,57,A,Well Drained
270,362,55,2022-03-28,1.19,39.5,0.811,11.8,16.6,35.8,16.436,1.53,8,37,55,A,Well Drained
271,97,59,2023-01-04,0.59,23.1,0.617,60.9,64.5,19.7,28.43,1.47,70,25,5,A,Well Drained
272,481,6,2018-04-02,0.52,39.3,0.175,39.0,62.8,29.5,25.051,2.12,54,33,13,C,Well Drained
273,175,3,2020-08-06,2.28,20.5,0.421,35.5,44.5,26.1,48.434,1.02,53,42,5,D,Poorly Drained
274,194,8,2018-05-14,2.75,34.2,0.228,16.9,56.6,32.2,1.319,1.37,47,31,22,A,Poorly Drained
275,109,47,2024-11-26,2.32,40.0,0.386,28.9,69.9,25.9,43.099,1.83,20,21,59,B,Poorly Drained
276,196,48,2022-03-28,2.63,24.9,0.611,47.7,55.8,24.8,6.648,2.04,7,41,52,D,Moderately Drained
277,463,56,2021-01-21,2.21,16.9,0.689,31.1,49.4,38.9,0.291,2.17,33,6,61,D,Well Drained
278,193,62,2020-11-17,0.87,33.2,0.346,25.0,71.7,20.7,41.035,1.41,64,31,5,D,Well Drained
279,3,47,2024-11-28,1.67,30.3,0.897,68.7,50.5,43.1,40.61,2.08,53,12,35,A,Poorly Drained
280,81,61,2022-02-11,0.52,40.5,0.549,44.7,45.0,28.2,41.494,1.26,32,37,31,D,Well Drained
281,63,21,2024-05-24,2.39,14.1,0.9,50.5,42.0,22.1,12.869,1.3,69,26,5,A,Well Drained
282,55,41,2023-04-20,0.88,40.4,0.281,35.6,45.4,24.2,40.557,1.67,52,34,14,C,Moderately Drained
283,495,40,2018-08-03,0.9,14.3,0.673,46.0,38.2,30.2,14.293,1.7,50,24,26,A,Well Drained
284,437,26,2022-10-29,0.64,33.3,0.985,59.6,19.9,38.3,39.545,1.39,34,56,10,D,Poorly Drained
285,202,36,2024-07-15,0.68,45.4,0.297,54.9,60.6,32.3,13.846,1.65,61,17,22,A,Moderately Drained
286,162,25,2018-03-15,1.88,8.1,0.931,57.8,73.9,24.3,37.223,1.43,65,28,7,C,Moderately Drained
287,113,30,2024-02-16,2.9,36.3,0.573,34.0,38.6,28.6,46.706,1.9,17,8,75,B,Poorly Drained
288,3,47,2022-06-10,2.03,14.6,0.281,44.8,61.5,40.3,37.15,0.93,73,13,14,C,Well Drained
289,82,20,2023-04-19,0.69,46.7,0.289,47.5,29.8,23.8,15.175,0.81,24,7,69,C,Moderately Drained
290,24,8,2024-05-20,0.6,35.0,0.15,41.4,13.9,18.8,18.05,1.76,9,47,44,A,Poorly Drained
291,301,14,2023-02-18,1.56,19.0,0.81,52.5,15.1,38.8,15.24,1.21,67,16,17,B,Poorly Drained
292,399,2,2024-04-03,2.59,43.9,0.453,66.1,61.6,39.0,34.939,1.07,30,51,19,B,Moderately Drained
293,228,36,2021-08-13,2.25,49.0,0.926,28.6,33.5,36.4,16.007,1.12,21,10,69,B,Poorly Drained
294,492,16,2019-09-23,0.68,58.7,0.784,22.0,44.6,35.8,38.812,0.85,49,5,46,A,Poorly Drained
295,498,11,2020-11-21,0.49,20.4,0.455,57.7,17.2,31.7,16.609,1.66,57,20,23,A,Well Drained
296,261,20,2018-06-18,0.11,41.2,0.439,16.1,6.0,19.1,47.785,1.76,61,34,5,C,Well Drained
297,165,26,2018-08-26,2.62,55.2,0.991,55.5,25.8,44.1,11.6,2.02,6,41,53,D,Poorly Drained
298,365,43,2020-04-11,0.36,20.4,0.381,57.4,74.1,39.9,29.012,0.99,25,14,61,C,Well Drained
299,387,6,2024-12-06,1.58,32.1,0.245,40.5,28.9,37.1,24.851,1.83,46,20,34,C,Moderately Drained
300,188,26,2021-09-24,1.42,31.3,0.505,19.8,67.0,44.1,27.972,2.01,41,34,25,C,Poorly Drained
301,421,51,2018-02-10,1.62,50.8,0.297,76.3,53.0,17.0,11.638,2.01,6,33,61,B,Moderately Drained
302,156,3,2018-06-26,0.53,12.2,0.372,30.1,22.6,36.2,25.861,1.69,27,9,64,D,Poorly Drained
303,285,41,2022-07-05,0.89,31.3,0.702,47.9,0.0,43.6,49.711,1.96,65,10,25,B,Poorly Drained
304,448,12,2019-09-04,1.2,39.7,0.461,18.8,32.9,31.0,13.166,2.0,65,22,13,B,Poorly Drained
305,455,18,2021-04-03,2.33,9.9,0.763,29.8,21.7,38.9,12.46,2.16,61,36,3,C,Moderately Drained
306,61,28,2024-12-08,0.48,42.0,0.264,63.2,29.6,42.1,32.264,1.26,19,6,75,A,Well Drained
307,445,22,2019-05-18,0.3,52.1,0.594,52.6,4.4,44.5,27.406,1.25,51,18,31,A,Moderately Drained
308,215,22,2020-11-16,1.24,16.3,0.353,17.2,77.3,43.2,25.937,1.45,40,13,47,A,Well Drained
309,175,3,2021-05-03,2.48,18.0,0.775,75.2,40.0,15.4,12.923,1.78,40,52,8,C,Well Drained
310,89,1,2023-10-21,2.36,30.0,0.396,71.9,34.7,15.2,39.673,1.43,39,50,11,A,Moderately Drained
311,264,39,2022-08-15,2.13,22.9,0.794,60.1,45.6,33.3,24.175,1.04,56,36,8,B,Poorly Drained
312,271,46,2020-03-09,2.24,24.9,0.238,15.6,76.1,28.0,19.279,1.05,51,26,23,C,Poorly Drained
313,217,47,2018-02-11,1.89,16.9,0.23,74.5,5.8,22.8,28.33,1.51,80,15,5,C,Well Drained
314,259,40,2020-01-15,2.09,56.6,0.112,72.0,56.9,32.0,16.427,1.27,47,24,29,D,Well Drained
315,344,53,2019-01-26,1.49,54.6,0.889,65.7,17.0,42.7,46.715,1.24,71,14,15,A,Poorly Drained
316,184,38,2020-11-09,2.41,24.6,0.474,19.6,50.7,17.9,38.156,0.87,80,15,5,A,Poorly Drained
317,23,48,2019-03-06,0.28,20.1,0.651,60.7,76.4,34.8,45.153,1.88,47,31,22,A,Poorly Drained
318,371,53,2023-04-28,2.84,57.0,0.377,39.1,63.9,29.4,7.658,1.24,74,14,12,A,Well Drained
319,420,62,2022-03-24,1.22,7.5,0.935,26.4,69.6,38.2,15.6,0.81,71,24,5,B,Well Drained
320,18,60,2022-04-27,0.39,37.5,0.897,62.9,51.0,39.6,26.591,1.72,76,19,5,D,Moderately Drained
321,80,56,2018-05-06,0.77,10.3,0.721,69.0,48.5,42.7,11.759,2.0,14,33,53,C,Moderately Drained
322,397,54,2024-11-23,0.53,38.5,0.123,68.5,49.0,33.5,38.889,1.06,12,52,36,C,Moderately Drained
323,323,27,2019-04-13,2.72,37.8,0.995,26.0,25.9,24.3,10.45,1.12,56,38,6,C,Poorly Drained
324,290,18,2019-05-04,1.66,55.0,0.535,13.2,31.2,36.5,34.064,1.93,20,53,27,C,Well Drained
325,180,62,2024-08-21,1.83,47.2,0.253,32.3,24.5,31.3,27.46,2.2,49,46,5,A,Well Drained
326,318,57,2024-05-11,0.36,39.8,0.174,76.5,18.1,33.7,6.113,1.35,18,46,36,A,Moderately Drained
327,6,1,2019-03-14,2.24,46.9,0.189,29.5,8.2,18.9,49.381,1.05,27,39,34,D,Poorly Drained
328,215,22,2024-09-30,2.01,48.4,0.83,59.4,26.2,20.6,35.284,1.43,23,56,21,C,Well Drained
329,448,12,2019-03-25,1.2,32.1,0.691,34.7,2.8,16.3,7.586,2.12,48,42,10,B,Poorly Drained
330,206,9,2024-09-18,1.79,44.7,0.208,78.2,33.7,41.6,34.478,0.86,16,18,66,B,Moderately Drained
331,159,55,2021-10-13,2.06,14.5,0.613,20.0,79.2,38.6,43.67,1.11,21,57,22,A,Poorly Drained
332,256,59,2019-06-09,0.76,57.8,0.463,16.9,62.2,33.5,45.215,0.94,60,29,11,C,Moderately Drained
333,85,33,2022-11-21,1.98,53.2,0.727,13.0,20.6,28.4,41.362,1.28,37,16,47,C,Poorly Drained
334,242,17,2020-06-19,0.31,6.5,0.519,78.8,31.4,36.8,17.419,1.22,6,30,64,C,Moderately Drained
335,99,18,2019-03-10,2.88,14.5,0.988,41.5,19.6,44.5,12.055,2.08,72,10,18,A,Well Drained
336,480,56,2021-12-16,0.65,42.0,0.254,47.8,2.5,37.4,15.458,1.39,33,25,42,A,Moderately Drained
337,149,8,2024-09-12,2.83,14.1,0.913,50.8,63.4,19.4,35.333,1.11,26,57,17,C,Moderately Drained
338,64,11,2023-09-12,2.71,30.8,0.309,58.7,58.8,31.0,30.018,1.13,36,19,45,C,Well Drained
339,241,16,2023-05-13,0.94,56.0,0.916,60.7,60.8,22.9,21.059,1.85,21,53,26,D,Poorly Drained
340,374,13,2019-02-14,1.67,52.1,0.732,31.4,49.3,34.6,35.675,1.84,31,45,24,A,Poorly Drained
341,151,43,2022-05-19,2.53,48.3,0.535,51.9,34.9,33.1,22.666,2.16,79,16,5,A,Well Drained
342,57,1,2023-11-12,2.18,54.0,0.444,60.3,74.7,37.1,7.216,1.12,69,20,11,D,Poorly Drained
343,480,56,2020-11-19,0.14,58.0,0.186,27.0,51.6,40.8,24.277,1.53,77,18,5,C,Moderately Drained
344,493,34,2024-09-08,1.96,26.4,0.561,50.2,77.0,36.6,25.695,2.16,7,47,46,C,Poorly Drained
345,137,29,2020-10-06,2.93,17.4,0.357,12.4,7.6,32.7,29.056,1.92,52,43,5,B,Moderately Drained
346,382,31,2022-04-12,0.39,6.1,0.878,61.2,12.5,18.5,38.86,1.37,30,23,47,B,Moderately Drained
347,146,5,2022-12-14,2.05,35.5,0.462,78.0,62.4,29.0,18.243,1.34,28,22,50,C,Poorly Drained
348,197,62,2018-06-13,1.32,5.1,0.306,79.5,74.9,30.6,48.555,0.86,36,23,41,A,Well Drained
349,19,30,2024-01-05,2.42,56.9,0.475,11.2,61.2,22.7,46.68,1.07,78,17,5,B,Poorly Drained
350,67,48,2023-10-01,1.45,36.1,0.2,57.8,42.0,15.0,48.804,1.95,60,23,17,C,Well Drained
351,127,21,2022-02-08,1.04,39.2,0.714,64.9,25.4,21.5,17.89,1.01,37,14,49,B,Poorly Drained
352,30,26,2018-01-05,2.45,55.2,0.791,58.2,31.3,39.9,14.505,1.32,63,5,32,C,Well Drained
353,361,43,2018-01-28,1.6,18.8,0.774,64.1,16.7,42.8,11.042,2.09,52,39,9,C,Moderately Drained
354,398,46,2018-04-29,1.87,14.5,0.839,12.0,63.3,17.4,11.393,1.26,25,58,17,D,Poorly Drained
355,387,6,2023-06-08,0.99,50.3,0.644,25.9,10.3,32.3,32.243,0.98,79,16,5,C,Well Drained
356,42,44,2020-04-26,1.56,15.3,0.249,60.7,64.5,33.7,38.239,1.46,24,35,41,B,Poorly Drained
357,441,56,2020-10-07,0.9,36.5,0.491,60.4,71.0,28.7,13.221,1.8,56,39,5,A,Moderately Drained
358,122,33,2021-01-20,2.56,46.5,0.532,45.8,65.0,31.6,48.849,1.98,60,6,34,C,Moderately Drained
359,203,36,2020-06-12,0.79,40.4,0.874,76.5,18.4,44.1,31.306,1.18,10,21,69,A,Well Drained
360,460,49,2021-01-26,1.89,37.4,0.754,28.7,42.7,22.8,45.326,1.58,38,59,3,B,Poorly Drained
361,125,58,2022-09-02,0.74,19.3,0.191,30.6,1.2,41.9,13.678,1.85,44,18,38,A,Well Drained
362,416,37,2020-05-17,2.94,13.8,0.293,35.9,53.6,27.8,43.313,1.97,11,49,40,B,Moderately Drained
363,262,52,2018-04-03,0.14,6.2,0.242,64.1,69.7,31.4,24.146,2.09,68,21,11,A,Well Drained
364,130,31,2022-09-12,1.18,50.3,0.759,53.7,65.8,18.8,18.553,1.37,66,29,5,B,Well Drained
365,2,16,2022-08-08,2.2,19.6,0.528,64.4,74.5,28.8,24.612,1.19,80,15,5,C,Moderately Drained
366,44,60,2022-08-29,2.54,6.5,0.113,57.4,71.3,39.6,49.4,1.42,50,45,5,A,Poorly Drained
367,232,47,2020-09-01,1.14,56.8,0.93,16.9,69.4,43.3,7.109,1.42,53,42,5,D,Poorly Drained
368,436,18,2019-05-14,1.32,49.8,0.319,36.6,61.5,40.2,14.493,0.88,33,52,15,D,Moderately Drained
369,333,36,2023-07-18,2.8,49.7,0.255,60.5,64.2,20.2,19.774,1.92,32,36,32,D,Well Drained
370,145,47,2020-02-23,2.57,9.3,0.706,19.1,78.5,33.0,40.171,1.82,50,42,8,C,Well Drained
371,211,39,2023-09-25,2.28,49.2,0.522,56.5,47.1,19.7,11.871,1.1,79,20,1,B,Well Drained
372,315,31,2024-07-08,2.41,34.7,0.403,59.6,47.5,26.4,38.105,1.56,50,11,39,C,Moderately Drained
373,139,3,2024-11-11,1.45,5.4,0.452,50.2,21.0,20.5,33.779,1.36,24,33,43,D,Poorly Drained
374,355,23,2020-06-07,2.73,19.5,0.821,71.2,66.5,25.3,33.491,1.58,22,23,55,C,Moderately Drained
375,124,27,2024-09-10,0.31,26.2,0.953,50.5,3.9,36.1,23.53,1.74,69,26,5,B,Well Drained
376,329,8,2024-04-15,1.29,14.8,0.274,63.8,67.1,38.7,33.37,2.16,7,34,59,A,Moderately Drained
377,111,24,2018-02-11,2.66,55.4,0.716,28.1,56.5,38.5,48.762,0.87,72,23,5,A,Moderately Drained
378,419,15,2018-10-28,1.5,28.5,0.42,71.0,17.7,31.9,27.393,1.64,26,51,23,C,Moderately Drained
379,142,53,2021-10-08,0.11,33.8,0.161,42.4,73.1,23.8,15.08,2.2,21,39,40,A,Poorly Drained
380,387,6,2023-07-16,2.66,58.7,0.151,40.7,24.2,25.2,25.403,1.17,54,37,9,B,Well Drained
381,173,36,2024-09-15,1.97,41.9,0.795,67.6,33.9,31.3,4.062,1.77,49,27,24,C,Well Drained
382,79,42,2019-09-05,1.82,34.6,0.644,22.8,12.8,37.8,35.004,1.24,28,11,61,A,Moderately Drained
383,25,29,2019-12-30,1.05,5.3,0.854,21.9,56.7,23.0,33.704,1.01,28,13,59,C,Well Drained
384,200,32,2023-07-19,1.55,7.0,0.842,28.9,9.3,19.9,3.104,1.26,76,19,5,B,Poorly Drained
385,348,34,2022-10-22,2.36,35.3,0.356,42.9,43.6,39.4,28.404,0.83,24,43,33,B,Poorly Drained
386,31,57,2022-05-07,0.32,7.3,0.342,27.2,21.1,31.5,12.26,1.77,9,26,65,D,Poorly Drained
387,489,48,2020-05-16,2.64,8.6,0.433,51.8,74.7,39.0,47.804,2.13,73,22,5,C,Poorly Drained
388,339,14,2019-03-11,2.65,40.2,0.894,18.5,23.4,31.4,1.68,1.77,10,48,42,C,Moderately Drained
389,206,9,2024-04-25,2.67,26.7,0.998,45.7,13.4,23.0,2.425,1.48,74,12,14,D,Poorly Drained
390,279,26,2024-08-19,0.96,8.5,0.493,63.8,34.8,19.8,22.552,1.37,13,30,57,A,Poorly Drained
391,401,51,2020-08-05,0.17,18.0,0.751,15.1,19.5,34.3,22.041,1.68,48,43,9,D,Moderately Drained
392,383,6,2020-07-12,0.4,52.8,0.558,51.4,21.4,17.3,2.524,1.73,65,30,5,B,Poorly Drained
393,495,40,2019-06-04,1.19,46.2,0.104,25.0,37.8,27.9,43.399,1.31,41,10,49,B,Well Drained
394,346,34,2020-01-22,2.08,17.9,0.907,23.1,14.9,17.8,24.026,1.34,6,42,52,D,Well Drained
395,464,31,2019-12-10,0.5,57.1,0.817,48.1,40.6,23.4,34.862,0.92,25,37,38,B,Poorly Drained
396,462,13,2018-05-02,2.03,32.3,0.824,11.8,28.4,17.4,29.249,1.36,63,22,15,C,Poorly Drained
397,42,44,2022-02-21,2.96,9.5,0.903,51.9,35.7,40.8,8.411,1.01,5,12,83,C,Poorly Drained
398,290,18,2020-02-13,1.92,22.1,0.657,76.6,21.9,31.8,5.653,1.99,59,36,5,B,Poorly Drained
399,86,16,2022-08-23,2.12,19.1,0.928,17.8,0.6,20.3,17.51,1.96,35,28,37,D,Moderately Drained
400,400,48,2022-04-14,2.58,56.2,0.442,27.1,53.4,29.6,33.194,1.54,49,15,36,B,Poorly Drained
401,223,44,2024-03-06,0.39,39.1,0.896,41.5,42.3,41.6,2.811,1.72,65,10,25,A,Moderately Drained
402,429,40,2018-03-15,1.26,28.7,0.826,73.7,57.4,23.1,2.873,1.95,45,5,50,D,Moderately Drained
403,360,52,2021-02-13,0.23,10.7,0.763,10.6,65.3,42.1,10.016,1.71,25,16,59,A,Well Drained
404,487,39,2018-08-18,2.89,53.8,0.791,57.2,11.3,16.7,4.094,1.05,28,31,41,B,Poorly Drained
405,172,39,2021-01-05,0.26,52.7,0.329,32.9,73.7,30.4,25.652,0.93,52,42,6,C,Moderately Drained
406,234,19,2019-06-12,0.66,9.3,0.321,56.5,42.1,19.4,43.019,1.09,61,34,5,B,Poorly Drained
407,181,10,2022-03-18,1.43,8.2,0.688,75.9,49.8,36.7,43.182,1.77,71,15,14,D,Poorly Drained
408,11,53,2020-12-23,1.27,8.3,0.424,33.3,51.0,20.2,8.134,1.52,34,19,47,D,Well Drained
409,171,46,2022-01-29,1.85,49.2,0.769,31.4,65.6,31.5,35.113,1.82,55,35,10,B,Poorly Drained
410,53,12,2018-03-01,0.72,53.6,0.145,49.5,48.3,25.0,13.161,1.81,6,31,63,D,Well Drained
411,322,11,2024-01-30,2.13,44.5,0.604,72.1,11.7,38.7,0.983,1.21,57,9,34,A,Well Drained
412,74,43,2023-01-26,0.3,19.3,0.586,31.6,59.8,34.3,42.077,1.55,67,28,5,B,Well Drained
413,262,52,2018-10-21,2.97,6.0,0.833,40.6,54.0,39.8,15.36,1.2,18,41,41,D,Well Drained
414,122,33,2019-07-11,0.47,39.0,0.967,37.0,34.7,24.9,11.103,1.61,57,38,5,D,Moderately Drained
415,14,37,2020-11-28,2.18,10.3,0.77,17.5,52.7,16.2,14.517,1.19,16,45,39,C,Well Drained
416,112,20,2019-06-27,1.64,49.2,0.304,47.6,51.5,40.3,22.481,1.63,65,30,5,B,Poorly Drained
417,421,51,2021-05-25,2.03,51.9,0.231,19.3,37.1,18.7,25.257,1.13,23,29,48,B,Moderately Drained
418,437,26,2024-03-28,0.56,21.8,0.348,44.6,0.4,16.2,7.542,1.06,18,42,40,A,Well Drained
419,228,36,2024-03-21,1.96,35.9,0.87,78.3,38.0,26.2,45.823,2.17,19,6,75,D,Moderately Drained
420,113,30,2024-11-04,1.32,41.4,0.323,13.6,4.4,38.6,14.822,0.99,67,19,14,C,Moderately Drained
421,472,50,2024-07-31,0.34,46.4,0.114,14.0,26.7,28.7,17.855,1.24,74,21,5,B,Moderately Drained
422,436,18,2024-10-08,1.68,7.1,0.509,12.6,65.9,17.7,44.856,1.73,35,56,9,C,Poorly Drained
423,148,62,2021-07-07,0.16,25.0,0.59,12.9,62.3,44.3,4.221,2.13,72,23,5,A,Poorly Drained
424,354,36,2018-12-18,1.5,10.8,0.977,61.7,62.3,24.2,12.02,1.76,34,59,7,D,Moderately Drained
425,346,34,2018-03-28,1.33,32.5,0.794,73.7,23.4,34.6,8.155,1.86,46,22,32,D,Well Drained
426,237,13,2018-05-25,0.91,58.3,0.898,27.3,34.0,44.0,7.044,1.96,57,38,5,A,Poorly Drained
427,476,22,2019-07-04,2.04,37.9,0.308,47.0,76.4,24.0,1.851,1.62,9,41,50,B,Moderately Drained
428,41,34,2020-09-05,0.58,45.7,0.599,38.1,61.5,16.9,3.467,1.66,33,40,27,A,Moderately Drained
429,405,16,2022-09-22,0.8,33.5,0.473,31.6,21.7,27.1,10.635,2.01,80,5,15,C,Moderately Drained
430,64,11,2018-02-24,0.51,8.8,0.655,19.4,7.9,17.2,31.058,1.76,60,6,34,C,Poorly Drained
431,440,51,2020-05-07,2.41,39.4,0.758,22.8,29.9,21.9,41.185,1.09,73,22,5,A,Moderately Drained
432,483,39,2023-08-13,2.27,32.9,0.813,11.0,25.6,30.4,41.893,1.75,53,18,29,C,Well Drained
433,108,42,2023-08-02,0.97,23.0,0.661,75.3,75.5,24.8,11.274,1.05,18,18,64,B,Well Drained
434,377,24,2020-07-26,2.06,42.8,0.363,19.4,60.0,34.7,3.052,2.01,61,27,12,C,Poorly Drained
435,81,61,2019-08-03,2.23,33.8,0.838,21.1,60.6,38.6,10.26,1.85,31,22,47,B,Poorly Drained
436,398,46,2023-09-04,1.89,32.2,0.101,44.4,78.0,21.0,29.809,1.36,62,33,5,B,Well Drained
437,384,16,2021-08-22,2.65,22.3,0.6,51.3,69.0,33.6,36.461,1.15,10,30,60,D,Poorly Drained
438,60,36,2020-08-02,1.83,11.4,0.884,39.7,49.2,31.0,48.105,1.12,65,24,11,B,Poorly Drained
439,214,18,2018-02-10,1.48,57.5,0.157,58.5,48.2,21.7,45.736,1.95,37,37,26,D,Well Drained
440,178,33,2023-09-07,2.95,25.2,0.582,35.5,11.1,42.8,40.023,1.4,61,39,0,A,Well Drained
441,196,48,2018-02-09,2.19,24.7,0.602,40.1,62.4,20.4,5.357,1.12,34,52,14,B,Poorly Drained
442,131,9,2018-05-01,1.15,45.6,0.664,18.3,66.6,40.5,48.533,1.24,23,54,23,D,Well Drained
443,34,25,2024-11-15,2.86,20.4,0.559,69.5,52.2,18.4,36.825,1.21,29,15,56,A,Poorly Drained
444,129,49,2024-10-30,1.74,42.8,0.684,34.8,4.3,43.0,45.876,1.06,35,35,30,B,Moderately Drained
445,247,49,2022-04-16,2.5,32.4,0.674,34.2,68.0,16.4,44.575,2.05,72,23,5,B,Moderately Drained
446,384,16,2024-03-09,1.27,14.3,0.767,64.6,37.6,15.0,28.041,1.53,5,42,53,C,Moderately Drained
447,18,60,2023-08-12,2.68,45.2,0.705,15.8,62.8,39.3,15.33,1.8,57,38,5,A,Poorly Drained
448,80,56,2019-09-06,2.4,26.2,0.728,36.4,65.2,25.4,13.015,1.17,31,49,20,D,Poorly Drained
449,168,14,2019-04-11,1.58,22.5,0.542,62.8,26.8,15.8,6.801,1.44,37,16,47,A,Well Drained
450,266,47,2018-05-06,2.61,18.8,0.328,45.8,4.2,22.3,38.865,1.73,7,29,64,D,Poorly Drained
451,433,62,2020-10-31,1.18,59.4,0.32,58.9,24.0,19.0,6.706,0.97,7,30,63,D,Poorly Drained
452,39,4,2018-11-03,0.45,8.7,0.715,67.5,17.5,26.1,6.372,1.41,66,13,21,C,Moderately Drained
453,366,16,2021-04-09,1.75,6.9,0.395,52.9,65.5,32.4,0.429,1.93,19,29,52,B,Well Drained
454,57,1,2021-02-20,1.8,28.6,0.805,26.4,22.6,16.3,1.606,1.32,19,17,64,A,Moderately Drained
455,342,3,2021-07-30,0.43,28.4,0.771,60.5,7.4,33.2,46.304,1.23,13,18,69,A,Well Drained
456,116,34,2020-08-17,1.8,32.8,0.489,50.0,53.2,41.1,11.124,2.15,31,26,43,A,Moderately Drained
457,252,46,2018-11-19,2.11,30.2,0.329,23.5,8.9,15.9,14.409,0.95,42,14,44,D,Well Drained
458,141,24,2022-01-01,0.52,16.5,0.461,64.7,4.9,44.8,43.522,2.14,51,21,28,D,Poorly Drained
459,80,56,2019-03-26,0.84,26.6,0.578,20.8,52.8,40.6,0.252,1.7,52,7,41,A,Moderately Drained
460,101,61,2020-01-08,1.62,34.8,0.635,65.6,21.6,39.9,35.828,1.75,49,47,4,B,Well Drained
461,166,39,2023-04-28,0.15,22.6,0.988,47.6,73.8,22.0,23.58,1.12,69,13,18,A,Poorly Drained
462,102,34,2024-04-04,0.39,31.1,0.515,78.9,50.5,42.1,4.036,1.3,9,52,39,A,Poorly Drained
463,356,42,2019-02-27,1.64,25.0,0.426,28.4,31.6,19.6,47.485,2.18,12,44,44,C,Poorly Drained
464,15,17,2023-10-31,2.12,29.4,0.479,76.8,10.0,18.1,31.086,1.93,44,34,22,C,Moderately Drained
465,100,35,2021-04-23,0.9,6.4,0.8,18.3,16.0,40.9,12.655,1.5,59,29,12,A,Moderately Drained
466,51,20,2020-12-22,0.29,51.4,0.325,40.1,73.9,27.1,32.57,1.58,46,43,11,A,Moderately Drained
467,82,20,2024-05-07,0.55,7.5,0.515,47.5,68.6,42.8,20.748,1.02,9,15,76,B,Poorly Drained
468,215,22,2019-06-05,2.44,46.2,0.367,39.4,75.5,26.2,29.783,1.63,28,34,38,C,Well Drained
469,403,60,2023-11-06,1.25,58.6,0.259,15.0,6.7,35.7,23.946,1.77,25,58,17,C,Moderately Drained
470,494,56,2022-01-28,2.0,52.7,0.233,64.1,76.9,35.0,3.022,0.97,36,44,20,D,Poorly Drained
471,336,47,2024-02-28,0.75,37.8,0.761,16.6,34.6,31.1,8.414,2.05,11,30,59,D,Poorly Drained
472,448,12,2018-10-15,1.41,13.4,0.498,70.5,67.2,27.8,40.261,1.92,16,29,55,B,Well Drained
473,234,19,2018-08-17,0.25,17.7,0.495,36.7,41.2,37.8,10.072,1.35,61,7,32,B,Well Drained
474,424,17,2021-07-25,0.4,58.6,0.662,13.0,54.6,17.1,42.285,1.64,37,49,14,A,Poorly Drained
475,238,31,2022-03-12,1.28,46.5,0.907,23.7,73.1,41.4,14.72,1.2,41,9,50,D,Moderately Drained
476,147,29,2019-05-23,0.2,42.1,0.365,10.7,58.0,20.7,45.776,0.9,51,44,5,A,Moderately Drained
477,321,24,2019-11-02,1.9,30.5,0.489,34.7,32.2,43.4,7.356,1.5,45,9,46,C,Poorly Drained
478,404,11,2024-10-17,1.5,41.8,0.212,77.8,55.7,18.1,6.867,1.32,17,5,78,D,Well Drained
479,308,8,2023-11-07,0.17,14.3,0.51,60.3,11.6,27.9,29.579,1.64,54,46,0,A,Well Drained
480,144,5,2020-12-25,2.63,6.8,0.375,29.7,47.8,21.1,43.498,2.1,69,26,5,A,Poorly Drained
481,121,57,2018-02-08,0.69,26.6,0.205,28.7,30.3,33.9,1.273,1.05,56,11,33,A,Moderately Drained
482,223,44,2023-07-15,1.52,15.5,0.897,33.8,47.3,25.7,2.841,1.04,19,28,53,B,Moderately Drained
483,295,50,2023-07-20,2.65,17.8,0.507,10.3,56.5,36.9,47.017,1.14,6,17,77,D,Well Drained
484,351,12,2018-12-25,0.71,33.7,0.183,62.5,16.3,26.6,1.017,1.67,66,5,29,D,Moderately Drained
485,191,18,2022-07-11,2.34,42.2,0.956,28.2,47.3,38.4,34.008,1.79,71,24,5,C,Well Drained
486,332,54,2024-01-04,0.18,52.8,0.452,57.4,28.8,30.6,25.359,2.08,10,11,79,B,Moderately Drained
487,346,34,2019-05-16,1.12,34.4,0.907,33.4,39.7,20.9,36.366,1.8,28,12,60,D,Well Drained
488,483,39,2024-06-24,2.3,26.5,0.505,18.4,74.5,38.4,38.31,2.1,44,32,24,D,Moderately Drained
489,483,39,2019-10-08,0.41,22.1,0.572,27.6,10.5,44.6,17.308,1.39,72,7,21,B,Well Drained
490,386,9,2020-12-03,2.72,11.2,0.812,56.4,76.7,27.1,3.009,1.78,25,30,45,B,Well Drained
491,165,26,2022-12-15,2.48,35.4,0.31,77.8,17.5,33.1,39.079,0.94,65,30,5,C,Well Drained
492,286,9,2020-12-10,2.78,16.1,0.705,62.8,35.1,36.5,17.606,1.42,71,25,4,D,Moderately Drained
493,441,56,2019-09-02,0.78,27.2,0.235,71.6,23.7,31.5,26.289,1.21,22,28,50,A,Well Drained
494,295,50,2024-08-26,2.2,40.1,0.737,33.6,14.3,17.1,0.487,1.78,66,21,13,D,Well Drained
495,455,18,2022-09-17,2.41,19.6,0.736,33.4,75.6,26.8,14.028,1.34,73,10,17,C,Moderately Drained
496,299,45,2020-11-04,0.39,25.0,0.931,29.6,67.5,37.4,34.102,1.07,13,56,31,C,Well Drained
497,10,27,2022-10-26,0.92,54.9,0.783,60.4,8.4,39.9,31.049,1.78,27,9,64,B,Poorly Drained
498,375,28,2018-04-13,2.46,53.8,0.631,72.6,57.2,18.1,15.204,1.07,48,42,10,B,Poorly Drained
499,44,60,2022-07-03,1.83,18.1,0.724,31.7,12.1,35.0,16.428,2.14,34,38,28,A,Moderately Drained
500,37,17,2021-12-20,2.2,33.9,0.128,16.1,63.8,19.9,32.02,1.55,11,6,83,D,Well Drained
501,120,14,2018-03-25,2.58,6.3,0.421,33.5,38.8,39.7,37.647,1.2,40,32,28,D,Poorly Drained
502,352,17,2018-01-14,1.4,51.5,0.356,24.8,5.4,27.6,45.296,0.99,12,6,82,B,Moderately Drained
503,285,41,2019-03-07,1.38,9.0,0.892,33.9,15.1,33.1,38.951,1.51,60,35,5,C,Poorly Drained
504,18,60,2023-09-12,0.65,56.5,0.768,50.6,79.0,40.9,14.615,1.91,29,7,64,B,Moderately Drained
505,475,57,2023-10-29,2.13,31.3,0.133,45.3,22.5,16.1,20.171,1.85,13,12,75,A,Poorly Drained
506,291,54,2020-08-31,2.26,12.2,0.48,54.9,74.8,15.3,20.947,1.58,59,8,33,C,Poorly Drained
507,184,38,2020-08-14,0.73,18.2,0.244,33.2,23.2,23.0,17.404,0.87,52,8,40,D,Poorly Drained
508,98,27,2024-05-21,1.65,17.3,0.146,47.9,52.1,28.8,39.253,1.45,49,46,5,B,Moderately Drained
509,293,43,2023-12-21,1.1,35.6,0.665,29.3,77.2,24.6,45.483,1.1,20,20,60,A,Poorly Drained
510,468,11,2020-08-29,2.42,21.4,0.99,53.1,21.3,37.3,6.803,0.86,66,8,26,C,Well Drained
511,472,50,2019-05-30,0.78,6.1,0.587,49.5,73.9,23.9,44.907,1.04,11,42,47,B,Well Drained
512,392,54,2021-08-15,1.09,29.5,0.539,38.0,80.0,21.5,9.437,1.52,10,42,48,A,Poorly Drained
513,193,62,2021-05-01,0.58,59.2,0.696,39.7,5.2,25.3,35.961,1.88,78,11,11,D,Moderately Drained
514,477,40,2018-07-29,2.65,34.5,0.433,76.8,55.9,22.5,34.368,1.69,28,48,24,D,Well Drained
515,210,17,2021-08-19,2.12,15.1,0.532,78.2,5.0,38.5,33.493,2.1,53,15,32,D,Poorly Drained
516,39,4,2022-01-17,0.41,15.7,0.695,35.4,20.2,28.4,30.962,1.77,9,33,58,C,Moderately Drained
517,320,23,2021-02-28,0.5,24.5,0.877,41.0,64.5,33.1,5.841,2.19,71,24,5,B,Moderately Drained
518,497,32,2022-01-13,1.15,40.4,0.965,33.2,54.2,35.1,19.271,0.84,62,33,5,D,Well Drained
519,318,57,2020-08-14,1.86,13.1,0.714,38.1,32.0,35.1,48.248,1.74,14,14,72,B,Poorly Drained
520,422,28,2018-08-30,3.0,14.0,0.839,56.5,67.6,32.4,38.209,1.86,38,57,5,C,Well Drained
521,405,16,2019-05-29,1.0,31.5,0.481,51.9,48.1,28.1,28.172,1.67,41,38,21,D,Poorly Drained
522,221,23,2022-01-13,0.75,39.5,0.357,26.1,0.9,44.1,37.474,1.1,48,47,5,C,Well Drained
523,495,40,2024-05-27,0.7,13.1,0.704,40.5,40.4,30.3,40.924,1.04,72,23,5,D,Poorly Drained
524,168,14,2018-11-05,2.34,7.1,0.409,31.6,26.6,32.5,8.889,1.9,16,38,46,B,Moderately Drained
525,172,39,2020-04-07,0.18,6.0,0.448,25.2,26.7,27.5,23.26,2.18,53,42,5,B,Well Drained
526,266,47,2021-06-02,2.52,46.7,0.311,41.9,9.2,25.5,34.638,2.16,55,30,15,D,Moderately Drained
527,437,26,2023-12-09,2.27,11.7,0.555,68.7,71.9,19.1,20.535,1.18,5,31,64,C,Moderately Drained
528,179,11,2018-01-23,1.65,34.1,0.312,15.8,29.8,28.0,36.662,0.95,71,24,5,D,Well Drained
529,357,2,2018-09-14,2.64,40.3,0.806,14.9,46.5,37.4,18.94,1.71,10,32,58,D,Poorly Drained
530,65,27,2023-03-29,2.52,48.8,0.226,51.5,71.9,15.5,4.963,0.86,56,22,22,C,Moderately Drained
531,243,37,2023-06-01,2.29,8.7,0.145,63.1,64.9,27.0,9.399,1.07,48,20,32,C,Well Drained
532,264,39,2023-03-20,2.33,7.0,0.873,24.2,57.7,32.5,4.686,1.25,43,56,1,B,Moderately Drained
533,43,55,2020-06-10,0.36,55.0,0.83,47.6,62.7,42.3,42.359,1.77,30,13,57,B,Moderately Drained
534,254,49,2023-01-12,0.24,52.7,0.795,12.0,27.9,16.8,25.974,1.51,16,37,47,A,Moderately Drained
535,293,43,2019-09-10,2.61,11.4,0.166,32.3,18.2,35.9,2.949,2.12,11,56,33,C,Moderately Drained
536,387,6,2018-03-21,1.08,52.4,0.739,45.9,3.0,40.1,30.881,1.59,27,54,19,B,Moderately Drained
537,428,54,2018-01-18,2.95,45.6,0.466,70.0,36.3,38.6,18.016,1.45,16,52,32,B,Moderately Drained
538,433,62,2024-04-14,1.73,24.7,0.714,13.1,69.9,18.6,18.061,1.97,15,49,36,C,Well Drained
539,314,31,2021-10-11,0.86,7.5,0.959,15.4,30.0,44.7,44.975,1.2,45,53,2,C,Poorly Drained
540,266,47,2019-01-10,0.55,38.3,0.364,17.6,57.8,35.1,30.868,1.19,57,42,1,A,Moderately Drained
541,424,17,2018-05-16,0.71,45.9,0.782,69.4,36.8,15.6,14.933,2.1,80,8,12,A,Moderately Drained
542,384,16,2024-12-04,0.38,55.4,0.5,47.9,4.8,38.3,49.517,2.07,33,48,19,C,Poorly Drained
543,420,62,2021-07-17,2.33,27.8,0.548,60.0,30.8,42.6,6.341,1.83,43,31,26,B,Poorly Drained
544,321,24,2021-05-12,1.81,46.1,0.425,10.5,15.4,26.1,0.477,1.39,22,6,72,C,Well Drained
545,46,15,2022-09-28,0.55,47.8,0.947,23.9,41.3,37.8,44.649,1.99,57,38,5,B,Poorly Drained
546,94,33,2022-11-23,1.38,39.4,0.85,61.2,47.1,41.6,6.058,0.85,29,34,37,C,Poorly Drained
547,105,61,2020-03-20,0.25,8.6,0.515,74.4,16.9,16.3,36.929,1.68,12,44,44,C,Moderately Drained
548,227,37,2021-07-20,1.31,19.8,0.518,75.8,61.3,23.5,46.613,1.35,65,33,2,A,Moderately Drained
549,10,27,2019-05-09,2.34,22.7,0.779,69.2,3.2,24.7,32.869,1.35,38,18,44,B,Moderately Drained
550,159,55,2024-01-29,0.56,35.3,0.963,79.3,73.3,36.6,22.795,1.12,68,24,8,B,Well Drained
551,488,17,2021-02-21,1.56,11.7,0.846,17.5,30.8,28.3,33.064,1.1,29,41,30,B,Moderately Drained
552,308,8,2023-11-28,1.07,28.9,0.579,18.9,41.1,28.8,22.055,1.92,35,13,52,C,Moderately Drained
553,251,21,2022-09-28,1.79,32.6,0.642,29.2,37.7,18.8,22.844,1.84,30,47,23,B,Well Drained
554,235,36,2018-03-27,2.66,35.4,0.442,66.1,11.1,19.7,10.57,1.99,65,30,5,C,Poorly Drained
555,300,25,2022-05-13,1.52,8.7,0.23,78.3,68.9,18.6,43.343,0.81,62,30,8,D,Well Drained
556,48,10,2023-06-12,1.92,13.6,0.122,36.7,13.0,39.5,3.436,1.22,18,18,64,D,Moderately Drained
557,479,15,2019-02-06,1.89,54.5,0.983,49.4,69.7,15.4,21.722,1.38,40,13,47,D,Well Drained
558,66,37,2022-09-09,1.61,39.0,0.351,51.5,36.0,34.5,42.607,1.55,25,21,54,C,Moderately Drained
559,424,17,2023-03-18,2.4,7.2,0.653,79.4,48.3,22.0,41.974,1.7,31,25,44,C,Moderately Drained
560,403,60,2024-11-22,2.43,21.7,0.237,60.7,65.7,23.9,37.856,0.82,23,60,17,D,Moderately Drained
561,248,28,2023-01-17,2.07,7.7,0.546,68.3,22.8,32.7,27.826,1.12,23,44,33,B,Well Drained
562,158,29,2023-08-12,2.02,33.2,0.247,35.0,62.3,28.2,19.598,1.32,32,27,41,C,Well Drained
563,338,44,2024-03-15,2.85,50.6,0.577,76.5,16.5,17.6,49.737,2.12,42,38,20,C,Well Drained
564,481,6,2022-02-11,0.6,42.3,0.117,63.7,34.1,26.1,7.253,1.18,32,54,14,D,Poorly Drained
565,437,26,2019-02-16,0.43,46.5,0.612,20.4,17.5,26.5,9.141,1.76,22,52,26,C,Poorly Drained
566,405,16,2020-10-29,1.9,50.3,0.394,11.6,12.3,43.8,41.021,2.02,28,32,40,D,Moderately Drained
567,395,53,2024-05-02,1.81,37.4,0.37,25.8,14.4,37.9,29.466,0.82,5,29,66,B,Well Drained
568,230,59,2023-11-09,2.27,6.3,0.8,24.6,27.8,23.2,46.848,1.78,5,29,66,B,Poorly Drained
569,179,11,2021-02-22,0.27,55.5,0.673,37.5,6.6,43.6,14.852,1.5,56,44,0,D,Moderately Drained
570,16,7,2023-07-09,0.5,37.0,0.995,54.5,51.3,20.4,19.579,0.86,18,43,39,A,Moderately Drained
571,229,62,2023-01-25,2.15,28.0,0.558,47.7,30.7,32.2,16.915,2.15,11,51,38,D,Moderately Drained
572,15,17,2021-03-18,2.31,56.4,0.526,22.4,9.1,37.4,38.717,1.11,27,56,17,D,Well Drained
573,468,11,2023-03-21,0.62,7.2,0.185,13.2,14.4,25.1,5.928,1.4,76,8,16,B,Well Drained
574,117,50,2023-11-29,0.55,19.3,0.951,56.2,4.2,27.6,13.159,0.9,54,25,21,C,Well Drained
575,79,42,2022-05-14,2.02,34.8,0.38,56.5,58.1,44.3,41.768,2.07,44,51,5,B,Well Drained
576,411,33,2021-01-28,0.17,18.6,0.105,36.2,5.8,23.7,48.772,0.97,59,12,29,B,Well Drained
577,123,54,2018-07-30,1.61,28.3,0.326,28.3,34.6,21.6,39.994,1.22,45,7,48,A,Moderately Drained
578,197,62,2020-12-08,2.08,55.3,0.378,66.7,56.8,41.7,27.832,0.98,32,46,22,B,Moderately Drained
579,73,29,2024-05-24,0.22,53.0,0.131,27.6,2.2,34.7,10.517,1.27,39,57,4,D,Moderately Drained
580,290,18,2019-01-20,2.49,30.6,0.11,55.1,45.0,26.5,9.298,0.92,40,54,6,C,Well Drained
581,290,18,2020-05-14,2.08,54.6,0.988,65.8,36.6,29.3,27.773,1.69,68,27,5,A,Well Drained
582,452,34,2018-12-10,1.53,39.3,0.158,21.9,7.8,42.3,49.085,1.29,62,15,23,D,Poorly Drained
583,80,56,2023-06-14,0.99,43.9,0.108,34.2,51.5,43.2,45.056,1.17,61,33,6,D,Moderately Drained
584,185,1,2021-03-13,2.39,16.1,0.399,25.3,78.8,39.3,8.538,1.57,45,25,30,B,Moderately Drained
585,166,39,2020-02-08,1.21,41.8,0.719,71.2,6.6,36.7,28.145,1.25,64,31,5,C,Moderately Drained
586,94,33,2018-02-12,0.6,49.0,0.683,17.4,23.0,41.3,5.514,1.87,13,42,45,B,Moderately Drained
587,468,11,2018-04-04,1.06,21.5,0.956,44.1,70.0,17.6,20.171,1.86,63,23,14,C,Moderately Drained
588,8,39,2023-07-17,0.94,33.6,0.932,44.6,78.4,33.1,29.865,2.03,67,28,5,D,Well Drained
589,319,12,2023-11-04,0.56,57.7,0.896,52.1,46.0,32.1,37.358,1.97,69,28,3,B,Poorly Drained
590,265,14,2018-05-05,2.03,20.7,0.541,36.3,34.9,19.5,20.82,1.71,79,16,5,B,Moderately Drained
591,4,19,2022-07-04,1.58,16.6,0.796,64.1,8.6,40.2,6.813,2.07,55,13,32,C,Poorly Drained
592,492,16,2019-10-08,0.15,34.2,0.127,58.0,33.6,20.3,39.382,1.92,36,27,37,C,Poorly Drained
593,464,31,2023-04-09,2.39,59.1,0.265,56.0,62.9,33.1,6.68,1.1,49,20,31,B,Poorly Drained
594,304,49,2019-02-18,1.06,46.0,0.691,60.0,69.1,16.9,25.752,1.32,57,38,5,C,Moderately Drained
595,88,36,2018-04-29,2.59,43.0,0.412,74.0,42.9,42.5,3.892,2.14,67,28,5,B,Poorly Drained
596,166,39,2020-02-29,1.91,16.4,0.176,22.8,8.0,40.1,41.052,2.12,37,45,18,C,Poorly Drained
597,308,8,2021-05-21,2.98,19.4,0.834,28.5,27.4,33.0,3.662,1.75,60,16,24,A,Well Drained
598,93,29,2022-09-02,1.2,30.7,0.304,73.3,71.4,21.6,26.721,0.93,19,22,59,C,Moderately Drained
599,397,54,2019-04-17,1.02,33.2,0.928,47.4,43.8,20.6,11.235,2.01,28,55,17,C,Moderately Drained
600,29,60,2020-06-05,1.67,54.5,0.624,57.3,21.4,23.6,27.935,1.76,49,49,2,C,Poorly Drained
601,303,32,2021-09-19,2.94,37.4,0.199,53.1,65.1,29.8,25.2,1.06,80,15,5,C,Moderately Drained
602,316,9,2024-08-26,2.45,16.4,0.256,23.3,14.0,28.9,27.55,1.89,57,21,22,C,Moderately Drained
603,385,6,2018-12-07,2.88,54.3,0.25,19.2,23.8,32.8,48.082,1.38,51,35,14,B,Moderately Drained
604,153,27,2021-06-28,0.93,21.3,0.611,39.5,11.4,37.7,13.106,2.17,20,41,39,B,Poorly Drained
605,31,57,2019-11-30,1.51,51.7,0.373,49.5,48.2,17.0,28.416,1.46,69,26,5,A,Poorly Drained
606,156,3,2024-07-31,0.37,34.0,0.58,77.9,50.4,38.0,3.401,1.52,14,25,61,C,Moderately Drained
607,138,54,2019-03-12,1.89,31.4,0.183,12.0,29.7,37.4,44.435,1.69,44,7,49,D,Moderately Drained
608,417,57,2018-08-26,2.09,34.1,0.405,77.2,51.5,16.4,38.422,1.59,62,33,5,B,Moderately Drained
609,12,46,2022-08-09,1.1,55.5,0.236,34.6,72.8,28.3,41.922,1.74,43,10,47,C,Poorly Drained
610,353,3,2018-03-24,1.39,57.5,0.314,63.2,42.8,25.9,20.652,1.26,15,30,55,C,Well Drained
611,128,44,2023-04-17,1.84,48.9,0.716,65.4,4.0,32.6,21.148,2.05,66,29,5,B,Moderately Drained
612,364,17,2023-10-29,0.82,27.7,0.767,15.1,50.3,27.4,17.262,2.08,37,29,34,D,Moderately Drained
613,3,47,2023-01-22,0.4,36.2,0.265,46.8,42.7,26.2,2.431,1.65,77,12,11,D,Moderately Drained
614,394,62,2021-09-11,0.25,18.0,0.237,58.8,76.3,30.2,17.646,0.88,25,7,68,D,Well Drained
615,458,31,2022-05-14,0.96,25.6,0.577,34.7,54.6,17.4,12.262,1.29,58,37,5,C,Moderately Drained
616,249,34,2023-04-12,1.34,12.3,0.62,37.9,22.7,31.7,22.269,1.08,68,27,5,B,Poorly Drained
617,195,6,2021-12-27,0.19,30.3,0.86,19.0,76.1,20.8,34.503,2.13,39,58,3,C,Moderately Drained
618,8,39,2022-03-01,2.68,6.6,0.562,77.7,55.1,17.7,17.704,0.93,64,31,5,C,Well Drained
619,355,23,2021-09-26,1.26,9.5,0.108,39.2,48.0,30.3,37.705,1.51,22,11,67,D,Moderately Drained
620,128,44,2021-05-24,2.02,54.3,0.258,13.1,49.9,18.5,7.279,0.85,37,45,18,D,Poorly Drained
621,23,48,2022-08-05,1.37,5.1,0.358,19.6,30.6,30.8,12.988,1.63,60,23,17,C,Poorly Drained
622,337,59,2024-07-26,2.52,31.9,0.238,67.7,58.8,31.8,33.126,1.27,20,31,49,B,Well Drained
623,344,53,2018-06-12,1.44,15.9,0.397,57.0,6.3,20.6,11.93,1.79,6,31,63,D,Moderately Drained
624,194,8,2023-08-23,2.4,34.5,0.378,76.6,2.5,33.3,35.552,1.39,14,27,59,D,Poorly Drained
625,185,1,2024-05-06,0.32,28.2,0.805,25.6,63.9,32.0,23.972,1.97,6,15,79,A,Well Drained
626,398,46,2018-10-13,0.88,34.0,0.371,44.2,4.4,29.4,7.192,1.72,55,14,31,A,Moderately Drained
627,156,3,2023-03-14,0.47,55.0,0.496,47.3,32.0,20.6,31.049,1.1,27,28,45,A,Well Drained
628,388,43,2019-02-23,0.17,45.7,0.411,27.9,23.1,36.9,30.139,1.22,45,22,33,A,Moderately Drained
629,263,37,2018-01-28,0.83,8.9,0.726,60.8,54.5,24.0,22.207,1.8,77,18,5,C,Poorly Drained
630,242,17,2022-11-16,2.88,20.1,0.848,76.5,15.5,44.6,24.3,1.75,6,30,64,D,Moderately Drained
631,360,52,2022-03-07,2.51,5.9,0.968,35.9,43.8,29.0,0.646,1.0,77,18,5,D,Well Drained
632,44,60,2021-08-01,1.66,21.6,0.784,16.0,1.5,40.2,49.347,1.85,37,19,44,B,Well Drained
633,82,20,2020-05-17,0.22,55.8,0.542,17.1,32.0,26.2,38.157,1.73,51,44,5,A,Well Drained
634,401,51,2023-03-29,1.78,12.8,0.605,37.5,24.2,34.2,17.065,0.97,34,51,15,B,Well Drained
635,455,18,2019-08-08,1.99,16.4,0.153,71.6,46.2,18.1,4.779,1.29,5,28,67,B,Well Drained
636,82,20,2020-08-18,0.62,37.4,0.851,27.8,51.2,38.8,6.711,1.31,29,49,22,C,Well Drained
637,18,60,2019-01-19,2.1,42.0,0.508,36.6,5.5,22.5,25.66,0.88,19,11,70,A,Moderately Drained
638,163,6,2019-11-08,1.32,20.5,0.474,73.7,3.0,44.6,34.445,0.93,65,16,19,D,Well Drained
639,455,18,2020-03-22,1.49,25.2,0.155,36.7,16.4,16.7,20.236,1.94,46,15,39,D,Moderately Drained
640,69,58,2018-01-08,2.26,10.5,0.8,68.0,34.1,16.3,37.024,1.86,72,23,5,B,Poorly Drained
641,346,34,2022-09-28,1.74,38.0,0.705,37.9,26.1,33.7,40.104,1.33,37,16,47,D,Moderately Drained
642,134,20,2019-07-05,2.8,22.2,0.578,34.3,25.1,21.2,36.693,1.85,60,8,32,A,Moderately Drained
643,45,11,2022-02-25,1.21,50.2,0.479,48.4,36.7,37.0,33.391,1.44,39,17,44,C,Well Drained
644,167,44,2020-10-31,0.32,19.8,0.248,42.7,34.4,37.2,48.819,2.1,13,31,56,D,Well Drained
645,438,41,2018-08-06,0.86,30.4,0.809,72.8,7.1,40.0,47.591,1.52,54,41,5,B,Well Drained
646,130,31,2023-07-07,1.45,37.8,0.647,51.2,32.2,34.6,15.069,1.46,47,23,30,A,Poorly Drained
647,265,14,2019-07-20,0.36,51.2,0.651,25.9,43.9,23.0,30.723,1.06,76,19,5,B,Well Drained
648,234,19,2021-02-04,1.2,58.7,0.96,16.0,47.7,16.7,25.854,0.92,76,19,5,D,Poorly Drained
649,298,41,2018-04-07,0.69,40.1,0.696,15.4,25.3,16.7,34.409,1.8,52,17,31,B,Well Drained
650,100,35,2021-05-19,0.98,27.4,0.827,56.6,41.0,17.6,9.484,1.61,72,10,18,C,Well Drained
651,307,27,2023-11-16,2.88,13.0,0.182,23.4,21.5,24.2,13.216,1.02,36,37,27,D,Moderately Drained
652,278,33,2020-12-14,0.97,8.6,0.551,69.3,12.8,38.8,27.159,1.63,7,16,77,A,Well Drained
653,6,1,2020-08-08,0.2,47.8,0.674,64.3,75.5,22.2,0.543,2.11,50,27,23,C,Well Drained
654,359,40,2020-12-15,1.64,26.0,0.453,65.0,28.6,28.8,31.779,0.95,26,51,23,C,Poorly Drained
655,307,27,2022-07-30,2.77,56.4,0.21,63.0,33.3,37.8,37.297,1.65,28,56,16,D,Moderately Drained
656,184,38,2022-10-14,2.93,17.4,0.987,23.9,47.1,30.7,0.892,2.1,29,27,44,D,Moderately Drained
657,246,9,2019-02-22,2.83,59.0,0.425,27.9,43.8,26.0,4.876,2.17,79,15,6,C,Poorly Drained
658,200,32,2020-09-15,1.06,12.6,0.808,15.0,57.0,28.1,12.272,1.4,10,8,82,B,Poorly Drained
659,404,11,2018-10-09,2.64,24.6,0.955,17.6,31.1,37.8,40.76,0.92,33,30,37,D,Poorly Drained
660,48,10,2023-03-09,0.42,26.8,0.26,42.8,32.6,18.3,34.102,2.06,28,16,56,C,Poorly Drained
661,7,33,2023-04-21,0.53,33.3,0.428,62.7,15.9,21.8,25.897,1.76,65,8,27,C,Poorly Drained
662,305,51,2024-04-19,2.15,50.3,0.322,67.9,13.0,34.2,20.593,2.11,33,35,32,C,Moderately Drained
663,161,24,2019-04-16,1.64,14.1,0.377,31.3,42.1,44.2,28.74,2.01,31,30,39,C,Well Drained
664,8,39,2023-08-27,1.74,20.9,0.358,42.8,21.1,30.4,23.856,1.07,46,28,26,A,Moderately Drained
665,180,62,2021-03-24,1.96,58.9,0.694,44.4,21.6,30.0,24.786,2.09,30,49,21,C,Poorly Drained
666,372,26,2021-03-31,1.51,58.1,0.781,42.2,11.7,16.9,10.369,1.06,61,32,7,D,Poorly Drained
667,50,58,2024-11-09,2.63,59.9,0.423,68.8,56.6,37.9,4.232,1.34,10,28,62,B,Poorly Drained
668,109,47,2018-11-24,1.71,45.2,0.636,48.4,15.1,33.8,10.687,1.08,41,5,54,D,Poorly Drained
669,480,56,2024-08-31,0.75,53.7,0.876,57.9,47.0,31.8,39.298,2.04,31,41,28,A,Poorly Drained
670,336,47,2023-01-07,1.0,45.8,0.886,48.5,20.4,36.1,45.568,1.03,45,34,21,C,Well Drained
671,254,49,2021-02-04,1.05,56.6,0.499,62.6,53.1,38.0,7.072,0.97,45,18,37,C,Poorly Drained
672,402,22,2024-11-14,1.48,25.0,0.787,39.8,58.2,31.2,10.5,1.28,53,31,16,D,Moderately Drained
673,148,62,2019-01-22,2.71,43.1,0.181,33.0,71.4,37.0,33.185,2.19,17,34,49,B,Poorly Drained
674,245,60,2020-06-20,1.99,8.1,0.923,21.3,38.8,17.0,5.759,1.93,42,7,51,B,Moderately Drained
675,459,55,2022-07-30,0.28,29.8,0.53,60.9,46.8,15.1,40.906,1.05,42,15,43,B,Poorly Drained
676,244,42,2021-12-03,0.35,29.2,0.872,64.3,15.8,20.3,4.468,1.41,21,56,23,B,Poorly Drained
677,6,1,2018-09-27,2.3,14.4,0.939,69.5,48.6,38.9,29.603,0.94,62,37,1,D,Poorly Drained
678,271,46,2024-09-08,2.59,24.4,0.573,43.2,18.8,32.4,40.117,1.18,53,27,20,C,Well Drained
679,221,23,2020-01-05,2.77,38.2,0.208,28.8,3.6,42.1,9.927,1.21,20,17,63,B,Poorly Drained
680,498,11,2021-10-27,0.12,50.4,0.458,25.6,57.7,16.2,39.49,1.31,41,48,11,C,Moderately Drained
681,224,56,2018-08-22,0.29,5.2,0.373,78.6,57.5,31.8,27.755,0.89,75,20,5,A,Moderately Drained
682,381,58,2024-08-12,2.22,21.5,0.605,42.7,31.1,38.0,32.499,1.23,69,26,5,C,Well Drained
683,97,59,2020-12-19,1.48,24.9,0.926,39.4,40.9,33.0,28.811,1.96,53,42,5,A,Poorly Drained
684,18,60,2022-05-23,0.76,49.3,0.646,47.8,45.9,27.4,43.655,1.13,24,41,35,A,Well Drained
685,185,1,2022-03-08,0.7,51.7,0.552,49.6,41.3,24.7,30.137,1.58,13,45,42,C,Well Drained
686,440,51,2018-02-24,2.78,26.2,0.525,23.4,65.0,21.0,28.871,1.22,66,11,23,D,Well Drained
687,404,11,2023-03-12,0.85,27.8,0.926,19.1,10.5,20.6,30.86,1.4,71,25,4,B,Poorly Drained
688,392,54,2018-06-29,0.91,12.7,0.473,57.1,27.7,33.1,24.308,1.59,62,24,14,B,Moderately Drained
689,129,49,2024-05-02,2.54,35.1,0.54,41.6,51.2,16.3,2.03,1.57,59,38,3,C,Poorly Drained
690,341,45,2020-07-30,2.67,42.0,0.632,22.1,3.9,41.9,9.889,1.67,61,34,5,B,Moderately Drained
691,8,39,2019-02-03,1.2,27.0,0.477,51.9,48.0,42.1,19.514,1.12,60,12,28,B,Moderately Drained
692,128,44,2023-05-29,2.77,7.2,0.404,52.3,27.7,42.1,28.989,0.88,13,49,38,D,Well Drained
693,137,29,2018-03-07,2.17,29.7,0.5,76.1,34.6,32.8,43.191,2.04,38,57,5,D,Moderately Drained
694,337,59,2018-10-03,1.07,20.8,0.601,74.8,52.1,29.7,14.629,0.93,51,38,11,A,Moderately Drained
695,465,39,2023-10-31,1.47,46.3,0.351,78.3,15.1,24.9,21.215,0.9,8,20,72,B,Moderately Drained
696,266,47,2023-07-20,1.12,58.2,0.557,29.0,51.0,27.5,6.643,0.8,73,22,5,B,Moderately Drained
697,59,29,2020-02-08,2.88,31.0,0.911,42.7,44.4,22.0,17.508,1.89,22,48,30,A,Well Drained
698,55,41,2021-08-26,0.85,18.6,0.606,25.3,9.3,27.2,30.255,1.17,70,14,16,A,Poorly Drained
699,408,59,2024-12-15,2.93,53.8,0.473,47.8,76.6,40.3,30.373,0.93,56,14,30,D,Well Drained
700,268,58,2024-12-05,2.98,24.7,0.531,42.4,56.1,44.2,49.137,1.63,33,23,44,A,Well Drained
701,282,32,2024-01-27,1.66,17.6,0.853,57.3,79.1,21.8,26.596,1.33,59,36,5,A,Moderately Drained
702,223,44,2021-06-22,1.02,26.8,0.684,35.2,29.2,17.0,25.791,1.4,61,10,29,C,Moderately Drained
703,19,30,2023-05-03,1.56,31.7,0.1,50.8,36.7,22.3,35.938,1.44,29,58,13,D,Well Drained
704,423,20,2023-12-04,2.34,24.2,0.225,28.2,50.0,40.0,38.227,1.8,8,37,55,B,Moderately Drained
705,218,28,2022-10-10,2.86,11.0,0.514,39.4,30.7,35.5,13.612,1.95,64,30,6,D,Poorly Drained
706,397,54,2023-09-03,1.18,58.2,0.66,64.8,0.8,44.9,49.474,1.23,22,10,68,A,Poorly Drained
707,322,11,2022-03-10,1.3,13.3,0.908,78.7,3.7,34.3,15.021,1.67,44,27,29,B,Poorly Drained
708,410,11,2021-07-04,2.61,18.1,0.272,12.3,4.1,36.6,17.918,0.84,37,47,16,C,Moderately Drained
709,315,31,2019-05-25,0.85,16.0,0.244,29.2,55.5,39.9,34.166,1.21,28,50,22,A,Well Drained
710,484,10,2018-07-10,2.59,26.0,0.597,24.7,0.8,21.6,23.994,1.22,49,23,28,D,Moderately Drained
711,361,43,2023-12-17,0.64,32.9,0.144,34.7,27.4,27.1,28.583,1.61,56,44,0,A,Moderately Drained
712,452,34,2024-02-23,2.53,53.5,0.676,59.0,22.7,35.0,19.002,1.76,59,36,5,B,Poorly Drained
713,203,36,2022-10-13,0.9,22.7,0.763,73.0,13.5,41.8,37.253,1.65,39,5,56,D,Moderately Drained
714,266,47,2021-02-19,1.5,56.8,0.157,79.5,3.3,39.4,36.421,0.95,18,59,23,C,Well Drained
715,218,28,2022-04-17,1.05,37.5,0.909,70.2,21.6,30.7,15.808,1.58,43,15,42,C,Poorly Drained
716,338,44,2019-09-24,0.97,32.8,0.48,55.9,10.9,38.5,0.163,1.78,19,11,70,B,Poorly Drained
717,377,24,2020-03-11,0.45,31.3,0.155,20.7,77.8,15.5,37.97,0.92,54,41,5,D,Well Drained
718,432,24,2021-04-20,1.13,21.6,0.719,28.7,2.8,28.1,35.409,1.86,47,30,23,D,Poorly Drained
719,216,25,2023-02-16,1.79,46.1,0.592,62.1,58.1,25.6,48.856,2.07,44,50,6,A,Moderately Drained
720,234,19,2019-03-28,2.86,55.5,0.871,71.2,78.3,34.3,6.751,1.85,70,25,5,D,Poorly Drained
721,115,9,2022-01-18,1.48,56.5,0.601,77.6,30.6,31.3,46.655,1.76,60,35,5,A,Poorly Drained
722,496,32,2022-09-21,1.73,32.0,0.396,35.9,2.3,42.2,44.073,1.53,79,16,5,C,Well Drained
723,144,5,2022-03-22,1.94,16.8,0.182,48.9,33.5,17.6,10.374,2.06,47,38,15,B,Moderately Drained
724,362,55,2022-07-08,2.26,58.8,0.354,18.2,27.5,31.0,4.757,0.89,39,13,48,A,Poorly Drained
725,10,27,2018-06-15,1.19,59.3,0.752,31.7,42.1,23.3,18.285,1.75,8,22,70,C,Moderately Drained
726,137,29,2022-01-04,1.04,42.5,0.646,71.1,1.3,22.4,37.706,1.33,16,43,41,D,Moderately Drained
727,396,28,2020-02-03,0.68,17.3,0.323,13.7,71.3,39.2,10.048,1.56,18,33,49,D,Well Drained
728,165,26,2021-08-25,2.84,23.1,0.648,65.4,3.9,15.2,2.882,1.68,5,11,84,C,Moderately Drained
729,274,38,2020-04-18,2.06,27.6,0.949,74.1,40.2,39.8,49.826,2.04,40,23,37,A,Well Drained
730,212,16,2023-11-06,2.31,13.0,0.551,25.8,57.5,20.0,41.011,1.33,59,36,5,C,Moderately Drained
731,299,45,2023-10-21,1.5,13.3,0.662,77.6,60.4,25.5,28.073,1.95,20,34,46,A,Moderately Drained
732,82,20,2019-11-08,0.21,35.7,0.119,78.5,3.7,36.5,43.519,1.04,49,22,29,D,Well Drained
733,252,46,2020-07-06,0.67,22.0,0.858,16.9,51.6,31.4,46.714,2.16,59,32,9,D,Poorly Drained
734,50,58,2019-06-08,2.38,34.4,0.145,43.4,0.7,17.1,3.126,1.46,47,18,35,A,Well Drained
735,130,31,2024-12-13,2.54,30.2,0.708,73.3,64.6,39.9,46.889,1.81,38,52,10,B,Moderately Drained
736,294,22,2020-03-05,1.07,27.1,0.852,43.3,23.1,37.3,30.481,2.15,76,19,5,A,Poorly Drained
737,247,49,2019-11-26,1.89,37.2,0.996,14.2,75.1,42.1,33.032,1.16,55,40,5,D,Poorly Drained
738,220,47,2024-08-09,1.83,32.5,0.171,15.0,58.5,42.0,12.167,1.79,20,5,75,B,Poorly Drained
739,399,2,2018-02-23,0.97,36.6,0.416,49.4,29.3,15.6,18.633,0.8,63,32,5,C,Poorly Drained
740,211,39,2022-04-17,0.4,41.2,0.569,56.3,32.6,38.0,38.733,1.87,49,44,7,D,Poorly Drained
741,73,29,2023-04-05,0.98,14.8,0.65,48.4,70.8,42.8,48.341,1.97,31,46,23,D,Well Drained
742,343,43,2024-11-02,0.74,57.5,0.609,20.1,44.9,40.8,1.607,1.12,10,38,52,C,Moderately Drained
743,221,23,2021-03-25,2.44,51.0,0.951,26.4,1.9,32.0,0.6,1.53,49,49,2,A,Poorly Drained
744,133,25,2023-09-27,2.64,51.3,0.728,42.3,51.3,34.1,44.977,1.1,24,54,22,A,Moderately Drained
745,397,54,2024-04-21,1.79,9.7,0.854,15.4,3.5,38.0,47.284,1.99,68,27,5,B,Well Drained
746,462,13,2022-04-26,1.89,22.4,0.447,23.1,73.2,29.0,28.355,1.61,71,24,5,D,Moderately Drained
747,477,40,2023-06-21,2.41,10.6,0.405,34.2,63.7,39.1,21.271,2.04,56,31,13,A,Moderately Drained
748,491,17,2024-05-20,0.68,58.2,0.489,78.2,52.9,18.3,36.515,1.96,26,36,38,D,Well Drained
749,473,11,2020-09-16,1.41,13.8,0.908,32.9,29.3,22.6,43.91,1.9,51,6,43,A,Poorly Drained
750,471,58,2019-04-07,0.95,54.7,0.35,42.0,50.3,23.5,5.357,1.13,68,29,3,C,Poorly Drained
751,128,44,2023-12-06,0.16,54.4,0.597,68.1,40.3,33.7,32.484,1.38,59,26,15,D,Well Drained
752,458,31,2022-07-14,2.17,20.7,0.133,59.7,7.9,39.1,3.919,1.27,80,15,5,A,Well Drained
753,111,24,2022-04-06,1.09,8.5,0.441,74.2,73.7,30.9,37.637,0.81,19,13,68,D,Poorly Drained
754,235,36,2021-04-09,1.14,22.9,0.596,64.6,38.5,39.3,2.325,1.37,12,25,63,B,Poorly Drained
755,165,26,2018-12-29,1.84,57.2,0.344,13.6,21.4,17.3,9.809,2.17,7,40,53,A,Well Drained
756,371,53,2019-09-26,2.17,41.1,0.885,63.7,60.0,17.6,3.582,0.94,59,27,14,D,Well Drained
757,400,48,2020-05-15,0.47,59.8,0.328,78.6,71.0,35.1,42.873,2.15,17,19,64,C,Well Drained
758,497,32,2024-04-21,0.47,37.5,0.414,62.3,72.7,38.5,49.366,1.33,56,33,11,A,Poorly Drained
759,71,21,2023-05-19,2.84,53.2,0.866,55.8,58.2,19.5,32.289,1.57,20,19,61,C,Poorly Drained
760,103,56,2022-04-19,0.11,39.8,0.723,68.0,5.8,22.5,4.315,1.83,75,20,5,C,Moderately Drained
761,324,43,2022-09-07,2.58,43.7,0.981,71.7,12.6,27.3,48.912,1.67,76,19,5,B,Poorly Drained
762,468,11,2018-04-01,1.58,11.6,0.739,58.0,32.8,17.2,25.536,1.96,34,18,48,A,Poorly Drained
763,371,53,2021-11-17,0.44,45.8,0.297,49.0,24.2,18.6,13.1,1.26,78,19,3,C,Poorly Drained
764,14,37,2024-01-23,2.19,22.8,0.672,68.6,33.9,42.6,19.078,2.03,79,16,5,B,Poorly Drained
765,364,17,2024-10-17,1.91,47.3,0.159,55.8,56.3,25.5,38.149,1.4,69,26,5,C,Moderately Drained
766,413,7,2023-11-13,2.7,35.7,0.305,64.8,24.9,34.2,41.991,0.83,30,55,15,B,Moderately Drained
767,49,36,2019-01-28,0.92,9.8,0.424,19.1,79.9,31.9,31.2,2.12,36,43,21,B,Moderately Drained
768,457,50,2021-04-06,0.25,30.0,0.701,60.1,37.0,42.3,24.569,1.23,11,28,61,B,Well Drained
769,242,17,2020-12-31,2.11,34.2,0.668,32.8,64.3,15.8,14.0,0.85,26,54,20,B,Moderately Drained
770,451,41,2024-09-10,1.1,13.4,0.809,21.2,41.7,39.8,46.106,1.49,12,35,53,C,Poorly Drained
771,354,36,2024-08-05,2.83,16.4,0.326,18.4,29.3,17.8,38.62,0.88,34,17,49,C,Moderately Drained
772,292,43,2019-03-21,2.81,45.9,0.136,70.2,46.9,16.1,8.376,0.88,44,13,43,B,Well Drained
773,26,28,2024-04-21,2.36,26.3,0.188,63.5,65.2,32.6,6.432,1.5,30,47,23,B,Poorly Drained
774,116,34,2018-04-20,1.79,37.1,0.188,33.0,70.8,34.3,46.054,2.15,38,32,30,C,Poorly Drained
775,197,62,2018-09-04,2.21,26.4,0.234,68.0,2.0,20.1,24.557,1.55,52,14,34,D,Well Drained
776,297,55,2024-05-13,1.57,33.5,0.74,75.5,19.9,38.7,26.113,1.2,23,22,55,D,Well Drained
777,362,55,2023-02-02,1.41,15.1,0.177,51.1,69.1,22.1,15.464,1.17,39,32,29,D,Moderately Drained
778,38,62,2021-05-19,0.37,32.8,0.428,42.7,31.1,28.6,24.331,1.87,47,33,20,C,Poorly Drained
779,326,3,2023-06-26,1.42,40.4,0.412,64.0,20.3,30.3,5.311,1.58,15,18,67,D,Well Drained
780,54,13,2020-09-25,0.21,39.9,0.662,39.6,16.8,37.7,5.949,2.06,53,21,26,B,Moderately Drained
781,143,27,2024-07-28,1.85,53.0,0.861,61.6,18.3,36.6,47.344,1.94,63,28,9,C,Poorly Drained
782,120,14,2018-11-05,1.89,35.0,0.463,27.5,75.5,27.6,19.506,1.17,28,48,24,A,Moderately Drained
783,71,21,2024-01-17,1.18,33.9,0.912,19.9,67.3,24.6,1.57,1.62,33,7,60,B,Poorly Drained
784,383,6,2020-08-22,0.44,21.2,0.52,45.7,53.5,36.4,49.186,1.73,76,19,5,C,Well Drained
785,331,24,2018-09-16,0.83,57.4,0.456,50.2,57.4,23.1,0.405,1.85,51,37,12,C,Moderately Drained
786,321,24,2019-08-25,2.94,13.2,0.202,45.4,74.1,31.0,46.969,1.74,6,57,37,B,Moderately Drained
787,494,56,2022-08-22,0.81,15.8,0.929,66.4,35.2,25.5,28.453,1.75,66,29,5,B,Moderately Drained
788,356,42,2021-02-26,1.93,41.3,0.575,48.8,52.8,20.7,21.609,0.9,47,22,31,A,Moderately Drained
789,393,48,2020-06-02,0.4,15.3,0.784,52.1,1.3,31.7,5.291,2.0,70,25,5,C,Well Drained
790,177,17,2024-09-09,2.75,35.2,0.984,71.3,37.5,35.9,42.041,1.0,27,9,64,D,Moderately Drained
791,263,37,2018-09-12,1.45,46.5,0.736,10.2,65.2,37.9,38.772,1.33,76,19,5,C,Poorly Drained
792,248,28,2022-09-17,2.3,21.2,0.371,48.2,61.0,23.2,17.738,1.41,24,27,49,C,Well Drained
793,464,31,2024-11-17,1.59,51.9,0.314,32.5,11.9,18.3,5.754,2.16,38,15,47,B,Moderately Drained
794,5,32,2019-02-09,2.45,6.9,0.915,35.4,33.1,23.2,28.792,2.19,71,26,3,D,Well Drained
795,340,31,2019-11-22,2.42,46.3,0.83,54.2,50.0,43.4,35.44,0.87,60,35,5,B,Poorly Drained
796,448,12,2018-06-07,0.69,29.6,0.661,63.2,18.8,27.8,45.249,1.05,62,26,12,A,Well Drained
797,93,29,2018-12-07,2.88,5.0,0.492,36.4,65.3,40.6,24.623,1.06,60,35,5,D,Moderately Drained
798,152,25,2022-08-06,0.92,35.6,0.921,46.4,26.9,43.9,19.705,1.93,77,18,5,C,Poorly Drained
799,212,16,2024-01-10,2.55,20.5,0.939,45.7,73.0,32.5,24.159,0.91,62,17,21,D,Moderately Drained
800,83,6,2020-02-22,1.36,9.4,0.588,77.5,38.4,21.5,19.21,2.08,77,18,5,C,Moderately Drained
801,465,39,2019-03-02,0.17,21.7,0.176,58.3,73.3,39.3,10.466,1.2,9,49,42,A,Well Drained
802,71,21,2018-05-19,0.26,31.7,0.617,42.5,71.6,27.0,48.67,1.22,51,27,22,A,Moderately Drained
803,136,46,2024-06-28,0.33,43.8,0.192,12.5,50.4,33.6,31.045,1.38,14,31,55,A,Moderately Drained
804,429,40,2020-04-10,0.87,28.8,0.252,42.4,35.3,38.8,17.212,1.7,40,29,31,A,Poorly Drained
805,92,15,2024-08-04,1.17,30.3,0.757,73.1,18.0,29.4,1.656,0.93,65,30,5,D,Moderately Drained
806,147,29,2023-10-20,2.1,56.5,0.922,52.9,50.0,18.4,35.99,1.59,56,9,35,A,Well Drained
807,469,21,2022-07-18,2.13,16.9,0.819,14.4,62.7,18.3,9.379,1.51,7,23,70,A,Poorly Drained
808,212,16,2022-05-15,2.06,50.5,0.928,59.0,6.1,28.8,2.043,1.28,62,33,5,A,Moderately Drained
809,39,4,2024-01-07,2.99,24.9,0.91,20.8,20.8,41.9,34.968,1.92,32,25,43,A,Moderately Drained
810,480,56,2020-02-25,2.04,35.6,0.86,42.4,62.2,43.9,32.58,1.3,21,16,63,D,Well Drained
811,404,11,2022-03-21,0.9,31.1,0.773,28.3,57.4,39.4,20.156,2.16,11,22,67,A,Moderately Drained
812,404,11,2018-08-04,0.3,53.9,0.864,29.5,79.1,28.1,2.414,1.41,18,45,37,D,Moderately Drained
813,352,17,2018-09-24,0.79,46.2,0.774,40.7,77.0,16.4,33.449,0.92,77,18,5,C,Well Drained
814,399,2,2019-08-05,1.5,19.6,0.371,26.8,8.2,37.4,31.851,1.89,45,7,48,B,Moderately Drained
815,71,21,2024-09-27,2.5,38.3,0.803,70.4,4.7,36.0,43.271,1.32,24,9,67,D,Well Drained
816,435,55,2020-11-25,0.73,6.5,0.362,24.2,6.8,17.7,35.846,1.73,67,28,5,A,Moderately Drained
817,26,28,2022-04-21,2.31,51.9,0.276,41.5,45.9,31.3,42.237,1.75,26,15,59,D,Poorly Drained
818,160,34,2018-06-01,1.88,37.0,0.279,51.9,33.0,26.0,40.719,1.48,16,59,25,B,Well Drained
819,85,33,2022-08-29,1.98,8.7,0.344,70.5,60.0,29.5,5.455,1.22,51,34,15,A,Poorly Drained
820,229,62,2022-11-11,0.14,52.8,0.684,73.3,36.5,39.6,11.8,0.98,13,37,50,D,Moderately Drained
821,416,37,2021-01-22,2.21,20.6,0.316,77.8,39.2,42.4,29.424,1.29,19,28,53,C,Well Drained
822,413,7,2023-09-09,1.58,27.0,0.657,16.4,18.1,15.8,31.27,1.71,46,30,24,D,Well Drained
823,426,27,2020-12-03,2.13,16.7,0.71,44.9,46.1,29.5,11.765,1.45,9,38,53,B,Well Drained
824,271,46,2024-12-28,2.85,46.9,0.226,64.7,74.2,31.3,6.466,1.69,17,37,46,A,Well Drained
825,228,36,2024-12-02,0.78,20.7,0.556,78.3,42.9,33.7,1.616,1.73,18,25,57,C,Poorly Drained
826,128,44,2024-07-04,0.22,43.0,0.437,62.0,10.7,19.3,22.366,1.09,62,28,10,B,Moderately Drained
827,68,40,2021-10-17,0.79,9.7,0.386,44.0,9.6,28.0,27.556,1.95,77,18,5,B,Poorly Drained
828,427,53,2020-10-05,1.14,31.0,0.239,53.1,48.3,32.8,37.683,0.87,75,20,5,C,Moderately Drained
829,34,25,2018-08-31,0.33,45.5,0.947,53.9,49.9,37.1,11.892,1.53,66,29,5,C,Moderately Drained
830,372,26,2023-09-21,2.23,35.4,0.498,48.5,39.4,27.3,1.989,2.13,64,22,14,D,Moderately Drained
831,385,6,2022-03-30,0.32,19.7,0.677,48.4,62.2,31.4,23.725,1.71,66,29,5,B,Moderately Drained
832,168,14,2024-11-10,0.66,58.8,0.183,30.9,34.4,31.4,26.553,1.7,31,35,34,B,Poorly Drained
833,272,61,2019-05-20,2.1,54.3,0.203,47.8,31.6,40.3,46.225,1.1,25,6,69,B,Moderately Drained
834,430,62,2021-08-18,1.72,46.0,0.737,29.6,47.5,19.2,11.203,1.03,26,51,23,D,Poorly Drained
835,186,38,2018-07-14,2.0,43.8,0.805,53.9,40.1,33.5,8.674,1.62,9,33,58,C,Well Drained
836,416,37,2021-02-25,2.8,46.2,0.102,13.4,57.7,23.2,2.127,1.0,30,14,56,A,Well Drained
837,202,36,2022-11-19,0.45,26.6,0.691,62.0,24.1,23.0,49.017,2.1,33,32,35,D,Moderately Drained
838,315,31,2020-03-26,0.23,59.1,0.123,38.2,65.0,38.3,33.826,1.09,30,38,32,D,Moderately Drained
839,304,49,2023-03-14,2.59,46.1,0.765,50.9,53.4,36.4,44.742,1.86,54,34,12,A,Well Drained
840,446,57,2022-05-25,1.76,10.2,0.589,66.4,24.0,38.8,39.1,1.24,16,7,77,A,Poorly Drained
841,143,27,2021-06-23,2.05,15.9,0.976,73.1,0.3,25.2,9.08,1.21,21,5,74,C,Moderately Drained
842,56,45,2020-07-01,2.66,33.6,0.591,73.2,73.9,28.0,19.409,2.03,21,10,69,C,Moderately Drained
843,92,15,2020-07-08,1.03,45.9,0.868,76.2,50.9,39.4,46.153,1.73,25,17,58,D,Poorly Drained
844,359,40,2023-08-10,0.37,24.1,0.859,17.5,44.1,43.6,25.82,1.61,33,20,47,B,Well Drained
845,260,51,2024-12-16,1.15,24.4,0.164,62.5,33.1,37.7,3.333,1.56,48,37,15,B,Well Drained
846,418,51,2018-06-20,2.2,18.8,0.48,16.5,75.0,33.5,33.287,1.26,80,15,5,C,Moderately Drained
847,279,26,2020-10-05,2.99,43.1,0.524,56.8,70.1,39.6,16.052,0.9,22,41,37,C,Well Drained
848,231,52,2020-06-28,1.88,57.2,0.2,26.6,60.9,20.3,1.906,1.11,31,42,27,D,Poorly Drained
849,436,18,2021-03-20,1.71,11.0,0.503,37.1,48.3,30.8,36.528,1.05,21,51,28,D,Well Drained
850,141,24,2019-03-05,0.98,7.7,0.384,24.6,11.0,22.6,40.961,2.18,38,39,23,D,Poorly Drained
851,484,10,2023-05-23,2.38,54.6,0.413,51.0,76.6,36.1,30.473,2.0,39,32,29,D,Moderately Drained
852,209,48,2021-11-05,2.58,25.8,0.27,21.7,22.7,26.5,12.689,1.94,63,29,8,D,Moderately Drained
853,115,9,2019-12-12,0.95,38.2,0.367,25.8,76.6,15.5,3.424,1.64,22,59,19,A,Well Drained
854,302,59,2020-09-16,2.07,39.9,0.864,54.9,50.8,25.8,36.257,1.06,35,41,24,A,Poorly Drained
855,250,11,2021-02-28,1.25,11.3,0.977,41.5,42.2,30.0,41.98,1.02,14,13,73,D,Well Drained
856,217,47,2018-09-29,1.25,17.5,0.552,57.3,11.8,35.9,37.595,1.22,50,43,7,D,Poorly Drained
857,307,27,2024-07-16,1.06,24.6,0.306,22.7,47.9,31.9,49.892,1.05,10,12,78,D,Moderately Drained
858,135,22,2020-06-22,2.1,49.9,0.167,78.0,36.2,39.1,49.401,1.27,18,6,76,B,Moderately Drained
859,383,6,2020-01-06,1.68,12.9,0.883,12.3,60.6,19.7,22.117,1.19,59,32,9,C,Poorly Drained
860,339,14,2024-11-07,1.82,45.9,0.768,10.1,11.0,42.5,49.843,2.08,8,40,52,C,Well Drained
861,353,3,2021-06-17,2.48,21.9,0.687,12.0,62.0,44.7,48.346,2.01,8,5,87,A,Poorly Drained
862,48,10,2021-01-06,2.77,49.9,0.658,27.7,33.1,30.0,16.452,1.07,26,41,33,D,Poorly Drained
863,331,24,2023-12-17,1.36,41.1,0.204,63.1,19.2,39.9,33.837,1.52,7,57,36,B,Well Drained
864,340,31,2018-06-16,0.43,36.1,0.758,56.2,38.3,43.6,24.629,1.6,13,50,37,D,Moderately Drained
865,51,20,2021-12-28,1.36,6.2,0.146,45.7,32.8,36.9,19.853,1.5,61,16,23,B,Well Drained
866,337,59,2024-02-10,2.57,41.9,0.547,48.1,66.8,38.9,49.291,1.29,18,14,68,B,Poorly Drained
867,343,43,2023-02-20,2.76,41.0,0.976,77.8,32.6,35.1,32.072,0.82,17,59,24,D,Well Drained
868,223,44,2022-04-30,2.74,48.6,0.855,36.1,14.4,42.0,45.193,1.49,75,13,12,D,Well Drained
869,247,49,2024-07-10,1.76,56.2,0.661,74.5,58.5,19.5,24.847,1.18,46,48,6,B,Poorly Drained
870,161,24,2024-06-06,1.2,40.1,0.213,62.8,25.3,19.0,4.935,1.32,68,12,20,A,Poorly Drained
871,238,31,2018-03-31,1.59,40.8,0.848,65.1,48.1,34.6,1.947,1.11,8,8,84,B,Moderately Drained
872,248,28,2021-10-09,2.42,35.2,0.959,13.2,6.2,34.9,10.903,1.24,73,21,6,B,Moderately Drained
873,216,25,2020-01-31,0.15,53.4,0.906,10.5,72.0,23.6,23.516,1.45,32,7,61,C,Well Drained
874,334,48,2021-10-02,0.85,20.9,0.504,11.7,49.5,45.0,17.979,0.84,62,8,30,D,Moderately Drained
875,90,62,2021-04-26,1.18,13.3,0.366,78.7,72.3,15.9,24.537,1.07,44,52,4,D,Moderately Drained
876,130,31,2021-04-16,1.8,42.6,0.492,69.4,53.7,38.7,18.229,2.17,11,56,33,D,Moderately Drained
877,131,9,2024-03-28,2.48,40.8,0.592,19.3,7.6,33.6,14.943,1.43,63,12,25,B,Poorly Drained
878,69,58,2022-11-29,0.56,45.9,0.852,19.5,66.6,29.0,20.656,2.12,42,5,53,A,Poorly Drained
879,137,29,2024-07-25,1.88,21.0,0.215,79.1,72.9,35.4,43.984,1.35,35,41,24,C,Poorly Drained
880,347,36,2023-09-13,0.16,49.0,0.738,69.9,72.2,42.5,26.749,1.3,36,26,38,D,Well Drained
881,2,16,2022-03-18,2.1,21.8,0.939,17.3,54.3,41.8,5.699,0.87,64,20,16,B,Moderately Drained
882,323,27,2019-05-22,0.72,13.2,0.806,38.5,58.7,37.4,1.292,1.73,14,8,78,C,Well Drained
883,377,24,2024-09-30,0.83,48.7,0.287,52.8,48.1,40.6,18.927,2.0,66,34,0,B,Moderately Drained
884,188,26,2020-05-17,1.49,50.8,0.261,37.4,15.9,34.2,10.144,1.92,80,15,5,A,Moderately Drained
885,269,36,2018-10-20,2.62,36.2,0.781,47.6,61.7,22.0,46.209,1.67,68,27,5,D,Well Drained
886,312,23,2022-02-16,0.31,47.5,0.383,45.2,32.4,28.3,24.018,1.84,52,13,35,D,Moderately Drained
887,297,55,2019-07-03,2.32,50.3,0.811,58.7,55.0,34.5,25.836,1.14,15,15,70,D,Well Drained
888,31,57,2018-06-17,2.12,45.1,0.251,32.9,76.4,19.3,45.275,1.81,49,25,26,D,Moderately Drained
889,204,25,2018-07-22,1.46,41.6,0.554,24.9,33.1,26.7,23.114,1.32,44,41,15,C,Moderately Drained
890,34,25,2023-03-15,0.23,43.6,0.325,60.0,40.6,19.3,13.124,1.13,73,22,5,D,Moderately Drained
891,260,51,2018-11-02,0.9,5.2,0.75,20.5,28.5,20.9,43.373,0.81,39,30,31,B,Well Drained
892,480,56,2022-05-09,1.15,50.6,0.85,37.6,57.8,40.3,32.296,1.98,17,43,40,D,Moderately Drained
893,167,44,2024-01-29,2.25,13.2,0.57,31.5,31.2,28.3,37.237,2.13,66,24,10,A,Well Drained
894,491,17,2021-05-27,1.61,51.6,0.732,21.2,28.2,36.2,48.982,0.82,49,6,45,A,Poorly Drained
895,156,3,2019-05-12,0.34,44.4,0.799,31.9,55.5,19.8,8.345,2.19,44,16,40,D,Poorly Drained
896,128,44,2020-05-18,1.83,11.7,0.316,69.0,3.6,18.8,25.514,0.89,37,45,18,C,Moderately Drained
897,165,26,2020-12-04,1.87,30.5,0.366,73.7,53.7,20.5,11.337,1.5,7,16,77,A,Poorly Drained
898,237,13,2019-01-12,2.65,35.8,0.512,55.6,1.2,33.9,6.76,1.28,14,44,42,C,Poorly Drained
899,334,48,2021-12-10,0.56,57.0,0.614,60.9,7.5,37.3,12.086,0.93,78,17,5,B,Poorly Drained
900,139,3,2019-09-14,2.67,32.5,0.826,16.7,10.1,20.0,34.873,1.33,54,16,30,D,Well Drained
901,103,56,2019-07-30,1.87,23.9,0.851,10.3,3.9,26.4,7.093,2.04,6,38,56,C,Moderately Drained
902,344,53,2024-09-14,2.38,13.2,0.567,73.5,69.1,41.9,46.632,1.07,29,42,29,D,Well Drained
903,34,25,2021-11-23,0.66,25.3,0.415,18.1,73.9,39.8,32.241,1.02,39,23,38,B,Well Drained
904,356,42,2023-08-13,0.5,38.2,0.642,22.5,55.4,36.3,35.141,1.63,25,19,56,B,Moderately Drained
905,289,31,2020-07-09,2.9,5.7,0.939,63.8,34.4,44.9,48.22,1.68,78,17,5,C,Moderately Drained
906,164,2,2018-07-13,1.75,17.2,0.541,31.1,52.5,42.6,46.159,1.5,72,23,5,C,Well Drained
907,96,6,2020-03-26,2.0,22.1,0.205,33.6,17.9,20.3,41.953,1.61,27,30,43,A,Poorly Drained
908,425,4,2019-02-22,2.22,13.9,0.135,15.0,60.6,28.5,25.962,1.63,34,46,20,B,Poorly Drained
909,275,43,2019-05-10,2.05,55.7,0.454,64.7,64.4,22.4,17.747,1.98,8,15,77,A,Well Drained
910,340,31,2018-11-15,1.22,19.9,0.733,19.9,17.8,31.7,32.683,1.94,22,50,28,A,Well Drained
911,220,47,2024-12-05,2.64,30.8,0.865,17.8,78.7,22.3,4.82,1.57,28,53,19,A,Well Drained
912,315,31,2022-10-19,1.65,15.4,0.634,58.8,34.4,40.8,32.255,2.09,15,13,72,A,Moderately Drained
913,332,54,2024-06-12,2.62,27.5,0.206,22.7,41.6,15.3,27.218,1.86,37,54,9,C,Moderately Drained
914,43,55,2020-11-16,1.3,28.7,0.785,74.7,3.6,35.5,41.421,2.11,23,17,60,D,Well Drained
915,376,55,2020-06-10,0.26,59.1,0.242,24.1,62.9,23.5,19.625,1.23,75,11,14,B,Moderately Drained
916,363,8,2022-05-14,0.8,38.4,0.19,61.3,12.1,22.3,34.3,1.58,65,30,5,D,Moderately Drained
917,483,39,2018-04-24,2.03,57.1,0.818,58.3,28.9,31.5,21.365,2.0,28,38,34,C,Poorly Drained
918,41,34,2022-09-15,2.3,34.6,0.417,64.8,16.3,31.4,19.783,1.51,12,20,68,A,Poorly Drained
919,39,4,2022-05-11,1.99,48.6,0.743,13.9,25.8,16.4,3.337,1.4,56,37,7,C,Well Drained
920,336,47,2020-05-01,1.01,36.5,0.284,16.7,4.6,22.2,46.218,1.16,70,7,23,B,Well Drained
921,227,37,2020-08-07,0.97,49.6,0.83,46.3,59.0,32.8,1.111,0.81,70,25,5,D,Poorly Drained
922,65,27,2023-02-18,0.81,19.9,0.715,70.5,1.1,36.0,31.077,0.89,76,19,5,D,Poorly Drained
923,354,36,2022-10-14,1.68,6.0,0.935,34.1,64.6,32.3,49.025,1.81,65,30,5,D,Well Drained
924,103,56,2020-04-02,2.3,25.1,0.597,20.9,64.7,18.5,23.991,1.43,14,22,64,D,Poorly Drained
925,331,24,2020-12-13,0.36,46.5,0.11,64.9,21.0,37.5,43.9,1.02,26,54,20,A,Poorly Drained
926,298,41,2023-04-16,1.2,19.7,0.121,33.7,21.5,17.8,35.346,1.19,68,10,22,A,Well Drained
927,402,22,2020-04-22,1.22,47.4,0.856,55.0,8.9,20.5,38.455,2.19,45,13,42,B,Well Drained
928,188,26,2024-12-18,1.93,57.8,0.226,58.7,22.5,32.0,0.881,0.94,69,26,5,C,Well Drained
929,218,28,2023-01-23,2.79,43.3,0.446,18.3,69.4,43.4,15.064,1.07,58,37,5,A,Poorly Drained
930,180,62,2018-02-03,0.86,38.6,0.794,22.6,27.3,15.1,41.567,0.93,48,46,6,D,Poorly Drained
931,245,60,2023-01-31,0.67,19.4,0.361,49.3,1.8,27.1,13.74,1.41,72,23,5,B,Poorly Drained
932,164,2,2019-08-19,0.39,39.2,0.981,67.7,34.2,26.9,2.798,1.02,28,39,33,B,Poorly Drained
933,359,40,2018-03-14,2.04,56.5,0.727,63.0,51.4,36.8,3.774,1.44,44,48,8,C,Poorly Drained
934,322,11,2018-08-16,0.26,8.4,0.59,62.0,48.3,43.5,15.055,1.17,12,57,31,D,Well Drained
935,51,20,2022-03-05,0.35,49.4,0.343,73.0,44.1,30.3,35.509,1.96,19,24,57,A,Moderately Drained
936,447,12,2020-11-06,1.25,41.2,0.387,40.6,14.5,20.5,23.322,1.31,24,28,48,D,Moderately Drained
937,255,6,2021-03-20,0.95,47.5,0.679,17.1,14.2,29.8,4.981,2.16,14,39,47,B,Well Drained
938,191,18,2020-06-27,0.11,19.3,0.431,11.7,70.2,34.2,16.395,1.19,51,36,13,A,Poorly Drained
939,283,10,2021-08-16,0.65,42.2,0.964,19.9,58.1,15.9,33.964,1.27,63,23,14,D,Moderately Drained
940,444,1,2020-08-13,1.01,57.2,0.539,69.4,40.6,16.6,3.582,1.53,22,43,35,A,Well Drained
941,359,40,2024-03-17,1.39,52.8,0.815,70.7,48.0,30.5,20.01,2.16,6,44,50,A,Moderately Drained
942,408,59,2022-06-28,1.89,24.6,0.472,69.1,14.0,27.8,16.491,0.95,37,43,20,A,Poorly Drained
943,496,32,2018-02-28,1.12,52.8,0.483,67.2,51.8,38.8,48.028,2.07,34,15,51,A,Moderately Drained
944,414,36,2019-04-24,2.64,54.9,0.937,63.9,24.3,29.0,8.145,0.85,27,58,15,B,Moderately Drained
945,358,52,2018-02-13,2.47,23.5,0.887,64.0,18.9,15.1,15.449,0.88,21,16,63,A,Poorly Drained
946,218,28,2018-12-05,2.06,14.3,0.837,22.4,52.7,44.3,32.885,2.09,52,36,12,A,Well Drained
947,44,60,2021-04-30,1.84,26.2,0.226,52.3,15.9,40.8,19.404,1.89,79,16,5,C,Poorly Drained
948,182,2,2020-11-16,0.47,53.1,0.261,36.9,17.1,22.1,29.495,1.22,42,45,13,B,Moderately Drained
949,87,37,2024-09-26,0.82,55.1,0.34,49.0,53.9,40.8,39.462,1.45,54,15,31,B,Well Drained
950,319,12,2019-06-23,0.24,17.8,0.741,12.7,75.0,36.0,44.322,1.44,68,27,5,A,Poorly Drained
951,490,11,2022-01-06,2.23,56.6,0.579,36.6,14.4,17.9,46.069,1.89,42,48,10,A,Well Drained
952,182,2,2020-09-14,2.89,43.4,0.858,49.0,27.7,15.8,44.469,1.76,12,10,78,B,Moderately Drained
953,220,47,2020-01-01,1.28,20.0,0.847,19.1,74.0,44.1,42.775,1.27,12,11,77,D,Poorly Drained
954,483,39,2024-11-25,1.12,13.4,0.236,23.1,68.9,21.2,29.417,1.25,75,18,7,C,Poorly Drained
955,273,23,2021-07-27,1.18,21.6,0.41,69.7,40.7,15.7,38.101,0.99,42,36,22,C,Well Drained
956,46,15,2020-05-06,1.36,31.5,0.566,56.8,35.7,16.5,27.142,1.44,73,26,1,D,Poorly Drained
957,155,34,2022-08-10,1.32,31.5,0.665,39.9,26.5,25.6,45.141,1.01,34,60,6,D,Well Drained
958,127,21,2021-07-12,2.05,5.3,0.714,14.8,26.1,28.5,9.392,1.88,27,33,40,A,Moderately Drained
959,378,36,2022-02-13,1.79,46.2,0.123,34.0,57.4,44.8,48.676,2.19,74,22,4,A,Well Drained
960,110,13,2020-11-25,1.64,35.9,0.576,71.3,77.5,31.0,23.832,1.85,70,25,5,D,Poorly Drained
961,180,62,2020-03-25,0.81,32.7,0.615,25.5,65.3,44.1,35.318,1.76,39,37,24,B,Poorly Drained
962,320,23,2023-10-27,0.97,59.0,0.718,65.7,70.4,15.7,0.752,0.9,26,13,61,B,Moderately Drained
963,424,17,2024-07-01,0.51,53.3,0.412,69.9,59.7,28.8,1.759,1.33,7,51,42,B,Moderately Drained
964,95,4,2018-07-25,2.44,19.3,0.301,21.4,10.6,38.9,30.397,1.77,21,30,49,D,Moderately Drained
965,241,16,2024-05-09,2.59,8.3,0.497,58.6,24.8,39.5,35.723,1.33,15,47,38,B,Well Drained
966,147,29,2024-08-22,0.94,10.2,0.205,72.7,3.7,41.9,16.574,1.12,54,45,1,C,Poorly Drained
967,492,16,2021-06-08,0.22,20.9,0.193,44.2,68.0,24.9,21.646,1.86,37,47,16,C,Moderately Drained
968,32,43,2024-02-12,1.12,25.8,0.31,11.6,55.9,17.6,0.185,1.88,66,9,25,B,Well Drained
969,496,32,2024-01-02,1.92,41.5,0.623,74.3,68.2,44.5,24.033,1.45,14,42,44,C,Poorly Drained
970,159,55,2019-01-10,1.09,29.0,0.183,37.0,48.0,42.4,26.193,1.69,79,14,7,A,Poorly Drained
971,484,10,2023-01-09,2.68,31.2,0.129,61.6,67.4,15.5,18.775,0.83,80,15,5,B,Poorly Drained
972,234,19,2020-01-09,2.64,28.1,0.681,70.5,77.3,43.0,5.936,1.88,28,26,46,C,Moderately Drained
973,266,47,2022-09-26,0.95,24.4,0.945,40.2,13.2,26.6,8.61,1.93,73,22,5,D,Poorly Drained
974,264,39,2023-06-09,0.42,31.6,0.295,54.9,9.1,43.7,49.743,1.29,24,25,51,D,Poorly Drained
975,149,8,2022-09-23,1.17,30.0,0.69,68.7,76.4,21.2,49.967,1.69,60,19,21,D,Well Drained
976,106,23,2019-08-03,2.9,12.2,0.479,25.2,2.8,19.8,27.739,1.79,47,20,33,D,Poorly Drained
977,227,37,2021-04-08,0.7,49.7,0.445,44.8,32.7,23.3,35.731,2.11,79,16,5,D,Poorly Drained
978,73,29,2019-05-11,2.93,38.7,0.173,35.6,32.3,30.8,33.282,1.29,45,13,42,B,Poorly Drained
979,153,27,2018-10-04,2.56,48.2,0.311,13.9,35.8,18.4,8.605,2.0,17,32,51,D,Poorly Drained
980,399,2,2022-10-20,0.77,15.3,0.164,63.4,73.3,20.6,6.81,1.19,30,47,23,B,Moderately Drained
981,439,51,2021-02-21,0.57,47.5,0.445,78.6,14.7,21.3,29.707,1.14,52,43,5,B,Moderately Drained
982,324,43,2023-05-03,0.57,43.1,0.202,40.1,1.5,42.5,27.405,2.08,61,28,11,A,Well Drained
983,23,48,2023-06-10,1.55,50.3,0.732,54.2,58.2,41.0,17.406,0.87,57,38,5,B,Well Drained
984,60,36,2020-01-01,0.49,31.4,0.92,38.6,39.5,27.3,27.281,1.67,22,11,67,A,Moderately Drained
985,476,22,2018-10-19,0.38,38.8,0.608,70.9,61.0,23.2,29.75,1.96,52,43,5,A,Poorly Drained
986,88,36,2024-08-15,1.9,56.0,0.318,25.8,27.6,38.9,22.589,1.51,75,11,14,B,Moderately Drained
987,105,61,2022-04-25,1.66,18.7,0.208,51.4,77.8,23.0,45.992,2.07,30,33,37,B,Moderately Drained
988,372,26,2019-09-12,1.99,55.4,0.773,61.2,33.6,38.6,13.495,0.98,28,18,54,A,Well Drained
989,412,19,2021-01-25,0.72,14.1,0.897,34.2,37.3,29.1,31.515,1.6,34,18,48,C,Well Drained
990,182,2,2023-10-03,2.93,9.6,0.708,13.4,21.3,22.0,19.529,0.8,63,32,5,D,Poorly Drained
991,270,9,2021-08-27,0.12,23.7,0.795,75.1,39.2,37.6,39.166,1.35,18,57,25,A,Well Drained
992,184,38,2024-09-07,0.24,23.0,0.422,41.8,70.0,23.5,15.451,0.97,41,28,31,C,Moderately Drained
993,371,53,2019-06-07,0.54,8.6,0.157,56.5,71.2,25.2,35.137,1.85,32,23,45,D,Well Drained
994,420,62,2020-01-08,0.8,27.8,0.363,41.3,65.2,29.9,48.705,1.13,12,49,39,B,Well Drained
995,402,22,2019-04-12,0.51,32.0,0.367,45.7,44.3,40.6,38.098,0.93,21,44,35,B,Moderately Drained
996,92,15,2024-06-03,2.69,15.7,0.125,43.1,38.4,17.2,0.979,2.0,79,16,5,A,Poorly Drained
997,457,50,2020-07-08,1.48,41.9,0.495,69.4,18.8,42.9,31.81,0.87,48,46,6,A,Well Drained
998,373,44,2022-12-18,0.72,12.4,0.892,32.1,68.6,23.7,36.974,1.39,24,46,30,C,Well Drained
999,145,47,2021-03-23,2.11,22.7,0.601,74.4,73.0,34.8,21.182,2.03,57,10,33,D,Moderately Drained
1000,33,36,2023-12-09,1.34,7.7,0.822,22.0,41.8,24.2,3.548,1.49,78,17,5,A,Well Drained
1001,207,34,2023-05-25,1.65,59.5,0.937,74.0,28.4,42.1,37.68,1.91,26,33,41,B,Moderately Drained
1002,354,36,2024-11-26,0.21,38.6,0.865,27.5,33.5,23.1,12.706,2.02,23,15,62,D,Well Drained
1003,386,9,2020-08-08,1.25,22.4,0.408,16.9,28.4,15.0,8.232,1.45,76,19,5,A,Moderately Drained
1004,360,52,2023-09-20,0.46,58.4,0.815,70.7,9.4,35.3,20.699,1.6,20,44,36,A,Well Drained
1005,253,56,2018-08-15,2.33,54.8,0.164,45.3,27.9,27.3,26.66,0.94,78,17,5,D,Well Drained
1006,202,36,2022-05-08,2.09,56.2,0.172,27.9,20.3,17.7,43.248,1.55,59,36,5,D,Moderately Drained
1007,95,4,2022-04-19,2.65,14.7,0.682,67.4,35.0,32.5,11.895,2.0,20,23,57,C,Moderately Drained
1008,471,58,2019-06-25,0.53,57.7,0.695,71.4,58.8,26.8,4.258,0.84,73,22,5,B,Poorly Drained
1009,177,17,2023-12-26,2.22,41.4,0.357,18.8,18.4,32.7,36.792,1.31,29,12,59,A,Moderately Drained
1010,185,1,2022-12-14,0.54,41.8,0.197,35.6,8.7,20.1,4.427,0.85,68,7,25,B,Poorly Drained
1011,487,39,2018-06-21,1.54,54.4,0.182,23.9,65.8,32.2,48.844,2.15,33,50,17,A,Moderately Drained
1012,95,4,2018-06-11,0.75,33.5,0.525,14.1,25.3,43.6,16.54,2.19,14,52,34,D,Moderately Drained
1013,387,6,2020-07-28,2.24,10.9,0.596,63.9,63.4,20.0,8.416,1.18,39,51,10,D,Well Drained
1014,145,47,2018-10-17,1.76,6.9,0.782,75.9,59.2,18.7,7.502,1.73,23,45,32,D,Poorly Drained
1015,152,25,2020-06-01,1.58,24.1,0.882,50.5,57.8,15.2,2.024,1.87,18,39,43,C,Poorly Drained
1016,158,29,2024-11-08,2.45,20.1,0.264,75.5,11.3,20.4,12.793,1.86,14,57,29,A,Poorly Drained
1017,361,43,2019-09-17,2.65,54.9,0.563,45.1,39.3,38.5,36.597,1.96,37,13,50,D,Well Drained
1018,238,31,2024-08-01,0.79,17.3,0.883,77.2,13.1,30.7,2.593,1.07,17,20,63,B,Well Drained
1019,202,36,2023-03-25,1.42,58.1,0.1,13.5,18.0,16.9,38.632,1.41,23,38,39,A,Well Drained
1020,247,49,2024-12-28,2.29,43.1,0.179,79.7,22.7,28.9,12.854,0.92,61,34,5,A,Moderately Drained
1021,433,62,2023-07-19,2.12,23.9,0.511,32.1,76.4,16.8,46.193,2.05,63,17,20,B,Moderately Drained
1022,487,39,2023-10-30,1.39,5.7,0.475,50.5,7.4,23.7,45.292,1.27,52,44,4,C,Well Drained
1023,455,18,2020-01-05,0.33,21.5,0.218,79.0,0.0,38.7,2.454,1.28,28,60,12,C,Moderately Drained
1024,145,47,2019-10-19,0.4,56.0,0.63,55.2,73.1,23.6,16.306,1.42,26,9,65,A,Moderately Drained
1025,116,34,2018-03-18,1.87,22.4,0.156,40.9,11.9,43.7,29.635,0.96,9,43,48,B,Poorly Drained
1026,238,31,2018-11-07,1.51,10.8,0.257,39.3,45.6,37.7,6.239,0.84,31,14,55,C,Well Drained
1027,445,22,2022-09-27,2.31,51.5,0.994,78.2,52.3,23.9,15.418,1.13,51,15,34,C,Moderately Drained
1028,311,5,2020-10-06,0.59,18.0,0.303,72.7,69.7,43.3,46.186,1.66,68,27,5,B,Poorly Drained
1029,14,37,2022-08-16,0.47,53.2,0.344,55.5,57.8,40.1,45.753,2.18,48,42,10,B,Poorly Drained
1030,57,1,2019-11-16,1.77,20.6,0.226,32.3,0.5,19.4,37.859,1.36,54,7,39,D,Moderately Drained
1031,493,34,2018-10-22,2.46,25.5,0.264,57.2,13.6,27.1,48.648,1.5,41,20,39,C,Poorly Drained
1032,486,25,2024-03-01,0.14,38.5,0.179,64.9,78.6,42.9,6.028,0.93,61,35,4,C,Well Drained
1033,74,43,2022-07-22,1.71,27.4,0.902,44.8,59.8,41.1,40.518,1.73,28,19,53,A,Poorly Drained
1034,370,41,2024-06-29,0.47,35.3,0.669,47.0,0.2,16.1,14.562,1.04,60,27,13,D,Well Drained
1035,196,48,2024-08-15,0.26,12.1,0.935,18.7,0.8,33.0,6.641,1.53,54,35,11,B,Well Drained
1036,120,14,2019-09-15,0.97,39.6,0.83,74.0,63.0,20.8,47.073,1.79,23,26,51,C,Well Drained
1037,300,25,2023-03-29,2.27,28.6,0.366,58.0,36.0,32.1,12.744,1.69,57,11,32,B,Poorly Drained
1038,103,56,2022-04-11,2.64,22.8,0.54,50.9,45.0,28.1,14.68,1.53,26,45,29,A,Well Drained
1039,100,35,2023-03-22,1.71,34.4,0.775,77.5,17.0,43.7,11.235,1.78,25,59,16,A,Moderately Drained
1040,443,9,2020-06-15,2.91,27.2,0.344,65.7,18.8,19.1,4.989,1.53,21,34,45,C,Well Drained
1041,68,40,2020-11-06,0.59,24.1,0.599,76.8,78.9,35.6,9.334,1.99,11,30,59,B,Poorly Drained
1042,327,20,2020-02-18,1.18,6.3,0.412,27.2,18.8,18.6,19.827,1.2,63,34,3,C,Moderately Drained
1043,219,16,2018-04-02,0.36,8.1,0.515,18.8,27.5,38.7,33.285,1.41,41,59,0,A,Poorly Drained
1044,54,13,2020-02-22,2.4,6.9,0.398,59.7,40.8,25.0,8.704,1.82,36,47,17,D,Well Drained
1045,40,32,2021-11-09,2.95,7.9,0.355,41.8,9.3,29.9,16.343,1.62,24,31,45,C,Well Drained
1046,268,58,2018-12-07,1.52,30.6,0.395,74.4,26.7,40.0,32.46,1.97,78,17,5,A,Moderately Drained
1047,52,54,2018-11-04,0.65,53.0,0.988,22.3,20.0,31.4,19.239,1.48,49,46,5,C,Poorly Drained
1048,479,15,2021-03-04,2.77,39.7,0.241,60.9,64.3,43.9,41.01,0.88,11,16,73,D,Well Drained
1049,218,28,2020-02-23,1.65,50.3,0.917,63.4,24.6,24.6,32.702,0.88,17,34,49,B,Poorly Drained
1050,107,47,2023-07-20,2.93,42.9,0.785,11.1,63.9,36.9,30.165,0.87,47,20,33,A,Moderately Drained
1051,441,56,2023-05-26,0.24,9.6,0.399,53.1,4.1,39.4,13.297,1.65,40,43,17,A,Well Drained
1052,279,26,2024-07-05,0.3,11.7,0.873,26.5,26.1,30.8,16.17,1.64,23,38,39,A,Poorly Drained
1053,241,16,2021-01-24,0.42,46.0,0.351,25.2,39.0,15.3,33.529,2.19,67,28,5,C,Poorly Drained
1054,434,13,2024-09-25,2.79,55.1,0.556,27.3,2.7,29.9,2.072,1.17,58,37,5,B,Well Drained
1055,150,17,2018-03-14,0.65,20.1,0.137,73.6,6.4,17.7,34.983,2.05,58,37,5,B,Poorly Drained
1056,128,44,2019-12-06,1.07,49.5,0.562,40.9,10.1,40.3,31.164,1.66,56,39,5,D,Well Drained
1057,368,31,2018-03-11,0.81,41.2,0.961,35.1,77.4,37.8,12.264,2.1,56,34,10,B,Poorly Drained
1058,476,22,2018-04-19,0.45,30.1,0.108,18.8,63.6,30.7,17.33,2.12,34,48,18,D,Well Drained
1059,296,41,2018-11-06,0.93,9.1,0.224,75.7,44.4,30.6,37.413,1.28,20,29,51,D,Well Drained
1060,364,17,2024-04-26,2.78,39.0,0.811,67.1,19.7,39.4,39.362,1.38,62,33,5,C,Well Drained
1061,248,28,2023-12-28,1.16,46.3,0.304,15.0,55.1,16.7,6.458,1.95,41,29,30,A,Poorly Drained
1062,400,48,2024-01-23,1.51,43.1,0.588,53.0,27.7,40.5,0.176,1.97,39,6,55,B,Well Drained
1063,495,40,2023-02-19,2.65,55.2,0.366,55.1,64.7,35.1,22.003,0.81,10,23,67,C,Well Drained
1064,432,24,2022-06-30,0.35,21.2,0.981,62.4,2.2,42.6,32.292,1.89,55,39,6,B,Well Drained
1065,15,17,2019-01-08,1.84,37.0,0.58,31.3,30.5,28.1,0.009,1.66,46,48,6,C,Poorly Drained
1066,21,25,2023-01-14,1.64,51.4,0.159,64.9,53.0,19.5,40.72,1.1,61,19,20,A,Moderately Drained
1067,317,51,2022-09-01,0.2,20.6,0.406,75.6,31.5,44.9,21.633,1.02,28,43,29,B,Poorly Drained
1068,276,62,2020-09-24,2.43,49.8,0.714,51.7,70.4,42.9,5.7,0.9,53,39,8,B,Poorly Drained
1069,256,59,2021-07-04,0.43,51.9,0.638,67.4,78.5,27.2,47.413,2.16,29,30,41,C,Moderately Drained
1070,138,54,2023-07-18,1.03,33.2,0.156,34.9,51.7,42.8,30.962,1.64,20,36,44,B,Well Drained
1071,42,44,2021-01-22,2.59,6.5,0.427,28.0,43.4,23.3,5.293,2.05,17,54,29,C,Moderately Drained
1072,248,28,2021-02-09,1.93,50.2,0.129,57.3,12.9,27.8,17.343,2.01,6,43,51,B,Moderately Drained
1073,315,31,2024-11-25,2.35,38.7,0.953,43.3,47.0,29.4,33.598,1.43,60,31,9,C,Poorly Drained
1074,244,42,2018-09-19,2.49,44.3,0.231,76.2,18.1,25.3,28.687,2.18,29,54,17,B,Well Drained
1075,3,47,2023-10-06,2.53,5.8,0.22,11.4,10.5,22.3,22.948,1.48,66,27,7,D,Moderately Drained
1076,65,27,2021-04-16,0.85,25.7,0.554,36.6,14.1,26.1,21.034,1.72,19,43,38,B,Well Drained
1077,399,2,2024-06-05,1.57,16.0,0.716,15.4,17.2,43.1,39.07,0.96,46,49,5,B,Moderately Drained
1078,54,13,2020-06-04,2.62,49.7,0.663,26.9,53.6,38.4,46.088,1.26,58,34,8,A,Poorly Drained
1079,159,55,2020-11-23,0.18,47.1,0.645,59.0,8.2,20.6,6.502,1.79,13,32,55,B,Well Drained
1080,437,26,2020-07-02,1.27,42.6,0.834,74.6,63.4,30.0,34.191,1.12,52,34,14,B,Poorly Drained
1081,120,14,2021-06-05,2.16,56.7,0.688,35.5,21.3,30.3,40.993,0.98,16,45,39,D,Moderately Drained
1082,282,32,2021-06-24,0.89,14.1,0.772,65.4,69.3,37.2,3.921,1.01,73,22,5,C,Moderately Drained
1083,250,11,2021-02-14,2.89,31.9,0.267,77.4,22.4,41.8,11.389,0.96,23,24,53,B,Poorly Drained
1084,403,60,2022-09-10,1.49,22.6,0.952,53.6,72.5,20.5,17.906,1.78,60,35,5,D,Well Drained
1085,332,54,2022-11-29,1.86,6.8,0.97,62.4,79.7,36.6,31.322,1.2,72,20,8,C,Poorly Drained
1086,204,25,2022-02-25,1.73,11.5,0.773,12.5,72.3,45.0,37.499,2.1,24,40,36,A,Poorly Drained
1087,21,25,2019-03-30,2.16,45.8,0.701,24.4,27.2,24.9,23.347,1.8,17,48,35,A,Well Drained
1088,323,27,2020-12-19,2.44,53.9,0.651,69.9,58.8,41.4,9.022,1.14,36,15,49,C,Moderately Drained
1089,40,32,2024-06-07,2.49,56.1,0.323,69.2,57.0,28.1,30.682,0.96,50,45,5,A,Poorly Drained
1090,308,8,2022-02-01,2.86,20.7,0.374,19.7,30.9,19.0,34.738,2.08,39,31,30,C,Poorly Drained
1091,402,22,2019-10-04,1.89,39.7,0.638,74.4,70.0,44.2,44.863,1.24,62,33,5,D,Poorly Drained
1092,227,37,2022-07-29,2.7,16.1,0.313,54.0,69.1,24.5,7.514,1.8,45,39,16,D,Poorly Drained
1093,333,36,2024-01-09,0.73,25.4,0.397,79.4,50.6,33.8,38.772,2.12,66,5,29,B,Moderately Drained
1094,357,2,2019-04-04,0.26,14.1,0.372,16.4,75.6,43.0,35.794,1.37,61,34,5,C,Poorly Drained
1095,335,8,2019-12-18,1.17,16.7,0.294,54.8,45.5,41.7,39.666,1.01,23,40,37,D,Well Drained
1096,493,34,2018-09-03,1.76,34.9,0.329,45.9,59.5,42.1,42.114,1.19,25,58,17,C,Well Drained
1097,446,57,2018-03-03,1.96,22.0,0.667,73.2,75.9,23.4,12.248,1.94,32,21,47,D,Well Drained
1098,298,41,2019-08-21,0.85,40.2,0.105,23.0,68.2,43.0,25.417,1.81,64,28,8,A,Poorly Drained
1099,98,27,2023-02-07,0.53,41.5,0.332,52.3,50.3,27.9,1.178,2.07,8,35,57,C,Well Drained
1100,340,31,2022-01-29,1.97,10.4,0.178,12.0,60.9,25.2,20.399,1.13,55,40,5,D,Moderately Drained
1101,299,45,2018-10-21,2.85,25.6,0.912,21.5,44.5,22.6,13.009,1.96,26,20,54,D,Moderately Drained
1102,297,55,2021-09-05,2.42,18.4,0.956,27.6,17.7,24.0,21.397,1.71,45,33,22,A,Moderately Drained
1103,141,24,2024-10-30,1.05,38.0,0.523,61.2,79.8,35.3,48.798,2.14,11,46,43,A,Moderately Drained
1104,222,50,2023-12-02,1.21,44.1,0.46,33.7,31.1,40.3,37.656,1.71,35,37,28,A,Moderately Drained
1105,460,49,2018-01-29,1.53,34.2,0.289,46.0,52.8,22.8,27.672,1.94,30,10,60,D,Moderately Drained
1106,462,13,2024-05-14,2.0,24.4,0.952,16.6,38.7,44.5,21.025,0.92,9,5,86,D,Moderately Drained
1107,210,17,2021-05-04,1.25,51.9,0.136,33.9,40.1,28.1,20.307,1.36,52,28,20,A,Moderately Drained
1108,265,14,2020-08-21,1.17,50.2,0.763,56.6,37.4,27.1,13.649,2.18,54,28,18,B,Well Drained
1109,107,47,2022-12-03,0.98,59.1,0.39,38.3,59.1,30.6,40.792,1.91,19,36,45,B,Moderately Drained
1110,76,7,2023-03-30,2.66,13.1,0.182,21.4,21.7,18.8,24.181,2.02,6,16,78,C,Poorly Drained
1111,111,24,2023-11-18,1.31,58.9,0.966,41.3,45.3,40.0,12.879,1.45,55,44,1,D,Poorly Drained
1112,9,21,2024-02-24,0.11,25.1,0.702,61.3,47.7,25.4,21.391,2.19,43,22,35,B,Well Drained
1113,50,58,2020-07-04,1.65,7.1,0.692,18.7,23.9,42.1,31.079,2.05,50,50,0,A,Poorly Drained
1114,210,17,2024-05-28,2.12,44.3,0.731,28.2,37.9,39.7,22.844,1.57,28,48,24,A,Poorly Drained
1115,213,8,2020-12-15,1.16,40.5,0.526,28.4,59.4,43.7,20.825,2.04,45,34,21,A,Well Drained
1116,249,34,2024-09-16,2.21,31.7,0.393,19.2,11.0,38.1,24.186,1.47,54,38,8,A,Moderately Drained
1117,107,47,2023-07-05,2.2,31.7,0.348,44.3,76.9,32.6,1.002,1.28,33,58,9,C,Poorly Drained
1118,348,34,2023-05-28,0.4,28.0,0.8,53.0,2.8,36.2,33.864,2.06,71,24,5,A,Well Drained
1119,480,56,2021-12-18,0.21,29.5,0.712,19.6,35.3,41.8,32.957,1.2,40,60,0,C,Poorly Drained
1120,352,17,2018-03-28,0.75,18.6,0.217,21.2,66.1,40.3,1.271,2.06,14,50,36,B,Poorly Drained
1121,195,6,2024-05-22,0.83,26.9,0.583,75.2,56.8,22.9,31.905,2.08,53,26,21,B,Poorly Drained
1122,342,3,2021-10-04,2.52,5.8,0.911,48.8,59.2,21.1,33.188,1.14,47,48,5,C,Well Drained
1123,362,55,2020-12-14,2.7,17.5,0.105,71.9,41.0,40.5,12.319,2.09,62,14,24,A,Poorly Drained
1124,282,32,2020-12-22,1.82,10.8,0.832,60.9,24.6,45.0,5.311,1.75,67,28,5,D,Moderately Drained
1125,142,53,2024-06-08,0.76,37.9,0.733,27.9,64.0,20.5,30.449,0.88,43,49,8,C,Poorly Drained
1126,129,49,2022-03-30,2.82,8.2,0.651,38.1,3.2,22.7,9.884,1.11,59,36,5,A,Well Drained
1127,281,58,2018-02-08,1.52,44.2,0.815,76.6,34.6,15.9,33.157,0.9,55,29,16,B,Moderately Drained
1128,477,40,2023-05-30,1.42,18.8,0.793,68.0,51.5,20.1,28.077,1.61,33,38,29,B,Moderately Drained
1129,391,33,2020-03-07,2.4,51.5,0.507,47.3,43.5,28.9,46.155,1.21,53,42,5,C,Well Drained
1130,9,21,2018-01-25,2.57,58.0,0.9,62.4,72.1,22.7,22.323,1.95,34,56,10,B,Well Drained
1131,98,27,2023-07-06,0.62,42.7,0.407,63.5,27.0,18.8,22.953,0.85,25,49,26,D,Moderately Drained
1132,499,9,2020-02-13,0.78,54.5,0.503,60.6,14.3,33.9,2.422,1.96,28,40,32,C,Poorly Drained
1133,397,54,2023-03-14,2.13,9.0,0.34,17.3,53.1,19.3,33.026,1.63,18,14,68,D,Moderately Drained
1134,261,20,2024-11-18,0.62,5.9,0.551,27.0,26.7,44.5,15.044,1.71,12,15,73,B,Poorly Drained
1135,293,43,2018-01-16,2.25,35.0,0.248,11.8,8.8,31.3,24.93,0.97,79,12,9,C,Moderately Drained
1136,494,56,2021-10-19,1.19,18.5,0.339,52.1,16.8,24.5,23.445,1.4,50,13,37,C,Poorly Drained
1137,292,43,2018-07-27,2.81,38.7,0.142,12.2,33.3,29.2,18.226,1.27,76,12,12,B,Poorly Drained
1138,208,34,2021-02-06,1.91,51.4,0.731,26.3,78.3,42.7,26.222,1.97,45,51,4,D,Poorly Drained
1139,283,10,2022-08-23,1.51,14.3,0.361,49.2,39.2,23.4,0.362,1.32,28,59,13,C,Well Drained
1140,484,10,2019-03-24,0.93,58.0,0.546,27.3,0.8,41.0,25.914,1.82,19,46,35,C,Moderately Drained
1141,231,52,2022-10-09,2.97,9.4,0.452,19.8,2.5,38.2,6.079,1.15,33,49,18,B,Poorly Drained
1142,72,18,2022-08-26,0.35,59.3,0.327,53.6,22.6,16.5,24.004,1.09,61,21,18,C,Poorly Drained
1143,128,44,2023-05-25,0.67,29.2,0.925,70.6,71.9,23.4,16.146,2.05,45,17,38,C,Poorly Drained
1144,273,23,2019-01-03,2.3,31.7,0.906,39.1,70.3,26.9,28.806,1.51,51,12,37,B,Moderately Drained
1145,397,54,2024-06-19,2.7,16.6,0.903,78.5,63.5,34.3,23.318,1.72,69,26,5,A,Poorly Drained
1146,486,25,2021-01-23,2.64,58.7,0.58,47.9,6.7,40.1,30.396,1.8,71,14,15,B,Well Drained
1147,415,9,2022-09-17,0.97,43.9,0.627,20.6,72.9,43.6,22.222,2.16,45,49,6,D,Moderately Drained
1148,346,34,2019-08-08,1.86,7.3,0.484,73.1,22.8,15.3,11.594,2.15,59,9,32,C,Moderately Drained
1149,416,37,2018-04-07,0.23,33.8,0.148,59.4,64.9,35.9,11.511,1.24,30,26,44,D,Poorly Drained
1150,1,54,2021-01-24,1.19,49.6,0.596,66.7,41.8,33.4,49.343,1.27,22,55,23,A,Poorly Drained
1151,375,28,2021-11-17,2.18,43.2,0.274,14.4,20.3,22.8,8.613,1.1,15,42,43,C,Moderately Drained
1152,124,27,2022-09-12,1.57,51.1,0.25,34.9,4.3,35.5,13.654,1.22,79,16,5,C,Moderately Drained
1153,85,33,2022-09-10,1.54,51.4,0.996,15.7,26.7,35.8,28.21,1.19,26,57,17,D,Well Drained
1154,87,37,2020-07-20,1.55,18.1,0.962,37.3,64.9,36.5,2.501,1.54,70,25,5,A,Poorly Drained
1155,480,56,2021-05-08,1.29,52.8,0.586,47.1,24.6,34.8,36.99,1.34,6,36,58,B,Poorly Drained
1156,194,8,2021-06-02,1.09,43.7,0.216,68.0,37.9,35.7,4.094,1.23,11,12,77,D,Well Drained
1157,356,42,2022-02-13,0.12,23.8,0.17,39.8,19.9,42.2,36.734,1.28,43,14,43,A,Well Drained
1158,423,20,2019-09-16,2.82,56.1,0.383,78.2,11.7,33.6,17.974,1.61,37,48,15,C,Moderately Drained
1159,243,37,2022-07-29,0.58,19.4,0.316,75.1,79.1,28.2,41.677,1.05,57,38,5,C,Poorly Drained
1160,400,48,2023-12-12,0.58,6.4,0.359,44.9,40.8,38.7,30.078,2.06,25,28,47,A,Well Drained
1161,220,47,2021-10-17,1.08,19.0,0.6,38.5,2.8,39.3,31.321,1.49,65,21,14,C,Moderately Drained
1162,117,50,2020-09-16,0.88,13.0,0.689,34.6,1.3,33.2,16.631,1.13,7,56,37,A,Moderately Drained
1163,470,7,2020-07-09,1.75,44.6,0.324,11.5,10.1,25.0,39.306,1.05,14,51,35,C,Moderately Drained
1164,423,20,2021-08-04,2.19,12.7,0.718,39.9,20.0,22.8,1.281,1.02,75,10,15,D,Well Drained
1165,28,54,2020-06-29,2.85,13.0,0.967,68.4,17.8,26.9,48.084,2.18,17,58,25,A,Poorly Drained
1166,189,17,2018-01-31,0.24,40.7,0.52,71.5,55.7,25.6,6.796,1.22,71,13,16,D,Well Drained
1167,30,26,2019-09-30,1.58,20.3,0.999,59.7,71.7,34.6,47.156,1.65,64,25,11,D,Poorly Drained
1168,376,55,2024-12-04,2.05,26.0,0.477,77.4,52.0,35.5,9.562,1.95,25,23,52,C,Well Drained
1169,23,48,2021-12-04,0.32,33.0,0.373,56.8,45.9,25.2,14.823,1.2,12,36,52,C,Poorly Drained
1170,145,47,2024-04-09,1.43,45.5,0.961,58.4,21.7,24.1,35.763,0.9,80,15,5,C,Moderately Drained
1171,197,62,2020-07-08,1.55,34.5,0.528,24.6,14.0,43.9,30.994,1.73,32,7,61,A,Well Drained
1172,352,17,2021-05-04,0.23,5.1,0.442,60.5,30.1,34.4,26.374,1.57,51,38,11,C,Moderately Drained
1173,205,21,2024-08-08,2.2,31.3,0.407,17.0,16.2,16.5,39.748,1.99,16,25,59,D,Poorly Drained
1174,421,51,2019-07-21,0.24,33.0,0.913,18.5,64.4,22.4,14.426,1.92,18,47,35,B,Well Drained
1175,309,40,2024-10-04,0.46,6.4,0.853,52.8,2.8,24.0,12.214,1.23,12,50,38,A,Well Drained
1176,188,26,2020-10-26,0.29,52.6,0.315,19.9,4.3,43.1,12.971,2.08,63,32,5,C,Poorly Drained
1177,170,32,2022-06-27,0.52,28.5,0.598,29.6,43.8,18.5,28.522,1.63,68,26,6,B,Poorly Drained
1178,230,59,2020-06-27,2.35,8.7,0.194,65.4,56.0,42.0,36.885,2.14,34,24,42,A,Moderately Drained
1179,46,15,2018-10-02,0.7,14.3,0.662,27.7,22.8,27.2,37.046,1.55,40,26,34,C,Well Drained
1180,141,24,2020-07-29,1.78,50.8,0.904,10.1,39.6,21.6,7.34,2.13,19,17,64,A,Poorly Drained
1181,397,54,2020-02-28,1.39,31.7,0.151,25.0,62.9,29.3,36.968,1.59,75,20,5,D,Poorly Drained
1182,208,34,2019-07-22,0.16,40.4,0.78,37.6,43.8,39.4,40.096,1.47,56,30,14,C,Well Drained
1183,197,62,2021-02-20,1.32,5.1,0.713,73.0,15.1,31.4,3.393,0.94,43,32,25,D,Moderately Drained
1184,59,29,2024-08-20,0.52,49.2,0.548,41.1,44.6,15.4,10.902,1.1,33,52,15,D,Well Drained
1185,172,39,2024-04-18,1.52,6.7,0.49,40.7,23.0,36.6,4.803,2.12,29,6,65,C,Moderately Drained
1186,174,33,2022-01-03,1.99,30.8,0.591,67.8,54.0,27.1,48.485,1.82,22,31,47,D,Well Drained
1187,251,21,2022-11-22,0.99,44.3,0.551,65.5,41.2,20.7,0.683,1.17,71,27,2,C,Poorly Drained
1188,199,1,2021-02-11,0.3,48.3,0.13,61.6,63.1,16.2,43.347,0.96,24,16,60,C,Poorly Drained
1189,442,7,2023-07-24,0.41,55.1,0.761,44.4,37.6,22.8,31.227,1.88,34,7,59,D,Poorly Drained
1190,398,46,2023-10-09,1.86,47.9,0.691,79.0,54.8,44.3,37.098,1.37,41,50,9,D,Well Drained
1191,481,6,2021-10-13,1.1,6.7,0.949,30.1,64.6,44.5,11.507,1.75,27,13,60,A,Poorly Drained
1192,47,61,2022-02-05,2.59,23.6,0.783,35.5,18.6,41.7,18.616,1.16,36,6,58,B,Poorly Drained
1193,414,36,2018-09-20,0.53,14.6,0.464,54.3,16.0,16.0,48.892,1.7,41,43,16,C,Well Drained
1194,23,48,2018-08-11,0.29,37.6,0.401,24.4,34.9,27.6,48.688,1.93,26,23,51,B,Poorly Drained
1195,444,1,2019-12-14,1.94,40.9,0.629,57.7,24.4,40.3,19.346,2.06,48,45,7,C,Well Drained
1196,201,13,2019-05-12,2.09,46.1,0.843,70.9,38.8,31.2,13.994,0.88,21,19,60,A,Moderately Drained
1197,212,16,2019-06-13,2.27,53.0,0.118,18.5,18.0,31.5,20.553,1.41,68,27,5,B,Moderately Drained
1198,38,62,2023-04-20,1.41,55.8,0.429,15.5,10.9,20.7,30.767,1.83,33,37,30,D,Poorly Drained
1199,58,19,2023-01-18,2.63,49.9,0.283,65.4,78.4,27.8,40.642,2.14,32,41,27,D,Poorly Drained
1200,471,58,2020-05-03,1.75,51.5,0.861,66.5,7.8,32.3,3.418,2.13,77,17,6,B,Poorly Drained
1201,145,47,2023-11-06,0.88,56.0,0.211,59.8,48.9,18.1,4.579,1.18,33,11,56,C,Moderately Drained
1202,53,12,2019-06-23,1.91,35.1,0.474,64.6,50.0,32.0,1.274,1.86,41,12,47,C,Moderately Drained
1203,282,32,2019-06-16,1.41,54.0,0.189,11.1,61.6,21.9,5.164,0.82,53,42,5,C,Moderately Drained
1204,343,43,2024-03-05,2.37,14.6,0.614,22.0,25.4,18.2,20.116,1.72,43,52,5,C,Moderately Drained
1205,344,53,2021-06-17,0.19,16.1,0.209,73.3,65.6,28.1,35.151,0.84,64,31,5,B,Well Drained
1206,176,21,2023-11-10,0.63,46.0,0.795,41.1,15.1,40.7,8.882,2.02,58,37,5,B,Moderately Drained
1207,102,34,2024-09-21,1.0,51.2,0.205,29.4,50.1,36.7,30.182,0.86,19,47,34,D,Moderately Drained
1208,306,45,2021-07-09,1.92,49.3,0.98,47.9,28.3,36.5,18.716,1.56,23,34,43,C,Poorly Drained
1209,64,11,2023-03-26,2.32,55.6,0.258,71.1,14.3,17.1,32.468,1.06,79,18,3,B,Poorly Drained
1210,197,62,2023-10-30,2.17,46.4,0.642,43.0,27.1,41.9,47.349,1.55,71,11,18,D,Well Drained
1211,37,17,2024-03-13,1.29,27.6,0.729,67.2,39.9,43.0,32.771,2.15,31,39,30,D,Well Drained
1212,226,5,2023-02-07,2.77,23.0,0.355,35.6,36.5,32.0,6.963,1.24,71,18,11,D,Poorly Drained
1213,70,32,2018-09-08,1.87,49.8,0.243,67.9,36.0,20.3,40.223,2.12,30,48,22,D,Moderately Drained
1214,353,3,2023-05-19,0.88,5.5,0.31,36.5,72.4,31.6,6.91,1.27,24,18,58,C,Well Drained
1215,129,49,2018-05-08,2.92,59.0,0.179,12.4,29.1,43.1,32.94,0.85,19,5,76,C,Well Drained
1216,484,10,2018-04-17,0.4,59.6,0.223,52.7,10.3,41.3,7.087,1.62,28,45,27,C,Poorly Drained
1217,390,28,2021-01-23,2.64,9.8,0.431,63.1,14.4,30.1,26.204,2.02,6,31,63,D,Well Drained
1218,160,34,2018-03-28,1.62,26.8,0.904,20.0,53.7,32.2,40.7,1.67,15,55,30,D,Moderately Drained
1219,456,7,2022-03-22,0.79,23.8,0.771,59.9,58.1,16.2,44.557,1.63,27,56,17,B,Well Drained
1220,409,6,2018-04-11,2.42,12.2,0.672,10.4,37.0,34.3,44.574,1.84,19,41,40,B,Well Drained
1221,115,9,2021-11-25,2.17,13.4,0.905,66.7,29.8,26.6,23.252,2.07,68,27,5,A,Moderately Drained
1222,403,60,2018-03-03,0.23,15.7,0.324,46.1,61.6,41.1,31.49,1.78,58,37,5,A,Moderately Drained
1223,238,31,2018-09-29,2.82,25.9,0.415,61.4,29.6,21.4,20.718,1.62,22,56,22,C,Well Drained
1224,421,51,2022-10-28,2.41,15.8,0.636,28.3,14.9,34.1,49.331,1.87,29,12,59,B,Poorly Drained
1225,294,22,2023-01-06,2.04,39.2,0.642,77.5,32.4,44.0,40.863,1.69,29,60,11,B,Moderately Drained
1226,280,10,2023-06-09,0.22,5.9,0.878,40.4,56.5,39.4,6.949,1.68,43,42,15,B,Well Drained
1227,192,15,2019-07-25,1.99,45.9,0.502,60.9,32.7,29.3,34.145,2.08,19,56,25,D,Poorly Drained
1228,336,47,2022-03-23,2.44,57.9,0.979,17.5,54.5,17.4,7.253,1.66,22,15,63,B,Poorly Drained
1229,120,14,2021-01-16,1.37,15.8,0.817,69.8,14.9,20.9,10.325,1.13,30,43,27,B,Poorly Drained
1230,326,3,2019-06-24,0.78,23.8,0.596,67.2,63.4,34.2,44.045,0.88,67,11,22,B,Moderately Drained
1231,201,13,2024-06-24,1.8,42.5,0.428,62.5,59.5,24.5,12.621,2.08,59,15,26,A,Well Drained
1232,479,15,2019-11-22,1.97,22.4,0.17,14.9,40.0,23.2,35.689,0.94,57,38,5,A,Poorly Drained
1233,226,5,2022-03-22,0.62,33.4,0.356,39.7,72.2,24.3,37.243,1.45,67,28,5,D,Well Drained
1234,494,56,2023-10-16,0.15,49.9,0.215,31.6,17.3,27.8,10.591,1.65,37,7,56,D,Moderately Drained
1235,128,44,2023-01-31,0.48,15.6,0.931,74.5,9.0,33.2,23.579,1.96,48,14,38,A,Moderately Drained
1236,56,45,2023-09-24,2.7,49.7,0.325,80.0,24.2,44.3,21.284,1.02,41,52,7,B,Poorly Drained
1237,477,40,2021-07-30,1.14,13.5,0.933,26.4,48.0,25.6,42.152,1.87,72,24,4,A,Moderately Drained
1238,490,11,2024-06-20,1.48,51.8,0.56,55.7,77.5,31.6,13.465,1.86,27,6,67,A,Moderately Drained
1239,2,16,2019-07-16,0.95,54.3,0.649,11.3,15.1,38.1,0.744,1.84,30,31,39,A,Well Drained
1240,257,50,2021-02-14,0.61,51.7,0.314,58.9,46.4,21.2,27.846,1.72,75,9,16,B,Poorly Drained
1241,457,50,2018-03-02,2.3,24.0,0.994,68.4,28.2,23.5,38.533,1.38,60,40,0,B,Well Drained
1242,456,7,2024-03-23,0.53,7.8,0.657,33.6,37.4,29.8,38.931,1.82,34,55,11,C,Moderately Drained
1243,351,12,2018-07-16,1.47,10.8,0.429,37.4,37.9,38.7,0.501,1.17,79,16,5,B,Poorly Drained
1244,106,23,2024-11-27,1.77,8.6,0.655,27.8,2.4,23.3,49.106,0.85,39,5,56,A,Poorly Drained
1245,201,13,2018-05-28,1.61,46.2,0.938,49.9,65.1,43.6,48.256,1.06,77,18,5,A,Well Drained
1246,404,11,2021-11-19,2.32,50.3,0.667,11.3,12.8,29.9,41.65,1.83,39,50,11,B,Moderately Drained
1247,395,53,2019-04-05,0.6,58.1,0.541,63.2,53.2,39.5,8.222,1.92,15,21,64,A,Well Drained
1248,90,62,2022-03-15,1.01,46.1,0.246,42.5,32.2,27.4,38.571,1.41,58,26,16,A,Moderately Drained
1249,433,62,2024-11-20,1.33,33.6,0.23,60.0,38.6,26.5,13.441,1.11,68,25,7,A,Moderately Drained
1250,362,55,2019-10-20,0.81,55.7,0.446,34.1,47.6,22.4,30.115,1.3,52,41,7,A,Poorly Drained
1251,75,15,2019-03-31,1.22,24.0,0.437,30.7,64.4,33.9,39.868,0.94,37,31,32,C,Poorly Drained
1252,260,51,2022-12-24,0.98,56.8,0.718,54.1,65.4,37.3,31.614,1.9,44,49,7,B,Well Drained
1253,1,54,2018-05-27,0.25,28.7,0.697,77.1,72.0,27.1,48.282,2.05,56,39,5,D,Moderately Drained
1254,389,28,2023-05-18,0.12,53.6,0.117,58.7,4.6,26.4,15.634,0.91,75,19,6,D,Poorly Drained
1255,261,20,2019-05-01,1.7,41.3,0.732,46.8,12.1,41.0,24.836,0.91,54,41,5,B,Well Drained
1256,276,62,2021-03-31,0.33,42.7,0.298,71.1,58.8,32.7,24.042,1.39,31,43,26,B,Moderately Drained
1257,365,43,2018-04-25,2.34,29.9,0.424,52.4,20.0,41.5,20.804,2.02,60,35,5,C,Moderately Drained
1258,89,1,2018-01-20,1.6,48.3,0.764,72.4,27.9,24.0,21.336,1.12,59,28,13,D,Moderately Drained
1259,341,45,2024-04-22,2.6,57.7,0.333,43.4,34.0,26.2,47.866,0.98,13,40,47,A,Poorly Drained
1260,163,6,2021-08-27,2.16,59.4,0.164,58.8,79.5,35.5,48.752,0.92,71,24,5,A,Poorly Drained
1261,309,40,2018-12-16,1.63,17.3,0.859,52.8,46.0,38.4,7.394,1.4,23,45,32,A,Moderately Drained
1262,279,26,2023-05-18,1.33,27.1,0.259,19.5,47.2,43.2,31.193,1.03,30,59,11,A,Poorly Drained
1263,346,34,2018-04-02,0.98,14.4,0.906,33.1,45.4,15.8,35.922,1.19,33,32,35,C,Poorly Drained
1264,90,62,2024-09-08,0.64,39.3,0.768,48.5,15.6,24.6,9.549,1.28,58,8,34,C,Well Drained
1265,97,59,2024-04-19,2.26,6.4,0.155,50.4,72.7,19.2,12.438,2.07,57,38,5,B,Well Drained
1266,500,17,2021-11-25,2.99,47.7,0.516,20.6,7.4,43.6,14.763,1.25,60,29,11,B,Moderately Drained
1267,403,60,2018-09-23,1.01,54.4,0.841,64.7,73.1,27.6,42.477,1.29,57,30,13,D,Poorly Drained
1268,463,56,2021-02-18,2.88,9.0,0.894,57.1,55.6,28.2,45.055,1.36,14,34,52,A,Well Drained
1269,205,21,2020-10-02,0.95,36.6,0.586,11.3,44.0,22.5,3.518,0.94,59,27,14,D,Moderately Drained
1270,238,31,2024-11-08,2.87,24.0,0.383,46.8,68.3,34.7,41.949,0.94,56,41,3,C,Well Drained
1271,121,57,2020-04-04,3.0,54.4,0.15,10.8,19.4,20.4,40.489,1.57,11,55,34,D,Moderately Drained
1272,1,54,2018-10-03,0.65,23.4,0.669,51.6,63.1,23.3,15.581,1.2,42,15,43,B,Moderately Drained
1273,348,34,2021-06-05,2.82,28.3,0.936,73.7,75.5,33.8,49.09,0.98,33,16,51,C,Moderately Drained
1274,225,42,2018-06-29,0.28,12.6,0.92,68.1,52.7,22.7,49.224,1.55,31,49,20,A,Moderately Drained
1275,90,62,2018-07-01,2.9,22.3,0.44,33.3,48.8,18.4,6.871,1.02,73,8,19,C,Moderately Drained
1276,248,28,2023-07-01,2.96,14.7,0.735,15.5,65.3,32.3,23.262,1.81,26,21,53,D,Well Drained
1277,231,52,2022-08-17,2.43,42.4,0.281,49.5,20.7,18.8,38.21,1.47,74,10,16,B,Moderately Drained
1278,319,12,2019-12-06,1.15,15.8,0.357,60.6,11.6,21.7,47.792,1.86,78,17,5,B,Well Drained
1279,322,11,2024-01-27,2.66,46.8,0.889,11.7,26.9,24.4,20.868,1.76,27,6,67,B,Poorly Drained
1280,231,52,2018-03-02,0.96,21.0,0.677,20.1,46.8,23.3,15.848,1.4,31,5,64,B,Moderately Drained
1281,481,6,2024-03-25,1.91,25.1,0.226,54.7,15.2,25.7,49.992,1.16,56,39,5,B,Well Drained
1282,408,59,2021-07-16,2.54,18.6,0.569,74.9,8.6,30.0,8.09,1.81,74,21,5,D,Moderately Drained
1283,370,41,2018-03-05,0.88,13.5,0.676,47.6,25.2,17.0,6.899,1.14,47,28,25,D,Well Drained
1284,279,26,2022-08-14,1.74,21.9,0.765,37.1,50.5,44.7,0.429,1.66,80,17,3,D,Poorly Drained
1285,118,39,2020-12-26,1.87,14.3,0.162,32.1,17.5,32.0,35.929,2.05,74,21,5,D,Well Drained
1286,248,28,2022-11-24,1.95,12.7,0.636,30.2,63.1,35.5,48.822,2.09,56,7,37,D,Poorly Drained
1287,176,21,2021-12-16,2.79,59.3,0.729,65.2,66.6,43.6,1.608,0.88,16,25,59,C,Well Drained
1288,463,56,2023-04-10,2.48,25.4,0.284,25.9,71.9,33.7,49.645,0.92,30,37,33,A,Poorly Drained
1289,241,16,2023-10-08,1.93,52.5,0.892,39.9,38.7,33.6,34.055,1.44,72,5,23,C,Moderately Drained
1290,250,11,2018-11-06,2.71,45.3,0.615,44.7,69.4,38.8,30.617,1.86,74,9,17,D,Poorly Drained
1291,334,48,2018-07-25,1.32,35.2,0.541,62.0,65.6,30.2,28.076,1.98,42,44,14,A,Well Drained
1292,119,18,2022-05-31,1.99,26.9,0.713,52.2,11.4,21.1,41.844,2.15,73,22,5,B,Moderately Drained
1293,112,20,2024-09-23,2.6,19.7,0.155,79.0,33.4,39.1,9.924,1.01,16,30,54,A,Well Drained
1294,299,45,2023-09-11,0.34,45.2,0.449,21.0,47.6,42.2,14.632,1.48,62,20,18,C,Well Drained
1295,12,46,2020-01-20,2.3,28.8,0.853,45.5,41.0,16.8,0.518,1.36,38,25,37,D,Well Drained
1296,248,28,2022-07-12,0.6,49.4,0.235,40.4,56.2,34.6,49.437,1.49,33,12,55,D,Well Drained
1297,78,21,2018-05-21,0.8,37.4,0.489,26.1,0.3,37.8,44.833,2.01,71,27,2,D,Poorly Drained
1298,135,22,2018-04-19,0.77,38.1,0.249,40.3,57.5,44.8,48.352,1.97,47,35,18,A,Poorly Drained
1299,438,41,2022-08-21,2.64,27.5,0.293,59.8,77.0,18.4,45.806,1.77,52,16,32,D,Well Drained
1300,331,24,2018-06-23,1.7,42.9,0.495,65.2,37.7,28.4,45.669,1.29,68,27,5,C,Moderately Drained
1301,48,10,2022-11-20,0.68,11.2,0.455,10.1,67.8,28.3,37.282,2.12,70,28,2,D,Moderately Drained
1302,453,58,2019-07-17,2.73,44.7,0.449,67.5,5.5,38.7,9.507,1.52,37,14,49,D,Well Drained
1303,455,18,2024-09-20,2.57,16.0,0.293,10.5,12.2,39.9,17.413,1.89,11,31,58,C,Well Drained
1304,457,50,2024-03-11,1.21,46.5,0.494,50.1,72.0,39.1,13.111,0.91,22,41,37,A,Well Drained
1305,181,10,2020-12-22,1.3,51.5,0.529,71.1,22.5,29.5,11.212,1.44,80,15,5,C,Well Drained
1306,220,47,2022-02-06,1.13,17.3,0.538,39.7,20.4,18.3,44.737,1.14,37,34,29,C,Well Drained
1307,217,47,2024-03-02,0.65,35.5,0.734,68.9,23.4,15.9,13.506,1.6,46,29,25,A,Well Drained
1308,148,62,2023-07-07,1.43,48.5,0.926,71.9,72.1,23.1,11.548,2.06,38,22,40,A,Well Drained
1309,124,27,2021-09-02,0.37,12.0,0.381,12.9,32.1,36.5,3.87,1.4,59,34,7,D,Poorly Drained
1310,483,39,2021-10-19,1.12,34.5,0.224,24.3,20.6,16.2,13.155,1.72,79,16,5,A,Poorly Drained
1311,357,2,2021-05-01,0.97,34.3,0.379,26.1,8.8,23.5,43.591,1.91,30,38,32,D,Poorly Drained
1312,192,15,2022-10-01,0.83,46.2,0.746,26.1,3.9,40.5,24.015,0.94,36,28,36,B,Moderately Drained
1313,291,54,2022-03-04,2.9,50.0,0.524,61.9,77.0,19.1,28.044,1.21,42,49,9,B,Moderately Drained
1314,226,5,2022-08-02,1.72,38.3,0.132,18.9,39.5,28.5,21.522,1.16,74,21,5,D,Poorly Drained
1315,312,23,2022-10-05,2.4,44.3,0.119,18.2,10.3,44.3,3.332,1.71,24,10,66,D,Moderately Drained
1316,447,12,2024-01-14,2.03,53.9,0.22,24.0,40.5,36.4,33.385,1.77,62,33,5,C,Poorly Drained
1317,309,40,2022-09-15,2.78,10.0,0.307,40.7,69.0,22.5,2.967,1.04,73,20,7,D,Poorly Drained
1318,143,27,2022-12-16,2.93,27.0,0.301,46.1,56.8,21.6,32.712,1.36,72,28,0,B,Moderately Drained
1319,80,56,2020-08-26,2.5,5.4,0.286,24.4,6.7,42.0,35.267,1.27,24,29,47,D,Poorly Drained
1320,65,27,2022-12-12,0.28,52.7,0.464,56.4,37.5,40.6,40.004,1.52,8,50,42,D,Poorly Drained
1321,321,24,2023-09-28,2.8,25.1,0.869,78.7,36.1,41.7,27.199,1.86,44,19,37,A,Well Drained
1322,343,43,2021-06-09,0.37,54.7,0.793,64.5,75.7,34.3,20.114,1.52,24,56,20,A,Poorly Drained
1323,281,58,2023-04-12,1.24,14.3,0.467,61.5,70.4,40.8,5.371,1.99,65,30,5,C,Well Drained
1324,367,29,2018-04-02,0.19,8.3,0.312,24.0,12.5,31.6,48.739,1.49,74,22,4,C,Poorly Drained
1325,263,37,2022-11-20,0.29,7.6,0.265,29.7,25.5,29.9,5.77,2.0,25,22,53,B,Well Drained
1326,394,62,2018-01-11,0.79,41.2,0.788,17.2,31.2,16.0,12.885,2.18,38,14,48,A,Moderately Drained
1327,18,60,2023-07-08,0.25,59.6,0.306,37.7,50.7,25.2,7.02,1.08,58,30,12,B,Moderately Drained
1328,74,43,2022-08-03,2.96,20.4,0.441,36.4,78.1,39.7,26.738,0.8,50,31,19,B,Well Drained
1329,351,12,2024-05-17,1.63,16.7,0.163,16.2,32.8,39.6,24.309,1.93,34,18,48,C,Poorly Drained
1330,170,32,2023-09-02,1.93,24.0,0.331,30.4,16.8,44.7,27.75,0.87,37,53,10,A,Well Drained
1331,288,37,2023-09-01,0.36,42.4,0.183,46.4,46.0,42.8,12.572,0.82,69,26,5,B,Poorly Drained
1332,230,59,2022-02-22,0.56,44.6,0.573,76.2,72.8,15.6,29.863,2.16,68,25,7,B,Well Drained
1333,307,27,2019-10-17,2.81,20.4,0.29,59.1,53.3,19.2,38.683,1.24,41,43,16,B,Well Drained
1334,165,26,2024-01-10,1.7,24.6,0.737,12.6,53.1,27.9,2.954,0.98,44,48,8,A,Poorly Drained
1335,75,15,2022-03-11,2.01,55.6,0.146,41.7,35.9,34.0,35.682,1.23,77,18,5,A,Well Drained
1336,441,56,2021-03-01,2.27,22.9,0.901,59.3,34.3,20.5,34.845,0.99,79,16,5,C,Moderately Drained
1337,428,54,2021-05-10,0.48,16.9,0.184,10.5,62.9,44.4,28.306,2.07,35,54,11,D,Moderately Drained
1338,114,44,2022-01-14,0.25,11.4,0.466,12.8,26.3,22.0,28.422,1.95,57,38,5,B,Poorly Drained
1339,60,36,2023-04-17,2.24,43.0,0.697,40.0,44.8,33.5,15.78,1.19,66,31,3,D,Well Drained
1340,343,43,2019-01-24,1.52,51.7,0.478,36.0,72.0,18.2,9.76,0.97,32,36,32,C,Poorly Drained
1341,442,7,2022-01-09,2.1,53.5,0.55,26.4,11.0,42.4,33.317,1.51,18,40,42,B,Moderately Drained
1342,146,5,2022-08-09,1.15,24.9,0.859,12.4,45.6,31.5,37.984,1.81,26,60,14,A,Well Drained
1343,475,57,2019-03-21,0.81,45.1,0.567,74.3,31.2,41.6,37.305,1.61,6,9,85,B,Well Drained
1344,371,53,2018-07-07,0.67,51.8,0.855,20.5,8.2,37.8,14.374,2.1,66,33,1,C,Moderately Drained
1345,103,56,2022-06-03,2.99,6.5,0.437,69.1,7.5,20.3,34.227,1.71,38,57,5,A,Moderately Drained
1346,199,1,2021-06-09,2.25,55.5,0.209,50.4,34.8,27.8,43.923,1.08,18,55,27,D,Moderately Drained
1347,175,3,2018-10-14,1.15,45.0,0.39,51.4,37.0,39.1,13.046,1.47,70,25,5,A,Poorly Drained
1348,397,54,2019-05-10,0.94,41.0,0.845,29.1,78.5,18.9,41.195,1.5,60,35,5,B,Well Drained
1349,429,40,2022-09-20,0.58,8.8,0.457,37.8,15.2,32.9,24.698,2.13,77,9,14,D,Well Drained
1350,29,60,2021-11-13,1.66,17.3,0.539,70.5,62.2,42.0,11.803,1.39,58,37,5,D,Well Drained
1351,336,47,2019-07-05,2.64,56.8,0.773,27.1,6.6,30.5,15.213,1.82,64,29,7,A,Poorly Drained
1352,279,26,2022-03-22,2.82,21.1,0.804,54.8,3.5,40.9,31.656,1.4,69,27,4,B,Poorly Drained
1353,477,40,2024-08-13,2.05,44.3,0.275,79.7,48.6,41.9,33.046,0.99,27,27,46,D,Moderately Drained
1354,446,57,2023-10-10,2.17,10.4,0.802,23.2,22.6,25.7,46.935,2.14,72,23,5,A,Well Drained
1355,28,54,2018-01-06,0.75,5.4,0.916,35.3,38.6,29.3,25.084,2.1,31,37,32,A,Moderately Drained
1356,87,37,2024-12-13,2.66,32.8,0.952,39.8,1.5,37.1,2.817,1.15,35,47,18,C,Moderately Drained
1357,476,22,2020-06-29,2.87,39.3,0.419,69.2,49.0,32.0,37.305,2.11,24,58,18,B,Well Drained
1358,432,24,2019-06-18,2.53,23.4,0.138,30.1,19.8,33.3,27.105,0.93,22,49,29,C,Well Drained
1359,395,53,2021-07-13,2.72,26.9,0.555,46.1,68.3,37.0,22.811,1.79,54,25,21,D,Well Drained
1360,270,9,2019-04-30,0.21,23.6,0.214,42.5,47.2,25.1,46.723,1.03,66,27,7,B,Poorly Drained
1361,72,18,2018-06-12,2.26,55.3,0.617,36.2,38.1,28.8,19.653,1.24,76,19,5,A,Well Drained
1362,68,40,2019-06-27,2.6,30.8,0.634,79.5,5.4,42.7,9.947,2.01,19,58,23,D,Poorly Drained
1363,331,24,2018-03-13,0.44,40.4,0.852,34.1,67.2,17.6,0.053,1.62,44,41,15,C,Moderately Drained
1364,157,27,2020-09-23,1.6,46.3,0.818,40.3,40.8,45.0,18.05,1.16,37,57,6,B,Moderately Drained
1365,429,40,2023-12-24,0.93,51.2,0.587,56.1,29.2,26.6,5.041,1.85,77,18,5,C,Poorly Drained
1366,277,10,2024-10-15,0.11,28.7,0.742,69.2,79.3,25.8,4.014,0.89,41,12,47,B,Moderately Drained
1367,14,37,2019-02-25,2.1,18.7,0.64,22.0,12.9,41.3,40.118,0.98,40,18,42,B,Poorly Drained
1368,497,32,2023-11-23,0.7,25.1,0.205,53.4,41.0,23.2,31.255,1.45,60,35,5,A,Moderately Drained
1369,83,6,2022-09-07,2.46,13.2,0.75,54.0,73.9,42.8,6.076,1.23,74,21,5,C,Poorly Drained
1370,252,46,2020-06-07,2.79,55.4,0.786,23.9,23.5,38.1,14.109,0.96,5,54,41,B,Moderately Drained
1371,183,43,2020-07-24,2.95,23.1,0.557,37.6,69.6,31.6,1.838,2.1,36,22,42,D,Poorly Drained
1372,58,19,2022-05-05,2.82,7.4,0.651,22.4,41.5,28.1,13.961,1.29,7,50,43,A,Poorly Drained
1373,252,46,2024-11-08,0.8,9.1,0.584,41.1,37.0,42.7,41.173,0.95,46,36,18,B,Poorly Drained
1374,19,30,2020-06-26,2.17,44.1,0.843,62.3,11.0,36.0,13.496,0.96,67,28,5,B,Moderately Drained
1375,137,29,2022-08-10,0.34,9.8,0.847,25.6,54.1,29.3,13.509,1.73,8,48,44,B,Moderately Drained
1376,27,58,2021-02-25,0.3,5.1,0.107,11.7,39.4,18.3,22.709,1.96,16,14,70,B,Moderately Drained
1377,42,44,2020-10-05,2.08,13.3,0.464,73.9,66.0,36.8,5.529,0.92,20,40,40,A,Moderately Drained
1378,453,58,2023-07-04,2.38,8.2,0.865,17.8,47.4,18.9,26.475,1.83,37,43,20,B,Moderately Drained
1379,395,53,2022-07-05,0.78,59.2,0.856,54.7,45.1,42.4,19.272,2.14,32,16,52,B,Moderately Drained
1380,166,39,2020-11-10,1.07,39.8,0.477,68.0,34.5,30.8,22.436,0.87,61,34,5,B,Well Drained
1381,47,61,2022-12-20,1.56,10.4,0.689,29.6,33.6,26.7,15.081,1.18,41,38,21,A,Moderately Drained
1382,102,34,2020-08-23,0.44,46.1,0.362,65.5,9.5,31.2,46.123,1.97,19,13,68,A,Well Drained
1383,372,26,2021-11-15,0.64,59.4,0.816,57.8,66.6,25.9,34.359,1.97,68,10,22,A,Well Drained
1384,451,41,2018-09-06,0.51,54.0,0.551,16.9,74.3,28.0,8.32,1.46,60,14,26,C,Well Drained
1385,482,6,2022-04-29,1.34,51.8,0.897,36.4,34.7,19.9,12.646,1.89,21,54,25,C,Poorly Drained
1386,417,57,2023-05-13,1.89,15.5,0.662,76.8,8.7,17.6,48.62,1.97,27,41,32,D,Moderately Drained
1387,15,17,2018-09-24,0.38,44.0,0.3,63.1,57.2,22.6,41.538,1.64,17,12,71,A,Poorly Drained
1388,23,48,2024-07-19,2.72,51.7,0.561,35.3,37.0,17.9,47.328,2.15,27,41,32,C,Poorly Drained
1389,379,43,2021-07-13,1.38,11.1,0.688,57.0,19.0,40.8,0.99,1.4,70,25,5,B,Moderately Drained
1390,259,40,2024-07-18,0.95,20.0,0.527,65.7,16.9,26.1,44.776,2.08,17,12,71,A,Well Drained
1391,361,43,2019-10-07,1.45,30.7,0.263,59.9,4.6,17.9,10.7,1.12,55,41,4,A,Moderately Drained
1392,361,43,2018-06-17,1.08,59.0,0.874,65.6,15.9,22.2,42.404,2.17,46,37,17,D,Poorly Drained
1393,199,1,2023-06-16,2.85,44.0,0.282,62.3,62.6,35.5,18.449,0.88,40,23,37,C,Moderately Drained
1394,92,15,2022-02-25,2.28,14.9,0.441,35.6,54.4,15.1,29.53,2.06,41,10,49,C,Moderately Drained
1395,371,53,2020-10-30,1.22,33.5,0.902,67.3,59.8,30.4,16.664,1.0,33,41,26,D,Poorly Drained
1396,137,29,2024-05-22,2.53,39.5,0.368,54.8,71.5,19.6,25.07,1.81,8,18,74,D,Well Drained
1397,353,3,2019-10-07,1.0,19.9,0.498,72.9,29.4,43.4,0.74,1.36,78,8,14,B,Poorly Drained
1398,345,12,2023-05-31,0.48,52.9,0.448,21.9,12.6,27.5,3.477,2.08,15,44,41,A,Moderately Drained
1399,310,38,2019-05-19,2.26,11.2,0.715,37.3,67.9,43.4,41.653,1.28,13,58,29,B,Well Drained
1400,229,62,2019-05-02,0.43,19.9,0.244,65.0,1.5,20.9,37.121,1.83,56,39,5,B,Well Drained
1401,103,56,2022-04-29,2.12,31.0,0.737,42.9,23.2,24.4,11.058,1.56,49,46,5,B,Moderately Drained
1402,336,47,2020-05-08,0.67,49.1,0.806,19.7,67.1,42.5,46.878,1.81,74,21,5,C,Poorly Drained
1403,181,10,2020-04-09,1.41,28.0,0.412,44.9,48.6,29.2,17.192,1.32,31,41,28,B,Moderately Drained
1404,437,26,2021-01-25,0.7,53.8,0.578,60.6,23.8,33.1,40.135,2.01,60,35,5,A,Poorly Drained
1405,484,10,2018-09-12,0.21,11.2,0.641,77.1,22.0,29.2,8.762,1.15,77,18,5,D,Well Drained
1406,207,34,2018-04-12,2.79,44.1,0.888,76.9,67.8,25.9,26.991,1.62,78,17,5,D,Moderately Drained
1407,472,50,2018-02-21,1.23,37.3,0.441,51.7,60.3,33.5,11.087,1.39,58,22,20,B,Poorly Drained
1408,90,62,2022-08-26,1.8,18.2,0.948,59.5,33.2,22.7,42.724,2.17,32,8,60,D,Poorly Drained
1409,8,39,2020-08-03,0.48,59.5,0.205,62.5,71.2,38.6,21.476,1.36,23,18,59,D,Moderately Drained
1410,321,24,2021-11-25,2.55,56.0,0.888,45.3,8.1,40.2,43.399,1.78,56,39,5,B,Poorly Drained
1411,343,43,2019-10-16,1.36,17.3,0.133,59.6,52.5,34.8,1.007,1.82,78,17,5,B,Moderately Drained
1412,257,50,2019-03-06,1.11,48.9,0.211,64.9,74.6,39.9,47.62,1.22,56,20,24,B,Poorly Drained
1413,383,6,2024-01-30,0.31,35.0,0.66,34.4,34.3,21.3,8.337,0.89,9,39,52,D,Moderately Drained
1414,258,27,2019-05-15,2.35,41.2,0.784,71.5,78.8,29.8,0.749,1.86,78,17,5,A,Well Drained
1415,420,62,2024-01-11,0.28,52.5,0.846,79.1,27.0,34.3,18.075,1.92,65,26,9,B,Moderately Drained
1416,363,8,2023-01-04,2.59,32.5,0.645,42.6,77.3,26.6,9.608,1.86,40,44,16,C,Well Drained
1417,205,21,2022-11-17,1.09,13.1,0.753,45.7,62.0,25.6,36.257,1.66,22,37,41,C,Moderately Drained
1418,215,22,2024-02-12,2.88,30.1,0.199,10.1,69.8,21.6,0.84,0.96,11,27,62,A,Well Drained
1419,66,37,2023-09-20,0.64,8.6,0.85,52.9,66.2,30.8,37.91,1.35,69,26,5,D,Well Drained
1420,296,41,2020-12-29,1.55,7.7,0.381,79.0,44.0,35.3,46.725,1.11,6,15,79,A,Poorly Drained
1421,468,11,2019-01-14,1.95,38.5,0.716,48.7,75.1,39.2,1.27,1.01,74,21,5,B,Well Drained
1422,65,27,2023-08-13,0.39,36.8,0.278,50.8,70.7,27.7,18.495,1.21,36,19,45,D,Moderately Drained
1423,473,11,2018-03-14,2.81,15.1,0.743,39.4,67.1,22.5,15.646,1.36,60,35,5,D,Moderately Drained
1424,360,52,2019-09-13,1.16,26.7,0.722,71.4,33.5,16.9,6.251,1.41,66,29,5,D,Well Drained
1425,382,31,2021-12-04,0.2,17.2,0.558,78.7,52.5,26.3,36.459,2.16,70,25,5,D,Well Drained
1426,335,8,2021-06-09,1.08,13.6,0.2,60.7,32.1,29.3,19.486,1.62,22,20,58,D,Poorly Drained
1427,327,20,2022-06-06,2.4,43.2,0.153,21.0,23.7,44.9,35.393,1.58,54,43,3,B,Well Drained
1428,53,12,2024-10-09,1.62,30.2,0.926,74.9,65.8,18.9,40.897,1.43,18,12,70,B,Poorly Drained
1429,18,60,2023-03-21,2.85,41.9,0.799,11.2,69.8,18.1,17.77,1.51,34,51,15,A,Well Drained
1430,119,18,2021-07-25,0.48,33.1,0.284,62.3,50.2,32.3,45.185,2.15,69,31,0,C,Poorly Drained
1431,230,59,2020-10-29,2.89,43.7,0.431,49.9,25.8,37.8,31.665,1.47,35,23,42,C,Poorly Drained
1432,337,59,2019-11-30,0.27,38.0,0.626,14.6,43.8,30.8,2.787,1.38,75,20,5,A,Moderately Drained
1433,201,13,2020-04-30,0.46,44.8,0.857,12.7,13.3,20.2,12.787,1.08,52,45,3,C,Moderately Drained
1434,357,2,2022-12-11,2.21,40.3,0.378,64.3,16.3,28.1,46.867,1.45,30,44,26,D,Poorly Drained
1435,212,16,2018-02-23,1.07,29.2,0.684,67.0,21.7,24.0,31.332,0.93,11,22,67,C,Moderately Drained
1436,72,18,2022-09-23,1.77,28.6,0.703,44.4,55.1,30.0,46.486,1.5,5,39,56,B,Poorly Drained
1437,400,48,2021-05-11,1.55,22.9,0.449,76.1,14.7,17.1,29.238,0.86,63,29,8,D,Poorly Drained
1438,14,37,2021-09-15,2.81,21.5,0.622,12.3,63.0,32.6,23.92,1.75,13,18,69,C,Poorly Drained
1439,406,52,2018-05-21,0.89,26.3,0.97,42.5,8.3,35.7,3.868,0.85,5,47,48,C,Well Drained
1440,214,18,2020-06-13,2.92,28.3,0.876,33.3,52.7,30.5,47.821,1.87,64,10,26,B,Poorly Drained
1441,321,24,2019-02-18,0.29,40.4,0.345,63.6,27.4,16.9,44.358,1.89,35,14,51,D,Poorly Drained
1442,307,27,2024-05-21,1.96,19.6,0.911,40.6,23.8,31.6,39.524,1.38,35,55,10,C,Poorly Drained
1443,3,47,2020-01-06,0.5,34.9,0.277,79.3,64.5,28.4,47.947,2.19,69,26,5,B,Poorly Drained
1444,289,31,2022-04-28,2.66,20.8,0.806,79.5,2.1,41.5,36.712,0.91,25,52,23,D,Moderately Drained
1445,167,44,2021-07-20,1.66,6.3,0.146,43.6,29.9,34.0,10.093,2.17,22,26,52,A,Moderately Drained
1446,489,48,2023-09-19,0.91,40.7,0.144,49.3,38.5,34.1,13.795,1.42,49,8,43,B,Poorly Drained
1447,154,46,2023-11-07,0.25,15.6,0.946,45.3,74.0,38.1,39.141,2.12,21,14,65,D,Moderately Drained
1448,432,24,2021-03-04,0.37,35.6,0.841,51.7,79.2,44.1,33.784,1.81,42,21,37,B,Moderately Drained
1449,414,36,2018-03-19,0.84,38.0,0.437,41.7,27.7,39.4,28.824,2.1,79,16,5,A,Well Drained
1450,224,56,2020-07-26,2.82,24.0,0.634,54.7,57.8,29.0,22.064,0.8,69,26,5,A,Well Drained
1451,183,43,2024-10-06,2.77,37.6,0.559,70.6,37.2,20.2,32.811,1.87,48,47,5,A,Poorly Drained
1452,170,32,2021-12-05,2.61,51.7,0.224,33.6,1.6,36.9,37.595,1.64,16,45,39,C,Moderately Drained
1453,348,34,2020-04-27,2.09,8.5,0.74,75.1,29.5,40.1,30.277,1.05,45,50,5,C,Well Drained
1454,146,5,2023-08-19,2.94,35.1,0.993,32.2,62.3,16.7,47.485,0.92,33,35,32,D,Poorly Drained
1455,63,21,2018-10-15,2.55,17.0,0.452,10.8,10.1,16.6,6.584,1.34,61,13,26,B,Moderately Drained
1456,338,44,2021-06-22,1.54,9.9,0.65,54.4,58.5,43.0,16.919,1.68,49,15,36,D,Poorly Drained
1457,194,8,2021-12-01,0.84,32.1,0.845,60.6,11.2,16.9,19.597,1.06,58,23,19,B,Well Drained
1458,194,8,2022-05-10,1.28,54.6,0.499,69.0,15.8,44.5,37.968,1.16,43,49,8,D,Poorly Drained
1459,410,11,2020-03-14,1.85,21.3,0.184,51.9,0.3,32.9,41.736,1.0,25,6,69,C,Well Drained
1460,116,34,2019-05-16,0.35,25.7,0.132,30.3,61.0,26.6,26.618,1.85,21,9,70,C,Well Drained
1461,55,41,2023-08-15,2.31,22.4,0.447,13.9,70.8,33.3,0.161,2.0,57,27,16,D,Well Drained
1462,107,47,2019-09-27,2.32,45.4,0.877,43.6,74.2,28.4,19.769,1.7,34,44,22,D,Moderately Drained
1463,434,13,2018-03-11,2.49,12.7,0.523,30.2,77.6,38.0,10.562,2.14,44,30,26,D,Well Drained
1464,196,48,2022-12-27,0.27,20.0,0.236,15.5,77.1,40.6,1.003,1.52,41,21,38,D,Poorly Drained
1465,173,36,2023-05-07,2.74,39.4,0.77,35.7,5.4,25.0,6.494,1.42,68,27,5,C,Poorly Drained
1466,364,17,2021-01-07,0.74,43.2,0.36,30.4,67.2,20.5,18.619,1.55,29,38,33,D,Moderately Drained
1467,68,40,2021-03-28,2.52,18.5,0.284,52.4,50.7,27.8,24.059,1.53,68,12,20,A,Moderately Drained
1468,339,14,2021-07-12,2.57,12.9,0.8,59.9,72.3,44.7,14.07,2.08,45,28,27,C,Moderately Drained
1469,193,62,2022-08-30,2.83,58.5,0.848,46.6,67.1,41.9,15.974,1.69,78,15,7,D,Well Drained
1470,136,46,2018-02-14,0.19,57.6,0.629,23.2,66.1,20.3,12.931,1.94,51,44,5,D,Poorly Drained
1471,422,28,2020-01-07,2.78,47.8,0.981,73.8,44.9,28.0,41.433,2.16,28,44,28,B,Poorly Drained
1472,342,3,2019-07-17,2.92,52.6,0.221,51.7,64.2,31.4,25.777,2.03,42,25,33,C,Moderately Drained
1473,401,51,2024-02-12,2.65,10.5,0.567,73.5,47.7,32.0,1.095,0.93,47,18,35,B,Poorly Drained
1474,291,54,2022-06-06,1.26,14.7,0.103,17.0,1.7,22.4,8.995,1.92,8,11,81,D,Poorly Drained
1475,282,32,2019-09-27,2.43,33.4,0.416,58.6,56.2,16.3,15.829,1.85,17,52,31,D,Poorly Drained
1476,74,43,2024-01-22,2.9,56.6,0.917,20.3,33.9,35.8,45.318,1.77,13,42,45,D,Moderately Drained
1477,16,7,2023-09-06,0.7,26.7,0.811,63.4,45.7,36.3,11.061,0.86,12,29,59,A,Well Drained
1478,491,17,2020-11-18,0.61,17.6,0.688,65.1,8.0,37.4,42.582,1.9,8,47,45,A,Moderately Drained
1479,6,1,2018-06-08,0.15,39.1,0.205,63.7,18.1,34.9,44.26,1.16,62,35,3,B,Well Drained
1480,467,57,2021-11-27,0.66,30.9,0.768,78.8,11.9,35.8,16.78,1.03,26,24,50,B,Poorly Drained
1481,326,3,2019-12-29,2.54,39.7,0.774,69.5,44.3,25.1,10.826,1.46,35,9,56,B,Poorly Drained
1482,250,11,2021-01-22,0.65,59.7,0.228,77.8,27.8,28.8,38.01,1.49,47,48,5,A,Moderately Drained
1483,366,16,2022-02-09,1.35,21.3,0.921,17.9,39.7,42.1,7.145,1.74,43,25,32,A,Moderately Drained
1484,461,25,2022-09-29,1.01,53.8,0.313,30.7,9.9,36.8,41.219,1.4,54,41,5,D,Poorly Drained
1485,231,52,2018-03-16,0.76,56.9,0.368,55.8,59.0,43.8,23.555,2.06,71,27,2,A,Well Drained
1486,115,9,2019-02-15,2.49,40.6,0.928,35.0,32.0,32.7,28.27,1.61,51,24,25,D,Poorly Drained
1487,65,27,2024-07-23,1.99,23.5,0.831,31.5,46.3,23.2,20.275,1.41,31,11,58,B,Poorly Drained
1488,101,61,2023-04-27,1.89,43.1,0.113,40.4,79.8,42.5,6.053,1.12,57,38,5,C,Moderately Drained
1489,306,45,2021-01-29,1.86,24.4,0.467,16.4,15.9,42.7,11.039,1.46,52,21,27,C,Well Drained
1490,350,18,2018-06-17,0.4,13.6,0.223,30.7,68.7,22.3,17.037,2.08,63,34,3,B,Well Drained
1491,124,27,2020-12-23,0.76,57.9,0.862,23.0,75.5,38.9,23.269,0.95,10,32,58,A,Well Drained
1492,135,22,2024-10-07,2.2,41.2,0.605,27.4,71.5,28.1,23.075,1.04,41,46,13,A,Well Drained
1493,463,56,2019-11-22,0.68,53.6,0.857,23.0,45.9,34.7,9.212,1.67,74,21,5,A,Well Drained
1494,25,29,2019-10-30,0.95,10.6,0.207,36.9,24.4,33.5,48.633,1.92,61,32,7,C,Moderately Drained
1495,52,54,2018-10-16,1.42,9.4,0.179,15.2,2.9,20.1,3.314,2.2,70,12,18,B,Well Drained
1496,162,25,2021-08-12,0.27,37.0,0.956,45.8,28.5,35.2,22.045,2.13,25,5,70,B,Moderately Drained
1497,321,24,2022-06-13,1.07,27.8,0.588,72.7,31.0,21.5,15.327,1.22,49,46,5,B,Moderately Drained
1498,334,48,2019-12-07,1.52,56.9,0.563,44.4,77.1,16.8,37.435,0.99,43,38,19,D,Moderately Drained
1499,452,34,2023-07-13,2.75,8.5,0.658,44.3,32.5,32.8,9.176,1.0,77,18,5,B,Moderately Drained
1500,255,6,2021-03-15,2.71,21.2,0.385,51.4,19.0,34.3,35.448,1.32,46,49,5,B,Well Drained
1501,312,23,2023-10-16,0.77,42.6,0.751,12.9,23.1,15.4,28.359,1.31,70,25,5,A,Well Drained
1502,374,13,2023-02-13,0.26,15.4,0.44,31.6,6.6,19.9,18.639,1.18,33,12,55,D,Poorly Drained
1503,183,43,2019-10-07,0.7,11.2,0.368,69.4,25.8,22.8,13.301,1.53,27,31,42,B,Well Drained
1504,3,47,2018-11-18,1.02,23.8,0.325,45.2,54.5,36.1,43.63,1.54,13,14,73,C,Poorly Drained
1505,327,20,2024-06-07,1.22,25.5,0.473,46.5,8.1,41.6,40.24,1.88,23,58,19,B,Moderately Drained
1506,299,45,2023-04-25,2.35,34.9,0.792,46.6,24.9,34.6,30.124,1.55,13,6,81,A,Poorly Drained
1507,497,32,2023-08-31,0.55,52.2,0.337,51.2,76.7,31.8,25.983,0.84,29,26,45,D,Poorly Drained
1508,171,46,2019-05-11,2.71,57.1,0.477,16.5,41.1,29.0,7.366,0.93,18,11,71,B,Well Drained
1509,324,43,2018-05-17,2.84,28.1,0.243,49.6,76.9,25.9,41.603,0.88,13,35,52,D,Poorly Drained
1510,271,46,2019-07-09,1.63,58.4,0.984,26.7,76.3,18.0,37.783,1.99,6,25,69,D,Moderately Drained
1511,362,55,2021-05-16,2.91,46.8,0.137,13.4,58.6,31.5,31.177,2.18,8,26,66,D,Well Drained
1512,359,40,2022-02-15,1.84,37.4,0.761,50.9,15.6,15.1,23.869,2.07,59,20,21,C,Poorly Drained
1513,222,50,2023-12-09,2.57,8.4,0.821,45.1,41.0,24.6,14.431,1.88,14,7,79,A,Poorly Drained
1514,91,53,2021-03-23,1.86,44.9,0.986,12.5,55.2,36.8,13.517,1.22,25,38,37,C,Moderately Drained
1515,107,47,2022-07-26,0.38,11.6,0.587,35.0,5.8,24.1,22.37,0.84,80,15,5,D,Well Drained
1516,241,16,2018-09-02,2.16,12.1,0.398,72.5,53.7,40.0,39.436,1.29,20,50,30,C,Poorly Drained
1517,82,20,2022-01-07,0.62,26.4,0.284,35.3,78.3,22.3,32.754,1.35,35,27,38,D,Poorly Drained
1518,70,32,2023-06-25,0.36,44.9,0.396,33.6,33.4,26.0,26.652,0.98,18,29,53,C,Well Drained
1519,375,28,2018-02-17,0.51,22.0,0.713,69.8,12.3,37.8,43.508,1.53,75,20,5,D,Well Drained
1520,16,7,2021-02-17,1.2,30.0,0.19,64.2,67.4,23.2,39.439,0.83,53,7,40,C,Poorly Drained
1521,185,1,2019-12-24,2.78,22.5,0.622,64.3,30.6,18.8,34.257,0.97,14,18,68,C,Moderately Drained
1522,107,47,2019-06-23,2.04,30.3,0.725,56.7,27.8,24.9,18.54,1.51,42,22,36,B,Well Drained
1523,220,47,2020-06-07,0.14,5.6,0.115,73.6,70.8,39.9,27.281,1.38,7,30,63,B,Poorly Drained
1524,172,39,2022-10-09,1.0,49.9,0.984,29.5,10.1,21.3,5.031,1.0,67,28,5,A,Poorly Drained
1525,397,54,2020-03-25,2.89,28.3,0.768,58.2,39.4,23.4,48.972,1.76,45,27,28,A,Well Drained
1526,456,7,2023-09-27,0.11,53.4,0.61,15.8,2.9,15.2,15.568,2.13,72,23,5,B,Moderately Drained
1527,7,33,2019-10-02,2.06,48.1,0.917,63.6,41.7,21.9,35.861,1.25,77,18,5,C,Poorly Drained
1528,275,43,2024-09-01,1.79,50.2,0.953,46.5,69.3,35.7,43.828,0.89,67,31,2,D,Poorly Drained
1529,32,43,2021-12-28,2.37,5.2,0.877,54.9,58.9,20.7,48.804,1.48,25,47,28,D,Well Drained
1530,252,46,2023-09-27,2.9,34.7,0.859,42.1,77.5,22.2,26.638,1.92,28,28,44,B,Well Drained
1531,3,47,2023-09-05,1.39,51.7,0.447,79.5,55.9,19.9,27.9,1.99,5,55,40,A,Moderately Drained
1532,326,3,2024-12-27,1.5,48.9,0.953,20.8,11.5,25.0,33.774,2.06,63,32,5,A,Well Drained
1533,463,56,2019-06-25,0.55,6.8,0.289,50.8,62.8,33.2,19.288,1.69,20,21,59,C,Moderately Drained
1534,390,28,2022-12-03,0.96,35.2,0.421,28.2,15.9,36.5,42.317,1.78,78,17,5,D,Poorly Drained
1535,290,18,2021-02-19,2.4,58.6,0.274,61.0,55.8,31.1,40.23,2.01,42,46,12,D,Poorly Drained
1536,106,23,2022-04-07,1.2,21.1,0.87,70.3,8.2,17.2,6.418,1.66,74,21,5,D,Poorly Drained
1537,66,37,2019-02-03,2.44,48.2,0.834,21.5,71.0,27.0,10.567,1.23,13,11,76,B,Moderately Drained
1538,133,25,2018-10-05,2.3,25.9,0.314,65.6,6.8,19.7,42.312,1.56,17,35,48,C,Moderately Drained
1539,322,11,2024-04-15,1.85,31.9,0.207,16.5,36.9,36.4,33.824,1.86,23,57,20,B,Well Drained
1540,1,54,2023-06-28,1.4,37.7,0.542,32.7,49.0,27.0,21.115,1.66,17,47,36,C,Moderately Drained
1541,409,6,2024-10-17,1.55,50.0,0.326,58.7,43.3,21.5,39.449,2.01,36,37,27,C,Poorly Drained
1542,89,1,2022-04-27,2.77,39.7,0.959,11.7,2.8,42.6,20.037,1.88,49,32,19,D,Well Drained
1543,100,35,2022-07-07,1.22,10.2,0.476,18.5,40.9,35.8,17.249,1.91,51,45,4,C,Poorly Drained
1544,398,46,2024-01-11,2.68,7.9,0.634,38.4,45.3,32.7,49.762,0.86,68,27,5,D,Poorly Drained
1545,91,53,2018-12-26,1.06,45.5,0.824,37.7,47.0,17.9,19.629,0.97,48,7,45,B,Well Drained
1546,415,9,2018-05-20,2.78,58.5,0.797,47.3,28.1,40.1,46.403,2.18,15,40,45,B,Poorly Drained
1547,402,22,2024-03-24,2.39,32.3,0.938,64.5,77.4,15.2,20.557,1.62,5,53,42,B,Moderately Drained
1548,123,54,2023-07-20,0.61,51.7,0.544,59.9,34.8,21.3,18.301,1.43,26,54,20,A,Well Drained
1549,70,32,2023-03-17,2.4,39.1,0.101,42.2,69.0,30.4,1.404,1.43,54,43,3,B,Poorly Drained
1550,19,30,2024-11-26,2.97,18.1,0.998,45.2,17.5,18.4,11.935,1.13,33,53,14,C,Poorly Drained
1551,226,5,2022-02-09,2.89,12.5,0.846,61.3,40.5,34.1,48.655,1.87,72,12,16,B,Moderately Drained
1552,219,16,2020-02-29,2.63,33.9,0.283,42.1,51.8,38.6,16.713,1.06,18,37,45,A,Poorly Drained
1553,246,9,2018-12-30,0.58,26.6,0.996,38.0,69.8,20.6,44.309,1.52,70,26,4,C,Moderately Drained
1554,16,7,2019-11-13,1.56,9.8,0.87,40.9,74.1,40.9,12.623,1.86,71,24,5,D,Well Drained
1555,21,25,2021-09-09,1.31,32.6,0.757,32.3,23.5,17.6,34.462,1.14,8,52,40,B,Moderately Drained
1556,241,16,2021-03-06,1.91,12.4,0.86,18.9,59.5,22.8,16.81,2.03,35,22,43,B,Poorly Drained
1557,445,22,2021-02-19,2.52,19.6,0.973,59.1,34.3,23.3,1.774,0.91,9,51,40,A,Poorly Drained
1558,148,62,2024-08-19,0.93,55.5,0.571,53.4,24.7,25.2,36.297,2.1,16,27,57,D,Well Drained
1559,214,18,2023-11-16,0.15,22.6,0.786,40.2,13.9,44.4,0.469,2.05,24,54,22,B,Poorly Drained
1560,208,34,2018-01-03,0.46,28.3,0.75,64.2,49.4,30.1,14.221,0.91,33,23,44,D,Moderately Drained
1561,335,8,2023-07-11,2.72,42.1,0.415,75.2,15.5,40.1,47.994,1.66,16,50,34,D,Well Drained
1562,29,60,2024-11-03,2.87,10.4,0.862,32.3,58.3,24.7,30.319,1.69,78,6,16,B,Moderately Drained
1563,119,18,2018-05-21,1.8,13.8,0.421,54.6,64.0,37.1,35.6,2.02,80,15,5,C,Well Drained
1564,124,27,2018-05-17,2.55,10.1,0.621,33.9,61.6,23.1,26.41,1.79,62,12,26,B,Poorly Drained
1565,208,34,2024-11-11,2.05,59.3,0.825,45.6,40.6,24.4,29.822,1.33,52,27,21,D,Well Drained
1566,34,25,2023-02-03,0.96,23.9,0.459,60.6,64.1,40.6,6.609,0.94,49,39,12,D,Poorly Drained
1567,451,41,2018-02-11,0.8,52.5,0.398,30.4,20.5,32.5,9.937,1.12,61,23,16,B,Well Drained
1568,467,57,2021-09-19,2.42,47.0,0.414,74.3,25.2,35.3,45.244,0.9,40,7,53,A,Poorly Drained
1569,489,48,2022-10-15,1.85,54.5,0.823,43.6,31.0,34.6,15.615,2.02,43,10,47,C,Well Drained
1570,39,4,2019-02-12,2.96,46.3,0.593,15.7,70.4,39.5,29.633,1.96,74,21,5,B,Poorly Drained
1571,117,50,2022-07-04,0.99,53.5,0.423,68.8,23.6,36.2,20.806,1.05,35,44,21,A,Well Drained
1572,178,33,2021-08-09,0.82,12.5,0.287,17.8,51.0,24.9,38.003,1.27,63,36,1,A,Well Drained
1573,65,27,2024-09-25,0.26,58.2,0.918,56.1,11.4,22.9,1.189,1.62,26,29,45,D,Poorly Drained
1574,463,56,2020-08-30,1.58,31.2,0.278,48.2,78.0,43.2,34.903,1.91,52,43,5,B,Moderately Drained
1575,140,5,2022-04-03,0.99,7.0,0.972,48.2,67.8,18.6,20.277,1.09,13,45,42,C,Moderately Drained
1576,195,6,2024-08-22,1.37,34.7,0.325,53.9,11.0,21.5,1.234,1.83,29,52,19,D,Well Drained
1577,440,51,2023-01-13,1.54,44.3,0.394,10.2,77.5,15.3,34.341,1.49,27,48,25,C,Well Drained
1578,58,19,2021-12-08,0.64,9.1,0.501,24.7,33.2,15.3,6.291,0.8,52,8,40,D,Well Drained
1579,109,47,2024-07-01,2.69,9.4,0.522,64.0,65.1,32.9,21.94,2.06,19,32,49,D,Well Drained
1580,32,43,2019-05-08,0.84,45.3,0.269,15.9,61.5,44.6,45.339,1.2,64,31,5,D,Moderately Drained
1581,210,17,2023-10-25,2.28,10.0,0.86,18.2,26.2,29.7,7.679,2.14,21,20,59,B,Moderately Drained
1582,314,31,2021-05-31,2.2,21.9,0.728,78.8,69.8,33.6,5.773,1.5,70,28,2,B,Moderately Drained
1583,312,23,2020-02-07,1.34,10.6,0.508,10.6,67.9,26.9,47.573,1.9,24,42,34,B,Moderately Drained
1584,466,40,2020-08-19,0.58,50.5,0.875,17.5,62.7,15.9,21.607,1.5,42,55,3,B,Poorly Drained
1585,488,17,2021-06-16,2.53,6.4,0.405,76.1,75.4,19.9,15.972,2.18,30,16,54,C,Poorly Drained
1586,435,55,2024-04-01,1.32,59.2,0.295,46.2,1.4,17.3,31.699,1.63,68,29,3,C,Poorly Drained
1587,207,34,2019-02-03,0.61,50.6,0.725,63.7,16.0,31.7,10.385,1.75,36,60,4,A,Well Drained
1588,244,42,2023-11-10,1.21,16.2,0.94,58.8,78.6,42.5,41.732,1.86,72,23,5,B,Well Drained
1589,400,48,2019-11-02,2.43,44.3,0.626,26.3,40.5,42.1,32.489,1.35,69,9,22,A,Poorly Drained
1590,32,43,2021-06-15,1.81,37.8,0.144,12.2,0.1,28.2,23.714,0.95,36,14,50,D,Poorly Drained
1591,301,14,2024-04-14,0.17,7.4,0.982,29.6,12.5,21.6,34.285,1.31,5,56,39,C,Well Drained
1592,259,40,2022-03-22,0.99,45.3,0.572,77.6,10.0,29.2,31.716,2.07,39,48,13,C,Poorly Drained
1593,361,43,2019-04-25,1.39,58.2,0.494,14.7,18.9,25.0,37.603,2.16,46,28,26,D,Poorly Drained
1594,309,40,2018-03-23,0.69,6.1,0.193,18.9,64.4,20.2,25.516,2.03,34,43,23,C,Well Drained
1595,468,11,2024-09-05,2.23,43.7,0.465,69.6,22.2,23.7,43.732,0.86,60,35,5,C,Well Drained
1596,33,36,2021-11-17,2.97,15.8,0.747,44.1,0.8,20.1,44.262,1.85,56,39,5,A,Moderately Drained
1597,412,19,2024-10-07,0.27,46.7,0.312,52.9,30.6,21.3,21.277,1.59,54,41,5,B,Well Drained
1598,495,40,2023-01-02,1.19,44.4,0.519,52.4,44.0,20.4,29.437,1.07,68,27,5,D,Well Drained
1599,173,36,2018-10-24,0.82,8.4,0.224,33.7,60.0,18.8,23.011,1.57,72,23,5,C,Poorly Drained
1600,405,16,2022-09-14,1.95,44.2,0.674,73.2,14.0,36.1,3.493,0.97,64,31,5,D,Moderately Drained
1601,132,29,2018-02-01,0.26,17.5,0.229,73.6,62.6,16.4,16.421,1.44,55,23,22,D,Well Drained
1602,276,62,2020-12-30,0.3,31.4,0.793,46.2,70.1,34.3,11.311,1.14,22,33,45,A,Poorly Drained
1603,264,39,2024-03-19,0.56,17.5,0.387,38.1,44.2,22.8,45.925,1.7,29,24,47,B,Well Drained
1604,19,30,2022-05-16,2.41,8.4,0.938,10.1,76.3,33.7,9.79,1.76,48,42,10,D,Moderately Drained
1605,197,62,2022-06-03,2.38,33.6,0.266,46.6,47.6,40.5,7.108,1.24,48,11,41,B,Moderately Drained
1606,471,58,2020-02-20,2.58,30.2,0.203,72.8,39.8,39.5,18.008,1.68,22,48,30,C,Poorly Drained
1607,151,43,2021-06-14,1.94,11.8,0.918,38.9,39.0,17.8,38.857,0.81,62,33,5,A,Well Drained
1608,455,18,2018-08-03,1.03,15.5,0.455,76.7,43.0,36.5,21.293,1.86,12,16,72,C,Poorly Drained
1609,74,43,2022-07-07,2.94,5.6,0.815,58.4,35.9,25.7,9.19,1.49,48,47,5,C,Poorly Drained
1610,429,40,2023-10-31,0.43,53.2,0.135,34.0,27.0,18.9,22.882,1.81,45,11,44,C,Poorly Drained
1611,48,10,2024-12-16,1.59,48.8,0.119,29.7,29.3,30.8,37.533,1.99,19,36,45,D,Poorly Drained
1612,248,28,2023-04-29,0.41,9.2,0.587,62.8,56.6,30.0,24.756,1.47,57,38,5,D,Poorly Drained
1613,494,56,2021-11-06,2.13,55.8,0.478,38.8,43.6,17.9,36.497,0.84,54,39,7,A,Well Drained
1614,165,26,2024-05-23,2.14,52.1,0.843,61.5,60.1,28.6,44.946,1.11,21,17,62,C,Well Drained
1615,17,21,2020-08-14,0.96,9.7,0.643,75.4,71.9,32.6,19.361,1.69,28,36,36,B,Poorly Drained
1616,367,29,2022-10-27,0.57,19.1,0.424,45.4,67.3,39.3,20.762,0.91,23,20,57,B,Well Drained
1617,477,40,2018-10-18,2.93,27.7,0.206,25.2,1.8,32.6,35.68,1.98,72,23,5,C,Poorly Drained
1618,40,32,2021-10-07,2.12,9.0,0.338,34.8,7.6,35.7,31.654,1.17,14,34,52,C,Moderately Drained
1619,215,22,2020-10-08,0.29,19.6,0.533,19.8,20.6,18.6,34.159,1.79,18,52,30,A,Moderately Drained
1620,267,8,2020-02-06,2.33,27.5,0.296,14.3,61.5,27.8,2.772,0.93,68,18,14,C,Well Drained
1621,364,17,2021-12-28,1.81,6.1,0.989,55.3,5.4,17.8,36.567,1.78,72,10,18,B,Poorly Drained
1622,302,59,2019-10-31,2.95,59.8,0.24,65.5,3.9,40.7,14.944,0.82,33,55,12,B,Moderately Drained
1623,396,28,2023-01-26,0.74,42.3,0.538,44.8,61.1,29.6,28.749,1.9,6,28,66,D,Poorly Drained
1624,500,17,2018-09-15,0.49,59.5,0.792,49.7,62.4,26.7,40.489,1.07,33,36,31,B,Moderately Drained
1625,348,34,2022-05-03,1.63,8.5,0.668,61.9,41.6,33.6,17.979,1.17,22,17,61,A,Poorly Drained
1626,62,43,2020-09-07,2.62,22.4,0.844,55.9,55.1,39.0,40.391,1.57,58,8,34,B,Poorly Drained
1627,257,50,2020-04-04,0.7,42.6,0.703,27.1,14.5,33.4,11.112,1.73,77,18,5,C,Well Drained
1628,435,55,2019-02-08,2.62,47.3,0.704,54.2,14.3,21.0,49.226,1.64,38,57,5,D,Well Drained
1629,388,43,2019-07-06,1.6,58.6,0.927,11.4,28.4,37.2,15.519,1.72,70,15,15,C,Moderately Drained
1630,225,42,2022-01-12,2.06,19.5,0.296,72.0,10.7,44.2,18.798,0.83,23,23,54,C,Moderately Drained
1631,48,10,2023-12-21,2.25,58.8,0.579,42.4,67.3,22.0,19.901,0.86,79,7,14,B,Moderately Drained
1632,26,28,2018-05-07,1.31,53.8,0.123,22.3,5.9,25.2,44.932,1.65,15,12,73,A,Poorly Drained
1633,452,34,2020-11-17,2.95,43.4,0.789,46.1,46.8,36.0,19.756,1.26,11,50,39,A,Poorly Drained
1634,205,21,2018-10-02,0.39,55.8,0.66,70.7,56.2,40.4,19.433,1.36,80,6,14,A,Well Drained
1635,407,21,2018-03-28,1.81,44.2,0.315,44.1,57.9,22.0,4.839,1.52,26,9,65,C,Poorly Drained
1636,7,33,2021-11-06,0.84,35.1,0.736,50.1,3.9,25.5,7.508,1.44,23,57,20,D,Moderately Drained
1637,150,17,2019-04-13,2.01,58.5,0.238,27.9,25.3,22.3,44.234,0.82,47,50,3,A,Well Drained
1638,313,39,2019-11-24,0.54,50.7,0.661,48.7,25.8,24.8,19.521,1.43,36,20,44,B,Well Drained
1639,145,47,2020-06-03,2.12,36.7,0.527,62.5,1.7,27.5,14.809,1.17,25,59,16,C,Poorly Drained
1640,216,25,2022-06-11,1.26,38.2,0.326,57.0,64.3,32.4,47.708,1.5,26,11,63,A,Well Drained
1641,358,52,2022-11-01,1.45,41.2,0.327,14.9,54.3,28.6,13.813,1.21,14,17,69,A,Well Drained
1642,103,56,2018-10-21,2.57,30.9,0.943,58.5,41.1,23.3,31.896,1.25,74,21,5,B,Well Drained
1643,494,56,2024-08-10,0.57,44.0,0.255,10.2,68.4,22.4,41.187,0.89,54,9,37,C,Well Drained
1644,411,33,2023-01-26,2.23,5.9,0.991,37.6,13.7,28.1,39.668,0.93,45,47,8,C,Moderately Drained
1645,165,26,2019-10-27,2.02,41.3,0.124,77.8,33.7,25.4,35.046,1.4,73,22,5,D,Well Drained
1646,480,56,2024-03-20,1.69,21.9,0.917,41.2,58.6,40.4,14.086,0.98,14,22,64,A,Moderately Drained
1647,186,38,2021-05-15,0.71,35.1,0.452,22.6,70.7,28.3,20.602,0.97,45,6,49,B,Poorly Drained
1648,26,28,2019-04-16,0.72,34.6,0.634,58.7,14.1,18.6,46.43,1.46,76,19,5,B,Moderately Drained
1649,5,32,2018-02-23,2.83,21.6,0.916,65.1,46.2,28.0,2.861,1.67,6,41,53,B,Well Drained
1650,475,57,2021-06-11,2.05,54.8,0.175,11.6,2.7,42.9,4.539,1.07,53,19,28,C,Well Drained
1651,3,47,2022-01-15,1.93,43.3,0.706,48.0,15.5,39.2,44.277,1.96,57,16,27,D,Well Drained
1652,420,62,2020-03-04,0.9,34.1,0.72,23.2,64.7,27.8,25.636,2.03,70,25,5,D,Well Drained
1653,60,36,2020-04-16,1.87,6.2,0.175,63.5,23.0,38.8,30.6,1.74,23,35,42,C,Well Drained
1654,144,5,2023-04-25,2.9,19.4,0.991,51.3,17.0,30.0,24.167,1.07,24,57,19,B,Poorly Drained
1655,154,46,2018-07-31,2.02,23.2,0.736,14.9,36.1,26.4,43.411,1.67,52,42,6,B,Poorly Drained
1656,453,58,2018-03-02,0.3,50.4,0.509,47.6,70.7,37.8,9.297,1.43,72,23,5,B,Poorly Drained
1657,222,50,2019-03-23,2.78,36.4,0.217,20.2,26.2,15.8,12.112,2.09,10,38,52,C,Moderately Drained
1658,118,39,2019-12-21,1.32,10.1,0.15,51.3,54.5,24.4,25.155,0.86,9,26,65,C,Well Drained
1659,488,17,2021-05-03,0.27,24.6,0.37,73.8,65.2,26.9,5.992,1.23,57,16,27,A,Poorly Drained
1660,390,28,2022-05-03,2.7,38.2,0.426,64.6,30.9,43.4,43.198,2.07,64,26,10,B,Well Drained
1661,438,41,2018-10-06,2.61,49.1,0.109,73.3,49.2,23.8,28.136,0.91,28,36,36,B,Poorly Drained
1662,283,10,2023-10-12,2.41,53.4,0.898,22.3,10.8,33.2,35.905,1.48,35,38,27,B,Poorly Drained
1663,258,27,2022-05-02,1.44,51.5,0.422,44.3,14.9,25.0,2.447,1.03,43,38,19,D,Poorly Drained
1664,278,33,2023-03-24,1.33,51.6,0.981,74.1,3.1,31.1,19.362,2.09,49,16,35,D,Moderately Drained
1665,445,22,2020-04-03,0.57,32.0,0.375,50.8,3.6,36.7,32.979,1.16,65,26,9,D,Well Drained
1666,423,20,2024-10-03,1.74,33.6,0.166,43.7,63.2,29.3,12.064,1.53,49,5,46,A,Well Drained
1667,72,18,2020-09-04,1.01,52.7,0.405,42.2,56.3,26.7,30.96,1.76,46,50,4,D,Poorly Drained
1668,131,9,2020-03-05,2.19,8.1,0.919,43.5,12.8,31.5,18.429,2.1,73,12,15,D,Moderately Drained
1669,61,28,2021-12-19,2.25,6.5,0.427,20.6,24.3,23.4,36.804,1.54,35,47,18,B,Poorly Drained
1670,454,19,2023-04-12,2.44,28.9,0.548,32.8,1.5,27.6,17.319,2.06,17,56,27,B,Poorly Drained
1671,483,39,2018-12-24,0.14,26.9,0.534,29.4,40.3,26.3,12.009,1.89,10,34,56,D,Moderately Drained
1672,49,36,2018-07-07,1.64,55.1,0.109,13.2,44.6,39.0,37.033,1.88,57,32,11,A,Moderately Drained
1673,166,39,2021-09-08,2.22,9.9,0.127,37.8,24.7,16.3,34.696,1.07,17,27,56,C,Well Drained
1674,281,58,2018-03-13,1.43,35.9,0.493,37.2,72.4,22.6,27.882,0.84,46,46,8,B,Poorly Drained
1675,428,54,2022-01-19,1.3,24.8,0.8,43.0,73.3,26.5,12.966,1.79,35,51,14,B,Moderately Drained
1676,90,62,2024-05-12,2.6,26.1,0.881,58.5,33.9,22.6,1.913,1.84,14,48,38,B,Poorly Drained
1677,280,10,2023-04-20,1.59,24.9,0.594,37.2,1.6,32.2,2.319,1.25,51,13,36,A,Poorly Drained
1678,87,37,2019-12-18,1.46,43.6,0.116,70.4,57.6,40.4,42.851,1.24,66,18,16,B,Moderately Drained
1679,288,37,2019-06-23,0.28,40.3,0.257,27.6,71.2,43.1,24.876,1.54,15,25,60,D,Poorly Drained
1680,166,39,2018-03-16,0.37,54.7,0.959,71.1,29.1,18.6,0.386,1.67,32,12,56,C,Poorly Drained
1681,56,45,2024-02-05,1.91,57.7,0.486,32.1,12.9,42.0,39.044,1.74,37,31,32,D,Moderately Drained
1682,384,16,2021-02-27,0.74,33.4,0.94,63.4,78.6,19.8,16.094,2.06,19,30,51,B,Poorly Drained
1683,280,10,2022-01-30,1.73,19.9,0.818,51.7,72.8,42.0,22.996,2.11,80,15,5,D,Poorly Drained
1684,330,35,2018-07-22,2.47,21.7,0.114,58.4,19.7,35.4,4.143,1.27,57,15,28,D,Poorly Drained
1685,352,17,2021-07-08,0.11,23.6,0.158,16.3,5.8,34.7,37.281,1.36,35,23,42,A,Poorly Drained
1686,352,17,2019-07-30,1.85,11.0,0.133,25.6,34.9,39.5,29.542,0.9,28,23,49,C,Well Drained
1687,124,27,2024-04-09,2.59,52.8,0.779,38.1,66.8,16.6,28.203,0.98,55,34,11,C,Moderately Drained
1688,328,58,2022-04-10,1.8,27.2,0.98,11.7,15.7,39.0,6.743,1.55,27,27,46,D,Moderately Drained
1689,339,14,2022-03-13,1.76,50.2,0.696,62.8,2.1,24.6,21.065,1.81,73,5,22,B,Well Drained
1690,340,31,2020-06-11,2.42,23.6,0.31,75.7,28.2,44.5,9.507,0.95,72,23,5,B,Well Drained
1691,19,30,2023-01-13,0.29,5.4,0.3,38.6,52.6,37.1,42.312,2.1,45,27,28,B,Moderately Drained
1692,4,19,2019-07-07,2.52,33.6,0.122,53.6,6.6,21.9,9.199,1.01,49,40,11,A,Moderately Drained
1693,23,48,2023-05-17,1.66,27.3,0.962,58.6,7.2,26.6,28.762,2.18,18,18,64,D,Well Drained
1694,490,11,2022-06-06,2.01,10.9,0.752,73.8,38.4,33.7,40.515,1.03,6,32,62,C,Poorly Drained
1695,186,38,2019-10-11,2.05,9.7,0.874,26.5,61.4,41.3,28.805,1.34,49,30,21,D,Poorly Drained
1696,338,44,2024-10-13,2.78,12.2,0.501,19.6,44.9,31.6,46.429,1.66,64,15,21,A,Poorly Drained
1697,322,11,2020-02-22,1.98,40.3,0.839,48.5,61.4,31.6,41.639,1.94,26,40,34,D,Moderately Drained
1698,50,58,2020-07-12,2.11,32.5,0.217,26.8,63.0,37.3,20.567,2.01,62,10,28,B,Poorly Drained
1699,92,15,2022-10-07,1.29,8.6,0.495,50.3,20.2,40.1,15.351,1.11,29,13,58,D,Moderately Drained
1700,89,1,2019-03-28,2.12,55.7,0.376,26.3,47.3,38.5,38.533,0.85,72,23,5,C,Moderately Drained
1701,51,20,2018-04-11,0.22,58.3,0.697,53.6,55.1,41.7,16.577,1.6,16,32,52,D,Poorly Drained
1702,484,10,2024-09-18,0.57,16.5,0.602,24.9,42.2,36.3,0.212,2.2,54,21,25,D,Well Drained
1703,167,44,2024-06-25,0.18,33.7,0.986,55.2,53.1,19.5,1.681,1.8,69,26,5,C,Moderately Drained
1704,396,28,2021-05-25,1.07,39.3,0.702,46.1,60.6,39.3,12.886,1.03,22,15,63,D,Poorly Drained
1705,230,59,2024-12-29,2.44,11.9,0.521,52.6,12.4,37.7,0.222,1.19,12,34,54,C,Poorly Drained
1706,260,51,2019-05-20,2.92,25.1,0.578,11.0,16.5,25.2,8.24,0.98,8,60,32,C,Poorly Drained
1707,331,24,2023-12-06,1.95,50.2,0.583,78.5,5.4,41.3,19.182,1.15,52,38,10,B,Moderately Drained
1708,17,21,2019-01-22,0.52,12.5,0.762,48.7,76.1,31.6,48.153,1.67,39,58,3,C,Moderately Drained
1709,64,11,2023-01-20,1.29,14.2,0.829,43.2,66.1,30.1,28.74,0.85,74,21,5,B,Moderately Drained
1710,346,34,2024-06-04,0.16,53.1,0.787,15.2,40.8,15.5,21.115,2.06,28,34,38,A,Well Drained
1711,55,41,2018-07-05,0.6,48.8,0.355,45.4,78.7,30.7,4.014,1.3,58,19,23,B,Poorly Drained
1712,188,26,2021-02-24,0.5,44.7,0.856,77.4,13.7,26.4,19.56,1.48,39,53,8,A,Moderately Drained
1713,207,34,2023-06-29,2.09,28.9,0.622,53.0,37.2,41.6,32.543,1.56,61,11,28,D,Well Drained
1714,293,43,2023-10-06,0.47,42.8,0.412,20.9,17.3,31.4,10.37,0.86,59,36,5,C,Poorly Drained
1715,405,16,2020-11-13,2.24,11.6,0.929,71.8,60.5,27.3,28.548,1.58,51,32,17,B,Well Drained
1716,363,8,2019-12-12,2.33,50.8,0.651,33.3,76.2,39.8,12.223,1.51,77,18,5,A,Well Drained
1717,7,33,2023-08-21,2.65,15.2,0.723,67.7,62.2,39.9,23.978,1.69,72,23,5,C,Poorly Drained
1718,194,8,2018-02-20,1.27,34.1,0.225,39.4,29.8,28.7,35.697,1.13,45,49,6,A,Poorly Drained
1719,460,49,2020-08-23,2.28,45.8,0.863,19.2,0.7,18.3,44.978,2.11,50,45,5,A,Poorly Drained
1720,217,47,2018-06-29,2.59,19.4,0.113,73.7,44.3,17.7,37.424,1.81,47,48,5,B,Moderately Drained
1721,136,46,2019-02-24,0.76,41.3,0.242,19.5,77.7,35.4,4.76,0.97,71,24,5,D,Poorly Drained
1722,275,43,2022-11-15,2.57,9.2,0.637,61.7,59.8,29.3,33.337,1.68,74,21,5,C,Moderately Drained
1723,174,33,2018-02-22,2.35,46.6,0.107,30.8,68.2,29.8,44.226,1.9,65,24,11,A,Moderately Drained
1724,215,22,2020-01-21,2.27,7.3,0.681,30.3,19.8,29.2,25.182,1.84,61,34,5,A,Poorly Drained
1725,211,39,2024-08-02,0.79,54.5,0.34,16.1,20.5,43.6,37.018,2.03,40,29,31,D,Well Drained
1726,431,6,2019-10-21,2.72,23.3,0.616,69.7,20.7,23.9,40.211,0.86,37,50,13,D,Poorly Drained
1727,247,49,2023-03-10,0.29,45.5,0.745,33.8,65.5,25.0,5.638,0.99,44,38,18,C,Well Drained
1728,366,16,2020-10-21,2.7,46.7,0.948,16.4,42.5,39.5,15.892,1.6,64,31,5,C,Moderately Drained
1729,19,30,2018-05-20,1.61,14.0,0.18,78.0,12.4,22.5,15.128,0.8,41,38,21,B,Well Drained
1730,176,21,2024-03-12,1.87,37.9,0.998,24.5,18.7,41.7,25.004,1.07,36,19,45,A,Moderately Drained
1731,246,9,2022-01-18,1.14,40.8,0.346,55.0,78.0,26.6,17.491,1.62,46,49,5,C,Moderately Drained
1732,379,43,2021-01-15,0.64,5.2,0.33,53.8,38.1,22.1,34.749,1.75,52,43,5,C,Moderately Drained
1733,24,8,2019-07-09,1.88,59.3,0.316,47.2,32.3,21.2,18.659,2.07,35,18,47,D,Poorly Drained
1734,120,14,2021-07-06,0.95,7.8,0.955,45.3,58.6,41.3,39.333,1.41,57,35,8,B,Moderately Drained
1735,497,32,2020-04-06,0.38,44.1,0.333,78.4,31.1,32.0,16.673,1.79,58,20,22,C,Well Drained
1736,279,26,2024-11-26,1.04,7.2,0.296,74.2,6.5,35.5,9.035,1.22,36,17,47,A,Poorly Drained
1737,152,25,2018-06-24,2.7,46.2,0.241,57.6,56.9,15.1,1.353,1.36,44,38,18,C,Moderately Drained
1738,419,15,2022-01-07,0.85,24.4,0.839,31.2,8.1,32.3,49.401,1.35,25,6,69,A,Poorly Drained
1739,478,14,2023-05-24,2.61,55.1,0.173,61.5,22.7,33.3,36.751,1.53,19,17,64,C,Well Drained
1740,97,59,2020-09-26,2.35,39.2,0.419,60.4,30.2,21.1,25.971,1.83,8,54,38,C,Well Drained
1741,155,34,2020-08-12,0.61,16.5,0.851,40.4,48.2,20.7,45.839,0.83,24,56,20,C,Well Drained
1742,156,3,2021-07-31,0.78,48.2,0.681,41.6,53.6,20.3,2.736,0.98,75,20,5,D,Well Drained
1743,174,33,2018-10-15,0.45,56.8,0.598,39.5,29.1,18.4,30.692,1.97,42,28,30,C,Moderately Drained
1744,56,45,2020-09-24,1.18,18.7,0.631,68.1,1.7,20.9,49.917,2.17,58,36,6,C,Poorly Drained
1745,28,54,2018-07-15,2.9,43.4,0.303,77.6,10.8,42.1,40.451,1.36,13,55,32,D,Poorly Drained
1746,120,14,2021-11-04,2.18,12.7,0.569,26.9,21.4,18.1,18.061,1.53,35,8,57,D,Well Drained
1747,213,8,2024-08-26,1.09,41.1,0.663,44.5,34.2,17.3,42.846,2.16,47,14,39,B,Well Drained
1748,18,60,2022-01-26,1.49,40.2,0.613,53.4,21.8,29.6,21.005,1.89,67,9,24,A,Poorly Drained
1749,293,43,2023-09-03,0.47,39.8,0.792,61.3,3.5,17.3,19.174,0.95,45,32,23,B,Poorly Drained
1750,334,48,2023-08-26,2.13,56.9,0.157,15.1,0.0,42.4,42.755,1.76,60,35,5,B,Moderately Drained
1751,442,7,2023-03-04,1.57,19.9,0.218,67.5,79.6,18.1,18.65,1.28,70,14,16,C,Well Drained
1752,484,10,2024-09-04,0.89,20.6,0.147,40.7,35.4,22.9,38.585,0.91,15,15,70,A,Moderately Drained
1753,257,50,2020-07-06,2.08,49.2,0.426,29.1,59.9,31.6,20.755,0.94,16,60,24,C,Poorly Drained
1754,146,5,2022-08-08,0.52,32.5,0.945,45.0,64.8,18.1,36.009,1.2,33,10,57,D,Poorly Drained
1755,261,20,2022-08-31,1.73,10.2,0.782,26.2,30.9,40.6,29.166,1.79,41,47,12,B,Moderately Drained
1756,398,46,2018-04-11,0.5,47.5,0.577,68.0,30.0,16.3,5.771,1.74,43,20,37,B,Well Drained
1757,134,20,2023-12-25,0.72,35.3,0.582,36.1,31.8,23.1,17.935,1.82,27,10,63,D,Moderately Drained
1758,160,34,2020-01-29,2.6,12.2,0.315,48.6,65.2,20.8,1.24,1.31,45,40,15,B,Moderately Drained
1759,108,42,2018-06-12,1.18,59.8,0.546,32.9,31.6,29.8,37.405,1.07,64,10,26,D,Moderately Drained
1760,475,57,2021-02-22,0.78,52.8,0.938,47.7,32.6,28.0,2.676,1.48,48,48,4,A,Poorly Drained
1761,118,39,2021-03-29,1.57,7.3,0.415,76.1,8.6,32.0,16.593,1.5,27,40,33,C,Well Drained
1762,378,36,2020-04-16,1.72,35.1,0.846,53.6,79.8,44.1,23.055,1.45,28,59,13,A,Well Drained
1763,252,46,2024-10-10,1.42,34.9,0.181,50.7,77.6,27.8,47.473,1.91,75,9,16,B,Well Drained
1764,325,10,2023-08-25,2.85,50.5,0.203,54.6,61.3,17.3,38.61,1.5,63,32,5,D,Poorly Drained
1765,297,55,2021-03-08,2.03,41.2,0.984,68.9,68.7,15.2,11.925,1.52,9,41,50,A,Well Drained
1766,197,62,2020-07-07,1.93,58.2,0.37,39.6,15.9,35.7,10.799,1.89,25,10,65,A,Moderately Drained
1767,445,22,2021-10-15,2.54,7.1,0.574,52.6,11.7,39.0,28.967,0.89,51,35,14,B,Well Drained
1768,93,29,2021-10-26,1.14,28.1,0.184,61.7,17.9,30.9,5.047,1.6,65,28,7,B,Poorly Drained
1769,449,51,2024-10-15,2.51,10.6,0.123,55.0,56.7,15.5,0.893,2.04,59,36,5,D,Well Drained
1770,452,34,2024-06-17,2.57,29.4,0.599,46.4,60.4,19.5,2.031,1.46,54,31,15,B,Well Drained
1771,222,50,2024-07-27,1.94,7.6,0.105,33.2,22.0,42.8,3.361,1.62,50,45,5,C,Well Drained
1772,94,33,2018-01-22,2.34,33.0,0.788,19.3,38.6,16.6,35.045,0.96,17,39,44,D,Poorly Drained
1773,9,21,2019-02-25,0.95,8.6,0.466,59.2,35.4,36.2,5.666,1.34,20,11,69,D,Poorly Drained
1774,133,25,2020-11-05,2.84,13.0,0.817,13.8,24.4,39.3,24.594,1.05,53,45,2,A,Poorly Drained
1775,25,29,2021-01-12,2.84,23.7,0.733,50.1,19.6,28.5,20.717,0.88,58,42,0,D,Well Drained
1776,248,28,2020-02-18,0.44,50.6,0.879,42.6,32.4,37.6,8.096,1.4,39,55,6,D,Well Drained
1777,40,32,2022-12-15,0.99,26.8,0.657,25.2,64.8,27.6,0.369,1.44,14,35,51,A,Poorly Drained
1778,39,4,2021-06-19,1.16,50.9,0.928,59.7,56.6,42.0,4.059,1.82,52,41,7,C,Poorly Drained
1779,169,36,2023-07-07,1.2,10.4,0.27,34.1,12.1,23.3,2.13,1.25,22,43,35,A,Moderately Drained
1780,461,25,2021-04-23,1.61,9.3,0.781,69.5,69.4,19.2,23.559,1.98,15,33,52,D,Well Drained
1781,299,45,2020-12-03,2.26,28.7,0.157,78.0,68.4,35.8,28.558,1.87,60,13,27,B,Moderately Drained
1782,10,27,2019-11-20,0.24,22.0,0.435,59.8,1.7,31.7,20.999,1.64,43,26,31,B,Poorly Drained
1783,134,20,2019-09-11,2.85,30.2,0.363,27.9,73.1,33.1,17.328,2.13,39,14,47,A,Well Drained
1784,51,20,2023-10-21,0.81,49.3,0.92,33.4,53.8,44.2,37.456,1.74,16,23,61,C,Moderately Drained
1785,170,32,2021-02-24,1.65,54.9,0.186,26.7,28.9,23.5,36.821,2.1,35,13,52,C,Poorly Drained
1786,157,27,2019-03-12,0.6,33.5,0.567,10.2,12.2,29.7,45.27,1.74,63,32,5,B,Poorly Drained
1787,314,31,2023-05-24,2.11,54.4,0.767,58.8,74.1,30.1,24.611,1.08,14,50,36,C,Poorly Drained
1788,13,31,2020-04-01,0.48,8.2,0.342,22.6,63.3,16.6,27.35,1.7,18,58,24,A,Moderately Drained
1789,445,22,2022-06-09,0.45,59.4,0.53,73.5,78.7,42.4,0.659,1.41,71,8,21,A,Poorly Drained
1790,320,23,2018-10-14,2.2,44.0,0.254,69.9,9.0,37.9,12.56,1.54,57,38,5,D,Well Drained
1791,225,42,2024-10-27,1.5,5.7,0.795,77.4,27.2,24.6,4.143,1.5,54,18,28,A,Poorly Drained
1792,81,61,2020-09-22,0.56,24.3,0.147,29.2,40.0,31.9,3.909,1.66,25,36,39,B,Moderately Drained
1793,117,50,2021-01-27,0.5,24.5,0.905,63.0,42.5,43.0,8.848,2.17,57,38,5,C,Well Drained
1794,275,43,2019-05-25,2.16,56.2,0.386,30.4,43.7,20.1,25.758,1.75,33,18,49,D,Well Drained
1795,469,21,2019-06-11,1.43,34.4,0.635,48.8,79.9,27.3,15.335,2.06,57,32,11,C,Well Drained
1796,311,5,2022-11-13,0.31,48.8,0.863,27.0,70.4,30.3,31.995,0.83,64,31,5,B,Moderately Drained
1797,125,58,2020-03-14,2.34,14.8,0.918,48.4,34.8,19.6,25.25,1.03,65,30,5,B,Well Drained
1798,230,59,2021-05-14,2.38,49.8,0.783,73.0,70.5,43.8,1.143,2.04,36,60,4,B,Poorly Drained
1799,342,3,2022-04-11,2.49,24.5,0.643,14.2,17.5,39.7,2.541,1.05,6,5,89,D,Poorly Drained
1800,116,34,2023-03-06,1.78,34.1,0.202,62.5,15.8,25.2,44.664,0.87,79,16,5,B,Well Drained
1801,118,39,2024-01-21,0.75,47.7,0.805,20.9,62.8,26.8,36.681,0.81,63,31,6,D,Well Drained
1802,21,25,2020-09-22,1.46,33.9,0.253,61.4,29.5,23.2,14.296,1.74,60,36,4,D,Moderately Drained
1803,19,30,2018-12-09,1.56,54.0,0.863,11.1,6.4,42.3,41.791,1.19,38,44,18,D,Well Drained
1804,226,5,2024-09-26,1.32,37.2,0.711,12.1,50.9,30.8,27.161,2.18,14,5,81,B,Poorly Drained
1805,41,34,2024-08-23,1.52,52.4,0.697,66.9,44.8,18.0,4.595,1.27,79,16,5,D,Moderately Drained
1806,61,28,2021-09-25,0.25,19.8,0.217,29.5,58.2,25.1,13.654,1.76,35,41,24,C,Well Drained
1807,40,32,2020-12-25,0.57,11.0,0.199,10.5,29.6,30.0,41.27,0.82,72,6,22,D,Well Drained
1808,294,22,2023-08-11,1.42,58.2,0.458,45.9,32.9,29.8,36.894,1.97,5,27,68,B,Moderately Drained
1809,3,47,2018-05-15,1.45,18.2,0.696,64.2,66.3,31.8,45.04,1.0,7,37,56,A,Poorly Drained
1810,68,40,2019-07-04,2.02,28.2,0.955,21.7,2.6,34.3,14.329,0.95,12,21,67,B,Poorly Drained
1811,380,28,2020-07-17,1.37,52.9,0.89,15.5,23.1,36.5,29.729,2.13,69,26,5,D,Well Drained
1812,242,17,2018-09-14,0.43,55.7,0.956,38.7,38.0,26.4,25.096,1.26,78,17,5,D,Moderately Drained
1813,118,39,2020-01-18,1.71,5.3,0.91,60.0,48.3,24.1,5.513,2.17,74,21,5,D,Poorly Drained
1814,34,25,2023-10-30,2.47,40.1,0.423,53.5,6.2,19.7,20.606,2.17,76,19,5,C,Moderately Drained
1815,262,52,2019-06-19,2.61,38.1,0.826,41.2,50.1,33.7,48.836,2.04,70,24,6,A,Well Drained
1816,31,57,2024-05-22,1.11,7.9,0.373,41.3,46.3,21.8,10.02,1.96,53,42,5,D,Poorly Drained
1817,106,23,2018-11-08,0.58,6.2,0.253,48.8,26.1,40.7,49.888,1.82,6,43,51,C,Poorly Drained
1818,98,27,2018-02-26,2.18,37.5,0.988,46.5,64.5,21.0,24.391,1.22,65,28,7,B,Poorly Drained
1819,387,6,2023-03-12,1.52,22.3,0.469,35.4,69.3,34.5,49.796,1.47,21,8,71,A,Moderately Drained
1820,104,21,2024-07-31,1.19,49.1,0.708,42.1,11.7,16.5,29.042,1.28,77,18,5,B,Poorly Drained
1821,245,60,2019-03-11,1.38,31.5,0.51,56.2,30.3,21.4,42.221,2.19,51,24,25,D,Well Drained
1822,448,12,2023-03-19,1.9,58.1,0.685,73.5,1.2,18.4,37.982,0.95,71,14,15,B,Poorly Drained
1823,185,1,2018-10-28,2.31,26.4,0.398,45.4,54.0,28.0,39.345,1.76,45,21,34,C,Well Drained
1824,401,51,2019-11-18,0.38,51.4,0.532,57.2,76.0,33.3,29.259,1.31,72,11,17,D,Well Drained
1825,402,22,2021-05-01,1.17,40.6,0.677,19.4,53.3,27.9,32.347,1.49,29,47,24,A,Well Drained
1826,495,40,2023-07-06,1.61,18.8,0.188,79.0,30.6,38.6,35.413,1.66,12,55,33,B,Moderately Drained
1827,38,62,2019-07-16,1.75,53.5,0.542,55.2,12.0,34.4,31.082,1.51,60,40,0,B,Poorly Drained
1828,391,33,2018-06-11,1.23,40.9,0.842,27.6,41.3,39.7,25.543,2.08,46,40,14,B,Well Drained
1829,241,16,2021-07-11,1.92,44.7,0.897,33.9,69.5,24.1,3.282,2.15,73,22,5,D,Poorly Drained
1830,389,28,2024-01-25,2.09,34.6,0.246,59.8,36.8,30.0,19.41,1.01,56,24,20,D,Poorly Drained
1831,53,12,2024-03-19,2.52,43.0,0.949,77.0,56.9,36.8,37.515,2.15,69,26,5,D,Well Drained
1832,360,52,2020-11-24,0.6,14.7,0.739,56.3,66.8,36.6,13.16,0.96,16,37,47,B,Well Drained
1833,51,20,2022-04-30,1.12,9.6,0.694,67.1,6.6,34.3,13.786,1.31,33,22,45,B,Well Drained
1834,42,44,2020-04-29,0.34,26.3,0.325,62.4,8.6,24.5,11.655,1.07,25,14,61,C,Moderately Drained
1835,308,8,2024-12-16,2.71,45.1,0.747,28.9,76.4,23.8,30.337,2.07,10,16,74,C,Well Drained
1836,206,9,2023-04-17,2.87,49.5,0.131,28.8,44.0,20.0,22.062,1.71,70,20,10,B,Poorly Drained
1837,49,36,2021-08-21,1.78,49.9,0.397,48.8,43.6,22.9,46.071,1.48,23,30,47,D,Poorly Drained
1838,334,48,2024-07-17,0.14,57.9,0.376,69.5,77.0,19.5,49.443,2.09,64,13,23,A,Moderately Drained
1839,68,40,2023-10-21,1.74,58.4,0.295,21.1,2.4,31.3,37.17,1.54,45,43,12,B,Moderately Drained
1840,43,55,2022-05-21,1.45,31.9,0.152,49.3,63.6,30.3,16.363,1.49,62,33,5,D,Poorly Drained
1841,194,8,2018-05-17,1.74,10.5,0.514,73.5,9.0,34.5,40.921,2.16,59,30,11,B,Moderately Drained
1842,452,34,2018-01-16,0.72,52.7,0.747,79.2,10.1,29.7,13.384,1.74,58,19,23,C,Poorly Drained
1843,96,6,2019-12-14,1.18,17.6,0.989,11.2,27.7,23.6,32.67,1.73,76,19,5,C,Moderately Drained
1844,284,35,2021-03-07,2.99,35.7,0.774,66.9,19.7,18.8,9.368,2.18,75,7,18,B,Well Drained
1845,53,12,2022-07-06,1.04,57.8,0.526,66.3,73.8,40.7,43.902,1.88,51,44,5,C,Well Drained
1846,240,19,2022-01-02,1.37,56.8,0.177,70.7,28.2,34.6,4.564,1.11,43,34,23,B,Poorly Drained
1847,83,6,2024-08-15,1.26,23.0,0.853,39.9,54.7,25.6,16.615,1.17,8,45,47,B,Moderately Drained
1848,25,29,2021-07-23,1.36,29.6,0.148,18.0,58.5,40.5,13.596,0.9,76,19,5,C,Poorly Drained
1849,33,36,2023-10-22,1.58,37.9,0.53,39.3,22.4,43.1,22.726,1.63,28,44,28,A,Moderately Drained
1850,390,28,2020-07-31,2.61,47.9,0.444,20.3,53.4,17.8,20.322,1.12,19,6,75,C,Poorly Drained
1851,248,28,2024-04-03,0.85,27.3,0.169,61.5,69.3,37.0,11.068,1.53,69,26,5,C,Well Drained
1852,225,42,2024-06-02,1.22,12.9,0.733,43.9,48.0,39.8,11.908,1.63,29,54,17,A,Poorly Drained
1853,442,7,2022-03-29,1.81,21.2,0.87,46.7,75.3,31.3,39.053,2.06,21,60,19,A,Poorly Drained
1854,52,54,2023-07-05,1.55,42.8,0.831,37.9,40.9,43.9,11.648,2.0,29,7,64,C,Well Drained
1855,339,14,2019-01-17,2.41,8.6,0.841,63.1,66.2,21.8,11.657,1.63,47,48,5,A,Moderately Drained
1856,88,36,2018-02-18,1.78,38.3,0.65,30.4,37.8,30.9,26.613,1.73,78,17,5,B,Poorly Drained
1857,26,28,2020-06-14,0.86,49.3,0.437,56.2,57.1,17.8,14.221,1.06,46,42,12,A,Moderately Drained
1858,367,29,2023-06-05,2.22,13.4,0.199,16.4,67.9,17.1,12.288,1.11,46,40,14,D,Well Drained
1859,95,4,2023-02-14,2.51,30.3,0.567,75.3,10.7,43.4,49.902,1.36,66,29,5,B,Moderately Drained
1860,194,8,2018-07-17,2.14,15.4,0.223,17.5,43.4,39.5,35.982,1.88,66,12,22,D,Poorly Drained
1861,43,55,2020-05-23,2.41,45.2,0.243,54.5,44.1,28.6,40.553,1.89,30,28,42,A,Well Drained
1862,157,27,2022-11-09,0.55,47.3,0.97,51.3,76.4,33.4,32.951,2.12,76,19,5,A,Moderately Drained
1863,483,39,2020-11-14,2.98,53.0,0.407,23.7,15.2,26.2,33.068,1.54,56,6,38,A,Well Drained
1864,472,50,2023-01-13,0.39,28.9,0.232,55.4,70.8,39.6,44.359,2.15,5,26,69,C,Poorly Drained
1865,431,6,2022-05-17,2.48,45.8,0.95,38.2,19.6,40.3,26.105,1.49,77,18,5,A,Well Drained
1866,468,11,2019-12-03,1.06,23.6,0.84,62.9,72.7,22.1,38.902,0.82,53,5,42,A,Well Drained
1867,89,1,2022-08-08,0.91,53.7,0.161,44.1,45.2,33.2,17.833,2.06,63,32,5,B,Moderately Drained
1868,143,27,2024-07-26,2.36,39.1,0.464,46.5,28.8,22.3,9.474,1.82,23,45,32,C,Moderately Drained
1869,270,9,2022-04-10,0.25,10.4,0.544,56.4,43.3,22.0,38.865,1.67,31,7,62,C,Moderately Drained
1870,139,3,2019-02-26,1.82,23.7,0.194,16.1,7.9,18.0,47.88,2.17,62,33,5,A,Well Drained
1871,41,34,2024-08-04,2.46,45.6,0.427,39.4,73.1,42.5,11.041,1.89,63,18,19,D,Well Drained
1872,233,20,2019-08-17,1.55,23.0,0.46,16.0,60.6,15.9,41.735,1.68,47,28,25,B,Poorly Drained
1873,293,43,2019-12-01,1.2,21.7,0.557,41.1,69.1,26.7,38.539,1.34,5,53,42,D,Poorly Drained
1874,248,28,2023-04-02,0.23,26.4,0.225,37.7,16.2,18.6,20.365,1.67,73,22,5,C,Well Drained
1875,147,29,2024-09-29,2.24,40.4,0.577,52.4,22.5,23.9,31.167,1.6,14,35,51,B,Moderately Drained
1876,272,61,2022-05-13,2.22,30.9,0.451,58.0,46.6,31.1,43.582,1.41,55,7,38,B,Well Drained
1877,434,13,2023-11-25,0.35,37.6,0.318,18.1,19.5,30.3,32.253,1.0,59,36,5,A,Moderately Drained
1878,226,5,2024-02-15,0.64,44.4,0.645,29.3,68.2,42.7,14.695,1.52,63,32,5,A,Poorly Drained
1879,290,18,2018-07-13,0.26,41.9,0.744,27.4,71.2,43.3,26.202,1.71,22,47,31,A,Well Drained
1880,255,6,2020-06-10,1.25,29.0,0.234,78.7,27.7,26.5,14.439,2.15,26,52,22,C,Poorly Drained
1881,34,25,2022-01-10,2.49,54.7,0.164,56.4,8.7,24.5,14.715,1.99,17,24,59,B,Well Drained
1882,245,60,2021-11-24,2.93,46.6,0.502,45.0,11.6,38.7,41.823,1.8,70,25,5,B,Well Drained
1883,13,31,2023-09-25,1.77,47.2,0.121,78.3,37.2,17.8,0.749,2.13,64,31,5,C,Moderately Drained
1884,254,49,2024-03-21,1.74,51.9,0.257,42.1,18.1,20.1,20.154,0.91,38,28,34,A,Well Drained
1885,409,6,2021-08-16,2.82,16.4,0.619,31.4,41.6,18.4,15.066,1.3,44,21,35,C,Moderately Drained
1886,473,11,2022-01-22,1.09,17.8,0.273,50.3,8.2,34.7,23.12,1.76,24,53,23,A,Poorly Drained
1887,197,62,2020-10-14,1.29,35.6,0.946,30.4,62.4,31.7,38.013,2.03,18,21,61,A,Moderately Drained
1888,27,58,2024-01-23,2.55,7.8,0.767,20.1,9.6,37.1,41.154,0.94,61,24,15,B,Poorly Drained
1889,108,42,2024-07-19,0.67,27.7,0.236,72.0,51.5,28.1,22.414,2.14,78,17,5,D,Well Drained
1890,173,36,2019-08-14,2.08,51.3,0.895,58.7,75.9,30.4,3.457,2.16,57,38,5,C,Poorly Drained
1891,222,50,2019-12-16,0.38,30.9,0.752,68.1,76.9,30.4,8.861,1.97,22,41,37,A,Well Drained
1892,423,20,2023-12-20,0.96,42.8,0.904,69.3,39.8,25.8,0.218,1.66,9,29,62,A,Well Drained
1893,352,17,2020-08-03,0.51,5.6,0.391,64.1,53.0,24.9,46.179,2.02,61,12,27,C,Well Drained
1894,286,9,2019-02-13,0.35,39.0,0.293,32.5,25.0,44.5,42.966,1.82,79,16,5,C,Poorly Drained
1895,46,15,2022-01-24,2.27,20.6,0.685,17.3,2.0,22.9,33.123,1.32,56,38,6,C,Poorly Drained
1896,314,31,2024-02-07,2.29,27.8,0.453,45.3,60.9,40.5,7.719,1.63,7,51,42,D,Moderately Drained
1897,395,53,2019-09-12,0.57,37.7,0.931,29.9,60.3,24.8,49.948,2.0,13,39,48,A,Poorly Drained
1898,72,18,2021-08-12,2.18,5.0,0.346,16.9,17.0,21.2,31.627,0.97,75,11,14,C,Moderately Drained
1899,15,17,2018-06-16,1.07,50.9,0.954,35.6,73.9,36.9,5.227,1.36,26,57,17,D,Well Drained
1900,433,62,2024-06-06,1.0,57.3,0.836,34.2,32.3,34.9,17.4,1.91,55,45,0,C,Poorly Drained
1901,394,62,2023-10-19,2.7,55.3,0.971,37.0,70.1,16.2,49.939,1.94,46,16,38,D,Poorly Drained
1902,228,36,2021-09-15,2.7,19.6,0.457,27.1,43.3,16.8,26.347,1.99,72,17,11,A,Well Drained
1903,180,62,2023-11-12,1.05,55.1,0.322,28.8,2.4,20.2,3.694,0.87,65,21,14,D,Well Drained
1904,289,31,2022-02-03,2.91,40.8,0.113,21.7,2.8,25.6,4.427,1.45,9,29,62,A,Moderately Drained
1905,156,3,2018-02-08,0.4,20.5,0.93,16.7,61.7,24.5,32.962,1.52,56,5,39,C,Moderately Drained
1906,157,27,2023-12-24,2.66,34.3,0.557,48.8,26.5,42.4,40.012,1.25,51,15,34,B,Moderately Drained
1907,52,54,2019-01-30,2.41,16.5,0.789,46.1,54.0,38.0,44.048,1.49,78,17,5,B,Poorly Drained
1908,379,43,2024-10-23,2.54,48.0,0.179,24.9,76.3,32.3,11.318,2.13,34,9,57,D,Well Drained
1909,108,42,2019-06-20,2.03,42.0,0.394,65.2,54.8,20.4,7.555,1.66,25,13,62,D,Well Drained
1910,171,46,2018-07-05,2.29,18.8,0.508,25.8,5.2,20.5,8.566,1.71,39,16,45,D,Moderately Drained
1911,203,36,2024-03-19,1.56,34.1,0.821,56.5,21.6,32.0,9.313,1.38,12,23,65,A,Poorly Drained
1912,134,20,2019-06-28,0.44,55.0,0.444,58.7,73.5,17.0,2.495,1.11,17,17,66,C,Well Drained
1913,222,50,2022-01-21,0.79,21.0,0.909,45.3,47.7,23.9,48.498,1.8,64,23,13,C,Poorly Drained
1914,117,50,2022-03-29,1.66,28.7,0.146,62.9,60.9,39.8,3.614,0.94,46,43,11,C,Moderately Drained
1915,388,43,2018-07-14,2.38,31.9,0.703,54.3,38.4,29.0,4.235,1.2,60,17,23,D,Poorly Drained
1916,189,17,2018-07-24,1.71,58.2,0.579,73.7,49.9,20.9,12.655,1.35,70,25,5,D,Well Drained
1917,222,50,2019-03-05,1.79,33.1,0.775,24.4,72.6,39.7,14.181,1.46,79,17,4,A,Poorly Drained
1918,401,51,2024-07-28,1.43,6.6,0.101,37.4,28.7,42.6,21.884,2.17,25,22,53,D,Poorly Drained
1919,165,26,2020-05-17,1.44,59.0,0.494,29.6,22.3,36.7,32.95,0.86,30,56,14,B,Moderately Drained
1920,236,28,2019-09-28,0.13,49.2,0.104,29.5,42.6,40.3,4.741,2.11,33,48,19,B,Moderately Drained
1921,346,34,2023-07-04,2.19,15.5,0.772,55.3,51.5,36.9,12.61,0.92,68,27,5,D,Moderately Drained
1922,408,59,2024-07-14,1.8,12.2,0.27,75.3,48.7,24.5,25.208,1.26,10,37,53,A,Well Drained
1923,336,47,2024-11-27,2.44,19.6,0.432,46.5,5.8,22.6,27.341,1.76,61,11,28,D,Well Drained
1924,380,28,2023-11-09,0.55,41.0,0.585,18.5,48.1,28.3,48.063,2.03,60,36,4,C,Well Drained
1925,5,32,2018-01-14,1.34,41.7,0.643,50.9,23.0,39.4,37.651,1.17,35,21,44,A,Well Drained
1926,430,62,2022-06-03,1.39,52.2,0.109,77.5,22.2,42.4,26.44,1.52,25,32,43,A,Moderately Drained
1927,373,44,2019-04-09,1.3,15.8,0.336,19.7,1.5,38.2,18.032,1.48,13,39,48,D,Well Drained
1928,239,11,2019-11-14,0.34,48.2,0.227,10.0,2.9,16.2,2.233,1.74,70,25,5,A,Moderately Drained
1929,228,36,2018-04-22,0.51,11.7,0.255,27.6,55.8,35.1,42.596,2.18,63,32,5,B,Poorly Drained
1930,187,36,2021-03-26,2.26,16.7,0.307,48.9,8.4,28.6,39.868,1.59,64,12,24,D,Well Drained
1931,198,52,2023-09-29,1.41,52.2,0.266,41.0,33.0,32.5,24.02,2.02,21,26,53,C,Well Drained
1932,67,48,2024-03-10,0.98,18.5,0.807,46.1,79.2,23.2,33.303,1.45,64,31,5,B,Well Drained
1933,412,19,2023-08-12,1.45,27.1,0.18,24.6,63.7,15.3,18.813,1.59,34,55,11,C,Poorly Drained
1934,357,2,2023-10-12,1.39,42.7,0.227,13.9,29.8,19.4,36.562,1.31,69,26,5,A,Moderately Drained
1935,327,20,2018-05-01,1.89,36.2,0.891,29.4,68.9,41.6,22.221,2.1,54,12,34,B,Moderately Drained
1936,32,43,2021-08-25,3.0,28.0,0.166,77.2,45.9,29.7,24.3,1.83,79,6,15,C,Moderately Drained
1937,355,23,2022-09-12,0.35,39.7,0.541,70.5,66.7,35.1,26.908,1.38,80,15,5,B,Moderately Drained
1938,482,6,2021-03-25,0.87,49.6,0.876,29.7,74.4,21.6,23.035,1.94,58,37,5,D,Well Drained
1939,489,48,2018-04-05,0.32,35.5,0.286,27.1,41.5,34.8,5.861,2.11,41,45,14,A,Moderately Drained
1940,129,49,2021-04-18,2.02,37.2,0.298,25.7,73.9,18.5,22.638,1.17,76,23,1,B,Well Drained
1941,87,37,2023-11-24,0.8,28.5,0.602,31.5,18.7,26.5,4.863,0.85,50,16,34,D,Poorly Drained
1942,256,59,2023-06-13,1.65,32.7,0.427,13.1,51.3,17.3,15.247,1.68,38,30,32,C,Well Drained
1943,195,6,2019-01-18,0.53,53.0,0.935,67.0,41.4,36.8,2.893,1.57,73,22,5,B,Well Drained
1944,444,1,2021-08-26,1.99,20.1,0.42,24.4,24.3,39.1,15.696,2.07,7,32,61,A,Poorly Drained
1945,414,36,2023-09-24,2.25,20.3,0.249,44.8,2.0,23.4,20.192,1.27,17,16,67,B,Moderately Drained
1946,140,5,2021-04-03,1.23,50.9,0.697,49.5,59.6,23.0,4.722,1.93,40,55,5,B,Well Drained
1947,317,51,2023-10-30,2.0,59.7,0.905,42.8,10.0,32.4,13.905,1.37,78,17,5,B,Moderately Drained
1948,254,49,2024-11-23,0.76,33.0,0.62,66.3,39.6,41.3,48.834,1.59,80,15,5,B,Poorly Drained
1949,359,40,2018-06-12,2.86,8.6,0.456,39.3,50.1,33.5,22.111,1.44,57,38,5,D,Poorly Drained
1950,483,39,2024-03-28,2.34,55.9,0.484,77.7,56.5,36.8,28.22,1.56,18,19,63,A,Poorly Drained
1951,345,12,2023-10-30,0.8,42.7,0.785,73.9,63.0,23.4,43.096,1.91,54,41,5,A,Poorly Drained
1952,156,3,2023-05-16,1.22,11.6,0.774,59.6,65.1,29.0,26.121,1.51,13,42,45,D,Well Drained
1953,147,29,2024-12-01,0.65,59.5,0.735,46.7,65.6,42.4,13.647,1.77,14,9,77,A,Poorly Drained
1954,152,25,2021-08-29,0.3,30.3,0.522,46.2,25.4,19.2,19.247,2.03,35,30,35,C,Poorly Drained
1955,327,20,2022-03-03,2.38,30.5,0.631,65.4,6.2,19.5,21.569,2.02,54,41,5,B,Well Drained
1956,105,61,2018-04-30,0.11,17.2,0.258,34.6,76.5,23.1,25.968,1.53,21,49,30,A,Moderately Drained
1957,157,27,2022-01-28,1.3,53.2,0.836,62.1,13.2,39.3,38.027,1.7,18,47,35,C,Well Drained
1958,452,34,2022-05-02,2.03,44.3,0.188,26.0,36.8,37.1,21.602,1.42,6,56,38,C,Poorly Drained
1959,466,40,2020-05-14,2.21,11.4,0.216,78.5,43.2,27.0,17.547,1.19,29,45,26,C,Well Drained
1960,205,21,2019-10-31,2.8,13.2,0.723,76.6,10.5,36.0,7.05,1.71,28,50,22,A,Moderately Drained
1961,473,11,2019-02-16,2.38,50.5,0.67,13.6,34.3,21.7,23.63,1.88,15,12,73,A,Moderately Drained
1962,216,25,2022-05-10,2.33,21.9,0.159,76.3,75.9,33.5,1.719,1.65,74,21,5,D,Well Drained
1963,106,23,2022-02-16,0.31,28.0,0.494,16.8,79.5,26.2,13.133,2.18,54,8,38,B,Poorly Drained
1964,461,25,2019-10-25,2.07,14.8,0.537,50.9,17.8,23.4,36.155,0.92,32,40,28,B,Well Drained
1965,236,28,2024-02-29,2.01,10.8,0.623,62.6,12.4,22.3,32.944,2.07,19,7,74,B,Poorly Drained
1966,318,57,2020-05-05,2.68,49.0,0.195,40.8,42.9,20.3,25.965,2.07,65,30,5,C,Moderately Drained
1967,495,40,2022-09-07,2.13,39.4,0.478,42.6,37.4,30.1,7.298,2.03,48,20,32,D,Well Drained
1968,318,57,2023-12-14,1.54,42.8,0.676,65.4,30.3,41.5,23.216,1.54,51,44,5,A,Moderately Drained
1969,366,16,2023-01-20,1.74,49.4,0.522,41.2,39.1,34.0,35.929,1.72,52,43,5,A,Well Drained
1970,120,14,2024-03-14,1.7,59.1,0.658,19.7,25.8,44.5,9.753,1.74,40,45,15,B,Moderately Drained
1971,379,43,2022-09-05,1.22,24.9,0.444,61.9,9.4,34.8,30.797,1.48,43,48,9,C,Well Drained
1972,300,25,2022-08-24,0.61,54.9,0.235,71.0,32.4,17.9,27.093,2.14,35,36,29,A,Poorly Drained
1973,487,39,2018-12-26,1.02,15.1,0.526,72.0,13.4,18.4,27.918,1.86,17,15,68,C,Well Drained
1974,444,1,2020-06-21,0.9,46.6,0.23,30.4,28.4,29.9,11.954,1.41,46,49,5,B,Poorly Drained
1975,245,60,2019-06-28,2.89,5.3,0.616,46.1,41.2,41.2,11.7,1.01,55,36,9,A,Moderately Drained
1976,470,7,2020-08-01,2.37,47.7,0.836,60.2,66.0,19.8,19.707,1.41,52,5,43,B,Well Drained
1977,86,16,2023-05-21,0.68,25.9,0.431,26.6,21.0,39.9,3.522,1.92,40,34,26,D,Well Drained
1978,114,44,2018-01-04,1.23,12.5,0.446,45.6,67.3,44.6,45.08,1.93,77,14,9,D,Moderately Drained
1979,116,34,2020-01-19,0.12,29.9,0.984,32.2,14.7,25.9,9.306,1.49,12,30,58,A,Well Drained
1980,339,14,2021-10-09,2.6,7.6,0.601,30.8,41.4,30.8,4.579,1.39,17,43,40,C,Poorly Drained
1981,486,25,2020-01-05,1.15,34.9,0.111,38.7,12.4,18.8,9.467,1.66,24,15,61,D,Well Drained
1982,407,21,2019-09-24,2.66,26.1,0.731,39.2,13.9,33.9,32.367,1.54,25,22,53,A,Poorly Drained
1983,403,60,2019-09-23,2.88,35.4,0.653,73.5,17.1,33.6,13.991,1.75,10,58,32,A,Poorly Drained
1984,150,17,2019-08-20,1.28,35.4,0.707,14.6,39.1,25.6,16.095,1.03,41,58,1,D,Moderately Drained
1985,266,47,2023-02-02,1.47,28.4,0.892,52.2,3.5,22.0,33.548,1.87,23,56,21,C,Poorly Drained
1986,21,25,2019-11-03,2.24,56.8,0.775,58.8,75.7,31.2,4.903,1.41,33,8,59,D,Moderately Drained
1987,493,34,2019-10-25,1.07,20.6,0.89,35.2,4.7,40.0,0.375,1.49,13,58,29,D,Moderately Drained
1988,78,21,2024-11-28,0.43,56.1,0.311,18.0,72.4,19.3,29.812,1.98,6,37,57,C,Well Drained
1989,356,42,2021-04-08,2.67,14.1,0.917,28.1,58.7,39.1,47.37,2.11,41,42,17,A,Moderately Drained
1990,280,10,2023-07-13,2.23,42.0,0.528,12.0,43.0,22.3,19.189,1.83,59,24,17,C,Poorly Drained
1991,262,52,2023-11-02,2.58,15.7,0.381,77.7,7.8,32.5,39.526,1.29,79,16,5,D,Poorly Drained
1992,53,12,2018-11-20,1.3,34.1,0.195,55.8,24.6,23.6,39.712,1.2,19,54,27,C,Moderately Drained
1993,317,51,2024-05-05,2.55,27.8,0.362,68.4,2.5,21.8,12.721,1.41,39,11,50,C,Well Drained
1994,330,35,2019-05-21,1.67,36.8,0.127,33.7,77.3,20.9,47.466,1.13,6,18,76,B,Poorly Drained
1995,417,57,2021-02-01,0.77,23.7,0.283,77.3,44.5,16.1,12.491,2.02,6,40,54,A,Well Drained
1996,27,58,2018-02-18,2.88,40.9,0.191,23.2,1.6,41.5,1.634,1.87,21,60,19,D,Poorly Drained
1997,136,46,2022-05-04,0.57,9.9,0.994,23.8,50.8,30.0,46.784,1.18,14,54,32,B,Moderately Drained
1998,367,29,2021-05-28,2.09,19.0,0.145,44.6,33.9,27.0,2.028,2.16,58,37,5,B,Poorly Drained
1999,298,41,2023-08-02,2.33,55.3,0.787,66.3,13.8,19.3,24.337,1.19,78,11,11,A,Well Drained
2000,63,21,2018-10-31,2.1,47.5,0.809,45.3,74.0,37.0,41.361,1.67,75,21,4,A,Moderately Drained
