record_id,slope_id,district_id,slope_angle_deg,slope_aspect_sin,slope_aspect_cos,flow_accumulation,topographic_wetness_index,plan_curvature,profile_curvature,elevation_m,relative_relief_m,valley_depth_m,terrain_form,roughness_index,normalized_height,slope_position_index
1,399,2,79.74,3.0616,4.4172,31123.0,21.93,1.1393,-1.3779,7544,63.9,1980.5,Complex,457.5,0.9499,96.54
2,285,41,5.19,0.8388,2.2712,27661.0,19.54,-1.2246,0.9729,426,8.4,1253.1,Convex,221.1,0.938,11.52
3,197,62,73.28,-4.6116,1.1047,2274.0,69.62,0.0563,-0.5917,2602,34.2,914.7,Convex,204.9,0.5884,70.6
4,433,62,6.81,-0.787,1.8954,47077.0,26.29,1.9813,-0.2671,7075,8.0,474.8,Complex,55.5,0.6382,98.13
5,274,38,39.68,-2.2521,-0.8353,19031.0,55.7,1.7599,-0.3239,6016,37.1,919.8,Complex,213.5,0.2009,63.31
6,400,48,36.94,4.8753,-4.0734,9453.0,7.4,-0.5298,1.9104,1718,39.3,1496.8,Concave,103.0,0.0051,26.04
7,391,33,53.77,0.3765,1.7939,31699.0,72.94,0.1733,0.5367,5643,57.5,868.5,Planar,212.6,0.0123,67.5
8,235,36,70.5,0.0515,-3.2623,13328.0,49.23,0.5918,0.8003,7871,65.1,114.9,Concave,176.1,0.9213,76.57
9,355,23,57.1,-4.4438,-4.9457,42478.0,25.75,-0.4384,1.9671,1979,27.5,103.8,Convex,496.9,0.2438,26.81
10,454,19,62.43,4.2614,4.5583,20354.0,99.08,-0.43,0.2918,7783,88.1,1734.1,Concave,47.3,0.4584,68.74
11,39,4,3.86,-4.0436,2.9595,42512.0,45.69,0.65,1.7831,5436,50.9,1874.1,Convex,235.9,0.6229,93.46
12,483,39,59.13,4.9135,-4.0794,45668.0,39.99,-1.6138,-1.7576,609,29.6,1241.7,Concave,368.5,0.1357,43.76
13,375,28,59.66,4.4636,-3.2038,14739.0,74.54,-1.2078,-1.1446,1468,83.2,543.9,Convex,221.0,0.4716,94.19
14,186,38,30.0,-3.5786,1.4101,7117.0,92.23,1.4365,1.2759,3389,35.6,1702.7,Planar,223.2,0.8714,71.75
15,175,3,37.12,-0.6306,0.6606,7502.0,59.83,-1.0398,1.1078,2486,44.1,1710.7,Concave,379.2,0.5742,45.43
16,473,11,72.44,-3.6184,1.7903,8928.0,25.8,-0.7211,-0.7202,5604,21.5,626.2,Planar,312.6,0.5482,20.13
17,271,46,8.51,1.4981,-3.8798,1616.0,0.45,-1.8355,0.9753,6478,42.8,665.2,Planar,85.7,0.5995,4.12
18,499,9,65.66,-3.9316,0.5706,164.0,35.83,-0.6209,-0.1645,6696,16.2,325.4,Concave,327.0,0.4655,39.09
19,116,34,40.83,-2.9716,4.6159,31040.0,0.64,-1.5362,1.7136,5703,2.0,1564.1,Planar,148.5,0.5311,49.42
20,245,60,27.74,0.0708,-3.1721,243.0,39.76,-1.1854,0.5042,3037,87.1,654.3,Convex,219.9,0.1863,60.18
21,240,19,36.35,-1.4837,4.1516,36594.0,24.89,1.9825,-0.1379,5082,86.8,537.1,Planar,326.7,0.9332,61.69
22,156,3,10.67,4.5627,2.1516,27707.0,47.9,0.4376,0.6372,5405,52.0,1570.8,Planar,426.0,0.5143,47.81
23,114,44,38.42,3.8922,-2.9004,17750.0,90.89,-1.7469,-1.4022,2568,10.5,1147.8,Planar,88.0,0.3852,74.52
24,121,57,30.26,-4.127,3.5628,30341.0,96.73,-1.3163,0.5119,3244,71.1,1358.6,Concave,419.7,0.273,91.28
25,246,9,51.44,-1.398,-1.2341,38636.0,11.95,0.8753,-0.6991,1985,52.0,224.7,Concave,105.9,0.5757,81.85
26,65,27,1.11,2.8685,-2.6829,28132.0,37.18,-0.2291,-0.8265,4194,56.9,418.3,Planar,356.4,0.1555,6.05
27,214,18,47.88,4.2485,0.63,48387.0,61.67,-0.0896,1.3861,4347,11.2,714.9,Planar,76.7,0.5352,90.77
28,225,42,51.09,2.3412,-0.6817,5892.0,51.05,-1.4829,-1.2722,7300,18.0,609.1,Convex,247.2,0.0997,83.2
29,202,36,66.78,1.2136,2.7023,9563.0,64.43,1.9477,-0.9981,2221,0.5,1005.2,Convex,195.8,0.6323,57.8
30,67,48,24.34,2.7448,-1.2295,9962.0,92.14,-1.4137,-1.3921,6154,88.2,502.3,Complex,273.8,0.711,1.79
31,241,16,37.5,-4.6082,-1.3325,14884.0,36.77,0.0194,-0.7365,2803,44.4,175.7,Concave,300.6,0.2225,11.2
32,395,53,30.57,-1.4237,1.902,9735.0,95.36,-0.5372,-0.1769,6799,10.6,1064.4,Concave,133.6,0.7203,40.03
33,214,18,33.82,2.3603,-4.7149,10913.0,69.63,-0.1358,-0.3208,6871,70.3,561.0,Planar,140.4,0.4531,59.76
34,20,55,53.03,-4.2124,3.5319,11260.0,4.13,1.6559,-1.711,5754,9.4,243.8,Convex,293.1,0.9931,12.17
35,462,13,46.18,-1.4169,1.6283,41092.0,76.84,-1.6135,1.9511,584,8.8,830.2,Concave,308.7,0.5857,4.39
36,421,51,14.78,-1.7443,-4.0869,20903.0,50.86,-1.5265,0.0367,4054,39.9,173.2,Complex,396.7,0.1728,26.41
37,421,51,71.82,4.8405,0.5112,44731.0,27.69,0.4427,-0.406,1818,32.8,35.6,Planar,425.8,0.345,30.08
38,327,20,51.63,-2.1015,2.8096,44815.0,17.63,0.6889,-0.3557,1575,3.1,839.9,Complex,76.4,0.1696,39.27
39,74,43,61.79,-1.2693,1.3856,5582.0,6.23,1.2836,-0.3295,2272,20.7,1513.5,Complex,293.9,0.4507,16.01
40,284,35,55.08,-3.5372,-2.3187,14564.0,79.72,-1.4755,-1.2515,5051,68.9,388.4,Concave,485.8,0.2856,31.92
41,439,51,77.44,4.9565,2.66,2749.0,73.07,0.8871,0.5081,7484,37.7,780.8,Planar,371.4,0.7979,44.99
42,346,34,77.22,-4.8347,0.1733,2665.0,56.59,1.0867,1.6597,707,12.4,55.7,Concave,284.8,0.5458,18.54
43,117,50,62.2,2.489,-0.6029,30775.0,43.03,1.0074,-0.4443,2753,29.6,1644.3,Planar,214.9,0.5912,86.51
44,371,53,29.35,0.8514,-4.5567,40516.0,96.03,0.2973,-0.9538,3148,65.0,1895.8,Concave,326.2,0.8163,4.51
45,241,16,50.36,4.5241,-4.3594,39385.0,10.66,-1.8128,1.4962,7596,74.8,257.1,Concave,254.4,0.4566,92.37
46,341,45,47.46,1.6479,-4.7388,32748.0,48.73,-0.5021,-1.4072,3587,77.3,1274.4,Concave,177.7,0.5078,8.44
47,385,6,41.75,0.7413,1.6495,33761.0,29.13,-1.7277,-1.0795,3495,35.8,1762.9,Complex,205.1,0.1032,71.57
48,67,48,0.14,2.1383,-2.0278,5773.0,4.34,1.9911,0.3264,4403,56.3,1449.0,Convex,435.4,0.2424,17.75
49,193,62,74.67,1.6807,-1.0182,12410.0,70.8,-0.0028,0.7999,3809,4.4,765.6,Concave,172.0,0.8975,71.28
50,49,36,7.84,-0.9203,-4.907,36499.0,75.89,-0.5352,0.1811,7703,65.2,673.3,Convex,273.3,0.9301,78.02
51,372,26,61.64,-0.3749,3.4986,1269.0,98.37,-1.9616,0.2874,368,20.1,1021.4,Planar,69.2,0.3582,72.67
52,274,38,23.97,0.2736,-4.9669,37683.0,86.07,-1.5239,1.747,2193,77.2,1218.9,Planar,441.6,0.0807,65.12
53,444,1,47.62,4.0229,-2.7333,35140.0,55.68,-0.511,-1.1438,4646,89.9,298.8,Convex,361.2,0.4195,58.2
54,355,23,22.14,1.7566,0.7722,22045.0,53.67,-1.8373,-1.8717,3107,31.1,1231.4,Planar,92.7,0.8078,48.7
55,122,33,71.95,2.5954,-1.1658,21081.0,70.26,1.869,0.2954,7613,78.7,1984.6,Convex,190.1,0.0822,43.84
56,166,39,72.06,-1.145,3.3171,17401.0,72.15,-1.2133,0.2791,83,65.3,129.2,Planar,242.7,0.5473,35.12
57,163,6,82.66,1.7609,-3.9673,37025.0,77.66,-1.3527,-0.1202,5112,43.9,1933.0,Planar,424.2,0.2403,76.2
58,32,43,86.47,-2.8218,4.0567,7503.0,45.99,-0.0454,-1.5124,2962,81.8,134.6,Concave,215.9,0.9063,0.79
59,57,1,54.76,0.8881,-1.2401,45048.0,42.98,1.8196,-1.9561,4324,41.9,987.3,Complex,424.5,0.7939,5.42
60,146,5,37.74,1.427,-1.3141,548.0,55.06,1.4785,-1.3445,800,23.8,161.7,Complex,237.2,0.834,64.51
61,467,57,43.86,4.5211,0.862,31717.0,50.79,-0.9735,1.3361,2220,35.7,1063.2,Convex,261.0,0.9503,79.09
62,172,39,47.5,3.2913,1.9087,14835.0,55.94,0.8823,1.6519,5262,66.3,1783.8,Planar,462.9,0.6059,48.95
63,100,35,67.95,-2.5948,-0.7664,40212.0,48.82,-1.2965,-0.624,4724,85.6,1822.6,Concave,352.2,0.3206,89.19
64,217,47,49.23,0.7658,4.7897,33511.0,58.29,-1.7799,1.8257,6760,45.4,349.8,Planar,210.8,0.1114,55.05
65,15,17,1.75,-4.2322,2.1547,43700.0,92.07,-1.3389,-1.6433,7681,3.5,1789.4,Convex,32.4,0.6441,54.2
66,316,9,41.07,-0.8945,3.2182,19670.0,21.73,-0.5513,0.1585,7172,59.9,35.2,Planar,329.4,0.9582,19.59
67,144,5,27.47,3.4292,2.1669,24098.0,7.12,-0.0766,-0.3705,1914,69.2,1796.7,Concave,85.1,0.4333,70.86
68,306,45,5.94,2.9096,-4.1697,10775.0,65.55,-0.4802,1.5812,4103,79.9,1366.7,Planar,309.5,0.2652,33.07
69,487,39,51.8,-0.7894,2.0271,42513.0,42.54,-1.2292,0.2799,6005,44.0,610.9,Convex,163.3,0.3782,12.38
70,55,41,45.45,1.5309,-3.7468,24771.0,86.3,0.3957,-0.3999,3344,54.3,26.8,Complex,9.0,0.1435,66.06
71,75,15,55.17,3.7963,-1.6008,31205.0,54.78,1.0089,-0.2841,728,4.4,1376.2,Complex,200.1,0.9972,29.1
72,489,48,34.7,2.0418,0.6325,10357.0,57.15,-0.1814,-0.6358,6188,76.2,960.9,Concave,247.6,0.3171,9.44
73,491,17,28.5,-2.6431,-2.8864,37664.0,27.34,1.352,1.093,670,5.7,1774.6,Concave,43.6,0.6665,23.99
74,32,43,44.42,0.91,0.0807,46234.0,39.28,-0.0682,1.9214,7624,19.2,568.2,Complex,286.3,0.058,24.62
75,224,56,15.17,-3.2079,3.1786,717.0,15.08,-1.9471,1.9677,2675,29.5,107.4,Concave,383.2,0.1179,27.6
76,299,45,36.85,-3.7,-2.7521,31528.0,71.47,1.1202,1.0455,5020,70.4,780.4,Concave,160.1,0.512,83.69
77,290,18,22.06,4.6545,-3.4759,12424.0,13.84,0.4522,1.3799,1644,32.8,1893.6,Convex,310.4,0.2197,24.34
78,450,35,52.68,-3.2765,-2.5469,38575.0,39.97,-0.6595,0.7265,1758,20.3,1905.6,Planar,416.3,0.3299,81.25
79,279,26,22.05,2.8326,0.0289,30622.0,59.63,1.3781,-1.0116,2264,24.4,593.8,Complex,373.1,0.6319,69.64
80,112,20,88.91,3.1281,-3.0485,43320.0,60.83,-1.5552,0.0479,2244,54.2,747.5,Planar,120.2,0.5978,49.78
81,192,15,85.26,3.0298,-1.3468,27630.0,60.03,-0.5198,-0.1127,598,24.4,373.4,Planar,440.7,0.7912,82.92
82,422,28,69.46,-4.5856,2.9287,38163.0,1.2,-0.7248,0.5574,2521,25.8,1847.1,Planar,69.2,0.252,53.44
83,141,24,66.52,-4.0657,4.1826,11017.0,99.68,-1.7179,1.8864,5694,20.0,1863.8,Convex,194.9,0.2008,2.53
84,481,6,2.52,-1.0465,-2.8671,16259.0,49.12,-0.4387,1.2754,5459,32.0,116.7,Concave,124.7,0.2245,47.68
85,77,47,72.67,-4.7222,-3.3586,32992.0,82.73,0.6309,0.0129,6690,41.3,272.9,Complex,418.0,0.394,44.53
86,347,36,38.17,-3.6325,-2.9521,38959.0,37.82,1.5244,1.9776,6488,51.4,1067.3,Complex,371.6,0.1519,62.47
87,45,11,43.21,2.3079,4.9186,37109.0,35.21,-0.3584,1.968,7304,70.7,1065.4,Complex,462.5,0.0048,9.98
88,224,56,67.12,-0.5701,-1.6405,43207.0,55.71,0.4704,-0.2011,6308,56.7,1352.0,Convex,179.0,0.368,68.96
89,106,23,54.54,4.7388,1.9353,1229.0,63.61,0.8377,0.9303,4706,47.2,173.6,Concave,63.4,0.7565,1.74
90,474,23,4.52,-1.0968,1.7411,37996.0,87.51,1.7839,-1.6496,2651,40.9,1929.5,Complex,481.1,0.7755,19.66
91,6,1,48.42,-4.3385,-4.4478,43932.0,36.11,1.2077,-1.2363,5286,28.2,1001.3,Convex,357.2,0.9899,71.49
92,422,28,46.7,3.548,-1.1568,12415.0,59.68,1.8276,0.2088,6616,60.5,315.4,Planar,258.6,0.9131,69.21
93,263,37,14.19,-2.7895,-1.2449,1879.0,56.28,1.8459,1.6076,7767,1.5,591.5,Concave,32.4,0.0728,68.6
94,176,21,82.77,-2.849,-4.8648,363.0,48.41,1.798,-0.7332,247,12.4,1704.7,Complex,323.1,0.4166,56.47
95,60,36,84.98,-4.6056,-3.802,38416.0,39.02,-1.1179,-1.785,4712,5.6,853.0,Concave,307.3,0.166,31.9
96,166,39,48.34,0.4123,-2.534,39861.0,86.58,1.999,1.9011,3210,89.0,252.0,Complex,67.2,0.1135,2.26
97,3,47,7.34,-2.3266,3.1955,32461.0,6.3,1.2305,1.1659,7636,37.4,262.4,Concave,380.8,0.5061,14.78
98,105,61,51.6,2.0897,0.2953,2569.0,55.97,-0.7267,0.638,6017,22.3,1830.2,Convex,464.4,0.7807,2.33
99,49,36,59.48,0.9169,-2.1304,6601.0,94.02,0.9634,-1.0917,3570,14.1,649.4,Complex,446.0,0.198,47.57
100,313,39,76.74,4.5273,0.1632,39828.0,47.23,1.1309,-0.173,1513,45.8,67.1,Complex,262.9,0.026,9.55
101,164,2,40.16,1.8013,-1.2027,36890.0,18.26,-1.523,1.4232,4118,73.0,1807.1,Convex,442.1,0.4419,71.53
102,499,9,32.89,-4.8437,4.3907,27934.0,49.54,-0.1309,0.8783,4567,61.9,1629.3,Complex,2.1,0.7542,93.43
103,33,36,3.6,4.4988,-1.4561,39981.0,23.24,-1.1303,-1.6694,6569,42.7,36.9,Convex,80.3,0.2798,87.57
104,39,4,20.15,-1.6096,-2.3131,1996.0,93.28,-1.4032,-1.3946,4027,37.4,1019.7,Complex,455.9,0.4476,85.18
105,370,41,89.02,-2.9195,-2.6361,40920.0,64.41,1.3238,1.6847,4119,78.8,542.3,Complex,231.0,0.456,6.34
106,118,39,35.29,-0.8831,-2.3524,31606.0,71.25,-1.565,0.2325,5953,53.8,905.9,Concave,453.7,0.4549,69.23
107,92,15,89.36,1.7662,1.392,12323.0,15.01,-1.953,-0.5963,1102,10.8,1115.3,Planar,401.9,0.4549,56.11
108,332,54,79.59,-2.4661,-0.622,29554.0,81.79,-0.1573,-1.75,2669,4.7,1016.5,Complex,110.8,0.6817,28.87
109,372,26,80.67,-4.1235,-3.2216,27493.0,9.93,-0.7233,-0.6291,3137,8.4,1195.8,Planar,170.0,0.2331,13.66
110,209,48,20.57,-1.8297,3.1289,13538.0,65.73,-0.3778,-1.7006,2736,30.8,213.7,Complex,137.8,0.6254,98.14
111,489,48,81.53,3.9249,3.9417,7133.0,6.84,-0.7394,-1.0042,599,19.2,291.7,Planar,470.8,0.5803,48.67
112,293,43,16.68,3.095,-3.3981,48698.0,16.82,0.8898,0.1112,7154,33.6,1625.7,Convex,21.6,0.8286,63.01
113,312,23,27.86,3.1485,-2.8515,19610.0,49.14,0.8302,-0.6068,6453,24.6,302.0,Complex,244.8,0.6355,52.51
114,465,39,56.7,4.8156,4.5878,47142.0,56.1,0.1773,-0.5709,1123,38.0,1665.0,Complex,288.2,0.4849,62.99
115,6,1,31.22,1.2791,-2.5687,45458.0,67.7,0.4823,-0.4143,954,41.4,1158.0,Concave,40.1,0.2752,78.84
116,175,3,29.86,2.4403,-2.3219,37867.0,76.51,0.2767,1.4687,5118,59.5,1714.1,Convex,378.3,0.0532,89.02
117,25,29,41.38,-1.4129,3.1662,7887.0,4.78,1.852,-0.2244,2588,48.3,820.7,Convex,27.0,0.6654,95.12
118,333,36,18.34,-4.5319,4.8929,10463.0,53.52,-0.6008,0.5484,1526,25.7,294.8,Complex,462.5,0.488,66.43
119,115,9,25.94,1.744,4.5963,14741.0,44.42,1.393,1.2413,7129,20.7,1731.9,Planar,203.2,0.2164,18.97
120,9,21,87.52,0.5241,2.6922,13983.0,25.88,0.4138,1.8572,2913,75.3,392.2,Complex,99.1,0.4955,43.14
121,489,48,4.3,2.4757,2.4166,8512.0,13.44,-1.8261,-1.4908,6028,67.9,299.4,Planar,385.2,0.1197,11.87
122,441,56,87.71,2.7285,4.3483,6902.0,98.38,1.4698,0.276,71,8.8,1669.2,Convex,110.4,0.277,93.26
123,276,62,50.53,-3.9486,-1.6955,16407.0,79.01,-0.2095,-1.4398,6711,70.7,1618.3,Complex,273.3,0.1147,5.55
124,8,39,1.65,3.4156,-4.9753,6288.0,81.5,-1.9264,-0.1185,3881,54.6,791.0,Concave,431.1,0.9106,15.26
125,240,19,70.04,-3.2567,0.0216,7827.0,90.77,0.8275,-0.9187,5740,61.2,1901.8,Planar,366.5,0.8878,68.12
126,341,45,20.89,-1.5908,-4.3864,48244.0,32.67,-1.9079,-0.9059,215,18.2,101.8,Planar,446.0,0.9206,42.57
127,38,62,24.29,0.7391,-0.0089,25350.0,5.66,1.1666,-0.9255,4941,62.1,639.4,Complex,481.0,0.8901,80.29
128,265,14,54.8,-3.6155,-2.2794,34887.0,49.92,-0.2891,-1.0982,4101,75.4,1579.3,Convex,198.5,0.9586,44.35
129,141,24,40.74,4.4008,2.2767,17493.0,5.37,0.7412,-1.4444,4065,45.3,551.5,Planar,179.8,0.6971,96.96
130,328,58,51.8,-3.0285,2.3395,25122.0,29.29,-0.0522,1.5404,6582,71.9,519.4,Concave,107.2,0.111,24.63
131,277,10,54.71,4.7936,0.7644,11667.0,11.85,1.9828,-0.3967,1366,76.8,1590.0,Convex,304.1,0.6173,2.49
132,33,36,50.02,-3.4744,3.7782,34624.0,75.76,-0.4117,0.6979,6994,64.4,1599.3,Convex,204.5,0.6129,59.85
133,222,50,6.5,-3.7607,-0.7596,49172.0,92.7,0.7739,1.6031,4956,63.1,1807.1,Convex,454.2,0.2935,91.11
134,338,44,25.54,2.8193,-3.4675,14458.0,68.62,-1.2894,-0.7562,3154,83.6,1847.0,Convex,193.4,0.3018,87.34
135,358,52,4.28,-3.5189,-4.4587,37328.0,79.28,-1.9476,-1.7211,944,73.0,181.3,Complex,304.7,0.4995,36.25
136,289,31,69.84,-2.1168,-1.1669,26074.0,66.42,-0.9817,-0.8181,3589,67.3,1195.6,Convex,439.6,0.1759,91.64
137,443,9,5.58,-1.0514,-1.7883,24191.0,98.09,1.7746,0.4577,4000,37.0,1192.3,Planar,186.3,0.9465,0.94
138,324,43,52.34,1.6221,-4.8816,13237.0,55.79,1.6316,-1.1348,941,38.8,1243.8,Convex,347.7,0.381,86.41
139,140,5,1.55,-0.3221,0.6352,2467.0,31.91,-0.0515,-1.4644,2625,10.1,1976.1,Concave,259.2,0.9206,31.76
140,145,47,66.8,-1.0201,4.0542,8754.0,13.0,-1.9574,0.582,3975,22.2,828.2,Concave,176.6,0.5573,86.6
141,333,36,54.61,-3.6212,4.1878,42410.0,6.74,-0.9711,0.5715,543,57.7,1751.6,Concave,393.7,0.2852,17.59
142,136,46,25.89,2.7132,0.548,21834.0,93.47,1.3792,0.3814,3728,40.3,281.9,Concave,57.8,0.5597,40.55
143,422,28,7.23,1.3554,-2.9569,24268.0,24.28,1.4268,-1.3407,3050,55.5,290.4,Concave,111.9,0.5606,56.6
144,209,48,12.17,-2.3542,2.8453,864.0,21.43,-1.6058,-1.2199,3260,15.7,734.9,Concave,108.8,0.8099,19.08
145,327,20,21.86,0.3991,1.0948,34124.0,25.99,-0.7347,0.1777,3648,85.0,731.6,Convex,53.3,0.7937,25.14
146,279,26,68.92,-2.1554,-4.4265,43847.0,7.95,-1.2273,-0.8728,4256,71.8,396.6,Concave,85.8,0.0525,92.94
147,220,47,64.3,0.4953,1.6244,38500.0,23.98,-0.8973,-0.1365,494,36.2,1385.7,Convex,228.0,0.2776,5.54
148,76,7,76.21,-1.3537,-1.4234,49962.0,36.06,1.6364,0.63,2765,42.3,924.8,Planar,297.6,0.1867,13.82
149,97,59,19.08,3.1578,-2.3282,32906.0,84.73,1.1823,1.4511,6900,69.5,267.9,Convex,357.2,0.6044,94.55
150,33,36,79.6,-4.6016,-1.196,282.0,39.36,1.2269,-1.2594,6124,36.0,1881.7,Concave,91.9,0.8041,99.84
151,462,13,78.92,4.8546,2.2281,7642.0,37.32,0.6348,1.5978,5259,3.6,1467.0,Concave,41.7,0.882,63.24
152,56,45,81.8,-2.8739,0.2159,17252.0,52.12,0.5185,1.9521,585,14.6,1823.9,Complex,8.5,0.044,48.29
153,461,25,56.7,4.6701,-2.6991,10003.0,61.62,0.4577,1.3456,4703,30.7,117.8,Convex,466.2,0.366,68.84
154,301,14,15.93,-2.1198,4.06,39868.0,33.04,-1.7863,0.8645,2782,16.7,1432.6,Convex,378.2,0.0614,66.08
155,24,8,50.85,1.9688,0.177,6181.0,8.79,0.7445,1.8609,3228,10.1,1995.2,Concave,184.5,0.3119,40.38
156,117,50,80.07,-0.9493,-1.4226,34070.0,33.75,0.3162,0.0133,1008,51.1,1972.3,Concave,50.5,0.044,37.03
157,382,31,76.09,-3.9968,0.8188,24707.0,68.34,0.7972,-0.1039,1682,48.9,35.4,Planar,181.1,0.8588,28.27
158,150,17,63.18,-3.99,-4.1296,85.0,78.19,-1.9757,-1.9413,1371,52.4,787.2,Planar,343.8,0.9478,28.53
159,17,21,21.33,-0.4759,1.2624,15878.0,83.02,1.3767,-1.3528,1925,78.4,1987.5,Complex,388.0,0.1715,73.45
160,16,7,60.68,3.9484,-4.0391,42894.0,59.85,-0.4598,1.9271,6611,44.9,1027.2,Concave,192.5,0.3553,70.49
161,109,47,20.18,-4.8521,-2.7682,36940.0,50.91,0.7394,1.1572,905,83.7,1233.9,Complex,162.5,0.6949,71.28
162,239,11,58.84,-3.6276,1.1104,3366.0,90.86,1.602,-0.7688,1617,16.8,484.6,Complex,35.8,0.5951,35.07
163,80,56,60.0,-2.9019,-3.0073,5317.0,36.8,1.7197,-1.7764,79,9.5,1510.8,Complex,321.5,0.3717,79.83
164,242,17,24.32,-2.4653,-4.0977,34901.0,88.83,-0.7668,1.4408,2653,11.1,1759.9,Concave,285.5,0.2773,76.35
165,454,19,65.85,-1.7844,2.3701,39887.0,44.81,-0.2891,-1.0677,6182,81.6,1438.1,Convex,34.5,0.4432,0.78
166,256,59,51.34,-0.151,2.9581,26059.0,67.35,-0.3863,0.5941,5200,32.5,202.2,Convex,166.1,0.4842,18.2
167,449,51,34.07,-4.0179,-3.1032,30377.0,69.6,-0.5042,-0.6105,7581,51.2,8.4,Concave,366.0,0.9182,77.21
168,111,24,77.19,1.2584,-0.7758,7639.0,86.58,1.626,0.1109,3509,47.2,386.9,Concave,393.8,0.3397,44.5
169,335,8,80.97,2.9748,3.8629,9118.0,49.58,0.3101,-0.3959,5021,30.5,1700.9,Planar,248.3,0.2724,34.99
170,127,21,12.12,-3.586,-4.3321,7104.0,88.66,-0.2997,1.855,1694,18.6,593.2,Convex,204.1,0.0728,20.23
171,369,35,87.16,-3.41,2.7752,37591.0,68.82,-0.8915,-1.7404,3717,18.8,105.2,Planar,130.7,0.3925,98.11
172,363,8,38.08,-4.5445,0.9639,10987.0,75.47,-0.0771,0.7122,3941,10.3,610.3,Convex,18.0,0.6752,26.95
173,339,14,58.63,3.5395,2.2413,45304.0,3.53,0.7043,0.4105,4231,80.6,1823.0,Concave,193.6,0.1252,43.93
174,120,14,58.28,-1.5704,-4.1107,13646.0,0.24,1.472,0.2092,3025,69.4,1178.4,Concave,262.2,0.2584,97.79
175,372,26,47.48,-3.4691,-0.9501,47908.0,86.71,-0.8913,0.1498,1679,57.9,1407.3,Convex,260.4,0.0485,75.39
176,114,44,15.65,-1.394,3.9303,13210.0,21.23,0.5994,0.756,6167,44.6,932.6,Complex,155.2,0.8939,55.43
177,62,43,44.33,-0.6973,-3.2058,90.0,41.36,-0.6106,0.9027,2715,55.0,852.1,Planar,64.3,0.1993,63.74
178,78,21,45.45,-4.7173,-0.4673,34390.0,39.44,0.1833,-0.2464,1480,38.2,535.5,Convex,265.1,0.9379,57.62
179,324,43,31.03,4.9872,0.6196,49678.0,20.39,-0.7574,-0.8225,5078,85.6,192.3,Concave,309.9,0.6064,68.14
180,444,1,42.84,-1.0669,0.5321,15275.0,22.16,0.765,-0.684,7286,22.1,1964.9,Complex,154.5,0.8871,98.25
181,196,48,45.55,4.9956,-0.4937,3957.0,28.67,1.2606,-0.2468,6108,24.1,507.2,Concave,65.6,0.558,94.94
182,9,21,14.07,4.8637,-3.6357,9742.0,7.28,0.2727,-0.1524,1905,86.4,1429.3,Convex,413.4,0.9895,42.79
183,261,20,2.33,0.506,-3.6325,49242.0,49.44,1.9037,-0.5825,4265,14.8,1893.5,Planar,85.3,0.5211,15.08
184,264,39,0.67,0.3626,-1.9658,18371.0,88.75,-1.4922,-1.3505,7286,48.5,685.6,Complex,7.2,0.8661,41.99
185,169,36,25.57,-4.6495,3.2605,22364.0,89.92,-0.3486,-0.6042,5839,64.2,918.6,Planar,102.3,0.9162,75.85
186,289,31,36.97,-2.3283,2.3488,19017.0,53.84,-1.2104,0.1627,3075,47.3,1490.8,Planar,218.2,0.4469,81.11
187,247,49,73.27,4.325,-2.5621,2609.0,5.74,0.079,1.735,1928,43.1,868.6,Concave,446.2,0.4509,33.39
188,381,58,57.55,2.1371,-2.9017,13576.0,92.32,-0.3195,1.9137,838,5.7,991.7,Planar,140.8,0.9588,62.41
189,367,29,39.67,0.168,-1.0636,15625.0,53.59,1.9707,-1.8109,6986,82.3,1858.3,Planar,112.9,0.8525,59.62
190,287,12,50.25,2.9621,4.4164,16747.0,20.24,1.185,0.9191,7914,32.2,857.9,Planar,134.9,0.5844,47.89
191,381,58,5.89,2.2157,-3.2456,45815.0,8.41,1.6048,1.7169,2639,34.6,1164.1,Concave,442.9,0.8308,69.65
192,354,36,49.05,4.6382,-2.8104,11994.0,11.84,0.602,-0.712,4416,3.6,263.2,Convex,258.2,0.2753,40.92
193,447,12,32.34,4.4187,2.4201,6151.0,73.62,0.3429,-1.1007,2468,6.5,1116.6,Planar,392.1,0.0711,65.11
194,448,12,70.85,-1.18,-0.7348,48148.0,77.79,-0.4517,-0.7164,3482,51.1,1096.0,Concave,375.3,0.2639,80.08
195,212,16,48.2,2.7364,-2.5306,26706.0,30.39,-0.196,1.3296,5991,29.7,1677.6,Convex,256.7,0.7193,1.25
196,75,15,72.51,1.6684,0.1316,2997.0,95.05,-1.5011,-0.4815,7815,41.3,834.1,Convex,220.8,0.8066,35.4
197,168,14,87.13,-0.9766,3.7808,7233.0,53.64,-0.2414,-1.9742,1550,60.2,1072.6,Planar,80.4,0.2231,49.22
198,262,52,49.84,2.3475,-2.5076,20981.0,1.3,-1.8443,1.1582,515,44.9,599.7,Concave,403.0,0.469,10.25
199,476,22,5.19,-3.4429,0.571,28121.0,77.08,0.626,-0.7052,5225,68.7,430.0,Convex,414.1,0.7636,57.94
200,370,41,59.74,-2.0297,-2.2065,49661.0,88.18,-0.8712,-0.3256,7562,30.6,1951.6,Convex,400.3,0.893,3.99
201,315,31,21.5,3.407,0.6296,48162.0,92.79,0.602,-0.752,4493,44.0,799.6,Planar,440.8,0.5762,18.51
202,450,35,9.03,-1.4828,3.9946,22645.0,5.23,-1.4272,0.9581,6162,10.8,1637.8,Complex,487.0,0.8606,69.45
203,246,9,37.08,-0.3725,-2.8815,13277.0,52.41,-1.7338,-0.1589,7811,35.7,16.6,Convex,65.6,0.3456,4.04
204,28,54,17.17,0.2757,-3.2885,38139.0,31.76,-1.2712,-1.9072,6760,1.8,1026.9,Planar,206.1,0.8725,66.02
205,437,26,7.77,-3.8032,3.5956,11112.0,90.45,-0.9514,-0.4697,1324,38.6,842.1,Concave,215.3,0.3863,12.47
206,114,44,47.99,1.7177,3.9199,45200.0,89.53,-1.261,1.2274,635,67.8,1907.4,Planar,36.0,0.3134,3.14
207,482,6,75.48,4.806,-2.6246,33642.0,74.54,-1.4449,-1.9548,6011,11.6,1346.3,Convex,101.6,0.2364,96.31
208,198,52,62.95,-4.6093,-2.0657,18477.0,91.44,-0.8364,0.8171,1466,69.1,386.3,Planar,231.9,0.4405,71.37
209,115,9,29.68,4.3712,-3.9076,19614.0,67.5,-1.8026,-0.8286,2073,19.1,760.5,Complex,57.4,0.9605,67.49
210,51,20,56.21,-2.8725,-2.7731,49078.0,71.71,1.9082,1.9221,7338,35.3,1962.3,Complex,389.5,0.0618,35.98
211,177,17,59.58,-2.585,2.4565,24592.0,25.44,-0.1222,-0.0175,5629,57.1,347.1,Concave,433.3,0.2018,61.22
212,395,53,33.54,4.193,3.7054,7048.0,52.71,-0.092,-0.5977,5214,41.7,470.2,Planar,464.9,0.0724,72.31
213,154,46,48.25,3.8311,2.6745,27520.0,7.37,-1.6276,0.5423,6367,9.1,1595.2,Convex,49.7,0.5296,25.96
214,334,48,7.27,-0.9016,4.3777,42018.0,81.58,1.0484,1.7389,1450,70.6,496.3,Planar,273.8,0.0303,23.53
215,179,11,55.06,-4.0728,2.9441,11814.0,92.09,0.0714,0.1018,132,34.9,1560.1,Planar,430.5,0.8854,5.4
216,187,36,17.69,4.4466,-2.4481,3214.0,38.95,-0.7972,0.4434,356,21.5,1627.5,Convex,156.8,0.9825,11.69
217,267,8,71.98,-0.7002,1.9975,1057.0,28.61,-1.393,-1.5086,1703,35.4,1477.8,Convex,339.3,0.4859,80.1
218,209,48,82.02,-1.5739,-2.9177,31232.0,86.44,-1.3503,-1.9239,4442,23.7,67.7,Complex,323.3,0.5428,8.61
219,275,43,27.06,0.6848,0.8235,34868.0,59.99,-1.655,1.3561,7901,82.5,1161.9,Convex,321.2,0.2038,30.43
220,57,1,62.32,-0.6754,-2.7232,16647.0,45.65,-1.9064,0.3377,3907,74.9,896.3,Complex,121.1,0.2441,22.94
221,346,34,89.8,4.7498,-3.6811,10800.0,82.05,0.581,-0.4312,6247,15.3,1186.7,Complex,210.4,0.6497,16.61
222,39,4,12.54,-1.9889,-1.0665,1169.0,58.95,-1.7055,1.169,1615,3.6,1093.6,Concave,441.6,0.3378,35.98
223,63,21,63.44,-4.8125,-2.7439,11340.0,80.46,-0.6823,1.8746,654,56.0,953.6,Planar,142.2,0.1097,38.92
224,120,14,76.93,2.8097,-2.073,46774.0,63.18,-1.4134,0.3574,403,63.2,700.0,Convex,173.6,0.838,23.08
225,285,41,65.13,-0.8191,-0.0365,21000.0,26.26,0.9212,-0.5159,7388,14.2,1407.8,Planar,176.5,0.1959,57.79
226,469,21,49.8,1.2953,3.8287,28374.0,20.54,0.3013,1.4298,2138,62.5,617.5,Concave,80.5,0.17,68.54
227,252,46,25.81,0.8745,3.0624,14585.0,21.08,1.9454,0.4627,190,63.2,104.5,Concave,377.5,0.7544,23.27
228,134,20,66.62,-2.0556,-3.0144,49087.0,40.0,1.9411,-0.4862,774,10.6,283.4,Convex,43.3,0.553,62.36
229,144,5,27.73,4.0508,-1.4095,30879.0,79.04,1.6676,-0.7748,3888,56.4,233.9,Convex,496.1,0.8399,16.6
230,275,43,7.62,4.4744,-0.7799,34131.0,32.09,0.1368,-0.9364,101,40.0,719.7,Complex,247.4,0.8461,36.36
231,472,50,75.98,4.7349,-2.0407,26529.0,57.13,0.4373,1.7044,3107,24.2,506.8,Complex,42.5,0.6794,25.95
232,217,47,67.14,2.8411,2.9526,37.0,75.47,0.415,1.0745,1927,87.2,344.8,Concave,86.8,0.9071,71.2
233,222,50,72.18,-0.5908,-0.5278,18926.0,15.48,-1.6195,0.5721,2932,54.5,678.2,Complex,350.9,0.5535,60.14
234,277,10,77.91,2.1366,-4.5385,49798.0,32.6,-1.2535,1.6679,3719,22.4,1314.2,Concave,365.7,0.8447,10.24
235,466,40,54.24,-1.8482,-2.1384,17276.0,50.52,1.5254,-1.9137,415,35.1,387.1,Complex,461.0,0.7699,27.84
236,267,8,67.34,-1.0526,1.7512,7371.0,76.42,1.573,-0.1398,4684,58.4,754.3,Convex,92.6,0.8859,33.66
237,58,19,20.39,-0.762,3.9749,26917.0,76.89,-0.913,0.418,7977,10.2,334.0,Complex,204.8,0.3722,13.74
238,475,57,10.8,1.1448,-3.2403,26913.0,13.49,0.626,-0.3576,6355,8.6,1202.9,Convex,153.7,0.7494,69.78
239,395,53,77.96,2.4188,-4.5417,47127.0,84.56,-1.5382,1.4487,5413,60.3,1940.2,Concave,207.3,0.9484,38.9
240,120,14,88.67,2.9025,1.3566,16758.0,37.06,0.5705,-1.7421,2590,88.2,900.9,Planar,307.8,0.2758,1.86
241,183,43,6.72,1.6425,4.8613,32869.0,46.08,-1.7292,-0.0565,3560,71.2,1359.2,Complex,290.8,0.8251,33.88
242,357,2,47.64,-3.3217,-2.6376,20645.0,20.61,-0.5713,-0.7473,4168,9.6,1603.2,Convex,396.9,0.0071,60.11
243,41,34,31.91,-0.4722,-4.8889,28959.0,61.77,0.3172,0.8261,5226,76.2,619.8,Planar,125.1,0.2207,62.7
244,472,50,39.93,2.4118,2.6503,15060.0,17.97,1.0946,1.1189,7602,6.8,1121.7,Planar,74.9,0.149,52.42
245,23,48,34.89,-1.4952,-1.7396,26275.0,44.99,-1.0279,1.1488,5805,17.4,1683.2,Convex,216.5,0.6664,29.38
246,186,38,82.5,-2.4867,-2.3219,26953.0,9.84,-0.9819,-0.951,2595,49.6,665.5,Concave,72.2,0.6191,76.12
247,72,18,20.5,3.1195,-1.0174,6858.0,61.4,-0.2729,1.8489,124,29.4,1519.4,Planar,167.1,0.8489,39.19
248,275,43,64.95,-2.0453,1.9996,33994.0,29.31,1.646,-0.1273,7998,49.2,1769.7,Planar,185.6,0.6532,25.03
249,188,26,60.02,-0.9866,-4.2726,18042.0,42.03,-1.2866,1.3101,5135,38.3,1145.0,Convex,53.9,0.0531,57.13
250,281,58,26.81,-0.7634,2.8915,35263.0,4.93,-0.9859,-0.5947,932,23.7,1563.1,Planar,489.3,0.4589,43.54
251,143,27,27.76,-3.6213,2.8462,28107.0,72.67,1.8495,0.232,4974,32.4,1320.6,Concave,130.5,0.5975,20.89
252,178,33,10.8,0.4818,-3.1882,21153.0,72.79,-0.9757,-1.6076,6571,79.6,1232.3,Planar,432.7,0.31,61.24
253,130,31,55.53,2.1009,1.7913,8046.0,75.4,-1.9593,-0.1119,3371,75.3,160.2,Concave,296.2,0.5291,35.07
254,468,11,2.76,-0.8378,3.4045,49424.0,10.93,-1.4139,-1.8572,2622,46.7,1057.3,Convex,486.1,0.5769,47.71
255,349,15,82.62,2.9787,3.7525,7933.0,40.54,-0.6829,-1.0935,1510,67.0,1423.9,Convex,262.5,0.8333,10.29
256,341,45,66.57,-2.9288,1.8981,23780.0,69.83,0.2433,0.9852,7077,46.9,137.7,Convex,182.6,0.2904,96.03
257,444,1,52.25,-1.1929,-1.9428,21259.0,96.98,-1.5101,-0.4333,3621,2.0,172.4,Complex,304.9,0.0195,42.97
258,119,18,82.22,-2.3973,0.5185,41241.0,94.75,-0.7821,-1.5435,6893,88.5,1320.7,Concave,371.9,0.4297,87.35
259,172,39,82.72,2.5484,-4.4339,32235.0,53.5,0.9578,-0.7499,1851,62.2,603.0,Planar,333.1,0.2957,47.94
260,335,8,38.49,3.6691,-1.2761,12979.0,82.41,-1.9825,1.8205,6696,18.3,489.1,Concave,492.3,0.315,96.81
261,51,20,14.3,2.5102,2.8311,15090.0,93.56,1.177,-1.4799,5617,1.6,796.8,Concave,307.3,0.4706,59.87
262,64,11,39.7,3.4708,-3.1954,8344.0,83.03,-0.5506,1.6048,4275,16.6,675.7,Complex,161.7,0.3778,91.08
263,306,45,57.14,-3.8136,4.7526,48963.0,52.73,0.7292,1.9854,4549,74.7,196.6,Concave,43.5,0.518,91.46
264,8,39,28.63,4.4223,-0.9242,17944.0,37.12,-0.9161,0.3982,5800,2.0,1176.4,Complex,141.0,0.0908,76.98
265,198,52,59.28,0.955,-4.3611,26391.0,45.78,-1.9378,0.2605,5961,80.9,1128.9,Concave,204.2,0.742,14.04
266,422,28,13.94,3.575,-0.6939,43789.0,43.24,1.2093,1.4939,4101,74.2,1248.0,Convex,189.1,0.8171,4.81
267,26,28,32.2,3.4305,2.8985,18143.0,64.06,1.1226,0.7097,1801,27.5,1126.1,Convex,35.0,0.6922,3.71
268,152,25,61.73,3.3615,0.9269,27604.0,60.73,0.6914,-1.4447,4636,51.7,1254.3,Complex,177.7,0.0904,38.58
269,96,6,25.9,0.7708,-4.0896,14055.0,51.11,-1.6882,0.698,1565,35.8,1735.1,Complex,121.8,0.8072,92.42
270,332,54,31.83,2.8644,3.1689,35483.0,24.99,0.2238,1.4306,665,44.9,804.0,Planar,362.3,0.0902,40.94
271,84,9,8.75,-0.6301,1.1949,25909.0,13.32,-1.4242,1.6576,5544,51.0,1219.6,Concave,127.2,0.061,8.67
272,424,17,89.98,1.8783,-0.3743,44387.0,62.52,0.3868,-0.3479,3705,13.8,80.2,Complex,500.0,0.4388,0.94
273,340,31,82.3,2.1898,-1.0183,21199.0,34.07,-1.2152,0.7271,6871,67.1,1191.4,Planar,134.7,0.6017,72.38
274,23,48,16.84,-0.1671,-2.0711,19665.0,42.38,-1.5883,0.0876,6252,16.8,1034.4,Complex,263.0,0.5834,71.07
275,289,31,76.97,-1.115,-4.7717,48696.0,32.98,-1.1368,-0.2201,2487,69.8,427.0,Planar,305.8,0.0001,11.42
276,292,43,57.62,3.2503,-4.2455,24489.0,84.06,1.9541,-0.5782,6527,6.4,756.2,Complex,109.9,0.1936,32.17
277,145,47,0.49,2.3383,0.0055,46464.0,14.38,-1.2199,-1.8746,3192,75.0,498.6,Complex,80.5,0.6644,24.86
278,396,28,61.95,2.9393,-3.6824,6054.0,57.24,1.6078,-1.4635,6818,5.1,905.8,Complex,270.3,0.3408,91.21
279,236,28,7.21,-1.7712,1.1879,37241.0,41.67,-1.2761,1.3881,464,71.1,505.2,Planar,202.8,0.9182,28.01
280,361,43,6.6,4.2294,-2.4788,46161.0,50.23,0.0999,-1.5701,5363,55.5,1023.0,Complex,250.5,0.1614,70.0
281,93,29,77.15,-0.1912,-3.3965,754.0,8.13,0.7825,0.2727,4880,70.3,1260.1,Complex,463.3,0.9582,66.21
282,280,10,86.84,2.4149,-4.2113,28484.0,49.87,-0.3114,1.6997,4067,59.2,882.1,Complex,129.6,0.6024,61.8
283,458,31,45.75,-3.4257,3.6876,25130.0,4.65,-0.073,0.4041,1155,42.8,988.0,Planar,479.2,0.5018,24.91
284,261,20,11.17,-0.2482,-1.0145,45528.0,93.79,-0.6233,0.0717,5306,25.7,168.7,Convex,95.1,0.9672,87.95
285,83,6,20.93,1.2316,-3.0766,49185.0,36.04,-1.3415,-0.0815,3902,52.4,1011.6,Planar,11.9,0.0985,40.97
286,225,42,17.18,1.1747,2.7817,42926.0,78.44,1.601,0.0775,5670,7.5,1345.6,Planar,451.8,0.7969,14.68
287,388,43,15.08,-4.5998,4.076,33801.0,76.87,0.4923,1.1299,3495,83.4,1081.6,Convex,86.9,0.9822,39.57
288,111,24,6.26,-4.4204,0.2725,21313.0,24.52,-0.8693,1.5489,7037,5.3,189.4,Concave,33.2,0.7666,64.87
289,130,31,19.55,-0.8945,4.7146,13450.0,48.53,-1.9221,-0.6474,7650,46.4,722.3,Convex,266.8,0.8714,16.49
290,186,38,26.74,1.7925,-3.8632,18787.0,99.78,1.1058,-1.1376,2277,30.9,909.2,Complex,223.7,0.9379,59.24
291,286,9,13.34,-3.413,4.6588,25186.0,78.79,1.3823,1.2319,1731,41.0,1081.0,Complex,167.6,0.9625,34.24
292,452,34,56.52,-0.4925,2.7011,16854.0,3.31,-0.469,-1.7228,7256,31.0,480.9,Complex,318.1,0.9673,74.23
293,440,51,10.37,-3.1955,1.5147,223.0,30.21,-1.341,-0.6547,4114,44.4,1588.8,Planar,27.5,0.7011,78.2
294,392,54,20.4,3.5856,0.3835,14372.0,41.35,-1.2261,-1.4724,7502,63.6,1527.7,Planar,453.0,0.0031,86.53
295,44,60,82.38,-4.6953,0.3215,35986.0,63.76,-0.7438,-0.773,2818,0.3,1588.1,Complex,256.4,0.3226,93.87
296,162,25,19.91,0.3211,1.2666,49806.0,60.03,-1.797,-1.657,2195,87.9,1148.5,Planar,82.2,0.8173,0.13
297,255,6,47.15,-4.7504,0.9964,39554.0,85.8,1.3716,-0.0674,3073,61.6,511.4,Convex,485.0,0.1154,5.22
298,223,44,25.06,-1.0815,2.2472,23012.0,70.27,-1.4569,-1.8647,4202,27.3,1900.6,Concave,129.1,0.8457,32.48
299,435,55,83.38,2.7424,-4.6469,9085.0,82.28,1.1525,0.0957,183,14.1,730.2,Complex,464.1,0.985,20.02
300,116,34,23.28,-4.5123,-2.0356,13811.0,76.95,-1.7128,-1.9931,1535,13.3,745.7,Convex,20.9,0.2487,48.74
301,179,11,66.17,4.7208,4.7076,14029.0,5.22,-0.2534,0.2265,5193,9.0,1779.9,Concave,337.2,0.7483,85.12
302,436,18,17.73,0.5988,-0.3689,37456.0,92.12,1.7233,-1.8452,6962,31.1,392.0,Convex,322.1,0.0868,32.9
303,135,22,69.95,-4.5319,-2.1062,49797.0,21.47,-1.9734,0.9649,5844,86.8,934.9,Complex,68.3,0.0021,89.01
304,220,47,27.02,0.7973,1.2152,24674.0,58.67,1.1841,0.5702,971,14.3,1369.1,Convex,144.3,0.7488,31.53
305,435,55,58.19,3.857,4.3399,40614.0,27.11,1.2403,-1.9322,7439,42.0,296.0,Planar,123.4,0.0033,86.69
306,476,22,36.29,-2.3313,-0.4293,31855.0,35.84,-0.7571,-0.1722,6767,63.1,887.9,Convex,24.6,0.1697,60.75
307,395,53,72.17,3.5037,0.887,48851.0,91.1,0.6829,1.7032,7048,72.0,1674.2,Planar,443.0,0.0106,31.91
308,443,9,33.29,-1.8272,-2.2328,37509.0,37.55,-0.3606,-1.7011,3912,83.6,11.3,Convex,63.2,0.5565,10.6
309,249,34,79.7,-2.1719,3.2178,23254.0,63.89,-1.657,1.3468,373,6.8,154.3,Concave,298.1,0.689,84.32
310,278,33,27.2,2.4056,1.5196,9567.0,69.93,0.8208,1.4803,692,17.8,741.4,Convex,6.6,0.0658,40.13
311,455,18,59.72,0.8792,4.918,5180.0,65.33,1.0635,-1.9989,5622,22.9,840.8,Planar,283.4,0.9079,54.85
312,310,38,69.38,0.6077,0.2323,24581.0,4.57,-0.2425,-0.101,2930,42.8,776.6,Convex,288.2,0.7786,17.5
313,422,28,54.88,4.9957,-3.8515,26795.0,39.14,-0.6257,-0.823,7259,2.7,1276.1,Convex,286.3,0.5334,89.87
314,453,58,86.65,-1.8665,-0.3057,29188.0,30.2,0.0867,-0.1021,3441,78.1,392.0,Concave,100.0,0.3882,8.71
315,61,28,60.88,-1.0681,-0.8927,36821.0,14.39,1.6337,0.8126,285,89.8,774.6,Concave,438.8,0.3627,48.11
316,245,60,67.36,-3.1873,-0.7215,18634.0,37.95,-0.3596,1.3356,2903,75.2,1076.4,Concave,95.7,0.0534,32.64
317,228,36,88.85,-1.9884,-3.9647,34520.0,6.14,-0.1581,-1.9454,5391,80.4,1447.0,Planar,262.7,0.2069,52.77
318,472,50,75.33,1.8202,4.3207,26976.0,31.84,-1.3415,1.7057,6577,27.0,344.0,Planar,475.1,0.9325,97.59
319,186,38,63.04,1.941,-4.839,10287.0,61.53,-0.986,0.679,2219,30.8,623.6,Planar,245.2,0.5624,76.95
320,195,6,61.56,-3.767,-0.7357,49695.0,75.68,0.6234,-0.1551,7424,38.9,921.0,Planar,322.0,0.9871,89.88
321,440,51,52.58,-2.0668,1.7031,17076.0,70.25,1.5286,1.7916,3698,32.1,130.6,Convex,371.1,0.1466,47.93
322,500,17,26.17,-3.3073,-4.4549,45615.0,69.84,0.1632,1.945,998,71.1,379.4,Concave,105.7,0.5969,82.14
323,68,40,33.02,-3.6106,-4.9046,34229.0,56.16,1.7841,-0.6738,6399,3.8,577.3,Planar,227.3,0.3569,34.64
324,189,17,69.13,-2.889,0.5144,22433.0,30.68,1.997,0.0922,4662,63.7,899.8,Complex,186.0,0.1262,68.31
325,403,60,7.98,-2.6259,-3.4396,2852.0,62.01,1.3927,-0.7964,7277,67.0,729.2,Concave,428.6,0.3219,70.36
326,441,56,6.4,-1.2309,0.2268,13371.0,34.51,-1.29,-0.8861,7888,61.6,445.0,Planar,41.2,0.7278,18.56
327,58,19,47.76,2.1027,-4.3889,33736.0,99.35,1.4559,-0.4448,4407,11.9,598.8,Convex,103.2,0.2063,94.96
328,52,54,32.51,-1.942,0.9761,32418.0,29.25,-1.1098,-1.7203,4856,57.0,1067.1,Complex,466.6,0.9174,0.93
329,381,58,28.59,-4.6281,-2.4565,43210.0,73.48,-1.8757,-1.57,4750,39.2,36.4,Complex,489.6,0.0101,73.73
330,55,41,46.87,-1.2542,2.0342,12700.0,62.82,-0.7433,1.8254,5527,33.6,1093.5,Convex,385.9,0.6574,90.39
331,58,19,56.0,-2.0833,-0.4527,17875.0,78.08,0.0761,-1.7443,1585,40.6,1963.8,Complex,453.7,0.7677,28.01
332,235,36,57.41,4.77,-0.177,24256.0,45.91,-0.4424,1.4808,4180,10.0,822.2,Planar,60.3,0.2097,95.71
333,227,37,69.6,-0.6305,-3.4996,28107.0,44.19,-1.5396,0.22,3103,77.4,867.5,Planar,291.5,0.151,0.54
334,264,39,88.69,-1.7966,-0.2777,41226.0,52.72,-0.4246,-1.7243,729,87.5,1880.6,Convex,329.0,0.5284,79.67
335,223,44,12.34,-2.5691,1.0322,10710.0,42.79,-0.6224,1.0258,2978,41.4,1282.7,Convex,26.2,0.4105,52.62
336,88,36,18.08,-0.7366,-3.0425,15553.0,66.75,-0.7119,-0.9376,870,75.9,1930.8,Concave,166.5,0.8273,1.58
337,265,14,3.67,-4.3062,-2.6532,36231.0,7.81,0.8081,-0.1393,802,36.0,201.1,Concave,339.5,0.5231,18.91
338,330,35,71.36,0.1843,-3.9491,44428.0,72.56,-1.038,1.7972,7677,20.6,59.8,Planar,188.9,0.0705,91.3
339,179,11,88.5,1.209,-2.1408,14884.0,54.02,0.8554,-1.7705,3646,17.1,758.8,Convex,80.2,0.3175,21.69
340,74,43,21.35,1.6265,2.8698,19054.0,91.05,-1.9249,-1.9859,3976,54.4,572.9,Complex,123.3,0.5656,57.85
341,20,55,6.54,-1.5154,-3.7929,39404.0,37.37,-1.6513,1.136,228,14.6,1787.3,Convex,375.1,0.057,98.72
342,235,36,53.83,3.4657,0.1768,45514.0,59.91,1.6004,0.3678,5222,30.8,144.7,Complex,153.2,0.9469,13.97
343,67,48,66.55,3.4074,-4.4178,3298.0,83.41,-1.5755,1.1926,7216,76.3,107.9,Convex,369.0,0.9035,43.97
344,496,32,56.49,1.1467,-2.1347,41909.0,56.29,-0.8766,-1.2372,1501,44.8,1618.9,Concave,247.3,0.3003,42.94
345,410,11,42.4,-2.1047,4.9773,40348.0,53.06,0.6176,-1.51,4713,22.6,673.0,Concave,426.3,0.3344,45.38
346,281,58,61.3,-2.1228,-0.6298,29395.0,88.79,0.1146,1.4283,3269,16.2,798.0,Convex,272.1,0.1106,95.48
347,174,33,33.32,-0.1351,4.648,9528.0,16.49,1.8091,-0.2941,507,85.3,1533.8,Complex,220.8,0.1269,7.65
348,232,47,4.32,-1.3008,3.6184,39644.0,22.46,-1.0989,1.6063,5760,34.8,1198.4,Concave,174.6,0.1084,23.82
349,28,54,22.23,-0.8344,2.7871,18922.0,14.93,0.0194,-0.331,7696,17.1,1856.9,Convex,486.5,0.5098,94.09
350,334,48,51.55,0.7066,-0.3451,20913.0,71.99,-0.788,1.1746,7200,65.8,1695.9,Planar,478.5,0.9987,91.01
351,492,16,14.78,-1.005,-0.1119,47547.0,32.69,-0.7976,-1.014,2530,5.5,1428.2,Concave,383.1,0.0252,28.76
352,9,21,73.04,0.7435,3.1225,36819.0,57.4,1.3226,-1.6955,2799,57.7,1049.2,Convex,219.7,0.0682,5.85
353,177,17,86.5,-0.5087,-1.7886,31535.0,21.67,-1.2183,0.9996,6135,64.6,796.4,Planar,252.5,0.5066,63.94
354,212,16,86.45,-1.7315,-3.5123,9796.0,79.68,-1.7902,-0.2906,454,7.1,928.6,Complex,369.9,0.3801,40.51
355,385,6,36.65,1.7331,-0.3977,26282.0,23.96,-0.0652,-0.3858,1122,30.9,695.8,Convex,70.5,0.4364,35.45
356,321,24,0.31,3.6141,0.1178,10862.0,24.42,1.4903,-1.7575,3415,19.4,1635.6,Complex,11.2,0.5582,64.45
357,65,27,22.22,2.3475,3.0055,46955.0,41.99,0.9583,-0.1853,1581,64.7,1318.9,Convex,451.4,0.2852,87.72
358,199,1,43.55,-4.032,0.6605,9763.0,64.06,1.463,-0.9381,3323,50.2,532.4,Planar,129.3,0.3704,16.83
359,456,7,27.81,3.7164,2.1607,22498.0,2.86,-0.7009,-1.0412,1601,73.9,473.4,Concave,345.6,0.9353,8.15
360,147,29,40.35,-2.05,-1.5165,26055.0,0.38,-0.4295,-0.0393,283,62.5,352.4,Concave,310.2,0.8515,76.74
361,176,21,29.88,3.0074,3.1317,16945.0,32.96,0.6714,0.5052,3343,13.1,1790.0,Concave,469.4,0.8241,13.12
362,51,20,56.02,-2.3258,-1.7284,14930.0,94.59,-0.4649,0.7016,6172,12.2,840.8,Planar,388.6,0.1048,85.94
363,290,18,64.69,1.7024,-2.6281,27161.0,76.05,1.8408,-1.2411,3797,84.2,914.6,Concave,485.8,0.3459,65.78
364,493,34,2.26,-4.8749,-0.8283,13198.0,78.56,-1.868,-1.2387,4033,51.5,90.3,Convex,113.1,0.8809,99.68
365,492,16,16.54,-4.2683,-4.3911,12747.0,62.8,1.8242,-1.6424,3895,75.4,1673.3,Planar,327.2,0.2923,37.98
366,488,17,31.45,-1.2505,-0.8137,11371.0,19.7,0.0027,-0.6945,3825,70.9,429.2,Complex,228.8,0.2201,46.82
367,494,56,88.79,-0.2125,1.3286,36222.0,37.55,-0.2143,0.9739,2048,8.6,450.1,Complex,112.9,0.847,29.6
368,401,51,74.06,4.8063,-4.1746,45366.0,12.87,-0.1871,0.1915,6048,45.7,1794.6,Planar,233.1,0.9101,4.29
369,288,37,11.0,0.0921,0.4944,5017.0,16.24,-0.8443,-0.6042,5579,49.0,1193.3,Complex,61.9,0.7431,91.51
370,465,39,30.85,-0.5468,-2.3056,5736.0,20.83,-1.841,-1.2677,5857,86.7,693.9,Convex,465.8,0.5786,87.04
371,281,58,85.12,2.2237,-1.6712,10306.0,90.04,-0.7055,-1.0989,1445,2.6,558.5,Complex,272.7,0.8494,52.87
372,307,27,15.91,-1.9962,-0.883,19801.0,28.66,-0.345,1.6503,4099,81.2,1484.8,Planar,220.9,0.6392,19.84
373,372,26,65.06,-0.4693,1.0909,35058.0,53.79,-1.2464,0.9471,4375,64.1,501.1,Planar,23.7,0.525,42.81
374,433,62,76.51,2.2995,1.7757,39874.0,66.73,-1.2427,-0.0113,179,49.4,1763.3,Concave,272.7,0.8302,89.22
375,245,60,71.33,4.5241,-0.4499,2306.0,87.09,-0.8761,-1.4415,3848,71.2,1815.3,Concave,406.8,0.6958,66.29
376,213,8,52.4,0.7504,-4.5783,25250.0,42.69,-0.813,0.4154,6422,68.9,84.8,Complex,105.8,0.585,73.34
377,240,19,44.49,2.9563,-1.5837,6900.0,78.9,0.9591,-0.7646,5873,86.9,1115.6,Complex,173.8,0.3083,0.76
378,118,39,78.98,-3.7398,-2.3489,26201.0,24.57,-0.5041,0.4713,6396,68.6,992.3,Planar,353.7,0.288,80.55
379,377,24,80.35,-3.5633,2.7474,38808.0,19.55,-1.0134,0.7978,6320,30.8,1175.8,Concave,74.8,0.9235,64.06
380,129,49,7.55,1.0387,-3.2123,18012.0,94.91,0.539,1.0534,1605,68.0,1173.8,Planar,494.5,0.2456,9.37
381,130,31,1.57,-4.5088,4.6716,5303.0,55.52,-1.8828,0.7153,6257,85.2,1898.6,Planar,108.7,0.8862,82.01
382,331,24,25.74,1.8955,-0.7629,20554.0,48.83,0.7597,-1.2373,4191,64.3,1685.1,Concave,405.7,0.9264,32.51
383,346,34,28.18,3.3262,-3.4351,41539.0,8.83,-0.4158,1.3646,7813,56.8,1961.1,Concave,123.5,0.8586,16.41
384,256,59,37.45,-3.5893,-0.7225,10204.0,93.1,0.5226,0.4157,3010,61.9,1478.7,Complex,272.0,0.7118,19.78
385,126,31,49.96,3.8783,-3.1259,43427.0,78.24,-0.4156,0.0383,7892,29.1,500.5,Complex,201.2,0.7977,88.52
386,172,39,81.83,-3.7623,-1.4321,44984.0,68.29,-1.6046,1.0635,1553,70.8,1540.1,Concave,8.9,0.2802,92.22
387,225,42,57.65,-0.0221,-4.0628,14604.0,32.91,0.3212,1.3318,1407,77.9,1299.1,Convex,403.5,0.2132,20.24
388,144,5,80.58,-4.3884,2.8458,4065.0,63.44,-0.6786,-1.7834,1112,5.4,1928.6,Concave,40.1,0.6771,81.15
389,462,13,15.75,2.1134,-0.6395,23414.0,57.22,1.8311,1.5846,173,10.8,220.0,Planar,460.5,0.5449,39.95
390,330,35,40.86,2.1153,0.7006,11648.0,88.57,1.1572,-0.3275,5566,89.7,1053.5,Planar,238.5,0.7852,60.26
391,436,18,43.21,1.7304,-1.3635,6010.0,94.14,-0.1752,-0.1206,1768,86.3,1637.6,Complex,25.7,0.8671,2.79
392,471,58,49.73,-2.2077,2.7633,49438.0,39.38,0.2028,1.7468,3927,13.8,114.2,Concave,217.3,0.4254,65.78
393,472,50,56.56,3.6264,-0.8642,43818.0,80.5,-1.6839,-0.1902,887,6.9,1151.9,Convex,169.5,0.878,97.85
394,397,54,19.11,0.6183,1.2895,48483.0,87.12,0.6338,-0.2944,228,67.0,1237.2,Planar,126.5,0.3071,39.25
395,40,32,85.9,2.1152,1.1037,25916.0,14.43,-1.6069,-0.0446,928,3.0,1397.4,Concave,146.8,0.7753,59.23
396,88,36,48.72,1.0785,-0.9634,47344.0,50.27,-0.1966,0.0853,1979,18.4,207.1,Complex,481.5,0.1794,4.78
397,425,4,63.41,-1.431,2.4302,4474.0,64.03,-0.8465,-1.1434,5128,30.2,199.9,Complex,251.6,0.9256,40.75
398,444,1,29.06,2.1748,-2.4311,18351.0,21.73,-0.7086,-1.4154,6836,38.8,150.7,Planar,348.6,0.506,99.75
399,154,46,17.88,4.9591,-3.8271,17315.0,90.1,1.5539,-1.622,6344,67.1,927.0,Complex,233.3,0.7227,43.8
400,438,41,5.64,2.091,0.6409,18177.0,93.14,1.0103,0.459,4904,46.2,239.7,Concave,76.4,0.7566,96.47
401,17,21,29.41,-0.1033,-3.3118,32950.0,4.44,-0.1638,1.8895,3256,21.6,537.5,Complex,101.7,0.9879,86.33
402,304,49,50.81,0.3239,-3.6512,32751.0,93.75,1.5024,-0.1711,6722,29.7,1351.2,Convex,442.3,0.1238,37.76
403,92,15,42.82,4.194,2.6141,19160.0,43.52,-0.1279,0.3431,5871,67.7,203.4,Planar,281.7,0.937,36.62
404,16,7,64.17,-4.6208,-3.2122,35645.0,8.06,1.5532,1.2148,7168,42.0,444.0,Convex,19.6,0.9817,72.69
405,349,15,12.86,-0.6898,2.9466,23885.0,28.99,1.082,-0.7181,7832,64.4,1599.6,Planar,295.2,0.8232,49.32
406,206,9,87.01,2.2118,-1.2957,45035.0,57.66,1.519,-0.2241,5246,5.6,1379.2,Convex,414.5,0.5683,88.11
407,85,33,89.64,2.2798,-0.5861,5249.0,18.2,-1.752,0.3227,1746,80.6,1313.9,Concave,93.5,0.1254,38.86
408,22,26,1.96,-0.3185,0.0034,6890.0,69.34,-1.6698,-0.6477,182,25.9,483.6,Concave,335.8,0.2111,76.38
409,61,28,29.21,-0.5899,4.0155,35694.0,60.36,1.0285,1.9861,1391,20.4,861.4,Planar,357.3,0.125,33.07
410,122,33,64.27,-2.3496,-0.4812,8006.0,13.97,1.6941,-0.9564,707,16.7,1864.1,Planar,320.7,0.3715,66.87
411,324,43,3.26,-3.1286,2.4361,9912.0,4.69,1.5986,-1.7178,7918,76.8,826.7,Planar,498.3,0.8992,4.65
412,273,23,33.67,0.726,2.2723,31833.0,21.84,0.0329,-1.9168,5191,62.4,210.7,Concave,50.2,0.754,54.93
413,192,15,33.01,-3.31,0.3588,20515.0,60.58,-1.7856,1.0488,6383,68.3,1970.2,Convex,263.3,0.1014,51.51
414,254,49,76.28,2.563,2.8541,40883.0,96.66,1.4714,-0.156,4984,62.8,371.0,Convex,419.4,0.4805,30.25
415,153,27,84.77,4.2768,0.98,37117.0,12.07,-0.2135,1.5095,5869,44.3,1199.4,Complex,416.6,0.6199,59.09
416,466,40,87.8,0.6192,3.151,14169.0,88.88,0.1589,-1.0492,347,62.4,377.8,Concave,443.1,0.975,65.32
417,50,58,22.75,-0.3474,-2.0246,48516.0,64.26,-1.0643,-0.7173,3460,74.2,1950.2,Planar,210.5,0.3952,11.93
418,231,52,70.4,-3.8914,-3.7226,9023.0,19.37,1.5174,-0.5607,1001,53.5,1217.0,Planar,133.8,0.3605,0.6
419,480,56,18.61,0.4721,4.4973,4609.0,91.55,-0.4352,0.5188,5378,11.3,1001.4,Planar,352.2,0.9264,26.97
420,421,51,59.76,2.9866,-2.2449,32784.0,96.67,-0.8836,-1.2931,2546,12.8,1786.6,Planar,372.3,0.8924,30.26
421,189,17,70.02,-3.1025,4.5052,7256.0,57.66,-1.2881,1.9086,5650,75.2,1511.0,Convex,337.3,0.9666,99.82
422,137,29,40.2,1.9948,0.1497,3943.0,0.94,0.7554,0.1271,7174,11.4,1527.8,Complex,446.7,0.0219,88.71
423,262,52,19.41,3.3782,3.9482,45237.0,22.75,1.5092,0.8458,925,76.3,206.1,Concave,220.8,0.3098,13.7
424,216,25,25.54,3.7036,4.885,37973.0,35.76,-1.8107,0.9866,2211,55.3,1060.7,Complex,483.3,0.587,88.34
425,383,6,66.55,4.9734,3.7547,22099.0,72.41,-1.5333,-1.9083,2767,36.4,1927.7,Convex,361.5,0.9138,76.43
426,320,23,12.16,4.9057,4.104,25386.0,27.43,1.7296,-0.8639,5288,46.1,855.9,Convex,280.8,0.9861,19.64
427,107,47,53.61,0.7901,-1.1502,46778.0,31.76,-1.8414,-0.7741,4377,60.7,1636.3,Planar,389.3,0.4672,32.39
428,278,33,17.42,-2.5711,0.1539,34474.0,3.85,-1.2697,1.6662,7709,84.7,1163.6,Convex,309.1,0.6064,98.99
429,314,31,45.76,-4.2791,-2.9859,46702.0,23.51,-1.095,1.5968,7340,65.1,474.2,Planar,410.3,0.1416,60.79
430,311,5,50.04,-0.6642,2.6593,17742.0,27.7,-0.3389,-0.3255,757,71.5,92.2,Complex,394.5,0.0559,3.8
431,228,36,78.97,-1.5723,-4.192,41941.0,33.91,-0.73,0.4608,2286,84.0,968.8,Convex,473.7,0.7894,28.56
432,485,57,25.74,-2.8741,-0.1631,39594.0,17.63,-1.3591,0.5305,1850,87.1,943.4,Complex,141.8,0.1111,55.86
433,449,51,38.25,-1.8434,2.1932,2107.0,85.61,-1.7148,0.6532,525,80.0,1148.3,Complex,343.5,0.3904,1.07
434,225,42,46.05,0.1463,-4.7382,37099.0,9.54,1.012,0.5265,2670,49.9,1115.5,Concave,397.9,0.2911,83.62
435,429,40,83.49,2.2376,0.7641,5957.0,80.06,-0.8236,-0.0559,7590,44.1,123.6,Concave,178.7,0.1353,55.7
436,241,16,87.96,0.321,-3.8017,8399.0,15.17,0.4697,0.7945,2643,84.4,1730.6,Complex,63.0,0.9203,0.2
437,295,50,2.15,3.8722,-4.1315,45862.0,71.41,0.9009,1.9994,7164,64.7,1523.5,Complex,270.0,0.5041,7.61
438,235,36,60.28,1.488,4.3181,41860.0,50.45,1.4448,-0.8194,4617,35.8,573.1,Planar,386.6,0.8297,66.51
439,31,57,43.46,-2.8144,2.9001,49615.0,69.45,1.5185,-1.2397,3485,28.5,1950.7,Concave,178.3,0.034,26.34
440,385,6,6.59,-4.7081,-3.6635,28276.0,86.29,-1.5362,0.9309,3375,78.2,27.1,Planar,73.0,0.9484,99.63
441,140,5,82.9,1.0513,2.3194,46329.0,58.99,-0.9815,0.2593,567,63.0,87.3,Planar,387.2,0.4325,14.15
442,358,52,44.63,-3.3407,-1.4639,19884.0,40.83,-1.0172,-0.4558,7763,46.7,977.6,Complex,400.5,0.6772,94.4
443,475,57,42.35,-0.517,-1.0917,19366.0,50.05,0.8236,1.9056,3796,11.2,985.2,Complex,414.8,0.2467,98.87
444,243,37,6.67,1.706,-1.7293,24719.0,40.1,-0.0871,-1.3673,777,16.2,1075.1,Planar,465.0,0.1199,55.41
445,27,58,60.74,-4.4232,-2.5085,45031.0,13.91,-0.1229,-1.7312,1288,26.0,825.5,Planar,146.7,0.8764,3.35
446,165,26,59.19,-0.5517,4.1675,32483.0,60.61,-1.8249,1.9784,3970,74.5,878.2,Concave,128.0,0.4373,85.11
447,461,25,77.28,-1.5062,-3.7935,6559.0,13.76,-1.4896,-0.8128,3963,50.9,1989.4,Complex,418.5,0.4742,95.05
448,64,11,64.33,0.7411,-1.2167,43216.0,53.04,1.5431,0.1143,3977,85.0,1165.1,Convex,72.6,0.2312,38.96
449,357,2,80.68,-2.3089,3.2228,3251.0,11.17,0.4857,-1.443,7537,70.0,1396.3,Convex,82.9,0.5071,53.27
450,269,36,41.17,0.8298,2.3698,32233.0,10.67,1.4982,1.8019,7819,14.5,162.9,Convex,440.8,0.383,69.46
451,221,23,76.59,4.1544,0.6369,25532.0,18.41,-1.1884,-1.5338,1124,6.8,1995.9,Concave,482.0,0.7965,98.87
452,10,27,89.44,2.5706,-0.6466,26458.0,2.29,0.7821,1.4698,6201,65.5,118.7,Planar,238.7,0.9855,3.06
453,442,7,30.58,-4.9073,1.9337,46574.0,77.55,0.2236,-0.7843,1153,11.2,1498.5,Concave,39.0,0.471,64.69
454,3,47,70.89,-4.2877,-4.7384,20081.0,9.5,-1.2515,1.3079,3824,52.0,1088.1,Convex,431.7,0.6212,58.73
455,199,1,60.13,-3.4309,4.0496,10166.0,9.76,1.701,1.0074,3133,53.8,1313.0,Complex,376.7,0.6737,45.31
456,400,48,60.04,3.2672,3.892,20794.0,33.93,1.1528,-1.0912,2964,70.6,1095.1,Complex,115.6,0.9561,37.23
457,192,15,62.44,-0.9158,-2.1807,46836.0,17.39,0.2456,-0.375,5826,26.9,904.6,Planar,252.9,0.8548,23.15
458,272,61,77.84,-2.312,4.1105,41232.0,37.2,-1.7717,1.3967,2970,55.2,1711.5,Concave,318.0,0.5702,69.62
459,486,25,50.66,0.9657,-2.4557,40134.0,97.49,-1.9909,0.2141,2720,45.8,1359.2,Concave,470.6,0.9218,73.11
460,140,5,23.7,-2.4018,-4.3439,15329.0,19.82,-0.3182,-1.2133,948,18.9,646.3,Convex,276.0,0.8754,24.2
461,263,37,67.13,-4.2455,0.9698,12148.0,18.43,0.3152,0.896,4722,35.2,1186.2,Planar,290.6,0.3267,55.95
462,59,29,43.03,2.2039,-1.3739,36656.0,51.69,1.2065,-1.5256,6074,36.8,821.3,Concave,227.2,0.1579,80.68
463,394,62,41.28,-0.5822,4.9223,37978.0,54.11,-1.676,-1.5051,155,53.5,1651.9,Convex,191.6,0.819,76.29
464,321,24,89.8,-4.7853,-1.8909,41126.0,57.4,-1.7586,0.213,7727,22.8,492.4,Concave,377.0,0.8797,4.51
465,406,52,18.09,-0.671,1.6789,49423.0,39.78,-0.7761,-1.7739,220,60.2,367.2,Concave,183.3,0.3989,45.37
466,239,11,84.66,-4.8682,-3.4981,13891.0,65.11,-0.2012,-0.0482,7195,6.4,1691.2,Planar,262.4,0.4758,46.48
467,10,27,83.6,-1.1942,0.0195,14269.0,97.09,1.7108,1.8761,5245,80.2,1204.0,Concave,482.5,0.3179,27.97
468,6,1,41.4,0.4451,-1.5086,6908.0,4.35,-0.9651,-1.2538,3339,40.3,1960.5,Concave,1.7,0.9253,16.35
469,497,32,1.58,2.3321,0.7032,33040.0,68.96,-1.1213,-0.0338,3581,87.1,926.4,Convex,10.7,0.2706,49.1
470,253,56,81.93,1.8168,2.7444,7886.0,6.99,-0.8351,0.586,3564,86.8,174.3,Concave,5.0,0.5427,29.04
471,470,7,56.23,2.2652,2.0253,47757.0,63.31,1.4601,0.4419,4999,4.1,900.3,Concave,322.8,0.3771,68.63
472,309,40,61.6,-0.3558,1.0325,10601.0,20.12,-0.1356,0.8302,3846,33.4,553.7,Concave,318.6,0.6067,73.18
473,202,36,2.24,3.4584,-1.959,11070.0,95.87,-1.6141,1.7682,6990,42.4,960.3,Planar,59.8,0.1119,44.72
474,316,9,82.25,2.1014,-4.0009,1638.0,43.49,-0.0288,-1.8244,3754,39.4,1052.7,Planar,168.4,0.7392,36.53
475,289,31,73.65,4.8195,-1.4389,6310.0,91.38,0.2469,0.7934,3237,82.0,809.6,Convex,119.5,0.3778,93.63
476,131,9,0.55,-3.7423,-4.739,34506.0,81.08,-0.1646,-0.774,605,48.7,1696.8,Concave,181.2,0.908,22.55
477,118,39,24.76,0.8207,-1.0229,34006.0,84.55,1.6742,-0.4003,119,66.3,968.6,Planar,156.4,0.9523,68.86
478,365,43,50.96,0.9534,3.7888,13846.0,45.81,1.2853,-1.2489,2744,4.4,1110.4,Convex,307.8,0.5512,18.14
479,160,34,0.53,1.8729,-2.0564,28424.0,74.75,0.7372,-1.574,6666,61.5,1530.4,Concave,82.6,0.908,88.66
480,493,34,78.1,-2.1036,-4.4726,23578.0,43.47,0.4433,-1.2967,1817,25.6,855.1,Convex,290.8,0.4211,74.39
481,314,31,51.36,3.0858,2.068,13818.0,57.99,-1.6727,0.2588,3056,32.3,1898.0,Planar,455.7,0.5625,94.96
482,435,55,2.32,0.298,3.5773,40065.0,55.16,0.181,1.5647,1909,4.0,1679.4,Complex,163.6,0.8449,43.21
483,166,39,51.86,3.0062,-1.9928,49869.0,42.21,-0.7415,0.2029,2231,79.5,1963.7,Complex,298.2,0.6307,78.35
484,101,61,6.56,-1.1209,-3.8321,11969.0,65.68,-0.9425,-0.8726,6014,79.0,1545.2,Convex,87.2,0.5155,4.74
485,493,34,67.47,-4.0553,0.5699,3232.0,98.07,-0.6429,-1.6482,6108,72.0,1278.3,Concave,311.0,0.2122,39.22
486,392,54,74.61,-1.5412,2.4842,26902.0,10.67,-0.9241,-0.2683,225,19.2,25.5,Complex,87.2,0.335,74.83
487,346,34,46.41,-3.6457,0.8122,25917.0,67.71,-1.9673,0.9634,5163,59.1,1062.5,Convex,5.8,0.147,97.85
488,100,35,86.06,0.1458,0.7868,21113.0,85.08,-0.944,-1.6265,3374,33.8,586.4,Planar,197.9,0.0388,56.07
489,192,15,12.71,-0.528,4.759,14093.0,47.33,-0.042,0.2723,7895,65.0,1575.8,Concave,290.4,0.9719,71.0
490,260,51,55.34,0.6712,1.0684,35688.0,41.8,-0.6947,0.3734,6247,72.7,60.9,Planar,388.2,0.2593,18.12
491,202,36,71.29,-1.0281,-0.857,48507.0,44.12,-1.9232,1.5422,3427,81.4,797.6,Convex,104.7,0.3685,55.31
492,477,40,80.48,-0.4624,-2.9196,33402.0,88.37,-1.0049,0.692,1178,7.8,1493.3,Planar,405.0,0.7118,95.46
493,127,21,24.81,1.6998,-1.9081,30458.0,43.81,0.6955,-1.7609,355,11.3,1230.2,Planar,43.5,0.0989,30.95
494,178,33,73.68,-4.6708,-1.2491,44569.0,93.76,1.8216,1.1552,574,40.5,1752.0,Concave,428.2,0.2602,87.16
495,94,33,27.51,-2.1603,-1.2676,18632.0,10.93,-0.0402,1.8618,7221,70.7,101.2,Complex,486.0,0.9551,69.3
496,6,1,81.61,-3.3864,3.8953,16242.0,69.52,0.0108,1.6773,7938,8.8,312.2,Concave,247.0,0.6501,46.73
497,428,54,27.94,3.852,-3.0237,44602.0,6.25,0.5747,1.4819,316,25.0,709.4,Convex,436.4,0.5491,43.53
498,282,32,61.27,3.3723,1.1133,13474.0,18.12,-1.1907,0.4132,2839,40.3,343.3,Complex,279.6,0.0042,84.37
499,232,47,46.88,-1.9602,2.7739,37020.0,31.72,1.7557,-1.0973,7550,84.2,1010.0,Planar,29.1,0.9769,61.07
500,267,8,69.19,-3.6911,0.2975,33826.0,55.96,1.5346,1.6843,3222,69.7,1868.8,Concave,108.9,0.1872,6.59
501,256,59,16.65,4.5655,0.3242,4173.0,17.59,0.9723,0.7819,2743,25.7,1702.4,Complex,484.1,0.4708,27.35
502,202,36,68.87,-0.9962,-0.5119,30273.0,30.93,1.716,1.8698,7215,10.4,1313.4,Concave,100.4,0.3385,46.64
503,35,45,13.43,0.6768,4.2526,21023.0,54.65,0.956,1.3166,7389,41.6,1133.0,Convex,196.3,0.1624,57.18
504,333,36,18.37,3.1049,-3.9677,46451.0,1.38,1.4293,0.3535,175,65.2,29.8,Complex,69.7,0.3884,35.29
505,281,58,49.67,4.3,-3.3364,48861.0,5.07,0.2689,0.1129,7583,73.6,1379.8,Concave,78.2,0.5733,56.31
506,81,61,62.01,1.4356,-3.8397,19890.0,83.79,1.9335,-1.3702,3598,6.6,1709.5,Planar,102.6,0.0078,40.89
507,352,17,74.41,3.4564,4.1625,16764.0,83.87,0.1568,1.6081,2049,32.5,925.6,Convex,262.6,0.5535,90.98
508,306,45,38.05,-3.9621,-2.3578,33749.0,0.49,0.4753,1.6419,5325,44.9,631.0,Convex,152.1,0.5877,89.48
509,260,51,74.46,2.0426,-0.6457,22019.0,11.55,1.9149,-1.4747,3249,4.0,1718.1,Planar,479.7,0.9347,92.25
510,40,32,16.28,2.1447,3.9997,18254.0,31.87,-0.5654,0.7442,2905,79.8,2.3,Complex,371.1,0.9962,15.27
511,149,8,75.83,-3.6953,-0.3306,302.0,9.38,-1.0325,-0.0532,1327,70.7,912.1,Complex,187.1,0.1374,53.02
512,316,9,71.82,-4.9904,-1.9052,36866.0,8.86,-0.7905,-0.7336,1310,24.3,977.0,Planar,324.6,0.0063,55.88
513,289,31,31.82,4.6182,-1.7355,10143.0,58.66,-0.769,1.8473,5647,6.7,1271.8,Complex,312.1,0.0872,57.52
514,183,43,53.82,-2.9584,-4.9859,1505.0,8.82,-1.9499,0.6259,7014,11.0,1346.3,Planar,291.6,0.6345,82.33
515,476,22,6.47,2.4443,0.0329,19095.0,31.94,-0.2758,-0.262,5346,87.6,108.6,Concave,438.6,0.62,30.17
516,460,49,42.55,2.0349,2.3568,22843.0,87.5,0.3318,-0.6333,6545,65.0,1591.2,Concave,230.4,0.4484,68.05
517,126,31,49.15,-0.613,0.205,24473.0,65.51,-0.5683,-0.4272,3598,77.5,1703.4,Concave,180.0,0.3317,31.11
518,305,51,56.67,-1.5679,1.0676,24105.0,39.32,-1.7167,-0.5202,2511,7.0,745.1,Convex,124.4,0.4565,53.0
519,165,26,72.96,-1.4328,-2.2611,41179.0,45.63,0.249,-1.2106,5854,70.6,1005.6,Planar,99.5,0.2626,46.34
520,453,58,71.63,-4.7369,-3.7778,40865.0,40.01,1.7316,-1.5857,4237,33.8,675.6,Planar,136.1,0.4572,13.27
521,164,2,21.29,-2.253,1.6505,13609.0,57.99,1.9617,1.063,3273,25.8,557.7,Concave,439.9,0.2602,30.98
522,82,20,39.89,0.7885,1.9954,29294.0,57.4,0.2836,1.8773,4784,33.4,1492.2,Convex,281.1,0.8427,82.19
523,23,48,60.16,4.0338,-1.7789,3353.0,10.09,0.8987,0.9086,1531,42.4,522.4,Convex,164.7,0.6594,10.65
524,170,32,67.48,3.8351,1.0601,35249.0,37.52,-0.9065,-1.0518,5060,86.3,1711.9,Convex,108.6,0.264,91.22
525,167,44,69.13,-4.7834,0.2342,28258.0,89.12,-0.3336,0.1229,5234,49.8,1729.4,Concave,479.1,0.1605,60.43
526,383,6,69.19,-1.2508,3.6906,4674.0,96.38,0.0481,-1.9057,4066,40.6,1850.1,Concave,426.1,0.1685,67.41
527,331,24,73.27,-1.5033,-4.4264,13792.0,26.23,-1.7197,1.8411,2202,85.5,364.4,Convex,484.2,0.4691,80.36
528,193,62,68.36,2.0259,3.1281,3138.0,36.4,1.2182,-1.0347,614,59.1,763.3,Concave,220.8,0.7386,36.15
529,455,18,81.85,0.9888,2.4954,23720.0,42.52,-0.2904,-1.3272,7092,34.5,1616.0,Concave,137.9,0.0399,22.08
530,40,32,81.42,-4.4466,-1.3191,9111.0,79.59,0.2435,-1.085,4665,79.3,675.1,Convex,366.2,0.3115,72.09
531,69,58,54.37,-3.4072,-0.6416,3893.0,63.27,0.8473,-0.6307,5340,3.8,971.0,Convex,247.7,0.1912,96.97
532,64,11,38.75,-1.536,3.2069,30367.0,66.32,-1.7693,-0.1026,6171,45.1,1405.9,Planar,143.8,0.785,90.1
533,143,27,35.64,1.3614,-1.4003,20389.0,11.96,1.5346,-0.3642,4938,82.3,1906.6,Convex,295.9,0.4149,49.27
534,404,11,51.54,-3.8187,1.5204,30953.0,32.59,-0.9755,-1.1174,184,18.4,1442.1,Complex,106.5,0.2706,3.37
535,73,29,7.89,-3.8699,0.7265,31948.0,2.58,0.1206,-0.6644,6554,18.5,1592.8,Concave,153.0,0.8463,78.13
536,191,18,37.18,-2.9603,-1.3938,9457.0,31.21,-0.6604,-0.2525,1641,43.9,1089.8,Planar,436.2,0.4071,5.64
537,331,24,65.64,2.5065,-1.7552,27916.0,71.9,-1.7596,0.9981,6368,88.3,1744.2,Concave,465.7,0.7445,64.05
538,387,6,66.89,-0.6159,-0.967,11436.0,21.4,0.9812,-1.6674,2440,6.5,382.0,Concave,76.1,0.8011,30.09
539,5,32,15.44,3.4324,-0.8488,661.0,72.25,1.0732,0.2682,6602,22.9,1749.1,Concave,46.3,0.1594,30.74
540,448,12,21.18,-1.2383,3.6103,20988.0,11.06,0.0704,0.3772,7486,0.7,1408.3,Concave,448.9,0.9046,56.02
541,183,43,27.01,2.0005,4.7458,23088.0,61.63,0.7455,0.1622,1666,75.7,1849.6,Convex,467.2,0.5122,18.42
542,468,11,37.56,4.9216,-3.6679,10881.0,20.29,-1.7291,1.2878,1538,64.8,1704.6,Complex,333.9,0.3076,76.32
543,72,18,34.05,-3.9181,2.2748,45190.0,53.94,0.4092,-0.5306,7387,48.6,1408.4,Concave,211.9,0.5122,52.91
544,314,31,45.31,1.916,-2.2309,2992.0,56.9,0.6037,1.4506,1114,0.4,1538.1,Planar,220.0,0.3983,11.48
545,205,21,79.29,-2.5906,0.934,31452.0,2.17,-1.0774,1.6704,7103,85.6,480.6,Planar,122.9,0.9551,54.75
546,265,14,15.31,4.9146,2.9991,19767.0,22.57,-1.8611,-0.7171,453,59.0,61.7,Concave,182.4,0.2644,98.16
547,334,48,68.29,2.9248,4.629,6079.0,18.38,-0.0552,1.015,3035,61.3,1266.5,Concave,213.6,0.03,45.13
548,294,22,12.73,0.5276,-1.5226,14665.0,73.75,-1.3414,1.8397,2162,47.6,1730.7,Convex,363.7,0.8627,20.05
549,403,60,57.61,4.1986,-0.4193,17815.0,86.61,-0.362,0.9434,1851,2.7,1589.2,Convex,110.2,0.8251,19.7
550,362,55,81.96,-1.0082,-3.1333,9163.0,40.14,0.5121,-1.3888,2665,55.1,97.6,Convex,218.6,0.2726,74.51
551,288,37,87.75,-1.6439,-2.1057,844.0,80.81,1.4581,-1.0927,3114,82.8,1426.2,Complex,435.4,0.0191,71.7
552,235,36,84.29,4.5862,-0.8926,6298.0,90.05,0.5438,-1.2139,5941,87.4,512.3,Planar,456.2,0.3533,79.31
553,319,12,31.36,3.0639,0.3681,12780.0,10.04,1.9287,0.3621,6160,41.9,1106.6,Concave,210.0,0.5698,50.4
554,274,38,48.91,-0.304,-2.2479,32951.0,25.17,0.6754,0.0302,4952,4.8,387.8,Complex,379.4,0.5785,36.14
555,433,62,70.09,-4.7394,-1.3847,5572.0,62.87,-1.007,-0.1473,4851,49.8,944.7,Planar,2.9,0.3802,22.15
556,241,16,77.77,-4.2422,0.2711,14971.0,86.98,1.1403,-0.4974,6520,68.0,1830.7,Concave,473.0,0.6624,48.58
557,93,29,21.11,-1.8561,2.5633,38826.0,98.11,-1.7762,1.1664,3782,77.6,1003.4,Convex,451.7,0.596,98.75
558,282,32,3.74,-3.5045,-3.8229,42008.0,43.5,-0.8564,-1.6403,2629,5.2,737.5,Planar,212.6,0.291,83.02
559,274,38,23.02,1.4078,-4.1052,39604.0,36.84,-0.7617,0.7721,2126,45.1,719.0,Concave,451.1,0.1932,10.03
560,336,47,22.55,-3.1181,0.5064,34733.0,96.91,-1.5644,1.3453,4725,15.0,1376.0,Concave,363.2,0.2642,69.0
561,246,9,60.21,3.654,-4.4082,30892.0,34.51,-1.2615,-0.0034,6164,45.9,1563.5,Complex,297.5,0.8941,8.58
562,267,8,52.36,2.3748,2.2466,36779.0,37.27,-1.7783,0.0341,7882,58.2,672.6,Concave,411.5,0.3158,43.14
563,480,56,75.66,2.8827,4.406,49244.0,67.65,-1.1458,1.9173,5070,11.7,1271.8,Complex,476.3,0.0475,48.75
564,61,28,12.95,4.7951,-1.9619,27973.0,45.75,-1.8211,-0.865,2670,2.6,1561.6,Concave,420.8,0.375,97.56
565,351,12,13.31,0.6513,1.3727,30696.0,37.38,1.5431,1.0481,3122,70.3,1845.8,Complex,197.0,0.8887,60.34
566,239,11,8.16,4.9262,-0.8247,28719.0,17.2,0.6813,1.483,4030,27.9,894.1,Complex,282.9,0.9676,61.96
567,66,37,73.48,4.9064,1.9838,32113.0,66.53,-1.4274,0.6061,2113,1.9,743.2,Convex,21.4,0.5273,53.05
568,427,53,63.04,-1.3035,-3.8328,41748.0,65.74,-0.0032,-0.7093,7116,40.9,114.2,Concave,193.0,0.4853,83.46
569,335,8,43.43,-3.7875,1.1711,10312.0,74.67,-1.7388,0.6984,5033,34.6,1841.1,Convex,301.8,0.0835,29.92
570,463,56,87.14,0.7325,-4.115,8825.0,68.89,-1.2715,1.2333,6215,45.5,981.2,Complex,306.4,0.6005,75.63
571,71,21,89.24,-0.0286,-2.8337,4059.0,31.97,0.1602,1.1728,4615,24.2,1124.5,Complex,72.1,0.0198,97.96
572,55,41,40.55,-3.4293,-1.6712,47875.0,95.47,1.6429,-0.3054,3490,58.6,1191.9,Planar,276.6,0.0422,1.48
573,72,18,38.05,0.3825,1.1421,33822.0,2.63,0.0913,1.5795,2526,74.5,591.0,Planar,441.8,0.1732,54.07
574,56,45,86.68,1.5378,3.7238,35990.0,40.27,-1.8965,1.6532,1661,89.2,175.4,Planar,408.8,0.4209,61.75
575,259,40,56.12,-0.1327,1.4474,31532.0,12.02,1.8514,-1.5379,3159,57.5,794.9,Concave,128.2,0.5516,53.13
576,33,36,40.59,-1.9342,3.3692,29291.0,24.03,-1.2849,0.0452,5407,29.1,691.5,Convex,325.6,0.3149,93.09
577,201,13,4.53,-4.1544,-1.9807,39488.0,85.38,-1.43,-0.9679,1741,33.5,167.6,Concave,422.9,0.3762,29.51
578,223,44,41.84,2.3719,-4.029,341.0,39.86,-0.461,-0.7209,1463,3.0,259.7,Convex,410.2,0.5775,48.8
579,310,38,58.46,-4.819,-0.2007,49397.0,76.56,0.82,-1.347,2700,20.3,1287.1,Planar,345.0,0.2598,60.54
580,114,44,83.45,4.056,4.0952,31785.0,82.26,-0.49,-0.1918,5081,76.1,1336.4,Planar,162.6,0.1896,61.67
581,137,29,16.22,-4.3502,-1.7763,12521.0,20.91,-1.0955,-0.4523,4398,27.2,1893.8,Planar,288.0,0.9403,8.96
582,446,57,56.49,4.1385,3.7125,18572.0,20.44,1.742,1.1326,6039,20.3,1680.4,Convex,440.8,0.0303,42.38
583,482,6,75.42,-3.8559,-4.1055,24216.0,97.13,-0.5718,-1.7727,4836,25.8,1107.4,Complex,325.6,0.7017,55.77
584,245,60,47.24,-4.0656,-1.8751,3744.0,16.02,1.6306,1.5284,6869,89.1,1847.3,Planar,324.7,0.6204,18.0
585,213,8,23.58,-1.7899,0.9947,42695.0,0.6,-1.7577,0.1175,6832,31.9,531.2,Complex,179.4,0.8192,81.99
586,79,42,56.49,1.154,2.1299,24666.0,19.07,-0.6178,-1.5809,4336,81.0,1438.1,Complex,83.2,0.8131,82.41
587,268,58,40.41,-4.0526,-2.0695,18190.0,27.23,0.0786,-1.6721,6460,24.7,260.5,Concave,83.7,0.4541,40.93
588,210,17,25.33,-3.5276,3.4796,300.0,18.12,-0.0069,-1.0773,6807,49.6,205.7,Complex,136.5,0.1287,89.78
589,314,31,23.13,-0.0499,-3.85,8329.0,85.1,0.8028,0.2412,7208,55.5,1728.1,Convex,439.1,0.682,3.16
590,210,17,56.65,4.551,-2.1828,27415.0,34.63,-0.9618,-0.6273,258,45.2,838.4,Planar,261.4,0.1805,41.43
591,399,2,50.16,-1.6426,2.0407,11141.0,80.35,-0.0572,-1.8143,4047,29.1,330.7,Concave,371.8,0.8562,47.26
592,155,34,68.88,-4.4631,-2.7856,18459.0,24.63,-0.3215,-0.3258,5812,22.7,723.9,Convex,423.9,0.4547,23.16
593,345,12,20.17,4.0351,1.8704,2820.0,81.08,-1.6202,-0.5435,6941,65.6,387.4,Complex,157.2,0.3285,87.41
594,237,13,87.81,-4.9246,-3.8049,9449.0,14.9,-0.4941,1.8694,6175,60.9,106.0,Complex,318.4,0.9259,92.76
595,343,43,38.53,4.0369,-2.3781,34457.0,84.12,0.6684,-0.9206,6591,58.5,1333.5,Complex,67.6,0.994,84.67
596,401,51,70.46,-3.516,-3.2521,36448.0,91.15,0.5781,1.133,2952,13.0,1157.0,Concave,450.3,0.3596,69.79
597,221,23,32.16,-2.3905,-0.3698,40440.0,27.56,1.5359,0.8455,4665,65.9,1688.7,Convex,94.4,0.9039,46.08
598,404,11,46.22,-1.6401,-4.0238,45628.0,19.71,-1.4498,1.8045,1310,42.6,1508.8,Convex,280.8,0.8745,26.23
599,47,61,54.02,1.4917,-2.1648,45236.0,50.95,-1.2223,-0.8582,7793,55.1,1001.4,Concave,163.2,0.6464,58.94
600,190,55,64.62,0.2616,3.3793,31630.0,5.49,-1.9768,0.435,4003,7.9,745.4,Convex,469.2,0.7449,58.68
601,199,1,28.15,-3.7525,0.4848,29997.0,51.45,1.6855,-0.6934,5226,69.4,1597.3,Complex,316.1,0.7612,64.3
602,198,52,29.89,-4.2563,0.3848,46286.0,5.13,0.5511,1.1915,2689,45.7,1390.2,Concave,267.0,0.9181,79.23
603,86,16,43.84,-4.0954,4.2,11699.0,18.87,-0.1667,-0.2,316,2.2,825.2,Convex,89.8,0.7744,53.92
604,425,4,66.91,-0.7093,-3.6041,28227.0,49.13,0.9892,-1.2238,4894,0.8,1274.7,Complex,130.0,0.5143,26.82
605,177,17,20.81,-2.179,1.3999,5331.0,95.54,-0.8714,-0.534,3314,17.9,657.6,Planar,67.5,0.2225,7.85
606,77,47,34.66,4.9042,-3.7591,38735.0,57.84,0.8961,0.9773,6177,13.9,266.9,Concave,27.9,0.9375,86.64
607,287,12,17.75,4.3012,2.4811,35669.0,69.28,0.9404,1.9321,3188,36.5,27.0,Complex,372.0,0.3779,43.96
608,357,2,72.44,-4.7487,-3.9621,37395.0,56.35,0.8869,1.9696,3601,11.3,934.9,Concave,63.9,0.7912,63.82
609,174,33,39.75,-4.7172,-2.8443,43877.0,98.42,-1.3919,0.6407,1671,12.9,1395.2,Concave,332.0,0.7275,22.72
610,285,41,10.27,1.775,4.3069,36107.0,74.74,0.1188,1.7681,5679,24.8,589.7,Concave,158.0,0.716,63.68
611,404,11,48.91,-1.3212,2.2665,27611.0,40.11,0.4101,-1.3929,4493,35.7,1698.9,Planar,355.4,0.6909,6.3
612,43,55,89.75,-2.0864,-4.3972,49614.0,64.43,-0.7112,1.9382,6745,10.1,1362.5,Complex,272.1,0.0056,23.99
613,132,29,10.88,-3.9235,1.3894,1057.0,73.65,1.4992,-1.8442,2835,54.5,1576.7,Planar,282.5,0.6502,67.95
614,36,33,1.12,1.6829,4.5558,38329.0,42.46,-1.3744,0.638,5557,54.5,246.1,Convex,16.1,0.6338,91.33
615,16,7,33.44,-4.086,-2.117,47416.0,31.13,-1.2598,1.5619,4791,23.6,1870.7,Planar,242.3,0.6854,40.5
616,361,43,37.97,2.2625,-2.6577,19834.0,50.1,0.0541,-1.6223,530,63.1,61.2,Concave,357.8,0.2476,71.4
617,207,34,31.69,-1.7996,4.1049,47417.0,76.43,-1.362,-0.31,6389,86.1,1071.5,Planar,15.3,0.8058,6.85
618,101,61,82.38,-3.3216,1.7895,43029.0,25.98,1.3459,0.319,1515,51.0,1626.0,Convex,199.0,0.5864,3.06
619,263,37,80.15,-4.782,3.4732,39760.0,52.44,-0.279,-1.7346,7230,71.5,1190.3,Complex,88.9,0.0587,96.64
620,14,37,67.56,0.2387,-4.1515,27833.0,70.6,-1.0789,-0.2154,1524,86.3,1874.2,Planar,431.4,0.0061,52.64
621,23,48,8.04,2.8856,-4.4449,45313.0,13.16,1.4377,-1.6478,5271,82.8,252.3,Complex,113.7,0.562,76.66
622,434,13,13.63,4.3198,1.2606,32341.0,34.17,0.9607,0.7525,1929,30.3,1877.3,Concave,187.2,0.1435,60.37
623,32,43,76.86,3.6358,4.5992,49047.0,8.36,1.038,-1.2013,3792,8.1,1812.7,Convex,405.9,0.1854,45.44
624,418,51,48.36,-1.4309,-0.9655,35490.0,40.11,-1.883,-1.7902,7445,79.6,919.9,Concave,198.8,0.759,6.22
625,87,37,9.59,2.0024,-3.9273,23713.0,50.87,1.4095,1.1201,3484,73.3,468.2,Concave,383.1,0.8747,17.32
626,25,29,77.62,0.521,-4.5577,30971.0,44.38,-1.1689,1.254,6685,48.5,740.6,Complex,257.5,0.3562,97.02
627,257,50,22.33,-2.5099,-1.6432,6898.0,58.58,1.9603,0.5188,974,58.1,150.2,Complex,119.5,0.7385,90.35
628,326,3,54.27,1.5965,1.8635,15138.0,58.2,0.5987,-1.4766,4971,1.9,1427.2,Concave,496.3,0.3144,86.92
629,94,33,83.34,0.2368,3.4231,18459.0,43.86,-0.7184,0.8504,5517,65.9,1859.8,Complex,311.4,0.1726,79.16
630,210,17,73.28,-1.1425,1.8579,35884.0,64.28,-1.8326,1.1883,4170,62.9,1297.9,Concave,13.0,0.0781,68.23
631,51,20,10.03,-0.3421,4.1123,11936.0,51.29,-1.3599,-0.8385,6444,45.9,42.6,Concave,171.8,0.3028,94.53
632,434,13,89.33,-0.1158,-1.203,46299.0,29.57,-0.4671,-0.4909,5230,81.4,64.6,Convex,112.2,0.3833,42.4
633,78,21,10.68,3.4677,3.4191,49738.0,24.86,-0.9066,1.0585,3232,16.4,809.4,Complex,174.1,0.5986,85.9
634,343,43,87.17,1.8564,-2.7219,22952.0,71.59,0.1921,1.7856,5505,6.5,945.1,Planar,282.3,0.0351,67.48
635,344,53,87.24,4.5209,-1.4684,49230.0,17.38,1.2477,1.1897,512,6.3,1476.7,Convex,440.2,0.7839,74.03
636,374,13,87.28,3.9785,4.0215,19859.0,21.25,-1.6534,-1.6511,5917,40.4,1567.5,Convex,408.9,0.4974,30.88
637,469,21,24.64,4.8632,1.9118,27984.0,40.24,-1.5753,-1.4868,6968,46.4,815.0,Planar,200.7,0.5149,18.45
638,244,42,64.81,4.0527,-4.0469,14944.0,64.81,1.6388,-1.3639,866,62.1,1426.6,Convex,479.2,0.1078,40.39
639,5,32,2.86,3.0629,-3.1455,9311.0,69.39,1.2301,0.0991,72,77.0,1689.5,Planar,210.8,0.4327,4.92
640,298,41,87.8,3.3514,1.8902,6001.0,65.0,-1.2143,-0.7714,1798,75.3,94.5,Planar,281.6,0.359,56.74
641,89,1,38.22,-1.8415,4.9318,4110.0,86.39,0.2003,0.9289,7744,78.6,714.2,Concave,58.5,0.6148,64.41
642,351,12,38.48,3.4578,-3.7398,16605.0,38.75,-1.0177,-1.8594,3302,83.5,838.1,Planar,263.6,0.7354,83.3
643,232,47,39.94,-3.633,-0.4897,10707.0,67.58,-1.3652,-0.919,4037,3.9,1340.9,Planar,420.9,0.1216,16.27
644,70,32,49.22,-4.7353,0.5404,46881.0,5.8,-0.5696,0.1233,5628,55.7,828.7,Planar,366.7,0.759,34.96
645,378,36,57.22,4.9716,0.4257,43339.0,5.7,-1.6135,-1.6474,4237,41.5,11.5,Complex,157.9,0.0368,9.34
646,251,21,85.75,-4.9886,4.8734,32745.0,49.56,0.8847,-0.8656,5663,5.2,1534.3,Convex,33.4,0.1812,71.07
647,85,33,45.92,-3.2712,-2.3269,17581.0,39.62,1.0824,0.1572,8000,41.5,1366.1,Concave,187.2,0.6308,40.27
648,27,58,21.15,0.7135,-1.2944,11864.0,1.75,1.6848,0.6327,1343,16.7,812.7,Convex,159.8,0.729,6.55
649,271,46,35.67,-3.6532,-3.9608,15581.0,56.47,0.7209,-1.0497,7868,74.7,1335.0,Complex,71.3,0.514,30.67
650,295,50,73.91,0.9014,-1.4466,43654.0,83.43,0.1395,0.729,459,57.2,1336.3,Convex,202.2,0.0895,59.61
651,412,19,21.59,-1.6507,-2.66,47979.0,37.78,1.8023,-0.9849,2725,3.9,1451.0,Complex,20.7,0.0885,83.08
652,428,54,82.64,-3.5675,-3.3618,47167.0,74.95,-0.9749,-0.2831,1073,14.2,1292.4,Planar,401.2,0.2981,60.09
653,321,24,1.44,-1.0873,3.1309,26727.0,35.11,1.716,1.8758,4886,9.1,414.6,Concave,214.2,0.1735,18.76
654,138,54,84.04,4.9114,-4.8032,37333.0,40.78,-1.6107,-0.1336,2202,38.6,1976.7,Concave,297.5,0.2755,83.84
655,276,62,6.49,2.7556,-3.7997,47144.0,84.04,-0.6072,1.8003,3400,39.7,1179.3,Planar,499.7,0.2569,71.5
656,313,39,33.78,0.7069,4.5485,13196.0,13.29,-0.5906,0.3422,1364,0.2,1590.8,Planar,238.5,0.7985,48.01
657,37,17,79.78,-2.8557,4.2034,46964.0,91.22,0.7006,-0.7474,6740,16.7,1861.6,Complex,337.3,0.932,86.56
658,351,12,29.77,-0.3841,-4.2512,43895.0,7.0,-1.5502,0.6146,3576,58.0,1730.8,Concave,181.4,0.5088,22.82
659,271,46,34.25,-0.7433,-4.7807,46218.0,13.8,-0.1779,-0.5673,4451,37.7,1233.6,Planar,94.6,0.2109,76.95
660,453,58,76.58,0.9919,-1.248,13246.0,89.64,-1.0492,0.8387,5642,18.7,376.3,Complex,5.1,0.1018,97.28
661,44,60,31.23,1.8848,4.6125,2194.0,12.96,-0.4949,1.9102,5563,72.4,1094.5,Concave,12.1,0.8741,28.49
662,224,56,22.22,0.8154,2.553,21996.0,20.07,-0.3086,-1.5242,342,39.7,628.4,Convex,256.0,0.7819,15.45
663,30,26,21.1,4.6354,3.7284,33175.0,76.64,-0.5255,1.851,3711,13.4,36.1,Convex,291.9,0.489,86.47
664,340,31,76.15,-0.6862,-2.3889,17303.0,25.66,1.3897,-0.5813,6718,43.2,817.3,Complex,354.8,0.6981,33.29
665,331,24,14.61,-1.4268,0.1009,49229.0,34.27,1.0685,-0.5725,202,3.6,473.7,Planar,115.0,0.5771,27.56
666,409,6,23.32,-4.816,-3.889,37769.0,17.47,-0.6765,0.955,2224,65.5,8.6,Concave,10.5,0.3798,7.74
667,187,36,3.65,4.3879,1.7416,16676.0,40.63,0.4857,0.035,2209,74.6,1880.5,Planar,485.5,0.7512,24.32
668,131,9,45.81,1.7734,-4.6735,13190.0,15.61,1.4839,0.744,6491,47.8,1937.9,Complex,440.0,0.8805,19.21
669,272,61,45.19,4.5808,-4.617,20278.0,82.65,-1.7876,1.3555,1915,46.2,1064.0,Complex,345.9,0.0906,45.66
670,141,24,66.88,-1.4889,0.5741,18559.0,66.98,-1.9055,1.0949,1605,79.5,935.1,Planar,347.5,0.5316,35.58
671,133,25,78.91,2.1626,1.8574,28454.0,28.92,-0.832,0.1936,798,26.4,37.9,Concave,71.8,0.685,97.82
672,97,59,70.06,4.0787,3.3561,27855.0,97.9,-0.8065,1.8447,6232,88.8,1857.7,Planar,196.9,0.2125,60.75
673,291,54,86.96,0.5879,-2.9772,13237.0,69.37,-0.5639,0.8834,6389,43.2,555.8,Complex,222.6,0.2734,99.42
674,486,25,44.62,-2.7112,-4.6377,11638.0,44.2,-0.6732,1.1477,6618,17.1,1022.2,Complex,139.8,0.7338,79.75
675,154,46,0.62,4.0877,-4.9661,46519.0,41.49,0.4236,-0.4344,6654,4.3,560.8,Complex,101.5,0.5302,34.27
676,250,11,36.37,-2.9069,0.4867,36076.0,37.78,-0.1963,1.0115,7253,64.8,1180.5,Planar,97.1,0.8229,14.76
677,340,31,13.57,-2.102,2.0116,23642.0,79.58,1.173,1.784,5791,82.7,1824.7,Complex,488.9,0.785,39.22
678,240,19,59.49,1.457,2.0373,4310.0,18.83,-1.2662,0.4103,4990,65.2,1048.0,Complex,391.9,0.4594,36.02
679,81,61,22.56,0.3584,2.8587,33771.0,49.2,-0.4715,-1.8107,132,38.2,295.1,Convex,269.0,0.3361,31.64
680,266,47,14.85,-0.1586,2.0198,42459.0,4.94,1.6957,-0.1521,2499,18.6,153.0,Planar,435.1,0.9402,77.71
681,499,9,11.35,-0.1032,-3.7898,36545.0,79.97,-1.4389,1.8904,3820,35.8,828.2,Planar,192.0,0.3219,43.08
682,369,35,29.46,3.7765,3.2481,1782.0,65.06,1.2367,0.8879,7872,76.9,1125.5,Concave,462.1,0.2459,34.19
683,278,33,79.21,-2.8375,-0.9145,48539.0,51.72,0.833,-0.4739,3429,46.5,166.8,Concave,158.0,0.6369,72.17
684,333,36,11.95,0.0447,-3.5856,46714.0,82.68,1.0463,0.2484,816,27.9,1255.1,Complex,345.7,0.6255,3.88
685,494,56,43.87,3.2741,-3.2021,12391.0,54.52,0.8529,1.4278,7277,27.3,1986.0,Complex,358.2,0.7195,22.72
686,58,19,21.48,-1.9472,-1.2019,39927.0,69.83,-0.9989,0.1607,2506,81.4,398.6,Complex,284.9,0.9629,87.45
687,493,34,71.85,3.6538,-2.1204,16076.0,78.52,-0.9417,0.9152,2156,87.6,795.1,Concave,194.8,0.7037,82.64
688,272,61,5.54,3.411,-0.6518,32527.0,83.29,-1.8762,-1.8265,1728,26.8,529.3,Convex,199.6,0.8511,97.11
689,446,57,67.24,-3.8926,-0.0452,7450.0,2.56,1.2556,1.7486,4480,51.9,1298.2,Concave,37.9,0.9653,63.01
690,338,44,5.61,-4.1638,3.1136,16772.0,55.06,1.8663,-1.8481,689,62.2,423.1,Complex,86.0,0.2913,61.74
691,236,28,78.57,-0.4264,0.6355,38988.0,78.68,1.4452,-0.6824,3597,53.9,1022.2,Concave,361.7,0.2867,79.23
692,474,23,86.76,-4.2766,-1.7887,9058.0,40.36,1.2769,0.5908,3150,45.7,914.7,Concave,160.6,0.3611,85.82
693,436,18,42.97,-0.4174,-0.0368,5351.0,40.59,-1.991,-0.0854,1213,29.4,1498.7,Planar,1.7,0.2916,74.2
694,117,50,26.09,-3.6568,-3.4185,10392.0,17.2,0.2065,-1.3237,3182,44.4,693.6,Convex,334.0,0.6347,52.08
695,146,5,46.18,0.3805,1.6436,20896.0,51.16,1.209,1.9036,1211,51.4,122.6,Convex,7.9,0.8384,24.09
696,80,56,72.39,4.9518,-2.3566,21924.0,35.72,-1.3129,-1.2857,5159,6.5,1493.7,Complex,256.2,0.5583,70.72
697,214,18,56.74,4.1713,4.4959,48273.0,69.85,-0.8858,-1.5811,2048,66.2,1118.0,Concave,483.6,0.9274,90.41
698,406,52,32.45,1.4602,-3.5909,30235.0,60.02,0.0909,0.5148,1806,42.4,430.3,Convex,373.6,0.4173,94.77
699,191,18,71.43,-1.6782,1.3748,35617.0,18.21,0.7712,-0.4432,3161,80.5,1627.6,Convex,269.4,0.6047,37.51
700,271,46,56.24,-2.9672,-1.7324,9518.0,35.21,-1.4394,-0.4836,7557,16.3,289.4,Concave,264.7,0.5579,45.5
701,380,28,46.1,4.1504,4.161,32986.0,74.72,-0.6486,1.889,1284,82.9,1321.9,Concave,322.6,0.0811,11.26
702,258,27,78.29,4.1903,3.2616,36557.0,99.73,-1.9753,1.8191,5760,47.7,1153.5,Planar,18.4,0.1876,77.51
703,258,27,18.21,-2.5156,-1.1818,15283.0,48.2,0.5527,0.8516,3567,37.9,533.7,Planar,24.0,0.2557,0.03
704,327,20,14.95,4.8836,-2.68,26849.0,85.53,0.4145,-0.37,4252,63.2,1848.2,Complex,374.5,0.2283,37.83
705,364,17,74.31,-0.8962,1.4282,6210.0,14.28,1.385,1.195,3074,69.0,60.2,Convex,240.4,0.2387,57.23
706,334,48,26.42,3.036,-2.1912,15318.0,44.24,-1.5822,-1.2043,4526,37.9,1696.4,Concave,414.0,0.0742,61.8
707,225,42,67.2,3.4306,3.71,33774.0,34.41,-0.7629,-0.2905,7104,23.0,970.9,Planar,469.4,0.7965,98.37
708,406,52,82.21,0.3384,-3.1518,369.0,92.0,0.7362,-0.5375,4312,40.1,1637.6,Complex,201.2,0.6974,52.32
709,33,36,24.13,3.5597,-3.8926,17547.0,19.42,-1.4373,-0.0018,1491,74.7,1677.7,Concave,189.5,0.4479,99.32
710,433,62,68.36,2.7797,-2.8032,9331.0,46.97,0.823,-1.4104,1491,22.2,1459.6,Complex,326.0,0.0625,38.42
711,453,58,54.81,0.6434,2.0912,1991.0,77.04,-0.5597,-1.9732,4425,67.3,241.6,Concave,467.9,0.7964,97.83
712,105,61,23.63,-0.9617,4.8028,30865.0,97.66,1.9441,-1.4621,2340,44.7,1504.9,Convex,294.7,0.1818,6.17
713,130,31,12.09,4.808,-4.3468,13483.0,35.98,0.6772,-0.8777,2090,28.9,1863.5,Planar,348.9,0.9323,21.6
714,212,16,80.61,4.3925,0.8202,3755.0,37.82,-0.5445,-1.5875,2836,51.7,1119.1,Concave,324.7,0.8461,60.5
715,194,8,0.27,-4.0605,1.6513,40243.0,16.6,-0.3658,1.9809,5282,20.8,1670.4,Concave,333.0,0.2353,3.87
716,90,62,58.1,2.7672,0.4512,33774.0,98.47,0.6437,-0.4969,4224,40.4,1839.8,Complex,497.8,0.8695,64.76
717,257,50,42.09,1.6152,3.572,16266.0,3.68,1.7351,0.6165,4993,53.9,1412.3,Planar,279.0,0.0473,43.6
718,122,33,79.0,-2.5621,-1.0932,30457.0,38.45,-0.8091,0.7657,1652,60.4,195.9,Concave,22.4,0.8977,73.26
719,71,21,63.03,-2.7437,-2.7799,8920.0,72.05,0.4748,0.9074,7277,20.1,1404.9,Convex,465.5,0.0396,21.94
720,141,24,48.95,2.3409,-4.5936,14529.0,14.78,-0.6248,-1.0169,4249,52.2,635.9,Planar,275.8,0.8265,86.34
721,48,10,0.51,2.876,2.1199,38840.0,96.14,-1.543,-1.7799,1256,73.2,1290.9,Planar,14.0,0.4382,59.65
722,245,60,25.35,-2.4856,-4.6214,35331.0,53.84,1.2238,-1.6136,2556,50.3,904.0,Convex,350.7,0.8867,23.58
723,290,18,36.72,0.3589,-3.0246,21305.0,24.31,0.5717,1.6078,7622,75.1,438.4,Planar,329.6,0.0032,26.48
724,15,17,54.85,-4.9852,2.2583,10461.0,69.24,-0.9499,0.4116,1690,33.9,431.9,Planar,37.5,0.9336,29.73
725,395,53,40.18,3.4092,3.9996,4171.0,83.04,-1.9039,-1.5168,5998,65.0,802.3,Convex,431.9,0.9858,19.27
726,496,32,38.89,-3.4092,0.0903,22030.0,37.58,-1.7041,1.4665,6652,4.3,928.9,Concave,459.4,0.6164,3.61
727,193,62,29.68,1.0165,-2.2154,25674.0,77.49,0.118,1.8607,1106,77.7,150.9,Complex,174.2,0.2238,97.11
728,358,52,0.81,3.6529,-4.3582,355.0,81.83,0.8585,1.1731,7592,80.1,62.1,Planar,357.2,0.0173,91.54
729,252,46,4.53,-0.8733,-3.9725,29093.0,3.07,-1.7777,0.4361,6029,88.4,920.4,Concave,51.0,0.0103,60.94
730,438,41,77.86,2.9766,-0.2616,37616.0,63.41,0.2898,0.8121,6610,12.0,1724.8,Convex,392.2,0.2525,44.06
731,438,41,60.21,0.0125,-4.8168,1947.0,8.32,0.3553,-0.2498,2708,42.2,101.2,Convex,1.3,0.7793,92.84
732,305,51,17.58,4.4887,0.2057,31014.0,33.43,1.8987,0.8296,7861,35.2,837.3,Planar,367.8,0.5239,97.16
733,478,14,44.93,3.267,1.0233,2886.0,0.29,-0.3559,1.2515,7078,6.3,1106.7,Complex,231.5,0.8425,88.5
734,205,21,87.31,-1.6556,4.5294,44395.0,33.22,1.5119,1.9457,1069,81.8,1191.6,Complex,199.1,0.3033,29.77
735,435,55,7.55,0.1622,-1.3651,49107.0,29.27,-1.643,1.3209,6939,22.4,723.3,Concave,367.6,0.814,19.17
736,377,24,20.83,-3.2723,-2.7289,14284.0,76.33,-1.9545,-1.021,1584,16.1,127.3,Planar,155.4,0.3665,89.99
737,156,3,14.88,4.8047,0.5905,43573.0,7.6,-0.3148,1.4494,6402,82.3,626.7,Complex,16.7,0.103,26.71
738,373,44,53.84,2.0639,1.3569,29308.0,22.22,-1.9069,-0.8122,5994,81.2,770.1,Convex,318.4,0.7875,60.45
739,90,62,20.11,-4.6553,4.1359,24113.0,94.97,1.7412,0.5181,2082,38.1,1455.7,Concave,2.6,0.8158,22.68
740,356,42,77.62,4.1479,2.402,6032.0,68.94,1.4896,1.1506,6020,11.8,800.3,Concave,132.3,0.8849,59.67
741,499,9,60.6,0.0241,2.8583,9639.0,92.38,1.5045,0.619,5219,12.9,204.4,Convex,314.1,0.8964,43.32
742,236,28,37.11,3.8922,2.1905,26251.0,10.97,1.1925,-1.2349,3802,0.3,652.3,Complex,251.1,0.7194,94.74
743,339,14,37.05,-1.4777,-4.814,21913.0,44.85,-1.6994,0.7426,4604,90.0,1077.0,Convex,30.1,0.1729,85.06
744,489,48,15.78,0.6555,-3.866,13472.0,49.1,-0.3135,-0.7324,7188,46.4,858.6,Complex,74.5,0.7565,20.28
745,20,55,39.59,-1.0117,-2.6327,47810.0,8.6,-0.0477,0.5247,706,67.8,963.2,Concave,66.9,0.572,26.96
746,73,29,12.43,-2.7102,4.2922,10965.0,30.87,-1.7957,1.0052,5572,0.2,545.0,Convex,210.6,0.6867,87.87
747,121,57,23.28,-0.9786,-4.6759,36782.0,10.51,0.3542,-0.8376,4254,78.7,763.8,Concave,91.2,0.8841,24.04
748,337,59,78.56,3.5248,-0.0399,38301.0,60.59,-0.5504,-1.7325,6744,41.0,1058.4,Convex,162.0,0.3132,81.02
749,168,14,65.36,4.5876,-4.9326,34243.0,27.3,-1.528,-1.2047,634,25.0,1383.3,Planar,130.7,0.3665,39.32
750,109,47,37.54,3.3888,-4.4061,19108.0,62.3,-0.3136,0.3458,5463,50.6,1821.4,Concave,61.4,0.4477,22.44
751,5,32,74.2,-4.3141,2.9117,41187.0,10.34,-1.3177,-0.955,3549,33.4,1152.1,Planar,57.6,0.6776,82.95
752,308,8,44.29,-3.1008,0.3971,37085.0,50.71,-0.7324,-0.5335,1856,26.9,258.6,Concave,253.6,0.0808,59.66
753,180,62,21.83,-2.4382,3.0958,4596.0,45.94,-0.4261,-0.8029,7777,16.7,1847.6,Concave,147.9,0.7923,97.85
754,127,21,43.11,4.3579,4.7041,22897.0,41.23,-1.3582,-0.9834,6240,67.5,1168.5,Planar,66.7,0.7055,98.29
755,339,14,15.18,-0.9182,4.8075,23936.0,51.64,1.6287,-0.9149,1157,23.6,1153.6,Planar,335.4,0.5921,10.95
756,378,36,37.29,-4.4466,-4.6129,33848.0,67.45,-0.1589,-0.9307,3168,70.2,209.2,Planar,352.5,0.5992,15.03
757,457,50,16.91,1.8596,0.029,27952.0,65.82,-0.7845,0.438,4315,56.4,1054.0,Concave,306.3,0.2587,86.06
758,56,45,12.23,-4.0986,2.5793,4607.0,76.45,-0.1426,0.088,4344,34.6,1103.7,Planar,264.0,0.8875,90.84
759,193,62,79.16,1.8563,3.0688,28175.0,4.3,-1.8156,-1.3017,1906,53.4,1756.2,Complex,424.1,0.3997,63.28
760,456,7,71.05,0.9094,3.6277,31131.0,94.69,-1.4936,0.66,938,16.6,496.5,Convex,170.3,0.6542,25.08
761,52,54,1.9,4.148,0.1747,33310.0,67.13,-0.3639,-0.3296,5329,68.7,1294.9,Convex,380.1,0.6383,28.05
762,226,5,31.04,1.4795,-0.0095,37418.0,32.55,-0.0662,-1.9535,3032,61.7,1940.2,Planar,173.9,0.8404,27.25
763,419,15,31.07,2.9405,-1.3157,40769.0,5.23,-0.6081,0.4629,2628,70.1,1255.0,Concave,209.6,0.1092,22.95
764,92,15,89.66,-2.081,-1.5396,18056.0,33.78,-0.7069,-0.473,5594,77.3,1887.8,Complex,201.0,0.0553,52.17
765,445,22,53.86,-1.8704,4.0297,45246.0,6.14,-0.9626,-1.3363,3427,86.8,168.6,Concave,178.5,0.6291,7.77
766,139,3,48.99,2.5523,4.0739,23251.0,71.67,-1.6358,-1.2044,5493,44.7,1403.4,Planar,95.1,0.2962,4.84
767,97,59,73.54,-4.4342,-0.23,30099.0,39.69,0.012,-0.3475,6026,4.3,882.3,Planar,80.6,0.374,29.65
768,448,12,20.67,2.5763,4.1994,39330.0,93.75,-1.0472,0.6939,86,16.3,296.1,Planar,337.4,0.241,1.58
769,215,22,27.71,-0.8926,-1.6881,29929.0,6.19,1.727,1.438,2667,34.7,1491.0,Convex,239.1,0.1503,56.12
770,291,54,50.42,-1.6103,1.4538,34495.0,92.28,-1.3284,-0.5986,5172,41.4,165.9,Convex,275.2,0.2307,48.06
771,421,51,89.27,3.7514,-4.8352,14110.0,69.46,-0.9385,1.406,1894,5.0,1052.1,Convex,250.4,0.0131,74.19
772,216,25,87.48,-2.4982,2.6758,45382.0,74.96,-0.1389,1.3388,942,29.6,1563.7,Complex,131.3,0.2394,46.49
773,260,51,1.09,-3.6672,-1.0271,44652.0,43.96,-0.8605,-0.3503,2734,72.7,1931.2,Planar,373.3,0.3921,1.05
774,199,1,6.07,1.0372,-0.061,9045.0,77.87,0.6082,0.6564,1493,69.7,685.7,Concave,351.7,0.9615,34.45
775,368,31,84.29,-4.2127,0.6073,47494.0,74.47,0.8476,0.4477,4019,26.6,692.7,Complex,364.4,0.8673,59.91
776,52,54,50.03,4.6429,4.5759,48725.0,73.86,-1.6499,-0.0334,5128,28.7,144.0,Concave,143.0,0.3496,24.27
777,111,24,26.42,1.6934,-2.0361,15826.0,21.52,-1.3146,0.4061,3484,18.4,536.9,Concave,480.4,0.76,8.91
778,106,23,84.0,-4.1029,3.2029,30115.0,77.7,1.5271,-0.6881,5275,88.3,908.1,Concave,329.4,0.8518,17.95
779,423,20,7.6,-1.9346,-3.2891,7239.0,7.72,-0.2256,0.114,598,50.0,1929.2,Planar,489.9,0.0254,28.29
780,133,25,10.31,-4.985,0.591,18885.0,47.85,0.5107,-1.933,1878,21.6,1882.3,Complex,7.0,0.4805,14.31
781,160,34,72.13,-4.4707,-0.6935,3728.0,72.02,0.9496,1.4968,7400,7.1,1461.6,Complex,424.6,0.2563,88.77
782,236,28,14.95,2.2189,3.4123,14015.0,8.0,1.4712,-0.9712,3593,12.6,733.0,Planar,211.1,0.5469,45.38
783,452,34,61.36,3.1822,2.915,23402.0,18.14,0.9972,1.2548,1219,76.5,1462.7,Concave,13.3,0.3167,19.82
784,201,13,35.04,-2.6312,-4.9762,10654.0,62.77,0.0628,0.127,1478,79.6,412.7,Complex,179.5,0.1182,22.49
785,123,54,25.66,2.3423,-2.9778,1579.0,4.76,-1.5448,0.7222,1181,2.8,480.9,Convex,484.3,0.0493,70.77
786,2,16,76.71,2.9564,2.2787,21517.0,17.32,-1.071,1.5859,1687,20.3,1506.4,Complex,299.1,0.5488,61.01
787,416,37,87.7,-1.6807,-1.01,2955.0,19.97,-0.9689,0.5718,6206,41.3,1394.3,Complex,99.5,0.6441,92.36
788,309,40,88.97,4.749,2.1292,31032.0,5.14,1.7111,-1.6388,4533,9.1,260.3,Complex,391.1,0.2935,18.72
789,149,8,50.58,-0.7295,-2.0042,40731.0,2.09,1.514,0.0946,1270,6.7,191.4,Concave,318.6,0.0917,6.6
790,477,40,14.92,-4.3375,0.9149,38977.0,46.42,-0.1283,-1.1056,5192,89.5,229.0,Planar,290.6,0.667,82.44
791,139,3,21.44,4.802,2.8731,31044.0,61.6,-0.2775,-1.8136,6931,1.9,1749.1,Planar,350.2,0.0113,43.08
792,251,21,49.88,-1.803,0.4522,46260.0,82.59,1.413,1.4646,6454,55.4,771.9,Complex,475.1,0.3851,20.74
793,258,27,40.13,4.6369,4.8557,2130.0,82.62,1.9027,0.0179,4463,49.0,468.0,Convex,80.3,0.4637,65.14
794,395,53,28.05,2.6272,-3.4209,41877.0,62.24,0.4264,-0.9035,6411,31.8,998.7,Complex,484.3,0.2596,80.98
795,89,1,41.16,-1.1889,-1.8544,21448.0,7.39,0.741,-0.8682,6934,61.0,148.6,Concave,342.6,0.2891,23.25
796,96,6,61.29,1.6861,3.7816,32681.0,82.44,1.4886,-1.3262,550,82.8,1333.3,Planar,400.4,0.2656,61.1
797,478,14,60.31,1.961,0.8949,49351.0,39.34,-1.056,-0.3186,484,84.8,1192.7,Convex,98.2,0.1015,98.01
798,92,15,36.72,-3.704,4.5657,43764.0,41.22,-1.9242,1.2162,6033,50.4,946.9,Complex,32.6,0.1084,72.01
799,446,57,11.26,1.3056,-3.9652,40355.0,69.28,1.2717,-1.465,721,24.6,292.4,Concave,455.5,0.701,85.27
800,171,46,4.6,-1.2297,-4.8065,33714.0,53.57,1.0977,1.2628,4800,56.2,523.3,Complex,125.7,0.967,3.08
801,7,33,12.15,-1.3855,-1.6967,47872.0,48.37,-0.8838,0.1262,5128,59.9,1978.2,Planar,282.7,0.4628,7.91
802,63,21,24.29,2.5819,1.2464,693.0,72.38,0.7879,1.9863,3448,39.7,345.2,Planar,402.5,0.3078,75.25
803,484,10,58.43,-1.6515,-1.9985,44825.0,45.62,-0.2669,0.1001,6576,45.2,9.9,Concave,204.2,0.5307,31.04
804,432,24,31.49,-1.6026,2.378,33477.0,48.27,-0.9694,-0.4589,1053,75.1,1706.2,Planar,308.3,0.7821,23.43
805,396,28,15.36,-2.9062,0.2161,21863.0,10.59,-0.3399,-0.6202,4577,80.1,798.3,Concave,12.7,0.5484,28.27
806,183,43,18.5,0.8048,3.3811,5128.0,8.99,0.2844,-0.7062,6467,52.4,1460.1,Planar,268.1,0.7028,24.54
807,165,26,4.04,-3.1173,-0.0206,44729.0,45.29,1.7744,-0.729,7175,28.9,840.3,Complex,455.1,0.4816,91.32
808,420,62,12.61,-4.5656,-2.0553,13787.0,44.05,1.9846,-0.7908,5351,37.8,501.6,Concave,197.5,0.2606,1.44
809,215,22,15.57,0.9912,-3.6295,23681.0,2.47,0.4355,-0.6083,1664,84.0,1855.5,Planar,319.9,0.0076,81.9
810,129,49,24.25,2.1135,2.5994,13261.0,66.37,-1.3632,-0.355,2288,45.6,1331.7,Convex,8.8,0.381,60.55
811,244,42,16.22,4.2907,-3.6041,1653.0,30.62,1.4433,-0.1397,7740,64.0,1154.9,Complex,459.5,0.0857,94.61
812,109,47,71.32,1.3565,-4.8099,45364.0,24.79,1.6171,0.1768,5277,52.7,629.6,Convex,146.9,0.3551,35.87
813,135,22,61.81,-0.3037,4.1004,10772.0,7.39,-1.6893,1.4127,6475,1.1,1278.5,Concave,34.4,0.3792,85.57
814,441,56,64.96,-2.2477,-1.628,32734.0,57.9,-1.6908,0.6629,6402,55.9,202.6,Concave,491.3,0.6014,85.19
815,55,41,36.72,-3.6837,-4.3174,24103.0,68.77,-1.668,0.0984,7885,24.1,623.8,Planar,346.1,0.0945,24.76
816,395,53,78.47,-2.041,2.978,264.0,31.78,1.9418,0.0723,4312,48.3,1500.1,Planar,257.4,0.6678,94.66
817,122,33,17.68,2.568,-4.4078,539.0,17.29,-1.2065,-1.1168,2882,75.9,277.3,Planar,26.3,0.7719,74.47
818,257,50,65.06,-2.5098,-4.6818,18954.0,2.43,0.3713,1.3129,4499,60.7,689.8,Concave,139.1,0.4128,39.28
819,338,44,39.0,-4.6146,0.1364,11642.0,95.03,-1.4029,-0.5159,293,35.6,220.6,Planar,326.3,0.4882,12.69
820,61,28,3.9,1.5502,-0.8759,8052.0,90.97,1.1735,0.892,7369,67.2,125.0,Complex,153.4,0.5719,31.95
821,463,56,82.25,4.2712,-1.6324,42412.0,75.38,-0.1523,-0.1368,4708,69.8,1916.3,Concave,134.6,0.0021,40.68
822,382,31,36.25,-4.2765,-4.1741,35064.0,95.17,0.0348,-1.7946,468,64.6,578.1,Convex,255.7,0.9844,42.69
823,163,6,8.46,0.516,-1.2153,22328.0,33.98,0.7542,-1.4999,7474,23.2,1547.1,Convex,211.5,0.5676,61.27
824,90,62,85.96,2.3274,-2.5329,8232.0,13.14,1.5858,-1.8336,3989,62.9,1033.5,Complex,377.5,0.8559,90.41
825,75,15,18.87,2.9543,4.9255,49999.0,37.81,-1.984,0.8212,6521,87.5,672.2,Complex,471.2,0.6784,56.68
826,336,47,12.75,3.8441,3.5408,31798.0,58.59,-0.2044,0.6118,3652,88.8,1413.0,Concave,481.3,0.0043,1.07
827,170,32,17.11,0.6089,-4.2001,954.0,63.02,-0.7546,-0.7189,7898,10.5,1642.5,Planar,111.6,0.4602,43.84
828,287,12,53.68,1.7389,2.3248,28751.0,89.94,-0.0897,1.9522,3299,53.7,1490.1,Convex,284.6,0.3638,80.36
829,135,22,56.39,-0.2663,1.4379,20894.0,8.25,-0.5475,0.6968,7744,25.7,658.9,Concave,168.2,0.2089,70.22
830,141,24,17.31,-1.8974,3.0527,46131.0,12.4,-0.6322,-0.3604,5435,64.7,815.7,Concave,354.5,0.1844,71.51
831,76,7,80.39,-1.4079,-4.5383,41163.0,24.25,-0.883,-1.5473,5851,18.4,1140.4,Convex,240.1,0.1705,62.39
832,483,39,71.76,3.2975,2.4051,1385.0,66.61,0.6591,-0.6381,1735,46.4,1425.1,Complex,78.3,0.4708,15.52
833,240,19,65.35,-1.5979,4.6097,43146.0,89.88,-0.3678,0.4746,3544,58.0,458.9,Concave,376.3,0.622,50.1
834,147,29,74.95,-2.6198,-1.5665,27968.0,34.79,1.3078,-1.5351,3762,56.7,190.8,Complex,128.4,0.8965,80.02
835,229,62,81.41,-4.3603,-0.7293,29625.0,11.7,0.9821,0.0297,7783,44.2,595.1,Concave,199.8,0.7079,97.32
836,314,31,48.11,-1.5979,3.5816,42363.0,37.27,-0.9991,-0.3024,6180,9.8,627.9,Convex,217.6,0.1273,93.41
837,305,51,41.37,-0.9568,-4.2438,34731.0,0.93,0.7235,1.0035,7594,52.8,136.1,Concave,217.0,0.628,97.91
838,67,48,64.58,0.4974,2.8926,30328.0,99.73,0.3035,-1.3553,2893,57.4,1269.1,Concave,432.9,0.1269,27.55
839,113,30,75.42,4.9666,-4.1149,18608.0,76.48,-0.6782,-1.8871,5581,27.4,258.9,Planar,143.2,0.8082,37.58
840,269,36,74.8,2.0215,3.408,23267.0,94.85,-0.9978,1.4618,4013,29.6,1576.2,Planar,426.8,0.8083,10.09
841,107,47,45.02,-1.8164,-4.9544,4601.0,47.42,1.2493,0.2905,1384,29.7,988.7,Concave,352.9,0.0492,63.37
842,263,37,72.03,4.2293,-3.7576,19746.0,43.04,0.8157,0.4552,4237,33.4,1424.6,Convex,188.4,0.3598,78.65
843,66,37,51.5,-0.3715,-3.494,48953.0,23.8,-1.1258,1.5717,2898,25.6,1806.7,Convex,315.6,0.8931,43.17
844,34,25,0.84,-1.7442,4.7905,41068.0,97.63,-1.8461,1.057,1279,51.5,1601.8,Convex,314.1,0.0321,5.75
845,154,46,14.99,2.5206,-4.4649,36160.0,43.68,-0.0149,0.3025,497,68.2,1923.5,Complex,417.3,0.5279,28.66
846,64,11,87.67,-4.7339,0.5542,3026.0,44.99,0.1548,1.5813,6273,42.1,1131.7,Concave,491.5,0.9965,60.72
847,35,45,14.13,4.2315,-2.6188,32335.0,36.92,1.2613,1.4822,308,19.5,981.4,Planar,361.0,0.9692,23.38
848,435,55,30.6,1.7574,2.173,24711.0,11.87,-0.9035,0.2558,585,85.9,671.1,Concave,472.3,0.6097,11.12
849,450,35,81.94,3.589,-1.4475,8055.0,94.73,-1.1458,0.1152,3952,55.4,518.1,Convex,188.0,0.9882,91.42
850,412,19,13.55,-1.6949,2.4576,49047.0,77.64,-1.151,1.832,7163,56.7,964.3,Convex,238.6,0.0984,90.25
851,34,25,27.75,3.4413,-3.1294,830.0,92.64,-1.6779,1.8291,7777,70.5,1165.9,Planar,30.6,0.1927,33.33
852,315,31,5.76,-4.1049,4.0498,37255.0,45.49,1.8512,0.5368,6829,71.4,614.3,Convex,374.4,0.6861,27.61
853,398,46,75.5,4.0108,3.4527,31384.0,60.48,-0.5379,-0.1002,4446,4.2,302.6,Planar,258.4,0.9954,92.76
854,146,5,27.47,-1.3938,0.685,6743.0,30.28,1.3211,1.6667,7243,59.5,320.8,Complex,191.3,0.922,31.44
855,301,14,18.47,3.601,-4.0796,26601.0,6.09,1.3894,0.7796,2620,86.5,1967.2,Convex,102.9,0.4434,59.93
856,1,54,62.55,3.0349,2.6761,43383.0,3.19,0.1805,-1.9742,5806,17.6,1142.8,Complex,116.8,0.678,17.72
857,14,37,66.65,-0.2609,-4.485,13391.0,86.68,0.1402,-1.5491,7001,16.4,173.7,Convex,68.7,0.0834,15.0
858,222,50,53.08,0.2753,2.429,25508.0,91.52,0.1912,0.487,4529,72.6,110.3,Planar,32.9,0.8728,20.48
859,99,18,34.88,1.3526,-4.7414,4610.0,79.61,-0.9679,-0.802,6815,43.2,1769.7,Complex,45.5,0.4252,39.05
860,451,41,51.13,-3.0311,-2.684,19086.0,38.57,0.006,0.415,3774,45.2,94.7,Complex,484.3,0.854,25.97
861,454,19,52.38,0.7262,2.3482,21248.0,52.82,-0.3768,-1.9685,245,41.2,1627.6,Complex,134.2,0.0824,81.06
862,471,58,17.97,3.3255,-2.8086,48373.0,48.48,0.8791,1.235,889,4.2,747.4,Concave,472.5,0.9373,69.45
863,493,34,36.44,-2.078,-1.739,15801.0,90.19,-0.0174,0.6386,5091,89.8,1003.7,Concave,50.9,0.1126,78.83
864,458,31,36.87,2.228,4.2207,4022.0,28.34,0.5341,0.6776,5932,26.9,665.0,Complex,17.1,0.8965,39.23
865,174,33,76.37,4.1144,-4.2756,45607.0,94.8,1.9713,-1.7578,2506,81.4,1574.4,Convex,495.9,0.8356,68.61
866,84,9,50.05,2.5405,-2.138,20613.0,8.41,-0.4727,-1.9076,2046,14.5,302.5,Concave,290.6,0.0879,28.66
867,260,51,63.27,4.2498,-4.6196,24920.0,9.1,1.1246,1.0368,6588,80.1,1282.8,Concave,112.1,0.3664,83.95
868,340,31,20.75,-4.7013,-0.4057,35791.0,1.01,-1.3172,1.0738,547,54.4,497.8,Convex,177.2,0.1955,52.1
869,152,25,89.98,-4.1423,-4.3156,16569.0,12.28,-1.434,1.2497,7631,20.2,230.0,Concave,161.9,0.561,61.46
870,153,27,72.58,-2.3707,-2.117,33389.0,11.76,-0.7078,1.2429,1161,18.2,116.0,Convex,156.9,0.0091,68.5
871,314,31,13.74,-1.2885,1.1767,24887.0,82.96,1.3061,-0.7981,251,80.0,79.3,Convex,272.0,0.8106,22.54
872,429,40,75.69,-3.9557,-0.1323,21492.0,27.92,1.2721,0.0705,4298,44.6,564.8,Complex,432.6,0.3715,2.23
873,163,6,32.28,2.7085,0.0278,33864.0,70.76,-1.6923,1.2219,7912,47.5,1553.1,Concave,134.9,0.9307,8.54
874,490,11,38.72,3.5519,3.9064,7739.0,23.24,1.4791,-0.4747,1063,13.8,385.3,Complex,181.2,0.7162,58.13
875,73,29,5.6,-3.0682,-2.7985,15337.0,44.73,1.5212,0.1879,6224,6.9,165.5,Complex,199.4,0.9214,71.22
876,101,61,82.0,4.0564,-2.3753,25225.0,40.87,-1.047,-1.0011,4738,88.2,1716.9,Concave,263.7,0.6184,17.55
877,208,34,64.08,2.7841,-1.3495,42038.0,48.95,-1.7955,-0.1274,7412,35.0,850.1,Convex,153.6,0.9508,55.42
878,425,4,77.72,0.2934,-0.8781,8202.0,94.24,-0.2876,-1.8675,3035,61.3,1262.0,Complex,343.7,0.4765,40.85
879,46,15,15.49,-2.4909,2.9451,15541.0,61.51,0.0157,-0.9944,5074,0.3,949.2,Convex,480.1,0.732,17.42
880,450,35,15.12,-3.3149,-3.1131,8443.0,42.83,0.3013,-1.1795,600,2.6,1641.9,Complex,329.7,0.8985,83.94
881,435,55,81.46,2.0649,-0.5368,43069.0,13.04,-0.8318,1.6838,637,30.9,1171.8,Planar,121.5,0.032,69.98
882,394,62,59.97,0.907,4.7752,28015.0,35.61,-1.2962,-0.617,4220,81.6,1226.0,Convex,475.9,0.7544,52.86
883,226,5,53.92,-2.4749,-0.3254,5098.0,97.04,-1.3539,-1.6429,4553,28.0,65.8,Convex,238.9,0.4791,66.77
884,460,49,71.68,2.6313,-2.9619,10101.0,73.07,-0.8075,-1.5627,4614,84.4,778.9,Concave,446.5,0.0356,63.64
885,408,59,59.93,0.827,3.8898,766.0,77.01,0.117,0.6868,7789,75.2,843.2,Complex,341.8,0.0304,36.58
886,299,45,88.32,-3.9626,-1.8434,4454.0,27.9,1.4743,1.2928,7746,7.3,1462.0,Complex,318.8,0.483,24.03
887,403,60,23.5,4.4011,4.8537,46443.0,20.03,0.5108,-0.1264,6471,43.0,1359.3,Concave,361.7,0.4835,65.25
888,160,34,21.16,2.3618,0.2975,45723.0,74.85,0.4026,1.2755,2689,84.4,1260.6,Convex,367.6,0.4137,83.91
889,272,61,36.99,-3.6119,0.0154,13825.0,11.11,-1.2343,1.0923,5072,48.3,1346.8,Planar,470.5,0.0947,64.67
890,183,43,65.37,-0.168,-1.2978,49746.0,30.99,-0.0649,-0.3267,5018,67.4,564.8,Planar,224.4,0.2895,41.47
891,241,16,62.39,-2.4519,4.9595,26744.0,78.13,0.2579,-1.5104,6743,55.1,1186.4,Convex,293.5,0.2959,62.5
892,261,20,87.59,-1.0393,-0.9874,29336.0,47.46,1.3333,0.7766,7881,60.8,1280.8,Convex,315.6,0.8652,11.33
893,352,17,55.78,-1.0959,-3.9125,9630.0,51.26,-1.4572,0.5892,3817,55.1,462.2,Complex,277.1,0.5516,59.94
894,44,60,26.69,-4.6396,0.2196,15202.0,59.43,0.6875,1.4472,4641,6.2,1550.7,Planar,65.4,0.5061,81.84
895,426,27,24.71,-2.0052,-1.4184,42725.0,12.16,1.4276,-0.2184,6579,77.9,1105.4,Convex,402.7,0.6003,12.48
896,374,13,83.93,-3.298,-4.263,39251.0,12.23,-1.3945,-1.9444,4825,41.8,858.1,Complex,7.8,0.5632,4.4
897,415,9,54.89,-2.1816,1.0862,45781.0,21.56,1.9302,-1.5432,3150,68.1,680.6,Concave,102.7,0.4507,32.72
898,222,50,7.88,1.4931,2.8347,20450.0,34.93,0.7165,-1.1189,4216,39.3,1054.4,Complex,218.7,0.904,24.06
899,369,35,0.19,-0.7048,2.2649,9768.0,56.15,-1.3866,1.0763,5720,41.0,1534.6,Complex,238.4,0.9102,7.61
900,292,43,31.15,-1.5194,-0.7113,19983.0,52.94,-0.5567,1.7969,6429,17.0,751.0,Complex,315.9,0.2577,66.37
901,14,37,71.1,1.395,1.9721,33990.0,90.26,1.4539,-0.2813,5544,55.9,1359.6,Planar,343.3,0.894,90.18
902,353,3,40.52,4.2928,-4.1412,40110.0,7.68,1.5175,-1.5326,1543,85.7,1167.2,Concave,224.0,0.4367,36.26
903,388,43,38.49,4.469,-2.9797,3800.0,43.09,-0.2621,-1.4384,7373,47.0,1885.4,Convex,3.5,0.6281,71.72
904,477,40,88.37,0.0678,4.5944,31952.0,36.91,0.7616,-1.4711,3929,76.4,1505.3,Planar,427.1,0.0486,96.3
905,413,7,39.21,-4.3976,-4.3412,27647.0,25.04,1.3641,-0.2784,7640,62.2,1451.9,Planar,290.4,0.0048,24.7
906,316,9,21.37,-1.9778,-1.4366,770.0,3.7,1.2717,-0.1514,403,38.0,97.8,Planar,96.2,0.4491,51.35
907,460,49,66.33,-2.7759,-4.8735,26346.0,14.19,-1.2334,1.0612,6435,0.8,1446.8,Complex,31.0,0.386,41.85
908,330,35,38.52,-1.8439,-0.7535,32301.0,30.32,0.1257,1.7933,6207,77.2,93.0,Planar,330.2,0.2955,56.22
909,455,18,20.34,3.5282,3.5189,33122.0,6.01,1.177,-1.1389,5899,85.1,1006.5,Convex,260.6,0.268,48.83
910,89,1,37.96,1.6883,-2.4911,40054.0,11.07,0.8022,1.855,3749,35.7,407.9,Complex,89.9,0.9291,82.68
911,361,43,1.29,0.588,-2.983,34062.0,29.63,-1.78,-1.5622,969,4.7,1633.5,Complex,78.0,0.5428,6.18
912,306,45,87.79,3.3232,2.3467,2455.0,71.48,1.7962,-1.8646,5046,78.1,1512.8,Convex,127.4,0.4816,74.54
913,257,50,50.05,-2.4328,4.56,36435.0,90.85,1.2099,1.0482,7194,15.7,1693.5,Convex,115.7,0.2703,7.02
914,181,10,41.05,1.5365,-0.2922,31208.0,82.76,1.9166,1.3758,4888,12.1,429.4,Convex,457.0,0.0191,88.84
915,376,55,74.77,2.2885,-3.557,18161.0,66.09,-1.2973,-0.7499,1280,30.8,851.1,Complex,91.6,0.602,87.05
916,299,45,37.04,-4.8622,4.6106,27801.0,74.96,-0.7538,-1.3904,7564,68.6,448.4,Convex,38.9,0.8929,4.59
917,209,48,51.11,0.697,-2.1004,1663.0,39.85,0.1909,-1.7204,106,54.8,1818.5,Complex,262.4,0.6204,37.4
918,191,18,87.52,-4.9975,-3.3838,38276.0,5.47,0.7895,-1.6749,1218,22.0,436.6,Convex,77.9,0.4514,77.49
919,413,7,38.17,-2.7034,0.7174,22593.0,53.11,-0.37,0.171,1221,13.0,1344.1,Planar,217.4,0.5193,31.12
920,376,55,42.02,2.2594,-0.5241,35342.0,5.33,0.9498,-0.3816,5977,28.1,1878.5,Concave,285.1,0.0994,37.68
921,255,6,86.25,-1.3624,2.3122,39042.0,5.28,-0.7482,0.0591,509,30.9,112.3,Planar,466.2,0.9314,73.39
922,467,57,80.22,1.7042,-2.8953,39193.0,58.51,-0.5646,-0.4587,5105,28.5,943.9,Convex,365.1,0.4402,79.98
923,232,47,21.88,-0.4962,-4.2198,36886.0,9.39,0.7311,-1.2494,6637,71.4,1970.0,Complex,114.9,0.8019,7.97
924,88,36,9.13,-0.0225,-1.8958,28653.0,58.46,-1.9511,1.3883,4506,10.4,469.6,Planar,309.6,0.5603,26.71
925,469,21,35.12,-1.6965,-3.5914,38632.0,72.28,0.7438,-0.5003,3018,20.6,540.9,Concave,8.8,0.1074,88.81
926,385,6,80.84,4.3427,1.4251,17288.0,85.02,1.8211,1.6456,3568,1.6,1804.8,Concave,419.7,0.5115,97.73
927,78,21,64.89,1.479,1.244,36477.0,67.39,1.3654,-1.4844,2045,48.5,1307.3,Complex,203.0,0.5294,75.19
928,445,22,33.38,1.9639,0.6429,19377.0,21.38,1.363,-0.1846,4705,7.0,480.5,Convex,257.5,0.136,38.09
929,113,30,40.85,0.5756,-4.5687,35163.0,85.05,-0.3006,0.8643,4612,51.8,801.2,Planar,201.7,0.2511,83.91
930,466,40,12.52,-3.3727,-3.7287,48777.0,79.08,1.7696,-1.8706,2403,23.9,871.7,Concave,487.3,0.7064,45.65
931,30,26,24.94,-1.158,1.9749,17143.0,73.86,-1.6983,1.3706,2745,17.1,546.2,Complex,297.7,0.2538,37.9
932,226,5,46.6,-4.0308,-3.8748,32028.0,98.98,0.3183,0.9879,3661,35.0,1305.2,Planar,93.6,0.1364,77.1
933,364,17,20.1,-2.6329,-2.841,20798.0,44.07,0.8084,-0.6371,7744,6.9,1703.2,Concave,462.5,0.5597,35.34
934,218,28,21.81,1.397,4.2084,9571.0,54.63,1.432,-0.4762,4386,57.9,1983.2,Complex,358.9,0.1652,90.63
935,462,13,3.75,-2.8088,-4.013,10398.0,32.28,-0.8661,1.0341,4235,27.2,1313.4,Concave,184.2,0.7897,64.72
936,323,27,61.48,-2.3937,0.453,5954.0,57.73,0.6044,-0.2963,2983,66.4,1121.5,Convex,14.1,0.1885,1.22
937,482,6,65.15,-1.5304,-4.0234,46224.0,78.91,1.3887,-0.6906,4172,32.5,1177.8,Convex,448.8,0.2046,62.16
938,463,56,69.86,2.0381,-0.6897,44207.0,20.93,-0.2804,0.2124,1325,27.8,1074.2,Planar,222.0,0.6895,89.76
939,431,6,23.33,2.7421,3.0821,22217.0,71.36,-0.5582,0.5867,6630,85.2,1110.4,Planar,335.5,0.724,74.76
940,207,34,72.41,-2.4669,-4.4466,25286.0,94.35,-1.457,-0.1603,6700,84.5,443.8,Convex,83.6,0.7402,31.63
941,439,51,29.2,2.6213,-1.9817,8650.0,81.6,1.3088,1.651,1567,8.5,1486.5,Complex,135.5,0.0635,26.57
942,165,26,56.49,-3.6392,2.1937,28340.0,67.0,-0.663,-1.5274,4953,46.6,256.5,Planar,127.8,0.7813,1.39
943,220,47,80.24,0.2111,1.4566,25699.0,36.54,1.641,1.921,7878,17.8,508.9,Complex,325.8,0.7344,33.06
944,84,9,23.6,-1.1139,0.8049,9729.0,58.12,-0.4885,1.2137,6679,60.5,1194.3,Concave,247.6,0.6502,98.49
945,492,16,76.86,-2.8271,3.1836,1486.0,67.81,-0.4936,1.1477,4018,34.7,1907.4,Convex,457.0,0.0638,18.1
946,106,23,18.6,4.2478,4.4593,28821.0,10.36,0.2411,1.9852,414,23.3,209.9,Convex,182.6,0.8574,25.68
947,343,43,41.86,-2.7304,-2.7307,20560.0,33.82,-1.4707,1.9654,7747,23.0,1553.9,Concave,446.6,0.862,19.19
948,452,34,66.4,-1.2828,-2.317,27428.0,21.93,-1.8437,0.4693,4727,57.0,1079.7,Planar,383.9,0.012,33.51
949,500,17,52.72,1.947,4.721,6065.0,98.07,-1.9764,1.2408,4897,78.8,161.6,Complex,180.3,0.8875,29.69
950,269,36,30.93,2.6508,-4.1281,35874.0,4.53,-1.4412,-1.9443,5737,64.1,1012.9,Planar,307.7,0.7835,11.28
951,223,44,11.25,3.32,-1.6171,25708.0,7.28,1.3405,0.5556,641,31.1,104.9,Complex,433.6,0.1596,97.23
952,122,33,2.96,-4.5274,-0.2212,49095.0,96.69,-1.947,-1.7885,2659,7.0,673.2,Complex,224.8,0.3259,36.88
953,267,8,58.91,-1.2682,1.9764,28571.0,14.97,-1.2131,-0.9846,5924,53.1,1060.5,Complex,365.7,0.51,99.47
954,282,32,80.74,2.1029,4.6565,16474.0,37.83,1.8219,-0.799,7270,6.7,1436.9,Complex,96.9,0.7482,55.41
955,58,19,79.35,-3.6191,2.0469,20742.0,16.27,0.7571,-0.4932,7813,13.0,593.7,Concave,216.1,0.4629,66.09
956,266,47,76.02,-3.4668,0.895,47297.0,9.24,1.1783,-1.2867,1855,82.4,1366.1,Convex,15.0,0.8412,21.64
957,54,13,17.65,3.3095,-0.9985,9003.0,11.11,-1.7868,1.7325,5251,88.5,566.9,Convex,187.7,0.4004,3.79
958,252,46,52.17,-4.3263,-4.4185,32010.0,45.62,-1.4759,-1.7848,2925,38.4,993.8,Planar,220.3,0.2912,44.8
959,317,51,69.98,-4.7022,2.7094,34595.0,13.59,-1.1576,-1.6389,7622,32.3,1650.2,Convex,124.2,0.2584,83.52
960,33,36,55.58,3.2495,2.5086,46263.0,7.22,1.235,-1.2277,2896,0.3,1379.2,Complex,368.7,0.9767,62.09
961,500,17,87.94,-0.8021,3.9978,49557.0,29.0,-0.932,0.0581,225,50.5,1801.4,Convex,337.2,0.1293,25.29
962,53,12,35.78,-0.7149,2.3552,32582.0,69.69,-0.2326,-1.7061,7587,4.6,1993.7,Convex,457.5,0.7171,19.63
963,7,33,44.83,-2.2199,-2.3348,5818.0,92.21,-1.5918,1.5112,461,66.2,1291.2,Planar,292.0,0.4166,27.97
964,407,21,40.95,2.9222,-1.1461,24758.0,47.27,1.6255,1.7133,3992,71.6,701.2,Concave,15.3,0.3339,48.06
965,26,28,68.67,-2.8472,-3.3614,39092.0,77.59,-0.0715,1.2164,4123,15.4,831.1,Planar,268.8,0.6428,48.2
966,64,11,43.45,0.0077,4.9184,37094.0,54.46,0.8596,-0.7576,2304,2.9,1033.6,Convex,91.0,0.9163,65.69
967,393,48,89.09,1.3238,0.9475,12645.0,63.27,1.3532,0.2595,4925,27.7,555.9,Convex,66.0,0.6065,66.14
968,241,16,42.26,-4.1958,-3.1576,26538.0,68.91,-0.8935,-0.4066,4850,79.3,1895.5,Convex,345.7,0.0768,36.91
969,12,46,52.99,1.2353,-4.236,32600.0,80.82,0.087,1.3398,271,62.9,546.7,Planar,103.6,0.7898,79.97
970,232,47,81.66,0.5757,4.2938,36833.0,6.19,1.3616,1.0355,3609,24.4,1483.8,Concave,101.2,0.2906,37.55
971,175,3,11.06,-0.6791,4.7248,1497.0,75.11,-1.1259,1.6671,7113,82.7,228.5,Planar,301.3,0.7714,63.54
972,33,36,52.8,1.3566,-1.2164,35957.0,32.29,0.5619,1.7382,4564,72.3,116.0,Concave,230.9,0.2559,40.18
973,122,33,4.1,4.9128,-3.7417,11934.0,96.34,-1.8717,-1.319,1910,15.9,189.3,Complex,214.2,0.2553,26.09
974,372,26,48.97,-4.7939,2.0347,49749.0,80.52,1.8677,-1.9639,2840,25.8,63.2,Concave,151.6,0.9202,0.87
975,259,40,43.58,-1.3412,3.622,1237.0,49.6,-0.0349,1.3516,3217,50.8,1853.4,Convex,390.7,0.5277,2.81
976,343,43,48.03,-2.1959,4.8051,1018.0,71.19,-0.4452,-0.9001,241,85.7,1770.1,Complex,341.3,0.2958,20.96
977,342,3,27.73,0.4773,-2.0187,20925.0,17.59,-0.7523,-1.7024,5366,53.2,296.6,Complex,20.4,0.1683,7.81
978,122,33,40.2,-4.9627,-4.5442,8762.0,62.43,0.0057,1.2329,3642,30.1,900.6,Concave,257.0,0.2169,74.75
979,46,15,5.29,-3.3082,1.597,23257.0,7.76,0.8011,1.9041,841,44.8,1326.4,Concave,413.6,0.2479,15.79
980,72,18,85.74,2.0764,-2.2792,8334.0,7.67,1.6512,1.1172,5017,49.0,685.2,Complex,261.8,0.5794,68.24
981,130,31,59.57,-2.3802,-1.3005,20452.0,83.71,1.5109,-1.5006,5484,81.9,102.7,Complex,410.6,0.8359,48.54
982,343,43,53.51,-0.5487,3.4141,27884.0,85.43,-0.8043,-0.9914,7209,68.9,665.1,Convex,412.7,0.3134,82.25
983,357,2,3.31,1.628,-2.5535,31362.0,97.09,-0.0596,0.542,6863,54.6,1008.4,Planar,254.5,0.2268,64.7
984,141,24,8.35,1.2246,-2.1151,19380.0,94.64,-1.4617,-1.346,1396,89.2,642.2,Concave,128.5,0.9803,34.77
985,210,17,56.53,0.0226,-1.2268,44379.0,26.25,0.2615,-1.6508,746,24.0,1040.0,Concave,247.5,0.155,83.37
986,418,51,5.09,4.8121,2.5971,16017.0,52.6,0.1739,-1.5109,2044,33.2,1613.1,Convex,35.6,0.5824,42.99
987,288,37,17.16,-2.8596,-3.4055,20923.0,58.7,-0.7172,-0.2358,135,28.0,1461.8,Planar,252.6,0.818,37.61
988,450,35,36.7,-2.7765,3.0869,40495.0,79.23,1.2416,-0.0145,4720,13.2,747.7,Complex,287.7,0.1226,88.48
989,95,4,18.16,-2.4415,-1.8397,5363.0,32.36,1.7529,-0.8544,5708,86.4,1522.3,Concave,39.9,0.4984,52.76
990,395,53,82.4,-1.7958,2.7898,10932.0,4.32,0.8719,-1.9857,7347,89.9,950.8,Concave,258.1,0.6073,57.36
991,113,30,60.06,-4.2108,-0.7592,25692.0,58.25,1.9909,1.3163,4037,18.6,58.2,Complex,364.6,0.1763,46.94
992,182,2,50.78,-4.8855,-2.7611,1958.0,35.32,-0.8403,1.8441,6752,15.1,1468.4,Concave,421.4,0.4365,60.61
993,89,1,34.0,-2.2533,-4.4917,2662.0,68.5,0.6573,0.7395,1499,34.8,386.2,Convex,229.9,0.4688,2.18
994,219,16,40.86,0.505,-2.9686,11211.0,14.7,0.3213,0.6677,7828,4.5,277.6,Convex,111.9,0.5694,40.74
995,404,11,33.75,-2.549,-0.177,23050.0,89.07,1.5282,-0.5831,6177,55.8,4.3,Complex,354.1,0.6859,98.48
996,100,35,62.7,4.1107,-0.7543,6679.0,61.56,-0.5591,-1.4869,3710,40.8,1455.4,Convex,444.0,0.7184,12.14
997,139,3,46.81,2.8675,1.6098,25075.0,31.4,1.7698,-1.0594,2936,66.0,1576.9,Complex,181.8,0.9824,15.22
998,55,41,2.51,-4.7595,-3.7516,40971.0,31.36,-0.2096,-0.9484,4105,70.1,836.0,Convex,389.2,0.7301,87.07
999,14,37,11.97,2.5481,3.9912,28978.0,49.36,0.1032,-0.5909,4491,43.0,841.5,Concave,136.2,0.3891,26.37
1000,324,43,20.83,0.4858,4.8333,24046.0,97.77,-0.2038,1.837,3135,87.2,1530.0,Planar,69.0,0.9491,65.69
