record_id,district_id,state_id,datetime,temperature_c,relative_humidity_pct,pressure_hpa,wind_speed_kmh,wind_direction_deg,visibility_m,cloud_cover_oktas,dewpoint_c,weather_condition,station_elevation_m
1,31,3,2019-03-14 03:48:50,9.8,59,946.9,25.7,283,6226,2,1.6,Thunderstorm,2503.0
2,47,6,2019-01-03 04:38:46,16.3,62,1004.4,12.6,157,5746,0,2.4,Clear,2591.0
3,31,3,2024-08-10 21:23:55,19.6,55,938.5,8.1,199,6201,5,3.4,Clear,1639.0
4,15,2,2022-03-11 20:28:25,23.3,85,932.3,61.6,313,5596,7,12.4,Cloudy,3595.0
5,60,8,2023-03-11 16:10:59,7.1,90,909.1,64.1,115,5122,1,5.5,Thunderstorm,3583.0
6,54,6,2020-03-21 19:40:32,19.0,89,943.5,20.2,322,903,1,4.9,Rain,2588.0
7,33,4,2018-09-27 02:10:37,29.8,48,910.6,31.3,68,1096,8,7.1,Rain,2280.0
8,28,3,2021-04-23 22:36:26,12.0,74,964.8,26.5,268,3167,7,6.0,Clear,3966.0
9,59,8,2024-12-07 11:20:35,31.2,64,911.9,24.0,304,2361,6,2.0,Clear,3504.0
10,23,3,2020-11-02 20:25:51,7.5,98,967.9,36.2,117,2079,1,12.4,Clear,2369.0
11,3,1,2024-05-29 09:47:46,17.4,47,930.2,11.6,197,5585,0,5.4,Heavy Rain,2526.0
12,45,5,2021-03-16 06:22:25,13.2,90,952.8,28.0,254,5679,1,8.3,Fog,3259.0
13,13,2,2024-10-18 13:34:11,19.9,56,975.2,57.0,7,5688,5,14.1,Clear,1562.0
14,3,1,2024-08-14 05:28:30,17.4,67,964.5,8.6,2,960,0,8.8,Fog,2392.0
15,50,6,2019-12-29 09:02:58,20.6,93,952.4,31.4,297,8099,1,-3.4,Heavy Rain,1577.0
16,18,2,2019-08-30 00:16:11,34.3,78,971.1,48.4,303,7685,0,10.5,Clear,2881.0
17,49,6,2018-07-10 03:35:13,6.9,77,1002.2,27.2,238,8301,3,2.8,Heavy Rain,3215.0
18,37,4,2022-07-31 20:25:09,29.9,97,972.6,52.4,292,2804,7,14.2,Thunderstorm,2033.0
19,11,1,2024-10-14 21:13:46,30.7,88,942.7,50.1,226,4148,7,1.0,Heavy Rain,3056.0
20,47,6,2020-01-26 00:48:26,27.0,82,1008.4,45.6,154,4452,0,-2.5,Rain,2103.0
21,50,6,2023-09-18 22:11:18,30.7,85,1004.2,9.8,143,4076,8,6.6,Heavy Rain,3617.0
22,1,1,2019-09-14 03:54:11,23.5,95,959.7,62.6,319,3852,4,4.5,Rain,2884.0
23,56,7,2020-09-08 19:19:52,16.9,63,1009.8,63.1,201,5167,2,-1.7,Fog,3827.0
24,61,8,2021-11-20 13:14:00,20.8,72,1001.5,73.0,204,6189,1,8.3,Thunderstorm,2888.0
25,59,8,2023-12-12 15:51:30,15.6,98,904.3,78.8,66,9327,2,-2.5,Rain,3683.0
26,18,2,2020-12-20 22:08:28,26.6,100,950.7,70.7,276,2483,2,5.5,Clear,4288.0
27,23,3,2024-10-06 13:57:40,8.7,92,904.8,2.8,94,3781,6,13.2,Cloudy,4273.0
28,10,1,2023-08-21 20:51:42,8.2,91,996.9,52.4,40,706,8,3.4,Rain,3742.0
29,18,2,2019-12-07 20:22:17,26.6,62,998.7,67.1,124,6461,3,8.4,Thunderstorm,1673.0
30,37,4,2021-12-24 18:03:02,32.5,48,1006.9,76.5,177,429,1,6.3,Heavy Rain,1423.0
31,27,3,2021-11-05 02:44:10,28.1,86,961.3,50.5,105,8209,6,0.1,Thunderstorm,1852.0
32,33,4,2019-02-11 19:57:20,21.9,88,942.8,51.2,52,824,0,6.6,Clear,3600.0
33,57,7,2020-06-13 18:01:51,22.5,47,920.7,11.7,195,2426,0,-2.3,Cloudy,1509.0
34,4,1,2023-07-23 00:47:33,14.6,47,922.5,27.8,112,1863,7,-1.6,Fog,2059.0
35,32,3,2018-01-17 02:27:18,31.4,43,950.2,78.7,169,2495,8,7.9,Cloudy,4490.0
36,43,5,2022-09-27 00:08:20,34.8,87,921.7,67.5,174,7964,7,5.6,Rain,4030.0
37,1,1,2020-02-20 00:35:13,26.4,78,1007.6,37.5,260,9686,2,4.3,Heavy Rain,2674.0
38,18,2,2019-01-14 01:30:27,25.5,54,912.3,1.8,177,4411,1,4.0,Fog,2365.0
39,46,5,2024-06-05 03:38:42,21.4,87,976.3,71.3,131,5648,7,1.6,Fog,4172.0
40,31,3,2018-09-28 10:58:49,6.7,71,992.6,38.5,228,4154,0,-4.3,Cloudy,4298.0
41,39,4,2020-07-12 18:23:46,8.6,58,965.1,18.5,353,8881,7,14.9,Cloudy,2571.0
42,55,7,2020-10-07 03:51:53,17.2,66,956.1,24.7,6,686,4,2.3,Cloudy,2479.0
43,41,5,2023-07-11 02:37:02,20.7,43,974.3,12.1,303,5202,4,12.2,Thunderstorm,1713.0
44,32,3,2023-08-06 06:02:21,14.8,50,1010.2,55.5,11,6599,6,6.4,Rain,2085.0
45,27,3,2023-07-23 07:39:48,34.7,70,910.8,6.9,48,2791,0,14.3,Heavy Rain,1918.0
46,32,3,2022-04-21 20:08:59,32.0,91,997.9,38.7,214,2847,7,-4.2,Thunderstorm,3515.0
47,21,2,2024-02-05 20:07:25,29.7,87,987.7,17.4,154,2887,8,-4.6,Cloudy,1894.0
48,18,2,2021-06-13 05:26:03,10.3,91,1011.9,57.6,249,1679,2,-1.4,Clear,1911.0
49,21,2,2021-05-22 00:44:24,19.3,59,938.2,11.7,27,6408,1,9.6,Heavy Rain,3357.0
50,61,8,2019-11-07 20:48:28,14.4,88,910.1,69.6,203,6942,4,9.5,Thunderstorm,4030.0
51,57,7,2020-04-04 12:37:45,14.9,60,906.8,26.2,95,5394,1,-1.5,Clear,1685.0
52,53,6,2018-10-17 17:49:57,22.5,68,972.9,22.1,144,2034,1,-0.2,Thunderstorm,4374.0
53,22,2,2018-03-06 00:39:58,27.0,79,922.3,27.0,244,2791,0,11.9,Heavy Rain,3115.0
54,59,8,2021-02-01 20:12:05,11.8,50,1006.1,38.8,268,8471,0,12.3,Heavy Rain,2378.0
55,60,8,2021-06-24 05:42:21,24.3,89,921.0,47.8,290,7351,5,-0.3,Thunderstorm,1612.0
56,21,2,2018-08-01 11:50:27,24.7,71,1004.5,59.4,246,4033,7,-3.8,Fog,3862.0
57,5,1,2019-03-15 10:31:53,11.8,49,913.1,64.5,53,6877,5,11.5,Cloudy,4460.0
58,9,1,2024-01-06 12:33:28,13.8,56,949.5,29.2,74,6046,5,4.6,Clear,2212.0
59,57,7,2019-08-11 00:50:37,12.3,55,920.2,70.7,46,6723,2,-2.9,Heavy Rain,2395.0
60,58,7,2020-04-11 23:33:35,30.9,40,913.4,9.9,181,8354,2,4.0,Cloudy,3700.0
61,50,6,2023-10-06 18:06:22,19.6,83,969.5,45.8,82,1187,3,13.9,Heavy Rain,1111.0
62,22,2,2019-09-08 13:25:44,32.3,77,942.1,53.7,300,9196,6,13.4,Cloudy,2541.0
63,8,1,2018-05-20 20:19:01,15.7,88,928.5,19.6,250,8533,6,4.4,Clear,3943.0
64,32,3,2022-07-25 13:44:55,34.8,90,986.7,5.8,354,2980,4,-3.6,Rain,3196.0
65,3,1,2020-10-26 18:03:26,33.0,93,910.9,16.3,164,7496,1,10.6,Thunderstorm,3433.0
66,12,1,2018-02-12 03:52:37,19.0,40,908.6,13.3,10,6001,6,5.2,Rain,4330.0
67,50,6,2023-07-09 06:29:43,22.0,52,982.8,71.1,263,7301,2,0.8,Fog,1220.0
68,10,1,2018-05-03 02:33:52,33.1,100,995.9,12.5,359,5147,6,11.3,Heavy Rain,2596.0
69,42,5,2024-11-28 13:57:44,22.5,94,941.5,36.8,257,6225,8,-1.5,Clear,2082.0
70,56,7,2019-11-11 06:27:40,14.4,80,986.5,48.5,318,4587,8,1.5,Thunderstorm,2103.0
71,3,1,2022-03-30 12:11:03,21.6,85,1011.8,3.6,11,816,3,3.4,Thunderstorm,3083.0
72,60,8,2018-12-15 21:04:53,25.5,64,938.7,32.2,302,1273,2,6.1,Thunderstorm,2781.0
73,7,1,2024-08-15 03:58:21,5.7,87,907.0,19.7,21,2982,5,11.0,Heavy Rain,3378.0
74,55,7,2023-07-03 15:47:19,12.1,81,943.0,1.0,226,1337,1,3.8,Clear,2075.0
75,9,1,2021-10-07 16:32:44,29.7,94,929.4,19.0,352,4690,7,1.9,Fog,1175.0
76,35,4,2019-04-17 02:15:14,17.2,95,984.5,53.6,297,9972,1,12.9,Heavy Rain,1273.0
77,39,4,2023-08-21 15:29:57,24.8,47,1002.5,66.6,101,2066,7,-3.7,Thunderstorm,1445.0
78,53,6,2024-04-01 07:02:30,23.1,46,938.6,2.0,163,8220,5,8.8,Cloudy,4145.0
79,3,1,2024-05-14 21:22:47,33.2,79,918.6,38.2,135,9496,2,7.8,Fog,1874.0
80,11,1,2022-12-24 16:29:16,16.5,92,996.5,33.6,238,8030,0,-3.2,Rain,1014.0
81,59,8,2023-06-08 22:38:21,11.1,85,911.1,41.0,71,8331,0,-4.3,Thunderstorm,3355.0
82,55,7,2024-11-26 16:25:20,30.6,85,936.8,21.8,235,5199,0,10.2,Cloudy,2525.0
83,12,1,2020-10-10 10:15:54,26.2,96,968.0,63.2,318,1689,8,11.9,Cloudy,4346.0
84,8,1,2019-08-22 03:54:57,8.4,87,924.1,41.0,350,1670,6,0.0,Fog,1707.0
85,10,1,2024-06-13 11:15:01,17.5,60,952.0,33.3,7,1986,4,3.7,Clear,2858.0
86,20,2,2024-09-27 11:22:39,5.1,99,1008.3,1.9,218,8520,4,7.3,Cloudy,2062.0
87,58,7,2022-02-19 01:12:16,15.7,51,961.7,62.7,15,9911,0,-2.2,Fog,3348.0
88,8,1,2018-12-03 16:47:39,26.9,84,987.3,45.1,287,819,7,13.9,Rain,3139.0
89,33,4,2021-03-04 12:12:39,18.2,78,929.6,43.7,91,1266,4,-4.0,Fog,2865.0
90,3,1,2020-05-19 05:53:17,22.6,70,984.9,71.6,119,8418,3,8.7,Thunderstorm,3680.0
91,55,7,2022-04-01 12:35:01,28.7,71,977.9,53.2,183,7860,4,13.5,Rain,2068.0
92,47,6,2022-11-23 18:52:33,22.5,42,936.6,68.2,179,5281,2,5.4,Fog,4416.0
93,38,4,2019-09-13 00:22:23,19.6,42,1005.0,42.1,74,1754,1,-0.4,Rain,2501.0
94,20,2,2019-03-14 06:28:13,28.3,99,983.2,29.8,15,1743,1,3.3,Thunderstorm,1509.0
95,52,6,2019-11-08 12:53:47,6.3,44,929.5,67.4,53,9003,4,0.4,Thunderstorm,3329.0
96,8,1,2023-09-07 13:04:53,23.1,63,972.4,22.8,311,5811,8,10.5,Heavy Rain,1089.0
97,44,5,2023-07-07 06:34:11,26.0,66,924.6,20.3,34,6972,8,0.3,Rain,2689.0
98,34,4,2020-09-07 13:25:34,20.8,81,916.9,57.3,355,3629,0,8.3,Fog,1412.0
99,11,1,2018-09-26 11:50:23,33.4,63,931.7,58.2,204,7650,8,10.0,Clear,1255.0
100,24,3,2019-10-12 22:30:57,15.6,54,917.1,38.7,235,4180,8,9.0,Fog,2534.0
101,7,1,2018-01-24 04:38:31,10.6,77,911.1,8.7,106,178,4,9.4,Cloudy,3056.0
102,40,5,2020-01-10 03:42:58,9.3,55,967.8,4.5,115,6052,1,11.6,Fog,1807.0
103,37,4,2019-04-28 12:13:34,31.0,41,1008.8,61.8,88,3192,1,8.7,Clear,1481.0
104,10,1,2020-08-01 01:01:38,25.1,45,996.8,7.4,211,9349,8,14.4,Heavy Rain,2802.0
105,62,8,2019-03-09 16:46:19,15.5,64,951.1,43.2,291,6883,7,8.1,Clear,2856.0
106,51,6,2022-11-03 18:11:11,18.6,77,982.8,41.1,19,6290,7,14.0,Cloudy,2914.0
107,48,6,2018-12-20 03:09:11,23.0,46,982.5,14.2,295,4653,5,1.9,Rain,3678.0
108,58,7,2023-11-07 17:46:48,29.3,43,903.5,37.6,174,7272,6,5.6,Fog,2464.0
109,44,5,2019-11-30 14:20:29,26.4,50,950.5,49.0,117,2237,1,13.4,Fog,4438.0
110,46,5,2019-01-15 13:38:32,26.5,69,902.7,15.0,269,5224,6,-4.2,Rain,2859.0
111,39,4,2023-02-02 13:18:10,23.0,43,964.8,29.2,8,2723,3,-4.9,Rain,2650.0
112,41,5,2018-12-21 13:21:49,19.9,63,931.9,15.0,99,5998,4,4.3,Rain,1767.0
113,30,3,2022-02-13 00:33:34,11.8,67,989.1,24.4,321,6758,4,7.6,Clear,4305.0
114,16,2,2018-06-20 14:36:23,9.7,74,907.9,26.2,127,7639,5,13.3,Fog,2360.0
115,53,6,2023-11-04 15:30:00,14.6,60,967.0,64.5,120,9064,0,10.2,Rain,4247.0
116,50,6,2021-03-26 14:50:49,6.5,89,923.7,80.0,210,9598,2,13.9,Thunderstorm,3567.0
117,38,4,2021-09-23 04:24:39,29.0,55,989.2,11.3,276,253,3,9.9,Rain,1142.0
118,14,2,2024-05-30 02:52:23,12.5,86,984.9,29.2,132,1298,6,2.2,Heavy Rain,1152.0
119,21,2,2021-05-17 01:09:44,11.1,63,945.8,78.4,179,4485,4,4.6,Cloudy,2684.0
120,36,4,2018-04-14 10:46:21,34.8,50,917.0,3.9,23,3515,7,13.3,Fog,1424.0
121,50,6,2019-06-09 18:26:53,30.7,79,991.8,61.9,1,3230,7,13.2,Cloudy,2300.0
122,59,8,2018-02-01 09:34:51,10.8,72,980.3,75.9,95,1840,4,-3.9,Thunderstorm,1577.0
123,19,2,2018-05-18 20:45:07,28.1,66,998.5,2.7,158,2871,1,11.4,Cloudy,1363.0
124,56,7,2019-12-14 03:54:07,28.6,45,1004.5,27.7,206,2754,3,0.7,Clear,3587.0
125,57,7,2024-01-26 15:28:42,15.6,67,914.3,34.6,230,3179,5,1.0,Rain,3972.0
126,56,7,2021-05-28 01:39:30,9.6,41,929.8,62.7,53,5554,3,3.9,Clear,4378.0
127,54,6,2018-06-14 01:30:59,16.4,69,936.0,55.7,270,8513,3,0.8,Rain,3985.0
128,29,3,2021-12-08 09:18:47,8.7,67,992.5,72.9,15,5009,0,2.8,Cloudy,937.0
129,62,8,2018-08-10 23:47:00,34.2,88,901.3,10.4,132,7318,6,9.9,Cloudy,1598.0
130,8,1,2023-09-10 07:59:04,22.7,64,957.9,50.7,284,8152,5,14.0,Heavy Rain,1651.0
131,58,7,2020-07-19 15:34:22,17.7,59,1002.0,18.0,100,254,4,4.2,Thunderstorm,3538.0
132,6,1,2021-03-29 04:51:14,13.9,84,981.7,64.5,307,1481,3,12.8,Clear,4159.0
133,23,3,2022-03-18 05:39:02,31.2,55,1008.2,34.6,346,1831,8,13.1,Fog,1236.0
134,17,2,2022-07-15 21:37:28,22.9,71,937.4,42.4,69,6489,4,1.9,Cloudy,1976.0
135,9,1,2023-02-11 23:15:58,34.6,67,964.9,55.6,99,5869,5,1.9,Cloudy,1269.0
136,44,5,2022-02-17 23:02:36,6.6,97,959.5,46.4,117,8162,3,11.8,Thunderstorm,4205.0
137,38,4,2022-10-04 19:32:16,15.6,53,907.9,66.9,5,4201,8,6.7,Clear,3891.0
138,30,3,2021-01-30 02:37:34,32.0,50,963.0,4.8,209,1635,6,9.5,Cloudy,3251.0
139,34,4,2021-04-05 17:35:17,21.7,100,1000.1,21.8,293,5438,8,4.2,Rain,3578.0
140,56,7,2018-11-04 09:03:39,28.8,64,978.3,63.7,202,3447,0,8.5,Heavy Rain,2776.0
141,22,2,2022-05-20 03:04:51,25.2,82,903.0,23.3,71,7034,2,0.9,Thunderstorm,4066.0
142,1,1,2019-03-18 18:38:29,17.9,48,995.4,21.1,308,5862,4,6.7,Heavy Rain,4330.0
143,61,8,2020-03-03 11:56:46,30.8,98,901.6,38.2,110,4557,8,14.0,Thunderstorm,3521.0
144,22,2,2019-06-23 02:21:58,14.6,100,994.3,43.1,339,3304,2,-2.3,Fog,3493.0
145,33,4,2021-05-16 16:50:19,17.6,86,912.2,76.3,342,4486,7,-3.9,Heavy Rain,3178.0
146,52,6,2022-01-11 06:01:41,31.7,73,948.5,12.9,242,888,4,2.2,Cloudy,2084.0
147,32,3,2021-03-01 00:30:54,35.0,99,969.9,46.9,172,4278,0,14.8,Cloudy,2246.0
148,32,3,2019-05-08 01:41:45,10.8,100,961.5,39.1,262,7341,0,-0.9,Thunderstorm,918.0
149,37,4,2018-04-16 03:03:40,18.3,84,924.3,29.3,276,6779,2,4.4,Cloudy,1823.0
150,28,3,2024-05-06 16:55:43,14.4,81,921.5,64.9,13,1470,5,9.4,Heavy Rain,2561.0
151,6,1,2020-09-11 07:05:03,22.1,41,1003.0,75.8,251,9230,2,11.0,Heavy Rain,4322.0
152,45,5,2018-02-07 17:07:15,18.1,59,1007.3,17.5,212,9099,0,12.7,Rain,3035.0
153,13,2,2019-11-15 07:19:38,22.6,88,1009.7,9.2,311,5828,0,-1.2,Thunderstorm,3844.0
154,62,8,2024-05-11 07:34:41,6.4,40,952.6,77.6,287,3088,4,2.9,Fog,1275.0
155,19,2,2020-05-13 15:04:18,17.4,73,951.9,19.8,86,2656,4,7.4,Clear,3481.0
156,48,6,2019-01-03 19:08:37,16.0,93,983.4,76.5,4,3550,7,9.0,Thunderstorm,1410.0
157,28,3,2020-04-17 05:18:32,15.2,87,962.3,59.7,118,3152,3,14.9,Fog,2983.0
158,20,2,2021-03-09 01:55:08,27.2,84,908.3,5.7,349,4456,1,4.4,Fog,4229.0
159,11,1,2018-09-20 23:07:12,23.2,45,999.9,64.2,31,1855,8,11.0,Rain,2564.0
160,50,6,2024-07-24 13:50:04,17.0,77,924.1,28.5,133,9721,1,7.5,Cloudy,4221.0
161,56,7,2021-12-07 22:22:12,27.3,44,960.1,46.1,56,1169,2,13.6,Rain,3366.0
162,38,4,2018-05-07 15:36:38,33.5,83,971.3,38.3,21,9359,7,12.5,Heavy Rain,1701.0
163,52,6,2019-07-01 06:09:26,17.2,59,967.3,1.0,30,8181,3,5.4,Rain,1354.0
164,60,8,2018-07-05 06:14:12,29.0,79,910.4,45.1,357,8928,6,2.2,Cloudy,3240.0
165,24,3,2024-04-03 13:17:16,9.5,87,967.6,71.1,271,8100,7,8.0,Fog,1264.0
166,43,5,2020-07-12 14:52:48,16.8,59,962.0,10.5,310,7211,5,11.6,Thunderstorm,2703.0
167,30,3,2018-12-25 06:15:12,25.1,47,973.6,16.8,70,6238,0,14.0,Rain,1020.0
168,53,6,2024-10-27 22:51:43,11.4,84,1008.1,32.4,111,9170,0,14.4,Heavy Rain,4115.0
169,24,3,2020-03-12 23:50:09,11.6,85,935.0,30.2,120,9573,7,8.1,Fog,4152.0
170,8,1,2024-02-05 21:12:09,7.5,98,1005.7,32.3,302,4010,7,11.0,Thunderstorm,4333.0
171,38,4,2023-10-02 03:38:18,13.4,47,905.3,56.2,178,9672,5,-4.6,Cloudy,3439.0
172,13,2,2019-11-10 00:56:35,19.2,87,996.8,14.8,10,6760,3,-3.6,Heavy Rain,2975.0
173,58,7,2019-06-20 04:24:05,28.2,48,932.5,2.1,242,7644,2,-0.5,Heavy Rain,997.0
174,62,8,2021-07-24 08:31:07,32.9,58,923.2,65.1,123,5841,7,5.0,Thunderstorm,1813.0
175,61,8,2019-10-27 08:16:29,20.5,71,905.0,39.6,131,8369,6,-4.5,Rain,2360.0
176,19,2,2022-07-01 05:36:37,5.6,53,981.2,60.7,98,4169,4,0.2,Clear,3767.0
177,49,6,2022-10-08 21:40:40,33.8,56,943.0,62.4,256,3532,8,9.9,Heavy Rain,4016.0
178,40,5,2018-10-07 12:16:39,21.2,68,1006.0,13.5,75,8331,3,2.7,Thunderstorm,2082.0
179,52,6,2020-01-20 00:13:10,11.0,75,971.6,78.2,357,2839,6,9.4,Rain,4228.0
180,44,5,2021-04-09 23:22:40,26.1,76,909.9,35.3,78,2794,0,1.9,Rain,2412.0
181,53,6,2018-10-21 07:30:40,23.7,47,1004.1,18.4,345,9988,3,-3.7,Cloudy,2387.0
182,15,2,2023-10-16 04:08:47,32.0,46,978.0,39.4,342,6093,6,14.9,Heavy Rain,1630.0
183,9,1,2019-04-10 20:29:44,9.5,86,924.9,39.9,350,3303,4,3.8,Rain,4348.0
184,21,2,2021-12-14 23:43:50,11.6,69,978.4,55.3,265,1618,5,4.2,Cloudy,1728.0
185,44,5,2018-06-16 03:06:23,26.1,97,963.9,65.6,149,4496,2,10.3,Cloudy,4181.0
186,46,5,2019-11-28 00:41:10,30.3,70,932.3,14.2,47,5940,3,5.2,Cloudy,4020.0
187,6,1,2018-07-19 14:17:00,18.5,57,926.4,24.5,127,9803,5,0.5,Heavy Rain,3226.0
188,6,1,2024-04-06 06:33:57,25.9,52,969.3,41.3,355,2541,3,0.3,Fog,2117.0
189,44,5,2024-11-16 06:20:41,17.7,47,963.1,46.3,42,2374,2,14.4,Cloudy,3461.0
190,59,8,2024-02-07 09:10:06,9.5,58,976.2,56.7,175,8198,2,5.3,Rain,1111.0
191,23,3,2019-05-28 12:53:02,32.1,79,979.6,34.9,298,5310,7,4.4,Heavy Rain,2405.0
192,46,5,2020-03-19 20:49:16,7.9,42,959.0,27.5,91,7349,6,12.1,Clear,3999.0
193,54,6,2023-09-03 23:23:08,20.8,69,902.0,3.3,50,4911,6,14.0,Clear,1243.0
194,22,2,2018-10-23 18:55:22,27.6,78,918.5,76.7,153,7424,4,14.1,Rain,1555.0
195,30,3,2022-10-04 05:13:30,33.2,92,1009.3,2.6,162,9400,3,5.6,Thunderstorm,4098.0
196,56,7,2022-08-04 13:50:46,27.6,85,966.4,48.8,351,4285,0,12.3,Thunderstorm,3645.0
197,15,2,2024-12-25 23:05:28,6.2,64,901.3,64.8,190,8832,7,0.2,Heavy Rain,2856.0
198,50,6,2019-10-09 05:44:42,24.3,92,937.4,57.8,169,477,0,4.7,Heavy Rain,1722.0
199,62,8,2021-08-15 09:51:34,10.2,60,998.8,6.1,231,8267,3,7.3,Heavy Rain,3637.0
200,15,2,2022-07-30 07:26:52,25.7,80,999.6,26.5,353,7825,4,5.5,Heavy Rain,1249.0
201,42,5,2022-05-08 14:16:24,27.8,88,923.9,79.0,224,7227,1,13.9,Fog,1152.0
202,19,2,2023-11-12 21:49:57,16.8,80,1002.2,71.3,223,9319,2,0.2,Clear,3062.0
203,46,5,2020-05-11 16:14:47,16.0,60,909.6,23.7,122,9365,2,-0.0,Cloudy,2257.0
204,45,5,2018-12-26 08:39:05,22.0,66,1005.9,74.2,359,7747,2,6.1,Clear,4497.0
205,3,1,2022-04-29 04:53:27,10.0,41,913.9,59.3,186,8592,5,4.9,Cloudy,2171.0
206,53,6,2021-06-22 14:32:35,12.3,74,974.5,0.2,318,1637,6,1.1,Cloudy,3639.0
207,21,2,2019-12-26 00:10:46,22.6,40,929.1,44.3,249,2939,4,12.1,Rain,2371.0
208,32,3,2023-08-09 02:45:44,14.9,90,956.5,69.7,312,8469,0,6.9,Heavy Rain,1737.0
209,30,3,2022-10-24 03:58:46,29.8,69,956.1,77.5,80,9902,7,-0.3,Heavy Rain,1436.0
210,38,4,2020-12-10 01:14:26,20.2,88,924.2,52.3,153,2674,3,-4.3,Rain,2976.0
211,39,4,2019-07-09 11:10:06,29.2,60,961.5,9.9,78,753,7,-4.9,Cloudy,4283.0
212,27,3,2023-01-29 07:58:29,29.8,61,981.8,41.8,249,9712,8,6.8,Fog,2718.0
213,31,3,2022-03-26 15:47:44,22.1,73,957.1,20.9,239,8974,0,7.8,Heavy Rain,3685.0
214,17,2,2020-07-03 00:03:56,19.9,60,950.3,5.8,204,3413,0,9.2,Thunderstorm,1213.0
215,13,2,2019-12-17 09:09:48,5.7,57,971.4,17.4,113,5549,6,0.5,Heavy Rain,1075.0
216,59,8,2023-01-07 02:13:44,15.2,67,926.4,5.9,336,2488,1,4.5,Fog,3483.0
217,13,2,2022-11-06 04:30:10,13.8,45,987.3,64.4,123,8320,1,7.7,Thunderstorm,2131.0
218,41,5,2021-04-10 11:23:17,21.7,91,1012.2,21.8,194,3317,5,-4.1,Rain,4336.0
219,30,3,2021-11-30 11:06:55,6.1,73,959.8,63.0,125,4387,7,0.1,Rain,3148.0
220,44,5,2018-12-13 14:09:32,9.4,74,1008.1,72.8,169,6026,8,6.7,Rain,3341.0
221,18,2,2018-09-21 05:54:56,12.1,95,990.1,49.2,123,6778,8,-2.0,Clear,1974.0
222,16,2,2022-06-07 05:18:31,27.4,88,950.3,72.7,203,6997,6,-4.5,Clear,3938.0
223,46,5,2021-03-09 05:29:21,29.2,51,955.8,9.8,59,3271,2,5.1,Thunderstorm,1981.0
224,60,8,2024-05-23 15:36:30,20.5,59,932.5,57.9,68,6518,8,7.2,Thunderstorm,1223.0
225,21,2,2021-12-08 17:40:33,11.6,43,939.9,45.3,125,6894,2,11.2,Rain,2904.0
226,40,5,2018-12-06 21:12:41,16.9,42,926.0,40.1,49,6292,1,4.4,Heavy Rain,4323.0
227,37,4,2021-06-21 04:50:10,33.0,99,980.3,61.4,184,8224,4,13.8,Clear,1913.0
228,59,8,2021-06-26 05:03:08,13.7,40,979.5,65.1,150,6506,1,-0.7,Cloudy,3683.0
229,21,2,2019-05-28 11:41:47,10.6,46,929.9,63.8,154,4778,3,9.9,Heavy Rain,1831.0
230,37,4,2018-11-05 13:38:18,31.9,70,927.4,63.5,283,9655,3,-4.7,Thunderstorm,2824.0
231,34,4,2018-06-24 19:17:16,5.2,83,924.2,57.5,37,622,4,14.1,Cloudy,3564.0
232,39,4,2022-10-26 05:42:59,31.5,75,993.8,9.0,37,1412,1,5.8,Heavy Rain,2694.0
233,56,7,2021-08-18 21:05:52,26.1,82,903.3,10.9,95,6014,6,4.1,Fog,3647.0
234,39,4,2022-04-03 03:34:17,34.1,81,909.7,30.0,180,8636,8,14.1,Thunderstorm,3626.0
235,8,1,2019-06-02 15:45:08,15.8,67,949.9,44.0,308,9814,7,13.2,Cloudy,4315.0
236,33,4,2024-12-06 08:18:07,10.0,55,987.1,26.3,24,6455,7,11.2,Thunderstorm,2836.0
237,41,5,2023-05-13 10:27:15,20.0,72,1011.8,18.1,351,2977,1,0.2,Heavy Rain,1906.0
238,36,4,2021-01-19 21:52:41,30.1,95,964.9,68.4,12,882,6,10.9,Clear,2172.0
239,57,7,2023-12-12 20:09:39,7.8,96,926.1,8.9,298,3775,0,-4.9,Clear,1713.0
240,39,4,2023-04-27 03:31:14,28.6,53,910.6,26.4,154,452,8,9.8,Cloudy,3683.0
241,16,2,2019-02-04 17:11:14,15.6,85,909.7,8.2,218,7298,4,-1.4,Rain,2979.0
242,35,4,2024-06-02 05:14:54,14.5,67,1004.2,73.1,222,7229,2,1.9,Clear,3625.0
243,15,2,2022-03-20 15:43:33,17.5,71,925.7,9.5,130,5246,8,12.6,Rain,4380.0
244,5,1,2023-12-22 20:56:48,32.3,54,950.0,22.9,38,9965,1,2.2,Thunderstorm,2599.0
245,37,4,2018-09-04 07:43:41,23.7,45,941.3,40.3,327,7705,1,-3.7,Rain,1681.0
246,23,3,2019-02-21 06:51:07,5.3,97,989.1,3.2,231,4526,7,2.8,Cloudy,3042.0
247,9,1,2021-05-26 23:00:36,15.0,60,907.8,64.9,19,3669,7,-2.4,Cloudy,1472.0
248,3,1,2023-09-22 19:56:49,25.9,48,925.4,40.6,205,3668,8,3.4,Thunderstorm,1443.0
249,37,4,2020-03-27 05:13:45,28.4,42,909.5,41.0,331,8305,7,-3.4,Cloudy,2042.0
250,57,7,2020-12-02 01:32:47,22.9,43,1002.4,0.6,48,4707,8,8.3,Cloudy,3699.0
251,30,3,2023-03-26 18:30:23,20.0,54,963.8,30.2,98,8242,1,10.3,Fog,2142.0
252,41,5,2024-05-30 08:46:55,33.2,83,988.9,17.2,214,1565,2,2.2,Rain,4179.0
253,42,5,2019-02-09 09:50:43,27.7,42,975.9,12.0,185,598,1,2.8,Rain,2518.0
254,17,2,2022-12-04 00:54:52,29.0,92,966.8,65.6,49,9408,3,14.1,Cloudy,2303.0
255,56,7,2020-12-17 15:12:41,20.7,44,923.7,31.3,354,5954,4,9.5,Clear,977.0
256,18,2,2024-01-05 14:33:14,31.3,48,968.8,17.9,124,8021,7,11.0,Cloudy,1984.0
257,5,1,2024-12-16 08:32:27,5.1,45,996.0,61.7,128,4852,8,5.0,Fog,1009.0
258,12,1,2024-05-08 22:02:07,19.7,79,1011.5,15.5,239,1750,2,12.1,Clear,4176.0
259,6,1,2019-02-04 06:05:52,24.4,46,976.2,78.0,334,9463,8,-3.5,Clear,1718.0
260,52,6,2024-06-29 00:31:23,31.7,43,933.1,47.1,147,5514,4,5.7,Heavy Rain,2817.0
261,44,5,2024-07-19 14:12:49,19.8,81,1007.9,21.3,214,3200,7,-4.6,Rain,1011.0
262,28,3,2023-11-30 00:40:28,18.4,44,917.3,27.1,39,1447,5,11.9,Thunderstorm,2737.0
263,28,3,2024-05-28 11:46:50,22.6,78,996.3,65.6,144,1593,1,0.9,Cloudy,2309.0
264,50,6,2020-09-08 07:01:28,8.0,91,944.7,41.4,40,4021,5,7.6,Rain,3290.0
265,17,2,2022-10-10 05:58:38,20.2,40,1001.7,55.1,155,2717,1,5.1,Fog,3855.0
266,5,1,2018-11-19 01:33:12,8.2,75,938.2,50.0,314,1890,5,13.7,Fog,2204.0
267,32,3,2020-04-16 00:07:12,31.3,78,921.1,39.6,33,1616,6,-4.3,Fog,1186.0
268,30,3,2020-12-26 04:53:58,24.8,96,931.7,64.6,212,9270,5,5.0,Heavy Rain,2714.0
269,38,4,2020-09-07 04:20:10,25.8,95,953.3,27.3,201,3872,6,3.8,Heavy Rain,2436.0
270,35,4,2019-03-28 03:09:09,32.5,78,924.7,79.3,64,6176,0,-3.4,Thunderstorm,1142.0
271,58,7,2023-05-20 20:02:52,15.0,93,945.1,60.1,309,2190,3,-1.8,Cloudy,2425.0
272,26,3,2022-07-03 02:29:33,25.8,61,983.5,28.1,294,3511,0,2.2,Clear,1412.0
273,26,3,2023-02-21 18:30:18,22.3,77,956.3,67.6,77,3212,3,7.7,Cloudy,3723.0
274,18,2,2024-09-02 09:07:11,22.8,67,979.8,37.8,35,9740,8,1.9,Cloudy,3048.0
275,46,5,2020-06-26 15:37:24,9.6,58,933.9,61.5,207,546,4,1.2,Heavy Rain,1646.0
276,50,6,2019-09-01 00:23:45,18.0,77,937.9,27.1,329,2976,8,14.7,Clear,921.0
277,58,7,2018-11-17 23:17:16,10.9,50,957.2,59.8,22,4208,3,14.4,Heavy Rain,1467.0
278,19,2,2022-06-06 08:39:49,21.3,100,933.7,36.4,39,3912,7,13.9,Rain,2599.0
279,10,1,2022-10-07 17:40:53,5.8,87,956.1,73.2,302,5070,4,-2.3,Clear,1154.0
280,15,2,2019-07-14 23:18:00,30.2,78,1004.0,57.1,91,2033,5,-4.2,Thunderstorm,1147.0
281,1,1,2022-11-28 09:25:13,34.6,76,913.3,30.2,59,2920,8,11.7,Heavy Rain,2429.0
282,51,6,2024-12-28 04:06:05,23.5,93,903.6,62.1,216,7006,7,-4.2,Fog,2778.0
283,25,3,2020-12-25 20:38:48,32.3,81,904.3,50.3,152,2312,8,10.4,Fog,3559.0
284,41,5,2024-10-16 06:12:01,15.3,93,1005.9,37.6,191,7020,3,5.2,Heavy Rain,2335.0
285,45,5,2022-09-05 03:41:32,31.0,57,971.0,66.5,15,8967,2,7.4,Fog,4389.0
286,21,2,2023-05-07 04:23:11,9.9,61,964.8,60.8,330,9483,6,2.0,Cloudy,1938.0
287,59,8,2021-01-17 11:34:46,7.3,100,953.5,29.4,13,2367,6,-2.0,Heavy Rain,2026.0
288,60,8,2021-07-03 23:49:37,33.8,56,996.1,37.8,290,3605,1,4.2,Thunderstorm,2983.0
289,49,6,2024-03-18 23:18:19,24.6,60,922.8,66.7,130,8485,7,-0.5,Cloudy,2055.0
290,59,8,2021-06-17 12:24:57,26.5,84,906.8,73.9,280,9334,8,2.6,Fog,1085.0
291,34,4,2021-12-25 23:11:27,26.7,40,1010.5,38.7,326,9507,1,8.3,Fog,2083.0
292,41,5,2023-02-16 14:06:19,7.0,87,977.7,6.3,69,5327,4,9.7,Clear,2857.0
293,14,2,2023-06-30 14:19:15,21.7,65,968.1,27.2,276,3277,8,-4.4,Fog,1737.0
294,59,8,2021-12-23 01:43:56,27.5,71,935.1,54.0,287,1793,8,-0.2,Thunderstorm,3815.0
295,58,7,2023-11-26 10:09:22,28.3,43,901.8,79.7,337,7990,3,12.5,Rain,4295.0
296,1,1,2023-12-05 07:07:58,19.3,84,955.8,50.1,190,4521,6,6.2,Fog,938.0
297,42,5,2018-02-21 07:01:13,27.3,68,1009.5,56.0,126,3240,0,-0.2,Heavy Rain,3842.0
298,58,7,2020-03-08 18:30:18,8.3,88,919.8,64.4,331,5802,0,12.1,Rain,1691.0
299,15,2,2019-10-11 21:05:24,27.4,62,971.4,52.2,84,9969,7,10.2,Rain,1992.0
300,13,2,2019-06-10 21:15:47,29.7,70,949.9,51.8,204,5275,5,-0.3,Rain,1515.0
301,20,2,2022-11-05 01:22:14,29.9,42,932.3,72.2,105,3684,7,2.6,Fog,2683.0
302,21,2,2021-05-17 01:32:08,16.7,69,960.6,29.2,226,3476,5,-4.1,Thunderstorm,3135.0
303,1,1,2021-06-21 23:22:21,20.5,68,916.8,30.9,276,6249,2,-4.6,Rain,986.0
304,51,6,2022-11-16 18:16:55,18.7,82,926.6,54.4,53,294,2,12.6,Cloudy,2955.0
305,43,5,2023-06-12 01:55:26,32.5,87,971.5,53.0,200,5756,6,13.2,Fog,1409.0
306,19,2,2019-03-27 13:51:51,7.7,47,907.4,69.0,166,4039,1,14.2,Cloudy,3438.0
307,12,1,2018-06-26 14:01:58,32.3,40,910.8,12.7,143,5678,5,2.7,Thunderstorm,4470.0
308,35,4,2021-01-07 16:26:43,22.6,69,1000.7,16.1,256,4845,7,8.1,Fog,3061.0
309,6,1,2024-02-16 10:57:43,7.4,93,909.9,35.7,74,3835,1,2.1,Cloudy,4165.0
310,37,4,2023-01-11 04:59:14,13.7,62,904.5,4.0,144,511,3,-4.6,Cloudy,4129.0
311,51,6,2022-08-20 08:51:07,17.5,61,900.4,20.1,112,2789,4,9.0,Thunderstorm,1659.0
312,1,1,2022-05-21 03:56:05,10.5,73,949.0,75.0,92,6719,7,0.7,Heavy Rain,3504.0
313,23,3,2024-08-19 20:02:46,26.0,97,913.3,8.9,111,4116,4,3.2,Fog,4337.0
314,23,3,2022-05-09 18:16:49,31.1,61,965.8,43.5,215,1712,7,2.8,Thunderstorm,4119.0
315,59,8,2022-08-14 09:57:35,24.4,73,996.6,17.1,329,509,4,8.6,Rain,1313.0
316,4,1,2021-01-07 15:00:35,15.2,83,961.1,2.2,349,2387,8,-3.3,Thunderstorm,2530.0
317,16,2,2021-01-08 03:02:00,15.6,65,941.5,33.4,270,2564,7,15.0,Thunderstorm,3977.0
318,30,3,2020-08-15 03:17:43,10.3,59,1001.7,46.8,105,308,0,6.7,Thunderstorm,1427.0
319,25,3,2023-01-15 17:57:54,7.1,64,1006.1,52.3,186,6757,2,-1.9,Thunderstorm,3872.0
320,23,3,2024-11-01 03:09:17,13.5,54,924.4,18.2,180,5121,4,8.5,Rain,1938.0
321,50,6,2019-07-10 12:49:42,28.8,77,935.3,24.9,253,8308,1,12.8,Cloudy,4307.0
322,25,3,2019-12-12 10:40:10,18.4,91,910.1,32.4,317,6065,1,6.5,Fog,2010.0
323,41,5,2019-11-04 22:16:01,32.8,73,914.1,51.8,152,1727,1,9.9,Clear,2771.0
324,54,6,2024-09-21 21:58:19,6.5,50,957.7,29.9,90,5280,6,2.8,Heavy Rain,4343.0
325,49,6,2024-01-05 07:07:15,8.0,59,933.2,40.7,11,9296,3,6.6,Thunderstorm,2875.0
326,31,3,2020-07-24 11:20:03,25.3,83,948.0,24.5,139,6215,8,12.6,Thunderstorm,1873.0
327,19,2,2019-01-06 14:37:43,24.5,62,929.8,0.3,256,2964,2,-3.5,Rain,3336.0
328,43,5,2021-08-07 15:31:26,28.3,58,991.3,61.8,153,2388,0,1.5,Clear,4413.0
329,59,8,2024-01-18 23:34:09,10.2,42,973.6,42.6,10,8833,6,5.5,Cloudy,4302.0
330,52,6,2021-10-17 09:43:39,14.8,98,967.4,59.2,256,4658,0,6.1,Fog,3019.0
331,58,7,2020-05-12 18:18:45,24.4,42,965.0,6.7,320,1837,7,3.1,Rain,1382.0
332,58,7,2021-04-05 11:05:45,17.9,88,979.3,1.0,288,6641,3,-0.3,Clear,2277.0
333,12,1,2019-01-16 05:20:47,11.5,77,926.4,4.8,96,4507,5,-2.0,Cloudy,2262.0
334,10,1,2021-04-04 23:32:02,30.6,40,927.8,28.1,298,6136,6,-3.8,Heavy Rain,1713.0
335,42,5,2020-09-23 01:27:42,5.9,41,928.8,62.8,27,6501,6,0.7,Rain,928.0
336,33,4,2020-12-19 18:04:02,8.9,70,979.9,29.4,41,8915,0,12.0,Rain,2953.0
337,50,6,2020-11-20 19:23:19,5.2,80,964.7,57.8,229,5556,3,0.2,Heavy Rain,3923.0
338,44,5,2018-02-19 23:10:40,5.1,57,1002.3,36.8,149,9859,5,0.8,Thunderstorm,2275.0
339,25,3,2021-08-30 16:01:23,11.0,72,912.5,26.7,234,4858,3,5.2,Cloudy,4446.0
340,46,5,2023-03-02 21:40:15,13.9,50,932.6,58.9,38,3789,8,4.2,Fog,2903.0
341,26,3,2024-07-17 23:36:35,5.8,59,908.7,30.3,183,3021,2,14.7,Heavy Rain,2342.0
342,56,7,2022-03-20 15:22:36,16.5,52,985.4,46.0,121,4173,5,1.0,Thunderstorm,4323.0
343,51,6,2018-05-20 16:53:22,27.5,82,948.7,33.7,247,5966,1,-0.5,Rain,1719.0
344,58,7,2021-05-17 06:52:38,18.1,43,931.7,3.3,254,9423,1,4.9,Heavy Rain,1752.0
345,50,6,2021-07-02 06:21:09,22.9,91,900.1,44.3,152,5944,8,-4.4,Thunderstorm,2857.0
346,52,6,2022-07-21 19:03:07,29.6,100,979.8,19.9,272,3589,5,1.1,Cloudy,2603.0
347,22,2,2024-05-13 13:28:25,19.4,51,999.2,51.7,168,5075,1,2.8,Clear,2155.0
348,24,3,2024-03-25 10:33:11,18.2,45,1008.8,8.2,28,1536,7,1.4,Heavy Rain,3209.0
349,52,6,2018-05-25 19:50:38,9.0,50,991.0,71.6,164,186,1,11.5,Thunderstorm,1014.0
350,1,1,2021-07-09 02:45:20,27.9,71,915.3,37.1,14,890,7,8.1,Rain,3729.0
351,45,5,2022-06-05 08:21:18,9.3,94,939.4,24.9,186,5196,8,8.4,Heavy Rain,2263.0
352,33,4,2021-05-07 09:25:38,31.7,44,934.1,53.5,31,2006,2,4.8,Clear,3322.0
353,11,1,2019-12-10 16:53:08,17.2,92,997.4,31.7,204,376,0,10.9,Cloudy,3150.0
354,53,6,2018-03-21 09:59:03,10.3,51,934.5,47.0,342,5658,8,8.9,Heavy Rain,3806.0
355,15,2,2019-07-06 12:21:17,11.4,72,942.4,17.9,310,5608,0,14.5,Fog,3304.0
356,26,3,2023-12-14 13:28:15,6.8,49,1009.6,42.2,345,7405,6,8.3,Thunderstorm,1641.0
357,4,1,2024-10-25 14:55:19,9.6,71,985.6,29.5,15,151,3,11.2,Rain,1386.0
358,58,7,2022-01-23 01:38:36,7.8,69,994.4,28.5,92,2473,0,14.0,Clear,1727.0
359,13,2,2024-10-02 04:17:01,8.5,69,996.7,22.5,184,3870,8,2.0,Rain,1728.0
360,11,1,2022-06-23 18:09:47,21.0,100,937.4,62.8,1,6732,5,10.7,Thunderstorm,1263.0
361,5,1,2021-02-11 01:01:03,22.4,86,994.5,37.9,101,154,6,2.1,Thunderstorm,3259.0
362,3,1,2019-08-07 07:43:31,16.8,100,966.7,51.3,299,1431,7,4.0,Fog,2446.0
363,43,5,2022-11-01 18:12:11,11.3,75,1009.9,6.7,77,2047,0,-2.8,Fog,2234.0
364,10,1,2023-05-06 14:41:38,31.8,67,987.0,74.0,40,6874,4,-1.9,Thunderstorm,2964.0
365,55,7,2022-04-23 19:53:33,30.4,53,916.1,1.3,88,6612,8,12.3,Clear,2363.0
366,44,5,2021-03-04 09:41:05,6.5,48,981.1,9.8,175,7669,8,4.5,Fog,4140.0
367,10,1,2022-01-02 00:11:41,18.0,51,977.6,50.5,341,3635,4,7.0,Heavy Rain,3906.0
368,2,1,2019-02-20 06:59:33,8.5,58,959.6,19.5,187,142,7,4.1,Cloudy,3730.0
369,8,1,2024-12-07 16:10:17,23.2,40,960.8,73.1,208,8662,0,9.8,Cloudy,3482.0
370,7,1,2023-04-27 04:56:02,10.3,68,913.3,74.4,249,8797,7,12.2,Clear,2433.0
371,62,8,2022-06-26 23:17:29,13.8,79,935.4,11.3,191,5310,1,14.7,Fog,1566.0
372,29,3,2018-03-23 00:32:04,28.9,65,984.2,20.7,308,7418,3,13.1,Rain,2622.0
373,23,3,2022-11-01 23:46:47,5.8,70,961.7,55.0,323,5606,7,-0.9,Cloudy,1568.0
374,16,2,2021-02-02 08:42:15,13.9,57,974.4,29.8,89,9390,4,4.2,Fog,4275.0
375,32,3,2018-12-31 04:20:39,12.6,71,903.0,19.6,49,5779,2,1.2,Heavy Rain,2923.0
376,61,8,2022-08-12 16:40:41,34.7,42,906.2,45.0,3,302,6,3.3,Rain,3693.0
377,37,4,2023-04-27 15:22:23,17.2,62,1002.2,17.7,253,254,0,-0.9,Rain,1745.0
378,16,2,2024-04-16 00:42:55,23.6,48,982.9,10.4,309,939,3,14.1,Fog,2182.0
379,13,2,2021-06-08 17:00:30,29.1,61,984.7,9.0,187,4760,5,13.7,Cloudy,1860.0
380,61,8,2023-01-19 16:42:30,8.8,68,993.0,47.4,311,4238,3,2.0,Heavy Rain,2309.0
381,12,1,2023-07-20 01:01:33,30.5,80,970.9,72.8,287,7404,3,12.6,Heavy Rain,2643.0
382,18,2,2022-02-20 19:22:13,18.4,40,988.9,79.3,49,855,5,-4.0,Thunderstorm,1773.0
383,58,7,2024-12-10 04:22:48,11.6,93,979.6,44.9,21,1627,2,9.7,Clear,4216.0
384,57,7,2021-03-25 19:44:53,21.6,66,901.6,74.1,93,2202,4,12.4,Fog,2480.0
385,3,1,2024-11-03 00:09:31,14.3,53,941.0,39.9,116,9594,0,4.9,Cloudy,2156.0
386,41,5,2022-05-04 16:47:20,5.6,96,1005.3,74.0,216,4105,0,12.9,Cloudy,1717.0
387,59,8,2020-09-24 09:58:37,9.1,55,914.1,0.4,190,6244,7,2.6,Thunderstorm,3376.0
388,39,4,2018-12-30 10:35:16,27.5,97,934.6,20.2,230,1745,3,-4.9,Rain,1609.0
389,59,8,2022-06-18 22:16:52,27.9,52,913.5,26.9,314,174,6,1.7,Fog,3437.0
390,53,6,2021-07-15 12:05:49,14.3,97,971.2,76.9,278,2100,2,6.2,Heavy Rain,4317.0
391,31,3,2023-02-28 11:37:13,19.8,40,954.7,79.2,320,6261,7,12.5,Heavy Rain,1221.0
392,52,6,2023-12-11 03:51:51,24.2,66,963.1,69.2,115,5406,3,-2.4,Heavy Rain,2292.0
393,58,7,2020-05-13 18:31:03,27.7,54,910.5,65.8,350,5127,4,-2.4,Thunderstorm,4416.0
394,3,1,2020-08-23 18:10:33,22.3,40,997.3,74.8,82,1763,6,5.4,Thunderstorm,1249.0
395,16,2,2018-12-30 16:18:12,11.2,41,935.9,35.6,9,693,8,2.4,Heavy Rain,2381.0
396,22,2,2019-06-27 11:58:44,24.3,63,929.8,22.8,93,6378,3,0.5,Thunderstorm,1363.0
397,60,8,2018-07-01 07:31:37,9.3,70,1005.4,53.2,118,4365,2,14.1,Rain,2217.0
398,7,1,2020-04-13 19:14:09,20.6,75,945.8,38.2,203,5901,2,12.4,Rain,3421.0
399,48,6,2019-10-07 21:15:35,16.1,92,957.4,40.3,31,261,6,-4.4,Heavy Rain,1435.0
400,10,1,2020-07-06 06:02:51,22.7,90,955.6,66.9,263,6883,2,3.8,Thunderstorm,1157.0
401,17,2,2020-07-26 07:05:25,23.5,92,911.5,58.1,122,1253,0,4.2,Rain,3796.0
402,43,5,2021-12-22 09:08:36,33.9,63,941.9,50.2,343,3526,2,-2.8,Rain,990.0
403,9,1,2018-08-12 00:30:52,22.9,89,997.6,43.7,211,1172,4,-2.9,Cloudy,2405.0
404,43,5,2021-01-01 22:55:19,31.5,64,904.8,5.1,131,5069,5,14.3,Thunderstorm,3927.0
405,49,6,2024-08-11 08:53:49,9.4,99,933.2,4.6,157,5092,0,9.7,Rain,3105.0
406,14,2,2021-06-12 13:03:28,30.0,57,980.3,32.0,23,2896,1,4.7,Rain,4297.0
407,22,2,2018-04-28 09:34:05,28.1,52,1002.9,20.9,106,5994,3,7.6,Thunderstorm,911.0
408,3,1,2021-12-22 13:36:52,34.1,57,991.6,67.3,173,1751,4,7.7,Clear,1258.0
409,51,6,2023-07-07 11:05:55,10.8,99,980.3,27.8,162,1711,8,9.4,Heavy Rain,1775.0
410,6,1,2023-08-10 02:21:19,31.0,55,906.7,50.4,25,5128,6,-2.7,Fog,2152.0
411,41,5,2023-10-12 14:09:51,29.1,92,958.7,78.9,234,7358,5,0.2,Fog,2614.0
412,1,1,2018-05-24 02:46:34,6.4,65,941.9,32.0,32,8433,0,-2.5,Heavy Rain,2678.0
413,50,6,2018-12-14 11:55:21,16.7,57,908.0,58.6,193,4436,5,11.5,Rain,1474.0
414,52,6,2023-04-12 02:31:10,25.1,45,995.7,21.5,317,6916,4,14.2,Heavy Rain,1174.0
415,45,5,2024-04-23 00:31:45,17.3,58,1010.1,15.1,1,7878,1,-1.0,Fog,3789.0
416,23,3,2022-04-22 14:11:13,15.3,81,943.2,58.6,93,5636,1,-2.3,Fog,3418.0
417,44,5,2023-02-08 01:43:48,17.3,49,979.3,71.8,237,850,7,2.8,Cloudy,2670.0
418,5,1,2023-03-31 12:25:42,17.7,63,919.8,40.2,105,3058,3,12.6,Cloudy,2275.0
419,7,1,2022-10-22 20:47:52,28.2,60,962.5,61.0,176,9632,2,12.3,Heavy Rain,2044.0
420,57,7,2018-05-01 21:23:14,16.9,53,917.5,46.7,29,4174,4,-4.5,Rain,3605.0
421,41,5,2024-08-05 03:18:30,14.7,45,997.2,1.2,138,767,2,12.5,Heavy Rain,1567.0
422,22,2,2022-04-29 12:00:15,5.2,63,902.7,64.6,283,8632,0,11.4,Clear,1964.0
423,5,1,2018-07-28 11:08:25,21.8,69,978.1,34.4,34,4762,1,6.1,Clear,1129.0
424,12,1,2018-12-26 19:43:00,27.9,75,907.9,26.3,149,6976,4,6.2,Fog,937.0
425,45,5,2018-10-09 06:24:53,22.8,63,927.8,34.0,266,7698,2,5.1,Cloudy,3936.0
426,5,1,2019-02-20 11:27:31,28.2,52,964.9,36.2,263,1894,2,-2.0,Clear,1366.0
427,34,4,2019-09-27 10:59:50,14.7,64,957.0,71.9,180,3947,4,5.7,Thunderstorm,1816.0
428,60,8,2018-11-27 14:08:10,6.0,63,971.4,34.6,140,2825,4,8.3,Fog,2683.0
429,33,4,2022-04-20 21:15:48,8.2,63,912.1,1.0,135,9808,3,1.8,Clear,2888.0
430,49,6,2024-11-10 05:22:31,32.2,61,906.8,16.0,57,5619,3,7.6,Clear,4153.0
431,50,6,2018-07-09 16:29:14,10.7,54,928.0,71.6,7,8897,1,0.7,Fog,2323.0
432,23,3,2021-08-07 08:01:54,26.7,72,912.6,62.7,220,3515,3,-2.5,Heavy Rain,1037.0
433,14,2,2018-11-23 18:43:08,18.2,87,904.3,67.9,25,8934,8,1.5,Fog,1782.0
434,59,8,2023-08-08 13:22:24,19.8,47,974.6,38.7,53,4021,3,1.0,Clear,3262.0
435,32,3,2021-05-29 23:28:56,34.7,98,926.4,47.6,287,9340,1,5.5,Heavy Rain,2267.0
436,2,1,2018-09-28 01:47:26,10.2,49,953.4,55.5,158,4091,4,5.1,Fog,1622.0
437,56,7,2020-08-20 04:55:13,26.0,57,942.0,14.4,274,6915,0,-0.6,Fog,3870.0
438,61,8,2024-09-23 14:47:16,26.5,67,1000.7,15.0,338,2917,8,2.1,Clear,4004.0
439,26,3,2023-09-04 12:55:24,29.1,73,932.5,55.7,117,4353,3,13.8,Fog,2136.0
440,49,6,2021-07-26 05:48:55,13.1,73,926.0,79.3,44,8421,8,-3.3,Fog,3644.0
441,56,7,2023-04-16 22:47:38,8.5,94,980.0,3.1,248,4683,6,14.0,Cloudy,1415.0
442,59,8,2022-10-28 23:34:30,34.1,85,966.2,51.9,35,8327,7,3.6,Thunderstorm,3356.0
443,11,1,2022-01-09 02:04:43,23.6,80,1004.1,72.1,228,6429,3,11.7,Clear,1921.0
444,34,4,2021-01-28 09:16:01,17.8,86,930.0,33.9,230,3656,0,1.8,Thunderstorm,2696.0
445,24,3,2023-04-03 09:09:52,29.4,95,941.2,4.7,78,7856,2,3.1,Rain,1999.0
446,52,6,2021-01-22 06:50:28,17.4,91,962.0,46.0,356,963,3,3.9,Rain,1438.0
447,32,3,2024-12-31 14:58:07,14.7,61,1010.5,74.0,121,7111,4,-4.0,Heavy Rain,3873.0
448,19,2,2021-04-09 02:34:31,25.0,70,933.4,61.0,234,116,2,5.8,Cloudy,4067.0
449,38,4,2022-09-25 16:37:35,20.9,89,916.3,54.2,38,217,4,4.9,Heavy Rain,3701.0
450,24,3,2023-02-02 17:51:44,10.2,79,1009.0,63.0,347,1354,2,0.4,Fog,1013.0
451,50,6,2020-03-28 22:12:59,15.0,84,944.6,76.4,350,2805,4,8.3,Thunderstorm,1658.0
452,45,5,2018-11-22 12:53:45,33.4,50,1001.5,33.8,2,4535,8,6.7,Clear,3468.0
453,18,2,2018-08-23 15:08:17,13.0,98,960.5,48.3,137,6717,7,7.5,Rain,3965.0
454,20,2,2018-06-15 18:38:08,19.4,90,965.2,25.3,47,8527,7,14.7,Cloudy,1367.0
455,28,3,2019-07-09 10:49:45,12.0,90,914.3,76.7,54,3341,4,-1.3,Fog,2781.0
456,15,2,2024-03-07 15:59:17,5.7,98,998.2,7.5,88,5976,4,11.5,Fog,1863.0
457,16,2,2024-09-27 21:02:02,25.4,63,984.7,13.3,201,9568,0,13.4,Clear,2964.0
458,45,5,2018-05-24 02:35:48,18.7,86,1013.0,20.8,21,7607,6,5.6,Fog,4254.0
459,39,4,2018-10-11 13:59:04,34.8,82,980.3,34.8,204,5002,5,6.7,Fog,1312.0
460,48,6,2019-11-14 16:05:59,25.1,45,1002.2,33.9,107,4713,4,4.0,Heavy Rain,1631.0
461,51,6,2018-07-28 03:15:48,6.9,85,1010.0,76.0,274,5431,5,3.4,Rain,1685.0
462,6,1,2019-03-28 09:53:17,21.7,53,941.3,22.8,143,3634,8,8.6,Heavy Rain,3373.0
463,41,5,2023-12-17 23:18:30,17.4,100,931.7,11.4,300,4958,6,7.4,Cloudy,2117.0
464,1,1,2024-02-12 11:08:01,26.8,78,967.6,15.5,291,5697,3,9.9,Thunderstorm,3136.0
465,48,6,2023-09-07 05:54:39,7.3,93,972.7,73.1,205,8699,0,9.6,Fog,4328.0
466,50,6,2023-03-04 23:50:56,23.3,58,1008.8,63.7,344,2149,6,8.3,Thunderstorm,3193.0
467,59,8,2023-06-05 08:50:13,15.6,71,944.1,36.0,163,5516,0,11.1,Rain,4262.0
468,8,1,2024-08-03 17:22:04,10.9,73,999.7,38.8,178,4724,2,1.8,Thunderstorm,2843.0
469,13,2,2024-03-23 02:35:38,21.7,87,977.4,61.5,303,3060,8,4.5,Clear,1128.0
470,60,8,2024-09-27 10:51:22,34.7,82,996.5,1.5,60,4309,5,-0.6,Cloudy,2043.0
471,49,6,2023-11-27 16:00:39,23.4,49,1001.3,73.2,197,1207,0,2.4,Rain,1591.0
472,17,2,2019-07-02 11:40:11,8.6,73,913.4,29.5,59,9143,4,-4.4,Clear,4172.0
473,35,4,2018-02-21 16:28:25,26.9,47,946.0,32.5,223,7076,4,9.0,Thunderstorm,3179.0
474,44,5,2024-11-01 02:09:24,17.0,81,1001.4,25.0,358,8452,1,0.0,Rain,1604.0
475,21,2,2024-04-02 10:14:15,11.7,87,991.6,78.1,74,1729,8,13.9,Heavy Rain,2233.0
476,42,5,2022-10-02 01:47:08,22.7,47,932.9,54.2,134,9937,5,3.9,Rain,1098.0
477,40,5,2022-01-07 04:47:52,28.1,94,1003.9,16.8,185,2011,2,1.1,Heavy Rain,1467.0
478,43,5,2018-03-06 19:41:57,32.7,55,958.2,19.1,237,856,3,2.6,Clear,983.0
479,56,7,2019-06-18 06:59:13,9.7,93,997.2,54.2,67,6528,2,7.5,Fog,1239.0
480,51,6,2018-05-21 15:15:08,6.9,58,994.4,52.3,211,8107,0,11.7,Heavy Rain,3814.0
481,45,5,2021-11-08 04:13:21,33.1,89,919.5,46.2,131,8717,2,-3.8,Cloudy,1048.0
482,41,5,2022-04-20 12:30:17,22.7,64,1004.0,58.6,129,6092,2,9.1,Rain,3712.0
483,40,5,2022-07-16 12:11:45,30.5,77,1004.9,76.0,7,1563,3,3.8,Rain,2778.0
484,1,1,2019-04-13 12:12:45,23.9,73,998.8,44.2,215,3142,1,14.4,Fog,3474.0
485,57,7,2019-07-13 23:47:54,32.5,60,999.1,65.3,240,5372,2,-1.5,Heavy Rain,4410.0
486,30,3,2022-02-26 19:15:39,23.5,84,943.7,28.4,284,1425,5,-0.8,Clear,4255.0
487,1,1,2023-10-28 21:45:52,24.9,76,906.0,18.3,344,583,7,0.9,Cloudy,2022.0
488,4,1,2023-12-18 02:47:55,7.9,96,932.9,4.9,162,6566,3,13.1,Thunderstorm,2958.0
489,55,7,2023-01-16 10:25:32,29.0,88,924.3,44.2,137,5870,7,-0.7,Rain,1151.0
490,40,5,2018-01-15 00:54:21,16.7,63,949.2,45.5,333,5977,2,2.6,Cloudy,1078.0
491,43,5,2019-02-25 03:01:57,9.1,73,983.7,65.1,220,5981,7,13.9,Fog,2694.0
492,15,2,2020-11-25 00:36:44,33.8,41,972.4,3.4,257,5450,6,-4.7,Rain,1686.0
493,61,8,2022-12-20 23:24:31,12.2,95,945.3,5.2,206,7411,1,4.1,Rain,1640.0
494,8,1,2023-02-10 03:21:05,31.2,85,928.8,65.8,120,344,3,11.3,Fog,2481.0
495,62,8,2020-11-22 07:35:23,23.5,54,949.7,33.0,205,2289,0,5.3,Cloudy,2312.0
496,19,2,2020-11-17 00:07:56,10.4,84,929.1,40.3,132,9293,6,-3.2,Thunderstorm,3837.0
497,4,1,2020-04-09 11:28:25,26.8,61,950.3,74.5,27,7573,8,11.4,Rain,2109.0
498,3,1,2018-11-13 06:39:47,17.2,60,907.9,0.8,259,5706,6,6.5,Clear,4434.0
499,4,1,2022-07-24 13:55:07,10.7,94,953.8,63.7,187,5776,0,0.0,Heavy Rain,4084.0
500,33,4,2024-12-13 12:42:52,20.6,67,954.4,73.0,197,6205,8,9.8,Cloudy,3842.0
501,35,4,2023-02-09 12:36:19,20.0,47,901.9,56.0,35,446,3,2.1,Fog,3759.0
502,48,6,2023-07-15 14:13:52,27.9,79,915.4,5.9,75,981,4,0.4,Cloudy,1760.0
503,52,6,2020-04-22 15:19:24,21.1,53,973.5,67.0,124,1689,8,-0.0,Clear,3273.0
504,18,2,2023-07-23 06:37:11,17.5,70,936.7,79.7,342,549,5,6.1,Fog,3802.0
505,28,3,2019-04-09 21:28:55,22.7,94,995.5,76.4,185,4052,7,2.5,Fog,4205.0
506,60,8,2022-08-24 04:28:56,14.5,91,900.8,14.5,280,8988,3,1.8,Rain,1662.0
507,57,7,2020-04-01 04:48:08,16.9,42,900.4,50.8,231,7929,6,12.8,Heavy Rain,2278.0
508,28,3,2023-01-19 19:55:21,23.1,87,936.5,76.0,324,338,2,13.6,Rain,3775.0
509,7,1,2022-01-25 14:30:10,11.5,40,968.8,74.0,5,7107,2,8.7,Thunderstorm,2102.0
510,4,1,2019-05-04 05:39:13,13.9,83,947.8,73.1,86,6631,3,0.8,Cloudy,1042.0
511,62,8,2019-10-25 20:12:29,13.2,69,989.4,24.6,147,8291,4,4.9,Heavy Rain,2804.0
512,56,7,2021-08-05 14:05:36,15.4,47,934.1,14.1,164,5365,1,10.9,Thunderstorm,3940.0
513,13,2,2018-11-12 04:28:47,15.9,79,996.5,41.4,142,5579,8,9.5,Rain,1576.0
514,52,6,2020-03-23 23:35:06,24.1,75,999.9,20.8,278,7662,1,-0.2,Clear,4381.0
515,25,3,2024-03-31 07:48:12,25.4,46,976.2,42.5,227,6615,3,1.8,Clear,4462.0
516,41,5,2019-08-04 17:53:17,31.5,60,952.4,36.4,253,2436,3,-2.1,Cloudy,2688.0
517,3,1,2018-08-17 13:43:59,14.1,56,1012.8,3.3,259,7854,2,14.4,Thunderstorm,2834.0
518,56,7,2022-12-10 04:30:41,25.2,43,978.8,49.4,133,3911,8,-4.7,Clear,3422.0
519,40,5,2020-03-16 20:37:19,29.9,47,995.0,65.5,316,757,4,10.4,Cloudy,4037.0
520,54,6,2022-06-23 00:08:47,14.3,88,999.9,8.8,73,8234,1,1.3,Heavy Rain,3269.0
521,48,6,2021-04-09 18:08:38,12.4,91,905.6,29.5,152,4308,3,1.9,Cloudy,2659.0
522,7,1,2019-07-17 01:59:46,26.2,47,917.5,42.7,265,1954,3,5.7,Cloudy,1085.0
523,32,3,2023-11-18 11:08:39,26.1,87,903.6,33.9,166,1033,4,-4.1,Heavy Rain,3868.0
524,61,8,2021-12-16 03:32:55,6.6,84,988.1,18.5,119,1977,3,-2.9,Rain,3389.0
525,5,1,2021-04-21 18:13:15,18.1,77,993.3,59.9,95,971,3,3.0,Fog,2222.0
526,61,8,2024-06-05 14:33:27,28.5,87,996.9,54.2,183,986,5,10.7,Heavy Rain,3758.0
527,17,2,2020-11-17 18:07:15,16.9,89,938.8,60.5,119,3555,7,1.3,Thunderstorm,1312.0
528,13,2,2019-05-15 19:45:09,18.1,72,1008.2,40.1,121,4103,5,3.3,Heavy Rain,1999.0
529,49,6,2018-11-18 14:00:10,27.4,89,901.0,35.0,161,3478,0,14.1,Cloudy,3033.0
530,23,3,2018-11-09 06:40:46,31.2,90,907.0,10.7,12,8654,0,-4.3,Heavy Rain,3215.0
531,7,1,2022-11-05 06:17:28,9.3,82,1005.7,79.9,30,6176,3,-3.2,Rain,4174.0
532,34,4,2019-10-01 05:20:10,22.5,66,987.6,72.0,96,5694,4,-2.2,Heavy Rain,3756.0
533,21,2,2021-10-15 12:57:52,32.5,66,981.9,27.9,251,3786,1,6.5,Cloudy,4092.0
534,10,1,2018-04-14 12:52:28,24.9,61,985.2,77.9,84,6804,4,-3.3,Fog,2054.0
535,26,3,2020-02-05 10:44:42,33.0,69,949.8,8.3,161,990,5,6.8,Rain,3353.0
536,60,8,2018-06-18 19:48:24,18.2,92,953.3,6.3,346,3246,3,-0.8,Rain,1599.0
537,19,2,2020-04-15 03:30:47,25.3,89,964.7,17.7,138,7983,2,0.8,Thunderstorm,3358.0
538,14,2,2018-10-18 17:53:18,7.7,40,937.5,41.9,53,3588,3,1.5,Heavy Rain,2224.0
539,13,2,2018-10-23 06:02:02,15.6,96,1003.4,65.4,99,9928,7,-0.3,Clear,3484.0
540,1,1,2019-11-05 09:21:52,32.1,55,953.8,79.4,357,1099,3,10.0,Heavy Rain,1097.0
541,58,7,2023-02-17 16:22:10,9.4,47,905.7,57.4,114,4283,2,11.9,Rain,2227.0
542,7,1,2024-09-25 00:23:50,11.5,87,901.2,41.1,287,6330,6,-3.8,Thunderstorm,3551.0
543,29,3,2022-07-24 17:36:15,17.0,49,965.9,21.0,270,2206,1,3.7,Thunderstorm,2005.0
544,1,1,2024-02-16 17:02:39,24.0,92,963.2,68.0,223,3418,7,6.5,Thunderstorm,3151.0
545,53,6,2024-09-06 21:20:45,33.0,85,971.2,69.6,116,3465,4,3.7,Fog,2164.0
546,3,1,2021-03-01 04:00:54,24.5,42,946.7,53.4,198,7213,0,14.5,Clear,3173.0
547,56,7,2022-11-28 21:35:46,31.1,83,984.8,17.2,333,503,3,10.5,Clear,2222.0
548,56,7,2021-02-09 13:13:21,16.6,66,986.3,18.3,342,9057,5,3.2,Heavy Rain,4051.0
549,62,8,2022-01-29 06:46:26,22.1,87,921.7,8.3,33,3928,1,-4.6,Fog,4440.0
550,2,1,2019-09-16 01:23:33,8.5,81,971.3,28.7,351,7020,4,2.0,Thunderstorm,1210.0
551,24,3,2022-04-22 15:02:46,30.3,68,976.9,52.0,183,171,7,5.3,Cloudy,4081.0
552,36,4,2023-03-19 00:05:06,30.3,100,937.8,25.6,84,7519,0,14.8,Cloudy,2487.0
553,35,4,2024-11-23 20:50:36,9.5,65,997.1,14.7,97,3446,5,7.8,Rain,3085.0
554,51,6,2018-07-21 13:01:52,5.8,99,905.4,25.8,202,7522,8,12.5,Clear,3995.0
555,13,2,2021-02-01 06:52:25,31.7,77,1005.1,58.1,30,2086,0,12.8,Cloudy,1835.0
556,49,6,2020-11-16 14:51:51,32.3,67,994.9,32.9,126,7195,5,9.5,Heavy Rain,4464.0
557,61,8,2023-05-24 21:56:46,32.5,91,966.0,71.4,16,7087,1,14.5,Heavy Rain,3211.0
558,13,2,2021-01-13 13:08:40,13.8,71,909.4,30.3,283,8548,6,9.2,Fog,2561.0
559,52,6,2024-04-24 09:10:11,19.8,94,973.2,27.7,195,7116,5,3.1,Heavy Rain,1247.0
560,2,1,2024-06-25 07:10:50,33.9,61,981.6,16.7,178,4622,7,-0.2,Rain,3688.0
561,4,1,2020-05-18 03:25:46,28.8,91,1004.3,19.5,162,8008,1,-3.3,Clear,1869.0
562,51,6,2021-06-13 07:48:51,8.6,45,915.8,62.7,22,5342,7,-3.0,Fog,4435.0
563,56,7,2021-10-11 08:14:26,29.7,66,959.3,24.2,219,4597,3,5.6,Fog,1173.0
564,57,7,2020-03-31 16:59:47,34.1,51,976.1,10.3,159,4703,3,-4.7,Clear,3784.0
565,55,7,2023-01-29 15:52:13,24.1,48,967.7,4.2,166,6423,1,0.7,Heavy Rain,3988.0
566,19,2,2018-09-06 16:34:36,18.2,47,1005.1,38.3,149,7929,6,8.9,Fog,4194.0
567,50,6,2018-10-27 05:43:10,24.6,74,1003.1,9.5,264,4131,0,14.8,Clear,2403.0
568,60,8,2018-07-08 02:27:03,23.9,63,1012.4,23.7,232,5419,7,-3.7,Clear,3628.0
569,59,8,2023-10-15 01:15:46,17.5,58,1011.3,38.7,279,6505,4,-3.2,Cloudy,4432.0
570,5,1,2023-11-17 13:21:58,9.4,57,925.8,36.7,348,5132,6,-3.7,Clear,3373.0
571,17,2,2020-12-11 01:38:00,24.6,56,912.6,8.2,267,9010,3,11.5,Clear,4087.0
572,57,7,2022-03-15 16:21:34,14.7,76,970.6,23.6,153,1512,5,9.4,Rain,2410.0
573,35,4,2020-10-01 18:39:54,6.0,95,1007.1,63.4,102,7447,2,3.6,Cloudy,965.0
574,7,1,2021-09-17 20:59:10,29.0,91,933.3,10.6,222,4531,3,7.3,Fog,4011.0
575,9,1,2023-09-10 03:46:58,27.2,90,912.7,22.2,152,3616,0,8.3,Clear,2307.0
576,9,1,2024-12-18 18:58:34,21.7,67,939.7,30.6,175,8733,1,3.5,Rain,928.0
577,59,8,2019-04-11 09:21:00,8.5,76,947.7,16.5,66,1783,6,7.3,Fog,1932.0
578,51,6,2020-08-31 20:27:45,18.4,66,963.4,7.5,342,1201,2,2.4,Clear,3741.0
579,33,4,2022-08-01 09:14:34,10.4,75,982.0,10.0,337,6529,4,8.0,Cloudy,3496.0
580,28,3,2019-09-13 00:06:29,23.2,67,918.2,20.0,149,8192,6,4.1,Rain,3510.0
581,62,8,2021-08-16 21:12:05,22.0,74,955.7,11.0,302,8327,1,5.2,Fog,3442.0
582,19,2,2020-07-26 00:56:03,17.6,48,981.2,54.1,116,4512,2,2.0,Fog,1209.0
583,13,2,2022-07-29 15:23:11,7.8,83,932.0,0.8,34,371,0,-1.3,Cloudy,3889.0
584,50,6,2022-05-27 11:15:44,23.8,43,986.8,67.1,257,599,7,-0.7,Heavy Rain,1282.0
585,60,8,2018-08-19 04:59:30,5.4,85,951.7,19.5,170,3345,7,7.9,Clear,4083.0
586,56,7,2019-06-26 16:00:48,28.4,77,916.5,35.6,299,2466,5,-0.6,Thunderstorm,3686.0
587,28,3,2021-10-14 00:47:53,33.0,92,914.0,16.0,276,8929,0,6.2,Cloudy,4032.0
588,40,5,2021-12-02 03:24:07,20.1,51,923.8,3.5,135,856,0,8.2,Cloudy,4268.0
589,12,1,2018-01-15 13:08:12,26.7,48,1003.2,73.9,257,6636,8,9.0,Thunderstorm,3283.0
590,3,1,2023-06-29 12:25:18,31.6,61,974.1,11.9,127,9665,8,-2.1,Clear,3666.0
591,9,1,2019-08-11 08:41:55,34.9,61,997.4,53.5,322,3733,2,4.4,Thunderstorm,2727.0
592,21,2,2023-02-19 09:54:36,22.4,46,901.7,47.7,229,1761,8,12.1,Rain,2287.0
593,44,5,2019-03-29 01:45:38,23.0,44,916.4,22.9,77,2265,5,1.7,Rain,3990.0
594,14,2,2019-06-04 10:07:57,13.8,49,964.8,22.4,139,6187,2,13.9,Clear,3491.0
595,29,3,2022-01-31 13:33:11,8.8,79,946.1,71.7,166,1447,6,8.8,Fog,3632.0
596,33,4,2020-10-20 16:25:22,26.9,76,970.1,75.6,274,1895,6,13.7,Cloudy,1169.0
597,48,6,2023-09-29 21:02:54,28.6,92,963.7,28.5,200,4536,7,-2.6,Rain,2479.0
598,20,2,2021-05-02 20:02:52,14.2,41,994.7,5.7,343,853,7,-3.7,Fog,4055.0
599,60,8,2018-03-06 05:21:33,5.3,65,949.4,20.7,147,9472,7,5.6,Thunderstorm,2787.0
600,41,5,2023-01-18 18:37:47,15.0,73,990.4,57.9,4,4732,5,5.6,Fog,1605.0
601,30,3,2020-01-02 13:36:14,33.0,62,918.6,9.2,306,5758,5,10.3,Clear,3365.0
602,27,3,2018-09-15 15:45:19,16.2,78,972.3,45.2,99,4478,2,7.8,Heavy Rain,2959.0
603,34,4,2018-10-22 12:03:54,23.5,81,939.4,48.7,264,4002,3,-2.2,Heavy Rain,2751.0
604,52,6,2019-03-01 02:07:40,27.9,96,996.2,50.8,292,6670,7,2.1,Cloudy,4401.0
605,57,7,2021-04-21 07:00:12,22.1,50,959.3,55.8,247,3001,1,1.3,Heavy Rain,2409.0
606,52,6,2024-06-22 07:42:33,32.7,80,927.1,10.2,244,187,3,2.2,Rain,3316.0
607,34,4,2019-08-24 01:05:31,26.4,43,940.4,26.8,148,3722,0,14.6,Rain,1927.0
608,45,5,2021-10-24 11:00:30,22.3,83,954.3,67.0,53,9805,3,-0.9,Heavy Rain,2098.0
609,6,1,2024-01-30 04:53:52,21.2,74,976.4,75.8,270,563,7,-3.8,Cloudy,2263.0
610,3,1,2023-07-15 00:45:49,17.9,82,966.3,74.5,249,3067,4,9.4,Heavy Rain,3778.0
611,28,3,2019-03-12 11:20:31,8.9,98,988.3,64.0,62,1848,7,7.4,Rain,2756.0
612,30,3,2023-11-06 16:29:50,22.2,52,961.1,52.2,84,4624,6,13.9,Thunderstorm,4379.0
613,6,1,2020-03-10 22:06:33,32.3,98,912.8,60.8,83,1813,7,3.2,Cloudy,1961.0
614,2,1,2022-12-26 16:20:17,20.4,48,917.8,36.4,356,8915,4,-4.0,Clear,3311.0
615,28,3,2019-11-25 19:36:24,25.7,79,936.1,65.2,83,105,7,7.9,Thunderstorm,3719.0
616,4,1,2021-10-09 16:08:59,20.1,84,957.2,55.9,351,9815,0,0.8,Clear,1664.0
617,26,3,2019-12-04 10:51:58,11.6,62,904.8,5.9,18,7812,4,5.3,Clear,1674.0
618,54,6,2018-03-16 22:12:12,29.7,44,987.3,79.9,229,368,5,14.2,Cloudy,4475.0
619,51,6,2018-03-26 05:32:27,21.8,50,942.3,73.6,164,4357,4,-2.2,Rain,1523.0
620,4,1,2019-11-28 07:59:54,18.5,57,920.3,46.6,266,5983,3,12.4,Rain,1280.0
621,60,8,2020-12-13 20:04:59,21.8,97,962.8,58.0,46,7315,1,10.6,Fog,3099.0
622,18,2,2019-08-30 21:33:15,11.8,97,973.4,13.1,138,7784,0,7.0,Clear,2558.0
623,32,3,2023-07-27 19:02:26,19.2,68,942.0,17.7,36,375,1,-0.0,Clear,1754.0
624,16,2,2018-11-16 00:35:10,13.8,100,990.1,59.7,78,209,7,8.4,Fog,1048.0
625,25,3,2022-09-01 01:05:01,10.7,43,908.1,73.3,147,6366,0,0.4,Rain,4443.0
626,35,4,2021-10-18 20:48:40,10.5,52,912.0,35.9,46,7097,0,14.0,Thunderstorm,2323.0
627,41,5,2024-11-06 08:37:43,24.3,76,943.9,20.9,122,2988,2,8.4,Cloudy,4147.0
628,41,5,2023-01-17 07:04:29,33.6,82,1001.7,70.8,317,7573,6,0.8,Cloudy,3929.0
629,28,3,2022-05-10 03:50:02,33.3,58,944.9,19.8,209,7138,1,-0.4,Fog,4499.0
630,13,2,2023-08-04 19:31:50,14.7,55,968.4,64.6,43,7745,0,12.7,Fog,4335.0
631,27,3,2018-11-04 12:47:31,20.9,91,950.2,56.6,131,7776,1,1.3,Clear,1831.0
632,39,4,2024-08-30 07:07:53,10.6,78,993.0,26.2,266,2128,2,7.5,Cloudy,3447.0
633,11,1,2020-08-15 02:04:02,22.5,99,983.3,34.0,185,4603,7,7.1,Cloudy,3668.0
634,45,5,2023-08-04 22:51:26,24.0,91,957.4,17.8,236,6971,3,-4.7,Rain,1201.0
635,14,2,2020-07-24 22:21:29,5.1,100,988.3,44.8,94,3644,2,9.7,Heavy Rain,1745.0
636,30,3,2021-04-10 17:39:55,18.3,99,946.6,79.2,91,8437,8,2.3,Heavy Rain,1577.0
637,19,2,2022-03-19 05:10:30,18.9,74,1003.9,7.2,117,2617,6,-4.4,Cloudy,2177.0
638,10,1,2022-09-20 21:26:04,31.8,87,980.0,55.1,269,5852,5,9.6,Clear,2444.0
639,29,3,2018-05-11 07:59:10,15.8,66,974.4,60.9,217,6376,0,11.5,Rain,2264.0
640,62,8,2018-04-25 07:23:20,7.3,52,976.7,42.0,299,9374,1,14.1,Cloudy,1110.0
641,54,6,2020-01-17 18:10:45,14.7,42,1009.2,37.8,208,1614,0,7.1,Thunderstorm,1161.0
642,2,1,2018-02-12 06:57:57,30.6,44,973.0,30.8,178,4853,5,13.5,Thunderstorm,3731.0
643,26,3,2018-10-10 09:02:13,20.7,76,942.2,54.1,351,6041,1,-4.4,Rain,2952.0
644,3,1,2020-09-04 21:19:24,11.6,63,985.1,20.6,304,7946,4,8.6,Thunderstorm,1947.0
645,37,4,2019-12-28 08:15:27,31.0,55,1002.8,0.4,73,3347,7,-3.4,Heavy Rain,4439.0
646,21,2,2019-08-10 15:42:18,29.0,55,972.0,27.7,108,7749,1,6.5,Cloudy,3179.0
647,35,4,2024-09-29 09:09:10,6.9,57,962.6,69.6,149,7316,0,3.7,Rain,4168.0
648,31,3,2020-10-06 08:52:34,28.9,71,939.8,5.3,354,3296,0,14.0,Rain,969.0
649,30,3,2018-09-12 18:29:36,9.2,84,905.4,53.9,238,8892,8,6.5,Fog,3600.0
650,4,1,2021-02-02 05:40:08,27.2,70,972.1,65.5,212,4931,0,5.0,Rain,1207.0
651,1,1,2018-02-27 10:56:07,32.9,84,1004.9,12.9,310,7118,6,2.8,Fog,2469.0
652,12,1,2019-02-17 17:32:17,18.0,55,998.7,51.6,29,5314,7,6.0,Rain,1267.0
653,32,3,2018-06-30 02:45:05,24.4,86,972.1,18.9,140,1324,8,-1.6,Heavy Rain,1515.0
654,61,8,2022-04-18 14:27:50,33.7,57,936.4,9.6,40,360,7,-2.8,Cloudy,1665.0
655,13,2,2019-02-12 20:18:43,11.6,91,971.8,35.5,201,7554,5,14.1,Fog,1126.0
656,1,1,2019-06-16 08:12:37,7.5,50,913.2,53.7,182,6687,2,6.8,Heavy Rain,3081.0
657,62,8,2021-03-12 05:22:24,15.9,51,973.1,51.9,287,6808,0,14.8,Rain,1823.0
658,61,8,2023-06-23 14:49:53,21.7,40,932.5,0.5,77,5276,2,12.9,Thunderstorm,3366.0
659,53,6,2024-03-22 06:41:39,5.1,89,928.5,63.4,9,8906,8,6.2,Thunderstorm,4091.0
660,9,1,2020-09-11 19:14:42,22.7,79,904.0,10.1,339,4097,8,-4.6,Heavy Rain,2124.0
661,25,3,2020-07-17 11:02:37,23.2,62,921.6,72.9,110,3456,5,12.0,Clear,1136.0
662,57,7,2019-05-18 02:31:06,16.1,51,943.3,19.5,80,3086,8,-0.8,Cloudy,2956.0
663,44,5,2023-10-20 07:04:36,32.8,45,994.6,47.1,262,8092,2,0.6,Heavy Rain,1530.0
664,54,6,2021-05-22 04:17:00,16.8,74,922.8,42.3,241,1628,8,-1.7,Thunderstorm,2662.0
665,25,3,2020-06-16 02:16:04,26.2,97,928.6,71.9,124,8844,7,1.5,Heavy Rain,1826.0
666,28,3,2024-02-14 04:30:11,5.3,49,1012.5,60.4,152,2234,1,3.6,Thunderstorm,1436.0
667,19,2,2021-02-06 16:41:55,34.0,47,967.2,14.8,46,7768,7,13.7,Rain,1995.0
668,50,6,2023-04-26 18:17:19,28.0,78,932.1,8.2,236,3146,2,-0.4,Fog,1545.0
669,33,4,2018-03-16 02:26:08,19.8,60,1005.1,12.2,31,8673,7,2.0,Cloudy,2888.0
670,22,2,2018-11-03 07:52:06,32.7,46,989.6,31.7,103,4647,4,2.4,Clear,2751.0
671,40,5,2021-06-23 11:09:10,21.3,75,1008.8,75.9,31,7449,5,8.4,Thunderstorm,1341.0
672,13,2,2021-05-13 04:57:34,28.5,64,903.6,25.2,12,7766,1,5.8,Fog,1466.0
673,39,4,2018-04-26 12:08:58,7.8,45,944.0,49.9,137,4062,1,8.6,Thunderstorm,3789.0
674,57,7,2019-10-07 01:20:05,32.8,60,977.7,40.8,48,9310,8,7.9,Heavy Rain,1265.0
675,21,2,2021-02-26 05:00:57,29.4,64,992.8,33.3,221,8077,8,5.8,Clear,2659.0
676,38,4,2019-10-19 07:10:12,28.1,69,964.1,22.9,263,379,1,-2.8,Cloudy,1901.0
677,33,4,2023-01-28 02:23:50,29.7,64,996.3,19.5,266,605,1,11.1,Thunderstorm,1133.0
678,47,6,2022-09-04 12:31:14,29.4,82,912.7,42.1,61,1746,4,8.1,Clear,3077.0
679,11,1,2023-09-26 02:43:52,25.8,96,1003.5,52.5,102,9839,6,-5.0,Rain,1983.0
680,53,6,2023-03-31 22:08:06,8.1,71,920.9,37.3,217,3142,1,-4.0,Rain,1649.0
681,56,7,2020-04-28 19:41:20,24.8,58,947.8,38.6,170,4661,5,9.7,Clear,3737.0
682,2,1,2023-01-07 08:19:38,31.5,52,916.2,9.7,53,7122,4,12.4,Cloudy,2406.0
683,49,6,2018-01-30 06:02:18,29.2,100,974.0,76.5,345,5485,0,8.8,Thunderstorm,1097.0
684,40,5,2020-07-18 02:31:25,20.3,65,951.5,36.1,236,4821,4,-4.4,Thunderstorm,1583.0
685,11,1,2022-02-07 07:52:40,12.0,67,962.6,53.5,250,5535,8,-4.3,Rain,2122.0
686,56,7,2018-06-02 05:27:19,24.9,52,1003.1,23.4,83,5902,3,-2.7,Thunderstorm,2019.0
687,52,6,2018-12-17 18:45:02,16.8,76,918.7,58.8,199,5811,4,7.4,Thunderstorm,3959.0
688,32,3,2024-06-22 20:46:52,7.9,100,919.0,66.8,297,3206,1,10.0,Fog,1929.0
689,23,3,2024-07-20 06:59:06,22.6,91,942.5,60.7,6,950,6,2.1,Clear,1954.0
690,20,2,2023-12-14 14:59:05,21.8,78,971.5,8.8,356,7010,7,0.4,Heavy Rain,1521.0
691,2,1,2024-03-06 01:15:27,28.6,80,997.9,27.4,249,8723,1,2.1,Heavy Rain,3114.0
692,31,3,2023-02-07 17:12:05,26.1,44,942.9,62.1,148,1195,8,11.1,Rain,2028.0
693,59,8,2023-03-30 19:08:50,15.3,84,904.1,48.0,194,7971,0,-4.0,Rain,2495.0
694,35,4,2020-02-07 01:55:06,31.5,56,925.6,74.2,307,5216,6,-0.4,Fog,4136.0
695,44,5,2024-04-04 06:40:20,7.9,56,957.1,68.7,144,6520,2,3.5,Cloudy,1662.0
696,49,6,2023-12-14 10:14:23,11.8,48,1003.7,7.1,205,7802,0,-1.3,Thunderstorm,4000.0
697,7,1,2020-09-04 01:07:45,6.6,44,997.6,15.7,78,1615,7,-0.9,Cloudy,2179.0
698,7,1,2021-06-16 18:08:15,28.7,80,984.1,46.2,223,7737,4,9.2,Heavy Rain,4354.0
699,6,1,2018-04-12 20:53:07,33.9,42,949.2,78.8,22,5505,0,3.6,Thunderstorm,1363.0
700,11,1,2022-03-04 10:44:35,12.6,63,913.5,75.2,88,5119,5,11.3,Clear,1776.0
701,52,6,2021-06-22 07:55:45,25.1,61,926.2,40.1,325,5799,5,12.9,Fog,1285.0
702,11,1,2024-12-23 15:18:02,31.1,70,906.0,77.1,219,6189,0,8.8,Clear,1249.0
703,31,3,2019-05-10 15:20:18,22.7,71,997.8,15.9,351,487,6,2.0,Thunderstorm,2007.0
704,23,3,2019-11-26 13:03:30,21.9,96,932.4,3.4,51,8866,8,5.5,Rain,1539.0
705,44,5,2021-10-02 13:03:04,19.6,45,963.6,13.1,97,4452,0,10.6,Cloudy,4025.0
706,16,2,2019-07-17 03:02:57,28.8,91,919.1,30.3,137,429,4,14.3,Cloudy,2376.0
707,14,2,2018-03-07 20:29:17,18.2,98,973.1,67.3,197,5217,0,3.1,Heavy Rain,1554.0
708,34,4,2024-04-27 17:18:13,16.4,53,965.7,14.9,357,5534,3,6.2,Rain,2679.0
709,26,3,2023-11-30 08:46:25,11.3,57,941.6,19.6,181,7831,1,5.7,Fog,1640.0
710,26,3,2020-01-28 23:45:34,9.2,66,975.8,6.5,336,7569,2,11.9,Clear,4176.0
711,10,1,2018-08-05 07:59:22,19.1,90,905.3,52.3,116,4321,4,7.6,Cloudy,3214.0
712,31,3,2021-03-26 03:50:13,33.3,90,902.7,21.0,196,5281,4,8.3,Cloudy,1882.0
713,52,6,2021-04-20 02:56:30,11.2,44,940.1,33.7,48,1667,2,-1.9,Thunderstorm,2128.0
714,52,6,2018-09-29 04:11:46,5.5,72,1012.4,57.2,211,439,4,-2.3,Fog,4479.0
715,11,1,2020-11-22 11:18:31,27.3,79,909.4,35.4,281,4447,1,-1.7,Rain,1577.0
716,13,2,2024-02-25 05:14:52,29.2,77,960.4,56.9,358,6356,1,4.8,Thunderstorm,3225.0
717,57,7,2024-12-03 23:09:41,33.0,85,914.9,68.9,270,4356,5,12.4,Thunderstorm,2613.0
718,39,4,2024-08-14 14:30:07,6.7,57,902.7,20.9,194,2364,8,8.9,Heavy Rain,2516.0
719,35,4,2020-12-25 12:15:27,27.9,64,939.2,67.0,66,2190,5,8.7,Thunderstorm,2089.0
720,8,1,2020-04-02 21:07:12,32.3,48,1003.5,30.7,151,3300,2,1.1,Fog,3146.0
721,60,8,2023-11-17 06:40:24,29.5,53,935.6,45.3,226,986,7,10.5,Clear,3659.0
722,25,3,2024-06-20 17:09:20,5.7,52,992.9,35.5,44,3952,8,4.6,Heavy Rain,3201.0
723,42,5,2024-11-08 22:18:19,15.9,98,956.5,32.5,93,532,6,0.4,Cloudy,3834.0
724,37,4,2023-06-22 03:50:10,14.7,57,920.6,18.4,356,7899,8,3.0,Fog,4028.0
725,17,2,2023-02-17 19:59:34,14.5,72,930.8,5.3,175,552,5,13.2,Cloudy,3469.0
726,15,2,2024-05-22 14:26:05,10.7,96,999.5,77.8,11,6984,5,14.5,Fog,1572.0
727,47,6,2019-08-04 23:59:41,16.3,43,976.0,47.6,148,3811,8,13.4,Fog,1022.0
728,19,2,2022-04-22 03:25:18,7.1,70,919.3,11.7,96,197,7,7.2,Clear,3057.0
729,16,2,2018-04-23 04:36:37,19.2,95,1004.6,46.0,104,833,4,-1.8,Clear,2932.0
730,13,2,2019-12-28 19:30:47,25.0,81,985.0,21.9,168,5698,8,4.6,Thunderstorm,1152.0
731,56,7,2021-02-10 17:06:26,27.8,44,939.0,34.3,253,917,6,10.2,Cloudy,4426.0
732,11,1,2022-02-01 03:25:51,16.3,96,952.4,30.5,333,2464,8,7.6,Cloudy,2894.0
733,45,5,2024-07-26 11:09:12,16.7,85,961.9,28.3,277,2936,8,-2.7,Rain,1451.0
734,8,1,2019-06-10 05:09:42,5.0,97,992.7,54.4,140,441,4,2.8,Fog,2193.0
735,5,1,2018-08-02 03:08:06,27.8,99,995.3,10.7,85,287,3,0.1,Thunderstorm,2255.0
736,13,2,2024-06-21 21:45:41,33.1,93,960.9,41.2,81,5423,7,14.8,Cloudy,3714.0
737,39,4,2024-04-12 13:15:01,13.8,61,908.1,49.1,155,8140,8,4.0,Rain,1494.0
738,38,4,2021-09-30 19:02:38,20.1,79,967.3,15.2,236,9765,0,10.8,Heavy Rain,2545.0
739,19,2,2024-12-15 20:12:41,19.3,40,996.9,10.4,261,1314,5,2.9,Thunderstorm,3231.0
740,36,4,2020-02-06 01:17:32,15.3,46,988.8,21.3,12,6189,2,-2.8,Heavy Rain,4311.0
741,27,3,2019-09-02 02:56:53,28.5,89,961.1,64.6,62,340,2,12.0,Heavy Rain,1978.0
742,34,4,2023-10-12 12:01:11,13.1,65,945.8,41.9,331,5546,2,4.2,Cloudy,2707.0
743,62,8,2021-09-21 05:00:36,14.3,90,983.5,29.2,120,4093,8,8.3,Fog,1836.0
744,2,1,2022-09-07 12:38:09,21.2,79,938.9,24.9,13,5590,5,2.3,Cloudy,2008.0
745,55,7,2022-04-20 14:23:16,30.5,76,963.3,33.7,67,3404,1,5.6,Clear,1205.0
746,12,1,2019-02-21 13:06:52,6.8,65,999.0,37.5,257,6485,4,0.9,Clear,4436.0
747,58,7,2023-05-06 05:35:38,30.8,100,980.4,68.3,82,6173,4,0.8,Thunderstorm,4045.0
748,12,1,2021-11-27 00:03:59,21.7,56,926.9,25.3,274,2485,8,10.1,Cloudy,2479.0
749,5,1,2019-09-02 00:53:25,34.9,89,919.2,30.6,183,6820,6,-0.0,Thunderstorm,3207.0
750,29,3,2024-03-21 04:53:07,10.4,55,905.0,43.2,150,9769,1,9.8,Rain,2334.0
751,45,5,2021-11-17 00:52:38,12.1,83,966.2,12.3,4,3988,2,1.1,Thunderstorm,3839.0
752,19,2,2022-08-28 17:36:03,12.2,94,948.2,7.8,278,8765,4,0.6,Rain,4411.0
753,48,6,2024-03-20 00:46:10,22.6,83,944.6,18.9,26,4232,0,1.3,Cloudy,2209.0
754,27,3,2019-07-29 02:34:15,29.6,76,1000.5,35.6,19,9737,0,11.2,Thunderstorm,1055.0
755,13,2,2023-12-30 12:10:43,27.1,42,900.0,71.2,193,6235,8,-2.6,Heavy Rain,3738.0
756,58,7,2019-12-01 10:37:26,24.0,96,955.9,41.9,90,6892,0,14.3,Thunderstorm,3615.0
757,40,5,2022-10-23 12:38:22,10.0,84,970.8,43.0,332,371,4,5.0,Thunderstorm,2626.0
758,54,6,2024-02-05 18:53:45,20.8,79,925.7,67.4,235,7752,3,6.0,Thunderstorm,4331.0
759,31,3,2024-05-28 08:12:58,30.9,100,981.0,74.0,287,6430,3,13.9,Rain,2389.0
760,47,6,2021-11-18 02:30:03,31.2,64,904.9,60.2,359,6810,5,-2.1,Fog,3560.0
761,54,6,2021-09-08 23:52:38,32.9,49,1011.2,50.9,31,9173,1,8.8,Heavy Rain,2900.0
762,21,2,2018-12-24 08:56:00,34.2,56,991.2,45.7,256,8767,6,-3.8,Clear,1324.0
763,36,4,2021-02-23 03:22:38,24.2,57,970.6,32.7,47,7637,0,6.3,Clear,4156.0
764,46,5,2023-04-11 15:27:52,11.9,91,919.8,68.7,116,4178,5,-5.0,Rain,959.0
765,33,4,2023-03-21 08:36:54,9.3,58,972.5,58.0,103,1504,0,11.9,Heavy Rain,2484.0
766,61,8,2023-02-18 17:24:33,22.1,55,917.2,64.6,89,8405,6,10.1,Thunderstorm,1829.0
767,10,1,2020-05-17 21:26:48,10.5,93,1009.3,13.5,301,8259,8,8.4,Rain,2331.0
768,46,5,2024-02-29 10:02:04,19.0,84,913.2,7.2,93,6752,6,1.4,Rain,2760.0
769,16,2,2024-08-07 23:31:30,18.4,96,960.3,13.1,218,887,8,9.4,Clear,4450.0
770,57,7,2020-12-13 22:37:24,21.1,77,1004.2,54.3,197,5605,1,-2.5,Rain,3175.0
771,58,7,2018-03-01 02:01:09,26.4,98,940.9,24.5,186,2857,2,12.7,Thunderstorm,1130.0
772,6,1,2019-10-06 08:45:44,15.1,89,1007.5,17.6,71,7393,7,6.9,Fog,3361.0
773,55,7,2018-11-09 10:36:26,33.1,70,989.0,12.2,77,4125,2,1.3,Thunderstorm,2336.0
774,3,1,2024-10-08 16:58:27,29.6,70,989.7,3.8,24,9250,7,-2.4,Clear,2010.0
775,57,7,2022-05-12 07:00:40,17.3,72,915.8,13.2,232,3193,2,-1.1,Clear,1226.0
776,15,2,2019-07-08 06:53:31,19.9,94,927.1,48.1,313,1538,5,14.2,Fog,2595.0
777,36,4,2023-04-16 04:19:50,27.3,52,1006.3,62.3,323,9834,0,14.0,Heavy Rain,1119.0
778,12,1,2024-03-28 18:06:32,21.7,96,1011.1,79.9,6,563,3,2.5,Fog,1322.0
779,45,5,2020-05-14 11:57:15,6.1,86,937.6,53.9,257,5147,0,3.6,Cloudy,1103.0
780,50,6,2018-06-30 02:23:09,30.4,87,937.8,18.1,185,2444,4,4.6,Rain,4330.0
781,26,3,2023-04-18 08:42:59,13.1,93,944.8,49.4,296,2369,5,-4.4,Cloudy,1988.0
782,8,1,2021-06-26 05:40:10,11.1,86,935.5,38.2,216,9358,4,6.7,Thunderstorm,906.0
783,28,3,2024-04-03 00:48:27,29.8,46,969.6,41.3,117,8291,3,0.6,Heavy Rain,4025.0
784,40,5,2020-10-24 10:12:11,27.0,47,916.4,28.7,260,935,6,8.1,Cloudy,3637.0
785,46,5,2024-03-19 03:21:07,25.3,95,940.5,16.7,144,6038,5,12.0,Heavy Rain,2262.0
786,17,2,2019-03-17 18:17:29,10.6,80,985.5,21.6,12,9143,7,-4.2,Thunderstorm,2953.0
787,22,2,2019-12-14 00:27:58,27.8,69,941.4,63.2,357,300,4,8.3,Heavy Rain,1654.0
788,38,4,2022-10-20 07:04:33,16.3,51,929.7,27.5,305,6950,3,3.8,Fog,1510.0
789,25,3,2022-05-19 13:43:31,9.9,61,1002.3,7.3,94,1992,1,9.4,Fog,1401.0
790,5,1,2018-09-05 01:02:33,13.4,54,907.0,25.6,153,6981,6,14.6,Clear,3318.0
791,56,7,2024-01-13 18:53:59,34.1,42,961.1,26.4,171,3353,1,4.4,Thunderstorm,3126.0
792,32,3,2021-06-24 10:54:21,12.2,57,988.3,57.0,295,9200,7,-4.9,Heavy Rain,3716.0
793,21,2,2018-06-30 08:24:14,7.7,78,926.7,27.0,144,9570,3,14.8,Rain,2186.0
794,27,3,2021-07-18 00:09:49,12.8,73,916.7,21.0,262,6401,6,1.5,Cloudy,4107.0
795,55,7,2024-02-25 12:18:20,19.8,82,922.8,30.6,207,5251,3,-2.7,Thunderstorm,983.0
796,49,6,2022-12-06 07:07:53,23.3,84,951.3,45.2,296,3833,5,-4.9,Rain,4050.0
797,30,3,2018-05-03 01:25:36,30.6,52,937.0,63.7,92,1022,3,5.9,Heavy Rain,3451.0
798,51,6,2022-07-23 23:00:59,21.1,50,939.4,13.3,185,109,6,2.2,Fog,2261.0
799,30,3,2023-08-12 06:42:34,29.0,72,941.1,40.7,67,5821,8,0.1,Cloudy,1921.0
800,47,6,2024-03-25 06:32:47,22.8,48,956.5,4.2,1,8204,8,-4.1,Rain,1667.0
801,55,7,2023-08-02 01:13:52,13.4,51,1007.2,31.9,59,6195,2,1.0,Cloudy,1469.0
802,9,1,2019-11-30 01:52:15,34.9,46,919.7,57.6,2,1462,5,14.7,Rain,1325.0
803,20,2,2022-10-09 12:10:28,12.2,43,963.1,1.9,71,2616,2,9.1,Clear,2242.0
804,38,4,2021-10-23 10:24:46,10.7,41,965.3,62.0,148,5485,1,-3.6,Thunderstorm,3907.0
805,6,1,2018-02-11 16:25:43,7.2,77,974.8,0.8,120,6280,8,3.4,Thunderstorm,2001.0
806,27,3,2018-05-01 13:32:05,25.7,72,969.8,51.7,357,5610,1,13.0,Thunderstorm,3669.0
807,27,3,2023-12-30 12:03:30,11.0,92,922.8,37.8,25,9757,0,-4.3,Cloudy,3399.0
808,16,2,2018-07-08 07:16:45,21.5,82,916.1,75.4,55,950,7,13.2,Clear,4495.0
809,24,3,2023-07-13 13:59:15,9.0,56,900.6,58.2,306,284,3,14.1,Rain,1500.0
810,10,1,2024-10-28 15:33:54,16.0,61,931.9,63.4,282,6724,4,4.7,Fog,2086.0
811,19,2,2022-07-24 04:10:22,18.9,100,963.9,67.8,77,6984,3,2.7,Heavy Rain,2151.0
812,42,5,2022-10-06 11:23:44,34.5,78,901.6,1.4,209,8108,4,7.7,Heavy Rain,1132.0
813,60,8,2020-05-16 15:54:23,25.2,80,941.6,27.8,146,9718,8,0.1,Rain,1962.0
814,36,4,2023-01-31 21:04:05,30.5,55,944.6,66.3,80,5716,5,11.7,Clear,2876.0
815,34,4,2018-12-14 10:18:56,9.5,78,932.2,54.6,106,304,8,0.7,Cloudy,2536.0
816,52,6,2023-08-01 19:36:20,6.5,93,923.0,36.5,42,2674,0,7.9,Cloudy,2804.0
817,15,2,2024-10-19 02:25:21,8.6,43,924.5,5.5,152,701,5,14.0,Rain,1684.0
818,44,5,2021-12-28 20:30:57,7.0,61,967.6,5.5,181,2063,1,2.0,Clear,4032.0
819,36,4,2018-06-06 19:28:37,18.3,61,969.4,71.1,275,9023,6,7.0,Clear,4007.0
820,15,2,2023-07-20 00:38:09,8.3,78,916.8,52.4,240,1447,1,10.7,Clear,2887.0
821,41,5,2018-12-03 17:56:38,14.9,49,987.1,33.8,89,8351,3,-0.4,Cloudy,2439.0
822,32,3,2019-06-20 11:15:46,5.8,98,910.5,8.6,5,1006,2,0.1,Clear,963.0
823,38,4,2023-06-11 03:07:06,25.4,52,944.5,37.2,105,8406,8,-0.3,Heavy Rain,3861.0
824,16,2,2023-03-22 03:29:17,32.9,62,992.1,79.9,185,9692,5,9.2,Clear,1143.0
825,58,7,2021-08-17 18:48:48,24.2,41,985.9,6.7,73,4735,6,4.6,Rain,3911.0
826,50,6,2021-11-16 23:36:37,19.4,71,914.8,17.3,2,5245,0,8.8,Fog,4244.0
827,62,8,2023-06-12 21:49:49,9.3,46,918.4,27.2,130,1808,4,7.6,Heavy Rain,3403.0
828,18,2,2021-04-06 07:39:41,18.9,65,900.1,53.1,132,5054,6,2.0,Rain,1317.0
829,33,4,2018-08-15 13:54:12,20.6,71,926.8,44.0,268,6162,5,9.7,Clear,2136.0
830,37,4,2022-10-22 17:07:45,6.9,91,1000.6,39.9,295,2505,8,6.8,Rain,2923.0
831,60,8,2020-12-13 05:18:20,19.6,85,933.4,61.4,16,9451,6,4.0,Clear,1279.0
832,2,1,2024-02-10 12:51:57,26.0,61,967.7,77.0,190,4254,0,9.1,Clear,2497.0
833,10,1,2024-01-24 09:09:33,8.3,80,980.0,22.3,117,1245,6,13.6,Clear,1754.0
834,57,7,2023-12-04 15:30:12,7.1,56,999.4,18.0,76,6589,6,3.5,Heavy Rain,1907.0
835,16,2,2021-12-15 01:02:58,33.1,67,976.4,4.8,195,6300,6,7.4,Clear,1623.0
836,46,5,2021-01-10 07:16:17,26.2,72,964.4,25.4,120,7303,8,-3.6,Heavy Rain,1197.0
837,28,3,2021-07-01 21:27:00,17.3,87,955.3,59.6,278,9856,8,14.1,Fog,2751.0
838,38,4,2024-08-09 05:51:36,26.2,40,936.4,51.6,259,5124,6,9.0,Cloudy,1361.0
839,6,1,2019-03-29 12:56:09,11.6,44,976.3,41.5,48,552,0,5.9,Heavy Rain,2854.0
840,38,4,2022-10-15 03:11:50,16.9,55,902.6,64.7,322,6284,7,7.2,Rain,3697.0
841,23,3,2018-05-13 01:07:38,30.4,43,932.1,4.3,90,4567,5,10.7,Fog,1907.0
842,58,7,2019-05-07 14:55:37,10.4,87,1005.5,1.5,298,4514,5,8.8,Clear,3647.0
843,24,3,2022-02-05 12:28:18,14.6,60,931.4,55.3,340,4787,7,-4.9,Clear,3774.0
844,38,4,2020-09-01 19:12:37,22.6,81,969.5,31.3,232,5110,8,12.1,Rain,1877.0
845,56,7,2023-09-08 18:08:06,30.5,52,901.4,34.5,333,6930,0,0.2,Rain,4065.0
846,60,8,2024-01-17 05:33:48,7.0,42,1008.4,73.4,34,3238,0,-0.3,Rain,3332.0
847,46,5,2019-07-22 04:45:27,33.6,50,957.0,50.6,71,7374,7,-2.4,Heavy Rain,2345.0
848,49,6,2020-09-11 08:13:31,15.7,83,919.1,69.0,316,9954,3,13.0,Thunderstorm,3807.0
849,7,1,2022-05-16 16:39:53,18.0,78,978.7,48.9,74,1829,0,0.6,Cloudy,2920.0
850,12,1,2020-06-28 16:41:34,28.9,99,946.4,62.8,294,8700,1,10.3,Clear,947.0
851,45,5,2018-03-07 08:50:21,26.0,72,931.8,20.9,59,8359,5,-0.6,Rain,3213.0
852,59,8,2021-11-29 20:19:33,22.0,98,909.2,22.4,359,4931,0,11.2,Heavy Rain,1813.0
853,54,6,2018-10-17 04:23:27,6.8,68,968.1,41.9,11,196,2,14.1,Thunderstorm,3153.0
854,40,5,2021-12-09 01:16:37,10.5,51,922.9,19.6,282,8993,5,2.1,Cloudy,4458.0
855,5,1,2019-05-14 00:43:02,30.8,59,994.8,34.6,34,2699,8,9.0,Rain,1093.0
856,21,2,2023-11-18 01:30:57,15.5,61,945.9,14.7,26,2704,4,-1.9,Thunderstorm,1007.0
857,56,7,2024-11-15 04:41:25,15.9,53,907.7,71.2,7,4464,4,11.0,Rain,1698.0
858,1,1,2023-07-07 12:34:24,12.5,92,907.9,60.7,168,3431,8,11.7,Clear,2893.0
859,25,3,2024-12-30 16:54:28,10.6,64,917.5,75.0,307,2446,0,8.8,Rain,3224.0
860,5,1,2019-06-12 01:58:16,10.1,63,927.0,27.5,325,5217,6,-4.3,Cloudy,3529.0
861,9,1,2023-02-28 15:00:02,31.2,83,967.3,44.6,240,8015,1,13.2,Heavy Rain,4140.0
862,2,1,2022-05-28 23:49:48,12.6,89,998.9,22.4,80,6272,7,0.6,Clear,4274.0
863,13,2,2019-10-21 06:33:28,23.4,40,921.9,20.1,132,3370,8,13.2,Heavy Rain,3233.0
864,53,6,2020-10-21 11:29:47,27.0,73,993.4,9.2,59,4357,2,9.0,Rain,2931.0
865,25,3,2024-11-26 16:03:47,19.9,88,1000.1,48.1,282,6878,2,-4.9,Heavy Rain,4356.0
866,60,8,2023-03-27 05:01:18,26.8,56,918.9,4.2,25,3255,1,2.4,Heavy Rain,1940.0
867,17,2,2024-07-04 04:11:26,28.9,56,959.7,8.8,47,8597,2,2.1,Thunderstorm,3679.0
868,5,1,2023-12-06 03:09:08,25.6,78,993.2,17.2,52,1916,1,9.5,Cloudy,4302.0
869,46,5,2024-06-18 14:56:38,28.6,94,941.1,12.1,355,3529,0,9.5,Cloudy,940.0
870,36,4,2018-08-17 17:01:44,15.4,84,907.6,14.4,61,6663,3,1.8,Cloudy,1709.0
871,18,2,2019-12-18 15:40:06,16.5,71,907.8,5.3,320,7083,1,11.2,Rain,1024.0
872,15,2,2021-09-02 09:41:04,24.6,90,1011.0,59.6,106,6713,0,4.7,Cloudy,3380.0
873,1,1,2021-12-10 13:03:27,17.0,51,953.4,66.8,198,360,5,-4.6,Cloudy,3978.0
874,9,1,2018-05-13 17:34:48,9.3,93,1001.5,46.0,112,4902,0,-4.5,Thunderstorm,1029.0
875,32,3,2018-10-19 07:56:42,28.0,89,992.4,34.6,24,2133,8,-0.5,Thunderstorm,3530.0
876,8,1,2022-04-03 22:25:16,17.2,59,986.4,70.0,90,3428,6,11.4,Thunderstorm,1130.0
877,40,5,2019-06-25 23:49:31,25.9,45,912.7,53.7,342,9213,6,8.7,Heavy Rain,1882.0
878,40,5,2021-02-12 19:37:19,10.9,43,956.8,74.3,258,3654,4,7.2,Clear,3807.0
879,61,8,2020-11-03 19:42:47,6.5,66,924.1,22.9,319,6619,3,-1.7,Cloudy,1652.0
880,6,1,2020-11-09 18:53:37,20.0,86,933.0,22.9,63,8683,2,6.8,Rain,3433.0
881,30,3,2019-08-11 05:10:15,13.5,79,927.1,50.6,167,5459,3,0.5,Thunderstorm,4161.0
882,14,2,2022-07-28 00:03:14,33.1,82,928.1,43.1,79,3234,4,8.1,Cloudy,3585.0
883,41,5,2022-01-24 05:55:18,5.9,67,991.7,34.8,159,6610,7,7.2,Rain,2308.0
884,21,2,2021-06-11 05:23:47,18.6,89,998.4,5.3,344,7409,5,12.8,Cloudy,2285.0
885,2,1,2018-08-18 10:26:15,31.8,42,955.3,32.4,23,3098,2,0.8,Fog,4363.0
886,24,3,2019-02-23 21:10:00,25.7,60,959.1,78.4,197,105,2,-3.5,Cloudy,2810.0
887,15,2,2021-11-25 03:37:40,33.8,73,921.6,17.2,340,4121,7,12.2,Fog,4268.0
888,40,5,2018-09-06 13:37:08,27.6,72,916.6,53.0,8,8743,1,12.1,Rain,4049.0
889,35,4,2022-05-19 08:58:33,28.8,42,930.5,20.9,79,8794,1,-0.6,Clear,3918.0
890,45,5,2024-04-19 04:55:41,26.8,91,968.7,69.7,173,9793,7,5.2,Rain,2493.0
891,46,5,2019-02-08 02:52:47,5.3,61,982.9,79.0,199,9030,2,3.1,Rain,4295.0
892,48,6,2018-03-17 00:51:55,34.9,90,925.9,55.8,49,1911,0,1.5,Cloudy,2709.0
893,22,2,2021-02-05 12:35:29,8.3,59,923.3,41.0,292,1344,7,11.2,Rain,3421.0
894,53,6,2020-06-05 15:09:31,8.7,95,928.8,60.5,104,8083,5,-0.2,Fog,3680.0
895,60,8,2020-06-17 10:25:37,28.9,99,992.4,77.3,209,3172,7,0.1,Rain,1162.0
896,46,5,2020-01-27 16:48:52,20.9,56,973.8,61.9,279,5076,3,-1.8,Rain,4405.0
897,44,5,2022-08-03 06:53:40,34.1,57,967.2,11.0,351,8851,5,12.4,Heavy Rain,3115.0
898,26,3,2023-03-15 06:37:02,32.4,89,945.9,25.6,29,8532,4,6.8,Heavy Rain,2344.0
899,4,1,2018-08-23 08:17:39,15.8,65,972.4,13.7,278,7531,0,4.9,Rain,3213.0
900,35,4,2018-03-17 03:26:29,22.7,92,940.6,62.2,170,3624,0,13.8,Fog,3081.0
901,16,2,2024-02-02 00:17:58,5.9,68,920.5,0.6,213,3260,1,14.3,Thunderstorm,1757.0
902,15,2,2024-06-12 10:21:20,16.3,77,1013.0,21.7,283,3538,5,5.0,Thunderstorm,1954.0
903,34,4,2020-06-06 01:00:17,29.9,54,955.1,45.3,345,9319,6,6.0,Thunderstorm,2904.0
904,36,4,2022-03-03 03:34:50,31.2,47,940.9,23.6,223,8110,4,-2.4,Cloudy,3707.0
905,11,1,2023-12-07 04:10:31,20.8,43,963.8,38.2,109,1651,8,14.8,Clear,3873.0
906,21,2,2019-09-09 18:28:03,12.0,50,983.9,22.4,237,1778,2,10.7,Fog,3911.0
907,55,7,2019-05-18 05:40:55,18.3,81,919.8,56.9,340,1606,2,7.0,Heavy Rain,3890.0
908,6,1,2019-12-19 16:45:03,5.8,97,1006.6,13.1,308,6316,7,10.6,Clear,4108.0
909,28,3,2020-04-03 01:12:33,9.0,99,947.2,48.3,27,7253,7,0.6,Thunderstorm,3362.0
910,41,5,2020-05-05 05:24:04,33.4,58,1005.5,26.6,343,1574,8,6.8,Clear,2953.0
911,16,2,2024-03-08 12:53:03,33.9,55,926.0,67.3,253,7171,5,3.5,Cloudy,1703.0
912,3,1,2021-03-29 19:49:16,20.0,90,901.2,21.5,315,4278,4,0.3,Cloudy,3545.0
913,9,1,2018-10-20 10:19:52,10.2,88,925.1,45.5,266,1379,6,4.8,Rain,3692.0
914,37,4,2019-08-10 21:28:05,19.4,45,997.8,42.5,320,4124,4,2.5,Rain,2510.0
915,11,1,2021-02-24 21:10:54,25.9,71,938.6,43.9,100,5207,3,1.4,Clear,3275.0
916,36,4,2023-06-16 10:25:49,20.3,94,1008.8,34.6,94,3408,3,-1.1,Rain,1486.0
917,22,2,2021-10-02 23:37:30,15.8,81,910.9,77.0,267,3108,1,10.2,Fog,2636.0
918,17,2,2024-10-14 20:02:54,23.6,76,942.6,13.1,19,9135,6,9.3,Heavy Rain,3986.0
919,2,1,2018-04-21 03:23:56,19.8,40,1000.9,11.9,92,4671,4,4.7,Rain,3977.0
920,42,5,2023-11-07 19:21:10,26.7,68,931.9,71.1,212,7765,4,-4.5,Rain,1491.0
921,54,6,2021-04-24 02:19:11,22.6,83,978.9,62.6,25,2795,4,12.6,Clear,3843.0
922,49,6,2022-08-12 07:08:47,13.3,74,939.6,1.5,29,4789,7,-3.6,Heavy Rain,2590.0
923,11,1,2023-08-31 22:46:36,20.2,99,1001.8,42.8,277,5166,3,6.9,Heavy Rain,3199.0
924,42,5,2024-02-12 21:47:54,21.8,50,996.1,5.7,147,3849,4,5.4,Thunderstorm,2251.0
925,33,4,2023-08-10 11:51:35,22.7,93,1005.4,25.5,101,1005,8,1.8,Cloudy,3917.0
926,49,6,2020-02-22 18:17:04,14.0,42,929.8,45.9,211,2095,0,9.8,Rain,1659.0
927,30,3,2020-12-16 03:20:18,34.1,58,1012.1,25.7,11,6660,8,1.3,Clear,994.0
928,8,1,2018-06-23 17:51:39,31.8,49,980.1,45.8,3,7348,6,-1.7,Cloudy,2042.0
929,46,5,2023-05-05 08:54:39,34.2,67,913.0,52.9,54,4709,2,11.7,Cloudy,2167.0
930,43,5,2018-12-06 06:22:55,8.9,59,980.6,49.6,8,5845,5,4.5,Cloudy,4485.0
931,39,4,2019-04-07 12:04:04,19.2,70,948.5,12.9,72,9759,6,5.2,Heavy Rain,1818.0
932,28,3,2023-07-23 02:35:19,28.5,88,962.5,69.8,92,6010,2,7.5,Rain,2507.0
933,60,8,2020-01-31 08:48:40,10.0,41,946.8,49.1,42,605,8,6.8,Rain,2098.0
934,30,3,2023-09-10 23:31:32,16.5,49,915.9,51.0,201,5647,6,12.9,Clear,2807.0
935,42,5,2018-06-07 18:55:18,25.7,53,1008.5,7.6,8,5483,1,-1.3,Heavy Rain,4445.0
936,15,2,2023-06-05 17:07:44,34.3,52,961.6,4.4,167,7785,3,-0.8,Clear,1773.0
937,21,2,2018-02-13 21:21:09,22.2,68,944.2,20.1,113,1487,3,-4.9,Heavy Rain,3231.0
938,30,3,2021-10-30 21:55:00,14.6,68,903.3,75.7,55,9326,5,5.9,Rain,3083.0
939,22,2,2019-09-23 19:35:31,5.1,43,965.0,45.1,189,2493,3,10.9,Cloudy,2753.0
940,25,3,2023-09-25 06:07:18,17.4,77,914.3,31.9,331,1377,4,-1.7,Clear,2766.0
941,2,1,2023-03-28 07:39:29,19.8,91,958.4,62.2,243,8257,6,-3.1,Thunderstorm,3168.0
942,3,1,2020-09-13 22:01:47,19.2,47,915.7,28.0,264,4678,0,12.0,Cloudy,1254.0
943,42,5,2024-12-08 05:06:12,15.5,51,912.7,51.1,127,5069,6,0.6,Heavy Rain,2421.0
944,4,1,2019-02-03 09:07:13,14.4,96,930.6,49.7,324,4945,0,0.3,Rain,2295.0
945,51,6,2018-02-03 14:24:45,34.8,47,976.2,40.9,272,1585,8,6.3,Thunderstorm,2587.0
946,7,1,2023-06-26 05:14:14,31.1,64,911.1,21.2,312,9169,1,4.3,Thunderstorm,2095.0
947,56,7,2023-09-05 22:22:57,6.5,86,994.4,6.2,152,320,2,6.8,Clear,1429.0
948,42,5,2023-07-22 11:49:23,29.2,97,961.5,46.6,105,6022,7,7.7,Fog,2935.0
949,38,4,2020-09-05 17:11:44,21.0,91,986.5,75.5,309,701,4,4.3,Heavy Rain,2002.0
950,54,6,2020-06-29 18:55:11,5.4,95,961.5,73.8,253,6310,2,10.1,Heavy Rain,2911.0
951,51,6,2023-09-24 23:53:43,16.6,91,971.5,42.5,273,9366,8,5.4,Fog,2172.0
952,20,2,2022-08-03 08:27:39,27.2,54,935.1,7.3,252,4995,7,0.0,Heavy Rain,2250.0
953,19,2,2023-10-08 08:10:47,7.6,85,997.2,55.0,270,6125,5,0.8,Clear,3295.0
954,1,1,2018-05-14 22:33:52,15.8,42,987.7,22.5,138,9881,3,12.2,Clear,1053.0
955,26,3,2019-09-08 05:38:23,23.1,73,985.8,68.0,257,9729,4,1.2,Heavy Rain,3877.0
956,60,8,2018-07-12 06:03:15,19.6,98,986.6,32.5,107,2174,7,3.7,Rain,982.0
957,32,3,2020-02-20 18:10:24,21.6,56,985.5,18.6,239,3193,5,9.0,Heavy Rain,3096.0
958,10,1,2019-08-06 16:05:24,15.2,73,993.5,62.0,49,3723,0,-4.9,Heavy Rain,3462.0
959,15,2,2020-09-05 13:53:52,8.1,82,997.0,8.0,274,7997,5,4.1,Heavy Rain,3035.0
960,13,2,2019-10-09 22:07:59,17.9,45,948.1,59.3,71,7107,5,7.9,Rain,2402.0
961,23,3,2024-12-31 16:38:52,19.7,48,969.4,4.1,85,6566,3,10.5,Fog,1597.0
962,13,2,2019-08-30 22:38:57,27.3,87,985.7,78.0,281,6970,6,6.4,Rain,2392.0
963,26,3,2023-11-16 04:57:29,32.5,40,992.4,17.1,142,1391,7,0.1,Thunderstorm,1492.0
964,50,6,2024-10-09 13:39:45,15.3,52,949.2,55.3,247,2429,6,2.3,Clear,1028.0
965,31,3,2024-12-24 17:33:43,31.1,43,927.9,37.8,191,509,1,-1.2,Cloudy,3931.0
966,43,5,2021-06-29 18:35:49,27.6,57,952.9,16.4,132,3232,3,-0.3,Clear,3544.0
967,26,3,2018-03-06 05:22:54,8.7,86,1006.3,71.8,329,9151,5,-3.3,Clear,2177.0
968,11,1,2023-05-25 19:05:45,28.0,93,989.5,73.7,218,8447,6,-2.5,Fog,2406.0
969,45,5,2023-02-04 02:36:08,31.5,53,961.6,14.2,356,4458,8,9.3,Heavy Rain,4463.0
970,11,1,2022-02-07 11:06:23,16.2,66,993.3,14.0,124,5434,2,3.8,Thunderstorm,1136.0
971,48,6,2023-01-17 14:08:59,32.5,82,948.1,0.3,170,8366,1,0.4,Heavy Rain,967.0
972,48,6,2020-01-07 18:08:56,8.7,90,975.3,66.1,111,1248,4,-4.2,Fog,3850.0
973,54,6,2020-01-26 00:02:14,13.4,44,926.8,22.2,342,4703,2,-4.9,Fog,3398.0
974,61,8,2022-10-20 21:04:46,16.6,91,1005.7,19.0,113,2231,5,6.8,Heavy Rain,3698.0
975,22,2,2020-05-12 12:41:03,15.3,89,980.1,46.4,255,7130,3,-1.7,Clear,2093.0
976,21,2,2024-12-12 19:52:57,19.1,66,904.1,68.9,326,9524,1,3.9,Cloudy,4006.0
977,19,2,2020-08-30 05:02:22,22.7,89,940.0,75.2,240,669,0,7.8,Fog,2263.0
978,8,1,2018-12-12 12:08:10,30.0,93,975.7,76.9,53,5741,1,1.5,Clear,3458.0
979,30,3,2020-03-17 05:48:19,11.6,89,918.6,6.9,75,5480,0,-3.9,Fog,3004.0
980,15,2,2019-02-21 15:07:28,7.2,45,920.9,44.7,164,9197,8,2.3,Thunderstorm,4268.0
981,24,3,2022-07-13 07:55:31,23.1,64,942.1,5.5,74,3498,2,0.8,Rain,2351.0
982,6,1,2018-05-12 08:14:14,8.3,90,932.7,59.8,101,1977,2,12.3,Heavy Rain,4311.0
983,1,1,2019-07-07 06:26:46,22.8,85,962.8,66.6,220,9342,2,-4.8,Heavy Rain,1471.0
984,16,2,2019-09-22 22:54:39,17.8,40,957.0,78.6,102,6364,1,7.8,Fog,974.0
985,1,1,2024-10-18 01:26:51,13.5,74,954.9,21.0,4,8983,4,-3.2,Rain,4126.0
986,48,6,2023-01-02 17:19:07,17.0,66,984.1,27.7,275,9343,7,14.1,Cloudy,1629.0
987,32,3,2019-08-21 09:16:11,18.8,52,913.5,11.4,30,2160,1,-0.1,Clear,2556.0
988,57,7,2024-08-22 17:22:14,8.6,56,994.3,20.0,317,805,5,4.0,Cloudy,1499.0
989,21,2,2024-11-13 12:05:41,14.3,46,986.9,43.4,264,8281,4,0.8,Thunderstorm,2252.0
990,26,3,2024-04-28 13:57:04,34.2,62,951.7,76.2,87,6239,7,6.3,Heavy Rain,2832.0
991,45,5,2022-02-12 05:40:40,18.5,89,1011.8,44.5,153,4386,4,10.9,Clear,2230.0
992,10,1,2019-02-24 09:32:50,26.4,81,1008.9,68.2,53,6237,0,0.5,Fog,3642.0
993,3,1,2022-07-15 23:55:16,10.5,85,999.9,18.0,292,3268,8,2.9,Heavy Rain,2649.0
994,38,4,2022-09-11 23:35:25,9.6,94,965.6,49.5,280,8051,6,12.0,Heavy Rain,1545.0
995,23,3,2018-04-21 20:52:21,32.6,99,1013.0,4.8,290,2602,2,7.0,Fog,3093.0
996,16,2,2024-06-30 05:47:49,12.8,60,946.8,3.2,321,7257,6,-2.7,Rain,1335.0
997,58,7,2024-05-21 08:42:42,29.6,64,983.3,26.1,268,1598,1,13.1,Thunderstorm,3173.0
998,1,1,2019-07-18 15:55:16,33.4,42,944.2,56.9,259,7395,5,-2.4,Cloudy,3262.0
999,15,2,2020-02-09 10:40:57,9.2,99,930.2,28.4,28,9463,4,-4.5,Cloudy,1642.0
1000,38,4,2022-12-31 04:03:09,15.2,96,917.1,22.0,80,849,3,-1.8,Cloudy,3495.0
1001,54,6,2023-05-19 06:50:29,34.5,80,962.5,44.7,346,2927,6,2.9,Fog,3283.0
1002,24,3,2018-12-07 08:25:54,34.2,67,949.1,74.6,251,8416,4,3.3,Fog,1549.0
1003,56,7,2020-03-12 19:05:44,34.6,81,980.2,7.2,60,8409,0,2.1,Clear,3978.0
1004,43,5,2021-04-18 11:45:37,22.4,53,954.0,30.6,252,8009,3,-1.1,Fog,2937.0
1005,26,3,2020-02-10 20:06:21,19.5,48,1005.9,46.1,105,9739,3,8.9,Rain,1809.0
1006,8,1,2024-05-29 08:54:56,13.9,87,969.2,25.2,92,1018,2,8.2,Fog,1605.0
1007,45,5,2021-06-04 02:51:09,32.7,71,1002.3,32.7,122,3929,5,2.5,Thunderstorm,3440.0
1008,9,1,2023-02-26 04:13:33,13.1,87,988.5,8.4,358,1914,2,7.6,Cloudy,2038.0
1009,2,1,2019-07-12 22:07:14,30.0,86,938.5,40.2,184,5047,8,-4.9,Rain,2619.0
1010,41,5,2024-04-10 03:46:28,31.9,59,907.3,56.1,89,3467,1,12.4,Fog,3525.0
1011,37,4,2021-12-26 19:47:47,9.5,98,997.4,53.1,225,4231,2,7.5,Clear,3516.0
1012,48,6,2019-06-11 20:49:52,12.8,88,993.8,35.2,20,2359,5,6.2,Thunderstorm,2435.0
1013,5,1,2018-12-18 22:48:48,17.1,53,1010.4,49.6,205,9250,8,14.5,Fog,1039.0
1014,9,1,2024-08-30 15:30:57,25.6,82,994.2,72.2,238,6441,1,13.5,Heavy Rain,2002.0
1015,23,3,2024-12-31 02:41:52,27.7,52,993.5,22.1,327,1869,0,-3.0,Cloudy,2487.0
1016,5,1,2022-07-20 23:21:48,29.2,48,909.4,53.5,318,2610,2,9.4,Fog,3936.0
1017,55,7,2024-09-25 20:46:04,26.9,45,928.0,70.5,304,7292,8,-3.3,Clear,1803.0
1018,50,6,2020-09-10 20:26:57,29.4,92,903.7,72.7,118,5885,0,14.1,Fog,3478.0
1019,28,3,2018-09-26 15:05:12,31.6,45,962.5,67.9,320,6894,7,13.5,Rain,1863.0
1020,19,2,2023-07-31 20:30:12,10.8,100,995.8,49.6,304,685,4,14.4,Fog,3428.0
1021,29,3,2023-08-19 19:10:06,11.4,74,989.4,67.0,193,8122,0,5.6,Thunderstorm,1521.0
1022,1,1,2021-03-25 01:30:15,6.0,73,1006.1,37.8,235,9110,3,11.7,Thunderstorm,3430.0
1023,4,1,2021-12-10 14:37:00,9.6,85,958.1,16.6,218,8890,6,14.0,Cloudy,2932.0
1024,39,4,2020-07-05 15:54:19,28.1,40,952.7,70.5,248,3475,2,9.7,Clear,912.0
1025,57,7,2018-01-27 14:50:06,17.1,74,972.4,29.8,144,2304,6,2.2,Cloudy,2197.0
1026,22,2,2023-11-06 07:27:14,29.9,100,922.0,43.3,213,1973,8,5.3,Clear,4005.0
1027,10,1,2024-09-28 09:53:46,29.5,63,918.5,1.9,278,1534,6,-3.3,Heavy Rain,4076.0
1028,61,8,2019-06-08 17:45:11,11.0,56,1010.8,5.5,229,5067,2,10.9,Rain,4091.0
1029,60,8,2024-05-02 22:34:29,30.8,83,910.6,36.7,223,339,0,7.6,Heavy Rain,2323.0
1030,28,3,2019-02-11 14:09:16,8.5,50,917.7,56.8,18,7729,7,7.7,Fog,3538.0
1031,31,3,2024-06-15 13:07:06,21.4,72,959.2,56.8,262,3818,4,-4.6,Thunderstorm,3649.0
1032,43,5,2023-11-29 06:50:42,14.2,66,1007.0,7.4,4,5806,0,-4.3,Cloudy,4318.0
1033,15,2,2021-03-15 14:54:22,32.1,75,1010.4,45.7,278,1095,5,2.8,Cloudy,2975.0
1034,6,1,2023-08-09 03:51:50,31.4,79,919.7,71.7,334,1583,2,12.9,Clear,1776.0
1035,51,6,2021-01-04 02:58:50,16.7,42,941.2,18.1,50,256,6,-3.6,Cloudy,1259.0
1036,51,6,2023-10-14 14:36:31,26.4,55,952.3,23.8,132,6350,4,8.4,Fog,4001.0
1037,44,5,2022-07-11 10:03:45,19.7,51,901.7,71.5,153,5896,7,10.1,Cloudy,2801.0
1038,39,4,2019-01-25 17:13:35,9.2,41,958.3,15.6,218,205,6,13.3,Cloudy,1254.0
1039,50,6,2024-05-30 19:07:54,33.3,96,993.4,46.7,315,9582,8,10.5,Rain,4369.0
1040,62,8,2019-09-24 02:58:21,7.8,88,912.4,53.2,304,1293,4,7.3,Heavy Rain,4088.0
1041,61,8,2019-03-04 04:28:44,13.2,62,900.3,66.3,60,3488,8,-0.7,Thunderstorm,4256.0
1042,49,6,2019-04-21 10:38:47,6.3,62,950.8,63.2,234,113,2,1.7,Clear,1980.0
1043,47,6,2022-10-29 22:37:37,33.6,69,925.0,63.6,339,7928,8,3.3,Clear,2047.0
1044,60,8,2023-09-16 15:04:00,14.9,47,969.5,15.5,117,2553,3,-3.1,Heavy Rain,1176.0
1045,44,5,2024-07-01 14:16:01,19.6,69,972.6,44.8,109,4025,5,4.1,Clear,1059.0
1046,20,2,2023-07-14 23:47:48,7.7,78,973.5,67.0,286,7851,0,0.1,Heavy Rain,2180.0
1047,41,5,2023-05-25 09:25:28,7.4,63,957.7,26.4,58,9155,0,-4.0,Cloudy,3411.0
1048,41,5,2022-04-25 04:52:15,16.7,55,1010.6,17.9,27,5805,1,-2.0,Rain,1772.0
1049,43,5,2021-01-25 22:58:22,31.8,75,960.3,78.6,119,536,5,-4.4,Clear,3936.0
1050,30,3,2020-09-14 20:23:14,29.8,74,933.6,19.3,230,8725,5,14.2,Heavy Rain,3705.0
1051,12,1,2019-09-06 06:04:11,22.5,42,914.0,71.2,135,1673,8,-1.6,Heavy Rain,3847.0
1052,22,2,2019-04-25 21:37:34,10.7,62,1012.4,47.5,206,1615,3,-4.5,Thunderstorm,1779.0
1053,12,1,2021-08-30 16:01:49,10.4,51,939.7,31.0,179,2487,4,11.8,Thunderstorm,3080.0
1054,41,5,2022-04-13 00:00:56,15.2,82,918.4,6.4,183,7571,6,12.4,Cloudy,4381.0
1055,34,4,2018-11-11 05:37:43,14.0,94,926.1,62.5,179,5824,7,13.2,Cloudy,3920.0
1056,50,6,2020-08-27 01:21:57,29.5,63,987.7,72.2,166,4874,2,8.1,Heavy Rain,2264.0
1057,28,3,2023-06-11 12:10:37,17.8,81,961.5,30.4,36,6841,2,5.1,Heavy Rain,1341.0
1058,51,6,2021-07-09 16:45:51,31.7,43,906.8,13.2,108,8425,2,5.1,Heavy Rain,3828.0
1059,46,5,2021-05-20 13:40:15,6.9,78,931.2,46.6,204,3125,4,12.1,Fog,4068.0
1060,54,6,2022-07-27 20:14:13,25.6,77,912.9,56.3,256,9763,1,12.7,Heavy Rain,2054.0
1061,59,8,2024-04-09 11:22:24,14.7,57,904.7,55.1,273,1885,6,2.3,Cloudy,3793.0
1062,3,1,2024-05-06 18:15:15,14.9,82,1000.0,28.3,293,3156,0,0.5,Heavy Rain,1761.0
1063,7,1,2019-09-14 06:42:29,14.0,49,950.7,6.3,350,1621,2,14.7,Fog,2020.0
1064,2,1,2020-07-16 12:07:02,21.8,50,974.3,19.5,150,871,4,-4.6,Cloudy,3810.0
1065,33,4,2022-09-13 03:15:25,19.6,69,959.4,36.9,216,6224,4,12.3,Heavy Rain,2636.0
1066,60,8,2018-11-27 05:04:14,28.8,93,967.7,40.3,4,2810,4,-0.9,Fog,3894.0
1067,52,6,2020-03-24 10:51:41,12.1,75,990.2,55.5,242,8002,5,-4.2,Fog,1732.0
1068,32,3,2024-05-14 19:34:53,6.6,70,980.2,23.8,257,5606,8,10.3,Fog,2466.0
1069,52,6,2019-04-13 17:47:59,27.0,55,937.6,67.0,194,2429,5,5.9,Heavy Rain,3232.0
1070,42,5,2024-08-07 19:42:39,30.7,70,976.0,13.4,310,1057,7,7.1,Rain,1429.0
1071,19,2,2020-11-16 02:55:00,15.5,65,985.3,47.2,353,2618,0,7.1,Cloudy,1712.0
1072,44,5,2019-02-18 01:39:21,30.7,50,991.9,26.5,277,1214,2,-1.5,Fog,3285.0
1073,39,4,2023-07-16 23:33:47,23.0,55,926.7,66.1,121,2274,0,7.6,Rain,3164.0
1074,31,3,2018-08-20 22:36:49,13.0,68,972.0,30.9,236,4663,8,7.8,Cloudy,2743.0
1075,39,4,2024-02-20 14:43:36,23.3,50,993.3,40.6,192,3166,3,6.0,Rain,1455.0
1076,59,8,2021-12-27 23:36:12,16.9,44,998.3,76.9,266,2515,3,10.4,Heavy Rain,3282.0
1077,44,5,2020-01-15 11:14:59,9.1,41,990.9,27.7,352,7167,1,7.0,Heavy Rain,2073.0
1078,18,2,2023-05-25 04:03:49,6.3,98,978.3,65.7,245,2872,6,-2.5,Fog,3282.0
1079,42,5,2024-02-08 13:04:47,27.6,49,905.9,32.7,336,4686,4,3.5,Clear,1742.0
1080,47,6,2022-03-01 11:51:09,12.8,97,955.7,28.5,112,3577,5,-1.8,Heavy Rain,4333.0
1081,59,8,2019-07-07 15:35:05,13.3,79,900.4,15.1,125,8089,5,14.1,Fog,2806.0
1082,55,7,2022-11-13 23:39:09,29.7,73,923.5,64.9,328,7339,5,14.9,Fog,3751.0
1083,15,2,2024-02-21 11:42:10,6.1,70,919.1,7.5,13,7357,2,1.3,Rain,2634.0
1084,2,1,2018-05-22 20:09:07,21.8,89,960.9,23.0,26,5162,3,1.1,Heavy Rain,1052.0
1085,49,6,2019-09-26 08:19:31,20.0,93,999.1,71.4,84,3574,8,-1.5,Rain,3555.0
1086,3,1,2018-05-24 05:53:21,11.3,55,907.8,68.0,348,3200,1,3.7,Clear,3351.0
1087,31,3,2023-03-26 04:56:03,14.2,47,973.8,50.6,173,479,8,14.0,Cloudy,2533.0
1088,37,4,2021-08-20 12:42:39,25.8,72,960.1,25.3,229,5931,2,-2.3,Fog,2471.0
1089,21,2,2024-11-07 12:48:33,21.7,67,929.6,19.9,102,3755,0,8.5,Cloudy,3454.0
1090,42,5,2019-12-18 22:35:08,10.3,64,935.3,39.9,301,6230,2,7.3,Clear,2642.0
1091,50,6,2018-12-14 22:29:46,25.8,52,920.1,0.3,15,3764,8,11.7,Heavy Rain,3494.0
1092,22,2,2024-07-01 08:07:14,12.0,46,922.0,4.7,46,3054,1,9.2,Thunderstorm,4356.0
1093,31,3,2020-07-07 08:22:38,13.3,73,915.8,25.5,55,9297,1,-0.9,Rain,1189.0
1094,31,3,2024-12-25 12:52:34,9.6,83,1002.0,31.4,248,4007,3,9.8,Clear,4267.0
1095,23,3,2019-02-24 04:59:39,31.9,48,967.6,36.2,141,3325,2,10.3,Thunderstorm,1869.0
1096,38,4,2022-01-03 19:57:01,33.0,61,966.5,0.6,358,3377,7,-4.3,Cloudy,4329.0
1097,58,7,2023-05-14 17:51:41,7.2,90,989.0,12.4,253,8566,8,8.4,Thunderstorm,1852.0
1098,11,1,2020-03-08 16:00:34,10.4,84,986.7,38.8,246,7104,0,5.3,Cloudy,2493.0
1099,57,7,2020-10-25 05:10:38,23.6,60,973.4,34.2,136,9548,4,-2.2,Rain,3214.0
1100,49,6,2019-09-25 06:34:35,28.2,86,900.4,52.4,33,2162,2,-1.5,Cloudy,3576.0
1101,45,5,2018-12-19 10:17:02,24.5,85,996.8,69.5,5,1573,4,10.1,Thunderstorm,4291.0
1102,55,7,2019-01-25 03:46:18,27.4,99,920.7,33.2,57,2588,4,-1.7,Heavy Rain,3808.0
1103,40,5,2018-05-16 12:46:27,24.2,57,964.8,54.8,221,399,7,1.0,Clear,3518.0
1104,44,5,2019-04-12 19:16:58,7.3,78,954.1,62.6,182,6144,6,11.3,Clear,3382.0
1105,51,6,2021-04-16 10:07:52,26.7,100,946.0,7.1,3,5713,4,7.2,Clear,2048.0
1106,53,6,2022-03-28 05:19:45,9.6,78,955.2,51.9,299,6316,6,1.1,Clear,2459.0
1107,14,2,2019-04-25 02:18:31,32.4,95,957.3,19.0,153,4707,5,7.5,Fog,3838.0
1108,36,4,2021-08-28 05:34:22,7.5,44,965.1,11.8,121,3488,8,12.9,Thunderstorm,1953.0
1109,55,7,2019-10-11 17:28:26,7.1,99,990.5,54.9,48,5346,0,-3.3,Rain,1252.0
1110,24,3,2019-02-19 10:11:14,15.9,41,950.7,66.7,258,7679,0,0.4,Heavy Rain,3316.0
1111,38,4,2018-10-29 05:36:49,14.9,40,998.6,77.4,96,9028,8,-1.9,Clear,2686.0
1112,1,1,2023-07-15 11:52:02,15.4,65,921.8,71.9,106,6540,3,1.3,Rain,4102.0
1113,52,6,2018-07-06 08:29:05,28.2,40,903.3,30.7,312,4967,5,-2.5,Heavy Rain,984.0
1114,30,3,2023-07-25 23:08:40,31.2,73,1003.2,31.2,96,1572,6,-5.0,Rain,2135.0
1115,40,5,2019-02-28 17:23:02,13.7,75,987.9,61.9,10,914,7,-3.8,Heavy Rain,1401.0
1116,42,5,2024-10-06 08:58:55,34.5,50,990.4,24.6,36,9560,8,4.4,Thunderstorm,3907.0
1117,60,8,2020-03-11 03:33:22,26.4,40,980.6,58.1,279,9202,4,2.7,Cloudy,4096.0
1118,28,3,2021-02-08 10:22:56,30.4,76,952.2,72.4,73,9105,3,12.0,Clear,3003.0
1119,28,3,2019-06-12 00:18:27,19.1,89,989.8,56.5,308,420,7,13.0,Cloudy,1426.0
1120,6,1,2020-04-29 17:11:36,28.2,61,935.9,1.5,351,888,6,1.0,Clear,4011.0
1121,24,3,2020-12-18 18:45:48,14.1,85,1001.5,34.6,45,9638,4,0.1,Clear,1079.0
1122,48,6,2019-10-03 23:37:47,32.4,76,987.6,79.5,219,9340,8,2.4,Cloudy,3134.0
1123,11,1,2018-10-14 13:52:10,29.6,58,993.0,69.8,145,9481,5,3.1,Thunderstorm,4462.0
1124,59,8,2022-12-07 22:51:22,16.6,49,921.4,2.4,228,2561,2,4.0,Cloudy,4446.0
1125,28,3,2020-03-13 16:40:28,16.7,66,952.4,51.7,24,1577,0,-2.4,Cloudy,2903.0
1126,43,5,2019-01-03 23:03:53,10.0,89,993.5,20.3,93,2607,8,2.5,Rain,1762.0
1127,26,3,2022-10-25 10:12:52,28.9,89,971.9,38.2,179,9723,5,5.5,Clear,3236.0
1128,34,4,2023-08-03 20:28:51,9.1,71,987.4,12.1,229,1822,1,2.9,Rain,2653.0
1129,52,6,2019-07-01 10:20:17,9.2,62,950.8,19.1,133,1780,1,-2.0,Thunderstorm,1662.0
1130,20,2,2019-06-12 04:05:52,19.0,94,1008.1,14.2,165,1067,3,8.9,Cloudy,4343.0
1131,60,8,2021-10-18 16:06:27,6.1,98,992.0,60.9,304,4136,1,0.2,Cloudy,1257.0
1132,62,8,2023-08-19 01:08:20,8.4,60,954.6,27.0,43,3012,6,-0.3,Fog,3084.0
1133,14,2,2023-12-11 06:50:31,34.8,82,937.9,12.8,165,4095,5,3.9,Heavy Rain,2489.0
1134,5,1,2024-08-13 19:59:08,25.2,98,908.4,75.1,179,7547,0,-2.9,Thunderstorm,2435.0
1135,29,3,2018-06-27 00:11:46,17.2,45,928.5,14.9,116,3417,2,12.4,Thunderstorm,1948.0
1136,13,2,2018-04-22 04:12:21,12.9,64,985.3,76.0,323,7566,2,-4.4,Fog,1638.0
1137,20,2,2024-04-30 04:57:14,9.7,43,1011.1,75.7,244,7082,3,10.6,Fog,1031.0
1138,28,3,2023-01-27 11:23:28,23.9,57,961.3,15.2,159,171,5,5.5,Fog,4155.0
1139,19,2,2019-12-11 04:36:03,30.5,79,999.9,78.0,185,8869,3,8.8,Heavy Rain,2099.0
1140,57,7,2019-07-02 04:50:30,17.0,76,1011.9,47.4,273,4726,1,8.6,Cloudy,1388.0
1141,7,1,2019-11-12 11:53:39,9.5,42,944.5,19.0,226,1248,7,6.1,Heavy Rain,3834.0
1142,50,6,2018-02-10 01:48:25,5.3,72,980.3,56.4,56,9126,7,12.5,Rain,4448.0
1143,32,3,2023-01-08 03:20:43,23.1,76,987.1,44.6,319,2094,6,13.6,Rain,2869.0
1144,46,5,2022-11-06 23:28:36,29.1,83,900.4,45.1,162,9091,7,7.1,Heavy Rain,1008.0
1145,20,2,2022-07-23 16:27:26,23.4,74,977.2,59.6,125,7794,5,13.7,Cloudy,3682.0
1146,32,3,2020-03-12 21:06:06,27.9,91,958.8,47.6,242,1903,7,3.4,Clear,2654.0
1147,23,3,2018-10-01 03:24:20,17.1,87,932.3,49.8,79,4390,3,10.4,Thunderstorm,2933.0
1148,7,1,2022-06-05 12:54:08,26.3,84,955.4,36.2,184,7173,8,8.0,Heavy Rain,1381.0
1149,16,2,2023-04-03 18:08:47,14.2,87,1008.8,78.5,9,9449,7,1.3,Cloudy,1762.0
1150,35,4,2021-03-10 21:28:14,14.1,81,1007.2,16.3,191,9108,5,1.9,Thunderstorm,1179.0
1151,57,7,2022-03-04 10:44:02,15.4,85,980.3,69.2,264,644,6,8.2,Heavy Rain,4457.0
1152,1,1,2024-01-24 10:50:04,8.2,85,921.3,48.2,289,5079,1,5.1,Heavy Rain,2134.0
1153,12,1,2018-04-11 20:45:22,5.4,49,1000.1,63.4,260,5736,2,12.6,Rain,1196.0
1154,59,8,2024-08-04 20:42:57,9.4,41,988.2,67.5,24,6276,7,1.6,Fog,978.0
1155,5,1,2023-01-31 22:03:18,30.6,46,959.2,9.8,190,9681,4,8.3,Cloudy,4101.0
1156,23,3,2018-03-28 21:52:09,31.1,92,961.7,67.8,184,6889,5,1.2,Rain,1457.0
1157,8,1,2020-07-12 12:56:36,19.4,83,971.3,10.3,356,5398,8,-4.7,Thunderstorm,1667.0
1158,52,6,2018-07-15 07:37:26,22.4,63,967.6,9.5,222,734,2,1.3,Thunderstorm,1040.0
1159,47,6,2018-07-19 17:58:53,6.0,89,1008.3,15.5,174,7870,4,-3.8,Clear,4456.0
1160,27,3,2020-06-27 19:23:19,30.3,51,908.9,2.0,236,8127,7,-0.6,Rain,3479.0
1161,38,4,2018-05-08 04:26:41,11.9,55,1001.4,33.9,198,6923,2,-3.4,Thunderstorm,1124.0
1162,30,3,2023-06-27 23:22:35,7.8,90,993.4,38.8,243,4423,3,2.1,Fog,3343.0
1163,29,3,2019-03-10 05:39:02,8.5,64,1012.7,72.0,270,4705,4,-3.4,Heavy Rain,4425.0
1164,28,3,2018-03-01 20:48:23,30.2,44,971.5,49.0,7,6840,6,13.7,Thunderstorm,2586.0
1165,16,2,2020-12-11 12:38:01,17.8,89,984.2,49.5,242,5532,8,-2.0,Rain,2674.0
1166,22,2,2021-10-31 00:41:59,15.5,70,907.8,11.9,348,3524,1,5.9,Clear,3723.0
1167,22,2,2020-01-16 09:46:30,7.6,97,946.1,34.6,106,9809,3,4.5,Clear,1284.0
1168,31,3,2018-12-05 02:08:27,34.2,66,933.3,36.4,333,7163,2,9.8,Cloudy,1355.0
1169,7,1,2020-09-04 18:57:08,19.1,87,1004.9,6.8,199,2686,8,2.2,Heavy Rain,1017.0
1170,21,2,2023-09-17 16:08:03,29.6,51,966.6,64.2,38,213,3,11.7,Fog,4359.0
1171,58,7,2020-06-20 22:31:40,28.7,60,991.3,14.9,38,9022,6,8.1,Clear,2114.0
1172,57,7,2019-12-14 09:32:37,6.7,93,901.1,63.1,325,4640,4,6.2,Thunderstorm,1632.0
1173,14,2,2023-03-07 17:40:32,34.3,86,908.1,15.0,128,2312,0,9.6,Fog,1673.0
1174,26,3,2022-03-03 08:55:37,27.1,87,992.4,0.2,38,6087,3,1.8,Heavy Rain,3646.0
1175,51,6,2023-12-11 18:45:50,27.9,79,979.3,10.3,133,3915,7,-1.0,Clear,4120.0
1176,44,5,2024-10-08 22:16:17,29.4,100,999.7,22.7,132,6850,1,3.7,Cloudy,1646.0
1177,27,3,2022-06-21 15:30:01,15.1,72,995.9,72.6,201,8673,4,14.6,Fog,2324.0
1178,10,1,2023-05-03 23:08:42,11.4,92,978.4,78.5,108,7450,5,5.7,Fog,4282.0
1179,31,3,2019-01-09 06:04:35,9.8,89,991.8,12.2,84,7145,3,1.8,Thunderstorm,3880.0
1180,42,5,2019-11-05 12:55:49,16.1,68,912.4,56.1,335,5562,8,4.5,Cloudy,2588.0
1181,49,6,2022-04-12 15:51:18,31.2,100,915.8,61.9,13,3322,1,8.9,Rain,1010.0
1182,1,1,2024-09-14 02:02:36,16.9,100,925.9,10.7,159,3720,0,12.6,Cloudy,2341.0
1183,61,8,2018-08-31 22:25:26,13.7,40,942.4,72.8,164,3615,6,14.2,Fog,1762.0
1184,32,3,2018-03-03 00:04:38,30.7,63,965.6,46.5,310,3797,7,9.2,Clear,2305.0
1185,47,6,2019-09-01 08:02:58,16.7,98,986.3,46.9,223,4620,6,2.5,Fog,2856.0
1186,16,2,2024-12-28 13:20:18,24.3,85,961.9,21.7,121,1759,6,11.1,Clear,4383.0
1187,48,6,2020-02-24 01:33:27,25.9,44,963.5,61.4,260,1794,0,6.8,Thunderstorm,4404.0
1188,5,1,2020-10-06 18:51:53,19.5,86,946.5,32.3,76,7373,1,3.1,Thunderstorm,3732.0
1189,48,6,2018-09-17 14:49:49,17.3,48,905.3,23.6,106,9047,0,1.8,Heavy Rain,1698.0
1190,59,8,2019-02-21 03:20:32,24.3,46,940.0,41.5,190,6660,2,13.7,Rain,2839.0
1191,23,3,2024-02-17 11:03:31,24.8,41,969.1,75.7,80,8917,4,5.1,Fog,3088.0
1192,1,1,2020-04-25 11:35:58,21.1,53,956.4,53.4,72,4996,0,-2.7,Clear,3243.0
1193,36,4,2021-05-26 20:16:00,14.6,87,978.0,54.8,233,2825,1,6.0,Clear,2443.0
1194,53,6,2024-04-20 20:03:28,29.9,49,933.4,42.7,310,753,0,11.5,Cloudy,2010.0
1195,57,7,2024-06-19 04:19:54,5.5,59,900.4,22.6,0,5197,5,11.6,Heavy Rain,1855.0
1196,18,2,2020-03-08 04:34:27,14.2,63,980.2,64.9,269,3122,1,6.9,Cloudy,1765.0
1197,14,2,2020-01-01 12:58:38,33.9,48,954.0,15.6,76,2188,5,0.3,Clear,1855.0
1198,6,1,2018-05-13 18:10:52,19.0,60,945.0,54.0,231,6542,4,-4.7,Heavy Rain,965.0
1199,61,8,2024-01-31 12:37:40,9.5,55,918.4,8.9,288,6340,5,1.4,Rain,1780.0
1200,32,3,2020-01-30 07:15:45,9.2,85,1011.4,37.8,171,710,8,-4.7,Rain,2307.0
1201,24,3,2019-11-04 01:52:08,15.5,56,941.7,38.0,49,5401,1,13.9,Fog,2897.0
1202,46,5,2020-08-07 23:31:06,29.4,44,903.3,38.2,127,9855,0,3.3,Clear,1038.0
1203,6,1,2018-01-11 09:43:41,17.8,84,985.7,79.7,59,5377,8,-1.2,Heavy Rain,1715.0
1204,57,7,2021-04-18 14:06:58,23.6,74,986.1,79.5,88,1685,1,6.2,Clear,2221.0
1205,20,2,2019-01-31 00:42:39,33.6,85,903.2,59.5,154,3735,6,-3.9,Rain,977.0
1206,49,6,2021-12-15 04:22:41,21.2,73,964.4,46.1,182,8023,8,11.3,Cloudy,1619.0
1207,7,1,2024-06-25 12:12:18,5.6,60,901.0,17.1,53,2286,2,-0.5,Clear,1965.0
1208,24,3,2023-03-04 22:10:47,10.0,43,953.3,3.9,77,3108,5,1.9,Clear,1227.0
1209,12,1,2019-08-07 04:38:59,5.9,99,973.8,67.6,64,5974,4,13.9,Heavy Rain,2324.0
1210,60,8,2019-11-12 19:56:10,21.9,91,964.4,29.6,304,9020,1,-2.0,Rain,3569.0
1211,4,1,2019-01-06 10:32:10,28.9,93,922.0,15.3,336,7763,4,7.6,Cloudy,4031.0
1212,41,5,2023-10-25 09:36:56,22.1,49,1002.3,32.7,217,2045,2,1.5,Cloudy,2143.0
1213,23,3,2019-07-17 23:54:43,10.7,94,956.6,65.1,301,9790,8,0.1,Fog,4349.0
1214,16,2,2020-02-24 14:43:59,29.7,98,997.0,68.1,320,287,2,14.8,Clear,2125.0
1215,15,2,2023-12-06 11:02:24,33.0,60,917.8,32.8,157,4131,6,-3.0,Rain,3704.0
1216,15,2,2022-08-11 16:49:16,11.3,76,984.3,74.9,165,6351,2,14.1,Rain,4448.0
1217,1,1,2024-10-23 00:34:49,31.4,41,988.2,27.4,28,8835,8,7.2,Rain,3866.0
1218,55,7,2022-01-02 18:15:21,5.8,80,1009.7,56.2,303,4994,6,-2.2,Thunderstorm,960.0
1219,9,1,2018-04-08 17:45:11,30.7,72,929.3,58.2,0,3184,1,8.3,Heavy Rain,1665.0
1220,33,4,2019-06-26 21:30:35,32.6,47,1009.4,26.2,57,1797,8,11.6,Heavy Rain,4283.0
1221,52,6,2021-01-09 19:29:56,25.1,94,953.3,15.0,265,8180,1,-0.3,Clear,3609.0
1222,46,5,2019-09-24 07:29:45,32.1,63,901.1,41.5,324,6144,2,4.9,Fog,1195.0
1223,32,3,2022-04-28 01:32:47,13.7,86,1005.8,11.6,103,7727,1,7.5,Rain,2504.0
1224,56,7,2018-03-03 21:21:03,9.5,91,942.8,30.0,179,2060,4,9.5,Cloudy,1169.0
1225,36,4,2021-07-29 17:47:25,29.0,98,952.4,55.9,317,316,2,6.9,Fog,4135.0
1226,40,5,2022-05-22 21:12:28,5.5,46,914.7,22.2,99,8753,0,5.5,Fog,2753.0
1227,61,8,2024-08-19 16:31:50,31.4,59,938.3,25.0,63,775,7,4.0,Clear,3437.0
1228,1,1,2020-07-23 02:38:27,9.8,82,1002.7,25.4,317,7811,4,14.0,Fog,2941.0
1229,13,2,2019-10-23 13:08:03,19.2,44,978.5,43.9,140,8031,6,13.5,Fog,4102.0
1230,18,2,2024-09-16 09:43:23,12.4,61,974.6,64.8,10,5121,3,-2.8,Rain,1895.0
1231,50,6,2022-08-24 19:39:30,18.2,67,900.8,63.8,335,3549,3,14.3,Thunderstorm,3844.0
1232,20,2,2022-01-25 00:30:22,25.2,80,1006.0,34.9,300,5895,7,3.2,Cloudy,2097.0
1233,39,4,2024-12-07 13:18:07,25.6,88,990.1,40.1,159,6547,3,8.0,Clear,3925.0
1234,38,4,2024-01-10 15:18:37,33.1,56,960.6,31.3,17,6587,3,3.3,Thunderstorm,3952.0
1235,3,1,2024-04-16 11:43:50,17.3,40,936.0,53.7,167,6917,1,8.2,Fog,1932.0
1236,36,4,2023-10-06 22:31:21,23.6,45,993.9,7.5,329,1792,6,6.3,Thunderstorm,2508.0
1237,12,1,2020-09-18 05:06:07,27.3,82,933.0,41.0,290,7003,0,13.3,Thunderstorm,2694.0
1238,23,3,2024-02-28 19:56:06,5.7,89,923.4,0.7,165,609,3,-0.7,Cloudy,1746.0
1239,20,2,2024-07-21 08:15:41,6.1,70,995.6,75.0,272,9903,5,10.6,Thunderstorm,926.0
1240,47,6,2024-12-09 02:20:23,27.7,83,965.3,61.9,108,9565,0,1.8,Heavy Rain,1931.0
1241,52,6,2022-09-08 06:48:48,29.0,72,930.5,50.5,221,6479,0,12.5,Cloudy,4335.0
1242,39,4,2024-04-20 20:04:13,29.3,78,1010.3,5.0,279,7073,6,-1.3,Fog,3938.0
1243,35,4,2019-03-06 14:38:05,35.0,61,903.7,55.7,155,8593,5,-3.0,Heavy Rain,1418.0
1244,18,2,2024-01-31 19:12:29,30.2,40,989.3,49.8,97,1564,3,6.0,Cloudy,1474.0
1245,39,4,2020-06-18 17:11:27,20.1,92,1003.8,6.0,136,4120,7,13.3,Rain,3837.0
1246,36,4,2018-11-07 14:04:21,22.6,92,983.4,78.2,24,9967,6,-4.1,Rain,3789.0
1247,47,6,2024-08-09 02:25:53,17.5,61,981.5,43.0,78,8833,6,-1.2,Cloudy,2999.0
1248,58,7,2022-10-05 00:11:07,27.9,68,914.4,29.7,190,5355,7,-4.4,Rain,2108.0
1249,59,8,2022-07-07 23:03:47,13.8,97,932.2,38.4,42,7368,0,12.6,Cloudy,1033.0
1250,19,2,2021-03-11 03:23:51,14.5,44,958.9,46.8,1,8644,8,3.8,Clear,1528.0
1251,18,2,2023-03-03 14:28:07,28.1,72,977.5,74.5,84,7316,4,-3.5,Clear,3369.0
1252,14,2,2021-11-21 23:04:13,23.0,80,994.0,77.0,82,5828,0,-4.8,Heavy Rain,1204.0
1253,4,1,2018-08-13 08:13:56,24.6,90,902.8,58.7,57,3861,0,7.9,Fog,3209.0
1254,12,1,2019-07-08 03:20:00,10.4,61,943.9,27.1,159,4719,4,-4.6,Clear,2086.0
1255,51,6,2024-08-22 18:08:41,9.3,72,906.2,20.8,152,6653,2,-4.4,Rain,3070.0
1256,3,1,2020-06-17 01:03:36,23.3,53,979.0,38.2,83,5462,4,3.9,Thunderstorm,2388.0
1257,56,7,2021-12-09 07:52:40,17.3,48,913.2,1.1,41,2209,0,5.5,Rain,3981.0
1258,48,6,2020-10-18 07:27:08,23.4,51,903.5,28.9,190,6396,5,4.4,Rain,1958.0
1259,26,3,2021-01-01 07:30:56,27.1,66,977.9,0.2,211,6949,6,7.7,Fog,2509.0
1260,12,1,2024-08-13 09:54:38,16.7,78,961.0,56.9,160,2338,2,6.8,Rain,1216.0
1261,43,5,2023-04-05 09:07:43,14.0,56,1012.2,67.0,235,9294,2,11.1,Fog,922.0
1262,7,1,2023-11-28 16:48:33,16.3,43,985.9,16.5,263,4903,6,-3.3,Thunderstorm,1790.0
1263,23,3,2020-06-02 19:59:28,9.3,52,999.4,64.6,116,7338,2,13.8,Fog,2833.0
1264,27,3,2018-11-27 00:33:20,33.3,46,950.4,23.8,216,196,3,8.9,Rain,1123.0
1265,62,8,2022-05-12 09:16:05,7.8,70,958.0,2.4,328,1653,8,5.4,Clear,2159.0
1266,47,6,2019-08-12 20:15:14,6.5,82,940.8,16.3,279,3418,4,3.8,Cloudy,4465.0
1267,23,3,2021-03-04 16:57:35,32.0,62,988.5,76.1,17,6926,3,10.2,Rain,1976.0
1268,45,5,2019-06-27 16:09:22,17.6,48,935.1,33.7,51,3087,4,-2.8,Thunderstorm,3352.0
1269,59,8,2023-01-05 12:11:15,25.4,56,938.9,48.8,160,2144,2,3.5,Heavy Rain,2311.0
1270,23,3,2021-06-04 00:28:13,26.2,60,972.8,2.8,63,7916,3,3.1,Fog,4041.0
1271,14,2,2022-12-10 23:54:52,10.9,57,915.3,25.0,130,5425,2,10.8,Fog,4050.0
1272,41,5,2023-05-15 19:06:26,26.2,40,1011.9,33.4,325,6989,3,0.9,Fog,3279.0
1273,36,4,2020-12-04 15:56:12,5.2,59,979.9,33.3,54,2351,8,7.3,Rain,3501.0
1274,54,6,2019-06-05 00:17:22,18.0,41,1007.0,30.1,105,1310,3,13.2,Heavy Rain,4296.0
1275,55,7,2020-10-28 02:58:12,27.4,99,922.6,49.3,99,1650,5,5.1,Fog,4363.0
1276,26,3,2023-03-10 10:17:32,24.2,81,995.5,5.6,92,651,5,4.6,Clear,3496.0
1277,49,6,2021-04-19 17:57:03,27.6,78,901.1,49.3,115,2042,4,5.7,Fog,4124.0
1278,32,3,2020-05-15 17:28:45,24.5,40,1000.7,11.3,295,3822,4,-0.0,Fog,986.0
1279,10,1,2022-09-08 17:19:34,32.1,79,1011.2,53.2,36,4076,0,14.9,Clear,2823.0
1280,38,4,2024-09-15 22:40:50,20.4,68,908.9,2.3,319,7044,7,2.5,Fog,1915.0
1281,20,2,2022-06-08 17:13:43,15.9,79,916.1,54.8,231,7876,3,-2.6,Heavy Rain,3513.0
1282,23,3,2024-10-20 14:26:58,18.6,98,969.8,60.3,267,7950,5,-4.7,Heavy Rain,901.0
1283,43,5,2020-08-25 20:08:34,13.4,93,974.4,71.4,81,473,8,7.7,Cloudy,2449.0
1284,16,2,2022-04-20 04:04:38,23.5,84,980.2,66.2,3,4514,3,3.7,Thunderstorm,913.0
1285,46,5,2024-08-28 01:35:02,14.6,42,983.3,76.1,58,8523,8,4.1,Thunderstorm,1111.0
1286,39,4,2023-01-28 09:44:53,11.6,75,906.4,62.5,353,8547,0,-3.3,Rain,3529.0
1287,25,3,2022-11-10 06:20:21,32.6,72,990.4,25.6,11,6818,3,-2.6,Fog,4288.0
1288,20,2,2019-08-03 22:56:12,21.3,46,997.6,59.2,245,3894,4,2.6,Cloudy,2861.0
1289,54,6,2018-09-05 04:37:48,11.3,43,947.6,48.4,106,3022,8,13.0,Thunderstorm,1885.0
1290,8,1,2023-05-06 00:08:48,15.2,57,977.5,10.9,76,290,5,11.6,Thunderstorm,1719.0
1291,5,1,2023-03-06 14:15:33,6.8,66,1007.4,10.2,292,5497,6,-0.1,Clear,2755.0
1292,53,6,2020-06-26 18:40:27,22.8,99,912.9,52.7,98,5930,1,2.5,Clear,3917.0
1293,43,5,2020-01-12 20:03:21,15.1,58,986.0,13.2,344,1438,6,12.1,Heavy Rain,3049.0
1294,27,3,2019-09-25 08:58:08,9.6,84,1011.6,31.8,321,3124,2,-2.9,Fog,4405.0
1295,9,1,2020-06-16 12:52:06,6.0,49,966.4,25.6,97,9600,3,7.9,Heavy Rain,3104.0
1296,36,4,2024-03-29 03:13:16,29.6,72,929.4,37.6,181,2063,3,3.8,Thunderstorm,1143.0
1297,45,5,2024-05-01 07:53:31,28.1,84,936.4,66.8,119,7998,7,-1.0,Thunderstorm,1315.0
1298,36,4,2018-09-05 05:47:59,24.1,75,904.6,34.7,342,6737,5,10.3,Clear,1903.0
1299,38,4,2020-04-28 22:18:44,10.1,99,999.2,75.1,210,8350,1,-0.3,Fog,4349.0
1300,61,8,2024-03-20 09:28:33,17.3,91,923.2,25.6,183,5183,3,4.0,Rain,2109.0
1301,44,5,2024-02-22 11:51:16,19.2,99,963.0,19.6,87,8289,5,2.3,Thunderstorm,2448.0
1302,13,2,2018-12-12 09:43:33,30.3,55,929.0,53.6,221,4384,8,-3.2,Rain,1242.0
1303,10,1,2024-12-02 21:28:44,33.4,60,928.6,18.9,19,861,6,14.0,Rain,2319.0
1304,55,7,2019-09-14 02:58:53,9.7,99,996.9,18.5,354,5412,0,8.7,Heavy Rain,2394.0
1305,5,1,2022-06-05 13:33:42,31.9,70,903.6,17.5,277,9716,4,4.3,Fog,1737.0
1306,15,2,2018-10-14 18:50:29,19.8,95,976.9,21.1,110,7973,0,9.3,Thunderstorm,2254.0
1307,52,6,2019-07-18 19:42:20,12.0,53,925.6,42.0,237,6398,7,12.8,Clear,1380.0
1308,33,4,2019-08-08 07:24:37,18.1,98,908.6,77.5,44,9535,5,7.6,Heavy Rain,2459.0
1309,26,3,2018-04-30 11:51:54,26.9,51,978.9,68.6,320,2229,1,15.0,Rain,1345.0
1310,18,2,2022-03-24 12:51:35,14.1,47,919.8,19.7,318,4118,0,-2.2,Cloudy,4186.0
1311,7,1,2022-01-06 18:12:59,25.1,94,951.6,17.5,119,9161,2,-1.7,Clear,3275.0
1312,23,3,2022-08-06 17:23:22,19.5,83,951.0,76.2,152,3864,7,-1.8,Heavy Rain,2391.0
1313,3,1,2020-07-18 02:37:04,11.3,73,925.2,0.3,330,6396,2,13.4,Cloudy,3100.0
1314,42,5,2022-09-11 07:56:05,34.7,64,921.2,24.6,112,1849,7,10.3,Clear,1083.0
1315,22,2,2023-08-15 18:17:45,13.9,69,992.2,40.2,350,1907,2,6.2,Rain,1574.0
1316,44,5,2024-05-13 04:17:06,17.1,82,999.9,18.7,314,4714,2,7.9,Thunderstorm,3364.0
1317,56,7,2023-12-05 07:54:46,24.5,97,953.5,16.1,312,6243,1,7.1,Thunderstorm,2711.0
1318,36,4,2021-01-23 08:16:55,7.0,85,980.6,66.6,173,9672,7,-3.5,Thunderstorm,2525.0
1319,56,7,2021-10-19 15:10:22,27.8,95,940.5,20.5,22,526,1,5.2,Cloudy,1600.0
1320,15,2,2018-10-24 19:52:53,24.5,88,933.0,3.5,34,5311,3,-3.8,Heavy Rain,2277.0
1321,28,3,2022-05-09 01:16:22,31.2,96,964.3,57.2,138,2918,3,12.8,Heavy Rain,1315.0
1322,48,6,2022-11-21 11:35:58,24.5,52,935.2,77.4,172,651,0,13.7,Fog,3733.0
1323,30,3,2019-09-21 06:27:25,22.5,44,984.8,35.2,257,4431,8,3.8,Heavy Rain,4093.0
1324,2,1,2022-10-30 16:20:04,16.4,96,900.9,64.7,276,7101,4,5.9,Thunderstorm,2452.0
1325,51,6,2019-01-20 16:39:52,10.0,72,924.6,5.9,239,6120,3,11.2,Clear,1624.0
1326,24,3,2020-06-12 19:18:10,6.8,75,923.3,32.6,80,7146,3,4.1,Clear,1022.0
1327,31,3,2021-09-01 13:02:36,33.0,64,902.5,13.5,351,6962,5,4.1,Thunderstorm,1952.0
1328,2,1,2022-01-09 01:05:06,16.5,54,977.4,10.6,356,1539,2,9.2,Thunderstorm,2921.0
1329,7,1,2024-02-22 02:20:09,20.1,42,931.4,63.0,305,5082,0,5.6,Thunderstorm,1883.0
1330,18,2,2023-06-16 04:09:25,28.6,66,982.4,34.8,50,4065,7,10.1,Rain,2557.0
1331,56,7,2024-08-05 11:25:04,15.4,91,929.7,33.8,3,9618,3,-2.3,Thunderstorm,1563.0
1332,24,3,2023-12-23 12:19:55,32.7,97,1004.0,34.8,156,9775,1,11.5,Fog,2620.0
1333,39,4,2023-10-31 17:47:01,15.8,56,912.3,11.7,71,2428,1,0.4,Cloudy,3253.0
1334,29,3,2018-02-25 01:18:45,5.1,75,904.4,60.0,202,396,6,11.1,Clear,2841.0
1335,59,8,2018-03-12 14:00:51,29.6,79,970.8,64.9,16,740,6,4.2,Rain,3668.0
1336,46,5,2021-08-30 10:04:34,9.7,43,1003.8,38.7,241,9599,7,12.1,Fog,948.0
1337,2,1,2018-12-26 00:50:36,23.1,100,974.0,25.6,204,6121,2,13.8,Rain,1420.0
1338,5,1,2018-04-28 13:22:26,23.0,41,985.5,33.1,328,676,2,-1.5,Fog,2589.0
1339,2,1,2021-05-11 04:07:19,21.8,63,982.1,68.4,157,4859,4,-1.9,Fog,2666.0
1340,24,3,2018-09-10 18:34:41,16.3,82,923.8,13.5,204,1712,3,1.4,Rain,3141.0
1341,54,6,2020-07-10 12:34:55,16.8,92,901.4,43.8,1,9453,6,10.2,Heavy Rain,2534.0
1342,49,6,2019-11-08 13:56:06,29.0,69,995.4,3.7,269,8983,8,10.8,Thunderstorm,4229.0
1343,13,2,2024-11-25 16:35:24,32.9,44,923.2,51.1,289,4496,0,10.7,Cloudy,4015.0
1344,20,2,2020-09-17 00:36:44,13.9,57,904.9,77.2,323,5964,8,7.6,Thunderstorm,4056.0
1345,43,5,2024-08-24 08:00:15,23.7,79,906.1,23.2,121,1709,3,2.2,Heavy Rain,3836.0
1346,12,1,2018-09-18 11:53:37,26.4,70,1007.5,23.8,270,9683,2,4.8,Fog,3765.0
1347,33,4,2020-06-22 09:22:25,32.2,82,1004.8,72.8,22,7806,3,1.9,Clear,2284.0
1348,57,7,2019-12-23 16:48:23,25.7,90,1004.9,71.7,133,6674,7,7.3,Clear,2584.0
1349,50,6,2023-08-10 13:56:39,14.4,66,957.7,61.0,73,2316,5,-0.4,Rain,3502.0
1350,53,6,2023-07-22 06:37:06,11.1,44,922.2,77.7,51,4900,2,11.3,Cloudy,2720.0
1351,15,2,2024-03-23 07:43:51,24.9,68,912.5,3.4,256,2843,8,8.1,Fog,917.0
1352,49,6,2019-09-03 06:22:33,17.9,78,977.1,0.5,295,650,8,11.1,Fog,4200.0
1353,30,3,2018-10-31 04:49:42,24.6,82,919.3,29.1,86,1262,6,-3.2,Cloudy,3938.0
1354,52,6,2018-12-20 15:48:23,17.0,86,994.1,70.7,104,4136,3,1.1,Fog,986.0
1355,47,6,2018-08-12 17:50:59,8.7,65,937.1,21.8,344,273,6,0.8,Rain,1022.0
1356,36,4,2021-03-01 06:52:19,12.3,49,971.8,31.3,25,426,5,13.4,Heavy Rain,1706.0
1357,29,3,2023-06-15 10:44:35,29.1,43,996.6,58.3,101,3371,1,6.2,Cloudy,3329.0
1358,6,1,2018-04-28 12:37:45,32.8,74,998.2,44.9,157,399,3,2.8,Clear,2044.0
1359,23,3,2022-01-31 10:19:16,34.5,75,914.8,76.9,257,4628,0,6.7,Cloudy,2061.0
1360,4,1,2022-06-30 01:16:06,28.4,72,987.8,17.2,292,9074,6,12.2,Cloudy,1149.0
1361,4,1,2022-05-23 19:33:56,14.4,48,953.1,68.3,241,1729,2,5.5,Fog,1238.0
1362,10,1,2024-12-16 23:32:25,26.1,48,1004.9,56.4,246,3934,7,5.4,Clear,1667.0
1363,46,5,2021-02-11 05:59:06,12.6,53,979.1,64.5,180,9923,3,-0.6,Thunderstorm,3113.0
1364,44,5,2022-07-08 19:16:58,31.1,77,923.6,15.1,175,6676,5,7.5,Rain,3823.0
1365,25,3,2024-09-15 02:16:19,26.9,93,947.6,54.2,76,7170,2,-3.0,Rain,2249.0
1366,61,8,2024-12-06 13:03:19,8.8,95,916.5,24.7,200,2702,5,6.9,Rain,4255.0
1367,38,4,2018-08-29 02:50:23,20.0,50,904.6,14.6,136,7246,5,7.5,Rain,1148.0
1368,13,2,2021-06-27 06:49:59,17.7,58,1003.2,14.9,294,8383,8,7.2,Rain,3303.0
1369,15,2,2024-03-05 23:20:21,22.3,69,951.4,60.8,56,6931,4,-4.4,Cloudy,3365.0
1370,54,6,2021-05-05 23:54:03,13.3,81,974.2,58.3,189,3862,7,-4.8,Fog,3189.0
1371,26,3,2021-04-25 14:16:40,29.6,50,967.2,12.2,53,7206,3,8.2,Thunderstorm,4142.0
1372,43,5,2019-06-01 05:59:51,30.9,59,912.3,32.7,320,3011,1,4.6,Rain,3829.0
1373,3,1,2021-11-06 20:58:13,28.7,41,935.3,40.7,269,7081,5,1.1,Clear,2340.0
1374,12,1,2020-09-03 22:39:38,22.8,72,1011.2,15.9,184,2872,6,-0.2,Cloudy,4266.0
1375,40,5,2022-05-08 08:50:23,20.5,89,1000.2,80.0,222,2509,5,11.4,Clear,4221.0
1376,27,3,2021-03-12 05:17:11,31.9,72,991.1,64.0,16,8374,6,5.1,Fog,3353.0
1377,18,2,2020-03-14 22:03:09,5.5,79,996.4,30.3,139,4097,8,-3.5,Thunderstorm,2038.0
1378,35,4,2023-02-14 05:37:33,11.3,41,957.6,53.6,206,3307,1,8.4,Heavy Rain,3639.0
1379,23,3,2021-01-16 16:07:02,30.8,81,927.3,52.3,185,2364,2,-0.2,Cloudy,2074.0
1380,36,4,2020-03-13 20:12:12,29.1,43,941.2,35.8,157,1575,8,2.6,Cloudy,996.0
1381,52,6,2022-05-16 17:08:15,34.2,84,947.9,57.2,288,8802,1,6.5,Clear,2233.0
1382,62,8,2021-06-01 05:42:17,28.9,83,960.6,44.4,73,847,0,11.9,Clear,2046.0
1383,34,4,2021-02-25 05:02:35,20.9,100,995.1,37.6,232,5494,8,13.4,Clear,2686.0
1384,18,2,2018-07-24 23:24:00,18.8,78,927.3,37.6,201,5228,5,11.2,Rain,1998.0
1385,3,1,2024-12-04 03:17:39,19.4,48,908.7,29.1,69,1647,1,6.4,Thunderstorm,1073.0
1386,61,8,2024-04-24 05:54:57,32.0,87,952.7,60.8,289,4134,5,11.8,Thunderstorm,1872.0
1387,27,3,2023-01-13 01:45:37,15.1,79,970.2,24.3,219,1515,0,10.4,Heavy Rain,2359.0
1388,27,3,2018-08-02 20:23:33,19.2,51,966.1,20.3,187,4211,0,12.3,Thunderstorm,3178.0
1389,59,8,2022-06-12 19:16:29,22.3,68,914.1,8.1,352,9426,2,13.5,Fog,3696.0
1390,19,2,2018-03-14 10:15:56,28.8,84,941.4,68.5,291,1684,6,12.1,Rain,1980.0
1391,36,4,2020-05-19 10:02:02,5.7,53,941.0,12.6,185,8503,2,11.3,Clear,2432.0
1392,11,1,2018-05-29 05:23:09,10.3,71,989.0,40.6,161,223,8,-1.4,Thunderstorm,3853.0
1393,41,5,2023-12-28 07:29:00,9.0,95,996.4,33.4,113,2036,5,2.2,Heavy Rain,2471.0
1394,54,6,2024-10-31 08:59:17,7.5,70,958.8,65.3,224,9084,3,12.2,Thunderstorm,1606.0
1395,1,1,2018-12-18 08:06:09,18.2,88,1004.7,0.8,324,3266,2,13.1,Rain,1210.0
1396,56,7,2022-12-05 21:26:10,24.8,45,955.9,17.9,259,8882,2,7.0,Heavy Rain,2141.0
1397,46,5,2022-08-02 00:10:36,20.3,73,1010.8,39.1,212,8690,0,6.4,Rain,3560.0
1398,47,6,2024-12-01 03:42:33,16.3,68,978.6,2.5,84,886,1,3.6,Cloudy,965.0
1399,55,7,2018-03-06 19:29:01,14.8,75,988.2,22.6,1,638,2,14.0,Fog,4174.0
1400,24,3,2020-03-07 23:14:51,25.3,69,1001.6,12.8,103,6635,2,11.0,Thunderstorm,1396.0
1401,12,1,2022-07-29 13:19:31,10.9,65,922.1,68.9,55,382,6,7.0,Thunderstorm,3720.0
1402,40,5,2023-12-19 19:01:45,30.8,98,960.5,39.2,205,3218,7,14.4,Rain,3747.0
1403,55,7,2019-01-20 06:43:21,25.7,67,968.5,8.3,78,408,4,-0.4,Cloudy,3314.0
1404,60,8,2018-03-30 20:51:12,14.9,40,905.3,62.0,192,3963,2,-4.1,Rain,3028.0
1405,41,5,2019-02-15 10:08:17,14.1,52,1004.7,4.3,335,8766,6,0.9,Heavy Rain,3889.0
1406,40,5,2022-02-05 09:29:51,31.9,82,967.3,45.1,298,7162,4,-0.6,Clear,3798.0
1407,8,1,2019-10-09 22:47:18,13.8,67,918.7,17.1,61,2806,6,4.4,Fog,1958.0
1408,28,3,2020-10-28 12:59:34,30.7,72,972.5,0.8,347,6517,5,10.0,Rain,2337.0
1409,22,2,2022-04-19 09:58:57,24.4,66,1001.4,28.0,161,4171,8,1.6,Fog,3439.0
1410,51,6,2021-04-11 23:32:15,34.6,78,961.1,57.6,233,4148,7,9.8,Heavy Rain,4385.0
1411,57,7,2018-04-17 02:38:25,34.1,53,933.1,32.6,77,6357,7,-0.0,Rain,2086.0
1412,49,6,2019-03-16 23:28:39,24.4,55,1009.6,26.3,355,7903,1,5.2,Heavy Rain,2168.0
1413,45,5,2020-08-19 19:40:09,29.4,83,1007.4,56.1,186,9399,3,2.2,Clear,3710.0
1414,32,3,2020-03-02 16:27:39,34.6,82,972.1,27.7,214,9418,5,-3.6,Heavy Rain,3587.0
1415,2,1,2020-10-20 01:59:29,25.3,51,1003.9,51.1,262,1642,3,-0.1,Clear,3197.0
1416,38,4,2020-12-16 09:15:46,9.3,91,1005.9,55.0,314,9609,7,-1.1,Rain,3117.0
1417,15,2,2021-06-22 17:09:25,15.0,42,988.9,55.8,268,7233,3,3.1,Heavy Rain,4179.0
1418,37,4,2021-02-28 01:04:37,11.9,72,1003.6,20.1,248,3979,5,9.8,Fog,4042.0
1419,29,3,2024-03-23 05:10:26,27.1,95,902.1,22.7,344,7054,7,-0.8,Cloudy,1728.0
1420,22,2,2018-05-16 11:36:22,27.4,84,927.6,63.7,119,3144,5,-0.0,Rain,2035.0
1421,27,3,2021-09-27 23:27:43,6.3,86,976.8,70.5,2,549,7,5.5,Cloudy,1574.0
1422,8,1,2019-08-07 11:51:24,19.5,95,988.5,26.2,262,1571,8,1.5,Clear,3471.0
1423,62,8,2018-09-24 16:15:42,9.1,99,983.8,75.1,176,5900,3,7.6,Clear,2473.0
1424,18,2,2019-04-28 06:56:07,32.5,99,970.9,30.0,163,7339,1,-2.6,Rain,4130.0
1425,7,1,2019-05-01 17:16:45,15.1,91,978.6,78.4,283,1135,6,8.1,Cloudy,1709.0
1426,37,4,2024-07-10 06:37:06,27.8,58,1000.8,74.7,83,1598,2,12.5,Thunderstorm,2773.0
1427,39,4,2019-03-29 18:06:15,30.1,53,910.0,59.2,302,3053,2,9.6,Heavy Rain,2819.0
1428,61,8,2024-10-09 08:17:26,34.2,68,990.7,59.9,236,2469,7,1.8,Thunderstorm,2201.0
1429,39,4,2019-08-07 12:46:10,19.9,46,1005.8,67.6,250,3536,3,2.3,Thunderstorm,3135.0
1430,1,1,2021-03-04 08:41:36,14.3,74,992.5,33.8,28,3691,7,-4.2,Thunderstorm,2277.0
1431,31,3,2020-01-09 21:42:37,15.1,71,951.9,70.8,319,761,7,5.3,Thunderstorm,2521.0
1432,22,2,2023-08-28 10:26:33,6.9,47,968.1,54.7,32,6459,7,14.4,Fog,3256.0
1433,58,7,2019-07-23 19:19:22,19.8,65,942.8,36.8,128,9971,5,2.1,Clear,1095.0
1434,22,2,2019-11-01 23:36:37,18.9,78,913.6,1.5,315,802,2,9.9,Cloudy,1673.0
1435,30,3,2018-09-06 15:42:37,13.1,68,937.3,40.0,199,7995,3,-2.1,Cloudy,4208.0
1436,6,1,2023-11-13 06:51:37,14.5,75,934.1,18.9,61,4695,2,6.4,Rain,3824.0
1437,18,2,2024-05-08 03:39:12,7.1,87,940.4,78.7,81,7653,3,-2.9,Heavy Rain,2282.0
1438,52,6,2024-03-13 03:22:36,15.8,44,922.3,2.7,248,7686,2,9.0,Thunderstorm,2876.0
1439,51,6,2024-05-19 01:38:18,14.1,61,926.9,52.0,262,901,5,-2.1,Rain,2618.0
1440,25,3,2022-01-06 10:11:19,7.4,84,967.7,50.7,349,8616,8,10.4,Fog,4200.0
1441,45,5,2018-10-12 09:27:29,25.7,100,917.2,1.5,38,387,2,13.6,Thunderstorm,2604.0
1442,49,6,2023-08-04 13:47:12,29.9,61,933.4,22.2,333,7071,4,11.6,Clear,4406.0
1443,44,5,2019-06-29 21:47:51,23.1,93,930.1,52.8,243,8774,2,3.3,Cloudy,2054.0
1444,30,3,2023-04-06 12:32:24,18.8,47,1002.2,41.6,68,3718,6,-1.4,Fog,3007.0
1445,62,8,2019-06-26 18:46:02,5.9,54,903.6,16.2,96,8141,7,6.4,Rain,1171.0
1446,39,4,2019-11-24 20:23:26,13.7,63,913.5,34.4,321,8325,5,4.7,Thunderstorm,1056.0
1447,36,4,2022-07-13 23:00:46,22.2,46,983.1,35.2,7,804,3,-4.1,Clear,2142.0
1448,57,7,2022-01-10 19:46:27,15.2,52,941.1,51.4,42,600,0,9.5,Rain,2050.0
1449,13,2,2018-08-24 02:07:40,12.6,48,985.4,2.3,261,5120,2,10.6,Rain,2699.0
1450,6,1,2023-09-15 23:23:29,14.0,71,984.9,15.2,75,4822,1,-4.4,Rain,904.0
1451,3,1,2018-02-10 18:11:29,34.3,77,997.8,0.4,214,398,7,2.5,Thunderstorm,2501.0
1452,44,5,2023-01-17 15:17:26,10.6,62,987.9,64.1,149,2828,6,1.2,Thunderstorm,3424.0
1453,46,5,2021-05-31 09:42:23,24.5,45,1007.5,69.5,350,9368,5,8.7,Thunderstorm,1184.0
1454,41,5,2023-05-28 14:49:33,11.8,58,990.8,44.8,218,170,5,1.2,Thunderstorm,1811.0
1455,32,3,2018-05-16 06:07:52,6.4,69,921.0,8.7,282,9055,4,1.6,Fog,3858.0
1456,50,6,2019-07-06 04:55:37,21.0,90,963.9,29.0,80,1959,4,0.4,Cloudy,3177.0
1457,12,1,2024-05-03 02:01:03,29.1,91,932.8,5.3,313,5312,6,12.1,Fog,3477.0
1458,35,4,2018-07-22 08:17:11,11.5,42,932.2,72.2,269,9102,7,-4.6,Heavy Rain,1800.0
1459,25,3,2022-01-22 09:28:20,25.5,48,915.5,6.9,109,5197,1,-2.2,Cloudy,4241.0
1460,7,1,2019-08-12 03:40:08,27.4,40,943.9,52.4,177,4084,2,6.7,Cloudy,1438.0
1461,20,2,2018-09-21 06:58:41,18.1,44,1005.7,3.8,77,1644,4,3.0,Clear,1688.0
1462,52,6,2019-11-05 17:33:00,15.3,80,908.8,55.2,54,6788,3,6.8,Thunderstorm,2832.0
1463,44,5,2023-03-27 04:40:58,10.3,69,931.4,68.5,32,3227,1,2.5,Clear,2288.0
1464,5,1,2021-04-20 04:01:59,32.4,60,919.8,78.3,44,9775,3,-3.0,Clear,2700.0
1465,21,2,2023-11-14 19:50:48,19.4,82,929.5,60.9,270,5284,6,-4.9,Rain,3406.0
1466,2,1,2023-09-19 14:35:25,8.0,42,926.4,3.5,205,447,5,1.3,Thunderstorm,2752.0
1467,50,6,2021-05-19 18:37:49,24.3,46,957.3,46.8,31,7394,1,0.2,Clear,1133.0
1468,59,8,2021-11-24 05:02:49,16.9,94,930.4,40.7,2,712,7,13.2,Cloudy,3309.0
1469,48,6,2024-06-08 01:41:20,29.1,48,982.0,0.1,41,2073,3,-3.4,Cloudy,2597.0
1470,45,5,2024-08-02 04:16:49,6.0,49,955.9,38.3,40,3026,8,-1.3,Cloudy,3212.0
1471,33,4,2019-12-14 23:33:39,18.0,58,1000.1,41.8,262,894,6,6.8,Clear,4225.0
1472,29,3,2023-07-07 04:26:33,8.1,89,981.5,15.8,291,6856,2,0.0,Rain,2842.0
1473,45,5,2024-03-18 13:22:57,26.3,97,962.3,71.6,7,6005,6,-2.0,Heavy Rain,4285.0
1474,61,8,2024-12-17 16:51:52,25.1,83,974.2,17.8,120,7691,2,10.9,Rain,2607.0
1475,40,5,2020-01-29 01:18:38,5.7,47,928.3,15.1,193,768,4,14.5,Cloudy,2075.0
1476,5,1,2021-07-13 14:32:30,11.6,46,931.2,38.5,226,4971,2,5.5,Rain,2852.0
1477,6,1,2019-09-23 19:58:33,28.6,52,993.3,44.8,139,6708,8,7.5,Heavy Rain,3447.0
1478,45,5,2019-02-14 10:32:44,29.5,100,913.6,7.4,90,6652,3,2.7,Thunderstorm,3989.0
1479,16,2,2019-06-26 14:03:56,8.0,83,962.0,45.0,131,5415,7,7.1,Thunderstorm,3700.0
1480,23,3,2024-01-30 22:22:09,18.5,44,961.7,11.3,263,5524,6,0.3,Fog,982.0
1481,50,6,2020-04-07 15:59:24,9.5,74,960.8,24.1,278,8296,6,12.1,Cloudy,3805.0
1482,9,1,2024-12-13 04:50:39,16.4,63,947.3,23.0,260,7648,4,9.3,Fog,1903.0
1483,39,4,2021-11-30 10:57:44,14.2,96,966.3,34.0,252,9886,4,2.4,Thunderstorm,4245.0
1484,35,4,2018-12-13 03:12:37,9.9,70,947.3,70.9,73,971,3,14.3,Fog,2088.0
1485,25,3,2018-09-26 17:38:49,16.3,86,902.0,70.7,231,4448,7,0.6,Cloudy,3737.0
1486,18,2,2023-08-19 12:24:17,17.7,68,994.0,72.7,146,3402,8,10.8,Heavy Rain,3782.0
1487,13,2,2020-08-12 14:04:16,7.2,82,962.8,18.7,352,4724,5,-1.4,Rain,3165.0
1488,41,5,2018-05-11 06:26:52,14.5,62,948.5,22.5,253,5589,4,-0.7,Rain,4112.0
1489,50,6,2021-05-07 06:51:13,24.4,94,930.0,17.3,324,1170,8,14.1,Cloudy,3594.0
1490,56,7,2020-11-14 18:18:42,24.1,83,908.9,64.0,241,4328,4,-4.9,Heavy Rain,1608.0
1491,54,6,2020-11-22 14:51:02,10.7,89,944.0,73.1,303,6889,4,7.4,Heavy Rain,2860.0
1492,61,8,2024-05-31 01:35:41,20.4,49,951.5,62.2,302,8050,4,-3.8,Thunderstorm,1833.0
1493,4,1,2018-05-28 12:24:24,33.5,87,952.0,32.4,53,1784,1,2.4,Heavy Rain,2394.0
1494,13,2,2019-10-20 19:41:50,14.3,86,1008.1,56.0,127,9542,4,4.2,Rain,2625.0
1495,48,6,2023-11-18 01:50:46,23.1,100,994.7,8.9,76,9352,7,14.1,Rain,2833.0
1496,31,3,2021-10-08 06:31:22,23.8,71,964.5,20.4,204,2106,2,13.1,Cloudy,2210.0
1497,11,1,2021-10-25 04:58:02,16.4,57,929.3,43.6,50,1103,7,0.5,Cloudy,4229.0
1498,21,2,2018-09-28 09:18:24,25.4,56,963.8,5.1,266,306,4,13.2,Clear,1236.0
1499,16,2,2021-03-01 02:22:47,6.8,49,909.3,76.7,12,1113,5,-1.9,Fog,4422.0
1500,14,2,2022-02-02 16:54:31,22.3,56,936.1,40.2,250,3467,1,-2.4,Heavy Rain,4036.0
1501,51,6,2022-01-11 08:31:12,8.8,100,990.5,14.0,314,2758,1,-0.3,Clear,953.0
1502,53,6,2018-01-30 15:34:30,11.6,74,960.0,50.7,115,7222,4,3.6,Thunderstorm,2672.0
1503,31,3,2022-09-19 06:52:01,9.5,47,929.3,19.4,303,1016,0,5.7,Clear,3415.0
1504,19,2,2021-08-16 12:14:57,17.0,95,945.5,70.1,36,1121,1,-2.7,Rain,2288.0
1505,58,7,2023-05-16 18:05:56,16.3,53,919.4,47.0,7,3649,6,8.7,Rain,2450.0
1506,4,1,2022-10-06 12:54:42,34.0,56,906.8,67.0,23,6541,0,13.5,Cloudy,3221.0
1507,35,4,2023-04-09 13:00:03,15.0,100,933.2,52.7,356,4705,2,11.5,Cloudy,3030.0
1508,38,4,2020-03-31 21:21:48,12.1,57,904.9,5.3,145,115,8,9.6,Rain,4400.0
1509,54,6,2020-06-29 19:22:48,13.0,57,1003.4,54.5,177,3955,2,13.6,Cloudy,3551.0
1510,22,2,2021-12-13 15:53:54,20.5,43,1008.0,9.4,131,9600,1,-1.7,Clear,3102.0
1511,29,3,2024-08-02 13:57:18,33.9,83,980.1,73.4,216,1247,5,-3.4,Cloudy,2305.0
1512,59,8,2019-02-19 16:54:33,8.4,49,1004.8,76.4,286,487,0,13.6,Thunderstorm,2807.0
1513,50,6,2018-06-06 10:28:41,9.6,69,941.0,23.1,192,8389,5,4.4,Fog,2613.0
1514,18,2,2018-11-15 17:02:42,20.7,95,911.6,69.7,254,6349,8,4.6,Clear,1668.0
1515,6,1,2019-01-25 23:55:04,9.1,66,1012.0,43.2,211,8473,6,2.6,Heavy Rain,2238.0
1516,28,3,2020-03-30 13:36:36,25.0,69,905.7,78.9,151,9683,1,14.2,Cloudy,2477.0
1517,35,4,2023-09-20 03:17:06,6.0,91,930.0,17.1,330,2741,0,9.3,Fog,2551.0
1518,11,1,2018-01-23 17:26:28,5.0,56,969.5,8.5,75,5138,2,8.2,Thunderstorm,2548.0
1519,15,2,2020-11-08 23:26:13,28.6,60,957.4,54.5,73,1646,4,8.4,Clear,3516.0
1520,12,1,2020-04-28 22:16:04,27.3,65,941.2,38.5,212,332,0,10.3,Clear,3726.0
1521,51,6,2021-08-07 03:31:29,33.8,54,942.9,61.0,340,6109,1,-2.4,Clear,1299.0
1522,3,1,2022-12-25 13:27:34,22.6,42,950.2,19.7,58,2212,1,-1.6,Thunderstorm,3787.0
1523,6,1,2022-11-26 21:01:45,17.3,52,914.2,74.8,88,1105,1,8.9,Heavy Rain,1056.0
1524,38,4,2018-07-15 08:02:12,10.4,43,1002.0,31.3,341,2872,1,1.4,Clear,2325.0
1525,25,3,2023-10-16 08:57:12,14.4,63,985.3,26.1,143,5834,6,14.3,Rain,2813.0
1526,22,2,2020-08-14 04:25:53,14.5,78,912.5,19.1,274,7072,5,-1.4,Rain,3038.0
1527,25,3,2024-05-31 00:45:18,17.9,97,947.9,75.5,316,4447,1,-5.0,Fog,3790.0
1528,34,4,2020-06-17 06:53:04,5.2,95,908.0,9.6,136,2687,7,-3.1,Cloudy,2144.0
1529,61,8,2021-05-04 03:02:32,32.0,57,940.8,55.7,122,6506,0,8.8,Rain,4349.0
1530,9,1,2021-10-14 14:35:03,12.6,68,975.3,16.7,154,4290,2,14.7,Clear,1984.0
1531,36,4,2023-05-27 16:50:19,18.9,84,934.4,66.7,250,6091,7,-2.5,Cloudy,4459.0
1532,44,5,2023-01-17 11:15:00,16.6,91,931.0,26.6,1,668,0,14.5,Thunderstorm,3533.0
1533,42,5,2020-08-31 23:36:31,28.2,56,987.9,73.7,172,9266,6,-2.6,Clear,3678.0
1534,5,1,2021-04-16 03:10:04,12.6,94,947.7,56.1,284,2854,0,2.0,Heavy Rain,1599.0
1535,20,2,2023-01-22 02:33:31,10.0,53,930.7,21.0,355,6987,3,0.3,Heavy Rain,3436.0
1536,28,3,2024-10-08 13:01:31,30.7,94,988.8,48.2,308,6667,4,11.9,Clear,3631.0
1537,18,2,2023-10-18 16:51:07,19.4,93,1003.7,55.8,39,4942,7,-0.2,Cloudy,4242.0
1538,47,6,2022-07-17 15:28:48,13.5,59,1004.8,8.4,15,9684,0,0.3,Rain,996.0
1539,59,8,2024-04-06 00:52:28,5.4,46,951.8,1.3,30,4850,0,0.4,Cloudy,3853.0
1540,53,6,2018-05-09 10:05:13,16.5,41,994.7,68.7,169,6157,7,-1.2,Cloudy,3135.0
1541,24,3,2022-09-24 12:29:07,21.5,54,928.6,22.5,47,7197,3,10.2,Rain,1299.0
1542,50,6,2019-03-14 16:27:30,15.3,69,1006.7,49.1,27,4680,7,9.8,Heavy Rain,1793.0
1543,51,6,2020-10-01 15:45:28,27.0,91,923.0,24.0,91,9460,4,-2.1,Clear,2815.0
1544,47,6,2020-04-06 10:03:27,23.3,99,986.8,64.5,138,215,8,2.0,Clear,2705.0
1545,21,2,2022-04-10 02:53:07,7.3,89,969.1,38.4,154,960,5,12.2,Thunderstorm,4308.0
1546,4,1,2022-02-10 18:56:04,14.7,70,963.4,3.1,144,1160,2,-4.5,Fog,3532.0
1547,19,2,2024-12-05 06:20:54,15.1,72,910.2,13.5,330,5961,0,3.1,Heavy Rain,1810.0
1548,60,8,2018-10-21 15:01:49,7.2,75,1006.3,51.7,335,2543,6,-0.0,Fog,4224.0
1549,34,4,2024-12-06 23:43:46,24.7,52,1009.1,77.3,24,3579,7,4.0,Fog,4046.0
1550,37,4,2022-05-17 02:02:56,15.7,61,959.9,64.8,336,681,2,-4.5,Fog,3960.0
1551,45,5,2021-05-08 02:58:43,29.0,98,925.7,9.1,219,2930,5,7.2,Clear,3577.0
1552,44,5,2022-09-17 16:32:32,25.0,96,959.4,12.2,95,233,3,0.4,Fog,4399.0
1553,9,1,2018-06-20 13:47:02,23.4,45,926.1,49.6,171,8867,7,12.8,Cloudy,1667.0
1554,50,6,2018-12-28 09:44:26,29.1,55,992.5,0.8,243,3002,2,-3.3,Thunderstorm,1739.0
1555,57,7,2020-08-08 22:21:12,34.5,46,938.0,72.3,342,5144,6,13.9,Heavy Rain,2985.0
1556,45,5,2018-10-08 10:53:19,16.9,49,929.8,0.7,341,4120,4,4.5,Cloudy,2746.0
1557,43,5,2024-07-29 18:38:02,9.8,69,922.5,58.8,356,2856,8,10.4,Fog,1781.0
1558,61,8,2019-05-04 14:56:59,28.9,67,921.3,15.1,125,3853,6,9.8,Cloudy,2998.0
1559,47,6,2021-02-21 04:37:04,20.8,66,906.0,20.7,295,8444,2,12.0,Thunderstorm,4007.0
1560,52,6,2024-10-01 11:46:25,12.7,43,939.5,20.2,316,8472,8,0.5,Clear,2476.0
1561,45,5,2021-05-01 00:26:40,11.8,72,952.7,70.6,51,184,1,11.8,Rain,1252.0
1562,16,2,2019-09-27 03:20:54,33.1,49,932.3,45.1,237,9972,5,-3.9,Clear,4080.0
1563,25,3,2024-10-08 12:35:23,7.4,98,906.4,48.0,173,9445,6,-2.5,Rain,2132.0
1564,14,2,2021-02-26 03:03:24,16.1,59,925.0,63.9,213,7808,7,4.1,Clear,2255.0
1565,29,3,2018-03-15 18:15:49,26.7,55,967.8,48.1,184,1835,5,-4.4,Cloudy,3380.0
1566,59,8,2021-10-08 00:32:35,23.7,48,921.1,44.5,184,6982,4,11.3,Heavy Rain,1837.0
1567,48,6,2021-11-12 23:47:18,21.2,97,993.6,56.1,21,4532,1,3.5,Cloudy,2116.0
1568,19,2,2023-04-13 08:22:54,12.9,92,975.8,47.4,223,991,2,13.6,Heavy Rain,1327.0
1569,47,6,2023-01-28 16:16:49,32.9,84,1001.0,76.9,198,5147,0,-0.8,Rain,2540.0
1570,25,3,2021-09-01 20:44:52,32.9,93,972.2,8.3,221,283,6,-0.0,Clear,3102.0
1571,53,6,2024-03-05 11:03:09,32.7,88,1000.1,21.5,87,509,6,8.5,Fog,3578.0
1572,21,2,2020-09-16 14:41:56,25.9,95,973.6,70.6,26,1134,6,0.9,Rain,1350.0
1573,51,6,2018-09-18 21:10:18,29.7,58,1003.3,31.9,284,596,8,-1.7,Fog,3522.0
1574,49,6,2020-11-29 15:45:14,13.3,43,970.6,16.8,174,4108,3,-1.4,Clear,1123.0
1575,2,1,2021-03-25 10:09:29,11.3,50,916.7,28.0,68,5899,2,0.2,Fog,908.0
1576,34,4,2023-12-29 19:16:30,30.4,85,1002.1,57.0,67,9482,1,14.5,Fog,1875.0
1577,16,2,2023-12-11 10:11:11,13.4,41,977.1,22.0,44,659,5,11.5,Heavy Rain,2323.0
1578,20,2,2023-09-22 14:30:54,21.3,72,966.1,47.7,288,5120,4,6.3,Rain,3367.0
1579,5,1,2020-12-14 09:16:11,32.2,44,953.9,73.1,139,3034,1,3.4,Clear,2988.0
1580,35,4,2018-10-01 22:49:44,16.0,81,1004.5,57.1,330,1748,0,0.2,Cloudy,4325.0
1581,56,7,2024-05-25 05:18:42,20.3,45,998.2,45.0,6,9407,1,3.0,Cloudy,3373.0
1582,12,1,2019-03-04 00:01:46,9.1,74,937.6,35.8,200,8099,7,-3.0,Rain,1266.0
1583,44,5,2023-02-09 02:22:28,22.7,66,1010.0,33.2,325,9592,5,11.3,Fog,2667.0
1584,4,1,2023-07-28 01:03:47,14.0,75,901.0,27.8,308,1762,5,4.4,Thunderstorm,3468.0
1585,36,4,2019-12-26 19:26:56,34.8,54,902.0,32.6,254,2038,1,2.7,Fog,3780.0
1586,14,2,2019-07-28 05:54:54,24.5,67,1000.7,75.2,166,8410,7,12.7,Fog,1976.0
1587,51,6,2020-03-06 16:52:31,32.7,74,997.6,10.1,35,9596,2,2.1,Heavy Rain,1322.0
1588,52,6,2021-10-08 19:57:23,22.8,44,983.7,42.5,208,1790,0,1.3,Rain,1739.0
1589,12,1,2020-05-08 03:52:31,10.6,81,949.2,9.2,268,7951,1,14.6,Thunderstorm,2942.0
1590,36,4,2018-09-03 21:28:32,10.0,88,903.3,12.0,55,5866,4,9.8,Rain,4092.0
1591,31,3,2021-08-14 01:27:13,6.0,83,991.7,46.6,72,6293,5,-4.4,Clear,983.0
1592,42,5,2019-03-25 19:41:05,19.9,62,996.8,37.8,49,471,7,11.6,Thunderstorm,1283.0
1593,25,3,2021-06-11 04:59:43,30.0,50,1005.5,28.8,241,6953,8,0.5,Heavy Rain,990.0
1594,54,6,2020-12-27 23:01:59,21.7,98,901.2,7.4,319,4085,0,8.0,Clear,2361.0
1595,33,4,2023-10-28 18:48:33,20.7,88,921.0,66.9,150,7251,0,12.5,Fog,4118.0
1596,56,7,2018-05-26 10:34:05,10.8,61,904.2,61.8,303,7392,8,3.2,Clear,3776.0
1597,25,3,2021-10-09 05:40:26,27.8,46,974.3,27.0,90,482,0,9.5,Thunderstorm,2084.0
1598,55,7,2021-05-30 16:13:17,14.7,72,920.4,69.0,319,7477,7,-1.5,Heavy Rain,4390.0
1599,17,2,2019-07-23 17:17:45,34.1,49,956.3,7.8,35,6263,5,5.6,Heavy Rain,3663.0
1600,3,1,2023-10-17 10:29:52,13.8,97,939.2,42.5,207,1633,3,7.6,Thunderstorm,936.0
1601,55,7,2020-08-08 18:14:44,24.8,92,982.2,50.0,84,3508,2,0.5,Cloudy,973.0
1602,15,2,2024-02-01 10:19:24,18.3,74,903.1,62.7,69,1459,7,-2.0,Cloudy,2856.0
1603,5,1,2019-03-26 12:29:53,17.1,61,983.6,27.2,38,7546,2,6.9,Heavy Rain,3947.0
1604,47,6,2024-01-11 21:24:00,34.6,83,1005.8,7.0,234,7977,2,2.1,Cloudy,1203.0
1605,60,8,2022-11-13 00:20:37,22.1,70,954.7,26.5,115,9905,8,8.7,Thunderstorm,2972.0
1606,33,4,2019-10-05 23:01:12,21.1,74,944.6,32.2,80,7585,6,11.4,Clear,2382.0
1607,62,8,2019-12-06 19:01:45,12.4,83,996.6,11.4,186,1319,1,12.0,Cloudy,1892.0
1608,20,2,2024-07-05 18:03:19,33.5,87,952.3,1.6,55,436,7,-2.4,Clear,2901.0
1609,27,3,2018-05-10 02:27:00,32.6,95,927.6,20.5,214,897,6,-2.4,Fog,4320.0
1610,18,2,2022-08-29 20:46:24,17.0,61,1006.6,11.4,235,2203,5,-1.1,Clear,901.0
1611,1,1,2024-03-01 11:16:37,31.2,87,962.2,53.0,56,665,1,12.4,Fog,4358.0
1612,26,3,2022-10-06 04:11:16,34.0,46,958.1,7.8,267,8291,0,10.3,Clear,1920.0
1613,9,1,2024-02-13 00:17:42,25.8,99,940.1,76.3,113,4514,3,7.6,Cloudy,3841.0
1614,6,1,2018-07-29 09:45:02,18.8,71,938.0,68.4,18,6217,2,12.9,Heavy Rain,1506.0
1615,25,3,2019-12-15 16:29:04,20.5,80,927.0,67.3,275,1641,0,1.5,Cloudy,1505.0
1616,2,1,2018-12-21 20:22:34,24.1,82,903.0,36.4,3,7489,4,10.7,Fog,2048.0
1617,13,2,2021-05-11 01:31:28,20.7,94,988.1,70.9,8,481,6,8.7,Fog,1907.0
1618,34,4,2024-06-19 09:26:29,9.2,70,900.1,9.2,55,2951,1,3.7,Rain,2362.0
1619,11,1,2021-01-31 21:55:33,18.2,40,999.3,57.6,267,1741,7,13.1,Thunderstorm,1511.0
1620,10,1,2018-06-22 12:02:13,10.0,89,943.4,12.7,322,7815,0,2.7,Fog,3408.0
1621,5,1,2021-11-11 02:10:35,33.6,100,1007.3,17.8,177,3652,2,8.3,Rain,3893.0
1622,53,6,2019-09-13 09:53:09,24.7,78,923.5,54.4,358,9866,7,8.0,Rain,2786.0
1623,51,6,2023-11-12 01:36:14,23.6,62,902.6,35.3,27,8354,8,10.7,Clear,1581.0
1624,22,2,2024-03-20 00:07:15,11.2,54,956.1,52.4,96,3493,4,13.1,Clear,3982.0
1625,59,8,2019-09-13 17:35:22,25.6,56,911.7,62.4,249,8241,3,0.6,Clear,2219.0
1626,57,7,2022-02-16 08:41:12,20.9,100,911.2,64.1,44,5011,7,14.1,Fog,1856.0
1627,4,1,2020-02-17 10:04:32,26.9,61,940.3,23.4,10,6221,2,6.0,Cloudy,2656.0
1628,39,4,2020-11-04 12:42:42,21.8,44,997.2,55.0,163,3371,5,1.2,Thunderstorm,2899.0
1629,7,1,2024-11-03 18:09:51,31.6,75,916.9,12.4,54,2717,8,-2.2,Cloudy,4111.0
1630,14,2,2022-08-27 11:17:23,13.9,41,934.6,47.1,242,709,8,10.3,Rain,3352.0
1631,31,3,2021-05-21 20:58:19,6.1,81,918.2,59.3,171,1691,3,2.1,Clear,4399.0
1632,15,2,2018-03-08 12:26:31,16.5,52,913.6,62.0,283,4056,7,5.4,Heavy Rain,2796.0
1633,62,8,2019-05-11 21:43:44,23.5,77,928.1,2.6,351,4677,3,7.4,Thunderstorm,1635.0
1634,54,6,2018-05-05 10:11:22,26.4,61,945.4,23.3,8,1178,0,6.2,Thunderstorm,1508.0
1635,59,8,2019-01-20 08:10:44,29.7,72,934.2,44.2,310,7965,8,5.6,Heavy Rain,1076.0
1636,26,3,2023-02-18 15:17:52,21.5,92,998.1,20.2,294,2921,7,5.2,Cloudy,4463.0
1637,1,1,2023-05-03 11:38:51,5.7,50,954.3,75.2,163,6920,1,14.9,Clear,1253.0
1638,56,7,2020-01-12 16:04:52,16.6,44,997.1,37.5,179,4419,8,9.9,Rain,3318.0
1639,29,3,2019-08-25 09:14:05,21.5,82,916.4,5.4,266,1531,8,14.4,Heavy Rain,4325.0
1640,50,6,2023-07-04 21:40:54,23.8,57,993.4,69.1,3,6956,3,13.9,Cloudy,3700.0
1641,43,5,2024-07-19 16:35:18,19.6,87,984.8,35.0,97,9252,7,14.8,Heavy Rain,1191.0
1642,52,6,2020-08-15 10:37:35,17.3,54,1000.0,7.4,129,4440,0,11.7,Clear,929.0
1643,1,1,2023-09-20 20:15:21,30.3,62,939.4,18.5,236,4657,0,14.5,Thunderstorm,1369.0
1644,15,2,2020-08-05 06:15:56,31.7,91,970.1,36.0,110,5202,0,12.8,Clear,927.0
1645,60,8,2018-03-04 23:46:36,29.6,100,950.7,23.2,173,8203,2,9.9,Cloudy,2544.0
1646,20,2,2022-11-06 16:04:39,20.4,85,972.4,37.2,11,465,3,-3.2,Heavy Rain,3785.0
1647,43,5,2018-11-29 13:51:00,19.5,82,1004.9,19.4,290,918,3,-0.1,Cloudy,4483.0
1648,48,6,2020-09-27 03:55:26,6.6,51,908.8,18.1,318,835,3,-0.8,Rain,2015.0
1649,24,3,2024-12-01 15:36:46,16.4,46,902.4,45.1,247,554,1,-3.2,Clear,2927.0
1650,62,8,2022-03-20 06:17:45,6.2,80,983.1,12.5,226,7967,7,12.3,Heavy Rain,1835.0
1651,25,3,2024-10-10 15:10:21,15.8,83,1005.2,1.6,109,5084,0,12.2,Fog,3840.0
1652,19,2,2020-11-19 12:29:10,19.1,88,927.0,27.6,44,8022,0,6.5,Rain,3707.0
1653,35,4,2024-08-04 06:00:59,5.2,85,938.8,50.6,215,5599,3,-1.1,Heavy Rain,4188.0
1654,25,3,2020-01-19 12:20:54,22.4,49,949.0,64.0,243,3555,1,-4.7,Rain,2161.0
1655,51,6,2022-01-02 08:42:07,23.3,72,905.0,1.9,330,5436,2,14.8,Heavy Rain,1171.0
1656,48,6,2023-11-02 23:56:56,28.9,81,992.8,56.5,59,5851,5,-0.3,Rain,2921.0
1657,42,5,2024-06-11 21:43:25,30.5,51,958.0,13.4,241,9688,8,-4.5,Thunderstorm,1351.0
1658,7,1,2024-12-08 09:29:56,20.7,95,1011.6,69.9,65,5249,7,7.7,Fog,3484.0
1659,47,6,2022-12-02 22:23:34,22.5,93,902.7,13.3,335,5065,8,6.1,Rain,2930.0
1660,8,1,2022-01-07 17:00:05,8.2,49,987.1,44.8,268,8885,8,14.4,Heavy Rain,3273.0
1661,5,1,2019-06-29 17:43:21,20.0,51,977.0,49.7,142,7700,7,13.1,Thunderstorm,1065.0
1662,26,3,2024-04-21 23:59:05,21.9,95,921.3,41.3,19,9619,6,6.9,Cloudy,3606.0
1663,19,2,2021-05-18 04:07:19,15.5,42,915.8,33.8,50,7389,8,2.9,Rain,4186.0
1664,33,4,2019-08-14 19:09:13,10.4,75,991.8,16.5,303,1234,3,13.6,Clear,3446.0
1665,16,2,2018-04-08 09:37:05,33.6,84,975.1,22.8,146,4270,8,1.0,Cloudy,1716.0
1666,46,5,2020-03-18 16:06:46,5.1,80,986.4,44.0,184,9971,7,0.8,Fog,1454.0
1667,37,4,2024-06-28 06:13:44,23.7,51,925.2,30.7,17,3717,2,0.5,Cloudy,2347.0
1668,52,6,2019-06-21 12:31:57,6.9,54,905.4,68.8,273,450,1,3.9,Thunderstorm,3155.0
1669,34,4,2022-11-29 11:13:54,17.6,76,955.5,22.9,131,6359,1,0.7,Rain,1140.0
1670,30,3,2018-03-17 21:11:32,28.4,95,933.1,31.1,130,5776,6,-4.0,Cloudy,2729.0
1671,5,1,2019-02-13 01:41:09,10.3,76,940.8,23.8,191,9610,0,3.3,Clear,3024.0
1672,19,2,2022-03-02 15:32:26,22.7,89,994.6,70.6,116,2310,3,13.8,Heavy Rain,1045.0
1673,51,6,2018-05-20 03:24:19,13.2,61,998.0,74.3,177,5076,4,12.0,Cloudy,1715.0
1674,17,2,2023-07-23 23:56:19,24.4,48,924.1,65.4,9,1246,4,12.9,Heavy Rain,2346.0
1675,1,1,2021-12-19 14:06:48,33.2,83,1010.8,26.0,12,9371,6,-2.8,Thunderstorm,4056.0
1676,30,3,2018-02-16 21:07:16,6.9,97,1003.5,40.0,3,6945,2,2.7,Clear,3718.0
1677,23,3,2018-03-10 13:32:35,12.2,64,973.6,49.1,148,7416,2,7.6,Thunderstorm,1369.0
1678,32,3,2024-08-18 03:47:07,8.0,95,982.2,21.7,222,3528,3,7.6,Fog,3184.0
1679,29,3,2018-09-24 14:15:58,16.5,88,1010.6,70.8,294,9924,5,5.1,Thunderstorm,4268.0
1680,26,3,2019-10-25 12:47:01,10.4,80,900.8,3.2,200,3620,2,-2.4,Heavy Rain,1164.0
1681,4,1,2021-06-06 02:36:15,30.8,56,948.0,3.4,97,7511,0,1.1,Fog,2310.0
1682,54,6,2018-12-02 21:19:57,9.7,40,904.2,63.1,311,4828,1,0.8,Cloudy,2884.0
1683,37,4,2023-07-15 06:03:17,15.9,44,957.0,19.0,255,6447,3,-3.0,Fog,2638.0
1684,3,1,2024-11-30 08:45:33,10.0,49,929.2,9.4,142,6991,4,-3.8,Thunderstorm,1352.0
1685,55,7,2024-02-09 06:55:51,20.0,41,954.6,52.6,295,9391,7,-1.3,Clear,3173.0
1686,22,2,2021-10-01 01:52:16,18.0,72,903.0,61.1,328,5827,0,-1.7,Thunderstorm,2997.0
1687,61,8,2018-02-15 04:39:41,30.4,57,987.0,13.7,161,3792,0,11.6,Cloudy,947.0
1688,59,8,2024-11-11 02:52:37,31.7,43,980.3,46.8,17,4913,8,7.1,Thunderstorm,2719.0
1689,58,7,2022-12-23 19:27:33,20.2,89,927.2,18.7,206,396,5,9.5,Clear,1588.0
1690,32,3,2020-05-22 04:16:13,19.2,60,919.8,46.3,156,4148,8,0.1,Cloudy,4290.0
1691,48,6,2018-01-26 14:45:20,33.2,100,994.4,13.0,319,2932,4,-3.0,Clear,2971.0
1692,53,6,2023-07-02 20:47:52,6.8,62,924.0,76.8,62,2963,3,12.7,Clear,2508.0
1693,22,2,2021-08-28 04:55:49,7.4,48,935.9,21.3,57,654,4,14.9,Thunderstorm,1386.0
1694,30,3,2018-01-23 08:38:49,13.8,54,937.5,40.2,18,9284,2,13.3,Thunderstorm,2771.0
1695,32,3,2024-09-13 14:22:44,19.7,68,937.9,69.9,174,9779,2,-0.9,Thunderstorm,1085.0
1696,26,3,2024-10-07 10:32:18,13.5,96,993.8,47.7,341,7832,3,10.8,Clear,4162.0
1697,10,1,2020-09-25 06:28:18,20.6,40,924.4,34.6,20,5911,6,11.1,Thunderstorm,3685.0
1698,21,2,2024-05-31 13:06:14,20.3,81,935.1,55.1,121,8167,8,0.5,Fog,3488.0
1699,3,1,2020-05-28 17:58:41,32.3,69,940.9,49.0,267,2522,7,-1.5,Thunderstorm,3720.0
1700,12,1,2024-07-07 12:46:11,15.1,96,956.9,26.6,312,4676,1,13.9,Clear,3360.0
1701,31,3,2024-09-25 08:15:29,7.7,55,986.2,61.3,317,4201,3,-0.2,Rain,3514.0
1702,59,8,2018-10-17 17:16:10,32.8,89,917.9,40.2,4,755,6,0.4,Thunderstorm,2015.0
1703,33,4,2019-07-02 16:59:36,16.0,89,990.5,29.8,151,9298,2,-0.1,Fog,1544.0
1704,38,4,2018-01-24 16:18:32,5.0,50,925.4,29.1,168,6407,8,1.1,Cloudy,3624.0
1705,47,6,2024-01-03 21:43:37,16.0,97,960.0,39.5,147,7409,2,7.3,Fog,3744.0
1706,16,2,2022-12-07 08:59:02,22.7,70,944.0,24.0,250,4960,2,7.5,Thunderstorm,3896.0
1707,43,5,2024-03-06 21:02:26,33.7,100,983.2,12.0,79,5466,7,8.5,Heavy Rain,1486.0
1708,9,1,2019-05-21 16:06:43,34.7,67,956.1,77.6,287,5484,0,0.1,Cloudy,1166.0
1709,14,2,2019-10-22 16:11:11,10.4,40,996.8,37.1,198,3848,8,-2.1,Thunderstorm,2105.0
1710,17,2,2024-04-05 13:55:21,23.7,59,956.9,61.0,184,9794,7,8.7,Clear,3575.0
1711,53,6,2018-02-12 05:19:56,25.3,93,953.1,36.2,176,7621,5,3.9,Cloudy,2313.0
1712,45,5,2021-06-26 11:39:15,17.2,63,940.3,24.2,212,8337,0,13.8,Thunderstorm,1793.0
1713,53,6,2020-04-17 22:36:01,10.4,52,962.1,58.9,133,464,8,5.9,Rain,2109.0
1714,47,6,2021-10-05 21:48:19,22.6,58,1011.7,74.8,193,874,4,1.1,Clear,1905.0
1715,45,5,2024-10-29 03:15:22,17.7,65,1010.4,59.5,121,4274,6,4.2,Heavy Rain,1757.0
1716,24,3,2019-03-30 01:16:07,18.3,48,996.8,8.5,48,2127,6,8.8,Heavy Rain,2189.0
1717,14,2,2018-04-19 18:09:56,31.1,63,932.5,18.6,3,5049,1,12.5,Fog,4093.0
1718,11,1,2020-11-04 22:21:37,28.5,96,927.2,45.6,279,5110,3,15.0,Cloudy,3720.0
1719,33,4,2019-08-25 22:47:55,25.9,56,981.2,17.1,22,864,3,-4.3,Rain,3316.0
1720,3,1,2023-06-22 13:29:16,21.3,62,948.6,68.6,278,5087,6,14.5,Thunderstorm,1017.0
1721,39,4,2021-11-05 12:10:12,21.3,61,906.6,27.3,63,6819,7,7.4,Cloudy,3161.0
1722,32,3,2022-12-31 22:04:11,21.7,40,1001.6,11.1,356,4210,1,15.0,Fog,2944.0
1723,53,6,2018-05-17 20:05:37,8.1,60,998.6,62.4,30,3517,6,14.8,Rain,1572.0
1724,24,3,2022-09-22 17:49:19,29.8,58,910.6,15.9,271,7893,7,0.8,Heavy Rain,3409.0
1725,22,2,2021-07-22 18:41:43,30.3,92,1009.2,33.5,268,449,7,14.5,Heavy Rain,2289.0
1726,30,3,2020-01-08 12:46:27,25.0,87,1005.6,35.2,138,6203,3,-3.0,Heavy Rain,2543.0
1727,16,2,2020-05-04 00:50:34,16.5,47,901.6,14.3,317,5332,0,12.5,Rain,2848.0
1728,61,8,2022-04-17 16:35:21,25.0,75,942.7,56.8,182,3866,0,14.9,Heavy Rain,2482.0
1729,22,2,2018-02-13 05:06:12,29.4,91,979.7,53.5,207,8406,2,-3.5,Heavy Rain,3817.0
1730,13,2,2022-06-17 03:22:03,11.6,66,903.9,49.3,231,2673,2,-4.3,Rain,3151.0
1731,12,1,2021-08-17 01:53:20,5.5,58,920.4,1.1,325,5904,5,-1.5,Rain,2158.0
1732,33,4,2018-03-05 10:35:47,5.6,90,977.5,22.1,297,1370,1,7.3,Clear,2359.0
1733,45,5,2019-08-08 03:21:03,19.8,43,953.2,54.6,23,677,8,2.9,Fog,3192.0
1734,10,1,2018-08-25 11:08:38,5.6,98,967.1,65.3,283,4638,6,7.3,Rain,3455.0
1735,61,8,2019-06-17 11:23:41,29.5,93,930.3,64.1,6,2772,3,5.1,Clear,3737.0
1736,13,2,2022-05-21 04:32:22,5.1,79,902.9,35.2,198,6130,0,-0.2,Cloudy,2532.0
1737,56,7,2018-03-06 11:54:26,21.8,64,988.0,37.0,254,6899,7,10.2,Cloudy,2610.0
1738,4,1,2019-06-21 22:29:44,23.2,71,1000.1,30.1,92,2366,7,12.2,Cloudy,1976.0
1739,25,3,2021-08-09 17:12:10,6.7,48,928.1,29.6,100,8817,5,8.4,Rain,4482.0
1740,28,3,2022-09-25 05:52:24,9.4,59,996.8,73.4,352,8385,7,13.6,Cloudy,3867.0
1741,14,2,2024-11-26 03:29:28,30.8,98,935.9,65.7,179,8779,4,11.9,Thunderstorm,2443.0
1742,22,2,2023-06-15 07:29:23,18.4,83,954.1,13.5,25,2793,2,14.4,Clear,3284.0
1743,17,2,2018-06-02 08:06:59,21.0,95,1012.4,71.7,23,9412,4,6.0,Cloudy,1692.0
1744,28,3,2019-02-21 02:50:18,15.1,48,978.6,74.0,191,1245,6,13.1,Cloudy,2806.0
1745,18,2,2019-10-26 16:28:48,34.0,63,961.2,56.3,237,8947,2,6.4,Rain,3942.0
1746,44,5,2024-04-23 20:03:58,22.6,49,958.8,54.0,356,1061,7,-0.9,Heavy Rain,1174.0
1747,33,4,2020-11-07 15:01:31,29.9,50,976.1,19.2,344,145,7,10.9,Clear,3314.0
1748,24,3,2024-01-17 09:33:22,18.9,82,971.3,58.5,355,3373,2,-4.1,Thunderstorm,1803.0
1749,47,6,2020-03-15 10:28:52,25.7,75,1012.1,1.1,2,789,4,12.2,Clear,3572.0
1750,59,8,2021-01-20 05:19:23,14.5,92,960.9,5.8,320,8313,0,14.6,Fog,2410.0
1751,13,2,2024-03-31 20:15:44,34.2,75,1010.0,68.2,226,8457,0,-3.5,Fog,3762.0
1752,24,3,2019-06-08 04:02:56,23.3,93,956.6,51.9,181,8030,8,5.3,Cloudy,2479.0
1753,50,6,2022-07-16 01:36:27,14.2,61,974.3,72.7,319,9958,6,14.3,Fog,1544.0
1754,49,6,2020-09-22 14:42:13,22.8,69,978.2,32.6,217,2891,7,11.5,Clear,1741.0
1755,7,1,2021-08-07 17:55:54,11.1,98,994.2,55.3,316,3931,8,11.3,Clear,3013.0
1756,22,2,2020-02-09 20:31:16,16.2,98,986.9,38.1,262,5057,1,1.5,Clear,2752.0
1757,46,5,2020-08-24 23:40:31,24.2,62,965.7,42.4,349,2313,7,0.7,Heavy Rain,1958.0
1758,29,3,2021-08-28 23:21:22,11.3,40,958.1,29.7,288,7598,1,14.7,Cloudy,2154.0
1759,23,3,2022-07-21 17:17:49,13.6,53,998.5,58.4,96,9263,8,5.3,Clear,2582.0
1760,33,4,2024-10-12 14:34:05,24.9,58,911.9,67.4,30,6661,0,3.4,Thunderstorm,3183.0
1761,58,7,2022-10-15 10:02:20,14.8,86,1006.3,59.7,332,4259,4,1.9,Thunderstorm,2661.0
1762,59,8,2024-04-01 04:18:31,20.4,60,948.0,71.2,171,5751,1,8.1,Heavy Rain,4367.0
1763,59,8,2024-01-13 03:49:56,17.3,71,956.2,63.6,12,7723,4,2.0,Thunderstorm,3798.0
1764,38,4,2021-07-29 13:50:10,17.3,97,940.3,50.7,51,7047,0,9.8,Fog,4447.0
1765,41,5,2018-08-02 20:31:57,18.8,51,945.1,71.2,155,4277,7,9.2,Cloudy,2968.0
1766,10,1,2022-05-13 04:31:57,18.4,77,953.4,71.7,166,4390,3,7.3,Clear,2313.0
1767,17,2,2022-07-11 01:53:40,5.6,99,1012.0,46.1,249,4937,5,14.5,Heavy Rain,1393.0
1768,17,2,2018-07-21 23:28:10,32.4,42,940.3,17.4,143,253,4,13.4,Rain,2713.0
1769,11,1,2022-09-11 01:57:30,28.4,59,949.0,46.1,117,5078,7,-4.7,Rain,1525.0
1770,2,1,2023-09-10 09:26:41,24.4,90,938.0,20.4,113,9300,1,9.9,Fog,1864.0
1771,10,1,2019-02-28 23:59:55,32.8,71,995.1,50.7,101,4585,6,0.4,Rain,2311.0
1772,5,1,2019-12-22 16:35:56,33.5,59,936.2,32.1,99,4331,5,-0.1,Rain,1060.0
1773,47,6,2023-06-02 12:14:57,5.4,90,930.1,10.9,250,9423,0,12.6,Heavy Rain,3390.0
1774,53,6,2024-08-04 16:49:00,30.2,56,1010.0,50.8,1,7054,8,-3.3,Cloudy,2067.0
1775,1,1,2019-01-28 22:49:34,18.8,80,983.0,48.1,66,4941,5,9.8,Fog,1805.0
1776,11,1,2020-02-01 10:24:34,5.6,73,981.4,62.1,178,1521,3,1.2,Thunderstorm,1747.0
1777,13,2,2019-05-23 07:45:52,29.5,72,910.5,44.0,329,7731,7,5.3,Rain,3323.0
1778,24,3,2024-06-24 23:20:20,12.4,61,918.6,27.6,28,7740,5,1.1,Thunderstorm,3843.0
1779,12,1,2022-04-06 06:58:55,11.1,56,1005.7,64.7,317,6263,7,14.7,Rain,3041.0
1780,2,1,2022-03-15 14:49:51,31.7,42,957.5,9.7,244,4399,6,14.3,Thunderstorm,1223.0
1781,56,7,2024-01-25 14:35:39,10.0,73,915.9,25.1,167,9840,6,8.1,Fog,2563.0
1782,34,4,2022-01-14 01:58:50,6.3,81,964.9,49.9,26,6567,0,-4.4,Clear,3949.0
1783,31,3,2022-08-18 16:45:26,16.0,82,981.9,14.4,295,7413,5,-4.7,Fog,2828.0
1784,12,1,2019-06-01 09:38:13,10.3,70,997.0,17.2,171,7740,2,11.2,Thunderstorm,1448.0
1785,61,8,2021-01-20 03:12:39,8.2,60,1006.4,23.8,155,2203,0,5.7,Thunderstorm,3815.0
1786,2,1,2024-11-28 03:34:23,10.9,79,991.7,51.7,177,932,3,14.8,Cloudy,2587.0
1787,22,2,2020-09-07 23:43:12,21.5,52,924.2,75.9,121,4542,2,6.7,Fog,2416.0
1788,5,1,2024-10-31 12:04:00,30.5,87,947.3,1.0,311,412,6,-4.1,Clear,2164.0
1789,46,5,2021-05-07 20:23:25,18.9,82,943.6,58.8,351,8373,3,2.9,Thunderstorm,2015.0
1790,43,5,2021-09-01 04:02:45,12.8,90,932.6,51.1,95,8951,0,4.3,Clear,1840.0
1791,48,6,2023-10-30 01:19:27,26.0,57,901.9,32.4,324,1351,1,5.9,Rain,3650.0
1792,40,5,2022-11-24 08:26:50,10.8,62,904.1,2.0,286,4309,7,10.7,Fog,3096.0
1793,53,6,2019-05-01 12:16:07,28.3,61,909.6,73.5,144,2198,3,12.2,Cloudy,3895.0
1794,8,1,2023-06-24 18:36:35,25.5,42,915.4,60.5,59,2247,5,1.5,Thunderstorm,1611.0
1795,44,5,2018-09-20 21:36:23,8.9,64,958.7,38.1,81,589,0,11.0,Cloudy,2119.0
1796,16,2,2023-05-31 18:35:57,8.0,72,968.2,49.3,314,7150,7,13.5,Cloudy,2082.0
1797,19,2,2018-06-19 05:38:52,14.6,41,955.0,38.6,231,6887,2,7.2,Cloudy,2042.0
1798,57,7,2024-12-04 21:08:15,20.0,58,987.5,65.9,291,170,4,-3.3,Cloudy,4443.0
1799,48,6,2019-10-05 07:52:35,19.9,59,1005.4,72.5,107,2657,2,12.8,Clear,1550.0
1800,62,8,2022-09-29 05:07:12,22.4,97,1011.1,54.7,181,2346,0,-4.5,Rain,3062.0
1801,38,4,2018-05-16 01:24:31,29.5,84,957.1,58.8,130,7676,8,3.0,Thunderstorm,4064.0
1802,10,1,2020-10-22 05:02:12,5.5,40,953.7,64.2,283,2792,5,6.1,Clear,3059.0
1803,40,5,2024-01-28 04:38:16,25.3,82,901.0,20.3,123,5794,2,5.5,Cloudy,1381.0
1804,17,2,2023-09-14 06:21:10,28.7,68,946.9,75.2,142,7922,2,14.1,Clear,2402.0
1805,27,3,2024-03-03 10:33:29,20.7,56,1001.7,60.8,296,8920,1,3.0,Fog,1942.0
1806,34,4,2018-07-24 03:11:26,22.4,51,1010.7,49.3,106,6679,2,4.9,Clear,3034.0
1807,32,3,2018-07-27 14:48:29,17.1,99,979.5,69.0,56,7230,5,-1.8,Fog,2686.0
1808,58,7,2021-11-22 05:22:37,21.9,80,935.9,71.4,152,4862,6,-3.4,Fog,1235.0
1809,54,6,2023-01-01 09:40:20,7.3,50,962.8,59.7,182,7419,2,-0.7,Cloudy,1383.0
1810,35,4,2024-09-30 08:17:11,10.2,52,982.2,19.0,146,4455,8,-0.9,Rain,1752.0
1811,56,7,2018-08-20 02:21:19,32.8,78,952.9,3.7,287,1762,2,3.2,Clear,1976.0
1812,62,8,2019-07-21 15:17:10,30.5,100,1004.6,50.9,281,5600,5,-4.1,Fog,3390.0
1813,28,3,2018-04-08 23:53:50,22.3,76,916.3,57.8,308,6442,7,12.2,Heavy Rain,3804.0
1814,56,7,2023-08-30 15:21:11,13.5,58,985.9,39.3,83,6196,5,10.0,Cloudy,1164.0
1815,3,1,2024-02-05 14:43:48,9.0,93,1000.4,11.9,54,1705,4,0.5,Fog,2485.0
1816,47,6,2018-07-26 10:20:52,5.1,81,986.4,5.2,261,2588,0,-0.7,Heavy Rain,3800.0
1817,26,3,2018-05-15 14:30:47,23.5,51,993.0,48.8,218,1034,5,2.3,Fog,1756.0
1818,27,3,2024-11-15 00:42:37,13.0,99,910.0,27.5,304,409,2,14.1,Rain,1273.0
1819,21,2,2018-08-14 02:23:25,18.0,100,976.7,45.2,130,8864,2,-2.3,Rain,1276.0
1820,27,3,2024-12-16 19:24:06,31.0,62,931.0,74.0,34,6548,4,1.1,Heavy Rain,1328.0
1821,12,1,2021-08-14 15:40:35,28.1,61,945.4,14.9,254,6379,0,3.2,Thunderstorm,1816.0
1822,52,6,2023-04-16 19:35:31,14.0,45,917.1,52.7,237,984,2,-3.1,Cloudy,1859.0
1823,58,7,2021-10-23 01:58:03,27.6,99,901.6,53.3,349,7320,8,0.6,Cloudy,2184.0
1824,42,5,2024-05-31 04:02:48,14.8,70,924.4,65.3,122,6423,6,-2.3,Fog,3950.0
1825,9,1,2021-12-26 11:26:37,8.1,86,953.7,65.8,103,9335,4,5.7,Fog,2410.0
1826,27,3,2018-11-01 21:13:14,30.4,94,974.5,18.0,143,5688,8,9.4,Thunderstorm,2097.0
1827,46,5,2020-12-20 22:33:54,15.3,80,992.8,51.5,41,2009,4,9.8,Rain,4293.0
1828,55,7,2021-06-19 12:59:45,17.4,76,912.3,51.3,257,7731,8,10.3,Clear,3661.0
1829,56,7,2023-10-05 20:59:13,19.2,79,1001.7,40.0,269,1483,1,1.1,Thunderstorm,2345.0
1830,33,4,2019-01-19 02:45:51,14.6,43,938.6,60.2,142,7479,7,0.4,Clear,2336.0
1831,34,4,2020-07-30 21:59:56,15.6,68,972.4,19.9,53,7331,0,8.3,Clear,3276.0
1832,14,2,2021-06-06 08:00:53,7.1,75,922.7,17.4,15,3118,1,14.7,Heavy Rain,3413.0
1833,13,2,2022-04-03 22:07:35,12.1,63,927.7,16.4,261,7531,7,6.1,Heavy Rain,3105.0
1834,11,1,2023-04-13 21:01:33,25.7,56,917.3,43.5,119,9363,1,-1.3,Thunderstorm,1212.0
1835,32,3,2024-01-08 00:06:46,12.9,47,923.3,54.3,71,7559,3,-4.8,Clear,3134.0
1836,62,8,2021-01-27 06:16:50,21.1,79,938.3,29.1,264,3545,8,5.9,Fog,1375.0
1837,3,1,2024-05-13 00:17:31,9.4,90,951.9,34.5,203,2934,3,11.9,Thunderstorm,1134.0
1838,26,3,2024-08-04 01:10:05,18.1,62,948.1,43.2,254,196,2,11.6,Fog,3125.0
1839,24,3,2019-09-10 00:27:40,18.5,58,901.5,36.5,84,2126,2,0.4,Rain,1651.0
1840,54,6,2023-02-03 03:43:00,13.9,85,1004.5,47.4,28,1267,8,10.7,Heavy Rain,2504.0
1841,47,6,2021-12-08 04:41:48,7.0,48,984.8,9.6,215,3281,3,6.3,Rain,4488.0
1842,14,2,2018-07-20 05:26:47,12.4,80,977.0,25.3,315,1175,4,8.8,Clear,1939.0
1843,4,1,2023-05-28 11:38:58,10.9,61,909.2,76.2,326,4216,0,1.6,Clear,4306.0
1844,50,6,2024-12-22 20:41:03,7.7,47,930.8,21.1,124,3959,8,14.1,Heavy Rain,1190.0
1845,27,3,2024-05-01 16:27:48,9.3,66,1010.4,76.1,168,1978,0,4.6,Clear,1154.0
1846,8,1,2022-03-02 05:55:29,18.1,75,970.4,31.9,240,636,8,-2.9,Cloudy,3472.0
1847,55,7,2024-08-08 00:30:40,28.9,42,902.9,3.6,189,7679,2,14.7,Cloudy,3027.0
1848,9,1,2021-06-16 17:04:20,16.2,71,1009.8,12.6,90,3072,1,11.9,Cloudy,3523.0
1849,6,1,2020-09-04 11:05:09,12.6,41,921.1,77.6,170,3059,7,0.3,Clear,4048.0
1850,58,7,2023-11-20 16:09:46,34.2,50,991.5,5.5,39,8480,1,1.1,Clear,3250.0
1851,8,1,2024-08-10 13:53:17,17.5,79,993.9,66.2,274,9292,2,8.3,Cloudy,2815.0
1852,30,3,2018-09-04 20:11:40,21.2,93,966.7,16.9,338,8453,2,-1.4,Heavy Rain,2874.0
1853,14,2,2020-07-05 02:45:25,14.3,97,976.1,3.1,219,1095,4,3.1,Cloudy,1266.0
1854,1,1,2024-07-01 16:50:30,19.9,57,952.8,47.4,250,6230,5,14.0,Heavy Rain,3110.0
1855,34,4,2022-02-23 07:54:17,19.5,71,901.8,66.5,259,8551,1,11.8,Heavy Rain,2209.0
1856,11,1,2018-09-29 13:02:31,18.0,74,998.4,4.8,342,3526,8,4.4,Clear,902.0
1857,19,2,2019-08-29 16:59:19,16.2,78,975.0,24.7,115,5659,0,9.8,Heavy Rain,3099.0
1858,40,5,2024-01-16 15:59:42,24.1,61,996.8,69.7,127,5853,7,9.3,Cloudy,3947.0
1859,33,4,2020-10-19 02:06:09,32.6,82,952.6,25.2,257,356,2,3.4,Clear,3552.0
1860,3,1,2019-11-27 13:09:29,11.1,69,938.8,77.3,310,6067,8,1.9,Heavy Rain,1295.0
1861,12,1,2024-11-05 02:10:06,21.3,63,986.5,53.3,58,3366,2,2.8,Cloudy,2909.0
1862,61,8,2020-11-25 10:50:44,15.8,73,915.2,27.8,28,5047,0,12.9,Heavy Rain,4234.0
1863,17,2,2018-11-14 20:39:27,16.3,45,919.8,79.1,241,5347,1,-4.7,Clear,1828.0
1864,50,6,2019-09-14 12:15:36,31.0,85,943.9,79.2,161,2429,1,12.2,Rain,1043.0
1865,59,8,2020-03-13 01:17:55,19.7,100,997.3,13.1,45,9221,3,2.9,Cloudy,1795.0
1866,20,2,2021-05-22 15:50:47,23.3,98,974.4,76.2,178,9077,3,13.8,Heavy Rain,2704.0
1867,57,7,2024-08-07 07:37:05,17.9,100,907.3,48.0,312,567,2,8.5,Cloudy,4120.0
1868,24,3,2020-08-01 14:08:36,23.1,68,907.8,78.8,233,4638,7,11.4,Thunderstorm,2519.0
1869,39,4,2021-11-01 12:03:20,28.0,90,1009.4,52.1,215,6998,1,2.6,Clear,1005.0
1870,22,2,2022-06-01 00:45:43,17.2,88,984.7,12.6,3,1884,6,-1.7,Rain,1905.0
1871,47,6,2019-01-26 03:38:19,9.7,82,1004.9,41.9,267,5387,3,4.6,Rain,1685.0
1872,28,3,2020-10-15 03:03:00,33.2,94,938.4,36.1,333,679,1,9.8,Thunderstorm,1066.0
1873,10,1,2019-10-06 03:39:24,30.8,54,924.8,27.2,80,9415,4,10.6,Heavy Rain,1526.0
1874,26,3,2020-08-17 21:35:00,26.5,63,973.3,60.5,9,5889,1,-2.4,Heavy Rain,2638.0
1875,51,6,2018-06-18 14:46:01,24.4,62,996.1,57.1,52,8095,6,13.6,Heavy Rain,1460.0
1876,25,3,2019-07-11 17:27:12,28.4,86,971.6,49.1,214,6629,1,14.5,Fog,1879.0
1877,35,4,2021-03-30 02:44:16,35.0,76,970.0,40.5,229,3962,2,9.9,Thunderstorm,3826.0
1878,10,1,2024-08-07 01:06:53,20.8,48,975.6,5.8,240,9735,2,-3.9,Thunderstorm,1197.0
1879,59,8,2021-09-20 15:20:23,8.2,45,991.0,48.4,151,6595,5,11.9,Clear,1166.0
1880,28,3,2020-08-04 06:37:15,24.4,80,935.3,71.6,220,4819,8,11.9,Clear,2642.0
1881,27,3,2019-10-24 23:16:56,33.5,73,931.7,16.8,279,5934,0,5.8,Thunderstorm,2135.0
1882,1,1,2024-06-15 09:06:48,21.4,90,939.9,2.4,78,8100,5,7.4,Fog,2026.0
1883,16,2,2022-03-06 15:01:16,16.0,99,916.3,6.5,130,5117,6,-4.0,Thunderstorm,4318.0
1884,23,3,2019-08-23 06:57:14,19.0,42,917.9,70.4,243,9165,3,-0.5,Clear,4481.0
1885,55,7,2024-06-28 01:32:51,25.1,88,925.6,56.5,309,7977,5,-2.5,Thunderstorm,1411.0
1886,46,5,2024-08-24 23:39:12,30.2,66,1003.5,75.5,65,645,4,6.5,Cloudy,1851.0
1887,45,5,2020-10-11 07:35:59,26.8,40,971.3,57.4,161,8660,2,13.3,Heavy Rain,1041.0
1888,4,1,2018-01-14 09:51:18,11.8,69,993.4,62.8,311,5292,2,13.1,Rain,2716.0
1889,24,3,2018-10-16 04:18:43,19.7,87,900.0,48.6,149,4901,0,7.6,Cloudy,1889.0
1890,27,3,2020-04-30 01:24:52,27.1,96,943.2,48.1,153,4803,0,9.4,Thunderstorm,4121.0
1891,2,1,2024-09-18 04:13:51,14.0,46,1004.1,17.9,114,5602,8,1.1,Heavy Rain,3584.0
1892,48,6,2021-06-25 13:53:53,11.9,61,936.0,26.7,257,5821,1,9.6,Heavy Rain,4242.0
1893,14,2,2019-12-06 11:36:25,17.7,55,988.8,24.2,358,5610,8,14.6,Heavy Rain,4376.0
1894,25,3,2023-05-09 03:23:28,28.0,59,915.4,5.5,280,3047,3,9.2,Clear,2627.0
1895,14,2,2018-07-05 21:30:07,24.0,57,918.7,67.8,75,8745,1,10.9,Clear,3947.0
1896,62,8,2023-03-25 21:27:10,32.0,50,957.7,35.6,120,3551,4,-0.7,Fog,2611.0
1897,61,8,2024-05-02 07:25:44,9.2,94,933.1,24.9,205,3283,3,11.6,Heavy Rain,2875.0
1898,3,1,2018-11-03 15:55:24,34.3,94,973.6,68.7,188,1262,7,-2.5,Cloudy,2338.0
1899,60,8,2023-02-20 02:17:01,10.8,96,953.2,0.3,210,4097,1,1.3,Rain,3611.0
1900,18,2,2024-04-17 02:29:19,9.5,62,967.9,41.6,92,8324,8,-4.8,Cloudy,2888.0
1901,37,4,2018-03-24 17:25:05,5.0,70,1011.0,22.4,76,6554,3,-2.0,Rain,3094.0
1902,57,7,2024-12-18 09:00:14,8.7,61,955.0,16.4,80,6928,6,-4.5,Cloudy,4477.0
1903,49,6,2021-02-03 12:28:08,21.0,61,956.2,43.6,6,2219,2,-0.7,Fog,4426.0
1904,11,1,2023-04-12 08:37:09,15.9,75,973.4,32.4,153,9739,8,4.8,Thunderstorm,2268.0
1905,28,3,2023-11-09 15:47:04,33.6,63,966.8,38.6,78,6808,7,-0.2,Fog,3868.0
1906,39,4,2024-07-30 13:44:45,20.8,47,991.3,74.8,112,9437,7,14.4,Thunderstorm,4344.0
1907,58,7,2024-07-01 04:27:40,9.2,70,941.9,66.1,26,317,3,6.7,Rain,3500.0
1908,27,3,2021-08-25 08:40:45,17.3,95,990.3,60.0,40,3283,5,4.5,Fog,1890.0
1909,45,5,2020-10-10 16:46:33,18.8,48,957.4,10.2,75,4343,3,-1.1,Clear,4096.0
1910,27,3,2023-09-12 17:05:35,6.7,91,918.7,33.3,107,972,8,-4.0,Rain,2958.0
1911,13,2,2023-09-25 09:59:12,31.8,77,1003.8,0.9,316,4088,8,-3.8,Thunderstorm,2710.0
1912,53,6,2023-07-30 15:45:00,33.1,66,1000.5,16.4,190,2451,4,14.5,Fog,1543.0
1913,27,3,2023-11-01 20:46:43,27.1,46,950.2,75.9,285,5666,2,6.1,Clear,1182.0
1914,58,7,2023-04-22 03:50:23,18.0,75,950.4,25.4,237,7420,2,2.8,Cloudy,3968.0
1915,48,6,2022-09-09 14:31:43,15.1,64,1005.6,73.4,285,3084,3,14.2,Thunderstorm,3632.0
1916,50,6,2020-05-10 19:19:18,31.8,87,907.9,53.5,135,9513,3,13.7,Fog,1928.0
1917,38,4,2019-02-11 10:06:29,5.2,64,920.9,45.1,198,5720,6,5.4,Thunderstorm,3355.0
1918,53,6,2019-06-26 21:59:20,30.1,95,926.1,60.1,261,1545,3,6.5,Thunderstorm,3251.0
1919,58,7,2018-04-24 10:59:50,13.1,73,962.4,49.3,352,806,2,10.7,Cloudy,1741.0
1920,14,2,2018-09-30 09:51:49,10.9,46,993.7,76.1,124,6308,0,12.9,Rain,2973.0
1921,40,5,2023-11-05 00:44:21,19.9,74,937.3,47.3,30,4552,8,9.2,Thunderstorm,2115.0
1922,54,6,2024-03-03 09:04:33,21.4,92,976.0,13.1,356,5495,5,11.5,Rain,3147.0
1923,32,3,2020-04-22 06:11:30,25.2,91,930.6,69.0,216,3707,5,8.3,Heavy Rain,2717.0
1924,30,3,2022-04-15 03:23:03,31.4,57,955.2,28.5,123,5256,7,-2.2,Thunderstorm,992.0
1925,35,4,2019-12-26 02:32:31,28.4,48,923.9,3.4,80,963,8,12.6,Fog,1531.0
1926,47,6,2022-08-18 18:34:47,18.2,87,922.4,45.3,306,338,4,0.5,Fog,2662.0
1927,62,8,2024-05-17 05:55:41,19.0,88,954.9,29.8,345,2458,2,-3.3,Rain,2517.0
1928,53,6,2022-11-01 01:58:35,32.9,63,915.9,0.2,71,9988,6,-2.6,Fog,3587.0
1929,16,2,2022-12-09 19:09:56,30.3,87,946.7,42.9,25,3421,6,9.8,Heavy Rain,2570.0
1930,1,1,2018-09-06 01:01:46,15.9,62,930.4,69.5,353,5258,7,-1.0,Clear,1744.0
1931,20,2,2022-10-18 00:09:31,25.8,93,948.6,60.4,11,2509,1,4.6,Heavy Rain,2392.0
1932,27,3,2024-07-13 22:08:29,10.0,85,927.6,69.0,320,1066,0,12.5,Cloudy,1173.0
1933,32,3,2023-09-28 12:29:14,9.4,55,995.0,3.8,13,7816,5,4.1,Rain,4229.0
1934,6,1,2021-12-11 13:39:28,8.6,59,988.1,53.4,342,7410,2,-0.6,Clear,2634.0
1935,11,1,2021-04-06 15:13:14,20.1,88,971.5,1.9,86,1061,5,5.4,Heavy Rain,2023.0
1936,3,1,2023-08-27 08:16:07,21.6,40,950.4,46.3,311,1191,8,-0.4,Thunderstorm,1318.0
1937,30,3,2019-04-13 20:46:09,11.2,95,976.4,56.1,89,2019,2,14.8,Fog,1845.0
1938,57,7,2019-05-18 23:11:28,28.8,51,996.5,46.6,28,9683,0,10.7,Fog,1565.0
1939,41,5,2023-10-24 21:49:41,27.6,52,998.7,59.1,232,7110,2,-0.1,Rain,4459.0
1940,18,2,2022-11-11 11:33:37,20.6,69,995.7,38.9,131,7221,8,14.1,Fog,1414.0
1941,39,4,2022-09-21 15:38:39,24.5,46,1008.8,48.8,185,229,3,-0.2,Fog,3655.0
1942,26,3,2022-06-05 03:47:43,25.1,85,993.9,76.4,25,3918,2,8.3,Heavy Rain,3971.0
1943,2,1,2020-10-02 03:48:23,17.2,51,938.6,24.9,131,7713,7,8.3,Fog,4156.0
1944,43,5,2021-03-19 07:48:23,16.7,78,1009.5,68.3,125,779,2,7.8,Cloudy,4301.0
1945,52,6,2024-10-14 16:15:41,5.9,51,973.8,23.6,325,8662,7,2.8,Rain,4189.0
1946,37,4,2024-02-01 03:18:01,6.1,47,964.2,7.2,272,6168,4,-3.3,Heavy Rain,1986.0
1947,46,5,2023-10-04 23:27:57,31.3,94,928.9,47.4,64,5658,8,6.0,Thunderstorm,2377.0
1948,40,5,2019-10-22 07:27:31,10.0,42,1000.2,50.7,129,2627,1,7.0,Clear,2833.0
1949,43,5,2019-11-09 07:29:36,27.5,61,930.9,42.7,327,7263,5,7.0,Fog,2873.0
1950,59,8,2020-08-20 07:34:40,32.7,96,962.7,17.3,258,3064,2,-3.8,Clear,1913.0
1951,34,4,2019-08-12 08:19:29,11.1,42,942.2,31.9,44,8638,5,2.6,Thunderstorm,1691.0
1952,44,5,2024-04-28 01:57:46,6.6,87,960.0,78.0,205,3850,0,6.2,Fog,4403.0
1953,45,5,2020-04-02 06:09:17,20.6,91,1006.0,67.6,68,6743,2,6.9,Cloudy,3470.0
1954,54,6,2023-08-06 17:48:21,17.9,89,944.7,22.8,316,2333,8,-0.2,Fog,2467.0
1955,11,1,2019-08-18 09:42:51,32.1,66,975.2,47.9,122,7917,5,4.5,Heavy Rain,2294.0
1956,6,1,2019-12-13 09:53:57,26.5,83,921.6,78.7,82,8578,1,12.7,Clear,4498.0
1957,14,2,2021-05-09 09:45:34,7.6,48,930.3,61.3,44,5111,2,4.0,Clear,4397.0
1958,11,1,2023-02-23 10:38:58,21.2,68,939.9,1.0,246,7851,1,-1.6,Rain,3106.0
1959,59,8,2019-03-05 16:31:36,28.1,87,1007.0,10.3,266,6245,0,-2.5,Clear,2301.0
1960,57,7,2020-08-15 10:24:55,32.0,59,943.6,69.4,58,9863,8,1.5,Fog,1384.0
1961,8,1,2018-09-16 11:27:12,8.2,71,921.1,40.0,258,5712,5,14.9,Cloudy,3140.0
1962,24,3,2019-11-06 07:14:29,17.6,62,985.2,67.3,254,1203,1,8.5,Rain,1299.0
1963,29,3,2021-04-08 23:09:08,20.9,69,903.6,11.4,84,4870,5,6.8,Clear,3832.0
1964,20,2,2022-05-17 10:07:40,32.3,99,994.1,49.3,21,9668,1,3.5,Rain,3401.0
1965,5,1,2019-12-04 16:04:11,31.6,90,989.9,79.0,182,9520,7,14.0,Thunderstorm,3271.0
1966,14,2,2024-04-14 18:25:44,17.2,100,950.6,22.8,111,6915,1,9.5,Heavy Rain,3481.0
1967,31,3,2022-08-01 06:17:48,16.1,94,967.4,58.9,213,5605,1,12.7,Rain,4313.0
1968,51,6,2020-09-04 07:13:14,28.7,86,952.8,50.9,190,3774,3,13.3,Thunderstorm,4474.0
1969,25,3,2019-06-03 03:09:51,23.4,89,906.1,5.2,218,9389,6,9.0,Thunderstorm,1929.0
1970,62,8,2023-06-25 14:17:22,20.1,54,949.1,41.7,256,2896,1,12.6,Rain,2642.0
1971,25,3,2021-09-28 10:11:46,10.2,74,900.1,6.9,188,5680,6,-0.6,Clear,2695.0
1972,57,7,2023-02-28 09:25:45,7.7,90,982.1,12.2,40,3848,6,8.3,Cloudy,4307.0
1973,20,2,2023-05-30 02:43:27,15.0,87,999.0,18.3,262,2221,3,14.4,Rain,3835.0
1974,52,6,2019-08-09 09:00:55,17.3,57,908.2,17.3,323,6822,1,12.9,Cloudy,3243.0
1975,17,2,2018-11-12 08:04:25,23.3,40,960.6,67.6,27,4823,8,4.1,Rain,3142.0
1976,35,4,2024-12-15 09:36:11,10.4,53,910.8,48.3,114,4428,2,11.0,Clear,2444.0
1977,45,5,2022-06-19 15:43:27,27.4,48,959.4,28.1,27,8806,6,1.6,Fog,1158.0
1978,12,1,2024-05-02 04:06:28,30.2,62,949.4,15.6,287,8270,5,12.3,Cloudy,937.0
1979,32,3,2020-03-07 05:16:35,24.3,57,984.7,5.9,335,9531,3,8.5,Cloudy,2691.0
1980,2,1,2019-07-24 13:00:25,5.7,57,977.9,45.5,183,8066,6,9.3,Rain,1321.0
1981,22,2,2020-10-20 15:10:55,24.3,44,904.9,29.8,101,7813,2,3.2,Clear,1811.0
1982,61,8,2021-04-14 12:30:10,26.6,56,952.9,47.1,69,9824,1,5.0,Fog,4012.0
1983,10,1,2021-11-27 17:16:15,18.7,94,1007.1,51.3,227,7701,3,-4.4,Heavy Rain,3037.0
1984,33,4,2022-03-20 02:34:17,6.3,100,1004.5,25.4,304,5849,7,-3.7,Cloudy,2035.0
1985,38,4,2023-02-09 05:06:44,27.4,45,962.7,46.2,160,7539,2,14.0,Thunderstorm,1987.0
1986,5,1,2022-10-10 01:36:07,18.9,63,900.3,64.7,355,7361,5,13.9,Heavy Rain,3508.0
1987,48,6,2022-03-20 09:25:21,13.3,76,949.4,16.3,260,4275,2,3.7,Clear,3713.0
1988,54,6,2018-02-20 14:35:08,17.7,82,948.7,52.7,84,5477,2,-1.7,Thunderstorm,1367.0
1989,6,1,2022-11-21 08:55:27,27.6,40,936.5,48.7,171,1728,3,5.6,Clear,2927.0
1990,7,1,2020-12-03 21:28:38,31.2,100,1008.8,15.4,315,8499,4,4.5,Heavy Rain,4332.0
1991,35,4,2018-03-21 22:23:18,25.7,62,918.6,70.6,170,3218,6,10.8,Thunderstorm,3207.0
1992,13,2,2020-06-10 06:35:44,5.9,80,978.6,53.5,31,3340,4,-0.2,Clear,3829.0
1993,60,8,2021-07-22 06:23:06,6.4,85,953.8,66.3,308,5681,6,4.0,Cloudy,3140.0
1994,24,3,2022-08-07 02:20:23,10.0,95,970.6,44.2,253,8573,4,4.4,Rain,2673.0
1995,36,4,2021-05-05 09:58:22,5.9,83,963.1,56.2,161,3235,2,9.2,Clear,2567.0
1996,34,4,2022-06-20 00:16:46,10.8,81,982.4,79.3,138,5792,4,11.0,Heavy Rain,4365.0
1997,38,4,2020-02-18 04:20:40,11.9,86,916.0,59.6,281,5567,7,11.7,Thunderstorm,2015.0
1998,26,3,2020-07-17 10:26:45,23.0,48,1005.4,61.7,84,3801,7,2.2,Clear,2990.0
1999,7,1,2024-11-15 21:06:16,17.2,77,982.5,65.9,289,4424,4,6.5,Fog,3742.0
2000,5,1,2022-01-27 08:31:13,10.5,50,914.1,36.7,26,5551,6,7.2,Clear,3809.0
2001,57,7,2021-08-21 20:37:50,24.5,59,948.1,27.1,303,8652,7,1.9,Rain,3198.0
2002,58,7,2020-05-28 00:18:18,20.9,55,993.4,75.8,178,8236,8,8.9,Clear,1296.0
2003,49,6,2018-06-09 02:07:54,33.5,63,984.4,33.4,240,5354,0,14.3,Heavy Rain,2492.0
2004,7,1,2024-09-07 02:34:11,34.8,69,1000.8,54.1,288,2626,0,8.7,Heavy Rain,918.0
2005,17,2,2024-08-27 14:15:22,19.8,96,1010.5,16.2,178,9537,5,5.3,Rain,3234.0
2006,40,5,2020-04-18 03:52:18,6.0,79,973.7,29.3,150,1002,7,9.6,Thunderstorm,3167.0
2007,22,2,2022-01-01 23:15:20,31.2,54,960.7,38.9,221,1740,0,9.1,Heavy Rain,1603.0
2008,2,1,2023-08-25 22:34:36,26.3,90,943.3,63.9,205,8545,5,4.9,Heavy Rain,1851.0
2009,21,2,2022-10-13 19:12:16,10.2,91,958.8,31.2,207,944,3,3.0,Rain,1849.0
2010,14,2,2022-10-22 22:15:23,26.3,93,948.3,65.5,184,2239,5,8.7,Fog,1107.0
2011,16,2,2018-03-03 11:39:29,27.3,84,988.3,42.0,136,7327,7,5.4,Cloudy,3022.0
2012,39,4,2023-09-22 23:06:37,7.3,40,1012.1,37.0,138,5643,1,11.7,Heavy Rain,2612.0
2013,13,2,2023-02-07 00:10:20,5.9,51,936.8,19.5,344,621,2,6.2,Cloudy,4277.0
2014,4,1,2020-10-21 02:27:50,24.9,70,951.6,1.8,220,5878,7,-4.2,Fog,1968.0
2015,44,5,2021-06-06 05:44:30,9.5,76,938.4,39.3,297,1622,2,11.4,Thunderstorm,2323.0
2016,7,1,2021-07-26 14:59:14,17.4,71,959.1,38.1,325,2338,3,14.9,Clear,3697.0
2017,35,4,2023-06-05 13:44:11,24.4,88,993.7,39.0,253,3123,3,12.7,Thunderstorm,3457.0
2018,19,2,2024-10-10 06:25:04,28.7,89,916.7,71.7,120,6962,6,2.9,Thunderstorm,1327.0
2019,27,3,2023-12-31 19:50:50,29.2,88,923.4,16.2,200,6130,5,-4.0,Rain,3017.0
2020,43,5,2024-08-30 18:59:19,14.4,86,997.7,3.3,180,5583,1,-1.9,Heavy Rain,4262.0
2021,20,2,2018-04-06 01:30:05,18.8,98,972.1,56.9,169,8102,7,-1.7,Thunderstorm,1371.0
2022,36,4,2024-02-05 20:01:41,7.0,48,981.9,11.3,57,7714,1,5.5,Thunderstorm,2533.0
2023,18,2,2021-01-03 22:33:50,30.8,60,987.8,53.7,45,2786,3,10.8,Thunderstorm,3540.0
2024,58,7,2021-02-18 14:09:02,23.7,76,947.4,62.3,71,4898,7,2.7,Rain,2157.0
2025,7,1,2020-01-29 09:47:09,23.0,89,957.6,50.5,160,2072,7,13.2,Cloudy,1211.0
2026,57,7,2018-06-19 10:55:51,18.2,71,940.0,26.8,60,9196,1,0.9,Fog,3047.0
2027,61,8,2019-07-05 14:22:35,32.7,92,981.2,33.4,62,4344,6,1.7,Cloudy,4368.0
2028,44,5,2022-10-22 08:53:29,24.8,54,918.4,53.9,359,4131,8,-0.5,Fog,4277.0
2029,53,6,2020-05-09 20:21:53,20.9,56,948.5,45.9,36,9759,3,1.2,Rain,4369.0
2030,25,3,2020-04-08 08:55:38,22.7,92,931.6,4.7,141,7435,2,3.1,Clear,4152.0
2031,31,3,2019-07-27 00:19:43,16.8,98,920.3,38.4,137,7894,1,-1.5,Thunderstorm,3193.0
2032,32,3,2018-11-04 02:45:57,34.8,63,904.7,27.2,242,2690,7,12.3,Thunderstorm,1030.0
2033,54,6,2024-12-15 08:55:10,28.8,86,903.3,46.3,243,8148,5,-2.0,Rain,1958.0
2034,14,2,2020-08-06 05:21:21,12.5,68,959.2,35.2,42,2645,1,-4.7,Thunderstorm,2805.0
2035,58,7,2023-01-08 09:19:00,27.6,97,926.0,67.5,50,8019,8,10.1,Thunderstorm,4152.0
2036,43,5,2024-12-22 19:28:59,34.3,86,927.3,24.3,183,5833,0,11.7,Rain,944.0
2037,6,1,2020-11-10 13:22:36,31.7,80,1007.8,54.9,233,4444,6,14.6,Thunderstorm,2425.0
2038,28,3,2021-10-27 04:55:10,7.4,70,971.7,48.5,335,299,0,12.5,Heavy Rain,1650.0
2039,6,1,2020-03-18 02:10:45,18.8,93,995.1,32.3,252,3156,1,10.2,Fog,3368.0
2040,10,1,2018-11-17 02:57:43,7.8,99,955.2,7.7,215,9382,6,3.4,Heavy Rain,2155.0
2041,47,6,2023-10-28 08:53:01,23.0,90,946.3,38.9,57,3073,7,7.2,Cloudy,2659.0
2042,23,3,2020-02-05 23:06:13,9.0,49,912.1,55.3,190,1337,2,0.8,Heavy Rain,4022.0
2043,11,1,2023-02-15 15:04:18,10.6,43,971.6,37.6,177,2656,8,13.6,Clear,3904.0
2044,11,1,2020-10-07 23:49:28,22.6,81,945.5,24.2,241,4258,8,1.2,Thunderstorm,3883.0
2045,49,6,2023-06-26 00:28:10,26.7,40,1008.3,36.3,175,5085,6,3.6,Clear,3935.0
2046,18,2,2023-06-23 03:44:19,27.5,84,935.6,73.0,255,2616,4,13.4,Heavy Rain,1035.0
2047,58,7,2019-10-09 21:53:45,31.6,73,955.6,32.9,74,9647,7,14.1,Rain,2464.0
2048,22,2,2024-11-29 17:03:34,25.2,58,970.2,2.3,329,8682,7,-0.0,Fog,3189.0
2049,4,1,2023-09-19 20:11:02,33.6,75,926.8,59.6,38,3052,5,10.7,Fog,1821.0
2050,14,2,2022-05-29 06:02:00,33.0,73,974.1,64.8,21,3300,3,6.4,Fog,1099.0
2051,42,5,2019-05-22 07:48:52,11.5,64,997.0,35.7,8,6550,0,11.0,Clear,2582.0
2052,47,6,2023-07-21 15:30:26,29.6,86,979.5,73.4,63,751,8,11.3,Rain,4433.0
2053,23,3,2020-03-26 15:37:06,20.3,75,945.9,36.1,128,5913,3,-4.3,Rain,2289.0
2054,23,3,2018-01-02 00:23:11,13.1,55,938.7,38.9,151,652,3,13.4,Rain,2343.0
2055,59,8,2024-08-14 09:22:11,18.3,79,919.9,34.6,79,1375,4,3.1,Cloudy,1920.0
2056,47,6,2018-02-24 23:00:25,28.4,92,956.5,1.2,54,8643,6,0.9,Thunderstorm,1998.0
2057,31,3,2020-04-12 01:28:13,13.9,71,1010.3,1.4,114,2258,7,2.3,Cloudy,1787.0
2058,18,2,2022-08-15 16:45:56,26.0,52,917.3,45.3,350,1221,2,8.6,Rain,1810.0
2059,33,4,2019-02-28 05:20:28,21.5,76,980.6,0.9,97,1265,3,3.6,Fog,2951.0
2060,34,4,2022-06-17 22:11:44,12.4,93,937.3,51.5,262,1519,2,-0.1,Cloudy,3640.0
2061,33,4,2023-09-01 20:51:34,6.7,100,951.6,14.7,189,2404,0,7.4,Cloudy,2448.0
2062,23,3,2020-11-13 04:03:47,11.9,79,933.4,74.0,258,6367,3,10.1,Fog,4067.0
2063,55,7,2020-02-07 09:10:21,7.2,60,982.0,7.2,167,7001,3,14.1,Fog,1835.0
2064,2,1,2023-04-22 20:35:48,25.2,75,968.7,77.2,108,7995,3,13.9,Rain,4306.0
2065,1,1,2020-01-22 06:50:10,5.0,67,905.9,55.5,334,163,3,4.6,Thunderstorm,2435.0
2066,13,2,2023-04-21 17:38:25,25.5,100,971.9,21.3,294,9527,8,8.8,Heavy Rain,2753.0
2067,47,6,2020-10-15 07:19:22,5.9,48,902.0,65.7,61,9996,0,4.1,Thunderstorm,4436.0
2068,21,2,2022-08-20 06:53:43,13.3,73,945.4,50.8,238,9417,6,9.6,Cloudy,3126.0
2069,54,6,2018-06-06 19:45:03,11.1,85,942.3,65.8,81,7346,7,11.4,Fog,3314.0
2070,5,1,2022-09-29 23:09:44,13.2,45,949.0,11.3,74,1689,8,14.8,Heavy Rain,2373.0
2071,7,1,2023-07-05 01:53:12,19.1,47,918.6,34.6,320,4829,7,8.4,Thunderstorm,2570.0
2072,35,4,2023-10-14 10:28:12,11.2,44,995.9,46.4,220,3589,1,3.7,Heavy Rain,1577.0
2073,13,2,2024-06-03 02:11:47,18.5,88,941.9,20.7,82,7909,4,4.5,Rain,4359.0
2074,54,6,2024-10-16 14:33:40,24.3,77,1004.3,11.9,51,5256,1,8.3,Thunderstorm,2603.0
2075,57,7,2021-06-03 10:46:43,31.2,47,905.5,40.5,352,2476,7,7.9,Rain,2740.0
2076,20,2,2023-03-06 02:35:16,8.8,81,984.5,70.5,261,5810,4,13.8,Rain,1141.0
2077,30,3,2023-05-31 00:52:17,33.9,65,993.8,43.0,288,2925,6,12.6,Heavy Rain,1169.0
2078,14,2,2024-09-26 21:29:01,9.7,92,986.6,55.2,136,3652,2,-1.4,Clear,1194.0
2079,13,2,2023-06-10 03:54:23,14.9,43,941.3,40.1,333,8691,1,11.1,Heavy Rain,2007.0
2080,11,1,2021-10-15 09:17:38,10.0,85,917.1,23.0,281,5610,3,5.8,Fog,3796.0
2081,3,1,2022-08-31 20:59:00,30.9,90,943.2,19.2,46,1840,1,6.0,Cloudy,2747.0
2082,26,3,2022-03-12 23:33:53,27.2,90,973.3,39.8,58,1085,1,-1.7,Thunderstorm,4245.0
2083,62,8,2024-03-28 10:01:06,12.1,85,1008.5,72.8,237,9501,7,4.5,Clear,1268.0
2084,53,6,2024-07-14 21:18:10,32.6,56,970.5,18.3,17,5259,5,7.0,Fog,2096.0
2085,35,4,2020-03-30 23:19:07,15.3,57,993.7,68.1,50,912,0,6.3,Fog,3405.0
2086,22,2,2021-09-10 09:47:15,20.7,69,912.1,36.3,169,1868,5,10.1,Clear,1132.0
2087,61,8,2019-06-08 21:51:10,24.0,100,911.3,66.4,95,7451,4,-1.3,Fog,935.0
2088,53,6,2019-01-06 12:44:39,32.7,95,987.7,0.2,359,8001,5,12.8,Rain,1236.0
2089,28,3,2021-09-17 22:13:12,21.3,81,966.0,62.9,159,4285,0,8.8,Thunderstorm,2281.0
2090,9,1,2024-07-29 11:54:30,14.1,71,932.6,30.9,234,5379,1,11.5,Fog,4223.0
2091,23,3,2021-06-22 09:22:59,16.2,54,930.7,68.5,154,6534,3,7.8,Clear,2578.0
2092,27,3,2020-08-05 02:53:54,31.7,60,902.0,17.3,303,1587,8,2.1,Clear,4212.0
2093,9,1,2022-06-14 15:20:22,29.2,79,1011.4,21.0,41,2813,7,4.1,Thunderstorm,4138.0
2094,5,1,2022-10-12 18:04:54,27.6,94,1012.0,39.0,56,5070,7,-3.8,Rain,4457.0
2095,45,5,2021-03-18 01:04:10,6.5,91,969.8,12.3,61,6668,1,2.5,Clear,4100.0
2096,45,5,2024-06-08 15:57:10,24.0,99,995.8,10.5,231,6213,7,10.3,Thunderstorm,1662.0
2097,42,5,2023-07-28 16:03:50,10.1,76,954.1,24.4,277,2718,7,12.3,Cloudy,4260.0
2098,57,7,2020-08-14 02:00:05,30.3,63,974.1,41.6,111,3419,1,-4.7,Rain,1091.0
2099,3,1,2021-08-08 10:27:01,19.4,89,937.1,68.4,46,9948,3,-3.6,Rain,987.0
2100,60,8,2020-04-17 13:02:03,13.3,55,917.3,41.6,231,8734,2,1.7,Rain,4498.0
2101,10,1,2018-12-01 15:41:03,18.1,89,936.9,79.4,217,9353,8,-2.8,Cloudy,3144.0
2102,2,1,2023-04-01 04:39:23,5.2,70,1006.6,66.7,169,7655,8,13.2,Thunderstorm,2569.0
2103,22,2,2022-11-13 00:43:08,31.5,83,983.7,52.2,250,6970,6,6.7,Fog,2235.0
2104,38,4,2019-01-06 10:48:55,25.1,93,974.5,4.0,82,7391,1,-2.6,Clear,2744.0
2105,39,4,2021-01-02 03:09:44,32.9,99,1006.6,35.7,40,6865,0,-4.9,Cloudy,4187.0
2106,8,1,2018-09-04 23:07:38,33.0,57,999.7,23.5,38,5292,3,8.2,Thunderstorm,1198.0
2107,13,2,2018-09-21 01:02:11,29.8,76,940.5,51.4,151,4537,2,8.2,Rain,2411.0
2108,27,3,2021-05-09 07:34:02,14.0,56,920.7,22.8,139,9585,1,-2.0,Rain,2401.0
2109,31,3,2018-09-05 09:15:27,17.8,82,914.0,24.5,216,9895,3,8.3,Fog,1110.0
2110,37,4,2023-06-09 02:34:32,11.4,82,987.5,26.2,143,957,8,3.1,Fog,3713.0
2111,41,5,2019-04-18 00:15:37,12.6,45,956.9,25.4,106,6026,4,12.8,Clear,1111.0
2112,28,3,2024-06-26 16:50:20,24.2,52,954.2,37.1,294,991,6,1.0,Fog,1502.0
2113,58,7,2020-01-31 11:15:21,17.9,91,956.7,73.8,166,1591,3,12.5,Clear,2493.0
2114,4,1,2020-03-09 12:47:45,12.1,98,982.4,35.7,351,2068,5,-4.8,Heavy Rain,4094.0
2115,44,5,2021-11-26 07:37:29,17.0,69,997.0,41.7,133,9171,3,8.1,Cloudy,2179.0
2116,30,3,2020-08-15 03:30:37,27.6,69,924.6,49.9,106,3829,7,2.7,Thunderstorm,4153.0
2117,40,5,2023-01-14 09:32:09,20.6,42,981.5,51.8,334,5623,7,2.5,Thunderstorm,2585.0
2118,34,4,2023-05-30 13:47:36,34.7,95,982.5,0.8,7,9517,2,7.6,Rain,4283.0
2119,49,6,2024-10-22 06:37:48,30.4,88,941.1,59.3,17,8975,3,0.6,Thunderstorm,3950.0
2120,10,1,2019-09-24 22:02:44,14.1,99,1004.1,61.1,293,7922,4,0.5,Fog,1546.0
2121,51,6,2021-12-04 03:20:22,6.7,77,954.6,60.2,254,2977,6,6.5,Thunderstorm,2815.0
2122,5,1,2018-05-17 05:51:59,6.1,46,948.7,42.5,9,3547,1,-0.3,Heavy Rain,3834.0
2123,9,1,2022-10-30 21:41:54,15.8,68,987.8,69.9,206,1041,2,-4.0,Heavy Rain,2628.0
2124,8,1,2023-09-03 08:40:25,15.8,52,988.3,66.2,199,646,3,-1.7,Thunderstorm,2265.0
2125,40,5,2023-04-20 20:35:22,19.6,86,992.8,48.2,71,601,3,12.9,Cloudy,2181.0
2126,57,7,2019-05-14 20:07:16,9.7,56,972.0,26.4,49,5823,3,14.4,Clear,4370.0
2127,53,6,2021-07-19 14:44:48,20.7,66,1001.5,24.8,38,3178,3,-3.9,Thunderstorm,1729.0
2128,60,8,2020-04-13 17:41:29,34.4,88,1002.8,74.4,45,2420,3,3.9,Rain,1456.0
2129,57,7,2024-01-23 01:46:19,7.7,77,941.9,3.7,179,5665,4,2.4,Heavy Rain,3250.0
2130,29,3,2021-02-03 18:55:36,32.2,67,1012.9,15.2,350,1217,3,6.1,Rain,3981.0
2131,34,4,2018-08-11 15:01:08,11.6,54,971.8,68.2,346,3289,5,8.0,Fog,3063.0
2132,4,1,2021-08-26 17:24:14,23.8,57,968.8,54.6,29,2110,6,10.3,Fog,1659.0
2133,40,5,2023-11-28 02:29:51,13.3,90,937.6,57.5,233,2736,8,2.5,Thunderstorm,2232.0
2134,12,1,2019-01-31 13:25:14,14.5,76,973.0,5.0,103,6204,8,4.9,Fog,1072.0
2135,15,2,2023-08-28 13:52:09,5.4,57,914.5,41.2,48,4083,7,10.7,Heavy Rain,1107.0
2136,9,1,2022-04-04 13:06:59,7.4,76,963.0,2.2,229,7078,1,9.7,Cloudy,3694.0
2137,49,6,2022-12-10 16:11:33,34.3,91,994.3,78.2,18,8373,6,11.0,Cloudy,3146.0
2138,15,2,2022-07-04 07:37:35,26.8,88,940.1,74.8,39,9522,1,-4.6,Cloudy,2687.0
2139,33,4,2020-01-18 23:27:35,16.3,53,1001.7,72.7,141,7864,1,3.7,Rain,3259.0
2140,21,2,2024-05-31 18:58:47,7.9,46,958.5,1.0,282,5894,6,2.6,Rain,1655.0
2141,1,1,2024-01-14 11:00:47,21.9,68,946.7,41.3,21,1682,6,10.4,Rain,2221.0
2142,45,5,2023-02-10 09:04:35,31.7,84,980.0,60.5,115,3820,7,11.1,Cloudy,2518.0
2143,33,4,2018-07-16 04:24:56,6.0,78,974.7,64.3,336,4705,8,8.6,Rain,4364.0
2144,18,2,2024-01-29 14:42:19,11.2,77,901.7,78.2,230,9885,4,-2.1,Heavy Rain,1257.0
2145,25,3,2018-08-27 20:05:21,30.9,87,1008.1,48.4,183,649,6,-3.0,Cloudy,1497.0
2146,22,2,2020-03-13 08:12:32,15.5,84,1004.8,39.9,140,2420,5,-0.2,Rain,1966.0
2147,43,5,2022-03-08 12:20:04,20.8,69,917.4,31.8,221,4706,5,4.6,Cloudy,1055.0
2148,24,3,2019-01-08 10:39:40,32.6,64,1005.4,75.2,299,4760,0,-2.2,Heavy Rain,1903.0
2149,7,1,2018-01-23 17:25:40,7.9,50,948.2,23.9,168,6460,2,-3.2,Heavy Rain,3328.0
2150,59,8,2023-07-29 13:05:47,9.8,94,996.9,37.6,220,4957,8,5.1,Cloudy,2667.0
2151,41,5,2021-04-03 08:17:54,14.3,99,948.9,58.0,170,6565,8,-2.4,Cloudy,2214.0
2152,1,1,2019-04-22 07:40:40,20.9,94,991.9,73.7,142,4726,4,-2.8,Rain,1846.0
2153,44,5,2022-12-09 14:15:09,32.4,76,979.3,13.6,29,4639,2,7.5,Heavy Rain,1620.0
2154,46,5,2018-03-02 14:45:01,11.9,44,957.1,15.2,239,9414,0,13.7,Cloudy,3845.0
2155,19,2,2021-06-07 10:58:18,21.8,43,916.1,79.8,64,7978,2,9.9,Rain,936.0
2156,54,6,2021-10-15 18:07:43,20.2,74,984.6,75.0,16,2622,7,2.8,Heavy Rain,2746.0
2157,61,8,2019-05-09 11:33:41,34.1,75,979.2,44.8,129,9714,1,-1.3,Fog,1676.0
2158,13,2,2018-04-03 22:46:28,8.9,97,1011.3,70.4,207,2674,1,7.6,Heavy Rain,3074.0
2159,1,1,2024-07-04 01:15:00,8.7,45,933.6,62.6,33,8220,8,6.7,Clear,3251.0
2160,45,5,2023-07-26 13:36:14,5.1,71,903.7,74.3,321,5455,2,-2.8,Heavy Rain,1373.0
2161,17,2,2021-07-23 05:44:53,21.9,63,1000.1,61.8,80,1909,1,0.2,Cloudy,3836.0
2162,7,1,2019-08-11 18:14:10,10.8,81,996.5,58.8,36,4466,5,-1.4,Fog,2659.0
2163,62,8,2024-06-23 23:32:42,14.5,52,984.2,40.4,313,1407,4,6.0,Heavy Rain,1847.0
2164,29,3,2020-12-15 23:16:31,15.9,60,910.2,21.2,250,3676,5,6.9,Cloudy,1809.0
2165,19,2,2023-02-08 17:26:53,21.6,56,933.0,17.6,144,3095,4,-2.4,Cloudy,2113.0
2166,40,5,2019-05-14 23:58:56,32.5,48,995.6,55.2,254,6663,4,0.6,Heavy Rain,2237.0
2167,56,7,2024-11-14 17:18:12,17.8,79,996.8,10.9,329,9917,4,10.5,Clear,4091.0
2168,23,3,2024-08-21 02:00:24,16.0,56,900.1,65.6,248,5085,7,-4.7,Fog,3789.0
2169,46,5,2019-05-06 00:47:11,9.1,54,920.4,18.1,351,9694,0,6.2,Fog,2987.0
2170,39,4,2024-12-20 00:46:23,13.7,52,989.2,26.5,258,1507,1,-1.3,Clear,2066.0
2171,57,7,2018-04-27 09:47:31,18.4,58,945.0,34.9,179,1088,1,-4.1,Clear,3744.0
2172,54,6,2024-02-29 00:21:33,12.7,82,930.6,37.8,154,4181,6,-4.3,Fog,1177.0
2173,23,3,2020-12-20 01:55:32,26.8,65,1009.7,21.7,337,7919,4,11.8,Heavy Rain,938.0
2174,23,3,2020-08-29 20:12:11,5.8,51,914.3,24.4,37,9232,6,-4.7,Cloudy,1962.0
2175,16,2,2019-05-26 18:33:05,19.5,74,921.7,30.1,206,999,5,10.9,Cloudy,4172.0
2176,35,4,2022-09-04 15:14:08,10.7,74,981.9,7.9,239,9011,8,0.5,Clear,3874.0
2177,2,1,2019-04-02 02:41:58,16.5,65,967.6,32.4,232,765,8,-3.4,Rain,1023.0
2178,9,1,2018-02-26 17:00:39,30.0,99,1009.2,39.3,12,7214,0,2.1,Cloudy,2455.0
2179,41,5,2021-11-06 13:39:43,17.3,70,918.8,52.8,202,2320,0,-1.1,Thunderstorm,1336.0
2180,57,7,2020-05-12 23:16:55,11.2,89,1001.8,43.2,346,4121,0,0.3,Rain,4302.0
2181,7,1,2018-07-19 14:58:41,20.9,80,1011.2,44.3,128,4372,0,8.2,Clear,2142.0
2182,27,3,2018-03-08 21:00:02,8.8,88,946.3,30.8,347,4285,7,5.5,Rain,3798.0
2183,6,1,2023-05-23 03:16:12,11.7,45,916.3,69.6,154,5108,5,10.9,Heavy Rain,1535.0
2184,26,3,2020-03-22 07:00:53,16.7,94,927.2,23.8,162,8535,4,11.7,Fog,4480.0
2185,14,2,2021-09-26 00:11:10,25.7,97,1004.2,14.3,85,7312,3,4.8,Clear,1510.0
2186,55,7,2020-10-11 20:11:31,26.0,66,902.2,70.5,235,3741,6,-4.5,Rain,2695.0
2187,46,5,2020-11-16 04:01:30,29.2,79,914.9,8.3,178,9071,6,-4.3,Rain,3452.0
2188,10,1,2021-12-22 11:42:59,21.8,66,905.2,3.3,329,7806,2,-0.1,Heavy Rain,4433.0
2189,6,1,2021-07-01 19:28:34,8.6,66,1010.5,9.4,59,6192,2,2.0,Thunderstorm,3130.0
2190,19,2,2018-10-18 04:13:37,32.9,48,988.4,66.2,46,6018,7,-2.3,Heavy Rain,2223.0
2191,19,2,2019-11-12 09:34:05,11.6,80,993.2,57.3,222,5048,3,8.4,Rain,2316.0
2192,17,2,2023-11-22 10:23:08,15.5,46,920.3,40.3,71,4437,1,-2.6,Heavy Rain,1993.0
2193,18,2,2022-11-28 15:58:47,33.9,94,984.9,72.8,17,6543,4,4.2,Thunderstorm,1766.0
2194,29,3,2024-01-12 04:50:06,11.7,52,951.5,11.2,118,1540,6,-4.4,Cloudy,2253.0
2195,24,3,2019-10-26 11:20:26,15.8,57,990.0,15.5,44,6270,1,-2.2,Heavy Rain,4441.0
2196,50,6,2022-07-17 06:32:10,22.8,53,1003.7,68.6,207,2264,0,13.4,Cloudy,1975.0
2197,13,2,2024-01-04 17:37:58,31.5,47,976.9,45.5,164,3182,3,13.3,Rain,1426.0
2198,37,4,2022-02-28 02:50:57,24.8,77,995.3,11.0,181,6913,5,8.1,Heavy Rain,3939.0
2199,44,5,2019-03-07 08:30:48,18.6,51,926.6,36.0,355,5763,4,12.7,Fog,3586.0
2200,60,8,2018-01-11 06:51:23,33.8,52,983.7,44.6,180,5072,5,2.8,Cloudy,3635.0
2201,25,3,2019-10-02 18:14:23,34.1,43,967.4,66.5,336,9943,0,11.5,Cloudy,4358.0
2202,5,1,2019-04-02 09:21:00,30.5,79,985.5,72.2,328,8852,5,12.0,Cloudy,3458.0
2203,14,2,2023-01-18 02:36:58,25.2,64,982.0,42.1,75,6959,5,3.4,Heavy Rain,4420.0
2204,42,5,2020-03-27 13:46:12,19.1,84,989.7,28.6,346,8093,3,6.6,Fog,3821.0
2205,2,1,2022-04-16 14:46:35,22.6,45,947.7,18.5,116,5385,1,0.9,Clear,1783.0
2206,61,8,2022-06-20 19:11:29,20.8,78,935.0,29.2,318,899,7,2.1,Heavy Rain,2717.0
2207,24,3,2018-02-11 09:54:23,22.6,61,905.0,48.0,282,8046,2,1.1,Clear,1416.0
2208,59,8,2019-03-03 07:31:37,8.9,97,903.6,8.5,313,1165,8,2.9,Heavy Rain,1895.0
2209,22,2,2021-06-27 13:05:19,34.8,92,942.2,30.9,132,6581,5,-3.4,Thunderstorm,4145.0
2210,20,2,2023-09-09 16:59:36,11.1,65,975.9,60.1,126,7931,1,-2.8,Rain,2402.0
2211,3,1,2021-01-14 12:17:09,23.1,92,939.6,10.9,189,9104,4,15.0,Clear,4261.0
2212,40,5,2018-09-22 21:13:17,5.6,46,937.5,0.1,62,729,6,3.6,Clear,2589.0
2213,56,7,2024-04-28 22:22:12,26.9,93,946.9,4.0,158,8991,2,4.1,Heavy Rain,2044.0
2214,50,6,2020-11-17 02:37:09,19.5,100,999.8,4.1,214,5222,5,12.9,Fog,1657.0
2215,53,6,2020-09-01 23:30:36,9.2,96,967.3,65.9,301,7625,5,2.7,Rain,1880.0
2216,55,7,2021-12-29 19:34:01,20.7,43,950.6,73.2,110,4839,7,1.8,Cloudy,4262.0
2217,16,2,2024-08-25 22:30:51,27.8,45,924.8,64.8,154,3109,5,2.6,Heavy Rain,2484.0
2218,19,2,2018-08-22 02:20:57,10.3,79,976.2,37.5,29,3576,7,-3.3,Heavy Rain,2001.0
2219,21,2,2023-03-25 10:08:35,6.5,59,975.7,59.2,168,7665,0,8.8,Heavy Rain,1167.0
2220,12,1,2024-10-18 10:00:34,11.4,71,933.8,5.7,344,8068,2,-3.0,Heavy Rain,4422.0
2221,29,3,2018-12-19 09:18:52,31.0,66,922.3,36.2,208,3056,4,4.2,Cloudy,3448.0
2222,18,2,2023-05-30 10:53:14,11.1,87,911.5,47.0,119,4924,4,0.5,Heavy Rain,3371.0
2223,46,5,2018-12-11 20:22:54,14.2,41,1002.0,68.2,199,387,5,6.9,Rain,1912.0
2224,54,6,2020-10-26 12:39:52,23.5,88,908.3,59.4,32,8421,4,12.0,Cloudy,1310.0
2225,24,3,2022-03-04 19:51:33,29.7,88,918.4,60.9,226,5811,5,13.2,Clear,3069.0
2226,29,3,2019-05-23 00:05:19,30.4,56,909.3,40.3,233,2407,4,7.4,Fog,3947.0
2227,2,1,2023-01-25 09:16:49,31.0,71,910.1,34.4,215,1096,4,-4.2,Thunderstorm,2832.0
2228,59,8,2020-09-01 20:55:57,19.2,57,943.6,12.5,79,2254,6,-3.0,Heavy Rain,2938.0
2229,36,4,2023-01-18 20:14:29,20.8,62,970.4,70.0,99,4978,7,11.9,Heavy Rain,3048.0
2230,47,6,2022-01-29 02:20:45,31.1,72,963.7,51.7,84,5860,6,-0.7,Rain,1969.0
2231,61,8,2024-07-28 03:46:43,8.2,70,997.6,65.8,16,6614,0,6.3,Cloudy,4198.0
2232,44,5,2022-09-12 00:02:56,18.7,68,917.1,16.3,151,585,7,9.9,Fog,2984.0
2233,47,6,2022-07-05 09:37:18,33.0,63,927.7,66.1,289,5638,4,13.8,Rain,2844.0
2234,51,6,2019-03-06 00:28:42,23.2,91,954.5,35.0,158,3476,7,-2.2,Cloudy,3750.0
2235,18,2,2019-06-27 21:39:42,34.7,75,975.8,60.0,135,2687,5,10.9,Cloudy,1019.0
2236,34,4,2020-04-03 08:59:20,31.7,71,997.6,11.0,174,2008,2,0.8,Fog,4370.0
2237,7,1,2019-08-26 09:03:18,33.9,92,1012.4,68.2,313,6412,1,-2.6,Rain,1145.0
2238,3,1,2020-08-17 19:53:39,23.0,92,903.3,10.0,207,9491,6,3.8,Thunderstorm,1770.0
2239,55,7,2018-12-27 13:05:34,35.0,73,1001.6,40.1,203,2541,3,-2.5,Heavy Rain,3812.0
2240,18,2,2021-01-09 18:41:29,12.5,67,975.1,10.5,61,868,5,7.9,Heavy Rain,2624.0
2241,31,3,2020-01-11 01:00:38,19.5,44,996.7,31.3,280,5711,5,8.0,Clear,3733.0
2242,47,6,2021-06-20 02:59:19,28.3,93,986.7,26.7,280,8377,2,-3.4,Thunderstorm,2751.0
2243,36,4,2022-12-15 08:23:48,6.4,40,949.3,14.9,166,537,8,14.4,Thunderstorm,1866.0
2244,28,3,2018-02-11 03:24:14,27.6,85,939.4,1.0,284,9933,2,14.6,Heavy Rain,2453.0
2245,13,2,2019-11-16 15:59:25,24.2,42,962.9,76.1,23,7809,6,-2.9,Clear,1418.0
2246,39,4,2020-07-20 01:52:18,26.3,62,947.0,64.0,91,5996,8,4.1,Cloudy,3211.0
2247,27,3,2023-04-07 17:42:05,24.1,68,956.9,36.2,70,2794,0,1.6,Thunderstorm,3704.0
2248,58,7,2023-02-03 20:26:26,26.1,42,931.6,49.6,247,814,8,-4.0,Thunderstorm,1626.0
2249,19,2,2024-08-11 07:29:05,26.7,60,942.8,42.9,131,5960,0,4.4,Clear,2266.0
2250,62,8,2018-05-18 14:18:35,21.5,75,918.7,61.3,25,1456,7,12.6,Rain,1809.0
2251,19,2,2023-06-17 18:34:25,31.3,94,918.9,63.8,112,1435,6,6.6,Cloudy,1699.0
2252,26,3,2018-04-08 22:46:49,8.0,45,985.3,31.7,63,7526,0,-0.9,Thunderstorm,3293.0
2253,59,8,2024-06-22 13:11:25,7.3,77,903.0,21.7,168,4433,6,11.8,Thunderstorm,2495.0
2254,61,8,2023-06-23 06:56:53,27.7,86,973.1,9.8,284,840,5,-4.8,Rain,2413.0
2255,14,2,2023-06-09 00:19:20,26.7,48,994.1,31.4,302,6120,0,-4.7,Thunderstorm,3624.0
2256,53,6,2019-09-29 22:31:13,34.9,57,996.2,1.5,152,5679,4,14.5,Clear,2084.0
2257,19,2,2020-09-16 10:49:15,16.9,99,1009.9,57.2,9,2655,1,6.4,Thunderstorm,1698.0
2258,40,5,2018-11-30 10:08:22,32.5,96,981.3,41.3,119,6225,0,9.1,Heavy Rain,4407.0
2259,9,1,2021-11-22 16:49:54,6.2,77,966.9,60.7,199,2221,4,-0.5,Clear,2215.0
2260,47,6,2024-11-20 06:31:28,29.6,47,934.9,54.2,298,6374,8,4.2,Cloudy,3133.0
2261,15,2,2018-07-10 22:16:14,30.3,63,979.4,30.2,21,8708,6,12.2,Thunderstorm,2662.0
2262,55,7,2024-06-18 05:42:13,23.6,44,914.8,65.6,181,3704,6,12.1,Clear,3562.0
2263,53,6,2022-02-22 02:04:50,5.9,50,995.4,1.7,335,2056,5,10.8,Clear,2134.0
2264,56,7,2023-06-14 05:18:52,29.0,86,991.2,44.2,314,2538,2,3.5,Clear,3973.0
2265,30,3,2023-02-11 01:03:15,8.8,78,968.3,60.1,53,4676,8,-0.1,Clear,1645.0
2266,47,6,2022-07-09 03:31:21,26.3,98,974.4,41.6,43,9960,7,6.6,Thunderstorm,1364.0
2267,30,3,2021-04-12 13:30:52,7.2,54,902.7,71.9,277,6861,5,14.5,Cloudy,1179.0
2268,56,7,2020-09-09 01:05:54,15.9,50,930.8,76.7,273,4257,4,8.1,Heavy Rain,1152.0
2269,37,4,2020-07-16 02:26:59,7.9,83,924.7,38.7,308,6390,6,14.7,Heavy Rain,4111.0
2270,25,3,2020-08-26 02:05:54,7.4,44,992.3,2.0,269,3728,2,3.7,Clear,2519.0
2271,40,5,2020-04-25 01:21:43,10.2,79,912.8,46.0,46,936,4,-3.1,Thunderstorm,3529.0
2272,50,6,2023-07-16 11:20:25,11.7,46,956.6,40.2,214,8010,4,4.6,Thunderstorm,3685.0
2273,62,8,2024-04-24 07:14:50,9.6,49,938.5,33.6,14,7424,3,8.6,Heavy Rain,4349.0
2274,12,1,2020-08-05 00:47:59,19.6,42,965.5,28.7,263,9159,6,2.3,Heavy Rain,1421.0
2275,3,1,2023-08-29 02:44:09,9.2,63,928.4,29.4,289,808,3,1.9,Thunderstorm,1268.0
2276,1,1,2023-04-16 01:41:11,9.7,78,931.7,25.8,75,3265,1,-3.9,Cloudy,2219.0
2277,46,5,2021-07-07 20:36:01,26.9,72,958.5,64.2,341,3089,8,-3.7,Rain,1362.0
2278,36,4,2024-02-29 00:10:50,9.0,56,926.5,37.3,68,9225,6,8.3,Cloudy,1795.0
2279,38,4,2019-03-09 07:44:02,17.3,81,988.1,47.4,127,9324,2,-4.1,Thunderstorm,1220.0
2280,11,1,2019-07-12 03:15:20,18.6,47,975.5,9.2,201,1719,6,13.8,Thunderstorm,3558.0
2281,13,2,2024-02-26 09:33:31,30.5,100,979.2,74.5,153,3371,2,11.3,Heavy Rain,2742.0
2282,30,3,2019-05-20 10:23:31,21.7,49,1010.6,18.8,219,5810,8,12.2,Rain,3919.0
2283,41,5,2020-09-14 01:07:30,17.6,57,942.3,24.4,331,5857,2,6.0,Clear,4032.0
2284,53,6,2020-05-24 11:44:01,11.0,51,963.8,11.9,15,5097,0,-1.3,Fog,1601.0
2285,44,5,2022-07-24 05:29:33,9.7,45,948.5,10.1,129,727,7,13.9,Fog,980.0
2286,53,6,2020-12-16 20:32:33,30.0,87,985.6,41.7,116,6120,5,3.9,Cloudy,1019.0
2287,13,2,2020-03-29 01:31:56,32.6,78,930.2,7.1,321,4149,0,8.5,Thunderstorm,938.0
2288,60,8,2018-12-07 16:27:14,23.5,85,906.0,46.7,338,5863,5,-0.2,Rain,1137.0
2289,10,1,2022-01-27 19:28:02,6.5,52,900.6,8.0,79,4777,5,10.7,Heavy Rain,4383.0
2290,14,2,2022-06-08 12:09:31,9.5,78,982.1,63.1,308,2558,7,12.1,Fog,2662.0
2291,8,1,2024-08-24 04:13:03,10.7,98,999.1,72.6,39,9831,1,5.1,Cloudy,1729.0
2292,46,5,2019-09-30 23:31:25,31.1,46,909.6,38.9,33,4761,4,1.2,Cloudy,1694.0
2293,55,7,2021-06-06 22:27:23,23.9,100,935.1,64.6,34,7901,7,3.9,Cloudy,1749.0
2294,59,8,2021-12-23 04:25:46,11.6,43,909.4,68.6,44,7022,1,2.4,Thunderstorm,1902.0
2295,27,3,2018-05-13 13:45:39,19.0,48,912.9,60.5,51,7938,3,12.4,Thunderstorm,2789.0
2296,31,3,2018-10-16 19:22:38,6.2,99,973.9,41.6,229,7107,1,-1.5,Fog,1853.0
2297,12,1,2018-12-09 00:10:04,14.9,70,970.2,70.0,54,1974,6,-2.3,Clear,3167.0
2298,6,1,2024-03-12 07:58:21,15.8,49,965.9,21.8,63,9003,1,-2.4,Rain,1708.0
2299,51,6,2020-09-20 03:37:31,5.8,57,965.3,60.6,214,6455,8,14.6,Heavy Rain,3645.0
2300,33,4,2019-02-27 11:48:33,33.7,61,904.3,70.6,129,9010,0,-0.5,Heavy Rain,1988.0
2301,44,5,2018-01-27 03:04:57,20.4,81,941.1,23.8,25,8416,7,13.7,Clear,1784.0
2302,23,3,2022-04-30 15:59:38,25.6,46,990.6,67.3,99,9929,7,6.7,Fog,2131.0
2303,45,5,2023-02-21 09:06:28,6.8,72,998.4,24.0,313,115,7,3.2,Cloudy,3731.0
2304,35,4,2020-05-23 05:08:02,22.3,52,967.0,47.9,339,1625,4,1.3,Clear,1003.0
2305,49,6,2020-08-03 09:46:44,5.2,55,981.1,48.5,52,5714,2,-1.0,Rain,1634.0
2306,7,1,2018-07-23 11:51:42,33.6,90,917.9,5.5,1,3694,2,7.4,Heavy Rain,1820.0
2307,31,3,2023-06-21 08:21:42,19.3,96,933.9,17.1,102,9926,2,1.0,Fog,2139.0
2308,39,4,2019-08-30 07:25:22,29.2,78,979.7,6.4,89,3468,7,-3.6,Heavy Rain,1952.0
2309,39,4,2023-10-20 18:08:54,27.7,91,962.6,34.7,178,565,8,0.1,Clear,2537.0
2310,52,6,2020-05-19 23:43:38,10.5,83,944.9,68.3,205,5837,6,0.7,Heavy Rain,2667.0
2311,60,8,2024-08-09 10:05:48,13.0,43,968.9,30.6,317,6874,3,6.5,Cloudy,4319.0
2312,54,6,2022-07-22 03:00:01,10.1,77,968.1,17.4,182,834,2,13.3,Clear,3747.0
2313,55,7,2021-10-24 00:01:20,16.2,95,1008.1,40.4,328,8533,2,13.7,Cloudy,1184.0
2314,46,5,2021-12-29 22:49:23,15.0,78,931.7,19.8,297,7270,0,12.3,Fog,1283.0
2315,61,8,2019-02-26 16:44:56,30.7,62,923.8,17.9,123,1058,4,13.0,Rain,2510.0
2316,40,5,2019-08-08 21:40:14,6.1,76,1000.4,51.5,91,7759,1,3.1,Fog,2420.0
2317,31,3,2024-01-17 08:10:09,14.5,93,922.6,52.3,57,9946,4,3.5,Thunderstorm,3811.0
2318,21,2,2022-01-08 15:06:14,16.2,67,951.3,77.6,86,3211,4,-0.3,Cloudy,1734.0
2319,45,5,2022-09-03 07:39:57,25.1,61,957.2,15.7,73,2314,3,11.9,Heavy Rain,3446.0
2320,23,3,2023-05-06 14:34:05,28.7,84,946.2,76.1,20,4458,4,-3.0,Clear,2415.0
2321,26,3,2018-02-13 22:50:58,11.2,44,931.0,0.3,282,4086,3,-1.1,Rain,4475.0
2322,55,7,2021-12-06 13:15:08,10.6,65,921.1,72.1,191,7113,0,1.5,Fog,4336.0
2323,35,4,2018-08-22 07:46:35,12.2,97,1008.8,36.6,200,6185,6,5.5,Clear,3177.0
2324,37,4,2021-11-25 16:46:06,20.2,76,915.6,4.3,208,998,5,4.9,Rain,4190.0
2325,26,3,2020-10-30 01:09:56,5.9,65,971.4,30.0,190,3363,4,3.2,Cloudy,2565.0
2326,25,3,2021-01-23 20:54:00,25.4,53,975.9,43.8,185,5291,6,10.0,Clear,4311.0
2327,22,2,2023-12-11 23:44:47,26.5,52,994.8,37.0,20,9799,4,7.1,Rain,1910.0
2328,35,4,2021-12-22 23:56:13,16.4,56,976.9,3.3,7,4050,7,10.6,Fog,1298.0
2329,41,5,2019-07-28 18:32:14,19.7,77,968.5,10.1,5,5432,4,5.9,Clear,3170.0
2330,27,3,2021-05-25 08:22:47,15.7,77,914.7,73.8,269,1005,7,11.9,Heavy Rain,1479.0
2331,3,1,2024-12-21 23:41:34,27.9,56,966.6,2.7,160,9743,4,3.3,Rain,3372.0
2332,61,8,2021-03-16 14:01:22,10.6,57,907.4,59.1,155,1634,8,9.8,Clear,1663.0
2333,20,2,2022-01-23 12:19:40,19.2,94,927.9,75.9,128,7116,4,-4.6,Fog,1844.0
2334,41,5,2022-02-18 10:43:01,23.7,54,999.5,13.7,271,9256,4,5.7,Thunderstorm,3473.0
2335,10,1,2023-05-13 06:34:48,19.4,88,913.9,31.9,120,7354,6,-3.2,Clear,3518.0
2336,38,4,2023-12-21 04:30:02,18.0,74,955.7,42.3,318,6569,0,14.8,Rain,3080.0
2337,39,4,2022-07-16 22:28:24,17.6,61,993.6,49.6,285,1928,8,1.8,Heavy Rain,1961.0
2338,6,1,2024-12-03 20:31:12,30.5,73,1008.7,8.9,78,5608,5,3.6,Rain,2970.0
2339,21,2,2023-03-22 16:57:33,24.6,61,901.8,43.4,146,1309,2,1.9,Fog,2351.0
2340,19,2,2022-06-15 17:19:46,34.3,72,911.9,5.2,282,3905,5,-2.3,Rain,1805.0
2341,33,4,2019-04-30 00:46:56,13.4,94,929.6,25.7,173,7167,0,-4.5,Fog,3932.0
2342,41,5,2024-12-08 12:31:35,6.8,47,906.3,12.1,291,2904,8,11.4,Clear,2014.0
2343,13,2,2020-11-24 20:38:13,18.2,61,928.3,11.0,110,8260,8,-2.9,Fog,2840.0
2344,39,4,2022-05-29 19:46:19,21.3,65,985.5,1.6,340,9978,1,11.1,Thunderstorm,2883.0
2345,12,1,2024-04-18 00:44:58,14.0,52,914.5,40.4,338,4792,6,3.4,Heavy Rain,1099.0
2346,36,4,2019-01-28 08:02:15,8.7,68,969.1,16.4,52,4481,1,-3.9,Fog,3403.0
2347,11,1,2018-10-03 08:11:37,16.3,43,977.3,2.2,84,8235,7,10.1,Thunderstorm,2108.0
2348,22,2,2024-12-30 12:04:57,18.5,62,986.3,73.9,151,5118,0,-1.9,Clear,967.0
2349,2,1,2020-09-06 11:45:51,9.8,44,920.6,40.9,231,7774,7,6.5,Rain,4327.0
2350,56,7,2023-06-05 10:48:06,32.0,51,923.2,60.4,206,469,2,-1.4,Heavy Rain,1690.0
2351,18,2,2021-05-26 03:25:27,6.6,89,958.8,21.0,355,1428,3,-4.8,Heavy Rain,4466.0
2352,50,6,2022-11-17 15:29:23,13.7,94,981.5,69.6,335,4473,7,13.8,Fog,965.0
2353,53,6,2022-11-16 19:22:17,20.9,68,966.4,69.8,67,2913,2,12.7,Cloudy,1473.0
2354,28,3,2021-04-19 16:12:53,12.1,46,984.6,1.5,47,1708,8,11.4,Rain,3875.0
2355,5,1,2020-04-12 18:50:04,25.5,84,953.9,7.1,243,8725,2,2.0,Thunderstorm,3593.0
2356,6,1,2021-03-10 16:11:16,28.9,93,939.8,44.7,7,1396,0,2.1,Rain,4190.0
2357,45,5,2018-06-18 10:57:49,33.0,59,1009.0,6.9,43,180,8,-3.6,Thunderstorm,2599.0
2358,42,5,2019-08-12 01:20:33,32.6,65,993.6,74.4,207,2304,4,7.5,Clear,1298.0
2359,26,3,2024-07-08 02:35:27,25.1,58,943.3,71.8,189,5541,4,4.9,Heavy Rain,2434.0
2360,4,1,2021-11-08 22:07:12,25.7,92,977.3,46.3,203,3228,5,0.4,Thunderstorm,3821.0
2361,2,1,2019-09-17 06:50:49,6.0,94,1006.5,54.7,284,7554,7,1.6,Cloudy,1875.0
2362,49,6,2022-04-14 03:59:47,12.4,52,970.2,18.1,180,8184,0,-2.3,Thunderstorm,3317.0
2363,30,3,2018-09-10 21:46:15,26.0,43,924.4,25.4,313,6751,4,12.2,Clear,2151.0
2364,48,6,2021-04-15 02:01:57,7.8,93,1004.3,58.5,82,2467,4,12.1,Thunderstorm,1990.0
2365,25,3,2021-05-02 02:59:31,19.2,83,988.9,8.5,224,8725,8,9.7,Rain,1483.0
2366,24,3,2020-10-14 10:38:24,20.1,53,994.1,59.1,224,6871,7,10.3,Heavy Rain,3940.0
2367,55,7,2020-11-28 09:56:35,28.7,91,946.0,43.7,279,8964,1,4.3,Rain,3597.0
2368,41,5,2023-08-26 11:59:50,10.3,81,955.4,12.1,118,4069,3,7.2,Thunderstorm,2018.0
2369,22,2,2020-06-19 01:11:31,14.4,65,928.6,71.5,42,5613,0,7.3,Fog,3012.0
2370,54,6,2022-10-24 14:24:10,29.8,90,944.8,15.3,42,2769,4,7.2,Clear,2823.0
2371,16,2,2022-12-15 22:14:48,21.2,59,1006.6,57.0,114,5408,2,12.0,Clear,1773.0
2372,22,2,2020-06-08 19:37:58,11.6,66,964.6,14.1,151,3449,5,13.6,Heavy Rain,1753.0
2373,41,5,2018-10-22 06:45:03,20.2,97,987.7,60.0,189,193,0,3.3,Heavy Rain,1896.0
2374,29,3,2022-12-23 14:00:24,13.9,69,958.6,32.0,293,5845,6,0.4,Clear,1865.0
2375,24,3,2018-05-30 03:31:44,5.2,75,911.8,78.4,209,2595,6,8.8,Rain,3029.0
2376,31,3,2024-03-07 17:49:05,12.9,40,922.2,79.6,76,8393,7,9.9,Clear,4266.0
2377,40,5,2024-10-10 05:10:14,29.4,80,1006.6,13.8,103,5058,3,-1.5,Clear,1560.0
2378,9,1,2019-09-25 18:51:36,9.0,58,1011.8,65.7,56,8179,4,3.6,Clear,3524.0
2379,1,1,2019-12-05 19:12:07,23.0,100,983.7,10.6,32,369,0,3.3,Rain,3454.0
2380,23,3,2018-11-02 11:09:59,24.7,67,985.7,78.5,54,5374,0,7.6,Heavy Rain,918.0
2381,24,3,2019-03-11 02:50:36,14.4,60,984.0,58.9,67,9002,1,-3.0,Cloudy,2891.0
2382,15,2,2018-11-15 22:34:57,34.3,93,928.9,32.7,334,6216,3,14.7,Clear,2105.0
2383,21,2,2023-05-25 07:13:08,20.0,98,921.2,69.8,55,4449,8,14.8,Clear,2920.0
2384,52,6,2024-08-17 14:06:16,8.9,73,937.2,26.2,205,1468,1,-2.9,Thunderstorm,2928.0
2385,4,1,2024-08-31 06:33:40,25.1,72,989.0,37.5,151,7408,6,-4.9,Heavy Rain,3065.0
2386,11,1,2023-07-22 07:37:36,33.7,75,960.2,63.0,180,1033,7,-0.5,Rain,4269.0
2387,59,8,2024-01-13 04:41:20,25.4,91,908.3,22.8,29,4716,7,13.7,Thunderstorm,3350.0
2388,43,5,2021-01-08 16:09:34,9.9,71,929.5,4.7,344,2529,7,-1.3,Cloudy,2824.0
2389,16,2,2021-12-19 12:14:10,18.9,57,956.5,23.2,101,1206,6,14.7,Cloudy,4390.0
2390,36,4,2024-06-26 17:11:57,32.5,41,929.0,29.5,72,7959,5,14.7,Clear,1368.0
2391,8,1,2019-03-14 21:40:48,24.2,100,937.9,49.9,188,7048,7,3.9,Heavy Rain,917.0
2392,24,3,2021-01-06 23:29:30,13.4,81,933.1,63.2,301,5450,0,1.6,Clear,3187.0
2393,30,3,2024-11-16 17:35:05,13.7,56,923.4,35.3,1,4500,0,-3.8,Heavy Rain,2501.0
2394,3,1,2022-09-21 02:03:08,22.8,66,945.2,49.5,178,9326,4,5.5,Fog,1789.0
2395,44,5,2024-07-28 01:43:05,18.5,84,901.5,45.7,174,1945,1,4.8,Cloudy,3932.0
2396,42,5,2019-12-22 23:27:24,8.0,99,962.5,21.7,1,913,1,-3.1,Clear,1430.0
2397,28,3,2021-11-27 12:20:54,32.3,77,987.1,47.0,126,8568,2,12.8,Rain,1910.0
2398,2,1,2024-06-16 19:07:10,28.0,80,927.0,26.2,54,3417,2,6.7,Fog,3978.0
2399,59,8,2022-11-14 12:03:51,27.8,84,924.4,0.0,99,582,2,12.4,Rain,3463.0
2400,20,2,2020-07-14 04:00:31,23.1,59,935.7,13.4,266,9119,8,5.2,Cloudy,2514.0
2401,62,8,2020-06-01 12:49:24,30.1,81,959.9,25.6,6,2350,1,1.5,Clear,3615.0
2402,41,5,2018-01-07 03:50:14,25.3,66,964.7,24.1,353,8041,8,4.6,Rain,2589.0
2403,49,6,2020-04-03 14:04:14,34.1,49,912.9,16.9,74,2333,7,14.8,Cloudy,4042.0
2404,1,1,2024-08-29 06:04:41,31.8,57,935.2,63.6,231,8506,7,2.2,Rain,1481.0
2405,50,6,2023-03-08 10:16:01,32.2,56,984.2,70.6,258,9461,2,3.4,Fog,2035.0
2406,61,8,2020-11-20 20:02:20,33.9,87,961.7,69.8,326,399,0,0.4,Cloudy,2497.0
2407,4,1,2020-08-12 03:35:25,20.3,82,961.0,63.4,284,9383,8,12.8,Thunderstorm,1106.0
2408,28,3,2022-04-03 03:50:12,33.0,78,968.1,75.9,32,5795,0,3.3,Thunderstorm,2899.0
2409,62,8,2022-06-12 14:35:14,21.2,84,1012.0,35.4,131,5528,8,7.4,Thunderstorm,2006.0
2410,8,1,2024-08-10 06:42:22,12.5,79,1003.6,61.3,229,9082,8,13.6,Thunderstorm,3456.0
2411,58,7,2023-10-08 22:28:20,15.8,53,1010.4,31.6,50,8712,7,9.1,Fog,1761.0
2412,10,1,2024-04-22 05:34:36,33.3,71,918.5,46.4,288,9222,1,-3.9,Rain,3114.0
2413,28,3,2020-12-18 13:32:35,9.8,97,963.6,34.9,350,1792,3,-3.3,Cloudy,2709.0
2414,33,4,2019-12-04 01:09:00,32.1,40,903.1,2.5,216,7168,5,4.0,Heavy Rain,4438.0
2415,29,3,2024-06-20 05:27:56,22.4,59,963.5,32.4,178,9892,8,0.4,Cloudy,2539.0
2416,25,3,2019-11-21 11:44:49,6.4,64,929.2,77.4,97,1768,3,8.5,Thunderstorm,4418.0
2417,57,7,2024-01-28 23:51:54,18.4,85,966.7,2.6,325,8770,8,-0.5,Thunderstorm,1846.0
2418,29,3,2019-04-05 14:37:39,34.2,49,934.1,28.2,28,8515,7,10.3,Cloudy,3950.0
2419,33,4,2018-11-14 23:51:10,34.9,92,971.5,28.8,231,3404,4,-3.5,Heavy Rain,1312.0
2420,26,3,2023-05-22 07:59:04,7.6,78,952.2,8.0,310,9038,6,4.0,Fog,3743.0
2421,17,2,2019-02-13 17:34:56,12.9,93,974.1,39.0,65,9376,3,8.5,Cloudy,1940.0
2422,54,6,2021-01-25 12:54:41,5.4,96,961.9,16.5,222,161,6,14.4,Clear,2415.0
2423,41,5,2023-11-26 20:00:55,5.9,61,982.7,16.5,274,3962,6,-0.2,Clear,3561.0
2424,39,4,2023-10-11 09:06:48,13.9,50,972.5,66.5,151,6728,4,14.2,Rain,1446.0
2425,41,5,2018-03-16 15:47:05,17.0,61,961.5,54.8,224,6889,8,4.4,Rain,4416.0
2426,61,8,2023-02-17 04:31:21,13.8,94,904.6,53.7,119,7322,1,10.5,Fog,1921.0
2427,31,3,2020-05-15 06:53:08,28.9,96,1008.5,20.2,38,4919,0,6.7,Heavy Rain,3285.0
2428,59,8,2019-04-27 03:13:17,5.7,40,971.9,69.3,37,5993,1,6.5,Rain,4173.0
2429,25,3,2023-06-10 22:10:00,11.2,100,977.4,19.6,347,3915,3,9.6,Cloudy,1642.0
2430,36,4,2024-08-24 00:04:48,14.0,43,949.0,38.8,200,1909,0,14.9,Rain,2077.0
2431,23,3,2023-01-05 14:57:26,16.7,58,920.7,6.6,42,8299,8,-0.7,Cloudy,1072.0
2432,33,4,2019-12-30 09:26:32,10.1,75,1006.4,37.3,337,899,5,8.9,Thunderstorm,3283.0
2433,25,3,2022-06-26 14:47:59,17.6,95,957.5,35.4,122,8894,5,-2.0,Rain,2136.0
2434,9,1,2024-01-02 22:26:26,28.3,69,991.9,11.2,311,4900,7,-2.3,Rain,4304.0
2435,14,2,2024-02-15 13:51:01,9.1,70,1008.9,19.8,251,2055,3,-0.5,Thunderstorm,2165.0
2436,27,3,2022-10-15 21:04:09,30.3,56,974.6,26.8,312,2891,1,12.3,Cloudy,3669.0
2437,6,1,2023-10-23 13:04:36,23.5,100,915.8,8.7,2,3999,7,2.2,Clear,2961.0
2438,38,4,2020-03-29 07:29:45,11.1,53,930.7,51.8,148,6174,2,5.5,Fog,2732.0
2439,6,1,2018-04-16 14:53:33,28.3,42,994.4,33.1,125,6056,1,11.8,Cloudy,1200.0
2440,27,3,2024-01-13 11:57:02,21.1,42,992.7,41.4,341,2202,4,1.0,Heavy Rain,975.0
2441,9,1,2024-01-18 00:07:52,14.7,99,915.5,15.8,305,1447,1,12.1,Heavy Rain,2262.0
2442,51,6,2023-09-04 21:16:51,28.9,99,933.7,64.8,114,4116,7,14.9,Fog,2942.0
2443,50,6,2022-01-31 10:08:04,33.7,79,957.4,13.8,116,3947,6,2.9,Heavy Rain,930.0
2444,26,3,2020-10-28 19:41:48,22.3,84,927.6,50.0,85,7215,3,-1.4,Rain,1195.0
2445,12,1,2023-03-29 07:27:01,15.9,53,1001.6,36.5,132,9420,7,4.7,Fog,2348.0
2446,26,3,2022-03-02 16:12:19,22.2,81,950.3,16.4,290,2532,6,4.4,Cloudy,2708.0
2447,10,1,2019-04-03 06:26:22,30.0,46,902.9,12.8,34,9186,7,-1.6,Thunderstorm,1792.0
2448,22,2,2020-01-19 10:07:06,28.1,98,946.7,42.5,130,6709,0,14.9,Thunderstorm,3523.0
2449,7,1,2024-12-14 17:52:10,5.1,93,904.6,79.0,115,685,7,5.6,Rain,1644.0
2450,23,3,2021-03-02 03:05:13,14.6,47,960.1,5.0,346,3246,5,-1.4,Cloudy,3863.0
2451,32,3,2020-05-03 15:53:53,6.9,77,952.1,17.6,0,2674,0,4.6,Rain,4377.0
2452,13,2,2018-01-11 09:25:58,30.2,79,901.2,21.1,50,9381,3,12.7,Heavy Rain,4293.0
2453,34,4,2022-07-03 01:34:00,8.6,82,944.1,76.7,155,4556,3,6.9,Cloudy,3654.0
2454,15,2,2018-05-03 19:36:37,6.9,63,944.4,77.7,214,8969,7,7.5,Fog,2972.0
2455,42,5,2022-07-15 07:30:36,30.8,53,934.4,26.2,278,5311,3,7.0,Heavy Rain,2627.0
2456,58,7,2019-01-23 01:55:53,5.9,86,995.4,33.6,249,1465,7,12.7,Clear,4495.0
2457,40,5,2024-02-12 20:01:38,5.5,55,901.6,74.7,263,5330,8,9.5,Rain,2874.0
2458,4,1,2021-11-04 19:08:55,33.9,81,984.0,8.4,21,1047,5,5.4,Clear,1955.0
2459,7,1,2019-01-05 20:49:38,6.1,43,959.4,44.5,346,4465,8,-4.1,Rain,2702.0
2460,44,5,2024-12-21 03:19:33,22.5,79,959.4,21.3,96,6549,2,6.9,Thunderstorm,2223.0
2461,34,4,2018-02-23 06:52:43,30.7,68,966.0,34.1,46,4126,2,8.8,Fog,4481.0
2462,22,2,2019-12-07 11:44:30,29.9,48,955.1,53.7,240,7435,8,2.3,Clear,4232.0
2463,56,7,2022-10-30 16:01:59,10.7,64,982.5,61.2,343,3963,3,7.7,Thunderstorm,2274.0
2464,42,5,2018-04-13 17:38:22,15.3,43,1005.1,41.5,230,6888,5,5.9,Rain,1902.0
2465,31,3,2019-07-30 21:30:28,22.4,68,1007.9,10.3,256,7081,0,8.5,Thunderstorm,1136.0
2466,9,1,2022-08-08 16:46:51,15.9,58,969.1,13.3,171,5187,0,0.8,Rain,3107.0
2467,34,4,2020-11-09 03:54:04,30.9,69,901.3,55.7,27,7120,4,-0.2,Thunderstorm,1031.0
2468,32,3,2021-10-20 05:28:26,11.5,68,978.7,21.6,235,9434,5,4.2,Fog,1562.0
2469,16,2,2019-10-08 09:07:26,29.8,83,900.9,38.8,132,4097,3,10.1,Thunderstorm,2486.0
2470,53,6,2023-09-22 11:45:30,6.1,68,909.7,34.8,117,1610,2,-2.8,Heavy Rain,1284.0
2471,36,4,2023-08-29 19:45:23,14.5,63,919.1,70.5,220,8902,6,-1.3,Thunderstorm,2552.0
2472,61,8,2018-11-24 21:10:43,5.4,50,954.6,78.0,330,1450,4,-3.5,Clear,1099.0
2473,19,2,2021-05-09 23:01:17,22.1,91,943.3,49.0,33,1828,2,9.5,Rain,3996.0
2474,36,4,2024-01-17 23:45:14,18.0,40,958.0,30.9,82,408,0,0.7,Clear,3561.0
2475,62,8,2024-11-20 00:35:06,28.5,53,915.2,18.3,223,9748,3,8.2,Clear,2210.0
2476,42,5,2022-01-17 17:21:41,20.2,44,998.6,18.6,353,6952,0,-2.4,Rain,947.0
2477,41,5,2024-05-01 06:43:57,6.1,87,959.2,1.0,108,5973,6,-0.8,Heavy Rain,3606.0
2478,57,7,2024-04-09 01:41:16,29.9,78,973.5,11.4,42,2225,4,-2.1,Cloudy,3492.0
2479,60,8,2021-05-16 12:20:13,20.3,73,936.9,27.1,172,1940,7,10.9,Rain,2850.0
2480,1,1,2023-04-28 05:32:55,9.7,64,1004.8,52.3,276,3576,7,7.3,Heavy Rain,4351.0
2481,44,5,2020-01-09 11:23:54,9.5,47,990.6,51.4,197,3799,2,-4.1,Rain,2234.0
2482,28,3,2018-03-23 05:30:31,15.4,60,949.1,76.0,186,6599,0,-3.8,Clear,2868.0
2483,4,1,2021-06-07 20:41:51,32.5,75,996.4,56.9,163,9296,1,3.8,Heavy Rain,4286.0
2484,25,3,2024-11-16 10:31:32,22.9,58,1003.4,58.2,158,2448,0,14.3,Cloudy,3674.0
2485,33,4,2021-11-21 20:47:54,11.0,52,921.2,64.4,261,3832,6,-2.3,Rain,2404.0
2486,2,1,2021-05-13 05:25:00,12.5,72,968.0,0.3,227,1536,7,12.0,Heavy Rain,3886.0
2487,36,4,2020-08-30 01:15:05,34.8,63,908.6,43.8,48,1363,5,8.2,Thunderstorm,2190.0
2488,25,3,2020-01-13 14:32:46,16.6,92,937.3,38.9,231,4702,8,5.3,Fog,3516.0
2489,24,3,2024-08-26 06:55:06,14.3,94,1007.9,27.1,40,4040,7,9.3,Rain,1120.0
2490,44,5,2024-07-04 10:43:07,15.6,57,995.4,33.7,275,9771,1,3.7,Clear,4262.0
2491,26,3,2021-01-22 13:45:45,25.0,94,996.6,53.8,63,7113,4,10.3,Fog,1525.0
2492,5,1,2018-05-02 02:39:49,32.8,75,976.9,73.5,83,5838,8,-4.3,Thunderstorm,2596.0
2493,25,3,2024-08-19 05:31:18,5.2,71,933.1,12.5,277,8238,4,3.9,Heavy Rain,2602.0
2494,35,4,2019-07-21 17:26:39,18.0,53,922.3,55.1,195,740,5,-3.8,Fog,4125.0
2495,4,1,2021-11-13 13:27:07,17.9,66,999.6,38.8,208,2432,6,9.7,Fog,3300.0
2496,49,6,2021-10-20 22:10:36,10.5,71,988.8,26.4,131,9833,4,3.1,Heavy Rain,3524.0
2497,11,1,2023-01-24 20:06:52,27.6,79,999.5,61.7,13,7484,0,-4.3,Cloudy,4498.0
2498,37,4,2019-06-27 03:57:31,15.0,99,922.0,55.8,204,1444,4,5.9,Cloudy,1933.0
2499,60,8,2020-04-20 21:11:57,33.5,66,942.4,41.3,90,688,0,11.3,Heavy Rain,3006.0
2500,49,6,2022-03-25 11:39:39,11.3,40,948.3,51.2,101,181,7,8.1,Clear,4391.0
2501,36,4,2019-02-24 13:12:55,19.1,73,1007.9,50.8,161,2369,7,6.0,Rain,1172.0
2502,34,4,2019-10-11 04:29:59,21.3,49,1007.7,21.3,297,8044,1,-0.3,Thunderstorm,2516.0
2503,17,2,2024-09-28 01:42:35,18.2,56,1005.6,16.7,65,7826,5,-1.8,Cloudy,1390.0
2504,11,1,2023-04-21 16:53:57,15.2,56,1009.6,76.3,334,9645,5,6.9,Rain,4211.0
2505,11,1,2018-07-17 15:53:43,31.7,44,931.4,32.1,222,9857,1,1.7,Rain,2357.0
2506,54,6,2018-11-02 10:51:30,25.3,69,996.3,11.7,235,2978,3,14.9,Fog,2409.0
2507,22,2,2020-08-10 06:54:08,25.5,92,953.5,44.4,300,7486,5,4.9,Thunderstorm,1881.0
2508,7,1,2020-10-29 09:39:28,13.0,45,913.9,58.5,269,502,5,14.2,Thunderstorm,3202.0
2509,39,4,2024-05-24 20:02:23,5.5,63,980.3,22.2,52,4727,3,7.6,Fog,2263.0
2510,24,3,2022-03-28 16:38:58,16.1,69,969.5,76.4,231,6456,2,-3.6,Heavy Rain,1682.0
2511,29,3,2022-02-04 20:44:40,17.1,83,981.6,2.2,201,3474,1,2.6,Rain,1658.0
2512,31,3,2021-03-03 04:03:30,19.4,60,918.7,6.6,243,2347,3,4.0,Clear,2904.0
2513,45,5,2023-11-27 23:09:40,21.5,67,1003.3,40.8,285,8840,1,8.4,Heavy Rain,1258.0
2514,60,8,2018-06-04 02:12:56,26.9,49,974.6,0.7,322,5414,0,-4.2,Rain,3257.0
2515,33,4,2021-03-26 20:22:36,25.9,65,946.1,56.0,174,8868,2,12.1,Heavy Rain,3107.0
2516,55,7,2022-04-23 07:53:17,5.0,57,971.6,21.0,330,6787,7,3.0,Heavy Rain,2578.0
2517,23,3,2021-03-26 13:34:35,8.2,77,943.1,35.8,232,5293,4,9.0,Cloudy,3006.0
2518,56,7,2023-10-31 11:03:42,14.3,60,903.1,35.1,242,1078,8,10.9,Cloudy,1048.0
2519,4,1,2022-09-17 18:27:28,10.6,87,980.2,0.4,271,9371,7,9.8,Fog,1334.0
2520,2,1,2024-11-11 03:58:16,31.6,100,1005.5,62.6,155,1070,3,5.9,Rain,920.0
2521,33,4,2022-01-05 06:48:49,23.1,64,1008.8,26.7,25,1827,7,11.2,Thunderstorm,4126.0
2522,53,6,2023-04-30 06:59:19,28.6,72,910.9,29.2,26,1495,8,0.9,Rain,3710.0
2523,28,3,2019-07-06 07:25:58,25.9,72,915.8,39.9,225,3654,6,-4.8,Fog,1920.0
2524,9,1,2018-03-06 19:42:42,34.4,99,1010.3,12.5,72,4381,8,13.6,Fog,2900.0
2525,46,5,2020-09-05 14:04:29,20.4,76,910.8,58.3,125,5288,4,8.4,Clear,3261.0
2526,55,7,2024-10-21 12:22:48,28.7,74,992.9,44.3,153,217,8,14.7,Thunderstorm,3896.0
2527,38,4,2020-01-03 21:38:52,19.5,75,909.9,31.4,140,9988,7,13.5,Cloudy,4352.0
2528,19,2,2023-06-22 03:45:49,28.9,71,957.4,58.5,358,6130,1,13.7,Clear,4456.0
2529,61,8,2018-06-25 10:08:39,10.3,74,981.6,11.9,202,6497,6,7.8,Rain,3800.0
2530,12,1,2023-05-28 05:07:48,30.2,47,962.0,1.4,143,7593,1,5.2,Rain,4031.0
2531,3,1,2019-08-05 19:53:57,19.7,94,950.0,17.1,188,9196,2,7.8,Clear,2702.0
2532,8,1,2020-05-25 15:09:57,24.2,85,942.4,65.7,61,7993,0,5.5,Fog,2788.0
2533,32,3,2019-11-05 04:50:30,11.9,49,1001.9,79.4,12,6954,1,7.0,Clear,3460.0
2534,3,1,2021-09-06 08:18:44,28.0,47,914.9,30.2,301,1361,0,1.2,Heavy Rain,1326.0
2535,62,8,2018-05-07 14:33:53,31.0,55,935.0,38.8,96,8033,6,-2.2,Cloudy,3456.0
2536,39,4,2024-12-09 06:50:10,17.4,77,953.3,40.1,356,4068,4,-4.3,Thunderstorm,1859.0
2537,50,6,2024-10-29 21:20:06,19.7,80,959.1,6.9,185,858,0,12.9,Fog,1414.0
2538,32,3,2019-02-14 15:37:24,34.5,43,977.9,70.0,185,7737,0,-2.1,Rain,1731.0
2539,48,6,2020-12-15 19:23:02,5.6,40,976.2,55.6,234,5778,4,6.9,Heavy Rain,3649.0
2540,23,3,2020-08-14 02:49:42,25.5,88,982.7,23.0,27,3810,1,-0.7,Clear,2387.0
2541,19,2,2018-01-31 22:41:33,32.3,77,958.8,37.9,247,8941,7,13.3,Heavy Rain,1302.0
2542,34,4,2019-01-17 15:47:03,13.4,66,986.4,17.1,100,6343,5,11.4,Clear,3660.0
2543,17,2,2024-11-06 00:54:42,33.3,40,960.9,73.8,326,6824,1,-0.7,Cloudy,2104.0
2544,53,6,2018-10-13 02:27:58,11.7,98,969.4,68.5,230,9791,7,-3.0,Clear,2360.0
2545,16,2,2020-07-25 02:52:34,5.2,82,992.9,40.8,268,6046,8,8.7,Thunderstorm,1997.0
2546,44,5,2022-12-02 03:42:30,29.4,97,993.1,27.4,68,669,7,13.8,Cloudy,1699.0
2547,26,3,2021-08-25 23:22:18,32.4,48,984.3,61.2,255,346,1,2.0,Clear,3264.0
2548,2,1,2020-08-02 23:38:32,30.4,70,968.6,27.4,224,7269,0,7.9,Clear,1959.0
2549,49,6,2020-06-17 02:50:23,14.8,58,994.8,12.3,69,8457,0,-1.0,Clear,1251.0
2550,59,8,2021-12-20 05:37:58,15.4,45,950.2,66.6,84,106,8,10.6,Clear,3290.0
2551,7,1,2019-11-29 11:55:13,10.6,90,993.6,11.1,43,9646,8,-2.2,Rain,1888.0
2552,26,3,2021-10-09 15:10:37,21.8,50,935.3,71.3,243,390,8,13.2,Clear,3878.0
2553,38,4,2018-01-16 00:21:36,28.5,94,942.8,48.0,218,8258,6,-1.2,Fog,1215.0
2554,50,6,2023-05-30 05:16:39,22.2,66,1001.0,75.5,9,1999,8,12.5,Thunderstorm,2983.0
2555,8,1,2023-09-03 11:22:41,10.4,57,999.6,17.7,91,3132,5,8.6,Heavy Rain,2961.0
2556,32,3,2020-06-30 00:28:25,9.3,49,987.6,77.5,62,2528,5,11.7,Rain,928.0
2557,55,7,2019-05-20 22:27:48,18.6,62,910.8,65.4,210,6833,6,-3.7,Heavy Rain,4349.0
2558,51,6,2020-12-08 20:06:10,26.5,86,946.6,70.1,218,5837,0,9.5,Clear,3682.0
2559,40,5,2024-02-16 11:24:50,28.2,73,940.6,0.5,319,8952,7,6.6,Cloudy,4438.0
2560,29,3,2021-11-07 02:03:04,21.8,72,934.1,29.1,71,9682,6,0.2,Cloudy,4033.0
2561,60,8,2018-01-05 06:40:04,33.2,84,939.2,16.5,236,4752,8,-1.8,Heavy Rain,3561.0
2562,23,3,2024-06-25 19:05:35,32.4,100,967.1,59.4,154,1178,4,4.8,Fog,2413.0
2563,18,2,2019-01-06 04:25:32,33.7,61,952.7,60.7,67,1820,2,7.8,Heavy Rain,3665.0
2564,60,8,2020-04-17 05:31:57,12.7,45,1005.9,0.7,152,7120,3,9.0,Clear,2139.0
2565,34,4,2020-05-25 09:55:49,33.2,70,923.0,29.0,2,8645,6,1.2,Rain,2912.0
2566,45,5,2023-04-10 11:44:28,21.9,71,927.4,5.6,55,3591,0,-0.8,Fog,4161.0
2567,24,3,2018-06-04 21:27:29,17.1,47,984.8,27.5,343,7841,2,1.7,Cloudy,2111.0
2568,57,7,2023-08-23 18:34:58,26.3,97,952.7,37.7,147,776,2,0.3,Fog,1720.0
2569,38,4,2023-04-18 06:00:12,16.6,100,975.6,6.9,236,3333,0,13.0,Rain,1617.0
2570,52,6,2019-12-13 18:06:50,12.1,47,919.0,44.5,323,761,7,13.9,Rain,2414.0
2571,7,1,2023-12-23 12:40:39,18.1,60,989.5,61.4,343,3153,1,9.3,Thunderstorm,918.0
2572,50,6,2023-05-12 19:57:20,21.8,61,936.2,76.2,0,5894,0,-2.9,Thunderstorm,3270.0
2573,1,1,2018-08-25 20:58:45,20.4,67,950.2,2.4,271,9127,5,4.8,Thunderstorm,3292.0
2574,48,6,2021-02-27 07:26:30,19.8,60,1001.2,53.2,4,9184,5,14.5,Fog,2861.0
2575,38,4,2021-04-15 17:37:26,30.3,44,997.5,42.4,179,4675,5,-1.8,Fog,3931.0
2576,46,5,2023-08-12 11:33:25,26.4,59,947.9,34.8,21,9694,6,-3.8,Thunderstorm,2363.0
2577,44,5,2020-03-24 08:44:39,22.1,54,931.0,25.0,58,5876,5,1.0,Heavy Rain,2542.0
2578,61,8,2024-05-25 00:16:22,21.1,65,936.0,57.4,90,5567,4,13.3,Thunderstorm,3060.0
2579,31,3,2019-09-02 06:32:42,22.8,42,990.5,15.3,336,5383,0,7.0,Thunderstorm,1128.0
2580,41,5,2024-11-22 16:55:40,9.6,88,997.0,37.1,137,1612,3,11.2,Thunderstorm,3673.0
2581,19,2,2019-12-14 21:05:17,34.6,46,976.3,77.9,314,3283,8,10.3,Heavy Rain,950.0
2582,50,6,2018-09-25 21:01:33,17.3,70,954.5,65.4,330,1813,6,3.5,Heavy Rain,4294.0
2583,40,5,2024-09-15 19:58:24,10.8,44,915.9,6.7,4,3990,3,6.8,Heavy Rain,1947.0
2584,52,6,2024-03-06 04:27:43,30.2,93,943.1,41.9,219,6855,6,4.0,Clear,3794.0
2585,37,4,2022-08-20 21:08:57,30.6,46,999.2,29.2,160,7783,0,-1.4,Rain,2532.0
2586,35,4,2018-03-02 16:00:09,22.8,93,926.6,42.5,224,7929,6,10.6,Rain,2551.0
2587,31,3,2023-08-07 23:25:14,32.4,64,961.1,48.4,220,4598,1,8.4,Thunderstorm,3495.0
2588,3,1,2018-10-03 07:59:27,16.2,62,996.5,52.4,172,5508,3,-2.7,Rain,932.0
2589,59,8,2019-07-22 10:23:20,15.4,58,946.8,18.7,193,9428,1,9.2,Cloudy,2660.0
2590,35,4,2022-05-03 14:03:00,12.6,89,906.4,44.9,104,5723,8,-2.9,Rain,2246.0
2591,62,8,2019-01-13 02:00:04,10.0,43,930.2,25.9,42,7498,0,12.6,Rain,1230.0
2592,48,6,2023-01-08 10:34:28,27.9,94,1011.1,20.1,204,4500,6,13.9,Thunderstorm,1498.0
2593,31,3,2019-11-05 11:31:15,18.5,88,929.1,17.7,35,3813,0,6.2,Cloudy,2708.0
2594,42,5,2024-01-06 23:47:06,31.4,73,908.8,76.9,182,3169,2,8.0,Fog,4308.0
2595,56,7,2021-09-18 15:10:04,11.4,91,908.6,31.8,224,4059,5,2.3,Heavy Rain,1143.0
2596,34,4,2019-06-08 12:00:57,8.3,69,944.5,10.2,357,2632,6,9.4,Heavy Rain,2793.0
2597,26,3,2018-06-21 23:39:25,22.1,66,1009.7,23.6,52,3100,8,-4.7,Cloudy,1836.0
2598,44,5,2023-09-14 21:02:44,24.3,51,994.6,43.0,284,434,8,4.4,Rain,1859.0
2599,11,1,2018-12-30 20:16:51,17.6,83,1004.1,18.3,209,3999,0,6.0,Cloudy,3079.0
2600,8,1,2018-02-17 02:35:11,27.6,100,903.5,66.2,197,2406,6,14.3,Rain,2288.0
2601,11,1,2021-07-04 06:28:01,16.3,59,936.5,30.7,32,506,6,13.1,Thunderstorm,2532.0
2602,14,2,2022-09-01 03:28:04,11.1,97,920.1,11.3,234,5098,4,15.0,Thunderstorm,4234.0
2603,36,4,2023-03-29 01:38:49,30.7,80,966.5,77.9,75,7665,2,5.0,Fog,1119.0
2604,59,8,2019-11-30 21:32:02,24.0,97,970.4,43.1,137,1996,4,8.7,Heavy Rain,2151.0
2605,42,5,2020-09-16 05:34:43,17.8,54,1012.5,12.6,149,5888,5,11.3,Fog,1923.0
2606,55,7,2022-12-17 00:05:09,31.0,69,960.0,13.2,142,8538,1,12.1,Rain,3614.0
2607,49,6,2024-07-09 20:49:05,9.6,56,922.6,23.4,356,2196,6,5.7,Thunderstorm,1670.0
2608,23,3,2019-12-19 16:19:25,11.9,78,941.9,19.3,8,7050,6,1.3,Thunderstorm,4426.0
2609,23,3,2019-09-08 14:25:24,15.9,41,941.1,35.4,32,8132,0,14.9,Heavy Rain,2324.0
2610,38,4,2018-10-09 06:47:02,26.7,93,924.3,65.9,111,7627,3,8.9,Rain,3689.0
2611,18,2,2024-10-19 12:30:38,24.8,74,920.8,7.0,310,9875,5,0.4,Rain,906.0
2612,45,5,2022-10-29 09:15:55,32.7,95,938.3,50.2,268,7803,3,5.6,Fog,3030.0
2613,39,4,2022-05-15 11:15:01,24.6,54,1000.8,42.9,117,9224,8,13.5,Heavy Rain,999.0
2614,40,5,2020-01-21 19:23:18,33.0,51,995.4,55.6,358,6480,4,4.4,Clear,3540.0
2615,16,2,2022-12-26 23:38:14,26.5,82,957.1,51.0,15,5060,0,5.1,Thunderstorm,1758.0
2616,56,7,2023-12-21 19:15:20,11.1,93,970.5,58.8,121,6389,1,14.0,Thunderstorm,1319.0
2617,57,7,2023-10-18 02:25:19,22.5,97,944.9,47.1,60,2341,4,6.8,Heavy Rain,2437.0
2618,41,5,2024-01-23 13:05:53,31.9,94,901.7,65.4,188,3658,2,2.1,Heavy Rain,913.0
2619,1,1,2019-03-27 18:18:58,27.1,56,951.5,50.4,16,6642,1,3.8,Cloudy,2179.0
2620,33,4,2023-09-17 18:33:06,21.0,70,967.9,18.5,354,6708,3,4.1,Cloudy,4020.0
2621,61,8,2024-07-18 23:59:55,24.0,51,959.2,69.8,52,4272,1,8.5,Thunderstorm,2292.0
2622,54,6,2023-06-07 10:09:29,30.5,71,990.8,5.7,332,1583,0,0.7,Heavy Rain,1670.0
2623,8,1,2023-01-22 20:52:06,8.5,74,918.6,57.3,94,3000,8,-0.5,Heavy Rain,928.0
2624,22,2,2023-08-04 13:51:44,20.8,45,918.6,67.6,260,703,3,4.7,Rain,2545.0
2625,40,5,2024-12-17 05:56:20,6.6,95,981.0,17.8,137,8313,0,13.2,Cloudy,2819.0
2626,13,2,2022-06-13 13:34:34,26.4,80,960.7,56.5,315,3192,6,-3.7,Rain,1087.0
2627,16,2,2020-03-16 12:24:52,28.8,64,941.1,73.8,137,2511,0,4.7,Fog,4458.0
2628,48,6,2018-05-04 09:04:46,15.1,57,961.9,62.6,211,1922,0,9.5,Rain,1122.0
2629,34,4,2022-04-02 09:07:17,32.3,41,944.0,8.8,24,8879,3,-1.1,Cloudy,2235.0
2630,20,2,2023-03-29 18:06:44,30.8,88,920.8,75.6,326,5151,2,10.4,Rain,3331.0
2631,14,2,2022-07-16 04:11:25,22.9,99,962.6,22.4,166,7966,7,-1.6,Rain,983.0
2632,39,4,2023-11-02 23:39:52,26.5,63,917.5,3.2,314,8572,5,14.6,Rain,1488.0
2633,59,8,2019-04-11 09:52:33,21.6,48,945.6,61.0,300,4351,8,7.9,Cloudy,4404.0
2634,34,4,2023-01-19 16:25:16,9.0,64,997.0,72.2,119,6006,8,5.0,Heavy Rain,3054.0
2635,11,1,2023-07-09 07:17:31,32.7,57,986.2,48.9,183,6014,4,6.9,Cloudy,3589.0
2636,60,8,2022-06-20 09:21:53,30.4,43,929.7,24.7,0,3326,4,4.2,Rain,3831.0
2637,41,5,2023-07-25 19:04:11,29.2,99,968.9,4.2,280,1666,3,-0.0,Heavy Rain,1375.0
2638,44,5,2020-06-01 14:51:46,32.0,42,941.1,60.1,313,7054,7,0.6,Thunderstorm,3655.0
2639,60,8,2019-02-12 18:46:37,7.2,91,915.4,51.7,175,3102,7,11.4,Heavy Rain,4326.0
2640,15,2,2023-06-05 15:46:33,29.8,91,958.5,69.5,150,1524,4,5.7,Clear,1525.0
2641,19,2,2018-03-17 23:39:00,13.6,87,937.8,17.8,2,9645,0,10.6,Fog,4116.0
2642,7,1,2024-03-19 21:12:34,6.1,93,909.7,48.6,288,8139,1,-1.6,Thunderstorm,2112.0
2643,48,6,2022-03-08 15:43:42,31.0,94,1012.9,42.2,339,3989,1,10.1,Rain,2351.0
2644,55,7,2024-10-22 02:59:10,5.2,97,985.0,0.9,253,2624,8,0.4,Rain,3318.0
2645,14,2,2018-07-06 06:45:26,28.4,96,989.0,25.6,26,8698,0,13.5,Heavy Rain,1126.0
2646,6,1,2018-02-19 09:27:09,30.0,94,974.4,17.9,94,2763,6,5.9,Rain,908.0
2647,28,3,2024-12-26 17:50:11,33.4,91,951.6,65.7,311,2711,0,5.6,Fog,2316.0
2648,32,3,2023-06-10 23:52:33,29.0,74,985.7,56.1,8,8128,8,9.9,Clear,3039.0
2649,15,2,2021-03-31 00:37:56,28.7,99,996.8,66.0,147,573,8,3.9,Thunderstorm,2100.0
2650,44,5,2021-04-30 18:38:30,20.6,51,989.2,44.9,178,388,0,-1.2,Fog,3540.0
2651,57,7,2019-12-10 12:18:49,32.2,80,1002.8,43.3,186,5502,8,-2.9,Cloudy,1318.0
2652,19,2,2018-02-01 03:47:41,17.2,52,958.2,67.9,285,7917,8,7.5,Thunderstorm,2218.0
2653,5,1,2024-03-15 07:02:48,9.9,97,905.1,58.4,227,385,3,-1.2,Rain,3218.0
2654,34,4,2021-03-19 03:39:23,17.6,60,962.3,50.6,274,9522,3,14.1,Heavy Rain,1936.0
2655,45,5,2022-11-20 22:43:38,25.0,46,979.7,40.2,153,283,3,-3.5,Fog,2957.0
2656,24,3,2021-02-15 08:14:04,30.3,78,979.6,36.0,211,1865,6,5.4,Thunderstorm,1649.0
2657,55,7,2021-10-07 18:31:02,30.9,86,972.1,26.7,113,9921,0,2.7,Thunderstorm,996.0
2658,12,1,2019-01-18 18:39:10,19.2,50,988.2,54.0,19,9732,4,9.3,Heavy Rain,2306.0
2659,54,6,2023-09-27 20:45:15,5.7,73,958.8,68.0,220,5194,1,3.2,Heavy Rain,2084.0
2660,24,3,2019-02-02 06:09:48,8.3,81,975.4,79.8,126,2725,8,3.7,Thunderstorm,4215.0
2661,19,2,2022-11-30 14:43:50,19.2,65,966.2,76.1,217,870,8,6.6,Fog,3655.0
2662,14,2,2020-07-19 22:39:06,8.7,80,936.9,30.1,300,3343,7,-1.4,Thunderstorm,3524.0
2663,26,3,2018-10-03 14:16:29,9.5,60,968.8,40.6,224,7774,0,4.0,Heavy Rain,2661.0
2664,61,8,2024-08-22 03:24:47,11.8,56,967.9,67.7,15,1824,7,-0.5,Cloudy,3746.0
2665,61,8,2022-12-23 22:54:27,11.4,88,950.0,31.0,182,5112,7,7.6,Heavy Rain,1101.0
2666,18,2,2024-07-07 23:34:08,5.5,53,1006.4,33.3,324,5069,5,-4.4,Thunderstorm,4187.0
2667,32,3,2020-04-14 12:10:53,33.3,79,948.7,79.2,220,5455,6,3.3,Thunderstorm,3683.0
2668,17,2,2023-07-28 22:30:19,6.5,91,942.8,72.4,280,6397,5,-0.2,Clear,1543.0
2669,19,2,2019-01-03 22:03:57,20.4,81,934.1,43.3,155,2051,1,10.8,Clear,1971.0
2670,29,3,2018-02-07 17:42:59,27.7,49,1005.3,22.5,349,3053,3,9.7,Fog,2935.0
2671,10,1,2022-10-09 09:40:03,6.4,73,968.5,76.1,209,6839,2,0.9,Rain,917.0
2672,53,6,2022-12-12 00:09:39,13.6,97,972.3,57.1,326,4526,7,5.7,Clear,2626.0
2673,5,1,2021-02-27 21:50:07,18.6,94,936.1,7.1,18,6805,3,13.4,Rain,4417.0
2674,47,6,2019-05-28 08:01:10,26.3,87,946.5,24.0,107,7476,5,1.4,Heavy Rain,4320.0
2675,38,4,2021-07-25 08:52:27,26.0,85,1006.5,27.3,352,7517,0,7.3,Fog,2739.0
2676,22,2,2020-10-29 15:56:15,27.8,77,952.9,62.3,18,4814,4,8.9,Thunderstorm,1917.0
2677,59,8,2023-05-27 17:14:17,19.9,80,977.4,50.9,179,2863,8,13.0,Rain,4367.0
2678,47,6,2021-06-20 06:17:34,9.6,100,987.8,25.5,318,7159,0,-1.2,Clear,3897.0
2679,39,4,2023-04-06 10:10:45,27.3,47,934.5,15.5,168,929,4,-3.8,Heavy Rain,2942.0
2680,50,6,2021-04-22 09:39:25,13.4,63,972.6,65.8,319,3508,3,6.5,Thunderstorm,1935.0
2681,45,5,2021-10-19 15:32:20,23.9,42,925.0,52.9,331,5557,8,-4.7,Clear,2753.0
2682,62,8,2022-12-30 11:05:52,23.7,76,1004.7,21.4,85,6961,4,-4.4,Cloudy,2851.0
2683,23,3,2021-03-23 22:17:46,15.2,99,980.6,40.6,210,4048,4,2.1,Heavy Rain,2155.0
2684,5,1,2021-04-10 00:38:37,25.4,49,987.2,76.4,248,6220,1,1.9,Heavy Rain,1681.0
2685,21,2,2018-09-17 11:51:47,35.0,44,911.3,27.1,70,2098,1,0.3,Rain,3971.0
2686,10,1,2024-02-01 13:35:54,27.5,75,991.1,1.3,159,9586,3,1.8,Thunderstorm,3952.0
2687,60,8,2022-12-01 19:34:57,17.6,81,940.7,14.4,65,3138,4,13.5,Thunderstorm,1501.0
2688,2,1,2021-07-18 03:33:03,20.9,72,988.0,40.5,205,1332,3,-2.0,Thunderstorm,1966.0
2689,61,8,2018-03-12 19:13:39,35.0,81,945.5,72.6,340,6414,4,13.8,Cloudy,2095.0
2690,46,5,2019-12-04 21:36:22,15.1,56,937.2,29.6,75,4703,2,-0.5,Clear,3875.0
2691,58,7,2018-08-10 01:57:03,18.1,90,954.6,63.4,89,1451,8,3.1,Cloudy,1548.0
2692,20,2,2022-08-23 14:26:21,19.5,53,1000.3,47.7,53,1311,6,8.4,Heavy Rain,4359.0
2693,40,5,2023-05-29 15:49:22,27.2,87,936.8,44.1,214,6681,2,-4.4,Rain,2945.0
2694,36,4,2024-06-06 00:26:58,34.4,56,998.6,24.8,74,6063,2,14.3,Cloudy,4425.0
2695,41,5,2019-04-24 07:44:48,26.5,98,921.6,57.2,292,4095,4,6.0,Rain,4080.0
2696,18,2,2023-09-26 17:43:47,31.2,98,959.3,69.7,40,1742,4,1.7,Clear,3814.0
2697,23,3,2024-07-14 07:33:02,26.0,59,930.2,65.7,48,8027,0,7.9,Rain,1682.0
2698,19,2,2023-02-13 08:49:32,20.9,48,913.2,66.7,75,5792,2,4.3,Fog,2437.0
2699,29,3,2021-05-26 06:16:02,13.4,48,963.3,45.2,207,2516,5,11.5,Heavy Rain,3724.0
2700,37,4,2022-05-29 22:55:42,18.8,69,927.1,61.1,33,3001,6,9.8,Thunderstorm,2654.0
2701,44,5,2018-04-22 12:03:55,5.9,50,905.3,63.7,155,2682,7,5.9,Clear,1511.0
2702,16,2,2023-07-11 17:09:30,11.0,80,970.0,78.7,320,3869,8,-4.3,Cloudy,2401.0
2703,60,8,2021-01-04 04:30:23,25.3,90,1002.8,23.0,10,9043,8,12.5,Rain,3151.0
2704,43,5,2024-01-19 09:32:56,30.0,73,988.3,65.1,250,4347,4,14.1,Thunderstorm,1863.0
2705,48,6,2020-05-13 20:12:44,24.5,56,961.6,25.8,7,3789,1,-2.8,Cloudy,1001.0
2706,29,3,2024-11-26 02:10:17,24.0,76,995.8,24.3,38,2086,5,13.1,Rain,1861.0
2707,17,2,2019-03-02 01:17:21,12.7,58,960.5,19.3,346,6441,0,3.9,Clear,4217.0
2708,61,8,2021-05-20 20:09:01,21.3,48,967.2,53.8,296,333,6,0.2,Heavy Rain,2230.0
2709,33,4,2018-04-22 19:21:24,25.1,53,965.8,43.0,123,5682,3,-0.6,Heavy Rain,4023.0
2710,2,1,2021-06-18 09:14:31,29.1,48,936.4,3.6,341,842,2,8.0,Thunderstorm,3937.0
2711,60,8,2021-02-05 14:59:11,24.6,50,930.0,72.2,78,7338,0,13.7,Thunderstorm,3050.0
2712,54,6,2021-04-08 16:28:29,7.2,68,925.9,19.4,79,7082,5,1.9,Heavy Rain,1913.0
2713,26,3,2020-10-08 13:39:56,16.2,56,998.6,56.2,253,6270,3,0.6,Thunderstorm,2723.0
2714,21,2,2019-03-07 03:48:41,33.5,58,928.5,68.8,52,521,7,10.0,Cloudy,2912.0
2715,50,6,2021-05-09 06:10:20,30.5,59,1010.6,68.6,88,4871,2,1.0,Heavy Rain,2010.0
2716,18,2,2018-04-06 05:40:21,32.9,49,955.4,52.0,245,8383,7,13.5,Heavy Rain,3089.0
2717,30,3,2021-01-09 15:43:27,23.7,67,908.1,36.6,339,756,4,10.6,Rain,3388.0
2718,38,4,2020-11-05 10:45:35,17.6,40,972.2,73.4,226,2661,2,11.9,Cloudy,4283.0
2719,41,5,2024-01-23 15:09:29,25.6,64,992.3,44.7,341,3842,5,0.1,Thunderstorm,2214.0
2720,45,5,2021-09-15 23:31:58,15.9,69,1005.9,70.1,277,7814,6,0.1,Heavy Rain,3307.0
2721,33,4,2023-12-14 19:37:45,31.4,40,948.6,71.5,45,1226,2,6.7,Rain,3467.0
2722,16,2,2024-11-14 23:37:04,22.1,96,963.5,51.0,36,4818,8,-1.9,Clear,2464.0
2723,18,2,2023-10-05 04:21:56,13.9,60,928.9,40.7,336,6816,7,8.1,Rain,2389.0
2724,61,8,2023-07-14 21:00:31,11.1,88,922.1,7.4,135,9959,2,0.9,Fog,1614.0
2725,59,8,2022-12-18 00:43:36,22.6,52,915.7,55.6,350,9591,5,8.3,Heavy Rain,1863.0
2726,6,1,2020-05-13 14:12:06,13.7,93,975.9,26.3,141,7154,4,11.4,Thunderstorm,3553.0
2727,60,8,2019-11-03 21:20:22,29.0,71,909.0,8.2,119,3332,0,3.1,Clear,2621.0
2728,3,1,2021-01-13 15:31:01,19.8,100,925.5,31.1,177,2794,2,-0.2,Thunderstorm,1384.0
2729,26,3,2022-12-27 02:13:55,13.3,89,966.8,36.6,171,2718,6,7.8,Heavy Rain,4277.0
2730,40,5,2019-07-20 19:54:20,22.0,65,984.2,39.2,102,5397,4,8.8,Heavy Rain,1043.0
2731,39,4,2019-02-06 18:40:18,30.1,84,1012.2,62.1,70,6510,1,6.4,Clear,4472.0
2732,34,4,2021-08-11 11:23:06,15.6,92,931.3,53.7,279,3446,8,2.6,Heavy Rain,3352.0
2733,1,1,2023-01-22 03:40:34,33.8,96,955.7,41.5,87,7437,4,-3.0,Heavy Rain,4321.0
2734,28,3,2022-06-30 21:53:58,25.7,41,961.0,71.8,214,8613,2,-1.3,Heavy Rain,4431.0
2735,57,7,2019-05-13 10:50:13,13.1,99,942.8,69.0,352,898,2,14.0,Heavy Rain,1274.0
2736,25,3,2020-01-25 07:41:03,25.0,90,935.2,75.5,263,702,1,13.8,Heavy Rain,3045.0
2737,62,8,2024-07-25 16:52:59,9.8,94,976.9,70.9,278,8274,8,9.0,Cloudy,3705.0
2738,43,5,2022-10-20 17:04:06,21.8,70,900.2,59.4,207,3930,5,12.1,Heavy Rain,1986.0
2739,26,3,2019-01-25 08:35:41,16.8,41,961.2,65.1,315,6914,3,13.6,Thunderstorm,4223.0
2740,12,1,2018-04-10 01:29:45,8.8,48,1002.0,59.7,44,6323,1,12.9,Fog,2768.0
2741,3,1,2023-05-26 10:37:59,18.3,58,934.4,21.0,111,200,1,3.4,Heavy Rain,4096.0
2742,53,6,2020-10-03 02:28:59,19.1,42,1007.1,17.6,128,5120,6,10.4,Heavy Rain,4158.0
2743,60,8,2020-04-16 09:12:33,26.0,88,970.1,25.0,90,4386,3,11.9,Fog,1157.0
2744,32,3,2021-04-16 00:10:43,19.4,94,929.9,9.5,215,1452,4,-2.2,Fog,2340.0
2745,12,1,2019-09-08 20:38:03,29.8,100,912.4,76.0,316,8283,0,8.6,Cloudy,1345.0
2746,43,5,2018-04-26 08:40:23,27.4,75,930.6,4.6,69,6381,7,5.1,Rain,2099.0
2747,56,7,2022-06-22 01:57:19,33.0,85,910.7,50.7,174,2818,2,-1.5,Thunderstorm,2456.0
2748,50,6,2018-04-29 16:44:39,13.7,98,968.8,68.4,356,5949,6,5.8,Cloudy,1607.0
2749,30,3,2021-11-10 21:54:33,28.0,98,936.4,49.1,26,1549,1,1.6,Fog,3424.0
2750,42,5,2019-02-19 00:10:35,33.3,58,919.0,75.2,187,811,7,7.3,Cloudy,4154.0
2751,44,5,2024-03-17 06:41:31,13.9,75,941.1,45.2,239,266,0,12.8,Heavy Rain,1541.0
2752,35,4,2019-05-05 11:59:35,8.6,43,968.8,2.0,300,6924,3,13.3,Clear,1019.0
2753,55,7,2020-07-07 16:40:20,8.3,42,966.9,62.1,17,4740,4,0.1,Fog,1585.0
2754,49,6,2019-10-24 21:01:11,14.0,65,975.5,16.0,25,139,3,6.1,Clear,3688.0
2755,49,6,2023-02-21 12:29:33,24.2,55,905.3,18.1,281,7156,2,0.0,Heavy Rain,3379.0
2756,16,2,2020-11-10 19:49:21,32.9,93,983.8,45.9,140,546,5,1.9,Rain,1999.0
2757,41,5,2023-04-22 01:18:15,31.8,94,960.6,26.9,43,7461,1,2.8,Cloudy,1042.0
2758,22,2,2021-01-05 19:59:09,26.7,48,919.9,74.3,2,6445,6,-4.5,Rain,2844.0
2759,44,5,2020-02-29 21:57:13,12.8,51,904.5,6.1,197,4008,2,-2.2,Thunderstorm,3364.0
2760,38,4,2019-11-30 16:47:28,28.5,95,905.9,38.7,54,5324,1,12.6,Thunderstorm,3635.0
2761,26,3,2022-07-14 15:59:48,23.5,49,989.5,64.2,98,2650,6,9.4,Thunderstorm,941.0
2762,48,6,2020-06-03 22:06:26,17.1,70,936.5,51.2,212,7463,6,-1.6,Heavy Rain,3064.0
2763,42,5,2021-10-19 18:57:32,12.0,100,903.0,73.8,45,259,3,-1.1,Rain,4235.0
2764,39,4,2019-01-07 10:42:43,15.2,99,991.5,31.4,240,6804,4,13.1,Thunderstorm,1813.0
2765,38,4,2023-10-18 16:19:47,13.9,47,937.1,28.3,95,2201,7,12.7,Thunderstorm,1801.0
2766,30,3,2020-06-10 14:29:01,15.1,56,1007.3,48.0,154,4319,5,9.7,Clear,2676.0
2767,57,7,2021-07-08 01:06:53,14.1,88,966.8,32.1,210,7747,1,11.2,Heavy Rain,1097.0
2768,19,2,2023-09-27 05:49:40,10.2,79,992.9,18.4,98,6751,0,14.3,Clear,3319.0
2769,18,2,2019-04-10 19:32:32,17.7,53,982.3,7.5,127,1643,7,13.2,Cloudy,3578.0
2770,19,2,2024-06-26 08:42:06,25.9,52,943.3,62.3,69,2569,7,7.6,Heavy Rain,2271.0
2771,13,2,2019-09-04 23:07:49,33.1,72,949.2,21.2,321,5288,5,9.0,Thunderstorm,3274.0
2772,7,1,2022-04-09 03:57:55,20.2,97,991.1,70.5,155,8105,8,8.5,Clear,3767.0
2773,57,7,2019-10-26 12:40:09,12.6,59,919.7,26.3,193,649,3,5.9,Fog,1260.0
2774,32,3,2022-03-12 14:05:25,31.6,62,927.7,7.7,153,132,6,14.4,Clear,4311.0
2775,59,8,2021-04-19 09:22:22,16.5,73,975.3,55.4,297,7099,6,14.8,Clear,2299.0
2776,61,8,2019-08-15 12:03:38,5.5,40,920.7,54.8,26,8746,4,-3.5,Heavy Rain,1511.0
2777,5,1,2023-04-06 08:41:33,7.4,72,975.5,54.4,76,4641,8,-1.1,Fog,2388.0
2778,4,1,2022-01-31 17:34:10,17.6,73,1007.3,21.8,55,8496,4,4.8,Cloudy,1424.0
2779,23,3,2023-11-03 01:44:48,21.0,77,946.7,30.9,305,2124,3,5.8,Heavy Rain,2590.0
2780,23,3,2021-05-25 02:34:44,20.7,62,931.6,50.1,177,6290,8,-4.1,Cloudy,3820.0
2781,39,4,2023-01-23 07:33:05,16.2,77,999.5,65.5,245,2556,0,0.1,Fog,1465.0
2782,45,5,2018-11-14 02:01:34,33.7,92,901.2,56.0,312,272,4,14.3,Fog,1481.0
2783,10,1,2022-06-15 22:25:13,33.4,73,903.2,24.3,173,8158,1,10.3,Heavy Rain,952.0
2784,9,1,2024-06-02 04:03:30,13.6,52,926.1,4.3,152,5330,8,0.5,Cloudy,2668.0
2785,39,4,2021-06-22 15:50:13,24.4,65,960.1,79.1,302,6732,8,10.8,Clear,1571.0
2786,26,3,2022-02-16 17:28:32,11.9,87,910.8,64.8,18,9511,5,-2.2,Thunderstorm,4404.0
2787,19,2,2023-08-02 12:08:47,28.3,44,944.4,31.2,71,8949,2,-2.2,Cloudy,1034.0
2788,5,1,2023-05-31 09:17:09,18.5,99,934.0,14.4,253,538,2,9.7,Rain,1377.0
2789,1,1,2019-09-08 21:56:05,21.9,47,967.2,74.0,328,3819,4,-1.4,Rain,2735.0
2790,16,2,2019-10-26 06:22:42,8.6,97,939.9,14.5,185,7946,6,-3.3,Thunderstorm,1997.0
2791,2,1,2024-08-29 05:25:21,34.0,71,1002.4,45.1,172,1343,2,5.5,Thunderstorm,2573.0
2792,10,1,2019-07-25 18:11:38,24.8,92,963.7,43.5,212,3438,2,7.4,Clear,2315.0
2793,8,1,2022-08-04 10:09:22,31.2,58,935.9,19.3,294,2329,4,6.0,Heavy Rain,1148.0
2794,10,1,2018-10-26 06:27:47,14.7,81,978.3,59.9,314,4470,0,-2.8,Thunderstorm,1545.0
2795,14,2,2022-09-04 15:08:23,12.7,86,1003.0,58.6,202,1845,8,1.2,Rain,4203.0
2796,19,2,2021-11-08 07:28:57,9.7,49,917.5,12.1,48,1802,5,9.9,Fog,3266.0
2797,54,6,2023-07-06 03:10:56,11.8,53,999.1,58.4,213,7887,5,14.5,Heavy Rain,3588.0
2798,32,3,2020-10-05 12:18:36,10.3,71,1005.1,40.1,169,7042,8,0.7,Heavy Rain,4179.0
2799,51,6,2022-04-19 09:52:17,31.7,52,988.0,36.4,36,3097,6,14.5,Fog,2327.0
2800,6,1,2024-04-24 22:07:09,8.0,90,977.6,36.2,239,7281,6,3.1,Clear,2706.0
2801,49,6,2023-01-26 12:43:15,26.7,91,993.7,17.1,224,2140,0,-0.9,Thunderstorm,2620.0
2802,15,2,2023-10-08 02:43:00,26.5,42,976.5,20.3,233,506,8,2.9,Heavy Rain,3874.0
2803,16,2,2020-12-10 23:31:30,10.2,42,934.0,67.5,15,9185,8,3.6,Rain,1175.0
2804,33,4,2020-03-29 18:43:33,10.0,70,995.6,65.2,284,6764,6,5.9,Clear,1147.0
2805,38,4,2019-02-03 18:41:34,21.6,59,912.1,20.8,129,9903,2,10.1,Heavy Rain,4011.0
2806,17,2,2020-11-15 23:40:34,21.2,98,1007.6,46.4,266,1396,8,7.9,Fog,3928.0
2807,47,6,2019-07-06 23:50:13,26.7,55,971.4,17.7,34,4325,8,0.0,Cloudy,1665.0
2808,39,4,2023-05-19 02:13:56,28.2,70,915.9,33.5,147,5272,3,-1.2,Thunderstorm,4303.0
2809,14,2,2018-07-30 02:06:37,26.5,57,938.7,21.9,233,8410,2,14.4,Heavy Rain,2281.0
2810,50,6,2018-10-31 01:39:08,26.8,42,910.9,78.4,321,8777,8,1.4,Heavy Rain,2293.0
2811,39,4,2023-12-06 13:28:16,6.8,91,972.8,38.9,123,1881,1,-2.1,Thunderstorm,2183.0
2812,57,7,2020-10-28 13:15:44,7.7,52,996.6,71.1,224,6645,3,12.6,Rain,1284.0
2813,20,2,2020-09-17 05:38:18,12.9,70,970.4,43.2,34,8551,0,11.7,Rain,1986.0
2814,18,2,2022-11-09 09:02:32,13.5,53,940.6,20.8,222,9649,2,5.3,Cloudy,3056.0
2815,20,2,2024-04-20 10:41:59,13.6,62,904.3,52.6,342,1940,7,-1.5,Rain,2249.0
2816,36,4,2021-01-13 21:59:58,25.1,67,917.6,4.4,314,1217,0,-2.5,Thunderstorm,4364.0
2817,54,6,2021-03-09 14:18:48,9.7,82,911.7,9.6,26,5138,4,4.2,Fog,2647.0
2818,37,4,2020-10-11 11:40:13,21.6,44,903.7,9.4,180,2538,5,6.6,Fog,1598.0
2819,23,3,2023-02-13 03:25:21,33.3,97,963.7,62.3,330,9322,7,13.5,Rain,1668.0
2820,15,2,2022-10-21 19:10:07,13.5,79,971.3,54.6,263,5530,4,9.7,Cloudy,2781.0
2821,19,2,2020-10-05 22:42:57,24.4,83,999.3,35.3,79,9388,1,-1.5,Clear,1540.0
2822,19,2,2022-12-01 18:15:23,33.6,62,958.2,23.2,25,599,6,6.9,Cloudy,2609.0
2823,58,7,2022-06-30 08:07:14,34.6,82,946.2,48.2,359,5186,4,3.3,Cloudy,3978.0
2824,5,1,2021-10-24 03:46:03,12.7,92,924.3,0.9,105,8692,2,10.2,Thunderstorm,1202.0
2825,20,2,2022-06-26 11:11:10,7.4,95,918.6,0.9,60,1644,0,10.1,Cloudy,2985.0
2826,25,3,2023-09-06 21:20:20,6.4,44,1007.4,43.6,70,4557,8,3.9,Fog,2146.0
2827,58,7,2020-09-19 01:45:56,12.0,73,931.3,36.3,13,8833,4,2.7,Rain,3578.0
2828,57,7,2021-08-26 22:27:25,21.5,81,930.5,72.1,10,7187,5,2.4,Fog,3076.0
2829,62,8,2021-03-02 05:01:08,16.3,60,962.7,24.2,206,5227,6,-1.0,Clear,4483.0
2830,11,1,2018-07-09 19:41:18,26.6,94,1010.7,55.6,31,555,8,4.9,Fog,905.0
2831,14,2,2018-07-09 02:30:54,31.6,60,1008.4,37.8,79,6602,7,4.7,Fog,1932.0
2832,14,2,2022-07-16 08:02:35,35.0,92,971.5,68.1,144,3615,5,4.3,Clear,4136.0
2833,10,1,2018-06-24 07:30:02,5.3,47,988.2,59.6,174,7428,5,-2.0,Rain,3088.0
2834,6,1,2020-12-31 20:51:09,8.6,76,998.0,56.1,64,3764,1,-3.3,Thunderstorm,3790.0
2835,47,6,2019-04-12 14:24:45,7.6,69,907.7,50.0,152,9296,7,13.3,Thunderstorm,1245.0
2836,9,1,2020-06-30 09:58:57,15.7,84,995.6,44.7,182,1693,2,4.1,Thunderstorm,2366.0
2837,47,6,2021-02-17 10:09:10,5.7,99,975.9,43.1,61,5279,8,0.9,Cloudy,1196.0
2838,22,2,2020-04-30 11:51:11,26.5,91,969.4,33.6,58,8030,5,12.0,Clear,2236.0
2839,4,1,2021-08-18 03:01:31,27.8,82,1006.1,20.8,126,9905,3,-0.0,Fog,1606.0
2840,34,4,2024-02-04 01:13:56,10.5,49,900.9,25.8,328,362,0,-4.8,Heavy Rain,1713.0
2841,58,7,2022-08-17 02:31:53,25.4,86,983.6,21.2,22,4422,5,8.7,Clear,2990.0
2842,11,1,2023-10-18 20:20:23,14.4,81,915.0,21.8,84,3898,7,-4.8,Clear,1503.0
2843,13,2,2024-05-22 00:38:18,6.1,59,1002.7,12.7,319,5605,4,7.3,Thunderstorm,2395.0
2844,14,2,2022-12-26 13:44:38,15.5,80,978.3,74.9,104,8640,2,10.7,Rain,3134.0
2845,26,3,2018-01-17 20:15:06,32.4,64,944.4,32.9,132,5905,2,5.0,Cloudy,4257.0
2846,3,1,2019-11-18 21:40:50,19.8,57,998.3,68.0,222,5992,0,7.3,Clear,1059.0
2847,27,3,2023-09-06 19:29:15,34.1,99,950.1,75.4,131,2563,1,-0.8,Fog,1393.0
2848,13,2,2019-12-09 02:31:15,9.2,70,972.3,35.5,147,107,5,-0.1,Cloudy,2424.0
2849,9,1,2024-03-18 15:26:43,21.0,85,986.9,62.4,134,4686,6,9.4,Fog,1133.0
2850,24,3,2021-01-24 17:43:27,16.1,84,929.8,67.6,280,7619,5,-0.6,Rain,907.0
2851,16,2,2018-11-07 02:25:11,24.9,91,1011.8,26.2,191,810,5,1.0,Cloudy,1010.0
2852,26,3,2022-12-26 23:25:38,20.7,75,962.8,22.9,315,7324,8,7.8,Thunderstorm,925.0
2853,24,3,2019-06-05 04:03:50,6.4,78,948.0,50.2,271,3900,5,3.5,Cloudy,3085.0
2854,51,6,2018-01-27 10:02:11,6.2,55,907.6,8.2,151,9830,3,1.0,Clear,1808.0
2855,43,5,2021-02-12 07:08:36,25.3,66,1011.3,34.0,79,5126,6,8.0,Heavy Rain,2348.0
2856,10,1,2024-05-29 16:13:31,25.2,91,1004.1,69.6,223,9113,4,14.8,Fog,2091.0
2857,15,2,2019-05-09 20:05:40,18.3,69,990.5,35.5,90,7680,7,2.2,Heavy Rain,1310.0
2858,13,2,2024-04-28 19:42:54,15.9,58,1001.6,47.9,178,4478,5,-3.7,Clear,1420.0
2859,54,6,2021-01-22 00:59:52,31.3,89,975.9,29.2,316,9440,7,14.9,Cloudy,1298.0
2860,59,8,2024-08-19 17:02:35,17.6,47,1011.5,60.7,230,8378,6,-2.8,Rain,4138.0
2861,38,4,2022-10-04 08:43:49,26.4,56,962.0,29.5,146,5211,1,12.4,Rain,1399.0
2862,55,7,2022-12-29 17:15:09,21.0,57,970.2,74.4,27,1153,5,13.4,Clear,1380.0
2863,57,7,2019-04-13 00:46:51,20.1,66,951.0,68.5,118,7141,4,14.9,Cloudy,1585.0
2864,50,6,2019-01-08 00:57:39,17.4,73,982.7,17.6,7,6082,3,10.0,Cloudy,1763.0
2865,16,2,2018-12-06 10:33:48,12.6,98,967.5,23.0,349,6833,6,7.7,Fog,4175.0
2866,1,1,2021-09-22 17:48:15,28.2,71,908.9,42.2,116,6967,6,14.5,Clear,1231.0
2867,26,3,2020-06-14 05:58:35,29.4,42,960.5,52.4,43,3156,6,9.2,Rain,2882.0
2868,3,1,2023-07-18 21:40:36,10.2,92,921.8,22.2,121,3746,2,12.6,Thunderstorm,2057.0
2869,51,6,2023-11-15 12:18:23,18.1,54,920.7,66.7,19,8588,5,11.8,Thunderstorm,3754.0
2870,15,2,2023-10-14 06:05:50,19.9,49,988.7,51.9,1,7691,7,14.3,Heavy Rain,2541.0
2871,52,6,2020-11-12 14:43:36,26.3,51,920.1,56.0,158,6513,7,-3.5,Clear,3698.0
2872,37,4,2019-05-30 02:34:44,22.5,48,911.7,37.9,193,5604,6,6.6,Cloudy,3662.0
2873,21,2,2021-11-17 17:42:47,6.9,64,1003.8,30.0,258,8456,2,9.3,Clear,1863.0
2874,43,5,2020-06-11 12:03:31,34.6,54,914.4,27.1,214,5601,1,2.1,Cloudy,3022.0
2875,2,1,2021-04-30 12:41:09,5.4,70,992.7,56.7,20,9591,0,-1.6,Rain,2578.0
2876,42,5,2020-07-01 12:05:05,33.4,76,938.0,6.0,136,1915,2,1.0,Cloudy,2555.0
2877,42,5,2020-12-30 04:17:53,27.0,78,949.0,7.7,359,3399,6,13.2,Clear,4468.0
2878,3,1,2022-12-12 20:39:09,15.0,40,922.1,47.4,49,9747,2,3.4,Cloudy,2196.0
2879,60,8,2022-01-10 04:34:09,25.4,45,922.0,32.0,11,291,1,13.1,Thunderstorm,3066.0
2880,41,5,2024-12-26 06:30:02,34.6,64,938.7,1.5,81,1226,6,9.5,Clear,1443.0
2881,45,5,2018-11-06 22:49:33,34.1,80,975.1,46.8,318,6758,4,9.4,Fog,1894.0
2882,49,6,2018-08-12 06:41:38,8.2,70,925.3,7.9,63,599,6,-4.9,Rain,2492.0
2883,50,6,2020-07-31 22:37:58,25.6,82,902.1,31.7,173,7050,8,-1.5,Fog,1231.0
2884,7,1,2023-01-01 08:42:36,10.7,46,979.5,72.7,25,9296,6,11.9,Heavy Rain,3693.0
2885,60,8,2024-07-23 03:43:55,27.0,54,963.8,5.4,274,3471,5,-3.8,Clear,2512.0
2886,32,3,2019-06-15 01:54:23,24.9,50,903.0,33.9,83,6441,1,10.9,Clear,3359.0
2887,12,1,2022-08-14 02:35:29,26.0,45,944.2,6.9,284,650,0,-1.3,Heavy Rain,1916.0
2888,36,4,2023-01-28 21:40:29,24.7,60,971.0,14.4,77,2762,6,4.3,Fog,3999.0
2889,17,2,2021-12-04 13:47:00,17.2,90,941.4,36.4,234,6573,4,0.0,Clear,2588.0
2890,43,5,2018-09-25 05:56:31,34.4,79,991.3,37.7,63,6389,6,-4.1,Fog,3795.0
2891,19,2,2024-07-23 17:37:00,16.8,78,911.6,14.8,144,8331,2,10.6,Clear,937.0
2892,12,1,2021-06-13 12:32:15,6.8,59,923.3,0.9,302,3591,4,-0.8,Fog,3129.0
2893,36,4,2021-04-02 21:02:05,7.6,57,910.5,6.4,35,6774,4,6.7,Thunderstorm,2468.0
2894,50,6,2021-08-01 13:57:30,20.8,61,965.5,78.6,238,6764,6,-3.6,Cloudy,2319.0
2895,29,3,2022-03-28 22:46:39,22.9,52,960.7,56.4,211,1610,2,0.4,Thunderstorm,4493.0
2896,45,5,2018-02-15 04:43:02,21.5,41,1009.1,23.8,171,1656,1,-1.2,Heavy Rain,1684.0
2897,10,1,2023-08-14 20:22:29,18.7,91,991.0,71.5,256,912,4,11.6,Thunderstorm,4376.0
2898,27,3,2018-07-24 21:10:01,15.6,66,910.7,30.6,194,6750,1,8.4,Thunderstorm,2882.0
2899,61,8,2020-09-29 06:20:41,5.1,56,994.0,24.1,96,7102,3,6.7,Thunderstorm,4121.0
2900,28,3,2020-07-01 17:14:48,33.5,65,982.3,66.7,355,7032,8,-4.8,Clear,1871.0
2901,54,6,2018-10-01 01:06:26,20.5,97,910.8,50.0,145,8239,0,-0.2,Cloudy,1176.0
2902,60,8,2022-07-11 12:18:01,34.4,86,967.3,27.7,83,9956,3,-3.6,Clear,3720.0
2903,35,4,2021-02-21 20:23:10,10.8,75,925.0,18.8,107,2484,7,0.0,Cloudy,2291.0
2904,6,1,2022-06-03 02:30:54,15.7,82,934.6,42.4,257,3544,8,11.6,Rain,3529.0
2905,53,6,2024-07-08 15:23:55,21.1,83,955.0,51.7,275,9375,1,-0.8,Heavy Rain,3465.0
2906,45,5,2018-10-12 18:12:50,10.1,57,998.9,29.1,51,8407,4,5.6,Heavy Rain,3451.0
2907,59,8,2018-02-08 22:23:24,18.0,78,939.5,45.7,172,9852,7,9.8,Clear,2794.0
2908,6,1,2024-07-31 17:54:08,24.9,58,966.8,1.8,246,3016,5,-1.1,Rain,2465.0
2909,7,1,2019-10-21 19:48:05,19.8,95,995.3,1.9,212,1187,1,14.3,Cloudy,4447.0
2910,26,3,2023-03-25 02:58:38,13.4,44,943.7,22.3,321,2632,3,0.9,Heavy Rain,4267.0
2911,12,1,2018-11-15 10:09:14,27.4,91,965.7,18.1,96,6328,6,-3.7,Clear,1804.0
2912,61,8,2023-03-11 21:56:40,14.1,73,932.0,56.9,109,4121,7,14.2,Clear,2852.0
2913,1,1,2022-04-09 01:13:33,15.6,81,905.7,26.3,198,9044,5,-3.9,Thunderstorm,3189.0
2914,37,4,2019-10-05 01:38:32,15.5,41,1011.3,79.1,142,680,7,8.9,Thunderstorm,2231.0
2915,12,1,2019-03-19 22:17:13,29.6,74,905.6,15.6,277,3201,0,10.0,Rain,972.0
2916,62,8,2021-04-27 03:38:43,34.5,92,983.1,28.1,223,384,7,10.0,Clear,2396.0
2917,21,2,2019-04-04 17:00:46,34.0,49,913.3,20.7,72,2409,2,-3.7,Fog,2955.0
2918,13,2,2022-11-18 09:20:39,23.5,90,960.5,22.6,159,7882,1,13.1,Cloudy,1732.0
2919,29,3,2022-09-26 13:15:11,17.0,63,1002.6,23.4,247,2163,1,7.6,Clear,4171.0
2920,29,3,2022-11-26 22:42:06,20.4,49,975.3,53.6,216,8625,0,12.1,Heavy Rain,2022.0
2921,24,3,2022-12-14 20:24:51,32.9,80,980.1,31.6,324,2735,1,12.7,Rain,1224.0
2922,19,2,2019-07-28 04:38:20,5.2,43,974.0,13.5,234,2377,5,-2.6,Clear,2142.0
2923,23,3,2020-08-23 21:50:46,17.7,57,1004.5,39.2,39,3978,5,11.7,Clear,1691.0
2924,28,3,2018-01-30 15:37:11,8.9,51,983.1,34.6,207,9410,2,6.8,Thunderstorm,3906.0
2925,33,4,2018-08-31 10:51:49,12.9,82,1003.4,59.0,259,3056,0,9.5,Thunderstorm,3586.0
2926,37,4,2024-02-23 02:00:48,21.1,75,986.3,17.4,35,1917,7,10.6,Cloudy,4221.0
2927,40,5,2021-11-05 10:46:41,27.0,89,1005.3,69.5,170,6111,5,6.8,Cloudy,2426.0
2928,37,4,2018-12-25 22:13:13,6.6,63,993.7,28.5,179,6712,5,0.2,Cloudy,3318.0
2929,3,1,2024-12-31 14:27:44,34.5,83,909.8,53.6,106,421,5,5.4,Heavy Rain,3072.0
2930,12,1,2020-07-05 02:35:06,23.3,67,997.4,8.8,94,1851,4,14.3,Clear,2425.0
2931,34,4,2024-05-10 17:05:10,33.6,62,1001.3,20.8,285,4876,0,13.7,Cloudy,1361.0
2932,44,5,2018-05-24 01:55:26,5.1,56,933.6,1.7,62,2537,5,-1.9,Rain,983.0
2933,14,2,2021-07-06 01:23:42,31.3,54,925.2,63.5,198,140,0,-3.3,Cloudy,2716.0
2934,33,4,2020-09-23 21:13:26,11.0,81,919.0,37.2,264,6222,7,4.8,Rain,2957.0
2935,61,8,2022-09-04 19:20:22,14.2,44,1004.6,32.3,48,969,3,10.9,Thunderstorm,3377.0
2936,53,6,2021-03-04 15:10:04,21.3,78,1007.7,34.3,17,5074,6,3.1,Rain,2518.0
2937,61,8,2024-12-22 12:37:13,10.0,75,1008.3,21.0,308,8319,1,11.5,Rain,960.0
2938,8,1,2022-05-14 21:23:23,16.1,65,918.9,76.1,293,4009,4,9.5,Cloudy,2269.0
2939,20,2,2024-08-17 09:40:44,27.4,90,995.8,18.9,313,4318,1,6.1,Heavy Rain,3542.0
2940,3,1,2021-04-28 11:13:44,31.2,94,906.3,46.7,32,3832,0,5.5,Fog,1097.0
2941,5,1,2019-06-05 12:08:50,24.3,91,920.6,24.0,213,5058,4,13.8,Rain,1270.0
2942,25,3,2023-08-21 00:23:19,27.7,49,992.4,37.5,302,8023,2,3.7,Thunderstorm,3412.0
2943,51,6,2019-01-06 22:32:55,19.0,56,902.1,37.2,110,4683,2,14.6,Fog,2019.0
2944,7,1,2022-04-23 00:06:16,31.9,67,906.1,63.6,174,6782,0,14.1,Cloudy,4297.0
2945,2,1,2024-12-20 21:32:10,20.0,79,935.7,65.8,42,1852,3,8.9,Fog,4304.0
2946,52,6,2018-09-26 03:27:35,19.1,67,1001.7,35.8,98,6869,8,13.4,Rain,3170.0
2947,53,6,2022-06-05 10:52:22,25.2,81,999.0,9.4,56,3847,5,12.8,Heavy Rain,3873.0
2948,17,2,2019-11-06 03:14:09,27.1,50,907.7,39.9,51,3872,5,10.4,Rain,1333.0
2949,18,2,2020-07-11 09:54:50,5.4,95,913.3,38.0,192,2372,2,10.2,Fog,2776.0
2950,43,5,2023-11-22 11:09:45,32.4,82,956.7,28.3,47,9696,6,14.6,Rain,2874.0
2951,5,1,2023-06-29 07:57:38,11.8,64,921.8,71.7,121,2728,0,-3.6,Clear,4160.0
2952,38,4,2022-08-23 18:43:27,17.5,55,948.2,20.5,168,1054,3,12.4,Heavy Rain,2365.0
2953,5,1,2022-02-22 04:40:05,33.8,84,932.4,0.7,92,8202,1,1.8,Heavy Rain,3220.0
2954,49,6,2021-10-15 04:00:01,25.4,64,935.5,68.2,295,1247,0,9.7,Cloudy,1001.0
2955,57,7,2022-09-29 23:25:53,9.0,78,963.2,18.7,173,4520,6,-3.6,Cloudy,2897.0
2956,22,2,2020-09-21 02:54:47,8.2,85,966.4,62.4,233,4550,4,-4.9,Rain,3211.0
2957,45,5,2024-02-22 18:07:54,12.1,75,902.6,70.1,240,2734,4,-3.4,Rain,3368.0
2958,36,4,2021-06-16 05:28:21,34.0,99,917.5,52.9,278,8589,5,4.3,Cloudy,3605.0
2959,34,4,2019-08-17 21:59:38,18.9,93,997.8,43.6,256,1796,6,8.2,Fog,3831.0
2960,53,6,2019-06-17 13:07:47,28.2,70,955.0,49.7,140,8232,5,2.7,Cloudy,1483.0
2961,62,8,2023-02-06 05:01:13,7.0,74,968.9,5.0,47,2774,5,-4.6,Thunderstorm,3705.0
2962,29,3,2022-11-08 05:40:14,15.8,88,924.6,33.0,341,6423,2,4.1,Fog,2311.0
2963,29,3,2021-12-13 00:40:06,16.9,70,931.5,3.1,278,6357,0,4.6,Heavy Rain,4254.0
2964,46,5,2018-12-09 16:38:53,15.2,86,973.3,17.5,295,6119,0,7.9,Cloudy,3168.0
2965,20,2,2024-02-02 14:25:27,15.0,91,927.3,25.8,167,8837,6,8.2,Fog,1441.0
2966,28,3,2023-05-07 01:15:39,9.4,84,945.8,67.4,227,5130,0,7.9,Thunderstorm,3529.0
2967,16,2,2018-04-08 02:45:57,13.9,96,1006.7,5.4,352,1034,1,-2.4,Cloudy,3215.0
2968,11,1,2019-08-18 10:16:36,23.5,70,957.8,41.0,286,5715,0,3.7,Rain,3862.0
2969,12,1,2018-02-12 03:19:01,25.1,88,1007.6,72.9,275,5138,8,8.2,Heavy Rain,3881.0
2970,62,8,2023-09-23 00:09:05,12.8,55,901.6,9.3,318,307,5,0.9,Clear,2104.0
2971,54,6,2020-06-24 17:32:32,29.0,79,985.3,31.8,167,9265,5,10.8,Heavy Rain,2415.0
2972,41,5,2024-11-12 12:12:18,14.2,98,945.4,25.9,243,4168,6,-0.5,Heavy Rain,2579.0
2973,33,4,2022-03-12 09:41:58,9.3,78,940.3,18.9,211,6860,3,9.5,Rain,1883.0
2974,28,3,2022-12-05 19:06:20,8.7,100,917.5,69.5,11,7661,8,8.5,Heavy Rain,2645.0
2975,57,7,2022-09-22 18:24:10,26.3,98,993.9,65.2,181,9687,4,0.9,Thunderstorm,4357.0
2976,61,8,2018-06-17 00:24:17,12.9,65,946.6,18.5,125,3735,7,14.1,Thunderstorm,1824.0
2977,4,1,2020-10-31 12:25:15,20.9,46,990.0,69.4,318,1675,6,-2.4,Thunderstorm,4276.0
2978,26,3,2024-05-11 23:07:01,23.8,82,908.1,18.5,126,8666,7,1.6,Fog,3789.0
2979,37,4,2022-03-06 20:07:37,16.1,49,901.9,69.6,168,4674,7,10.3,Thunderstorm,1324.0
2980,58,7,2023-06-02 00:28:51,24.7,100,931.3,1.8,210,6091,3,-2.8,Cloudy,4039.0
2981,4,1,2019-06-20 19:01:14,25.8,70,951.8,16.9,238,7984,0,14.7,Cloudy,1008.0
2982,36,4,2019-07-24 18:03:02,17.2,88,932.5,28.9,228,5232,5,6.9,Rain,2502.0
2983,42,5,2018-06-14 00:35:30,23.6,57,989.8,38.2,326,8422,1,-2.2,Rain,2274.0
2984,62,8,2023-04-25 05:33:02,29.4,40,946.6,64.7,159,4518,3,-1.1,Cloudy,4151.0
2985,18,2,2018-03-22 18:57:49,24.9,68,938.1,63.7,300,4254,2,2.8,Thunderstorm,4164.0
2986,40,5,2018-03-01 17:26:03,22.9,86,987.6,24.4,214,587,2,-4.8,Rain,2928.0
2987,27,3,2021-11-14 01:53:40,15.2,45,989.8,38.4,266,6147,2,5.3,Fog,2413.0
2988,25,3,2021-07-26 16:12:30,33.1,94,999.0,42.2,72,4892,2,5.3,Cloudy,1488.0
2989,17,2,2019-02-11 09:46:34,14.0,82,999.4,40.3,279,8196,8,-4.2,Heavy Rain,4197.0
2990,51,6,2018-05-15 07:41:25,19.2,68,1002.0,59.8,234,5956,0,-1.0,Clear,1031.0
2991,54,6,2021-04-24 03:28:44,6.6,65,976.2,80.0,118,9985,7,4.3,Heavy Rain,984.0
2992,7,1,2024-10-18 14:05:16,11.7,73,982.7,56.7,140,2830,3,-0.7,Fog,1792.0
2993,5,1,2022-11-01 13:45:02,32.5,83,943.1,18.9,346,4598,0,3.3,Thunderstorm,2542.0
2994,15,2,2021-05-01 21:23:42,9.1,59,940.5,61.5,307,9166,0,4.9,Rain,3378.0
2995,48,6,2020-08-03 10:37:18,8.3,63,918.8,59.9,301,2407,3,13.2,Rain,3386.0
2996,4,1,2022-07-21 07:58:15,22.6,89,998.3,44.6,325,6133,2,6.6,Fog,4417.0
2997,14,2,2020-03-02 12:35:38,10.1,57,933.8,51.8,160,9248,1,14.7,Heavy Rain,1691.0
2998,25,3,2019-02-13 09:35:19,5.4,78,1005.9,77.9,70,884,0,-4.1,Fog,3092.0
2999,7,1,2019-12-12 20:35:45,15.3,40,904.5,58.7,122,2384,0,-1.6,Clear,4035.0
3000,10,1,2021-11-10 21:33:43,9.5,86,910.1,33.3,173,9283,8,11.6,Clear,4174.0
3001,33,4,2021-09-28 14:56:28,30.2,45,952.2,36.6,50,7039,5,2.5,Clear,2119.0
3002,25,3,2020-09-01 20:03:57,11.2,63,918.1,57.2,59,4044,8,11.7,Rain,3723.0
3003,55,7,2022-09-15 13:15:57,29.8,77,964.4,43.7,60,7859,2,1.8,Fog,902.0
3004,28,3,2021-11-13 21:42:30,33.2,55,924.3,14.4,297,3259,0,11.3,Clear,2590.0
3005,54,6,2018-02-20 19:54:39,13.4,46,1007.7,47.1,319,3767,6,12.9,Clear,3257.0
3006,16,2,2019-05-01 05:13:05,31.9,56,932.1,65.2,57,4089,6,2.0,Thunderstorm,4248.0
3007,48,6,2020-02-28 19:50:47,26.8,64,974.0,55.2,354,2122,1,12.7,Clear,2579.0
3008,59,8,2024-11-24 23:18:31,29.6,69,972.7,33.1,16,8285,0,0.8,Thunderstorm,3789.0
3009,16,2,2024-05-21 22:00:57,16.7,43,951.2,0.8,313,2310,4,6.7,Clear,3883.0
3010,57,7,2018-03-25 18:33:00,30.6,62,974.6,38.0,16,3407,8,8.5,Heavy Rain,3641.0
3011,32,3,2018-03-29 12:29:06,13.8,49,968.2,24.5,303,8886,8,9.9,Thunderstorm,3291.0
3012,45,5,2019-04-01 20:09:37,18.0,76,947.0,16.6,175,1608,4,8.1,Heavy Rain,3966.0
3013,17,2,2023-08-29 02:12:35,31.4,86,939.1,11.0,184,5737,7,4.4,Cloudy,1754.0
3014,54,6,2022-04-09 03:39:22,26.9,84,901.9,6.4,131,5770,4,-2.6,Fog,3539.0
3015,12,1,2019-12-10 20:03:08,30.2,72,930.9,71.2,203,1368,0,1.7,Heavy Rain,4445.0
3016,22,2,2020-05-04 21:14:23,7.0,90,976.2,63.1,77,4132,6,12.4,Thunderstorm,950.0
3017,47,6,2024-08-19 03:22:28,17.1,72,901.8,52.0,81,5591,6,-0.5,Heavy Rain,3106.0
3018,9,1,2018-07-21 12:50:48,29.3,87,983.6,58.7,159,1267,7,5.4,Clear,4163.0
3019,57,7,2019-10-30 02:00:31,25.5,73,1001.9,42.7,206,8958,3,7.4,Thunderstorm,4400.0
3020,20,2,2018-12-05 04:10:04,26.3,65,924.6,57.6,184,7655,6,9.7,Cloudy,2028.0
3021,35,4,2023-03-08 04:14:39,27.2,97,963.6,75.6,204,7725,6,8.2,Heavy Rain,1818.0
3022,50,6,2022-09-17 05:35:47,27.6,88,968.0,58.2,56,8557,3,11.0,Clear,3299.0
3023,27,3,2021-08-25 14:18:53,28.0,44,992.3,74.8,145,3178,0,-1.3,Thunderstorm,1339.0
3024,15,2,2022-02-24 13:45:31,28.3,98,990.6,23.2,178,6974,6,12.1,Cloudy,2621.0
3025,6,1,2021-05-08 21:10:37,5.2,65,1004.3,24.1,87,6207,7,2.1,Thunderstorm,1735.0
3026,8,1,2018-08-22 03:00:40,7.3,98,979.9,25.5,317,2302,6,5.4,Thunderstorm,1773.0
3027,36,4,2021-08-19 01:49:35,12.7,75,988.1,11.9,142,8299,5,10.4,Cloudy,4228.0
3028,27,3,2021-11-29 05:04:32,34.4,45,942.1,75.1,151,3982,7,-2.1,Thunderstorm,932.0
3029,62,8,2023-03-29 19:08:57,32.3,46,981.9,48.0,183,154,5,1.2,Clear,1149.0
3030,5,1,2020-08-01 04:10:01,26.4,64,910.6,39.4,150,5602,0,6.1,Fog,2815.0
3031,37,4,2021-08-10 03:20:09,28.4,64,942.9,1.4,128,9657,4,8.5,Rain,3335.0
3032,43,5,2021-05-23 14:10:35,15.1,80,908.5,64.6,26,8556,6,2.0,Heavy Rain,3018.0
3033,19,2,2020-06-30 17:34:20,23.6,83,995.6,35.5,297,3637,2,-4.8,Clear,2442.0
3034,15,2,2024-06-19 07:59:48,18.9,48,985.5,43.3,68,2012,2,-3.5,Fog,2164.0
3035,29,3,2020-06-18 16:14:43,8.1,52,947.0,75.3,33,2640,4,10.7,Rain,3390.0
3036,20,2,2024-11-18 10:55:02,11.7,97,916.0,61.8,207,9671,8,9.0,Thunderstorm,3835.0
3037,34,4,2018-06-18 06:22:10,33.0,53,984.7,70.4,138,6968,6,12.0,Fog,1219.0
3038,7,1,2021-04-08 23:20:55,20.0,90,931.4,50.4,129,2756,0,5.5,Thunderstorm,3566.0
3039,41,5,2024-03-07 22:20:39,29.0,72,989.7,14.1,285,5168,4,-4.0,Rain,1054.0
3040,29,3,2022-05-09 21:30:21,34.7,45,980.0,19.9,40,5588,4,13.2,Cloudy,1551.0
3041,30,3,2023-06-03 08:06:53,10.7,98,968.7,50.3,139,1255,6,13.9,Clear,2808.0
3042,30,3,2022-02-15 00:11:15,25.7,64,916.5,76.9,183,1441,2,7.1,Thunderstorm,4172.0
3043,48,6,2024-03-15 19:57:13,14.0,43,934.0,56.1,352,9790,0,7.2,Clear,1096.0
3044,45,5,2020-06-10 17:54:50,13.2,65,947.0,51.7,270,5410,1,10.8,Thunderstorm,4491.0
3045,11,1,2019-04-27 04:26:25,27.5,60,923.0,69.6,280,1037,1,9.3,Rain,2886.0
3046,15,2,2020-11-09 05:22:43,6.9,81,952.3,74.4,41,6259,5,12.3,Thunderstorm,2133.0
3047,29,3,2023-11-09 04:16:24,22.7,48,991.4,48.5,230,5552,0,11.1,Heavy Rain,2980.0
3048,48,6,2021-05-26 19:40:11,31.9,75,980.7,79.8,293,7922,3,-3.2,Fog,3464.0
3049,33,4,2024-12-02 05:54:10,6.1,86,919.8,23.7,171,5850,6,11.9,Heavy Rain,1156.0
3050,1,1,2018-01-30 17:14:36,7.0,54,942.6,16.7,163,724,8,14.4,Heavy Rain,2894.0
3051,51,6,2022-10-16 22:22:28,27.6,65,980.1,57.4,325,9998,7,13.2,Rain,3984.0
3052,46,5,2024-08-05 11:55:23,30.8,49,942.1,54.1,234,1971,4,0.5,Clear,2168.0
3053,21,2,2018-10-24 19:36:43,29.5,70,985.5,77.7,182,3167,5,10.0,Thunderstorm,3829.0
3054,39,4,2022-08-24 12:06:30,18.4,83,1001.2,21.5,26,3315,6,9.0,Thunderstorm,2504.0
3055,52,6,2023-04-22 03:09:55,28.2,75,1005.0,76.2,283,1239,7,10.3,Clear,3603.0
3056,6,1,2022-12-10 07:43:26,18.2,73,999.5,52.1,123,5985,1,10.7,Rain,1833.0
3057,46,5,2023-03-21 00:36:35,22.1,96,917.2,23.1,134,5365,1,7.7,Cloudy,1183.0
3058,16,2,2018-11-22 07:33:12,32.3,87,903.1,62.1,91,9258,1,7.5,Clear,4211.0
3059,24,3,2021-02-15 14:16:21,24.6,94,1005.2,35.1,195,3961,1,4.9,Heavy Rain,1961.0
3060,53,6,2018-02-25 20:55:10,13.5,64,937.6,47.6,353,3244,8,12.3,Cloudy,1251.0
3061,3,1,2023-12-26 01:23:27,27.6,79,945.8,72.6,50,8898,2,13.9,Cloudy,3815.0
3062,56,7,2021-06-04 08:51:51,24.1,71,909.0,74.0,212,5259,3,-2.7,Rain,3496.0
3063,51,6,2023-12-17 06:20:33,30.8,67,959.7,38.1,200,4100,2,1.8,Heavy Rain,1927.0
3064,44,5,2019-01-31 01:48:11,8.8,68,975.4,70.7,76,6177,0,-3.7,Clear,2163.0
3065,33,4,2021-07-20 01:38:18,20.2,82,972.3,49.3,341,2677,7,8.1,Thunderstorm,2665.0
3066,3,1,2021-11-10 01:23:44,31.1,85,915.3,10.8,175,5587,4,8.7,Thunderstorm,1418.0
3067,31,3,2019-03-08 08:03:17,33.7,87,956.8,70.7,277,2856,1,3.4,Heavy Rain,1742.0
3068,32,3,2020-02-29 14:23:26,7.4,80,963.8,6.4,62,1630,7,5.8,Fog,1319.0
3069,58,7,2020-12-08 11:57:00,29.7,49,908.0,11.4,321,4413,1,10.3,Heavy Rain,2051.0
3070,19,2,2019-10-09 05:27:10,14.3,50,906.9,66.9,264,5741,6,14.8,Heavy Rain,3232.0
3071,31,3,2018-11-11 03:41:48,17.6,87,972.4,67.8,219,281,3,-3.0,Heavy Rain,3550.0
3072,35,4,2020-11-17 08:47:07,8.1,80,981.8,25.5,155,7811,1,-3.2,Rain,2974.0
3073,7,1,2022-11-08 01:03:49,30.9,82,985.7,59.5,318,9921,1,0.6,Cloudy,3960.0
3074,46,5,2023-11-02 10:06:09,12.9,79,954.0,1.5,139,1561,8,9.3,Thunderstorm,2600.0
3075,25,3,2020-07-04 07:16:26,7.2,100,960.3,63.6,177,5483,5,11.9,Heavy Rain,2458.0
3076,45,5,2022-07-30 18:13:14,12.8,44,953.3,10.7,320,4305,1,3.6,Cloudy,3017.0
3077,15,2,2020-05-17 18:38:01,7.4,60,980.0,70.3,118,2409,4,11.2,Clear,2143.0
3078,32,3,2020-03-31 20:27:53,31.2,64,985.5,2.1,27,3141,8,9.3,Clear,4291.0
3079,38,4,2023-04-09 11:12:13,29.6,65,952.9,50.6,125,8571,2,2.6,Heavy Rain,3252.0
3080,1,1,2024-07-25 07:16:44,16.8,45,928.6,20.5,304,7683,7,9.4,Cloudy,3760.0
3081,6,1,2021-10-14 20:06:32,28.8,99,938.2,57.9,125,8815,8,2.8,Heavy Rain,3816.0
3082,17,2,2021-09-16 23:22:35,34.2,99,980.9,79.4,293,2165,8,11.8,Clear,4173.0
3083,62,8,2022-03-13 18:06:23,25.9,72,971.4,44.8,17,9200,4,1.7,Thunderstorm,4475.0
3084,36,4,2024-09-24 20:47:33,14.1,71,1001.7,57.9,63,1167,7,11.4,Fog,986.0
3085,47,6,2024-11-14 23:19:36,24.8,90,956.0,78.7,4,9023,0,0.2,Heavy Rain,1821.0
3086,29,3,2023-03-02 01:04:32,28.5,52,900.7,31.8,183,1476,5,0.3,Heavy Rain,2031.0
3087,60,8,2019-05-28 13:22:05,26.6,88,962.4,21.1,166,1611,6,3.9,Cloudy,2234.0
3088,56,7,2023-05-10 14:50:42,18.8,51,902.0,20.8,160,1988,2,13.9,Thunderstorm,3568.0
3089,56,7,2023-03-26 03:16:07,34.3,98,970.2,67.1,261,5917,8,-0.1,Rain,3237.0
3090,34,4,2022-06-02 18:14:43,14.9,74,1005.7,28.0,273,3731,7,0.6,Cloudy,1482.0
3091,26,3,2020-12-01 16:31:36,11.6,74,1002.0,27.8,262,6085,6,-1.2,Fog,2881.0
3092,60,8,2019-09-24 17:03:31,15.8,50,1006.3,22.0,205,8574,2,4.4,Rain,1591.0
3093,46,5,2024-01-06 12:23:58,13.3,62,971.4,8.2,212,8227,4,7.7,Rain,2033.0
3094,6,1,2024-12-14 19:33:11,21.8,68,961.0,71.3,264,5705,8,-2.7,Heavy Rain,4000.0
3095,35,4,2022-09-29 19:49:44,28.1,82,982.1,78.7,129,7818,6,3.4,Fog,3424.0
3096,24,3,2021-08-24 21:11:18,14.2,81,931.4,33.4,150,4350,1,0.7,Heavy Rain,2126.0
3097,1,1,2023-05-25 00:27:11,12.2,56,971.3,23.2,12,1575,4,-3.0,Heavy Rain,1994.0
3098,19,2,2024-10-08 17:15:13,8.9,77,935.8,71.8,268,2544,8,-0.8,Fog,996.0
3099,32,3,2021-02-16 18:38:51,6.2,45,968.1,15.9,263,9938,4,12.4,Fog,1012.0
3100,59,8,2021-07-14 06:17:30,15.3,55,1002.4,60.7,131,2665,2,3.7,Fog,1717.0
3101,43,5,2023-07-01 10:02:18,10.2,76,983.5,18.7,59,5553,2,-2.9,Fog,3427.0
3102,2,1,2020-12-12 01:37:48,26.4,66,999.2,47.7,131,5164,3,4.4,Fog,2470.0
3103,46,5,2024-03-03 16:24:57,20.7,96,914.0,73.8,101,3370,1,-2.2,Heavy Rain,2978.0
3104,52,6,2023-07-13 06:27:11,26.9,66,993.7,47.4,348,526,0,14.1,Thunderstorm,1508.0
3105,38,4,2019-06-20 05:33:24,11.1,65,959.7,0.1,97,9458,2,-2.3,Fog,2577.0
3106,13,2,2022-06-12 02:43:56,22.5,79,973.3,30.5,89,3245,8,-0.6,Clear,1762.0
3107,17,2,2020-08-04 17:44:53,12.8,41,961.2,53.6,76,124,6,8.3,Fog,3914.0
3108,18,2,2020-08-10 16:25:52,20.7,53,1001.6,9.6,249,5921,5,7.3,Clear,2289.0
3109,10,1,2019-08-30 23:56:39,28.1,82,943.5,14.8,283,7337,8,2.0,Thunderstorm,2223.0
3110,62,8,2022-03-23 14:32:06,25.5,97,914.5,48.8,196,8174,1,1.7,Fog,1979.0
3111,37,4,2020-06-22 18:58:51,27.3,81,925.3,65.7,96,5878,3,-5.0,Fog,2410.0
3112,14,2,2023-03-07 03:55:35,18.4,98,971.3,62.5,195,2716,1,-3.0,Rain,2272.0
3113,33,4,2021-04-03 10:56:15,23.3,75,984.1,69.2,217,4619,6,9.1,Rain,1856.0
3114,51,6,2019-10-07 06:04:53,25.6,84,995.9,16.2,130,5480,5,-1.4,Rain,3536.0
3115,41,5,2019-04-10 11:16:50,19.7,97,950.0,36.4,25,9956,4,6.3,Thunderstorm,942.0
3116,2,1,2020-07-31 02:31:46,21.7,78,982.7,42.1,65,4447,6,7.3,Rain,2828.0
3117,37,4,2023-10-01 00:56:59,10.7,52,1005.0,14.8,89,8637,4,7.1,Clear,1239.0
3118,29,3,2023-04-30 15:01:11,22.6,90,918.0,55.5,69,9070,7,-0.7,Clear,1914.0
3119,58,7,2024-06-10 17:13:06,22.2,55,959.4,22.5,115,6017,2,-1.2,Cloudy,2613.0
3120,27,3,2024-08-06 05:53:46,9.4,46,1000.5,12.1,306,8048,8,8.7,Thunderstorm,3947.0
3121,3,1,2021-01-17 18:29:20,27.3,92,967.6,50.3,251,2904,6,1.2,Thunderstorm,912.0
3122,36,4,2021-04-05 22:29:51,21.0,72,989.3,63.0,28,7883,8,5.9,Fog,1503.0
3123,23,3,2018-05-02 08:26:36,20.3,57,941.7,2.9,315,7642,3,1.2,Clear,3733.0
3124,16,2,2019-12-25 01:26:52,30.5,94,945.3,57.4,348,6633,1,7.7,Thunderstorm,3577.0
3125,8,1,2018-04-20 07:33:29,19.7,99,920.6,72.3,272,9831,2,7.8,Heavy Rain,3016.0
3126,54,6,2020-08-15 07:34:30,34.0,86,909.0,30.7,142,724,3,-0.8,Heavy Rain,3093.0
3127,38,4,2024-03-25 17:10:15,15.2,96,1005.1,7.5,302,1917,7,-0.8,Rain,2836.0
3128,39,4,2020-01-07 12:09:52,32.8,53,937.8,77.5,196,4458,5,13.2,Rain,3565.0
3129,31,3,2020-08-15 13:14:02,10.0,97,1003.9,18.5,77,6374,4,11.3,Fog,2191.0
3130,8,1,2019-08-09 15:50:22,23.2,97,914.4,76.8,156,2073,5,4.4,Cloudy,985.0
3131,11,1,2024-07-22 17:32:07,20.4,77,908.9,31.7,56,7490,6,5.1,Clear,2426.0
3132,60,8,2020-01-11 01:25:39,18.9,59,905.8,12.4,20,2866,3,2.7,Rain,3282.0
3133,13,2,2022-03-21 12:25:59,19.0,55,923.9,43.4,297,1798,2,-4.9,Rain,1832.0
3134,27,3,2020-02-16 07:58:20,11.5,47,945.9,56.0,316,4436,3,-1.5,Fog,1349.0
3135,8,1,2024-07-09 13:58:14,34.3,84,947.8,62.7,67,6976,7,-3.2,Fog,3797.0
3136,34,4,2022-12-23 11:46:45,6.6,50,961.0,79.3,67,7401,1,9.4,Fog,2963.0
3137,36,4,2019-05-19 09:28:44,26.6,57,901.0,6.7,23,2995,7,1.1,Clear,2596.0
3138,14,2,2022-08-09 17:12:21,32.1,52,911.7,47.7,113,7829,3,11.0,Fog,3279.0
3139,9,1,2021-07-07 08:46:46,19.7,78,1002.7,24.4,201,8784,7,14.9,Rain,3015.0
3140,31,3,2021-06-04 14:10:29,5.8,82,952.9,61.9,266,3181,2,3.8,Thunderstorm,3707.0
3141,17,2,2019-11-16 23:27:07,30.1,98,902.6,78.6,217,8085,6,0.9,Heavy Rain,3117.0
3142,56,7,2020-05-17 11:02:49,8.8,45,901.9,23.7,288,2871,4,6.0,Heavy Rain,2829.0
3143,7,1,2019-08-27 02:15:10,18.7,64,903.2,20.5,98,7173,2,2.0,Fog,2253.0
3144,19,2,2021-11-10 12:06:33,31.0,65,961.8,51.3,17,3646,6,14.9,Clear,1323.0
3145,33,4,2018-08-30 01:38:41,29.6,86,958.2,55.3,35,8148,5,13.9,Thunderstorm,3050.0
3146,15,2,2018-02-26 16:18:29,15.6,65,969.3,32.7,312,884,3,-0.6,Cloudy,3329.0
3147,16,2,2019-10-13 14:15:34,23.5,59,972.8,32.6,318,9497,1,8.3,Heavy Rain,3813.0
3148,41,5,2021-04-29 02:20:25,5.4,91,910.1,3.9,349,9650,2,9.6,Cloudy,1128.0
3149,30,3,2019-04-20 15:26:54,16.1,97,951.1,30.3,64,3154,2,-4.5,Rain,3716.0
3150,54,6,2024-01-03 10:40:37,23.6,47,964.7,74.8,190,8536,2,0.6,Heavy Rain,2816.0
3151,58,7,2019-10-08 20:37:33,25.5,52,970.5,59.9,224,1163,6,3.5,Fog,4113.0
3152,48,6,2019-02-15 10:37:12,6.0,46,1006.0,14.7,128,8229,0,14.7,Rain,927.0
3153,2,1,2023-05-04 02:55:22,32.0,54,977.5,64.6,109,6974,7,1.8,Thunderstorm,2374.0
3154,32,3,2023-10-01 21:08:04,9.1,86,902.6,24.5,146,7881,5,0.9,Cloudy,1786.0
3155,35,4,2019-09-16 12:28:03,19.9,60,912.6,61.9,291,8139,4,-1.0,Cloudy,4161.0
3156,8,1,2020-06-11 20:05:17,17.0,81,1007.5,57.8,245,114,7,5.0,Fog,3214.0
3157,42,5,2018-03-06 00:33:32,17.2,60,942.6,68.4,250,7295,0,14.2,Thunderstorm,3886.0
3158,25,3,2023-09-26 15:34:22,11.4,50,952.7,73.7,98,2355,4,3.4,Heavy Rain,1653.0
3159,8,1,2023-11-08 09:16:36,23.6,56,1001.4,27.2,80,2746,8,-2.0,Clear,3135.0
3160,17,2,2021-07-04 00:46:53,9.1,43,964.4,34.6,80,8298,5,13.9,Fog,2465.0
3161,10,1,2022-08-08 16:37:18,33.4,95,1000.7,28.7,105,4585,0,11.4,Rain,1832.0
3162,50,6,2020-06-10 06:55:43,6.6,48,984.2,77.7,303,5238,6,4.7,Fog,3462.0
3163,16,2,2018-12-29 18:56:21,11.8,48,1006.9,63.6,5,1270,3,-0.5,Rain,3679.0
3164,14,2,2020-01-27 14:53:57,32.3,74,968.2,10.3,140,4848,7,13.6,Rain,1542.0
3165,23,3,2022-04-23 07:33:17,17.2,100,982.0,77.5,328,3335,6,2.4,Heavy Rain,1024.0
3166,7,1,2018-06-27 12:27:54,34.1,83,900.8,48.7,104,3992,2,10.1,Rain,2013.0
3167,40,5,2019-08-06 00:26:17,12.0,77,987.2,47.0,310,894,4,-1.6,Cloudy,4492.0
3168,61,8,2020-06-22 19:54:57,16.5,82,1003.1,70.9,111,5488,4,8.5,Fog,4054.0
3169,55,7,2020-03-11 13:11:28,29.0,51,1010.4,52.1,123,6343,6,12.6,Clear,3377.0
3170,1,1,2022-11-12 19:40:26,7.0,81,949.2,10.2,120,2869,8,14.8,Cloudy,3483.0
3171,11,1,2021-05-08 10:32:08,22.4,46,987.4,48.3,300,5737,0,6.3,Clear,4251.0
3172,57,7,2021-10-01 20:13:06,20.6,54,938.2,22.0,66,398,3,12.2,Heavy Rain,2633.0
3173,15,2,2020-06-23 20:38:35,11.7,91,946.1,41.9,42,8282,7,15.0,Clear,1076.0
3174,37,4,2019-01-11 23:22:33,24.1,60,985.1,7.0,341,5229,3,5.9,Rain,4422.0
3175,44,5,2019-01-06 00:11:36,10.4,50,997.5,3.8,304,798,2,-3.4,Cloudy,3892.0
3176,46,5,2024-04-21 13:04:17,17.6,97,986.0,71.2,166,2560,2,-2.7,Rain,3360.0
3177,29,3,2024-04-22 14:53:04,12.2,100,958.7,71.7,301,1755,6,-3.7,Clear,4023.0
3178,3,1,2018-03-15 23:54:49,28.1,99,938.6,7.7,156,6004,7,1.7,Clear,3049.0
3179,18,2,2018-03-17 14:01:46,15.7,64,992.9,8.8,62,2141,3,8.2,Clear,1380.0
3180,34,4,2018-08-01 20:52:56,13.2,81,948.4,26.1,126,1508,0,-4.1,Clear,4438.0
3181,26,3,2024-03-15 22:18:44,7.6,48,927.6,78.8,255,441,0,11.8,Cloudy,4226.0
3182,28,3,2023-06-24 15:06:04,24.8,68,947.3,40.9,124,9653,8,12.6,Heavy Rain,1294.0
3183,48,6,2019-08-25 23:00:47,24.3,60,1004.5,6.1,309,2772,0,2.8,Heavy Rain,2569.0
3184,18,2,2024-08-15 03:51:13,34.3,78,983.6,70.4,86,5280,8,2.8,Fog,1987.0
3185,9,1,2020-04-10 21:13:46,7.5,59,938.8,31.1,193,1095,4,14.7,Rain,4337.0
3186,41,5,2023-02-04 19:38:02,31.2,86,929.1,71.8,345,983,7,3.7,Cloudy,3085.0
3187,41,5,2018-03-04 11:55:26,27.1,52,1006.3,11.2,100,7424,5,10.3,Clear,1102.0
3188,8,1,2024-04-11 05:31:45,35.0,69,977.0,16.0,50,4272,8,-1.6,Thunderstorm,2558.0
3189,60,8,2018-07-15 08:13:37,5.3,61,991.3,59.9,61,4559,3,6.1,Rain,4103.0
3190,51,6,2019-01-14 02:26:35,5.5,68,968.9,8.7,183,5181,7,2.5,Cloudy,937.0
3191,46,5,2023-10-05 23:41:28,13.4,92,976.4,52.8,259,7114,7,11.1,Cloudy,4076.0
3192,29,3,2018-02-21 18:44:45,20.4,95,932.4,7.5,97,5869,4,14.5,Clear,1144.0
3193,58,7,2020-09-21 09:27:31,20.3,45,966.7,13.3,250,2970,8,8.9,Cloudy,1728.0
3194,52,6,2019-06-08 10:01:30,29.1,47,932.6,39.6,59,2482,5,0.8,Fog,4493.0
3195,57,7,2022-05-29 23:01:03,30.2,71,937.4,60.1,39,6459,3,4.9,Rain,3909.0
3196,22,2,2018-08-07 18:53:56,20.3,79,1010.5,6.9,2,5186,1,14.7,Fog,3600.0
3197,53,6,2022-03-25 22:55:52,26.2,95,960.5,12.4,259,3449,5,9.8,Rain,4438.0
3198,36,4,2022-01-01 09:26:54,14.6,45,918.2,53.6,340,8507,1,14.0,Clear,1279.0
3199,33,4,2023-02-22 12:02:28,19.3,53,904.8,39.7,164,6207,1,-2.8,Cloudy,4253.0
3200,21,2,2023-01-12 10:51:49,23.3,95,950.4,70.8,195,1360,5,11.3,Fog,1821.0
3201,58,7,2023-06-02 18:54:15,16.1,87,1010.4,76.4,128,3946,0,9.5,Rain,4141.0
3202,15,2,2024-02-29 13:35:01,9.4,93,977.4,3.5,101,8424,7,9.0,Thunderstorm,2534.0
3203,13,2,2019-04-27 14:01:59,13.3,81,909.9,36.3,345,9842,4,-0.3,Clear,3964.0
3204,6,1,2021-12-17 05:00:27,30.1,65,931.6,62.4,292,9991,2,10.3,Thunderstorm,3835.0
3205,47,6,2023-12-11 23:27:15,11.8,64,900.8,45.2,170,5682,1,3.7,Clear,4422.0
3206,10,1,2023-11-13 13:36:26,19.9,46,902.8,26.3,335,9634,5,10.7,Heavy Rain,2473.0
3207,26,3,2019-03-26 14:45:53,11.4,66,1006.2,69.9,49,415,5,2.9,Thunderstorm,3558.0
3208,48,6,2019-01-06 22:14:16,18.5,75,1006.8,49.2,94,4304,8,4.9,Fog,3009.0
3209,1,1,2023-06-21 03:26:13,13.3,48,918.0,29.6,136,4652,4,10.1,Rain,2959.0
3210,22,2,2019-09-04 10:17:35,27.7,58,927.5,7.1,51,5248,8,10.2,Rain,2766.0
3211,55,7,2021-04-03 02:47:47,26.8,93,949.2,43.4,308,2300,1,13.3,Fog,3594.0
3212,62,8,2020-02-09 17:24:26,9.7,98,985.8,20.1,272,3622,8,8.4,Heavy Rain,4136.0
3213,12,1,2019-09-04 21:39:46,26.9,55,945.2,48.8,97,3754,1,13.1,Heavy Rain,4165.0
3214,49,6,2022-12-11 02:51:31,21.5,45,998.0,62.0,18,9676,1,-0.6,Thunderstorm,3037.0
3215,37,4,2021-01-10 18:36:39,30.6,97,912.9,59.3,163,8986,1,9.6,Thunderstorm,919.0
3216,26,3,2022-04-03 12:53:24,32.9,84,930.7,13.0,278,5020,2,-2.6,Cloudy,1576.0
3217,27,3,2019-04-11 11:20:14,21.9,42,959.9,42.2,190,7514,5,11.1,Heavy Rain,2218.0
3218,45,5,2018-12-29 03:04:53,6.6,42,1004.4,12.6,26,1483,7,2.5,Thunderstorm,1586.0
3219,49,6,2024-09-19 16:05:15,17.6,47,967.3,15.2,265,8894,6,-2.0,Fog,2305.0
3220,58,7,2022-08-17 13:03:37,20.7,50,991.5,1.9,136,7231,7,7.3,Rain,2120.0
3221,42,5,2019-07-16 18:41:08,18.5,56,916.8,69.4,200,6972,3,14.3,Rain,3107.0
3222,47,6,2023-10-30 23:01:28,30.0,47,992.7,7.8,172,7467,7,7.0,Heavy Rain,2826.0
3223,59,8,2024-09-07 06:45:43,17.5,47,974.7,40.7,150,7298,1,4.6,Clear,3200.0
3224,31,3,2024-03-30 15:55:58,14.9,66,945.9,47.7,192,7067,8,1.3,Heavy Rain,1028.0
3225,51,6,2021-08-16 18:32:09,34.9,43,994.0,8.9,235,4358,7,14.2,Rain,4460.0
3226,53,6,2019-05-28 01:09:59,22.7,54,919.5,24.1,8,7251,8,10.5,Thunderstorm,3101.0
3227,59,8,2023-10-25 16:28:13,11.2,91,1005.5,20.0,162,9855,7,7.9,Thunderstorm,4312.0
3228,51,6,2019-10-29 12:11:54,16.5,89,984.1,12.6,286,2956,4,4.8,Fog,1935.0
3229,27,3,2021-03-13 04:33:36,17.2,45,943.2,29.1,22,5020,7,-3.6,Cloudy,3105.0
3230,20,2,2022-04-17 14:07:23,8.3,83,923.8,27.2,329,1317,7,0.1,Heavy Rain,1606.0
3231,37,4,2021-06-04 03:31:24,10.8,60,983.8,18.9,176,3085,3,8.2,Cloudy,1678.0
3232,58,7,2022-06-20 16:37:50,19.0,49,994.3,18.1,130,3582,7,-4.2,Thunderstorm,2787.0
3233,1,1,2021-04-09 19:58:01,30.9,77,925.2,41.2,320,4499,0,3.5,Fog,2889.0
3234,31,3,2018-03-05 04:47:24,24.7,79,992.5,44.2,184,7581,2,13.1,Cloudy,3531.0
3235,49,6,2019-07-24 21:48:18,23.8,49,967.1,71.8,140,2171,3,4.8,Thunderstorm,1100.0
3236,60,8,2024-01-18 21:24:35,16.1,58,975.7,65.9,149,9141,5,8.2,Heavy Rain,1568.0
3237,40,5,2021-12-25 18:16:13,25.9,53,985.3,5.0,38,2347,3,12.7,Clear,4253.0
3238,36,4,2018-02-19 15:18:23,34.8,97,908.4,74.7,37,6854,3,-0.4,Heavy Rain,1797.0
3239,31,3,2019-10-06 18:26:34,17.3,87,999.3,50.1,304,998,7,7.7,Clear,2424.0
3240,30,3,2021-03-06 23:36:52,33.4,59,989.2,42.3,144,7488,8,1.8,Thunderstorm,1245.0
3241,58,7,2024-05-14 11:41:51,15.3,69,942.7,34.9,284,988,7,13.0,Cloudy,2015.0
3242,45,5,2019-12-17 11:17:57,5.6,94,937.2,61.0,233,3639,8,14.2,Thunderstorm,3008.0
3243,16,2,2018-10-13 07:20:27,26.8,88,938.4,0.1,205,8177,1,4.4,Heavy Rain,1426.0
3244,45,5,2020-09-30 12:33:13,33.3,53,964.5,47.6,344,9820,7,-1.5,Thunderstorm,2752.0
3245,30,3,2024-08-06 17:40:54,25.0,71,956.6,1.9,164,9127,2,2.8,Fog,3044.0
3246,35,4,2022-06-14 23:21:47,14.4,83,917.5,30.7,13,4672,0,-1.2,Clear,1073.0
3247,12,1,2018-10-18 12:24:15,26.9,59,942.7,52.4,222,3367,3,-0.2,Fog,1051.0
3248,49,6,2023-08-16 17:04:15,13.2,63,939.9,51.0,85,4792,4,11.0,Thunderstorm,2346.0
3249,45,5,2022-01-08 04:35:35,23.9,62,943.3,22.3,162,6868,5,-1.9,Fog,2976.0
3250,56,7,2024-02-17 02:42:13,13.6,55,933.1,6.9,176,4330,2,3.4,Fog,2905.0
3251,20,2,2021-03-03 03:36:27,17.8,43,936.2,34.3,126,3658,2,4.2,Rain,1849.0
3252,50,6,2022-06-29 04:40:18,9.7,93,905.4,11.9,261,9524,0,-0.0,Cloudy,3186.0
3253,8,1,2018-10-17 07:13:40,27.6,66,953.7,52.9,280,2005,8,4.1,Rain,1867.0
3254,18,2,2021-06-18 02:33:39,19.9,97,1003.9,73.4,270,9821,4,7.0,Fog,1773.0
3255,14,2,2018-08-04 19:29:18,10.8,40,922.7,18.4,135,3998,6,-2.9,Fog,4473.0
3256,62,8,2021-08-26 14:34:33,34.4,97,950.4,17.2,103,5194,3,5.2,Thunderstorm,1922.0
3257,54,6,2023-06-11 06:26:42,13.7,97,952.7,79.8,258,5799,0,12.9,Heavy Rain,2600.0
3258,40,5,2023-08-29 13:26:22,9.5,56,963.2,61.6,253,4414,7,9.2,Cloudy,1340.0
3259,26,3,2023-05-26 08:46:48,24.0,80,960.4,20.8,95,3993,1,-0.3,Thunderstorm,4093.0
3260,17,2,2022-05-28 00:23:53,6.3,93,927.5,61.1,326,972,3,10.3,Cloudy,1653.0
3261,8,1,2023-12-27 20:29:25,5.9,74,952.5,18.9,247,4573,2,8.5,Rain,3160.0
3262,8,1,2024-02-14 18:35:23,17.4,73,926.4,47.6,312,678,3,13.4,Fog,3537.0
3263,28,3,2023-04-23 00:38:26,16.6,81,906.2,45.6,104,3973,0,-4.8,Heavy Rain,3474.0
3264,23,3,2020-05-27 03:14:35,8.8,64,911.2,76.1,221,203,5,6.6,Fog,2335.0
3265,39,4,2019-02-09 15:23:53,12.6,95,967.0,34.9,357,5860,3,1.1,Thunderstorm,1900.0
3266,40,5,2018-03-27 18:55:39,10.0,76,951.4,9.1,129,6510,3,-4.2,Heavy Rain,1358.0
3267,57,7,2019-05-12 20:17:44,19.1,58,939.6,75.1,333,9740,1,10.2,Clear,2293.0
3268,47,6,2020-06-24 08:50:45,8.9,90,972.3,8.9,265,637,3,9.1,Fog,3485.0
3269,13,2,2020-02-01 00:33:03,12.7,59,936.2,45.4,106,9702,7,-2.4,Heavy Rain,4084.0
3270,32,3,2020-10-31 19:27:46,17.2,97,900.8,57.2,313,4760,3,-4.7,Clear,2317.0
3271,40,5,2018-08-05 19:26:21,11.6,95,906.4,28.0,271,9842,3,0.1,Clear,2939.0
3272,46,5,2021-07-13 12:52:22,26.2,63,1004.9,59.4,77,2655,2,14.7,Fog,2629.0
3273,47,6,2024-12-26 04:33:42,5.9,45,945.8,9.1,9,844,8,13.5,Fog,2739.0
3274,8,1,2022-12-05 04:22:56,5.8,85,901.2,24.8,227,4423,4,12.2,Thunderstorm,2381.0
3275,58,7,2023-01-29 01:26:10,5.3,40,918.4,71.7,204,853,2,13.3,Rain,4148.0
3276,56,7,2018-01-08 20:24:02,25.4,94,901.4,27.8,320,8735,2,0.0,Cloudy,1138.0
3277,19,2,2022-06-12 16:02:53,17.3,85,910.1,53.8,73,7267,7,7.1,Clear,4435.0
3278,36,4,2020-06-22 06:15:57,31.7,94,990.9,56.9,186,2441,7,0.6,Rain,2348.0
3279,43,5,2024-12-31 14:57:54,20.4,70,972.3,67.5,181,1264,6,10.5,Fog,3131.0
3280,51,6,2024-09-20 02:39:52,21.6,93,1009.5,16.2,62,2305,0,7.8,Rain,2049.0
3281,59,8,2024-03-29 18:43:31,5.5,51,983.4,27.8,176,4613,5,-1.3,Fog,1974.0
3282,21,2,2024-03-05 16:18:49,6.3,99,906.4,25.0,284,5606,0,8.3,Heavy Rain,3671.0
3283,2,1,2024-10-20 16:49:15,29.6,80,949.9,28.8,241,4239,8,11.4,Heavy Rain,3523.0
3284,24,3,2019-08-15 07:48:38,6.7,74,1008.3,11.9,76,9740,2,7.5,Cloudy,1409.0
3285,23,3,2021-01-06 11:54:35,13.3,90,950.6,14.1,5,2116,0,14.3,Thunderstorm,2011.0
3286,35,4,2018-05-18 16:48:46,16.2,67,928.7,2.3,160,9345,2,-1.5,Cloudy,1509.0
3287,34,4,2021-07-04 19:49:17,19.6,56,986.0,2.0,24,3661,6,5.3,Clear,1559.0
3288,31,3,2024-04-10 14:02:06,32.8,71,965.4,73.2,163,6822,3,4.9,Heavy Rain,3839.0
3289,50,6,2022-07-25 12:10:32,19.9,48,993.0,43.0,87,4072,8,7.8,Clear,4185.0
3290,38,4,2020-04-02 01:27:58,9.5,71,947.4,65.9,145,5564,4,3.0,Heavy Rain,3303.0
3291,27,3,2024-04-29 22:09:27,21.6,79,987.4,23.5,220,4259,2,9.0,Thunderstorm,2691.0
3292,31,3,2019-08-07 12:51:52,9.5,85,987.5,29.0,314,6484,1,6.8,Fog,1272.0
3293,49,6,2021-03-07 09:30:52,28.2,89,962.1,57.0,207,8301,6,3.2,Fog,1759.0
3294,27,3,2018-04-05 19:59:41,18.6,95,906.4,27.6,289,2580,5,8.5,Clear,4021.0
3295,39,4,2021-03-16 22:24:46,22.6,46,953.0,42.0,162,277,8,8.7,Heavy Rain,1404.0
3296,17,2,2020-06-26 19:01:50,17.2,75,922.7,65.3,342,8517,7,6.0,Cloudy,959.0
3297,20,2,2021-01-22 04:27:06,21.0,96,951.7,70.9,347,5485,3,-4.4,Rain,4131.0
3298,20,2,2022-10-16 17:21:44,11.2,88,900.5,41.3,120,8751,3,-2.1,Rain,4341.0
3299,8,1,2018-09-14 02:29:51,7.2,82,955.1,20.8,77,551,8,4.0,Heavy Rain,2486.0
3300,2,1,2020-02-03 03:01:27,20.2,82,991.6,63.0,103,9604,1,-4.6,Cloudy,3220.0
3301,56,7,2024-09-14 22:09:34,5.1,58,972.9,63.4,157,614,6,-0.5,Clear,4407.0
3302,14,2,2020-02-12 11:45:32,13.5,64,942.3,14.6,271,1562,3,8.5,Heavy Rain,2004.0
3303,33,4,2019-10-05 06:30:00,23.4,73,905.4,4.2,328,3628,5,-4.2,Heavy Rain,1778.0
3304,14,2,2018-07-01 18:22:54,19.3,95,928.7,45.1,280,1030,2,5.5,Clear,3708.0
3305,50,6,2018-09-29 17:50:37,33.7,100,991.7,40.3,175,7694,8,9.0,Rain,3559.0
3306,3,1,2024-02-28 15:27:28,28.9,64,998.7,46.9,89,9058,2,-2.6,Fog,1716.0
3307,23,3,2018-11-11 14:25:25,32.6,84,982.7,55.8,62,6219,1,7.1,Fog,1464.0
3308,2,1,2019-05-24 10:46:19,12.0,74,1002.0,11.6,115,2936,7,-2.1,Rain,3637.0
3309,7,1,2023-01-13 04:32:00,23.3,50,973.7,56.9,160,3272,0,8.8,Thunderstorm,2002.0
3310,54,6,2022-12-29 01:41:33,7.7,86,933.5,21.1,69,8202,6,-4.5,Thunderstorm,2617.0
3311,14,2,2018-02-21 04:07:30,34.5,82,934.6,55.8,275,4328,6,11.9,Fog,2080.0
3312,33,4,2023-10-11 15:31:14,25.3,86,938.4,22.2,200,628,6,2.8,Cloudy,1693.0
3313,28,3,2021-02-17 02:09:13,12.8,46,967.7,61.3,308,4051,2,-0.7,Cloudy,2654.0
3314,49,6,2020-09-30 20:57:04,29.8,74,994.0,10.5,19,2916,5,3.5,Fog,2679.0
3315,14,2,2018-04-21 11:09:28,17.6,60,1008.4,53.8,267,6356,0,11.3,Thunderstorm,1112.0
3316,34,4,2022-08-27 04:35:51,7.8,93,964.6,26.3,286,4765,3,-4.0,Clear,4302.0
3317,30,3,2022-07-09 04:00:47,11.3,80,1005.0,73.6,279,3114,8,6.5,Rain,2745.0
3318,41,5,2023-05-11 10:25:31,22.7,57,972.4,40.3,150,3952,7,-0.0,Thunderstorm,1611.0
3319,29,3,2022-02-08 11:57:02,15.4,71,1003.7,21.4,194,4673,8,13.2,Cloudy,1843.0
3320,16,2,2018-06-21 06:41:35,5.9,78,954.0,37.6,50,2760,2,1.2,Fog,3190.0
3321,4,1,2021-10-08 16:48:00,21.5,60,963.3,35.0,39,4456,4,7.4,Thunderstorm,1023.0
3322,29,3,2021-02-08 15:29:15,9.2,96,954.8,2.7,10,7345,1,-3.9,Fog,1207.0
3323,10,1,2019-09-29 08:23:40,28.2,67,953.8,73.0,109,1969,1,5.7,Heavy Rain,2753.0
3324,3,1,2022-02-20 09:07:08,8.6,83,931.1,75.2,179,1176,5,0.9,Heavy Rain,2592.0
3325,46,5,2019-08-10 09:47:26,17.3,86,1009.5,79.4,106,8970,5,10.5,Rain,1577.0
3326,42,5,2023-01-02 13:35:49,18.9,71,944.7,15.1,30,4293,8,4.9,Rain,1445.0
3327,15,2,2020-07-14 06:22:16,8.9,46,974.3,70.9,72,4321,3,12.8,Cloudy,3723.0
3328,14,2,2020-02-05 13:25:37,30.6,67,901.6,51.4,212,774,6,-0.6,Fog,3038.0
3329,55,7,2021-07-07 15:08:03,28.9,62,930.8,79.3,134,5196,6,0.3,Rain,1912.0
3330,52,6,2024-06-26 20:33:09,23.7,54,959.6,53.0,9,3728,5,4.2,Clear,2774.0
3331,20,2,2021-07-10 00:56:50,13.0,93,970.8,34.2,197,3864,8,2.1,Cloudy,4490.0
3332,39,4,2019-04-16 08:27:06,16.3,81,964.0,65.9,140,9478,6,1.3,Thunderstorm,3185.0
3333,17,2,2020-06-30 01:00:57,32.1,55,959.6,36.5,60,8039,8,11.3,Cloudy,3160.0
3334,23,3,2020-01-01 05:03:20,8.1,56,930.3,37.5,321,284,7,-1.3,Rain,3870.0
3335,6,1,2019-11-10 13:39:09,16.6,100,948.7,38.6,262,2769,2,3.6,Clear,2083.0
3336,58,7,2022-12-26 10:50:16,16.1,42,992.6,62.2,118,377,2,3.0,Thunderstorm,2841.0
3337,10,1,2020-09-03 18:19:45,29.7,42,939.5,50.2,350,4812,2,9.3,Clear,3998.0
3338,46,5,2024-03-29 03:23:26,11.2,96,950.5,14.4,228,5396,4,5.8,Cloudy,3462.0
3339,5,1,2023-10-10 09:03:49,30.4,76,960.6,70.6,72,7956,3,-0.4,Rain,1455.0
3340,40,5,2021-11-15 03:12:15,34.8,73,1004.0,69.8,146,4530,3,3.9,Rain,2445.0
3341,5,1,2018-12-09 23:04:29,24.1,69,901.2,9.6,129,8190,7,1.0,Fog,2043.0
3342,60,8,2024-01-15 11:30:40,22.6,40,989.6,35.1,75,9832,7,4.4,Heavy Rain,1794.0
3343,39,4,2020-01-01 02:56:47,20.4,77,999.6,69.3,249,8741,4,3.9,Thunderstorm,1588.0
3344,19,2,2022-12-29 13:21:54,15.8,91,994.8,8.8,242,7381,6,13.1,Cloudy,1134.0
3345,33,4,2022-02-01 03:10:47,15.7,67,917.4,60.7,273,6957,5,-2.5,Cloudy,3289.0
3346,37,4,2020-05-25 05:38:17,27.3,58,963.6,38.9,344,3311,6,-1.5,Rain,1502.0
3347,48,6,2024-07-30 00:28:32,14.0,93,982.5,1.2,228,6002,6,-1.2,Fog,1104.0
3348,17,2,2021-06-05 17:13:50,23.2,70,910.5,4.5,28,3733,2,-2.8,Thunderstorm,1367.0
3349,16,2,2020-10-26 17:21:06,32.9,69,944.3,52.7,9,1235,8,-1.2,Fog,1058.0
3350,35,4,2023-06-09 15:27:48,32.2,92,946.3,15.8,67,5511,6,-2.9,Thunderstorm,2555.0
3351,34,4,2018-12-22 13:16:09,28.4,100,981.1,56.1,156,3512,7,0.5,Thunderstorm,1153.0
3352,61,8,2022-11-26 14:35:30,33.9,56,957.0,47.3,18,2423,2,1.6,Cloudy,2627.0
3353,30,3,2019-12-17 04:59:12,22.2,65,969.7,19.8,19,4702,0,10.8,Fog,2592.0
3354,43,5,2021-10-17 22:00:15,26.9,78,989.1,50.0,286,340,0,3.0,Heavy Rain,3424.0
3355,42,5,2021-02-09 02:53:41,23.7,60,929.3,66.3,335,3064,5,3.7,Fog,2079.0
3356,7,1,2022-07-15 05:11:57,22.7,53,978.6,22.3,238,6624,7,13.7,Heavy Rain,2392.0
3357,48,6,2023-09-06 03:55:40,14.2,75,1001.6,60.6,74,9800,8,5.3,Fog,3079.0
3358,3,1,2018-01-26 21:32:01,15.4,87,910.6,67.8,213,3956,6,12.6,Cloudy,1712.0
3359,9,1,2020-11-20 05:45:32,25.7,73,980.7,24.3,339,4586,7,9.4,Heavy Rain,1349.0
3360,59,8,2020-09-03 13:18:58,5.5,81,945.9,56.1,277,8073,7,9.5,Heavy Rain,2356.0
3361,54,6,2019-06-02 09:39:22,28.9,75,903.7,47.5,11,9162,5,12.6,Fog,4092.0
3362,23,3,2021-03-11 06:16:05,11.8,88,959.3,5.8,324,8163,4,5.9,Thunderstorm,1082.0
3363,17,2,2020-03-24 22:40:49,31.5,79,991.9,59.8,81,1794,5,8.8,Heavy Rain,3931.0
3364,44,5,2020-10-31 04:48:57,32.9,94,1003.6,15.4,129,7684,4,-1.1,Rain,4495.0
3365,14,2,2020-02-17 17:26:52,33.1,94,902.8,66.3,194,2786,4,5.3,Fog,1285.0
3366,17,2,2024-03-25 08:14:33,15.9,75,930.4,11.8,112,732,6,9.4,Cloudy,3414.0
3367,12,1,2021-02-20 12:06:58,16.6,86,999.2,52.5,114,8911,4,11.9,Clear,3112.0
3368,52,6,2019-09-05 23:03:09,9.6,87,942.4,67.6,169,4288,1,11.6,Fog,985.0
3369,3,1,2021-08-02 03:07:02,8.6,94,998.8,54.2,249,7511,3,6.9,Fog,2555.0
3370,12,1,2024-03-11 05:40:01,32.2,67,951.1,44.7,187,6925,1,4.6,Clear,1104.0
3371,32,3,2022-04-18 02:52:15,21.0,77,911.3,56.3,87,2032,6,4.5,Cloudy,1690.0
3372,43,5,2024-01-13 03:50:29,29.3,71,996.7,19.3,359,9463,2,-2.5,Cloudy,2873.0
3373,34,4,2018-01-23 12:27:28,20.3,78,942.0,68.2,116,9030,4,-0.4,Rain,2772.0
3374,35,4,2022-05-30 13:14:00,13.7,74,918.2,58.0,30,5836,1,13.0,Thunderstorm,4248.0
3375,45,5,2022-08-22 20:27:22,25.5,99,921.4,8.2,321,6027,3,12.7,Cloudy,3930.0
3376,29,3,2022-07-25 19:54:22,16.1,94,1005.4,66.1,75,2305,8,-2.4,Rain,2877.0
3377,30,3,2024-05-04 15:11:39,16.9,51,985.6,29.1,85,180,5,12.2,Fog,2783.0
3378,11,1,2019-08-08 09:58:52,19.2,40,937.8,66.4,131,8346,5,14.0,Thunderstorm,3438.0
3379,14,2,2021-11-01 13:15:10,18.1,74,997.5,59.1,354,5631,3,13.5,Cloudy,1640.0
3380,24,3,2020-01-10 18:34:51,21.2,65,937.7,13.7,236,2072,3,3.2,Rain,3938.0
3381,57,7,2019-01-26 00:44:04,9.2,44,999.0,14.0,11,7484,8,14.1,Rain,1199.0
3382,59,8,2019-02-15 00:40:10,19.2,60,938.9,48.4,247,3219,2,3.7,Clear,904.0
3383,35,4,2023-06-16 15:34:02,33.1,84,932.7,18.0,236,7129,6,-3.2,Fog,3108.0
3384,55,7,2024-11-04 15:44:46,23.6,79,1003.3,28.5,160,3967,6,4.5,Heavy Rain,2304.0
3385,14,2,2020-10-25 01:38:26,30.4,58,1007.5,53.5,295,1190,2,4.4,Thunderstorm,2444.0
3386,31,3,2020-02-03 17:13:41,6.8,98,960.6,53.7,306,1384,6,-4.3,Cloudy,2541.0
3387,44,5,2024-01-01 14:49:18,20.8,75,964.2,32.7,168,2213,0,7.3,Clear,1775.0
3388,35,4,2018-07-27 12:46:45,5.4,77,950.0,2.7,171,2295,4,2.2,Fog,4025.0
3389,23,3,2019-06-02 15:49:53,5.3,88,995.0,22.3,265,4791,5,3.6,Thunderstorm,2821.0
3390,61,8,2019-03-24 10:02:10,7.0,77,944.5,63.6,281,2560,4,-1.1,Clear,2610.0
3391,30,3,2021-02-24 17:06:48,24.1,49,913.5,79.3,60,5066,2,8.8,Heavy Rain,991.0
3392,13,2,2020-10-13 05:35:40,14.5,61,959.6,45.1,288,2809,6,-0.6,Thunderstorm,2970.0
3393,21,2,2021-05-23 00:37:48,29.8,85,1000.6,28.7,235,103,6,11.4,Rain,3460.0
3394,21,2,2018-04-07 21:22:15,5.9,63,946.4,57.7,147,6495,7,7.3,Cloudy,4268.0
3395,4,1,2018-01-12 17:42:41,14.9,97,924.8,57.8,273,9937,0,10.6,Cloudy,1268.0
3396,60,8,2018-12-28 16:27:23,24.8,95,951.7,5.5,358,9385,5,11.3,Heavy Rain,2154.0
3397,46,5,2020-07-23 02:45:54,19.9,63,982.4,11.9,258,5583,7,1.7,Thunderstorm,2214.0
3398,26,3,2020-02-09 11:55:43,14.5,46,927.0,11.6,176,3294,2,-3.6,Rain,1111.0
3399,27,3,2018-07-24 21:21:14,21.5,63,934.9,15.5,176,1878,7,6.6,Heavy Rain,4110.0
3400,55,7,2021-12-06 15:54:03,9.1,55,1001.5,20.6,345,5443,5,-0.2,Rain,1531.0
3401,26,3,2020-12-11 21:32:14,7.2,92,912.7,7.4,152,5200,4,9.6,Fog,4350.0
3402,59,8,2019-10-19 05:21:42,23.1,40,1006.3,49.1,229,3348,3,4.1,Clear,2190.0
3403,20,2,2022-03-15 12:02:26,15.0,59,913.3,58.4,326,6553,0,-3.3,Rain,2756.0
3404,37,4,2019-01-03 12:06:14,29.4,89,936.7,77.9,23,3044,6,-4.0,Cloudy,3998.0
3405,28,3,2021-03-02 22:25:17,6.5,58,957.8,46.9,41,4733,8,0.2,Heavy Rain,3857.0
3406,24,3,2024-09-07 16:45:06,14.3,94,999.0,55.8,69,9657,5,2.1,Thunderstorm,1543.0
3407,56,7,2022-10-23 20:04:41,18.1,65,950.1,7.7,287,4248,4,10.0,Clear,3993.0
3408,5,1,2024-05-05 09:03:50,13.3,97,1004.3,6.1,95,6433,6,8.5,Rain,2678.0
3409,35,4,2022-10-11 09:00:31,14.1,77,1001.1,0.6,157,3777,5,-0.5,Clear,1783.0
3410,43,5,2019-01-21 22:26:55,24.6,75,922.1,13.1,269,4946,6,5.6,Rain,1978.0
3411,54,6,2019-01-09 15:30:15,29.2,59,983.8,21.5,222,7493,8,1.9,Rain,1170.0
3412,61,8,2021-07-04 05:33:34,33.3,47,933.4,5.3,278,5120,0,3.1,Cloudy,4340.0
3413,32,3,2021-09-09 10:48:02,20.5,71,944.5,6.2,357,5193,0,-0.3,Thunderstorm,4349.0
3414,21,2,2019-03-05 22:06:43,26.3,59,915.3,3.8,347,1093,2,8.3,Clear,2581.0
3415,53,6,2024-06-23 04:47:51,10.4,72,948.2,76.6,250,6036,5,6.6,Rain,1697.0
3416,44,5,2023-10-03 15:55:47,28.4,97,963.2,16.0,351,3460,4,-1.2,Heavy Rain,3384.0
3417,36,4,2024-11-15 14:40:36,10.1,46,906.0,19.5,81,7312,8,-4.6,Clear,4130.0
3418,25,3,2019-05-31 12:38:37,8.3,42,988.4,63.9,353,707,5,-5.0,Rain,3736.0
3419,45,5,2022-04-25 02:04:43,19.7,51,910.5,8.0,200,5848,0,0.9,Heavy Rain,1415.0
3420,35,4,2023-09-04 13:14:23,34.9,56,991.2,73.4,31,3053,2,-1.5,Heavy Rain,3152.0
3421,42,5,2023-10-19 01:09:02,32.2,96,926.7,79.6,213,6294,6,4.6,Fog,1410.0
3422,14,2,2022-03-05 12:41:47,12.5,66,984.5,33.0,130,7288,3,-3.7,Fog,1087.0
3423,14,2,2022-06-22 10:29:05,33.2,69,900.8,33.3,68,7072,2,-2.3,Fog,2134.0
3424,56,7,2019-03-29 17:13:55,31.4,90,973.0,22.4,247,3132,5,-3.5,Cloudy,2635.0
3425,27,3,2023-03-30 11:47:23,18.5,48,1007.4,17.3,126,5186,4,6.7,Fog,3140.0
3426,22,2,2019-07-02 08:57:45,11.4,51,949.3,26.8,22,3359,4,8.6,Fog,2372.0
3427,25,3,2019-04-18 14:53:09,33.5,62,905.9,12.9,159,6159,8,7.9,Heavy Rain,4159.0
3428,61,8,2024-08-27 09:35:36,29.0,58,908.3,78.9,342,7327,4,8.9,Thunderstorm,1357.0
3429,50,6,2024-03-14 12:00:07,26.6,75,901.3,8.3,14,1129,1,14.5,Heavy Rain,3775.0
3430,31,3,2018-02-07 17:39:29,17.7,62,952.4,5.5,111,557,2,11.6,Cloudy,4175.0
3431,2,1,2020-11-10 17:24:36,31.7,77,1010.4,60.5,42,5011,2,8.5,Rain,2917.0
3432,35,4,2018-11-07 21:19:17,20.2,43,926.5,67.0,263,3680,6,13.5,Clear,3301.0
3433,34,4,2021-01-12 09:05:03,10.6,77,952.1,40.3,137,9681,7,5.3,Heavy Rain,3309.0
3434,35,4,2021-06-01 06:12:30,20.3,58,932.1,15.6,221,4287,7,14.6,Rain,4051.0
3435,36,4,2019-12-23 00:22:07,25.9,41,907.2,20.1,120,1063,5,14.3,Fog,3284.0
3436,39,4,2018-05-21 16:20:21,18.4,94,918.2,42.7,97,2623,3,7.5,Rain,1731.0
3437,59,8,2022-01-15 04:56:34,34.7,83,917.1,13.9,211,8328,5,1.8,Cloudy,3306.0
3438,26,3,2024-06-24 22:39:09,29.3,91,975.9,29.8,295,1516,3,7.2,Fog,2217.0
3439,35,4,2019-11-13 10:23:21,9.7,92,991.5,7.7,183,9614,3,7.7,Fog,1388.0
3440,27,3,2021-08-23 13:41:42,10.6,41,904.0,26.4,232,8869,7,-1.9,Clear,2516.0
3441,4,1,2022-02-03 22:09:21,28.0,67,1009.7,60.7,177,378,8,12.3,Clear,3292.0
3442,35,4,2022-12-23 23:08:59,29.7,98,945.3,43.9,121,8346,6,4.0,Heavy Rain,1605.0
3443,19,2,2021-01-30 14:37:45,28.9,74,935.2,9.2,56,6740,0,11.0,Thunderstorm,1243.0
3444,3,1,2021-07-15 04:43:56,27.1,43,972.4,62.6,73,1112,2,13.4,Heavy Rain,3240.0
3445,1,1,2019-01-12 15:15:45,18.5,75,992.1,67.8,85,1883,0,14.3,Rain,3696.0
3446,37,4,2024-12-03 11:58:23,12.7,84,977.9,16.6,196,3235,3,8.3,Clear,4072.0
3447,60,8,2020-02-18 07:42:57,30.6,58,904.5,47.9,42,8966,4,-2.9,Cloudy,2357.0
3448,31,3,2019-09-01 11:06:21,6.7,89,977.9,70.5,258,9163,4,5.3,Cloudy,2898.0
3449,13,2,2022-02-16 10:52:57,31.8,44,1011.2,6.3,327,1068,2,12.1,Fog,4476.0
3450,18,2,2019-06-21 07:12:55,7.4,52,921.2,67.2,17,6394,5,9.8,Thunderstorm,3672.0
3451,34,4,2021-08-03 22:46:31,29.7,98,906.8,65.1,270,7523,1,11.0,Heavy Rain,3860.0
3452,39,4,2022-07-23 22:55:42,32.2,82,972.8,66.5,27,6798,6,0.8,Thunderstorm,4239.0
3453,8,1,2021-07-31 02:14:43,24.8,68,942.2,65.2,147,1863,6,7.6,Clear,2897.0
3454,30,3,2019-05-03 21:35:07,30.1,97,915.7,35.4,60,7430,1,-3.3,Clear,3445.0
3455,36,4,2024-05-09 01:55:59,28.5,76,922.8,28.0,248,7959,1,9.1,Cloudy,1507.0
3456,35,4,2018-05-03 11:02:49,34.0,65,1005.4,11.2,209,1875,0,-1.2,Fog,2343.0
3457,6,1,2022-02-20 10:43:50,9.9,50,903.9,72.5,115,3929,3,10.2,Heavy Rain,1357.0
3458,15,2,2023-11-23 14:28:53,33.7,99,958.2,31.0,256,1697,1,-3.8,Rain,3263.0
3459,29,3,2021-01-17 17:57:13,7.1,41,903.3,7.6,248,1688,6,-3.8,Rain,2354.0
3460,10,1,2019-09-08 22:20:50,23.3,67,968.8,75.1,190,3588,8,14.6,Heavy Rain,1215.0
3461,35,4,2019-11-20 08:04:59,26.2,90,906.4,14.0,79,6048,6,11.3,Rain,2831.0
3462,36,4,2024-10-14 11:40:38,17.7,67,958.9,33.6,346,797,4,7.5,Rain,4376.0
3463,60,8,2019-03-22 20:13:04,19.9,72,961.2,3.3,343,2695,5,1.0,Thunderstorm,3803.0
3464,7,1,2024-10-25 08:21:16,5.6,52,901.2,37.8,180,7209,0,14.6,Clear,4069.0
3465,41,5,2023-11-13 22:24:34,27.1,47,1002.7,40.9,292,2098,5,-3.7,Heavy Rain,3482.0
3466,62,8,2020-10-23 17:39:31,18.3,96,992.1,47.6,6,9112,3,9.6,Clear,2370.0
3467,37,4,2020-08-26 11:25:02,31.5,45,979.2,43.8,274,5920,3,1.0,Heavy Rain,3854.0
3468,33,4,2022-11-15 03:45:04,16.1,60,935.8,21.7,222,2999,6,12.7,Cloudy,3708.0
3469,8,1,2021-04-18 11:30:04,22.1,76,978.7,49.3,17,5880,2,3.0,Heavy Rain,1393.0
3470,10,1,2023-06-12 17:55:23,18.1,67,922.6,70.4,209,2047,1,11.1,Clear,2170.0
3471,10,1,2020-03-13 11:59:44,6.5,73,1010.0,79.9,96,4568,5,2.7,Fog,1151.0
3472,59,8,2020-09-04 03:19:26,7.7,96,1002.5,40.5,329,7249,6,-2.3,Rain,4133.0
3473,49,6,2020-04-08 06:54:39,25.0,92,981.2,73.7,24,9918,1,4.5,Fog,4234.0
3474,31,3,2020-08-01 04:10:46,8.9,69,1011.3,31.5,262,3108,7,2.2,Cloudy,2812.0
3475,37,4,2019-02-16 05:45:00,28.2,67,998.3,13.7,31,7190,3,5.2,Heavy Rain,1805.0
3476,61,8,2018-01-15 08:31:08,8.9,59,940.5,10.9,353,1663,3,8.7,Thunderstorm,949.0
3477,22,2,2021-03-19 00:18:48,11.2,93,980.9,16.1,247,6971,1,10.4,Clear,3283.0
3478,5,1,2022-01-22 21:02:50,22.9,49,976.3,79.2,62,8459,4,12.7,Thunderstorm,3087.0
3479,62,8,2019-12-13 19:14:10,29.5,63,976.4,74.7,129,5521,6,-2.5,Rain,2042.0
3480,34,4,2022-03-31 21:22:27,31.2,77,947.7,51.8,136,7534,1,1.0,Rain,1663.0
3481,5,1,2021-12-10 04:14:45,24.8,44,967.7,21.1,210,9269,4,14.7,Fog,3950.0
3482,54,6,2023-07-26 01:48:06,20.1,55,921.6,74.1,218,9666,2,4.5,Rain,990.0
3483,40,5,2024-09-12 14:06:34,21.8,69,997.4,75.3,182,3368,1,5.4,Clear,4371.0
3484,56,7,2023-07-14 04:33:14,31.2,87,1001.0,42.6,204,4821,3,0.3,Cloudy,1232.0
3485,5,1,2018-11-09 03:32:15,28.8,42,982.3,18.4,113,5983,0,1.2,Cloudy,1624.0
3486,56,7,2022-09-17 19:35:14,20.9,59,1004.0,79.2,135,7556,4,4.9,Cloudy,3159.0
3487,31,3,2019-01-26 15:04:14,22.2,65,954.9,22.8,253,8885,6,9.6,Cloudy,4358.0
3488,6,1,2018-06-28 10:04:13,9.5,72,906.1,69.0,233,6921,2,-2.0,Clear,2431.0
3489,61,8,2020-01-06 16:31:24,25.8,86,981.6,55.9,140,2196,6,0.7,Clear,1069.0
3490,17,2,2021-08-07 14:34:47,22.5,68,961.4,59.7,359,3942,4,9.3,Heavy Rain,2699.0
3491,27,3,2024-06-01 22:01:47,22.3,66,977.9,21.4,176,5248,3,12.0,Heavy Rain,1902.0
3492,17,2,2023-09-05 23:02:12,6.0,96,1004.6,1.9,147,7343,1,5.2,Heavy Rain,3465.0
3493,51,6,2021-07-12 08:47:40,31.2,80,973.3,45.7,233,4488,3,-3.8,Fog,2742.0
3494,33,4,2024-05-20 20:55:35,33.4,43,937.3,50.6,6,9215,5,5.8,Heavy Rain,2908.0
3495,44,5,2021-11-17 05:24:45,11.3,54,941.0,57.6,266,651,7,12.5,Cloudy,1368.0
3496,44,5,2021-12-30 01:10:22,15.7,47,960.5,36.3,242,7537,5,0.8,Heavy Rain,3377.0
3497,51,6,2022-01-20 04:33:37,26.2,62,932.0,75.8,18,5091,8,1.9,Clear,1620.0
3498,38,4,2020-04-03 22:01:14,24.5,44,972.7,64.2,145,1044,4,4.4,Thunderstorm,1495.0
3499,46,5,2018-06-01 20:28:29,15.4,56,999.1,9.2,253,8902,1,13.9,Thunderstorm,4285.0
3500,56,7,2019-07-20 23:59:03,32.8,86,939.6,24.5,76,8600,8,-0.5,Cloudy,3935.0
3501,60,8,2021-05-14 19:39:25,27.5,96,973.9,40.8,254,2265,2,14.2,Thunderstorm,2829.0
3502,29,3,2019-03-20 06:37:23,9.6,81,999.3,53.3,239,9930,7,0.5,Heavy Rain,3052.0
3503,59,8,2024-05-15 12:53:27,12.9,89,1011.4,75.0,243,468,5,-2.6,Cloudy,1906.0
3504,31,3,2021-12-05 15:56:30,11.8,41,972.8,9.1,329,7408,0,-0.1,Heavy Rain,3528.0
3505,27,3,2022-12-22 05:27:14,27.1,92,1001.6,58.3,263,6600,6,-1.2,Rain,1588.0
3506,19,2,2022-01-29 20:27:10,28.8,72,992.4,23.1,49,3400,5,7.5,Fog,3021.0
3507,30,3,2019-05-08 10:25:54,21.6,55,993.3,19.6,132,904,8,3.1,Cloudy,2479.0
3508,13,2,2022-04-12 03:29:29,31.7,83,986.9,39.6,2,3739,0,6.5,Rain,2486.0
3509,47,6,2024-10-03 11:56:58,32.5,90,995.8,16.1,302,5439,2,14.3,Thunderstorm,4358.0
3510,54,6,2022-01-31 07:17:29,9.7,66,973.3,6.8,330,3914,6,8.1,Clear,1892.0
3511,52,6,2021-08-10 18:48:46,10.9,89,968.2,62.6,254,7714,7,12.0,Heavy Rain,1101.0
3512,60,8,2022-07-28 12:54:01,13.6,84,992.0,30.5,328,5047,8,9.2,Clear,2138.0
3513,53,6,2020-12-21 09:30:20,26.9,77,936.6,41.2,89,9590,2,3.3,Heavy Rain,3847.0
3514,40,5,2024-08-24 03:40:53,7.1,74,956.0,11.4,30,2030,7,6.6,Clear,2728.0
3515,43,5,2021-07-03 03:49:18,13.0,83,993.7,32.3,298,3774,2,-3.1,Rain,1671.0
3516,26,3,2024-11-05 05:41:50,22.9,52,918.9,38.4,330,2040,3,-1.4,Cloudy,3925.0
3517,60,8,2018-08-15 13:37:42,22.5,74,952.1,21.2,199,9818,7,14.5,Fog,2824.0
3518,8,1,2023-02-03 09:00:40,21.2,94,918.8,40.5,190,4498,2,-1.8,Rain,4385.0
3519,18,2,2021-01-04 17:48:44,5.2,63,924.6,71.4,264,9487,5,12.9,Fog,3115.0
3520,32,3,2022-01-07 21:48:25,31.9,49,1000.0,30.0,197,495,2,-3.3,Clear,1259.0
3521,27,3,2023-09-16 18:50:04,14.7,53,934.3,50.3,348,6959,4,-2.8,Rain,1874.0
3522,13,2,2024-07-30 15:32:56,10.2,54,921.0,4.6,186,1159,8,8.2,Fog,3804.0
3523,10,1,2021-04-09 07:42:22,29.3,83,956.9,72.4,259,4864,4,9.3,Clear,4027.0
3524,16,2,2021-11-10 00:45:38,7.5,92,907.6,20.9,308,8283,3,-3.5,Rain,2525.0
3525,33,4,2020-05-25 17:23:20,20.8,93,1006.8,1.2,335,7055,8,13.6,Clear,3071.0
3526,27,3,2021-02-12 23:55:25,10.8,93,922.7,75.4,321,4053,1,11.4,Rain,2057.0
3527,55,7,2023-09-22 09:34:32,28.8,64,950.6,2.5,129,772,6,-4.8,Thunderstorm,2042.0
3528,18,2,2023-03-21 07:12:16,31.5,49,992.0,65.4,127,5154,2,12.4,Fog,2112.0
3529,22,2,2019-02-28 09:30:05,24.6,83,915.8,62.7,359,8009,7,5.7,Fog,3983.0
3530,45,5,2023-06-07 14:06:56,9.1,40,905.7,39.7,284,7666,3,1.1,Rain,3835.0
3531,37,4,2019-12-28 19:21:17,7.2,44,945.6,40.9,213,3188,1,8.3,Rain,4103.0
3532,47,6,2021-05-13 23:43:04,28.5,77,932.3,30.6,271,833,0,12.0,Thunderstorm,3561.0
3533,44,5,2018-05-04 20:58:10,22.8,59,995.9,4.7,322,6734,6,11.0,Rain,4475.0
3534,60,8,2021-01-10 13:24:17,20.9,97,920.8,62.6,289,9199,1,-3.8,Rain,2044.0
3535,19,2,2024-04-29 14:39:08,12.1,75,1009.7,12.1,171,5185,3,-3.0,Thunderstorm,3735.0
3536,47,6,2022-07-04 18:14:08,26.5,84,932.6,20.1,81,7757,0,13.7,Heavy Rain,3785.0
3537,26,3,2021-01-11 22:16:12,19.0,82,1012.2,19.5,230,9831,7,4.7,Thunderstorm,1981.0
3538,57,7,2018-03-22 15:41:38,8.3,56,997.7,16.2,11,5776,3,13.9,Fog,2941.0
3539,12,1,2024-06-18 12:52:44,16.8,78,961.2,26.0,23,2896,0,2.3,Rain,1070.0
3540,61,8,2018-09-13 10:00:19,25.2,56,921.2,44.7,277,8994,4,7.6,Fog,4238.0
3541,41,5,2018-01-27 06:42:56,25.4,73,995.2,2.2,62,1898,5,6.3,Heavy Rain,1964.0
3542,24,3,2024-06-12 02:05:01,19.9,91,993.7,22.5,303,4083,2,-0.3,Thunderstorm,1100.0
3543,13,2,2021-01-16 21:14:30,22.7,44,945.8,67.9,237,3935,5,8.2,Fog,2596.0
3544,36,4,2021-10-09 11:57:11,8.7,83,976.4,65.7,70,5139,2,6.8,Thunderstorm,1890.0
3545,43,5,2019-09-14 00:23:00,10.0,92,988.2,36.5,172,8543,0,2.9,Heavy Rain,1525.0
3546,33,4,2021-11-22 06:47:24,21.3,61,933.1,57.8,287,9646,4,6.2,Clear,4111.0
3547,35,4,2022-01-02 18:02:22,20.4,65,1007.9,79.5,344,8535,5,2.1,Heavy Rain,1584.0
3548,28,3,2020-01-02 20:48:14,34.9,87,913.1,72.9,123,4213,0,4.2,Fog,1525.0
3549,6,1,2018-09-07 08:49:17,13.4,99,925.9,40.2,37,9966,3,7.5,Thunderstorm,3538.0
3550,20,2,2018-08-06 17:49:48,29.3,41,940.1,7.4,22,1094,4,14.9,Cloudy,1589.0
3551,3,1,2021-10-18 06:39:33,11.0,65,923.1,1.4,219,425,6,-1.7,Heavy Rain,2739.0
3552,56,7,2022-06-07 13:22:52,9.8,65,903.2,63.0,122,4284,7,-2.3,Thunderstorm,3247.0
3553,24,3,2021-04-11 13:11:29,5.7,83,923.0,48.4,220,3318,6,6.2,Rain,2386.0
3554,5,1,2020-02-17 19:40:29,20.8,94,955.9,3.2,22,9505,3,9.1,Fog,4384.0
3555,20,2,2023-10-12 11:21:13,31.2,65,907.9,34.7,57,2261,4,2.2,Rain,1597.0
3556,48,6,2021-01-27 18:08:27,11.0,46,916.9,18.5,131,1636,7,12.3,Cloudy,1544.0
3557,16,2,2021-03-19 16:43:17,14.2,40,914.8,36.3,358,8372,2,8.2,Rain,3886.0
3558,13,2,2022-08-03 15:12:54,8.1,68,982.6,28.1,284,5869,2,5.9,Heavy Rain,2166.0
3559,35,4,2019-07-18 05:44:52,31.6,44,911.2,65.5,279,1111,5,11.7,Rain,3715.0
3560,53,6,2018-09-17 20:41:12,14.9,69,960.9,23.9,182,7092,2,13.6,Heavy Rain,4136.0
3561,19,2,2019-11-21 11:58:19,23.1,75,997.2,63.9,98,357,7,8.7,Thunderstorm,4377.0
3562,22,2,2019-11-05 15:20:32,8.8,49,940.6,35.7,256,3035,6,9.9,Heavy Rain,1227.0
3563,27,3,2019-06-02 05:23:53,14.8,60,988.9,26.6,203,6408,4,-4.9,Heavy Rain,3352.0
3564,27,3,2020-08-06 07:06:09,20.2,41,980.0,47.1,300,129,7,10.7,Fog,1980.0
3565,7,1,2019-01-13 20:47:48,10.3,45,921.1,70.9,348,8353,3,5.5,Fog,3491.0
3566,37,4,2018-01-01 04:59:40,19.3,95,967.1,64.1,188,1893,0,5.6,Clear,1716.0
3567,12,1,2022-05-02 20:09:23,20.8,52,984.6,31.3,158,8477,1,11.4,Clear,2543.0
3568,19,2,2021-01-16 00:01:26,12.5,43,920.6,22.6,96,2437,0,6.3,Fog,3641.0
3569,55,7,2020-06-06 21:42:32,22.4,61,993.3,65.3,320,994,3,7.0,Fog,1841.0
3570,5,1,2021-10-13 16:08:16,22.9,61,979.8,73.9,349,5930,4,6.2,Rain,2480.0
3571,1,1,2018-08-30 14:51:07,17.5,96,922.1,9.4,224,4750,5,0.9,Thunderstorm,3954.0
3572,29,3,2022-04-26 21:41:22,20.7,43,904.2,56.6,56,4719,2,-4.5,Clear,2381.0
3573,53,6,2024-10-24 03:21:06,28.3,50,956.9,40.9,128,7672,3,-3.6,Heavy Rain,1507.0
3574,26,3,2024-01-22 23:26:53,19.9,94,1008.9,23.3,286,2658,6,9.4,Cloudy,3377.0
3575,20,2,2022-02-13 15:26:15,9.4,55,902.1,15.3,164,2532,7,12.8,Fog,3793.0
3576,26,3,2023-12-26 22:42:45,7.9,52,1000.5,64.5,351,8219,3,7.7,Clear,1065.0
3577,19,2,2020-04-20 12:43:35,12.5,67,935.8,14.4,292,4616,5,-4.9,Thunderstorm,1344.0
3578,37,4,2019-11-17 09:10:07,27.1,97,908.8,31.1,227,5999,5,4.7,Rain,4302.0
3579,59,8,2021-11-25 05:17:25,11.4,84,910.2,20.5,89,7836,2,2.8,Fog,1467.0
3580,37,4,2018-01-11 04:39:21,30.1,54,905.6,28.4,52,3210,7,1.7,Fog,3860.0
3581,20,2,2023-07-05 05:41:37,18.9,99,991.3,19.7,54,9611,3,-2.5,Cloudy,3153.0
3582,52,6,2018-01-15 06:28:55,14.6,87,971.8,54.6,158,6465,3,13.6,Heavy Rain,3879.0
3583,14,2,2021-07-31 07:29:58,11.1,59,924.8,58.7,6,9272,1,14.8,Heavy Rain,1435.0
3584,36,4,2021-02-14 03:11:45,23.6,76,957.6,73.9,214,6533,3,8.1,Cloudy,2227.0
3585,18,2,2021-01-31 03:30:02,31.9,40,992.4,21.6,56,5093,1,11.1,Cloudy,3426.0
3586,33,4,2022-01-19 20:26:16,8.1,59,977.6,30.7,209,7434,7,8.5,Cloudy,4094.0
3587,59,8,2018-02-25 07:01:34,34.0,77,957.6,4.2,269,5716,6,6.9,Thunderstorm,4121.0
3588,5,1,2023-01-23 22:45:13,12.0,66,942.6,50.0,202,5650,5,8.2,Rain,1697.0
3589,34,4,2018-12-04 22:21:31,17.0,71,996.6,56.4,42,8150,8,7.8,Clear,3940.0
3590,45,5,2024-11-24 02:34:55,6.0,97,940.1,80.0,22,5275,2,10.8,Rain,2121.0
3591,11,1,2019-05-08 13:03:29,33.3,76,969.6,13.4,336,9547,6,9.1,Fog,1737.0
3592,45,5,2022-07-30 13:57:59,10.6,53,1012.4,43.7,138,5674,8,4.7,Fog,3629.0
3593,42,5,2021-08-17 23:14:28,7.8,62,930.5,38.9,196,9717,7,13.2,Fog,1650.0
3594,4,1,2023-11-10 13:09:11,17.9,60,911.5,79.3,265,6805,7,-4.9,Heavy Rain,1881.0
3595,60,8,2019-01-30 00:41:42,16.9,58,984.4,58.6,168,7009,2,0.3,Cloudy,1319.0
3596,17,2,2020-03-25 11:12:14,22.6,42,951.6,41.9,35,919,5,-3.5,Fog,3105.0
3597,11,1,2020-09-23 13:05:02,20.4,51,937.9,65.0,311,5639,8,6.4,Rain,3203.0
3598,20,2,2020-08-13 13:17:17,8.2,68,998.7,41.3,293,4521,1,8.5,Heavy Rain,1141.0
3599,27,3,2018-02-19 05:22:01,14.0,49,990.0,7.2,175,5844,2,0.2,Clear,1305.0
3600,51,6,2022-01-13 23:30:28,25.6,73,925.0,77.6,119,218,5,14.9,Heavy Rain,2881.0
3601,36,4,2018-05-12 00:39:02,7.0,44,955.8,56.5,62,3072,7,13.8,Rain,2915.0
3602,51,6,2021-05-15 18:36:35,5.4,40,1007.6,73.0,160,9238,3,-0.7,Fog,1167.0
3603,44,5,2024-02-25 12:11:18,5.2,64,917.5,40.2,36,4732,1,-3.8,Thunderstorm,3703.0
3604,19,2,2020-09-27 03:11:48,6.9,86,900.6,33.6,341,6739,7,5.6,Fog,2004.0
3605,20,2,2020-06-11 06:05:49,28.1,63,901.5,42.6,146,3529,6,-3.5,Thunderstorm,1738.0
3606,51,6,2020-04-28 18:04:21,21.9,72,921.2,14.8,9,6229,5,-4.5,Fog,1957.0
3607,44,5,2020-03-31 20:37:27,31.3,40,925.9,53.4,356,5820,8,13.0,Thunderstorm,3423.0
3608,11,1,2022-08-15 18:08:20,28.2,100,964.5,17.1,147,7120,3,12.0,Cloudy,4209.0
3609,47,6,2023-01-13 12:25:58,15.0,46,953.8,45.4,275,4414,3,6.6,Rain,3457.0
3610,26,3,2018-07-14 20:17:33,11.0,95,928.3,7.2,314,4778,8,1.0,Fog,950.0
3611,45,5,2022-07-23 00:06:12,22.8,95,911.2,24.2,199,5188,6,-4.4,Heavy Rain,1453.0
3612,32,3,2024-06-22 03:11:48,10.4,76,902.7,53.9,109,152,4,13.3,Fog,1542.0
3613,42,5,2023-12-05 04:09:13,22.8,83,906.8,24.6,341,5230,4,3.2,Rain,2313.0
3614,30,3,2022-10-14 01:37:20,5.7,96,988.2,76.3,262,6754,5,-3.5,Thunderstorm,1234.0
3615,32,3,2020-10-05 06:49:50,31.3,89,925.1,6.0,238,543,3,-0.6,Clear,1373.0
3616,58,7,2021-04-21 08:39:06,30.5,88,962.7,12.4,232,8055,0,5.4,Thunderstorm,1884.0
3617,7,1,2019-01-25 05:29:17,31.7,87,973.4,21.6,77,8679,3,-1.4,Thunderstorm,1993.0
3618,26,3,2018-10-04 13:15:05,33.8,42,938.4,79.0,334,1969,2,-2.8,Thunderstorm,4270.0
3619,22,2,2019-01-13 03:14:44,15.2,51,951.9,10.3,342,5444,1,-4.3,Cloudy,3432.0
3620,21,2,2020-04-26 21:06:34,28.6,97,972.6,10.7,270,6386,4,13.5,Rain,2981.0
3621,28,3,2023-05-27 13:31:23,30.1,93,991.2,4.9,323,8925,8,0.6,Rain,1382.0
3622,44,5,2022-07-08 07:37:14,6.8,91,999.5,25.5,53,2873,3,-2.1,Thunderstorm,3053.0
3623,13,2,2019-01-22 00:34:19,22.5,66,960.7,77.1,215,4243,3,9.9,Heavy Rain,976.0
3624,22,2,2022-12-19 18:16:44,19.6,88,958.4,55.9,302,4397,3,11.2,Cloudy,4188.0
3625,41,5,2020-05-06 23:50:56,24.2,93,948.3,18.7,58,2902,5,-4.1,Rain,2338.0
3626,33,4,2024-05-31 09:11:07,21.1,84,909.6,48.0,253,2161,3,4.1,Rain,1537.0
3627,33,4,2024-07-01 23:29:29,25.4,42,1000.2,34.9,317,1031,5,7.3,Clear,3460.0
3628,5,1,2024-05-13 21:24:08,12.1,90,992.8,25.3,9,6094,0,4.9,Clear,1999.0
3629,62,8,2022-03-03 16:53:50,12.8,83,961.1,69.0,291,1190,8,5.9,Rain,2858.0
3630,13,2,2019-08-12 03:10:49,26.6,63,913.9,57.5,216,9094,4,-2.9,Fog,1616.0
3631,13,2,2024-03-14 17:48:06,28.4,48,953.6,9.4,205,5450,2,8.4,Heavy Rain,998.0
3632,37,4,2022-05-03 14:54:23,15.2,90,991.3,44.7,129,7901,6,2.7,Clear,2610.0
3633,5,1,2024-03-09 05:13:04,25.5,69,956.3,38.5,294,155,0,11.3,Heavy Rain,2107.0
3634,15,2,2021-11-20 22:50:31,25.7,87,927.2,42.2,89,5020,2,-3.7,Fog,1798.0
3635,24,3,2024-11-25 07:30:15,6.3,74,949.6,22.9,297,8057,5,13.4,Thunderstorm,1436.0
3636,57,7,2024-10-13 15:49:25,11.6,99,940.5,63.7,32,785,8,9.1,Rain,3377.0
3637,8,1,2024-11-11 21:37:02,31.9,89,1012.9,46.1,140,4395,6,14.8,Clear,1329.0
3638,26,3,2022-02-28 17:53:21,32.0,48,946.4,75.5,169,5502,7,2.5,Thunderstorm,1821.0
3639,52,6,2023-05-01 18:49:26,17.9,42,932.1,49.9,86,3996,1,8.6,Fog,1054.0
3640,43,5,2024-10-27 19:08:54,19.7,98,934.6,24.0,94,8686,0,-4.5,Thunderstorm,2814.0
3641,33,4,2020-01-27 18:53:07,16.2,82,973.2,5.7,154,7925,6,-0.2,Rain,2254.0
3642,41,5,2023-06-18 04:01:33,26.2,62,998.7,28.1,7,7098,8,3.2,Rain,3752.0
3643,17,2,2018-08-17 03:23:18,9.0,88,965.0,41.5,288,2067,3,-3.9,Cloudy,3058.0
3644,35,4,2019-03-11 08:49:40,19.2,41,993.2,16.3,130,3630,5,1.7,Cloudy,3878.0
3645,37,4,2020-01-10 13:40:48,24.4,79,978.3,42.4,77,4247,1,14.1,Rain,3504.0
3646,15,2,2021-05-17 09:18:26,32.0,88,973.8,25.2,327,3550,5,12.0,Rain,3417.0
3647,47,6,2024-05-14 15:37:28,12.9,88,947.5,55.1,77,2441,8,5.4,Rain,3774.0
3648,6,1,2022-05-28 04:15:00,29.5,45,913.9,44.8,22,5791,6,-4.5,Thunderstorm,3032.0
3649,10,1,2022-10-24 05:45:03,22.4,68,931.2,72.0,312,9262,3,0.7,Thunderstorm,2443.0
3650,55,7,2018-09-18 03:37:19,10.8,82,922.4,10.9,351,9213,6,13.2,Clear,4403.0
3651,31,3,2023-06-24 12:28:55,26.3,80,941.7,45.8,51,3439,3,11.9,Thunderstorm,1047.0
3652,47,6,2022-10-04 02:14:29,33.4,41,927.4,12.6,78,1340,1,6.8,Thunderstorm,1926.0
3653,5,1,2023-01-20 11:40:59,33.4,67,948.3,45.4,32,422,7,14.6,Thunderstorm,4340.0
3654,25,3,2018-11-04 06:40:08,14.3,93,903.2,65.7,359,5550,4,14.7,Heavy Rain,3932.0
3655,49,6,2024-02-01 22:13:04,19.2,98,905.1,31.0,69,1105,2,5.7,Cloudy,4091.0
3656,11,1,2019-10-09 07:19:40,28.0,43,943.2,17.6,168,6095,0,0.4,Clear,1439.0
3657,26,3,2021-12-14 06:42:09,15.1,95,936.7,51.3,245,8863,4,2.4,Heavy Rain,4474.0
3658,3,1,2018-12-25 22:19:11,5.7,42,1011.2,59.1,13,3107,8,0.6,Rain,3967.0
3659,13,2,2019-03-27 00:28:17,34.2,64,931.5,64.4,185,9051,7,4.3,Rain,1772.0
3660,14,2,2020-11-25 14:21:43,19.8,65,920.5,20.1,305,4018,2,8.0,Cloudy,1701.0
3661,20,2,2019-01-10 09:49:58,28.0,47,939.5,21.7,20,5154,2,9.8,Cloudy,2360.0
3662,32,3,2022-01-22 00:19:58,14.8,97,961.2,23.3,173,1532,4,11.8,Rain,1941.0
3663,6,1,2024-02-23 15:05:26,24.6,55,978.3,58.3,171,1806,6,3.2,Fog,976.0
3664,61,8,2022-07-31 21:56:58,13.0,92,910.3,57.3,280,9254,4,14.2,Clear,4148.0
3665,17,2,2024-01-11 17:37:22,5.0,91,903.6,0.9,295,4719,1,8.2,Heavy Rain,2226.0
3666,34,4,2019-12-26 04:45:58,34.4,65,913.1,17.7,177,4739,7,4.7,Fog,3094.0
3667,53,6,2023-09-11 12:48:13,24.5,89,909.9,18.0,2,6430,7,13.2,Cloudy,1311.0
3668,41,5,2020-06-22 17:27:35,26.3,60,964.4,4.4,173,4879,3,1.3,Fog,2271.0
3669,53,6,2021-01-12 12:00:13,7.4,42,1002.5,34.5,285,4307,6,-2.1,Thunderstorm,3253.0
3670,14,2,2024-07-09 10:40:20,25.3,100,932.6,60.4,112,1320,8,11.3,Heavy Rain,3238.0
3671,7,1,2024-04-19 02:24:22,9.5,85,934.1,33.4,65,5680,6,2.1,Clear,1119.0
3672,61,8,2019-10-23 01:07:54,30.5,90,943.0,60.6,270,8136,0,-3.8,Rain,2810.0
3673,37,4,2018-01-20 01:52:35,20.4,73,923.3,5.0,53,3422,1,11.0,Thunderstorm,1397.0
3674,43,5,2023-04-06 03:41:53,28.9,59,962.8,25.2,139,1630,6,10.8,Rain,2545.0
3675,5,1,2023-05-27 15:01:01,24.8,97,960.0,53.6,191,243,2,-1.4,Rain,3661.0
3676,29,3,2024-12-25 08:12:37,7.4,93,968.8,22.6,193,7647,0,10.0,Cloudy,3525.0
3677,54,6,2019-05-28 17:34:17,25.7,99,938.8,18.0,153,5343,5,0.8,Heavy Rain,1842.0
3678,52,6,2022-05-17 21:11:07,33.4,83,946.6,25.9,96,7247,8,-1.9,Thunderstorm,4059.0
3679,6,1,2018-04-25 02:46:14,13.9,60,965.2,61.9,106,419,6,11.1,Cloudy,2168.0
3680,33,4,2021-07-09 11:54:26,21.1,77,995.5,29.4,284,2930,3,-3.5,Heavy Rain,4290.0
3681,6,1,2018-05-25 12:14:45,14.0,99,910.5,67.5,302,529,1,-2.7,Thunderstorm,3521.0
3682,48,6,2020-04-18 05:11:56,13.8,57,912.7,26.0,160,942,4,-0.1,Clear,2156.0
3683,20,2,2020-04-02 04:11:28,18.8,64,979.8,47.1,69,8514,2,-5.0,Rain,4359.0
3684,60,8,2023-01-22 15:50:18,9.3,48,986.1,66.5,48,3649,0,-2.3,Heavy Rain,1420.0
3685,39,4,2020-04-03 03:12:03,5.4,92,1002.7,24.6,130,5165,0,-1.7,Fog,1641.0
3686,8,1,2018-06-06 06:24:32,32.1,91,998.9,58.0,40,3893,8,-0.0,Heavy Rain,2435.0
3687,20,2,2024-12-27 14:52:14,30.7,88,978.3,73.3,26,1266,0,11.1,Heavy Rain,1565.0
3688,33,4,2021-11-09 15:44:30,13.0,40,931.7,72.0,119,8366,6,-2.4,Clear,1413.0
3689,17,2,2022-07-20 08:54:54,17.4,49,959.7,62.6,227,2233,3,10.6,Cloudy,2580.0
3690,43,5,2019-01-08 12:43:08,30.8,85,960.8,9.9,116,1545,8,3.3,Cloudy,3145.0
3691,23,3,2023-12-09 08:21:21,26.6,74,964.1,49.5,167,1125,1,6.7,Cloudy,1767.0
3692,39,4,2022-03-15 18:26:26,21.9,61,921.4,75.4,127,3865,6,5.0,Cloudy,2294.0
3693,47,6,2020-09-28 23:50:40,14.0,77,958.1,74.7,133,9025,2,11.8,Clear,3101.0
3694,29,3,2018-08-20 23:20:52,5.5,72,988.6,72.6,343,3128,6,1.9,Cloudy,3362.0
3695,47,6,2019-05-13 19:44:34,17.2,44,942.0,22.7,58,5873,8,1.8,Clear,1536.0
3696,48,6,2020-07-31 09:14:30,5.5,72,931.3,62.5,204,5650,5,6.6,Cloudy,4245.0
3697,12,1,2018-09-30 16:10:56,34.0,96,973.3,54.5,212,187,3,5.1,Fog,1445.0
3698,9,1,2024-05-15 23:14:46,13.9,88,974.0,46.7,182,5497,6,11.9,Clear,2094.0
3699,5,1,2023-11-24 00:56:27,23.5,56,902.7,22.4,233,6868,2,-0.1,Thunderstorm,1355.0
3700,11,1,2018-11-23 21:18:47,6.7,99,993.0,0.5,353,4833,4,6.0,Rain,3232.0
3701,53,6,2019-08-25 00:10:10,28.0,94,994.5,38.7,133,1915,8,7.4,Thunderstorm,3131.0
3702,27,3,2018-12-16 00:43:47,19.2,44,961.2,76.2,93,2136,8,-1.2,Rain,1715.0
3703,11,1,2019-10-09 23:21:03,27.1,71,974.7,71.8,233,9329,8,5.2,Cloudy,2450.0
3704,60,8,2022-02-13 11:52:57,25.7,41,970.6,32.8,268,1203,8,7.5,Cloudy,2441.0
3705,36,4,2018-03-12 20:51:03,20.4,77,960.4,46.9,21,3136,5,7.2,Fog,2031.0
3706,41,5,2024-08-30 02:25:55,27.3,86,901.1,20.4,228,5812,2,12.0,Heavy Rain,1606.0
3707,62,8,2020-12-29 01:01:04,15.9,95,934.8,77.7,259,7621,5,11.3,Clear,3482.0
3708,44,5,2021-01-20 01:49:47,13.9,60,977.5,13.1,116,6809,4,14.0,Cloudy,4200.0
3709,15,2,2018-07-27 03:45:32,31.1,48,930.9,71.4,157,8961,5,14.6,Cloudy,4378.0
3710,47,6,2022-03-04 21:41:21,11.6,72,993.6,16.5,345,6607,7,5.4,Rain,3958.0
3711,8,1,2022-10-19 22:26:09,12.5,64,969.3,29.1,34,6107,0,12.5,Rain,3779.0
3712,55,7,2024-08-20 00:51:56,17.8,58,1003.9,48.8,296,7346,0,-0.1,Clear,3639.0
3713,42,5,2023-05-02 02:46:14,5.1,94,959.4,60.8,265,9908,3,2.4,Fog,2960.0
3714,5,1,2019-05-30 17:16:47,32.3,66,966.4,20.8,154,4573,7,12.3,Clear,1064.0
3715,32,3,2022-03-07 13:58:06,33.7,46,1007.7,52.4,9,1780,6,12.2,Heavy Rain,1946.0
3716,22,2,2018-10-08 04:31:19,14.6,54,906.8,46.0,323,174,4,5.3,Thunderstorm,2391.0
3717,23,3,2022-08-22 05:59:10,26.0,56,915.3,28.6,203,7488,1,9.8,Rain,1237.0
3718,47,6,2020-09-03 16:24:45,23.7,88,938.9,73.1,152,7830,5,-2.1,Cloudy,1657.0
3719,40,5,2022-10-17 11:32:51,22.6,40,992.9,75.7,132,9808,6,0.9,Thunderstorm,3176.0
3720,24,3,2019-05-12 18:34:46,29.3,89,945.7,21.5,222,3865,7,4.4,Rain,1285.0
3721,15,2,2023-03-25 15:38:52,22.1,40,990.1,44.7,292,6654,0,10.8,Fog,1209.0
3722,35,4,2024-08-07 20:44:46,8.4,50,988.9,75.1,165,8263,4,7.4,Rain,4457.0
3723,30,3,2018-11-19 17:04:00,12.0,55,938.6,19.8,12,3800,4,5.8,Heavy Rain,1381.0
3724,49,6,2024-11-21 17:35:00,6.1,87,954.6,2.1,87,746,6,-3.5,Fog,4444.0
3725,22,2,2021-11-13 03:53:39,33.1,44,900.8,67.4,272,5204,4,-1.2,Heavy Rain,1267.0
3726,23,3,2019-03-19 16:32:54,34.0,59,954.7,24.3,85,3474,4,6.0,Thunderstorm,1938.0
3727,16,2,2022-10-03 19:59:35,23.8,57,950.0,30.6,102,6385,3,-2.9,Clear,2282.0
3728,54,6,2018-12-10 07:48:00,23.6,65,902.8,67.2,346,7219,5,8.5,Cloudy,2509.0
3729,59,8,2019-09-10 03:58:47,17.6,83,907.3,30.6,84,3346,6,11.8,Thunderstorm,1881.0
3730,24,3,2020-05-16 05:43:55,13.7,49,1009.5,13.6,323,5430,1,0.8,Heavy Rain,2333.0
3731,50,6,2020-05-15 07:06:16,26.5,78,931.1,1.9,261,4330,7,2.8,Rain,2747.0
3732,23,3,2022-02-08 13:28:54,15.3,65,1001.6,38.4,94,5525,6,-3.8,Fog,3025.0
3733,61,8,2022-04-30 03:29:52,8.1,62,942.7,56.6,199,7115,6,11.9,Cloudy,4228.0
3734,21,2,2018-04-15 07:23:22,22.8,64,1012.0,19.4,171,8553,8,9.1,Cloudy,3133.0
3735,28,3,2019-08-17 17:46:06,17.2,75,908.3,24.8,103,6197,6,4.9,Clear,4301.0
3736,30,3,2024-10-01 07:05:09,20.8,58,1006.6,27.1,100,960,8,1.0,Cloudy,1221.0
3737,62,8,2023-12-30 16:53:58,21.3,96,920.3,51.7,325,2968,8,-4.1,Thunderstorm,1775.0
3738,8,1,2024-03-20 09:11:33,11.0,66,1012.5,75.6,290,9541,4,11.1,Rain,2882.0
3739,25,3,2019-12-30 03:56:38,19.0,80,1010.7,74.8,164,8768,8,-4.7,Thunderstorm,1975.0
3740,62,8,2023-10-02 07:43:12,10.3,53,909.8,8.7,224,4996,7,2.3,Clear,1592.0
3741,53,6,2018-09-19 08:43:55,17.1,53,1010.1,54.0,7,8479,2,-3.1,Thunderstorm,2634.0
3742,35,4,2019-05-18 17:10:31,32.8,62,959.5,50.6,45,9281,3,0.4,Fog,3603.0
3743,1,1,2024-11-17 01:02:45,16.7,83,903.4,42.0,305,2368,6,4.3,Fog,3244.0
3744,13,2,2019-11-16 09:39:29,7.7,93,998.3,12.3,150,7731,0,8.1,Heavy Rain,3958.0
3745,32,3,2019-03-08 05:31:47,21.1,65,934.7,41.2,330,5747,5,-1.6,Thunderstorm,3271.0
3746,7,1,2022-06-02 12:50:56,27.8,97,966.6,53.3,67,4355,7,6.2,Clear,4076.0
3747,11,1,2019-05-22 21:46:57,30.8,82,941.2,7.2,4,3110,1,2.3,Thunderstorm,3809.0
3748,25,3,2021-06-04 04:16:48,10.7,78,919.0,25.0,201,4102,7,0.4,Heavy Rain,3227.0
3749,49,6,2019-12-22 07:44:22,34.7,47,979.7,73.0,85,1221,1,-2.2,Thunderstorm,4004.0
3750,50,6,2021-04-26 13:41:44,21.3,60,913.9,3.6,353,2761,4,14.8,Rain,1093.0
3751,28,3,2019-04-24 05:35:51,32.9,50,934.7,45.4,51,8559,8,-3.1,Clear,3223.0
3752,37,4,2022-02-19 03:43:43,12.7,43,930.9,51.8,73,8947,1,-0.9,Cloudy,3799.0
3753,51,6,2020-12-23 12:08:24,7.4,56,951.9,47.4,59,4817,7,3.7,Rain,3770.0
3754,29,3,2018-04-05 21:35:09,19.7,95,994.7,18.5,112,9065,7,9.7,Fog,2180.0
3755,20,2,2020-05-01 02:48:52,13.9,53,980.9,4.7,71,7818,1,-0.9,Clear,2487.0
3756,7,1,2023-02-07 00:27:55,6.0,60,1000.0,2.4,85,9021,6,10.9,Thunderstorm,1172.0
3757,2,1,2020-12-02 02:37:24,19.3,41,988.1,53.6,123,7036,7,3.1,Cloudy,3569.0
3758,20,2,2023-01-29 01:32:50,26.5,43,956.5,7.2,168,204,0,0.0,Thunderstorm,1911.0
3759,51,6,2018-10-28 08:06:50,28.9,100,933.3,38.0,40,8368,2,0.1,Cloudy,1470.0
3760,16,2,2018-09-26 06:36:45,9.2,59,1005.7,53.3,199,3569,4,-4.2,Heavy Rain,928.0
3761,12,1,2020-12-19 12:12:25,15.0,94,916.7,53.2,219,7768,5,14.0,Thunderstorm,2702.0
3762,33,4,2020-02-13 12:39:59,15.6,58,994.2,75.4,75,351,1,13.1,Clear,1876.0
3763,58,7,2024-12-06 07:43:59,9.4,74,956.2,8.4,277,1246,3,7.7,Fog,4324.0
3764,4,1,2018-03-07 00:30:54,31.0,42,960.4,10.2,88,8557,6,-1.5,Thunderstorm,1798.0
3765,32,3,2022-12-08 21:33:24,19.2,68,994.7,68.6,89,3611,4,-3.2,Cloudy,1578.0
3766,37,4,2020-03-26 08:16:08,27.2,55,910.8,59.1,267,7474,0,6.1,Fog,1860.0
3767,36,4,2021-06-24 11:49:07,25.8,55,961.9,38.2,53,3321,5,14.7,Heavy Rain,3788.0
3768,28,3,2020-04-18 17:44:26,15.6,52,931.5,2.6,270,1083,7,-3.5,Heavy Rain,4390.0
3769,51,6,2022-01-20 21:24:00,29.3,70,978.0,0.9,233,8500,0,0.0,Cloudy,1415.0
3770,6,1,2021-09-29 06:22:45,10.2,99,1009.3,24.2,167,6817,3,8.1,Rain,3760.0
3771,39,4,2022-02-02 19:43:11,22.4,47,980.1,46.4,87,9805,6,12.3,Cloudy,1893.0
3772,29,3,2018-05-18 20:47:02,34.8,79,950.4,74.0,58,1702,3,5.6,Clear,3854.0
3773,5,1,2020-10-13 03:51:53,10.3,42,904.9,36.4,222,9680,0,-3.0,Rain,996.0
3774,27,3,2020-07-05 10:20:49,10.8,89,914.7,44.1,249,1427,0,12.6,Rain,4193.0
3775,25,3,2018-11-23 19:05:57,9.0,62,918.5,65.3,324,3056,5,13.5,Rain,2967.0
3776,55,7,2018-01-21 10:07:52,24.3,61,924.9,20.6,145,4411,1,1.4,Clear,4024.0
3777,55,7,2020-06-17 18:59:42,14.5,84,932.7,41.0,300,4529,6,2.4,Heavy Rain,1210.0
3778,52,6,2019-08-15 13:57:45,18.2,52,934.8,74.3,28,5328,3,4.8,Heavy Rain,1626.0
3779,10,1,2022-11-28 02:56:31,8.9,63,900.2,61.0,317,644,6,-3.8,Cloudy,3656.0
3780,12,1,2021-11-01 07:28:04,7.0,88,934.6,17.6,48,3414,1,14.2,Thunderstorm,3571.0
3781,25,3,2020-01-07 03:32:42,11.5,62,1013.0,55.9,215,4112,5,7.4,Thunderstorm,1879.0
3782,7,1,2021-03-24 18:02:10,31.2,79,975.1,44.1,195,5531,8,13.8,Clear,4291.0
3783,8,1,2022-06-07 18:37:19,34.9,95,941.3,31.0,289,2606,4,13.9,Heavy Rain,2943.0
3784,54,6,2020-03-08 01:45:20,6.6,59,929.6,74.1,1,481,7,1.1,Rain,2759.0
3785,29,3,2024-03-03 14:43:03,7.1,47,918.1,70.3,65,5129,8,14.2,Thunderstorm,2380.0
3786,5,1,2020-11-06 14:52:55,17.9,93,927.2,78.2,175,6564,6,8.7,Clear,4279.0
3787,14,2,2019-01-31 17:13:08,23.2,94,937.9,34.9,245,922,5,0.1,Cloudy,3669.0
3788,29,3,2018-03-23 18:00:33,7.1,86,1004.3,7.3,328,8289,3,-2.4,Thunderstorm,2912.0
3789,52,6,2022-02-02 02:46:54,27.2,56,973.5,45.0,146,132,8,-4.1,Fog,2093.0
3790,55,7,2019-02-17 03:09:10,21.2,73,986.3,19.9,261,8102,3,6.5,Fog,4401.0
3791,31,3,2019-10-11 22:14:07,19.3,57,916.5,0.6,254,4397,0,-0.4,Heavy Rain,2529.0
3792,54,6,2024-03-21 01:49:39,5.7,97,902.9,18.6,96,913,1,8.8,Rain,2682.0
3793,55,7,2022-09-12 16:19:54,21.6,63,988.6,58.2,107,5469,7,4.4,Thunderstorm,4388.0
3794,35,4,2021-05-05 13:36:35,32.9,94,970.4,73.2,123,6262,3,4.6,Rain,2193.0
3795,62,8,2018-03-26 15:04:24,6.2,100,945.0,58.2,36,5020,1,4.9,Clear,3813.0
3796,37,4,2020-12-25 02:06:20,33.8,47,934.6,7.8,166,6181,8,14.7,Fog,1152.0
3797,18,2,2018-04-01 19:57:56,5.9,95,948.6,37.1,170,4613,2,12.7,Fog,2106.0
3798,27,3,2023-08-02 14:04:34,7.1,78,914.3,35.6,347,3590,7,3.0,Rain,3757.0
3799,31,3,2024-01-24 18:29:13,20.8,40,960.4,68.2,49,1878,1,4.0,Fog,2912.0
3800,19,2,2019-11-18 19:10:09,30.4,85,914.5,36.7,39,8361,5,5.1,Cloudy,1157.0
3801,11,1,2021-05-22 03:39:43,14.7,60,990.4,43.5,73,5933,5,13.6,Clear,3838.0
3802,6,1,2022-07-29 01:41:42,16.1,99,928.2,16.3,22,4790,1,4.9,Rain,2021.0
3803,9,1,2018-01-22 08:38:33,22.9,94,979.3,48.2,291,3352,4,7.4,Thunderstorm,1023.0
3804,62,8,2023-05-19 09:44:47,16.8,58,960.0,3.1,260,3949,0,7.9,Thunderstorm,1469.0
3805,54,6,2020-10-10 07:12:14,29.2,84,981.4,58.6,109,3024,4,8.1,Fog,964.0
3806,56,7,2019-01-05 23:58:54,14.4,41,912.6,3.2,46,9028,0,9.7,Fog,1409.0
3807,21,2,2021-08-26 02:21:04,27.3,79,981.9,26.6,188,3883,5,-0.3,Rain,3432.0
3808,32,3,2018-02-12 07:17:35,16.6,98,1011.3,37.3,254,1310,3,11.9,Fog,1639.0
3809,46,5,2022-11-11 17:33:37,23.9,52,1010.8,78.0,131,9326,4,-0.8,Clear,1811.0
3810,13,2,2023-10-17 04:17:22,8.9,61,985.1,40.3,193,5139,8,1.0,Clear,3668.0
3811,60,8,2019-03-12 21:08:29,30.7,96,943.5,2.0,65,9377,7,2.9,Fog,1138.0
3812,41,5,2022-03-31 18:33:32,21.6,91,977.0,56.5,343,951,1,10.7,Fog,2050.0
3813,15,2,2020-05-05 05:26:06,16.6,71,1006.1,32.3,43,8072,7,-3.4,Fog,1680.0
3814,42,5,2018-04-19 05:29:33,19.1,88,919.9,11.9,342,4489,4,10.2,Thunderstorm,3967.0
3815,56,7,2022-01-11 07:43:36,32.8,80,964.5,14.5,7,1828,4,1.8,Cloudy,1462.0
3816,9,1,2021-06-11 12:04:45,13.0,80,921.8,29.9,233,7818,1,14.3,Cloudy,1394.0
3817,58,7,2018-03-10 18:13:32,18.3,71,903.8,32.8,101,5063,2,7.9,Heavy Rain,2212.0
3818,23,3,2022-08-09 10:40:52,10.0,68,968.9,10.1,6,6408,6,12.6,Cloudy,2724.0
3819,37,4,2020-09-12 05:07:17,22.2,84,971.9,35.7,293,5487,7,14.0,Rain,1308.0
3820,10,1,2021-08-19 04:11:01,17.6,46,905.0,45.3,72,1875,7,-0.4,Clear,1718.0
3821,10,1,2021-09-15 23:34:38,14.9,50,1003.7,39.5,217,2455,4,0.3,Fog,2627.0
3822,58,7,2023-10-18 19:27:36,18.5,56,935.4,47.3,347,8339,0,-2.4,Fog,2244.0
3823,26,3,2021-06-28 16:59:22,9.9,94,938.9,16.0,102,5311,2,4.4,Rain,2242.0
3824,24,3,2019-01-29 22:44:18,27.6,75,985.7,17.3,346,5245,3,1.6,Rain,1027.0
3825,62,8,2022-07-11 14:08:23,7.1,79,981.6,49.8,335,2900,4,3.8,Clear,2135.0
3826,32,3,2018-12-12 00:51:50,17.2,95,986.7,71.5,81,409,0,5.0,Rain,1318.0
3827,36,4,2022-02-28 21:04:06,32.8,76,983.4,44.4,156,6354,2,12.2,Fog,1172.0
3828,41,5,2021-05-24 04:18:12,12.1,58,980.4,22.6,248,5459,4,-1.2,Heavy Rain,2162.0
3829,61,8,2018-08-20 21:20:08,6.4,50,986.3,47.6,102,134,5,3.1,Clear,3893.0
3830,59,8,2023-10-20 01:15:56,22.0,48,945.9,69.0,132,2347,1,6.9,Heavy Rain,4265.0
3831,46,5,2018-07-31 01:03:41,33.9,43,915.7,30.4,42,6307,4,8.1,Fog,1145.0
3832,17,2,2022-05-11 20:42:31,8.0,74,980.6,37.4,227,4978,4,8.9,Rain,4232.0
3833,33,4,2023-07-03 02:04:11,14.7,46,976.1,9.1,322,3223,4,9.0,Clear,2616.0
3834,1,1,2018-08-12 15:42:22,13.1,63,972.0,0.8,271,6241,4,1.0,Heavy Rain,4018.0
3835,15,2,2024-12-04 11:33:51,21.4,77,945.9,63.7,334,9571,3,4.1,Fog,4229.0
3836,24,3,2018-12-11 22:26:52,10.8,61,985.3,15.3,81,1808,5,0.9,Fog,2466.0
3837,27,3,2020-11-29 04:58:23,24.8,90,996.8,74.9,184,6253,4,-1.8,Clear,3821.0
3838,37,4,2020-02-05 20:56:49,19.4,80,971.8,31.3,323,4905,2,14.0,Heavy Rain,1078.0
3839,18,2,2024-09-03 02:02:32,10.9,72,948.4,79.0,309,7339,8,-1.0,Thunderstorm,1798.0
3840,26,3,2019-10-30 16:35:04,34.1,42,973.9,26.0,222,2568,8,-1.3,Thunderstorm,2857.0
3841,7,1,2024-09-13 11:41:29,24.7,71,974.7,30.7,348,6322,5,-3.1,Fog,1791.0
3842,41,5,2022-05-28 20:53:15,5.4,98,984.2,24.4,51,7048,6,12.5,Heavy Rain,1865.0
3843,25,3,2023-08-13 14:18:22,18.1,47,980.7,12.7,231,7050,1,9.2,Clear,2632.0
3844,50,6,2018-02-11 11:00:44,7.7,77,932.6,7.7,261,1086,6,5.4,Clear,2229.0
3845,55,7,2024-10-17 22:33:02,5.5,52,1012.5,54.3,59,4045,4,11.4,Cloudy,1171.0
3846,13,2,2018-05-25 18:58:33,16.7,72,966.7,37.8,116,5228,0,3.8,Rain,2929.0
3847,52,6,2022-09-20 06:22:50,24.8,85,921.6,75.1,65,9331,4,6.0,Cloudy,3879.0
3848,24,3,2024-05-13 22:46:22,6.1,91,900.5,38.4,232,9214,8,2.0,Clear,1456.0
3849,50,6,2019-11-08 10:45:19,31.8,98,940.2,67.9,311,3218,1,11.2,Clear,2146.0
3850,34,4,2022-02-15 20:11:36,18.6,79,941.8,6.4,130,188,7,12.9,Fog,3438.0
3851,51,6,2024-01-18 19:06:54,10.3,80,918.1,59.3,165,1939,6,14.3,Fog,2630.0
3852,24,3,2018-03-14 01:44:51,29.7,48,958.7,62.6,248,6122,3,12.9,Rain,3408.0
3853,29,3,2020-10-24 18:49:17,20.0,55,1006.9,13.6,183,9255,1,10.6,Clear,2249.0
3854,11,1,2020-05-28 23:27:58,6.7,61,944.6,61.3,320,5117,7,4.3,Rain,3487.0
3855,21,2,2024-06-02 06:48:41,14.9,45,972.8,19.7,157,3338,4,-0.3,Thunderstorm,4151.0
3856,51,6,2021-03-15 04:43:18,19.9,57,988.9,39.6,241,6079,5,5.8,Thunderstorm,1907.0
3857,56,7,2018-10-01 12:08:19,31.7,69,942.0,20.7,97,4885,4,5.1,Fog,2361.0
3858,8,1,2019-05-13 03:12:56,24.1,44,937.3,0.3,112,3990,0,1.0,Clear,3812.0
3859,29,3,2019-07-09 14:43:20,21.1,98,967.6,38.0,172,7790,8,10.0,Rain,3174.0
3860,4,1,2022-06-04 21:24:59,8.9,40,984.0,2.6,221,2608,3,9.6,Rain,1678.0
3861,39,4,2018-05-17 20:54:55,12.0,58,974.9,16.5,46,8537,2,9.4,Fog,3090.0
3862,32,3,2021-05-30 02:28:37,16.4,52,977.9,23.1,104,9398,3,-2.2,Heavy Rain,1540.0
3863,12,1,2022-01-02 02:29:04,14.6,89,912.5,38.0,164,4975,5,11.2,Fog,2104.0
3864,24,3,2023-01-04 10:02:17,8.9,52,967.4,39.7,211,8991,5,5.3,Rain,2324.0
3865,37,4,2018-03-31 10:02:43,26.5,79,978.9,17.3,328,3403,0,3.3,Thunderstorm,1045.0
3866,3,1,2022-12-16 22:31:04,12.0,93,905.8,21.6,72,3960,6,12.4,Rain,3775.0
3867,43,5,2022-04-13 16:15:33,24.5,87,980.0,78.7,351,8409,6,-3.3,Heavy Rain,4122.0
3868,3,1,2019-09-19 17:08:27,8.1,96,935.0,4.0,348,1370,5,-0.2,Thunderstorm,2223.0
3869,27,3,2019-06-01 01:17:16,5.5,72,992.0,46.4,271,858,7,10.7,Fog,3435.0
3870,60,8,2022-12-14 02:52:59,19.7,70,1008.0,12.8,22,2830,7,10.2,Thunderstorm,943.0
3871,11,1,2022-04-07 16:56:56,11.3,91,903.4,61.1,159,9608,2,-1.2,Thunderstorm,1537.0
3872,49,6,2020-08-06 05:02:25,31.3,98,932.9,17.5,96,3847,4,6.5,Rain,3116.0
3873,11,1,2023-06-12 02:16:17,19.4,74,912.3,30.4,5,3282,0,2.6,Heavy Rain,1604.0
3874,4,1,2022-07-25 11:29:07,16.8,57,938.2,33.5,255,121,5,5.8,Thunderstorm,2119.0
3875,14,2,2024-06-26 16:40:01,8.3,64,916.1,7.8,260,3235,1,3.7,Cloudy,3701.0
3876,43,5,2023-06-18 23:38:01,16.4,66,1004.9,69.8,349,9070,3,-3.2,Fog,1816.0
3877,48,6,2020-01-21 04:10:44,14.8,55,911.6,52.1,241,6127,0,11.3,Rain,3363.0
3878,29,3,2023-07-08 15:40:50,27.2,51,937.7,72.5,128,5251,4,2.9,Fog,1558.0
3879,49,6,2021-07-28 04:50:56,28.5,59,939.2,55.2,119,4737,8,-2.4,Heavy Rain,3447.0
3880,30,3,2023-05-13 17:27:24,33.6,72,1003.7,42.4,355,3269,4,10.4,Rain,3369.0
3881,59,8,2019-01-01 03:51:22,23.9,69,913.5,75.2,211,6363,4,-1.7,Heavy Rain,2869.0
3882,26,3,2019-02-23 05:35:26,9.5,42,980.8,23.0,246,5829,4,2.1,Fog,2100.0
3883,62,8,2019-12-03 01:29:04,19.2,88,993.3,62.7,5,4277,7,-3.6,Clear,3342.0
3884,38,4,2020-06-09 21:44:04,8.9,43,1000.8,78.2,14,1755,4,-1.8,Cloudy,3229.0
3885,49,6,2018-10-25 18:49:21,7.2,60,939.9,8.7,203,3184,3,7.6,Clear,1104.0
3886,10,1,2019-04-16 12:01:50,9.7,84,973.3,50.9,12,4187,6,-4.4,Rain,1119.0
3887,25,3,2024-05-14 06:40:36,10.5,88,931.4,12.9,192,715,8,1.1,Heavy Rain,4395.0
3888,11,1,2021-07-20 17:19:21,12.2,68,1002.1,64.9,156,5602,1,10.9,Heavy Rain,3649.0
3889,57,7,2018-08-01 20:48:01,19.1,59,1013.0,60.5,61,5847,6,-4.2,Thunderstorm,1831.0
3890,14,2,2018-10-16 05:50:46,26.8,52,1002.5,57.4,141,6517,0,3.0,Clear,1583.0
3891,21,2,2018-09-15 12:18:20,6.8,86,933.0,49.8,15,8887,5,4.1,Cloudy,3687.0
3892,36,4,2018-06-11 18:46:48,25.2,83,1003.0,42.6,295,9488,6,6.5,Cloudy,3978.0
3893,4,1,2022-04-30 06:51:59,6.5,49,980.4,72.5,39,797,0,9.9,Rain,1035.0
3894,58,7,2022-06-04 08:57:04,10.1,93,999.4,11.8,80,5547,8,2.8,Cloudy,3630.0
3895,58,7,2019-06-04 16:00:56,30.7,43,903.9,38.0,146,7437,3,-0.0,Rain,2160.0
3896,40,5,2019-01-21 10:46:30,23.2,65,939.6,25.3,316,4390,0,6.3,Fog,3908.0
3897,22,2,2022-11-06 03:32:35,6.5,43,956.3,45.5,301,9820,0,5.3,Fog,4188.0
3898,4,1,2018-11-23 05:12:09,26.8,97,901.1,18.6,258,800,5,0.8,Rain,2838.0
3899,23,3,2018-08-12 13:13:40,7.7,42,938.5,10.0,91,8409,2,13.8,Cloudy,1354.0
3900,44,5,2020-01-09 19:31:11,29.6,96,913.0,47.6,234,5652,7,3.1,Thunderstorm,2621.0
3901,44,5,2020-08-01 13:11:01,11.8,80,917.6,47.4,21,2050,1,2.3,Cloudy,2714.0
3902,52,6,2020-05-20 23:29:04,33.5,88,909.0,27.3,89,4507,1,1.0,Heavy Rain,2678.0
3903,4,1,2024-10-30 02:30:49,16.3,43,975.3,64.7,29,9104,4,8.6,Fog,4350.0
3904,6,1,2019-01-13 17:23:27,12.3,54,971.2,1.1,114,9361,3,2.4,Cloudy,2260.0
3905,40,5,2023-12-21 18:24:24,34.9,56,969.0,49.5,273,3762,6,1.7,Cloudy,3857.0
3906,37,4,2018-02-01 19:49:37,10.2,56,1000.5,77.3,34,7761,4,-3.6,Rain,983.0
3907,8,1,2019-06-27 02:50:24,26.0,95,955.8,69.8,175,4487,1,14.4,Cloudy,1291.0
3908,14,2,2022-07-14 18:23:51,18.8,83,1012.5,52.4,150,2759,2,-1.8,Fog,3139.0
3909,57,7,2019-10-08 05:22:39,26.1,46,939.0,78.1,223,394,3,13.7,Fog,1978.0
3910,12,1,2023-12-08 16:26:47,29.0,80,945.3,68.0,99,9237,2,-2.9,Thunderstorm,3667.0
3911,10,1,2023-09-30 13:29:32,27.4,40,906.9,30.0,288,5366,5,2.1,Rain,3356.0
3912,60,8,2019-02-08 04:43:57,6.4,67,971.6,24.0,176,1790,2,-0.6,Clear,3677.0
3913,39,4,2022-10-02 17:50:09,31.0,65,991.7,78.4,170,2878,2,7.0,Clear,1757.0
3914,27,3,2024-06-15 07:22:50,9.7,48,951.8,67.8,34,6204,2,-0.9,Heavy Rain,943.0
3915,27,3,2021-11-04 14:59:35,25.8,79,923.6,13.6,273,8506,1,7.2,Rain,3442.0
3916,39,4,2018-09-02 06:41:55,10.9,63,931.0,11.5,31,6504,2,0.7,Heavy Rain,4478.0
3917,55,7,2024-11-30 14:52:03,19.1,77,912.6,31.8,116,5588,7,7.0,Thunderstorm,1224.0
3918,18,2,2022-05-20 14:39:40,28.6,92,1012.9,67.3,237,9782,1,6.3,Fog,2269.0
3919,5,1,2019-04-11 02:01:05,10.1,91,969.8,7.0,89,2314,0,2.8,Heavy Rain,2855.0
3920,16,2,2024-09-28 06:24:15,34.7,100,935.5,39.2,326,1043,5,6.5,Thunderstorm,904.0
3921,5,1,2019-11-01 22:58:51,34.7,62,963.7,39.8,298,1520,1,13.1,Thunderstorm,1189.0
3922,56,7,2023-11-01 14:12:12,31.5,86,963.9,74.8,163,7087,2,-3.0,Cloudy,2298.0
3923,7,1,2024-04-22 12:55:45,5.9,57,905.8,33.5,130,1565,5,5.2,Thunderstorm,3997.0
3924,7,1,2024-06-18 06:01:55,23.7,86,999.4,60.6,26,7958,0,10.5,Thunderstorm,2521.0
3925,25,3,2022-08-24 07:12:34,16.4,68,971.8,18.3,145,4010,7,6.0,Clear,1764.0
3926,51,6,2023-09-05 08:55:46,10.1,81,942.6,19.0,274,5693,0,-3.4,Thunderstorm,4010.0
3927,1,1,2024-07-10 07:15:53,10.7,81,966.3,69.1,349,9501,5,3.7,Rain,2746.0
3928,25,3,2021-03-28 19:59:22,23.7,52,931.6,46.4,83,8206,0,7.0,Heavy Rain,996.0
3929,47,6,2024-08-21 05:51:39,30.8,63,992.5,14.6,118,1350,2,3.2,Cloudy,4313.0
3930,2,1,2018-07-10 01:40:33,21.7,89,1009.2,36.0,218,1593,4,9.6,Thunderstorm,4201.0
3931,1,1,2020-01-08 14:21:55,19.0,56,966.7,1.4,149,1863,7,-0.4,Clear,1999.0
3932,47,6,2024-09-01 19:18:27,14.2,63,980.6,71.9,244,4577,3,9.9,Rain,1038.0
3933,6,1,2022-02-27 23:10:12,12.2,65,1007.5,51.8,16,1107,6,0.1,Heavy Rain,2437.0
3934,48,6,2020-03-15 09:00:24,14.6,50,909.4,30.7,21,5909,3,8.9,Heavy Rain,2417.0
3935,1,1,2018-07-21 21:42:26,30.3,58,913.0,7.1,281,5876,2,-1.3,Clear,3496.0
3936,56,7,2024-06-01 18:34:52,29.2,73,900.4,15.0,74,1243,1,1.4,Thunderstorm,1827.0
3937,25,3,2022-03-17 00:21:52,34.4,99,961.4,78.5,190,1784,0,-4.9,Thunderstorm,2975.0
3938,35,4,2019-02-11 00:09:56,28.6,99,962.1,73.0,67,6579,2,-0.9,Rain,3045.0
3939,12,1,2018-10-07 07:33:52,26.9,96,971.5,38.8,165,6306,8,5.1,Fog,2192.0
3940,36,4,2022-05-26 06:17:05,10.2,40,998.9,64.7,355,2175,3,0.8,Cloudy,2256.0
3941,32,3,2021-02-15 15:10:32,13.7,58,942.8,67.3,283,8068,2,4.9,Cloudy,3423.0
3942,6,1,2020-04-23 21:03:20,7.0,46,909.5,68.8,337,1198,5,5.1,Cloudy,3523.0
3943,56,7,2024-01-18 14:45:41,12.3,81,1005.7,29.6,125,6236,3,-0.7,Heavy Rain,1607.0
3944,59,8,2019-01-01 10:03:20,5.8,92,975.9,18.2,303,4629,4,5.2,Clear,1914.0
3945,3,1,2020-05-29 05:45:36,12.6,92,935.6,24.0,28,9851,3,2.6,Fog,2924.0
3946,16,2,2024-01-31 10:25:10,16.2,72,955.6,4.2,60,4994,0,8.4,Fog,1746.0
3947,33,4,2021-06-26 23:03:15,29.1,48,915.2,22.8,29,8485,2,13.7,Fog,2355.0
3948,43,5,2022-05-06 14:29:48,21.3,81,906.4,35.2,39,1912,5,-3.5,Fog,992.0
3949,51,6,2022-08-03 13:11:45,10.8,68,981.7,24.5,223,7942,7,1.0,Fog,3984.0
3950,8,1,2022-07-06 06:31:06,17.1,68,926.7,31.2,344,3064,1,12.3,Heavy Rain,4431.0
3951,9,1,2023-01-28 19:28:22,22.5,46,961.0,39.3,6,8591,8,9.9,Clear,1062.0
3952,31,3,2018-01-28 10:18:02,11.2,80,989.8,73.0,185,3054,1,1.0,Fog,1878.0
3953,38,4,2022-01-29 00:55:14,22.3,45,914.0,51.6,120,2390,6,3.5,Thunderstorm,3164.0
3954,46,5,2022-01-07 06:04:26,28.3,46,1003.1,69.1,177,316,2,6.8,Rain,2395.0
3955,14,2,2024-04-01 16:26:05,9.4,53,934.1,79.7,83,9996,3,-4.9,Cloudy,1833.0
3956,45,5,2021-08-14 12:09:17,24.4,51,911.0,62.7,241,2520,3,3.3,Rain,4263.0
3957,58,7,2021-09-25 21:33:03,14.1,62,929.3,38.5,272,8040,4,9.5,Rain,3907.0
3958,26,3,2023-07-12 01:51:22,11.8,45,1001.7,41.7,198,4593,8,5.3,Thunderstorm,2760.0
3959,13,2,2019-11-06 05:05:15,33.4,62,968.6,25.2,184,5931,8,9.1,Clear,3211.0
3960,41,5,2024-02-09 03:08:33,16.4,98,1005.6,17.7,317,254,0,1.8,Fog,2501.0
3961,58,7,2019-11-11 03:21:53,30.0,88,932.4,69.3,214,9125,0,7.8,Fog,4006.0
3962,17,2,2024-05-26 15:55:30,19.6,92,965.9,54.9,36,9378,4,12.7,Heavy Rain,1867.0
3963,38,4,2024-03-24 07:48:57,31.4,62,907.0,45.5,354,9865,8,11.2,Rain,3874.0
3964,46,5,2022-01-18 03:24:01,20.1,77,926.7,56.0,134,2370,6,9.9,Fog,2282.0
3965,1,1,2019-03-02 00:05:34,27.4,62,972.5,7.3,19,9145,3,4.7,Heavy Rain,4200.0
3966,60,8,2020-06-12 04:51:01,25.2,79,975.0,42.3,186,5819,7,10.0,Clear,2900.0
3967,5,1,2023-10-11 19:52:26,21.8,53,953.0,47.5,151,2870,2,15.0,Heavy Rain,3367.0
3968,3,1,2023-04-15 10:46:00,32.4,51,1001.4,48.8,10,506,0,1.6,Heavy Rain,2990.0
3969,37,4,2019-04-09 06:50:05,22.9,67,971.3,49.0,217,5530,3,10.8,Cloudy,3215.0
3970,48,6,2020-04-20 15:09:03,6.7,40,912.6,60.8,307,4382,4,8.5,Clear,3278.0
3971,52,6,2021-10-09 09:47:20,23.5,40,968.9,30.5,253,8024,1,0.8,Thunderstorm,1476.0
3972,24,3,2023-07-03 02:53:52,30.8,91,932.1,37.0,340,9496,4,10.4,Fog,1422.0
3973,60,8,2018-06-26 18:45:30,18.4,73,997.8,74.4,163,1333,0,0.2,Rain,2138.0
3974,11,1,2019-03-23 05:50:55,21.6,99,958.8,59.5,219,934,8,-2.8,Cloudy,1221.0
3975,16,2,2020-02-08 18:30:38,23.8,51,988.2,29.4,6,8338,0,3.3,Thunderstorm,3165.0
3976,8,1,2019-10-18 16:15:33,9.7,59,939.1,78.5,308,9914,5,9.7,Fog,1593.0
3977,53,6,2019-04-11 03:54:18,12.7,85,951.0,52.5,61,5725,5,-1.0,Clear,4341.0
3978,37,4,2021-10-07 11:18:38,31.4,64,972.8,68.5,238,7459,1,10.8,Cloudy,3528.0
3979,43,5,2024-11-17 07:11:44,15.0,81,967.0,50.5,230,216,3,13.8,Heavy Rain,4424.0
3980,53,6,2022-04-25 09:16:11,9.6,95,957.8,75.0,163,8849,6,8.2,Fog,1837.0
3981,26,3,2019-06-01 10:38:24,8.8,42,930.4,79.2,98,3721,7,10.3,Cloudy,3266.0
3982,20,2,2023-03-15 04:24:41,16.5,91,994.8,66.4,334,1924,7,11.6,Thunderstorm,2789.0
3983,35,4,2020-06-14 11:31:41,9.7,79,954.4,52.6,104,6987,1,14.8,Rain,4316.0
3984,33,4,2024-06-29 05:41:19,28.8,95,998.1,1.2,51,4887,8,4.0,Clear,4258.0
3985,13,2,2019-11-08 00:27:33,21.6,74,924.9,28.0,30,5264,2,10.1,Rain,2664.0
3986,21,2,2019-02-23 20:41:31,20.3,70,918.1,28.2,66,7103,1,7.4,Rain,3618.0
3987,43,5,2022-12-08 23:55:22,5.2,46,909.2,68.7,173,8031,3,5.0,Clear,4221.0
3988,13,2,2018-03-07 12:30:23,12.7,62,1004.8,41.9,186,1093,6,3.7,Cloudy,1279.0
3989,26,3,2022-01-29 09:30:55,23.8,58,902.3,52.6,237,4062,2,-4.5,Cloudy,4422.0
3990,40,5,2020-05-21 02:42:38,16.5,46,958.7,17.3,36,7251,6,7.6,Clear,3928.0
3991,31,3,2019-11-11 01:37:41,5.5,81,996.8,11.2,307,5789,6,10.3,Clear,1801.0
3992,20,2,2021-11-05 00:18:42,30.9,77,931.1,7.8,196,9797,7,5.3,Heavy Rain,2007.0
3993,56,7,2019-03-10 02:37:15,28.5,68,980.8,29.6,178,3324,1,2.6,Heavy Rain,3797.0
3994,53,6,2020-10-15 07:17:00,10.9,94,941.5,16.5,292,5795,2,3.1,Fog,1898.0
3995,20,2,2020-10-04 08:54:09,9.3,96,918.7,41.7,225,6054,6,1.4,Heavy Rain,2665.0
3996,11,1,2021-07-19 17:06:55,27.2,84,932.6,38.2,92,8797,7,-0.5,Thunderstorm,1698.0
3997,30,3,2021-09-01 02:36:38,24.0,81,930.2,65.3,300,5288,0,4.3,Cloudy,1593.0
3998,48,6,2021-11-05 13:08:07,19.5,85,974.5,55.2,220,8485,2,2.9,Thunderstorm,3604.0
3999,44,5,2024-12-08 23:23:14,33.4,76,980.8,74.5,227,9085,4,10.6,Thunderstorm,2009.0
4000,17,2,2020-03-22 03:32:30,28.4,53,902.2,7.0,195,2490,0,7.3,Thunderstorm,1239.0
4001,45,5,2021-08-13 03:36:27,32.5,87,964.2,51.1,335,1292,7,-4.6,Cloudy,3041.0
4002,58,7,2022-03-10 21:25:29,32.4,60,936.3,52.6,90,9050,6,-1.7,Fog,3421.0
4003,3,1,2018-09-24 05:32:34,29.4,58,940.4,47.2,285,6468,0,14.2,Thunderstorm,2013.0
4004,13,2,2018-01-30 09:04:38,22.2,41,919.0,6.6,358,3232,8,3.9,Clear,3672.0
4005,57,7,2021-05-05 16:04:36,21.6,85,1008.3,58.6,53,7138,5,-1.6,Cloudy,4365.0
4006,9,1,2024-02-16 18:59:12,17.7,99,978.7,69.1,154,4867,6,13.9,Fog,1044.0
4007,51,6,2022-08-22 17:58:18,20.7,72,962.1,23.2,24,3221,7,4.2,Cloudy,3380.0
4008,47,6,2023-06-13 12:34:49,33.0,64,983.4,6.4,356,6930,0,-3.3,Heavy Rain,4371.0
4009,59,8,2021-12-04 01:24:45,26.4,95,970.4,0.8,352,4901,2,3.2,Rain,1298.0
4010,47,6,2023-09-19 03:28:52,25.6,78,906.5,22.7,58,6695,7,8.7,Fog,2111.0
4011,1,1,2020-05-31 08:31:49,9.7,44,921.1,11.2,52,2657,8,6.6,Heavy Rain,3666.0
4012,37,4,2018-02-09 11:39:45,20.9,73,996.6,29.5,272,7952,2,8.2,Thunderstorm,2456.0
4013,25,3,2022-09-01 16:12:11,9.8,89,902.5,62.8,232,7373,5,-4.0,Fog,1839.0
4014,30,3,2021-08-14 01:40:33,32.4,76,943.1,8.9,35,6328,3,1.4,Fog,3249.0
4015,11,1,2022-11-10 01:22:55,12.8,84,970.3,77.6,327,2969,1,-4.6,Clear,2080.0
4016,10,1,2022-10-05 07:00:06,23.4,86,975.4,28.0,151,4045,3,2.9,Clear,2184.0
4017,14,2,2021-11-13 08:07:09,25.2,41,903.3,62.1,77,8519,5,-2.0,Clear,4423.0
4018,26,3,2023-11-12 01:04:53,20.8,43,962.2,1.4,89,4382,6,13.4,Cloudy,1611.0
4019,22,2,2019-10-28 13:07:31,6.8,65,950.6,57.2,82,3407,1,0.1,Fog,1855.0
4020,14,2,2021-11-17 21:44:37,10.3,48,973.6,6.6,47,1984,1,3.7,Thunderstorm,3059.0
4021,12,1,2018-11-09 16:38:23,10.0,67,973.0,46.7,265,7434,4,8.1,Rain,2423.0
4022,30,3,2021-04-02 07:08:52,23.7,67,903.7,31.7,30,1539,3,5.2,Fog,2063.0
4023,37,4,2020-10-15 18:54:58,9.1,100,901.0,48.1,258,5815,6,2.7,Fog,1544.0
4024,9,1,2022-09-06 20:08:15,19.3,57,939.2,25.7,294,4544,2,-3.0,Cloudy,1078.0
4025,62,8,2023-07-04 09:51:37,19.8,40,910.7,51.6,345,5679,8,8.0,Clear,2098.0
4026,23,3,2023-08-13 08:45:26,21.4,76,975.0,0.3,96,9790,7,13.5,Rain,2136.0
4027,32,3,2022-08-27 20:05:13,5.2,43,953.9,16.6,175,3339,6,-3.0,Thunderstorm,2824.0
4028,54,6,2022-08-03 08:29:50,34.2,89,985.4,16.7,14,3764,8,-2.2,Thunderstorm,3965.0
4029,1,1,2024-02-07 09:42:18,34.4,51,919.6,12.6,47,6022,0,13.4,Rain,2575.0
4030,57,7,2018-06-19 20:36:44,34.8,70,1003.1,16.2,321,3311,4,5.1,Cloudy,3638.0
4031,39,4,2024-05-17 17:22:37,30.9,88,945.2,19.5,281,1521,0,0.4,Rain,2935.0
4032,35,4,2024-11-18 15:11:20,14.4,64,920.1,56.8,338,2510,1,7.5,Heavy Rain,3850.0
4033,5,1,2022-04-17 11:17:09,6.7,57,920.0,57.2,116,918,1,14.9,Thunderstorm,1727.0
4034,15,2,2024-12-16 17:41:37,34.2,84,972.9,44.2,305,373,6,12.7,Cloudy,4035.0
4035,23,3,2018-12-06 22:35:49,20.2,60,1000.5,26.5,247,5153,2,4.7,Cloudy,2865.0
4036,42,5,2018-09-05 08:12:11,24.0,100,974.2,24.8,278,9803,6,4.4,Fog,4267.0
4037,37,4,2018-02-23 07:33:50,20.7,93,901.6,59.3,222,635,2,-4.2,Thunderstorm,4342.0
4038,7,1,2020-12-23 09:34:07,13.2,50,1004.9,38.1,298,1582,5,7.7,Clear,3878.0
4039,21,2,2018-01-08 01:19:46,11.0,74,969.9,38.6,159,8769,4,11.4,Rain,3016.0
4040,27,3,2019-08-31 19:39:14,25.2,45,957.4,72.3,43,8328,5,5.0,Heavy Rain,3541.0
4041,60,8,2023-09-03 00:11:43,21.0,62,988.3,32.2,6,5768,0,4.2,Cloudy,1927.0
4042,61,8,2018-11-27 22:52:16,19.4,59,1001.9,64.1,99,4538,6,4.4,Rain,1056.0
4043,5,1,2022-06-23 06:09:20,33.2,41,948.3,64.6,182,1993,6,-1.2,Heavy Rain,1828.0
4044,13,2,2023-09-04 14:34:09,6.4,56,966.7,22.3,187,537,5,-0.8,Cloudy,2877.0
4045,14,2,2020-12-29 04:54:48,21.5,57,987.4,72.5,22,409,5,10.1,Clear,1329.0
4046,2,1,2023-05-22 06:18:35,14.1,82,999.9,41.8,150,3883,4,-4.9,Cloudy,3775.0
4047,7,1,2018-08-31 01:00:37,14.8,77,1009.0,39.1,51,7143,5,7.2,Cloudy,1447.0
4048,16,2,2023-06-03 12:00:11,6.7,99,997.9,41.8,139,3172,1,7.4,Heavy Rain,3858.0
4049,17,2,2019-07-07 16:01:06,34.3,52,998.2,60.4,129,5208,8,6.1,Heavy Rain,3277.0
4050,27,3,2022-11-12 07:14:54,30.4,58,957.0,46.4,148,6520,2,-4.8,Fog,1592.0
4051,50,6,2022-06-09 01:07:00,7.4,92,1004.5,13.9,146,7007,5,7.7,Clear,2756.0
4052,25,3,2021-04-13 04:33:06,31.5,83,974.9,36.8,249,2599,3,12.7,Thunderstorm,1071.0
4053,43,5,2019-07-23 12:19:49,7.6,88,902.8,3.4,327,3555,2,-1.1,Rain,1363.0
4054,33,4,2024-05-13 00:01:13,22.9,77,973.2,52.2,103,7328,7,5.4,Clear,2681.0
4055,29,3,2021-02-21 07:21:23,18.2,76,925.6,47.7,173,7548,8,8.2,Clear,4106.0
4056,57,7,2023-01-01 07:18:24,16.2,88,956.2,49.8,22,4622,8,2.3,Fog,2847.0
4057,4,1,2019-02-14 22:14:30,6.7,40,1001.0,44.1,68,5998,4,9.5,Rain,1615.0
4058,57,7,2018-07-02 14:45:31,9.6,80,1007.3,61.7,46,7621,0,-3.8,Rain,2821.0
4059,58,7,2019-12-16 19:07:25,32.7,98,955.1,33.8,235,2877,0,-3.5,Fog,3965.0
4060,20,2,2020-11-24 03:06:38,31.6,87,931.9,25.3,73,6776,0,-0.8,Clear,3665.0
4061,41,5,2019-08-12 19:12:16,34.6,98,939.9,34.8,12,9355,1,2.9,Rain,2891.0
4062,44,5,2023-08-31 18:13:40,6.7,69,935.5,9.8,270,1179,8,1.8,Clear,2436.0
4063,20,2,2018-06-22 00:53:54,12.7,72,1006.8,24.6,279,3755,3,-4.5,Cloudy,1559.0
4064,29,3,2021-04-23 12:58:15,16.3,97,948.8,44.0,282,1957,7,13.5,Rain,1135.0
4065,48,6,2019-02-18 04:09:20,6.5,84,923.5,30.6,221,7943,0,9.9,Cloudy,2634.0
4066,24,3,2022-11-12 20:01:00,25.6,64,941.0,12.0,215,8690,7,1.2,Cloudy,3239.0
4067,20,2,2018-11-29 10:57:56,5.3,55,953.8,63.6,298,2914,0,-2.4,Clear,2052.0
4068,2,1,2023-10-15 02:39:16,27.7,100,940.3,6.8,335,423,7,-0.7,Heavy Rain,3451.0
4069,23,3,2022-10-19 23:05:49,10.5,77,993.7,29.0,231,4863,1,14.2,Cloudy,2739.0
4070,53,6,2018-03-19 19:20:40,12.5,76,983.7,57.5,22,8525,7,1.7,Rain,2262.0
4071,23,3,2023-04-22 22:45:03,15.8,94,984.7,20.9,286,7187,6,1.6,Cloudy,1346.0
4072,22,2,2018-09-22 12:17:11,18.3,90,917.3,78.1,47,4843,8,-1.6,Rain,1186.0
4073,54,6,2023-07-10 16:02:44,30.8,41,989.7,30.1,69,8040,3,1.4,Fog,3766.0
4074,8,1,2024-05-22 16:33:59,14.1,46,982.5,40.2,91,8005,1,-4.4,Fog,3122.0
4075,39,4,2019-10-02 08:49:28,20.1,46,1011.2,29.1,314,6893,2,-4.7,Rain,3944.0
4076,10,1,2024-09-17 06:13:51,34.6,74,1010.2,49.2,222,7754,1,2.9,Clear,2258.0
4077,4,1,2019-05-09 18:25:48,15.7,55,931.1,51.4,150,6606,6,4.0,Cloudy,2801.0
4078,27,3,2022-09-09 01:44:59,8.9,56,949.6,63.2,216,6783,2,9.1,Thunderstorm,4445.0
4079,4,1,2022-12-18 09:11:17,15.8,75,925.6,44.1,38,3504,3,7.4,Rain,3618.0
4080,9,1,2022-01-29 17:47:15,15.2,58,1002.2,58.3,29,5816,2,11.7,Heavy Rain,3884.0
4081,20,2,2021-02-05 06:07:34,11.1,83,953.3,45.2,19,5012,4,1.3,Rain,1232.0
4082,43,5,2023-08-12 12:27:11,24.8,76,910.2,58.7,190,5160,7,2.7,Thunderstorm,4250.0
4083,32,3,2022-02-10 19:27:29,30.3,100,982.8,47.6,184,4152,7,-0.3,Rain,3688.0
4084,4,1,2024-05-19 14:40:59,29.6,98,998.0,1.0,105,3700,5,6.7,Heavy Rain,2894.0
4085,45,5,2024-07-30 08:25:39,32.2,57,912.5,38.1,222,6550,7,-2.2,Heavy Rain,2428.0
4086,59,8,2018-07-24 14:18:09,13.0,63,903.1,75.8,236,2504,0,8.5,Thunderstorm,2838.0
4087,21,2,2022-08-22 00:59:26,16.9,78,962.7,78.0,294,3944,2,13.6,Clear,4205.0
4088,26,3,2024-09-03 20:25:43,16.5,77,905.7,13.9,63,2318,0,7.7,Fog,3187.0
4089,38,4,2024-11-10 15:43:31,15.5,86,1001.6,78.4,351,1087,8,7.3,Thunderstorm,2206.0
4090,21,2,2019-08-06 13:44:37,12.9,67,932.5,8.7,146,3234,6,5.7,Thunderstorm,1021.0
4091,33,4,2020-11-27 22:17:35,24.3,96,985.7,19.8,280,2275,2,-2.6,Clear,3540.0
4092,35,4,2018-06-14 15:54:20,24.1,61,999.2,65.9,113,3887,8,2.3,Fog,3712.0
4093,48,6,2022-10-04 00:50:55,11.1,80,930.9,9.1,122,875,7,-2.8,Thunderstorm,3906.0
4094,4,1,2018-01-10 07:27:08,27.2,79,928.7,21.2,69,4811,1,9.2,Clear,2342.0
4095,55,7,2024-10-05 08:48:26,24.3,53,956.0,1.6,96,1388,0,7.6,Fog,2913.0
4096,38,4,2020-02-06 01:15:32,23.8,88,992.7,51.3,92,3919,2,5.9,Thunderstorm,4091.0
4097,32,3,2024-08-05 06:03:20,28.6,50,998.0,35.0,282,4025,1,7.0,Fog,1825.0
4098,61,8,2020-04-01 23:25:28,13.3,75,997.3,47.6,80,2834,8,12.2,Fog,3751.0
4099,51,6,2019-01-03 20:26:31,9.7,71,961.7,66.7,305,4480,2,-2.4,Thunderstorm,3751.0
4100,18,2,2023-04-28 20:47:15,24.1,87,950.2,37.5,66,2556,1,-4.3,Heavy Rain,1994.0
4101,55,7,2018-02-19 22:45:33,28.4,62,977.9,37.7,318,348,3,6.8,Clear,3235.0
4102,52,6,2019-04-15 09:07:04,12.6,95,910.4,3.7,195,5494,7,11.0,Heavy Rain,1650.0
4103,52,6,2023-02-01 01:53:19,24.1,90,978.4,48.6,130,4231,1,12.2,Thunderstorm,2972.0
4104,15,2,2023-06-13 09:45:11,9.4,66,914.8,12.5,152,3095,5,-4.1,Fog,2137.0
4105,54,6,2024-11-02 14:22:41,17.1,45,1006.0,31.5,18,5885,0,12.9,Clear,1492.0
4106,2,1,2019-08-08 02:46:56,12.3,61,912.0,31.4,11,7435,3,-3.6,Rain,3795.0
4107,13,2,2023-12-13 07:50:13,30.9,52,928.2,10.2,224,9555,3,5.1,Clear,1723.0
4108,5,1,2018-06-17 21:15:03,10.6,82,939.9,15.7,277,184,8,7.6,Thunderstorm,2378.0
4109,48,6,2021-12-20 23:25:14,7.8,60,926.1,38.0,291,8884,6,-1.6,Thunderstorm,1435.0
4110,31,3,2023-01-20 00:53:27,32.9,67,904.7,69.9,276,4333,8,-0.7,Fog,1466.0
4111,28,3,2024-11-25 16:15:02,5.2,43,925.5,24.3,105,7830,8,11.8,Rain,2430.0
4112,45,5,2019-10-27 22:43:33,23.3,87,968.4,73.3,265,5406,8,6.5,Cloudy,1955.0
4113,42,5,2020-06-22 10:42:05,19.3,75,979.0,4.4,222,5116,1,10.8,Fog,964.0
4114,49,6,2018-02-04 18:18:41,11.2,46,959.4,15.1,116,5651,5,5.8,Fog,3324.0
4115,47,6,2022-09-16 20:28:14,30.1,83,978.5,38.0,181,4266,8,12.8,Rain,4250.0
4116,44,5,2022-09-03 11:58:43,21.3,92,1006.0,70.6,243,7184,4,1.2,Clear,1980.0
4117,57,7,2018-03-15 00:22:23,10.7,76,933.3,37.2,98,5213,1,2.7,Clear,2514.0
4118,44,5,2019-03-16 13:10:26,11.9,78,957.5,76.6,86,7629,0,11.3,Rain,3736.0
4119,61,8,2019-04-03 21:58:54,19.5,95,1012.1,29.9,161,2215,3,4.0,Cloudy,3941.0
4120,51,6,2018-03-26 05:00:40,33.9,88,1004.5,34.3,170,9977,4,-0.7,Rain,3913.0
4121,43,5,2021-02-14 16:06:33,32.8,72,938.4,30.4,223,7559,7,1.3,Cloudy,1280.0
4122,53,6,2018-03-25 16:37:55,18.5,93,994.9,6.0,62,6030,2,-2.9,Fog,4496.0
4123,9,1,2020-06-21 06:51:46,17.9,70,1004.9,55.7,346,2818,5,2.8,Heavy Rain,2467.0
4124,41,5,2022-08-25 05:20:11,25.5,91,976.3,37.5,353,7164,7,6.9,Rain,3865.0
4125,38,4,2023-04-08 04:58:08,31.4,58,1001.5,78.2,88,9450,7,7.2,Rain,3102.0
4126,57,7,2023-11-30 21:26:35,30.0,94,903.6,50.5,240,9621,4,7.7,Clear,4372.0
4127,27,3,2020-12-01 15:37:30,31.5,42,1009.9,24.7,64,1488,0,7.2,Cloudy,975.0
4128,45,5,2022-11-27 19:07:00,28.1,64,951.8,37.6,315,8212,1,-1.9,Fog,4351.0
4129,27,3,2023-06-03 23:54:14,16.4,48,942.4,7.5,246,8476,6,12.4,Clear,1140.0
4130,32,3,2024-03-22 07:01:27,7.2,97,968.0,33.0,280,1967,4,-4.5,Heavy Rain,4220.0
4131,3,1,2020-06-16 04:09:00,14.1,80,1011.4,44.7,302,4019,5,10.2,Cloudy,2633.0
4132,62,8,2019-03-01 00:37:55,14.6,43,914.3,25.8,198,2909,8,14.8,Thunderstorm,2306.0
4133,52,6,2023-01-10 12:26:47,31.8,56,924.3,14.9,114,9049,2,-4.2,Fog,3869.0
4134,30,3,2019-04-20 15:11:18,22.4,43,961.6,50.1,244,596,7,-4.3,Fog,4303.0
4135,6,1,2020-09-09 22:32:04,34.8,41,949.8,63.2,106,2689,8,-4.6,Thunderstorm,1946.0
4136,44,5,2020-05-01 18:42:44,6.1,69,917.8,64.1,75,5155,5,1.2,Heavy Rain,1398.0
4137,22,2,2021-12-07 04:21:39,31.4,61,1003.5,37.5,242,1702,7,1.5,Thunderstorm,3753.0
4138,44,5,2023-05-24 06:14:00,26.5,57,955.4,47.2,67,9908,1,-3.7,Thunderstorm,1169.0
4139,2,1,2021-06-29 18:46:57,33.9,93,926.9,67.7,324,8980,1,9.8,Cloudy,3407.0
4140,55,7,2024-10-20 03:05:35,25.6,79,980.0,32.3,279,6693,5,9.6,Fog,3557.0
4141,4,1,2020-09-06 00:55:58,31.8,92,946.2,36.8,69,119,7,7.9,Cloudy,2648.0
4142,2,1,2024-07-17 21:47:19,26.6,72,914.9,16.8,131,6574,1,6.4,Thunderstorm,1181.0
4143,42,5,2019-02-03 09:16:38,17.7,93,906.2,55.2,219,5673,1,-3.1,Rain,1368.0
4144,32,3,2021-11-14 07:43:39,33.0,55,970.2,15.4,147,1790,5,-2.4,Heavy Rain,1521.0
4145,32,3,2019-07-11 13:29:27,5.7,99,998.3,23.3,248,3154,1,14.9,Clear,2776.0
4146,19,2,2018-03-10 23:53:29,8.5,79,966.9,31.8,22,6846,1,0.4,Thunderstorm,3783.0
4147,8,1,2023-09-26 02:02:01,26.2,94,968.5,37.4,355,8907,8,7.5,Clear,4254.0
4148,38,4,2020-06-22 09:02:55,30.3,49,966.4,24.8,191,1844,7,-4.2,Cloudy,1724.0
4149,48,6,2018-02-02 23:50:23,5.6,85,1011.3,5.9,222,9435,8,14.1,Heavy Rain,3128.0
4150,51,6,2024-05-24 01:50:22,30.8,59,960.4,38.9,40,1265,0,2.1,Rain,1693.0
4151,9,1,2020-06-29 12:32:24,17.8,54,922.4,54.9,95,4177,3,-3.7,Heavy Rain,3391.0
4152,42,5,2022-04-20 23:13:46,21.6,88,956.2,44.5,54,5972,7,14.3,Fog,2412.0
4153,11,1,2018-10-04 07:05:45,22.2,80,906.6,76.9,1,9651,0,10.8,Fog,2861.0
4154,14,2,2022-08-25 03:54:36,16.2,49,908.4,78.9,303,2373,8,10.1,Clear,2659.0
4155,2,1,2024-10-05 15:46:59,12.2,47,975.5,7.2,314,1858,4,10.9,Fog,2202.0
4156,52,6,2023-02-24 18:25:16,17.9,85,976.9,30.2,291,3159,1,8.6,Fog,4367.0
4157,42,5,2021-04-25 07:02:12,6.6,41,971.6,68.5,129,3141,0,11.7,Rain,1032.0
4158,30,3,2021-09-19 11:35:09,27.5,92,992.5,22.7,334,7865,6,-2.9,Heavy Rain,1084.0
4159,42,5,2021-09-06 09:23:19,19.9,84,930.2,60.5,250,8621,5,-1.6,Thunderstorm,3308.0
4160,25,3,2022-11-15 09:07:41,32.8,86,936.8,53.3,121,1356,2,-3.5,Rain,2312.0
4161,3,1,2020-08-29 02:46:22,11.1,68,990.4,79.9,228,3923,2,-4.5,Fog,1654.0
4162,13,2,2023-04-10 16:14:25,23.1,61,934.5,60.9,146,3546,1,12.1,Cloudy,1686.0
4163,29,3,2024-05-15 13:39:19,9.7,78,999.6,10.8,163,3017,2,12.2,Cloudy,4215.0
4164,50,6,2022-10-02 18:59:13,29.9,52,996.1,7.5,91,7938,5,-1.6,Fog,4450.0
4165,31,3,2021-08-08 22:43:14,20.6,87,976.3,36.4,134,4049,1,8.0,Cloudy,2619.0
4166,26,3,2024-08-18 01:34:31,6.7,42,931.4,20.2,135,5100,4,4.4,Rain,4113.0
4167,14,2,2023-01-04 22:28:21,28.9,51,996.8,13.7,166,4530,3,9.2,Cloudy,3276.0
4168,61,8,2022-03-20 23:06:08,28.7,100,958.3,48.4,339,6205,3,6.9,Clear,2535.0
4169,30,3,2023-10-23 12:34:45,28.0,61,1012.4,67.9,194,5622,8,-2.4,Clear,3249.0
4170,28,3,2020-04-17 07:17:11,35.0,79,954.1,33.5,140,1364,7,8.6,Heavy Rain,2769.0
4171,51,6,2018-05-12 09:10:39,6.1,56,1004.8,9.5,130,3562,8,0.6,Fog,3488.0
4172,37,4,2024-06-23 11:03:33,13.3,94,1007.4,24.5,355,3665,7,2.0,Heavy Rain,4319.0
4173,15,2,2021-02-17 09:17:03,6.8,69,959.7,27.2,176,5720,2,-3.2,Clear,3521.0
4174,45,5,2023-09-01 11:42:42,17.3,44,986.6,53.5,72,1340,6,-0.1,Heavy Rain,2797.0
4175,33,4,2020-11-26 11:11:42,13.4,41,931.4,38.2,294,9365,6,7.5,Heavy Rain,4416.0
4176,9,1,2019-11-25 22:14:40,24.7,42,969.2,0.7,85,4003,7,-1.2,Fog,4378.0
4177,2,1,2018-11-16 11:19:18,18.8,91,980.1,27.1,170,9929,2,5.8,Fog,2897.0
4178,59,8,2021-10-01 10:11:05,31.2,50,956.5,30.2,182,8724,5,-3.0,Fog,1732.0
4179,24,3,2019-01-20 22:09:01,23.9,42,984.0,41.4,212,780,1,5.6,Rain,1688.0
4180,3,1,2023-02-17 18:12:29,23.7,44,926.4,38.6,9,6271,3,-3.8,Heavy Rain,4418.0
4181,26,3,2024-07-03 23:52:46,34.4,51,910.9,11.8,82,7130,8,5.8,Clear,1220.0
4182,4,1,2021-12-02 07:50:28,20.0,89,971.0,16.4,128,4574,2,-0.0,Thunderstorm,4070.0
4183,35,4,2024-01-02 03:32:18,17.7,55,913.0,51.9,68,2656,1,7.0,Thunderstorm,4058.0
4184,28,3,2022-08-07 21:49:49,6.7,75,920.7,38.9,242,588,3,11.4,Thunderstorm,3361.0
4185,1,1,2024-04-17 12:25:06,34.5,83,975.0,68.4,49,1055,8,2.2,Rain,2366.0
4186,51,6,2022-09-30 19:29:11,24.5,95,909.2,31.8,178,666,2,-2.0,Cloudy,3892.0
4187,3,1,2018-07-14 07:21:18,10.9,71,916.6,14.9,164,3077,7,7.9,Rain,4171.0
4188,24,3,2018-08-14 10:56:00,32.4,79,976.5,36.5,98,7716,7,9.4,Thunderstorm,1446.0
4189,8,1,2019-06-21 02:08:06,14.7,72,946.7,23.1,285,1318,2,1.8,Heavy Rain,2861.0
4190,32,3,2018-11-08 23:22:51,13.8,78,949.3,59.5,284,6728,7,-0.7,Rain,2750.0
4191,3,1,2023-03-31 21:02:03,34.3,70,979.4,77.6,210,472,2,14.3,Thunderstorm,3073.0
4192,25,3,2022-09-09 04:56:20,10.5,42,949.6,42.8,303,5589,4,14.7,Heavy Rain,4440.0
4193,37,4,2023-08-27 20:54:02,19.0,64,949.0,71.6,319,3460,0,8.3,Thunderstorm,1978.0
4194,29,3,2018-07-19 01:38:54,20.1,49,934.9,78.5,56,6969,0,10.0,Fog,2500.0
4195,28,3,2019-06-19 22:03:42,5.6,57,955.7,50.4,34,1124,5,2.4,Cloudy,3431.0
4196,12,1,2021-05-23 02:56:09,15.6,92,1010.2,46.1,224,5770,6,-4.8,Cloudy,1727.0
4197,6,1,2022-06-23 23:35:50,26.5,84,935.0,7.4,331,2275,5,-2.3,Clear,2815.0
4198,31,3,2020-02-19 11:15:10,6.5,43,904.9,17.8,315,9469,5,-1.4,Clear,2447.0
4199,14,2,2022-08-06 06:21:11,27.1,99,957.5,68.3,165,7724,6,10.8,Rain,1093.0
4200,37,4,2024-03-20 14:10:31,28.8,46,902.0,55.3,281,7509,1,6.6,Rain,3556.0
4201,14,2,2022-01-28 02:36:46,10.8,40,981.6,14.7,21,7459,3,-2.9,Heavy Rain,2532.0
4202,47,6,2020-07-22 15:08:40,16.8,57,981.0,42.5,19,7476,1,7.2,Cloudy,4100.0
4203,12,1,2021-03-04 13:42:54,19.2,94,1008.9,76.3,29,2406,8,2.4,Cloudy,1955.0
4204,44,5,2024-02-11 04:54:35,24.7,95,985.0,29.2,276,5257,1,7.5,Thunderstorm,2399.0
4205,31,3,2024-06-01 11:02:13,26.2,100,976.9,71.5,166,8189,6,2.2,Rain,2180.0
4206,6,1,2024-02-02 13:48:09,22.3,89,977.3,51.2,314,2341,8,1.0,Thunderstorm,3847.0
4207,24,3,2022-04-02 23:18:50,30.6,50,924.1,78.5,168,3764,7,6.6,Cloudy,2169.0
4208,10,1,2023-04-03 09:58:51,27.8,87,1007.7,56.7,141,3637,1,2.2,Thunderstorm,1233.0
4209,2,1,2021-08-26 13:32:16,17.9,99,975.1,12.7,10,498,4,-2.0,Heavy Rain,2063.0
4210,23,3,2019-11-04 08:45:09,32.7,43,972.8,47.1,349,8959,6,6.8,Thunderstorm,4288.0
4211,37,4,2019-09-03 18:28:15,32.6,79,924.2,77.9,151,3511,6,3.6,Heavy Rain,3242.0
4212,37,4,2020-06-15 23:37:29,20.6,76,952.6,2.0,163,7568,3,3.8,Cloudy,3290.0
4213,58,7,2020-01-31 21:42:27,32.9,69,972.9,60.9,134,7321,5,6.5,Thunderstorm,3651.0
4214,30,3,2024-05-21 06:40:21,19.3,85,977.9,11.0,328,5364,8,3.7,Clear,3756.0
4215,34,4,2024-11-08 03:01:18,27.4,88,924.4,12.1,282,6641,8,1.6,Rain,3899.0
4216,46,5,2022-06-14 15:54:49,17.8,75,900.0,76.3,331,4259,5,3.6,Thunderstorm,4134.0
4217,38,4,2020-02-29 20:58:49,18.5,86,953.6,11.1,178,8023,5,13.5,Thunderstorm,4368.0
4218,11,1,2020-08-07 10:18:01,26.5,85,1005.0,16.9,232,5287,1,2.9,Cloudy,2606.0
4219,45,5,2018-12-24 16:01:04,31.6,58,932.3,9.8,335,9671,4,6.9,Rain,3454.0
4220,55,7,2022-04-14 03:35:40,24.4,66,1008.3,71.3,194,5914,4,-4.1,Fog,2920.0
4221,6,1,2021-03-21 01:00:36,34.0,60,908.3,79.8,249,7674,2,13.1,Fog,3639.0
4222,3,1,2020-10-05 09:31:28,34.1,66,921.8,42.6,318,7111,6,2.1,Rain,3030.0
4223,50,6,2019-02-02 17:43:32,30.5,48,903.3,67.8,183,5384,3,3.7,Heavy Rain,1362.0
4224,47,6,2019-10-21 11:37:51,31.2,43,945.3,74.9,230,9368,1,2.0,Thunderstorm,3070.0
4225,26,3,2020-03-01 18:07:09,8.8,93,977.6,59.3,353,9473,5,10.8,Clear,3963.0
4226,42,5,2018-05-05 15:45:06,7.6,75,930.8,15.8,102,9149,6,0.8,Cloudy,3147.0
4227,20,2,2021-06-26 21:16:11,8.8,73,971.2,72.0,90,3101,6,0.4,Rain,4366.0
4228,36,4,2019-10-28 05:37:16,23.3,89,931.8,11.6,191,540,7,2.5,Clear,2369.0
4229,32,3,2021-06-03 22:48:34,10.6,85,986.7,50.4,220,6687,2,13.8,Rain,2150.0
4230,10,1,2020-04-19 08:51:50,9.8,74,1000.1,23.7,27,9532,1,-4.5,Clear,3098.0
4231,16,2,2024-05-25 04:20:54,32.3,70,935.8,77.8,49,3833,0,5.6,Clear,2347.0
4232,32,3,2023-07-01 21:30:46,21.8,93,989.9,65.7,304,2112,4,5.6,Clear,3102.0
4233,54,6,2022-05-26 15:10:36,21.1,88,971.6,53.7,122,2498,3,-3.7,Heavy Rain,1511.0
4234,10,1,2022-11-24 04:48:16,15.1,51,973.0,28.8,221,6938,8,13.6,Clear,4414.0
4235,49,6,2020-07-08 00:36:09,7.9,67,983.8,13.6,99,3051,6,11.5,Fog,1542.0
4236,26,3,2023-11-22 16:11:52,20.5,57,921.5,62.3,296,3746,4,8.3,Rain,1691.0
4237,58,7,2020-06-10 02:25:49,33.1,59,902.8,66.1,16,3854,7,4.4,Clear,2318.0
4238,53,6,2019-11-20 13:12:55,11.4,54,921.4,18.0,157,9913,0,3.1,Cloudy,4487.0
4239,14,2,2022-09-10 21:02:42,22.7,51,962.5,44.8,21,7130,3,-2.7,Heavy Rain,2600.0
4240,52,6,2018-08-09 23:09:49,21.4,80,993.8,73.2,225,9976,4,2.0,Clear,3145.0
4241,19,2,2018-07-09 00:22:11,28.0,43,938.0,15.4,204,6466,6,1.3,Rain,3423.0
4242,44,5,2019-01-16 11:16:32,16.2,96,985.6,25.2,65,1303,6,13.2,Clear,2549.0
4243,34,4,2022-10-09 10:26:21,7.9,69,958.0,50.7,125,5941,4,-4.0,Fog,3649.0
4244,6,1,2023-06-26 13:26:08,16.8,93,949.0,65.9,38,2348,2,14.9,Heavy Rain,1318.0
4245,52,6,2024-01-16 02:11:31,28.8,95,989.0,30.8,236,2203,8,9.5,Clear,1265.0
4246,45,5,2023-08-18 02:47:14,6.6,52,924.0,13.9,275,2601,5,-0.1,Cloudy,3817.0
4247,2,1,2019-11-30 22:23:33,34.8,45,910.9,17.0,223,8678,8,14.5,Clear,4200.0
4248,35,4,2024-10-07 00:42:31,6.4,41,999.8,1.6,83,5696,6,5.9,Clear,1878.0
4249,2,1,2018-08-11 08:32:00,22.6,43,966.4,64.5,139,1673,1,-2.4,Thunderstorm,1105.0
4250,54,6,2018-08-27 11:48:19,5.9,48,923.1,44.7,41,4947,6,-3.7,Cloudy,3399.0
4251,45,5,2018-12-20 13:53:06,21.1,66,924.6,57.4,145,6574,4,10.6,Thunderstorm,3806.0
4252,38,4,2020-02-10 23:09:50,25.4,55,1011.9,25.7,144,6126,3,-2.6,Cloudy,1230.0
4253,2,1,2019-12-12 06:31:24,5.9,83,900.6,32.2,45,8091,8,-3.1,Fog,3901.0
4254,48,6,2019-10-21 19:18:14,8.2,65,956.9,24.4,90,7291,5,0.0,Heavy Rain,3549.0
4255,50,6,2018-09-07 18:24:54,19.2,53,952.8,42.0,187,1791,6,-3.8,Thunderstorm,2857.0
4256,31,3,2020-05-20 10:44:07,31.0,73,972.6,73.3,60,8662,6,-4.5,Thunderstorm,3543.0
4257,25,3,2021-09-08 20:30:28,25.5,91,966.7,69.9,188,5077,4,-0.6,Clear,1057.0
4258,19,2,2019-10-05 12:41:11,8.8,47,941.1,2.2,19,6119,2,10.2,Fog,1519.0
4259,5,1,2018-02-24 06:31:33,5.2,42,968.4,16.6,305,3276,1,10.7,Heavy Rain,1352.0
4260,19,2,2023-04-06 01:04:17,30.4,61,959.0,21.8,242,1159,8,-1.9,Cloudy,2936.0
4261,31,3,2018-01-12 00:32:33,13.0,97,1009.5,24.1,359,2369,3,0.4,Fog,3254.0
4262,8,1,2020-07-09 10:49:29,13.8,60,950.9,57.4,53,2886,3,-2.9,Heavy Rain,3902.0
4263,53,6,2023-12-29 15:36:27,18.6,55,922.4,64.6,250,4554,0,-3.2,Rain,1581.0
4264,19,2,2022-04-10 12:46:07,34.8,67,993.7,32.8,310,4383,1,14.5,Thunderstorm,1678.0
4265,37,4,2023-12-14 12:16:46,32.0,56,992.8,44.5,55,966,3,14.4,Rain,1885.0
4266,59,8,2023-05-15 10:27:32,19.9,74,1013.0,48.2,45,6716,3,0.3,Thunderstorm,2402.0
4267,54,6,2024-02-27 20:16:29,28.2,61,1006.8,45.5,295,2949,3,12.4,Clear,4346.0
4268,20,2,2021-09-28 23:50:46,30.2,78,900.3,5.8,21,171,4,0.1,Heavy Rain,1371.0
4269,39,4,2019-01-06 08:26:13,6.6,93,1009.6,55.7,214,7121,8,1.3,Cloudy,4263.0
4270,56,7,2020-08-14 23:24:01,20.5,66,945.6,35.6,83,3456,6,6.9,Fog,1446.0
4271,24,3,2020-03-25 01:55:38,6.1,99,906.4,16.0,162,4067,3,9.2,Rain,3827.0
4272,47,6,2019-07-06 12:39:41,30.0,87,1002.7,65.4,334,4292,5,13.5,Clear,4171.0
4273,46,5,2018-12-03 02:44:32,5.7,99,979.8,45.4,358,2709,7,-0.6,Thunderstorm,2143.0
4274,13,2,2023-02-25 09:37:42,28.5,71,998.4,53.6,299,2785,5,15.0,Thunderstorm,4440.0
4275,37,4,2022-02-20 07:46:38,30.2,100,952.9,72.4,289,6091,1,-4.3,Heavy Rain,3164.0
4276,59,8,2019-10-05 13:27:08,11.0,91,1000.0,5.7,214,3155,6,-4.0,Clear,3910.0
4277,2,1,2022-10-27 16:55:11,26.3,84,929.3,31.4,92,1241,1,5.2,Clear,1342.0
4278,2,1,2023-11-20 06:16:01,32.7,54,988.1,67.7,16,6719,4,-3.4,Cloudy,3795.0
4279,32,3,2019-02-08 00:25:37,26.8,54,996.4,39.8,197,8033,5,0.0,Cloudy,1966.0
4280,40,5,2022-09-25 06:22:13,22.9,43,904.1,8.9,16,2831,3,4.6,Heavy Rain,3972.0
4281,1,1,2024-07-19 06:19:38,10.0,78,935.3,50.6,57,1846,6,14.5,Heavy Rain,3179.0
4282,17,2,2022-12-26 22:26:59,10.1,92,946.1,35.0,331,6131,6,-2.4,Rain,1471.0
4283,18,2,2020-01-24 15:02:02,8.3,49,953.8,78.1,210,5000,1,-3.7,Fog,1754.0
4284,30,3,2022-11-18 20:25:54,27.4,96,952.0,34.4,117,7394,2,4.8,Clear,4213.0
4285,62,8,2023-10-08 21:44:48,30.8,86,972.2,34.3,57,9602,7,-5.0,Heavy Rain,4197.0
4286,43,5,2020-03-01 08:14:03,10.1,51,990.4,57.2,252,2130,4,3.8,Rain,2683.0
4287,8,1,2018-11-13 11:32:22,11.9,41,910.6,45.8,154,617,2,11.9,Heavy Rain,1674.0
4288,58,7,2020-02-25 05:22:32,18.5,66,964.7,40.7,276,3430,2,-4.3,Heavy Rain,3109.0
4289,36,4,2023-11-23 14:58:34,20.3,97,948.2,79.3,20,9285,3,13.8,Cloudy,1796.0
4290,58,7,2024-04-11 04:54:20,7.8,86,900.2,69.0,41,2010,4,-3.1,Clear,2066.0
4291,41,5,2021-11-16 05:42:54,12.6,95,905.1,79.9,72,8447,5,14.4,Thunderstorm,2333.0
4292,12,1,2023-05-07 00:32:20,16.1,47,986.8,79.3,305,2806,7,10.1,Heavy Rain,1109.0
4293,43,5,2021-10-12 21:02:53,16.6,40,928.4,78.2,293,9128,1,1.1,Rain,3601.0
4294,9,1,2024-03-01 16:25:33,15.8,65,974.9,65.2,183,6791,1,13.7,Rain,1343.0
4295,25,3,2020-05-29 22:22:20,10.5,61,926.8,28.9,318,2086,4,2.2,Heavy Rain,4406.0
4296,7,1,2024-02-16 00:38:36,5.4,51,957.5,13.9,236,3805,7,13.9,Heavy Rain,2326.0
4297,14,2,2023-05-01 14:54:06,16.7,94,911.0,31.4,355,7998,7,-0.2,Rain,2313.0
4298,62,8,2019-04-25 13:58:48,13.7,80,902.5,54.6,147,9801,8,4.5,Rain,2377.0
4299,26,3,2019-06-04 05:12:21,30.6,68,984.3,68.4,200,1631,3,-3.6,Heavy Rain,4434.0
4300,14,2,2021-03-20 19:17:46,23.7,66,923.6,17.2,14,487,1,9.9,Clear,2972.0
4301,29,3,2019-08-01 17:38:44,25.1,81,923.8,34.4,189,7013,3,-0.3,Cloudy,4355.0
4302,15,2,2022-10-25 08:41:10,8.2,45,1006.2,36.4,59,7576,4,1.2,Thunderstorm,2672.0
4303,11,1,2022-10-21 16:46:10,13.1,54,915.5,41.7,348,6448,8,10.5,Heavy Rain,1219.0
4304,37,4,2023-05-21 01:32:20,9.9,78,1009.2,70.6,110,393,0,0.8,Cloudy,1988.0
4305,40,5,2021-09-23 02:30:14,11.2,45,942.8,68.7,140,9101,7,10.4,Clear,3929.0
4306,56,7,2023-06-07 05:43:08,29.7,49,912.3,79.2,188,7339,7,6.0,Cloudy,4248.0
4307,1,1,2018-11-19 10:15:23,32.9,83,975.8,42.9,84,571,7,8.1,Heavy Rain,2370.0
4308,55,7,2023-07-21 15:01:43,24.0,40,924.0,45.6,123,1345,5,-2.4,Rain,1357.0
4309,1,1,2019-12-13 03:48:09,19.7,78,972.8,63.8,43,5097,0,5.4,Fog,2016.0
4310,2,1,2018-03-27 14:27:12,7.4,41,950.9,12.4,35,8060,2,8.4,Rain,4069.0
4311,47,6,2022-09-02 02:34:48,16.7,90,976.5,2.9,331,9396,8,7.3,Cloudy,1370.0
4312,47,6,2019-04-19 20:33:16,18.4,40,947.1,19.3,154,1422,4,8.6,Heavy Rain,4425.0
4313,20,2,2023-11-30 14:51:33,13.2,52,915.1,37.3,151,499,4,5.8,Clear,3526.0
4314,39,4,2020-08-12 10:46:39,22.7,46,1000.2,38.9,188,8604,2,7.9,Rain,2229.0
4315,52,6,2024-10-21 03:32:45,16.1,44,976.6,3.7,218,9153,3,-1.0,Rain,903.0
4316,55,7,2024-12-15 04:16:11,9.2,42,935.5,5.0,91,432,4,6.0,Rain,1377.0
4317,38,4,2018-08-12 09:48:09,9.6,62,1002.3,21.9,130,6430,5,7.5,Clear,1563.0
4318,4,1,2021-08-20 08:37:18,29.7,46,939.5,6.3,99,7363,6,-0.7,Fog,2259.0
4319,40,5,2023-12-22 23:00:47,13.2,59,982.6,34.7,350,9564,8,-1.8,Heavy Rain,2457.0
4320,45,5,2024-07-20 07:41:27,29.6,96,925.0,71.8,128,4246,2,5.0,Cloudy,2702.0
4321,11,1,2018-05-06 04:28:41,13.8,81,962.9,77.2,323,865,7,-1.9,Heavy Rain,1187.0
4322,5,1,2024-06-22 18:23:07,10.0,60,906.5,15.1,123,9178,7,-2.3,Cloudy,4500.0
4323,3,1,2019-04-19 08:45:03,13.2,81,978.6,23.5,32,7728,5,10.9,Thunderstorm,2306.0
4324,22,2,2024-10-24 15:03:16,6.9,40,900.9,41.4,16,6452,0,-0.4,Cloudy,1533.0
4325,8,1,2023-09-16 01:42:14,6.3,41,958.8,45.9,290,3406,7,-0.9,Heavy Rain,3256.0
4326,18,2,2023-01-24 01:41:02,10.5,92,900.1,76.9,341,3821,7,-0.5,Cloudy,3769.0
4327,59,8,2024-05-18 10:18:02,23.2,59,970.6,75.5,289,5245,2,8.3,Clear,2433.0
4328,61,8,2023-12-04 03:31:53,12.6,72,920.7,48.6,264,6118,3,4.0,Cloudy,1699.0
4329,13,2,2021-06-21 06:16:58,19.3,81,916.7,4.3,18,4894,7,12.6,Cloudy,3577.0
4330,59,8,2020-08-30 16:22:24,24.5,58,989.0,53.5,136,7830,6,14.3,Thunderstorm,1083.0
4331,35,4,2023-10-01 03:36:36,11.3,64,966.0,29.6,144,9206,4,5.0,Rain,1670.0
4332,39,4,2024-12-25 17:39:37,24.5,81,985.3,47.0,157,8901,1,3.7,Clear,3422.0
4333,26,3,2019-06-27 02:52:52,22.9,69,926.3,51.6,249,9137,1,-2.4,Cloudy,3464.0
4334,62,8,2023-05-14 15:34:03,13.1,69,946.5,71.4,244,7079,2,11.2,Fog,2191.0
4335,6,1,2023-10-30 09:02:25,26.7,55,967.4,13.0,235,5451,2,4.0,Thunderstorm,1303.0
4336,58,7,2019-02-20 14:50:05,17.5,91,912.2,78.5,1,4995,2,1.0,Heavy Rain,3089.0
4337,14,2,2020-05-08 11:40:50,23.5,53,935.2,46.5,152,4149,5,-4.3,Fog,3065.0
4338,57,7,2021-03-11 00:03:27,19.1,54,1000.9,6.4,182,5840,3,5.9,Fog,4136.0
4339,9,1,2019-12-28 17:52:51,17.4,94,975.4,27.5,109,7755,3,-4.1,Fog,3372.0
4340,41,5,2023-09-28 15:31:33,6.4,71,1003.6,9.0,113,1889,5,11.4,Cloudy,1999.0
4341,13,2,2023-02-06 05:10:29,22.1,71,967.0,22.7,201,3138,7,9.7,Thunderstorm,2028.0
4342,43,5,2023-06-12 21:19:39,33.8,68,1012.0,8.3,311,9640,3,4.4,Cloudy,2981.0
4343,2,1,2024-10-04 15:04:52,24.6,53,911.3,20.9,289,7974,5,9.5,Fog,3976.0
4344,46,5,2023-07-26 23:08:40,25.7,51,1009.1,78.5,302,5259,0,12.5,Thunderstorm,2153.0
4345,43,5,2021-06-04 01:43:13,30.5,93,1009.5,77.9,206,2387,1,9.2,Cloudy,1268.0
4346,2,1,2020-04-09 22:12:02,11.4,46,928.2,65.3,302,8553,0,5.1,Fog,1125.0
4347,24,3,2024-03-08 22:32:18,33.8,54,982.5,4.4,97,496,4,6.1,Fog,1865.0
4348,30,3,2021-07-18 10:12:55,28.0,80,925.5,60.0,336,5066,0,1.1,Rain,1293.0
4349,58,7,2024-05-26 20:57:06,18.5,73,973.6,45.8,85,1585,7,4.6,Rain,1589.0
4350,26,3,2019-06-16 06:54:10,23.8,85,949.7,4.5,277,8832,5,12.3,Thunderstorm,3463.0
4351,2,1,2022-10-28 17:34:32,18.0,58,979.3,34.5,249,2586,3,9.9,Clear,1743.0
4352,14,2,2024-04-13 06:48:12,10.4,40,998.0,17.3,266,404,0,11.0,Fog,3937.0
4353,37,4,2021-05-09 11:28:26,31.3,77,931.1,8.6,305,3032,6,3.2,Thunderstorm,4184.0
4354,7,1,2021-10-21 04:22:22,22.6,89,909.1,49.2,187,2672,0,0.0,Rain,3169.0
4355,19,2,2023-07-20 06:03:13,17.5,79,932.3,67.7,244,5975,7,0.8,Heavy Rain,4399.0
4356,30,3,2023-12-26 00:07:46,8.8,87,927.1,58.1,272,9431,4,3.9,Cloudy,3506.0
4357,6,1,2018-09-12 01:16:06,25.9,82,924.4,24.1,237,5502,2,14.7,Heavy Rain,3877.0
4358,52,6,2020-08-22 21:38:49,29.7,57,901.4,73.8,222,8510,5,1.8,Thunderstorm,2680.0
4359,57,7,2021-04-17 19:12:06,15.5,84,904.5,23.4,150,5584,0,9.0,Heavy Rain,2328.0
4360,30,3,2023-11-12 12:02:45,32.1,94,956.8,68.1,293,8448,8,3.1,Clear,3163.0
4361,29,3,2019-06-04 16:24:00,33.5,90,968.7,68.6,27,791,8,8.0,Thunderstorm,1672.0
4362,15,2,2021-12-15 13:02:12,23.9,84,941.3,27.8,23,5298,2,2.3,Thunderstorm,1472.0
4363,14,2,2022-08-18 18:28:46,13.9,50,945.5,41.3,319,5425,3,2.9,Fog,1123.0
4364,19,2,2023-10-21 03:43:43,32.0,60,949.2,41.4,90,1141,6,3.0,Thunderstorm,2858.0
4365,37,4,2019-05-13 07:03:17,31.6,60,968.4,29.5,44,3863,3,2.0,Thunderstorm,1728.0
4366,17,2,2021-01-12 14:10:39,18.0,50,916.3,66.4,72,3113,5,4.3,Rain,2824.0
4367,23,3,2019-02-19 20:37:35,19.6,79,951.3,25.3,99,6297,0,8.9,Clear,2063.0
4368,38,4,2022-11-30 23:56:17,11.0,97,934.8,74.9,9,412,3,8.2,Rain,3665.0
4369,23,3,2021-04-08 14:57:59,23.4,78,966.4,10.2,359,2374,3,2.5,Heavy Rain,3966.0
4370,16,2,2019-08-21 12:22:23,25.9,52,923.1,79.4,115,7592,7,1.8,Fog,1310.0
4371,38,4,2023-12-18 22:42:06,15.8,52,979.8,49.4,122,3914,8,2.8,Thunderstorm,4133.0
4372,27,3,2019-03-17 01:16:49,23.7,80,977.3,4.9,155,6312,3,7.1,Thunderstorm,1830.0
4373,15,2,2024-10-14 15:54:52,17.9,40,944.0,50.5,321,1334,6,2.8,Thunderstorm,2917.0
4374,46,5,2024-08-04 15:09:35,7.5,47,941.1,57.2,299,7035,2,-1.6,Heavy Rain,1767.0
4375,20,2,2024-04-11 21:57:16,23.1,58,933.8,23.7,312,9830,8,5.2,Cloudy,3819.0
4376,24,3,2023-09-29 15:19:14,35.0,62,931.9,14.0,287,7343,6,11.7,Cloudy,1670.0
4377,35,4,2024-08-26 09:26:54,18.0,82,924.4,61.7,316,334,4,5.1,Fog,1473.0
4378,29,3,2024-03-04 23:22:34,34.8,92,913.4,63.8,298,2022,4,9.0,Heavy Rain,4209.0
4379,26,3,2020-11-16 14:19:40,24.1,42,902.8,14.4,277,7301,0,3.1,Heavy Rain,1002.0
4380,39,4,2020-03-19 07:21:22,24.1,95,940.5,32.6,142,8838,0,9.3,Heavy Rain,1977.0
4381,39,4,2023-09-11 00:27:49,27.4,61,1007.8,47.7,85,5974,5,11.1,Cloudy,1111.0
4382,39,4,2024-01-27 04:37:57,22.7,94,990.9,18.4,143,6308,6,12.2,Thunderstorm,4205.0
4383,7,1,2024-07-28 17:53:41,26.9,79,917.1,79.1,315,6053,2,9.7,Fog,1790.0
4384,14,2,2022-11-22 12:00:22,20.5,41,920.5,62.0,157,6984,4,3.7,Fog,2477.0
4385,24,3,2021-09-06 07:42:25,16.7,93,935.0,18.5,316,2251,2,12.0,Fog,1847.0
4386,14,2,2020-12-09 04:50:43,5.5,49,920.8,6.3,336,209,7,-2.6,Heavy Rain,1356.0
4387,41,5,2020-02-25 02:40:40,23.8,60,985.2,0.2,226,4383,5,12.9,Thunderstorm,4486.0
4388,4,1,2020-07-10 06:31:15,11.9,63,999.9,47.4,335,2346,6,-4.3,Thunderstorm,1145.0
4389,40,5,2022-04-05 16:12:52,5.9,100,902.0,64.3,38,8769,0,2.2,Rain,2881.0
4390,41,5,2022-05-05 13:09:13,30.9,57,986.9,77.0,66,4001,7,-1.5,Fog,1977.0
4391,54,6,2020-10-16 18:44:22,17.1,93,976.6,53.7,214,2440,6,-3.9,Cloudy,4406.0
4392,2,1,2022-10-05 14:59:30,7.9,84,924.5,4.1,263,7930,0,13.6,Rain,3278.0
4393,48,6,2021-02-05 01:50:59,12.0,96,924.5,56.6,329,8884,5,3.8,Thunderstorm,2696.0
4394,59,8,2023-11-15 09:01:13,9.6,53,910.9,41.7,271,7075,4,-0.4,Heavy Rain,4287.0
4395,62,8,2020-03-20 02:43:23,16.1,99,916.0,24.9,10,9898,3,0.3,Thunderstorm,3579.0
4396,8,1,2018-11-28 17:45:27,17.2,100,903.6,40.5,21,6944,4,0.3,Thunderstorm,2374.0
4397,54,6,2020-06-11 07:57:47,15.2,79,999.4,28.0,209,6998,7,-2.9,Clear,2732.0
4398,46,5,2020-11-15 22:29:37,8.4,44,925.7,35.0,93,8025,7,-0.6,Heavy Rain,1058.0
4399,40,5,2022-07-18 01:05:37,8.8,82,915.8,0.7,132,6928,2,10.8,Cloudy,2694.0
4400,39,4,2023-11-26 08:55:51,33.7,59,956.5,49.3,159,7587,5,-4.7,Thunderstorm,3744.0
4401,29,3,2019-07-03 19:54:42,18.4,64,986.6,26.1,274,1071,3,2.3,Cloudy,3179.0
4402,16,2,2020-06-24 21:53:18,33.1,84,937.4,49.9,241,324,5,-3.6,Thunderstorm,2710.0
4403,33,4,2023-01-25 12:55:49,7.3,72,988.7,1.3,122,5881,5,11.5,Thunderstorm,3777.0
4404,30,3,2024-08-17 21:38:04,8.4,83,953.1,34.2,274,4904,2,-4.8,Cloudy,3823.0
4405,33,4,2024-09-28 02:48:22,9.5,40,996.8,21.2,179,2218,4,-4.6,Heavy Rain,1757.0
4406,59,8,2022-12-31 20:51:21,12.7,47,980.7,38.2,106,5665,7,6.9,Fog,3738.0
4407,43,5,2019-06-30 07:27:39,20.2,66,906.3,5.1,146,8966,6,2.9,Cloudy,3711.0
4408,3,1,2019-07-13 13:31:08,15.7,83,902.6,64.0,213,2286,0,3.7,Thunderstorm,4289.0
4409,4,1,2019-02-27 14:46:29,6.5,58,953.4,41.4,287,5420,5,8.5,Rain,2418.0
4410,31,3,2018-04-02 18:06:11,32.5,82,980.4,39.9,317,442,5,4.5,Clear,1664.0
4411,28,3,2020-11-27 08:32:14,25.4,97,989.2,33.0,146,2690,6,11.9,Fog,2499.0
4412,3,1,2023-06-13 09:13:11,16.2,40,916.5,47.3,326,170,4,10.4,Rain,2721.0
4413,41,5,2020-04-24 11:12:24,29.8,42,941.5,46.2,333,2114,6,7.3,Thunderstorm,3852.0
4414,51,6,2018-09-30 20:11:39,11.4,51,902.7,49.3,271,4791,4,9.5,Rain,1330.0
4415,50,6,2021-04-01 00:03:09,31.7,57,971.8,20.4,288,7751,8,9.4,Thunderstorm,2037.0
4416,57,7,2024-03-10 21:39:59,16.8,79,928.3,66.0,189,1873,1,6.3,Heavy Rain,4134.0
4417,37,4,2020-07-24 18:32:33,27.3,86,965.9,79.8,112,5989,0,4.9,Heavy Rain,3877.0
4418,26,3,2023-03-02 11:03:48,6.9,81,956.1,42.7,87,1005,0,9.9,Cloudy,3126.0
4419,56,7,2023-11-24 06:11:47,11.7,91,921.5,38.7,346,4467,3,5.2,Rain,3289.0
4420,61,8,2021-04-05 19:30:49,26.5,59,918.5,25.3,239,845,2,8.2,Cloudy,3420.0
4421,43,5,2024-10-28 01:38:19,28.1,40,928.3,28.4,178,4740,3,-1.4,Heavy Rain,1768.0
4422,8,1,2021-12-24 23:13:47,5.1,78,975.1,16.7,353,9505,5,-3.7,Cloudy,1892.0
4423,34,4,2019-07-21 15:11:58,13.6,68,971.4,68.5,230,8222,5,11.1,Thunderstorm,2438.0
4424,17,2,2020-04-09 11:55:42,34.0,42,957.6,32.7,280,8263,2,-3.7,Clear,2095.0
4425,21,2,2020-10-02 20:32:26,6.1,99,978.4,41.7,351,6083,0,-3.5,Rain,2244.0
4426,14,2,2022-06-21 08:17:23,7.4,69,920.9,54.7,297,8172,0,11.0,Fog,1015.0
4427,10,1,2021-09-09 23:06:18,33.5,79,984.6,57.2,128,378,1,10.3,Thunderstorm,2538.0
4428,54,6,2021-09-25 14:05:00,19.5,56,974.3,78.3,260,6647,4,3.7,Fog,1986.0
4429,3,1,2024-01-31 11:43:18,7.6,94,1007.4,20.2,288,5436,0,0.6,Heavy Rain,3653.0
4430,12,1,2018-05-10 07:52:24,25.5,43,955.5,23.4,211,6319,8,-0.5,Fog,1124.0
4431,57,7,2022-05-16 22:18:53,26.9,66,922.3,38.6,247,5919,4,6.5,Clear,1233.0
4432,54,6,2023-12-13 22:28:42,34.0,63,988.2,0.4,203,3262,3,7.2,Heavy Rain,2727.0
4433,51,6,2024-12-12 05:46:18,28.1,92,956.8,68.2,108,2840,1,7.8,Heavy Rain,2760.0
4434,47,6,2020-04-14 07:16:16,11.2,88,943.3,22.0,181,7441,5,-0.3,Cloudy,3109.0
4435,40,5,2020-11-28 16:29:13,6.5,81,1009.3,8.7,44,7049,2,6.9,Thunderstorm,1233.0
4436,44,5,2022-09-12 19:19:26,17.3,84,957.2,56.9,265,7025,4,7.7,Fog,2371.0
4437,39,4,2024-05-02 18:15:56,11.3,64,1004.5,32.8,315,8099,2,10.4,Heavy Rain,2735.0
4438,34,4,2022-05-15 19:11:39,25.4,76,949.6,44.2,171,3614,2,3.2,Clear,3134.0
4439,21,2,2021-08-06 03:55:26,29.5,85,938.1,60.7,211,6025,3,2.9,Cloudy,1473.0
4440,13,2,2023-11-23 21:19:22,17.3,49,939.9,56.1,334,5527,5,3.6,Fog,2905.0
4441,11,1,2018-12-27 02:26:19,7.2,91,928.3,45.9,237,8634,3,4.7,Clear,2953.0
4442,1,1,2023-05-05 00:56:08,34.2,43,1010.0,16.3,181,2028,2,11.1,Rain,1818.0
4443,33,4,2020-02-11 02:53:29,14.3,69,911.3,48.5,112,7368,6,5.9,Clear,2472.0
4444,1,1,2021-06-28 11:27:51,13.7,100,923.4,69.3,227,5381,7,9.8,Clear,1365.0
4445,35,4,2023-01-27 00:20:50,17.1,46,979.1,2.8,164,7317,5,13.1,Fog,3056.0
4446,46,5,2021-10-31 19:45:56,10.3,86,1000.4,72.3,48,1171,6,-2.2,Thunderstorm,1142.0
4447,21,2,2018-03-06 07:40:25,6.6,55,920.1,31.4,330,2750,0,12.5,Thunderstorm,4294.0
4448,34,4,2021-09-29 21:07:46,31.1,95,905.3,46.3,95,7662,8,11.8,Rain,1315.0
4449,22,2,2022-06-24 19:04:29,15.9,84,967.4,27.6,26,3384,2,14.6,Heavy Rain,4218.0
4450,11,1,2023-10-10 15:20:38,12.9,48,1006.3,74.6,179,7761,0,10.7,Clear,3934.0
4451,56,7,2018-05-10 21:59:37,34.4,94,991.3,72.0,3,2387,0,0.7,Thunderstorm,2967.0
4452,56,7,2024-10-18 06:56:05,33.1,89,990.3,7.5,121,181,7,3.7,Rain,3327.0
4453,7,1,2022-11-01 03:00:30,10.7,47,907.5,10.4,198,4980,0,0.4,Clear,3107.0
4454,36,4,2023-01-18 14:42:40,11.7,41,946.8,75.0,292,7862,3,13.4,Cloudy,2543.0
4455,53,6,2019-05-30 21:44:41,9.6,85,980.6,60.5,311,4701,6,12.4,Cloudy,1647.0
4456,13,2,2022-04-20 20:25:57,23.9,86,970.0,54.6,198,7500,6,-1.1,Cloudy,3076.0
4457,30,3,2019-05-22 03:44:54,23.9,70,900.0,18.9,345,7761,4,7.0,Cloudy,4015.0
4458,34,4,2024-01-26 12:21:10,34.7,84,920.1,71.1,97,8973,0,4.6,Clear,1275.0
4459,43,5,2018-05-16 13:22:56,15.7,74,957.4,9.0,34,7579,8,5.8,Heavy Rain,3790.0
4460,55,7,2019-05-02 14:55:38,25.8,82,911.7,75.2,205,849,8,0.4,Thunderstorm,3414.0
4461,55,7,2019-03-20 12:32:12,27.0,79,915.4,71.2,79,6545,7,-3.5,Fog,2434.0
4462,1,1,2019-02-21 16:23:57,21.6,54,1008.9,29.5,269,337,0,12.9,Fog,2565.0
4463,7,1,2022-04-05 00:45:09,29.2,71,946.6,74.9,28,6006,7,-1.1,Fog,2493.0
4464,22,2,2019-09-28 00:36:14,29.9,84,914.4,74.9,53,5293,6,12.7,Clear,4439.0
4465,48,6,2023-08-01 08:59:49,23.4,41,979.5,41.6,5,8514,7,10.0,Fog,1515.0
4466,51,6,2024-08-11 00:39:23,10.3,42,904.6,21.9,1,4646,8,-1.8,Thunderstorm,2066.0
4467,32,3,2019-10-24 18:27:31,34.6,79,928.0,17.5,74,7659,6,14.6,Thunderstorm,3629.0
4468,47,6,2021-03-11 00:37:54,33.5,54,905.5,65.4,359,8575,5,10.2,Clear,4421.0
4469,35,4,2022-05-10 14:03:13,15.2,97,916.2,65.7,106,3352,0,9.2,Cloudy,2134.0
4470,28,3,2019-02-20 19:42:19,10.7,90,975.1,62.1,185,3597,8,2.5,Rain,1479.0
4471,34,4,2024-03-07 19:23:11,19.6,40,975.3,42.6,326,103,5,7.6,Thunderstorm,4269.0
4472,55,7,2018-06-29 23:43:30,14.4,87,990.0,47.0,325,9786,8,7.8,Clear,1881.0
4473,9,1,2022-02-01 06:18:15,9.3,89,968.6,75.1,163,2840,6,5.7,Clear,2915.0
4474,60,8,2023-07-31 05:17:39,17.2,94,979.5,17.5,207,6209,3,14.5,Fog,2265.0
4475,59,8,2022-10-30 13:02:35,31.7,94,1009.7,58.4,103,6095,5,10.9,Fog,1464.0
4476,48,6,2018-06-08 00:58:38,13.0,97,1008.1,15.8,14,5233,5,-1.3,Thunderstorm,2174.0
4477,23,3,2023-03-13 13:46:50,8.2,68,959.2,6.5,273,5190,8,4.7,Rain,1537.0
4478,29,3,2024-07-13 22:12:57,31.5,56,958.6,56.6,235,3960,5,-1.9,Fog,4345.0
4479,56,7,2022-10-18 20:09:48,11.0,89,911.0,25.1,296,8754,6,13.6,Cloudy,2995.0
4480,62,8,2020-03-31 10:22:27,16.8,48,953.6,57.0,139,1879,2,11.0,Fog,1474.0
4481,62,8,2024-01-13 09:24:40,18.8,53,920.0,23.1,193,2030,1,-2.8,Thunderstorm,2198.0
4482,10,1,2019-03-17 05:04:05,33.4,82,1001.4,15.6,356,257,7,-0.1,Clear,3931.0
4483,42,5,2024-09-04 11:47:03,17.1,82,928.5,56.8,246,1560,3,-1.4,Rain,2280.0
4484,21,2,2021-07-22 17:17:10,19.0,55,956.3,69.3,164,7693,2,-0.6,Heavy Rain,922.0
4485,48,6,2020-08-09 02:20:15,14.9,58,900.9,54.3,181,4625,4,-4.8,Heavy Rain,2234.0
4486,43,5,2024-08-12 08:00:30,20.8,65,905.6,20.2,22,1027,8,13.3,Heavy Rain,3643.0
4487,15,2,2023-08-21 10:13:14,16.7,71,1013.0,11.6,351,7150,3,7.5,Thunderstorm,2957.0
4488,38,4,2019-11-27 22:19:28,28.5,49,906.2,52.2,96,4815,5,-1.7,Clear,1260.0
4489,11,1,2024-04-26 03:14:42,28.2,61,953.3,36.4,239,7998,5,-4.4,Fog,1100.0
4490,20,2,2023-12-26 17:44:15,34.5,76,1007.2,63.1,141,4259,5,-4.7,Fog,1223.0
4491,19,2,2023-01-08 12:43:28,18.6,53,936.7,48.2,295,2782,2,2.1,Clear,1783.0
4492,13,2,2020-10-15 19:51:20,8.0,51,907.0,5.0,244,8068,4,10.1,Thunderstorm,2576.0
4493,9,1,2018-10-06 23:59:28,25.9,68,978.7,14.1,282,4931,3,9.5,Thunderstorm,1240.0
4494,39,4,2024-01-06 09:27:32,20.6,43,912.2,48.8,52,1536,6,-4.3,Clear,1244.0
4495,1,1,2020-09-01 21:42:27,15.8,91,950.7,55.7,161,3473,4,1.9,Clear,4365.0
4496,49,6,2023-09-07 03:30:49,22.7,55,958.0,65.6,164,5392,4,14.9,Clear,1680.0
4497,10,1,2022-10-21 13:52:10,14.3,66,1001.3,64.0,239,8710,1,1.7,Fog,2378.0
4498,36,4,2024-07-15 19:13:26,14.8,55,902.0,44.2,46,1555,4,-4.0,Heavy Rain,1298.0
4499,4,1,2021-05-26 16:43:48,6.2,63,990.8,54.7,343,7518,5,-4.0,Thunderstorm,2707.0
4500,43,5,2023-10-13 01:35:03,8.1,75,955.7,54.7,17,7177,8,-2.3,Thunderstorm,1176.0
4501,32,3,2021-10-29 20:26:29,24.2,79,918.1,55.6,15,2188,8,4.6,Clear,3143.0
4502,11,1,2020-02-02 12:16:09,33.9,51,935.8,20.4,20,221,6,-4.4,Heavy Rain,4272.0
4503,44,5,2022-01-28 04:50:35,31.5,52,996.2,30.6,165,2255,3,2.5,Cloudy,1273.0
4504,56,7,2021-07-19 20:42:55,29.7,65,987.8,19.1,176,1758,6,4.9,Thunderstorm,1161.0
4505,2,1,2020-06-06 01:36:14,32.4,80,920.5,34.4,97,6076,1,1.6,Rain,1722.0
4506,21,2,2023-05-06 12:33:18,17.0,50,946.7,4.6,111,4409,3,7.8,Cloudy,3092.0
4507,51,6,2018-04-15 19:04:13,17.7,53,989.1,65.6,121,612,0,0.9,Rain,3760.0
4508,19,2,2024-03-01 03:54:06,30.5,68,984.7,79.0,80,5946,0,-0.1,Fog,4035.0
4509,10,1,2020-12-23 22:19:49,15.1,84,918.3,35.0,94,2625,7,4.5,Cloudy,1922.0
4510,51,6,2023-03-20 04:40:36,12.8,89,989.9,47.9,45,1862,2,1.6,Cloudy,3242.0
4511,21,2,2020-10-20 13:47:00,17.0,63,929.1,29.2,263,2983,0,6.1,Clear,2747.0
4512,37,4,2022-11-25 03:22:38,32.0,56,968.1,77.2,169,2274,0,3.8,Rain,1357.0
4513,33,4,2022-08-28 08:38:16,23.5,45,990.2,4.8,351,1887,4,5.5,Rain,2143.0
4514,20,2,2020-02-09 20:00:25,13.1,61,914.8,21.1,127,8676,2,9.7,Clear,3263.0
4515,27,3,2019-09-18 02:57:53,22.2,49,971.5,36.1,145,959,8,-4.9,Rain,3402.0
4516,30,3,2024-02-14 11:19:42,10.5,86,927.2,79.4,1,7938,2,2.2,Cloudy,1174.0
4517,39,4,2019-11-14 18:42:35,7.2,65,995.0,26.9,93,9416,8,6.1,Heavy Rain,2058.0
4518,27,3,2019-10-06 19:46:32,27.0,41,906.9,42.0,129,743,2,-0.8,Cloudy,1900.0
4519,8,1,2022-11-22 13:25:22,12.3,48,928.4,64.7,167,139,0,2.2,Fog,2563.0
4520,38,4,2020-03-08 05:08:16,8.4,100,1001.3,38.9,142,7222,3,-2.3,Clear,2600.0
4521,54,6,2019-04-10 18:48:54,21.9,99,966.4,36.4,339,8157,8,11.0,Heavy Rain,1860.0
4522,41,5,2023-07-08 04:02:39,34.6,93,940.8,24.3,16,2558,2,7.0,Heavy Rain,1951.0
4523,25,3,2021-03-10 20:22:34,12.9,51,923.8,18.8,24,3031,8,4.9,Fog,1675.0
4524,27,3,2024-06-18 09:34:48,7.0,98,940.2,9.4,185,4305,4,12.2,Rain,2219.0
4525,39,4,2023-06-27 12:24:51,7.8,64,917.5,54.7,162,1616,1,12.5,Fog,4365.0
4526,50,6,2024-05-23 17:31:52,8.0,77,974.2,25.4,348,5566,1,-4.0,Fog,3442.0
4527,43,5,2020-05-25 13:36:28,8.6,61,1011.7,53.9,124,9713,1,6.8,Thunderstorm,2410.0
4528,38,4,2024-12-17 12:17:19,10.5,62,972.9,44.2,114,1520,1,-4.9,Rain,2882.0
4529,2,1,2021-12-14 06:31:14,22.7,59,950.1,16.8,208,7017,2,5.1,Cloudy,2748.0
4530,35,4,2023-05-13 03:25:39,24.0,53,962.0,37.5,24,4500,1,4.4,Thunderstorm,3778.0
4531,55,7,2024-04-01 03:08:45,25.0,69,1002.2,70.9,18,2706,0,12.7,Fog,1190.0
4532,17,2,2024-08-10 08:33:00,29.9,96,969.5,64.7,142,2696,4,-4.1,Cloudy,1393.0
4533,59,8,2018-11-16 17:18:05,24.4,79,930.5,33.5,159,4875,0,13.5,Thunderstorm,2255.0
4534,19,2,2018-04-12 20:33:11,21.7,47,925.6,72.4,123,6825,4,6.1,Thunderstorm,1116.0
4535,5,1,2021-02-14 10:08:58,5.5,54,991.6,5.5,243,977,7,-0.2,Heavy Rain,3841.0
4536,28,3,2018-01-29 15:08:22,26.7,80,993.3,35.1,106,4436,5,-4.4,Cloudy,2950.0
4537,44,5,2022-09-18 14:25:02,13.4,73,947.2,67.0,332,3952,2,8.5,Heavy Rain,3245.0
4538,10,1,2024-10-28 18:51:10,22.2,57,941.2,49.3,288,4086,5,6.6,Fog,1758.0
4539,9,1,2019-04-30 16:51:10,11.7,90,958.7,20.3,105,517,0,8.6,Heavy Rain,1503.0
4540,13,2,2024-07-06 12:57:13,10.6,99,921.7,49.5,359,7848,3,11.4,Fog,3139.0
4541,51,6,2022-11-21 05:15:46,31.8,73,952.9,47.5,23,6987,8,8.3,Thunderstorm,3464.0
4542,26,3,2019-11-12 03:38:22,33.7,91,924.7,31.2,119,2537,6,-1.9,Cloudy,3450.0
4543,50,6,2022-03-06 23:10:07,22.5,52,952.8,43.7,90,3593,2,1.9,Thunderstorm,1094.0
4544,54,6,2020-05-12 17:16:53,30.6,98,915.2,52.4,60,9268,4,8.9,Rain,3449.0
4545,37,4,2021-03-05 04:02:57,14.7,63,905.9,4.8,98,6249,5,11.3,Rain,3785.0
4546,61,8,2023-12-19 15:21:54,18.2,59,966.8,64.0,63,938,0,1.7,Rain,3244.0
4547,22,2,2020-08-30 22:57:42,19.2,69,953.7,3.2,6,1403,2,5.4,Heavy Rain,4162.0
4548,45,5,2018-02-27 22:58:40,25.3,83,957.9,14.4,327,6902,7,9.8,Clear,1695.0
4549,44,5,2020-05-10 18:43:31,28.5,73,909.0,43.0,80,9737,2,4.1,Rain,4388.0
4550,5,1,2023-02-08 01:07:23,32.8,46,998.7,55.1,132,4107,6,3.9,Heavy Rain,2258.0
4551,10,1,2021-12-17 21:22:21,13.9,52,902.9,71.0,288,6786,0,4.7,Clear,1591.0
4552,47,6,2022-12-17 18:53:52,14.2,48,957.0,21.1,339,1361,8,14.5,Heavy Rain,2549.0
4553,38,4,2024-09-18 02:33:37,29.7,83,915.4,23.8,273,7275,3,-4.5,Rain,3991.0
4554,8,1,2021-12-31 05:34:32,5.1,56,1005.2,9.1,61,5889,7,6.0,Clear,1788.0
4555,4,1,2023-07-31 06:14:53,31.4,48,911.9,48.0,162,1723,5,10.6,Thunderstorm,1912.0
4556,60,8,2024-01-06 14:13:21,15.5,63,982.2,29.6,53,7544,0,5.0,Clear,3257.0
4557,36,4,2022-05-10 03:57:28,7.6,50,905.9,33.4,54,3797,7,1.2,Heavy Rain,1576.0
4558,46,5,2021-07-19 11:36:12,29.1,59,958.2,52.9,192,5453,3,8.1,Cloudy,2651.0
4559,3,1,2020-02-27 06:53:29,9.3,65,974.1,39.9,99,3315,2,-2.7,Rain,2318.0
4560,11,1,2024-03-05 13:39:24,9.4,56,1007.4,35.4,125,6214,2,-2.4,Thunderstorm,4408.0
4561,40,5,2021-04-11 12:14:06,33.2,69,947.8,9.9,237,1084,2,9.5,Heavy Rain,2070.0
4562,52,6,2019-03-08 00:50:31,34.0,97,1007.1,16.8,29,888,6,14.6,Cloudy,3340.0
4563,28,3,2021-02-23 01:52:09,9.7,56,904.8,40.1,121,5595,2,5.2,Rain,3961.0
4564,46,5,2019-01-23 02:39:49,5.6,68,986.9,52.0,201,5947,7,13.3,Fog,2576.0
4565,20,2,2018-01-21 13:42:00,29.9,77,975.6,66.9,140,4305,8,1.5,Rain,3124.0
4566,60,8,2023-01-02 19:21:36,16.4,97,990.0,50.7,151,8051,5,6.4,Cloudy,3627.0
4567,14,2,2021-01-25 18:41:26,12.8,67,956.7,76.5,71,6480,3,14.6,Thunderstorm,1836.0
4568,58,7,2023-01-11 20:13:21,29.7,70,967.1,21.6,182,8219,1,8.8,Fog,1394.0
4569,10,1,2023-03-08 15:09:53,18.8,57,951.9,71.3,56,670,3,-4.7,Thunderstorm,1513.0
4570,4,1,2018-07-20 23:30:30,6.5,42,929.3,40.4,179,9887,2,13.2,Cloudy,1453.0
4571,42,5,2024-05-24 21:20:01,10.0,43,985.5,51.7,112,975,5,13.3,Rain,4475.0
4572,32,3,2022-03-12 06:33:08,34.1,82,960.1,6.2,280,8537,8,4.0,Cloudy,4238.0
4573,21,2,2019-08-24 07:35:34,7.3,95,919.4,11.8,133,8933,6,2.8,Thunderstorm,4094.0
4574,55,7,2023-10-17 05:53:09,31.0,73,960.8,11.3,235,3695,0,10.4,Rain,4459.0
4575,28,3,2024-03-17 06:28:37,9.8,62,1007.9,60.5,290,7934,6,12.5,Fog,2613.0
4576,13,2,2018-04-04 19:02:38,10.7,81,1003.8,72.4,146,2125,7,5.1,Heavy Rain,1520.0
4577,36,4,2018-03-28 22:34:00,23.8,67,915.6,49.2,5,5982,5,12.6,Thunderstorm,2043.0
4578,6,1,2020-07-04 22:13:56,10.9,59,968.8,73.8,309,8040,2,8.5,Heavy Rain,3941.0
4579,20,2,2019-04-13 18:21:10,33.4,80,955.2,6.6,69,3650,3,13.2,Clear,1881.0
4580,9,1,2022-06-11 01:37:12,10.3,44,918.2,43.5,53,4967,1,-2.6,Clear,1734.0
4581,34,4,2022-10-29 17:55:09,19.4,58,962.9,61.6,250,5630,6,8.6,Fog,979.0
4582,23,3,2019-12-05 04:35:41,32.9,45,1008.9,49.1,346,8905,5,7.5,Fog,2941.0
4583,35,4,2019-04-01 11:04:16,6.1,80,950.3,4.0,197,8660,7,0.7,Thunderstorm,1244.0
4584,5,1,2018-05-31 17:13:54,30.8,96,952.4,55.1,75,6657,1,3.9,Rain,4492.0
4585,46,5,2018-07-01 07:05:45,7.4,45,997.1,19.5,314,5745,8,4.3,Thunderstorm,4295.0
4586,5,1,2023-09-20 05:51:39,25.9,74,938.1,32.0,313,1278,5,-4.1,Fog,1535.0
4587,26,3,2023-04-16 02:56:01,28.4,58,935.2,62.8,295,4896,2,-1.3,Rain,2578.0
4588,9,1,2020-05-29 04:47:55,22.5,67,960.8,71.6,12,8655,4,14.0,Cloudy,4412.0
4589,41,5,2024-12-17 16:52:15,28.4,65,918.8,19.5,120,3785,1,4.9,Rain,1909.0
4590,40,5,2022-01-02 02:38:24,12.5,46,976.3,11.3,192,3623,6,12.9,Clear,1698.0
4591,22,2,2018-03-13 10:57:47,29.0,69,932.8,11.3,257,5940,3,7.1,Rain,2393.0
4592,24,3,2023-04-02 03:10:18,30.7,87,984.0,0.6,105,6128,7,11.1,Clear,1994.0
4593,8,1,2018-01-13 18:16:19,18.1,53,994.1,43.4,103,9861,8,9.7,Fog,4484.0
4594,1,1,2018-12-29 19:15:20,9.9,62,921.3,71.5,289,5678,6,-0.6,Fog,4060.0
4595,26,3,2018-08-23 19:07:51,27.3,57,1002.6,75.9,126,3052,3,3.7,Thunderstorm,4343.0
4596,5,1,2021-11-19 18:06:24,17.3,66,1007.7,64.2,354,246,8,13.7,Clear,4295.0
4597,46,5,2020-09-29 10:26:07,32.2,97,986.3,17.5,250,523,1,-2.2,Fog,2473.0
4598,40,5,2019-04-17 22:27:28,9.9,55,987.1,3.2,286,5515,4,-0.8,Rain,3163.0
4599,2,1,2020-06-24 03:00:21,18.8,75,1010.2,48.9,222,440,7,8.6,Rain,1467.0
4600,20,2,2018-07-04 17:42:24,31.1,98,958.8,51.2,59,2737,6,1.9,Fog,1010.0
4601,30,3,2020-03-17 10:18:21,19.5,72,909.5,52.0,12,2207,7,1.2,Fog,2398.0
4602,57,7,2023-12-07 07:43:57,9.8,50,914.5,42.2,122,2373,7,2.5,Cloudy,3696.0
4603,41,5,2018-01-23 07:14:38,33.6,92,968.0,40.3,77,7708,3,0.9,Heavy Rain,2836.0
4604,11,1,2018-01-09 01:19:15,21.4,43,969.7,60.5,321,1900,6,1.6,Fog,2768.0
4605,47,6,2024-06-13 13:39:06,7.6,73,911.6,23.2,253,1819,0,-1.1,Fog,3900.0
4606,12,1,2018-06-19 18:25:12,6.9,97,953.0,39.9,327,971,8,7.8,Thunderstorm,1388.0
4607,54,6,2021-06-09 03:38:11,25.6,83,901.4,35.5,33,8177,1,-0.2,Cloudy,1145.0
4608,22,2,2019-12-02 09:43:23,20.8,68,990.7,34.8,207,5704,8,-1.2,Clear,999.0
4609,52,6,2021-02-08 12:45:46,23.2,66,982.1,65.5,167,8132,1,8.0,Clear,1321.0
4610,59,8,2021-12-11 15:30:15,27.6,59,1007.8,29.6,222,181,8,13.4,Rain,2781.0
4611,47,6,2024-04-29 16:25:04,14.4,48,1011.2,20.9,16,9632,4,-1.8,Rain,2915.0
4612,61,8,2021-05-23 17:39:36,9.4,54,954.2,20.3,109,5346,8,8.7,Fog,3019.0
4613,29,3,2024-12-31 11:43:31,17.0,76,1001.1,62.5,45,4883,1,-3.0,Thunderstorm,3785.0
4614,26,3,2019-04-04 23:56:26,18.7,99,950.2,18.0,33,1861,0,-0.1,Cloudy,1336.0
4615,15,2,2020-05-02 09:31:06,7.6,99,913.4,25.3,58,1525,0,-3.2,Fog,1947.0
4616,31,3,2022-04-09 00:28:15,6.8,53,902.7,46.9,330,4724,2,11.5,Heavy Rain,3188.0
4617,58,7,2021-06-02 10:24:40,31.1,66,904.9,41.9,152,5846,8,14.3,Fog,1767.0
4618,35,4,2023-10-14 16:10:34,18.3,89,1002.1,36.3,16,3544,5,6.2,Clear,1387.0
4619,40,5,2024-10-15 04:48:26,23.3,59,914.3,41.1,209,8987,1,-4.6,Clear,3951.0
4620,45,5,2021-10-27 09:11:12,23.7,87,999.7,31.7,41,3478,2,5.1,Thunderstorm,1338.0
4621,13,2,2022-10-26 17:09:13,29.3,54,986.9,18.9,326,2430,8,-1.4,Heavy Rain,1086.0
4622,7,1,2022-01-31 14:24:13,10.6,81,971.9,45.6,134,777,5,13.8,Cloudy,2446.0
4623,38,4,2022-11-09 10:43:55,29.6,55,987.1,43.7,72,8841,3,7.2,Cloudy,2875.0
4624,13,2,2018-06-14 15:58:48,24.6,48,944.0,32.9,296,376,6,-3.1,Fog,3037.0
4625,11,1,2019-08-22 07:53:13,22.8,73,938.1,2.7,299,1053,6,4.0,Fog,3319.0
4626,18,2,2024-06-12 06:03:27,15.5,47,957.4,57.1,165,4239,6,9.1,Heavy Rain,3614.0
4627,41,5,2021-12-04 18:16:52,27.2,41,962.4,45.8,66,2485,5,5.6,Fog,2714.0
4628,17,2,2021-07-31 00:20:09,19.5,65,991.1,44.6,51,9620,2,1.9,Thunderstorm,3069.0
4629,14,2,2020-09-18 10:21:21,20.2,63,974.5,17.4,333,9683,2,6.7,Thunderstorm,3521.0
4630,50,6,2023-04-05 01:39:03,14.7,62,929.6,32.1,342,9248,5,1.0,Clear,2237.0
4631,15,2,2019-10-08 23:55:10,23.3,47,956.6,43.6,286,5159,8,10.5,Fog,4118.0
4632,50,6,2024-03-23 17:37:32,34.7,71,950.5,76.8,122,420,1,11.2,Fog,3122.0
4633,11,1,2021-05-31 23:23:51,18.9,65,996.7,1.0,51,3384,1,11.4,Heavy Rain,3629.0
4634,16,2,2024-09-21 04:12:36,22.0,47,930.4,30.4,343,6711,1,0.7,Cloudy,3428.0
4635,27,3,2020-09-08 14:55:34,12.5,84,998.0,53.8,14,9060,7,-0.6,Heavy Rain,2992.0
4636,22,2,2024-08-25 21:22:12,13.5,44,986.6,25.7,44,6571,3,14.2,Rain,3755.0
4637,55,7,2019-05-03 04:58:13,27.7,95,980.3,33.9,112,3789,0,4.7,Clear,2629.0
4638,31,3,2019-09-29 18:02:38,32.0,99,970.9,63.6,13,2780,0,2.8,Fog,2503.0
4639,56,7,2022-02-08 15:10:05,7.1,59,1007.8,21.5,75,2175,2,9.7,Heavy Rain,1032.0
4640,1,1,2022-10-12 22:20:47,23.8,71,945.2,12.0,43,663,2,-1.7,Rain,1124.0
4641,9,1,2023-06-28 02:37:55,11.5,76,933.8,73.2,332,2024,4,7.2,Thunderstorm,3563.0
4642,51,6,2019-06-28 15:12:42,27.4,60,1004.2,62.3,154,7653,1,5.1,Rain,3078.0
4643,41,5,2020-10-25 16:41:27,34.4,75,963.1,7.6,272,1554,3,-1.2,Rain,3029.0
4644,39,4,2020-11-23 22:17:54,18.8,82,925.7,64.0,347,9023,8,-3.6,Thunderstorm,2083.0
4645,3,1,2018-03-29 11:15:27,13.0,49,930.4,0.6,180,4221,1,11.8,Rain,2880.0
4646,27,3,2021-05-22 20:06:52,32.8,78,927.0,52.7,286,3078,2,13.7,Heavy Rain,2406.0
4647,49,6,2024-08-24 20:42:33,25.0,81,919.3,22.1,108,2389,3,-2.5,Rain,1750.0
4648,47,6,2022-11-02 16:42:07,23.6,50,985.8,74.5,300,1542,0,13.6,Thunderstorm,1332.0
4649,8,1,2023-09-05 13:12:31,12.0,72,919.1,65.1,106,606,6,11.2,Clear,3873.0
4650,21,2,2018-05-17 10:34:57,14.6,72,907.6,72.0,324,7824,7,6.5,Fog,2184.0
4651,38,4,2021-05-11 03:19:09,12.5,60,917.7,30.0,309,2701,1,0.9,Heavy Rain,1632.0
4652,4,1,2024-06-25 12:55:16,29.1,77,944.3,29.8,324,9440,2,13.1,Rain,4041.0
4653,43,5,2023-11-19 19:50:14,26.9,80,953.9,11.5,10,6252,2,9.5,Cloudy,3382.0
4654,21,2,2023-10-15 15:04:19,31.9,90,929.0,29.7,307,7914,1,5.1,Clear,2453.0
4655,6,1,2019-12-08 17:10:08,27.9,81,953.4,68.9,300,1641,6,-4.8,Heavy Rain,2922.0
4656,58,7,2022-10-02 11:11:50,25.9,72,920.7,23.5,215,5046,7,0.7,Fog,2677.0
4657,15,2,2018-08-28 00:54:02,27.7,89,986.1,14.1,32,6740,7,7.5,Thunderstorm,3043.0
4658,4,1,2024-04-25 01:02:18,32.5,90,1006.4,0.6,205,7871,7,3.1,Heavy Rain,1251.0
4659,62,8,2021-09-27 15:55:50,31.0,60,957.4,63.1,269,3102,4,-2.8,Cloudy,3208.0
4660,62,8,2023-06-22 06:04:45,17.9,87,979.2,73.3,343,7223,3,9.5,Cloudy,1946.0
4661,43,5,2019-09-10 11:28:16,32.1,74,949.2,50.8,239,5973,1,14.6,Fog,2949.0
4662,2,1,2022-07-23 04:19:14,17.4,67,909.2,43.0,22,4538,6,8.1,Heavy Rain,1626.0
4663,54,6,2020-08-17 18:25:48,16.6,100,973.2,54.6,43,4141,5,6.3,Clear,3145.0
4664,8,1,2021-03-20 18:34:45,12.7,77,964.4,45.8,158,4676,2,11.8,Clear,1696.0
4665,11,1,2018-01-14 02:20:50,21.1,59,989.7,34.5,49,3831,8,10.4,Fog,2615.0
4666,44,5,2019-11-20 12:25:13,5.2,78,991.1,65.4,213,427,5,-1.6,Cloudy,3051.0
4667,58,7,2020-06-15 23:32:07,32.6,75,970.1,78.3,83,2787,3,9.4,Rain,2471.0
4668,23,3,2021-09-14 16:12:36,26.2,100,1012.8,63.9,48,6509,5,5.0,Heavy Rain,1940.0
4669,28,3,2018-02-19 19:20:19,21.4,63,948.3,12.6,185,3835,1,9.9,Fog,4042.0
4670,62,8,2020-07-06 15:33:14,28.7,90,910.0,43.8,292,2746,0,4.7,Clear,3792.0
4671,5,1,2023-12-02 01:05:09,34.9,82,923.3,19.5,299,3339,0,5.3,Rain,3707.0
4672,57,7,2022-05-12 20:53:18,27.6,41,987.0,2.2,96,7632,8,12.0,Rain,2874.0
4673,62,8,2019-05-22 12:33:39,30.0,98,926.5,13.7,338,5060,1,0.2,Thunderstorm,2985.0
4674,60,8,2018-10-13 15:01:31,7.6,62,975.0,31.1,244,5489,6,11.0,Fog,2348.0
4675,45,5,2023-04-23 10:34:21,20.8,93,954.9,74.6,240,723,4,12.0,Heavy Rain,1807.0
4676,16,2,2024-12-24 19:02:20,6.1,90,992.8,34.3,15,9112,2,-2.5,Clear,3371.0
4677,10,1,2024-06-04 22:05:52,24.6,54,914.3,7.2,224,7550,2,-3.1,Fog,2461.0
4678,58,7,2018-09-02 11:38:05,34.0,87,965.9,57.4,252,240,4,8.7,Rain,967.0
4679,57,7,2024-08-30 15:17:25,21.8,41,1009.8,14.3,88,3513,6,6.2,Rain,2720.0
4680,22,2,2019-08-14 06:52:10,14.0,62,978.9,64.4,323,3642,5,1.8,Fog,4403.0
4681,31,3,2023-03-31 22:33:18,7.3,78,904.6,10.5,166,9408,8,6.5,Cloudy,3918.0
4682,8,1,2021-10-11 13:11:14,21.0,69,902.5,9.5,352,2122,7,1.1,Clear,1208.0
4683,47,6,2023-12-08 03:08:46,28.8,57,937.9,35.4,212,467,7,13.2,Thunderstorm,4084.0
4684,24,3,2018-08-21 16:31:17,12.5,92,908.2,49.4,123,4211,8,4.6,Cloudy,2968.0
4685,8,1,2024-09-01 12:58:55,13.7,63,921.7,54.2,211,3227,8,-3.3,Rain,1616.0
4686,50,6,2019-07-13 09:06:23,28.1,97,967.7,49.1,69,2001,8,2.7,Heavy Rain,2451.0
4687,27,3,2021-08-25 06:47:43,11.5,95,915.1,46.9,200,4535,1,2.9,Clear,1252.0
4688,43,5,2019-02-10 17:26:56,25.4,51,1006.4,1.0,297,6285,5,-0.9,Heavy Rain,1945.0
4689,37,4,2019-05-02 16:16:32,15.3,64,908.5,53.9,252,6962,1,14.9,Rain,1187.0
4690,47,6,2024-08-16 00:48:54,22.9,54,917.4,67.3,346,5819,1,11.8,Heavy Rain,3701.0
4691,21,2,2020-01-02 22:57:19,14.1,83,973.1,56.4,237,7317,5,-4.1,Cloudy,2632.0
4692,23,3,2023-09-16 22:26:04,7.3,66,1010.8,25.3,351,5316,8,8.3,Fog,2838.0
4693,39,4,2023-11-07 11:44:02,9.9,81,1011.4,2.0,199,7282,7,13.6,Clear,1043.0
4694,37,4,2024-08-13 20:19:01,11.6,74,995.6,49.8,294,7649,8,3.4,Fog,1038.0
4695,4,1,2019-06-05 03:21:00,30.1,86,940.1,57.4,285,1962,1,-1.5,Heavy Rain,1779.0
4696,7,1,2020-01-14 05:57:21,28.7,77,988.5,49.0,314,8691,5,14.1,Thunderstorm,3143.0
4697,20,2,2024-10-09 07:56:59,25.0,68,982.8,41.5,216,1664,3,9.2,Cloudy,3969.0
4698,19,2,2024-11-02 12:43:06,22.6,42,950.3,79.4,235,8719,8,1.2,Thunderstorm,4282.0
4699,2,1,2023-01-25 22:18:08,24.4,76,937.2,32.8,26,9713,1,13.1,Cloudy,3552.0
4700,11,1,2018-05-24 23:03:41,5.1,65,927.2,58.0,147,5412,7,9.3,Thunderstorm,3937.0
4701,14,2,2018-06-29 20:33:05,24.9,54,904.3,52.7,344,9802,8,-0.5,Cloudy,1098.0
4702,12,1,2019-08-19 09:04:04,16.0,44,966.3,5.7,336,8098,6,-1.4,Clear,4249.0
4703,27,3,2023-07-21 10:11:17,34.6,64,979.2,67.1,214,6051,5,8.2,Cloudy,1534.0
4704,9,1,2024-10-03 04:33:06,32.7,88,935.6,67.5,30,7211,6,4.5,Rain,4320.0
4705,47,6,2021-05-23 01:21:18,27.6,92,933.8,16.2,149,2874,1,-0.8,Thunderstorm,3917.0
4706,11,1,2023-11-03 12:57:38,7.4,83,908.1,61.5,295,9868,7,5.7,Thunderstorm,2109.0
4707,1,1,2018-03-31 02:52:18,19.6,68,993.5,58.8,297,4320,7,4.8,Rain,1306.0
4708,46,5,2022-05-02 01:52:26,8.2,85,989.6,3.1,29,5145,6,-1.7,Thunderstorm,3503.0
4709,15,2,2024-11-13 04:14:03,25.9,96,954.0,12.9,53,8917,7,-0.6,Thunderstorm,3094.0
4710,58,7,2018-07-19 11:59:46,6.5,87,929.3,54.6,9,8348,5,8.4,Clear,4216.0
4711,26,3,2022-09-28 17:21:17,31.4,74,971.9,53.2,307,2914,1,6.7,Fog,3341.0
4712,2,1,2021-11-04 07:55:18,6.0,63,999.1,77.1,44,6848,3,6.9,Thunderstorm,2587.0
4713,62,8,2020-10-17 16:40:25,29.6,79,974.1,76.1,233,6067,6,14.3,Heavy Rain,1274.0
4714,33,4,2022-11-03 14:23:49,24.8,40,985.4,33.5,201,4643,7,11.7,Rain,1662.0
4715,7,1,2023-05-06 01:21:12,32.9,77,908.7,37.3,90,4251,1,9.1,Fog,3380.0
4716,35,4,2022-03-31 20:28:34,28.7,65,955.2,34.8,319,8322,8,6.1,Thunderstorm,3161.0
4717,39,4,2022-10-26 01:19:20,28.8,44,971.6,35.1,40,2033,7,-0.2,Heavy Rain,3184.0
4718,2,1,2023-05-10 01:59:28,20.0,100,919.8,54.5,214,2069,5,5.1,Fog,1535.0
4719,33,4,2018-07-04 03:19:36,26.2,60,978.7,44.5,321,3166,8,2.4,Clear,1569.0
4720,52,6,2022-09-28 14:03:45,24.4,89,985.2,9.2,167,4656,2,-1.3,Thunderstorm,4392.0
4721,9,1,2024-10-25 03:20:21,28.0,54,912.4,7.3,234,3119,1,13.8,Thunderstorm,3311.0
4722,35,4,2020-11-14 05:40:17,25.5,78,913.6,67.8,167,940,6,9.0,Clear,3918.0
4723,38,4,2018-09-08 00:55:51,31.1,63,985.1,51.3,46,3020,1,-0.9,Rain,2718.0
4724,48,6,2021-02-12 14:11:34,11.0,80,1000.5,3.3,42,6765,1,13.8,Heavy Rain,1876.0
4725,9,1,2024-03-19 16:45:45,33.0,40,935.5,22.3,76,5081,0,-1.8,Clear,1563.0
4726,14,2,2023-08-23 06:14:12,9.2,56,910.0,4.5,165,9397,8,-2.7,Thunderstorm,2763.0
4727,52,6,2019-07-28 11:04:28,34.1,87,906.5,15.7,104,6811,4,6.6,Cloudy,2634.0
4728,37,4,2021-04-02 16:31:51,32.6,97,953.5,20.6,292,7023,5,1.5,Rain,2944.0
4729,15,2,2023-03-29 05:32:22,25.2,42,963.8,37.0,227,6463,3,9.6,Rain,3904.0
4730,8,1,2022-03-17 09:39:41,32.6,80,931.0,50.6,269,265,3,11.3,Cloudy,2048.0
4731,47,6,2019-06-09 20:52:49,24.2,72,927.9,12.1,59,7184,0,9.7,Heavy Rain,4449.0
4732,36,4,2022-03-03 04:03:12,12.5,57,910.2,63.6,107,4706,2,-1.9,Heavy Rain,4029.0
4733,11,1,2021-05-29 15:47:53,16.1,93,988.7,19.5,74,1101,3,8.3,Clear,3830.0
4734,6,1,2020-04-30 11:48:11,11.1,58,977.1,46.6,156,9968,1,6.8,Rain,3465.0
4735,54,6,2020-01-29 19:12:26,11.9,62,961.1,11.8,298,4160,0,3.5,Thunderstorm,4165.0
4736,44,5,2022-11-11 19:02:57,19.7,61,945.6,47.5,169,5360,8,3.1,Thunderstorm,3727.0
4737,11,1,2019-07-20 04:05:24,16.2,64,963.8,47.7,107,8963,3,-1.2,Clear,1850.0
4738,62,8,2023-12-15 07:21:23,5.8,61,995.9,19.6,296,6186,7,3.0,Rain,4358.0
4739,35,4,2019-02-17 01:54:37,27.2,78,924.4,41.2,189,4371,3,13.5,Thunderstorm,4343.0
4740,23,3,2021-09-01 10:20:27,18.5,94,908.4,6.5,130,4017,4,10.7,Clear,3596.0
4741,46,5,2018-06-18 15:31:47,14.5,71,924.7,72.0,350,3434,3,-2.8,Rain,4372.0
4742,62,8,2021-09-07 04:51:35,16.1,69,991.4,27.5,145,4513,5,14.7,Rain,4019.0
4743,15,2,2019-04-04 02:39:01,21.5,54,991.3,62.4,38,462,3,1.3,Thunderstorm,3207.0
4744,37,4,2020-11-05 15:44:01,29.9,95,989.7,46.0,61,3010,5,-3.0,Rain,3853.0
4745,8,1,2019-08-05 06:57:02,18.1,57,912.5,9.2,62,8642,2,3.8,Clear,2315.0
4746,5,1,2021-11-24 04:24:20,5.9,80,922.7,16.5,115,5814,8,7.8,Heavy Rain,2801.0
4747,20,2,2018-11-23 20:23:50,9.0,47,946.6,23.5,30,6766,5,6.8,Heavy Rain,2764.0
4748,60,8,2018-07-26 12:53:35,32.8,96,910.3,18.9,339,5518,4,-0.3,Heavy Rain,3874.0
4749,27,3,2020-09-12 19:01:23,29.9,73,905.3,12.3,54,2713,7,14.1,Clear,3997.0
4750,32,3,2024-03-21 16:03:29,19.4,78,904.9,73.6,164,5316,0,13.7,Fog,1097.0
4751,16,2,2022-01-14 19:33:20,32.7,87,965.8,7.6,272,8472,2,12.2,Rain,2288.0
4752,16,2,2019-10-09 23:45:51,32.1,52,924.7,18.4,31,2166,0,7.3,Fog,2112.0
4753,59,8,2021-12-21 04:38:56,27.4,78,915.6,77.8,105,6002,0,10.1,Heavy Rain,4144.0
4754,43,5,2024-01-20 22:52:59,28.1,79,936.1,23.2,355,491,3,12.4,Fog,3987.0
4755,29,3,2021-03-13 23:39:15,13.1,60,943.3,8.1,214,3087,1,-3.6,Rain,2014.0
4756,57,7,2022-06-21 15:39:03,30.7,64,919.3,66.4,29,4252,5,-4.8,Thunderstorm,3280.0
4757,28,3,2024-12-02 13:20:43,26.8,46,1001.5,67.1,188,979,5,5.3,Clear,1131.0
4758,20,2,2018-10-20 00:27:22,33.0,82,959.7,35.0,34,9172,4,14.8,Rain,2372.0
4759,47,6,2020-12-06 04:37:19,6.5,64,938.1,34.0,130,6761,1,12.8,Thunderstorm,3018.0
4760,9,1,2020-12-29 23:31:28,23.9,62,991.4,57.5,4,9659,4,8.8,Rain,1628.0
4761,14,2,2021-08-24 16:04:47,8.4,90,925.9,78.5,4,1404,7,8.4,Clear,2571.0
4762,41,5,2021-12-20 12:58:22,29.1,82,991.3,44.3,313,3620,4,-2.1,Cloudy,3699.0
4763,30,3,2018-04-26 16:46:08,8.2,59,973.8,56.2,303,3928,7,8.0,Thunderstorm,3473.0
4764,24,3,2022-01-09 19:37:43,12.4,89,983.2,9.9,58,6097,7,9.1,Cloudy,3547.0
4765,24,3,2024-03-07 03:14:39,20.6,95,997.8,36.0,281,2925,8,-4.6,Fog,3717.0
4766,30,3,2020-04-30 08:55:45,33.1,80,987.5,67.5,23,4190,0,8.2,Clear,4280.0
4767,56,7,2018-04-14 15:41:55,12.5,100,1008.9,41.2,52,2825,5,6.6,Rain,1265.0
4768,48,6,2021-08-05 08:43:37,10.1,82,961.2,49.3,183,2973,0,-1.1,Cloudy,1243.0
4769,48,6,2020-10-31 20:25:08,17.4,72,1001.9,31.3,11,4406,3,-2.9,Heavy Rain,1947.0
4770,8,1,2023-03-17 05:23:51,32.3,52,1006.0,15.5,314,4328,0,13.4,Rain,1826.0
4771,62,8,2018-12-01 05:04:56,9.8,82,902.9,4.5,50,7800,4,2.0,Clear,2351.0
4772,8,1,2018-07-30 10:59:31,15.0,40,965.8,16.7,204,2163,6,3.7,Fog,4491.0
4773,43,5,2019-01-16 03:31:02,5.6,87,911.5,69.0,225,2224,4,5.2,Fog,2671.0
4774,61,8,2021-04-13 11:24:47,31.7,99,1004.2,32.5,208,4822,3,9.9,Rain,4294.0
4775,7,1,2024-07-20 10:01:19,32.6,70,958.4,12.9,250,6641,3,0.2,Thunderstorm,3946.0
4776,23,3,2019-04-05 22:40:40,13.5,84,986.5,63.9,355,1180,0,3.0,Thunderstorm,4148.0
4777,6,1,2024-05-02 23:31:06,31.2,50,907.1,51.3,129,3099,0,-3.7,Rain,4316.0
4778,48,6,2021-10-17 20:28:20,32.2,66,912.3,14.7,132,3209,1,-4.9,Thunderstorm,3808.0
4779,55,7,2019-12-23 18:50:23,29.2,91,991.3,59.2,135,5235,3,5.7,Rain,3018.0
4780,28,3,2020-02-03 04:11:41,21.5,59,913.0,41.8,334,1975,3,11.3,Clear,2356.0
4781,54,6,2019-08-12 16:26:50,12.9,52,958.9,73.1,34,330,7,11.2,Fog,2971.0
4782,5,1,2020-03-16 02:05:01,13.2,49,939.0,78.0,310,8263,3,-2.3,Fog,1508.0
4783,59,8,2019-10-20 18:26:43,28.3,46,941.2,24.6,204,8965,5,-3.3,Thunderstorm,3732.0
4784,58,7,2019-06-14 05:15:00,34.0,100,1001.0,37.3,230,4094,2,6.5,Clear,3430.0
4785,21,2,2020-11-07 11:36:32,8.2,51,974.6,24.8,343,2327,5,-4.0,Thunderstorm,4155.0
4786,2,1,2023-07-17 21:54:16,22.1,88,968.1,69.3,334,7298,7,13.3,Heavy Rain,1373.0
4787,22,2,2019-03-29 07:43:58,13.2,44,1004.9,46.4,131,1381,1,3.1,Thunderstorm,3274.0
4788,6,1,2019-12-01 16:21:39,18.1,64,956.6,0.3,24,5992,0,5.7,Cloudy,3033.0
4789,1,1,2021-06-13 05:29:40,22.9,81,926.8,40.7,220,7900,8,9.1,Clear,2958.0
4790,5,1,2021-06-18 00:36:21,34.8,70,938.9,0.9,4,1831,1,-2.4,Fog,1178.0
4791,61,8,2023-03-08 09:53:45,31.0,81,929.9,7.5,272,2762,3,-3.6,Heavy Rain,1041.0
4792,4,1,2022-04-27 11:35:18,33.1,48,933.0,51.6,36,6760,1,10.8,Heavy Rain,3192.0
4793,51,6,2023-09-09 16:50:57,22.9,46,985.1,64.7,110,1412,4,12.1,Fog,2994.0
4794,2,1,2020-05-24 00:53:22,11.3,65,907.4,70.0,215,2187,8,8.5,Rain,4226.0
4795,47,6,2024-07-25 22:06:28,17.3,57,960.6,30.3,128,2454,0,1.5,Clear,2334.0
4796,53,6,2023-01-24 18:06:46,12.3,94,927.8,2.5,90,3605,7,14.6,Cloudy,3631.0
4797,53,6,2022-03-10 05:42:55,24.2,42,977.4,50.3,175,6927,5,-3.8,Rain,1367.0
4798,14,2,2023-07-08 09:54:53,9.6,48,978.2,58.0,1,1288,1,-4.4,Rain,3112.0
4799,24,3,2019-12-10 21:27:25,5.9,51,1007.1,15.8,5,6477,3,9.2,Heavy Rain,3943.0
4800,54,6,2018-05-15 22:07:55,34.2,61,952.0,68.1,182,6762,5,-1.2,Fog,4129.0
4801,8,1,2018-11-19 08:09:45,6.9,70,902.6,10.8,59,4744,7,8.2,Thunderstorm,2126.0
4802,44,5,2024-04-11 17:05:43,9.9,84,917.1,44.1,322,5323,5,-3.6,Heavy Rain,4361.0
4803,58,7,2021-05-06 00:39:58,22.8,99,949.9,46.5,197,4660,5,4.3,Thunderstorm,3534.0
4804,14,2,2023-07-16 01:12:07,30.1,48,922.4,23.5,289,6940,6,4.9,Fog,3344.0
4805,4,1,2022-05-04 13:56:25,8.4,45,946.8,26.8,336,2689,1,14.7,Heavy Rain,3938.0
4806,56,7,2021-06-25 16:22:37,34.1,65,903.8,42.5,219,2026,8,7.9,Heavy Rain,1483.0
4807,43,5,2020-09-19 22:56:45,22.3,78,987.9,6.3,336,7408,0,8.4,Cloudy,3323.0
4808,32,3,2024-01-21 06:09:56,30.9,55,970.1,10.9,217,3299,3,-0.5,Clear,4028.0
4809,16,2,2019-12-06 10:16:57,6.0,92,980.5,67.1,67,9515,3,14.7,Heavy Rain,3293.0
4810,59,8,2020-10-11 17:24:25,33.0,83,923.3,56.9,25,5637,6,9.1,Thunderstorm,4434.0
4811,23,3,2021-10-04 21:03:09,8.0,72,997.0,54.0,150,3292,0,-1.8,Thunderstorm,1170.0
4812,14,2,2021-11-07 02:57:24,10.5,74,980.1,0.7,220,8339,8,0.2,Heavy Rain,1525.0
4813,11,1,2018-07-11 04:45:27,17.1,71,924.5,56.4,247,1443,6,11.6,Heavy Rain,3701.0
4814,41,5,2024-05-27 16:17:56,18.8,72,986.1,23.9,198,720,5,6.7,Thunderstorm,2366.0
4815,10,1,2019-12-10 17:52:12,23.0,72,919.4,65.6,253,8125,7,2.1,Rain,2014.0
4816,49,6,2023-12-19 13:08:04,20.4,60,997.3,38.1,35,1416,4,2.9,Rain,2401.0
4817,37,4,2023-08-16 06:36:34,28.9,45,1005.1,11.1,359,8152,7,1.8,Heavy Rain,4368.0
4818,44,5,2020-11-27 16:39:20,5.4,66,910.5,28.9,143,6925,7,5.1,Thunderstorm,1034.0
4819,49,6,2022-07-12 09:43:56,17.3,82,970.4,51.6,290,8122,8,-4.3,Fog,2533.0
4820,47,6,2021-09-17 15:41:57,24.4,90,923.4,43.8,333,2696,0,8.8,Fog,2360.0
4821,37,4,2024-01-03 20:33:00,14.3,61,926.7,37.7,201,5021,0,3.6,Heavy Rain,1603.0
4822,26,3,2020-06-08 02:39:51,28.3,82,905.3,22.8,147,6387,7,2.7,Clear,2942.0
4823,60,8,2021-01-09 15:07:06,5.3,84,1012.8,63.0,210,5760,4,-3.7,Rain,3962.0
4824,10,1,2018-10-24 06:49:44,7.2,76,904.5,7.2,70,457,8,9.3,Clear,1602.0
4825,53,6,2018-05-20 15:16:14,5.0,52,922.3,32.2,45,9054,1,-3.5,Thunderstorm,1824.0
4826,24,3,2019-01-03 22:07:13,24.0,76,950.6,79.1,232,4233,2,12.4,Heavy Rain,3983.0
4827,19,2,2021-05-28 15:57:37,33.7,75,981.0,79.5,106,5968,6,8.5,Fog,2983.0
4828,4,1,2022-01-04 17:44:49,28.9,80,975.9,7.2,134,3312,0,-2.8,Thunderstorm,3127.0
4829,20,2,2018-08-09 23:31:49,28.9,64,1006.8,1.5,330,7427,5,-3.4,Rain,3165.0
4830,33,4,2021-03-11 00:00:57,25.6,60,992.5,74.7,19,7430,1,-2.1,Thunderstorm,3628.0
4831,24,3,2023-12-24 05:26:08,10.5,51,966.6,21.5,1,2825,7,15.0,Rain,3684.0
4832,27,3,2022-08-06 19:14:34,21.9,48,976.2,33.5,216,3919,8,13.1,Clear,4302.0
4833,30,3,2020-12-01 05:00:17,30.8,76,943.4,58.6,22,5368,7,-0.9,Fog,2889.0
4834,41,5,2020-04-24 11:49:53,33.5,77,988.0,52.4,88,9792,8,5.6,Thunderstorm,1091.0
4835,1,1,2018-06-13 19:54:11,5.3,84,993.2,68.4,359,9479,3,-3.4,Cloudy,915.0
4836,5,1,2021-12-02 07:15:18,34.5,87,915.0,58.8,143,2894,2,-1.8,Thunderstorm,3080.0
4837,28,3,2024-03-27 20:11:02,32.8,70,952.2,27.5,262,7883,3,0.4,Cloudy,2977.0
4838,42,5,2020-11-28 23:24:32,7.1,89,995.8,7.5,227,6052,7,-2.4,Fog,1467.0
4839,6,1,2021-09-26 09:36:49,16.1,48,988.6,6.0,55,4574,3,11.9,Clear,1919.0
4840,13,2,2018-12-30 14:33:32,11.5,65,946.0,21.0,237,6003,8,7.6,Heavy Rain,4312.0
4841,15,2,2022-07-23 05:05:55,13.1,69,920.8,35.7,39,8243,3,11.7,Clear,3508.0
4842,33,4,2022-06-09 10:33:33,12.2,69,953.2,66.4,212,8049,5,5.7,Heavy Rain,2992.0
4843,32,3,2019-08-13 05:49:20,25.5,48,974.1,71.1,108,1536,5,-0.0,Cloudy,1019.0
4844,37,4,2021-02-02 12:57:13,20.0,92,970.4,28.7,255,9665,5,0.2,Cloudy,4246.0
4845,36,4,2020-06-08 00:46:13,32.5,96,910.8,20.9,79,7395,1,3.4,Rain,3061.0
4846,19,2,2020-01-18 00:38:31,10.4,50,966.4,32.2,344,3949,7,13.5,Rain,2314.0
4847,40,5,2019-10-11 01:30:07,9.3,56,1008.0,37.9,132,2131,4,8.6,Fog,934.0
4848,44,5,2022-05-13 07:32:55,11.2,96,933.1,69.0,171,2895,0,0.7,Thunderstorm,2668.0
4849,40,5,2019-04-10 23:39:59,17.0,43,1002.7,72.9,201,6141,8,2.0,Fog,3773.0
4850,1,1,2019-12-06 08:09:09,5.0,92,929.2,67.8,93,180,3,1.3,Cloudy,2647.0
4851,53,6,2021-02-10 14:54:04,30.5,99,940.2,4.6,221,1304,2,6.3,Rain,3922.0
4852,48,6,2020-01-28 23:54:57,6.7,99,931.3,79.5,10,2895,8,3.7,Cloudy,1046.0
4853,34,4,2018-08-27 06:20:37,32.2,42,941.5,75.2,146,5251,6,2.8,Fog,1959.0
4854,41,5,2018-07-15 15:15:25,26.6,82,962.6,59.5,298,377,8,14.6,Fog,3591.0
4855,52,6,2020-08-11 17:20:31,31.1,51,1009.4,31.7,187,2408,3,11.9,Thunderstorm,2439.0
4856,22,2,2019-08-02 12:03:53,7.6,55,964.8,16.0,183,5620,0,-5.0,Heavy Rain,2939.0
4857,10,1,2024-10-31 00:45:35,8.9,93,936.6,60.2,289,8408,4,-4.3,Fog,3612.0
4858,43,5,2022-07-01 08:32:25,30.2,96,946.0,2.7,287,1483,8,-3.4,Fog,1273.0
4859,27,3,2019-07-26 15:04:10,31.6,79,951.4,19.9,199,6108,8,-3.9,Cloudy,1027.0
4860,51,6,2024-12-14 23:09:45,31.8,82,1011.5,76.7,26,1796,6,-2.8,Fog,1388.0
4861,32,3,2020-04-17 22:16:12,28.8,87,978.9,20.9,321,2477,3,9.3,Heavy Rain,4462.0
4862,52,6,2023-10-13 12:14:37,21.2,52,961.8,20.4,54,9317,8,9.4,Fog,2777.0
4863,60,8,2024-06-14 23:09:45,17.3,57,973.4,76.5,139,3511,3,-4.0,Rain,3703.0
4864,30,3,2019-11-07 10:45:45,14.4,46,1001.5,35.3,95,411,7,8.1,Heavy Rain,3740.0
4865,16,2,2019-08-03 09:58:57,5.6,42,952.8,22.1,92,6019,7,7.8,Fog,1004.0
4866,2,1,2023-07-03 23:32:20,15.8,79,1006.8,56.2,314,2973,7,12.7,Thunderstorm,4228.0
4867,37,4,2022-04-18 15:21:54,26.1,85,920.3,56.9,266,727,5,11.4,Rain,1731.0
4868,20,2,2019-04-16 02:46:15,8.3,54,903.2,73.4,1,2571,6,8.6,Cloudy,903.0
4869,31,3,2022-10-15 20:13:11,19.4,42,974.5,31.3,309,1512,7,-1.0,Thunderstorm,2911.0
4870,25,3,2024-05-05 21:19:25,7.1,51,954.0,33.0,260,5549,7,-0.9,Heavy Rain,4475.0
4871,23,3,2021-05-11 10:19:08,8.8,52,950.9,7.3,11,3393,5,-1.0,Fog,1969.0
4872,6,1,2019-11-14 11:11:27,15.4,72,902.9,50.4,106,5345,2,6.5,Fog,1256.0
4873,54,6,2021-07-01 02:14:38,11.8,92,958.7,8.5,182,2613,5,11.5,Thunderstorm,2019.0
4874,39,4,2018-09-02 15:25:10,8.9,92,973.7,32.6,123,3561,0,14.4,Fog,4467.0
4875,55,7,2024-01-24 11:57:23,22.5,83,908.0,56.3,85,7070,8,-3.2,Fog,2278.0
4876,10,1,2022-08-11 02:22:49,28.8,73,911.7,53.2,219,4602,7,5.6,Heavy Rain,3483.0
4877,16,2,2021-04-02 18:29:58,33.7,59,939.3,73.5,341,1119,3,-1.0,Rain,4092.0
4878,51,6,2023-02-02 05:00:27,20.4,45,946.5,59.8,222,1888,6,3.2,Thunderstorm,4081.0
4879,27,3,2018-12-06 23:32:11,26.1,89,924.1,67.0,211,5088,5,4.0,Heavy Rain,3762.0
4880,44,5,2021-11-15 10:49:12,14.9,87,979.8,1.1,118,3669,2,4.9,Heavy Rain,1709.0
4881,18,2,2019-06-23 23:34:12,5.1,91,979.6,16.9,165,7581,7,9.6,Heavy Rain,2018.0
4882,53,6,2023-07-29 23:48:47,24.3,90,977.1,28.3,142,7837,3,6.9,Thunderstorm,1163.0
4883,15,2,2019-08-09 18:31:36,31.6,80,956.4,60.2,77,2053,3,3.5,Thunderstorm,2846.0
4884,49,6,2023-10-26 13:19:23,29.7,60,977.6,26.7,131,8322,4,9.6,Heavy Rain,2299.0
4885,56,7,2022-09-29 03:22:38,20.7,92,1012.3,61.0,83,9533,8,14.5,Rain,971.0
4886,46,5,2018-11-16 04:06:37,25.5,50,980.1,69.2,170,548,7,11.4,Cloudy,2657.0
4887,30,3,2021-12-14 09:44:16,28.4,96,977.5,37.4,183,5903,0,10.6,Clear,3583.0
4888,59,8,2024-04-12 23:16:10,17.1,50,953.4,33.9,323,2913,5,5.7,Fog,3779.0
4889,52,6,2023-10-19 04:55:25,29.5,77,960.4,79.5,324,7230,4,8.8,Clear,1062.0
4890,15,2,2018-01-18 04:28:18,34.7,50,909.3,13.2,81,3904,7,5.1,Fog,1982.0
4891,24,3,2019-05-21 08:40:18,11.4,89,957.1,30.0,301,9639,5,1.7,Clear,2440.0
4892,23,3,2018-10-15 16:15:17,25.0,70,949.2,55.2,182,9915,1,7.4,Fog,2132.0
4893,45,5,2018-05-21 12:00:16,16.6,98,946.9,49.3,157,1063,0,3.4,Fog,1037.0
4894,32,3,2023-12-28 16:58:04,30.2,63,938.5,63.7,227,5810,5,-1.7,Clear,1972.0
4895,34,4,2023-05-13 05:13:44,20.5,75,1008.1,74.2,308,1203,4,5.4,Heavy Rain,1042.0
4896,6,1,2020-12-15 21:27:36,33.1,40,973.7,13.6,82,9941,1,10.7,Clear,2921.0
4897,22,2,2021-08-08 14:01:26,9.8,69,1003.1,21.5,98,7440,3,3.6,Clear,3201.0
4898,35,4,2023-03-01 00:47:24,24.0,74,922.4,74.0,254,2944,3,-4.1,Clear,3182.0
4899,62,8,2022-09-27 12:23:53,21.5,97,962.2,24.1,11,7342,3,11.9,Cloudy,1795.0
4900,43,5,2019-06-08 13:06:56,24.3,56,1007.5,4.2,244,1884,4,13.7,Cloudy,3763.0
4901,13,2,2024-11-05 04:43:22,13.4,75,968.3,37.3,250,6662,1,13.4,Thunderstorm,4339.0
4902,18,2,2019-07-30 00:00:23,7.9,89,921.9,0.9,322,4344,6,3.1,Fog,1666.0
4903,13,2,2023-04-26 01:55:51,12.7,80,962.5,76.2,182,1239,5,14.5,Heavy Rain,3682.0
4904,28,3,2020-07-26 19:20:21,9.3,72,901.0,56.5,297,5515,3,2.8,Rain,1013.0
4905,40,5,2021-11-17 12:26:25,11.5,94,973.4,58.8,73,6294,7,-4.2,Fog,2555.0
4906,53,6,2020-09-12 09:49:06,24.5,40,908.8,14.7,141,6728,2,2.6,Fog,4132.0
4907,58,7,2018-11-19 04:12:11,21.6,88,1011.9,47.4,277,7143,5,8.2,Cloudy,4366.0
4908,47,6,2024-05-05 02:56:57,18.9,88,940.6,70.3,175,6817,3,11.4,Clear,2558.0
4909,39,4,2022-11-16 09:41:55,21.1,80,934.9,56.5,236,6415,8,6.1,Fog,2182.0
4910,57,7,2018-01-30 19:37:03,15.7,97,1003.0,7.1,64,234,5,9.7,Cloudy,3898.0
4911,51,6,2021-07-11 20:47:04,7.9,78,985.9,32.2,30,3862,6,7.1,Cloudy,2476.0
4912,24,3,2018-10-13 06:49:30,15.4,100,1009.8,41.3,319,3073,2,12.2,Cloudy,2372.0
4913,44,5,2021-06-29 19:58:30,18.8,98,967.4,53.5,202,5584,1,5.8,Rain,1670.0
4914,26,3,2022-01-04 21:02:55,28.9,69,969.7,1.0,248,4257,7,3.0,Thunderstorm,3446.0
4915,49,6,2022-07-23 00:04:53,27.8,73,926.0,29.3,251,5949,1,11.5,Thunderstorm,1569.0
4916,52,6,2022-07-12 03:05:57,32.0,66,1004.7,21.4,144,3524,0,5.3,Clear,1059.0
4917,26,3,2018-09-20 04:42:46,11.8,87,999.0,24.1,327,6250,2,-1.4,Fog,1047.0
4918,36,4,2022-11-25 17:50:10,18.9,52,902.1,48.3,17,7713,3,11.1,Clear,1429.0
4919,38,4,2019-06-15 22:21:17,29.1,62,925.8,58.5,157,811,0,7.5,Fog,4094.0
4920,11,1,2021-10-01 12:48:15,23.0,41,981.3,76.6,109,3604,6,0.7,Heavy Rain,4037.0
4921,13,2,2023-08-09 16:23:46,7.1,75,1006.6,26.9,116,7896,3,11.8,Thunderstorm,3714.0
4922,29,3,2020-11-06 23:58:59,17.7,42,901.3,2.3,315,2911,7,10.8,Thunderstorm,1515.0
4923,59,8,2022-09-14 11:19:15,13.2,99,963.0,66.4,230,2333,6,8.0,Fog,2959.0
4924,36,4,2018-09-19 08:43:34,19.1,64,979.6,35.9,266,6833,4,9.3,Fog,2654.0
4925,40,5,2023-04-03 09:22:30,21.9,42,964.4,5.3,62,568,7,12.5,Fog,2136.0
4926,28,3,2021-01-26 14:32:38,34.9,71,927.1,5.6,185,2552,5,11.6,Clear,1847.0
4927,37,4,2018-10-09 01:35:53,18.9,49,968.6,43.5,243,9512,7,0.3,Fog,4264.0
4928,5,1,2020-10-26 06:46:09,18.2,49,900.9,2.9,268,4396,6,9.9,Cloudy,3612.0
4929,16,2,2024-05-06 12:13:40,33.5,93,943.8,4.7,191,7476,4,-3.3,Clear,3047.0
4930,8,1,2018-10-11 18:38:02,15.8,56,928.9,19.8,176,1730,7,13.7,Fog,1060.0
4931,34,4,2018-12-30 18:04:30,12.8,62,1002.7,29.4,254,6669,6,-3.5,Fog,1422.0
4932,1,1,2019-01-02 08:02:58,25.4,43,973.6,18.9,247,5823,7,12.0,Clear,2536.0
4933,51,6,2021-09-11 11:52:19,32.1,93,984.9,15.2,0,9452,4,9.3,Clear,1643.0
4934,48,6,2021-06-17 02:54:08,14.5,49,996.1,51.7,61,5398,8,9.2,Thunderstorm,3230.0
4935,62,8,2024-12-26 09:25:18,9.7,82,1001.2,24.0,128,7589,7,9.9,Cloudy,3332.0
4936,9,1,2021-07-17 19:12:27,28.8,71,963.7,11.4,219,7240,4,7.5,Thunderstorm,2809.0
4937,29,3,2022-02-15 08:22:35,7.1,92,964.9,1.2,42,9480,4,11.4,Heavy Rain,4052.0
4938,23,3,2021-11-11 15:03:13,7.8,40,970.8,14.7,162,2366,1,4.3,Cloudy,1104.0
4939,57,7,2019-10-19 19:51:19,6.3,71,950.2,40.5,110,8221,5,13.6,Cloudy,2381.0
4940,30,3,2024-12-04 18:21:51,22.3,57,903.7,20.7,238,7433,4,7.6,Thunderstorm,4032.0
4941,11,1,2020-10-08 11:52:16,12.7,74,971.0,70.2,308,5241,0,10.7,Thunderstorm,4391.0
4942,40,5,2021-04-12 03:38:59,22.6,84,967.0,0.7,290,2065,0,3.1,Heavy Rain,4316.0
4943,35,4,2020-01-10 09:37:02,21.0,52,920.3,56.0,324,3112,2,1.1,Heavy Rain,4366.0
4944,1,1,2019-01-19 19:57:25,22.3,95,905.7,35.0,319,3132,1,12.3,Cloudy,2509.0
4945,43,5,2023-03-08 20:55:48,12.6,55,937.5,53.2,302,2157,8,8.4,Clear,4031.0
4946,60,8,2023-07-28 06:38:58,12.7,99,904.2,50.7,280,9586,1,9.7,Heavy Rain,2873.0
4947,39,4,2018-03-27 00:59:04,8.4,66,936.2,23.5,163,1090,1,10.7,Fog,2468.0
4948,61,8,2018-10-08 15:06:09,14.1,43,1011.9,22.8,157,2870,8,1.1,Rain,2135.0
4949,9,1,2021-05-31 00:44:32,33.7,42,922.8,67.2,23,6394,4,14.2,Fog,1536.0
4950,44,5,2023-03-09 22:42:50,11.6,65,1006.8,73.7,316,8259,6,1.8,Fog,4361.0
4951,12,1,2022-11-23 06:15:39,24.8,95,976.9,28.3,92,5888,3,11.1,Thunderstorm,3581.0
4952,36,4,2024-05-26 21:37:01,27.8,81,936.7,2.7,291,679,1,5.1,Rain,3916.0
4953,36,4,2018-04-24 09:51:31,10.3,97,995.0,39.5,150,2861,0,-0.7,Clear,1745.0
4954,43,5,2022-06-01 16:29:51,11.0,64,976.3,20.1,338,7636,5,9.2,Cloudy,1892.0
4955,43,5,2018-10-02 03:36:40,29.1,68,941.9,25.0,150,1630,6,12.0,Rain,3524.0
4956,52,6,2022-08-10 01:18:00,34.9,94,957.3,64.0,301,9885,7,-1.9,Heavy Rain,1227.0
4957,22,2,2019-05-13 17:24:27,13.6,87,1001.8,38.0,192,4325,8,11.1,Cloudy,1510.0
4958,20,2,2022-10-31 12:46:39,7.1,98,1011.6,49.5,186,8721,8,-3.5,Rain,1461.0
4959,3,1,2022-09-11 23:52:16,6.4,42,904.5,60.2,181,3762,2,5.0,Rain,2932.0
4960,28,3,2021-07-14 22:02:26,24.0,80,979.9,31.9,84,9606,6,13.7,Heavy Rain,1971.0
4961,42,5,2018-05-04 21:17:00,34.4,52,960.1,66.9,236,6556,2,2.7,Rain,3921.0
4962,39,4,2022-04-12 14:10:31,28.5,70,947.4,73.5,297,1371,5,7.7,Thunderstorm,3181.0
4963,8,1,2021-03-24 14:45:12,9.6,60,955.7,29.0,18,8875,5,8.3,Heavy Rain,3740.0
4964,56,7,2023-04-17 05:36:58,15.0,58,1010.4,15.3,256,619,1,-3.0,Clear,1537.0
4965,21,2,2022-10-26 01:41:47,9.5,57,920.6,67.0,347,1733,0,5.4,Fog,4286.0
4966,4,1,2022-12-25 20:07:22,32.6,57,935.2,54.2,187,5561,2,10.0,Rain,4486.0
4967,29,3,2019-01-28 15:16:14,28.2,85,997.5,24.4,353,7241,1,1.7,Thunderstorm,3079.0
4968,14,2,2019-09-09 02:15:50,28.3,52,907.6,0.1,317,486,5,2.5,Clear,3075.0
4969,57,7,2020-07-10 14:10:40,32.8,90,1010.4,66.4,219,8698,7,9.4,Thunderstorm,3240.0
4970,43,5,2024-10-30 07:40:47,5.6,94,980.7,39.6,202,6625,5,7.5,Heavy Rain,2823.0
4971,20,2,2024-12-09 05:45:13,15.1,66,943.4,28.8,203,6019,5,14.0,Cloudy,2793.0
4972,6,1,2021-09-25 14:23:38,15.7,98,977.6,58.7,233,2167,7,14.3,Heavy Rain,1874.0
4973,15,2,2019-12-04 16:48:51,15.0,67,958.5,73.7,229,8063,5,-3.9,Rain,3777.0
4974,9,1,2024-05-17 00:56:08,9.3,65,910.7,72.9,137,521,5,0.2,Rain,3897.0
4975,49,6,2024-08-21 17:15:28,34.1,57,1000.1,38.0,29,9124,8,1.3,Fog,1499.0
4976,30,3,2023-05-12 09:04:40,32.0,82,969.1,61.1,146,8832,7,14.2,Heavy Rain,2614.0
4977,16,2,2020-08-21 09:16:21,34.0,50,933.3,10.1,190,7468,2,3.1,Cloudy,4329.0
4978,61,8,2021-01-01 15:48:11,27.1,58,993.8,63.9,264,4518,7,0.5,Cloudy,2304.0
4979,9,1,2023-09-18 13:53:52,6.9,86,1009.9,66.5,286,7440,6,3.8,Thunderstorm,2972.0
4980,57,7,2023-03-24 05:46:54,10.0,73,938.0,68.0,117,1077,5,9.0,Rain,2865.0
4981,43,5,2023-07-08 15:32:28,32.1,85,937.2,58.8,341,6893,8,8.8,Fog,2850.0
4982,17,2,2020-06-19 09:12:57,22.4,100,1004.8,17.7,336,3705,4,12.9,Rain,2413.0
4983,55,7,2023-08-30 13:18:54,23.3,43,990.1,61.4,170,9074,2,3.8,Heavy Rain,2427.0
4984,28,3,2023-06-02 04:03:01,21.2,84,923.3,34.7,81,9583,5,5.2,Clear,2070.0
4985,13,2,2020-01-20 16:07:18,5.5,50,964.3,65.5,317,9179,6,3.5,Fog,4140.0
4986,36,4,2018-11-07 09:02:23,15.6,83,933.7,37.3,74,8239,5,-2.9,Heavy Rain,4342.0
4987,47,6,2018-08-26 06:43:52,19.9,98,962.9,35.9,55,9807,0,7.1,Thunderstorm,3006.0
4988,9,1,2024-07-10 03:22:51,15.3,69,978.1,13.8,357,9338,1,-3.6,Cloudy,4367.0
4989,59,8,2024-12-15 09:10:39,15.6,77,915.3,57.4,219,243,4,1.2,Thunderstorm,4189.0
4990,23,3,2018-04-25 13:53:47,9.0,80,1003.8,25.5,92,6184,4,10.4,Cloudy,2157.0
4991,36,4,2020-04-20 05:59:15,28.9,57,944.0,79.9,322,3463,5,12.5,Thunderstorm,2866.0
4992,46,5,2024-12-23 06:39:28,8.7,80,993.9,73.4,187,6579,0,5.3,Clear,2996.0
4993,12,1,2021-04-26 18:13:59,7.8,99,969.1,37.5,332,1810,6,11.6,Cloudy,954.0
4994,16,2,2020-06-26 11:00:35,14.9,49,932.5,13.6,219,1415,5,11.6,Fog,1777.0
4995,37,4,2018-04-02 07:08:48,30.2,96,938.6,33.1,206,4887,2,-4.5,Cloudy,3872.0
4996,32,3,2023-05-25 22:51:23,27.1,62,995.1,62.8,9,4698,6,-2.4,Heavy Rain,3666.0
4997,43,5,2019-08-21 16:28:07,34.8,77,974.9,75.3,194,5632,2,9.9,Thunderstorm,2340.0
4998,7,1,2022-02-20 08:46:36,30.2,98,969.2,16.6,73,8134,6,12.4,Fog,3158.0
4999,10,1,2021-07-27 03:28:06,21.5,70,941.6,5.5,236,3018,6,10.0,Clear,1801.0
5000,15,2,2021-10-07 16:38:46,12.7,70,901.0,37.4,281,1334,4,9.8,Thunderstorm,3808.0
